aVF,aVL,aVR,I,II,III,V1,V2,V3,V4,V5,V6
0,0,0,0,0,0,0,0,0,0,0,0
11,3,-15,12,17,4,5,6,4,-2,5,6
22,0,-23,15,29,14,10,13,6,-15,10,9
38,-7,-31,15,44,29,19,23,14,-29,18,12
68,-22,-46,16,74,59,30,41,30,-40,32,21
110,-47,-61,10,112,104,39,62,49,-59,50,28
157,-83,-71,-6,148,159,47,85,66,-90,70,35
210,-125,-79,-29,188,222,53,117,85,-127,98,42
275,-171,-97,-47,242,297,63,163,114,-157,138,52
354,-225,-120,-66,309,386,76,218,153,-190,185,76
436,-290,-137,-97,373,484,88,279,195,-229,235,111
518,-361,-147,-137,435,588,97,342,235,-276,289,155
596,-441,-145,-190,485,694,102,401,270,-332,344,197
684,-519,-157,-233,550,806,112,469,308,-383,411,247
764,-603,-155,-290,602,918,116,532,342,-437,473,294
837,-688,-145,-353,644,1025,116,587,370,-489,533,339
903,-767,-135,-412,681,1124,119,641,397,-530,593,382
969,-835,-137,-455,727,1216,125,699,430,-555,658,429
1024,-899,-131,-503,761,1297,128,748,461,-577,719,477
1069,-952,-129,-540,791,1365,131,790,489,-592,779,523
1114,-997,-134,-568,826,1427,133,831,520,-601,837,569
1144,-1039,-127,-601,844,1477,131,862,542,-607,884,604
1167,-1068,-125,-624,860,1513,129,888,563,-602,926,635
1178,-1085,-123,-638,868,1532,128,905,582,-592,960,660
1174,-1092,-115,-650,863,1534,126,911,595,-577,984,679
1158,-1085,-108,-652,851,1519,124,911,600,-556,999,694
1136,-1066,-107,-642,839,1490,123,904,602,-529,1008,704
1106,-1037,-106,-626,821,1448,120,885,598,-505,1008,707
1063,-1004,-95,-614,788,1395,110,851,584,-487,992,700
1010,-965,-79,-600,745,1330,93,803,558,-472,963,680
950,-915,-66,-577,699,1253,78,750,527,-453,925,654
886,-857,-57,-546,654,1167,66,690,491,-433,881,627
826,-788,-61,-498,619,1076,59,627,454,-407,837,600
753,-720,-50,-461,566,977,46,555,407,-388,786,565
683,-645,-50,-412,521,875,38,486,362,-363,733,530
620,-567,-59,-355,486,776,35,422,320,-336,681,494
563,-494,-68,-300,454,685,34,362,278,-312,626,457
506,-431,-66,-260,415,600,27,302,235,-300,568,419
454,-369,-70,-216,381,520,20,248,193,-294,513,384
406,-317,-69,-181,347,450,10,197,150,-295,459,352
361,-275,-60,-158,309,390,-3,148,103,-303,404,318
332,-240,-61,-133,287,345,-13,107,64,-317,357,288
305,-219,-50,-125,258,311,-26,67,25,-344,313,254
284,-207,-38,-123,232,289,-38,32,-13,-376,273,224
277,-201,-34,-121,220,282,-44,9,-38,-400,243,201
278,-206,-29,-126,213,288,-48,-4,-55,-422,220,181
282,-222,-17,-142,203,304,-51,-8,-70,-446,203,164
292,-246,-4,-165,196,330,-47,-4,-78,-468,194,152
319,-276,-3,-183,208,372,-34,15,-71,-482,200,150
364,-314,-14,-199,241,433,-20,46,-49,-488,222,161
420,-363,-25,-222,280,508,-7,83,-20,-495,254,178
475,-418,-30,-253,315,588,4,124,10,-512,290,197
523,-480,-23,-297,338,668,9,165,37,-539,326,212
583,-540,-30,-330,380,755,18,215,73,-564,371,237
641,-606,-29,-374,414,844,25,265,112,-593,416,260
690,-675,-17,-427,437,929,28,311,148,-624,455,281
737,-739,-9,-474,462,1010,32,355,183,-649,494,303
793,-797,-13,-509,501,1092,42,404,223,-662,539,328
843,-856,-11,-550,535,1171,48,447,258,-673,582,353
888,-905,-14,-580,568,1237,52,483,290,-682,622,376
930,-946,-20,-604,602,1296,58,517,323,-691,661,403
956,-982,-15,-632,619,1340,61,544,348,-700,690,425
973,-1003,-15,-646,635,1366,62,566,371,-698,715,448
981,-1012,-17,-652,646,1378,58,580,388,-695,736,467
973,-1014,-9,-660,641,1372,50,584,397,-691,748,481
955,-1006,1,-663,627,1352,43,585,403,-679,757,492
936,-991,6,-657,617,1325,39,583,408,-662,764,503
911,-966,9,-645,604,1287,35,573,407,-652,764,512
872,-937,22,-635,576,1235,26,549,394,-651,750,512
823,-904,43,-629,535,1173,12,514,373,-651,726,504
770,-863,61,-615,494,1102,-1,476,348,-647,696,492
715,-809,69,-587,457,1021,-12,433,320,-638,661,478
665,-746,64,-543,431,937,-19,388,292,-624,626,465
607,-687,70,-510,393,850,-32,335,257,-610,581,447
552,-623,70,-469,360,762,-40,283,224,-586,536,429
502,-555,60,-419,336,675,-45,234,193,-563,493,411
459,-492,47,-371,316,596,-49,187,160,-548,454,390
412,-437,47,-336,286,521,-59,136,119,-543,412,362
374,-385,39,-297,265,454,-63,93,84,-534,372,331
339,-343,37,-270,241,399,-67,51,51,-530,331,299
303,-308,43,-251,210,347,-72,11,17,-532,291,265
278,-274,37,-226,193,307,-75,-19,-9,-529,258,238
255,-251,40,-213,171,275,-82,-48,-33,-531,226,210
235,-233,43,-203,150,251,-89,-72,-56,-537,196,182
226,-220,39,-192,141,240,-92,-89,-76,-548,170,156
229,-220,34,-189,140,246,-93,-99,-93,-560,151,131
239,-233,36,-198,138,267,-94,-103,-108,-575,138,108
254,-255,40,-215,138,298,-94,-97,-121,-586,131,89
280,-279,32,-225,154,340,-85,-81,-127,-593,136,78
316,-305,16,-231,182,391,-74,-53,-123,-599,152,77
360,-339,-1,-242,215,452,-65,-19,-112,-606,172,75
404,-382,-11,-263,245,520,-58,19,-98,-616,196,73
442,-432,-6,-298,262,590,-55,53,-85,-629,218,68
493,-482,-16,-322,297,667,-50,97,-63,-639,248,67
545,-536,-24,-351,333,748,-53,136,-40,-658,273,65
590,-587,-25,-383,361,822,-61,169,-20,-681,295,62
625,-631,-24,-411,383,884,-68,203,0,-700,317,62
663,-666,-34,-424,415,941,-69,239,26,-710,348,74
697,-702,-38,-443,442,995,-70,271,51,-718,381,92
728,-733,-43,-457,469,1042,-68,300,76,-722,415,112
763,-760,-56,-463,504,1086,-60,331,104,-728,449,135
785,-786,-54,-478,523,1121,-56,356,127,-736,479,151
805,-802,-59,-483,546,1146,-51,381,150,-738,507,168
821,-815,-63,-486,565,1164,-47,404,170,-739,531,184
824,-826,-53,-496,569,1170,-44,419,185,-742,547,197
819,-829,-42,-503,566,1165,-41,426,195,-742,559,206
812,-824,-36,-501,565,1151,-36,430,203,-737,570,217
801,-814,-30,-496,562,1129,-32,428,208,-735,576,227
776,-801,-12,-498,542,1095,-34,412,203,-738,572,229
741,-784,13,-502,510,1050,-41,385,192,-741,558,223
701,-759,35,-499,476,996,-47,356,179,-737,539,216
666,-729,48,-488,450,940,-47,325,166,-727,516,208
635,-692,51,-466,433,883,-42,296,154,-709,494,203
589,-656,68,-454,396,815,-42,259,134,-695,463,191
546,-611,74,-430,367,745,-41,226,117,-673,435,183
513,-565,68,-397,350,680,-38,197,102,-654,410,179
480,-517,59,-362,334,616,-35,169,85,-642,382,172
442,-476,62,-339,305,552,-36,140,63,-639,345,150
408,-432,57,-311,282,492,-36,113,42,-635,305,119
376,-396,55,-289,258,440,-39,86,20,-636,265,88
336,-363,63,-276,221,386,-45,56,-4,-640,223,59
307,-330,59,-256,197,342,-49,31,-23,-641,188,39
281,-308,62,-248,170,308,-53,8,-43,-648,156,21
261,-293,66,-246,146,286,-55,-13,-62,-655,128,6
252,-284,62,-242,133,277,-55,-27,-78,-655,105,-6
251,-284,58,-243,127,281,-55,-40,-95,-661,86,-17
255,-297,61,-257,119,300,-57,-51,-111,-671,68,-28
267,-316,62,-274,118,329,-58,-53,-122,-678,54,-36
288,-333,50,-281,132,365,-52,-45,-125,-677,47,-36
318,-351,29,-282,160,409,-40,-31,-122,-677,48,-28
352,-375,12,-289,188,461,-30,-13,-115,-685,50,-22
385,-408,4,-307,210,518,-21,10,-106,-696,56,-15
408,-447,11,-338,217,573,-19,29,-103,-716,59,-12
441,-479,3,-354,242,631,-16,57,-97,-733,69,-7
470,-517,5,-380,258,689,-18,83,-91,-754,78,-2
494,-561,20,-416,265,748,-23,110,-86,-775,86,5
514,-602,36,-451,270,801,-27,135,-82,-792,100,11
542,-634,37,-469,291,852,-26,166,-73,-803,119,17
572,-665,37,-484,316,902,-25,195,-62,-815,138,22
604,-694,34,-495,346,950,-24,224,-50,-823,157,30
643,-718,20,-497,388,998,-19,259,-30,-826,183,45
669,-740,19,-504,415,1034,-15,289,-14,-832,206,56
695,-753,11,-501,446,1063,-6,320,6,-829,230,69
716,-762,4,-496,473,1082,2,347,24,-824,253,84
724,-769,11,-499,483,1089,4,363,36,-828,269,95
722,-771,23,-503,483,1085,4,372,46,-832,283,104
720,-769,32,-503,483,1075,4,380,57,-835,296,114
713,-763,42,-500,481,1058,5,387,68,-836,306,125
695,-755,62,-505,462,1030,2,383,72,-842,307,128
663,-746,93,-516,425,990,-4,369,68,-852,300,124
626,-727,122,-521,386,940,-8,353,61,-864,288,120
589,-701,140,-514,352,883,-8,339,56,-870,274,120
560,-666,143,-493,333,826,-3,332,54,-869,262,125
521,-635,157,-483,296,763,-3,316,47,-867,244,124
483,-598,163,-465,265,698,-1,300,43,-855,228,121
452,-555,155,-435,247,635,3,288,43,-841,217,118
424,-515,144,-405,230,575,3,274,40,-832,200,114
390,-479,143,-386,201,516,-8,252,30,-831,173,105
360,-444,135,-362,180,461,-18,231,14,-831,146,94
332,-413,129,-345,156,413,-27,209,-6,-836,122,81
299,-388,132,-336,123,366,-37,185,-34,-846,94,61
277,-361,122,-317,105,327,-44,164,-59,-857,70,43
254,-341,117,-307,84,295,-53,142,-85,-874,42,22
235,-328,115,-303,63,273,-62,125,-108,-885,14,3
227,-316,103,-293,57,261,-64,113,-124,-891,-7,-9
225,-308,88,-282,58,258,-65,102,-142,-898,-26,-19
223,-306,79,-280,55,261,-67,93,-160,-907,-46,-31
220,-309,75,-282,50,269,-69,88,-173,-910,-62,-43
229,-315,63,-281,59,289,-65,92,-178,-905,-70,-49
249,-325,44,-278,82,321,-56,103,-175,-898,-70,-48
271,-340,30,-280,104,359,-49,113,-171,-899,-71,-44
293,-365,25,-294,122,405,-47,125,-166,-905,-71,-39
310,-397,36,-322,127,453,-47,136,-165,-915,-72,-38
335,-427,35,-340,147,506,-42,153,-156,-923,-67,-33
358,-463,45,-368,160,561,-40,169,-147,-935,-61,-30
376,-500,63,-403,165,614,-42,182,-141,-952,-54,-28
389,-535,84,-436,167,661,-44,194,-135,-968,-47,-28
408,-557,89,-451,183,703,-41,212,-125,-981,-38,-24
423,-582,101,-471,194,742,-39,228,-116,-1000,-30,-23
437,-601,110,-486,207,775,-36,246,-105,-1014,-20,-20
461,-616,105,-489,235,809,-32,272,-90,-1023,-2,-11
480,-633,109,-499,254,840,-30,295,-79,-1033,12,-7
501,-642,103,-498,281,865,-23,321,-62,-1040,30,-2
521,-649,97,-495,306,884,-17,348,-43,-1045,52,5
534,-657,100,-500,321,897,-14,370,-24,-1049,71,10
541,-661,104,-503,330,901,-13,389,-6,-1055,87,14
549,-661,105,-501,340,900,-13,405,11,-1061,101,19
557,-663,106,-501,349,898,-16,418,24,-1069,114,27
555,-665,118,-509,343,887,-24,418,29,-1086,124,30
540,-665,141,-523,320,865,-37,409,26,-1104,129,29
522,-658,159,-529,296,835,-48,396,20,-1110,131,28
504,-643,169,-525,276,798,-55,385,17,-1108,134,31
491,-618,164,-504,268,757,-58,376,19,-1096,140,39
465,-594,171,-493,242,707,-69,358,15,-1086,137,40
438,-564,172,-474,218,652,-74,336,8,-1072,131,39
414,-530,165,-447,200,598,-77,316,2,-1057,126,38
398,-501,153,-420,189,552,-83,294,-5,-1036,120,36
378,-480,152,-407,168,511,-94,267,-16,-1017,109,27
357,-456,147,-389,148,468,-102,241,-25,-1007,96,18
339,-436,142,-374,129,432,-111,217,-36,-1007,79,10
315,-421,148,-369,99,396,-125,191,-52,-1012,59,-1
304,-408,140,-357,87,373,-134,170,-65,-1013,44,-10
289,-401,141,-354,68,355,-145,147,-81,-1016,25,-23
275,-396,144,-354,48,340,-152,126,-97,-1018,5,-37
268,-391,138,-347,40,333,-154,111,-107,-1016,-11,-47
266,-388,129,-340,39,333,-155,100,-117,-1016,-26,-58
264,-389,125,-340,35,338,-159,88,-130,-1022,-45,-74
260,-391,123,-340,32,346,-162,80,-142,-1027,-62,-89
267,-392,109,-333,43,361,-155,82,-146,-1018,-69,-98
282,-393,88,-320,67,384,-141,93,-141,-1001,-68,-105
300,-399,69,-313,92,414,-126,105,-135,-984,-62,-112
317,-411,58,-315,113,448,-115,117,-129,-973,-57,-116
328,-432,63,-334,120,486,-107,125,-128,-969,-56,-118
350,-451,55,-344,144,529,-94,140,-122,-966,-47,-113
367,-474,59,-363,159,573,-84,152,-120,-969,-39,-110
379,-498,69,-388,166,613,-79,160,-122,-980,-31,-111
389,-519,79,-410,174,649,-73,168,-122,-989,-22,-110
408,-531,74,-417,198,684,-58,184,-112,-992,-8,-99
426,-543,70,-424,222,716,-43,202,-104,-1000,6,-88
444,-552,65,-429,247,745,-33,217,-97,-1012,21,-78
474,-560,50,-426,286,779,-22,236,-82,-1024,40,-66
497,-575,49,-437,312,810,-16,249,-70,-1039,51,-60
523,-587,43,-441,342,838,-5,265,-56,-1046,65,-50
549,-594,34,-440,374,861,6,282,-41,-1051,83,-39
565,-601,35,-446,393,876,13,295,-29,-1054,99,-30
577,-607,38,-451,406,884,18,305,-19,-1056,117,-25
591,-612,40,-454,420,890,22,314,-7,-1061,136,-21
603,-616,42,-456,432,893,24,320,2,-1070,154,-19
606,-624,56,-468,428,891,18,317,2,-1088,164,-21
599,-634,80,-488,410,881,9,306,-3,-1105,165,-26
590,-637,100,-500,391,865,2,295,-9,-1116,166,-32
582,-637,113,-505,376,846,-4,284,-17,-1123,164,-37
582,-631,110,-494,375,828,-5,276,-20,-1119,165,-36
570,-624,116,-490,359,800,-11,264,-28,-1112,160,-36
555,-608,115,-475,344,766,-15,256,-33,-1095,157,-33
541,-585,103,-448,335,727,-14,253,-32,-1076,157,-26
527,-561,90,-420,325,689,-9,251,-31,-1058,156,-19
507,-545,89,-405,303,652,-10,237,-37,-1052,147,-20
489,-528,82,-386,284,618,-12,222,-44,-1047,135,-23
473,-513,74,-368,268,588,-12,208,-50,-1043,123,-26
451,-504,77,-361,240,559,-12,190,-62,-1038,107,-32
440,-493,67,-346,228,539,-7,179,-72,-1027,96,-33
427,-488,64,-339,211,523,-2,166,-84,-1018,86,-35
412,-483,62,-334,192,509,2,152,-96,-1006,75,-36
404,-476,53,-323,185,501,9,142,-103,-986,67,-35
399,-472,44,-315,180,497,20,133,-109,-960,64,-35
392,-471,41,-313,172,496,32,122,-117,-941,59,-41
382,-469,41,-313,161,495,43,112,-121,-927,54,-51
377,-461,30,-302,163,495,58,109,-115,-908,55,-56
383,-451,9,-283,180,502,76,113,-104,-891,62,-52
392,-447,-10,-271,200,517,90,118,-99,-885,70,-48
403,-450,-22,-269,217,539,102,118,-100,-893,74,-52
409,-463,-18,-285,223,564,112,114,-106,-905,74,-60
425,-472,-25,-291,243,594,127,121,-103,-910,82,-63
440,-487,-25,-305,260,627,139,129,-101,-925,86,-67
449,-505,-13,-331,266,659,146,130,-103,-943,88,-73
455,-521,0,-355,270,686,152,128,-107,-961,91,-78
472,-530,-4,-364,293,715,163,131,-106,-972,102,-73
492,-543,-3,-379,316,747,173,134,-107,-985,115,-63
509,-555,0,-394,336,775,180,138,-107,-992,128,-53
537,-564,-10,-397,372,806,192,149,-101,-991,151,-38
558,-577,-7,-411,394,833,199,155,-97,-990,171,-27
580,-584,-11,-417,422,856,212,168,-85,-981,194,-11
601,-588,-16,-419,449,875,224,181,-71,-975,215,4
616,-594,-13,-427,466,887,232,192,-59,-972,231,15
625,-597,-8,-434,476,893,242,205,-44,-962,247,25
633,-594,-7,-432,488,892,259,223,-23,-945,266,40
638,-585,-10,-423,498,883,277,239,-2,-933,284,56
634,-580,-1,-424,493,870,286,246,10,-933,293,67
623,-578,18,-433,474,853,286,245,15,-933,300,72
610,-577,37,-440,454,833,281,241,18,-928,307,78
601,-574,49,-442,438,815,278,236,22,-921,313,86
598,-567,48,-431,434,798,282,240,34,-900,324,101
589,-567,58,-431,417,780,284,237,43,-881,328,110
583,-561,59,-421,406,760,290,236,55,-856,330,121
581,-550,49,-400,404,740,298,241,65,-828,331,131
578,-537,34,-374,402,718,307,248,72,-806,330,139
566,-526,29,-356,388,693,310,251,70,-792,321,143
555,-511,18,-332,377,666,311,256,66,-777,314,149
550,-501,4,-310,371,648,313,261,64,-764,307,157
537,-497,3,-301,351,631,310,259,57,-753,295,159
533,-491,-9,-283,345,619,311,260,57,-739,291,166
526,-488,-17,-272,335,609,306,257,55,-734,286,172
517,-484,-23,-262,322,599,302,254,50,-731,283,176
513,-477,-37,-245,319,592,301,253,49,-722,285,179
513,-471,-54,-229,322,589,302,253,50,-710,287,181
510,-468,-64,-220,320,588,301,254,50,-698,284,179
502,-464,-70,-214,313,585,299,255,49,-685,277,173
499,-454,-86,-199,317,582,301,262,53,-669,275,170
504,-441,-112,-176,337,583,310,276,67,-647,282,173
512,-431,-136,-158,357,590,319,293,87,-624,289,179
518,-426,-152,-149,374,599,327,310,109,-599,296,184
515,-427,-151,-156,375,606,328,322,124,-579,298,184
524,-426,-163,-154,393,620,331,340,142,-556,304,190
537,-432,-170,-160,412,642,331,355,156,-544,309,197
549,-443,-170,-174,428,665,332,367,165,-539,311,201
558,-451,-168,-187,443,685,333,377,171,-530,314,203
574,-452,-179,-187,471,704,343,398,187,-509,328,216
591,-457,-184,-193,497,724,357,423,208,-483,348,236
607,-464,-187,-201,521,745,371,449,234,-455,374,260
635,-470,-200,-201,561,772,388,480,271,-423,410,289
655,-484,-198,-216,585,798,401,506,305,-395,445,314
680,-495,-202,-224,617,823,413,535,342,-362,481,344
710,-506,-211,-227,653,850,422,564,379,-330,516,373
736,-519,-215,-235,684,876,427,590,415,-298,546,395
763,-529,-222,-237,716,897,429,614,453,-263,577,414
795,-534,-240,-229,758,919,432,640,496,-225,612,438
829,-540,-261,-217,801,941,432,668,540,-186,650,466
858,-548,-275,-212,834,961,426,690,578,-158,688,492
875,-557,-277,-214,850,973,416,704,611,-133,719,514
892,-563,-283,-211,866,982,407,720,644,-100,752,538
912,-566,-296,-200,888,992,398,738,678,-59,788,567
940,-565,-323,-177,921,1003,392,757,715,-10,829,601
959,-567,-341,-162,941,1012,380,768,746,40,869,633
980,-563,-367,-137,965,1017,370,780,779,98,911,668
1009,-553,-409,-97,1004,1024,364,797,819,163,962,706
1038,-542,-454,-55,1043,1032,361,816,861,228,1016,748
1059,-536,-488,-23,1069,1039,353,829,897,285,1066,787
1081,-529,-526,11,1096,1045,344,842,935,344,1116,828
1108,-523,-568,48,1129,1057,336,855,974,403,1165,874
1125,-523,-596,71,1146,1068,321,861,1007,458,1203,915
1152,-519,-639,106,1179,1082,310,868,1042,518,1246,955
1182,-520,-678,135,1212,1104,297,875,1076,581,1292,989
1214,-523,-718,162,1247,1128,282,883,1111,653,1339,1023
1253,-525,-766,194,1295,1158,270,893,1152,730,1393,1065
1295,-527,-816,228,1346,1190,257,906,1196,806,1452,1111
1338,-533,-863,255,1398,1226,246,921,1241,881,1513,1163
1382,-538,-909,282,1451,1262,237,938,1289,966,1575,1220
1432,-540,-963,316,1516,1300,237,961,1346,1061,1643,1278
1495,-540,-1031,359,1601,1346,243,990,1407,1158,1716,1339
1563,-543,-1099,400,1690,1397,246,1021,1465,1248,1787,1399
1632,-552,-1160,431,1778,1453,245,1051,1521,1339,1858,1461
1694,-567,-1207,449,1855,1509,242,1080,1578,1430,1931,1524
1765,-578,-1265,476,1946,1567,240,1115,1641,1525,2013,1590
1841,-597,-1318,494,2038,1633,238,1153,1711,1620,2099,1657
1916,-623,-1360,500,2125,1703,232,1191,1786,1714,2186,1723
1989,-647,-1402,506,2212,1771,224,1233,1865,1813,2272,1788
2071,-664,-1458,529,2316,1838,221,1288,1955,1925,2366,1858
2149,-678,-1512,550,2417,1902,220,1347,2048,2040,2466,1930
2223,-689,-1564,574,2514,1959,220,1406,2143,2157,2567,2002
2305,-696,-1626,607,2625,2019,223,1470,2244,2277,2676,2079
2376,-707,-1674,628,2718,2073,224,1531,2343,2396,2780,2154
2449,-714,-1728,656,2817,2126,231,1597,2449,2520,2887,2235
2527,-720,-1787,690,2921,2180,238,1665,2560,2642,2996,2319
2601,-731,-1838,715,3016,2234,238,1730,2667,2761,3104,2399
2676,-746,-1886,736,3110,2293,233,1790,2773,2878,3211,2478
2758,-762,-1941,761,3210,2356,231,1852,2883,2995,3320,2562
2842,-778,-1999,789,3313,2420,231,1914,2993,3108,3428,2650
2917,-799,-2046,808,3401,2481,226,1971,3097,3218,3533,2734
2980,-825,-2076,812,3467,2538,218,2024,3196,3327,3633,2812
3042,-852,-2108,816,3530,2594,211,2077,3297,3444,3732,2888
3109,-876,-2148,829,3600,2652,205,2132,3398,3563,3831,2966
3180,-893,-2202,856,3681,2709,206,2193,3501,3683,3935,3045
3239,-912,-2245,874,3743,2760,202,2245,3596,3793,4033,3119
3298,-924,-2296,902,3808,2806,203,2294,3690,3906,4131,3192
3361,-931,-2357,940,3881,2852,208,2343,3788,4026,4230,3267
3424,-937,-2423,982,3955,2898,215,2394,3889,4145,4331,3345
3479,-946,-2478,1015,4016,2941,219,2441,3988,4255,4429,3416
3535,-951,-2540,1054,4080,2983,225,2491,4087,4368,4529,3489
3597,-955,-2609,1100,4152,3028,231,2541,4187,4478,4627,3562
3648,-963,-2665,1134,4207,3068,231,2583,4277,4579,4711,3626
3706,-967,-2733,1178,4276,3113,234,2627,4370,4681,4794,3688
3758,-978,-2788,1209,4331,3157,232,2667,4457,4776,4869,3744
3805,-994,-2833,1231,4378,3201,229,2704,4538,4866,4937,3792
3855,-1006,-2882,1257,4431,3245,231,2742,4617,4959,5007,3840
3903,-1016,-2932,1287,4484,3285,237,2777,4693,5047,5077,3891
3948,-1026,-2978,1312,4535,3325,244,2810,4761,5130,5142,3945
3995,-1039,-3021,1334,4587,3367,253,2843,4824,5215,5206,4000
4045,-1050,-3067,1359,4646,3410,272,2886,4892,5302,5271,4057
4103,-1060,-3122,1390,4717,3457,301,2939,4968,5392,5342,4116
4167,-1071,-3177,1421,4795,3507,333,2998,5048,5478,5414,4176
4235,-1086,-3230,1447,4878,3564,366,3061,5128,5558,5486,4237
4301,-1110,-3271,1459,4953,3624,392,3122,5206,5631,5555,4294
4379,-1135,-3320,1475,5045,3692,427,3189,5292,5704,5629,4356
4463,-1170,-3363,1480,5137,3770,465,3256,5380,5774,5706,4417
4547,-1214,-3395,1470,5225,3854,499,3320,5468,5842,5785,4477
4635,-1265,-3421,1452,5314,3944,531,3385,5556,5915,5863,4538
4735,-1314,-3461,1444,5421,4042,572,3459,5652,5992,5944,4604
4840,-1367,-3500,1433,5532,4143,620,3541,5753,6073,6025,4670
4942,-1423,-3533,1415,5637,4246,675,3628,5858,6159,6107,4737
5059,-1478,-3580,1405,5762,4358,742,3726,5972,6249,6195,4812
5167,-1541,-3612,1381,5871,4468,806,3821,6083,6333,6274,4878
5275,-1600,-3647,1361,5981,4576,875,3922,6200,6420,6352,4943
5386,-1660,-3685,1343,6094,4687,949,4026,6320,6513,6433,5008
5496,-1727,-3717,1315,6200,4802,1020,4130,6437,6602,6514,5070
5606,-1797,-3747,1284,6304,4920,1089,4234,6553,6696,6597,5131
5718,-1868,-3781,1256,6410,5039,1157,4342,6670,6795,6682,5193
5833,-1939,-3818,1229,6517,5162,1227,4452,6792,6897,6770,5258
5944,-2017,-3846,1193,6613,5286,1294,4562,6915,6993,6856,5322
6046,-2101,-3861,1144,6692,5409,1358,4668,7032,7082,6938,5379
6146,-2185,-3878,1097,6769,5530,1426,4777,7147,7168,7015,5431
6249,-2265,-3903,1059,6850,5652,1501,4891,7259,7248,7089,5482
6360,-2342,-3941,1032,6944,5777,1586,5014,7374,7335,7168,5538
6462,-2425,-3964,992,7019,5901,1671,5129,7482,7421,7239,5594
6559,-2502,-3992,960,7093,6018,1761,5243,7588,7516,7311,5653
6664,-2574,-4033,940,7179,6137,1855,5361,7696,7616,7388,5719
6779,-2652,-4080,922,7275,6267,1949,5482,7809,7717,7470,5785
6898,-2740,-4121,894,7368,6407,2041,5602,7923,7823,7553,5849
7021,-2828,-4166,869,7466,6550,2135,5726,8042,7940,7643,5917
7151,-2917,-4218,848,7573,6698,2230,5856,8167,8066,7735,5989
7270,-3007,-4258,821,7666,6840,2320,5981,8289,8194,7822,6057
7398,-3086,-4318,813,7779,6980,2416,6111,8416,8329,7913,6129
7527,-3166,-4375,805,7891,7122,2511,6239,8545,8461,8007,6203
7654,-3249,-4428,791,8001,7265,2612,6372,8677,8598,8104,6280
7786,-3333,-4485,780,8118,7411,2722,6515,8818,8744,8207,6363
7924,-3419,-4544,767,8242,7563,2837,6667,8969,8892,8310,6447
8059,-3509,-4594,747,8360,7714,2953,6825,9122,9042,8414,6527
8190,-3598,-4641,726,8476,7862,3071,6987,9277,9189,8515,6607
8323,-3682,-4693,710,8599,8009,3199,7165,9439,9344,8620,6692
8462,-3761,-4755,703,8734,8155,3338,7354,9612,9501,8730,6782
8600,-3843,-4812,691,8867,8303,3480,7551,9790,9654,8840,6871
8733,-3927,-4860,670,8992,8448,3622,7753,9971,9802,8951,6958
8856,-4014,-4894,636,9102,8589,3757,7959,10152,9951,9064,7043
8987,-4096,-4940,613,9227,8731,3891,8177,10343,10109,9187,7131
9119,-4177,-4987,591,9355,8872,4015,8396,10539,10266,9313,7220
9244,-4256,-5029,564,9475,9007,4126,8609,10733,10421,9437,7306
9368,-4330,-5074,543,9596,9138,4226,8813,10925,10580,9563,7392
9501,-4397,-5133,534,9735,9271,4322,9018,11127,10754,9700,7489
9637,-4466,-5194,524,9875,9405,4411,9218,11334,10936,9846,7596
9772,-4537,-5253,511,10014,9541,4491,9414,11546,11126,9999,7706
9925,-4606,-5330,510,10176,9687,4571,9618,11778,11335,10167,7832
10078,-4686,-5397,495,10332,9840,4645,9821,12016,11557,10338,7963
10240,-4766,-5473,486,10499,9998,4722,10028,12268,11794,10518,8103
10410,-4847,-5557,480,10675,10164,4804,10240,12534,12041,10707,8251
10585,-4940,-5634,462,10849,10340,4887,10458,12816,12301,10901,8405
10765,-5039,-5710,440,11025,10524,4975,10684,13119,12579,11102,8562
10953,-5140,-5793,420,11210,10715,5070,10923,13442,12876,11311,8723
11146,-5243,-5880,404,11399,10910,5166,11172,13784,13188,11529,8887
11333,-5346,-5961,383,11580,11102,5263,11428,14140,13516,11751,9047
11510,-5450,-6031,357,11745,11288,5359,11688,14507,13860,11973,9204
11685,-5551,-6103,333,11909,11471,5458,11952,14886,14218,12201,9370
11862,-5647,-6182,320,12078,11653,5562,12223,15279,14587,12436,9544
12047,-5738,-6275,319,12260,11837,5674,12506,15691,14969,12677,9723
12226,-5834,-6358,309,12431,12021,5783,12790,16113,15359,12915,9901
12403,-5924,-6445,308,12602,12199,5895,13079,16549,15765,13151,10077
12583,-6009,-6541,317,12780,12378,6013,13376,16999,16181,13388,10254
12767,-6095,-6640,329,12962,12558,6131,13679,17460,16601,13626,10429
12944,-6185,-6728,331,13131,12737,6243,13979,17922,17019,13856,10596
13114,-6272,-6813,333,13293,12911,6354,14281,18389,17440,14081,10756
13283,-6357,-6899,339,13455,13082,6470,14592,18866,17866,14305,10914
13439,-6444,-6972,335,13599,13246,6586,14909,19353,18303,14524,11064
13603,-6523,-7059,346,13759,13410,6712,15249,19863,18765,14754,11219
13762,-6605,-7140,351,13911,13573,6843,15603,20393,19245,14990,11372
13916,-6687,-7216,354,14057,13732,6986,15973,20946,19753,15232,11522
14077,-6767,-7302,364,14215,13894,7140,16363,21524,20298,15489,11677
14242,-6846,-7392,377,14379,14059,7302,16766,22124,20875,15759,11839
14407,-6928,-7479,385,14542,14225,7466,17174,22742,21477,16038,12006
14568,-7009,-7565,393,14703,14389,7629,17578,23375,22093,16323,12173
14736,-7086,-7660,409,14876,14553,7793,17983,24022,22721,16618,12345
14915,-7160,-7771,437,15068,14723,7956,18385,24676,23348,16920,12525
15099,-7235,-7884,464,15265,14897,8110,18772,25330,23959,17220,12708
15282,-7316,-7991,483,15460,15073,8254,19137,25977,24548,17511,12890
15459,-7405,-8082,486,15641,15250,8381,19471,26606,25106,17789,13064
15647,-7494,-8185,494,15838,15434,8500,19782,27226,25649,18067,13242
15842,-7592,-8284,494,16039,15629,8607,20060,27830,26166,18341,13422
16031,-7695,-8373,482,16230,15823,8693,20297,28410,26657,18609,13599
16217,-7798,-8457,467,16418,16014,8762,20495,28973,27132,18871,13776
16416,-7896,-8559,465,16626,16210,8823,20669,29532,27605,19138,13961
16621,-7994,-8666,467,16842,16411,8870,20817,30083,28076,19409,14152
16827,-8093,-8772,465,17059,16612,8907,20944,30630,28550,19682,14344
17052,-8192,-8896,476,17301,16825,8942,21065,31184,29029,19964,14546
17277,-8299,-9010,474,17536,17045,8966,21172,31731,29507,20241,14747
17507,-8404,-9132,479,17780,17266,8986,21271,32277,29994,20526,14956
17742,-8506,-9259,488,18029,17488,9003,21360,32822,30490,20818,15168
17973,-8611,-9381,493,18272,17710,9007,21430,33360,30993,21109,15374
18204,-8717,-9499,495,18512,17933,9005,21483,33891,31506,21397,15575
18440,-8827,-9618,495,18755,18162,8998,21518,34418,32027,21681,15774
18680,-8944,-9734,490,18996,18398,8984,21529,34933,32547,21961,15965
18912,-9067,-9835,471,19222,18634,8958,21507,35426,33058,22230,16140
19131,-9199,-9916,433,19424,18868,8916,21448,35892,33560,22482,16298
19347,-9334,-9990,390,19618,19101,8863,21359,36333,34049,22719,16445
19562,-9470,-10063,348,19809,19334,8806,21238,36746,34515,22937,16580
19780,-9604,-10141,309,20004,19569,8748,21089,37136,34957,23137,16709
19986,-9747,-10200,255,20178,19802,8683,20901,37489,35362,23311,16828
20186,-9885,-10258,202,20346,20029,8613,20681,37805,35733,23465,16941
20387,-10021,-10321,157,20515,20254,8541,20428,38086,36075,23602,17052
20590,-10158,-10384,110,20685,20482,8459,20142,38328,36382,23724,17159
20786,-10304,-10435,51,20841,20712,8355,19812,38521,36645,23824,17254
20981,-10451,-10483,-11,20993,20942,8231,19442,38666,36860,23902,17339
21174,-10597,-10532,-71,21144,21170,8092,19035,38762,37010,23954,17415
21345,-10745,-10557,-148,21264,21386,7933,18589,38801,37076,23965,17467
21512,-10885,-10588,-215,21385,21593,7764,18121,38789,37054,23940,17505
21663,-11023,-10605,-289,21487,21789,7581,17626,38715,36924,23868,17519
21799,-11160,-10609,-372,21570,21975,7385,17102,38572,36671,23743,17507
21923,-11293,-10607,-457,21641,22150,7186,16551,38356,36282,23563,17472
22035,-11424,-10593,-548,21697,22315,6981,15972,38056,35739,23324,17412
22126,-11557,-10557,-655,21725,22468,6766,15362,37652,35020,23023,17318
22194,-11689,-10500,-776,21726,22604,6542,14713,37126,34097,22651,17189
22242,-11812,-10432,-898,21707,22721,6316,14027,36464,32954,22216,17027
22280,-11929,-10359,-1020,21681,22827,6090,13304,35658,31607,21722,16842
22299,-12048,-10266,-1157,21629,22920,5858,12543,34709,30095,21176,16628
22294,-12166,-10150,-1309,21549,22997,5621,11748,33628,28461,20590,16390
22261,-12284,-10005,-1481,21432,23054,5375,10911,32421,26745,19971,16125
22216,-12392,-9858,-1648,21307,23095,5126,10042,31107,24991,19334,15845
22158,-12500,-9698,-1825,21167,23128,4870,9131,29690,23216,18684,15549
22080,-12606,-9519,-2013,21002,23145,4606,8167,28172,21437,18021,15230
21982,-12699,-9330,-2200,20820,23140,4337,7159,26564,19671,17350,14890
21874,-12772,-9152,-2366,20639,23114,4068,6128,24900,17945,16687,14543
21758,-12832,-8977,-2524,20456,23074,3801,5090,23199,16272,16034,14200
21625,-12879,-8797,-2675,20259,23012,3532,4052,21477,14661,15394,13861
21486,-12904,-8633,-2802,20070,22932,3270,3030,19759,13131,14780,13536
21322,-12918,-8454,-2933,19854,22828,3006,2022,18045,11678,14185,13214
21142,-12910,-8280,-3046,19629,22697,2751,1047,16354,10322,13615,12898
20947,-12882,-8110,-3144,19398,22544,2504,106,14692,9056,13070,12584
20732,-12840,-7933,-3238,19147,22367,2253,-812,13051,7865,12541,12264
20501,-12782,-7755,-3322,18885,22169,1996,-1707,11434,6748,12027,11944
20264,-12707,-7588,-3388,18625,21957,1735,-2572,9855,5703,11531,11627
20020,-12619,-7427,-3441,18363,21731,1469,-3402,8326,4719,11053,11315
19763,-12520,-7261,-3492,18086,21490,1196,-4199,6850,3796,10589,11007
19485,-12416,-7081,-3547,17785,21232,911,-4965,5429,2936,10136,10702
19202,-12299,-6907,-3590,17482,20962,617,-5695,4075,2152,9705,10409
18921,-12171,-6746,-3617,17189,20687,315,-6388,2790,1439,9298,10128
18646,-12027,-6606,-3619,16911,20406,13,-7036,1583,796,8916,9857
18359,-11874,-6464,-3616,16621,20112,-292,-7643,449,211,8548,9588
18061,-11704,-6328,-3597,16327,19800,-592,-8207,-610,-317,8192,9321
17760,-11519,-6204,-3559,16037,19477,-878,-8723,-1590,-791,7846,9056
17455,-11327,-6084,-3514,15746,19147,-1147,-9191,-2492,-1221,7506,8791
17134,-11132,-5953,-3473,15434,18806,-1409,-9621,-3321,-1620,7160,8518
16804,-10931,-5818,-3430,15114,18454,-1661,-10004,-4073,-1982,6810,8240
16462,-10721,-5684,-3381,14784,18090,-1901,-10337,-4745,-2312,6459,7959
16092,-10503,-5529,-3339,14422,17703,-2134,-10633,-5352,-2618,6097,7663
15716,-10268,-5387,-3276,14064,17300,-2345,-10881,-5886,-2898,5735,7361
15328,-10026,-5240,-3212,13695,16886,-2537,-11086,-6351,-3166,5371,7051
14925,-9777,-5088,-3146,13312,16456,-2705,-11248,-6751,-3415,5007,6732
14508,-9514,-4937,-3069,12923,16009,-2843,-11361,-7083,-3641,4645,6409
14073,-9240,-4780,-2989,12517,15542,-2956,-11426,-7348,-3840,4281,6076
13613,-8959,-4608,-2913,12087,15054,-3045,-11443,-7551,-4017,3911,5729
13131,-8667,-4424,-2837,11635,14542,-3104,-11411,-7692,-4171,3532,5368
12639,-8368,-4240,-2757,11178,14020,-3133,-11327,-7770,-4292,3156,5001
12150,-8063,-4064,-2667,10730,13495,-3136,-11197,-7791,-4382,2788,4637
11659,-7761,-3884,-2581,10281,12970,-3127,-11036,-7772,-4451,2429,4281
11164,-7462,-3700,-2500,9827,12443,-3110,-10852,-7726,-4501,2081,3934
10667,-7170,-3505,-2432,9367,11919,-3092,-10659,-7663,-4549,1746,3596
10180,-6878,-3321,-2356,8923,11401,-3067,-10453,-7581,-4585,1429,3268
9706,-6596,-3139,-2285,8492,10898,-3046,-10243,-7488,-4613,1130,2953
9241,-6328,-2952,-2228,8064,10408,-3034,-10038,-7394,-4635,843,2645
8784,-6066,-2766,-2175,7643,9927,-3024,-9836,-7299,-4646,572,2346
8343,-5801,-2597,-2109,7247,9454,-3012,-9632,-7199,-4642,323,2060
7916,-5543,-2436,-2043,6867,8994,-3004,-9432,-7098,-4637,89,1785
7498,-5292,-2273,-1983,6492,8545,-3000,-9240,-7003,-4632,-134,1520
7105,-5046,-2128,-1915,6146,8113,-2992,-9045,-6911,-4614,-333,1276
6713,-4813,-1971,-1864,5794,7692,-2988,-8859,-6832,-4606,-519,1040
6330,-4578,-1820,-1808,5452,7275,-2977,-8670,-6757,-4609,-692,816
5956,-4346,-1675,-1751,5119,6866,-2957,-8478,-6688,-4621,-857,605
5582,-4121,-1520,-1705,4779,6461,-2934,-8287,-6631,-4642,-1019,399
5209,-3900,-1362,-1665,4436,6059,-2908,-8098,-6584,-4666,-1173,200
4843,-3675,-1211,-1617,4102,5660,-2877,-7907,-6542,-4691,-1318,10
4486,-3451,-1068,-1565,3779,5269,-2841,-7714,-6506,-4720,-1455,-168
4134,-3231,-923,-1518,3454,4884,-2809,-7526,-6479,-4760,-1589,-340
3776,-3017,-766,-1483,3117,4500,-2781,-7347,-6461,-4808,-1724,-508
3426,-2807,-613,-1447,2786,4125,-2749,-7169,-6446,-4847,-1851,-665
3093,-2596,-477,-1401,2474,3761,-2708,-6990,-6428,-4881,-1969,-813
2776,-2383,-360,-1341,2185,3408,-2656,-6809,-6405,-4910,-2079,-952
2462,-2175,-240,-1285,1893,3060,-2601,-6634,-6383,-4936,-2190,-1087
2150,-1964,-127,-1224,1606,2713,-2541,-6459,-6357,-4951,-2293,-1214
1853,-1750,-33,-1147,1338,2374,-2472,-6277,-6320,-4953,-2382,-1328
1570,-1540,48,-1065,1087,2048,-2400,-6091,-6275,-4948,-2462,-1433
1288,-1343,139,-997,829,1733,-2332,-5913,-6237,-4949,-2541,-1535
1009,-1148,228,-930,573,1421,-2266,-5738,-6205,-4951,-2621,-1634
740,-957,309,-859,327,1119,-2200,-5564,-6175,-4956,-2698,-1726
464,-773,401,-799,69,817,-2143,-5401,-6151,-4967,-2782,-1819
202,-586,474,-726,-168,523,-2084,-5240,-6118,-4967,-2856,-1901
-53,-408,547,-658,-400,240,-2028,-5092,-6082,-4965,-2927,-1979
-299,-241,620,-596,-626,-30,-1975,-4958,-6050,-4965,-2998,-2054
-526,-80,678,-529,-828,-283,-1917,-4831,-6026,-4967,-3062,-2117
-738,75,725,-458,-1012,-523,-1857,-4708,-6007,-4979,-3122,-2176
-942,224,769,-390,-1188,-753,-1797,-4592,-5994,-5000,-3181,-2234
-1138,365,813,-325,-1358,-974,-1742,-4482,-5984,-5020,-3239,-2290
-1322,501,848,-259,-1512,-1184,-1684,-4375,-5969,-5030,-3291,-2339
-1491,631,874,-189,-1647,-1379,-1625,-4267,-5950,-5039,-3333,-2378
-1648,749,900,-128,-1774,-1559,-1570,-4166,-5930,-5054,-3371,-2414
-1791,858,921,-68,-1886,-1725,-1517,-4070,-5909,-5076,-3402,-2447
-1927,953,949,-22,-1996,-1879,-1474,-3985,-5891,-5106,-3432,-2481
-2049,1046,966,30,-2087,-2022,-1433,-3901,-5869,-5138,-3456,-2512
-2163,1132,984,77,-2171,-2155,-1396,-3825,-5849,-5182,-3480,-2544
-2278,1209,1013,112,-2262,-2285,-1369,-3757,-5832,-5231,-3507,-2577
-2395,1283,1049,140,-2357,-2414,-1347,-3693,-5820,-5276,-3534,-2609
-2503,1359,1076,176,-2437,-2540,-1327,-3626,-5805,-5312,-3554,-2637
-2604,1433,1100,212,-2510,-2660,-1308,-3559,-5787,-5348,-3569,-2660
-2706,1500,1134,238,-2589,-2777,-1293,-3495,-5772,-5387,-3585,-2682
-2793,1568,1155,273,-2648,-2885,-1277,-3427,-5751,-5419,-3592,-2694
-2887,1627,1193,291,-2723,-2992,-1269,-3366,-5739,-5461,-3604,-2710
-2981,1690,1230,312,-2797,-3102,-1261,-3309,-5729,-5503,-3619,-2730
-3074,1756,1263,337,-2869,-3214,-1256,-3251,-5717,-5541,-3631,-2749
-3170,1819,1305,355,-2948,-3325,-1254,-3196,-5705,-5576,-3645,-2770
-3268,1879,1353,365,-3035,-3435,-1254,-3141,-5693,-5607,-3659,-2796
-3364,1939,1399,377,-3119,-3544,-1256,-3089,-5681,-5635,-3671,-2820
-3453,1998,1441,390,-3198,-3647,-1260,-3038,-5666,-5659,-3685,-2843
-3544,2055,1488,398,-3283,-3749,-1271,-2993,-5652,-5682,-3703,-2867
-3642,2109,1543,399,-3381,-3854,-1289,-2958,-5645,-5706,-3727,-2899
-3739,2166,1593,403,-3476,-3959,-1310,-2927,-5643,-5724,-3754,-2933
-3834,2229,1636,416,-3568,-4065,-1330,-2902,-5641,-5736,-3780,-2966
-3925,2298,1668,440,-3652,-4172,-1347,-2875,-5635,-5739,-3802,-2995
-4020,2364,1707,458,-3745,-4279,-1371,-2856,-5633,-5743,-3829,-3028
-4117,2435,1739,482,-3837,-4391,-1398,-2844,-5638,-5742,-3858,-3062
-4207,2513,1757,520,-3916,-4500,-1421,-2833,-5645,-5730,-3883,-3091
-4289,2590,1766,563,-3987,-4604,-1444,-2825,-5652,-5716,-3903,-3118
-4374,2662,1781,597,-4066,-4706,-1471,-2825,-5665,-5705,-3926,-3143
-4460,2736,1793,636,-4143,-4808,-1498,-2833,-5686,-5690,-3950,-3166
-4536,2811,1793,682,-4206,-4904,-1524,-2843,-5708,-5672,-3972,-3185
-4617,2878,1803,716,-4281,-4998,-1559,-2866,-5740,-5661,-4000,-3211
-4684,2949,1794,766,-4334,-5085,-1590,-2887,-5769,-5651,-4022,-3233
-4748,3016,1784,813,-4383,-5167,-1618,-2913,-5802,-5650,-4043,-3255
-4809,3075,1778,854,-4432,-5242,-1641,-2941,-5836,-5652,-4061,-3277
-4863,3133,1764,899,-4470,-5311,-1659,-2966,-5865,-5651,-4077,-3294
-4911,3186,1748,943,-4502,-5375,-1675,-2988,-5894,-5654,-4093,-3308
-4959,3236,1734,983,-4533,-5436,-1687,-3012,-5926,-5663,-4108,-3323
-5007,3286,1721,1023,-4562,-5498,-1696,-3036,-5959,-5675,-4123,-3339
-5052,3342,1698,1074,-4582,-5562,-1696,-3056,-5987,-5683,-4134,-3355
-5090,3403,1663,1137,-4586,-5626,-1688,-3070,-6010,-5690,-4138,-3366
-5128,3461,1632,1197,-4591,-5690,-1674,-3080,-6033,-5701,-4142,-3376
-5167,3514,1608,1248,-4600,-5751,-1659,-3086,-6057,-5720,-4147,-3386
-5213,3557,1601,1281,-4623,-5811,-1650,-3098,-6085,-5747,-4158,-3398
-5256,3602,1591,1319,-4639,-5871,-1639,-3112,-6114,-5780,-4170,-3410
-5299,3640,1589,1346,-4660,-5927,-1628,-3131,-6145,-5823,-4183,-3425
-5352,3673,1604,1360,-4696,-5988,-1625,-3155,-6183,-5881,-4204,-3449
-5410,3704,1627,1366,-4740,-6050,-1623,-3176,-6222,-5939,-4227,-3475
-5461,3735,1646,1376,-4775,-6110,-1614,-3181,-6248,-5991,-4242,-3495
-5510,3762,1667,1382,-4809,-6165,-1600,-3172,-6263,-6038,-4251,-3510
-5564,3786,1700,1379,-4854,-6222,-1587,-3160,-6273,-6079,-4262,-3525
-5603,3811,1718,1386,-4879,-6271,-1568,-3137,-6270,-6107,-4264,-3533
-5645,3827,1749,1379,-4915,-6315,-1554,-3118,-6267,-6138,-4270,-3547
-5683,3843,1779,1372,-4948,-6357,-1538,-3094,-6259,-6164,-4273,-3560
-5716,3858,1806,1367,-4975,-6395,-1519,-3063,-6243,-6184,-4269,-3567
-5750,3867,1842,1352,-5011,-6428,-1502,-3031,-6224,-6201,-4265,-3576
-5780,3871,1880,1331,-5047,-6456,-1492,-3002,-6203,-6214,-4262,-3586
-5807,3877,1914,1315,-5079,-6482,-1484,-2974,-6175,-6223,-4258,-3594
-5832,3885,1945,1301,-5109,-6508,-1479,-2943,-6145,-6228,-4253,-3596
-5863,3893,1981,1284,-5150,-6537,-1483,-2917,-6118,-6236,-4249,-3597
-5904,3898,2031,1255,-5207,-6570,-1495,-2901,-6100,-6247,-4252,-3604
-5947,3909,2076,1233,-5264,-6607,-1508,-2891,-6086,-6254,-4260,-3613
-5984,3921,2113,1217,-5314,-6641,-1521,-2885,-6078,-6261,-4271,-3623
-6012,3938,2135,1213,-5350,-6670,-1532,-2882,-6068,-6260,-4282,-3635
-6043,3951,2163,1203,-5393,-6698,-1548,-2888,-6063,-6263,-4295,-3650
-6079,3967,2191,1194,-5441,-6731,-1562,-2898,-6060,-6263,-4307,-3666
-6109,3986,2208,1194,-5480,-6761,-1568,-2905,-6055,-6256,-4315,-3679
-6134,4003,2220,1196,-5514,-6786,-1571,-2907,-6049,-6244,-4324,-3688
-6164,4012,2241,1186,-5558,-6808,-1578,-2913,-6050,-6240,-4341,-3698
-6197,4023,2263,1177,-5605,-6833,-1586,-2923,-6057,-6238,-4366,-3714
-6228,4037,2276,1175,-5646,-6858,-1594,-2936,-6066,-6233,-4390,-3733
-6272,4048,2304,1162,-5707,-6889,-1608,-2963,-6088,-6234,-4423,-3765
-6311,4065,2318,1162,-5754,-6922,-1615,-2985,-6106,-6226,-4451,-3792
-6353,4077,2338,1155,-5807,-6952,-1624,-3011,-6128,-6223,-4481,-3819
-6399,4087,2363,1143,-5867,-6985,-1634,-3045,-6157,-6225,-4513,-3848
-6442,4097,2381,1137,-5919,-7016,-1640,-3077,-6184,-6227,-4540,-3872
-6481,4108,2395,1133,-5965,-7045,-1642,-3105,-6204,-6228,-4561,-3893
-6525,4122,2411,1131,-6014,-7080,-1644,-3132,-6219,-6227,-4578,-3912
-6575,4135,2432,1125,-6069,-7119,-1643,-3164,-6232,-6223,-4596,-3930
-6618,4147,2449,1121,-6115,-7153,-1636,-3191,-6247,-6220,-4610,-3945
-6643,4159,2448,1130,-6136,-7176,-1620,-3213,-6263,-6219,-4619,-3953
-6663,4168,2446,1137,-6150,-7193,-1604,-3233,-6281,-6228,-4629,-3962
-6681,4170,2450,1137,-6167,-7207,-1589,-3251,-6298,-6244,-4641,-3970
-6700,4160,2469,1119,-6192,-7214,-1577,-3268,-6316,-6268,-4658,-3980
-6709,4149,2481,1104,-6203,-7213,-1562,-3279,-6328,-6289,-4674,-3988
-6710,4132,2493,1086,-6208,-7205,-1548,-3286,-6335,-6316,-4690,-3995
-6717,4111,2517,1058,-6222,-7198,-1538,-3295,-6343,-6354,-4711,-4010
-6727,4090,2548,1024,-6242,-7195,-1529,-3302,-6351,-6394,-4735,-4031
-6732,4072,2571,999,-6252,-7191,-1519,-3299,-6354,-6423,-4749,-4050
-6735,4057,2591,976,-6257,-7187,-1508,-3290,-6351,-6450,-4760,-4065
-6742,4043,2619,949,-6270,-7187,-1504,-3285,-6350,-6480,-4772,-4083
-6735,4033,2629,937,-6260,-7180,-1496,-3269,-6339,-6505,-4774,-4097
-6730,4015,2653,911,-6261,-7170,-1494,-3255,-6331,-6536,-4779,-4119
-6722,3997,2674,885,-6258,-7157,-1491,-3235,-6317,-6559,-4782,-4135
-6710,3979,2692,861,-6250,-7141,-1485,-3209,-6298,-6576,-4782,-4140
-6703,3958,2720,830,-6253,-7126,-1483,-3185,-6280,-6593,-4784,-4145
-6699,3938,2750,796,-6260,-7113,-1483,-3161,-6261,-6605,-4789,-4153
-6692,3920,2775,768,-6262,-7099,-1482,-3135,-6241,-6615,-4794,-4162
-6687,3909,2796,747,-6265,-7091,-1483,-3111,-6221,-6630,-4799,-4171
-6693,3898,2827,719,-6283,-7089,-1489,-3093,-6207,-6655,-4807,-4183
-6714,3884,2875,677,-6324,-7093,-1502,-3082,-6203,-6686,-4822,-4201
-6743,3873,2926,636,-6374,-7105,-1514,-3076,-6204,-6713,-4839,-4218
-6776,3869,2973,602,-6426,-7124,-1524,-3072,-6210,-6740,-4861,-4236
-6806,3874,3006,584,-6469,-7146,-1527,-3066,-6215,-6760,-4884,-4254
-6843,3882,3041,565,-6519,-7174,-1532,-3063,-6223,-6780,-4912,-4276
-6889,3895,3077,550,-6578,-7210,-1539,-3063,-6232,-6794,-4941,-4303
-6935,3917,3102,548,-6632,-7252,-1545,-3063,-6239,-6804,-4964,-4330
-6981,3940,3124,549,-6685,-7295,-1552,-3066,-6246,-6814,-4984,-4356
-7032,3956,3156,539,-6749,-7336,-1562,-3074,-6258,-6828,-5009,-4384
-7082,3971,3185,529,-6812,-7375,-1575,-3084,-6270,-6844,-5039,-4416
-7127,3987,3205,527,-6866,-7411,-1586,-3093,-6281,-6862,-5068,-4448
-7183,3997,3241,510,-6940,-7451,-1605,-3113,-6302,-6889,-5109,-4486
-7231,4013,3261,508,-6997,-7489,-1620,-3129,-6318,-6912,-5149,-4517
-7279,4028,3280,506,-7053,-7527,-1634,-3148,-6334,-6936,-5190,-4545
-7331,4040,3305,497,-7116,-7566,-1646,-3170,-6353,-6958,-5230,-4574
-7373,4050,3322,493,-7167,-7597,-1653,-3191,-6371,-6976,-5264,-4601
-7408,4057,3333,490,-7208,-7623,-1658,-3211,-6390,-6992,-5294,-4628
-7441,4060,3348,483,-7249,-7645,-1665,-3232,-6410,-7008,-5323,-4653
-7476,4063,3366,473,-7291,-7668,-1673,-3250,-6432,-7023,-5354,-4677
-7508,4068,3378,468,-7327,-7692,-1677,-3266,-6455,-7036,-5380,-4701
-7526,4080,3371,481,-7338,-7711,-1673,-3274,-6471,-7045,-5398,-4717
-7536,4091,3360,496,-7340,-7725,-1667,-3277,-6483,-7053,-5415,-4727
-7542,4096,3351,505,-7339,-7734,-1664,-3277,-6496,-7065,-5430,-4737
-7552,4095,3355,502,-7347,-7741,-1664,-3284,-6514,-7085,-5447,-4754
-7555,4095,3354,503,-7345,-7745,-1658,-3284,-6525,-7099,-5460,-4768
-7551,4094,3349,505,-7334,-7744,-1652,-3279,-6530,-7111,-5470,-4777
-7548,4088,3353,498,-7328,-7741,-1651,-3276,-6537,-7129,-5483,-4787
-7549,4082,3363,486,-7327,-7741,-1653,-3275,-6541,-7143,-5494,-4796
-7543,4084,3360,490,-7312,-7743,-1652,-3266,-6537,-7151,-5495,-4802
-7533,4089,3352,497,-7289,-7743,-1650,-3254,-6529,-7156,-5486,-4806
-7524,4090,3352,497,-7271,-7742,-1651,-3242,-6523,-7164,-5480,-4813
-7504,4098,3335,513,-7234,-7739,-1644,-3220,-6509,-7170,-5471,-4813
-7492,4097,3338,509,-7215,-7735,-1643,-3203,-6501,-7185,-5469,-4818
-7481,4095,3344,503,-7200,-7731,-1642,-3182,-6492,-7198,-5468,-4822
-7470,4097,3347,501,-7182,-7729,-1639,-3156,-6480,-7210,-5466,-4826
-7468,4097,3361,491,-7179,-7731,-1638,-3130,-6470,-7224,-5466,-4836
-7470,4095,3381,475,-7183,-7735,-1638,-3108,-6460,-7237,-5468,-4849
-7469,4093,3398,461,-7184,-7735,-1636,-3083,-6446,-7245,-5467,-4858
-7466,4089,3413,448,-7185,-7732,-1631,-3059,-6429,-7249,-5462,-4866
-7467,4080,3436,426,-7195,-7728,-1629,-3042,-6416,-7259,-5459,-4874
-7480,4067,3476,390,-7226,-7729,-1634,-3036,-6411,-7271,-5465,-4887
-7499,4055,3516,355,-7263,-7733,-1638,-3030,-6409,-7276,-5475,-4901
-7517,4047,3551,327,-7298,-7739,-1641,-3021,-6408,-7276,-5482,-4914
-7534,4048,3574,312,-7326,-7749,-1640,-3008,-6406,-7270,-5486,-4920
-7560,4049,3603,294,-7367,-7765,-1641,-2999,-6408,-7264,-5496,-4927
-7594,4057,3631,281,-7414,-7790,-1643,-2992,-6413,-7254,-5507,-4936
-7621,4071,3643,283,-7448,-7815,-1638,-2980,-6412,-7237,-5511,-4939
-7645,4090,3644,296,-7474,-7840,-1630,-2965,-6406,-7224,-5513,-4941
-7676,4109,3650,305,-7510,-7868,-1626,-2957,-6404,-7220,-5519,-4951
-7709,4129,3656,316,-7548,-7899,-1626,-2950,-6406,-7214,-5528,-4962
-7738,4155,3648,339,-7575,-7931,-1628,-2941,-6408,-7209,-5536,-4971
-7780,4179,3655,351,-7621,-7970,-1639,-2947,-6423,-7215,-5556,-4992
-7814,4209,3645,379,-7651,-8008,-1644,-2953,-6436,-7217,-5571,-5009
-7845,4236,3636,403,-7680,-8042,-1649,-2959,-6448,-7218,-5585,-5025
-7880,4256,3636,417,-7716,-8074,-1655,-2968,-6462,-7217,-5602,-5041
-7913,4277,3633,434,-7748,-8106,-1655,-2974,-6474,-7213,-5618,-5058
-7942,4297,3627,452,-7775,-8136,-1649,-2979,-6487,-7209,-5635,-5078
-7972,4314,3626,466,-7803,-8164,-1642,-2987,-6503,-7212,-5653,-5100
-8003,4328,3629,474,-7835,-8192,-1636,-2996,-6523,-7221,-5673,-5122
-8031,4343,3629,484,-7860,-8219,-1624,-3000,-6541,-7227,-5693,-5142
-8047,4362,3616,506,-7867,-8241,-1608,-2995,-6550,-7231,-5706,-5152
-8061,4378,3604,525,-7870,-8261,-1593,-2989,-6559,-7240,-5718,-5160
-8072,4390,3597,539,-7873,-8278,-1579,-2984,-6566,-7254,-5733,-5168
-8089,4397,3602,539,-7885,-8295,-1569,-2980,-6574,-7276,-5754,-5181
-8101,4402,3607,539,-7893,-8308,-1558,-2975,-6578,-7294,-5777,-5193
-8108,4402,3613,534,-7895,-8316,-1548,-2970,-6582,-7317,-5797,-5203
-8119,4399,3630,520,-7905,-8325,-1540,-2968,-6588,-7346,-5822,-5218
-8133,4394,3653,500,-7920,-8335,-1535,-2968,-6598,-7374,-5851,-5238
-8141,4394,3667,489,-7924,-8345,-1530,-2969,-6606,-7401,-5880,-5257
-8145,4395,3678,480,-7921,-8353,-1523,-2965,-6612,-7426,-5904,-5270
-8156,4395,3699,463,-7929,-8365,-1519,-2963,-6621,-7454,-5929,-5283
-8154,4400,3703,461,-7918,-8372,-1505,-2951,-6622,-7474,-5941,-5286
-8159,4400,3720,446,-7919,-8379,-1495,-2944,-6626,-7498,-5952,-5294
-8163,4402,3735,435,-7918,-8388,-1483,-2932,-6625,-7514,-5960,-5300
-8162,4407,3742,429,-7910,-8395,-1470,-2916,-6616,-7522,-5963,-5300
-8165,4409,3755,420,-7908,-8402,-1462,-2905,-6607,-7527,-5968,-5302
-8171,4414,3770,410,-7912,-8412,-1456,-2900,-6605,-7532,-5973,-5305
-8175,4423,3776,410,-7909,-8423,-1449,-2898,-6607,-7536,-5978,-5306
-8173,4431,3777,413,-7902,-8429,-1443,-2896,-6611,-7543,-5983,-5303
-8175,4436,3785,410,-7902,-8435,-1443,-2894,-6617,-7557,-5990,-5299
-8193,4437,3810,393,-7927,-8448,-1449,-2890,-6622,-7574,-6002,-5303
-8216,4439,3838,375,-7959,-8465,-1453,-2877,-6625,-7582,-6018,-5309
-8241,4444,3863,363,-7993,-8484,-1454,-2863,-6626,-7585,-6031,-5315
-8263,4456,3877,362,-8018,-8505,-1451,-2846,-6624,-7584,-6043,-5319
-8291,4467,3896,358,-8055,-8529,-1452,-2834,-6625,-7589,-6059,-5326
-8328,4481,3920,353,-8101,-8560,-1456,-2827,-6629,-7592,-6081,-5338
-8359,4502,3926,366,-8133,-8592,-1453,-2815,-6630,-7584,-6099,-5344
-8385,4527,3922,387,-8157,-8621,-1448,-2800,-6630,-7571,-6111,-5344
-8414,4548,3925,403,-8189,-8650,-1450,-2789,-6634,-7568,-6126,-5347
-8447,4570,3928,419,-8225,-8683,-1456,-2783,-6643,-7568,-6144,-5354
-8474,4595,3919,446,-8249,-8713,-1460,-2772,-6649,-7560,-6156,-5354
-8514,4616,3927,458,-8294,-8749,-1471,-2773,-6665,-7558,-6175,-5359
-8551,4646,3922,485,-8327,-8788,-1477,-2772,-6681,-7555,-6193,-5363
-8587,4671,3920,507,-8363,-8825,-1486,-2773,-6698,-7561,-6213,-5371
-8625,4690,3926,519,-8404,-8858,-1499,-2778,-6718,-7574,-6238,-5384
-8656,4710,3924,537,-8435,-8888,-1507,-2785,-6736,-7585,-6263,-5400
-8685,4731,3918,558,-8461,-8917,-1510,-2789,-6754,-7595,-6287,-5418
-8717,4751,3918,574,-8491,-8949,-1510,-2796,-6775,-7608,-6317,-5439
-8753,4769,3925,584,-8527,-8983,-1509,-2804,-6796,-7617,-6347,-5462
-8786,4788,3929,595,-8557,-9015,-1503,-2810,-6813,-7618,-6373,-5480
-8808,4811,3920,617,-8570,-9044,-1489,-2810,-6823,-7615,-6394,-5493
-8828,4832,3914,636,-8581,-9071,-1474,-2808,-6830,-7615,-6415,-5508
-8849,4847,3916,644,-8596,-9095,-1464,-2805,-6838,-7624,-6435,-5527
-8874,4857,3928,642,-8618,-9121,-1457,-2805,-6849,-7640,-6457,-5546
-8898,4871,3939,642,-8637,-9148,-1449,-2803,-6858,-7658,-6479,-5564
-8915,4883,3946,643,-8647,-9169,-1440,-2796,-6863,-7681,-6498,-5580
-8935,4888,3966,631,-8665,-9190,-1437,-2792,-6871,-7714,-6518,-5600
-8961,4894,3992,615,-8689,-9215,-1435,-2787,-6879,-7742,-6539,-5621
-8981,4907,4007,609,-8701,-9241,-1432,-2778,-6884,-7761,-6557,-5637
-8994,4923,4014,612,-8701,-9265,-1428,-2766,-6890,-7780,-6574,-5652
-9012,4938,4028,608,-8708,-9291,-1430,-2757,-6900,-7802,-6593,-5669
-9019,4958,4026,618,-8698,-9314,-1430,-2741,-6903,-7818,-6605,-5680
-9034,4975,4037,617,-8701,-9339,-1437,-2727,-6910,-7839,-6621,-5698
-9051,4994,4049,617,-8707,-9368,-1444,-2711,-6915,-7862,-6637,-5715
-9069,5016,4058,622,-8711,-9398,-1449,-2691,-6916,-7881,-6647,-5730
-9090,5034,4074,620,-8724,-9428,-1455,-2673,-6917,-7903,-6657,-5745
-9114,5051,4094,614,-8743,-9458,-1461,-2656,-6919,-7921,-6668,-5760
-9135,5068,4109,613,-8758,-9486,-1466,-2638,-6914,-7932,-6679,-5774
-9151,5084,4120,614,-8768,-9509,-1468,-2617,-6898,-7936,-6683,-5781
-9172,5096,4137,611,-8788,-9533,-1476,-2600,-6881,-7945,-6686,-5786
-9202,5104,4167,596,-8824,-9559,-1490,-2591,-6875,-7964,-6699,-5797
-9237,5114,4198,583,-8867,-9589,-1508,-2587,-6881,-7989,-6717,-5813
-9269,5123,4225,573,-8907,-9616,-1525,-2584,-6891,-8013,-6734,-5829
-9295,5135,4241,572,-8938,-9640,-1541,-2579,-6899,-8036,-6749,-5842
-9327,5145,4263,567,-8979,-9667,-1558,-2576,-6911,-8060,-6767,-5856
-9366,5159,4286,565,-9027,-9699,-1572,-2575,-6926,-8080,-6789,-5874
-9399,5180,4294,578,-9063,-9732,-1583,-2573,-6939,-8090,-6810,-5892
-9428,5204,4293,598,-9092,-9764,-1593,-2566,-6950,-8097,-6831,-5907
-9463,5225,4300,611,-9132,-9797,-1610,-2562,-6965,-8108,-6858,-5923
-9504,5249,4308,627,-9178,-9837,-1630,-2560,-6984,-8118,-6889,-5943
-9541,5279,4305,653,-9214,-9878,-1647,-2552,-7001,-8126,-6915,-5962
-9588,5304,4316,667,-9266,-9921,-1672,-2557,-7028,-8141,-6949,-5989
-9624,5337,4307,698,-9298,-9964,-1694,-2564,-7054,-8153,-6978,-6015
-9662,5371,4298,730,-9332,-10009,-1719,-2576,-7080,-8172,-7008,-6045
-9706,5404,4296,757,-9373,-10057,-1743,-2592,-7108,-8194,-7038,-6077
-9749,5441,4289,789,-9409,-10108,-1763,-2606,-7133,-8208,-7067,-6104
-9791,5479,4281,821,-9444,-10158,-1777,-2616,-7153,-8219,-7094,-6127
-9837,5515,4278,848,-9482,-10211,-1789,-2623,-7174,-8233,-7123,-6153
-9886,5553,4278,873,-9523,-10267,-1799,-2631,-7193,-8247,-7152,-6184
-9930,5590,4274,901,-9556,-10320,-1804,-2634,-7202,-8249,-7173,-6214
-9959,5627,4258,935,-9569,-10363,-1799,-2627,-7196,-8238,-7185,-6235
-9985,5657,4246,962,-9580,-10400,-1793,-2617,-7192,-8238,-7195,-6255
-10012,5683,4242,979,-9596,-10436,-1789,-2607,-7197,-8253,-7206,-6277
-10045,5703,4251,984,-9621,-10472,-1787,-2599,-7212,-8278,-7220,-6298
-10076,5726,4259,990,-9643,-10510,-1782,-2588,-7225,-8301,-7235,-6317
-10105,5747,4267,995,-9660,-10544,-1778,-2576,-7237,-8331,-7249,-6336
-10138,5763,4287,988,-9687,-10580,-1779,-2569,-7255,-8370,-7268,-6361
-10173,5778,4312,978,-9717,-10616,-1783,-2565,-7275,-8411,-7289,-6388
-10199,5796,4327,976,-9732,-10649,-1783,-2555,-7288,-8443,-7301,-6410
-10221,5815,4337,977,-9741,-10680,-1784,-2541,-7294,-8474,-7311,-6429
-10250,5833,4359,970,-9760,-10715,-1790,-2529,-7300,-8508,-7322,-6450
-10266,5857,4361,980,-9759,-10745,-1790,-2509,-7299,-8534,-7324,-6464
-10280,5874,4369,982,-9759,-10771,-1795,-2491,-7301,-8562,-7328,-6479
-10294,5896,4373,990,-9756,-10798,-1801,-2471,-7301,-8581,-7328,-6492
-10307,5917,4378,997,-9756,-10825,-1805,-2450,-7297,-8596,-7326,-6504
-10326,5933,4392,995,-9766,-10852,-1812,-2433,-7293,-8609,-7327,-6516
-10346,5949,4409,993,-9779,-10879,-1822,-2418,-7286,-8615,-7330,-6528
-10364,5969,4418,999,-9787,-10908,-1832,-2400,-7275,-8614,-7331,-6535
-10379,5991,4421,1012,-9790,-10935,-1841,-2381,-7264,-8612,-7330,-6541
-10395,6009,4428,1019,-9800,-10961,-1851,-2363,-7255,-8614,-7330,-6546
-10423,6022,4451,1014,-9829,-10990,-1864,-2350,-7252,-8617,-7331,-6555
-10456,6037,4475,1011,-9864,-11024,-1874,-2339,-7249,-8620,-7335,-6570
-10491,6054,4497,1009,-9902,-11059,-1881,-2328,-7250,-8619,-7341,-6587
-10524,6074,4512,1017,-9935,-11095,-1884,-2316,-7250,-8613,-7343,-6601
-10558,6093,4528,1023,-9973,-11131,-1887,-2306,-7252,-8606,-7345,-6614
-10597,6114,4546,1030,-10016,-11170,-1889,-2298,-7255,-8594,-7350,-6629
-10632,6140,4552,1048,-10052,-11210,-1887,-2288,-7256,-8576,-7354,-6642
-10660,6164,4552,1069,-10080,-11243,-1885,-2275,-7255,-8556,-7355,-6652
-10688,6180,4558,1080,-10115,-11270,-1889,-2264,-7256,-8539,-7358,-6662
-10722,6193,4573,1084,-10159,-11298,-1894,-2255,-7258,-8517,-7361,-6676
-10753,6209,4579,1096,-10197,-11326,-1893,-2242,-7255,-8492,-7360,-6688
-10796,6222,4601,1094,-10255,-11360,-1898,-2239,-7258,-8479,-7369,-6705
-10832,6243,4607,1108,-10297,-11393,-1897,-2230,-7256,-8462,-7373,-6717
-10869,6266,4612,1124,-10338,-11429,-1898,-2221,-7254,-8452,-7376,-6728
-10912,6292,4619,1139,-10385,-11470,-1902,-2213,-7257,-8448,-7382,-6744
-10949,6322,4616,1163,-10421,-11511,-1904,-2204,-7258,-8442,-7388,-6756
-10980,6351,4608,1190,-10448,-11547,-1901,-2193,-7257,-8436,-7392,-6763
-11009,6377,4602,1212,-10473,-11579,-1901,-2182,-7256,-8432,-7397,-6771
-11040,6402,4599,1231,-10500,-11613,-1900,-2175,-7254,-8427,-7406,-6783
-11069,6432,4590,1256,-10520,-11649,-1898,-2168,-7248,-8418,-7415,-6795
-11086,6468,4563,1297,-10518,-11682,-1889,-2154,-7236,-8402,-7415,-6797
-11099,6503,4535,1338,-10510,-11713,-1879,-2138,-7224,-8388,-7412,-6796
-11115,6535,4513,1372,-10506,-11743,-1870,-2120,-7211,-8373,-7408,-6796
-11139,6559,4509,1388,-10517,-11775,-1864,-2102,-7201,-8361,-7406,-6797
-11158,6581,4504,1404,-10523,-11803,-1856,-2083,-7191,-8344,-7398,-6797
-11169,6599,4496,1418,-10518,-11822,-1847,-2061,-7180,-8326,-7389,-6794
-11184,6607,4503,1416,-10525,-11839,-1844,-2046,-7173,-8319,-7384,-6797
-11200,6611,4518,1406,-10535,-11855,-1845,-2033,-7168,-8311,-7383,-6803
-11210,6619,4523,1404,-10533,-11869,-1841,-2019,-7159,-8297,-7376,-6805
-11211,6627,4521,1408,-10520,-11878,-1834,-2002,-7143,-8285,-7364,-6801
-11214,6633,4525,1405,-10511,-11887,-1831,-1990,-7129,-8281,-7355,-6797
-11202,6645,4508,1421,-10478,-11892,-1819,-1967,-7105,-8268,-7335,-6784
-11195,6653,4501,1427,-10455,-11896,-1808,-1944,-7082,-8256,-7318,-6773
-11190,6662,4496,1433,-10434,-11902,-1797,-1918,-7058,-8238,-7300,-6758
-11182,6674,4485,1445,-10409,-11909,-1781,-1886,-7029,-8214,-7278,-6736
-11175,6684,4479,1453,-10389,-11916,-1770,-1857,-6999,-8193,-7256,-6715
-11168,6690,4476,1456,-10372,-11919,-1762,-1830,-6969,-8172,-7235,-6697
-11154,6695,4467,1462,-10347,-11916,-1753,-1797,-6934,-8146,-7210,-6677
-11136,6700,4453,1474,-10318,-11911,-1742,-1760,-6895,-8117,-7179,-6655
-11119,6702,4444,1480,-10295,-11905,-1731,-1723,-6855,-8090,-7147,-6633
-11115,6698,4451,1473,-10292,-11902,-1729,-1695,-6822,-8068,-7121,-6617
-11115,6696,4460,1466,-10296,-11904,-1728,-1669,-6792,-8041,-7098,-6602
-11116,6698,4464,1465,-10299,-11907,-1725,-1640,-6760,-8008,-7074,-6588
-11112,6704,4458,1475,-10294,-11910,-1715,-1608,-6723,-7966,-7047,-6571
-11107,6709,4450,1487,-10289,-11910,-1704,-1576,-6687,-7920,-7019,-6553
-11107,6713,4447,1496,-10292,-11913,-1692,-1549,-6653,-7875,-6995,-6539
-11098,6720,4431,1514,-10283,-11911,-1675,-1520,-6614,-7824,-6968,-6520
-11083,6725,4409,1536,-10268,-11904,-1660,-1492,-6575,-7773,-6939,-6500
-11070,6723,4396,1548,-10261,-11892,-1648,-1465,-6537,-7725,-6913,-6478
-11058,6716,4387,1555,-10259,-11878,-1637,-1441,-6500,-7677,-6888,-6457
-11040,6712,4368,1569,-10246,-11860,-1625,-1417,-6463,-7626,-6860,-6435
-11030,6700,4364,1568,-10251,-11842,-1617,-1406,-6436,-7583,-6841,-6419
-11012,6692,4349,1577,-10242,-11822,-1609,-1391,-6407,-7532,-6823,-6400
-10993,6683,4332,1586,-10231,-11799,-1603,-1377,-6378,-7481,-6806,-6381
-10976,6671,4321,1589,-10225,-11777,-1602,-1364,-6351,-7431,-6785,-6362
-10955,6664,4301,1600,-10209,-11753,-1600,-1349,-6323,-7377,-6755,-6342
-10927,6656,4274,1615,-10183,-11726,-1598,-1334,-6290,-7317,-6720,-6317
-10898,6647,4249,1626,-10157,-11697,-1598,-1318,-6257,-7257,-6685,-6290
-10875,6639,4229,1634,-10136,-11671,-1595,-1304,-6225,-7199,-6654,-6264
-10850,6631,4206,1643,-10110,-11645,-1586,-1285,-6191,-7141,-6618,-6238
-10811,6624,4169,1662,-10064,-11612,-1566,-1256,-6146,-7077,-6573,-6205
-10768,6615,4132,1678,-10013,-11574,-1543,-1225,-6094,-7012,-6523,-6167
-10729,6601,4102,1685,-9968,-11536,-1521,-1193,-6040,-6949,-6474,-6130
-10697,6584,4085,1681,-9933,-11501,-1501,-1163,-5990,-6892,-6429,-6101
-10665,6566,4068,1677,-9896,-11467,-1481,-1134,-5941,-6839,-6387,-6076
-10623,6547,4043,1675,-9847,-11425,-1461,-1105,-5890,-6788,-6341,-6049
-10579,6522,4023,1667,-9798,-11380,-1446,-1082,-5845,-6743,-6300,-6020
-10541,6498,4009,1655,-9755,-11340,-1433,-1063,-5804,-6701,-6261,-5990
-10497,6482,3981,1658,-9697,-11302,-1415,-1037,-5758,-6650,-6218,-5951
-10448,6469,3946,1667,-9631,-11263,-1398,-1008,-5708,-6594,-6170,-5905
-10400,6451,3918,1669,-9569,-11221,-1383,-980,-5659,-6542,-6123,-5861
-10339,6440,3872,1688,-9485,-11176,-1356,-942,-5601,-6485,-6066,-5812
-10281,6419,3837,1693,-9411,-11127,-1332,-907,-5546,-6426,-6011,-5766
-10221,6394,3805,1695,-9338,-11075,-1307,-869,-5488,-6363,-5956,-5718
-10157,6372,3768,1702,-9259,-11021,-1281,-826,-5426,-6302,-5899,-5667
-10097,6347,3739,1703,-9189,-10969,-1258,-783,-5366,-6248,-5842,-5619
-10039,6319,3715,1698,-9125,-10915,-1240,-743,-5308,-6199,-5784,-5572
-9977,6289,3690,1695,-9057,-10857,-1224,-700,-5247,-6149,-5724,-5522
-9908,6255,3661,1693,-8983,-10791,-1211,-660,-5187,-6101,-5661,-5467
-9838,6218,3636,1686,-8914,-10722,-1201,-627,-5133,-6058,-5602,-5412
-9779,6173,3628,1663,-8864,-10655,-1197,-602,-5086,-6019,-5548,-5362
-9723,6128,3624,1639,-8821,-10589,-1195,-576,-5039,-5968,-5495,-5315
-9664,6083,3617,1617,-8775,-10520,-1192,-548,-4994,-5909,-5442,-5273
-9599,6042,3598,1606,-8720,-10449,-1185,-518,-4946,-5846,-5384,-5227
-9535,6000,3581,1594,-8667,-10378,-1178,-492,-4897,-5785,-5327,-5177
-9476,5959,3568,1579,-8622,-10309,-1172,-468,-4847,-5715,-5271,-5124
-9408,5920,3542,1575,-8563,-10236,-1163,-440,-4794,-5634,-5209,-5065
-9331,5882,3505,1580,-8494,-10158,-1150,-415,-4743,-5547,-5144,-5003
-9255,5838,3475,1574,-8431,-10075,-1139,-398,-4699,-5467,-5083,-4941
-9183,5790,3451,1563,-8375,-9992,-1127,-386,-4660,-5388,-5022,-4878
-9101,5742,3417,1557,-8308,-9902,-1111,-364,-4612,-5303,-4955,-4809
-9030,5686,3400,1535,-8260,-9814,-1099,-341,-4565,-5228,-4896,-4746
-8953,5637,3368,1526,-8198,-9726,-1083,-309,-4510,-5146,-4833,-4681
-8873,5586,3335,1517,-8134,-9636,-1067,-275,-4453,-5063,-4769,-4617
-8799,5534,3308,1503,-8077,-9549,-1048,-244,-4396,-4973,-4705,-4556
-8724,5487,3273,1496,-8016,-9465,-1027,-214,-4334,-4881,-4640,-4497
-8649,5446,3231,1497,-7948,-9386,-1006,-188,-4272,-4793,-4577,-4439
-8577,5405,3191,1497,-7882,-9309,-988,-168,-4217,-4713,-4517,-4384
-8508,5361,3157,1490,-7822,-9233,-971,-150,-4165,-4638,-4459,-4329
-8437,5319,3119,1486,-7757,-9157,-949,-127,-4110,-4559,-4401,-4269
-8355,5281,3064,1495,-7671,-9076,-916,-96,-4047,-4478,-4336,-4200
-8270,5239,3010,1501,-7582,-8992,-882,-64,-3980,-4399,-4270,-4128
-8185,5191,2964,1499,-7497,-8905,-850,-36,-3915,-4327,-4203,-4058
-8102,5135,2927,1483,-7418,-8812,-821,-15,-3856,-4260,-4140,-3994
-8016,5077,2891,1465,-7336,-8717,-792,3,-3799,-4196,-4076,-3934
-7921,5013,2851,1446,-7243,-8613,-761,24,-3738,-4132,-4013,-3875
-7828,4942,2822,1415,-7158,-8505,-733,42,-3681,-4073,-3954,-3819
-7737,4867,2800,1377,-7077,-8396,-708,54,-3626,-4015,-3901,-3766
-7641,4795,2772,1345,-6987,-8286,-681,68,-3568,-3951,-3845,-3711
-7534,4724,2734,1320,-6883,-8169,-652,84,-3506,-3888,-3785,-3652
-7432,4649,2705,1287,-6787,-8053,-628,98,-3445,-3829,-3728,-3597
-7319,4583,2658,1273,-6671,-7936,-599,124,-3374,-3763,-3662,-3533
-7212,4516,2620,1252,-6564,-7821,-576,148,-3305,-3702,-3598,-3471
-7106,4454,2581,1235,-6458,-7711,-550,175,-3233,-3635,-3531,-3403
-6996,4394,2536,1224,-6345,-7599,-522,207,-3155,-3563,-3458,-3328
-6886,4328,2500,1205,-6237,-7484,-499,235,-3080,-3497,-3387,-3255
-6778,4258,2470,1178,-6136,-7366,-480,258,-3008,-3432,-3318,-3184
-6665,4189,2436,1156,-6031,-7247,-465,281,-2932,-3368,-3249,-3111
-6548,4123,2396,1139,-5919,-7125,-451,304,-2854,-3301,-3178,-3035
-6433,4055,2360,1120,-5812,-7003,-443,324,-2782,-3238,-3109,-2963
-6329,3981,2342,1084,-5726,-6885,-445,332,-2722,-3187,-3051,-2903
-6227,3904,2328,1044,-5645,-6765,-448,336,-2665,-3134,-2997,-2849
-6121,3827,2310,1008,-5561,-6643,-448,340,-2608,-3073,-2943,-2796
-6009,3756,2279,984,-5465,-6520,-444,346,-2551,-3006,-2887,-2742
-5900,3688,2247,962,-5373,-6401,-441,346,-2498,-2943,-2833,-2689
-5802,3621,2223,937,-5293,-6289,-440,344,-2452,-2880,-2786,-2640
-5696,3557,2188,921,-5204,-6175,-430,346,-2402,-2809,-2732,-2586
-5586,3494,2146,909,-5107,-6057,-418,350,-2351,-2735,-2675,-2530
-5482,3428,2112,890,-5022,-5941,-409,350,-2306,-2669,-2619,-2475
-5387,3363,2083,867,-4947,-5831,-402,345,-2266,-2610,-2567,-2426
-5286,3301,2043,855,-4862,-5720,-394,342,-2224,-2552,-2513,-2376
-5197,3236,2018,829,-4796,-5614,-394,331,-2193,-2503,-2470,-2334
-5105,3179,1980,816,-4719,-5511,-389,321,-2160,-2446,-2425,-2293
-5011,3118,1942,801,-4641,-5405,-382,309,-2129,-2390,-2379,-2254
-4923,3054,1911,779,-4572,-5301,-378,292,-2104,-2340,-2336,-2220
-4832,2995,1872,765,-4495,-5198,-371,274,-2075,-2290,-2294,-2184
-4735,2936,1825,755,-4408,-5091,-361,255,-2044,-2240,-2254,-2148
-4641,2875,1783,741,-4325,-4986,-354,233,-2016,-2199,-2217,-2115
-4550,2809,1749,718,-4249,-4880,-350,208,-1996,-2161,-2182,-2086
-4457,2741,1714,694,-4170,-4772,-342,183,-1979,-2121,-2146,-2057
-4354,2678,1664,683,-4072,-4661,-327,164,-1956,-2074,-2106,-2020
-4253,2617,1614,673,-3975,-4553,-311,144,-1937,-2033,-2070,-1983
-4156,2554,1572,657,-3884,-4447,-297,120,-1925,-2002,-2037,-1948
-4064,2483,1541,627,-3802,-4340,-291,87,-1919,-1982,-2008,-1915
-3972,2411,1515,594,-3721,-4232,-289,49,-1916,-1966,-1984,-1885
-3874,2340,1482,566,-3630,-4121,-283,16,-1909,-1952,-1957,-1852
-3782,2267,1458,530,-3549,-4014,-280,-16,-1903,-1946,-1930,-1821
-3695,2194,1441,491,-3473,-3910,-278,-44,-1898,-1943,-1904,-1794
-3607,2127,1419,459,-3392,-3810,-272,-65,-1891,-1935,-1876,-1766
-3515,2064,1390,434,-3303,-3710,-264,-84,-1884,-1927,-1843,-1735
-3429,1998,1373,399,-3224,-3613,-261,-107,-1882,-1925,-1816,-1708
-3332,1939,1339,381,-3127,-3512,-252,-125,-1875,-1917,-1781,-1675
-3240,1874,1317,352,-3040,-3412,-246,-145,-1873,-1917,-1747,-1646
-3151,1812,1297,322,-2957,-3315,-239,-163,-1873,-1915,-1715,-1620
-3059,1754,1271,300,-2868,-3217,-231,-174,-1869,-1907,-1679,-1594
-2966,1692,1249,273,-2782,-3117,-226,-187,-1867,-1904,-1645,-1567
-2877,1626,1236,237,-2705,-3015,-220,-201,-1864,-1899,-1612,-1540
-2787,1560,1222,203,-2627,-2913,-212,-213,-1859,-1892,-1577,-1510
-2693,1494,1204,173,-2545,-2808,-206,-224,-1852,-1885,-1539,-1475
-2597,1426,1186,140,-2464,-2700,-206,-240,-1850,-1880,-1503,-1443
-2512,1354,1182,97,-2400,-2595,-217,-267,-1857,-1882,-1478,-1418
-2430,1284,1180,54,-2341,-2493,-229,-300,-1872,-1886,-1456,-1395
-2345,1216,1170,17,-2278,-2391,-239,-336,-1889,-1890,-1434,-1373
-2256,1152,1151,-9,-2206,-2288,-249,-373,-1908,-1890,-1413,-1351
-2169,1090,1131,-34,-2136,-2187,-261,-411,-1921,-1885,-1395,-1329
-2093,1030,1119,-62,-2082,-2096,-276,-454,-1929,-1870,-1385,-1311
-2016,977,1096,-80,-2020,-2007,-287,-494,-1934,-1847,-1372,-1293
-1936,927,1067,-90,-1954,-1919,-294,-529,-1944,-1829,-1361,-1278
-1862,873,1046,-108,-1897,-1831,-301,-565,-1962,-1826,-1352,-1269
-1798,821,1032,-131,-1854,-1751,-307,-603,-1988,-1835,-1351,-1270
-1732,776,1008,-141,-1803,-1676,-310,-638,-2017,-1844,-1348,-1275
-1681,732,996,-159,-1771,-1611,-323,-679,-2056,-1857,-1353,-1284
-1629,701,969,-160,-1728,-1553,-335,-717,-2091,-1858,-1356,-1286
-1579,673,940,-158,-1687,-1499,-346,-754,-2124,-1858,-1356,-1286
-1539,642,923,-165,-1658,-1450,-362,-794,-2160,-1857,-1361,-1289
-1497,613,901,-168,-1625,-1401,-375,-832,-2192,-1852,-1365,-1293
-1453,587,873,-166,-1586,-1353,-388,-870,-2221,-1842,-1366,-1297
-1415,563,850,-167,-1554,-1311,-402,-906,-2249,-1833,-1368,-1304
-1382,537,833,-173,-1528,-1271,-416,-943,-2278,-1824,-1372,-1311
-1350,513,816,-179,-1501,-1233,-427,-975,-2302,-1809,-1373,-1313
-1311,492,788,-176,-1461,-1193,-431,-997,-2313,-1786,-1364,-1303
-1271,469,763,-177,-1421,-1151,-433,-1016,-2317,-1770,-1353,-1291
-1233,443,743,-183,-1384,-1108,-435,-1035,-2318,-1759,-1342,-1279
-1199,413,731,-198,-1353,-1067,-440,-1056,-2320,-1754,-1336,-1270
-1162,381,721,-215,-1321,-1022,-447,-1075,-2323,-1751,-1333,-1261
-1115,345,705,-232,-1276,-968,-448,-1089,-2319,-1746,-1325,-1247
-1071,304,699,-259,-1239,-911,-449,-1104,-2318,-1744,-1316,-1236
-1030,260,700,-292,-1205,-856,-446,-1120,-2317,-1743,-1310,-1227
-983,220,693,-318,-1162,-800,-439,-1130,-2314,-1735,-1302,-1215
-929,181,680,-339,-1109,-739,-430,-1134,-2311,-1729,-1291,-1199
-884,142,677,-367,-1068,-684,-430,-1143,-2314,-1726,-1283,-1188
-830,114,654,-374,-1007,-631,-427,-1145,-2309,-1714,-1267,-1172
-778,81,642,-391,-953,-575,-428,-1149,-2303,-1707,-1253,-1156
-729,45,636,-414,-906,-520,-429,-1153,-2297,-1700,-1240,-1137
-678,12,627,-432,-854,-465,-429,-1150,-2284,-1688,-1226,-1116
-632,-24,626,-458,-812,-412,-431,-1151,-2272,-1677,-1213,-1097
-589,-62,630,-487,-776,-359,-437,-1154,-2264,-1666,-1200,-1081
-546,-96,631,-512,-739,-310,-444,-1155,-2258,-1654,-1188,-1066
-504,-124,627,-527,-700,-265,-452,-1153,-2253,-1646,-1176,-1050
-468,-148,624,-541,-667,-225,-462,-1153,-2252,-1642,-1166,-1034
-446,-173,637,-565,-654,-195,-481,-1161,-2258,-1647,-1163,-1026
-430,-196,652,-589,-651,-170,-498,-1170,-2267,-1653,-1163,-1020
-417,-219,668,-612,-650,-147,-512,-1182,-2276,-1657,-1164,-1017
-402,-239,679,-629,-646,-124,-522,-1194,-2282,-1660,-1163,-1013
-390,-260,692,-649,-648,-101,-531,-1205,-2289,-1660,-1158,-1007
-390,-280,715,-673,-666,-87,-542,-1219,-2302,-1653,-1156,-1007
-384,-293,724,-684,-673,-74,-547,-1226,-2311,-1637,-1147,-1003
-374,-303,723,-686,-673,-60,-552,-1228,-2319,-1616,-1135,-998
-363,-314,722,-688,-673,-44,-559,-1229,-2328,-1599,-1124,-990
-355,-325,721,-691,-678,-30,-570,-1234,-2340,-1589,-1119,-980
-341,-328,705,-679,-668,-17,-576,-1233,-2347,-1579,-1110,-963
-335,-337,702,-680,-675,-6,-586,-1239,-2359,-1576,-1109,-953
-324,-341,688,-670,-671,7,-595,-1244,-2370,-1567,-1106,-943
-309,-348,672,-662,-663,23,-607,-1255,-2385,-1566,-1106,-940
-301,-358,666,-663,-666,37,-626,-1271,-2404,-1570,-1115,-942
-290,-367,654,-659,-662,52,-645,-1289,-2420,-1573,-1128,-943
-276,-372,635,-650,-652,67,-663,-1305,-2434,-1572,-1140,-943
-267,-377,622,-645,-647,79,-680,-1323,-2450,-1575,-1156,-946
-267,-381,617,-644,-653,82,-696,-1344,-2468,-1584,-1174,-957
-268,-380,608,-639,-655,82,-709,-1361,-2483,-1586,-1193,-970
-257,-372,582,-618,-635,86,-712,-1369,-2489,-1579,-1206,-975
-238,-366,550,-596,-605,95,-713,-1377,-2495,-1574,-1216,-979
-221,-364,526,-581,-579,106,-714,-1387,-2503,-1577,-1224,-984
-208,-370,515,-580,-563,118,-719,-1399,-2513,-1588,-1235,-992
-196,-377,507,-583,-547,131,-725,-1411,-2524,-1599,-1246,-1004
-172,-386,491,-582,-516,153,-729,-1418,-2532,-1607,-1255,-1014
-155,-403,492,-598,-500,175,-738,-1429,-2548,-1623,-1268,-1029
-145,-420,501,-618,-492,192,-747,-1442,-2567,-1645,-1281,-1048
-130,-433,503,-633,-474,210,-750,-1452,-2578,-1658,-1286,-1058
-109,-444,499,-640,-447,230,-748,-1456,-2581,-1662,-1285,-1059
-94,-457,504,-656,-429,247,-749,-1461,-2586,-1671,-1288,-1060
-69,-460,491,-653,-391,265,-744,-1462,-2585,-1674,-1284,-1057
-46,-467,484,-656,-359,283,-742,-1466,-2585,-1679,-1279,-1056
-28,-471,481,-659,-332,296,-743,-1467,-2583,-1681,-1272,-1053
-6,-471,471,-654,-298,310,-743,-1463,-2581,-1678,-1263,-1044
11,-476,470,-659,-274,323,-744,-1458,-2580,-1672,-1258,-1033
28,-488,479,-674,-257,340,-745,-1451,-2580,-1670,-1255,-1021
51,-506,486,-691,-236,366,-744,-1439,-2577,-1670,-1249,-1008
81,-527,489,-707,-209,399,-740,-1423,-2570,-1667,-1239,-991
107,-550,496,-726,-189,429,-738,-1409,-2564,-1667,-1229,-973
122,-578,520,-760,-188,456,-740,-1403,-2566,-1672,-1226,-958
132,-606,547,-794,-196,480,-744,-1396,-2572,-1672,-1224,-943
141,-629,569,-823,-203,500,-748,-1391,-2576,-1672,-1222,-928
153,-650,582,-842,-203,521,-749,-1390,-2581,-1671,-1216,-912
165,-665,590,-856,-202,539,-752,-1399,-2588,-1670,-1208,-893
167,-676,601,-867,-212,546,-762,-1418,-2597,-1669,-1203,-875
175,-679,596,-863,-209,553,-769,-1434,-2601,-1660,-1191,-854
187,-680,582,-851,-200,561,-773,-1439,-2598,-1647,-1174,-833
197,-685,574,-846,-196,572,-778,-1435,-2594,-1632,-1156,-816
203,-696,573,-850,-203,583,-782,-1426,-2591,-1617,-1140,-803
214,-704,561,-844,-199,596,-779,-1406,-2583,-1594,-1119,-789
213,-714,562,-850,-213,604,-781,-1394,-2582,-1576,-1105,-781
215,-717,551,-842,-217,608,-781,-1381,-2576,-1552,-1090,-771
221,-721,537,-834,-217,616,-786,-1371,-2568,-1528,-1074,-760
221,-733,536,-839,-230,625,-795,-1369,-2564,-1507,-1063,-753
218,-741,532,-840,-241,630,-802,-1370,-2561,-1485,-1051,-746
221,-742,516,-829,-239,635,-805,-1370,-2557,-1457,-1037,-737
225,-745,501,-819,-236,642,-810,-1372,-2553,-1435,-1028,-727
224,-750,493,-818,-240,647,-814,-1379,-2554,-1420,-1025,-719
221,-754,488,-816,-246,650,-816,-1387,-2553,-1402,-1022,-713
227,-752,469,-802,-234,655,-808,-1387,-2539,-1377,-1009,-699
235,-748,448,-786,-217,660,-798,-1384,-2521,-1351,-992,-680
242,-744,428,-771,-200,664,-788,-1379,-2502,-1329,-978,-660
243,-743,420,-765,-193,666,-777,-1376,-2487,-1314,-968,-641
242,-742,416,-764,-188,667,-767,-1375,-2474,-1306,-961,-625
251,-743,406,-759,-170,674,-755,-1368,-2457,-1302,-951,-608
258,-751,407,-767,-160,685,-750,-1367,-2445,-1312,-948,-597
262,-761,416,-781,-154,695,-750,-1370,-2435,-1325,-949,-590
267,-766,419,-787,-142,701,-747,-1369,-2421,-1333,-949,-580
281,-768,413,-787,-119,712,-739,-1363,-2403,-1340,-942,-565
288,-773,418,-795,-105,719,-735,-1359,-2389,-1349,-939,-555
306,-770,405,-786,-72,728,-725,-1348,-2369,-1355,-931,-545
322,-773,403,-787,-48,738,-720,-1338,-2350,-1368,-925,-535
333,-779,408,-795,-31,747,-717,-1327,-2330,-1378,-921,-524
348,-781,406,-797,-9,757,-711,-1311,-2305,-1387,-915,-509
363,-789,412,-806,9,770,-707,-1298,-2282,-1398,-912,-498
374,-800,424,-822,18,782,-708,-1285,-2264,-1411,-913,-494
388,-809,432,-833,31,795,-709,-1270,-2245,-1421,-910,-488
410,-818,431,-839,53,813,-712,-1253,-2224,-1430,-905,-480
430,-829,433,-847,71,833,-715,-1240,-2206,-1443,-903,-477
439,-844,451,-868,68,847,-723,-1236,-2198,-1463,-912,-484
440,-856,471,-889,58,855,-733,-1235,-2195,-1477,-930,-491
443,-867,488,-907,49,863,-738,-1236,-2194,-1482,-947,-499
449,-873,495,-915,47,871,-740,-1235,-2194,-1481,-959,-507
455,-877,498,-919,45,877,-742,-1231,-2192,-1473,-968,-514
453,-881,507,-926,33,879,-746,-1231,-2194,-1461,-983,-524
458,-879,502,-920,32,882,-746,-1224,-2190,-1441,-991,-525
468,-877,490,-910,39,888,-743,-1213,-2183,-1415,-995,-521
476,-879,482,-904,40,896,-742,-1205,-2182,-1394,-1000,-518
477,-882,479,-903,32,901,-747,-1202,-2184,-1378,-1006,-520
487,-882,464,-892,38,909,-748,-1190,-2179,-1354,-1004,-518
488,-892,466,-900,25,918,-751,-1183,-2178,-1335,-1006,-519
492,-897,458,-897,20,927,-748,-1174,-2177,-1317,-1004,-518
496,-900,447,-891,19,934,-745,-1166,-2176,-1303,-1000,-515
496,-905,441,-890,11,939,-746,-1163,-2179,-1300,-1001,-518
497,-907,429,-883,8,943,-746,-1162,-2183,-1298,-1002,-521
498,-904,412,-869,10,944,-744,-1165,-2187,-1299,-1005,-526
496,-901,398,-858,8,942,-743,-1175,-2195,-1302,-1014,-535
491,-901,390,-853,3,941,-741,-1184,-2205,-1301,-1025,-545
485,-898,381,-845,-1,937,-734,-1189,-2211,-1291,-1033,-553
489,-889,357,-824,13,935,-717,-1186,-2208,-1273,-1035,-552
493,-881,334,-805,28,934,-696,-1179,-2198,-1255,-1031,-546
496,-878,319,-793,39,934,-677,-1170,-2186,-1239,-1027,-537
498,-881,312,-792,46,938,-662,-1165,-2175,-1227,-1025,-532
498,-885,311,-795,49,941,-650,-1164,-2165,-1220,-1026,-529
507,-888,301,-792,67,949,-636,-1159,-2151,-1210,-1020,-522
512,-898,304,-803,74,959,-628,-1158,-2143,-1204,-1016,-520
512,-910,317,-821,73,966,-624,-1161,-2139,-1199,-1013,-519
513,-921,328,-837,75,973,-619,-1162,-2136,-1188,-1009,-516
522,-929,332,-847,89,984,-611,-1158,-2129,-1180,-1004,-509
527,-941,344,-864,96,993,-607,-1157,-2126,-1176,-1000,-501
544,-945,339,-865,122,1006,-598,-1147,-2115,-1162,-986,-487
560,-954,339,-873,143,1020,-590,-1136,-2102,-1146,-970,-475
573,-958,341,-879,162,1030,-577,-1125,-2088,-1125,-954,-463
590,-960,335,-878,188,1040,-561,-1109,-2073,-1104,-933,-443
608,-964,334,-881,212,1053,-546,-1093,-2059,-1092,-911,-424
622,-970,337,-888,229,1064,-533,-1081,-2047,-1085,-891,-409
640,-974,336,-890,251,1078,-520,-1068,-2032,-1078,-869,-390
666,-981,329,-891,280,1097,-509,-1053,-2018,-1073,-844,-370
690,-990,326,-894,305,1118,-502,-1041,-2007,-1074,-823,-354
701,-1002,337,-909,310,1132,-503,-1037,-2006,-1086,-810,-348
710,-1013,351,-924,310,1144,-505,-1036,-2008,-1099,-801,-348
722,-1022,357,-933,316,1158,-505,-1032,-2007,-1107,-794,-346
733,-1024,356,-932,325,1166,-502,-1023,-2003,-1107,-787,-344
740,-1016,348,-920,333,1166,-496,-1011,-1998,-1107,-781,-344
731,-1007,353,-915,321,1155,-492,-1006,-1999,-1108,-781,-351
724,-991,348,-899,315,1141,-481,-996,-1994,-1097,-773,-351
720,-975,338,-879,313,1129,-466,-979,-1982,-1076,-760,-344
709,-964,337,-869,299,1116,-458,-967,-1974,-1059,-751,-339
689,-955,345,-866,272,1098,-458,-962,-1972,-1048,-748,-339
676,-943,342,-854,255,1084,-454,-956,-1967,-1036,-739,-338
655,-941,354,-858,224,1072,-457,-958,-1968,-1032,-736,-341
636,-933,357,-851,199,1056,-458,-959,-1969,-1022,-730,-345
621,-926,353,-842,180,1043,-458,-962,-1970,-1012,-724,-349
605,-925,357,-842,156,1034,-458,-969,-1972,-1002,-721,-357
595,-924,354,-838,141,1029,-453,-975,-1969,-990,-716,-364
591,-923,342,-828,136,1027,-444,-977,-1962,-978,-708,-370
587,-920,330,-818,131,1024,-433,-979,-1954,-966,-700,-377
582,-920,321,-812,125,1022,-423,-985,-1951,-957,-697,-387
581,-921,309,-805,125,1022,-409,-988,-1945,-943,-694,-398
591,-919,284,-789,142,1028,-387,-983,-1930,-921,-683,-401
603,-916,258,-772,163,1033,-363,-976,-1914,-900,-670,-403
612,-916,240,-762,178,1038,-342,-970,-1899,-884,-657,-405
616,-919,231,-761,186,1041,-322,-967,-1884,-875,-647,-409
618,-922,225,-763,191,1042,-301,-962,-1868,-867,-641,-418
628,-923,211,-758,209,1047,-277,-952,-1848,-862,-632,-431
632,-928,209,-764,217,1050,-258,-947,-1827,-861,-628,-451
631,-934,216,-777,218,1051,-243,-947,-1810,-860,-626,-466
631,-936,219,-785,222,1049,-225,-946,-1794,-858,-620,-469
639,-936,214,-785,239,1051,-208,-943,-1778,-856,-607,-463
645,-940,218,-794,249,1055,-196,-945,-1768,-859,-596,-458
662,-940,208,-790,277,1062,-179,-940,-1754,-852,-578,-447
680,-946,204,-794,302,1076,-166,-935,-1741,-852,-564,-435
696,-954,206,-803,321,1089,-154,-932,-1728,-857,-554,-426
715,-959,203,-805,346,1103,-137,-923,-1710,-861,-540,-412
730,-965,206,-811,364,1115,-122,-911,-1690,-866,-524,-394
740,-972,215,-820,375,1124,-111,-898,-1671,-871,-508,-378
748,-974,221,-824,385,1129,-98,-884,-1646,-870,-489,-359
757,-970,222,-820,398,1132,-85,-870,-1619,-866,-466,-339
764,-971,227,-822,406,1137,-78,-859,-1595,-867,-446,-321
765,-983,250,-842,397,1146,-82,-857,-1580,-876,-435,-309
761,-999,280,-868,379,1154,-89,-858,-1568,-880,-424,-298
757,-1014,309,-893,359,1161,-93,-858,-1555,-867,-409,-286
758,-1026,328,-910,348,1171,-94,-852,-1535,-845,-391,-272
761,-1036,341,-920,341,1181,-90,-843,-1514,-826,-374,-256
754,-1042,359,-933,323,1182,-89,-839,-1498,-814,-364,-242
750,-1040,363,-930,314,1179,-83,-832,-1480,-801,-353,-227
750,-1033,358,-919,314,1178,-76,-821,-1461,-790,-340,-213
748,-1031,356,-913,307,1178,-72,-813,-1443,-786,-331,-203
738,-1028,362,-913,289,1172,-76,-810,-1432,-790,-327,-200
734,-1019,353,-899,284,1166,-76,-801,-1417,-785,-320,-194
723,-1015,355,-897,266,1159,-83,-799,-1412,-787,-320,-191
714,-1006,348,-885,255,1151,-86,-798,-1405,-784,-319,-184
704,-993,336,-868,248,1139,-86,-796,-1397,-778,-317,-177
689,-981,330,-857,231,1125,-89,-800,-1395,-775,-318,-175
675,-967,320,-842,218,1109,-88,-803,-1391,-770,-319,-173
665,-953,305,-824,213,1097,-83,-803,-1386,-761,-321,-169
656,-942,292,-810,207,1087,-80,-804,-1384,-756,-325,-168
643,-938,289,-807,194,1079,-80,-811,-1389,-755,-333,-171
631,-933,286,-805,181,1070,-81,-818,-1395,-749,-339,-176
625,-922,269,-789,183,1060,-75,-817,-1396,-734,-338,-174
623,-910,249,-771,192,1052,-64,-812,-1395,-725,-335,-173
623,-900,231,-755,202,1045,-53,-805,-1394,-723,-331,-177
622,-896,220,-749,208,1042,-43,-800,-1395,-723,-326,-184
623,-901,218,-753,210,1044,-36,-796,-1396,-730,-328,-197
634,-907,208,-754,227,1053,-25,-789,-1387,-738,-327,-204
639,-918,211,-765,232,1061,-21,-791,-1382,-759,-334,-215
641,-927,218,-778,233,1064,-18,-794,-1378,-783,-343,-226
645,-932,219,-784,241,1065,-12,-792,-1372,-798,-350,-233
655,-930,209,-778,262,1066,-1,-785,-1360,-806,-352,-235
662,-931,209,-780,275,1066,5,-784,-1352,-820,-357,-239
677,-929,197,-771,302,1068,13,-776,-1340,-826,-360,-233
694,-930,189,-766,328,1074,18,-770,-1326,-833,-359,-221
709,-932,187,-766,350,1078,21,-766,-1309,-837,-359,-208
727,-931,178,-759,378,1083,28,-759,-1288,-835,-351,-194
742,-934,176,-758,398,1089,33,-753,-1267,-834,-340,-181
753,-939,182,-763,412,1094,35,-745,-1243,-829,-328,-169
762,-939,184,-763,425,1096,33,-733,-1211,-812,-312,-158
772,-934,181,-755,442,1095,30,-718,-1173,-790,-293,-147
781,-934,182,-752,455,1097,25,-705,-1142,-776,-276,-139
782,-944,201,-768,448,1101,14,-699,-1127,-777,-265,-136
776,-951,222,-784,434,1101,4,-695,-1122,-780,-259,-135
770,-954,238,-794,422,1099,-4,-691,-1120,-783,-254,-134
768,-954,246,-795,417,1098,-8,-685,-1116,-782,-246,-132
772,-952,245,-790,419,1100,-11,-675,-1108,-774,-235,-128
764,-952,256,-793,405,1097,-19,-673,-1105,-763,-230,-131
762,-949,256,-789,400,1097,-20,-668,-1093,-742,-223,-130
762,-945,251,-779,399,1098,-17,-656,-1075,-717,-214,-124
761,-942,247,-773,395,1100,-16,-646,-1058,-696,-205,-117
751,-939,250,-771,378,1095,-21,-642,-1046,-681,-198,-115
745,-933,245,-762,368,1092,-24,-642,-1038,-670,-194,-112
734,-932,249,-763,349,1090,-34,-655,-1035,-665,-197,-116
724,-926,246,-757,334,1084,-43,-672,-1027,-649,-198,-120
717,-917,237,-746,324,1080,-51,-681,-1010,-628,-197,-120
706,-913,234,-743,308,1075,-60,-683,-994,-610,-202,-124
696,-906,227,-735,296,1069,-64,-677,-977,-595,-207,-123
690,-896,212,-720,292,1063,-61,-664,-962,-581,-210,-116
685,-886,197,-706,288,1057,-52,-651,-953,-571,-211,-105
673,-878,191,-700,276,1048,-44,-645,-954,-569,-213,-100
659,-867,184,-691,264,1035,-33,-644,-960,-572,-215,-101
657,-851,162,-670,271,1026,-15,-638,-961,-567,-213,-100
666,-840,133,-647,291,1027,7,-630,-960,-564,-207,-96
677,-835,109,-631,311,1032,24,-628,-962,-565,-201,-91
683,-833,96,-625,322,1036,35,-631,-967,-571,-200,-88
685,-834,90,-625,327,1037,38,-637,-973,-579,-204,-87
699,-835,74,-618,348,1046,42,-639,-974,-588,-205,-82
713,-844,67,-622,365,1059,43,-645,-977,-602,-209,-81
721,-855,69,-634,374,1070,43,-653,-978,-622,-213,-83
731,-860,65,-636,390,1076,45,-658,-977,-642,-214,-82
749,-860,49,-627,420,1085,53,-661,-972,-657,-207,-74
759,-863,47,-628,437,1089,56,-669,-971,-673,-208,-71
773,-861,36,-620,463,1092,61,-671,-967,-681,-208,-65
787,-864,31,-619,485,1098,63,-668,-962,-686,-207,-57
797,-865,30,-618,504,1101,62,-663,-949,-684,-205,-48
813,-862,20,-608,532,1104,63,-654,-931,-679,-197,-33
825,-860,15,-602,555,1106,60,-647,-920,-677,-189,-21
833,-861,18,-602,569,1107,55,-643,-912,-682,-183,-14
845,-865,20,-603,585,1113,54,-632,-899,-685,-173,-3
862,-871,18,-602,607,1124,58,-616,-879,-682,-160,11
877,-880,23,-608,621,1136,58,-600,-860,-679,-148,25
880,-896,45,-629,615,1146,50,-593,-849,-681,-144,29
873,-911,75,-655,595,1149,36,-589,-844,-685,-147,29
862,-920,102,-675,573,1146,24,-586,-842,-685,-151,30
852,-924,122,-687,555,1142,16,-579,-838,-678,-153,37
848,-926,133,-692,545,1140,11,-570,-829,-666,-154,50
838,-932,152,-705,523,1138,5,-565,-823,-651,-157,57
837,-933,156,-706,516,1139,8,-554,-812,-629,-157,66
845,-928,145,-693,523,1143,15,-541,-803,-610,-152,77
853,-926,133,-682,529,1149,22,-533,-800,-601,-149,86
858,-925,125,-676,528,1155,24,-533,-806,-597,-148,93
866,-918,105,-659,536,1160,29,-533,-814,-592,-145,100
865,-916,98,-654,529,1162,26,-540,-828,-597,-147,101
860,-907,87,-643,521,1159,22,-545,-840,-598,-151,103
861,-900,72,-631,520,1160,14,-551,-853,-600,-160,105
856,-900,68,-632,507,1163,3,-562,-869,-605,-174,101
849,-898,64,-631,492,1162,-4,-572,-883,-604,-185,93
845,-894,53,-625,486,1163,-6,-582,-891,-601,-193,84
841,-891,44,-622,479,1164,-8,-592,-900,-597,-194,75
831,-888,40,-621,466,1160,-12,-603,-914,-597,-195,65
821,-881,34,-616,456,1155,-12,-616,-927,-595,-199,53
823,-869,10,-596,467,1152,-4,-624,-932,-582,-198,44
830,-855,-19,-571,488,1153,7,-627,-930,-566,-191,41
839,-846,-44,-551,508,1156,14,-631,-931,-554,-186,37
843,-845,-56,-546,518,1162,20,-639,-934,-549,-185,29
844,-850,-57,-551,522,1168,25,-649,-938,-553,-191,19
857,-854,-69,-547,542,1181,34,-651,-937,-559,-193,17
867,-862,-73,-550,556,1194,40,-653,-936,-570,-195,18
869,-869,-67,-559,560,1200,44,-655,-935,-585,-197,19
868,-870,-63,-562,566,1199,50,-654,-935,-600,-198,25
871,-866,-69,-554,582,1197,65,-646,-932,-610,-192,36
870,-863,-65,-553,589,1191,76,-641,-930,-622,-188,45
875,-853,-73,-538,610,1185,91,-632,-923,-628,-179,56
881,-849,-76,-531,628,1182,102,-626,-917,-637,-170,63
883,-847,-73,-528,641,1177,108,-624,-912,-646,-161,68
894,-841,-80,-515,665,1176,116,-621,-903,-649,-150,77
904,-837,-83,-506,686,1174,125,-620,-895,-648,-142,86
906,-834,-78,-504,696,1168,131,-626,-893,-648,-138,95
908,-828,-75,-497,705,1159,139,-631,-888,-646,-131,106
913,-818,-81,-483,722,1151,143,-630,-879,-643,-121,118
921,-813,-84,-473,738,1148,144,-624,-871,-649,-114,130
922,-817,-71,-481,736,1146,134,-624,-867,-663,-112,137
918,-826,-51,-497,725,1146,119,-624,-865,-674,-112,142
914,-833,-33,-510,713,1144,106,-622,-862,-678,-112,147
913,-833,-27,-512,710,1141,99,-615,-859,-677,-111,153
915,-828,-31,-504,713,1136,94,-604,-852,-673,-108,158
907,-822,-26,-503,701,1126,83,-601,-850,-669,-109,159
906,-811,-34,-490,702,1117,76,-595,-844,-652,-103,165
907,-799,-48,-474,706,1110,73,-583,-831,-625,-90,180
907,-789,-60,-461,706,1104,71,-573,-817,-598,-77,196
900,-782,-63,-457,694,1097,63,-567,-810,-578,-72,204
900,-771,-79,-442,695,1092,55,-558,-802,-557,-62,211
895,-766,-85,-438,685,1089,42,-556,-801,-550,-57,214
892,-760,-95,-431,677,1086,31,-557,-802,-544,-50,214
894,-752,-113,-419,679,1087,21,-557,-800,-537,-39,216
892,-750,-121,-417,670,1088,7,-564,-801,-536,-34,209
889,-748,-129,-415,662,1090,-5,-573,-801,-532,-30,199
891,-747,-141,-411,660,1096,-14,-582,-800,-527,-27,190
892,-750,-148,-413,654,1102,-22,-593,-803,-522,-24,184
887,-754,-147,-421,642,1107,-30,-609,-811,-516,-24,179
880,-754,-149,-424,630,1106,-35,-623,-821,-504,-22,177
877,-743,-164,-410,631,1100,-25,-628,-822,-484,-14,179
877,-733,-180,-396,637,1096,-9,-628,-817,-464,-4,183
875,-728,-189,-389,638,1094,6,-629,-812,-448,3,184
874,-726,-193,-387,638,1093,17,-629,-808,-435,9,184
872,-726,-194,-387,638,1091,22,-632,-808,-426,12,181
880,-728,-200,-385,649,1098,28,-630,-805,-420,18,182
883,-741,-190,-399,649,1107,27,-632,-808,-424,19,182
887,-758,-174,-420,647,1119,24,-635,-812,-432,17,180
891,-771,-162,-434,649,1128,22,-636,-808,-435,17,180
905,-779,-163,-435,668,1139,22,-631,-797,-437,23,184
913,-788,-157,-442,680,1147,21,-627,-785,-439,30,192
924,-790,-159,-438,700,1152,28,-615,-767,-432,42,207
936,-794,-159,-436,720,1159,33,-604,-745,-423,57,220
945,-802,-152,-441,733,1166,35,-593,-724,-409,72,230
960,-809,-152,-441,756,1177,43,-577,-695,-389,92,247
975,-818,-150,-443,777,1188,50,-559,-666,-372,113,262
985,-828,-143,-450,790,1198,52,-544,-642,-359,133,271
996,-835,-139,-452,806,1206,53,-530,-618,-349,152,277
1013,-841,-143,-450,829,1219,54,-514,-592,-338,175,286
1028,-851,-142,-453,847,1233,51,-500,-567,-327,197,298
1029,-864,-125,-471,842,1241,38,-497,-551,-327,208,303
1020,-872,-103,-487,827,1238,21,-496,-539,-327,212,302
1014,-872,-94,-492,819,1235,7,-494,-526,-323,220,304
1014,-869,-95,-488,821,1233,-6,-489,-510,-312,236,311
1017,-860,-106,-474,830,1230,-15,-480,-491,-299,261,322
1009,-854,-104,-472,820,1223,-27,-479,-479,-291,277,326
1006,-844,-113,-461,819,1217,-35,-474,-463,-278,292,332
1008,-832,-130,-443,825,1214,-40,-463,-445,-259,306,339
1008,-822,-143,-431,825,1211,-48,-457,-432,-248,314,341
1000,-811,-152,-421,815,1202,-59,-458,-424,-241,318,338
996,-797,-167,-405,812,1195,-68,-459,-414,-228,326,337
988,-793,-171,-404,797,1192,-81,-464,-409,-218,330,332
982,-788,-177,-401,785,1189,-89,-468,-403,-205,332,327
978,-776,-192,-388,779,1184,-93,-471,-395,-191,337,324
970,-768,-200,-382,767,1178,-100,-479,-391,-184,338,319
963,-758,-210,-373,757,1170,-105,-483,-390,-175,338,317
957,-745,-225,-359,751,1162,-105,-487,-387,-162,340,317
950,-734,-236,-348,743,1152,-103,-491,-384,-146,341,318
940,-725,-240,-343,729,1142,-104,-500,-384,-134,338,317
932,-716,-246,-337,720,1132,-103,-507,-385,-120,336,316
933,-703,-265,-318,727,1125,-94,-510,-383,-98,339,320
940,-690,-286,-297,741,1121,-82,-515,-380,-79,346,324
947,-682,-302,-283,754,1120,-72,-525,-375,-64,352,327
951,-680,-307,-279,759,1120,-68,-534,-369,-51,357,328
948,-681,-301,-284,755,1116,-68,-537,-362,-42,357,327
951,-679,-304,-280,763,1114,-64,-524,-348,-30,360,332
950,-682,-295,-286,762,1112,-66,-510,-335,-23,360,337
946,-690,-277,-302,754,1111,-73,-501,-325,-18,360,340
942,-694,-263,-311,752,1106,-82,-490,-315,-16,363,342
948,-693,-263,-308,766,1105,-86,-474,-300,-14,370,346
952,-698,-256,-312,775,1105,-93,-461,-288,-21,372,346
962,-697,-260,-306,797,1106,-99,-447,-273,-23,376,349
975,-699,-263,-301,820,1110,-108,-436,-259,-29,381,353
984,-704,-261,-302,837,1113,-117,-431,-249,-35,385,355
998,-705,-267,-296,863,1118,-120,-422,-232,-36,396,362
1010,-711,-269,-295,884,1125,-126,-413,-215,-32,411,367
1021,-723,-264,-304,899,1135,-135,-407,-201,-28,425,368
1030,-735,-258,-314,910,1145,-145,-404,-185,-23,439,371
1040,-745,-257,-319,925,1154,-154,-399,-164,-15,454,377
1050,-757,-253,-328,935,1165,-168,-396,-140,-8,471,387
1052,-777,-236,-352,930,1177,-187,-395,-119,-4,484,391
1049,-799,-213,-381,916,1187,-206,-398,-101,0,494,392
1049,-816,-199,-402,907,1198,-219,-398,-84,8,504,392
1067,-814,-223,-385,936,1208,-215,-381,-55,36,529,405
1086,-815,-247,-369,961,1221,-211,-361,-26,61,557,418
1064,-846,-200,-423,911,1228,-232,-369,-24,50,557,405
1047,-864,-171,-456,874,1230,-251,-376,-22,44,554,395
1044,-866,-174,-457,866,1231,-260,-373,-9,55,561,395
1046,-861,-188,-446,868,1233,-266,-365,7,68,571,400
1046,-854,-202,-434,866,1231,-273,-362,16,80,578,399
1051,-842,-227,-411,876,1230,-275,-356,24,92,588,400
1051,-834,-241,-399,873,1230,-280,-356,26,99,593,397
1048,-824,-254,-385,868,1226,-284,-357,26,108,598,394
1050,-810,-274,-364,870,1224,-285,-357,31,116,609,389
1058,-783,-313,-321,890,1217,-278,-351,42,138,622,382
1057,-762,-335,-293,893,1209,-274,-351,51,158,629,366
1033,-770,-305,-318,848,1205,-288,-367,44,146,616,338
1012,-778,-275,-343,805,1202,-301,-386,34,132,600,317
994,-776,-258,-353,775,1195,-311,-403,23,128,584,305
984,-766,-255,-347,760,1187,-318,-413,17,138,573,300
986,-746,-273,-320,770,1181,-316,-413,21,160,570,304
991,-720,-299,-284,788,1172,-313,-407,29,179,570,311
998,-698,-321,-253,806,1166,-310,-402,38,190,570,316
1003,-685,-333,-234,819,1165,-308,-399,46,197,566,320
1005,-678,-336,-226,824,1164,-311,-403,49,198,556,320
1019,-672,-349,-211,847,1171,-308,-400,58,203,551,326
1028,-675,-349,-211,858,1179,-307,-398,63,205,545,331
1029,-681,-339,-221,859,1184,-306,-398,66,206,539,335
1031,-685,-330,-228,863,1186,-305,-397,69,210,536,338
1041,-687,-334,-225,881,1191,-297,-389,79,218,542,347
1045,-694,-325,-235,887,1194,-289,-387,87,222,548,356
1053,-697,-326,-235,904,1197,-279,-384,97,233,556,370
1063,-702,-328,-237,923,1202,-272,-379,109,244,567,388
1066,-710,-321,-247,931,1202,-269,-375,126,259,577,400
1071,-715,-320,-251,944,1202,-263,-364,153,280,593,411
1075,-723,-316,-260,954,1203,-257,-353,175,292,608,420
1078,-737,-306,-277,959,1207,-253,-343,184,291,617,426
1083,-749,-301,-290,968,1212,-247,-335,186,282,625,430
1092,-758,-304,-296,983,1217,-241,-326,185,270,632,436
1101,-769,-305,-304,996,1224,-240,-317,182,255,638,442
1104,-788,-293,-327,996,1234,-247,-314,173,233,638,443
1102,-806,-277,-352,987,1239,-258,-315,163,214,633,441
1098,-818,-265,-370,978,1241,-268,-317,156,201,628,442
1094,-824,-260,-379,974,1239,-276,-319,155,197,624,446
1096,-825,-266,-378,978,1239,-279,-315,161,203,625,453
1088,-830,-258,-389,963,1236,-282,-315,161,211,623,456
1082,-827,-260,-387,956,1229,-277,-312,164,227,625,463
1078,-818,-268,-378,953,1222,-270,-304,168,249,628,470
1074,-811,-276,-369,949,1216,-264,-295,174,268,630,475
1064,-806,-275,-368,933,1209,-265,-293,175,279,624,474
1057,-798,-280,-359,924,1202,-266,-291,181,294,617,474
1044,-791,-276,-357,903,1193,-274,-294,185,304,609,470
1027,-780,-273,-351,879,1179,-281,-296,187,313,600,464
1020,-767,-280,-336,869,1171,-285,-294,190,322,591,462
1007,-758,-277,-331,848,1162,-293,-297,185,324,579,459
997,-750,-275,-325,830,1156,-299,-303,177,322,569,456
994,-740,-282,-310,823,1153,-304,-308,170,323,564,457
990,-728,-289,-296,817,1149,-308,-315,161,324,562,458
980,-718,-288,-287,801,1141,-313,-327,149,321,555,458
966,-703,-287,-275,784,1127,-316,-341,135,319,544,454
961,-684,-299,-251,783,1116,-309,-350,126,325,535,452
963,-665,-318,-224,793,1109,-298,-355,124,337,531,453
964,-648,-334,-199,802,1102,-286,-360,124,350,532,455
959,-632,-342,-182,802,1091,-278,-366,121,359,535,454
948,-623,-337,-178,792,1079,-272,-376,114,354,531,448
947,-611,-346,-164,799,1072,-260,-378,115,345,531,446
942,-606,-342,-162,796,1065,-251,-381,115,326,527,440
932,-608,-328,-173,785,1059,-243,-388,113,308,520,432
929,-614,-316,-185,781,1058,-238,-394,114,295,515,426
938,-619,-316,-190,795,1066,-228,-394,120,286,515,428
943,-630,-309,-203,802,1073,-220,-397,123,273,513,430
951,-634,-309,-207,817,1077,-211,-398,128,263,512,434
963,-639,-314,-210,837,1084,-203,-397,133,254,515,440
972,-649,-310,-221,851,1092,-199,-396,136,246,519,443
984,-653,-315,-223,873,1098,-191,-389,141,245,526,452
993,-656,-318,-226,891,1101,-185,-383,146,247,533,462
997,-664,-311,-239,898,1104,-185,-377,152,247,538,469
1001,-670,-307,-249,907,1106,-185,-368,157,250,545,473
1011,-674,-311,-251,925,1110,-183,-354,164,255,555,479
1020,-676,-315,-252,940,1113,-181,-340,173,251,564,485
1021,-687,-304,-269,940,1118,-186,-333,176,246,567,489
1018,-703,-284,-295,930,1123,-195,-329,176,248,566,490
1014,-717,-265,-318,918,1127,-205,-325,175,249,562,489
1012,-727,-252,-333,910,1129,-211,-320,173,244,557,487
1017,-731,-253,-335,915,1134,-214,-311,173,236,556,488
1011,-738,-242,-347,902,1133,-222,-310,165,227,549,482
1007,-735,-242,-344,897,1128,-226,-308,157,226,544,477
1006,-727,-252,-330,898,1122,-227,-304,152,228,545,476
1004,-719,-261,-317,896,1116,-227,-298,150,234,548,475
991,-711,-259,-311,880,1105,-232,-295,144,240,548,472
981,-698,-267,-295,869,1091,-235,-289,141,252,551,470
966,-687,-268,-285,851,1078,-242,-290,135,252,549,461
950,-675,-270,-273,831,1064,-251,-297,125,250,546,449
945,-662,-285,-252,826,1057,-259,-304,115,250,543,438
937,-651,-294,-236,815,1049,-272,-315,102,247,536,424
929,-638,-306,-218,806,1042,-283,-323,90,249,529,410
926,-626,-323,-196,805,1038,-290,-328,81,258,523,400
927,-619,-337,-181,803,1040,-291,-333,72,266,517,391
922,-615,-343,-172,795,1041,-294,-342,60,268,508,380
914,-609,-348,-164,784,1037,-295,-353,44,269,498,366
915,-599,-364,-145,787,1036,-291,-358,35,277,491,353
924,-591,-387,-124,803,1041,-284,-355,31,287,488,349
936,-589,-406,-109,820,1051,-278,-352,31,296,484,350
946,-591,-415,-104,830,1061,-273,-353,30,300,478,350
946,-601,-407,-116,824,1070,-271,-358,24,295,469,347
955,-610,-409,-122,833,1082,-265,-357,24,289,464,346
960,-626,-398,-140,832,1095,-264,-362,20,273,457,343
957,-642,-376,-167,820,1103,-266,-372,10,255,450,336
950,-654,-355,-191,808,1103,-267,-380,2,239,446,328
949,-656,-346,-200,810,1101,-264,-381,2,229,448,324
946,-662,-332,-216,808,1098,-263,-380,5,219,449,323
948,-663,-327,-222,817,1095,-261,-373,13,220,458,330
960,-665,-329,-224,837,1099,-258,-363,23,222,472,343
968,-668,-324,-232,851,1101,-256,-355,31,220,480,357
981,-667,-329,-230,875,1103,-250,-341,44,225,490,375
993,-666,-332,-230,897,1106,-243,-328,54,227,499,392
999,-669,-325,-237,908,1106,-240,-318,61,226,504,402
1006,-671,-321,-243,920,1107,-239,-305,72,229,514,412
1017,-670,-323,-242,939,1110,-237,-288,85,231,529,424
1030,-675,-322,-246,956,1118,-236,-270,98,231,546,435
1035,-690,-306,-266,957,1128,-243,-263,105,225,558,442
1035,-709,-280,-295,946,1138,-257,-263,104,217,565,443
1033,-728,-255,-324,932,1147,-272,-262,103,214,571,446
1031,-742,-235,-345,919,1154,-285,-261,102,215,577,449
1034,-751,-227,-355,917,1161,-295,-256,104,220,585,453
1028,-760,-212,-369,902,1162,-306,-255,105,225,587,454
1026,-759,-212,-366,897,1161,-312,-248,111,238,592,459
1030,-750,-228,-348,906,1159,-313,-235,123,255,600,465
1035,-741,-246,-328,914,1158,-313,-223,134,267,608,471
1029,-734,-252,-317,907,1152,-322,-215,139,276,609,471
1024,-721,-266,-299,903,1143,-332,-206,146,293,615,471
1015,-713,-272,-288,890,1134,-344,-200,150,304,617,466
1001,-702,-277,-276,873,1121,-358,-199,150,311,616,456
992,-689,-290,-259,864,1111,-366,-194,149,318,614,452
980,-682,-293,-252,844,1102,-376,-194,146,323,608,448
966,-676,-294,-247,824,1094,-383,-197,140,328,602,442
959,-672,-298,-242,810,1091,-387,-199,135,333,598,436
952,-672,-300,-241,795,1091,-390,-203,127,331,590,428
941,-672,-296,-244,775,1088,-394,-210,120,325,576,418
929,-671,-292,-246,754,1083,-395,-220,111,325,559,408
925,-664,-301,-236,749,1079,-390,-224,105,332,544,404
926,-654,-317,-220,754,1077,-382,-224,100,335,533,404
925,-644,-329,-205,756,1072,-375,-221,96,336,527,405
919,-633,-337,-194,755,1063,-370,-218,89,332,520,405
908,-626,-334,-192,744,1052,-372,-220,76,322,509,401
908,-616,-343,-180,751,1046,-369,-218,68,312,501,398
909,-613,-347,-176,757,1044,-373,-218,59,296,491,389
909,-613,-344,-179,760,1043,-379,-223,48,278,476,378
910,-612,-343,-180,767,1042,-386,-227,39,260,462,365
917,-602,-354,-166,788,1038,-391,-229,35,251,455,358
921,-596,-359,-159,804,1033,-396,-233,31,240,449,355
927,-586,-369,-147,826,1028,-398,-233,29,236,450,358
935,-578,-378,-136,851,1024,-395,-229,32,234,457,367
935,-576,-373,-137,861,1017,-389,-226,34,234,464,373
939,-574,-373,-136,878,1014,-377,-218,39,238,474,382
946,-579,-366,-144,892,1018,-367,-210,48,241,484,389
949,-593,-347,-166,895,1024,-361,-204,52,236,487,391
952,-613,-323,-195,894,1035,-356,-196,58,232,494,392
961,-635,-304,-222,899,1051,-348,-181,71,234,507,396
970,-655,-287,-246,905,1067,-341,-164,85,235,520,400
971,-676,-261,-277,897,1078,-341,-154,93,232,526,401
967,-696,-232,-309,883,1086,-349,-152,95,224,528,402
962,-708,-212,-331,871,1088,-357,-149,94,217,530,404
962,-715,-202,-343,868,1091,-364,-144,97,218,533,410
967,-718,-204,-344,874,1096,-369,-134,108,227,541,418
960,-721,-193,-354,861,1092,-379,-132,112,236,542,419
954,-716,-195,-351,855,1086,-386,-130,118,253,544,423
956,-707,-208,-337,859,1082,-390,-123,126,273,551,432
957,-697,-223,-322,862,1078,-397,-116,133,291,556,438
947,-689,-227,-316,848,1068,-411,-117,132,298,552,437
939,-676,-238,-301,839,1058,-422,-116,131,303,548,434
928,-667,-243,-292,823,1048,-434,-120,128,305,542,428
916,-661,-245,-288,802,1040,-446,-129,123,307,532,417
911,-653,-254,-276,792,1037,-454,-139,122,312,528,412
903,-652,-256,-274,773,1036,-464,-157,117,316,520,402
899,-651,-260,-270,760,1038,-476,-178,109,322,513,393
903,-648,-275,-257,760,1044,-481,-190,103,330,509,390
908,-644,-289,-244,760,1051,-479,-193,98,340,507,391
909,-643,-298,-235,756,1056,-478,-195,89,343,499,388
910,-641,-307,-226,752,1059,-477,-196,79,348,493,385
916,-632,-327,-204,762,1062,-468,-190,75,361,493,387
929,-621,-355,-177,783,1067,-455,-179,74,377,498,391
940,-612,-377,-154,801,1071,-446,-169,73,390,503,395
945,-606,-390,-140,810,1073,-440,-161,73,400,507,398
941,-605,-388,-139,807,1071,-437,-160,67,400,504,396
947,-601,-396,-129,818,1072,-428,-154,67,400,507,397
949,-606,-393,-133,822,1077,-423,-150,66,389,506,394
948,-612,-382,-143,821,1079,-424,-151,62,375,503,387
943,-614,-372,-151,819,1075,-429,-153,57,363,498,374
944,-610,-373,-147,830,1070,-427,-148,55,358,499,364
943,-606,-370,-146,838,1062,-421,-145,54,356,501,352
945,-599,-373,-139,853,1055,-410,-136,57,360,505,346
956,-597,-380,-133,877,1056,-399,-124,64,362,511,348
960,-598,-376,-138,889,1054,-392,-119,67,359,511,351
966,-597,-377,-137,906,1053,-382,-109,73,361,515,361
977,-601,-378,-141,926,1058,-372,-100,81,364,523,374
988,-612,-371,-154,939,1067,-366,-94,84,363,528,384
997,-623,-362,-168,950,1076,-361,-86,88,360,536,394
1008,-631,-359,-177,963,1083,-354,-74,96,360,546,405
1021,-642,-355,-188,978,1095,-348,-60,105,356,557,419
1028,-659,-340,-210,978,1106,-347,-52,106,342,563,429
1030,-679,-316,-240,968,1116,-350,-50,102,327,564,432
1032,-697,-296,-266,959,1126,-352,-47,100,315,562,433
1036,-709,-285,-282,955,1133,-354,-43,99,307,557,435
1046,-712,-289,-283,963,1140,-350,-36,103,306,554,444
1043,-718,-278,-294,953,1140,-353,-36,97,301,542,447
1040,-714,-278,-292,946,1135,-354,-35,91,305,534,449
1039,-707,-285,-283,944,1129,-352,-29,89,314,533,450
1038,-702,-291,-276,940,1125,-351,-19,90,325,534,446
1029,-698,-289,-276,923,1118,-353,-16,88,332,531,432
1021,-687,-296,-264,911,1107,-354,-13,91,341,529,415
1012,-678,-301,-255,897,1097,-357,-12,95,350,527,401
994,-664,-303,-245,875,1079,-361,-16,98,359,522,394
981,-646,-315,-225,862,1062,-362,-19,99,371,514,399
963,-633,-317,-215,840,1045,-366,-31,91,374,503,398
944,-621,-317,-207,815,1029,-369,-44,78,372,494,392
930,-608,-324,-193,799,1015,-372,-55,66,371,487,385
918,-596,-332,-179,787,1005,-376,-68,55,367,478,373
907,-588,-337,-170,774,997,-379,-85,42,359,462,356
898,-580,-343,-160,764,990,-380,-101,30,357,447,337
897,-570,-359,-142,768,988,-370,-107,28,364,438,322
901,-559,-379,-120,780,986,-352,-106,33,373,436,312
901,-550,-394,-104,787,984,-335,-105,39,379,433,303
896,-545,-399,-95,786,981,-319,-105,43,384,428,293
883,-545,-390,-101,773,975,-307,-110,41,382,418,282
882,-546,-389,-101,775,977,-291,-109,40,381,412,275
877,-557,-375,-117,767,982,-279,-112,34,369,403,266
867,-569,-353,-139,752,985,-271,-119,25,351,389,251
858,-578,-333,-158,741,984,-262,-125,16,336,375,237
855,-581,-325,-165,742,983,-248,-125,10,328,370,229
848,-584,-312,-176,740,979,-236,-127,3,318,363,222
844,-584,-302,-182,742,974,-224,-125,-2,315,358,221
850,-586,-301,-185,756,976,-209,-117,-2,314,357,229
850,-589,-291,-195,762,975,-198,-112,-7,310,355,237
855,-587,-291,-194,777,974,-182,-102,-8,312,359,246
864,-584,-295,-192,796,974,-168,-89,-3,316,364,255
872,-585,-293,-195,811,976,-158,-79,3,320,369,261
882,-587,-293,-198,828,980,-151,-72,11,326,374,268
897,-589,-298,-198,849,988,-145,-63,23,336,383,275
914,-598,-298,-205,868,1001,-138,-54,37,341,396,283
924,-614,-284,-225,871,1015,-140,-53,46,338,407,285
923,-628,-262,-251,860,1021,-148,-58,51,334,413,284
918,-638,-242,-272,846,1021,-154,-61,54,332,420,285
913,-642,-228,-284,835,1019,-160,-61,57,332,430,287
913,-639,-228,-283,834,1015,-164,-53,63,335,443,292
901,-636,-217,-288,817,1004,-171,-54,62,334,447,294
889,-623,-216,-280,804,987,-172,-52,64,338,449,298
880,-605,-227,-260,801,969,-167,-48,71,350,453,305
873,-589,-238,-242,796,954,-160,-42,80,364,460,310
858,-576,-239,-233,778,937,-158,-41,82,371,459,309
847,-562,-246,-218,766,922,-157,-41,86,377,458,311
834,-553,-249,-209,749,910,-159,-43,87,376,456,313
817,-544,-249,-203,725,896,-159,-49,84,374,451,312
805,-532,-257,-188,712,884,-151,-50,85,378,449,315
787,-524,-256,-183,687,870,-146,-55,81,381,445,314
766,-517,-251,-180,657,854,-140,-60,78,388,443,309
751,-509,-253,-172,638,844,-131,-63,82,403,446,307
738,-503,-256,-165,620,834,-121,-66,87,417,449,309
722,-499,-252,-164,596,824,-116,-74,86,423,447,308
705,-496,-247,-164,574,815,-110,-83,81,425,443,303
699,-491,-254,-155,568,810,-97,-86,78,430,445,302
707,-488,-272,-140,580,816,-80,-81,77,437,451,302
723,-491,-290,-129,599,831,-62,-74,77,439,459,304
736,-496,-302,-124,614,844,-45,-71,73,436,467,305
739,-501,-303,-126,619,851,-33,-73,66,424,467,301
750,-500,-316,-116,637,857,-20,-69,65,418,472,303
753,-502,-318,-116,646,861,-11,-68,64,407,473,303
749,-505,-308,-126,644,859,-3,-73,60,393,468,297
742,-509,-294,-138,639,856,3,-79,55,383,463,292
745,-508,-293,-138,652,855,12,-79,57,384,468,294
747,-509,-287,-144,661,855,17,-82,59,385,474,294
750,-507,-285,-145,676,852,22,-81,62,386,484,297
763,-506,-291,-141,702,856,28,-76,70,383,497,305
770,-509,-285,-147,718,858,32,-75,76,375,503,309
781,-508,-288,-145,741,861,39,-68,85,369,508,314
793,-508,-290,-144,763,863,45,-60,94,362,514,319
797,-509,-284,-150,775,862,49,-54,100,354,519,320
796,-507,-276,-153,781,855,50,-50,106,346,525,323
795,-500,-274,-151,788,845,50,-44,115,338,533,329
793,-491,-273,-147,793,833,48,-38,123,326,542,337
781,-487,-259,-153,782,818,41,-38,124,309,544,337
766,-487,-238,-168,761,805,31,-42,121,293,542,332
753,-489,-219,-182,741,796,24,-45,121,291,543,329
746,-490,-209,-190,728,790,22,-44,124,297,547,331
748,-488,-211,-187,728,790,28,-38,131,306,554,336
740,-492,-200,-198,710,788,29,-36,130,313,555,337
737,-493,-198,-201,697,787,33,-31,131,326,558,339
736,-492,-201,-198,689,788,39,-22,135,342,565,346
739,-492,-209,-193,685,793,45,-12,141,358,574,356
737,-496,-209,-197,670,799,48,-7,144,370,579,363
737,-496,-215,-193,659,803,53,-1,150,384,585,371
736,-499,-219,-193,645,809,56,3,155,393,590,376
726,-504,-213,-200,620,811,56,0,155,404,588,376
726,-506,-219,-197,608,817,55,1,158,422,589,381
720,-512,-217,-202,589,822,47,-3,157,433,585,382
710,-513,-214,-204,566,821,40,-10,160,448,581,381
701,-508,-219,-197,551,817,36,-15,169,466,581,384
691,-503,-221,-191,536,811,34,-20,172,475,580,387
677,-499,-218,-190,515,803,32,-26,165,473,575,388
659,-492,-214,-187,494,790,29,-33,150,465,565,389
649,-479,-222,-173,488,778,31,-33,140,460,561,394
651,-467,-240,-151,499,773,39,-23,139,462,565,406
657,-459,-256,-134,514,773,50,-9,142,466,570,418
660,-455,-265,-124,526,774,62,4,146,468,576,424
657,-460,-256,-132,522,775,69,8,146,466,575,423
664,-464,-258,-131,536,781,79,18,154,471,579,425
669,-477,-247,-145,540,791,86,23,159,471,578,422
665,-489,-227,-164,536,795,89,22,160,465,573,416
658,-494,-208,-178,531,791,88,15,158,456,565,408
656,-492,-201,-179,540,785,91,14,159,447,564,407
654,-497,-187,-189,544,782,90,14,158,434,564,408
653,-500,-174,-199,552,780,84,13,158,423,563,407
661,-501,-173,-198,572,782,80,16,162,413,564,409
665,-507,-161,-209,583,784,75,18,163,402,563,409
680,-510,-163,-209,609,791,70,24,170,402,564,412
700,-511,-173,-203,643,801,66,31,180,408,568,415
718,-515,-178,-203,670,811,61,37,190,412,573,416
737,-520,-184,-204,697,823,57,43,203,418,579,417
759,-525,-195,-201,727,837,52,51,218,424,588,423
782,-534,-203,-203,754,855,46,57,234,425,597,430
792,-547,-197,-219,759,868,36,57,242,421,601,430
789,-560,-178,-242,746,873,22,52,244,420,597,422
784,-568,-164,-261,731,874,10,47,246,428,595,416
780,-574,-155,-274,718,874,0,43,250,435,595,415
780,-571,-161,-272,715,872,-4,43,261,436,600,417
769,-571,-152,-282,693,865,-12,41,267,426,599,418
758,-565,-152,-281,674,855,-16,43,272,419,598,420
750,-551,-164,-268,663,842,-17,49,278,420,598,427
741,-535,-178,-251,652,827,-17,55,281,420,597,430
726,-521,-184,-241,630,812,-24,56,278,414,591,425
714,-504,-197,-223,615,796,-34,58,276,415,589,420
705,-490,-211,-206,601,784,-48,58,271,413,588,412
690,-478,-217,-195,578,770,-65,52,259,410,582,399
684,-464,-234,-175,570,761,-75,50,251,412,576,390
674,-453,-244,-161,555,752,-88,45,240,412,566,382
665,-444,-252,-149,540,744,-101,39,229,414,551,374
661,-435,-264,-133,534,740,-109,37,219,414,535,367
655,-426,-272,-119,526,735,-114,32,206,413,520,361
644,-419,-273,-111,511,725,-120,25,194,412,500,353
629,-411,-270,-103,496,713,-126,14,185,412,481,341
619,-398,-274,-88,489,700,-126,7,185,417,468,332
615,-383,-286,-66,495,689,-122,2,188,423,460,327
613,-368,-297,-43,504,678,-120,-11,187,423,453,322
609,-355,-304,-25,512,667,-121,-31,184,416,442,317
598,-344,-300,-16,509,651,-125,-54,179,407,425,308
597,-330,-308,2,523,640,-122,-60,183,400,414,304
601,-328,-306,6,536,639,-118,-55,188,392,405,298
600,-333,-293,-4,539,640,-117,-50,191,382,394,289
597,-339,-276,-17,540,639,-117,-45,193,371,380,278
601,-340,-271,-20,554,639,-113,-38,199,366,374,272
606,-345,-263,-28,567,643,-110,-32,205,356,370,265
614,-348,-260,-33,585,647,-106,-25,212,347,367,261
631,-351,-266,-33,615,657,-97,-14,223,341,372,263
643,-361,-260,-45,632,668,-89,-7,230,333,378,260
657,-367,-262,-52,656,679,-76,3,238,334,388,264
674,-376,-264,-59,680,692,-61,15,248,335,398,271
684,-388,-257,-77,692,705,-50,24,255,330,405,277
692,-401,-248,-96,698,716,-40,32,260,327,411,286
701,-412,-243,-113,707,727,-30,41,269,327,423,300
709,-423,-239,-128,714,739,-25,49,279,326,439,316
710,-436,-225,-151,706,746,-25,50,282,315,450,328
702,-447,-207,-175,689,747,-32,44,275,300,454,333
695,-452,-195,-191,674,745,-44,36,266,286,457,335
693,-452,-195,-195,669,743,-58,30,262,286,462,338
701,-449,-208,-188,677,747,-65,31,263,295,472,345
701,-452,-207,-193,668,750,-74,27,258,301,475,346
703,-455,-210,-195,662,754,-80,28,256,316,478,350
710,-454,-223,-187,665,759,-82,36,259,338,488,359
716,-450,-238,-175,667,763,-86,45,264,359,500,372
712,-450,-240,-172,654,763,-98,45,261,368,506,376
709,-448,-245,-165,642,761,-108,45,256,381,514,380
706,-450,-246,-164,628,763,-118,44,252,392,522,382
694,-455,-237,-171,601,762,-130,38,244,403,523,377
689,-455,-240,-164,588,761,-137,34,239,419,526,373
677,-454,-236,-162,565,755,-146,24,229,428,525,364
660,-449,-231,-157,540,742,-157,12,218,441,518,352
645,-438,-235,-142,523,728,-164,0,210,454,511,342
632,-427,-239,-126,509,714,-166,-10,204,462,503,335
615,-418,-238,-117,490,699,-166,-25,195,463,492,326
600,-414,-233,-112,472,688,-162,-42,187,468,480,319
591,-405,-237,-99,465,678,-153,-52,186,484,473,319
587,-394,-247,-81,469,669,-136,-55,192,505,472,326
585,-386,-256,-66,474,664,-122,-57,200,524,474,331
583,-381,-260,-57,479,660,-113,-58,211,539,475,334
575,-379,-253,-59,473,654,-109,-64,218,546,471,333
576,-373,-258,-50,483,651,-101,-65,229,553,471,334
578,-377,-254,-55,490,654,-94,-67,238,551,468,327
580,-385,-243,-68,493,661,-88,-68,244,545,463,315
576,-389,-230,-80,493,660,-82,-71,244,535,457,300
580,-386,-230,-80,507,659,-67,-67,245,527,456,295
584,-385,-228,-83,522,660,-52,-65,244,514,456,292
589,-383,-226,-85,537,660,-39,-62,239,502,455,294
601,-379,-233,-81,563,662,-23,-54,240,491,460,301
600,-377,-226,-88,571,658,-18,-54,235,474,460,305
603,-370,-227,-86,586,652,-13,-51,235,462,463,312
610,-364,-231,-84,606,650,-4,-42,239,452,468,321
614,-363,-227,-89,618,648,2,-34,243,438,470,326
620,-365,-224,-97,630,651,5,-25,245,421,472,329
631,-366,-227,-101,647,657,10,-15,250,405,476,332
643,-370,-230,-104,665,665,16,-1,257,393,483,337
649,-378,-223,-118,669,673,15,9,262,377,485,329
644,-388,-204,-141,656,674,11,11,263,361,482,305
632,-398,-180,-166,632,672,6,10,265,349,478,278
621,-405,-161,-186,611,668,2,10,267,344,473,260
620,-407,-158,-191,605,669,3,13,275,348,472,256
609,-415,-142,-208,580,667,1,7,275,350,466,249
598,-415,-134,-214,560,660,1,1,275,359,460,243
592,-411,-136,-212,547,654,3,-3,277,371,455,241
590,-409,-141,-206,537,653,6,-5,280,383,453,243
581,-411,-137,-210,516,650,5,-11,274,387,446,240
574,-408,-140,-205,499,645,5,-16,267,392,442,238
567,-403,-146,-197,482,639,4,-19,261,397,439,238
555,-402,-144,-195,457,633,-1,-26,250,400,429,231
553,-396,-155,-182,448,630,-4,-27,245,406,423,226
548,-394,-161,-174,433,627,-10,-31,240,409,414,217
541,-396,-162,-171,415,626,-15,-36,235,416,404,206
538,-394,-169,-162,406,626,-15,-39,235,427,397,199
535,-392,-175,-153,396,624,-13,-45,233,434,389,190
524,-389,-175,-147,379,617,-10,-55,228,438,382,179
509,-381,-175,-138,361,604,-7,-66,221,443,375,166
501,-367,-186,-118,358,591,0,-72,219,459,372,158
501,-351,-208,-90,369,582,13,-72,221,478,372,154
501,-337,-225,-66,380,573,24,-73,221,499,372,149
498,-325,-236,-48,387,564,36,-73,222,520,373,142
487,-320,-231,-44,381,554,40,-76,221,526,370,132
485,-308,-240,-28,392,545,48,-77,224,524,371,125
481,-301,-241,-20,399,538,55,-81,225,513,371,117
474,-300,-233,-22,400,533,59,-87,226,496,369,108
470,-298,-227,-24,407,529,62,-91,227,483,368,101
475,-293,-232,-16,427,528,71,-90,232,472,374,100
479,-290,-233,-12,446,529,80,-87,236,458,380,101
484,-288,-233,-10,465,529,88,-82,241,445,388,102
498,-285,-243,-3,498,537,99,-73,252,435,400,106
505,-289,-239,-9,516,543,103,-70,255,422,403,103
513,-292,-235,-15,534,550,111,-64,264,417,409,105
523,-299,-230,-24,552,559,120,-52,275,416,418,109
528,-308,-217,-42,560,568,126,-42,284,413,425,112
532,-318,-204,-60,565,575,130,-33,292,410,432,116
542,-329,-196,-76,576,588,136,-23,299,411,441,124
555,-344,-188,-95,587,605,142,-13,309,410,453,134
564,-365,-170,-125,586,624,147,-8,316,405,463,144
568,-389,-144,-162,574,640,149,-6,320,401,466,150
571,-409,-124,-193,562,654,149,-5,326,399,465,154
575,-420,-113,-212,555,662,149,-3,334,396,464,158
582,-423,-117,-216,557,667,152,4,346,398,466,164
580,-427,-109,-228,544,667,151,5,353,399,463,167
575,-424,-109,-230,531,661,155,6,362,406,461,170
576,-415,-121,-220,528,654,164,11,374,423,463,174
580,-409,-135,-209,528,652,174,21,385,446,467,181
576,-405,-138,-207,513,646,179,26,389,462,465,184
572,-397,-147,-197,501,638,182,30,391,473,464,185
568,-390,-157,-185,490,631,183,33,390,478,462,184
553,-382,-154,-181,463,616,179,30,383,482,456,180
542,-365,-166,-160,449,598,177,34,380,491,455,182
525,-349,-171,-142,427,577,170,30,372,495,452,179
506,-335,-170,-130,401,556,163,24,362,495,445,173
492,-321,-175,-113,384,538,155,18,355,499,438,168
479,-307,-180,-95,368,521,146,9,349,501,435,165
459,-295,-176,-84,345,501,137,-2,339,498,431,155
437,-283,-169,-75,319,480,132,-15,325,494,422,141
421,-268,-171,-58,307,461,134,-22,315,501,415,131
418,-252,-185,-32,312,450,145,-20,310,512,413,126
415,-238,-197,-9,320,440,157,-17,305,517,410,120
408,-228,-201,5,320,430,165,-17,299,515,409,114
394,-224,-190,5,309,420,164,-22,290,507,404,108
392,-220,-192,12,315,417,165,-21,291,505,406,109
394,-224,-188,10,322,421,164,-21,292,498,408,112
392,-235,-175,-5,322,428,160,-22,289,486,408,109
389,-248,-157,-25,320,434,154,-24,284,477,407,102
394,-255,-152,-33,333,443,157,-20,284,475,412,100
399,-263,-146,-45,344,451,162,-17,287,476,418,100
403,-270,-139,-57,356,457,166,-15,290,475,425,102
416,-275,-144,-61,381,469,177,-6,300,475,435,108
424,-284,-138,-76,396,478,184,0,307,470,438,111
436,-287,-144,-79,420,486,195,11,321,467,443,116
449,-286,-153,-77,447,492,207,20,338,464,447,120
455,-286,-156,-82,464,495,215,28,354,458,447,120
461,-288,-156,-90,477,498,221,35,372,454,446,118
471,-291,-160,-96,495,505,230,45,394,453,451,119
483,-295,-163,-103,511,513,243,57,416,452,459,119
487,-303,-156,-119,514,519,251,65,432,444,464,117
479,-311,-137,-143,498,518,251,67,440,432,465,113
469,-315,-121,-161,481,513,249,66,444,427,464,112
459,-312,-112,-169,467,503,249,63,445,426,463,115
456,-305,-115,-164,465,496,252,63,449,431,468,124
448,-304,-107,-171,449,490,249,58,448,432,467,131
443,-300,-106,-169,438,484,249,56,447,441,469,140
442,-290,-114,-157,434,477,250,55,446,455,473,151
441,-279,-126,-140,431,470,249,56,446,468,476,163
435,-273,-127,-133,417,464,242,52,443,471,475,170
430,-264,-132,-119,404,456,235,50,439,473,474,177
426,-258,-137,-108,392,452,231,50,435,474,474,184
413,-258,-127,-110,363,444,223,45,425,470,472,183
408,-254,-131,-98,348,440,218,46,418,472,475,186
400,-254,-128,-95,328,438,209,41,407,471,474,185
390,-257,-120,-96,303,435,200,32,397,469,471,179
384,-258,-120,-91,287,435,194,21,387,468,465,175
381,-257,-124,-82,277,434,190,9,377,468,457,169
371,-253,-124,-74,261,427,187,-5,368,467,448,162
357,-247,-123,-65,242,416,187,-22,357,470,441,155
347,-235,-132,-47,235,402,195,-30,351,482,438,148
347,-219,-153,-19,245,392,209,-32,353,500,440,147
350,-207,-172,5,257,386,223,-30,355,519,444,148
353,-200,-187,21,269,383,239,-29,359,535,444,148
347,-202,-182,18,263,379,251,-31,357,539,441,144
349,-199,-190,26,274,377,266,-28,359,541,442,144
352,-202,-192,25,283,378,276,-32,356,533,442,143
350,-206,-185,16,285,377,279,-47,346,518,439,138
345,-210,-176,5,285,374,280,-68,333,504,432,133
348,-207,-180,7,300,370,287,-77,330,497,430,132
355,-210,-182,3,319,374,297,-75,334,494,430,136
360,-215,-177,-8,332,378,306,-65,340,492,429,136
374,-220,-180,-13,357,387,318,-44,352,491,434,139
381,-232,-169,-33,367,396,325,-28,360,485,433,136
391,-240,-164,-47,384,405,334,-9,372,485,436,137
403,-246,-163,-56,405,414,342,11,383,487,442,140
411,-254,-154,-73,416,422,346,27,392,484,448,141
417,-262,-144,-89,425,429,350,43,403,482,453,144
429,-268,-142,-99,441,438,354,59,418,487,464,152
443,-273,-145,-105,461,450,354,72,432,491,475,162
451,-282,-138,-119,468,459,351,78,440,487,484,169
448,-292,-118,-143,457,463,340,78,442,482,488,168
443,-301,-100,-163,445,464,331,78,443,482,491,167
440,-308,-87,-179,434,466,325,78,444,483,494,171
441,-309,-86,-182,433,467,326,81,449,486,500,180
434,-311,-77,-190,418,464,323,79,447,487,502,183
428,-306,-77,-188,407,458,323,77,446,495,506,187
427,-298,-88,-175,406,454,325,77,448,507,515,194
429,-289,-103,-158,408,452,330,79,452,521,525,203
424,-287,-107,-153,396,450,329,77,451,528,530,206
419,-283,-113,-144,383,447,331,77,449,535,537,211
413,-276,-121,-132,371,444,333,77,448,546,544,219
395,-270,-118,-126,343,432,333,69,440,551,544,221
384,-258,-129,-107,329,422,337,64,437,562,544,224
372,-251,-133,-96,309,415,339,58,431,573,541,222
357,-242,-136,-83,288,404,340,51,425,583,535,218
348,-231,-147,-62,278,396,343,41,421,597,533,219
343,-220,-161,-40,273,390,344,32,417,613,530,221
337,-214,-168,-26,265,387,340,22,410,628,523,221
331,-210,-172,-16,257,385,336,15,400,642,516,216
329,-203,-182,2,258,382,337,14,395,661,511,212
333,-191,-202,28,270,379,346,20,395,677,508,212
334,-177,-219,53,281,372,354,24,396,686,504,213
329,-162,-230,74,286,360,361,26,393,687,498,214
319,-153,-228,81,280,347,366,21,387,677,487,211
319,-142,-237,97,291,339,374,23,386,668,480,212
320,-134,-242,106,301,332,379,25,384,650,471,209
317,-134,-234,102,302,328,380,26,377,625,460,204
314,-136,-222,92,302,325,380,24,371,597,451,198
319,-134,-221,92,315,323,383,23,371,572,449,196
324,-135,-218,87,328,323,387,18,370,546,450,196
327,-135,-211,80,339,321,390,13,369,521,449,196
342,-133,-218,82,367,326,399,14,374,503,456,202
351,-138,-210,70,381,330,403,12,376,485,461,204
364,-143,-207,60,401,338,413,14,381,478,472,209
381,-150,-207,50,423,349,426,19,387,472,483,213
393,-162,-197,31,436,361,433,23,391,466,492,212
405,-174,-187,10,446,373,434,24,395,461,499,210
420,-183,-186,-3,464,386,433,30,401,461,508,214
438,-191,-189,-12,484,399,430,37,406,462,519,222
446,-202,-181,-30,488,409,421,36,403,456,524,227
441,-213,-161,-56,473,411,407,25,392,447,521,225
431,-219,-142,-78,454,406,393,14,382,440,514,223
421,-217,-133,-87,440,397,378,7,375,435,508,223
416,-208,-138,-82,437,387,368,4,376,435,505,228
403,-201,-132,-84,419,374,358,-2,376,439,498,229
391,-190,-133,-79,405,360,353,-7,376,448,491,232
387,-177,-145,-64,402,349,352,-9,383,462,489,237
387,-169,-158,-50,401,346,354,-8,395,477,490,240
378,-167,-157,-49,384,340,355,-12,400,487,489,235
367,-162,-156,-45,364,332,358,-15,404,498,487,227
357,-157,-158,-38,347,325,362,-15,409,509,489,222
337,-153,-150,-38,315,313,362,-16,408,518,485,215
323,-140,-158,-21,299,299,368,-11,410,529,480,214
309,-131,-161,-8,279,287,371,-9,408,534,473,210
297,-129,-160,-2,259,281,375,-10,406,542,470,205
294,-125,-170,12,252,280,382,-8,409,557,470,200
291,-119,-181,29,248,278,393,-8,412,570,470,192
284,-116,-186,40,238,274,402,-15,410,574,468,180
276,-115,-186,46,225,271,410,-22,403,574,462,164
272,-112,-192,57,221,268,419,-25,397,579,457,150
275,-106,-208,77,231,268,429,-23,394,580,459,140
280,-102,-223,95,243,270,439,-19,391,576,464,130
286,-105,-230,101,252,276,449,-13,388,571,465,123
286,-116,-223,93,250,283,458,-8,379,565,464,116
291,-120,-226,95,260,289,470,-2,375,564,467,115
295,-127,-224,92,267,295,480,1,371,555,470,110
291,-132,-214,83,266,294,487,-3,362,541,470,102
281,-133,-202,75,260,285,493,-10,350,525,465,91
275,-123,-203,82,267,273,504,-9,345,516,463,85
270,-113,-204,90,277,260,514,-6,341,511,462,82
262,-103,-202,94,283,245,522,-2,338,504,460,83
266,-90,-213,107,307,237,533,9,344,498,464,91
265,-86,-209,105,318,231,534,14,345,487,464,93
269,-82,-209,105,335,228,537,23,348,480,467,99
279,-83,-211,103,357,233,541,34,355,473,473,106
287,-91,-202,89,369,241,545,45,362,464,480,116
295,-100,-193,73,380,251,550,56,372,459,487,128
309,-109,-189,61,397,265,556,68,385,457,494,142
325,-118,-189,51,417,280,557,79,396,455,500,155
339,-132,-181,33,428,297,549,85,401,447,505,166
341,-149,-159,4,420,310,535,83,398,436,506,172
339,-164,-136,-24,407,318,523,79,393,428,504,177
339,-175,-120,-46,397,325,514,76,388,425,502,184
347,-182,-118,-55,400,336,512,81,388,433,508,194
349,-195,-105,-74,389,347,505,78,385,438,512,197
348,-200,-98,-85,377,351,500,72,383,444,516,198
348,-196,-103,-82,373,350,500,70,386,450,524,203
350,-188,-114,-71,372,348,502,70,393,455,531,209
349,-185,-118,-68,363,348,496,65,395,455,531,211
348,-181,-125,-62,354,347,489,59,396,455,528,211
350,-176,-137,-52,350,348,482,55,394,453,524,212
342,-175,-136,-52,329,345,465,41,383,447,511,206
340,-167,-148,-39,320,342,452,33,377,447,503,203
332,-161,-153,-31,304,336,439,23,366,439,493,197
321,-157,-154,-26,283,328,430,10,351,429,484,187
315,-150,-163,-15,271,323,426,-1,335,425,477,180
311,-144,-173,-1,263,319,423,-13,320,421,471,173
304,-140,-177,7,250,314,418,-29,302,415,463,162
293,-137,-177,13,233,306,412,-47,281,410,454,147
286,-129,-185,26,226,299,411,-57,268,414,448,137
288,-121,-201,47,234,296,415,-62,263,422,448,134
290,-116,-213,62,240,295,417,-69,259,425,449,132
289,-115,-217,72,242,293,419,-78,255,421,448,129
282,-119,-208,67,233,291,420,-86,249,414,442,124
283,-122,-209,70,238,293,424,-88,248,414,439,126
286,-129,-204,68,244,297,427,-90,249,409,436,127
286,-139,-192,57,244,302,427,-95,246,400,426,122
285,-151,-175,42,243,307,429,-100,242,394,415,116
291,-158,-170,38,255,312,438,-96,245,395,412,115
298,-166,-162,31,268,318,448,-91,249,395,410,115
301,-171,-153,23,278,320,456,-88,248,396,407,111
319,-173,-160,28,310,329,465,-75,256,404,411,114
328,-180,-153,20,327,335,469,-63,261,402,412,114
337,-184,-148,15,345,340,476,-47,270,397,415,116
346,-185,-146,12,364,342,486,-25,282,388,420,120
349,-188,-136,2,372,342,492,-2,292,378,423,122
348,-190,-123,-10,376,339,496,19,299,372,426,123
352,-191,-118,-17,386,339,498,39,306,368,431,124
360,-193,-116,-22,399,343,496,55,314,360,437,129
365,-201,-107,-37,403,349,490,63,320,348,439,134
364,-217,-85,-67,393,358,478,66,319,334,435,135
361,-230,-65,-94,379,365,467,65,316,327,428,135
357,-240,-48,-117,366,369,456,66,314,329,424,134
362,-244,-48,-124,366,376,450,72,316,338,428,138
359,-253,-38,-142,353,382,441,72,313,347,429,138
353,-255,-33,-151,339,383,434,72,313,363,431,138
349,-251,-38,-151,330,381,433,76,320,386,437,141
350,-249,-46,-149,326,384,433,83,331,407,446,145
348,-256,-44,-160,311,393,429,82,331,413,448,144
344,-262,-42,-169,293,399,425,81,326,413,449,143
344,-267,-47,-172,282,407,423,79,319,406,453,145
332,-272,-39,-183,254,407,414,70,303,391,447,140
327,-267,-49,-175,242,405,406,64,291,385,442,142
320,-262,-56,-169,228,402,390,53,275,372,432,141
309,-256,-61,-162,210,394,370,37,255,355,419,137
303,-246,-75,-145,203,388,354,23,236,345,409,133
298,-233,-91,-124,199,379,343,11,220,337,401,134
288,-221,-101,-108,190,368,332,-2,207,330,392,133
273,-208,-106,-92,176,351,325,-17,195,330,382,127
261,-188,-119,-66,171,331,322,-26,190,340,376,126
260,-162,-148,-26,187,315,326,-30,191,353,374,130
263,-143,-173,9,204,305,330,-33,194,362,373,133
265,-130,-189,33,217,297,332,-37,199,364,368,133
261,-126,-189,40,218,292,330,-46,197,362,357,126
266,-124,-195,51,230,291,333,-47,197,362,350,118
277,-129,-197,54,246,300,336,-43,199,359,343,105
283,-139,-188,46,253,308,338,-40,198,351,332,92
289,-148,-181,40,263,314,339,-37,193,340,318,82
302,-150,-185,46,286,320,343,-26,194,339,309,82
316,-153,-188,49,310,328,348,-12,196,340,304,88
324,-158,-184,46,328,332,352,0,196,341,296,92
347,-162,-195,53,364,344,363,18,203,346,295,100
365,-173,-194,46,389,359,371,30,208,347,292,106
383,-181,-196,41,415,371,382,45,215,350,293,116
401,-187,-201,40,443,382,392,63,225,351,299,128
415,-196,-199,31,463,393,398,77,233,347,305,137
430,-206,-197,20,482,406,404,90,242,346,312,148
449,-217,-201,12,507,422,412,107,257,353,322,162
472,-228,-208,5,534,442,420,125,273,358,332,179
490,-242,-208,-9,551,460,421,137,285,359,339,191
497,-260,-195,-35,551,475,415,141,291,358,338,199
503,-277,-183,-60,548,489,407,144,298,360,332,204
510,-289,-177,-78,547,501,399,150,308,363,327,209
521,-295,-182,-83,556,513,395,161,322,370,330,215
527,-306,-179,-98,553,525,388,169,330,378,332,215
531,-312,-178,-108,548,534,382,175,337,392,335,217
537,-309,-191,-101,552,538,381,182,348,411,344,225
545,-305,-208,-90,559,544,381,190,361,429,358,235
549,-303,-217,-86,556,548,377,193,367,442,368,243
553,-299,-231,-76,556,552,375,199,374,456,377,249
560,-293,-249,-61,560,557,378,206,382,472,386,255
555,-290,-252,-57,546,556,377,205,380,485,388,254
559,-278,-273,-34,549,555,380,206,384,504,393,257
562,-270,-290,-16,550,556,380,205,388,519,391,259
561,-265,-299,-3,544,557,379,202,389,531,385,259
562,-258,-314,14,543,557,383,202,392,547,379,262
567,-253,-329,32,546,561,394,201,395,564,379,269
572,-252,-339,44,548,568,407,193,393,577,378,277
576,-253,-347,55,549,575,423,179,386,588,373,280
584,-252,-361,70,558,583,445,171,384,606,371,282
604,-252,-386,93,585,599,474,181,396,627,375,291
629,-256,-410,112,616,621,506,203,415,645,381,302
651,-263,-428,125,644,641,534,227,433,658,385,315
664,-273,-433,128,657,656,553,244,446,659,383,325
678,-279,-444,135,678,669,574,264,463,661,387,337
695,-290,-451,136,699,687,591,284,481,656,390,347
705,-308,-444,123,708,703,601,298,493,645,390,354
710,-325,-431,104,711,716,612,306,501,636,390,361
720,-335,-429,97,726,726,629,316,511,636,396,373
734,-348,-428,88,745,740,646,327,523,634,403,387
747,-361,-425,77,763,754,655,333,532,625,407,393
772,-365,-442,82,802,769,666,345,545,614,416,402
788,-374,-445,75,826,782,668,352,552,596,419,405
803,-378,-451,73,851,790,665,361,560,585,421,410
821,-379,-462,75,881,799,663,370,568,577,427,417
833,-384,-463,67,900,806,660,375,575,568,430,424
843,-390,-462,57,915,813,656,383,583,564,434,433
860,-394,-469,53,938,824,655,394,597,568,441,446
884,-397,-483,54,970,839,659,406,611,576,452,463
904,-402,-493,52,995,854,662,413,622,576,462,480
915,-408,-491,40,1004,863,660,414,628,576,467,492
922,-413,-488,30,1008,870,659,417,634,584,473,501
930,-418,-486,21,1013,878,661,424,641,599,483,511
944,-423,-491,17,1024,890,668,436,651,616,498,524
950,-430,-487,7,1023,899,669,442,658,630,511,534
957,-435,-487,2,1024,907,672,446,665,648,523,543
971,-435,-499,8,1036,918,678,455,676,669,537,550
990,-435,-517,20,1054,932,692,470,693,692,554,557
1000,-438,-524,23,1057,943,703,481,708,707,566,557
1006,-439,-530,28,1056,949,714,492,722,725,579,557
1014,-437,-541,39,1060,956,726,506,740,744,595,559
1008,-437,-538,40,1043,955,733,511,749,756,603,553
1010,-429,-551,58,1043,955,744,520,762,772,616,550
1010,-423,-562,74,1041,954,750,526,772,783,625,546
1005,-417,-566,85,1030,951,754,529,781,798,628,542
1000,-408,-575,102,1024,945,758,530,791,813,630,538
992,-398,-583,120,1016,937,754,529,798,824,630,533
981,-392,-583,129,1001,930,744,528,801,834,626,529
969,-389,-579,134,983,923,732,524,799,845,618,528
962,-384,-583,146,976,918,722,523,799,863,612,528
964,-373,-603,171,987,915,719,527,803,883,613,534
969,-365,-623,193,1000,915,718,533,809,898,616,542
974,-358,-640,212,1012,916,716,537,816,911,624,549
972,-358,-645,218,1014,916,709,537,824,919,633,551
981,-356,-661,232,1032,921,705,543,840,933,652,558
997,-361,-677,240,1056,936,699,551,856,946,674,566
1013,-373,-685,238,1076,953,687,557,869,949,691,572
1027,-386,-690,232,1094,970,674,558,877,946,703,576
1049,-393,-707,237,1127,987,663,563,888,948,719,586
1075,-400,-728,243,1165,1007,653,568,899,954,740,600
1098,-407,-744,246,1200,1025,638,570,903,963,758,616
1134,-407,-779,266,1257,1045,630,582,915,979,782,639
1165,-411,-803,274,1303,1065,618,589,922,989,802,654
1196,-412,-831,286,1352,1083,609,598,933,1003,827,672
1229,-409,-861,303,1404,1098,597,605,947,1018,859,693
1255,-406,-883,313,1445,1110,575,606,957,1031,887,712
1276,-404,-900,320,1480,1119,546,601,964,1039,906,729
1300,-398,-921,332,1518,1126,516,594,973,1043,922,745
1326,-391,-945,348,1559,1135,486,590,983,1043,934,764
1349,-387,-962,357,1592,1143,452,584,987,1034,940,777
1356,-383,-963,356,1603,1142,409,569,984,1017,936,776
1361,-378,-962,356,1610,1139,361,553,981,1001,929,776
1363,-369,-963,360,1615,1132,314,537,976,993,922,782
1367,-352,-975,378,1627,1122,273,526,976,992,921,791
1363,-336,-977,389,1625,1107,231,510,971,986,915,795
1351,-315,-978,405,1617,1085,192,494,967,987,908,796
1344,-288,-991,432,1617,1063,155,481,966,991,906,801
1340,-262,-1007,463,1620,1043,119,471,964,993,908,808
1328,-240,-1013,484,1610,1023,76,454,954,990,907,808
1314,-217,-1019,508,1597,1000,30,432,940,985,902,806
1308,-196,-1034,537,1594,985,-13,415,927,985,899,807
1294,-182,-1036,553,1577,970,-62,392,908,984,888,802
1289,-162,-1056,586,1576,957,-104,374,894,990,882,801
1283,-144,-1074,616,1573,944,-146,356,880,991,876,798
1270,-127,-1086,642,1562,928,-186,335,865,992,871,794
1261,-107,-1105,675,1558,912,-218,316,854,999,872,801
1253,-85,-1130,713,1559,896,-244,297,842,1005,873,811
1243,-66,-1150,744,1556,880,-268,275,824,1006,872,820
1230,-52,-1164,768,1548,864,-291,252,805,1010,869,828
1220,-35,-1185,798,1548,849,-308,233,791,1018,869,838
1217,-12,-1218,839,1562,833,-319,222,784,1029,875,853
1213,11,-1249,878,1575,816,-327,215,781,1035,882,868
1206,31,-1273,909,1583,798,-335,212,779,1039,890,885
1191,46,-1285,928,1580,778,-340,207,773,1043,897,899
1178,68,-1304,955,1583,753,-340,207,771,1051,904,910
1167,91,-1324,982,1591,729,-338,208,771,1056,909,918
1150,108,-1331,997,1589,704,-340,204,765,1052,907,923
1127,130,-1336,1013,1582,672,-342,196,755,1043,906,926
1104,164,-1351,1042,1584,632,-340,195,750,1034,912,932
1084,199,-1366,1072,1589,592,-333,196,745,1026,921,939
1060,231,-1373,1093,1588,553,-328,193,736,1019,927,945
1049,265,-1393,1125,1604,520,-319,197,735,1010,938,958
1029,290,-1392,1136,1601,487,-313,195,728,986,940,967
1010,312,-1388,1143,1597,458,-306,191,720,969,943,976
995,333,-1385,1151,1597,431,-296,188,716,956,947,988
974,350,-1370,1148,1584,403,-290,185,709,931,947,1000
946,367,-1347,1140,1561,371,-289,179,699,896,944,1006
921,385,-1327,1134,1540,341,-289,175,692,862,946,1011
901,399,-1307,1128,1522,317,-292,173,687,833,951,1018
880,410,-1283,1116,1498,295,-304,166,676,797,954,1019
850,414,-1245,1091,1459,273,-322,151,658,757,951,1013
821,419,-1207,1067,1418,251,-338,135,640,723,945,1004
793,427,-1175,1051,1381,228,-350,118,621,696,940,996
774,439,-1157,1046,1356,208,-360,105,604,681,937,993
750,447,-1132,1035,1323,188,-373,89,584,667,929,990
720,459,-1106,1026,1283,163,-385,69,562,657,917,987
696,475,-1093,1029,1254,138,-396,52,544,653,909,988
681,488,-1088,1035,1235,123,-407,38,529,653,904,991
664,491,-1073,1028,1206,113,-421,19,512,652,896,988
645,495,-1057,1021,1173,100,-434,1,496,653,887,983
627,501,-1049,1022,1146,87,-441,-12,484,659,878,982
597,499,-1022,1004,1098,73,-454,-33,464,659,863,975
577,498,-1009,997,1066,63,-461,-48,446,662,849,965
553,495,-990,985,1027,52,-467,-62,423,657,831,945
524,489,-964,967,980,39,-470,-79,398,648,808,922
498,487,-947,957,942,26,-469,-97,375,641,785,900
472,488,-933,951,906,9,-465,-116,353,629,759,879
436,492,-915,945,862,-17,-464,-138,328,614,731,855
397,498,-893,938,815,-46,-463,-162,304,601,704,832
364,504,-879,935,777,-72,-458,-179,283,593,683,811
345,508,-877,939,759,-88,-448,-188,269,591,666,799
330,509,-874,940,744,-99,-440,-199,257,587,651,786
312,505,-864,932,724,-109,-435,-211,244,578,634,768
290,494,-841,911,693,-118,-436,-229,227,561,612,741
276,483,-824,894,673,-123,-436,-241,214,546,591,717
264,468,-805,872,655,-124,-437,-255,199,521,568,700
247,452,-777,842,628,-127,-444,-274,176,481,540,682
227,434,-743,806,596,-132,-453,-298,149,440,512,666
216,419,-719,779,579,-134,-454,-315,130,411,492,658
210,402,-696,751,567,-130,-449,-326,118,385,478,653
200,381,-663,713,546,-127,-445,-340,100,357,462,642
205,364,-647,688,547,-116,-432,-345,89,335,453,635
204,340,-616,648,534,-105,-421,-352,79,308,438,625
204,320,-589,614,525,-95,-407,-352,80,291,425,615
212,302,-569,585,527,-80,-391,-344,97,294,418,606
221,276,-542,547,524,-59,-377,-333,120,307,415,595
231,247,-512,503,519,-35,-364,-320,137,316,413,584
244,219,-485,463,517,-8,-350,-306,144,318,415,574
258,192,-459,424,517,18,-337,-292,147,311,422,567
268,162,-427,380,508,44,-331,-284,144,295,428,560
265,130,-379,324,480,65,-331,-283,137,274,426,549
255,105,-332,274,447,75,-332,-286,127,255,419,533
247,88,-295,236,420,83,-334,-290,119,242,409,508
243,79,-273,215,404,88,-332,-289,116,235,399,484
232,71,-245,190,379,89,-336,-291,108,228,385,462
218,65,-217,167,349,85,-338,-294,101,225,370,443
207,64,-200,155,328,81,-332,-292,102,228,358,428
199,64,-189,149,312,79,-326,-288,109,233,348,415
184,60,-168,134,282,75,-328,-291,108,226,329,397
161,58,-144,119,245,64,-335,-297,104,218,307,375
139,61,-127,112,211,50,-343,-302,98,209,286,353
99,62,-93,93,153,26,-361,-324,81,195,256,324
64,70,-72,87,107,1,-376,-348,65,188,232,301
27,75,-48,79,57,-25,-394,-382,45,176,204,277
-14,81,-22,69,3,-53,-412,-417,18,157,172,251
-44,86,-8,67,-37,-76,-422,-440,-2,146,140,230
-70,92,0,68,-69,-95,-424,-450,-14,142,112,215
-97,94,13,63,-105,-113,-428,-458,-25,137,84,199
-130,95,32,54,-149,-136,-432,-465,-35,130,56,179
-163,104,43,54,-187,-163,-432,-469,-43,127,35,160
-184,119,37,70,-203,-187,-420,-465,-46,127,21,148
-203,130,32,81,-219,-207,-411,-463,-51,116,8,139
-224,136,36,83,-240,-226,-405,-463,-58,98,-5,128
-249,132,54,67,-272,-240,-404,-465,-69,74,-21,113
-268,129,68,55,-295,-252,-400,-462,-77,57,-34,102
-282,124,79,43,-310,-259,-395,-458,-86,39,-43,92
-296,114,97,22,-330,-264,-393,-464,-101,11,-56,79
-308,102,118,-3,-348,-266,-393,-474,-116,-19,-73,65
-311,93,128,-19,-350,-264,-388,-480,-125,-39,-84,53
-306,83,134,-32,-343,-257,-383,-485,-130,-54,-90,41
-308,72,150,-54,-346,-253,-379,-497,-137,-72,-96,24
-299,70,150,-60,-331,-248,-367,-499,-134,-84,-94,17
-299,62,165,-80,-330,-245,-360,-502,-133,-101,-91,7
-300,58,180,-97,-329,-246,-350,-500,-126,-111,-87,2
-295,58,186,-105,-318,-245,-340,-494,-117,-120,-83,-1
-293,57,197,-118,-312,-245,-336,-490,-109,-132,-81,-8
-291,55,211,-132,-308,-244,-333,-486,-100,-139,-77,-13
-284,53,220,-142,-298,-240,-326,-476,-88,-139,-66,-13
-276,54,225,-148,-286,-237,-317,-461,-72,-136,-50,-8
-271,52,236,-158,-281,-233,-313,-452,-56,-138,-37,-3
-275,42,261,-182,-293,-231,-318,-449,-43,-146,-31,-5
-280,32,287,-206,-307,-227,-321,-443,-27,-148,-26,-6
-285,27,307,-223,-320,-228,-322,-435,-10,-144,-21,-6
-288,29,315,-225,-325,-232,-319,-422,5,-136,-14,-5
-297,31,328,-230,-339,-238,-317,-414,11,-133,-9,-3
-312,34,343,-235,-361,-250,-315,-410,11,-126,-5,-2
-321,41,347,-230,-373,-261,-311,-399,15,-110,6,2
-326,46,347,-223,-382,-266,-306,-386,22,-91,19,8
-331,42,353,-225,-397,-265,-306,-379,24,-79,25,9
-336,39,357,-225,-412,-265,-313,-375,21,-73,22,5
-338,40,351,-215,-420,-265,-317,-369,20,-65,24,1
-356,37,364,-221,-452,-272,-324,-374,13,-59,21,-9
-366,38,365,-216,-471,-277,-326,-377,9,-50,23,-15
-374,35,365,-214,-490,-278,-334,-387,3,-49,25,-24
-387,30,373,-218,-517,-281,-350,-403,-9,-57,20,-41
-399,30,374,-215,-538,-286,-361,-415,-18,-61,15,-58
-410,31,372,-209,-556,-292,-366,-424,-24,-64,12,-74
-423,32,374,-207,-578,-299,-370,-434,-30,-67,7,-85
-442,36,379,-205,-604,-312,-373,-445,-36,-70,-2,-96
-460,43,380,-199,-625,-327,-370,-452,-38,-66,-8,-104
-467,51,369,-185,-630,-336,-359,-448,-30,-55,-2,-103
-471,57,361,-175,-632,-342,-349,-441,-21,-44,5,-101
-474,56,359,-174,-637,-344,-340,-435,-14,-39,8,-103
-484,51,369,-185,-652,-347,-336,-435,-13,-41,5,-112
-488,46,376,-194,-659,-348,-331,-438,-12,-46,3,-121
-484,35,382,-207,-658,-340,-328,-441,-11,-56,3,-127
-481,18,395,-230,-661,-328,-332,-447,-14,-74,-1,-138
-479,1,413,-256,-666,-317,-339,-455,-19,-96,-9,-154
-469,-10,418,-270,-655,-306,-341,-457,-21,-111,-14,-166
-455,-19,418,-281,-637,-294,-339,-454,-15,-119,-14,-174
-447,-31,429,-300,-628,-283,-341,-452,-10,-125,-19,-185
-429,-34,422,-302,-600,-272,-335,-438,5,-127,-16,-192
-421,-41,429,-315,-587,-265,-334,-426,18,-132,-12,-200
-412,-44,434,-325,-572,-260,-332,-412,33,-134,-5,-206
-400,-44,433,-328,-549,-255,-330,-392,50,-133,2,-208
-390,-47,437,-336,-533,-249,-333,-375,61,-134,3,-211
-385,-49,446,-346,-522,-247,-338,-359,68,-134,4,-215
-378,-49,451,-353,-509,-243,-340,-343,77,-128,9,-217
-366,-51,451,-356,-491,-236,-340,-326,91,-122,19,-215
-357,-56,457,-365,-480,-228,-342,-316,105,-121,28,-212
-358,-64,475,-384,-485,-224,-351,-316,112,-126,33,-214
-361,-72,494,-402,-494,-220,-361,-315,118,-127,37,-218
-362,-82,510,-419,-502,-214,-369,-314,125,-123,41,-218
-360,-86,517,-426,-503,-209,-374,-311,135,-115,48,-214
-361,-91,526,-434,-511,-206,-382,-310,142,-111,56,-213
-365,-94,534,-440,-522,-204,-392,-311,146,-100,64,-214
-361,-95,530,-436,-521,-197,-398,-306,156,-77,77,-211
-356,-95,522,-429,-519,-190,-405,-299,166,-54,90,-212
-355,-102,523,-432,-528,-181,-419,-299,172,-33,99,-216
-359,-108,527,-436,-544,-175,-435,-299,175,-13,106,-219
-359,-111,523,-433,-554,-169,-448,-296,182,-1,116,-217
-372,-119,535,-444,-583,-167,-467,-305,178,-5,117,-224
-378,-120,532,-441,-600,-165,-481,-312,177,-2,119,-230
-383,-122,528,-437,-614,-163,-499,-321,174,-3,115,-237
-392,-125,531,-439,-636,-162,-517,-333,169,-5,105,-248
-401,-125,528,-434,-654,-164,-530,-345,166,-6,95,-258
-410,-123,525,-429,-670,-167,-539,-357,161,-4,85,-268
-422,-124,528,-430,-691,-171,-548,-373,155,0,73,-281
-441,-124,537,-434,-719,-180,-556,-389,147,7,59,-297
-460,-121,544,-434,-744,-193,-558,-398,141,18,47,-311
-470,-112,539,-424,-754,-204,-550,-397,143,33,44,-319
-478,-105,534,-414,-759,-214,-539,-391,147,47,41,-325
-485,-98,530,-406,-763,-223,-528,-384,151,59,37,-329
-494,-94,532,-404,-770,-232,-521,-381,153,69,30,-335
-494,-91,528,-398,-764,-235,-513,-378,154,78,21,-343
-485,-93,521,-395,-749,-230,-505,-373,158,82,17,-347
-479,-101,525,-403,-742,-223,-501,-375,156,78,10,-351
-479,-111,537,-418,-742,-220,-497,-381,151,71,2,-355
-472,-115,539,-423,-730,-216,-487,-381,152,73,-4,-355
-460,-120,537,-426,-709,-209,-471,-375,158,83,-6,-351
-450,-128,540,-435,-694,-203,-458,-370,165,88,-10,-350
-427,-128,525,-427,-656,-193,-440,-358,181,95,-2,-345
-410,-135,522,-432,-630,-182,-426,-350,192,92,7,-348
-393,-142,519,-437,-604,-172,-410,-340,204,95,17,-353
-373,-144,508,-434,-571,-162,-395,-326,220,100,31,-355
-355,-150,505,-439,-545,-152,-388,-314,229,97,38,-360
-338,-159,505,-448,-523,-138,-385,-306,228,85,38,-367
-317,-168,501,-454,-497,-123,-377,-295,228,69,36,-371
-296,-177,496,-459,-470,-107,-364,-281,232,52,36,-374
-280,-188,498,-470,-454,-91,-351,-265,238,33,32,-381
-279,-203,519,-496,-461,-83,-342,-251,240,10,20,-401
-283,-215,541,-520,-474,-78,-331,-229,247,-2,8,-424
-286,-224,556,-538,-484,-75,-314,-198,260,0,-3,-443
-284,-225,559,-542,-484,-72,-290,-156,283,17,-7,-454
-289,-221,564,-544,-493,-77,-263,-108,309,32,-8,-461
-302,-211,568,-540,-508,-90,-234,-53,339,49,-13,-471
-311,-193,559,-522,-513,-105,-197,15,382,79,-16,-479
-319,-172,544,-498,-517,-121,-153,98,435,111,-20,-488
-336,-150,538,-478,-533,-143,-111,186,493,137,-29,-504
-361,-125,535,-460,-559,-172,-66,284,557,169,-41,-525
-384,-95,523,-430,-578,-201,-12,398,633,208,-49,-545
-419,-69,528,-414,-617,-237,46,518,712,242,-66,-573
-455,-33,522,-384,-649,-279,119,660,808,288,-79,-598
-492,2,517,-355,-684,-322,197,816,915,336,-94,-624
-532,35,518,-331,-724,-365,277,987,1030,390,-115,-656
-568,69,513,-302,-756,-406,366,1174,1162,456,-132,-689
-597,102,503,-270,-779,-442,462,1372,1307,533,-143,-720
-620,125,495,-245,-799,-469,559,1571,1457,620,-151,-747
-637,142,490,-227,-815,-488,652,1766,1613,720,-153,-768
-646,157,478,-205,-820,-502,744,1959,1779,840,-142,-779
-641,175,449,-170,-802,-509,838,2151,1962,984,-111,-775
-629,191,417,-134,-775,-511,923,2337,2159,1147,-60,-760
-613,202,386,-104,-745,-507,995,2518,2368,1336,8,-734
-592,204,359,-82,-712,-495,1058,2691,2588,1547,90,-702
-560,204,325,-57,-666,-476,1116,2865,2819,1779,185,-663
-514,199,283,-31,-602,-444,1174,3044,3065,2025,295,-614
-464,184,247,-17,-540,-404,1230,3226,3319,2281,414,-561
-415,168,214,-6,-478,-365,1286,3416,3588,2556,541,-502
-360,161,168,19,-402,-328,1349,3620,3880,2858,686,-435
-297,156,113,50,-314,-288,1417,3839,4195,3188,847,-360
-237,148,63,76,-230,-248,1487,4071,4533,3548,1020,-282
-162,148,-8,120,-120,-203,1570,4326,4906,3947,1215,-191
-88,142,-70,154,-18,-155,1657,4587,5296,4361,1415,-103
-12,137,-135,190,89,-107,1750,4855,5704,4797,1622,-13
72,134,-210,234,208,-54,1852,5133,6133,5259,1845,88
157,128,-282,274,325,2,1954,5410,6574,5740,2075,193
238,121,-350,311,435,55,2061,5689,7025,6238,2310,296
316,119,-420,351,544,104,2175,5977,7496,6758,2555,402
396,117,-492,395,655,155,2296,6273,7984,7302,2811,513
473,114,-560,434,759,206,2415,6562,8481,7861,3071,624
535,107,-612,461,842,249,2526,6832,8974,8431,3333,730
594,100,-661,485,918,292,2634,7083,9465,9015,3605,839
653,95,-713,515,994,334,2737,7309,9950,9616,3887,958
717,97,-777,557,1080,376,2832,7509,10431,10233,4187,1092
781,98,-843,600,1164,419,2906,7669,10901,10858,4496,1236
847,103,-914,650,1251,462,2959,7788,11362,11502,4817,1390
928,113,-1007,718,1361,513,2994,7877,11821,12173,5155,1559
1028,120,-1117,796,1492,579,3013,7941,12280,12872,5509,1739
1138,118,-1228,870,1630,658,3015,7983,12741,13595,5876,1932
1254,115,-1345,948,1774,742,3004,8008,13211,14348,6257,2133
1385,116,-1482,1042,1941,835,2986,8027,13703,15148,6662,2351
1514,108,-1607,1124,2097,932,2942,8024,14198,15980,7079,2579
1656,106,-1752,1223,2276,1034,2884,8001,14700,16839,7514,2822
1804,104,-1904,1327,2463,1141,2801,7949,15199,17699,7959,3074
1953,99,-2052,1428,2648,1249,2688,7867,15690,18556,8410,3335
2109,96,-2210,1536,2846,1360,2552,7763,16181,19417,8870,3607
2270,97,-2376,1652,3053,1472,2399,7642,16671,20277,9338,3887
2424,99,-2537,1766,3253,1577,2225,7501,17156,21130,9807,4167
2569,106,-2690,1878,3444,1672,2032,7341,17632,21971,10273,4444
2709,119,-2847,1995,3636,1760,1826,7165,18100,22798,10734,4717
2854,145,-3018,2130,3843,1842,1612,6976,18558,23587,11187,4992
2995,172,-3188,2264,4047,1919,1385,6770,18993,24314,11621,5264
3127,200,-3347,2391,4242,1989,1145,6548,19403,24973,12035,5536
3248,224,-3492,2505,4421,2054,888,6313,19786,25558,12429,5805
3365,249,-3633,2617,4597,2114,623,6075,20148,26064,12803,6072
3479,274,-3772,2727,4771,2172,352,5834,20492,26475,13151,6332
3576,294,-3888,2816,4920,2221,73,5588,20812,26777,13459,6573
3660,309,-3987,2891,5051,2264,-205,5339,21112,26974,13725,6795
3744,321,-4082,2960,5180,2309,-477,5094,21394,27071,13951,7001
3830,323,-4170,3018,5307,2361,-742,4844,21654,27065,14135,7190
3907,313,-4237,3053,5414,2413,-1007,4575,21874,26938,14265,7353
3994,295,-4306,3083,5530,2478,-1260,4295,22053,26686,14344,7497
4077,249,-4343,3073,5621,2559,-1509,3989,22162,26288,14356,7611
4158,186,-4360,3038,5697,2649,-1745,3659,22198,25739,14298,7697
4237,113,-4366,2988,5765,2746,-1973,3307,22153,25048,14170,7757
4308,26,-4350,2915,5811,2845,-2204,2922,22022,24222,13971,7791
4368,-67,-4315,2824,5836,2942,-2443,2503,21806,23282,13714,7800
4424,-165,-4272,2726,5851,3039,-2693,2051,21511,22249,13407,7783
4479,-266,-4225,2622,5862,3138,-2960,1558,21129,21134,13054,7746
4532,-377,-4164,2503,5860,3243,-3249,1008,20642,19948,12656,7695
4575,-505,-4078,2356,5834,3353,-3558,393,20047,18704,12216,7630
4610,-641,-3974,2193,5789,3464,-3876,-273,19362,17430,11741,7549
4639,-779,-3862,2023,5732,3572,-4195,-978,18600,16150,11235,7447
4663,-915,-3748,1853,5669,3677,-4514,-1712,17773,14874,10709,7330
4675,-1052,-3621,1676,5588,3775,-4838,-2477,16866,13590,10165,7198
4669,-1183,-3480,1493,5485,3858,-5168,-3279,15862,12277,9603,7054
4664,-1309,-3344,1319,5384,3940,-5495,-4108,14761,10937,9037,6906
4664,-1438,-3212,1146,5287,4027,-5820,-4961,13567,9570,8468,6759
4664,-1579,-3068,957,5182,4124,-6147,-5838,12279,8191,7896,6609
4666,-1727,-2918,761,5074,4227,-6472,-6737,10906,6816,7324,6455
4682,-1879,-2778,571,4981,4344,-6787,-7648,9461,5458,6763,6301
4694,-2045,-2620,359,4873,4468,-7101,-8582,7932,4112,6202,6143
4709,-2206,-2471,158,4772,4591,-7403,-9517,6341,2791,5653,5989
4719,-2364,-2321,-42,4668,4710,-7700,-10448,4704,1493,5112,5833
4722,-2520,-2166,-243,4557,4823,-7994,-11369,3039,232,4574,5670
4729,-2670,-2021,-433,4456,4936,-8277,-12262,1375,-970,4052,5510
4741,-2818,-1885,-615,4364,5049,-8549,-13117,-269,-2102,3549,5359
4752,-2965,-1749,-798,4274,5162,-8811,-13930,-1874,-3161,3070,5213
4758,-3111,-1610,-981,4179,5269,-9058,-14697,-3430,-4139,2615,5067
4762,-3246,-1479,-1153,4090,5368,-9284,-15413,-4923,-5031,2186,4923
4771,-3370,-1368,-1304,4019,5463,-9487,-16068,-6335,-5841,1788,4789
4777,-3485,-1262,-1448,3951,5548,-9670,-16663,-7661,-6580,1416,4658
4772,-3595,-1150,-1592,3874,5622,-9832,-17198,-8891,-7242,1066,4527
4756,-3704,-1030,-1743,3785,5687,-9979,-17670,-10013,-7824,734,4391
4737,-3805,-915,-1885,3699,5743,-10104,-18066,-11012,-8320,423,4253
4719,-3896,-811,-2015,3624,5793,-10207,-18376,-11882,-8735,141,4117
4688,-3982,-700,-2147,3536,5830,-10296,-18613,-12634,-9082,-123,3976
4641,-4051,-590,-2269,3441,5844,-10371,-18789,-13277,-9364,-368,3832
4590,-4100,-496,-2367,3354,5840,-10425,-18902,-13810,-9579,-587,3692
4537,-4132,-416,-2446,3275,5822,-10463,-18959,-14241,-9742,-785,3559
4470,-4152,-334,-2519,3188,5786,-10491,-18972,-14589,-9869,-969,3425
4409,-4156,-273,-2568,3118,5742,-10499,-18933,-14854,-9954,-1130,3299
4338,-4156,-207,-2619,3039,5688,-10499,-18858,-15052,-10016,-1279,3174
4265,-4146,-147,-2659,2962,5625,-10492,-18749,-15188,-10047,-1417,3051
4192,-4123,-99,-2682,2893,5553,-10480,-18609,-15270,-10053,-1541,2930
4111,-4090,-52,-2699,2818,5468,-10468,-18449,-15308,-10043,-1658,2802
4024,-4048,-7,-2708,2740,5373,-10452,-18272,-15308,-10011,-1770,2672
3937,-3998,31,-2706,2665,5273,-10429,-18070,-15268,-9958,-1875,2544
3852,-3941,61,-2694,2595,5170,-10397,-17852,-15195,-9891,-1973,2418
3764,-3883,94,-2683,2520,5065,-10364,-17623,-15097,-9818,-2068,2290
3666,-3827,140,-2681,2428,4955,-10333,-17387,-14984,-9744,-2166,2156
3566,-3768,186,-2676,2331,4842,-10294,-17142,-14856,-9655,-2259,2023
3465,-3704,229,-2664,2236,4727,-10244,-16892,-14712,-9553,-2345,1893
3368,-3631,259,-2636,2149,4609,-10183,-16633,-14554,-9440,-2423,1766
3269,-3554,287,-2603,2061,4488,-10117,-16371,-14387,-9321,-2497,1638
3161,-3471,319,-2568,1963,4360,-10044,-16110,-14215,-9189,-2563,1517
3055,-3379,340,-2517,1872,4228,-9964,-15844,-14035,-9040,-2612,1412
2954,-3281,350,-2454,1790,4097,-9878,-15577,-13847,-8886,-2646,1318
2851,-3186,365,-2395,1703,3968,-9794,-15313,-13658,-8737,-2673,1233
2747,-3092,380,-2337,1614,3840,-9709,-15053,-13467,-8590,-2695,1157
2652,-2995,384,-2268,1539,3718,-9617,-14789,-13272,-8445,-2710,1089
2547,-2906,404,-2215,1446,3596,-9520,-14532,-13081,-8310,-2727,1018
2451,-2809,406,-2144,1369,3474,-9409,-14267,-12883,-8167,-2733,954
2359,-2711,403,-2069,1300,3356,-9291,-14001,-12684,-8024,-2735,890
2266,-2619,404,-2001,1227,3241,-9166,-13735,-12486,-7886,-2738,824
2180,-2526,397,-1927,1165,3131,-9027,-13464,-12286,-7745,-2738,758
2099,-2434,383,-1849,1112,3024,-8875,-13189,-12081,-7603,-2735,697
2022,-2347,370,-1777,1062,2923,-8716,-12916,-11879,-7460,-2733,636
1940,-2261,362,-1709,1006,2819,-8553,-12646,-11681,-7320,-2733,571
1858,-2172,350,-1637,954,2712,-8382,-12375,-11484,-7182,-2732,506
1784,-2078,324,-1553,919,2607,-8200,-12093,-11281,-7046,-2725,447
1711,-1985,298,-1472,886,2502,-8014,-11807,-11074,-6918,-2714,392
1634,-1895,278,-1398,847,2396,-7826,-11524,-10868,-6801,-2703,335
1550,-1812,271,-1339,796,2288,-7641,-11249,-10670,-6700,-2698,272
1465,-1730,267,-1283,744,2179,-7453,-10973,-10476,-6609,-2695,207
1390,-1655,260,-1232,702,2080,-7261,-10692,-10282,-6523,-2686,148
1315,-1595,267,-1202,652,1990,-7069,-10415,-10094,-6444,-2677,88
1242,-1542,280,-1182,600,1904,-6875,-10144,-9911,-6367,-2668,27
1179,-1490,286,-1159,561,1824,-6675,-9872,-9728,-6285,-2654,-27
1126,-1439,282,-1131,535,1751,-6474,-9600,-9538,-6198,-2634,-71
1073,-1396,288,-1115,504,1681,-6278,-9334,-9353,-6115,-2617,-111
1037,-1353,276,-1088,496,1622,-6074,-9057,-9164,-6023,-2590,-143
1003,-1322,276,-1078,482,1571,-5873,-8780,-8974,-5932,-2563,-177
971,-1296,280,-1073,466,1524,-5667,-8499,-8777,-5829,-2530,-209
948,-1271,278,-1064,460,1484,-5454,-8212,-8572,-5716,-2489,-235
925,-1250,281,-1062,450,1446,-5239,-7925,-8366,-5601,-2447,-257
903,-1232,287,-1062,439,1411,-5021,-7636,-8160,-5482,-2403,-276
890,-1215,286,-1058,437,1383,-4800,-7339,-7947,-5353,-2353,-291
885,-1199,278,-1048,443,1361,-4578,-7031,-7727,-5215,-2299,-301
880,-1183,271,-1037,449,1340,-4360,-6724,-7502,-5074,-2243,-307
865,-1169,278,-1035,437,1314,-4149,-6424,-7282,-4935,-2190,-317
849,-1154,284,-1031,424,1289,-3943,-6127,-7062,-4790,-2136,-328
837,-1137,286,-1022,414,1266,-3740,-5832,-6839,-4638,-2081,-336
830,-1114,277,-999,414,1243,-3538,-5535,-6612,-4477,-2023,-341
821,-1089,267,-973,413,1220,-3338,-5243,-6383,-4314,-1964,-345
801,-1058,263,-945,399,1187,-3141,-4955,-6157,-4149,-1904,-348
785,-1018,246,-901,396,1151,-2941,-4666,-5924,-3976,-1837,-345
769,-976,225,-852,393,1115,-2736,-4378,-5690,-3802,-1769,-342
749,-938,214,-810,382,1081,-2536,-4097,-5465,-3640,-1708,-344
723,-902,208,-772,361,1045,-2348,-3828,-5250,-3489,-1657,-354
698,-860,196,-725,345,1006,-2163,-3563,-5040,-3343,-1607,-365
653,-822,206,-695,301,958,-1986,-3316,-4845,-3212,-1568,-389
608,-776,208,-655,262,906,-1807,-3077,-4655,-3088,-1532,-416
561,-732,212,-616,221,854,-1632,-2849,-4471,-2972,-1503,-452
506,-690,225,-585,169,797,-1461,-2633,-4296,-2868,-1483,-495
449,-642,233,-548,119,736,-1289,-2425,-4123,-2767,-1465,-534
394,-592,237,-508,73,674,-1117,-2224,-3954,-2664,-1449,-569
336,-546,246,-474,24,612,-951,-2030,-3788,-2563,-1435,-604
273,-503,261,-448,-32,549,-791,-1844,-3630,-2474,-1424,-641
211,-459,274,-421,-85,485,-632,-1661,-3475,-2397,-1411,-679
159,-411,272,-383,-120,424,-471,-1477,-3317,-2323,-1393,-711
114,-367,267,-347,-148,369,-314,-1297,-3161,-2259,-1375,-745
68,-328,265,-319,-178,316,-166,-1124,-3012,-2201,-1359,-779
22,-297,273,-304,-213,267,-29,-962,-2871,-2150,-1346,-815
-23,-271,283,-296,-248,221,98,-808,-2736,-2107,-1334,-849
-54,-249,284,-286,-267,185,219,-655,-2602,-2068,-1317,-878
-87,-237,297,-292,-293,153,327,-512,-2479,-2040,-1302,-909
-119,-229,313,-305,-320,124,426,-379,-2365,-2016,-1286,-939
-143,-219,321,-311,-335,96,519,-252,-2252,-1985,-1266,-960
-158,-209,320,-313,-338,75,605,-127,-2134,-1945,-1239,-971
-175,-203,327,-323,-347,53,677,-11,-2023,-1906,-1211,-980
-178,-192,315,-318,-334,37,748,106,-1909,-1861,-1175,-982
-182,-186,311,-322,-326,23,808,215,-1802,-1825,-1141,-986
-185,-178,307,-324,-318,7,859,318,-1703,-1791,-1109,-988
-182,-166,292,-317,-298,-6,905,419,-1608,-1757,-1070,-984
-180,-156,283,-315,-284,-19,941,510,-1522,-1730,-1028,-980
-182,-149,282,-318,-277,-33,970,594,-1445,-1704,-991,-976
-179,-142,277,-319,-266,-43,995,674,-1368,-1675,-958,-968
-168,-138,268,-317,-248,-45,1021,753,-1293,-1640,-921,-958
-157,-138,265,-321,-235,-44,1042,823,-1225,-1608,-887,-953
-159,-144,280,-339,-243,-47,1053,879,-1170,-1585,-860,-955
-162,-152,301,-361,-256,-48,1061,928,-1122,-1563,-838,-957
-163,-158,315,-375,-265,-48,1071,975,-1074,-1537,-819,-956
-159,-157,321,-377,-266,-49,1084,1020,-1025,-1505,-800,-953
-159,-152,325,-374,-269,-53,1100,1063,-976,-1470,-783,-950
-165,-145,334,-372,-282,-62,1117,1101,-934,-1435,-772,-951
-169,-132,332,-357,-286,-72,1142,1143,-891,-1393,-757,-946
-170,-114,324,-333,-286,-83,1170,1187,-848,-1351,-737,-940
-178,-101,326,-319,-297,-93,1195,1225,-812,-1316,-720,-941
-189,-90,333,-307,-315,-104,1218,1257,-783,-1283,-708,-947
-193,-77,328,-286,-321,-111,1246,1292,-752,-1247,-694,-951
-208,-68,337,-277,-344,-122,1272,1320,-728,-1219,-686,-962
-222,-51,337,-257,-361,-137,1305,1348,-700,-1188,-677,-976
-237,-38,339,-240,-380,-149,1335,1372,-676,-1163,-670,-992
-257,-29,351,-232,-409,-163,1361,1391,-660,-1148,-667,-1010
-276,-20,358,-221,-433,-175,1391,1412,-645,-1135,-664,-1027
-294,-8,360,-206,-454,-189,1425,1433,-629,-1123,-661,-1041
-316,4,366,-195,-478,-206,1460,1450,-617,-1119,-663,-1057
-343,15,374,-186,-507,-226,1496,1466,-607,-1117,-668,-1074
-368,30,377,-173,-530,-248,1538,1488,-593,-1111,-671,-1088
-386,52,365,-147,-539,-270,1590,1518,-570,-1100,-664,-1095
-400,72,349,-121,-539,-288,1643,1548,-545,-1090,-653,-1100
-410,85,337,-104,-540,-301,1693,1578,-520,-1081,-641,-1105
-423,90,334,-99,-548,-310,1737,1608,-498,-1076,-636,-1110
-436,93,333,-100,-555,-318,1776,1635,-479,-1077,-635,-1118
-440,90,329,-103,-554,-319,1816,1664,-455,-1078,-631,-1123
-444,79,334,-120,-558,-314,1850,1694,-424,-1073,-624,-1127
-453,65,346,-145,-568,-311,1876,1720,-392,-1066,-620,-1131
-456,56,349,-161,-568,-309,1902,1748,-362,-1059,-613,-1136
-452,50,343,-170,-556,-304,1930,1778,-335,-1056,-603,-1136
-453,41,347,-187,-553,-302,1952,1803,-314,-1060,-595,-1137
-441,40,331,-188,-528,-298,1980,1837,-289,-1052,-579,-1130
-434,35,324,-197,-511,-294,2002,1872,-264,-1048,-563,-1123
-427,31,320,-207,-497,-291,2022,1908,-234,-1038,-545,-1114
-415,30,308,-208,-474,-288,2043,1951,-197,-1017,-521,-1099
-405,28,301,-213,-454,-285,2057,1995,-162,-993,-499,-1087
-400,25,302,-224,-444,-285,2068,2038,-128,-971,-479,-1077
-395,23,303,-232,-435,-286,2080,2079,-93,-950,-455,-1067
-385,24,298,-233,-418,-285,2090,2123,-56,-930,-429,-1053
-371,21,294,-236,-401,-278,2097,2163,-20,-907,-402,-1034
-366,14,304,-250,-399,-274,2097,2194,8,-885,-380,-1019
-363,8,317,-261,-402,-272,2096,2220,33,-862,-360,-1005
-359,4,326,-268,-401,-269,2097,2243,56,-839,-342,-992
-349,8,322,-260,-391,-266,2102,2271,82,-809,-320,-976
-337,16,313,-242,-375,-265,2108,2297,110,-776,-298,-957
-330,25,307,-226,-367,-266,2115,2318,133,-743,-282,-941
-319,41,290,-196,-350,-268,2122,2343,159,-706,-263,-923
-306,60,267,-158,-329,-271,2131,2373,189,-661,-240,-903
-298,73,255,-132,-321,-272,2142,2398,216,-620,-222,-885
-300,82,255,-114,-327,-277,2150,2417,235,-589,-211,-875
-303,96,250,-90,-331,-284,2160,2435,252,-564,-201,-864
-319,102,264,-84,-358,-296,2162,2441,257,-554,-205,-861
-335,113,271,-69,-381,-310,2167,2448,262,-542,-209,-860
-349,124,275,-54,-401,-323,2171,2450,263,-537,-217,-863
-365,130,286,-48,-428,-334,2175,2446,258,-536,-231,-872
-378,138,289,-35,-447,-344,2184,2445,252,-533,-245,-879
-387,150,284,-17,-459,-354,2196,2447,251,-526,-257,-882
-398,161,280,-1,-472,-366,2212,2449,250,-520,-272,-887
-413,170,280,9,-490,-379,2232,2448,247,-516,-290,-893
-426,180,277,18,-505,-391,2257,2453,246,-508,-305,-896
-429,194,259,39,-502,-399,2290,2466,254,-490,-311,-892
-428,207,239,59,-494,-404,2325,2484,268,-475,-315,-886
-429,217,222,72,-489,-410,2360,2507,284,-465,-319,-878
-436,224,215,74,-493,-417,2389,2526,297,-463,-325,-871
-444,230,211,72,-499,-426,2414,2544,306,-462,-333,-862
-446,235,200,72,-495,-430,2439,2566,319,-465,-334,-848
-455,236,202,60,-503,-437,2457,2583,327,-475,-340,-837
-464,233,207,42,-512,-442,2474,2599,334,-486,-347,-828
-467,235,204,32,-509,-446,2491,2618,344,-490,-352,-820
-462,240,189,31,-492,-447,2510,2640,359,-486,-353,-809
-460,242,182,23,-481,-450,2525,2658,372,-485,-355,-802
-443,248,158,30,-447,-446,2545,2684,391,-471,-348,-788
-427,245,142,26,-418,-436,2564,2708,409,-459,-341,-775
-413,241,133,17,-395,-428,2583,2733,427,-450,-334,-766
-393,238,118,14,-363,-416,2605,2761,452,-440,-324,-753
-373,230,109,6,-334,-401,2622,2791,478,-430,-312,-737
-358,222,105,-5,-312,-389,2633,2820,503,-418,-298,-720
-340,217,98,-9,-286,-378,2639,2847,531,-405,-281,-704
-319,213,86,-7,-253,-364,2646,2876,564,-387,-265,-689
-296,207,76,-6,-222,-348,2650,2900,593,-371,-251,-676
-280,193,81,-18,-206,-331,2642,2912,614,-363,-246,-674
-266,178,90,-30,-195,-315,2632,2918,629,-353,-243,-676
-252,164,98,-40,-183,-298,2625,2923,643,-339,-238,-676
-237,153,102,-42,-169,-283,2622,2935,658,-319,-231,-671
-221,142,105,-43,-156,-267,2621,2949,677,-299,-226,-662
-216,128,120,-52,-158,-254,2618,2957,693,-278,-228,-657
-208,125,123,-45,-153,-247,2623,2967,712,-246,-227,-645
-198,126,118,-29,-142,-240,2630,2979,732,-215,-223,-629
-191,125,116,-15,-137,-234,2633,2988,747,-186,-224,-614
-190,125,118,-3,-140,-232,2636,2993,756,-164,-231,-610
-184,130,110,19,-135,-229,2644,3002,769,-138,-234,-614
-190,128,120,24,-150,-227,2647,3008,777,-115,-239,-623
-192,129,122,36,-160,-226,2654,3019,788,-86,-242,-624
-193,131,119,51,-166,-223,2660,3028,799,-62,-243,-620
-202,131,126,57,-185,-225,2662,3030,805,-44,-247,-616
-212,134,130,65,-204,-228,2662,3032,813,-23,-251,-607
-219,138,127,77,-217,-231,2663,3037,824,-2,-252,-589
-231,145,127,87,-235,-239,2661,3042,832,18,-255,-576
-251,154,131,94,-261,-253,2658,3043,838,36,-261,-571
-270,166,131,104,-283,-269,2659,3047,844,56,-266,-569
-276,185,109,130,-282,-281,2667,3060,860,83,-265,-562
-276,203,83,158,-273,-290,2679,3078,879,110,-259,-550
-281,217,63,176,-271,-299,2690,3098,895,128,-253,-541
-290,229,52,185,-276,-310,2699,3117,910,137,-251,-537
-303,240,44,191,-285,-325,2705,3136,925,141,-249,-537
-307,255,24,205,-278,-336,2713,3162,943,146,-241,-533
-313,264,13,208,-278,-346,2712,3183,957,147,-236,-530
-323,270,10,203,-283,-357,2708,3199,967,149,-236,-528
-324,277,-2,204,-275,-364,2710,3216,978,158,-235,-523
-318,283,-20,208,-257,-366,2714,3238,992,169,-226,-511
-312,280,-27,199,-245,-363,2715,3256,1002,174,-218,-503
-292,279,-49,201,-212,-353,2723,3280,1016,185,-204,-492
-271,269,-60,190,-185,-337,2727,3301,1030,195,-190,-481
-252,255,-65,174,-161,-320,2731,3322,1048,210,-177,-466
-229,244,-75,165,-131,-302,2737,3347,1070,231,-162,-446
-212,236,-79,154,-107,-291,2742,3372,1094,251,-146,-426
-203,229,-75,141,-95,-286,2746,3396,1120,271,-127,-404
-195,224,-72,131,-81,-283,2753,3422,1149,291,-105,-380
-183,221,-72,127,-63,-278,2759,3450,1177,308,-80,-355
-171,215,-69,120,-47,-271,2760,3474,1203,320,-58,-332
-167,203,-50,100,-47,-265,2752,3492,1222,326,-44,-314
-163,188,-28,78,-50,-257,2742,3507,1238,336,-32,-303
-158,175,-8,60,-52,-248,2735,3521,1253,351,-19,-300
-149,167,2,54,-45,-239,2733,3540,1271,369,-2,-298
-139,163,7,56,-36,-232,2731,3562,1291,390,19,-290
-140,165,17,58,-40,-235,2723,3580,1306,409,34,-283
-143,178,17,77,-39,-245,2718,3598,1323,432,50,-271
-144,199,7,107,-33,-259,2718,3619,1343,457,71,-254
-149,215,3,131,-34,-271,2714,3639,1360,480,92,-240
-156,226,4,148,-43,-281,2708,3655,1372,500,107,-229
-157,240,-4,174,-41,-286,2707,3675,1385,524,124,-215
-165,244,2,183,-57,-291,2699,3687,1391,540,131,-212
-170,250,2,198,-67,-294,2694,3701,1402,563,141,-208
-171,255,-4,215,-72,-293,2689,3718,1416,586,152,-203
-177,259,-5,227,-85,-294,2682,3731,1425,600,158,-201
-184,265,-10,241,-96,-296,2681,3744,1436,614,165,-198
-187,271,-21,259,-101,-297,2683,3759,1451,627,172,-194
-191,275,-30,272,-109,-297,2683,3771,1465,639,177,-193
-200,279,-33,279,-123,-300,2683,3778,1476,655,181,-195
-208,282,-40,288,-134,-303,2685,3786,1490,676,187,-196
-204,290,-65,308,-124,-301,2696,3802,1514,706,198,-190
-192,296,-95,330,-106,-294,2707,3822,1540,737,212,-182
-182,300,-122,347,-88,-287,2717,3844,1569,763,229,-172
-176,298,-138,351,-81,-281,2726,3862,1596,782,243,-165
-177,296,-148,349,-81,-280,2733,3877,1620,796,253,-161
-169,295,-165,351,-68,-274,2742,3898,1647,808,270,-154
-165,287,-173,342,-62,-268,2745,3915,1666,815,283,-151
-167,281,-173,328,-64,-267,2746,3926,1683,815,291,-151
-169,281,-178,320,-61,-272,2747,3937,1703,817,300,-150
-162,287,-196,324,-42,-275,2752,3954,1727,823,317,-141
-158,288,-204,320,-29,-278,2755,3970,1748,824,330,-134
-142,296,-230,331,4,-278,2763,3993,1775,832,347,-123
-125,298,-249,334,36,-273,2768,4017,1801,837,364,-111
-111,296,-260,330,60,-268,2771,4046,1827,850,381,-97
-93,297,-274,332,91,-263,2780,4081,1858,869,403,-77
-78,295,-281,327,115,-257,2791,4116,1890,884,427,-58
-67,289,-279,316,132,-252,2797,4150,1920,898,451,-42
-54,286,-280,310,151,-247,2800,4183,1952,912,474,-27
-38,286,-286,311,176,-240,2799,4213,1985,927,497,-11
-23,284,-289,312,198,-234,2796,4239,2016,938,517,2
-19,280,-277,302,203,-232,2790,4258,2040,942,531,7
-18,275,-262,292,203,-231,2783,4276,2062,949,545,12
-15,270,-249,285,205,-228,2777,4296,2085,962,560,16
-10,269,-243,286,211,-225,2773,4316,2108,979,577,19
-5,269,-238,291,217,-222,2772,4338,2134,1000,596,24
-9,268,-224,290,208,-224,2770,4353,2157,1019,608,26
-5,272,-223,301,213,-223,2770,4371,2183,1048,625,34
4,275,-229,318,223,-217,2776,4389,2209,1079,645,44
10,276,-231,331,227,-212,2781,4397,2232,1102,667,52
6,279,-227,341,218,-212,2779,4393,2248,1116,683,53
6,287,-233,361,217,-214,2778,4395,2267,1133,701,55
-4,287,-224,366,197,-217,2769,4400,2282,1146,712,53
-10,291,-223,377,184,-219,2763,4418,2302,1162,722,50
-10,292,-228,390,178,-215,2758,4443,2325,1180,735,46
-14,289,-225,394,163,-211,2752,4466,2343,1191,746,39
-19,287,-227,401,150,-208,2750,4487,2363,1205,756,33
-23,291,-235,413,142,-208,2751,4505,2382,1220,766,31
-26,293,-242,423,133,-208,2750,4519,2399,1233,775,29
-35,296,-246,430,119,-212,2745,4531,2415,1250,783,26
-42,302,-255,440,110,-218,2743,4544,2436,1276,794,23
-40,315,-280,464,117,-224,2750,4565,2465,1315,812,26
-35,326,-307,487,131,-226,2760,4589,2497,1358,835,36
-27,333,-332,503,145,-223,2772,4615,2529,1399,860,45
-19,333,-350,509,156,-217,2784,4639,2558,1428,881,49
-12,330,-362,508,164,-211,2792,4660,2585,1449,898,50
5,328,-383,512,187,-198,2805,4690,2619,1471,917,57
17,319,-394,503,200,-185,2816,4720,2650,1488,931,61
24,313,-398,492,208,-178,2828,4748,2677,1500,943,62
29,311,-406,486,219,-174,2840,4775,2703,1512,957,67
43,312,-423,487,243,-168,2854,4807,2734,1525,976,76
53,309,-430,480,260,-162,2862,4837,2765,1535,993,84
71,313,-450,486,292,-155,2874,4874,2800,1552,1017,98
86,313,-463,485,319,-148,2884,4909,2833,1561,1042,113
97,314,-470,482,340,-144,2894,4944,2867,1572,1062,130
108,323,-484,491,367,-146,2908,4984,2907,1590,1084,153
116,334,-495,499,390,-151,2922,5022,2948,1606,1102,173
118,345,-499,505,405,-161,2932,5058,2986,1621,1117,188
122,353,-503,510,421,-167,2942,5097,3026,1640,1135,205
134,360,-511,519,445,-166,2954,5138,3070,1664,1157,224
148,362,-518,526,470,-160,2963,5180,3114,1682,1178,243
156,356,-509,518,478,-153,2966,5217,3150,1693,1192,252
161,349,-497,510,482,-147,2961,5252,3181,1702,1205,254
166,345,-489,507,487,-142,2956,5286,3211,1716,1219,256
176,343,-488,511,498,-135,2956,5321,3244,1739,1238,264
190,338,-489,517,513,-122,2960,5354,3279,1770,1257,274
199,327,-480,511,516,-108,2960,5382,3307,1803,1268,277
214,324,-487,523,532,-94,2962,5414,3337,1839,1279,281
237,325,-505,545,559,-78,2966,5449,3370,1876,1295,282
254,328,-523,569,580,-66,2964,5480,3400,1906,1309,281
262,333,-534,588,589,-61,2959,5506,3427,1933,1319,281
274,342,-555,617,606,-55,2960,5539,3460,1966,1332,290
276,346,-563,633,606,-53,2953,5562,3488,1993,1338,294
276,356,-577,655,608,-54,2948,5582,3518,2019,1347,300
281,364,-594,678,613,-53,2944,5602,3550,2044,1360,308
280,366,-601,688,608,-50,2939,5620,3579,2063,1372,315
281,367,-611,700,605,-46,2941,5641,3608,2088,1389,324
284,369,-625,712,607,-41,2947,5665,3641,2115,1410,334
286,369,-636,721,605,-37,2954,5689,3673,2139,1427,342
281,370,-643,726,597,-38,2959,5713,3703,2161,1440,347
278,372,-652,731,591,-38,2963,5741,3735,2193,1452,352
286,378,-676,748,604,-35,2973,5775,3775,2237,1470,364
302,382,-706,767,627,-26,2984,5812,3816,2277,1494,377
320,383,-733,781,651,-13,2992,5850,3858,2310,1519,390
334,381,-753,787,669,-2,2997,5888,3899,2336,1540,403
344,378,-768,789,682,6,3003,5924,3935,2357,1554,411
363,377,-792,797,709,19,3011,5966,3975,2379,1568,425
379,370,-805,793,727,33,3018,6006,4011,2394,1578,437
394,356,-809,779,741,50,3023,6044,4044,2404,1583,444
411,347,-819,771,761,65,3028,6083,4078,2417,1590,451
434,344,-838,774,793,80,3038,6128,4118,2433,1602,461
454,336,-849,769,818,95,3045,6171,4157,2452,1613,472
482,335,-872,776,859,111,3059,6223,4207,2486,1632,491
507,330,-888,778,894,127,3069,6273,4264,2522,1656,511
527,326,-897,774,922,139,3074,6318,4321,2557,1678,527
549,325,-912,779,956,150,3081,6367,4381,2589,1705,544
571,324,-923,782,988,160,3087,6419,4432,2611,1732,562
587,321,-926,779,1011,170,3089,6471,4477,2624,1757,582
601,319,-930,778,1033,176,3093,6525,4519,2635,1783,604
620,320,-938,784,1061,184,3099,6583,4563,2643,1809,629
639,320,-947,790,1088,193,3103,6638,4605,2650,1836,655
648,314,-940,783,1099,200,3099,6684,4640,2654,1855,677
655,307,-930,775,1104,207,3095,6727,4676,2663,1871,695
665,299,-923,769,1112,218,3095,6770,4713,2681,1887,713
682,293,-926,772,1130,232,3099,6814,4752,2707,1906,733
706,286,-936,781,1156,252,3105,6858,4795,2739,1931,756
720,279,-937,783,1168,267,3108,6895,4833,2769,1951,775
738,278,-949,799,1188,280,3116,6933,4875,2808,1974,799
759,279,-969,820,1213,295,3126,6975,4920,2853,2002,827
779,279,-987,841,1235,311,3134,7017,4966,2896,2030,854
791,279,-999,857,1247,321,3140,7055,5009,2935,2057,875
805,288,-1024,889,1267,327,3150,7096,5057,2980,2088,900
809,291,-1036,906,1271,331,3154,7133,5102,3022,2116,924
813,298,-1052,929,1276,332,3160,7172,5147,3067,2146,951
820,304,-1073,953,1286,335,3167,7210,5189,3106,2177,977
825,306,-1087,970,1289,340,3170,7245,5225,3141,2204,998
830,311,-1107,992,1297,343,3172,7280,5262,3179,2228,1019
840,320,-1136,1020,1313,346,3178,7317,5302,3216,2252,1040
847,329,-1164,1047,1326,347,3186,7349,5340,3251,2274,1059
852,336,-1188,1069,1337,348,3193,7377,5373,3286,2291,1075
862,342,-1215,1092,1353,351,3198,7407,5408,3326,2308,1094
885,351,-1258,1125,1389,363,3209,7443,5449,3370,2333,1121
912,358,-1305,1159,1431,377,3226,7482,5490,3413,2358,1148
937,364,-1346,1188,1470,390,3244,7522,5529,3448,2381,1172
958,364,-1378,1205,1500,404,3259,7561,5566,3478,2402,1193
974,360,-1398,1211,1520,416,3267,7599,5599,3500,2419,1208
997,358,-1427,1222,1553,433,3279,7642,5636,3516,2441,1224
1015,346,-1439,1216,1572,451,3289,7679,5670,3525,2460,1236
1029,332,-1444,1203,1586,468,3301,7715,5705,3536,2479,1253
1047,321,-1453,1193,1606,486,3314,7758,5740,3556,2500,1281
1074,313,-1473,1194,1641,507,3333,7810,5781,3581,2529,1316
1098,303,-1486,1188,1671,527,3348,7860,5820,3606,2560,1346
1137,297,-1516,1196,1722,554,3370,7918,5867,3643,2602,1381
1181,287,-1546,1202,1779,587,3391,7978,5919,3679,2646,1421
1224,276,-1570,1204,1832,620,3410,8035,5973,3710,2687,1460
1271,271,-1603,1216,1894,653,3432,8093,6031,3743,2729,1502
1317,263,-1631,1225,1952,685,3451,8151,6090,3776,2770,1543
1355,255,-1650,1227,1999,715,3466,8208,6147,3810,2809,1580
1392,249,-1669,1232,2046,742,3481,8266,6203,3844,2850,1618
1433,244,-1692,1242,2097,771,3500,8323,6259,3873,2893,1656
1473,236,-1711,1248,2145,802,3519,8379,6316,3900,2937,1694
1503,223,-1714,1242,2175,829,3532,8429,6370,3927,2978,1729
1525,214,-1714,1237,2197,850,3544,8476,6418,3954,3014,1760
1545,209,-1718,1239,2220,867,3554,8523,6464,3985,3050,1791
1570,207,-1729,1249,2248,884,3566,8572,6510,4022,3089,1825
1599,208,-1750,1267,2286,905,3579,8625,6558,4068,3132,1864
1620,206,-1761,1279,2309,920,3589,8671,6601,4114,3168,1896
1640,212,-1781,1302,2337,932,3605,8721,6646,4167,3207,1930
1666,218,-1808,1331,2372,946,3624,8774,6695,4224,3251,1967
1693,219,-1833,1355,2404,966,3638,8823,6744,4277,3295,2004
1714,215,-1850,1371,2426,985,3649,8868,6789,4323,3332,2036
1737,219,-1879,1400,2456,1001,3662,8914,6837,4367,3368,2067
1753,220,-1899,1421,2473,1013,3669,8951,6878,4404,3397,2092
1767,227,-1926,1450,2493,1021,3676,8984,6920,4447,3426,2116
1787,235,-1961,1484,2522,1033,3682,9015,6963,4489,3455,2140
1802,238,-1989,1511,2541,1044,3685,9040,7001,4526,3479,2160
1816,244,-2019,1539,2561,1053,3688,9064,7038,4567,3503,2182
1834,252,-2057,1573,2588,1063,3693,9090,7076,4614,3533,2211
1852,258,-2093,1603,2615,1074,3700,9113,7111,4660,3565,2239
1866,261,-2124,1628,2636,1085,3707,9128,7141,4704,3593,2263
1879,265,-2155,1652,2657,1092,3718,9139,7170,4748,3618,2282
1903,273,-2199,1686,2694,1105,3737,9152,7205,4802,3646,2304
1933,278,-2247,1720,2738,1122,3759,9166,7245,4854,3674,2327
1964,279,-2289,1746,2781,1143,3780,9190,7290,4903,3704,2348
1993,273,-2323,1762,2818,1165,3796,9224,7334,4941,3734,2369
2016,268,-2351,1773,2849,1184,3807,9263,7371,4972,3760,2388
2049,264,-2387,1790,2893,1206,3821,9305,7409,5001,3794,2411
2075,254,-2409,1792,2925,1229,3828,9339,7442,5019,3824,2432
2098,242,-2423,1788,2951,1249,3832,9365,7470,5031,3847,2451
2123,233,-2441,1788,2982,1268,3839,9391,7501,5052,3870,2474
2156,228,-2469,1797,3027,1290,3851,9421,7538,5081,3898,2504
2185,220,-2488,1798,3064,1310,3861,9446,7569,5103,3922,2530
2222,219,-2519,1813,3115,1331,3880,9479,7602,5130,3951,2560
2261,213,-2545,1820,3166,1356,3903,9517,7639,5159,3981,2592
2294,206,-2564,1823,3209,1379,3924,9556,7674,5194,4011,2618
2333,203,-2589,1833,3261,1402,3950,9599,7714,5234,4048,2644
2370,198,-2609,1839,3308,1426,3972,9639,7754,5271,4087,2675
2402,189,-2620,1838,3347,1451,3989,9674,7791,5303,4124,2710
2439,178,-2632,1837,3388,1480,4005,9710,7829,5337,4163,2751
2482,165,-2649,1838,3437,1515,4021,9747,7869,5371,4209,2794
2522,154,-2664,1840,3483,1549,4032,9780,7908,5400,4257,2836
2554,138,-2667,1832,3513,1580,4033,9804,7942,5426,4301,2872
2579,124,-2666,1824,3536,1607,4028,9826,7974,5458,4340,2905
2602,117,-2669,1824,3560,1630,4023,9846,8005,5492,4376,2936
2629,113,-2682,1833,3591,1652,4020,9863,8035,5532,4413,2966
2658,113,-2702,1850,3627,1676,4020,9879,8067,5575,4455,2997
2674,111,-2709,1858,3644,1691,4016,9888,8093,5615,4491,3020
2692,115,-2726,1878,3668,1704,4011,9895,8118,5660,4527,3041
2711,123,-2750,1905,3696,1716,4003,9900,8142,5702,4563,3062
2727,131,-2773,1931,3721,1727,3994,9903,8164,5741,4601,3085
2737,136,-2788,1950,3734,1735,3980,9901,8180,5781,4636,3104
2749,145,-2813,1978,3753,1741,3969,9901,8197,5826,4674,3125
2753,147,-2825,1993,3758,1747,3954,9892,8207,5860,4704,3140
2758,148,-2839,2008,3763,1754,3940,9881,8218,5896,4732,3158
2770,148,-2861,2027,3778,1766,3927,9870,8230,5931,4761,3181
2779,143,-2875,2036,3785,1780,3910,9853,8236,5955,4784,3200
2791,135,-2891,2045,3794,1796,3896,9834,8242,5979,4806,3220
2809,127,-2913,2056,3810,1815,3887,9815,8249,6004,4828,3240
2825,118,-2933,2065,3825,1834,3879,9793,8252,6032,4848,3262
2838,108,-2949,2069,3834,1849,3866,9767,8249,6058,4864,3283
2848,101,-2965,2075,3843,1861,3850,9742,8244,6085,4878,3305
2868,99,-2995,2093,3868,1874,3839,9721,8245,6118,4898,3333
2893,97,-3028,2112,3899,1891,3829,9700,8248,6153,4919,3360
2915,93,-3056,2125,3926,1906,3820,9680,8249,6181,4940,3386
2931,87,-3075,2130,3944,1918,3811,9660,8250,6207,4960,3411
2940,80,-3086,2128,3953,1924,3796,9635,8248,6229,4978,3430
2957,79,-3106,2136,3975,1932,3780,9613,8254,6253,5005,3455
2969,73,-3116,2133,3989,1939,3758,9587,8252,6271,5031,3475
2974,70,-3120,2128,3995,1940,3731,9551,8245,6281,5051,3490
2978,74,-3129,2131,4006,1935,3705,9512,8237,6292,5071,3505
2992,83,-3150,2146,4034,1933,3683,9475,8234,6308,5095,3525
3004,88,-3164,2153,4056,1933,3659,9432,8228,6319,5113,3541
3022,97,-3186,2169,4089,1935,3637,9394,8224,6334,5135,3560
3042,98,-3201,2176,4120,1943,3613,9358,8220,6346,5158,3580
3055,96,-3203,2172,4139,1949,3588,9322,8217,6360,5181,3600
3071,94,-3209,2172,4163,1958,3567,9289,8213,6377,5206,3622
3085,90,-3209,2168,4182,1968,3544,9251,8203,6390,5228,3639
3096,81,-3201,2155,4194,1979,3517,9209,8187,6399,5247,3650
3109,72,-3195,2146,4209,1993,3487,9166,8169,6412,5266,3662
3123,68,-3193,2142,4226,2004,3454,9120,8151,6422,5286,3676
3134,63,-3189,2138,4240,2015,3420,9070,8131,6426,5303,3691
3132,54,-3167,2121,4233,2021,3383,9015,8112,6426,5316,3701
3123,44,-3140,2100,4217,2022,3345,8957,8097,6436,5333,3712
3116,38,-3118,2085,4204,2023,3309,8901,8080,6452,5353,3723
3110,37,-3104,2079,4196,2023,3276,8846,8057,6470,5372,3737
3108,40,-3099,2082,4195,2022,3245,8788,8030,6479,5391,3750
3097,39,-3082,2075,4179,2019,3209,8722,7993,6482,5401,3757
3090,43,-3076,2078,4172,2015,3177,8658,7959,6493,5409,3766
3084,51,-3077,2088,4168,2009,3142,8595,7924,6501,5413,3772
3075,56,-3073,2092,4156,2003,3101,8528,7883,6500,5410,3774
3060,56,-3060,2087,4133,1998,3054,8454,7834,6494,5398,3768
3049,62,-3058,2092,4119,1990,3006,8379,7787,6489,5386,3760
3032,62,-3047,2088,4093,1982,2951,8294,7733,6472,5367,3744
3012,65,-3037,2084,4065,1971,2897,8209,7679,6459,5348,3726
2996,68,-3031,2084,4041,1962,2850,8124,7631,6450,5333,3712
2973,68,-3018,2076,4007,1951,2808,8036,7580,6439,5312,3697
2951,70,-3007,2070,3976,1939,2769,7948,7527,6427,5289,3677
2933,74,-3003,2070,3950,1927,2736,7860,7475,6415,5263,3656
2912,79,-2997,2069,3922,1912,2703,7770,7421,6399,5237,3635
2886,85,-2987,2065,3888,1893,2665,7677,7364,6378,5207,3614
2856,95,-2977,2064,3854,1868,2628,7585,7306,6364,5174,3596
2835,109,-2977,2072,3831,1845,2600,7501,7254,6355,5146,3583
2820,121,-2981,2080,3817,1829,2578,7422,7203,6344,5120,3570
2805,128,-2980,2081,3800,1814,2556,7340,7150,6328,5096,3555
2783,135,-2970,2077,3774,1794,2536,7257,7093,6302,5068,3539
2754,141,-2951,2064,3738,1770,2511,7169,7027,6265,5032,3518
2734,148,-2940,2059,3716,1750,2487,7086,6963,6228,4999,3497
2712,146,-2918,2041,3686,1735,2455,6998,6890,6179,4959,3472
2687,140,-2885,2012,3649,1720,2413,6902,6807,6121,4909,3441
2664,135,-2855,1987,3617,1705,2370,6801,6721,6061,4853,3412
2647,135,-2834,1971,3597,1691,2330,6701,6637,6001,4799,3384
2623,134,-2804,1948,3567,1673,2287,6598,6549,5938,4740,3354
2605,137,-2783,1935,3548,1657,2247,6501,6465,5875,4684,3326
2587,136,-2758,1916,3527,1642,2208,6406,6381,5808,4630,3298
2563,133,-2722,1889,3495,1625,2166,6311,6293,5741,4577,3267
2542,133,-2692,1869,3471,1608,2126,6221,6210,5680,4526,3238
2517,132,-2658,1845,3441,1590,2083,6129,6123,5613,4473,3204
2485,130,-2615,1815,3401,1567,2039,6034,6032,5544,4416,3164
2453,130,-2574,1787,3361,1545,1995,5942,5942,5473,4359,3125
2426,130,-2538,1763,3328,1526,1953,5853,5853,5398,4304,3089
2400,128,-2501,1738,3293,1509,1910,5761,5759,5316,4247,3053
2364,119,-2449,1698,3242,1491,1857,5658,5655,5235,4184,3011
2324,107,-2389,1651,3181,1473,1801,5547,5546,5167,4118,2962
2285,96,-2333,1607,3122,1455,1747,5438,5439,5097,4055,2913
2250,88,-2286,1572,3071,1438,1700,5335,5335,5019,3996,2870
2220,85,-2249,1546,3028,1421,1657,5237,5235,4936,3939,2830
2177,83,-2201,1515,2969,1396,1617,5136,5134,4848,3875,2784
2138,86,-2165,1495,2917,1370,1581,5041,5035,4767,3809,2742
2104,90,-2136,1479,2872,1346,1546,4950,4939,4691,3744,2704
2068,94,-2106,1463,2824,1323,1509,4854,4841,4612,3676,2663
2023,95,-2065,1438,2762,1295,1464,4751,4734,4527,3602,2615
1983,97,-2034,1420,2708,1269,1422,4652,4628,4447,3533,2567
1939,94,-1993,1391,2644,1244,1378,4547,4517,4361,3459,2514
1891,95,-1954,1367,2577,1214,1334,4439,4405,4279,3382,2455
1848,103,-1926,1354,2520,1182,1296,4335,4296,4197,3307,2396
1798,109,-1891,1336,2455,1146,1259,4229,4184,4109,3227,2333
1748,117,-1859,1321,2391,1109,1225,4124,4073,4024,3145,2272
1703,128,-1836,1313,2337,1072,1194,4023,3964,3940,3064,2214
1661,136,-1811,1302,2284,1040,1163,3925,3853,3853,2981,2153
1618,138,-1780,1284,2227,1010,1130,3824,3740,3763,2893,2087
1576,139,-1749,1263,2171,981,1099,3727,3629,3681,2809,2022
1542,143,-1729,1253,2129,955,1075,3638,3524,3607,2732,1963
1511,152,-1713,1248,2093,927,1056,3549,3420,3533,2658,1908
1476,159,-1693,1240,2054,898,1037,3462,3318,3455,2587,1855
1440,161,-1664,1223,2009,870,1017,3376,3214,3370,2516,1804
1398,158,-1622,1193,1952,842,994,3287,3108,3280,2440,1746
1366,157,-1591,1172,1913,820,976,3204,3010,3191,2366,1692
1330,149,-1548,1138,1863,799,950,3118,2906,3090,2287,1633
1290,141,-1498,1100,1808,776,921,3027,2798,2986,2202,1572
1250,137,-1450,1066,1756,749,895,2935,2692,2887,2117,1513
1218,139,-1414,1043,1718,724,874,2848,2591,2796,2038,1461
1185,133,-1369,1010,1675,703,850,2761,2491,2703,1959,1407
1158,131,-1333,984,1643,685,831,2682,2399,2617,1886,1360
1133,129,-1296,957,1611,668,810,2603,2310,2531,1816,1315
1101,122,-1248,920,1569,648,786,2521,2217,2446,1743,1263
1073,120,-1207,890,1533,629,765,2447,2127,2367,1675,1214
1046,114,-1164,856,1496,613,743,2373,2039,2289,1610,1168
1015,106,-1115,817,1452,597,721,2299,1950,2209,1544,1121
982,100,-1065,778,1405,578,700,2228,1864,2128,1483,1077
953,95,-1023,744,1365,561,682,2163,1783,2047,1425,1032
929,86,-982,709,1328,550,664,2096,1704,1957,1367,986
895,73,-928,663,1274,536,640,2021,1618,1858,1303,939
853,63,-869,615,1211,515,613,1941,1526,1762,1233,894
809,58,-816,574,1147,490,585,1859,1434,1672,1164,851
768,58,-773,544,1091,464,562,1783,1345,1590,1097,815
736,59,-741,522,1048,443,544,1712,1262,1518,1039,788
692,58,-696,490,985,416,517,1635,1172,1446,974,757
651,66,-666,474,932,385,495,1563,1086,1380,909,726
615,76,-644,464,887,356,477,1493,1002,1311,848,689
580,83,-622,453,841,330,458,1423,916,1236,787,648
538,87,-591,435,782,301,436,1351,829,1158,721,602
498,95,-567,424,729,271,417,1284,742,1086,658,557
454,99,-536,406,668,241,393,1206,645,1008,591,509
407,106,-505,390,605,207,368,1118,544,929,522,457
367,114,-484,383,553,176,344,1024,444,851,454,408
323,119,-455,369,494,145,315,928,343,770,383,354
282,123,-429,355,439,117,284,845,251,697,312,299
246,130,-410,349,392,89,259,776,167,631,245,245
207,137,-389,343,343,59,237,711,87,566,178,189
166,142,-361,329,290,29,216,642,4,502,110,133
126,146,-334,317,240,0,196,574,-79,441,43,80
96,154,-319,316,205,-27,185,514,-155,388,-18,33
72,162,-309,317,181,-48,179,455,-228,332,-76,-10
49,165,-293,312,154,-66,173,397,-297,274,-133,-54
25,165,-271,300,124,-83,167,339,-363,216,-192,-99
-7,160,-233,274,81,-101,156,278,-429,151,-257,-148
-29,159,-209,259,55,-116,149,222,-491,83,-323,-195
-54,153,-175,235,22,-131,139,161,-557,8,-391,-244
-86,149,-132,205,-20,-151,126,99,-623,-66,-456,-297
-119,150,-93,181,-59,-175,118,39,-687,-135,-514,-344
-145,156,-64,166,-85,-199,115,-15,-744,-196,-560,-379
-174,158,-27,142,-118,-222,107,-70,-803,-263,-606,-413
-195,162,0,126,-139,-241,99,-120,-858,-327,-648,-441
-208,163,24,109,-152,-252,87,-167,-912,-396,-687,-466
-226,163,54,87,-173,-267,72,-218,-973,-468,-730,-493
-239,165,76,71,-185,-279,62,-262,-1031,-530,-769,-514
-252,164,101,51,-200,-289,51,-303,-1082,-590,-804,-531
-269,158,134,22,-225,-298,38,-345,-1134,-651,-841,-550
-284,152,165,-6,-247,-306,25,-383,-1182,-710,-877,-572
-293,149,186,-26,-261,-310,16,-418,-1228,-769,-910,-594
-298,141,206,-47,-272,-309,6,-451,-1273,-830,-943,-618
-310,126,239,-83,-298,-306,-11,-488,-1321,-896,-979,-645
-328,110,277,-122,-333,-307,-32,-529,-1372,-959,-1016,-679
-348,96,313,-158,-370,-310,-53,-574,-1421,-1018,-1052,-716
-368,86,344,-188,-405,-315,-72,-617,-1470,-1067,-1085,-750
-382,81,363,-206,-430,-319,-87,-655,-1516,-1105,-1112,-774
-409,76,392,-230,-471,-332,-105,-700,-1566,-1142,-1143,-799
-431,77,409,-242,-503,-344,-119,-743,-1613,-1170,-1168,-821
-444,78,416,-248,-524,-351,-128,-780,-1658,-1190,-1192,-840
-457,77,423,-254,-547,-357,-136,-814,-1703,-1207,-1217,-858
-481,78,439,-264,-583,-370,-152,-853,-1754,-1235,-1250,-882
-504,86,444,-263,-612,-388,-166,-891,-1801,-1261,-1280,-905
-533,90,460,-269,-654,-408,-183,-935,-1849,-1289,-1313,-931
-567,97,476,-275,-699,-433,-204,-982,-1899,-1317,-1348,-959
-597,106,485,-273,-736,-457,-225,-1029,-1946,-1342,-1381,-984
-634,114,505,-279,-785,-485,-249,-1080,-1996,-1378,-1420,-1013
-670,122,522,-283,-832,-513,-270,-1134,-2045,-1415,-1458,-1042
-699,132,530,-278,-866,-537,-287,-1185,-2090,-1447,-1491,-1068
-725,142,538,-273,-897,-560,-301,-1234,-2135,-1480,-1520,-1093
-754,145,555,-278,-935,-582,-313,-1283,-2182,-1519,-1553,-1124
-783,149,572,-283,-971,-604,-318,-1328,-2227,-1555,-1587,-1157
-802,156,578,-278,-992,-622,-315,-1365,-2263,-1579,-1616,-1182
-811,161,577,-270,-1000,-632,-308,-1396,-2292,-1597,-1642,-1200
-820,163,580,-266,-1007,-640,-300,-1425,-2317,-1617,-1665,-1216
-830,162,589,-270,-1019,-648,-295,-1454,-2342,-1641,-1690,-1232
-842,157,607,-282,-1036,-655,-296,-1484,-2371,-1669,-1720,-1252
-845,157,611,-281,-1035,-660,-294,-1508,-2394,-1699,-1743,-1266
-851,150,627,-294,-1042,-662,-295,-1535,-2419,-1735,-1767,-1282
-863,141,654,-315,-1058,-666,-299,-1562,-2448,-1776,-1793,-1300
-874,135,678,-333,-1072,-673,-302,-1589,-2478,-1814,-1816,-1316
-877,134,690,-341,-1070,-676,-299,-1609,-2502,-1847,-1833,-1326
-883,128,712,-358,-1075,-679,-298,-1632,-2526,-1877,-1849,-1336
-886,126,728,-371,-1074,-682,-295,-1652,-2547,-1900,-1860,-1346
-882,120,741,-384,-1067,-678,-294,-1672,-2563,-1925,-1868,-1357
-884,112,763,-406,-1068,-676,-298,-1697,-2585,-1952,-1882,-1371
-882,109,777,-420,-1064,-674,-300,-1718,-2604,-1976,-1892,-1382
-884,108,792,-433,-1062,-676,-308,-1738,-2621,-2007,-1904,-1390
-892,106,814,-453,-1071,-680,-322,-1760,-2638,-2041,-1919,-1399
-898,103,833,-472,-1078,-682,-336,-1781,-2656,-2070,-1936,-1408
-899,101,847,-487,-1080,-682,-350,-1800,-2672,-2094,-1948,-1419
-900,97,859,-502,-1083,-679,-365,-1817,-2690,-2119,-1960,-1436
-908,89,882,-528,-1101,-677,-388,-1840,-2715,-2150,-1975,-1455
-920,78,908,-558,-1125,-676,-414,-1863,-2741,-2176,-1993,-1471
-931,71,930,-582,-1148,-677,-441,-1886,-2766,-2201,-2008,-1482
-940,68,942,-598,-1166,-678,-465,-1908,-2790,-2222,-2022,-1487
-942,68,942,-602,-1173,-677,-484,-1927,-2809,-2241,-2034,-1488
-955,63,956,-620,-1199,-679,-506,-1953,-2834,-2265,-2054,-1494
-967,63,962,-628,-1220,-684,-524,-1975,-2854,-2276,-2071,-1498
-975,66,959,-628,-1235,-689,-535,-1994,-2871,-2282,-2085,-1500
-979,69,952,-624,-1246,-691,-540,-2011,-2887,-2289,-2099,-1503
-992,67,957,-631,-1271,-695,-551,-2034,-2907,-2302,-2119,-1510
-1002,72,952,-626,-1289,-703,-556,-2052,-2921,-2313,-2136,-1516
-1020,78,952,-622,-1315,-717,-567,-2076,-2941,-2332,-2156,-1529
-1043,88,955,-617,-1346,-738,-581,-2104,-2965,-2350,-2175,-1546
-1058,100,947,-602,-1365,-755,-592,-2128,-2987,-2363,-2185,-1558
-1078,107,951,-598,-1393,-771,-604,-2156,-3013,-2378,-2194,-1573
-1096,111,957,-596,-1420,-786,-614,-2184,-3038,-2391,-2205,-1591
-1110,117,956,-587,-1439,-799,-619,-2209,-3059,-2402,-2214,-1606
-1123,123,957,-579,-1456,-812,-624,-2233,-3078,-2413,-2224,-1618
-1141,128,964,-575,-1479,-827,-630,-2260,-3102,-2425,-2238,-1630
-1157,137,969,-567,-1497,-844,-631,-2289,-3126,-2432,-2252,-1644
-1162,152,956,-543,-1494,-857,-626,-2311,-3142,-2435,-2261,-1654
-1158,168,934,-511,-1477,-866,-619,-2327,-3152,-2436,-2264,-1658
-1154,184,915,-482,-1460,-874,-615,-2342,-3160,-2436,-2265,-1661
-1153,195,905,-462,-1449,-882,-614,-2358,-3168,-2440,-2265,-1667
-1162,202,910,-456,-1454,-894,-621,-2378,-3179,-2447,-2267,-1680
-1159,210,903,-442,-1441,-898,-622,-2390,-3182,-2450,-2264,-1689
-1159,208,910,-445,-1437,-897,-630,-2405,-3191,-2461,-2266,-1701
-1165,202,928,-457,-1442,-898,-641,-2422,-3207,-2478,-2273,-1711
-1175,199,948,-470,-1452,-905,-649,-2440,-3222,-2496,-2281,-1715
-1179,202,955,-473,-1447,-910,-651,-2450,-3230,-2507,-2283,-1708
-1181,201,967,-481,-1444,-912,-653,-2463,-3239,-2526,-2285,-1700
-1179,202,971,-484,-1433,-913,-653,-2473,-3245,-2542,-2285,-1689
-1171,201,971,-486,-1414,-909,-652,-2477,-3247,-2556,-2280,-1674
-1169,198,979,-497,-1406,-907,-657,-2484,-3250,-2569,-2279,-1663
-1161,197,979,-501,-1388,-903,-660,-2489,-3249,-2573,-2276,-1648
-1155,195,981,-508,-1375,-900,-662,-2491,-3247,-2576,-2273,-1634
-1154,190,990,-522,-1371,-899,-668,-2493,-3247,-2578,-2270,-1623
-1150,183,999,-539,-1366,-893,-672,-2493,-3245,-2578,-2267,-1615
-1143,177,1003,-551,-1357,-886,-672,-2491,-3241,-2578,-2261,-1607
-1136,169,1007,-564,-1351,-879,-673,-2490,-3241,-2583,-2255,-1599
-1136,155,1025,-591,-1360,-871,-682,-2497,-3246,-2594,-2253,-1597
-1145,141,1049,-622,-1381,-868,-692,-2507,-3256,-2605,-2257,-1600
-1155,134,1069,-644,-1402,-871,-699,-2516,-3267,-2612,-2262,-1603
-1167,133,1082,-658,-1421,-879,-705,-2522,-3276,-2616,-2266,-1606
-1172,137,1082,-659,-1429,-886,-707,-2526,-3282,-2613,-2262,-1606
-1187,138,1095,-669,-1453,-896,-714,-2538,-3292,-2609,-2264,-1610
-1195,143,1096,-668,-1467,-905,-718,-2547,-3297,-2596,-2264,-1611
-1197,150,1086,-658,-1471,-910,-717,-2553,-3297,-2581,-2258,-1607
-1198,154,1079,-650,-1477,-912,-715,-2560,-3298,-2570,-2254,-1604
-1203,151,1083,-654,-1495,-912,-718,-2569,-3305,-2566,-2254,-1609
-1207,150,1081,-650,-1508,-912,-717,-2576,-3310,-2563,-2251,-1614
-1215,147,1086,-653,-1530,-914,-721,-2586,-3317,-2564,-2252,-1624
-1229,143,1096,-658,-1558,-919,-725,-2600,-3326,-2562,-2258,-1639
-1232,142,1095,-652,-1571,-918,-728,-2611,-3332,-2557,-2264,-1652
-1239,136,1100,-653,-1590,-917,-735,-2626,-3342,-2558,-2274,-1664
-1248,133,1104,-652,-1610,-919,-741,-2642,-3354,-2560,-2286,-1676
-1253,133,1103,-646,-1622,-920,-744,-2654,-3364,-2559,-2295,-1680
-1258,129,1104,-642,-1634,-919,-746,-2667,-3378,-2561,-2304,-1682
-1265,124,1111,-643,-1649,-919,-751,-2684,-3397,-2569,-2315,-1686
-1275,123,1117,-642,-1665,-924,-754,-2698,-3416,-2572,-2326,-1690
-1278,126,1112,-631,-1667,-927,-749,-2706,-3430,-2570,-2333,-1693
-1273,128,1100,-617,-1658,-925,-739,-2712,-3437,-2567,-2334,-1694
-1265,128,1090,-606,-1646,-919,-731,-2716,-3443,-2567,-2329,-1697
-1260,127,1085,-601,-1638,-916,-722,-2719,-3451,-2574,-2329,-1704
-1263,122,1091,-606,-1641,-915,-716,-2726,-3462,-2588,-2339,-1714
-1255,122,1084,-600,-1626,-911,-706,-2727,-3466,-2603,-2346,-1717
-1247,120,1080,-598,-1612,-906,-702,-2730,-3474,-2622,-2358,-1719
-1244,116,1083,-604,-1604,-903,-703,-2736,-3489,-2646,-2372,-1723
-1246,117,1087,-607,-1599,-907,-704,-2745,-3504,-2671,-2385,-1730
-1242,125,1078,-598,-1580,-912,-698,-2747,-3514,-2687,-2390,-1731
-1238,126,1076,-599,-1565,-913,-694,-2750,-3527,-2703,-2394,-1730
-1231,131,1070,-596,-1545,-914,-689,-2749,-3537,-2718,-2399,-1728
-1218,135,1057,-589,-1516,-910,-680,-2741,-3544,-2738,-2403,-1724
-1212,134,1058,-595,-1500,-908,-673,-2735,-3550,-2754,-2411,-1726
-1204,135,1056,-598,-1482,-906,-664,-2723,-3550,-2760,-2416,-1726
-1199,134,1057,-606,-1469,-904,-656,-2712,-3550,-2764,-2418,-1725
-1202,129,1071,-623,-1469,-905,-653,-2705,-3552,-2771,-2425,-1729
-1206,124,1086,-641,-1472,-906,-651,-2701,-3553,-2777,-2435,-1731
-1204,118,1095,-656,-1469,-902,-650,-2696,-3550,-2780,-2442,-1727
-1199,110,1102,-671,-1464,-894,-651,-2692,-3545,-2782,-2442,-1723
-1203,99,1122,-695,-1475,-891,-657,-2696,-3543,-2788,-2444,-1727
-1214,88,1149,-724,-1497,-891,-666,-2703,-3543,-2792,-2447,-1739
-1221,77,1170,-749,-1515,-888,-675,-2712,-3543,-2796,-2450,-1752
-1226,66,1188,-770,-1531,-884,-686,-2720,-3542,-2801,-2455,-1763
-1225,61,1194,-778,-1536,-879,-693,-2723,-3536,-2800,-2456,-1771
-1231,57,1204,-789,-1552,-880,-700,-2726,-3536,-2799,-2462,-1783
-1232,64,1198,-779,-1554,-884,-702,-2722,-3531,-2790,-2465,-1789
-1227,76,1181,-760,-1547,-887,-701,-2714,-3525,-2773,-2465,-1790
-1224,87,1166,-741,-1544,-890,-704,-2707,-3519,-2758,-2464,-1789
-1232,94,1164,-733,-1558,-899,-716,-2706,-3521,-2754,-2467,-1795
-1238,106,1155,-716,-1567,-909,-726,-2702,-3524,-2747,-2470,-1798
-1244,116,1147,-702,-1578,-917,-737,-2701,-3530,-2745,-2477,-1801
-1258,127,1145,-689,-1598,-932,-750,-2703,-3542,-2747,-2488,-1806
-1266,138,1136,-672,-1610,-942,-758,-2704,-3549,-2750,-2495,-1808
-1279,141,1140,-669,-1633,-951,-766,-2710,-3560,-2758,-2507,-1816
-1293,143,1145,-668,-1658,-960,-773,-2716,-3572,-2768,-2522,-1826
-1301,146,1144,-661,-1674,-966,-779,-2722,-3585,-2775,-2536,-1837
-1306,147,1141,-655,-1686,-968,-788,-2735,-3600,-2784,-2552,-1850
-1312,144,1144,-656,-1700,-969,-799,-2751,-3617,-2791,-2574,-1867
-1316,142,1144,-654,-1711,-970,-808,-2763,-3630,-2795,-2594,-1884
-1313,149,1130,-638,-1705,-972,-809,-2765,-3633,-2788,-2603,-1896
-1303,158,1106,-614,-1687,-971,-800,-2762,-3629,-2776,-2605,-1901
-1291,164,1084,-593,-1666,-967,-791,-2756,-3621,-2763,-2601,-1902
-1281,164,1071,-584,-1651,-960,-785,-2750,-3609,-2755,-2597,-1901
-1279,158,1075,-590,-1650,-955,-784,-2749,-3602,-2754,-2597,-1902
-1270,156,1068,-586,-1635,-948,-778,-2741,-3589,-2752,-2593,-1898
-1266,148,1074,-596,-1630,-941,-776,-2738,-3579,-2759,-2591,-1896
-1268,138,1088,-613,-1634,-937,-781,-2741,-3576,-2771,-2593,-1898
-1273,133,1101,-628,-1637,-937,-784,-2745,-3573,-2780,-2596,-1899
-1270,132,1103,-632,-1625,-936,-781,-2743,-3566,-2783,-2593,-1897
-1265,128,1108,-640,-1613,-931,-783,-2746,-3561,-2794,-2593,-1897
-1257,129,1105,-640,-1592,-927,-781,-2745,-3553,-2799,-2590,-1889
-1243,131,1095,-635,-1562,-919,-779,-2738,-3540,-2799,-2580,-1873
-1242,132,1099,-640,-1551,-920,-779,-2736,-3532,-2804,-2575,-1862
-1239,137,1097,-639,-1534,-922,-774,-2727,-3519,-2802,-2567,-1845
-1232,140,1093,-637,-1514,-920,-768,-2713,-3505,-2804,-2558,-1831
-1229,138,1098,-645,-1503,-916,-767,-2700,-3493,-2806,-2548,-1820
-1227,135,1105,-654,-1495,-913,-770,-2687,-3482,-2810,-2539,-1814
-1221,132,1107,-660,-1483,-906,-774,-2671,-3471,-2814,-2527,-1809
-1207,124,1105,-666,-1465,-891,-780,-2655,-3459,-2816,-2515,-1800
-1201,111,1116,-684,-1462,-877,-792,-2649,-3453,-2824,-2509,-1793
-1205,94,1139,-712,-1477,-868,-806,-2652,-3455,-2833,-2507,-1793
-1213,82,1161,-736,-1495,-863,-818,-2663,-3461,-2839,-2505,-1795
-1219,74,1177,-753,-1510,-860,-829,-2680,-3468,-2841,-2503,-1792
-1216,72,1177,-754,-1510,-855,-834,-2687,-3466,-2834,-2493,-1779
-1221,67,1186,-763,-1524,-854,-843,-2687,-3466,-2832,-2488,-1770
-1219,64,1186,-765,-1529,-849,-849,-2676,-3462,-2825,-2481,-1758
-1207,61,1177,-760,-1524,-838,-852,-2656,-3455,-2814,-2472,-1742
-1194,58,1166,-754,-1518,-825,-855,-2633,-3443,-2806,-2464,-1726
-1190,53,1163,-754,-1525,-818,-864,-2616,-3435,-2804,-2461,-1717
-1188,56,1156,-746,-1530,-816,-872,-2598,-3425,-2797,-2459,-1709
-1188,55,1153,-742,-1542,-815,-882,-2583,-3418,-2789,-2459,-1703
-1197,57,1156,-742,-1564,-821,-895,-2572,-3416,-2779,-2462,-1701
-1201,64,1148,-731,-1575,-827,-905,-2562,-3413,-2772,-2464,-1699
-1212,69,1149,-727,-1598,-838,-918,-2560,-3417,-2774,-2473,-1705
-1225,71,1155,-728,-1624,-848,-927,-2560,-3422,-2773,-2483,-1714
-1231,75,1151,-722,-1638,-854,-932,-2558,-3426,-2772,-2491,-1721
-1237,79,1147,-716,-1650,-861,-937,-2560,-3435,-2775,-2502,-1729
-1250,86,1147,-710,-1669,-875,-942,-2568,-3447,-2785,-2519,-1741
-1265,97,1146,-701,-1686,-894,-948,-2579,-3460,-2795,-2538,-1757
-1277,118,1132,-677,-1691,-918,-948,-2586,-3464,-2795,-2550,-1769
-1284,142,1111,-645,-1685,-940,-939,-2591,-3461,-2790,-2555,-1776
-1289,162,1092,-619,-1678,-959,-925,-2590,-3457,-2789,-2559,-1780
-1294,176,1079,-600,-1673,-973,-913,-2587,-3453,-2795,-2562,-1783
-1303,180,1082,-600,-1678,-984,-906,-2589,-3456,-2814,-2573,-1788
-1299,181,1076,-594,-1667,-984,-894,-2586,-3454,-2829,-2579,-1786
-1300,175,1082,-602,-1665,-983,-886,-2587,-3455,-2850,-2586,-1785
-1310,169,1098,-616,-1673,-988,-885,-2593,-3462,-2875,-2595,-1789
-1321,164,1117,-632,-1683,-994,-885,-2601,-3469,-2892,-2608,-1793
-1325,166,1122,-634,-1677,-999,-881,-2605,-3469,-2904,-2614,-1793
-1327,163,1131,-642,-1672,-1001,-882,-2611,-3471,-2924,-2621,-1797
-1322,158,1136,-649,-1658,-997,-884,-2613,-3471,-2940,-2627,-1798
-1304,148,1133,-654,-1629,-979,-886,-2608,-3465,-2949,-2626,-1793
-1293,134,1143,-669,-1613,-964,-893,-2606,-3460,-2958,-2627,-1793
-1278,125,1143,-676,-1588,-950,-894,-2597,-3449,-2959,-2623,-1790
-1263,119,1141,-679,-1563,-936,-894,-2585,-3433,-2958,-2612,-1783
-1253,111,1146,-689,-1546,-925,-900,-2570,-3415,-2960,-2599,-1779
-1243,104,1150,-697,-1531,-913,-905,-2553,-3395,-2962,-2587,-1775
-1233,101,1148,-699,-1512,-904,-910,-2535,-3373,-2961,-2574,-1770
-1221,96,1148,-703,-1495,-892,-917,-2520,-3352,-2964,-2561,-1764
-1214,81,1160,-722,-1493,-876,-928,-2513,-3338,-2974,-2552,-1759
-1212,61,1181,-750,-1500,-860,-945,-2513,-3332,-2987,-2548,-1759
-1211,45,1199,-775,-1510,-847,-965,-2519,-3332,-3006,-2549,-1765
-1208,31,1213,-794,-1518,-834,-983,-2526,-3334,-3024,-2551,-1772
-1199,21,1213,-802,-1515,-820,-995,-2528,-3335,-3034,-2548,-1775
-1201,10,1225,-819,-1530,-812,-1008,-2535,-3343,-3042,-2552,-1781
-1202,5,1228,-824,-1540,-807,-1014,-2539,-3349,-3039,-2552,-1786
-1198,6,1220,-819,-1543,-804,-1012,-2537,-3350,-3031,-2547,-1787
-1192,6,1210,-813,-1543,-799,-1010,-2531,-3347,-3022,-2540,-1788
-1193,-1,1212,-819,-1560,-794,-1013,-2530,-3349,-3018,-2537,-1795
-1192,-3,1206,-817,-1570,-791,-1012,-2527,-3347,-3011,-2530,-1802
-1189,-7,1201,-816,-1581,-785,-1013,-2526,-3345,-3004,-2523,-1811
-1191,-12,1200,-819,-1598,-783,-1017,-2528,-3351,-2998,-2522,-1824
-1187,-12,1188,-811,-1604,-780,-1019,-2527,-3354,-2988,-2519,-1834
-1188,-15,1185,-810,-1619,-778,-1024,-2531,-3358,-2985,-2520,-1845
-1193,-17,1184,-810,-1637,-780,-1026,-2537,-3361,-2983,-2522,-1858
-1193,-12,1172,-797,-1643,-784,-1025,-2541,-3359,-2976,-2520,-1872
-1195,-6,1161,-785,-1649,-788,-1025,-2544,-3354,-2967,-2517,-1887
-1203,-4,1161,-783,-1665,-795,-1026,-2550,-3350,-2957,-2517,-1901
-1217,-1,1168,-784,-1687,-806,-1025,-2559,-3346,-2947,-2522,-1909
-1225,9,1163,-772,-1695,-818,-1017,-2563,-3336,-2932,-2520,-1910
-1227,21,1151,-755,-1691,-828,-1006,-2564,-3323,-2917,-2514,-1906
-1231,30,1145,-743,-1690,-836,-998,-2566,-3314,-2910,-2508,-1908
-1236,36,1145,-737,-1692,-843,-993,-2570,-3308,-2908,-2503,-1915
-1248,36,1158,-745,-1704,-851,-993,-2575,-3300,-2908,-2502,-1921
-1244,39,1155,-739,-1692,-850,-986,-2568,-3280,-2900,-2494,-1916
-1238,34,1158,-743,-1681,-842,-981,-2565,-3267,-2903,-2490,-1912
-1234,25,1168,-755,-1674,-833,-979,-2567,-3266,-2920,-2492,-1913
-1233,18,1180,-766,-1668,-828,-980,-2571,-3274,-2941,-2498,-1916
-1223,17,1178,-764,-1646,-821,-974,-2570,-3278,-2957,-2497,-1908
-1215,17,1178,-763,-1625,-817,-969,-2569,-3279,-2971,-2495,-1895
-1211,22,1177,-759,-1605,-818,-964,-2565,-3276,-2981,-2490,-1878
-1198,25,1169,-751,-1575,-813,-958,-2554,-3267,-2989,-2481,-1854
-1191,20,1175,-760,-1558,-805,-954,-2545,-3259,-2996,-2475,-1834
-1177,15,1173,-763,-1531,-794,-948,-2533,-3246,-2994,-2466,-1814
-1160,8,1172,-767,-1504,-781,-943,-2520,-3233,-2993,-2454,-1796
-1154,-1,1180,-780,-1491,-773,-942,-2508,-3223,-2995,-2443,-1782
-1150,-7,1189,-792,-1482,-768,-939,-2497,-3211,-2994,-2433,-1770
-1141,-12,1190,-798,-1467,-761,-933,-2485,-3196,-2993,-2420,-1759
-1129,-19,1190,-804,-1451,-751,-929,-2477,-3181,-2990,-2406,-1751
-1122,-31,1198,-820,-1445,-739,-931,-2475,-3172,-2993,-2396,-1745
-1121,-48,1216,-845,-1454,-729,-937,-2478,-3172,-2997,-2389,-1742
-1120,-61,1229,-864,-1461,-721,-942,-2480,-3174,-3001,-2382,-1735
-1116,-69,1233,-874,-1463,-713,-944,-2483,-3175,-3001,-2372,-1725
-1105,-73,1224,-872,-1453,-703,-939,-2481,-3169,-2994,-2357,-1709
-1107,-81,1232,-885,-1467,-698,-936,-2483,-3166,-2992,-2350,-1695
-1109,-83,1232,-888,-1477,-697,-931,-2482,-3162,-2984,-2341,-1685
-1107,-80,1222,-880,-1480,-696,-921,-2477,-3154,-2973,-2329,-1673
-1101,-76,1207,-868,-1479,-692,-908,-2472,-3145,-2960,-2314,-1659
-1101,-73,1197,-859,-1485,-691,-904,-2472,-3142,-2955,-2307,-1650
-1099,-64,1179,-841,-1487,-692,-901,-2472,-3139,-2945,-2302,-1641
-1098,-58,1164,-826,-1492,-692,-898,-2474,-3140,-2938,-2298,-1635
-1106,-52,1158,-818,-1510,-698,-897,-2480,-3149,-2937,-2301,-1635
-1105,-45,1142,-801,-1515,-698,-894,-2483,-3156,-2932,-2305,-1630
-1110,-41,1135,-791,-1528,-700,-894,-2490,-3167,-2932,-2312,-1629
-1119,-35,1132,-782,-1546,-707,-897,-2496,-3180,-2931,-2321,-1632
-1125,-25,1121,-766,-1555,-714,-895,-2501,-3191,-2929,-2328,-1635
-1126,-20,1112,-753,-1561,-714,-892,-2506,-3200,-2926,-2334,-1638
-1129,-20,1109,-747,-1569,-713,-889,-2513,-3211,-2926,-2343,-1643
-1134,-15,1106,-738,-1578,-717,-883,-2519,-3221,-2919,-2349,-1646
-1132,-2,1089,-715,-1569,-722,-867,-2518,-3223,-2901,-2348,-1641
-1117,13,1058,-682,-1542,-720,-847,-2512,-3216,-2881,-2339,-1629
-1099,22,1031,-655,-1512,-713,-826,-2505,-3210,-2863,-2329,-1617
-1084,25,1015,-640,-1488,-705,-807,-2502,-3205,-2851,-2321,-1608
-1078,22,1014,-640,-1480,-700,-792,-2507,-3206,-2853,-2318,-1606
-1064,21,1006,-635,-1458,-690,-773,-2507,-3200,-2854,-2311,-1600
-1052,14,1006,-638,-1442,-680,-759,-2508,-3197,-2859,-2305,-1594
-1050,7,1017,-651,-1437,-676,-746,-2514,-3198,-2867,-2303,-1589
-1054,3,1031,-664,-1437,-679,-732,-2520,-3200,-2873,-2303,-1584
-1051,4,1034,-667,-1424,-681,-710,-2520,-3194,-2873,-2300,-1574
-1046,1,1040,-676,-1412,-680,-688,-2523,-3191,-2883,-2300,-1566
-1039,-4,1044,-686,-1396,-676,-669,-2528,-3188,-2889,-2299,-1563
-1022,-10,1041,-691,-1368,-665,-650,-2529,-3181,-2887,-2293,-1557
-1010,-21,1046,-706,-1351,-655,-633,-2533,-3176,-2893,-2290,-1554
-995,-28,1044,-714,-1327,-645,-612,-2530,-3166,-2894,-2281,-1546
-981,-31,1039,-718,-1303,-638,-588,-2524,-3154,-2894,-2270,-1537
-969,-38,1038,-726,-1284,-629,-568,-2517,-3143,-2897,-2260,-1531
-952,-45,1032,-731,-1260,-618,-551,-2508,-3132,-2899,-2249,-1524
-933,-48,1019,-728,-1231,-607,-534,-2493,-3116,-2895,-2230,-1511
-913,-51,1004,-724,-1203,-595,-517,-2476,-3100,-2890,-2210,-1494
-898,-61,1001,-731,-1188,-582,-505,-2468,-3090,-2889,-2197,-1481
-891,-77,1011,-750,-1188,-569,-499,-2464,-3087,-2890,-2190,-1473
-883,-94,1020,-769,-1190,-555,-491,-2460,-3084,-2886,-2180,-1466
-876,-109,1026,-783,-1191,-541,-479,-2454,-3078,-2872,-2169,-1456
-863,-118,1020,-785,-1183,-527,-465,-2448,-3070,-2857,-2157,-1440
-861,-127,1024,-793,-1191,-519,-457,-2450,-3065,-2846,-2151,-1430
-860,-128,1021,-789,-1195,-517,-448,-2452,-3057,-2827,-2142,-1418
-855,-122,1005,-772,-1191,-518,-434,-2448,-3047,-2804,-2129,-1404
-850,-116,988,-753,-1185,-516,-419,-2444,-3037,-2781,-2111,-1387
-851,-113,981,-744,-1193,-516,-410,-2445,-3036,-2768,-2098,-1373
-851,-107,968,-727,-1196,-518,-402,-2445,-3037,-2758,-2084,-1360
-851,-100,955,-710,-1200,-520,-393,-2448,-3041,-2752,-2069,-1347
-860,-95,952,-700,-1217,-526,-388,-2457,-3053,-2747,-2063,-1340
-858,-89,937,-682,-1218,-525,-379,-2463,-3061,-2735,-2055,-1331
-858,-89,930,-672,-1226,-522,-374,-2471,-3072,-2726,-2049,-1324
-861,-91,928,-669,-1239,-518,-366,-2479,-3082,-2717,-2044,-1316
-863,-90,922,-660,-1246,-516,-355,-2485,-3089,-2708,-2036,-1306
-864,-88,915,-651,-1252,-515,-343,-2490,-3096,-2701,-2028,-1298
-867,-87,912,-645,-1260,-514,-330,-2497,-3106,-2696,-2023,-1291
-872,-83,907,-637,-1266,-516,-312,-2503,-3113,-2686,-2024,-1286
-871,-73,892,-619,-1259,-520,-286,-2501,-3113,-2672,-2022,-1279
-862,-62,869,-595,-1240,-519,-256,-2495,-3107,-2660,-2017,-1272
-852,-55,849,-576,-1221,-515,-227,-2488,-3100,-2653,-2016,-1263
-845,-51,837,-565,-1206,-511,-201,-2480,-3098,-2650,-2020,-1254
-848,-53,843,-570,-1209,-512,-182,-2478,-3101,-2652,-2028,-1254
-842,-52,836,-566,-1195,-508,-159,-2469,-3098,-2648,-2025,-1253
-836,-59,839,-574,-1185,-500,-139,-2461,-3097,-2650,-2020,-1253
-832,-67,847,-587,-1180,-493,-120,-2454,-3095,-2653,-2013,-1253
-833,-69,854,-596,-1175,-493,-104,-2448,-3092,-2655,-2004,-1251
-826,-61,844,-588,-1152,-495,-81,-2436,-3079,-2646,-1986,-1242
-816,-56,836,-582,-1127,-493,-59,-2422,-3064,-2635,-1965,-1231
-808,-49,828,-575,-1103,-494,-38,-2407,-3046,-2622,-1943,-1219
-791,-41,810,-562,-1067,-490,-13,-2388,-3024,-2612,-1919,-1202
-782,-38,806,-561,-1044,-487,5,-2372,-3006,-2606,-1901,-1192
-767,-36,798,-558,-1015,-480,27,-2352,-2983,-2593,-1882,-1179
-749,-38,790,-557,-985,-468,44,-2333,-2962,-2581,-1863,-1165
-737,-42,789,-562,-965,-460,53,-2317,-2943,-2575,-1846,-1155
-729,-44,791,-568,-950,-456,59,-2302,-2925,-2569,-1830,-1145
-721,-43,789,-568,-934,-453,64,-2288,-2907,-2561,-1809,-1131
-712,-40,784,-565,-917,-451,68,-2280,-2889,-2553,-1784,-1114
-708,-40,785,-566,-911,-451,70,-2286,-2877,-2547,-1764,-1098
-712,-40,794,-573,-916,-456,67,-2299,-2871,-2544,-1748,-1088
-711,-42,799,-579,-918,-456,66,-2303,-2862,-2534,-1731,-1076
-705,-44,798,-579,-915,-453,68,-2292,-2845,-2515,-1712,-1062
-693,-41,783,-567,-900,-449,76,-2269,-2820,-2489,-1689,-1045
-693,-41,784,-567,-906,-450,81,-2251,-2801,-2465,-1670,-1034
-692,-34,776,-557,-907,-455,92,-2232,-2777,-2433,-1646,-1018
-682,-29,758,-541,-897,-452,108,-2210,-2748,-2396,-1615,-996
-669,-24,736,-521,-885,-448,123,-2186,-2718,-2357,-1584,-972
-665,-22,724,-511,-886,-446,132,-2166,-2695,-2326,-1559,-954
-660,-18,708,-496,-886,-445,141,-2145,-2671,-2294,-1536,-941
-655,-14,693,-481,-886,-444,151,-2123,-2647,-2260,-1513,-930
-662,-9,687,-472,-901,-451,158,-2107,-2629,-2226,-1496,-922
-660,1,668,-450,-900,-455,167,-2087,-2608,-2189,-1477,-905
-659,7,652,-434,-902,-457,169,-2070,-2589,-2156,-1462,-889
-658,15,635,-415,-903,-461,168,-2055,-2573,-2126,-1448,-874
-653,30,607,-384,-892,-465,169,-2036,-2555,-2093,-1430,-856
-645,44,578,-354,-878,-468,170,-2018,-2534,-2059,-1410,-838
-639,54,555,-330,-866,-469,170,-2001,-2512,-2024,-1391,-822
-634,65,532,-306,-854,-471,172,-1984,-2485,-1986,-1373,-807
-622,79,501,-274,-830,-472,179,-1960,-2450,-1941,-1348,-787
-602,93,462,-237,-793,-466,192,-1933,-2409,-1896,-1317,-762
-578,100,427,-207,-753,-454,202,-1906,-2368,-1857,-1285,-737
-551,100,398,-186,-713,-435,213,-1880,-2329,-1821,-1253,-712
-531,92,385,-182,-688,-415,219,-1861,-2297,-1794,-1228,-691
-502,85,362,-170,-647,-391,226,-1835,-2259,-1762,-1195,-665
-473,70,348,-170,-610,-360,228,-1809,-2224,-1733,-1162,-637
-447,50,344,-181,-581,-329,224,-1786,-2191,-1708,-1129,-612
-423,32,341,-190,-552,-301,225,-1763,-2157,-1681,-1094,-583
-394,22,325,-186,-509,-275,230,-1734,-2119,-1643,-1053,-548
-363,9,312,-186,-466,-246,235,-1705,-2076,-1600,-1007,-509
-332,-2,297,-185,-422,-217,240,-1674,-2031,-1552,-958,-467
-290,-12,270,-175,-361,-183,247,-1638,-1980,-1500,-903,-419
-252,-28,254,-177,-312,-148,248,-1605,-1933,-1452,-851,-377
-210,-38,228,-169,-255,-113,249,-1569,-1879,-1400,-795,-335
-165,-45,196,-155,-191,-79,251,-1529,-1819,-1344,-735,-291
-123,-54,168,-145,-134,-45,247,-1489,-1759,-1286,-674,-251
-77,-64,138,-135,-75,-8,237,-1451,-1701,-1227,-612,-212
-27,-73,101,-120,-10,31,224,-1410,-1639,-1164,-545,-166
28,-83,60,-102,59,74,207,-1370,-1575,-1099,-472,-112
81,-97,26,-92,120,119,183,-1337,-1512,-1035,-397,-56
128,-112,-4,-86,172,161,156,-1310,-1451,-968,-323,-3
173,-125,-33,-77,220,199,128,-1286,-1392,-899,-250,49
216,-138,-63,-68,266,236,102,-1264,-1331,-824,-178,103
267,-146,-105,-46,323,276,79,-1236,-1263,-740,-99,164
310,-156,-138,-32,367,311,51,-1212,-1194,-657,-21,221
354,-160,-180,-7,416,343,24,-1185,-1120,-566,58,279
406,-158,-234,31,477,376,1,-1151,-1040,-467,143,341
460,-158,-290,69,540,411,-19,-1114,-959,-365,229,405
511,-162,-340,102,595,447,-43,-1081,-885,-266,313,463
564,-163,-394,139,654,483,-65,-1047,-809,-165,398,524
622,-168,-451,175,718,524,-85,-1008,-730,-64,488,587
673,-176,-497,203,769,563,-110,-971,-653,40,576,647
733,-179,-558,245,837,604,-131,-929,-568,150,667,710
790,-183,-615,284,900,644,-153,-888,-484,258,752,771
846,-187,-672,323,965,683,-174,-844,-397,367,835,831
908,-187,-738,370,1039,723,-188,-792,-304,480,920,896
966,-185,-802,418,1112,760,-199,-737,-207,592,1004,961
1019,-180,-864,465,1181,791,-211,-686,-112,705,1088,1024
1069,-170,-927,517,1251,817,-226,-636,-16,819,1172,1087
1121,-153,-999,580,1331,840,-236,-577,89,943,1261,1155
1179,-132,-1081,651,1423,864,-238,-512,203,1076,1357,1231
1239,-116,-1158,716,1514,892,-240,-445,319,1208,1457,1311
1298,-104,-1229,773,1604,924,-243,-378,435,1336,1556,1392
1354,-103,-1286,814,1684,960,-250,-315,547,1456,1655,1471
1421,-103,-1352,859,1778,1005,-256,-247,665,1580,1761,1552
1489,-112,-1410,892,1870,1056,-264,-178,783,1701,1867,1633
1555,-128,-1457,912,1955,1112,-276,-113,900,1821,1970,1712
1621,-148,-1500,928,2038,1169,-288,-48,1015,1942,2072,1792
1698,-164,-1557,954,2139,1233,-294,18,1134,2069,2182,1877
1778,-188,-1609,970,2239,1303,-303,81,1250,2187,2291,1959
1860,-217,-1658,981,2338,1378,-311,145,1366,2301,2397,2039
1953,-248,-1716,995,2450,1462,-312,216,1489,2415,2508,2124
2037,-283,-1761,997,2547,1543,-313,284,1606,2518,2610,2200
2119,-310,-1812,1009,2647,1618,-306,358,1726,2621,2711,2273
2204,-337,-1866,1022,2750,1695,-294,433,1846,2724,2811,2341
2284,-367,-1913,1028,2843,1770,-288,508,1963,2828,2905,2407
2361,-396,-1959,1033,2933,1843,-283,581,2080,2933,2997,2477
2438,-420,-2010,1045,3023,1912,-276,656,2197,3037,3088,2553
2517,-446,-2062,1057,3115,1984,-271,726,2310,3131,3183,2627
2590,-474,-2105,1062,3195,2053,-270,788,2415,3214,3274,2695
2654,-505,-2138,1059,3261,2119,-275,844,2512,3289,3359,2757
2717,-534,-2171,1058,3325,2181,-284,897,2605,3362,3440,2817
2779,-559,-2207,1062,3388,2241,-292,948,2696,3435,3519,2875
2847,-579,-2255,1079,3462,2300,-293,1003,2787,3512,3600,2937
2904,-602,-2288,1085,3517,2354,-298,1051,2869,3584,3671,2992
2958,-619,-2325,1099,3571,2401,-299,1101,2952,3665,3742,3050
3015,-634,-2367,1119,3631,2449,-295,1157,3037,3751,3816,3112
3078,-647,-2417,1146,3697,2499,-287,1219,3127,3843,3894,3175
3133,-662,-2458,1167,3751,2545,-284,1278,3210,3934,3965,3229
3189,-673,-2502,1193,3808,2588,-280,1339,3294,4027,4032,3280
3250,-689,-2549,1219,3869,2638,-271,1403,3379,4121,4100,3331
3307,-713,-2582,1231,3919,2690,-263,1464,3462,4214,4165,3379
3379,-738,-2631,1253,3989,2754,-246,1533,3555,4316,4240,3435
3454,-771,-2674,1266,4057,2824,-231,1599,3647,4413,4311,3488
3532,-811,-2714,1273,4127,2900,-215,1665,3738,4512,4381,3539
3619,-853,-2760,1282,4207,2984,-193,1738,3835,4616,4453,3594
3709,-900,-2806,1287,4290,3073,-164,1815,3935,4720,4527,3652
3795,-949,-2844,1285,4366,3161,-128,1894,4036,4823,4598,3709
3876,-998,-2877,1279,4438,3246,-85,1976,4136,4926,4669,3766
3961,-1043,-2919,1281,4519,3331,-33,2068,4243,5036,4742,3825
4057,-1088,-2973,1290,4617,3423,27,2169,4357,5150,4821,3891
4155,-1137,-3023,1293,4716,3520,91,2274,4474,5259,4898,3956
4249,-1190,-3066,1287,4808,3617,157,2380,4590,5357,4974,4020
4336,-1253,-3093,1262,4887,3717,225,2481,4702,5440,5043,4077
4438,-1316,-3133,1245,4986,3827,301,2591,4821,5524,5117,4135
4541,-1389,-3165,1215,5082,3944,377,2700,4939,5602,5189,4188
4642,-1468,-3188,1174,5171,4065,451,2804,5054,5675,5259,4235
4743,-1548,-3210,1131,5262,4186,524,2907,5167,5750,5325,4282
4851,-1623,-3242,1098,5364,4309,602,3019,5284,5832,5396,4336
4958,-1703,-3270,1057,5464,4435,685,3135,5402,5915,5468,4393
5065,-1785,-3294,1012,5562,4562,771,3249,5517,5996,5540,4451
5187,-1865,-3333,978,5680,4698,865,3370,5639,6081,5623,4520
5308,-1956,-3362,929,5790,4840,955,3488,5758,6161,5703,4589
5438,-2047,-3399,887,5912,4988,1049,3614,5883,6251,5788,4663
5578,-2139,-3443,848,6045,5144,1144,3748,6018,6353,5880,4746
5716,-2234,-3484,806,6174,5300,1234,3884,6157,6458,5977,4831
5858,-2329,-3526,765,6305,5459,1322,4023,6303,6574,6081,4923
6007,-2426,-3575,729,6444,5623,1409,4168,6454,6700,6191,5022
6163,-2526,-3627,693,6589,5794,1495,4315,6610,6831,6305,5124
6318,-2631,-3673,651,6727,5967,1573,4460,6766,6960,6418,5226
6467,-2739,-3711,603,6856,6138,1648,4602,6917,7086,6529,5323
6619,-2845,-3753,560,6988,6310,1727,4750,7069,7219,6639,5417
6773,-2948,-3801,523,7123,6481,1815,4904,7227,7361,6752,5509
6934,-3046,-3861,500,7269,6653,1914,5070,7395,7513,6870,5607
7084,-3147,-3908,467,7398,6819,2015,5238,7561,7666,6983,5702
7229,-3241,-3957,441,7524,6977,2120,5413,7730,7827,7096,5794
7374,-3328,-4014,425,7653,7131,2234,5599,7906,7992,7213,5882
7522,-3417,-4072,408,7784,7288,2351,5793,8088,8156,7330,5966
7665,-3511,-4122,385,7904,7445,2464,5989,8267,8319,7440,6048
7803,-3597,-4174,368,8022,7594,2578,6191,8448,8488,7550,6136
7940,-3679,-4232,358,8142,7738,2695,6402,8634,8659,7665,6229
8063,-3758,-4278,342,8244,7873,2808,6614,8820,8833,7779,6320
8196,-3830,-4343,343,8366,8009,2921,6837,9022,9023,7905,6417
8328,-3901,-4409,346,8486,8144,3028,7058,9228,9215,8037,6516
8459,-3971,-4475,349,8607,8277,3126,7272,9436,9408,8173,6619
8596,-4033,-4556,367,8741,8410,3217,7485,9651,9613,8318,6728
8738,-4093,-4644,390,8885,8545,3302,7695,9875,9832,8472,6846
8882,-4156,-4732,411,9030,8683,3383,7900,10107,10066,8631,6967
9026,-4220,-4818,429,9176,8822,3461,8102,10345,10310,8795,7091
9178,-4287,-4910,448,9333,8969,3539,8309,10594,10568,8968,7223
9344,-4356,-5014,474,9507,9127,3623,8525,10860,10839,9152,7366
9518,-4432,-5117,493,9688,9294,3707,8745,11141,11118,9346,7515
9695,-4516,-5215,503,9870,9470,3794,8974,11442,11408,9548,7669
9871,-4609,-5302,497,10045,9651,3884,9214,11761,11709,9751,7822
10060,-4702,-5401,500,10237,9839,3987,9474,12108,12030,9966,7984
10253,-4798,-5500,499,10435,10035,4095,9749,12473,12363,10190,8153
10444,-4898,-5591,490,10628,10230,4204,10031,12852,12708,10418,8323
10634,-4998,-5682,479,10821,10426,4315,10319,13242,13060,10650,8497
10834,-5093,-5784,479,11030,10625,4435,10618,13652,13427,10895,8678
11037,-5191,-5887,477,11243,10828,4559,10926,14083,13807,11147,8864
11239,-5287,-5988,475,11455,11029,4684,11240,14532,14204,11403,9051
11450,-5378,-6103,485,11683,11232,4818,11571,15004,14622,11672,9245
11651,-5472,-6204,483,11894,11431,4949,11907,15485,15047,11943,9439
11852,-5563,-6308,486,12109,11627,5082,12256,15982,15486,12222,9641
12052,-5650,-6414,493,12323,11820,5217,12615,16488,15930,12506,9844
12244,-5739,-6509,492,12525,12008,5345,12977,16997,16372,12786,10041
12432,-5828,-6600,490,12721,12193,5471,13344,17511,16815,13060,10232
12625,-5917,-6696,491,12923,12382,5601,13721,18037,17266,13332,10421
12824,-6010,-6794,492,13129,12576,5738,14113,18579,17734,13607,10609
13018,-6109,-6883,483,13324,12770,5880,14519,19140,18225,13887,10796
13207,-6214,-6961,465,13508,12965,6023,14936,19721,18739,14169,10978
13400,-6320,-7042,448,13694,13163,6170,15366,20321,19279,14457,11159
13594,-6421,-7130,441,13884,13358,6323,15809,20942,19852,14755,11343
13792,-6513,-7233,450,14085,13550,6483,16263,21582,20454,15065,11532
13983,-6609,-7325,451,14273,13739,6643,16714,22231,21066,15378,11719
14174,-6700,-7422,458,14461,13925,6804,17165,22889,21695,15695,11909
14367,-6787,-7529,475,14656,14110,6969,17614,23556,22330,16016,12100
14562,-6870,-7641,498,14853,14292,7132,18050,24221,22953,16336,12289
14746,-6956,-7741,512,15035,14470,7281,18459,24871,23557,16648,12475
14931,-7038,-7848,532,15220,14646,7417,18842,25508,24150,16953,12661
15122,-7121,-7960,556,15411,14826,7546,19202,26139,24731,17257,12848
15300,-7205,-8059,569,15584,14999,7661,19534,26755,25297,17551,13032
15487,-7283,-8175,598,15774,15174,7770,19847,27368,25864,17850,13227
15673,-7362,-8290,624,15962,15350,7861,20125,27965,26415,18143,13424
15857,-7441,-8402,649,16148,15525,7933,20365,28546,26948,18430,13620
16047,-7515,-8526,684,16345,15700,7995,20575,29119,27475,18716,13821
16242,-7591,-8653,720,16549,15881,8048,20762,29690,28001,19006,14023
16438,-7673,-8775,749,16753,16067,8092,20930,30256,28524,19298,14225
16637,-7760,-8895,771,16956,16258,8133,21083,30818,29049,19590,14429
16842,-7846,-9021,799,17172,16454,8177,21226,31379,29585,19887,14639
17062,-7932,-9162,835,17407,16659,8223,21361,31941,30124,20189,14854
17291,-8026,-9302,866,17649,16876,8269,21481,32498,30664,20492,15067
17524,-8128,-9438,887,17894,17102,8307,21583,33049,31204,20792,15274
17751,-8241,-9557,889,18124,17331,8337,21661,33590,31735,21081,15466
17987,-8357,-9679,890,18365,17569,8370,21726,34129,32270,21370,15655
18224,-8483,-9791,878,18601,17814,8397,21768,34656,32802,21655,15836
18456,-8617,-9890,851,18826,18061,8414,21779,35164,33332,21927,16006
18681,-8754,-9978,815,19042,18305,8424,21757,35652,33854,22185,16162
18909,-8884,-10074,788,19265,18547,8436,21713,36124,34364,22436,16314
19137,-9019,-10164,755,19487,18792,8439,21639,36574,34848,22671,16458
19361,-9158,-10245,712,19700,19036,8432,21534,36997,35300,22885,16592
19593,-9300,-10331,671,19922,19287,8426,21403,37394,35722,23087,16723
19816,-9457,-10390,602,20122,19542,8408,21230,37750,36103,23268,16841
20039,-9618,-10447,530,20320,19799,8385,21022,38072,36459,23436,16957
20265,-9779,-10504,457,20519,20057,8350,20776,38359,36786,23590,17072
20484,-9946,-10549,373,20706,20314,8294,20484,38602,37072,23725,17181
20697,-10115,-10586,283,20883,20568,8220,20151,38800,37311,23837,17284
20904,-10281,-10621,194,21053,20815,8131,19787,38952,37488,23924,17381
21102,-10444,-10648,102,21212,21054,8029,19393,39054,37587,23978,17463
21280,-10607,-10656,-2,21343,21279,7910,18964,39094,37586,23986,17520
21433,-10767,-10642,-118,21440,21485,7774,18502,39061,37467,23939,17546
21572,-10922,-10620,-235,21523,21678,7627,18012,38958,37229,23838,17547
21698,-11070,-10593,-350,21591,21858,7469,17499,38783,36859,23682,17523
21812,-11207,-10564,-458,21648,22022,7304,16960,38523,36343,23469,17473
21898,-11346,-10506,-585,21665,22168,7124,16375,38149,35639,23187,17385
21964,-11480,-10434,-718,21659,22298,6930,15741,37643,34729,22836,17263
22014,-11608,-10354,-852,21635,22414,6724,15057,36990,33603,22420,17112
22048,-11731,-10263,-989,21592,22516,6507,14323,36187,32288,21941,16931
22054,-11858,-10142,-1148,21507,22602,6270,13538,35240,30822,21406,16719
22039,-11978,-10009,-1310,21401,22669,6016,12708,34163,29256,20830,16479
22008,-12089,-9870,-1469,21278,22721,5753,11835,32969,27627,20224,16221
21944,-12192,-9706,-1639,21116,22744,5473,10905,31657,25955,19585,15936
21864,-12274,-9549,-1791,20948,22744,5183,9925,30247,24268,18932,15642
21763,-12353,-9377,-1951,20755,22728,4876,8887,28739,22571,18270,15336
21650,-12428,-9196,-2114,20547,22701,4559,7799,27147,20886,17606,15018
21531,-12490,-9025,-2263,20342,22662,4241,6682,25497,19235,16951,14696
21401,-12536,-8860,-2398,20135,22606,3926,5552,23806,17629,16308,14373
21254,-12566,-8694,-2524,19915,22528,3612,4424,22094,16081,15675,14050
21086,-12577,-8526,-2640,19682,22424,3301,3306,20371,14604,15058,13730
20902,-12568,-8364,-2740,19443,22295,2999,2208,18650,13202,14459,13412
20707,-12536,-8212,-2819,19205,22144,2710,1137,16943,11871,13882,13098
20492,-12490,-8056,-2893,18952,21972,2428,94,15251,10600,13318,12781
20263,-12433,-7894,-2966,18688,21782,2151,-920,13579,9390,12766,12462
20010,-12368,-7715,-3046,18398,21572,1870,-1910,11925,8224,12222,12136
19752,-12286,-7547,-3108,18115,21346,1592,-2862,10306,7118,11693,11808
19489,-12194,-7381,-3163,17832,21111,1313,-3773,8731,6066,11177,11473
19217,-12093,-7213,-3215,17544,20865,1028,-4644,7207,5068,10672,11132
18939,-11975,-7055,-3250,17259,20602,740,-5471,5745,4134,10188,10803
18661,-11833,-6916,-3257,16991,20324,452,-6245,4357,3269,9734,10498
18381,-11678,-6787,-3248,16728,20034,162,-6970,3048,2474,9306,10211
18093,-11510,-6659,-3231,16463,19731,-136,-7646,1817,1750,8900,9937
17811,-11330,-6548,-3194,16214,19424,-431,-8263,674,1096,8521,9678
17514,-11149,-6420,-3167,15945,19106,-730,-8833,-394,490,8152,9422
17211,-10960,-6293,-3133,15672,18778,-1022,-9353,-1382,-68,7792,9167
16905,-10764,-6169,-3093,15399,18443,-1307,-9824,-2290,-585,7438,8909
16586,-10565,-6032,-3058,15109,18098,-1588,-10255,-3125,-1069,7079,8638
16249,-10357,-5887,-3022,14800,17734,-1858,-10645,-3887,-1526,6713,8358
15899,-10137,-5741,-2978,14481,17354,-2120,-10988,-4574,-1957,6342,8069
15539,-9907,-5595,-2926,14153,16959,-2375,-11284,-5186,-2360,5968,7776
15160,-9673,-5435,-2879,13801,16549,-2622,-11541,-5733,-2737,5590,7473
14758,-9433,-5259,-2838,13421,16120,-2858,-11759,-6215,-3087,5208,7158
14339,-9181,-5081,-2789,13026,15672,-3075,-11927,-6624,-3395,4827,6837
13906,-8914,-4904,-2728,12620,15204,-3266,-12043,-6957,-3658,4444,6511
13464,-8633,-4736,-2650,12213,14721,-3426,-12100,-7213,-3872,4065,6182
13001,-8347,-4555,-2576,11779,14220,-3563,-12113,-7408,-4054,3681,5842
12523,-8048,-4373,-2494,11332,13701,-3678,-12084,-7549,-4203,3293,5494
12041,-7739,-4202,-2396,10889,13173,-3767,-12013,-7640,-4320,2908,5142
11558,-7427,-4034,-2293,10445,12642,-3835,-11910,-7688,-4421,2528,4788
11066,-7122,-3854,-2202,9985,12110,-3892,-11789,-7711,-4508,2149,4429
10575,-6820,-3675,-2112,9524,11580,-3936,-11652,-7710,-4577,1779,4073
10090,-6519,-3504,-2017,9073,11056,-3970,-11503,-7690,-4630,1424,3729
9598,-6225,-3321,-1934,8608,10532,-4007,-11355,-7666,-4674,1076,3388
9115,-5922,-3156,-1833,8161,10008,-4042,-11201,-7631,-4704,747,3059
8630,-5620,-2991,-1734,7712,9483,-4085,-11052,-7598,-4731,431,2734
8144,-5316,-2827,-1632,7264,8956,-4135,-10911,-7573,-4755,125,2413
7665,-5004,-2679,-1516,6833,8430,-4185,-10774,-7552,-4772,-165,2103
7190,-4689,-2535,-1396,6409,7905,-4236,-10641,-7536,-4790,-441,1803
6714,-4376,-2388,-1281,5982,7380,-4287,-10518,-7532,-4814,-705,1509
6243,-4070,-2239,-1171,5561,6863,-4337,-10403,-7538,-4841,-963,1220
5784,-3767,-2095,-1063,5153,6357,-4382,-10290,-7548,-4872,-1212,939
5341,-3470,-1959,-954,4764,5865,-4417,-10174,-7556,-4906,-1449,672
4909,-3184,-1821,-856,4382,5389,-4444,-10062,-7574,-4952,-1678,411
4490,-2914,-1676,-773,4009,4932,-4467,-9954,-7603,-5014,-1896,159
4081,-2663,-1521,-711,3637,4494,-4492,-9853,-7646,-5093,-2107,-86
3693,-2418,-1376,-649,3287,4074,-4509,-9749,-7690,-5176,-2304,-317
3319,-2187,-1229,-598,2949,3673,-4522,-9644,-7739,-5268,-2489,-537
2953,-1969,-1075,-561,2614,3287,-4527,-9539,-7792,-5366,-2666,-751
2599,-1758,-922,-529,2288,2913,-4522,-9432,-7846,-5467,-2835,-949
2264,-1549,-784,-489,1987,2553,-4505,-9315,-7896,-5559,-2989,-1126
1943,-1349,-648,-455,1698,2208,-4478,-9193,-7940,-5647,-3133,-1287
1632,-1158,-513,-426,1417,1876,-4448,-9068,-7985,-5743,-3274,-1442
1345,-967,-401,-381,1167,1559,-4406,-8929,-8016,-5837,-3400,-1583
1061,-786,-280,-350,913,1251,-4365,-8785,-8045,-5939,-3522,-1719
789,-609,-167,-315,671,952,-4319,-8633,-8068,-6035,-3638,-1848
528,-435,-63,-277,442,663,-4268,-8472,-8081,-6123,-3746,-1968
273,-272,46,-248,212,384,-4219,-8306,-8089,-6207,-3849,-2081
21,-113,154,-221,-17,111,-4169,-8136,-8091,-6285,-3946,-2187
-223,45,254,-188,-237,-157,-4112,-7961,-8085,-6355,-4037,-2286
-456,195,349,-155,-448,-414,-4052,-7783,-8070,-6419,-4119,-2374
-687,339,446,-127,-662,-665,-3998,-7610,-8055,-6487,-4200,-2457
-922,479,550,-104,-886,-916,-3951,-7450,-8047,-6553,-4281,-2540
-1152,617,647,-77,-1103,-1163,-3905,-7297,-8037,-6607,-4358,-2617
-1371,749,736,-47,-1311,-1399,-3858,-7149,-8029,-6648,-4430,-2687
-1573,877,811,-10,-1500,-1622,-3805,-7005,-8018,-6675,-4495,-2747
-1772,990,895,13,-1695,-1832,-3756,-6873,-8012,-6697,-4557,-2803
-1964,1096,976,34,-1886,-2034,-3705,-6747,-8005,-6706,-4611,-2852
-2142,1197,1046,60,-2061,-2223,-3649,-6620,-7993,-6701,-4654,-2892
-2304,1289,1107,87,-2222,-2396,-3591,-6493,-7979,-6692,-4692,-2929
-2466,1371,1176,104,-2388,-2561,-3536,-6376,-7968,-6686,-4732,-2968
-2624,1453,1238,125,-2549,-2725,-3479,-6267,-7957,-6680,-4773,-3010
-2779,1538,1293,154,-2703,-2887,-3420,-6160,-7945,-6678,-4812,-3048
-2942,1618,1361,171,-2871,-3051,-3367,-6068,-7942,-6689,-4861,-3092
-3093,1703,1413,202,-3020,-3210,-3307,-5976,-7937,-6700,-4906,-3132
-3244,1781,1470,226,-3171,-3365,-3249,-5896,-7937,-6721,-4956,-3176
-3398,1857,1534,243,-3328,-3518,-3197,-5826,-7944,-6754,-5013,-3228
-3546,1932,1592,263,-3476,-3668,-3145,-5758,-7951,-6788,-5068,-3279
-3693,2008,1651,282,-3622,-3816,-3093,-5692,-7958,-6818,-5122,-3331
-3844,2080,1719,292,-3775,-3965,-3041,-5631,-7964,-6846,-5177,-3390
-3998,2153,1790,300,-3929,-4114,-2988,-5575,-7972,-6875,-5237,-3453
-4143,2228,1852,314,-4070,-4259,-2927,-5514,-7975,-6898,-5294,-3516
-4272,2304,1899,337,-4188,-4394,-2856,-5446,-7967,-6915,-5344,-3572
-4396,2377,1947,356,-4302,-4523,-2786,-5376,-7954,-6934,-5394,-3629
-4515,2442,2000,365,-4413,-4643,-2718,-5307,-7939,-6960,-5445,-3686
-4634,2495,2065,356,-4531,-4754,-2659,-5243,-7928,-6995,-5500,-3747
-4736,2546,2119,353,-4629,-4854,-2602,-5174,-7911,-7028,-5549,-3806
-4829,2589,2173,341,-4719,-4942,-2551,-5106,-7891,-7066,-5596,-3866
-4926,2623,2243,314,-4820,-5028,-2509,-5044,-7875,-7109,-5649,-3931
-5024,2657,2314,282,-4923,-5113,-2474,-4988,-7861,-7151,-5702,-3995
-5108,2697,2368,266,-5003,-5193,-2437,-4926,-7840,-7182,-5743,-4048
-5184,2735,2416,251,-5075,-5268,-2403,-4867,-7819,-7212,-5777,-4096
-5264,2773,2469,231,-5152,-5346,-2378,-4816,-7802,-7248,-5811,-4141
-5333,2818,2505,227,-5211,-5421,-2354,-4761,-7782,-7278,-5839,-4177
-5406,2854,2554,208,-5281,-5493,-2340,-4714,-7771,-7311,-5870,-4216
-5473,2888,2599,191,-5345,-5560,-2331,-4669,-7754,-7332,-5896,-4247
-5532,2919,2639,174,-5402,-5621,-2329,-4625,-7730,-7342,-5917,-4272
-5589,2942,2684,150,-5462,-5675,-2333,-4588,-7713,-7359,-5943,-4297
-5645,2961,2731,121,-5523,-5725,-2338,-4555,-7710,-7384,-5974,-4324
-5695,2977,2773,96,-5580,-5772,-2343,-4525,-7719,-7420,-6004,-4348
-5740,2991,2812,72,-5632,-5813,-2350,-4505,-7737,-7457,-6035,-4370
-5785,2998,2856,41,-5688,-5849,-2368,-4496,-7765,-7491,-6066,-4393
-5836,2998,2912,-1,-5758,-5886,-2393,-4498,-7801,-7531,-6100,-4422
-5887,3003,2961,-34,-5826,-5926,-2416,-4502,-7837,-7568,-6128,-4453
-5937,3012,3003,-57,-5889,-5969,-2437,-4507,-7871,-7601,-6152,-4484
-5980,3026,3030,-67,-5940,-6010,-2448,-4510,-7904,-7623,-6168,-4511
-6030,3037,3066,-82,-6002,-6054,-2461,-4522,-7944,-7642,-6185,-4539
-6079,3049,3099,-94,-6064,-6098,-2476,-4545,-7989,-7653,-6201,-4567
-6122,3065,3120,-93,-6115,-6141,-2486,-4574,-8033,-7661,-6214,-4590
-6157,3086,3128,-80,-6153,-6182,-2495,-4601,-8074,-7669,-6227,-4610
-6193,3100,3142,-72,-6196,-6220,-2503,-4623,-8116,-7678,-6244,-4636
-6229,3114,3155,-64,-6240,-6256,-2507,-4636,-8153,-7686,-6264,-4664
-6263,3130,3163,-50,-6278,-6292,-2507,-4644,-8186,-7695,-6283,-4691
-6310,3142,3189,-49,-6338,-6334,-2512,-4661,-8228,-7715,-6313,-4726
-6347,3160,3199,-34,-6380,-6373,-2509,-4670,-8264,-7733,-6340,-4755
-6387,3174,3214,-23,-6426,-6410,-2505,-4681,-8301,-7751,-6368,-4787
-6431,3188,3235,-17,-6479,-6449,-2499,-4694,-8337,-7768,-6399,-4825
-6470,3203,3251,-7,-6524,-6486,-2489,-4703,-8366,-7780,-6427,-4861
-6507,3218,3264,5,-6565,-6519,-2476,-4708,-8390,-7789,-6453,-4893
-6546,3231,3283,11,-6609,-6552,-2462,-4714,-8413,-7806,-6480,-4927
-6589,3244,3306,13,-6657,-6588,-2447,-4720,-8434,-7826,-6507,-4961
-6629,3265,3320,25,-6696,-6626,-2430,-4725,-8448,-7846,-6534,-4993
-6661,3291,3322,47,-6720,-6661,-2408,-4720,-8452,-7862,-6552,-5019
-6691,3314,3327,64,-6744,-6694,-2386,-4708,-8451,-7877,-6568,-5045
-6724,3333,3340,71,-6772,-6724,-2366,-4693,-8446,-7896,-6584,-5072
-6765,3345,3369,62,-6816,-6756,-2348,-4677,-8440,-7921,-6603,-5103
-6801,3359,3393,55,-6851,-6786,-2327,-4658,-8427,-7941,-6617,-5131
-6834,3370,3418,43,-6885,-6811,-2309,-4635,-8409,-7963,-6629,-5158
-6871,3374,3453,18,-6927,-6835,-2299,-4617,-8394,-7987,-6642,-5188
-6906,3376,3492,-12,-6969,-6855,-2296,-4602,-8378,-8013,-6657,-5220
-6929,3383,3513,-28,-6991,-6873,-2291,-4580,-8356,-8035,-6669,-5249
-6945,3392,3525,-39,-7002,-6886,-2288,-4555,-8330,-8051,-6679,-5272
-6965,3400,3543,-56,-7019,-6903,-2287,-4536,-8305,-8064,-6691,-5294
-6973,3414,3543,-57,-7015,-6915,-2279,-4508,-8271,-8071,-6691,-5305
-6988,3423,3557,-73,-7026,-6930,-2275,-4485,-8241,-8082,-6691,-5319
-7003,3436,3565,-82,-7034,-6948,-2272,-4461,-8210,-8085,-6689,-5327
-7012,3452,3565,-84,-7033,-6965,-2268,-4433,-8174,-8083,-6681,-5330
-7023,3463,3570,-92,-7037,-6981,-2265,-4407,-8140,-8084,-6674,-5333
-7032,3471,3578,-104,-7042,-6993,-2260,-4382,-8110,-8078,-6665,-5333
-7036,3477,3581,-113,-7042,-7002,-2255,-4354,-8082,-8066,-6652,-5329
-7037,3478,3583,-124,-7041,-7007,-2248,-4329,-8055,-8053,-6635,-5324
-7038,3472,3593,-143,-7045,-7006,-2246,-4313,-8035,-8050,-6622,-5322
-7049,3463,3615,-172,-7066,-7011,-2250,-4306,-8025,-8049,-6616,-5324
-7060,3457,3633,-193,-7085,-7019,-2253,-4303,-8019,-8040,-6610,-5326
-7074,3455,3648,-209,-7105,-7031,-2255,-4302,-8015,-8030,-6606,-5327
-7085,3460,3654,-211,-7118,-7045,-2255,-4300,-8011,-8016,-6598,-5327
-7103,3461,3669,-220,-7144,-7063,-2259,-4305,-8014,-8008,-6592,-5329
-7123,3464,3683,-225,-7170,-7082,-2264,-4314,-8023,-7997,-6589,-5331
-7135,3471,3686,-218,-7184,-7098,-2264,-4324,-8032,-7985,-6584,-5333
-7143,3478,3683,-205,-7193,-7111,-2265,-4334,-8042,-7977,-6583,-5337
-7154,3482,3688,-198,-7210,-7123,-2272,-4351,-8059,-7980,-6591,-5348
-7167,3484,3695,-192,-7229,-7134,-2282,-4373,-8079,-7987,-6605,-5365
-7177,3490,3695,-178,-7243,-7145,-2289,-4395,-8098,-7994,-6619,-5379
-7201,3492,3714,-177,-7279,-7162,-2301,-4429,-8129,-8013,-6645,-5402
-7215,3498,3718,-164,-7298,-7175,-2304,-4458,-8158,-8030,-6667,-5422
-7228,3499,3728,-157,-7320,-7182,-2308,-4486,-8189,-8052,-6691,-5445
-7247,3497,3746,-158,-7352,-7190,-2310,-4512,-8220,-8077,-6717,-5472
-7265,3500,3758,-153,-7377,-7200,-2306,-4538,-8249,-8099,-6746,-5498
-7281,3505,3767,-144,-7399,-7210,-2301,-4563,-8275,-8116,-6772,-5523
-7297,3507,3780,-141,-7424,-7217,-2296,-4587,-8303,-8132,-6799,-5550
-7314,3508,3795,-141,-7449,-7224,-2286,-4607,-8327,-8144,-6828,-5577
-7332,3514,3805,-136,-7471,-7236,-2270,-4619,-8344,-8147,-6855,-5603
-7346,3530,3803,-118,-7481,-7251,-2246,-4621,-8351,-8149,-6877,-5619
-7359,3543,3802,-104,-7489,-7264,-2219,-4616,-8354,-8156,-6899,-5632
-7370,3553,3803,-95,-7497,-7275,-2193,-4610,-8356,-8165,-6921,-5646
-7389,3561,3812,-95,-7515,-7289,-2173,-4610,-8362,-8182,-6948,-5664
-7401,3572,3813,-89,-7521,-7302,-2151,-4606,-8367,-8200,-6971,-5685
-7405,3580,3809,-85,-7519,-7307,-2130,-4597,-8369,-8222,-6993,-5705
-7414,3582,3815,-92,-7525,-7313,-2111,-4590,-8373,-8244,-7020,-5727
-7430,3585,3827,-104,-7539,-7325,-2096,-4584,-8377,-8267,-7049,-5749
-7440,3593,3830,-109,-7543,-7336,-2078,-4571,-8376,-8285,-7072,-5768
-7445,3600,3827,-112,-7539,-7345,-2061,-4552,-8372,-8299,-7088,-5782
-7455,3606,3832,-121,-7543,-7356,-2048,-4534,-8370,-8309,-7104,-5794
-7457,3618,3823,-118,-7531,-7367,-2029,-4506,-8359,-8311,-7109,-5797
-7469,3624,3830,-129,-7537,-7381,-2015,-4483,-8352,-8321,-7117,-5803
-7483,3635,3834,-136,-7542,-7399,-2000,-4460,-8343,-8323,-7122,-5805
-7492,3648,3831,-136,-7539,-7416,-1981,-4432,-8329,-8321,-7120,-5801
-7504,3660,3833,-140,-7542,-7435,-1959,-4403,-8310,-8316,-7114,-5797
-7520,3670,3839,-147,-7551,-7455,-1936,-4372,-8289,-8304,-7104,-5792
-7532,3681,3843,-151,-7556,-7474,-1916,-4341,-8267,-8288,-7089,-5786
-7537,3689,3842,-152,-7554,-7486,-1899,-4309,-8247,-8273,-7067,-5777
-7543,3692,3847,-159,-7557,-7495,-1885,-4284,-8230,-8267,-7047,-5766
-7556,3688,3867,-179,-7576,-7504,-1881,-4272,-8223,-8266,-7033,-5762
-7569,3682,3888,-199,-7597,-7512,-1881,-4263,-8218,-8259,-7020,-5757
-7581,3678,3906,-213,-7615,-7520,-1881,-4256,-8216,-8248,-7006,-5752
-7589,3679,3917,-218,-7628,-7529,-1873,-4249,-8212,-8234,-6986,-5745
-7604,3674,3939,-233,-7654,-7538,-1866,-4248,-8214,-8225,-6968,-5736
-7622,3671,3963,-246,-7683,-7551,-1854,-4247,-8217,-8210,-6949,-5722
-7631,3672,3974,-246,-7699,-7558,-1835,-4242,-8216,-8186,-6926,-5698
-7636,3673,3980,-241,-7709,-7563,-1815,-4234,-8214,-8159,-6898,-5670
-7647,3674,3993,-240,-7730,-7572,-1801,-4232,-8221,-8140,-6875,-5649
-7660,3680,4001,-232,-7749,-7586,-1789,-4232,-8232,-8118,-6855,-5631
-7667,3693,3998,-211,-7758,-7599,-1778,-4229,-8239,-8095,-6831,-5611
-7688,3705,4007,-199,-7784,-7620,-1776,-4238,-8254,-8080,-6818,-5602
-7705,3727,4004,-171,-7800,-7645,-1768,-4244,-8268,-8060,-6801,-5591
-7725,3746,4005,-148,-7821,-7669,-1759,-4254,-8284,-8042,-6785,-5583
-7748,3762,4012,-133,-7848,-7693,-1752,-4266,-8304,-8028,-6772,-5579
-7769,3785,4010,-107,-7867,-7719,-1741,-4276,-8323,-8012,-6758,-5573
-7787,3812,4000,-73,-7879,-7747,-1723,-4283,-8339,-7997,-6743,-5566
-7806,3838,3991,-42,-7891,-7773,-1701,-4290,-8354,-7984,-6732,-5564
-7826,3861,3986,-18,-7907,-7797,-1677,-4296,-8366,-7975,-6724,-5563
-7846,3882,3982,3,-7922,-7821,-1648,-4299,-8373,-7963,-6716,-5563
-7858,3901,3971,26,-7926,-7837,-1614,-4296,-8373,-7947,-6703,-5561
-7870,3915,3964,40,-7933,-7851,-1581,-4294,-8372,-7940,-6690,-5561
-7885,3925,3965,45,-7945,-7863,-1553,-4289,-8367,-7939,-6680,-5564
-7907,3927,3979,35,-7970,-7875,-1529,-4286,-8365,-7950,-6677,-5571
-7925,3931,3988,28,-7988,-7887,-1502,-4282,-8362,-7965,-6675,-5580
-7939,3930,3998,13,-8003,-7892,-1473,-4273,-8355,-7985,-6675,-5586
-7957,3923,4018,-12,-8027,-7898,-1447,-4266,-8351,-8013,-6683,-5597
-7980,3918,4042,-40,-8056,-7909,-1423,-4261,-8349,-8041,-6697,-5611
-7998,3920,4054,-57,-8071,-7921,-1398,-4252,-8339,-8064,-6708,-5625
-8010,3920,4063,-75,-8081,-7928,-1374,-4241,-8327,-8092,-6717,-5641
-8026,3915,4082,-102,-8098,-7936,-1356,-4230,-8314,-8121,-6728,-5658
-8030,3917,4082,-113,-8095,-7941,-1334,-4208,-8291,-8142,-6731,-5670
-8045,3917,4096,-134,-8107,-7953,-1320,-4193,-8275,-8172,-6739,-5688
-8057,3922,4102,-147,-8113,-7967,-1304,-4177,-8262,-8204,-6746,-5705
-8063,3933,4098,-149,-8107,-7980,-1284,-4155,-8248,-8229,-6747,-5720
-8071,3943,4096,-151,-8105,-7996,-1268,-4136,-8237,-8247,-6748,-5734
-8085,3957,4097,-152,-8108,-8018,-1256,-4120,-8230,-8264,-6748,-5749
-8095,3974,4093,-147,-8105,-8039,-1243,-4103,-8220,-8274,-6746,-5763
-8095,3991,4078,-132,-8090,-8054,-1230,-4084,-8207,-8279,-6739,-5771
-8092,4002,4068,-123,-8076,-8062,-1220,-4071,-8199,-8283,-6735,-5781
-8098,4006,4075,-127,-8080,-8072,-1218,-4071,-8201,-8293,-6737,-5800
-8108,4011,4084,-130,-8089,-8085,-1216,-4081,-8208,-8305,-6743,-5823
-8113,4013,4093,-133,-8096,-8092,-1215,-4091,-8215,-8311,-6749,-5846
-8111,4017,4091,-125,-8091,-8096,-1209,-4096,-8217,-8307,-6751,-5864
-8113,4020,4096,-121,-8095,-8101,-1204,-4106,-8224,-8302,-6759,-5884
-8122,4029,4102,-112,-8105,-8114,-1199,-4119,-8234,-8294,-6768,-5906
-8127,4040,4100,-94,-8108,-8126,-1196,-4132,-8243,-8280,-6774,-5925
-8128,4054,4092,-69,-8106,-8135,-1192,-4141,-8251,-8264,-6777,-5937
-8133,4062,4094,-55,-8114,-8143,-1188,-4154,-8262,-8254,-6786,-5953
-8144,4070,4101,-42,-8130,-8155,-1183,-4171,-8280,-8250,-6801,-5972
-8151,4079,4102,-24,-8141,-8165,-1179,-4189,-8296,-8251,-6819,-5991
-8174,4083,4124,-24,-8176,-8180,-1184,-4217,-8319,-8263,-6849,-6020
-8193,4098,4130,-7,-8200,-8200,-1184,-4241,-8339,-8273,-6877,-6044
-8214,4112,4136,9,-8225,-8221,-1184,-4267,-8361,-8288,-6907,-6065
-8239,4123,4149,18,-8258,-8242,-1183,-4294,-8382,-8304,-6936,-6085
-8260,4138,4153,33,-8282,-8263,-1176,-4314,-8396,-8311,-6960,-6098
-8278,4158,4149,56,-8299,-8286,-1166,-4329,-8407,-8320,-6983,-6111
-8300,4178,4147,76,-8320,-8311,-1156,-4344,-8421,-8334,-7010,-6129
-8329,4200,4148,93,-8348,-8342,-1148,-4357,-8436,-8350,-7040,-6151
-8356,4225,4145,114,-8371,-8375,-1140,-4364,-8446,-8359,-7069,-6171
-8377,4257,4128,147,-8380,-8408,-1128,-4362,-8445,-8361,-7089,-6185
-8399,4287,4112,176,-8390,-8442,-1117,-4360,-8441,-8362,-7106,-6197
-8421,4314,4100,199,-8401,-8473,-1108,-4357,-8436,-8365,-7120,-6209
-8450,4327,4108,199,-8429,-8501,-1107,-4361,-8437,-8376,-7140,-6222
-8476,4340,4115,196,-8454,-8527,-1107,-4363,-8437,-8386,-7158,-6233
-8499,4345,4125,186,-8478,-8546,-1111,-4366,-8437,-8404,-7175,-6245
-8526,4343,4148,162,-8511,-8564,-1120,-4373,-8440,-8428,-7196,-6259
-8550,4338,4170,136,-8540,-8577,-1131,-4383,-8442,-8453,-7220,-6271
-8566,4337,4181,119,-8555,-8588,-1138,-4390,-8436,-8472,-7240,-6278
-8576,4338,4186,107,-8561,-8598,-1144,-4396,-8425,-8491,-7256,-6280
-8590,4338,4198,89,-8572,-8609,-1154,-4407,-8413,-8516,-7272,-6284
-8588,4345,4186,93,-8556,-8614,-1157,-4410,-8391,-8534,-7277,-6277
-8593,4348,4188,85,-8553,-8622,-1165,-4420,-8374,-8556,-7284,-6272
-8601,4355,4191,78,-8553,-8635,-1171,-4436,-8359,-8573,-7291,-6270
-8608,4366,4189,80,-8548,-8649,-1178,-4454,-8342,-8590,-7295,-6268
-8621,4375,4196,75,-8551,-8666,-1191,-4477,-8325,-8609,-7301,-6265
-8637,4386,4206,70,-8559,-8687,-1203,-4504,-8305,-8627,-7309,-6267
-8649,4399,4213,70,-8563,-8706,-1209,-4529,-8282,-8639,-7314,-6269
-8659,4410,4218,72,-8565,-8723,-1215,-4553,-8259,-8649,-7316,-6267
-8672,4418,4231,68,-8573,-8738,-1222,-4579,-8236,-8664,-7320,-6266
-8698,4425,4258,55,-8601,-8762,-1234,-4610,-8218,-8680,-7329,-6272
-8727,4437,4284,48,-8632,-8790,-1244,-4641,-8201,-8691,-7336,-6282
-8756,4452,4305,47,-8659,-8820,-1253,-4669,-8187,-8696,-7343,-6291
-8777,4471,4314,59,-8676,-8848,-1256,-4690,-8171,-8695,-7345,-6297
-8803,4491,4328,68,-8700,-8877,-1261,-4708,-8161,-8695,-7346,-6304
-8835,4514,4344,81,-8731,-8914,-1266,-4729,-8157,-8698,-7349,-6315
-8863,4544,4347,107,-8752,-8952,-1266,-4743,-8152,-8695,-7348,-6325
-8885,4572,4347,134,-8769,-8984,-1266,-4750,-8147,-8688,-7343,-6333
-8912,4593,4358,149,-8799,-9013,-1270,-4762,-8150,-8688,-7346,-6347
-8944,4614,4372,163,-8835,-9047,-1276,-4779,-8157,-8690,-7355,-6368
-8972,4640,4377,186,-8863,-9079,-1281,-4791,-8164,-8688,-7360,-6395
-9010,4659,4397,194,-8909,-9114,-1291,-4812,-8179,-8696,-7374,-6435
-9040,4685,4401,217,-8941,-9149,-1297,-4826,-8188,-8697,-7385,-6466
-9073,4713,4404,242,-8974,-9187,-1306,-4841,-8198,-8704,-7398,-6494
-9111,4743,4410,265,-9013,-9229,-1319,-4859,-8211,-8719,-7414,-6521
-9149,4780,4407,297,-9045,-9276,-1331,-4874,-8223,-8727,-7426,-6541
-9187,4820,4401,332,-9076,-9325,-1344,-4884,-8234,-8731,-7436,-6556
-9230,4858,4401,360,-9114,-9377,-1357,-4896,-8247,-8736,-7450,-6575
-9280,4891,4410,378,-9162,-9431,-1369,-4908,-8262,-8741,-7467,-6596
-9328,4924,4418,395,-9206,-9483,-1375,-4917,-8275,-8741,-7483,-6615
-9365,4959,4412,422,-9233,-9530,-1373,-4915,-8280,-8735,-7494,-6625
-9401,4992,4406,446,-9258,-9575,-1369,-4910,-8283,-8737,-7506,-6632
-9439,5020,4408,460,-9289,-9619,-1362,-4903,-8285,-8747,-7520,-6642
-9482,5038,4425,456,-9331,-9660,-1358,-4897,-8290,-8759,-7538,-6655
-9519,5055,4437,454,-9365,-9697,-1352,-4889,-8292,-8766,-7554,-6666
-9552,5074,4444,455,-9392,-9732,-1346,-4878,-8292,-8779,-7570,-6676
-9592,5088,4463,444,-9429,-9769,-1343,-4869,-8295,-8803,-7591,-6692
-9635,5101,4488,429,-9471,-9808,-1343,-4861,-8302,-8828,-7613,-6711
-9669,5122,4498,428,-9495,-9846,-1341,-4848,-8307,-8847,-7629,-6727
-9697,5144,4501,432,-9508,-9881,-1339,-4829,-8309,-8865,-7640,-6740
-9729,5165,4510,431,-9529,-9920,-1338,-4813,-8312,-8885,-7654,-6754
-9751,5195,4502,448,-9529,-9957,-1329,-4785,-8309,-8895,-7659,-6761
-9776,5219,4506,453,-9539,-9992,-1323,-4760,-8309,-8913,-7669,-6769
-9799,5244,4507,461,-9545,-10027,-1319,-4732,-8310,-8929,-7678,-6774
-9818,5272,4503,475,-9545,-10061,-1315,-4700,-8309,-8945,-7684,-6775
-9841,5294,4510,479,-9555,-10094,-1317,-4668,-8313,-8965,-7697,-6781
-9865,5311,4524,476,-9571,-10124,-1321,-4636,-8317,-8982,-7710,-6787
-9882,5326,4534,475,-9580,-10148,-1323,-4602,-8321,-8999,-7722,-6791
-9895,5341,4539,479,-9583,-10169,-1322,-4565,-8325,-9018,-7731,-6793
-9910,5353,4551,478,-9594,-10189,-1326,-4536,-8330,-9043,-7744,-6797
-9936,5357,4581,460,-9625,-10211,-1336,-4517,-8343,-9072,-7762,-6809
-9963,5361,4613,442,-9659,-10234,-1347,-4501,-8356,-9097,-7780,-6823
-9989,5369,4639,433,-9691,-10259,-1358,-4485,-8368,-9122,-7798,-6839
-10011,5386,4651,439,-9712,-10286,-1365,-4467,-8376,-9139,-7814,-6850
-10036,5403,4666,445,-9738,-10315,-1373,-4450,-8385,-9149,-7833,-6860
-10068,5424,4684,453,-9773,-10351,-1384,-4439,-8397,-9154,-7855,-6870
-10095,5450,4691,472,-9799,-10387,-1395,-4429,-8407,-9158,-7877,-6876
-10117,5478,4689,499,-9817,-10421,-1402,-4417,-8414,-9161,-7896,-6882
-10145,5503,4696,518,-9847,-10456,-1410,-4411,-8426,-9169,-7918,-6893
-10176,5529,4703,539,-9880,-10494,-1418,-4407,-8441,-9180,-7943,-6908
-10205,5561,4700,570,-9906,-10534,-1424,-4400,-8456,-9192,-7965,-6920
-10248,5590,4713,588,-9954,-10582,-1438,-4403,-8480,-9214,-7995,-6941
-10283,5626,4711,621,-9986,-10628,-1448,-4404,-8500,-9228,-8021,-6960
-10319,5661,4708,652,-10020,-10673,-1459,-4406,-8521,-9244,-8049,-6980
-10364,5694,4715,677,-10066,-10724,-1470,-4415,-8545,-9264,-8082,-7005
-10409,5733,4715,708,-10107,-10778,-1480,-4428,-8568,-9284,-8111,-7028
-10452,5774,4708,745,-10142,-10832,-1489,-4447,-8592,-9301,-8139,-7055
-10496,5812,4707,775,-10182,-10884,-1503,-4472,-8622,-9319,-8171,-7086
-10544,5847,4711,798,-10226,-10936,-1519,-4494,-8653,-9334,-8206,-7117
-10588,5884,4710,826,-10263,-10987,-1529,-4497,-8676,-9342,-8235,-7145
-10619,5923,4692,865,-10279,-11030,-1531,-4482,-8685,-9342,-8257,-7162
-10645,5959,4673,902,-10290,-11069,-1531,-4461,-8688,-9345,-8276,-7174
-10675,5993,4660,931,-10305,-11108,-1527,-4437,-8688,-9352,-8298,-7185
-10713,6021,4661,948,-10333,-11149,-1527,-4416,-8693,-9365,-8326,-7198
-10747,6051,4658,966,-10355,-11189,-1527,-4393,-8695,-9372,-8351,-7210
-10776,6076,4655,982,-10370,-11222,-1526,-4367,-8697,-9382,-8369,-7222
-10807,6095,4661,986,-10392,-11253,-1530,-4343,-8701,-9402,-8385,-7238
-10843,6112,4674,983,-10420,-11287,-1537,-4324,-8711,-9428,-8405,-7258
-10873,6137,4676,993,-10433,-11322,-1537,-4299,-8717,-9448,-8422,-7275
-10895,6163,4671,1007,-10436,-11354,-1531,-4268,-8718,-9463,-8433,-7286
-10922,6183,4676,1011,-10447,-11385,-1525,-4242,-8722,-9478,-8444,-7300
-10931,6208,4662,1030,-10433,-11409,-1511,-4208,-8718,-9488,-8447,-7306
-10943,6230,4654,1044,-10423,-11432,-1501,-4176,-8716,-9508,-8453,-7312
-10956,6254,4647,1057,-10414,-11458,-1492,-4142,-8716,-9532,-8460,-7319
-10967,6276,4641,1070,-10405,-11483,-1485,-4109,-8715,-9562,-8467,-7327
-10983,6294,4646,1074,-10405,-11508,-1484,-4079,-8716,-9595,-8473,-7338
-10998,6311,4652,1076,-10406,-11532,-1485,-4051,-8720,-9623,-8479,-7348
-11009,6329,4653,1083,-10401,-11554,-1490,-4020,-8722,-9646,-8480,-7355
-11017,6348,4651,1094,-10394,-11576,-1496,-3986,-8724,-9668,-8478,-7360
-11029,6361,4659,1096,-10396,-11595,-1504,-3953,-8728,-9693,-8478,-7363
-11048,6364,4684,1079,-10416,-11613,-1521,-3926,-8739,-9721,-8484,-7373
-11069,6367,4711,1063,-10441,-11632,-1537,-3897,-8750,-9743,-8491,-7382
-11091,6373,4735,1052,-10466,-11654,-1551,-3868,-8760,-9761,-8498,-7393
-11106,6386,4746,1055,-10479,-11675,-1557,-3836,-8766,-9770,-8501,-7402
-11119,6396,4756,1058,-10493,-11693,-1565,-3808,-8772,-9776,-8504,-7411
-11134,6408,4766,1063,-10510,-11713,-1575,-3781,-8777,-9774,-8505,-7420
-11139,6423,4761,1079,-10513,-11727,-1580,-3751,-8778,-9761,-8498,-7426
-11141,6441,4749,1105,-10512,-11742,-1583,-3717,-8779,-9740,-8488,-7429
-11149,6458,4744,1124,-10521,-11759,-1589,-3687,-8784,-9723,-8482,-7434
-11160,6474,4740,1142,-10535,-11777,-1597,-3662,-8790,-9708,-8480,-7441
-11165,6498,4723,1174,-10538,-11796,-1602,-3636,-8793,-9689,-8473,-7445
-11183,6518,4719,1196,-10560,-11820,-1612,-3620,-8803,-9675,-8472,-7450
-11196,6545,4703,1229,-10572,-11844,-1616,-3600,-8810,-9654,-8463,-7447
-11207,6569,4687,1260,-10583,-11865,-1618,-3580,-8816,-9633,-8451,-7442
-11225,6589,4680,1282,-10605,-11887,-1619,-3564,-8822,-9612,-8440,-7440
-11243,6612,4669,1309,-10625,-11911,-1617,-3550,-8826,-9591,-8429,-7439
-11258,6637,4651,1341,-10637,-11934,-1617,-3536,-8828,-9571,-8417,-7438
-11276,6660,4638,1369,-10653,-11957,-1620,-3522,-8833,-9551,-8408,-7439
-11300,6682,4632,1390,-10678,-11984,-1626,-3508,-8839,-9531,-8403,-7442
-11322,6704,4624,1413,-10698,-12010,-1629,-3490,-8842,-9506,-8398,-7444
-11332,6731,4598,1449,-10697,-12032,-1621,-3463,-8837,-9472,-8386,-7442
-11337,6756,4570,1485,-10689,-12048,-1611,-3433,-8829,-9439,-8373,-7437
-11337,6776,4541,1519,-10675,-12059,-1599,-3402,-8818,-9410,-8361,-7435
-11343,6793,4522,1542,-10669,-12072,-1593,-3376,-8809,-9394,-8354,-7437
-11345,6810,4502,1566,-10659,-12083,-1588,-3350,-8799,-9383,-8345,-7440
-11338,6820,4479,1587,-10638,-12085,-1582,-3320,-8786,-9375,-8331,-7438
-11332,6818,4471,1588,-10626,-12079,-1580,-3292,-8778,-9370,-8321,-7437
-11330,6811,4472,1581,-10620,-12074,-1577,-3265,-8773,-9366,-8316,-7437
-11326,6807,4471,1576,-10609,-12070,-1567,-3232,-8764,-9356,-8305,-7432
-11320,6803,4467,1574,-10593,-12066,-1554,-3195,-8750,-9348,-8291,-7421
-11318,6796,4473,1562,-10585,-12062,-1546,-3161,-8738,-9343,-8281,-7411
-11303,6796,4461,1568,-10554,-12056,-1530,-3117,-8716,-9327,-8265,-7396
-11292,6793,4458,1564,-10532,-12051,-1518,-3075,-8694,-9310,-8250,-7382
-11279,6789,4452,1562,-10506,-12043,-1504,-3031,-8668,-9285,-8233,-7363
-11257,6786,4440,1565,-10469,-12032,-1488,-2983,-8639,-9259,-8211,-7339
-11236,6780,4432,1563,-10435,-12018,-1474,-2941,-8616,-9242,-8190,-7317
-11216,6773,4426,1559,-10403,-12003,-1461,-2900,-8595,-9223,-8169,-7296
-11190,6768,4414,1561,-10365,-11987,-1445,-2853,-8570,-9196,-8143,-7269
-11157,6762,4395,1567,-10318,-11964,-1428,-2803,-8542,-9169,-8114,-7239
-11123,6748,4383,1563,-10275,-11935,-1414,-2757,-8512,-9144,-8086,-7210
-11099,6728,4387,1545,-10253,-11908,-1408,-2719,-8488,-9124,-8064,-7185
-11077,6705,4394,1523,-10235,-11880,-1402,-2681,-8464,-9097,-8043,-7158
-11051,6684,4396,1506,-10213,-11849,-1394,-2641,-8436,-9062,-8021,-7128
-11019,6666,4387,1499,-10182,-11817,-1380,-2599,-8404,-9018,-7994,-7096
-10988,6647,4379,1491,-10155,-11783,-1364,-2558,-8371,-8971,-7965,-7063
-10965,6632,4373,1483,-10136,-11756,-1349,-2521,-8336,-8918,-7937,-7034
-10935,6623,4354,1491,-10107,-11730,-1328,-2481,-8296,-8860,-7901,-6999
-10902,6614,4329,1501,-10073,-11699,-1306,-2439,-8253,-8798,-7860,-6963
-10871,6598,4314,1501,-10049,-11666,-1292,-2403,-8215,-8740,-7825,-6930
-10841,6579,4299,1499,-10028,-11631,-1284,-2370,-8180,-8684,-7794,-6900
-10794,6573,4256,1525,-9978,-11592,-1268,-2329,-8137,-8616,-7753,-6860
-10748,6569,4210,1555,-9928,-11556,-1252,-2288,-8095,-8547,-7714,-6821
-10729,6541,4213,1536,-9929,-11521,-1249,-2265,-8070,-8504,-7687,-6798
-10715,6503,4233,1500,-9946,-11483,-1248,-2250,-8051,-8468,-7665,-6781
-10692,6471,4236,1480,-9945,-11443,-1240,-2233,-8026,-8423,-7637,-6761
-10653,6452,4210,1488,-9913,-11401,-1223,-2207,-7991,-8362,-7599,-6732
-10602,6439,4166,1512,-9862,-11354,-1200,-2174,-7948,-8296,-7555,-6695
-10535,6442,4090,1568,-9779,-11309,-1168,-2129,-7895,-8214,-7503,-6647
-10478,6432,4037,1600,-9715,-11261,-1144,-2087,-7849,-8140,-7458,-6609
-10445,6393,4038,1578,-9703,-11210,-1137,-2060,-7815,-8089,-7428,-6590
-10401,6360,4021,1570,-9670,-11156,-1124,-2028,-7771,-8032,-7391,-6561
-10341,6332,3985,1578,-9612,-11096,-1103,-1988,-7720,-7966,-7343,-6523
-10275,6303,3942,1591,-9545,-11031,-1078,-1944,-7666,-7897,-7290,-6478
-10210,6269,3907,1593,-9481,-10964,-1051,-1899,-7610,-7828,-7239,-6435
-10144,6233,3874,1594,-9416,-10896,-1026,-1855,-7557,-7759,-7186,-6394
-10071,6193,3837,1592,-9343,-10822,-1002,-1812,-7502,-7696,-7130,-6351
-10001,6143,3815,1575,-9279,-10744,-985,-1775,-7453,-7641,-7078,-6309
-9937,6088,3803,1546,-9225,-10667,-970,-1742,-7407,-7586,-7029,-6267
-9870,6042,3782,1528,-9161,-10594,-950,-1705,-7358,-7526,-6977,-6220
-9797,5996,3755,1514,-9088,-10519,-927,-1667,-7308,-7461,-6923,-6168
-9727,5946,3735,1491,-9020,-10443,-906,-1632,-7258,-7394,-6870,-6114
-9644,5902,3698,1483,-8931,-10364,-877,-1587,-7202,-7321,-6804,-6052
-9569,5854,3674,1464,-8855,-10288,-851,-1542,-7148,-7261,-6741,-5990
-9497,5807,3652,1443,-8782,-10214,-822,-1496,-7092,-7204,-6678,-5926
-9417,5761,3623,1427,-8699,-10135,-791,-1446,-7031,-7148,-6610,-5857
-9339,5712,3601,1404,-8621,-10056,-764,-1395,-6968,-7097,-6543,-5790
-9263,5662,3581,1379,-8546,-9977,-739,-1344,-6905,-7047,-6480,-5727
-9182,5615,3554,1361,-8465,-9896,-713,-1291,-6840,-6991,-6414,-5663
-9094,5572,3518,1352,-8372,-9812,-685,-1235,-6773,-6930,-6346,-5596
-9005,5528,3481,1344,-8279,-9726,-657,-1182,-6708,-6870,-6278,-5529
-8926,5480,3459,1324,-8204,-9642,-635,-1135,-6651,-6818,-6216,-5468
-8850,5433,3438,1303,-8133,-9560,-614,-1093,-6596,-6764,-6154,-5408
-8773,5387,3416,1285,-8061,-9478,-594,-1051,-6540,-6702,-6093,-5346
-8690,5346,3382,1280,-7979,-9394,-572,-1006,-6477,-6629,-6027,-5276
-8608,5304,3349,1274,-7900,-9308,-554,-963,-6413,-6554,-5959,-5204
-8531,5259,3324,1262,-7831,-9223,-536,-923,-6349,-6475,-5893,-5136
-8452,5215,3292,1255,-7758,-9136,-513,-881,-6280,-6387,-5825,-5064
-8367,5171,3256,1251,-7680,-9045,-490,-834,-6210,-6294,-5753,-4990
-8283,5122,3222,1245,-7606,-8951,-472,-793,-6143,-6210,-5685,-4920
-8204,5077,3188,1240,-7536,-8862,-457,-759,-6081,-6137,-5623,-4856
-8120,5035,3145,1244,-7458,-8771,-440,-724,-6014,-6061,-5558,-4788
-8046,4983,3120,1231,-7400,-8682,-435,-702,-5955,-5992,-5502,-4728
-7965,4934,3083,1226,-7332,-8588,-427,-678,-5892,-5916,-5443,-4666
-7882,4879,3048,1217,-7263,-8491,-418,-654,-5828,-5843,-5386,-4604
-7802,4821,3019,1201,-7201,-8393,-408,-636,-5769,-5773,-5335,-4547
-7719,4765,2983,1191,-7133,-8295,-390,-615,-5708,-5697,-5281,-4486
-7634,4711,2944,1184,-7060,-8198,-370,-594,-5647,-5620,-5224,-4421
-7553,4657,2906,1175,-6991,-8104,-348,-577,-5588,-5545,-5168,-4355
-7476,4602,2875,1162,-6929,-8014,-326,-562,-5529,-5467,-5113,-4293
-7398,4550,2839,1152,-6862,-7926,-303,-544,-5470,-5380,-5055,-4234
-7309,4500,2790,1152,-6777,-7832,-275,-521,-5404,-5287,-4989,-4169
-7213,4447,2739,1151,-6685,-7733,-251,-500,-5338,-5201,-4921,-4106
-7112,4385,2691,1142,-6591,-7626,-229,-476,-5270,-5117,-4850,-4042
-7012,4313,2656,1116,-6504,-7513,-213,-454,-5207,-5040,-4781,-3979
-6909,4241,2620,1091,-6413,-7400,-200,-432,-5143,-4966,-4708,-3913
-6799,4169,2578,1070,-6311,-7283,-186,-407,-5078,-4896,-4634,-3844
-6694,4092,2547,1037,-6219,-7166,-174,-386,-5019,-4834,-4564,-3778
-6592,4012,2523,998,-6131,-7050,-161,-366,-4960,-4773,-4497,-3713
-6484,3938,2490,968,-6033,-6935,-144,-344,-4897,-4707,-4427,-3647
-6373,3866,2452,943,-5926,-6820,-129,-321,-4833,-4641,-4355,-3581
-6266,3790,2424,908,-5829,-6705,-120,-305,-4776,-4581,-4286,-3521
-6143,3718,2379,888,-5709,-6582,-105,-278,-4709,-4510,-4207,-3452
-6023,3637,2345,855,-5596,-6455,-95,-251,-4642,-4442,-4127,-3382
-5904,3558,2312,821,-5485,-6330,-88,-225,-4575,-4371,-4049,-3313
-5781,3484,2271,798,-5365,-6204,-80,-199,-4506,-4295,-3971,-3245
-5657,3408,2233,770,-5247,-6076,-75,-177,-4437,-4220,-3896,-3178
-5535,3328,2201,737,-5134,-5947,-71,-158,-4371,-4144,-3825,-3110
-5413,3248,2169,704,-5021,-5816,-65,-138,-4307,-4071,-3754,-3043
-5288,3166,2136,670,-4907,-5681,-58,-117,-4243,-4005,-3682,-2976
-5166,3079,2111,628,-4801,-5544,-57,-102,-4185,-3948,-3616,-2912
-5058,2988,2104,572,-4717,-5411,-66,-97,-4135,-3898,-3559,-2855
-4956,2901,2097,518,-4639,-5286,-76,-95,-4086,-3847,-3503,-2802
-4856,2819,2086,472,-4560,-5164,-88,-94,-4035,-3791,-3447,-2754
-4750,2745,2061,440,-4471,-5042,-96,-91,-3981,-3728,-3388,-2704
-4646,2675,2033,413,-4382,-4923,-105,-91,-3927,-3667,-3331,-2655
-4550,2607,2009,385,-4302,-4811,-117,-97,-3878,-3609,-3279,-2614
-4449,2544,1973,368,-4214,-4697,-124,-102,-3828,-3547,-3226,-2573
-4344,2480,1932,354,-4121,-4580,-127,-107,-3776,-3484,-3176,-2532
-4243,2413,1897,335,-4036,-4462,-134,-115,-3727,-3425,-3130,-2496
-4150,2350,1865,316,-3961,-4353,-143,-128,-3684,-3370,-3090,-2467
-4059,2298,1822,312,-3880,-4251,-149,-138,-3640,-3311,-3047,-2436
-3986,2242,1799,292,-3826,-4160,-166,-155,-3606,-3261,-3010,-2410
-3911,2192,1767,283,-3765,-4070,-185,-173,-3573,-3209,-2972,-2380
-3834,2142,1731,275,-3702,-3979,-204,-196,-3546,-3160,-2934,-2350
-3759,2088,1700,262,-3642,-3887,-226,-227,-3522,-3113,-2899,-2325
-3675,2033,1662,253,-3573,-3789,-239,-255,-3500,-3060,-2860,-2298
-3586,1975,1621,244,-3497,-3685,-246,-279,-3477,-3002,-2819,-2271
-3501,1913,1587,227,-3428,-3583,-254,-303,-3456,-2948,-2781,-2245
-3422,1851,1560,205,-3366,-3485,-263,-328,-3440,-2899,-2746,-2223
-3346,1793,1531,187,-3305,-3392,-269,-348,-3423,-2846,-2710,-2201
-3262,1744,1487,186,-3226,-3301,-268,-362,-3399,-2788,-2667,-2173
-3176,1694,1443,183,-3145,-3209,-266,-374,-3375,-2734,-2623,-2141
-3093,1638,1407,170,-3069,-3116,-262,-387,-3355,-2687,-2581,-2109
-3014,1576,1385,144,-3003,-3022,-263,-404,-3340,-2650,-2544,-2080
-2934,1510,1366,113,-2938,-2927,-266,-420,-3325,-2617,-2513,-2053
-2846,1444,1341,86,-2861,-2826,-266,-433,-3307,-2587,-2479,-2026
-2763,1373,1328,47,-2794,-2727,-271,-450,-3293,-2568,-2448,-2004
-2686,1305,1320,6,-2732,-2634,-276,-472,-3282,-2552,-2420,-1984
-2604,1243,1302,-24,-2659,-2544,-277,-488,-3267,-2529,-2388,-1959
-2517,1188,1275,-44,-2574,-2454,-275,-499,-3249,-2504,-2352,-1932
-2437,1132,1257,-71,-2499,-2369,-274,-513,-3236,-2484,-2321,-1908
-2347,1083,1222,-82,-2405,-2282,-268,-518,-3216,-2455,-2283,-1879
-2260,1026,1201,-108,-2321,-2192,-268,-523,-3198,-2434,-2251,-1853
-2175,967,1184,-139,-2242,-2101,-270,-532,-3181,-2413,-2221,-1825
-2088,913,1161,-161,-2156,-2013,-272,-540,-3162,-2391,-2193,-1797
-2007,860,1144,-187,-2079,-1928,-278,-550,-3145,-2373,-2171,-1773
-1933,806,1134,-218,-2011,-1847,-285,-560,-3129,-2354,-2151,-1751
-1861,756,1121,-244,-1944,-1769,-291,-566,-3112,-2332,-2127,-1725
-1784,706,1103,-268,-1872,-1687,-295,-571,-3093,-2310,-2100,-1699
-1710,653,1089,-294,-1805,-1604,-302,-579,-3077,-2294,-2074,-1673
-1646,596,1088,-333,-1754,-1524,-319,-595,-3068,-2283,-2054,-1652
-1587,542,1089,-370,-1712,-1449,-336,-612,-3061,-2269,-2036,-1631
-1531,489,1088,-405,-1670,-1375,-350,-628,-3055,-2254,-2016,-1611
-1472,441,1079,-431,-1624,-1302,-361,-644,-3047,-2236,-1994,-1590
-1415,394,1068,-456,-1580,-1229,-373,-662,-3043,-2221,-1976,-1570
-1366,348,1064,-483,-1547,-1162,-386,-686,-3048,-2206,-1964,-1554
-1314,312,1045,-494,-1504,-1099,-393,-707,-3051,-2186,-1948,-1531
-1259,281,1017,-496,-1456,-1037,-398,-722,-3050,-2166,-1928,-1506
-1208,248,994,-502,-1414,-976,-405,-738,-3050,-2146,-1912,-1482
-1166,218,976,-509,-1383,-922,-409,-754,-3052,-2125,-1901,-1459
-1125,196,950,-506,-1349,-875,-405,-764,-3049,-2100,-1888,-1435
-1100,170,944,-518,-1340,-835,-407,-781,-3055,-2082,-1883,-1421
-1071,149,929,-521,-1322,-797,-409,-796,-3057,-2057,-1876,-1408
-1039,128,911,-521,-1301,-758,-413,-813,-3061,-2039,-1871,-1402
-1014,106,901,-528,-1289,-721,-421,-837,-3068,-2034,-1872,-1406
-989,88,887,-529,-1274,-690,-428,-859,-3074,-2023,-1873,-1409
-962,75,868,-523,-1254,-660,-432,-880,-3076,-1995,-1872,-1409
-935,59,853,-522,-1235,-630,-434,-899,-3080,-1968,-1871,-1408
-913,39,846,-529,-1224,-600,-434,-917,-3085,-1947,-1870,-1408
-890,21,838,-533,-1210,-573,-430,-932,-3088,-1928,-1869,-1408
-855,6,815,-526,-1176,-540,-417,-938,-3082,-1903,-1861,-1400
-813,-15,794,-524,-1138,-500,-404,-940,-3074,-1881,-1851,-1387
-772,-41,777,-529,-1101,-458,-391,-942,-3064,-1863,-1841,-1374
-738,-68,771,-543,-1074,-419,-381,-948,-3059,-1850,-1836,-1367
-706,-96,767,-558,-1050,-384,-375,-957,-3056,-1840,-1835,-1361
-669,-123,759,-572,-1016,-345,-369,-962,-3051,-1832,-1831,-1351
-640,-153,763,-595,-994,-310,-371,-971,-3050,-1830,-1832,-1347
-618,-178,767,-617,-976,-283,-377,-984,-3052,-1831,-1837,-1345
-591,-196,763,-628,-947,-258,-380,-996,-3052,-1825,-1839,-1339
-560,-211,750,-632,-908,-232,-378,-1006,-3046,-1815,-1837,-1329
-535,-228,745,-644,-878,-209,-374,-1018,-3041,-1808,-1834,-1320
-502,-238,727,-642,-833,-185,-362,-1018,-3030,-1796,-1820,-1304
-474,-258,723,-657,-800,-157,-351,-1018,-3020,-1787,-1810,-1290
-446,-281,723,-676,-769,-128,-341,-1017,-3012,-1779,-1800,-1279
-412,-304,716,-691,-730,-93,-326,-1012,-3001,-1772,-1787,-1267
-383,-329,716,-711,-699,-59,-313,-1008,-2990,-1774,-1777,-1256
-356,-358,722,-736,-674,-25,-302,-1005,-2982,-1779,-1769,-1247
-326,-388,724,-760,-646,13,-291,-998,-2973,-1781,-1760,-1236
-293,-415,721,-778,-613,52,-280,-989,-2961,-1786,-1750,-1227
-264,-441,720,-796,-586,89,-275,-986,-2955,-1797,-1746,-1222
-246,-472,736,-827,-578,121,-278,-990,-2956,-1810,-1750,-1222
-233,-503,754,-859,-578,150,-281,-994,-2953,-1813,-1753,-1219
-220,-528,768,-884,-576,177,-284,-994,-2945,-1810,-1755,-1213
-204,-549,772,-898,-566,204,-280,-991,-2936,-1800,-1752,-1207
-186,-568,773,-910,-557,230,-278,-987,-2927,-1787,-1748,-1198
-174,-585,778,-922,-556,253,-280,-986,-2923,-1770,-1748,-1191
-156,-595,769,-919,-542,275,-281,-981,-2915,-1745,-1741,-1178
-130,-603,750,-909,-519,302,-280,-975,-2905,-1722,-1730,-1166
-107,-615,739,-905,-504,329,-284,-973,-2898,-1708,-1723,-1158
-91,-628,733,-906,-499,353,-291,-973,-2893,-1699,-1718,-1150
-66,-635,713,-894,-480,379,-292,-968,-2883,-1684,-1709,-1137
-52,-647,709,-896,-479,402,-301,-973,-2882,-1682,-1706,-1133
-36,-653,696,-887,-472,421,-307,-977,-2883,-1678,-1702,-1128
-16,-660,681,-879,-461,444,-312,-981,-2883,-1677,-1699,-1121
-2,-671,674,-878,-459,465,-321,-990,-2888,-1684,-1706,-1117
15,-675,659,-869,-450,484,-330,-1000,-2894,-1691,-1715,-1113
33,-675,636,-853,-434,500,-342,-1011,-2901,-1699,-1723,-1113
50,-677,618,-841,-422,515,-360,-1030,-2912,-1706,-1730,-1114
60,-680,606,-834,-416,527,-381,-1057,-2928,-1713,-1739,-1120
69,-681,595,-827,-411,535,-398,-1083,-2941,-1714,-1744,-1127
86,-677,570,-809,-390,544,-404,-1095,-2942,-1704,-1739,-1130
104,-673,545,-791,-366,554,-407,-1092,-2934,-1692,-1733,-1128
124,-672,521,-776,-340,567,-407,-1079,-2921,-1680,-1727,-1120
141,-675,505,-769,-319,580,-406,-1065,-2909,-1669,-1727,-1110
159,-684,494,-770,-298,597,-404,-1053,-2900,-1661,-1734,-1100
185,-697,479,-772,-269,620,-402,-1038,-2889,-1658,-1738,-1085
204,-719,481,-791,-253,645,-410,-1030,-2884,-1664,-1747,-1075
215,-744,495,-821,-250,665,-423,-1028,-2886,-1679,-1760,-1069
226,-761,502,-840,-240,680,-432,-1023,-2887,-1694,-1768,-1064
241,-771,498,-848,-218,692,-437,-1013,-2884,-1703,-1772,-1055
251,-783,502,-862,-204,702,-445,-1004,-2883,-1714,-1778,-1047
270,-786,489,-859,-172,711,-447,-991,-2873,-1715,-1776,-1033
285,-790,481,-860,-145,719,-449,-981,-2864,-1717,-1778,-1023
298,-794,475,-862,-122,724,-455,-971,-2859,-1720,-1782,-1015
315,-797,466,-860,-93,731,-457,-958,-2852,-1721,-1781,-1003
328,-806,467,-869,-74,739,-462,-947,-2849,-1727,-1781,-995
337,-821,478,-888,-65,750,-469,-935,-2846,-1733,-1779,-989
350,-838,487,-907,-53,764,-472,-921,-2841,-1733,-1774,-977
367,-853,490,-920,-35,781,-475,-904,-2832,-1732,-1767,-961
384,-868,494,-932,-18,799,-479,-890,-2822,-1734,-1760,-944
390,-887,512,-956,-20,812,-489,-883,-2818,-1742,-1757,-931
393,-903,530,-977,-25,822,-503,-878,-2814,-1745,-1754,-919
400,-918,541,-993,-24,835,-513,-874,-2810,-1738,-1746,-909
413,-926,541,-995,-14,847,-521,-865,-2800,-1722,-1735,-899
425,-933,537,-994,-3,860,-527,-856,-2788,-1701,-1722,-886
430,-938,541,-997,-4,868,-536,-849,-2779,-1675,-1711,-876
439,-939,533,-989,5,877,-542,-838,-2765,-1644,-1696,-863
452,-937,519,-974,17,886,-548,-823,-2747,-1611,-1676,-846
456,-936,513,-967,18,892,-559,-811,-2733,-1585,-1661,-832
452,-937,517,-966,5,894,-573,-805,-2724,-1567,-1654,-824
452,-932,510,-955,1,896,-582,-794,-2711,-1548,-1642,-810
442,-935,520,-960,-22,897,-595,-788,-2703,-1538,-1636,-802
435,-933,521,-957,-37,897,-603,-778,-2691,-1521,-1628,-795
429,-933,522,-955,-53,899,-609,-769,-2676,-1502,-1618,-787
419,-934,527,-956,-73,900,-621,-765,-2666,-1487,-1613,-785
415,-931,523,-950,-83,901,-630,-761,-2655,-1471,-1606,-782
414,-923,510,-934,-85,901,-638,-758,-2643,-1454,-1595,-778
411,-917,500,-922,-90,902,-647,-758,-2635,-1439,-1586,-774
406,-912,493,-914,-98,900,-659,-761,-2631,-1425,-1580,-771
401,-902,482,-901,-102,896,-666,-763,-2628,-1406,-1572,-769
402,-885,457,-873,-91,889,-664,-758,-2616,-1382,-1555,-760
405,-869,431,-847,-78,884,-658,-750,-2600,-1361,-1536,-748
410,-858,409,-827,-63,884,-653,-739,-2581,-1340,-1514,-732
415,-859,400,-824,-56,890,-648,-729,-2564,-1323,-1493,-715
416,-865,401,-831,-56,897,-643,-720,-2550,-1313,-1475,-704
427,-872,393,-834,-44,908,-635,-706,-2533,-1307,-1452,-690
430,-884,400,-850,-44,919,-630,-696,-2520,-1308,-1435,-679
428,-896,412,-870,-50,923,-626,-690,-2510,-1308,-1422,-669
427,-900,418,-881,-48,923,-621,-686,-2502,-1305,-1410,-655
433,-898,411,-880,-33,923,-613,-680,-2492,-1300,-1390,-636
434,-900,415,-888,-27,921,-609,-677,-2486,-1301,-1373,-618
445,-895,403,-881,-3,920,-600,-664,-2473,-1294,-1346,-597
453,-894,399,-881,16,919,-595,-651,-2462,-1290,-1321,-579
457,-895,402,-888,27,916,-590,-637,-2451,-1284,-1299,-564
467,-897,401,-892,44,917,-582,-617,-2433,-1274,-1272,-546
475,-904,409,-904,55,921,-577,-598,-2414,-1264,-1247,-529
476,-911,423,-920,56,919,-574,-585,-2396,-1254,-1223,-516
480,-916,434,-932,62,919,-571,-570,-2376,-1238,-1196,-500
490,-919,437,-937,75,921,-568,-555,-2354,-1225,-1165,-483
502,-925,440,-942,89,927,-569,-543,-2332,-1216,-1134,-465
505,-935,458,-959,86,929,-578,-539,-2319,-1212,-1111,-454
503,-945,478,-978,76,931,-590,-538,-2306,-1204,-1095,-447
505,-955,494,-992,71,935,-602,-535,-2291,-1189,-1084,-438
511,-961,501,-998,73,940,-612,-528,-2274,-1169,-1073,-427
518,-965,504,-998,77,947,-619,-517,-2257,-1152,-1061,-416
515,-970,517,-1006,66,948,-630,-510,-2245,-1140,-1055,-411
516,-968,516,-1000,64,947,-636,-498,-2230,-1123,-1048,-402
518,-959,507,-983,68,945,-642,-482,-2213,-1106,-1041,-389
519,-954,501,-971,67,945,-649,-470,-2197,-1097,-1037,-376
513,-949,501,-963,57,942,-658,-467,-2189,-1097,-1040,-370
514,-940,488,-943,59,942,-662,-463,-2179,-1093,-1040,-364
508,-937,486,-935,47,941,-670,-465,-2175,-1092,-1044,-365
502,-929,477,-919,40,938,-672,-467,-2169,-1081,-1047,-366
498,-921,466,-902,35,937,-672,-468,-2164,-1074,-1050,-371
490,-921,465,-898,20,938,-674,-472,-2163,-1074,-1057,-380
487,-921,459,-891,12,943,-672,-475,-2164,-1074,-1067,-390
489,-919,444,-877,13,949,-666,-479,-2166,-1075,-1076,-397
488,-917,431,-865,12,953,-660,-484,-2173,-1078,-1086,-405
484,-913,420,-855,8,953,-654,-493,-2183,-1079,-1097,-413
482,-909,406,-842,8,953,-645,-498,-2194,-1077,-1106,-422
492,-903,380,-822,25,959,-627,-493,-2196,-1065,-1106,-425
505,-903,356,-808,44,970,-605,-484,-2194,-1051,-1103,-426
517,-910,341,-805,58,983,-582,-474,-2190,-1041,-1104,-424
528,-924,337,-815,65,1001,-563,-468,-2185,-1037,-1110,-423
537,-941,338,-831,69,1017,-547,-466,-2181,-1035,-1118,-425
555,-958,331,-842,86,1038,-528,-459,-2172,-1029,-1120,-422
568,-979,336,-864,93,1058,-514,-455,-2166,-1029,-1124,-423
576,-997,344,-887,97,1072,-504,-454,-2162,-1028,-1127,-427
588,-1010,344,-901,110,1083,-494,-451,-2156,-1024,-1125,-429
606,-1019,336,-908,133,1095,-479,-446,-2147,-1016,-1120,-426
622,-1033,338,-925,150,1110,-470,-447,-2144,-1017,-1118,-428
649,-1041,323,-925,186,1126,-456,-443,-2138,-1018,-1115,-426
670,-1047,313,-928,216,1138,-444,-439,-2131,-1030,-1113,-427
684,-1049,310,-933,236,1142,-432,-435,-2123,-1041,-1112,-428
698,-1046,301,-929,262,1143,-418,-425,-2112,-1045,-1106,-426
712,-1047,298,-931,283,1146,-407,-411,-2102,-1049,-1102,-418
720,-1050,303,-939,295,1148,-399,-395,-2093,-1053,-1099,-409
729,-1053,307,-945,308,1152,-388,-379,-2082,-1051,-1096,-400
741,-1055,309,-948,322,1157,-377,-362,-2069,-1046,-1090,-388
753,-1064,318,-959,332,1169,-369,-350,-2058,-1044,-1085,-376
758,-1082,341,-984,327,1182,-370,-344,-2054,-1044,-1085,-371
761,-1099,364,-1008,319,1196,-373,-341,-2053,-1045,-1088,-368
765,-1110,381,-1022,314,1206,-375,-338,-2053,-1039,-1089,-367
770,-1117,390,-1028,315,1217,-374,-334,-2051,-1027,-1086,-365
775,-1121,395,-1028,316,1227,-373,-328,-2044,-1012,-1080,-356
766,-1123,411,-1034,298,1226,-374,-326,-2042,-997,-1078,-351
757,-1116,416,-1026,288,1222,-367,-320,-2035,-975,-1070,-341
760,-1108,408,-1009,291,1225,-357,-311,-2026,-951,-1055,-328
764,-1108,405,-1000,291,1235,-353,-302,-2019,-933,-1040,-319
763,-1110,407,-996,282,1243,-352,-300,-2019,-921,-1029,-318
764,-1108,400,-984,281,1250,-349,-298,-2016,-911,-1018,-316
759,-1113,407,-988,264,1257,-354,-305,-2023,-909,-1015,-323
757,-1116,406,-984,255,1265,-359,-310,-2030,-908,-1015,-331
757,-1118,402,-979,248,1273,-366,-315,-2037,-907,-1016,-337
748,-1121,407,-982,229,1275,-376,-324,-2048,-911,-1020,-345
739,-1117,403,-975,216,1272,-382,-332,-2056,-911,-1021,-348
733,-1107,390,-959,211,1265,-386,-336,-2062,-910,-1018,-345
725,-1098,378,-945,205,1257,-393,-341,-2072,-910,-1017,-343
711,-1091,376,-940,189,1244,-398,-348,-2086,-913,-1020,-346
698,-1085,372,-935,175,1233,-398,-356,-2099,-917,-1024,-353
696,-1076,354,-921,180,1226,-390,-358,-2103,-913,-1020,-351
702,-1073,336,-910,191,1225,-383,-360,-2104,-908,-1012,-346
708,-1072,320,-903,202,1226,-379,-364,-2104,-901,-1005,-339
710,-1075,313,-905,207,1225,-377,-371,-2104,-897,-1000,-335
710,-1078,308,-909,209,1223,-377,-377,-2102,-895,-996,-336
719,-1080,295,-907,225,1225,-374,-379,-2097,-894,-989,-340
725,-1089,294,-918,233,1229,-373,-387,-2098,-903,-985,-349
728,-1101,301,-937,233,1232,-376,-400,-2104,-917,-984,-357
735,-1111,302,-950,243,1236,-377,-412,-2108,-925,-980,-357
752,-1117,292,-953,268,1245,-371,-419,-2106,-925,-971,-351
764,-1126,292,-965,283,1251,-365,-427,-2108,-929,-961,-348
781,-1123,276,-958,314,1253,-351,-427,-2101,-927,-940,-339
797,-1121,264,-953,342,1256,-339,-424,-2093,-928,-919,-328
809,-1119,258,-951,363,1256,-329,-421,-2083,-931,-897,-319
827,-1117,247,-946,393,1261,-315,-415,-2068,-929,-873,-306
844,-1119,244,-947,416,1268,-300,-407,-2051,-924,-849,-296
855,-1124,248,-955,430,1275,-286,-398,-2035,-913,-826,-286
867,-1126,250,-958,445,1280,-270,-386,-2017,-900,-802,-275
880,-1126,248,-955,463,1286,-252,-370,-1996,-885,-774,-260
892,-1126,247,-953,478,1294,-242,-356,-1977,-872,-749,-245
893,-1130,261,-963,475,1297,-247,-354,-1969,-868,-732,-237
889,-1135,280,-976,464,1299,-257,-357,-1963,-861,-718,-230
883,-1139,297,-985,451,1300,-267,-359,-1957,-850,-702,-222
881,-1139,306,-986,445,1302,-273,-358,-1951,-834,-683,-212
881,-1138,311,-983,441,1306,-275,-352,-1940,-814,-659,-197
866,-1135,327,-986,418,1299,-281,-350,-1936,-798,-641,-186
853,-1125,330,-975,404,1289,-283,-343,-1926,-777,-620,-173
845,-1114,328,-960,395,1283,-286,-332,-1914,-753,-598,-158
839,-1107,326,-948,386,1281,-289,-317,-1903,-733,-577,-145
828,-1102,331,-941,368,1278,-296,-308,-1895,-714,-561,-138
824,-1092,320,-922,364,1276,-297,-298,-1885,-691,-543,-131
815,-1089,321,-916,348,1276,-302,-297,-1882,-674,-533,-133
807,-1085,318,-906,335,1275,-306,-296,-1881,-656,-525,-134
803,-1081,311,-896,327,1277,-310,-296,-1879,-643,-517,-131
790,-1079,313,-893,307,1274,-319,-299,-1884,-641,-515,-136
775,-1072,313,-886,287,1265,-324,-301,-1890,-638,-515,-141
763,-1061,305,-873,276,1255,-324,-301,-1893,-633,-514,-146
753,-1052,295,-861,267,1248,-324,-302,-1896,-628,-516,-150
741,-1045,290,-854,255,1239,-325,-305,-1900,-626,-523,-158
731,-1036,282,-845,247,1229,-325,-307,-1902,-618,-529,-166
732,-1021,256,-820,259,1222,-319,-301,-1895,-600,-529,-166
740,-1005,225,-793,281,1217,-314,-295,-1883,-582,-528,-162
747,-993,198,-772,301,1214,-311,-290,-1873,-572,-530,-159
753,-988,182,-763,314,1213,-312,-287,-1867,-572,-538,-160
752,-987,176,-765,318,1210,-314,-287,-1866,-578,-550,-163
763,-986,160,-760,337,1213,-313,-282,-1860,-580,-554,-160
772,-996,160,-772,346,1221,-315,-280,-1859,-592,-561,-157
778,-1011,169,-795,348,1230,-318,-281,-1865,-606,-569,-155
783,-1023,176,-814,353,1236,-314,-279,-1866,-613,-568,-149
795,-1028,172,-821,370,1242,-300,-273,-1862,-613,-559,-135
801,-1035,178,-836,377,1244,-286,-273,-1857,-615,-552,-120
812,-1033,170,-834,399,1243,-272,-270,-1846,-612,-537,-103
825,-1035,166,-838,418,1246,-262,-268,-1837,-613,-522,-85
835,-1040,170,-848,433,1249,-256,-267,-1829,-615,-509,-71
850,-1041,165,-849,455,1254,-246,-259,-1815,-612,-492,-54
864,-1042,163,-850,476,1257,-240,-251,-1802,-613,-475,-37
873,-1040,162,-850,492,1256,-237,-243,-1793,-614,-460,-22
886,-1037,157,-846,513,1257,-233,-235,-1785,-612,-443,-4
900,-1032,149,-836,536,1257,-231,-228,-1778,-606,-425,16
909,-1028,147,-830,551,1256,-232,-230,-1773,-600,-407,35
908,-1034,164,-843,546,1257,-240,-241,-1772,-600,-395,50
903,-1045,190,-864,531,1259,-250,-248,-1766,-606,-388,65
898,-1057,215,-884,515,1262,-257,-246,-1755,-613,-381,79
893,-1065,235,-897,501,1264,-262,-241,-1742,-616,-376,92
893,-1068,244,-899,496,1267,-266,-234,-1726,-616,-370,106
887,-1071,257,-904,483,1267,-272,-235,-1715,-615,-367,118
888,-1065,253,-890,485,1267,-273,-230,-1702,-608,-360,132
894,-1055,238,-867,495,1268,-272,-222,-1686,-599,-349,150
896,-1047,228,-848,498,1268,-274,-215,-1673,-595,-339,166
891,-1039,223,-833,491,1264,-283,-211,-1667,-597,-333,175
888,-1025,208,-809,492,1259,-290,-204,-1660,-600,-325,188
877,-1016,206,-796,477,1252,-303,-204,-1660,-614,-324,195
864,-1005,200,-781,463,1242,-312,-208,-1662,-623,-323,201
858,-995,188,-762,457,1238,-324,-210,-1663,-626,-322,208
849,-987,181,-750,445,1234,-338,-216,-1668,-631,-321,214
841,-977,169,-733,436,1228,-348,-223,-1672,-630,-319,218
837,-966,151,-713,436,1225,-354,-228,-1672,-625,-314,222
835,-960,136,-699,434,1225,-364,-230,-1673,-616,-312,223
831,-961,129,-695,427,1228,-374,-239,-1677,-609,-314,218
826,-963,124,-695,418,1231,-377,-247,-1678,-599,-319,212
831,-964,108,-687,425,1238,-372,-248,-1672,-582,-319,215
841,-965,89,-678,439,1248,-365,-242,-1665,-562,-313,221
852,-968,72,-673,453,1258,-362,-235,-1655,-546,-304,226
856,-971,62,-672,460,1264,-362,-234,-1650,-539,-297,230
852,-973,60,-677,457,1262,-366,-235,-1650,-537,-295,229
857,-974,51,-676,468,1263,-367,-231,-1646,-532,-287,229
860,-982,51,-687,471,1268,-371,-228,-1643,-526,-279,228
858,-992,62,-707,467,1270,-375,-229,-1642,-521,-272,223
859,-998,66,-719,470,1270,-373,-228,-1642,-514,-263,220
869,-1001,60,-721,487,1272,-365,-222,-1631,-501,-246,226
874,-1006,64,-732,496,1273,-360,-218,-1615,-490,-232,230
887,-1006,56,-731,519,1276,-352,-207,-1594,-471,-213,238
900,-1011,52,-736,540,1281,-346,-198,-1583,-465,-196,243
910,-1016,55,-743,555,1284,-340,-192,-1579,-468,-180,248
922,-1014,50,-741,578,1285,-332,-179,-1575,-476,-161,259
934,-1017,50,-744,597,1289,-329,-168,-1575,-490,-144,269
945,-1027,58,-756,609,1297,-330,-159,-1577,-506,-131,277
959,-1041,67,-770,624,1310,-328,-149,-1575,-520,-118,285
979,-1053,70,-777,644,1326,-323,-137,-1568,-530,-102,295
994,-1061,72,-781,661,1338,-318,-130,-1563,-541,-89,304
994,-1069,90,-795,658,1341,-321,-132,-1566,-562,-84,305
986,-1076,113,-811,643,1338,-328,-142,-1573,-579,-87,303
979,-1082,133,-822,631,1337,-338,-151,-1579,-589,-89,303
978,-1082,141,-822,628,1336,-345,-156,-1583,-592,-87,309
982,-1078,139,-813,634,1337,-350,-160,-1584,-593,-82,318
978,-1077,146,-810,627,1335,-358,-169,-1591,-595,-82,321
981,-1074,143,-800,629,1338,-360,-171,-1591,-588,-76,325
989,-1067,129,-781,640,1343,-357,-167,-1583,-577,-66,332
994,-1062,118,-765,646,1347,-357,-167,-1576,-574,-60,335
989,-1055,115,-753,639,1345,-360,-170,-1574,-576,-62,333
987,-1040,99,-729,640,1339,-361,-164,-1568,-571,-62,336
978,-1030,94,-715,629,1333,-363,-161,-1568,-568,-69,336
969,-1015,83,-696,619,1323,-363,-158,-1570,-565,-77,336
966,-1002,66,-674,618,1317,-364,-155,-1573,-565,-85,336
959,-993,57,-662,607,1313,-372,-159,-1585,-575,-99,329
952,-986,47,-651,598,1309,-382,-165,-1597,-586,-114,319
950,-978,33,-638,594,1308,-387,-170,-1605,-596,-127,312
946,-971,22,-628,588,1304,-392,-176,-1614,-605,-140,307
937,-965,15,-622,576,1298,-398,-183,-1624,-611,-154,301
931,-960,7,-617,567,1293,-402,-188,-1631,-609,-166,297
932,-945,-17,-595,575,1286,-399,-188,-1629,-592,-169,299
936,-929,-45,-570,589,1279,-396,-186,-1623,-566,-166,304
943,-916,-70,-550,605,1276,-398,-180,-1613,-536,-161,311
947,-909,-86,-541,614,1275,-402,-175,-1604,-511,-156,317
943,-904,-92,-539,613,1268,-410,-174,-1600,-494,-156,320
950,-899,-106,-532,626,1267,-415,-170,-1591,-483,-148,326
954,-902,-108,-538,631,1271,-423,-171,-1586,-482,-144,330
953,-906,-103,-550,630,1271,-435,-177,-1585,-484,-143,332
954,-904,-104,-553,636,1268,-447,-184,-1584,-488,-143,332
965,-898,-119,-544,661,1269,-454,-182,-1573,-491,-137,340
976,-896,-126,-541,681,1271,-465,-182,-1563,-502,-135,345
997,-892,-146,-529,718,1279,-471,-176,-1549,-511,-132,353
1020,-893,-162,-522,754,1291,-473,-170,-1536,-525,-129,361
1033,-892,-168,-519,779,1295,-475,-167,-1525,-538,-130,364
1048,-886,-180,-508,809,1296,-471,-158,-1506,-542,-127,370
1061,-881,-189,-498,837,1297,-469,-147,-1488,-541,-125,376
1068,-881,-188,-499,853,1298,-472,-137,-1472,-541,-126,380
1075,-886,-183,-503,867,1301,-476,-128,-1457,-539,-125,384
1086,-893,-178,-508,883,1308,-479,-117,-1438,-535,-122,392
1100,-908,-170,-520,898,1325,-483,-106,-1415,-531,-119,401
1107,-933,-146,-549,896,1343,-493,-100,-1398,-532,-121,402
1108,-957,-117,-579,886,1357,-502,-95,-1384,-526,-125,400
1104,-974,-93,-602,874,1364,-510,-91,-1365,-515,-128,398
1098,-981,-76,-612,864,1364,-517,-84,-1345,-499,-129,399
1093,-983,-67,-614,859,1361,-522,-75,-1322,-480,-126,405
1075,-986,-45,-626,833,1352,-532,-74,-1308,-463,-128,407
1066,-987,-35,-628,821,1348,-538,-68,-1288,-435,-122,415
1066,-990,-34,-627,818,1352,-542,-58,-1264,-404,-113,424
1071,-997,-34,-628,817,1363,-545,-47,-1242,-377,-106,432
1071,-1008,-27,-635,807,1374,-555,-41,-1225,-354,-105,434
1076,-1010,-34,-629,807,1383,-562,-33,-1208,-328,-102,438
1075,-1013,-36,-628,798,1389,-569,-31,-1196,-311,-104,440
1072,-1010,-42,-620,789,1390,-572,-28,-1185,-291,-104,443
1074,-1004,-56,-606,789,1392,-572,-21,-1174,-270,-101,449
1069,-1000,-63,-598,777,1391,-575,-22,-1167,-257,-105,449
1062,-991,-72,-586,767,1385,-574,-27,-1160,-246,-109,448
1058,-979,-87,-569,761,1378,-570,-33,-1150,-233,-110,447
1049,-969,-97,-556,750,1369,-566,-41,-1141,-223,-114,441
1036,-961,-98,-552,730,1359,-563,-51,-1135,-215,-121,432
1023,-953,-100,-547,712,1347,-558,-56,-1126,-203,-127,421
1021,-942,-115,-531,712,1339,-546,-53,-1110,-184,-130,415
1023,-927,-138,-509,720,1331,-533,-49,-1093,-168,-132,409
1023,-910,-159,-486,727,1319,-521,-45,-1076,-157,-133,405
1019,-898,-172,-472,728,1308,-513,-41,-1059,-152,-136,400
1008,-890,-171,-470,717,1292,-511,-38,-1046,-151,-143,392
1007,-881,-181,-460,721,1283,-506,-29,-1028,-146,-142,391
1004,-879,-180,-463,718,1276,-505,-24,-1015,-150,-145,386
996,-882,-170,-474,708,1269,-511,-26,-1006,-159,-153,377
991,-879,-166,-477,705,1259,-518,-29,-997,-164,-160,367
994,-875,-170,-474,715,1253,-521,-27,-983,-165,-158,364
994,-878,-163,-482,716,1249,-526,-26,-971,-167,-157,360
998,-878,-163,-483,727,1246,-525,-16,-956,-162,-150,362
1005,-881,-160,-488,740,1248,-521,-3,-935,-159,-135,370
1006,-887,-147,-501,741,1247,-512,10,-914,-154,-117,380
1011,-890,-142,-507,752,1247,-492,29,-885,-139,-88,400
1015,-894,-134,-516,760,1248,-472,49,-852,-121,-56,424
1012,-899,-118,-529,759,1244,-456,65,-821,-104,-24,450
1008,-900,-105,-539,758,1240,-440,82,-791,-82,12,481
1010,-901,-97,-544,764,1239,-426,100,-756,-57,51,519
1012,-901,-92,-547,772,1240,-417,115,-722,-34,89,558
1007,-905,-76,-560,767,1239,-419,119,-698,-21,119,590
1000,-912,-55,-577,755,1239,-426,119,-682,-11,145,616
993,-916,-38,-592,745,1238,-436,117,-668,-2,170,641
988,-915,-30,-595,740,1237,-446,116,-654,13,195,665
989,-908,-33,-588,746,1236,-455,121,-637,27,221,690
981,-903,-27,-588,737,1231,-472,119,-628,35,243,708
979,-893,-35,-575,741,1227,-484,120,-617,52,266,729
984,-879,-53,-553,754,1226,-493,126,-600,73,297,753
989,-867,-72,-532,766,1227,-506,130,-584,94,327,774
984,-856,-82,-517,764,1222,-524,128,-572,114,352,789
982,-840,-99,-494,766,1215,-537,130,-556,135,379,806
971,-830,-105,-482,755,1206,-551,130,-545,153,400,822
958,-820,-109,-472,740,1196,-563,131,-534,175,421,840
951,-814,-116,-462,730,1192,-572,133,-524,196,441,861
939,-815,-112,-465,709,1189,-585,128,-519,213,455,876
931,-819,-110,-467,692,1190,-595,120,-515,234,465,886
929,-821,-116,-464,684,1193,-601,113,-507,256,476,890
926,-823,-120,-461,675,1195,-608,106,-499,271,484,890
917,-824,-119,-462,659,1193,-615,96,-495,283,485,887
908,-824,-119,-461,645,1188,-620,86,-490,296,483,883
908,-817,-134,-446,647,1184,-620,86,-478,320,484,888
915,-808,-156,-426,660,1184,-616,94,-460,349,490,899
925,-801,-178,-407,677,1186,-615,103,-440,381,499,911
933,-794,-196,-392,690,1186,-614,109,-422,408,510,921
937,-788,-207,-381,698,1182,-612,112,-406,430,521,929
950,-780,-228,-364,719,1184,-605,122,-381,448,540,941
960,-781,-235,-361,732,1189,-603,128,-361,453,551,946
964,-785,-232,-368,735,1191,-607,128,-346,451,557,950
969,-785,-230,-372,741,1191,-612,128,-329,452,563,956
981,-781,-239,-365,761,1192,-609,138,-307,457,577,970
989,-782,-239,-367,773,1194,-605,144,-289,459,586,978
1000,-777,-247,-361,794,1194,-596,154,-269,465,596,983
1012,-778,-248,-363,812,1198,-588,162,-246,466,604,983
1016,-784,-236,-377,817,1201,-586,164,-228,461,605,975
1022,-789,-227,-387,825,1204,-581,166,-212,454,607,965
1027,-800,-211,-406,829,1211,-578,170,-200,443,607,955
1031,-818,-187,-435,826,1222,-577,172,-191,435,606,944
1038,-840,-163,-466,826,1239,-571,175,-180,428,607,937
1052,-861,-148,-491,835,1260,-562,179,-166,426,612,934
1068,-881,-135,-513,847,1282,-554,181,-151,426,618,933
1075,-902,-115,-540,847,1299,-554,175,-142,421,622,928
1077,-920,-95,-566,843,1312,-558,168,-136,416,624,921
1077,-932,-78,-585,838,1320,-560,161,-130,413,623,914
1078,-940,-70,-595,838,1326,-558,156,-122,414,621,911
1084,-943,-73,-595,847,1332,-554,156,-111,420,620,911
1078,-945,-65,-601,839,1331,-557,147,-106,422,612,908
1075,-940,-70,-594,840,1327,-557,141,-97,430,607,908
1076,-932,-84,-579,847,1324,-553,138,-84,439,607,908
1078,-927,-97,-566,853,1323,-550,139,-72,447,609,909
1071,-927,-97,-564,842,1321,-554,136,-67,450,607,903
1061,-920,-103,-555,832,1312,-555,134,-62,455,607,900
1041,-914,-99,-551,807,1297,-558,127,-63,453,603,893
1016,-903,-94,-546,777,1275,-563,114,-69,458,595,883
997,-892,-98,-534,756,1258,-566,102,-74,468,589,874
976,-884,-95,-529,730,1242,-575,83,-88,473,577,857
959,-878,-95,-523,706,1228,-589,62,-102,480,565,839
949,-866,-106,-505,696,1216,-600,46,-112,493,559,824
944,-853,-124,-482,694,1207,-613,32,-120,511,555,811
944,-844,-140,-463,693,1203,-628,18,-128,530,551,798
944,-833,-159,-441,696,1197,-640,7,-133,555,550,786
953,-817,-190,-407,714,1194,-641,7,-126,588,558,781
970,-804,-225,-374,742,1197,-636,10,-113,617,570,783
989,-799,-252,-351,766,1207,-628,15,-97,643,584,788
1006,-800,-267,-340,783,1219,-620,22,-83,663,594,789
1014,-808,-267,-344,785,1228,-615,26,-73,675,599,785
1032,-813,-278,-341,803,1243,-605,37,-60,685,607,788
1042,-825,-272,-352,806,1255,-598,44,-53,680,607,786
1043,-837,-256,-371,798,1262,-592,44,-53,675,605,781
1043,-846,-240,-389,791,1266,-584,44,-55,683,606,775
1051,-849,-236,-395,800,1271,-572,50,-50,692,616,776
1054,-853,-226,-406,803,1272,-562,49,-48,684,622,777
1059,-848,-226,-405,815,1271,-551,48,-46,668,630,779
1067,-846,-226,-406,830,1272,-541,51,-41,649,639,785
1071,-846,-220,-414,839,1273,-533,55,-37,631,647,792
1083,-841,-227,-410,862,1275,-520,62,-27,618,659,802
1096,-839,-233,-407,886,1280,-506,70,-16,605,673,812
1107,-844,-230,-416,902,1289,-495,79,-4,594,689,820
1119,-850,-228,-424,920,1300,-487,87,7,593,704,830
1134,-853,-234,-425,943,1311,-478,96,23,596,720,840
1146,-857,-238,-428,964,1322,-473,104,36,598,737,847
1148,-864,-228,-441,967,1328,-478,103,41,594,748,847
1143,-871,-213,-458,960,1330,-484,98,39,594,757,844
1137,-879,-198,-473,952,1332,-488,90,36,605,766,842
1132,-884,-188,-484,947,1334,-490,75,32,618,774,841
1130,-886,-187,-486,947,1335,-488,58,31,638,784,844
1115,-891,-172,-498,928,1330,-493,34,25,657,787,841
1104,-887,-169,-497,918,1323,-493,26,24,684,792,841
1096,-881,-173,-489,912,1316,-484,35,36,715,800,842
1090,-880,-174,-486,904,1313,-472,52,53,738,804,840
1079,-883,-168,-490,887,1310,-465,66,65,751,800,834
1075,-881,-174,-482,880,1308,-456,81,79,766,794,833
1068,-881,-177,-478,868,1306,-451,86,89,769,783,826
1056,-875,-180,-470,852,1297,-448,85,95,768,766,814
1055,-867,-197,-450,852,1293,-443,85,99,765,752,802
1052,-860,-210,-434,846,1289,-441,78,97,758,737,790
1047,-850,-225,-415,841,1281,-438,66,92,751,724,778
1045,-837,-244,-390,840,1272,-429,57,87,746,716,771
1041,-825,-261,-369,838,1264,-422,48,80,740,707,764
1033,-816,-268,-356,827,1254,-420,35,70,732,693,755
1023,-807,-274,-344,814,1243,-420,24,58,728,676,743
1022,-796,-288,-326,815,1235,-413,20,52,732,663,735
1028,-788,-306,-307,825,1234,-401,21,51,736,655,732
1035,-785,-320,-294,834,1236,-393,18,50,733,647,730
1037,-784,-324,-291,835,1237,-388,12,47,729,639,725
1032,-788,-314,-300,824,1236,-388,1,43,721,628,714
1034,-789,-315,-300,827,1237,-382,-2,48,716,619,706
1036,-793,-309,-307,828,1240,-381,-6,50,707,607,693
1035,-800,-297,-321,823,1242,-385,-14,46,690,589,675
1033,-800,-290,-327,823,1238,-386,-22,40,671,573,659
1039,-795,-295,-323,839,1237,-380,-24,40,661,566,652
1044,-795,-292,-327,850,1238,-376,-28,38,651,559,646
1052,-792,-294,-327,866,1239,-367,-27,40,646,555,645
1062,-791,-295,-329,885,1242,-357,-23,45,641,556,646
1064,-790,-289,-336,893,1240,-351,-19,50,636,557,646
1070,-783,-291,-333,911,1237,-343,-10,60,636,561,651
1073,-776,-291,-332,924,1231,-335,-1,67,635,568,658
1069,-771,-282,-337,928,1222,-330,5,69,634,574,663
1066,-765,-275,-341,932,1213,-326,13,74,637,584,671
1068,-762,-271,-344,941,1210,-317,27,83,651,600,685
1073,-764,-264,-351,948,1211,-309,41,92,662,617,698
1070,-777,-241,-376,939,1216,-307,49,94,663,630,704
1063,-795,-210,-410,920,1222,-309,50,93,664,640,705
1057,-813,-182,-440,902,1227,-313,49,95,672,649,703
1053,-823,-164,-458,890,1230,-318,48,100,687,658,703
1053,-825,-159,-461,888,1230,-320,52,108,709,672,706
1041,-829,-143,-473,868,1224,-325,50,110,729,681,703
1033,-827,-138,-473,857,1218,-325,53,116,756,692,704
1032,-824,-142,-466,854,1215,-323,60,123,784,705,710
1032,-825,-146,-461,850,1216,-322,66,131,809,718,717
1025,-829,-140,-466,833,1215,-325,66,135,824,725,719
1026,-833,-144,-463,826,1220,-325,69,140,842,730,724
1024,-841,-142,-468,812,1226,-328,68,143,849,730,728
1015,-844,-139,-470,792,1225,-333,62,140,850,723,727
1011,-843,-146,-462,781,1224,-338,57,138,849,715,725
999,-842,-146,-460,760,1219,-351,44,127,839,701,717
984,-836,-147,-454,738,1209,-364,30,117,831,686,707
971,-824,-158,-437,724,1196,-375,18,108,823,675,701
958,-810,-168,-420,710,1181,-384,6,98,814,667,699
940,-795,-176,-403,692,1163,-395,-8,85,803,658,696
920,-776,-184,-384,675,1141,-401,-20,71,790,649,696
909,-752,-205,-353,673,1120,-399,-28,63,781,644,698
903,-727,-232,-317,680,1103,-391,-32,58,769,642,703
900,-707,-255,-288,689,1090,-383,-32,53,752,639,708
897,-697,-266,-273,692,1084,-377,-31,49,729,631,713
891,-698,-262,-276,684,1082,-380,-39,38,696,615,712
893,-697,-266,-271,690,1084,-380,-42,29,663,599,712
892,-703,-258,-280,688,1089,-383,-43,16,628,577,711
888,-713,-242,-297,680,1093,-387,-48,0,591,553,709
886,-721,-228,-312,677,1097,-388,-54,-15,559,529,706
898,-726,-229,-315,695,1107,-381,-54,-22,541,512,707
914,-737,-227,-324,715,1124,-371,-55,-29,525,495,706
935,-748,-231,-330,743,1143,-359,-51,-32,517,482,711
960,-758,-238,-334,776,1164,-348,-43,-31,509,474,717
979,-772,-235,-347,799,1183,-341,-40,-30,498,462,714
1003,-783,-239,-355,832,1204,-333,-34,-24,495,456,714
1026,-793,-244,-361,862,1221,-326,-27,-16,493,453,716
1039,-801,-241,-372,881,1233,-322,-23,-10,492,448,718
1046,-804,-238,-380,895,1235,-319,-20,-3,489,444,722
1054,-802,-240,-381,912,1236,-315,-14,8,487,442,728
1065,-804,-242,-385,931,1241,-309,-7,22,487,447,734
1070,-814,-231,-403,934,1249,-309,-7,29,482,448,728
1064,-825,-209,-428,922,1250,-313,-8,31,475,446,712
1053,-832,-187,-450,905,1245,-317,-10,32,472,442,694
1042,-835,-171,-464,891,1239,-320,-9,32,478,441,685
1039,-831,-168,-465,888,1233,-320,0,39,494,449,687
1028,-832,-155,-475,871,1226,-328,0,40,509,453,687
1021,-827,-154,-472,863,1218,-331,5,47,534,463,691
1021,-818,-164,-459,866,1213,-327,16,60,563,477,702
1022,-809,-176,-443,868,1208,-324,27,73,587,492,715
1015,-805,-176,-438,855,1203,-324,31,83,605,505,727
1012,-800,-183,-428,848,1199,-325,34,94,626,519,739
1004,-799,-181,-425,831,1196,-331,32,101,644,526,747
991,-797,-175,-423,806,1187,-339,25,104,661,531,751
981,-791,-177,-413,788,1179,-344,19,109,679,536,758
964,-788,-171,-411,760,1168,-353,4,106,686,537,757
946,-783,-165,-407,731,1155,-362,-9,99,688,536,753
933,-775,-166,-396,711,1144,-365,-20,96,691,537,750
922,-768,-170,-385,694,1134,-368,-28,93,695,537,746
910,-765,-168,-380,674,1125,-372,-37,91,699,533,740
896,-759,-167,-374,654,1114,-372,-42,89,710,530,734
888,-747,-176,-357,646,1102,-361,-39,94,728,532,731
885,-735,-191,-337,648,1093,-343,-31,103,746,539,731
884,-725,-204,-321,650,1086,-326,-23,112,758,543,729
882,-722,-208,-315,649,1084,-312,-16,121,764,547,727
874,-724,-200,-323,636,1080,-305,-15,125,766,546,718
876,-722,-204,-320,641,1080,-297,-11,134,767,547,712
879,-728,-201,-329,644,1086,-296,-10,139,762,546,703
880,-740,-189,-347,641,1094,-300,-10,141,752,541,695
882,-748,-179,-362,642,1099,-305,-10,143,741,534,685
891,-749,-182,-365,658,1105,-306,-4,150,730,530,680
894,-753,-176,-376,666,1108,-308,-2,154,714,523,672
900,-752,-177,-379,681,1109,-309,1,157,698,514,664
910,-749,-183,-377,705,1112,-305,4,163,682,505,662
913,-747,-180,-383,717,1110,-304,3,166,663,494,659
919,-740,-184,-380,737,1107,-300,9,175,646,488,662
926,-733,-189,-376,759,1104,-297,17,185,628,484,663
929,-730,-187,-378,772,1101,-302,24,194,606,477,660
930,-724,-186,-379,785,1096,-307,31,200,587,470,657
936,-718,-190,-375,803,1093,-308,42,207,575,464,659
947,-718,-193,-374,823,1098,-310,53,216,568,459,664
953,-728,-183,-389,829,1107,-316,56,220,560,451,665
954,-743,-164,-413,824,1116,-324,56,221,549,438,661
954,-758,-145,-435,817,1125,-334,53,221,532,424,655
957,-772,-131,-453,812,1136,-343,49,219,519,412,648
971,-786,-130,-461,822,1153,-350,51,220,512,405,644
977,-807,-115,-483,815,1171,-361,46,215,501,393,634
986,-821,-111,-493,814,1187,-366,46,213,499,385,627
997,-829,-118,-492,819,1200,-366,49,216,506,383,623
1012,-835,-131,-485,830,1215,-364,54,220,513,383,622
1020,-845,-135,-486,827,1228,-367,55,219,519,376,616
1029,-849,-147,-478,830,1238,-368,57,218,528,373,612
1032,-851,-154,-472,823,1243,-373,56,219,536,371,605
1025,-846,-159,-463,807,1237,-378,53,219,542,367,595
1019,-833,-174,-441,799,1227,-381,49,221,544,366,587
1006,-823,-179,-429,779,1214,-386,40,217,539,360,575
989,-811,-182,-417,755,1198,-391,31,211,534,355,567
975,-797,-191,-399,737,1182,-390,26,209,533,354,563
963,-787,-197,-386,720,1169,-390,18,208,533,355,558
947,-777,-198,-377,698,1155,-394,4,203,530,351,551
929,-763,-201,-364,678,1136,-398,-8,197,530,344,543
919,-744,-216,-340,673,1120,-395,-9,196,540,340,542
918,-727,-237,-314,680,1110,-388,-5,200,553,340,546
915,-712,-253,-292,685,1100,-382,-3,205,560,344,549
909,-700,-263,-277,686,1089,-377,-6,208,566,351,552
896,-692,-259,-273,675,1076,-379,-14,205,563,356,549
893,-682,-267,-261,681,1068,-378,-15,208,563,368,550
887,-682,-260,-265,678,1064,-379,-16,206,554,378,547
875,-686,-242,-280,665,1057,-381,-21,202,547,389,545
862,-689,-223,-295,652,1049,-383,-28,201,544,401,546
856,-689,-213,-303,654,1044,-375,-26,208,554,423,557
849,-693,-198,-316,652,1040,-368,-27,214,563,448,570
845,-690,-190,-322,656,1032,-357,-26,219,574,477,583
849,-686,-192,-320,675,1030,-344,-19,231,584,512,601
850,-685,-186,-326,686,1028,-334,-10,242,592,546,619
860,-681,-194,-321,713,1029,-324,5,258,605,582,638
874,-678,-204,-317,742,1034,-317,23,277,618,618,658
885,-680,-205,-321,763,1039,-313,40,294,628,650,674
894,-683,-204,-328,780,1045,-307,56,309,634,678,689
907,-685,-207,-331,802,1053,-298,73,325,642,704,704
919,-691,-207,-338,819,1064,-292,90,337,650,726,716
922,-702,-193,-359,819,1071,-295,99,343,648,741,721
917,-715,-169,-387,805,1075,-302,103,343,642,750,721
905,-725,-143,-413,784,1074,-309,104,345,635,752,724
891,-731,-119,-434,760,1067,-312,104,348,632,753,726
883,-732,-106,-445,745,1063,-309,112,356,636,758,730
863,-738,-78,-469,710,1054,-310,114,356,637,753,727
846,-739,-60,-481,683,1044,-307,115,358,641,751,723
837,-736,-54,-483,666,1038,-300,121,363,649,753,720
834,-733,-55,-479,656,1036,-294,129,370,658,755,719
827,-730,-53,-478,639,1032,-295,132,372,662,750,713
824,-722,-63,-464,631,1027,-296,133,374,672,744,704
823,-716,-73,-451,625,1026,-300,127,372,677,736,691
818,-708,-81,-439,611,1020,-305,117,368,686,725,674
818,-695,-101,-414,611,1016,-303,111,367,698,717,662
816,-685,-117,-393,604,1010,-303,101,357,700,704,646
813,-675,-132,-373,598,1006,-304,89,346,701,691,633
814,-665,-152,-350,598,1004,-301,79,337,705,683,625
813,-654,-171,-325,597,999,-300,69,326,704,670,620
808,-647,-181,-309,590,993,-305,58,309,699,653,614
802,-641,-190,-296,582,988,-312,47,292,696,634,612
804,-631,-210,-271,590,984,-311,45,280,701,624,616
816,-624,-236,-245,610,988,-303,50,276,711,622,627
827,-623,-254,-228,626,995,-291,58,274,723,620,636
830,-627,-260,-224,632,1000,-280,63,268,728,614,640
824,-638,-247,-236,620,1001,-273,58,255,723,601,636
823,-642,-246,-238,622,1002,-263,55,245,719,597,638
818,-648,-236,-247,618,1000,-256,46,235,706,592,637
805,-655,-218,-263,604,993,-253,30,218,681,579,629
794,-660,-202,-277,594,984,-252,16,200,658,564,621
792,-658,-199,-279,601,978,-248,6,191,645,558,619
789,-660,-192,-288,605,973,-244,-3,184,634,555,618
786,-657,-188,-292,613,964,-238,-7,182,632,556,618
794,-654,-192,-291,634,963,-230,-7,186,632,561,620
797,-657,-186,-301,645,963,-226,-9,186,628,562,618
809,-658,-189,-305,667,967,-217,-2,188,626,564,620
823,-657,-195,-306,693,971,-205,5,189,617,566,619
835,-661,-193,-316,711,978,-196,13,184,601,564,617
846,-669,-186,-331,726,988,-189,21,179,585,563,618
860,-675,-183,-343,743,999,-179,31,181,572,568,623
873,-680,-181,-353,759,1008,-170,40,186,560,575,628
877,-687,-168,-370,761,1014,-167,43,187,545,580,628
870,-690,-148,-390,749,1010,-168,43,185,533,583,625
859,-688,-129,-404,733,1001,-166,42,186,528,588,622
846,-681,-115,-411,717,988,-164,43,186,527,591,621
840,-674,-109,-411,710,979,-158,51,189,535,597,625
827,-675,-90,-425,687,972,-159,52,184,540,596,625
817,-673,-77,-432,669,966,-157,56,180,547,594,626
809,-669,-71,-431,656,961,-154,63,174,551,596,629
801,-666,-64,-431,639,956,-154,63,166,551,598,631
788,-670,-47,-442,611,954,-162,50,148,546,594,626
783,-669,-45,-440,597,954,-168,33,131,546,594,622
782,-672,-45,-437,585,959,-176,14,114,549,593,617
775,-674,-41,-436,566,960,-181,0,99,559,589,611
778,-673,-52,-423,563,966,-181,0,92,579,591,611
779,-677,-59,-416,556,974,-187,0,84,595,590,609
777,-677,-67,-405,547,977,-192,2,75,609,588,606
777,-670,-85,-384,545,976,-193,6,70,623,588,604
778,-665,-103,-364,546,977,-194,10,66,636,588,601
775,-662,-115,-350,541,977,-197,8,61,648,584,597
766,-658,-122,-339,531,971,-200,3,57,665,579,590
760,-648,-137,-318,529,962,-199,2,56,688,580,586
759,-634,-161,-290,537,953,-195,2,59,709,582,584
757,-620,-183,-264,546,943,-193,1,63,726,584,580
753,-610,-197,-246,550,933,-190,-5,63,732,582,572
738,-602,-197,-240,540,918,-191,-15,52,726,573,555
736,-592,-211,-225,549,909,-185,-18,46,718,570,544
735,-591,-213,-223,554,906,-178,-20,39,706,566,533
728,-595,-204,-233,549,902,-172,-20,26,689,560,521
720,-596,-194,-242,544,895,-167,-24,11,671,554,506
719,-590,-197,-238,554,887,-159,-25,1,656,554,494
718,-586,-197,-239,563,880,-155,-28,-9,640,554,483
717,-578,-199,-236,575,871,-150,-29,-16,627,557,475
724,-567,-208,-227,597,864,-143,-22,-14,620,567,476
721,-561,-204,-230,604,854,-138,-17,-13,614,575,478
724,-552,-206,-227,619,845,-131,-10,-6,616,586,484
728,-544,-208,-225,635,839,-121,-2,3,618,597,492
732,-544,-201,-235,645,838,-112,4,11,616,608,499
738,-544,-196,-244,656,838,-101,14,21,615,620,510
751,-542,-199,-244,677,843,-90,28,33,619,635,525
767,-542,-204,-245,700,851,-80,42,45,621,652,543
777,-548,-196,-258,709,860,-76,50,53,611,665,556
779,-556,-179,-277,705,865,-80,48,52,597,671,565
781,-564,-164,-295,701,871,-86,45,46,584,670,572
784,-568,-154,-306,700,875,-94,42,40,572,664,578
794,-572,-152,-309,708,884,-98,43,38,567,661,586
792,-583,-134,-328,695,891,-106,36,28,559,652,586
792,-587,-125,-336,688,895,-109,34,19,558,642,589
793,-584,-128,-331,687,895,-109,37,10,558,631,599
793,-578,-133,-322,686,893,-108,39,1,553,618,607
783,-576,-126,-322,668,887,-112,34,-14,537,593,604
774,-572,-125,-317,653,881,-119,27,-29,523,566,595
765,-570,-124,-314,638,877,-127,19,-44,509,541,582
751,-567,-120,-311,614,868,-143,4,-63,495,514,560
744,-560,-129,-297,605,863,-154,-7,-77,484,493,540
736,-560,-131,-293,588,862,-164,-23,-97,473,470,516
730,-563,-134,-289,574,863,-170,-42,-118,467,449,492
728,-559,-149,-274,569,863,-169,-59,-136,468,432,471
726,-555,-164,-257,566,862,-164,-76,-150,471,415,452
718,-552,-173,-247,554,858,-162,-96,-166,472,395,433
704,-546,-177,-238,537,848,-163,-116,-182,472,372,416
695,-536,-192,-219,531,838,-160,-131,-195,476,352,401
697,-526,-215,-194,540,834,-153,-138,-204,482,336,392
701,-524,-232,-179,548,838,-144,-141,-212,483,321,386
704,-530,-238,-178,548,845,-133,-139,-215,483,308,384
696,-544,-223,-195,531,849,-127,-142,-223,474,291,378
699,-554,-222,-201,532,858,-119,-137,-226,465,279,372
706,-572,-214,-217,533,873,-119,-135,-230,446,266,364
712,-595,-198,-243,530,891,-126,-139,-237,420,249,353
719,-618,-182,-269,529,908,-134,-144,-245,399,232,342
730,-633,-175,-283,539,923,-138,-142,-250,385,223,333
739,-648,-165,-301,548,936,-144,-141,-254,374,217,324
749,-659,-157,-315,559,946,-150,-138,-254,372,216,317
763,-665,-158,-320,581,956,-154,-132,-247,377,227,318
768,-674,-147,-336,588,961,-165,-134,-246,379,237,316
777,-676,-145,-341,606,964,-172,-135,-241,387,253,319
789,-672,-151,-338,631,966,-179,-134,-234,399,273,326
799,-664,-158,-331,654,963,-189,-130,-224,412,292,333
812,-653,-172,-319,685,962,-198,-121,-212,428,310,345
834,-642,-194,-300,725,965,-204,-109,-194,447,328,359
860,-636,-217,-284,768,976,-206,-91,-174,466,348,376
879,-637,-224,-283,795,987,-214,-82,-158,477,363,387
883,-640,-216,-293,799,991,-226,-80,-149,485,372,390
879,-642,-204,-304,795,989,-235,-83,-145,489,378,391
873,-640,-191,-312,787,983,-242,-85,-140,494,385,392
871,-634,-189,-310,787,978,-243,-82,-129,503,396,397
860,-630,-178,-315,773,970,-249,-85,-127,505,400,395
853,-620,-178,-308,767,960,-248,-86,-125,514,406,394
852,-603,-192,-287,773,952,-241,-79,-116,532,418,401
853,-588,-208,-264,780,946,-232,-72,-105,551,433,411
849,-581,-212,-255,773,943,-227,-71,-98,565,441,415
846,-576,-217,-247,765,942,-222,-70,-92,578,446,419
843,-578,-217,-245,753,947,-218,-70,-89,583,447,421
831,-578,-210,-248,729,944,-218,-75,-94,582,442,417
824,-572,-216,-237,716,941,-215,-80,-100,580,440,414
811,-566,-217,-230,695,933,-216,-87,-110,572,434,406
796,-562,-214,-227,670,925,-219,-95,-119,569,427,396
782,-553,-219,-215,651,914,-220,-101,-124,568,423,392
765,-540,-226,-199,632,898,-220,-108,-130,562,418,391
743,-524,-228,-185,606,876,-219,-117,-140,556,410,389
718,-509,-229,-173,580,851,-216,-124,-149,559,402,388
701,-494,-236,-156,564,832,-204,-126,-152,574,400,394
692,-481,-249,-139,558,818,-188,-125,-150,591,402,403
688,-473,-260,-125,556,810,-174,-126,-146,604,406,411
683,-469,-266,-118,553,804,-166,-129,-142,617,412,419
674,-470,-260,-123,541,798,-169,-138,-144,623,411,422
677,-469,-267,-117,547,796,-169,-141,-141,631,413,427
678,-476,-263,-126,548,800,-171,-143,-138,631,414,426
674,-488,-247,-145,539,802,-172,-150,-138,621,410,419
667,-499,-227,-165,528,800,-174,-158,-141,605,403,409
664,-496,-223,-167,532,791,-172,-158,-141,591,401,404
659,-493,-216,-171,533,781,-172,-159,-142,572,399,401
654,-486,-211,-171,539,768,-172,-160,-143,553,398,399
661,-482,-215,-167,559,764,-169,-152,-137,539,404,408
660,-483,-202,-178,563,759,-167,-146,-137,520,406,416
662,-483,-195,-184,573,754,-163,-139,-132,507,413,426
667,-481,-192,-187,588,752,-158,-131,-124,500,420,437
668,-483,-182,-197,594,749,-159,-123,-116,497,425,447
668,-484,-171,-207,599,746,-161,-115,-106,492,428,455
676,-488,-166,-215,612,751,-163,-105,-91,487,433,462
690,-496,-163,-225,628,763,-164,-93,-74,485,442,469
701,-509,-155,-241,637,777,-169,-86,-61,479,447,473
703,-521,-139,-261,633,785,-177,-84,-52,474,448,471
703,-530,-125,-278,628,792,-185,-83,-43,474,450,472
706,-534,-120,-287,628,797,-192,-82,-33,480,453,473
716,-530,-132,-277,643,804,-195,-73,-19,496,462,479
713,-529,-130,-279,637,803,-202,-71,-14,514,466,480
706,-521,-131,-274,628,796,-207,-70,-7,540,473,482
703,-513,-138,-266,625,793,-207,-66,4,568,487,488
705,-510,-146,-259,625,797,-203,-55,21,598,502,494
701,-514,-142,-265,610,801,-203,-50,34,622,511,494
696,-515,-141,-265,596,803,-199,-46,44,644,518,493
692,-515,-142,-264,584,806,-195,-40,53,664,526,492
682,-518,-135,-269,562,806,-199,-40,54,677,528,485
679,-514,-142,-259,553,805,-199,-37,59,691,536,483
667,-511,-140,-256,533,800,-203,-41,60,695,539,474
650,-506,-135,-254,507,788,-210,-53,55,690,537,463
636,-496,-138,-242,490,776,-218,-66,50,687,536,455
624,-485,-144,-227,477,762,-224,-77,46,686,532,447
606,-475,-142,-219,455,746,-228,-89,41,687,528,440
582,-463,-136,-212,428,722,-229,-98,38,692,526,432
561,-447,-138,-196,409,698,-220,-97,42,704,529,432
550,-430,-149,-174,404,678,-207,-92,51,719,538,437
542,-418,-159,-157,402,664,-196,-88,58,731,545,443
536,-412,-165,-147,400,655,-187,-85,64,736,552,448
527,-412,-160,-148,390,646,-182,-88,63,733,553,447
531,-409,-170,-137,400,644,-173,-84,65,728,556,453
535,-413,-172,-139,406,647,-171,-83,64,713,556,453
536,-425,-164,-152,406,652,-174,-85,59,693,554,449
538,-439,-153,-169,405,659,-177,-87,53,678,552,447
547,-448,-150,-178,415,667,-172,-83,56,676,559,455
555,-461,-145,-191,424,677,-167,-81,61,668,570,465
561,-471,-137,-205,432,684,-161,-79,68,659,582,477
577,-477,-142,-209,455,695,-148,-69,82,651,600,498
586,-486,-136,-221,467,703,-139,-62,92,638,617,517
597,-486,-140,-222,487,707,-125,-51,106,627,639,537
610,-482,-150,-216,513,710,-111,-37,124,620,663,559
618,-478,-153,-215,530,710,-102,-25,140,612,683,579
624,-475,-154,-216,544,710,-97,-14,154,606,702,597
635,-473,-159,-214,564,713,-92,-3,169,603,721,612
648,-473,-162,-214,583,721,-86,8,183,598,737,625
653,-479,-153,-228,587,728,-87,12,190,589,747,631
648,-492,-127,-256,573,733,-93,12,191,577,750,631
641,-503,-103,-281,557,737,-101,10,192,570,750,630
635,-508,-85,-298,544,737,-109,9,195,568,750,628
636,-508,-83,-300,545,740,-113,13,202,573,753,629
628,-510,-70,-310,531,738,-122,13,204,574,750,623
620,-506,-64,-312,520,734,-131,13,207,581,747,620
616,-498,-68,-304,516,730,-138,16,213,591,746,621
613,-488,-75,-292,513,725,-144,19,220,605,748,624
602,-482,-73,-288,498,719,-155,20,224,618,746,620
591,-473,-75,-280,484,709,-164,23,227,635,742,610
579,-464,-77,-272,468,701,-174,21,226,646,739,595
558,-458,-68,-273,438,688,-187,10,220,657,731,574
546,-447,-74,-260,422,677,-196,3,217,670,727,558
529,-437,-74,-252,401,664,-211,-9,210,674,718,538
512,-430,-72,-247,376,652,-226,-23,202,677,708,516
501,-422,-78,-236,362,644,-238,-37,198,685,699,494
492,-414,-86,-223,351,636,-245,-51,198,694,688,476
481,-410,-88,-218,335,630,-253,-64,196,702,676,458
470,-408,-87,-214,317,623,-262,-76,193,706,660,440
466,-404,-95,-205,313,620,-266,-81,194,712,646,424
473,-399,-114,-186,324,622,-260,-78,202,722,638,413
480,-394,-133,-167,337,624,-247,-70,211,725,630,407
483,-390,-145,-155,345,623,-235,-60,219,719,620,398
477,-391,-142,-155,338,619,-228,-55,221,705,604,385
481,-389,-149,-146,347,618,-214,-47,227,696,593,380
486,-392,-152,-144,356,621,-202,-41,231,678,581,375
487,-398,-147,-150,358,621,-193,-41,228,654,566,368
487,-402,-140,-156,359,620,-184,-44,224,633,550,360
497,-401,-147,-150,379,620,-172,-41,227,622,544,359
507,-401,-151,-148,397,621,-160,-41,233,614,541,359
513,-399,-154,-145,414,618,-148,-41,241,610,539,359
530,-396,-165,-136,444,620,-130,-34,259,612,545,366
538,-402,-160,-146,458,623,-116,-28,271,609,548,370
550,-409,-155,-156,474,629,-99,-21,284,607,551,374
564,-418,-150,-169,492,638,-85,-14,298,605,555,380
571,-431,-136,-190,498,645,-79,-9,309,601,557,383
575,-442,-119,-213,499,650,-75,-3,317,599,557,388
584,-451,-110,-229,508,658,-75,6,326,601,563,398
594,-458,-105,-242,519,665,-77,17,335,602,572,410
595,-466,-91,-260,517,668,-82,24,339,597,579,420
587,-475,-69,-285,502,667,-91,28,338,590,581,428
581,-481,-51,-304,489,666,-100,33,336,585,583,436
576,-481,-42,-314,481,663,-110,35,334,581,587,444
576,-473,-48,-307,484,659,-116,39,335,583,596,458
567,-468,-43,-308,473,652,-126,35,329,580,601,471
560,-458,-47,-301,467,644,-133,32,325,582,609,486
555,-442,-60,-282,467,635,-135,31,323,585,619,504
553,-428,-76,-262,469,629,-137,31,321,588,629,519
546,-422,-80,-254,459,626,-147,25,314,583,634,527
542,-412,-92,-239,455,625,-156,20,308,581,636,535
542,-401,-110,-217,458,624,-166,15,304,578,636,540
529,-387,-118,-198,445,614,-178,2,294,573,630,538
524,-368,-141,-167,446,605,-183,-3,290,578,629,540
520,-361,-152,-150,441,605,-185,-9,287,584,628,543
513,-361,-154,-143,428,608,-185,-16,284,592,628,542
511,-361,-160,-133,422,612,-183,-23,283,601,625,541
506,-359,-165,-123,414,613,-180,-28,283,610,618,538
496,-357,-163,-117,399,610,-180,-34,280,616,608,533
480,-354,-158,-113,378,600,-181,-41,277,624,596,524
467,-346,-158,-103,364,588,-176,-43,278,634,585,510
459,-334,-167,-85,362,576,-166,-39,285,641,578,491
453,-325,-174,-70,360,566,-154,-34,293,646,572,470
448,-319,-177,-61,359,557,-140,-31,300,648,565,452
436,-320,-166,-67,344,548,-133,-31,302,641,555,436
436,-320,-165,-67,345,545,-122,-25,309,638,551,428
442,-335,-156,-83,347,555,-113,-21,317,630,545,419
449,-360,-135,-115,342,572,-106,-22,322,617,534,406
454,-385,-110,-151,334,586,-99,-29,323,602,522,393
468,-403,-102,-171,344,602,-87,-30,325,600,517,388
485,-421,-95,-192,358,620,-80,-30,330,609,517,387
500,-436,-88,-212,371,633,-75,-31,337,620,518,387
521,-441,-98,-213,401,644,-63,-24,354,629,531,395
533,-446,-97,-223,417,650,-54,-17,371,630,544,402
547,-445,-104,-223,440,652,-42,-5,392,640,564,416
564,-441,-118,-218,469,655,-29,8,414,649,585,431
577,-440,-124,-220,490,658,-19,15,431,649,599,442
587,-440,-128,-223,508,660,-11,17,446,645,611,450
599,-439,-134,-224,527,663,-3,23,461,643,626,460
610,-438,-141,-223,545,667,4,29,474,637,641,473
614,-436,-141,-226,553,665,1,27,480,620,652,482
607,-436,-129,-237,545,658,-10,21,483,600,654,486
600,-436,-120,-245,537,653,-24,15,488,587,654,486
592,-435,-110,-252,527,647,-41,10,491,577,650,485
589,-432,-108,-250,524,644,-52,9,498,572,650,486
577,-438,-90,-265,504,641,-61,3,503,563,643,481
564,-443,-72,-278,481,639,-65,0,511,563,635,476
560,-446,-67,-280,470,640,-63,4,526,572,631,477
559,-447,-67,-277,465,646,-59,9,540,583,627,480
553,-451,-60,-279,450,649,-57,10,546,587,618,476
546,-451,-57,-276,436,650,-55,13,551,592,610,470
540,-450,-57,-269,423,652,-48,18,558,601,604,467
525,-451,-47,-271,397,649,-46,17,556,608,592,459
519,-443,-55,-255,389,646,-40,17,555,617,583,455
515,-438,-62,-241,380,646,-39,12,549,620,571,449
509,-432,-69,-228,370,644,-38,6,541,622,559,442
507,-420,-85,-205,370,641,-30,3,539,625,553,438
508,-404,-108,-176,376,637,-18,3,538,627,551,434
507,-389,-127,-150,379,630,-7,0,534,626,548,429
504,-378,-140,-131,378,624,4,-4,529,625,540,419
505,-366,-158,-109,384,620,18,-7,526,626,532,410
516,-353,-184,-82,404,619,35,-11,528,627,527,405
527,-345,-207,-60,424,622,52,-12,534,627,522,400
538,-343,-222,-49,439,627,70,-9,539,628,514,393
541,-348,-221,-54,441,631,87,-7,540,626,499,381
553,-351,-231,-51,458,639,110,1,548,629,488,373
568,-357,-238,-52,476,650,130,9,557,632,482,369
577,-366,-239,-60,488,658,145,13,563,631,474,360
583,-371,-237,-68,498,660,157,14,567,630,464,350
593,-366,-251,-60,522,659,174,19,577,637,462,345
603,-366,-259,-59,543,660,192,27,592,648,466,343
613,-373,-261,-68,561,665,212,33,609,666,471,343
637,-383,-272,-73,595,681,237,41,630,687,486,349
651,-399,-269,-91,613,695,259,37,643,701,497,351
667,-412,-269,-106,635,708,283,36,659,717,514,358
688,-425,-275,-117,663,725,305,41,679,734,535,365
705,-439,-276,-131,685,739,321,55,700,748,555,368
720,-453,-275,-146,703,753,336,80,721,760,575,370
737,-466,-277,-159,724,768,354,110,745,769,595,375
756,-482,-278,-173,744,787,370,140,772,773,615,382
770,-502,-270,-196,753,806,381,164,794,771,628,389
777,-524,-253,-224,751,822,387,177,807,766,634,390
785,-540,-242,-243,751,836,390,186,816,763,636,390
795,-549,-240,-250,758,847,393,195,824,766,637,390
811,-546,-256,-237,779,856,402,209,838,776,645,396
819,-546,-263,-231,788,863,407,218,848,787,650,401
827,-539,-276,-214,799,865,414,225,860,804,656,406
840,-525,-302,-183,821,868,424,232,876,825,667,416
857,-510,-333,-148,847,873,434,240,892,847,678,425
867,-500,-353,-123,860,878,442,242,902,871,686,430
875,-490,-371,-97,869,882,453,244,912,902,694,436
885,-483,-389,-74,878,890,461,247,923,930,703,446
881,-483,-387,-68,865,894,461,243,926,945,705,451
884,-479,-396,-52,863,901,467,241,932,962,712,459
884,-480,-397,-44,854,909,468,238,935,970,718,463
881,-484,-392,-42,839,916,471,237,938,979,726,467
879,-482,-394,-33,830,920,481,241,944,994,738,476
878,-479,-399,-22,823,924,493,243,948,1008,753,487
872,-471,-402,-9,813,920,500,241,947,1017,763,493
864,-459,-409,8,804,911,503,234,939,1022,767,494
861,-441,-426,34,808,901,508,231,934,1029,772,498
868,-421,-454,69,825,895,517,233,933,1037,781,509
871,-402,-477,97,839,887,530,237,932,1042,792,523
871,-388,-493,116,847,878,540,242,930,1041,802,536
866,-380,-497,121,845,870,542,238,922,1032,809,544
871,-373,-509,131,856,867,547,238,918,1025,819,553
877,-373,-517,132,867,868,553,234,913,1015,830,562
883,-383,-513,117,871,876,559,227,906,1002,839,565
890,-399,-504,95,874,887,568,219,900,992,848,566
908,-412,-509,82,895,904,580,217,898,991,864,574
931,-430,-514,66,921,926,589,215,896,986,881,583
955,-452,-516,46,947,952,595,210,894,979,895,590
995,-473,-533,35,993,987,604,218,901,979,914,604
1024,-500,-535,11,1024,1019,613,224,909,978,930,614
1054,-522,-543,-5,1059,1048,629,236,922,982,947,627
1088,-542,-555,-17,1101,1079,648,255,940,991,967,643
1118,-565,-562,-34,1136,1111,664,275,958,998,986,660
1146,-585,-568,-48,1168,1139,679,296,975,1005,1001,678
1172,-600,-578,-55,1202,1162,698,322,996,1011,1017,697
1198,-612,-590,-59,1237,1185,716,349,1023,1013,1036,717
1215,-620,-597,-62,1261,1200,730,370,1048,1010,1050,735
1219,-626,-593,-68,1268,1204,736,385,1069,1002,1057,746
1219,-629,-589,-73,1271,1206,740,398,1087,997,1061,757
1216,-629,-584,-74,1271,1204,740,409,1105,1000,1066,767
1219,-624,-591,-64,1280,1203,744,426,1127,1019,1076,784
1213,-623,-584,-64,1273,1199,745,435,1144,1037,1080,797
1203,-613,-582,-53,1265,1188,748,441,1159,1061,1083,808
1197,-596,-593,-28,1267,1175,752,450,1177,1087,1087,820
1194,-575,-609,3,1271,1162,755,462,1197,1113,1093,831
1185,-559,-616,26,1264,1148,754,467,1213,1131,1094,835
1174,-544,-621,47,1253,1134,753,470,1232,1148,1099,837
1166,-530,-627,67,1243,1123,756,473,1256,1169,1104,838
1147,-523,-615,72,1213,1109,752,468,1276,1185,1100,831
1138,-512,-620,89,1198,1099,749,467,1296,1201,1096,823
1126,-501,-622,104,1180,1087,742,459,1306,1204,1087,809
1115,-489,-624,118,1162,1075,732,451,1309,1203,1073,793
1113,-477,-638,140,1158,1069,724,447,1310,1210,1064,785
1116,-465,-656,163,1160,1065,713,446,1310,1215,1055,778
1116,-457,-668,178,1157,1062,697,441,1306,1213,1041,769
1111,-446,-677,192,1150,1054,683,433,1302,1210,1025,759
1115,-432,-698,216,1157,1047,673,428,1302,1212,1013,755
1132,-416,-735,249,1185,1049,664,428,1305,1217,1007,759
1150,-401,-770,280,1215,1052,650,429,1307,1222,1004,767
1167,-386,-804,309,1245,1053,632,430,1308,1226,1001,776
1176,-376,-827,326,1264,1052,606,427,1304,1230,995,785
1193,-360,-861,354,1298,1051,581,422,1302,1236,993,797
1216,-350,-895,378,1338,1058,548,414,1298,1240,992,810
1237,-350,-915,385,1369,1070,508,400,1288,1238,988,819
1257,-353,-932,387,1399,1082,468,384,1278,1238,987,831
1285,-356,-956,394,1441,1100,436,372,1271,1243,995,847
1313,-366,-974,392,1481,1122,406,356,1262,1244,1002,865
1336,-381,-979,378,1509,1144,376,338,1249,1240,1006,878
1369,-394,-997,374,1554,1172,348,330,1241,1235,1017,897
1396,-412,-1000,358,1586,1199,317,316,1229,1221,1024,910
1422,-427,-1008,348,1621,1222,287,305,1221,1208,1031,924
1447,-434,-1021,347,1659,1241,258,297,1214,1198,1040,936
1463,-438,-1027,345,1686,1252,226,291,1205,1185,1048,942
1475,-442,-1029,341,1707,1259,195,288,1198,1179,1055,947
1488,-442,-1036,344,1732,1267,169,287,1193,1175,1061,953
1505,-442,-1047,351,1760,1276,144,288,1191,1171,1070,962
1516,-443,-1051,353,1778,1283,113,285,1186,1162,1079,972
1515,-446,-1041,346,1778,1284,73,273,1176,1149,1084,978
1512,-446,-1033,344,1776,1282,30,258,1166,1138,1087,985
1508,-439,-1032,352,1776,1275,-11,245,1158,1134,1090,995
1507,-424,-1043,374,1784,1265,-48,236,1155,1143,1098,1008
1500,-414,-1042,387,1777,1255,-90,223,1151,1153,1103,1017
1490,-403,-1041,400,1767,1243,-129,209,1146,1168,1110,1025
1485,-389,-1050,423,1764,1232,-161,199,1145,1183,1119,1035
1485,-374,-1066,450,1767,1225,-184,192,1147,1197,1134,1052
1481,-366,-1072,468,1759,1219,-205,184,1149,1207,1148,1071
1470,-351,-1081,492,1747,1205,-224,175,1149,1215,1161,1087
1457,-327,-1097,526,1736,1182,-240,165,1147,1221,1174,1102
1429,-301,-1101,553,1707,1150,-262,144,1135,1221,1179,1108
1409,-265,-1124,599,1694,1114,-280,128,1128,1225,1184,1116
1384,-229,-1144,643,1677,1076,-301,111,1119,1221,1184,1118
1353,-192,-1158,682,1651,1033,-324,91,1107,1215,1181,1116
1323,-149,-1181,731,1634,987,-341,75,1095,1210,1177,1114
1297,-105,-1207,780,1620,943,-357,59,1079,1200,1168,1107
1267,-66,-1225,821,1602,899,-376,40,1059,1187,1154,1095
1233,-30,-1235,853,1575,854,-396,18,1036,1173,1136,1077
1199,8,-1246,885,1552,808,-408,2,1015,1171,1121,1063
1174,47,-1266,924,1542,765,-412,-5,1002,1173,1111,1056
1146,82,-1279,954,1527,724,-415,-7,992,1172,1103,1051
1113,112,-1280,972,1503,682,-418,-9,985,1167,1095,1045
1068,137,-1263,973,1461,636,-426,-15,973,1156,1082,1035
1026,167,-1253,982,1429,588,-429,-17,963,1151,1072,1027
986,195,-1241,988,1398,541,-431,-16,954,1145,1063,1020
937,220,-1216,981,1354,491,-434,-21,944,1135,1051,1009
885,244,-1184,969,1305,439,-439,-26,933,1121,1036,997
842,271,-1164,967,1273,391,-442,-23,927,1109,1027,992
805,299,-1148,967,1248,346,-445,-18,920,1090,1017,986
767,323,-1127,962,1221,302,-451,-20,909,1062,1004,980
741,356,-1126,974,1216,262,-453,-16,902,1037,998,981
712,384,-1117,979,1203,221,-462,-18,890,1005,988,979
690,412,-1113,988,1199,186,-473,-18,880,981,981,983
676,438,-1115,999,1204,157,-481,-17,872,959,976,988
662,453,-1107,998,1201,134,-492,-17,860,932,967,990
647,464,-1094,991,1194,114,-505,-19,844,908,955,991
636,473,-1083,986,1191,99,-519,-18,828,885,947,997
631,478,-1074,980,1190,90,-534,-17,812,857,939,1003
624,475,-1057,965,1183,86,-555,-25,791,823,928,1005
613,465,-1030,939,1165,84,-581,-40,765,783,911,1000
604,454,-1005,915,1146,84,-605,-55,741,750,895,998
597,444,-984,896,1131,84,-627,-69,718,720,881,994
595,441,-977,893,1126,84,-641,-82,698,696,873,990
585,436,-961,883,1107,80,-658,-99,676,674,863,980
573,434,-947,877,1087,73,-670,-117,657,658,854,969
563,436,-941,880,1072,66,-678,-130,643,647,851,959
555,440,-940,889,1059,58,-687,-141,631,636,851,950
543,438,-930,887,1036,53,-700,-155,616,618,847,935
532,434,-921,886,1014,49,-711,-168,600,602,836,917
526,432,-918,890,997,48,-716,-179,584,586,825,897
508,422,-897,877,959,45,-725,-199,558,564,804,865
496,417,-888,875,933,43,-730,-220,533,545,787,835
483,407,-872,866,901,43,-738,-244,506,526,767,801
464,395,-850,849,862,43,-746,-271,479,510,744,765
453,382,-833,835,831,48,-751,-297,455,501,722,731
448,363,-818,817,805,61,-761,-325,433,492,702,699
446,340,-799,793,781,79,-775,-355,410,486,682,670
439,319,-778,768,753,92,-787,-385,388,483,659,642
428,309,-765,755,729,94,-793,-411,371,490,639,615
422,311,-766,758,718,92,-791,-427,364,501,625,596
411,317,-766,761,706,84,-789,-438,361,511,615,582
399,320,-761,759,692,76,-786,-442,365,521,605,570
378,317,-740,740,663,65,-786,-449,369,525,589,554
361,315,-723,724,642,57,-782,-446,375,527,576,538
348,306,-701,699,621,55,-776,-437,380,518,565,528
327,290,-663,658,587,52,-770,-429,379,498,550,516
304,275,-624,616,553,46,-762,-424,377,475,535,504
291,265,-599,587,536,43,-748,-413,381,459,525,498
283,254,-577,558,526,43,-732,-399,387,443,514,496
272,240,-547,523,510,43,-718,-392,389,421,498,488
275,229,-534,501,515,49,-695,-375,397,403,491,485
273,212,-508,466,509,57,-673,-360,400,378,482,479
275,193,-485,433,508,67,-649,-338,407,356,475,475
280,176,-466,404,512,78,-626,-315,419,335,469,472
278,155,-436,366,504,86,-610,-299,427,310,457,465
275,131,-402,323,490,96,-600,-289,432,284,441,455
273,109,-371,286,479,105,-590,-277,439,260,428,446
273,89,-344,253,471,114,-583,-266,448,237,416,438
269,65,-311,213,453,124,-581,-260,456,213,403,428
253,39,-263,163,417,127,-584,-263,458,191,386,412
237,19,-222,123,383,126,-587,-264,461,178,372,397
224,4,-189,91,354,125,-590,-267,459,165,357,383
218,-6,-171,74,338,126,-589,-271,455,157,344,371
207,-20,-143,49,310,127,-589,-280,443,148,329,356
190,-31,-114,24,275,123,-589,-290,429,146,314,340
178,-37,-96,12,249,119,-585,-296,420,150,303,329
164,-38,-81,5,222,111,-582,-303,412,156,296,319
141,-41,-58,-8,181,100,-588,-316,396,157,285,304
115,-44,-34,-21,137,88,-598,-327,377,158,272,287
95,-46,-16,-30,99,78,-607,-337,360,165,261,270
63,-52,16,-50,44,65,-623,-357,336,166,242,248
40,-49,29,-53,6,51,-635,-376,316,168,226,230
17,-50,46,-60,-34,41,-648,-398,296,162,210,213
-7,-55,66,-72,-77,31,-663,-424,278,154,191,194
-29,-53,78,-75,-113,20,-674,-445,266,150,176,177
-49,-49,85,-74,-143,7,-681,-464,256,141,163,165
-71,-48,97,-77,-176,-5,-687,-479,245,129,146,153
-91,-48,109,-84,-207,-15,-695,-494,232,119,125,140
-104,-47,115,-85,-227,-21,-695,-505,221,116,107,130
-108,-42,107,-76,-230,-25,-685,-507,216,121,95,125
-110,-37,99,-66,-229,-27,-674,-508,211,120,86,123
-114,-32,94,-59,-230,-31,-665,-507,206,116,77,120
-129,-30,103,-64,-245,-42,-659,-509,200,107,64,115
-143,-22,108,-64,-255,-56,-653,-512,197,97,52,110
-157,-17,116,-67,-265,-69,-649,-516,195,80,41,108
-178,-15,136,-81,-285,-85,-650,-525,185,57,24,102
-201,-14,159,-99,-308,-102,-653,-539,172,28,6,96
-219,-6,173,-105,-319,-121,-653,-547,160,4,-10,93
-233,-2,188,-116,-326,-135,-652,-549,151,-18,-21,95
-247,-4,210,-136,-337,-145,-650,-549,142,-42,-28,98
-247,-2,215,-142,-326,-149,-643,-539,143,-54,-24,110
-253,-6,233,-160,-328,-154,-642,-534,140,-74,-24,117
-256,-7,245,-172,-323,-158,-638,-524,142,-86,-21,125
-247,-7,247,-176,-304,-156,-630,-509,147,-90,-12,135
-239,-12,254,-188,-290,-150,-623,-495,154,-96,-6,140
-233,-18,264,-201,-280,-145,-619,-481,160,-101,0,143
-226,-22,269,-210,-267,-140,-614,-466,167,-102,8,146
-212,-30,273,-220,-250,-128,-610,-452,179,-102,20,153
-199,-46,285,-241,-242,-111,-613,-446,187,-107,33,157
-196,-67,311,-274,-251,-97,-623,-447,188,-116,40,152
-193,-86,334,-303,-260,-84,-634,-449,187,-123,44,143
-188,-99,348,-322,-264,-73,-644,-451,186,-122,47,131
-178,-103,345,-323,-256,-64,-648,-449,190,-110,53,124
-174,-106,347,-326,-257,-60,-656,-453,191,-99,56,114
-175,-103,345,-322,-262,-63,-665,-460,189,-85,59,100
-169,-97,332,-308,-257,-63,-670,-462,193,-67,66,89
-159,-89,311,-287,-245,-61,-672,-458,200,-52,75,81
-159,-86,304,-278,-251,-63,-681,-460,198,-49,74,68
-163,-82,297,-268,-262,-68,-690,-466,189,-55,67,51
-166,-75,285,-253,-270,-74,-698,-472,182,-59,61,37
-184,-73,292,-253,-301,-87,-715,-483,169,-70,47,15
-195,-67,287,-242,-319,-97,-722,-489,161,-75,37,1
-205,-66,286,-237,-341,-104,-726,-495,150,-83,23,-13
-219,-67,290,-236,-367,-112,-728,-504,140,-88,8,-27
-230,-64,288,-229,-386,-119,-727,-507,135,-83,-3,-37
-238,-63,283,-222,-401,-124,-723,-511,133,-75,-11,-44
-249,-64,284,-219,-420,-129,-720,-516,126,-68,-18,-52
-264,-66,291,-222,-444,-136,-717,-521,117,-60,-26,-63
-275,-65,292,-219,-460,-143,-709,-524,111,-47,-32,-74
-277,-60,281,-206,-459,-146,-692,-520,112,-30,-33,-79
-277,-56,271,-195,-456,-147,-673,-513,115,-15,-35,-84
-276,-55,263,-189,-452,-145,-651,-505,120,0,-37,-88
-279,-62,270,-198,-458,-141,-631,-501,122,7,-43,-96
-280,-65,272,-202,-457,-138,-609,-495,126,14,-47,-104
-279,-71,278,-210,-455,-133,-590,-488,132,14,-49,-112
-282,-83,294,-230,-460,-127,-576,-485,134,3,-54,-122
-288,-95,316,-255,-470,-122,-565,-486,134,-9,-59,-133
-288,-100,326,-268,-466,-120,-549,-480,140,-11,-58,-139
-286,-99,329,-272,-454,-120,-538,-475,144,-17,-57,-143
-287,-98,337,-280,-446,-123,-531,-476,145,-30,-61,-151
-274,-91,326,-271,-416,-121,-519,-467,156,-36,-58,-151
-269,-91,331,-277,-401,-120,-509,-463,164,-44,-60,-156
-263,-88,331,-279,-382,-121,-496,-458,174,-48,-64,-162
-253,-84,327,-277,-359,-120,-483,-446,186,-50,-66,-168
-243,-90,333,-287,-343,-113,-476,-434,195,-55,-69,-172
-232,-106,348,-310,-333,-98,-475,-420,200,-61,-71,-177
-220,-123,362,-333,-324,-82,-475,-404,204,-65,-70,-181
-207,-138,371,-351,-313,-66,-476,-388,211,-72,-68,-183
-195,-155,383,-371,-306,-50,-481,-378,213,-85,-70,-184
-196,-171,406,-398,-316,-42,-495,-377,208,-108,-81,-188
-203,-180,425,-417,-331,-43,-508,-380,198,-133,-95,-196
-210,-184,439,-429,-344,-47,-517,-387,187,-157,-113,-205
-208,-187,441,-432,-346,-46,-518,-391,179,-172,-129,-209
-210,-193,450,-441,-357,-43,-516,-398,172,-185,-147,-212
-214,-199,458,-449,-373,-43,-512,-406,167,-190,-165,-216
-212,-199,454,-445,-377,-43,-502,-407,170,-184,-177,-212
-208,-195,441,-433,-376,-42,-491,-403,176,-176,-185,-209
-210,-193,436,-427,-387,-44,-484,-404,176,-174,-194,-209
-217,-190,433,-422,-403,-50,-477,-407,174,-171,-204,-211
-219,-181,420,-406,-410,-55,-467,-408,174,-167,-207,-208
-234,-177,424,-405,-438,-66,-466,-414,168,-166,-216,-210
-243,-169,418,-394,-455,-75,-458,-416,167,-158,-220,-208
-252,-166,416,-389,-474,-79,-452,-419,163,-152,-225,-208
-262,-170,423,-395,-499,-81,-447,-425,157,-150,-230,-209
-268,-172,423,-395,-516,-80,-439,-429,155,-143,-231,-204
-270,-173,420,-391,-526,-78,-427,-433,154,-137,-231,-200
-276,-173,420,-389,-539,-79,-416,-442,146,-136,-236,-200
-286,-170,422,-387,-555,-84,-405,-454,133,-135,-244,-203
-292,-165,418,-379,-562,-89,-389,-460,123,-125,-248,-203
-290,-150,400,-355,-550,-94,-371,-461,120,-105,-246,-197
-288,-133,379,-328,-536,-102,-358,-464,119,-85,-245,-192
-288,-117,363,-304,-522,-110,-346,-469,114,-71,-244,-188
-294,-108,361,-295,-520,-118,-339,-480,106,-67,-247,-190
-296,-101,359,-288,-513,-123,-330,-487,99,-62,-248,-192
-298,-98,361,-287,-507,-125,-319,-492,96,-63,-247,-193
-307,-102,380,-302,-514,-127,-309,-498,92,-68,-246,-196
-323,-109,408,-325,-531,-132,-300,-502,88,-68,-243,-196
-335,-110,426,-337,-537,-139,-285,-499,90,-61,-232,-190
-341,-108,437,-345,-535,-144,-267,-492,94,-58,-216,-185
-350,-109,452,-356,-536,-149,-248,-486,98,-60,-200,-184
-342,-106,448,-353,-513,-146,-223,-468,112,-61,-180,-179
-339,-110,455,-363,-502,-143,-203,-450,128,-67,-166,-179
-335,-112,459,-370,-488,-140,-183,-421,151,-64,-152,-177
-328,-111,456,-370,-469,-137,-160,-383,180,-58,-138,-174
-323,-112,458,-376,-456,-135,-138,-338,211,-55,-127,-176
-320,-115,461,-384,-447,-133,-116,-282,248,-48,-117,-180
-315,-113,458,-385,-434,-133,-87,-215,294,-35,-103,-181
-309,-110,452,-383,-421,-134,-52,-138,351,-18,-88,-179
-307,-111,452,-387,-417,-136,-20,-56,410,-2,-78,-179
-321,-113,469,-403,-436,-147,4,25,467,14,-78,-190
-342,-107,486,-413,-462,-168,29,114,529,37,-83,-203
-367,-95,497,-415,-489,-197,63,214,603,68,-88,-216
-390,-75,499,-404,-510,-228,109,335,695,112,-91,-228
-418,-56,506,-398,-541,-262,164,470,799,162,-97,-242
-452,-32,514,-387,-577,-304,229,619,915,218,-106,-258
-483,-1,510,-363,-605,-348,307,787,1055,291,-110,-271
-511,32,500,-333,-629,-390,396,971,1212,374,-109,-285
-541,56,502,-316,-663,-427,489,1162,1373,455,-112,-304
-571,78,504,-300,-697,-463,584,1356,1537,538,-114,-326
-588,98,495,-277,-716,-488,679,1550,1708,629,-109,-344
-611,112,498,-266,-747,-512,765,1734,1877,731,-100,-360
-620,134,479,-234,-754,-532,847,1916,2057,861,-74,-365
-623,159,451,-193,-751,-550,917,2081,2236,1007,-36,-361
-624,185,421,-151,-744,-566,973,2224,2411,1175,12,-350
-613,209,380,-103,-720,-572,1026,2354,2596,1369,78,-326
-591,230,331,-51,-682,-569,1078,2477,2793,1588,162,-291
-561,244,284,-5,-638,-555,1125,2606,3003,1825,257,-252
-529,254,239,35,-593,-537,1168,2742,3224,2078,361,-211
-489,265,186,82,-534,-514,1213,2889,3460,2351,476,-164
-434,282,114,144,-450,-484,1264,3053,3716,2650,610,-105
-371,297,36,208,-355,-449,1317,3227,3990,2971,760,-37
-306,311,-42,270,-257,-410,1372,3413,4280,3315,925,37
-246,321,-109,322,-167,-373,1425,3612,4589,3683,1097,109
-183,332,-180,376,-70,-334,1485,3830,4925,4079,1282,182
-114,338,-250,426,32,-289,1555,4068,5289,4501,1482,261
-48,336,-310,461,126,-240,1630,4312,5671,4939,1687,338
17,329,-363,488,216,-189,1710,4558,6066,5397,1900,416
89,326,-427,525,320,-137,1802,4815,6485,5884,2128,500
163,324,-493,563,426,-85,1905,5081,6928,6398,2367,589
226,319,-545,588,517,-38,2012,5350,7390,6933,2611,675
299,316,-610,623,622,12,2135,5637,7876,7496,2870,769
365,304,-660,642,712,64,2264,5927,8372,8075,3136,864
431,296,-712,665,803,112,2401,6220,8877,8677,3415,968
502,292,-775,697,903,161,2539,6504,9388,9297,3711,1085
570,286,-833,725,997,207,2668,6768,9892,9927,4016,1209
638,281,-893,755,1090,254,2785,7005,10387,10563,4329,1341
716,277,-963,793,1194,305,2886,7212,10872,11218,4657,1485
805,275,-1048,842,1314,364,2966,7378,11344,11899,5003,1642
903,267,-1137,892,1441,431,3022,7496,11802,12593,5363,1810
1003,251,-1221,934,1563,505,3053,7568,12244,13296,5734,1983
1117,230,-1314,980,1699,592,3066,7604,12680,14021,6121,2170
1245,204,-1417,1030,1849,691,3066,7611,13117,14778,6527,2372
1388,179,-1537,1094,2018,800,3052,7591,13556,15572,6953,2590
1540,146,-1657,1152,2192,920,3022,7543,13994,16391,7394,2822
1697,108,-1779,1212,2370,1047,2979,7477,14429,17236,7847,3067
1865,76,-1918,1286,2565,1178,2926,7403,14869,18105,8315,3325
2041,46,-2067,1370,2770,1313,2857,7316,15315,18990,8800,3593
2218,11,-2212,1448,2973,1452,2761,7205,15751,19879,9288,3866
2393,-22,-2357,1529,3175,1590,2641,7074,16182,20772,9779,4143
2573,-49,-2514,1622,3387,1727,2501,6925,16612,21661,10272,4425
2736,-76,-2652,1703,3576,1853,2334,6747,17030,22533,10756,4702
2897,-88,-2804,1802,3773,1970,2152,6552,17444,23394,11240,4984
3048,-95,-2951,1902,3962,2076,1954,6339,17848,24229,11717,5266
3190,-100,-3090,1998,4140,2174,1740,6106,18234,25017,12178,5544
3329,-96,-3235,2103,4321,2267,1518,5857,18600,25751,12626,5819
3461,-84,-3381,2215,4500,2349,1288,5591,18940,26410,13055,6091
3581,-68,-3518,2322,4667,2420,1050,5305,19253,26981,13458,6354
3689,-52,-3644,2422,4821,2484,808,5007,19542,27456,13824,6602
3792,-36,-3764,2517,4969,2545,570,4712,19818,27833,14150,6834
3901,-22,-3888,2612,5124,2611,344,4424,20086,28110,14437,7054
4008,-19,-3998,2690,5272,2683,121,4132,20337,28278,14678,7256
4111,-29,-4092,2747,5407,2761,-104,3831,20564,28325,14866,7437
4204,-56,-4160,2776,5520,2843,-334,3512,20753,28233,14987,7589
4299,-98,-4214,2784,5626,2937,-557,3181,20903,28003,15039,7713
4401,-162,-4252,2766,5727,3048,-772,2833,20998,27621,15021,7809
4492,-243,-4263,2717,5805,3165,-986,2456,21018,27070,14922,7875
4573,-334,-4254,2647,5862,3281,-1200,2049,20957,26363,14744,7908
4653,-429,-4239,2570,5915,3397,-1412,1621,20821,25525,14497,7917
4732,-535,-4210,2476,5959,3520,-1627,1170,20610,24572,14191,7906
4803,-658,-4158,2354,5982,3648,-1854,683,20313,23515,13828,7872
4883,-786,-4109,2230,6013,3786,-2088,170,19936,22376,13427,7827
4957,-927,-4040,2085,6027,3927,-2345,-392,19458,21150,12980,7764
5030,-1068,-3970,1937,6038,4067,-2619,-997,18888,19866,12498,7685
5098,-1206,-3898,1789,6042,4202,-2904,-1636,18240,18545,11983,7591
5146,-1343,-3807,1630,6021,4322,-3206,-2307,17509,17192,11433,7473
5172,-1472,-3701,1467,5973,4422,-3521,-3004,16696,15812,10850,7335
5189,-1594,-3594,1307,5918,4512,-3845,-3726,15792,14391,10243,7183
5205,-1713,-3487,1150,5861,4598,-4173,-4477,14786,12920,9620,7025
5217,-1840,-3370,982,5792,4687,-4506,-5255,13675,11398,8982,6857
5222,-1979,-3233,793,5703,4779,-4843,-6054,12465,9851,8333,6677
5231,-2128,-3091,595,5614,4882,-5176,-6860,11177,8307,7687,6493
5250,-2288,-2948,389,5527,4998,-5501,-7668,9822,6777,7047,6310
5282,-2457,-2809,182,5451,5130,-5820,-8482,8392,5268,6420,6128
5317,-2637,-2663,-36,5372,5272,-6134,-9308,6884,3776,5801,5948
5347,-2816,-2512,-255,5284,5410,-6441,-10139,5313,2315,5185,5766
5385,-2989,-2376,-459,5211,5549,-6733,-10954,3714,908,4585,5588
5424,-3159,-2245,-656,5141,5688,-7013,-11749,2109,-434,4001,5410
5457,-3331,-2106,-859,5060,5826,-7288,-12522,509,-1710,3430,5227
5484,-3500,-1963,-1062,4972,5957,-7555,-13267,-1071,-2906,2880,5045
5510,-3661,-1829,-1252,4890,6084,-7806,-13972,-2614,-4015,2358,4871
5514,-3818,-1677,-1451,4781,6194,-8049,-14642,-4121,-5053,1858,4697
5511,-3952,-1541,-1622,4678,6285,-8273,-15264,-5570,-6003,1389,4531
5500,-4074,-1409,-1784,4573,6363,-8484,-15837,-6949,-6870,946,4365
5471,-4185,-1271,-1940,4454,6423,-8682,-16359,-8244,-7653,523,4192
5433,-4279,-1140,-2081,4334,6465,-8863,-16824,-9440,-8346,124,4013
5386,-4358,-1015,-2208,4213,6491,-9023,-17230,-10525,-8949,-250,3831
5325,-4425,-890,-2327,4084,6500,-9167,-17579,-11498,-9465,-601,3647
5251,-4476,-766,-2436,3950,6490,-9299,-17870,-12359,-9894,-929,3464
5169,-4510,-652,-2528,3817,6462,-9416,-18103,-13106,-10242,-1234,3284
5090,-4529,-556,-2598,3701,6427,-9515,-18278,-13739,-10518,-1507,3110
5004,-4535,-466,-2657,3585,6377,-9602,-18403,-14270,-10743,-1755,2939
4905,-4527,-377,-2708,3463,6309,-9679,-18481,-14706,-10921,-1986,2770
4795,-4512,-283,-2759,3332,6228,-9750,-18522,-15057,-11062,-2205,2597
4683,-4487,-198,-2799,3207,6139,-9811,-18521,-15327,-11162,-2410,2426
4578,-4456,-125,-2828,3096,6049,-9865,-18484,-15525,-11229,-2599,2257
4468,-4423,-49,-2859,2981,5953,-9916,-18417,-15668,-11269,-2775,2088
4350,-4380,25,-2885,2862,5845,-9959,-18321,-15759,-11280,-2937,1923
4233,-4319,81,-2887,2757,5724,-9987,-18189,-15796,-11263,-3082,1765
4117,-4247,124,-2875,2662,5597,-10003,-18025,-15785,-11229,-3210,1614
3997,-4172,170,-2863,2562,5463,-10014,-17838,-15734,-11182,-3326,1466
3888,-4084,192,-2828,2484,5328,-10011,-17621,-15641,-11113,-3419,1330
3773,-4000,224,-2803,2396,5191,-10007,-17395,-15521,-11038,-3504,1195
3661,-3915,252,-2775,2311,5055,-9996,-17159,-15373,-10950,-3576,1067
3559,-3831,271,-2740,2238,4926,-9979,-16914,-15204,-10850,-3634,950
3458,-3751,293,-2712,2162,4800,-9961,-16663,-15024,-10741,-3680,842
3356,-3673,317,-2685,2083,4676,-9942,-16410,-14832,-10624,-3714,741
3259,-3591,333,-2649,2012,4552,-9918,-16152,-14629,-10498,-3735,652
3170,-3510,341,-2608,1949,4434,-9889,-15891,-14414,-10367,-3742,577
3083,-3435,352,-2572,1885,4322,-9857,-15633,-14197,-10234,-3738,511
2986,-3364,378,-2546,1803,4206,-9827,-15384,-13986,-10107,-3732,447
2884,-3289,406,-2519,1714,4085,-9788,-15135,-13773,-9976,-3718,389
2781,-3210,429,-2483,1627,3960,-9740,-14884,-13559,-9835,-3693,339
2685,-3122,436,-2429,1554,3836,-9680,-14631,-13342,-9684,-3659,300
2587,-3030,442,-2371,1480,3708,-9617,-14378,-13129,-9531,-3617,267
2483,-2938,454,-2315,1396,3576,-9549,-14126,-12917,-9368,-3570,237
2385,-2842,456,-2248,1321,3447,-9471,-13870,-12700,-9195,-3514,217
2294,-2748,452,-2177,1256,3325,-9381,-13611,-12483,-9023,-3455,200
2204,-2657,449,-2109,1189,3207,-9282,-13356,-12270,-8860,-3403,177
2114,-2564,446,-2038,1122,3087,-9171,-13100,-12057,-8699,-3352,151
2031,-2466,431,-1955,1069,2970,-9044,-12837,-11837,-8534,-3295,126
1940,-2377,433,-1889,998,2855,-8913,-12579,-11622,-8375,-3247,93
1857,-2282,420,-1808,944,2741,-8771,-12318,-11403,-8214,-3198,60
1776,-2188,407,-1729,892,2630,-8626,-12059,-11190,-8063,-3151,23
1693,-2100,402,-1658,833,2521,-8478,-11804,-10983,-7918,-3109,-16
1613,-2012,395,-1586,779,2415,-8322,-11548,-10777,-7775,-3068,-55
1537,-1928,387,-1517,730,2313,-8161,-11293,-10572,-7632,-3033,-94
1455,-1844,385,-1453,673,2209,-8002,-11049,-10378,-7494,-3002,-136
1366,-1760,390,-1393,608,2098,-7848,-10812,-10192,-7361,-2976,-178
1278,-1671,390,-1329,549,1985,-7692,-10571,-10005,-7223,-2951,-218
1204,-1580,374,-1253,511,1879,-7528,-10324,-9813,-7084,-2919,-251
1141,-1500,358,-1188,480,1788,-7356,-10074,-9622,-6949,-2886,-279
1087,-1435,345,-1134,456,1712,-7178,-9819,-9431,-6816,-2849,-307
1036,-1377,339,-1092,429,1642,-7001,-9564,-9243,-6690,-2813,-336
991,-1320,328,-1048,411,1575,-6820,-9306,-9053,-6565,-2775,-362
957,-1265,307,-1001,408,1518,-6634,-9042,-8858,-6444,-2732,-384
924,-1222,298,-971,398,1466,-6455,-8780,-8665,-6333,-2693,-410
891,-1186,294,-950,386,1420,-6276,-8517,-8471,-6223,-2658,-438
865,-1149,285,-927,382,1377,-6088,-8243,-8270,-6104,-2620,-463
843,-1114,271,-902,384,1337,-5892,-7959,-8061,-5983,-2577,-484
818,-1081,263,-883,379,1295,-5694,-7676,-7852,-5863,-2538,-506
808,-1042,235,-848,398,1259,-5485,-7377,-7632,-5734,-2491,-520
793,-1010,219,-824,406,1223,-5277,-7076,-7411,-5609,-2446,-538
779,-980,204,-804,412,1190,-5063,-6771,-7184,-5477,-2399,-558
771,-953,185,-783,425,1163,-4843,-6462,-6946,-5337,-2346,-572
764,-936,175,-773,432,1142,-4625,-6152,-6704,-5192,-2292,-584
756,-923,170,-768,435,1123,-4408,-5843,-6456,-5043,-2235,-595
754,-910,159,-759,444,1108,-4188,-5532,-6204,-4886,-2174,-604
760,-900,145,-748,459,1101,-3968,-5221,-5950,-4727,-2107,-609
766,-896,135,-743,471,1098,-3753,-4914,-5696,-4564,-2038,-611
761,-900,144,-754,463,1093,-3546,-4616,-5451,-4406,-1974,-616
752,-901,155,-763,449,1085,-3340,-4324,-5211,-4247,-1912,-621
743,-900,163,-767,436,1074,-3132,-4037,-4976,-4085,-1849,-626
739,-891,160,-757,433,1063,-2919,-3753,-4744,-3921,-1783,-629
729,-879,159,-745,423,1045,-2707,-3478,-4518,-3760,-1718,-634
706,-860,164,-731,400,1016,-2500,-3215,-4299,-3601,-1659,-645
684,-832,159,-703,383,981,-2289,-2954,-4081,-3440,-1599,-655
661,-799,149,-669,368,943,-2081,-2695,-3866,-3279,-1540,-666
631,-768,149,-641,341,902,-1883,-2451,-3661,-3131,-1486,-686
591,-735,157,-617,303,855,-1691,-2222,-3466,-2995,-1439,-709
552,-693,155,-580,271,803,-1501,-1998,-3277,-2864,-1393,-730
496,-653,171,-556,216,741,-1324,-1790,-3104,-2746,-1355,-759
440,-599,174,-515,169,670,-1148,-1587,-2934,-2628,-1315,-785
379,-543,177,-472,119,595,-979,-1394,-2774,-2522,-1279,-814
314,-491,191,-439,61,520,-820,-1214,-2628,-2425,-1250,-844
255,-442,199,-406,10,452,-666,-1042,-2491,-2326,-1219,-869
203,-397,206,-374,-35,390,-516,-878,-2360,-2229,-1189,-890
148,-360,222,-355,-86,333,-373,-727,-2238,-2141,-1164,-913
92,-327,242,-344,-141,278,-237,-589,-2128,-2061,-1147,-937
41,-291,256,-326,-187,223,-106,-455,-2022,-1981,-1129,-958
3,-248,247,-290,-208,173,23,-322,-1910,-1894,-1103,-969
-27,-207,233,-253,-220,128,142,-195,-1798,-1813,-1073,-976
-54,-170,221,-222,-229,90,254,-74,-1690,-1737,-1040,-980
-82,-142,217,-202,-244,55,354,41,-1588,-1666,-1008,-984
-108,-112,211,-182,-255,20,452,155,-1487,-1596,-973,-988
-125,-85,197,-159,-254,-8,545,267,-1386,-1527,-931,-986
-146,-66,197,-153,-263,-32,623,368,-1298,-1470,-891,-984
-170,-53,206,-157,-279,-56,688,463,-1220,-1419,-854,-978
-186,-39,206,-154,-282,-75,751,559,-1143,-1366,-813,-964
-191,-26,197,-146,-273,-88,814,656,-1065,-1313,-766,-943
-196,-19,195,-148,-267,-96,869,744,-990,-1264,-720,-921
-185,-6,171,-132,-236,-98,925,837,-906,-1207,-665,-891
-174,-3,158,-128,-211,-94,973,924,-825,-1157,-610,-861
-159,-3,146,-128,-186,-86,1019,1007,-747,-1107,-558,-831
-139,-5,130,-125,-154,-74,1068,1086,-670,-1061,-503,-796
-122,-10,121,-128,-129,-61,1111,1161,-600,-1026,-450,-762
-109,-18,119,-137,-112,-49,1150,1233,-538,-996,-401,-731
-96,-24,117,-143,-96,-40,1190,1302,-476,-970,-357,-704
-81,-29,112,-146,-78,-29,1231,1372,-417,-947,-313,-675
-68,-36,111,-150,-64,-19,1266,1435,-362,-929,-274,-648
-68,-43,123,-163,-69,-17,1290,1485,-321,-921,-248,-628
-72,-45,133,-169,-77,-22,1313,1527,-287,-914,-229,-612
-75,-43,140,-170,-84,-28,1337,1565,-257,-905,-215,-600
-74,-38,140,-163,-85,-34,1365,1601,-226,-891,-201,-587
-75,-38,145,-163,-91,-36,1394,1635,-197,-878,-192,-574
-82,-44,162,-172,-112,-39,1422,1660,-175,-863,-189,-569
-85,-43,169,-170,-124,-43,1454,1687,-155,-847,-185,-565
-87,-39,169,-160,-131,-48,1490,1714,-137,-834,-182,-562
-94,-34,173,-152,-147,-57,1524,1736,-124,-824,-186,-562
-111,-22,180,-141,-171,-76,1556,1754,-119,-816,-196,-566
-130,-1,177,-117,-191,-102,1589,1774,-114,-806,-202,-569
-162,15,192,-108,-232,-134,1612,1782,-118,-804,-215,-578
-191,38,195,-87,-263,-167,1638,1792,-117,-793,-227,-585
-218,56,199,-70,-293,-196,1663,1801,-116,-780,-238,-592
-249,69,214,-65,-333,-223,1685,1806,-118,-773,-255,-607
-276,81,223,-57,-365,-247,1711,1811,-117,-764,-272,-623
-298,94,225,-45,-389,-268,1743,1821,-112,-751,-289,-638
-319,104,230,-38,-413,-286,1773,1830,-111,-739,-309,-655
-342,111,238,-36,-439,-303,1802,1837,-115,-727,-330,-674
-363,123,240,-28,-458,-321,1832,1849,-113,-705,-344,-694
-372,140,224,-6,-457,-335,1867,1872,-99,-668,-348,-705
-377,156,205,16,-449,-345,1902,1899,-79,-631,-344,-711
-380,170,188,35,-439,-354,1936,1927,-57,-593,-338,-715
-386,175,181,40,-436,-358,1970,1954,-36,-558,-330,-719
-387,178,173,42,-429,-358,2006,1983,-15,-521,-320,-721
-376,180,155,50,-405,-349,2045,2017,9,-488,-305,-714
-369,177,147,47,-388,-340,2077,2047,29,-466,-294,-708
-367,175,145,40,-379,-336,2103,2073,46,-448,-284,-701
-362,177,136,40,-361,-333,2130,2102,64,-426,-271,-691
-353,182,120,46,-336,-329,2153,2133,86,-406,-254,-675
-350,185,115,44,-321,-330,2164,2157,102,-396,-243,-662
-335,193,93,57,-286,-326,2177,2186,122,-384,-226,-641
-323,193,84,55,-263,-319,2186,2214,141,-378,-210,-622
-312,192,78,52,-241,-313,2193,2245,160,-366,-191,-602
-297,196,64,57,-213,-308,2201,2279,184,-351,-167,-578
-286,199,56,60,-192,-306,2205,2312,207,-344,-148,-557
-279,200,56,57,-179,-306,2204,2341,227,-342,-133,-538
-271,202,53,58,-165,-305,2202,2370,249,-338,-118,-518
-257,202,48,59,-147,-300,2201,2400,275,-336,-102,-496
-244,197,48,56,-135,-292,2202,2427,301,-340,-88,-477
-243,186,65,38,-143,-288,2198,2448,318,-350,-80,-467
-248,176,88,19,-161,-288,2194,2468,332,-353,-75,-459
-256,167,112,1,-182,-291,2193,2488,345,-352,-70,-451
-259,160,128,-9,-198,-292,2194,2508,360,-347,-66,-441
-262,152,145,-20,-215,-292,2196,2526,373,-340,-66,-430
-273,144,170,-36,-244,-297,2198,2536,379,-332,-75,-422
-280,144,180,-34,-262,-304,2206,2549,390,-316,-81,-409
-284,152,179,-21,-272,-314,2217,2565,403,-298,-86,-396
-290,159,180,-9,-286,-324,2224,2577,414,-284,-95,-387
-300,167,183,2,-305,-336,2229,2583,422,-271,-108,-381
-302,178,175,22,-311,-345,2237,2591,431,-251,-116,-375
-313,180,181,27,-333,-354,2239,2593,435,-237,-129,-374
-314,187,173,43,-340,-358,2243,2599,445,-212,-139,-373
-310,189,163,58,-341,-355,2249,2606,458,-189,-149,-370
-310,187,160,63,-349,-352,2253,2610,471,-169,-160,-368
-310,189,150,75,-352,-351,2259,2615,488,-151,-167,-363
-309,198,132,95,-347,-353,2265,2622,504,-135,-170,-356
-310,208,115,115,-344,-359,2269,2628,517,-122,-176,-350
-319,221,102,132,-347,-370,2271,2633,528,-114,-185,-347
-331,234,90,148,-351,-384,2277,2641,541,-102,-194,-348
-334,249,69,170,-342,-393,2290,2655,562,-91,-198,-349
-334,258,50,185,-330,-396,2303,2670,584,-84,-201,-351
-334,260,38,189,-322,-395,2312,2684,604,-88,-204,-359
-340,256,39,181,-324,-394,2317,2693,620,-106,-216,-372
-345,251,42,169,-325,-392,2318,2701,636,-127,-230,-388
-340,245,36,162,-312,-383,2318,2714,654,-147,-242,-399
-339,236,39,147,-307,-376,2311,2717,665,-174,-260,-413
-345,235,42,136,-304,-377,2297,2709,671,-205,-280,-426
-344,244,30,143,-287,-383,2283,2700,681,-235,-296,-435
-334,258,6,160,-254,-386,2270,2700,700,-260,-301,-435
-328,269,-8,169,-230,-389,2257,2711,721,-279,-302,-432
-309,283,-38,190,-186,-386,2255,2742,755,-282,-289,-417
-289,286,-56,198,-149,-377,2252,2774,787,-287,-274,-400
-268,284,-68,198,-118,-363,2250,2807,822,-287,-255,-381
-241,279,-82,199,-80,-343,2252,2842,859,-281,-232,-358
-216,269,-87,191,-50,-321,2249,2873,890,-283,-212,-341
-194,254,-83,175,-30,-300,2242,2898,915,-288,-196,-328
-172,239,-80,161,-9,-277,2234,2921,939,-291,-181,-316
-147,226,-80,151,14,-255,2225,2944,963,-288,-164,-298
-126,212,-75,139,29,-234,2212,2962,987,-283,-146,-279
-119,197,-57,118,25,-221,2190,2971,1003,-283,-135,-268
-115,185,-37,100,17,-213,2166,2976,1017,-277,-128,-261
-115,177,-19,87,5,-210,2140,2982,1033,-263,-123,-255
-112,173,-9,82,-2,-208,2121,2990,1051,-239,-116,-246
-112,170,2,78,-12,-207,2104,2997,1071,-212,-107,-234
-118,166,18,71,-31,-210,2086,2998,1087,-182,-103,-225
-119,171,19,81,-38,-215,2074,3001,1107,-144,-96,-214
-118,183,9,103,-38,-223,2066,3012,1134,-102,-85,-204
-122,194,5,120,-47,-233,2056,3021,1160,-71,-80,-204
-136,203,9,131,-69,-249,2043,3028,1181,-50,-83,-213
-144,218,0,154,-78,-263,2036,3041,1206,-28,-87,-221
-162,224,9,160,-107,-278,2025,3047,1225,-19,-100,-238
-177,236,6,176,-125,-294,2017,3055,1244,-3,-112,-255
-186,244,0,193,-138,-303,2008,3064,1259,9,-124,-271
-201,252,-2,205,-156,-316,1995,3070,1269,15,-138,-292
-216,264,-7,221,-173,-331,1987,3078,1283,18,-152,-312
-231,277,-15,239,-185,-346,1985,3086,1297,23,-163,-330
-247,288,-21,253,-199,-360,1983,3092,1309,28,-174,-348
-263,295,-23,260,-216,-372,1979,3094,1317,34,-187,-367
-276,302,-29,270,-224,-382,1979,3098,1327,46,-195,-384
-276,315,-53,295,-212,-388,1985,3109,1345,64,-195,-392
-271,326,-80,318,-192,-389,1990,3121,1366,78,-191,-397
-262,332,-105,336,-170,-384,1993,3132,1387,90,-189,-399
-254,328,-117,338,-154,-373,1991,3143,1405,96,-192,-403
-249,321,-123,333,-144,-364,1989,3154,1421,99,-199,-407
-233,312,-137,330,-120,-346,1989,3169,1440,102,-201,-405
-220,297,-139,315,-104,-326,1981,3178,1453,98,-208,-407
-209,281,-136,296,-91,-308,1970,3183,1461,92,-221,-411
-196,274,-143,288,-70,-295,1961,3193,1472,90,-228,-410
-177,270,-159,288,-38,-281,1961,3211,1493,91,-224,-402
-161,263,-166,280,-13,-268,1962,3228,1514,90,-219,-393
-135,264,-189,288,30,-252,1968,3254,1544,97,-207,-378
-115,264,-205,291,63,-241,1970,3277,1572,99,-196,-367
-97,264,-216,291,92,-233,1973,3303,1597,104,-185,-356
-75,266,-234,298,128,-223,1980,3335,1625,113,-170,-342
-58,268,-244,300,154,-216,1983,3364,1650,115,-154,-329
-50,271,-246,299,169,-216,1983,3388,1673,118,-139,-317
-43,278,-249,302,182,-221,1987,3417,1701,131,-119,-302
-35,288,-257,311,198,-225,1995,3451,1733,149,-92,-282
-26,293,-261,317,211,-227,1999,3482,1765,164,-64,-262
-30,291,-245,305,200,-231,1996,3505,1788,173,-40,-246
-38,289,-226,293,183,-238,1991,3528,1807,186,-15,-230
-45,292,-212,288,169,-247,1984,3550,1824,201,9,-215
-49,302,-208,297,162,-258,1979,3570,1838,215,36,-199
-54,311,-205,306,153,-269,1974,3587,1851,225,63,-182
-69,319,-191,309,129,-284,1963,3596,1855,232,84,-171
-75,330,-190,322,117,-296,1953,3609,1863,254,110,-155
-75,340,-195,340,113,-301,1943,3625,1875,285,140,-138
-72,341,-197,350,108,-298,1931,3636,1885,314,167,-127
-72,339,-194,355,96,-294,1915,3646,1893,345,189,-115
-65,343,-204,372,98,-289,1906,3662,1907,382,216,-99
-67,338,-200,375,83,-284,1894,3669,1913,408,236,-89
-66,336,-203,382,75,-278,1888,3674,1921,435,257,-80
-64,330,-205,385,67,-269,1886,3679,1929,460,276,-69
-68,322,-199,381,50,-261,1881,3679,1933,480,287,-61
-75,322,-201,387,37,-262,1878,3681,1940,502,297,-54
-80,328,-212,402,34,-265,1879,3686,1952,528,309,-45
-87,335,-223,416,29,-270,1880,3693,1965,552,320,-36
-99,343,-230,426,20,-280,1881,3701,1977,578,330,-25
-110,355,-242,443,18,-292,1883,3714,1991,612,343,-11
-112,375,-271,473,33,-303,1896,3731,2014,651,362,9
-109,389,-300,500,54,-308,1912,3746,2037,685,384,28
-106,399,-323,520,73,-311,1925,3763,2058,712,405,47
-108,404,-336,527,83,-314,1935,3779,2077,728,424,64
-112,407,-343,529,90,-318,1941,3795,2093,737,439,76
-109,411,-360,537,109,-318,1952,3814,2113,736,455,90
-112,408,-360,530,114,-318,1959,3830,2129,725,465,97
-119,404,-355,518,114,-321,1964,3844,2143,715,470,100
-122,405,-356,513,122,-325,1973,3861,2159,713,476,106
-119,407,-363,513,139,-326,1988,3882,2177,713,490,117
-119,402,-359,500,146,-325,2002,3900,2192,713,504,129
-105,401,-369,501,173,-318,2022,3925,2216,724,527,150
-91,394,-372,492,194,-307,2041,3947,2240,731,548,171
-81,389,-373,484,212,-301,2057,3969,2265,741,572,192
-64,387,-380,483,238,-292,2076,3997,2294,756,598,215
-47,381,-383,477,259,-281,2091,4023,2321,769,623,238
-34,376,-381,469,275,-274,2104,4049,2349,783,646,261
-20,375,-383,467,292,-268,2117,4077,2378,796,669,282
1,376,-391,472,316,-260,2131,4106,2409,811,694,303
23,374,-401,476,341,-248,2143,4133,2437,824,717,322
38,366,-394,467,349,-236,2146,4151,2457,827,730,333
50,355,-383,453,351,-224,2144,4165,2473,830,740,338
63,341,-372,438,352,-210,2143,4178,2489,838,751,340
79,333,-369,432,357,-196,2141,4194,2508,852,766,345
95,327,-370,432,365,-183,2136,4213,2530,869,779,354
100,323,-363,429,360,-178,2126,4223,2548,881,784,356
109,327,-370,440,365,-174,2119,4236,2569,899,789,360
123,329,-382,455,376,-165,2115,4254,2593,920,794,365
135,325,-388,460,381,-152,2109,4272,2618,936,797,370
140,321,-388,463,376,-145,2100,4284,2639,947,793,369
147,324,-400,478,380,-139,2097,4298,2661,959,789,369
144,322,-398,481,368,-136,2089,4307,2676,959,777,365
141,329,-407,496,363,-137,2087,4319,2690,963,766,359
140,337,-420,515,362,-140,2085,4331,2703,965,753,352
131,344,-427,528,353,-145,2079,4337,2712,967,739,339
127,356,-445,551,354,-151,2073,4344,2726,975,727,329
129,372,-473,583,366,-155,2069,4352,2742,991,721,323
129,387,-499,613,376,-160,2065,4359,2756,1008,715,315
123,400,-518,635,379,-168,2062,4365,2767,1023,709,303
118,413,-539,658,384,-175,2060,4372,2780,1045,706,289
126,427,-573,690,408,-176,2066,4390,2800,1082,711,284
140,431,-604,712,434,-167,2075,4412,2822,1120,720,283
153,427,-624,721,455,-153,2087,4437,2846,1155,731,283
166,413,-634,716,470,-134,2098,4461,2867,1181,742,284
179,396,-639,704,483,-113,2107,4485,2886,1202,752,283
201,379,-652,697,510,-87,2121,4514,2909,1224,767,285
218,355,-652,678,524,-62,2130,4539,2930,1241,776,283
230,329,-643,650,532,-39,2135,4556,2947,1256,783,282
246,306,-638,627,546,-16,2144,4577,2970,1280,796,288
270,286,-643,612,573,9,2157,4603,3001,1314,819,298
290,265,-642,593,594,32,2169,4625,3028,1343,840,305
317,257,-657,593,632,50,2189,4654,3062,1377,872,318
341,250,-669,593,665,65,2208,4681,3097,1407,905,333
362,244,-678,591,695,77,2227,4707,3132,1436,941,352
387,239,-689,593,729,91,2249,4737,3170,1467,981,377
408,231,-691,587,754,104,2268,4767,3207,1495,1020,403
425,218,-686,573,771,119,2283,4797,3242,1520,1054,428
445,208,-683,564,790,133,2299,4831,3279,1548,1087,454
467,202,-686,562,814,148,2317,4868,3320,1571,1120,480
487,194,-687,559,833,163,2328,4903,3360,1590,1149,504
496,181,-671,542,833,174,2332,4934,3398,1603,1170,521
499,171,-653,526,826,181,2335,4965,3434,1619,1189,536
501,168,-641,520,820,183,2337,4995,3472,1642,1207,551
506,174,-641,527,823,182,2342,5028,3512,1673,1232,571
513,181,-647,540,830,183,2350,5062,3551,1707,1260,592
512,187,-646,549,825,180,2353,5085,3578,1739,1280,608
513,204,-658,572,828,172,2362,5107,3606,1774,1306,626
515,226,-679,606,837,162,2372,5133,3637,1814,1335,645
517,246,-698,636,843,154,2381,5158,3668,1858,1363,663
513,262,-710,659,839,146,2389,5181,3695,1903,1391,675
514,283,-734,693,846,138,2401,5210,3723,1954,1423,687
507,297,-745,712,838,130,2408,5230,3744,1998,1448,692
505,311,-762,736,837,125,2417,5253,3765,2042,1472,696
507,321,-781,758,841,126,2425,5280,3789,2089,1499,704
503,325,-790,768,834,128,2429,5301,3807,2139,1522,710
499,331,-802,782,829,126,2434,5321,3827,2193,1547,718
497,340,-819,800,830,124,2442,5346,3850,2241,1573,733
494,347,-835,815,831,123,2451,5374,3874,2280,1598,750
486,357,-849,830,828,116,2458,5397,3897,2313,1618,763
479,372,-869,853,832,104,2466,5420,3924,2351,1637,777
485,393,-908,891,858,97,2480,5450,3960,2399,1660,801
498,412,-950,930,893,95,2499,5486,4001,2446,1684,828
512,426,-988,961,927,96,2521,5524,4041,2485,1707,854
524,431,-1013,979,953,99,2541,5556,4078,2511,1727,878
531,432,-1029,986,971,102,2558,5586,4113,2533,1748,901
548,435,-1054,1001,1004,109,2578,5625,4155,2556,1773,931
558,435,-1068,1007,1026,112,2592,5659,4195,2571,1793,958
562,433,-1072,1005,1039,112,2603,5691,4232,2582,1807,981
569,431,-1079,1005,1057,112,2618,5725,4270,2596,1824,1007
585,428,-1090,1007,1085,120,2638,5762,4309,2610,1847,1036
599,420,-1092,1001,1107,128,2658,5797,4344,2620,1869,1064
625,419,-1112,1011,1148,139,2681,5839,4385,2640,1897,1098
657,409,-1129,1016,1192,160,2702,5881,4423,2659,1927,1132
691,394,-1139,1011,1233,186,2719,5922,4461,2680,1955,1165
731,379,-1154,1011,1281,216,2739,5969,4505,2710,1990,1200
771,359,-1165,1005,1324,250,2756,6015,4548,2736,2025,1232
808,336,-1168,992,1361,284,2768,6058,4587,2757,2059,1260
846,314,-1172,980,1396,319,2775,6101,4627,2779,2097,1290
885,295,-1181,975,1435,354,2781,6144,4668,2802,2136,1319
921,277,-1187,968,1469,386,2783,6185,4709,2821,2175,1344
945,256,-1178,949,1483,414,2779,6218,4744,2832,2207,1362
964,240,-1170,934,1492,436,2773,6246,4773,2843,2235,1377
982,230,-1167,927,1502,454,2767,6275,4801,2863,2261,1393
1003,226,-1175,930,1519,472,2763,6306,4831,2890,2288,1411
1028,223,-1189,938,1542,492,2763,6341,4866,2923,2320,1435
1045,220,-1197,943,1553,508,2765,6372,4900,2959,2347,1457
1067,227,-1222,965,1578,521,2771,6403,4933,2999,2376,1481
1087,240,-1252,994,1604,531,2782,6431,4965,3036,2408,1506
1106,251,-1281,1021,1626,540,2793,6454,4998,3070,2443,1530
1123,262,-1311,1049,1647,550,2803,6477,5033,3104,2476,1550
1149,274,-1353,1085,1681,565,2818,6513,5079,3148,2511,1571
1164,279,-1378,1107,1697,578,2828,6551,5125,3187,2537,1586
1179,290,-1411,1137,1717,587,2840,6597,5176,3231,2562,1601
1200,297,-1447,1165,1744,603,2854,6647,5234,3280,2591,1621
1216,296,-1471,1181,1759,621,2866,6694,5288,3328,2618,1638
1235,293,-1499,1199,1780,642,2880,6739,5341,3379,2647,1652
1262,290,-1534,1221,1812,667,2897,6783,5393,3429,2678,1668
1288,285,-1566,1240,1843,693,2915,6824,5443,3478,2709,1684
1305,280,-1589,1253,1863,712,2931,6863,5488,3523,2737,1700
1316,279,-1611,1268,1880,724,2946,6901,5531,3569,2763,1714
1333,285,-1645,1295,1911,734,2969,6943,5579,3618,2793,1731
1352,293,-1681,1324,1946,743,2995,6988,5628,3666,2825,1750
1369,300,-1713,1351,1978,750,3021,7032,5678,3715,2857,1771
1384,301,-1738,1367,2007,759,3044,7073,5725,3760,2887,1789
1399,299,-1757,1378,2033,768,3067,7114,5769,3801,2915,1808
1425,298,-1786,1396,2075,784,3096,7165,5820,3840,2950,1837
1452,288,-1805,1401,2112,805,3125,7213,5870,3871,2982,1867
1475,273,-1815,1396,2142,827,3150,7255,5917,3895,3010,1898
1502,259,-1828,1395,2177,849,3178,7299,5968,3920,3039,1932
1540,245,-1850,1399,2227,878,3212,7347,6021,3947,3070,1972
1573,228,-1860,1393,2266,905,3242,7392,6068,3969,3097,2005
1611,217,-1882,1399,2317,932,3274,7443,6118,3996,3129,2041
1649,203,-1898,1399,2364,960,3302,7495,6168,4016,3163,2073
1682,189,-1909,1395,2405,986,3329,7544,6214,4037,3195,2098
1722,178,-1928,1399,2455,1014,3358,7595,6266,4065,3231,2126
1762,166,-1944,1400,2503,1043,3385,7643,6315,4090,3266,2149
1796,153,-1955,1398,2543,1069,3406,7689,6360,4114,3295,2168
1832,144,-1970,1401,2586,1096,3425,7737,6405,4142,3326,2186
1874,134,-1991,1408,2636,1127,3444,7788,6454,4175,3364,2208
1916,122,-2009,1411,2682,1160,3459,7839,6501,4213,3403,2231
1946,104,-2012,1400,2710,1191,3468,7881,6542,4251,3438,2249
1974,88,-2013,1390,2732,1220,3473,7918,6577,4295,3471,2266
2002,75,-2020,1386,2758,1248,3479,7953,6614,4346,3508,2285
2034,69,-2040,1396,2792,1274,3487,7987,6653,4397,3546,2308
2066,69,-2068,1416,2830,1298,3499,8025,6697,4447,3589,2337
2089,66,-2084,1425,2852,1319,3505,8060,6738,4497,3631,2362
2115,65,-2108,1442,2881,1342,3515,8100,6784,4558,3678,2394
2144,67,-2140,1467,2914,1364,3529,8141,6832,4621,3728,2427
2172,66,-2170,1487,2944,1390,3540,8177,6878,4678,3772,2457
2197,60,-2196,1502,2968,1417,3546,8207,6917,4723,3810,2483
2231,55,-2232,1525,3003,1449,3554,8240,6957,4764,3848,2510
2257,41,-2253,1532,3023,1483,3554,8266,6987,4792,3879,2533
2281,30,-2277,1543,3042,1513,3557,8290,7015,4821,3911,2555
2310,18,-2305,1556,3068,1547,3560,8312,7045,4845,3941,2577
2334,4,-2327,1563,3086,1578,3559,8328,7069,4861,3963,2594
2356,-1,-2358,1582,3109,1601,3562,8343,7090,4882,3985,2612
2380,1,-2397,1612,3140,1621,3569,8358,7113,4907,4012,2632
2403,7,-2438,1645,3172,1636,3579,8370,7135,4929,4040,2649
2424,8,-2472,1670,3201,1652,3586,8378,7155,4953,4067,2664
2445,7,-2504,1692,3229,1668,3595,8387,7175,4985,4094,2682
2473,15,-2549,1728,3272,1682,3614,8404,7206,5030,4130,2707
2505,25,-2600,1769,3323,1696,3636,8424,7242,5079,4173,2735
2536,34,-2647,1806,3373,1708,3655,8446,7278,5130,4219,2762
2560,43,-2684,1837,3414,1716,3671,8464,7312,5175,4262,2786
2577,55,-2717,1867,3449,1715,3684,8478,7345,5217,4299,2804
2604,72,-2762,1908,3501,1718,3699,8503,7386,5263,4343,2831
2628,80,-2794,1935,3545,1724,3710,8528,7425,5303,4384,2858
2651,81,-2814,1947,3582,1734,3722,8549,7460,5343,4422,2884
2677,76,-2830,1954,3619,1749,3739,8571,7496,5384,4461,2909
2711,64,-2846,1956,3664,1774,3762,8601,7539,5428,4512,2940
2744,41,-2847,1940,3698,1805,3782,8631,7582,5468,4564,2972
2786,19,-2857,1930,3746,1843,3806,8668,7630,5515,4623,3006
2828,-8,-2863,1914,3790,1883,3824,8702,7674,5557,4678,3043
2866,-33,-2864,1897,3829,1920,3837,8733,7715,5598,4730,3078
2909,-53,-2877,1889,3878,1957,3851,8765,7758,5639,4784,3120
2950,-74,-2886,1879,3922,1993,3863,8797,7801,5674,4836,3159
2983,-93,-2889,1866,3956,2023,3869,8825,7839,5701,4885,3192
3013,-106,-2896,1859,3990,2049,3877,8856,7876,5725,4931,3222
3050,-114,-2915,1863,4034,2076,3885,8893,7917,5755,4981,3259
3083,-121,-2933,1867,4074,2102,3890,8927,7958,5787,5030,3296
3103,-133,-2933,1855,4090,2122,3888,8952,7992,5809,5068,3323
3115,-147,-2925,1839,4095,2138,3879,8969,8020,5830,5098,3346
3129,-159,-2923,1826,4102,2156,3871,8978,8043,5856,5123,3366
3148,-169,-2929,1822,4117,2176,3865,8983,8063,5890,5149,3391
3171,-178,-2941,1822,4138,2200,3860,8986,8081,5927,5178,3421
3184,-192,-2939,1810,4139,2220,3850,8979,8091,5961,5201,3448
3202,-200,-2949,1812,4152,2239,3844,8971,8107,6007,5226,3478
3226,-202,-2974,1828,4177,2260,3841,8964,8125,6056,5255,3514
3251,-202,-3003,1849,4203,2280,3839,8958,8141,6103,5280,3549
3267,-201,-3025,1867,4219,2295,3833,8944,8150,6147,5302,3578
3288,-199,-3052,1889,4240,2312,3829,8933,8160,6194,5329,3607
3302,-209,-3064,1894,4248,2334,3817,8914,8166,6235,5354,3632
3311,-213,-3075,1903,4250,2347,3804,8894,8171,6279,5380,3654
3317,-212,-3090,1917,4254,2356,3792,8873,8176,6320,5408,3674
3317,-211,-3098,1928,4249,2361,3778,8849,8178,6358,5436,3691
3314,-203,-3112,1946,4247,2359,3764,8825,8182,6399,5466,3707
3311,-188,-3131,1973,4250,2352,3752,8803,8190,6443,5498,3725
3306,-172,-3150,2000,4252,2342,3736,8780,8196,6484,5528,3743
3300,-162,-3163,2018,4250,2336,3716,8752,8196,6519,5552,3757
3297,-153,-3177,2035,4252,2332,3695,8725,8195,6555,5574,3771
3305,-141,-3204,2062,4272,2332,3678,8704,8203,6597,5603,3791
3319,-133,-3233,2089,4298,2338,3663,8685,8216,6637,5635,3813
3333,-131,-3255,2106,4322,2347,3645,8667,8228,6669,5663,3835
3342,-136,-3264,2109,4335,2356,3623,8646,8236,6693,5687,3852
3345,-143,-3265,2104,4340,2363,3593,8619,8236,6708,5701,3862
3354,-146,-3276,2109,4357,2369,3565,8596,8239,6722,5715,3875
3357,-149,-3277,2106,4364,2371,3535,8567,8235,6727,5721,3880
3351,-149,-3273,2102,4364,2364,3503,8530,8225,6729,5723,3882
3344,-141,-3275,2107,4368,2350,3470,8491,8212,6730,5725,3884
3343,-126,-3287,2123,4385,2334,3438,8454,8199,6729,5731,3889
3339,-115,-3292,2131,4395,2319,3404,8410,8181,6727,5734,3893
3341,-100,-3306,2148,4417,2306,3374,8369,8171,6736,5745,3906
3345,-94,-3310,2152,4433,2299,3341,8325,8159,6744,5756,3921
3345,-98,-3300,2140,4438,2297,3309,8278,8142,6752,5766,3936
3349,-100,-3295,2133,4449,2296,3278,8234,8125,6760,5775,3957
3353,-106,-3285,2120,4457,2298,3247,8190,8105,6767,5785,3981
3353,-112,-3269,2103,4456,2298,3209,8143,8084,6772,5794,4001
3350,-115,-3254,2089,4454,2296,3169,8094,8060,6771,5803,4020
3347,-118,-3239,2076,4451,2293,3131,8046,8038,6768,5813,4040
3343,-123,-3220,2058,4443,2292,3094,7994,8015,6755,5819,4058
3327,-130,-3188,2031,4417,2285,3047,7932,7981,6726,5812,4067
3302,-129,-3154,2009,4382,2268,2993,7862,7937,6691,5793,4068
3277,-126,-3124,1990,4348,2250,2938,7792,7891,6659,5767,4067
3261,-126,-3101,1975,4322,2241,2890,7727,7847,6634,5737,4065
3254,-128,-3086,1963,4306,2240,2846,7664,7802,6613,5705,4062
3239,-136,-3058,1941,4275,2237,2797,7591,7748,6595,5663,4048
3227,-139,-3041,1927,4252,2234,2753,7520,7697,6587,5623,4032
3219,-142,-3028,1917,4231,2234,2711,7451,7649,6586,5586,4018
3211,-150,-3012,1901,4207,2237,2665,7381,7600,6578,5543,3999
3196,-158,-2992,1883,4175,2236,2614,7302,7543,6557,5490,3971
3183,-157,-2983,1878,4149,2230,2568,7221,7485,6535,5435,3940
3158,-157,-2963,1865,4108,2217,2518,7132,7417,6505,5372,3900
3130,-152,-2947,1857,4066,2199,2470,7044,7345,6475,5304,3856
3101,-142,-2935,1857,4026,2176,2421,6959,7272,6437,5238,3810
3068,-134,-2917,1850,3979,2151,2369,6870,7193,6390,5171,3759
3038,-127,-2903,1845,3937,2129,2318,6781,7110,6343,5106,3708
3014,-121,-2893,1842,3903,2111,2269,6694,7028,6295,5044,3660
2988,-120,-2878,1834,3865,2095,2222,6605,6945,6249,4981,3609
2955,-119,-2855,1819,3817,2073,2175,6512,6855,6198,4914,3553
2922,-119,-2831,1803,3771,2052,2131,6421,6764,6150,4846,3497
2899,-117,-2818,1796,3739,2035,2098,6340,6679,6107,4784,3449
2879,-116,-2806,1789,3713,2020,2070,6260,6595,6064,4724,3405
2857,-116,-2790,1779,3684,2004,2039,6179,6506,6013,4663,3360
2830,-119,-2767,1762,3649,1987,2005,6097,6416,5959,4600,3314
2797,-120,-2737,1743,3607,1963,1965,6010,6323,5899,4534,3266
2769,-116,-2717,1733,3577,1939,1925,5925,6232,5837,4472,3224
2735,-119,-2681,1707,3535,1916,1877,5833,6134,5761,4406,3181
2696,-127,-2635,1673,3485,1893,1825,5735,6032,5679,4337,3136
2660,-133,-2592,1641,3439,1870,1773,5635,5932,5597,4273,3092
2632,-138,-2555,1614,3406,1853,1729,5542,5836,5518,4218,3056
2602,-150,-2509,1577,3366,1838,1684,5447,5740,5436,4163,3021
2582,-160,-2472,1547,3340,1828,1648,5357,5652,5369,4118,2992
2568,-171,-2439,1518,3320,1824,1616,5272,5567,5309,4081,2967
2551,-179,-2405,1490,3298,1817,1583,5188,5481,5251,4047,2940
2538,-181,-2380,1472,3285,1808,1557,5107,5401,5199,4021,2915
2523,-184,-2352,1453,3269,1798,1530,5025,5320,5145,3996,2890
2504,-189,-2316,1425,3243,1787,1499,4942,5233,5086,3968,2860
2481,-191,-2281,1400,3215,1773,1468,4860,5146,5025,3942,2830
2460,-189,-2251,1381,3190,1757,1440,4781,5061,4961,3920,2802
2436,-189,-2217,1359,3159,1740,1409,4701,4976,4891,3895,2776
2402,-196,-2167,1320,3110,1722,1373,4615,4887,4812,3861,2745
2361,-207,-2108,1273,3048,1702,1337,4529,4796,4730,3820,2711
2318,-216,-2050,1229,2984,1679,1301,4444,4701,4644,3773,2674
2276,-218,-2000,1193,2924,1654,1265,4361,4605,4561,3723,2636
2238,-213,-1964,1172,2874,1626,1235,4280,4509,4480,3670,2600
2187,-207,-1918,1145,2807,1589,1200,4189,4402,4397,3607,2559
2141,-193,-1887,1132,2751,1551,1172,4100,4297,4316,3546,2521
2097,-174,-1864,1129,2701,1511,1147,4012,4193,4239,3485,2485
2050,-158,-1838,1121,2644,1470,1119,3921,4090,4160,3420,2446
1996,-148,-1800,1101,2574,1430,1086,3826,3981,4079,3347,2401
1947,-140,-1768,1084,2510,1394,1057,3732,3873,3994,3270,2352
1893,-138,-1725,1055,2434,1360,1028,3633,3760,3902,3186,2295
1837,-130,-1688,1035,2360,1319,1002,3532,3645,3812,3100,2234
1786,-116,-1662,1026,2297,1278,977,3434,3530,3724,3011,2174
1730,-102,-1632,1015,2227,1234,947,3330,3411,3634,2914,2109
1676,-85,-1607,1009,2162,1189,917,3226,3293,3543,2816,2044
1627,-65,-1591,1012,2107,1145,891,3123,3177,3448,2717,1982
1579,-48,-1571,1010,2051,1104,863,3021,3061,3346,2615,1918
1528,-36,-1544,1000,1989,1063,835,2920,2944,3244,2511,1851
1475,-25,-1512,987,1924,1022,810,2825,2829,3147,2408,1782
1430,-9,-1491,984,1873,982,793,2738,2723,3058,2310,1718
1388,4,-1470,980,1826,945,780,2658,2622,2974,2218,1656
1346,11,-1439,965,1774,912,769,2581,2521,2884,2128,1593
1303,14,-1402,944,1720,881,753,2503,2418,2786,2034,1526
1257,13,-1356,914,1660,849,732,2421,2311,2685,1934,1455
1223,14,-1321,893,1617,823,714,2346,2210,2590,1841,1389
1188,8,-1276,861,1568,801,692,2270,2107,2489,1747,1318
1145,-1,-1220,820,1510,775,671,2191,2005,2388,1652,1245
1102,-1,-1168,786,1455,743,656,2116,1907,2291,1563,1175
1065,4,-1127,764,1414,711,648,2047,1814,2200,1484,1111
1023,7,-1078,734,1364,676,640,1977,1720,2108,1404,1046
983,18,-1036,714,1322,638,635,1911,1632,2019,1330,985
945,26,-994,692,1281,603,630,1848,1546,1927,1258,925
903,31,-945,662,1233,568,625,1785,1461,1833,1186,863
868,39,-905,639,1195,536,625,1730,1382,1742,1120,808
835,44,-864,614,1158,507,623,1675,1300,1648,1053,754
802,41,-818,579,1118,486,615,1617,1215,1551,985,699
772,34,-771,541,1076,469,602,1556,1129,1453,919,646
744,29,-728,506,1038,452,589,1495,1043,1357,857,593
716,22,-687,472,999,438,573,1432,957,1259,794,540
684,9,-635,427,950,427,553,1362,868,1164,731,484
649,-7,-581,378,895,415,534,1290,781,1076,670,427
613,-20,-530,333,839,402,516,1219,696,996,610,370
577,-30,-485,293,785,388,500,1149,614,922,551,311
544,-36,-448,262,737,373,486,1082,536,850,498,256
499,-40,-403,228,675,350,468,1013,455,783,445,198
455,-35,-371,208,618,321,454,947,376,724,395,145
416,-25,-348,197,571,292,443,886,301,670,351,97
377,-19,-323,183,519,266,428,825,227,616,309,50
333,-18,-289,160,459,241,409,760,151,561,264,3
295,-9,-269,152,410,213,393,698,77,505,219,-41
251,-2,-240,137,351,184,370,630,-4,438,169,-90
205,9,-215,128,293,149,344,562,-87,376,115,-139
167,27,-202,131,247,115,322,498,-165,318,66,-180
125,39,-181,127,194,82,300,433,-246,255,14,-220
85,50,-158,121,140,49,282,368,-325,197,-36,-256
47,63,-139,120,93,16,267,302,-401,144,-82,-288
11,76,-121,120,47,-16,252,235,-477,93,-128,-316
-26,88,-98,116,-2,-50,237,168,-555,42,-177,-343
-64,100,-75,113,-49,-84,223,104,-630,-6,-226,-366
-90,115,-64,118,-81,-113,215,46,-697,-46,-269,-386
-109,127,-58,126,-102,-137,209,-8,-760,-86,-309,-404
-126,142,-56,138,-118,-161,203,-59,-820,-126,-345,-422
-146,155,-47,144,-138,-187,193,-109,-880,-172,-382,-443
-170,159,-26,135,-168,-210,181,-161,-941,-219,-421,-467
-182,160,-10,128,-184,-223,173,-204,-996,-263,-453,-484
-199,151,19,105,-211,-233,160,-249,-1054,-313,-489,-501
-227,140,62,71,-252,-249,141,-297,-1116,-374,-530,-520
-255,133,101,41,-290,-268,122,-346,-1178,-441,-572,-537
-275,133,126,25,-312,-286,107,-388,-1232,-504,-609,-548
-298,127,160,-2,-339,-301,91,-433,-1287,-572,-651,-560
-316,128,184,-18,-357,-317,81,-473,-1337,-638,-691,-572
-334,131,204,-29,-370,-335,74,-513,-1384,-704,-729,-583
-355,134,228,-45,-389,-354,65,-557,-1433,-770,-769,-596
-369,141,242,-52,-395,-369,62,-594,-1478,-829,-803,-605
-381,142,259,-65,-403,-379,58,-631,-1521,-889,-839,-615
-397,137,285,-88,-420,-387,51,-670,-1565,-955,-879,-630
-413,134,308,-109,-436,-396,48,-707,-1608,-1019,-920,-645
-427,137,323,-120,-446,-406,48,-737,-1648,-1077,-959,-658
-442,139,341,-133,-460,-415,45,-768,-1689,-1137,-1000,-671
-469,133,377,-164,-495,-427,35,-806,-1738,-1204,-1048,-692
-504,125,421,-200,-543,-442,22,-847,-1791,-1267,-1101,-716
-537,119,461,-233,-588,-457,8,-882,-1840,-1326,-1156,-740
-567,119,491,-255,-627,-473,-5,-913,-1887,-1378,-1212,-767
-590,127,505,-260,-651,-488,-9,-937,-1930,-1422,-1261,-788
-618,134,525,-269,-685,-507,-14,-963,-1976,-1462,-1311,-810
-639,144,533,-268,-708,-523,-18,-981,-2017,-1489,-1356,-827
-653,148,540,-269,-728,-531,-24,-1000,-2057,-1512,-1401,-845
-665,146,550,-278,-750,-533,-36,-1023,-2099,-1537,-1447,-865
-683,141,567,-291,-781,-537,-53,-1057,-2144,-1567,-1497,-890
-696,143,573,-292,-804,-544,-66,-1090,-2185,-1590,-1540,-913
-714,142,587,-301,-836,-551,-84,-1129,-2228,-1615,-1585,-938
-735,142,601,-308,-871,-563,-103,-1171,-2274,-1638,-1628,-967
-749,145,607,-308,-896,-572,-117,-1208,-2316,-1658,-1662,-993
-771,142,625,-320,-935,-582,-132,-1251,-2357,-1679,-1695,-1021
-793,138,644,-333,-974,-594,-147,-1296,-2394,-1699,-1728,-1050
-813,140,657,-337,-1007,-609,-161,-1336,-2429,-1718,-1755,-1076
-833,143,667,-340,-1037,-624,-174,-1374,-2465,-1737,-1779,-1099
-855,147,680,-344,-1070,-643,-191,-1413,-2506,-1755,-1804,-1126
-877,153,691,-347,-1101,-663,-204,-1451,-2546,-1770,-1829,-1155
-888,162,689,-339,-1114,-679,-208,-1481,-2580,-1781,-1850,-1178
-892,170,682,-329,-1117,-690,-202,-1504,-2608,-1789,-1867,-1195
-897,174,680,-325,-1123,-698,-194,-1523,-2632,-1796,-1881,-1212
-904,173,687,-331,-1135,-706,-185,-1543,-2656,-1809,-1896,-1230
-920,169,705,-347,-1158,-717,-181,-1570,-2687,-1834,-1919,-1257
-925,168,712,-355,-1166,-723,-176,-1592,-2715,-1862,-1940,-1282
-936,162,730,-373,-1182,-729,-180,-1618,-2746,-1898,-1964,-1312
-955,154,760,-400,-1211,-741,-193,-1647,-2782,-1940,-1990,-1346
-976,153,784,-420,-1235,-757,-204,-1677,-2819,-1984,-2015,-1379
-987,157,795,-427,-1242,-769,-205,-1699,-2849,-2022,-2034,-1405
-995,157,807,-438,-1247,-777,-206,-1717,-2876,-2056,-2054,-1426
-998,162,809,-439,-1240,-784,-203,-1727,-2898,-2081,-2070,-1441
-999,168,810,-438,-1231,-791,-201,-1735,-2917,-2108,-2081,-1452
-1008,172,822,-446,-1233,-799,-203,-1747,-2939,-2137,-2092,-1463
-1010,176,826,-448,-1225,-805,-203,-1755,-2958,-2160,-2095,-1468
-1013,181,830,-450,-1219,-810,-205,-1763,-2977,-2180,-2095,-1471
-1025,185,845,-458,-1224,-820,-208,-1771,-2996,-2199,-2094,-1478
-1038,189,861,-467,-1232,-830,-212,-1778,-3013,-2219,-2090,-1486
-1045,192,872,-473,-1234,-836,-214,-1783,-3027,-2237,-2083,-1489
-1047,188,884,-482,-1234,-832,-216,-1786,-3040,-2255,-2074,-1486
-1054,177,908,-503,-1246,-828,-223,-1796,-3056,-2275,-2068,-1487
-1064,164,937,-530,-1265,-824,-232,-1809,-3073,-2290,-2064,-1494
-1071,150,963,-555,-1282,-817,-235,-1818,-3087,-2296,-2060,-1502
-1073,138,981,-572,-1292,-809,-235,-1824,-3098,-2296,-2056,-1507
-1070,129,989,-581,-1293,-799,-232,-1827,-3106,-2294,-2048,-1509
-1078,117,1011,-600,-1313,-794,-235,-1840,-3121,-2299,-2049,-1519
-1085,111,1024,-609,-1328,-793,-237,-1851,-3133,-2302,-2050,-1526
-1085,111,1024,-607,-1331,-791,-235,-1859,-3139,-2302,-2049,-1531
-1080,110,1020,-602,-1331,-786,-235,-1867,-3144,-2305,-2049,-1535
-1081,108,1021,-601,-1339,-784,-241,-1878,-3152,-2310,-2053,-1542
-1077,111,1010,-590,-1338,-783,-251,-1884,-3155,-2313,-2055,-1547
-1075,112,1003,-583,-1342,-781,-268,-1895,-3161,-2321,-2060,-1554
-1078,118,996,-572,-1351,-787,-285,-1908,-3170,-2327,-2067,-1563
-1081,134,978,-549,-1352,-799,-296,-1919,-3177,-2334,-2072,-1568
-1091,149,966,-531,-1363,-815,-309,-1936,-3188,-2347,-2081,-1576
-1098,161,956,-516,-1373,-828,-320,-1952,-3200,-2354,-2088,-1581
-1100,169,942,-501,-1378,-836,-325,-1965,-3212,-2355,-2090,-1580
-1102,173,933,-493,-1385,-840,-327,-1978,-3224,-2354,-2091,-1579
-1108,172,934,-496,-1400,-843,-331,-1997,-3239,-2359,-2095,-1582
-1118,172,937,-499,-1418,-851,-336,-2016,-3254,-2364,-2102,-1587
-1124,181,928,-488,-1425,-862,-333,-2029,-3264,-2360,-2105,-1588
-1131,198,913,-468,-1426,-879,-328,-2037,-3272,-2355,-2104,-1584
-1139,215,899,-450,-1428,-897,-331,-2046,-3279,-2352,-2104,-1581
-1151,226,895,-441,-1437,-912,-337,-2055,-3287,-2349,-2105,-1579
-1169,227,909,-452,-1461,-926,-347,-2067,-3297,-2351,-2111,-1580
-1178,225,918,-461,-1473,-931,-352,-2075,-3301,-2351,-2116,-1577
-1185,212,936,-484,-1489,-927,-357,-2083,-3305,-2358,-2122,-1575
-1195,191,967,-521,-1513,-921,-367,-2093,-3309,-2367,-2130,-1573
-1204,170,997,-556,-1534,-913,-378,-2106,-3313,-2379,-2139,-1569
-1204,154,1015,-582,-1540,-902,-384,-2118,-3318,-2393,-2139,-1561
-1205,133,1040,-613,-1550,-890,-392,-2134,-3331,-2416,-2139,-1554
-1200,119,1053,-633,-1547,-879,-397,-2145,-3339,-2432,-2134,-1541
-1189,107,1059,-647,-1534,-864,-399,-2151,-3345,-2447,-2127,-1526
-1189,96,1074,-666,-1534,-857,-401,-2159,-3351,-2463,-2121,-1513
-1186,92,1080,-673,-1525,-854,-400,-2160,-3351,-2473,-2110,-1494
-1183,90,1085,-678,-1515,-852,-400,-2159,-3350,-2483,-2098,-1478
-1185,92,1091,-682,-1509,-855,-405,-2158,-3352,-2494,-2088,-1466
-1190,98,1095,-681,-1503,-864,-412,-2156,-3352,-2508,-2081,-1456
-1191,105,1096,-676,-1493,-871,-421,-2149,-3350,-2522,-2074,-1443
-1193,111,1096,-671,-1484,-877,-429,-2144,-3347,-2538,-2068,-1432
-1204,114,1109,-676,-1491,-887,-442,-2145,-3353,-2558,-2069,-1426
-1223,116,1129,-686,-1509,-902,-457,-2149,-3364,-2582,-2076,-1425
-1245,121,1148,-693,-1529,-921,-474,-2155,-3376,-2606,-2085,-1429
-1263,132,1157,-690,-1542,-940,-489,-2158,-3384,-2622,-2093,-1431
-1272,147,1152,-673,-1541,-956,-501,-2156,-3388,-2631,-2098,-1428
-1289,158,1157,-667,-1554,-974,-518,-2160,-3399,-2644,-2111,-1432
-1298,171,1152,-652,-1557,-988,-532,-2161,-3407,-2649,-2125,-1432
-1301,184,1139,-632,-1553,-998,-543,-2158,-3409,-2652,-2136,-1429
-1302,194,1126,-614,-1549,-1004,-554,-2154,-3408,-2656,-2150,-1424
-1310,200,1124,-605,-1559,-1012,-572,-2158,-3415,-2668,-2171,-1426
-1316,210,1114,-590,-1565,-1022,-588,-2162,-3423,-2679,-2191,-1429
-1327,218,1111,-580,-1579,-1033,-611,-2172,-3436,-2691,-2213,-1438
-1341,225,1111,-574,-1599,-1045,-635,-2186,-3450,-2698,-2236,-1451
-1348,233,1102,-562,-1609,-1052,-655,-2197,-3463,-2701,-2258,-1463
-1359,237,1102,-559,-1628,-1060,-677,-2213,-3482,-2707,-2283,-1482
-1370,242,1100,-555,-1647,-1068,-696,-2230,-3500,-2706,-2307,-1499
-1377,253,1090,-541,-1657,-1078,-709,-2242,-3512,-2706,-2328,-1515
-1384,261,1082,-533,-1669,-1085,-717,-2252,-3522,-2716,-2352,-1534
-1395,267,1081,-529,-1687,-1096,-721,-2261,-3536,-2737,-2380,-1559
-1410,279,1079,-523,-1706,-1112,-721,-2270,-3552,-2755,-2409,-1588
-1416,297,1064,-503,-1710,-1127,-715,-2272,-3562,-2768,-2434,-1613
-1415,315,1042,-480,-1702,-1136,-709,-2268,-3566,-2780,-2458,-1635
-1414,331,1023,-460,-1695,-1145,-707,-2262,-3569,-2796,-2481,-1657
-1414,342,1012,-448,-1693,-1153,-708,-2261,-3574,-2815,-2504,-1679
-1421,347,1015,-450,-1703,-1160,-719,-2268,-3584,-2837,-2534,-1705
-1413,352,1004,-443,-1691,-1159,-727,-2268,-3588,-2854,-2556,-1724
-1406,349,1004,-448,-1685,-1152,-738,-2271,-3596,-2873,-2580,-1746
-1402,343,1010,-458,-1684,-1147,-751,-2279,-3604,-2887,-2600,-1764
-1402,343,1015,-464,-1682,-1147,-764,-2286,-3608,-2893,-2618,-1777
-1397,353,1007,-453,-1666,-1153,-769,-2286,-3607,-2886,-2625,-1782
-1396,362,1004,-446,-1655,-1160,-772,-2291,-3608,-2882,-2630,-1786
-1391,371,997,-435,-1636,-1166,-771,-2292,-3602,-2876,-2628,-1785
-1375,376,985,-423,-1606,-1161,-764,-2284,-3589,-2866,-2618,-1776
-1362,371,986,-426,-1585,-1153,-759,-2278,-3576,-2854,-2607,-1769
-1344,366,983,-425,-1558,-1141,-751,-2269,-3556,-2837,-2589,-1756
-1323,356,981,-429,-1529,-1124,-742,-2261,-3536,-2823,-2568,-1744
-1307,340,990,-443,-1511,-1106,-734,-2253,-3520,-2808,-2546,-1734
-1294,322,1003,-461,-1498,-1088,-726,-2244,-3504,-2791,-2521,-1725
-1279,302,1015,-479,-1484,-1068,-717,-2233,-3486,-2773,-2493,-1712
-1265,278,1033,-504,-1475,-1046,-710,-2222,-3466,-2757,-2466,-1700
-1263,251,1065,-540,-1485,-1029,-707,-2217,-3450,-2752,-2449,-1693
-1274,226,1105,-581,-1511,-1020,-707,-2216,-3441,-2756,-2442,-1691
-1287,207,1141,-616,-1538,-1017,-709,-2218,-3435,-2761,-2442,-1691
-1300,191,1171,-643,-1561,-1016,-709,-2219,-3431,-2764,-2445,-1695
-1305,182,1186,-658,-1572,-1013,-703,-2214,-3422,-2763,-2447,-1695
-1319,171,1210,-680,-1597,-1013,-702,-2217,-3421,-2772,-2456,-1698
-1330,168,1222,-690,-1615,-1018,-694,-2215,-3417,-2771,-2465,-1696
-1337,172,1222,-687,-1623,-1022,-683,-2208,-3413,-2764,-2472,-1691
-1343,177,1217,-681,-1630,-1026,-676,-2197,-3410,-2754,-2480,-1684
-1356,183,1218,-679,-1648,-1036,-677,-2190,-3411,-2746,-2489,-1682
-1368,194,1211,-668,-1661,-1048,-676,-2182,-3410,-2733,-2495,-1681
-1382,204,1207,-661,-1680,-1061,-681,-2181,-3411,-2722,-2499,-1683
-1397,212,1206,-656,-1701,-1072,-690,-2186,-3414,-2707,-2502,-1689
-1401,223,1189,-640,-1706,-1078,-696,-2188,-3414,-2690,-2500,-1688
-1408,230,1180,-631,-1718,-1083,-705,-2194,-3419,-2682,-2499,-1691
-1417,240,1170,-620,-1731,-1092,-712,-2200,-3425,-2674,-2497,-1693
-1422,254,1151,-600,-1735,-1101,-714,-2205,-3430,-2669,-2493,-1693
-1428,267,1135,-582,-1741,-1111,-716,-2211,-3436,-2670,-2488,-1695
-1442,278,1129,-572,-1758,-1124,-718,-2221,-3445,-2674,-2487,-1702
-1461,289,1128,-564,-1780,-1143,-714,-2231,-3458,-2677,-2486,-1711
-1471,303,1118,-549,-1789,-1157,-701,-2234,-3468,-2676,-2479,-1719
-1473,316,1101,-529,-1786,-1166,-684,-2231,-3474,-2676,-2471,-1725
-1474,326,1088,-514,-1784,-1173,-670,-2227,-3480,-2683,-2467,-1734
-1476,331,1084,-508,-1786,-1177,-659,-2223,-3486,-2692,-2465,-1746
-1483,330,1090,-512,-1795,-1182,-652,-2222,-3493,-2704,-2468,-1758
-1478,335,1081,-502,-1785,-1183,-641,-2216,-3493,-2708,-2465,-1764
-1477,338,1080,-499,-1781,-1186,-634,-2213,-3491,-2717,-2463,-1770
-1487,338,1093,-506,-1790,-1194,-626,-2212,-3491,-2728,-2463,-1778
-1497,343,1105,-510,-1798,-1206,-614,-2211,-3492,-2734,-2460,-1785
-1498,351,1105,-503,-1790,-1216,-599,-2206,-3491,-2739,-2450,-1786
-1501,357,1110,-501,-1785,-1225,-586,-2205,-3494,-2749,-2444,-1786
-1500,366,1110,-495,-1773,-1234,-573,-2201,-3493,-2758,-2437,-1784
-1487,369,1104,-489,-1748,-1231,-564,-2194,-3490,-2772,-2427,-1778
-1475,363,1108,-495,-1731,-1223,-559,-2187,-3489,-2789,-2422,-1774
-1458,354,1111,-502,-1709,-1210,-548,-2175,-3485,-2799,-2413,-1765
-1441,341,1118,-516,-1689,-1192,-533,-2163,-3476,-2809,-2405,-1754
-1426,319,1135,-542,-1678,-1172,-519,-2153,-3468,-2818,-2397,-1743
-1413,298,1154,-569,-1671,-1152,-503,-2140,-3458,-2823,-2387,-1732
-1398,280,1167,-590,-1659,-1133,-484,-2127,-3447,-2825,-2373,-1720
-1382,262,1177,-609,-1646,-1113,-469,-2118,-3437,-2832,-2360,-1709
-1374,244,1197,-636,-1646,-1098,-464,-2116,-3433,-2845,-2353,-1703
-1375,228,1220,-663,-1656,-1089,-462,-2119,-3434,-2857,-2351,-1701
-1380,217,1240,-685,-1670,-1087,-460,-2121,-3437,-2861,-2352,-1700
-1387,213,1254,-698,-1682,-1089,-458,-2124,-3438,-2859,-2351,-1700
-1385,211,1256,-702,-1683,-1087,-455,-2120,-3434,-2848,-2345,-1698
-1390,202,1268,-718,-1696,-1083,-456,-2122,-3436,-2838,-2341,-1698
-1389,195,1272,-726,-1703,-1078,-455,-2121,-3437,-2824,-2336,-1697
-1384,192,1266,-726,-1703,-1071,-451,-2118,-3433,-2807,-2328,-1698
-1379,191,1256,-721,-1701,-1066,-446,-2111,-3428,-2793,-2320,-1699
-1382,189,1253,-720,-1711,-1065,-449,-2109,-3428,-2788,-2319,-1706
-1383,192,1242,-712,-1715,-1064,-452,-2106,-3427,-2785,-2322,-1714
-1385,191,1235,-708,-1724,-1063,-456,-2104,-3430,-2787,-2329,-1726
-1396,195,1232,-703,-1742,-1070,-464,-2107,-3439,-2788,-2341,-1742
-1399,202,1216,-686,-1746,-1074,-473,-2107,-3447,-2786,-2350,-1755
-1403,202,1209,-679,-1756,-1074,-484,-2114,-3458,-2787,-2362,-1768
-1409,204,1203,-672,-1768,-1076,-495,-2124,-3470,-2781,-2374,-1780
-1413,208,1191,-658,-1773,-1078,-505,-2135,-3483,-2772,-2381,-1789
-1417,214,1180,-643,-1778,-1081,-513,-2145,-3496,-2769,-2387,-1795
-1427,223,1172,-629,-1788,-1091,-521,-2157,-3512,-2782,-2396,-1799
-1441,237,1164,-612,-1800,-1106,-526,-2169,-3529,-2801,-2406,-1801
-1451,257,1147,-583,-1800,-1122,-525,-2174,-3541,-2818,-2412,-1797
-1452,277,1122,-550,-1788,-1134,-521,-2174,-3546,-2834,-2414,-1787
-1451,292,1101,-523,-1775,-1141,-519,-2175,-3551,-2856,-2414,-1776
-1448,298,1089,-508,-1765,-1140,-520,-2182,-3560,-2883,-2418,-1772
-1448,292,1092,-512,-1765,-1134,-527,-2197,-3574,-2912,-2428,-1775
-1432,284,1084,-510,-1746,-1117,-529,-2203,-3581,-2929,-2434,-1779
-1414,266,1085,-521,-1730,-1092,-536,-2209,-3587,-2949,-2444,-1788
-1404,247,1096,-541,-1724,-1072,-547,-2219,-3598,-2973,-2459,-1802
-1395,232,1106,-557,-1717,-1057,-556,-2231,-3610,-2994,-2472,-1820
-1378,224,1104,-561,-1694,-1041,-558,-2237,-3614,-3005,-2478,-1834
-1365,212,1109,-573,-1679,-1026,-562,-2245,-3619,-3017,-2482,-1842
-1353,205,1112,-581,-1662,-1015,-560,-2251,-3623,-3030,-2486,-1841
-1338,200,1109,-584,-1638,-1004,-553,-2251,-3619,-3043,-2485,-1830
-1331,191,1121,-601,-1630,-996,-552,-2254,-3618,-3058,-2489,-1822
-1320,185,1125,-610,-1613,-988,-551,-2253,-3616,-3065,-2490,-1812
-1306,179,1126,-618,-1594,-979,-549,-2250,-3616,-3073,-2490,-1803
-1294,170,1133,-633,-1580,-969,-551,-2249,-3622,-3087,-2493,-1802
-1281,161,1138,-645,-1565,-958,-554,-2248,-3627,-3100,-2494,-1805
-1267,158,1134,-649,-1545,-951,-554,-2240,-3627,-3106,-2489,-1806
-1256,160,1128,-646,-1526,-949,-554,-2234,-3624,-3113,-2481,-1801
-1251,157,1132,-654,-1520,-948,-559,-2237,-3625,-3126,-2477,-1798
-1252,152,1142,-667,-1524,-948,-567,-2242,-3630,-3137,-2478,-1800
-1252,144,1154,-683,-1530,-946,-576,-2244,-3633,-3143,-2480,-1801
-1251,135,1166,-698,-1537,-943,-583,-2244,-3633,-3144,-2480,-1799
-1245,128,1168,-705,-1536,-937,-585,-2242,-3630,-3138,-2475,-1794
-1246,113,1185,-727,-1553,-930,-594,-2244,-3632,-3133,-2476,-1796
-1243,102,1193,-740,-1560,-921,-599,-2243,-3630,-3118,-2476,-1795
-1235,95,1190,-741,-1560,-913,-599,-2238,-3624,-3100,-2473,-1793
-1227,88,1186,-743,-1561,-903,-598,-2232,-3615,-3083,-2471,-1793
-1231,80,1194,-752,-1579,-901,-602,-2232,-3611,-3073,-2477,-1802
-1233,76,1195,-753,-1593,-900,-607,-2227,-3607,-3063,-2484,-1810
-1237,72,1198,-756,-1610,-899,-614,-2221,-3605,-3056,-2492,-1815
-1251,72,1205,-759,-1636,-907,-623,-2220,-3607,-3058,-2502,-1824
-1256,76,1198,-750,-1648,-912,-626,-2214,-3606,-3063,-2508,-1827
-1258,74,1196,-748,-1661,-910,-627,-2207,-3608,-3073,-2518,-1832
-1261,74,1190,-742,-1672,-910,-627,-2204,-3612,-3086,-2532,-1835
-1262,79,1177,-728,-1675,-912,-624,-2202,-3616,-3097,-2545,-1836
-1263,83,1166,-717,-1679,-913,-622,-2204,-3621,-3106,-2557,-1839
-1269,85,1162,-712,-1690,-915,-624,-2208,-3629,-3112,-2569,-1842
-1275,88,1159,-707,-1699,-918,-624,-2213,-3638,-3117,-2581,-1841
-1272,95,1142,-691,-1692,-918,-617,-2215,-3642,-3112,-2584,-1838
-1261,103,1118,-669,-1672,-913,-605,-2213,-3640,-3101,-2580,-1829
-1249,106,1098,-652,-1653,-904,-593,-2208,-3636,-3090,-2574,-1816
-1241,110,1084,-639,-1637,-899,-584,-2204,-3633,-3081,-2571,-1805
-1244,112,1083,-637,-1635,-899,-583,-2208,-3637,-3081,-2575,-1801
-1237,119,1069,-622,-1616,-897,-580,-2206,-3632,-3077,-2571,-1796
-1230,118,1064,-619,-1601,-890,-582,-2206,-3628,-3077,-2566,-1795
-1229,114,1069,-625,-1595,-884,-589,-2208,-3625,-3074,-2562,-1796
-1230,113,1075,-629,-1589,-884,-595,-2209,-3621,-3066,-2557,-1796
-1221,115,1069,-624,-1567,-878,-595,-2201,-3611,-3047,-2547,-1789
-1211,110,1069,-628,-1548,-867,-594,-2191,-3599,-3029,-2534,-1778
-1196,103,1065,-631,-1523,-853,-588,-2177,-3585,-3013,-2516,-1766
-1173,98,1053,-627,-1486,-835,-579,-2157,-3565,-3001,-2490,-1752
-1161,92,1054,-634,-1467,-824,-573,-2143,-3551,-2999,-2469,-1743
-1148,90,1050,-635,-1444,-815,-566,-2126,-3536,-2997,-2449,-1729
-1134,86,1046,-637,-1420,-805,-559,-2110,-3521,-2994,-2429,-1716
-1124,77,1051,-649,-1407,-794,-559,-2096,-3512,-2995,-2415,-1704
-1118,69,1058,-663,-1399,-787,-561,-2084,-3508,-3000,-2405,-1693
-1109,64,1059,-670,-1387,-780,-566,-2076,-3506,-3004,-2395,-1681
