aVF,aVL,aVR,I,II,III,V1,V2,V3,V4,V5,V6
0,0,0,0,0,0,0,0,0,0,0,0
0,-1,0,-1,0,0,0,2,1,1,-3,0
-2,0,1,-1,-2,-2,-3,7,2,-2,-9,1
-6,3,1,1,-5,-7,-7,18,2,-9,-16,1
-8,14,-9,15,1,-16,-7,33,0,-19,-25,-2
-8,29,-25,37,12,-27,-4,49,-2,-31,-35,-7
-8,52,-48,68,28,-44,4,70,-1,-41,-43,-13
-8,75,-73,101,46,-60,22,96,6,-45,-49,-19
-4,96,-99,132,66,-73,49,126,17,-46,-54,-27
2,115,-126,164,89,-85,86,159,32,-46,-61,-38
5,131,-147,190,106,-96,119,187,44,-57,-74,-54
10,145,-169,215,125,-103,155,215,58,-64,-89,-72
14,155,-185,233,140,-109,193,238,71,-70,-108,-95
17,163,-199,249,152,-114,234,257,85,-73,-126,-118
25,173,-219,269,171,-118,281,277,106,-68,-140,-140
32,184,-239,291,190,-122,335,296,135,-55,-155,-162
40,198,-262,316,211,-126,391,313,172,-36,-172,-186
48,212,-285,341,232,-129,443,329,214,-13,-191,-210
52,230,-305,366,247,-138,497,344,261,17,-213,-235
57,257,-337,405,271,-151,561,363,320,56,-233,-260
65,291,-376,452,301,-166,630,377,381,91,-252,-286
74,326,-417,501,333,-180,700,388,442,122,-274,-313
86,360,-458,550,368,-191,771,397,500,154,-298,-341
94,395,-497,598,397,-205,843,401,558,182,-327,-368
98,428,-528,638,419,-220,910,400,612,198,-360,-398
103,456,-555,673,438,-231,973,395,656,206,-399,-430
102,479,-571,697,446,-243,1032,383,688,200,-441,-462
94,497,-575,709,441,-256,1086,369,708,186,-489,-495
82,509,-570,711,428,-268,1134,353,714,164,-542,-530
72,511,-557,702,410,-272,1180,336,708,136,-600,-561
65,508,-544,689,395,-272,1226,320,698,112,-657,-591
56,498,-521,666,372,-269,1272,304,680,83,-716,-617
47,483,-496,638,348,-264,1316,293,659,56,-772,-637
38,464,-467,605,322,-257,1353,281,632,27,-824,-657
22,441,-430,564,286,-253,1377,269,600,-4,-877,-677
1,419,-387,520,243,-253,1391,259,564,-36,-929,-693
-20,394,-343,474,199,-254,1398,252,525,-68,-976,-705
-39,367,-299,427,158,-252,1397,249,487,-97,-1017,-714
-58,339,-256,381,117,-251,1387,248,450,-130,-1052,-718
-85,305,-199,321,62,-251,1368,248,409,-175,-1089,-720
-114,269,-137,256,2,-253,1347,249,365,-220,-1124,-722
-141,229,-74,189,-56,-250,1327,252,317,-265,-1157,-725
-166,192,-17,128,-109,-248,1306,255,268,-311,-1190,-728
-191,161,36,73,-160,-250,1283,259,217,-362,-1223,-732
-213,136,79,30,-202,-253,1261,265,166,-409,-1252,-736
-232,116,116,-7,-238,-258,1240,270,116,-454,-1278,-738
-252,108,142,-29,-267,-270,1226,276,70,-493,-1300,-739
-273,107,162,-41,-293,-286,1216,284,28,-526,-1321,-740
-296,109,182,-52,-320,-305,1212,289,-12,-558,-1342,-742
-317,113,198,-58,-344,-323,1211,293,-49,-585,-1363,-747
-340,122,212,-60,-368,-344,1206,296,-86,-611,-1382,-753
-359,138,214,-49,-381,-367,1207,299,-117,-625,-1395,-759
-377,160,211,-31,-391,-392,1213,299,-144,-631,-1405,-766
-395,185,204,-9,-399,-417,1219,299,-163,-632,-1411,-772
-408,211,192,18,-400,-440,1229,300,-176,-627,-1415,-776
-422,234,184,40,-404,-460,1242,298,-184,-615,-1419,-783
-435,250,183,53,-414,-474,1257,293,-189,-600,-1425,-790
-448,264,183,64,-422,-486,1273,283,-195,-584,-1434,-799
-457,278,179,77,-427,-496,1293,271,-198,-561,-1445,-810
-459,303,156,110,-414,-506,1322,266,-191,-521,-1453,-819
-458,336,122,155,-391,-520,1357,268,-173,-478,-1459,-828
-456,375,82,209,-364,-538,1392,270,-153,-438,-1467,-839
-455,414,41,263,-336,-557,1426,271,-133,-403,-1478,-855
-460,453,5,313,-315,-580,1459,267,-113,-371,-1488,-874
-466,485,-22,353,-301,-600,1492,260,-92,-342,-1500,-894
-473,512,-44,385,-291,-617,1523,249,-72,-317,-1516,-916
-482,531,-56,405,-287,-631,1550,234,-56,-303,-1537,-940
-493,543,-59,415,-291,-643,1572,216,-48,-293,-1559,-967
-500,545,-56,414,-296,-648,1590,194,-45,-289,-1582,-997
-506,539,-47,402,-304,-646,1601,170,-52,-289,-1606,-1026
-509,532,-39,391,-310,-644,1611,144,-62,-284,-1630,-1055
-519,525,-23,373,-325,-647,1616,118,-81,-287,-1659,-1083
-532,520,-6,356,-344,-656,1622,92,-104,-295,-1689,-1110
-544,511,15,334,-365,-663,1627,64,-133,-310,-1723,-1138
-561,496,48,300,-398,-671,1628,30,-176,-343,-1763,-1168
-578,477,86,259,-435,-677,1627,-3,-225,-382,-1804,-1196
-594,453,127,214,-472,-680,1626,-34,-281,-420,-1845,-1221
-608,430,167,168,-509,-683,1623,-62,-340,-461,-1883,-1245
-620,409,204,127,-542,-687,1616,-86,-403,-504,-1919,-1269
-637,382,252,74,-587,-690,1598,-112,-473,-556,-1956,-1295
-652,350,303,16,-632,-688,1571,-137,-547,-611,-1991,-1319
-661,318,350,-39,-672,-683,1539,-162,-624,-664,-2023,-1342
-663,284,392,-91,-703,-670,1505,-186,-700,-714,-2052,-1365
-663,250,430,-141,-730,-656,1470,-206,-772,-761,-2079,-1389
-661,223,461,-181,-751,-643,1437,-225,-837,-802,-2105,-1411
-658,195,490,-219,-770,-627,1404,-242,-897,-839,-2131,-1436
-654,168,516,-254,-787,-611,1374,-257,-949,-865,-2152,-1458
-651,149,536,-280,-800,-599,1344,-268,-992,-882,-2168,-1478
-652,140,547,-292,-809,-595,1312,-277,-1027,-891,-2179,-1497
-650,145,540,-283,-804,-596,1280,-282,-1048,-891,-2183,-1512
-644,158,521,-258,-788,-599,1245,-283,-1058,-883,-2179,-1520
-630,177,486,-219,-755,-599,1214,-278,-1052,-859,-2168,-1523
-616,196,450,-179,-721,-597,1189,-268,-1031,-824,-2153,-1523
-600,213,413,-140,-685,-592,1171,-252,-1000,-781,-2134,-1520
-579,228,370,-97,-641,-581,1161,-232,-959,-733,-2110,-1514
-559,236,335,-64,-602,-565,1158,-214,-913,-685,-2087,-1508
-543,237,311,-43,-574,-547,1161,-197,-866,-638,-2067,-1505
-532,234,295,-29,-554,-528,1166,-182,-818,-595,-2050,-1501
-527,233,283,-17,-539,-513,1172,-172,-773,-556,-2040,-1499
-518,240,257,9,-513,-502,1181,-160,-726,-513,-2033,-1496
-511,254,229,41,-487,-497,1189,-148,-680,-475,-2029,-1494
-511,271,203,73,-468,-500,1191,-141,-637,-446,-2033,-1497
-515,288,182,100,-454,-505,1179,-141,-600,-427,-2045,-1506
-518,302,165,123,-443,-511,1162,-145,-564,-409,-2060,-1520
-526,316,155,139,-440,-519,1139,-150,-529,-396,-2073,-1537
-538,330,149,154,-442,-532,1114,-156,-494,-385,-2085,-1552
-551,346,145,165,-448,-548,1085,-162,-465,-377,-2099,-1569
-562,358,145,173,-455,-562,1050,-170,-442,-371,-2116,-1585
-573,370,147,176,-464,-578,1010,-176,-424,-371,-2133,-1603
-586,378,155,173,-480,-593,968,-182,-411,-381,-2150,-1622
-595,383,164,167,-493,-605,932,-189,-402,-393,-2166,-1641
-604,382,181,151,-512,-614,899,-195,-402,-415,-2186,-1657
-613,383,196,137,-531,-626,873,-198,-406,-436,-2206,-1672
-623,387,211,125,-550,-642,852,-205,-418,-464,-2228,-1692
-639,388,235,105,-580,-660,829,-214,-442,-506,-2259,-1719
-654,387,260,83,-610,-676,807,-224,-471,-553,-2293,-1747
-663,384,282,62,-635,-689,787,-231,-501,-601,-2327,-1774
-670,381,300,44,-654,-699,774,-235,-531,-647,-2360,-1801
-671,376,315,26,-668,-703,767,-232,-557,-693,-2388,-1826
-674,359,342,-7,-691,-702,756,-229,-587,-747,-2418,-1852
-678,335,376,-49,-719,-695,742,-221,-615,-798,-2446,-1877
-681,306,412,-94,-746,-683,728,-209,-641,-842,-2474,-1903
-683,280,443,-135,-770,-671,712,-194,-664,-883,-2501,-1928
-684,254,472,-172,-790,-658,694,-176,-679,-923,-2527,-1951
-682,231,492,-201,-802,-644,674,-156,-685,-958,-2550,-1971
-679,213,507,-224,-810,-631,656,-133,-684,-987,-2569,-1986
-674,199,513,-236,-810,-618,641,-106,-676,-1011,-2585,-1999
-669,192,511,-239,-804,-609,630,-79,-660,-1031,-2594,-2012
-670,194,505,-231,-799,-609,623,-49,-639,-1043,-2597,-2023
-676,206,492,-213,-792,-617,620,-16,-614,-1046,-2592,-2033
-687,221,482,-193,-790,-630,617,19,-590,-1051,-2580,-2041
-692,240,462,-165,-777,-641,617,54,-559,-1045,-2562,-2046
-697,254,445,-141,-766,-647,622,90,-524,-1032,-2538,-2047
-702,265,431,-121,-757,-652,632,127,-486,-1013,-2509,-2047
-703,274,416,-102,-745,-652,646,166,-447,-990,-2478,-2047
-704,281,404,-86,-735,-650,668,204,-412,-968,-2448,-2048
-711,286,401,-76,-735,-652,696,243,-383,-951,-2418,-2051
-723,289,405,-74,-743,-656,725,282,-358,-932,-2387,-2052
-737,292,412,-73,-755,-662,756,320,-338,-914,-2360,-2053
-739,298,405,-61,-749,-663,796,359,-315,-888,-2330,-2055
-734,308,388,-40,-734,-662,841,398,-290,-859,-2300,-2056
-729,322,368,-15,-717,-664,885,436,-266,-836,-2275,-2059
-720,334,347,9,-696,-664,927,472,-245,-821,-2256,-2064
-706,347,321,37,-670,-663,969,505,-226,-802,-2238,-2071
-690,361,294,65,-642,-662,1010,535,-213,-785,-2221,-2079
-674,376,266,93,-614,-662,1052,566,-204,-772,-2209,-2088
-662,390,244,117,-594,-666,1089,593,-202,-765,-2201,-2100
-653,404,227,138,-579,-673,1120,616,-206,-763,-2199,-2115
-647,416,212,154,-567,-682,1145,638,-212,-764,-2200,-2130
-643,426,205,164,-562,-691,1162,660,-220,-772,-2207,-2146
-639,434,198,172,-558,-699,1181,684,-221,-774,-2213,-2161
-636,439,196,174,-558,-707,1197,711,-219,-782,-2221,-2174
-633,445,192,178,-556,-716,1208,741,-214,-792,-2228,-2184
-632,449,191,179,-557,-725,1212,770,-205,-809,-2239,-2190
-639,450,201,169,-571,-736,1205,793,-197,-834,-2253,-2199
-647,446,217,153,-589,-745,1187,813,-186,-861,-2269,-2211
-652,437,234,132,-606,-748,1163,832,-170,-883,-2285,-2223
-660,429,252,112,-623,-752,1138,850,-147,-899,-2297,-2234
-665,421,267,94,-637,-754,1112,872,-117,-912,-2305,-2245
-675,410,288,70,-658,-756,1081,893,-83,-930,-2312,-2255
-684,403,304,52,-675,-759,1046,915,-48,-951,-2319,-2262
-695,398,320,36,-692,-764,1010,939,-8,-967,-2322,-2271
-706,390,339,16,-712,-765,973,964,41,-976,-2325,-2278
-716,376,361,-10,-733,-761,931,992,95,-989,-2326,-2282
-723,359,383,-37,-751,-753,885,1022,150,-1003,-2325,-2284
-733,343,407,-65,-772,-745,833,1052,206,-1019,-2324,-2285
-744,325,433,-95,-795,-737,779,1080,262,-1039,-2324,-2288
-755,306,460,-125,-819,-728,725,1105,313,-1069,-2327,-2295
-768,289,487,-155,-844,-720,678,1129,360,-1101,-2330,-2307
-784,277,511,-178,-869,-718,641,1153,401,-1128,-2330,-2319
-806,270,536,-199,-899,-722,611,1175,434,-1159,-2328,-2329
-826,268,553,-210,-922,-729,589,1194,461,-1185,-2323,-2339
-842,268,566,-218,-940,-734,578,1212,480,-1206,-2317,-2349
-855,270,573,-220,-952,-739,574,1228,490,-1222,-2308,-2360
-861,274,571,-214,-953,-741,581,1246,498,-1231,-2296,-2369
-862,273,569,-211,-952,-737,593,1265,503,-1235,-2282,-2376
-863,267,574,-216,-955,-730,606,1283,505,-1235,-2267,-2383
-864,262,578,-219,-958,-725,620,1297,504,-1231,-2251,-2388
-864,263,577,-215,-958,-724,635,1311,502,-1219,-2233,-2389
-856,275,556,-190,-939,-726,661,1329,502,-1190,-2206,-2382
-844,292,527,-156,-913,-730,693,1349,502,-1157,-2178,-2374
-832,314,493,-117,-883,-737,731,1370,502,-1127,-2150,-2364
-821,338,459,-75,-854,-748,771,1390,499,-1099,-2125,-2357
-815,360,432,-38,-833,-763,820,1407,493,-1070,-2104,-2351
-813,376,416,-15,-822,-775,870,1420,482,-1052,-2089,-2350
-813,386,407,1,-816,-787,917,1430,468,-1038,-2077,-2351
-817,397,402,13,-816,-801,961,1438,455,-1027,-2067,-2351
-823,407,399,25,-819,-817,1002,1446,445,-1016,-2059,-2349
-827,417,396,35,-821,-832,1042,1457,440,-1005,-2052,-2346
-829,422,395,39,-822,-841,1076,1470,440,-991,-2045,-2340
-828,426,392,44,-820,-848,1110,1480,443,-969,-2036,-2337
-832,430,395,44,-825,-858,1138,1482,445,-953,-2033,-2335
-833,431,397,43,-828,-864,1162,1480,445,-941,-2034,-2333
-831,428,401,37,-830,-863,1184,1475,443,-930,-2038,-2332
-831,420,412,22,-837,-860,1201,1467,439,-922,-2048,-2332
-829,413,421,10,-842,-856,1215,1459,435,-915,-2062,-2332
-827,415,420,8,-840,-857,1224,1452,434,-902,-2076,-2331
-820,423,408,18,-828,-857,1227,1445,434,-890,-2090,-2329
-811,436,388,36,-808,-858,1226,1444,439,-878,-2101,-2324
-807,441,381,41,-801,-856,1212,1441,440,-874,-2113,-2319
-802,437,382,33,-798,-847,1191,1438,439,-872,-2126,-2315
-799,426,389,18,-801,-834,1166,1434,433,-869,-2144,-2312
-799,417,399,1,-808,-823,1136,1428,426,-863,-2164,-2311
-804,406,414,-20,-820,-814,1099,1421,416,-862,-2186,-2311
-804,390,428,-43,-830,-799,1060,1415,407,-858,-2207,-2310
-802,367,447,-74,-840,-776,1024,1413,401,-847,-2229,-2305
-796,341,464,-104,-847,-749,994,1414,397,-832,-2249,-2299
-787,318,476,-130,-849,-722,968,1417,392,-818,-2268,-2293
-778,297,483,-150,-848,-697,943,1418,387,-809,-2287,-2285
-769,283,484,-161,-841,-677,923,1419,380,-797,-2305,-2278
-764,272,486,-170,-839,-662,901,1421,372,-794,-2322,-2272
-756,264,482,-172,-830,-648,880,1425,368,-786,-2338,-2263
-748,254,480,-177,-823,-634,860,1427,367,-777,-2353,-2255
-741,239,485,-188,-821,-619,839,1428,372,-764,-2367,-2249
-735,229,486,-194,-818,-607,817,1433,382,-746,-2376,-2242
-729,222,485,-195,-813,-600,794,1440,399,-726,-2382,-2234
-724,217,484,-195,-809,-596,770,1448,420,-704,-2389,-2223
-720,210,486,-198,-808,-593,744,1456,441,-680,-2397,-2210
-720,208,489,-198,-811,-596,720,1461,462,-648,-2408,-2196
-713,212,480,-185,-800,-600,703,1466,486,-609,-2420,-2181
-702,219,465,-167,-784,-604,686,1469,508,-574,-2433,-2171
-690,224,451,-151,-767,-605,667,1472,528,-549,-2446,-2164
-675,227,438,-136,-748,-604,644,1475,549,-527,-2459,-2155
-661,232,424,-120,-731,-606,618,1475,573,-503,-2470,-2149
-648,237,411,-105,-715,-608,584,1471,594,-487,-2486,-2147
-635,241,400,-93,-699,-608,540,1463,613,-476,-2505,-2149
-623,239,396,-88,-689,-606,491,1450,627,-472,-2526,-2151
-613,236,395,-88,-683,-604,442,1434,637,-468,-2547,-2154
-602,231,395,-90,-677,-598,396,1415,641,-469,-2569,-2157
-592,220,401,-100,-675,-589,351,1386,634,-476,-2593,-2161
-582,208,407,-112,-673,-577,311,1352,617,-480,-2618,-2168
-581,196,421,-129,-682,-571,269,1313,586,-484,-2643,-2173
-583,189,432,-141,-691,-569,231,1276,546,-484,-2664,-2174
-584,187,437,-147,-694,-568,197,1240,500,-477,-2681,-2173
-592,187,444,-153,-703,-572,163,1198,445,-470,-2697,-2173
-600,190,449,-157,-711,-577,130,1155,382,-466,-2711,-2172
-606,193,450,-157,-714,-579,99,1116,313,-464,-2724,-2170
-612,197,448,-157,-716,-580,70,1078,239,-467,-2735,-2167
-616,200,446,-156,-715,-579,44,1043,161,-476,-2745,-2161
-628,197,457,-169,-730,-579,8,1004,80,-496,-2757,-2154
-644,189,476,-190,-751,-577,-35,964,-4,-522,-2771,-2147
-656,176,496,-215,-770,-569,-76,922,-89,-550,-2786,-2142
-663,159,515,-243,-786,-556,-116,874,-177,-580,-2801,-2139
-671,141,535,-271,-803,-542,-157,824,-263,-609,-2817,-2135
-674,124,549,-294,-813,-526,-198,776,-347,-636,-2832,-2130
-670,107,556,-313,-814,-505,-237,729,-425,-655,-2847,-2124
-660,97,550,-318,-802,-485,-273,683,-496,-667,-2861,-2116
-644,92,533,-313,-779,-466,-304,640,-559,-672,-2873,-2107
-628,90,515,-304,-756,-449,-329,600,-612,-667,-2881,-2095
-612,87,498,-295,-732,-432,-351,562,-657,-658,-2885,-2082
-600,83,487,-292,-717,-418,-377,523,-701,-657,-2891,-2069
-585,78,475,-287,-698,-402,-402,488,-736,-650,-2894,-2055
-568,67,468,-290,-682,-382,-428,450,-763,-641,-2896,-2045
-551,54,464,-295,-668,-361,-453,414,-783,-634,-2900,-2036
-530,44,454,-294,-648,-341,-475,380,-797,-624,-2902,-2026
-508,35,443,-290,-626,-322,-495,350,-806,-611,-2904,-2016
-485,27,431,-285,-603,-304,-514,321,-811,-597,-2907,-2008
-461,22,416,-276,-577,-288,-529,293,-815,-587,-2915,-1999
-436,19,399,-263,-550,-274,-540,266,-815,-574,-2926,-1990
-405,21,371,-239,-511,-260,-544,243,-811,-549,-2933,-1981
-371,21,342,-216,-471,-243,-543,220,-807,-520,-2936,-1971
-338,18,317,-198,-433,-224,-542,195,-803,-488,-2934,-1961
-305,14,294,-181,-396,-205,-542,167,-800,-454,-2926,-1952
-275,8,275,-169,-364,-187,-539,138,-800,-416,-2914,-1943
-251,3,262,-161,-340,-172,-531,110,-804,-378,-2903,-1938
-231,-4,254,-157,-322,-160,-518,84,-812,-343,-2893,-1933
-215,-14,251,-160,-310,-147,-502,57,-823,-311,-2883,-1929
-201,-26,254,-168,-303,-134,-481,31,-834,-280,-2874,-1926
-191,-37,259,-178,-301,-124,-455,9,-846,-250,-2865,-1922
-187,-46,265,-187,-302,-119,-432,-14,-862,-231,-2857,-1918
-181,-50,266,-190,-300,-115,-404,-37,-881,-212,-2848,-1914
-181,-53,271,-196,-304,-114,-378,-64,-905,-192,-2841,-1911
-183,-52,273,-198,-306,-118,-347,-89,-930,-168,-2835,-1908
-186,-46,269,-192,-306,-124,-315,-113,-953,-140,-2826,-1904
-195,-37,268,-187,-312,-136,-286,-138,-979,-121,-2819,-1903
-205,-23,263,-176,-315,-150,-258,-162,-1005,-103,-2814,-1903
-213,-6,252,-160,-313,-164,-231,-186,-1031,-87,-2810,-1903
-219,11,237,-140,-307,-177,-208,-209,-1055,-72,-2806,-1907
-220,27,217,-119,-295,-184,-186,-231,-1077,-66,-2801,-1909
-228,37,209,-109,-294,-192,-172,-257,-1098,-67,-2795,-1916
-235,45,202,-101,-294,-197,-159,-278,-1115,-64,-2787,-1920
-239,51,193,-94,-291,-199,-145,-297,-1127,-55,-2777,-1921
-238,53,185,-89,-285,-194,-131,-316,-1138,-48,-2770,-1923
-237,49,180,-89,-281,-186,-119,-335,-1148,-46,-2765,-1924
-236,44,177,-92,-278,-176,-105,-352,-1159,-47,-2763,-1921
-234,36,177,-99,-276,-164,-90,-370,-1170,-51,-2764,-1920
-229,24,177,-108,-272,-148,-72,-385,-1179,-55,-2768,-1919
-220,9,176,-118,-265,-126,-54,-401,-1189,-59,-2772,-1916
-209,-11,180,-133,-259,-102,-35,-417,-1199,-61,-2774,-1912
-197,-32,183,-149,-252,-76,-19,-433,-1210,-60,-2775,-1907
-188,-53,192,-169,-251,-53,-11,-453,-1225,-67,-2780,-1903
-179,-67,195,-180,-246,-35,-3,-471,-1236,-66,-2785,-1899
-174,-77,197,-187,-242,-23,7,-485,-1243,-60,-2789,-1898
-174,-78,197,-187,-241,-22,15,-499,-1250,-56,-2790,-1895
-170,-71,187,-175,-231,-25,22,-509,-1255,-47,-2786,-1889
-163,-66,176,-163,-218,-25,29,-521,-1264,-39,-2782,-1883
-156,-66,172,-158,-210,-23,30,-535,-1276,-35,-2781,-1878
-150,-68,172,-159,-205,-20,27,-551,-1291,-35,-2781,-1874
-145,-72,177,-163,-206,-19,23,-568,-1303,-29,-2779,-1869
-135,-71,171,-156,-195,-19,25,-582,-1308,-12,-2771,-1864
-126,-65,164,-146,-185,-22,29,-595,-1308,7,-2762,-1858
-118,-57,156,-134,-175,-28,26,-608,-1307,22,-2753,-1853
-107,-49,147,-121,-162,-33,19,-622,-1302,30,-2747,-1848
-94,-42,136,-107,-147,-36,11,-637,-1293,39,-2742,-1841
-81,-39,130,-100,-135,-36,2,-650,-1281,51,-2735,-1833
-69,-37,125,-93,-125,-36,-8,-662,-1266,59,-2728,-1825
-57,-33,119,-86,-113,-37,-19,-676,-1252,65,-2722,-1820
-44,-28,109,-75,-99,-37,-32,-694,-1234,73,-2717,-1816
-29,-21,96,-61,-80,-38,-47,-715,-1212,81,-2713,-1812
-17,-15,85,-50,-66,-39,-67,-738,-1190,87,-2708,-1808
-6,-11,76,-41,-53,-40,-86,-760,-1165,101,-2704,-1805
-1,-13,78,-45,-52,-39,-111,-783,-1142,113,-2703,-1806
2,-20,85,-54,-55,-35,-135,-803,-1116,129,-2703,-1806
1,-28,96,-68,-63,-33,-159,-821,-1086,147,-2705,-1806
-7,-39,115,-89,-81,-33,-189,-847,-1063,158,-2713,-1810
-14,-49,130,-108,-96,-32,-224,-877,-1044,162,-2724,-1817
-18,-55,137,-118,-103,-31,-258,-909,-1027,166,-2737,-1825
-19,-57,136,-121,-103,-28,-289,-938,-1010,173,-2747,-1832
-18,-58,129,-120,-98,-25,-317,-965,-990,181,-2758,-1838
-22,-65,134,-131,-103,-19,-350,-996,-975,179,-2773,-1847
-31,-75,144,-148,-116,-14,-384,-1026,-964,181,-2786,-1853
-39,-87,156,-167,-129,-7,-414,-1054,-951,192,-2797,-1855
-41,-102,163,-185,-136,6,-440,-1080,-939,209,-2802,-1854
-36,-115,163,-198,-133,24,-465,-1104,-929,225,-2803,-1851
-29,-126,157,-204,-125,43,-487,-1129,-925,243,-2801,-1846
-24,-132,149,-206,-117,56,-506,-1151,-925,259,-2797,-1844
-20,-135,139,-203,-108,67,-524,-1171,-924,277,-2793,-1840
-14,-138,127,-199,-96,80,-541,-1190,-926,292,-2789,-1836
-9,-144,121,-200,-90,93,-562,-1211,-931,301,-2787,-1833
-6,-153,119,-206,-87,107,-585,-1232,-935,313,-2786,-1829
-7,-167,127,-221,-94,121,-610,-1253,-940,322,-2785,-1824
-2,-182,132,-233,-94,139,-628,-1268,-938,338,-2778,-1816
4,-194,133,-242,-91,155,-639,-1281,-933,361,-2769,-1805
13,-204,130,-244,-83,170,-644,-1291,-924,389,-2757,-1790
27,-208,118,-237,-66,185,-646,-1295,-915,422,-2743,-1773
41,-211,105,-228,-47,197,-647,-1299,-906,451,-2730,-1757
51,-212,96,-221,-34,205,-648,-1308,-903,473,-2721,-1745
55,-212,94,-216,-29,207,-649,-1321,-903,493,-2718,-1731
54,-210,95,-213,-31,203,-649,-1339,-906,513,-2717,-1716
59,-199,83,-194,-19,196,-642,-1359,-909,533,-2714,-1702
65,-180,63,-166,-1,184,-629,-1380,-912,550,-2711,-1690
68,-157,43,-134,15,168,-616,-1401,-920,558,-2712,-1683
73,-136,25,-105,31,153,-606,-1422,-929,562,-2718,-1679
78,-117,8,-80,46,140,-595,-1444,-937,573,-2725,-1678
82,-101,-4,-58,57,127,-580,-1465,-942,589,-2733,-1679
85,-83,-16,-37,67,113,-562,-1481,-942,610,-2741,-1681
85,-67,-23,-20,72,98,-547,-1499,-941,631,-2749,-1685
83,-52,-28,-6,74,82,-537,-1518,-940,655,-2755,-1689
82,-35,-36,11,79,67,-530,-1540,-939,679,-2762,-1692
81,-18,-43,28,83,51,-528,-1564,-941,705,-2770,-1693
78,-1,-50,44,86,34,-523,-1588,-941,739,-2776,-1693
70,8,-46,48,78,19,-521,-1614,-946,766,-2784,-1694
63,12,-36,43,66,9,-519,-1639,-951,792,-2791,-1693
54,13,-24,35,52,0,-516,-1662,-956,823,-2795,-1690
40,13,-7,23,30,-12,-517,-1689,-963,851,-2800,-1690
32,14,2,15,18,-19,-514,-1714,-974,878,-2805,-1689
34,12,2,12,18,-18,-507,-1736,-987,907,-2807,-1686
46,7,-4,11,30,-7,-495,-1755,-999,939,-2809,-1678
63,0,-16,12,48,8,-479,-1770,-1008,970,-2805,-1668
71,-9,-19,6,55,20,-467,-1789,-1021,988,-2802,-1657
78,-18,-20,-1,59,32,-460,-1808,-1037,1004,-2799,-1647
85,-26,-24,-6,65,44,-455,-1825,-1051,1023,-2797,-1636
92,-33,-30,-9,73,56,-448,-1842,-1063,1044,-2794,-1626
98,-37,-38,-8,82,65,-440,-1860,-1072,1062,-2792,-1617
104,-37,-52,1,96,73,-432,-1876,-1077,1079,-2786,-1607
110,-34,-69,13,112,78,-427,-1892,-1077,1095,-2781,-1600
117,-31,-87,27,128,84,-424,-1906,-1074,1109,-2774,-1592
124,-29,-105,40,146,91,-425,-1918,-1066,1121,-2767,-1583
130,-29,-119,51,160,98,-430,-1927,-1056,1133,-2760,-1574
133,-27,-133,62,173,103,-438,-1935,-1039,1146,-2753,-1568
130,-25,-141,70,177,103,-454,-1941,-1020,1151,-2746,-1562
128,-21,-151,81,184,103,-471,-1943,-995,1159,-2736,-1557
124,-20,-157,87,187,103,-489,-1941,-965,1168,-2725,-1552
120,-24,-155,84,185,106,-508,-1935,-931,1174,-2717,-1547
119,-32,-152,78,183,113,-524,-1921,-894,1186,-2708,-1539
118,-44,-142,65,176,123,-538,-1903,-856,1197,-2700,-1531
114,-58,-128,47,165,131,-551,-1887,-818,1206,-2694,-1523
110,-71,-111,29,151,137,-566,-1871,-779,1216,-2687,-1513
102,-80,-93,12,134,139,-580,-1857,-738,1233,-2680,-1504
100,-80,-88,8,129,138,-590,-1838,-690,1257,-2667,-1493
101,-80,-86,8,129,138,-596,-1817,-637,1282,-2651,-1483
107,-80,-86,8,131,141,-604,-1793,-581,1307,-2634,-1472
115,-76,-89,12,138,143,-610,-1767,-519,1334,-2613,-1461
124,-65,-101,26,151,141,-609,-1739,-455,1363,-2587,-1450
133,-50,-115,45,165,135,-606,-1711,-391,1395,-2558,-1441
141,-29,-132,69,181,125,-601,-1681,-327,1430,-2524,-1431
151,-7,-151,95,200,115,-594,-1649,-262,1465,-2488,-1419
160,16,-172,123,219,104,-586,-1613,-197,1499,-2449,-1406
171,41,-196,155,241,92,-579,-1573,-131,1532,-2409,-1391
180,65,-218,184,261,80,-576,-1531,-71,1563,-2369,-1377
188,91,-241,216,282,67,-571,-1491,-13,1592,-2331,-1368
190,111,-255,237,293,53,-568,-1456,39,1614,-2298,-1365
191,127,-265,254,300,41,-566,-1425,87,1632,-2265,-1362
191,140,-271,267,305,31,-564,-1398,126,1647,-2234,-1360
181,150,-267,270,296,17,-564,-1376,154,1653,-2207,-1360
171,158,-261,271,286,4,-564,-1358,172,1655,-2181,-1363
162,163,-257,272,279,-6,-559,-1340,186,1659,-2156,-1363
152,170,-255,276,272,-19,-548,-1324,195,1664,-2131,-1365
141,179,-256,283,267,-32,-534,-1307,201,1666,-2104,-1365
121,183,-245,279,247,-48,-523,-1293,200,1660,-2082,-1367
102,180,-228,266,223,-60,-515,-1279,192,1648,-2061,-1367
86,173,-211,251,202,-65,-504,-1266,179,1634,-2043,-1366
69,166,-195,237,180,-72,-490,-1250,163,1621,-2028,-1364
51,158,-178,221,158,-79,-477,-1233,145,1600,-2016,-1362
36,150,-164,206,138,-83,-467,-1214,122,1574,-2007,-1358
22,141,-149,192,119,-87,-457,-1194,98,1548,-2001,-1354
8,133,-138,180,102,-91,-445,-1173,73,1523,-1993,-1347
-2,128,-131,172,90,-93,-429,-1152,48,1498,-1981,-1340
-12,122,-124,164,79,-94,-410,-1133,23,1477,-1968,-1334
-19,117,-120,158,71,-94,-385,-1112,3,1462,-1951,-1329
-29,112,-113,151,59,-97,-364,-1093,-20,1438,-1936,-1323
-35,110,-111,150,54,-97,-344,-1071,-39,1414,-1920,-1315
-40,109,-111,149,51,-98,-327,-1051,-53,1391,-1904,-1308
-48,112,-111,151,45,-103,-314,-1032,-67,1368,-1888,-1301
-52,119,-117,161,47,-108,-303,-1010,-79,1345,-1870,-1294
-54,127,-125,173,51,-113,-293,-986,-89,1319,-1854,-1286
-55,133,-130,181,54,-116,-287,-965,-99,1291,-1839,-1278
-54,136,-134,187,58,-116,-286,-946,-109,1261,-1828,-1272
-53,140,-137,192,60,-117,-287,-928,-116,1236,-1819,-1269
-47,151,-151,209,74,-119,-282,-907,-113,1222,-1806,-1267
-38,163,-168,229,92,-121,-274,-887,-101,1207,-1792,-1267
-28,173,-184,248,109,-121,-268,-866,-88,1186,-1776,-1270
-17,182,-199,265,127,-120,-260,-843,-72,1165,-1757,-1272
-7,194,-215,283,144,-121,-245,-817,-55,1149,-1737,-1276
2,204,-228,299,160,-122,-226,-791,-41,1136,-1716,-1280
16,208,-241,311,177,-117,-205,-766,-32,1126,-1695,-1283
31,211,-252,320,194,-110,-184,-745,-28,1115,-1675,-1287
41,216,-260,328,206,-108,-160,-723,-27,1108,-1655,-1293
50,219,-268,335,217,-106,-133,-701,-32,1098,-1636,-1301
62,217,-272,335,227,-98,-106,-681,-44,1080,-1620,-1309
74,216,-277,337,239,-91,-77,-662,-57,1070,-1605,-1316
80,213,-275,332,241,-87,-49,-644,-73,1055,-1593,-1325
83,213,-275,330,242,-87,-22,-622,-89,1042,-1581,-1331
88,215,-279,332,247,-88,5,-599,-105,1027,-1568,-1334
86,217,-276,330,243,-93,28,-582,-126,1006,-1561,-1342
79,224,-275,331,238,-104,53,-565,-151,986,-1557,-1353
73,232,-276,335,234,-115,79,-546,-177,972,-1552,-1363
69,237,-278,337,232,-122,107,-525,-199,968,-1545,-1372
66,242,-280,339,230,-128,134,-503,-219,961,-1536,-1381
52,239,-265,325,210,-136,152,-484,-243,944,-1532,-1392
32,230,-239,299,178,-143,166,-465,-268,924,-1527,-1402
14,216,-210,267,145,-146,185,-443,-291,907,-1522,-1410
-2,202,-183,238,116,-147,209,-419,-313,890,-1517,-1417
-17,189,-159,212,89,-147,231,-395,-336,868,-1511,-1421
-30,176,-138,188,65,-146,250,-373,-360,847,-1505,-1425
-37,164,-122,169,49,-142,270,-349,-382,827,-1498,-1428
-39,157,-118,160,43,-137,291,-321,-399,812,-1491,-1424
-39,158,-123,164,45,-135,313,-290,-409,800,-1483,-1416
-41,162,-129,172,47,-138,332,-259,-414,788,-1475,-1408
-42,169,-138,183,51,-141,351,-229,-414,774,-1464,-1401
-46,176,-144,193,52,-146,360,-202,-414,752,-1453,-1393
-50,185,-153,206,55,-151,367,-176,-413,734,-1440,-1384
-52,190,-158,215,56,-154,372,-154,-410,714,-1434,-1379
-56,191,-157,217,53,-154,376,-134,-406,690,-1433,-1375
-58,191,-158,220,52,-153,378,-113,-399,663,-1433,-1369
-62,193,-157,223,50,-155,380,-91,-389,639,-1434,-1361
-67,193,-153,224,45,-157,380,-70,-377,616,-1438,-1354
-70,190,-147,221,39,-156,377,-51,-366,588,-1443,-1348
-74,185,-138,215,32,-155,372,-33,-355,568,-1447,-1341
-72,185,-140,220,36,-153,374,-12,-337,560,-1445,-1332
-65,187,-149,231,48,-151,383,9,-312,559,-1439,-1323
-58,192,-159,244,60,-151,395,30,-286,555,-1431,-1314
-51,200,-171,261,75,-153,407,49,-265,546,-1424,-1307
-47,212,-186,282,89,-161,421,68,-247,537,-1418,-1301
-45,225,-198,301,100,-171,437,88,-231,527,-1410,-1297
-40,236,-212,319,114,-177,451,104,-220,510,-1401,-1294
-30,243,-226,335,132,-179,462,119,-216,491,-1392,-1292
-21,247,-235,344,146,-178,471,134,-215,474,-1382,-1289
-13,250,-244,352,159,-179,479,150,-216,456,-1374,-1286
-11,253,-246,355,163,-183,485,164,-222,433,-1370,-1287
-9,256,-248,358,168,-186,494,181,-222,420,-1364,-1290
-10,254,-243,352,165,-189,504,202,-218,410,-1357,-1293
-12,254,-239,347,163,-192,517,227,-211,407,-1345,-1297
-14,259,-242,350,164,-199,535,254,-200,407,-1330,-1300
-19,264,-239,348,160,-206,551,280,-190,403,-1315,-1303
-24,270,-239,348,156,-214,562,304,-181,400,-1302,-1303
-30,279,-242,353,156,-223,572,325,-172,398,-1292,-1306
-34,289,-248,360,156,-232,585,347,-163,399,-1281,-1309
-35,298,-256,367,161,-237,602,370,-151,398,-1265,-1310
-42,301,-252,363,153,-242,614,389,-143,390,-1252,-1311
-54,304,-244,355,138,-250,623,406,-137,377,-1242,-1313
-68,306,-234,347,121,-258,630,424,-132,362,-1233,-1315
-78,304,-223,336,105,-261,637,440,-130,343,-1226,-1320
-85,297,-211,321,90,-259,644,456,-131,322,-1221,-1327
-92,291,-200,309,76,-257,653,472,-135,297,-1218,-1335
-97,282,-188,294,63,-251,663,486,-139,269,-1217,-1343
-101,270,-175,277,49,-244,674,499,-143,240,-1218,-1351
-104,258,-163,262,35,-236,683,511,-150,210,-1217,-1360
-111,246,-147,245,18,-230,688,521,-160,177,-1220,-1371
-119,238,-134,232,2,-228,689,529,-171,146,-1225,-1384
-128,229,-119,218,-16,-227,683,535,-187,108,-1232,-1396
-135,224,-110,211,-28,-227,676,545,-202,78,-1236,-1405
-144,223,-103,209,-39,-231,669,558,-215,56,-1237,-1414
-152,226,-100,212,-47,-237,662,574,-226,38,-1236,-1420
-152,233,-109,225,-42,-241,658,597,-234,28,-1230,-1421
-146,237,-120,239,-30,-240,653,620,-245,18,-1221,-1420
-140,237,-127,247,-21,-237,645,639,-262,8,-1211,-1420
-137,238,-132,254,-15,-236,635,658,-284,-5,-1202,-1420
-135,238,-132,257,-13,-236,625,674,-312,-19,-1195,-1420
-127,242,-143,270,1,-234,622,693,-338,-25,-1186,-1416
-120,249,-156,285,15,-236,621,713,-361,-26,-1176,-1411
-116,256,-164,298,25,-240,621,730,-382,-29,-1167,-1406
-110,259,-171,306,36,-240,623,742,-405,-36,-1159,-1403
-102,258,-175,309,46,-236,624,748,-429,-47,-1154,-1404
-98,256,-174,309,50,-234,628,752,-451,-59,-1150,-1405
-100,257,-171,308,49,-239,633,755,-472,-71,-1144,-1408
-105,260,-166,307,44,-247,642,758,-490,-82,-1135,-1411
-113,264,-159,304,36,-256,652,756,-511,-92,-1129,-1413
-118,263,-151,297,29,-262,658,753,-533,-98,-1125,-1415
-121,258,-140,285,21,-262,658,750,-555,-108,-1122,-1418
-120,256,-136,279,21,-262,662,746,-571,-113,-1119,-1421
-117,254,-133,273,21,-261,665,738,-587,-120,-1117,-1426
-114,255,-136,273,25,-260,665,729,-602,-128,-1111,-1426
-107,259,-145,279,36,-260,671,721,-614,-133,-1105,-1421
-100,263,-154,283,45,-259,678,711,-628,-139,-1100,-1418
-89,267,-167,292,62,-255,683,699,-642,-143,-1092,-1416
-76,274,-186,306,82,-251,690,691,-655,-143,-1081,-1410
-65,285,-206,323,102,-251,702,685,-668,-139,-1069,-1405
-53,296,-228,341,124,-250,715,681,-677,-137,-1057,-1400
-47,298,-236,345,132,-247,721,675,-690,-140,-1049,-1399
-46,297,-236,341,132,-244,724,669,-706,-143,-1043,-1399
-48,296,-234,337,130,-243,725,664,-722,-144,-1037,-1397
-51,294,-230,330,124,-241,724,656,-738,-146,-1030,-1396
-55,293,-226,325,119,-240,721,645,-759,-150,-1025,-1397
-59,293,-224,323,114,-241,721,635,-781,-152,-1021,-1398
-63,292,-221,320,110,-239,722,626,-802,-151,-1018,-1399
-64,289,-220,317,107,-234,724,615,-824,-146,-1015,-1404
-65,284,-216,311,104,-228,726,601,-846,-145,-1013,-1416
-69,274,-205,299,93,-221,729,582,-869,-147,-1012,-1431
-75,264,-191,284,79,-215,736,562,-891,-146,-1012,-1450
-84,249,-169,262,58,-207,736,542,-914,-151,-1015,-1470
-89,230,-148,237,39,-195,736,524,-936,-151,-1015,-1488
-94,209,-123,209,19,-182,735,505,-956,-156,-1013,-1504
-104,190,-96,181,-7,-174,730,486,-976,-160,-1012,-1518
-111,174,-75,159,-26,-166,726,468,-992,-162,-1007,-1528
-112,158,-59,141,-38,-155,721,450,-1007,-164,-1000,-1538
-115,143,-42,123,-51,-146,716,436,-1024,-169,-993,-1550
-117,129,-26,105,-64,-139,711,424,-1037,-173,-983,-1559
-117,117,-13,91,-72,-131,710,412,-1050,-174,-972,-1568
-103,116,-26,102,-55,-124,718,406,-1056,-161,-955,-1572
-82,124,-53,127,-23,-118,731,404,-1057,-142,-934,-1575
-61,136,-84,158,12,-114,745,404,-1054,-123,-909,-1575
-40,150,-118,191,49,-113,759,406,-1048,-103,-883,-1573
-17,168,-155,229,89,-114,776,406,-1040,-84,-859,-1573
7,185,-194,267,131,-113,794,404,-1031,-65,-836,-1573
33,199,-232,302,175,-109,813,400,-1017,-42,-811,-1569
64,208,-270,333,221,-99,826,395,-1001,-20,-786,-1564
96,211,-303,357,265,-83,839,388,-984,1,-764,-1559
129,213,-336,380,311,-66,852,383,-967,22,-742,-1553
160,212,-366,398,353,-48,866,378,-949,39,-722,-1546
196,207,-397,414,398,-24,886,372,-924,62,-701,-1539
235,190,-419,417,440,9,907,369,-897,81,-683,-1532
277,167,-439,413,483,50,929,366,-869,100,-664,-1523
319,146,-462,413,528,90,950,362,-837,122,-645,-1515
353,128,-479,410,564,123,966,352,-807,141,-629,-1509
380,118,-499,414,597,147,978,340,-775,161,-613,-1503
407,112,-523,425,633,169,992,329,-742,184,-599,-1495
433,109,-550,439,669,187,1008,316,-706,207,-584,-1486
459,111,-581,458,709,205,1025,304,-666,230,-567,-1480
477,107,-599,465,733,220,1035,286,-633,247,-557,-1477
491,103,-612,469,752,234,1037,265,-606,260,-552,-1472
506,96,-622,469,769,252,1038,241,-582,272,-549,-1468
522,83,-626,461,783,275,1042,216,-560,283,-548,-1463
540,60,-624,443,793,306,1048,193,-538,294,-546,-1457
561,34,-620,421,804,342,1053,172,-520,303,-546,-1450
581,6,-613,396,812,379,1055,149,-505,312,-545,-1444
600,-23,-602,369,815,415,1055,125,-491,321,-544,-1436
618,-54,-589,338,817,453,1054,102,-482,327,-542,-1432
634,-88,-570,303,814,491,1054,81,-479,331,-543,-1431
646,-119,-548,268,806,525,1058,62,-476,341,-542,-1429
653,-149,-523,231,792,553,1061,48,-473,350,-538,-1424
661,-171,-507,206,784,577,1071,39,-467,367,-529,-1414
670,-189,-495,188,781,598,1084,31,-463,389,-517,-1403
681,-201,-490,176,783,616,1100,24,-459,407,-505,-1393
701,-209,-498,178,800,636,1123,20,-452,427,-491,-1381
725,-216,-512,184,823,657,1148,20,-443,450,-474,-1366
748,-223,-523,189,845,677,1171,23,-435,468,-455,-1349
769,-233,-530,188,862,697,1194,25,-428,485,-436,-1332
785,-243,-532,185,872,712,1218,21,-421,503,-422,-1319
802,-245,-543,193,889,723,1250,19,-408,529,-404,-1305
820,-245,-558,205,910,731,1288,17,-393,556,-391,-1293
838,-244,-573,218,930,739,1323,14,-378,578,-377,-1285
855,-242,-589,232,951,744,1355,12,-362,599,-364,-1280
868,-237,-606,249,970,745,1385,10,-346,620,-354,-1277
876,-231,-620,265,985,742,1414,10,-329,638,-345,-1276
883,-222,-635,283,999,736,1441,11,-312,655,-337,-1276
889,-215,-649,298,1012,731,1466,10,-293,673,-330,-1275
888,-209,-656,309,1017,723,1486,6,-276,689,-328,-1278
884,-202,-660,317,1017,712,1505,1,-257,706,-326,-1281
879,-198,-661,322,1017,704,1522,-4,-239,719,-329,-1285
876,-193,-666,329,1019,697,1541,-7,-219,740,-331,-1291
869,-192,-664,330,1016,690,1559,-9,-199,760,-332,-1297
863,-187,-666,334,1015,682,1577,-8,-179,780,-333,-1302
858,-180,-672,343,1019,675,1595,-6,-160,800,-336,-1307
846,-173,-671,346,1013,664,1607,-8,-148,811,-344,-1317
830,-163,-667,350,1002,648,1616,-9,-139,821,-353,-1326
816,-152,-669,357,997,634,1626,-9,-131,833,-358,-1331
806,-137,-676,371,998,619,1634,-9,-122,851,-360,-1334
800,-119,-691,392,1006,606,1639,-8,-109,870,-359,-1334
792,-107,-698,404,1008,596,1632,-8,-99,879,-361,-1333
785,-93,-708,417,1011,585,1615,-10,-94,885,-362,-1332
780,-77,-721,437,1018,573,1590,-16,-88,894,-361,-1327
773,-57,-736,458,1024,558,1557,-22,-82,910,-361,-1320
763,-38,-748,478,1026,542,1522,-29,-74,930,-357,-1308
756,-21,-759,495,1029,529,1480,-40,-68,945,-353,-1293
752,-10,-768,508,1032,522,1430,-54,-64,958,-352,-1276
751,-2,-776,518,1037,519,1373,-73,-60,971,-355,-1260
752,4,-784,527,1042,518,1316,-92,-57,980,-357,-1245
753,6,-788,531,1044,519,1257,-115,-54,985,-364,-1233
756,6,-791,532,1046,523,1200,-142,-53,989,-371,-1219
756,2,-787,527,1042,526,1139,-170,-56,983,-379,-1208
757,-1,-784,522,1038,529,1076,-198,-58,979,-385,-1198
756,-6,-777,514,1031,532,1016,-228,-59,973,-391,-1191
755,-10,-769,506,1023,533,960,-258,-60,964,-397,-1185
756,-8,-771,508,1022,532,912,-283,-56,962,-397,-1175
759,-2,-777,516,1025,527,870,-303,-50,963,-394,-1162
760,3,-780,521,1026,522,832,-323,-44,967,-388,-1148
762,7,-782,524,1027,519,795,-344,-41,970,-381,-1132
764,8,-782,524,1027,517,755,-365,-40,978,-374,-1115
780,12,-799,537,1046,521,722,-386,-34,996,-362,-1093
804,17,-824,556,1078,531,696,-406,-23,1020,-346,-1069
835,19,-854,577,1117,546,675,-426,-13,1043,-329,-1046
866,24,-887,602,1158,560,659,-447,-2,1067,-313,-1025
893,34,-922,631,1198,567,648,-472,3,1091,-299,-1008
915,47,-954,661,1234,569,639,-501,4,1111,-288,-999
935,58,-983,688,1266,570,628,-534,-1,1125,-278,-992
950,68,-1008,711,1292,569,620,-571,-8,1135,-271,-985
957,78,-1024,729,1308,563,615,-611,-19,1145,-267,-980
959,91,-1039,748,1321,553,610,-652,-37,1150,-267,-978
956,104,-1051,765,1328,539,605,-699,-64,1145,-273,-980
952,119,-1064,786,1336,524,606,-746,-91,1143,-281,-984
946,129,-1070,798,1337,511,606,-795,-123,1136,-296,-993
938,135,-1070,803,1335,502,604,-844,-159,1124,-314,-1004
930,135,-1066,803,1329,496,604,-894,-198,1111,-333,-1020
914,134,-1052,794,1311,487,600,-949,-240,1091,-357,-1039
896,130,-1033,782,1289,479,599,-1002,-284,1073,-383,-1057
879,124,-1015,767,1268,475,602,-1050,-328,1052,-409,-1074
867,114,-996,750,1250,477,609,-1099,-373,1029,-434,-1093
861,100,-980,732,1238,487,615,-1151,-420,1005,-459,-1113
852,78,-952,700,1214,501,614,-1207,-471,972,-486,-1136
839,51,-914,658,1182,516,610,-1260,-522,937,-516,-1159
829,20,-875,613,1150,537,611,-1309,-573,902,-548,-1180
820,-9,-838,569,1120,558,611,-1360,-624,864,-583,-1199
809,-35,-803,528,1090,576,612,-1406,-673,826,-618,-1218
805,-63,-772,489,1067,599,613,-1449,-722,789,-654,-1235
809,-94,-745,449,1051,629,619,-1486,-768,755,-690,-1252
820,-126,-723,413,1043,665,629,-1519,-809,728,-723,-1266
835,-154,-710,384,1043,699,639,-1547,-845,710,-751,-1276
853,-178,-703,362,1050,733,649,-1570,-873,696,-774,-1283
876,-196,-706,350,1066,765,664,-1587,-893,690,-791,-1284
906,-214,-716,342,1091,800,675,-1599,-910,682,-805,-1277
942,-229,-734,342,1125,836,683,-1604,-922,686,-814,-1267
978,-241,-755,345,1161,870,694,-1606,-930,695,-819,-1257
1014,-252,-777,351,1198,901,708,-1606,-934,707,-823,-1248
1056,-261,-806,362,1244,934,723,-1602,-934,724,-825,-1236
1098,-271,-836,374,1291,966,740,-1597,-930,738,-826,-1221
1135,-280,-861,382,1330,992,754,-1594,-926,747,-828,-1207
1168,-293,-880,384,1364,1018,761,-1594,-924,752,-832,-1194
1198,-310,-890,378,1389,1042,761,-1602,-927,754,-840,-1183
1225,-319,-906,382,1417,1059,761,-1611,-931,760,-848,-1174
1250,-323,-925,392,1446,1069,762,-1622,-931,770,-854,-1165
1271,-322,-946,407,1474,1073,763,-1631,-929,777,-861,-1156
1290,-314,-971,429,1502,1071,762,-1640,-926,780,-868,-1149
1305,-306,-994,450,1527,1066,760,-1651,-924,780,-875,-1143
1315,-300,-1010,466,1545,1060,760,-1662,-921,781,-879,-1137
1325,-296,-1023,479,1560,1054,765,-1675,-914,785,-882,-1128
1335,-292,-1038,492,1576,1051,771,-1690,-907,791,-887,-1117
1341,-287,-1049,505,1588,1044,778,-1704,-900,799,-894,-1106
1345,-282,-1058,516,1596,1036,786,-1719,-894,807,-902,-1096
1342,-277,-1061,522,1595,1027,790,-1738,-893,807,-912,-1089
1336,-269,-1064,531,1594,1014,796,-1758,-895,814,-924,-1084
1323,-260,-1061,538,1584,998,799,-1784,-897,815,-942,-1082
1303,-246,-1056,546,1567,975,800,-1812,-899,812,-964,-1084
1276,-226,-1049,556,1545,946,801,-1843,-903,807,-990,-1091
1242,-206,-1035,561,1513,913,797,-1878,-911,798,-1018,-1105
1202,-184,-1018,567,1476,876,791,-1913,-923,788,-1047,-1121
1160,-157,-1003,576,1438,836,783,-1948,-937,778,-1075,-1137
1117,-127,-990,587,1401,795,776,-1980,-949,770,-1101,-1154
1077,-96,-981,603,1369,756,771,-2010,-961,757,-1123,-1172
1031,-71,-961,607,1325,717,761,-2046,-978,731,-1148,-1193
980,-51,-931,600,1271,680,749,-2085,-997,702,-1172,-1216
927,-35,-895,586,1213,644,739,-2123,-1014,676,-1193,-1238
874,-24,-855,567,1151,612,733,-2160,-1030,650,-1215,-1261
828,-20,-814,541,1093,589,726,-2198,-1048,625,-1239,-1283
788,-20,-777,516,1042,572,718,-2230,-1063,601,-1262,-1303
753,-24,-741,488,995,559,714,-2255,-1076,584,-1284,-1319
721,-29,-706,461,950,548,713,-2276,-1085,567,-1305,-1333
692,-36,-674,434,909,539,714,-2291,-1091,552,-1323,-1346
661,-43,-639,405,865,527,717,-2300,-1096,537,-1337,-1358
631,-48,-607,380,823,513,720,-2308,-1100,521,-1349,-1369
601,-53,-574,353,781,497,720,-2315,-1107,499,-1363,-1377
573,-57,-546,330,743,481,721,-2320,-1113,477,-1374,-1380
547,-62,-517,306,706,465,722,-2328,-1114,456,-1384,-1381
521,-69,-486,280,667,448,721,-2334,-1116,435,-1392,-1381
501,-74,-462,260,638,433,721,-2339,-1116,416,-1400,-1382
482,-77,-440,241,610,416,719,-2344,-1115,395,-1407,-1384
460,-80,-415,221,578,397,712,-2353,-1116,369,-1416,-1391
435,-81,-387,201,543,373,701,-2363,-1120,340,-1427,-1403
406,-80,-358,180,504,345,688,-2377,-1128,313,-1443,-1417
382,-68,-342,176,478,312,684,-2390,-1131,293,-1456,-1430
359,-52,-332,180,457,278,688,-2401,-1129,278,-1465,-1441
337,-37,-322,182,436,245,692,-2414,-1125,259,-1473,-1454
314,-22,-310,184,413,211,692,-2432,-1127,232,-1483,-1469
289,-3,-298,188,389,175,691,-2456,-1133,203,-1495,-1486
260,18,-285,193,362,135,691,-2483,-1140,176,-1506,-1503
231,39,-270,197,333,96,690,-2511,-1147,148,-1517,-1517
203,57,-253,198,303,61,691,-2537,-1152,123,-1523,-1530
175,71,-233,194,272,29,692,-2562,-1155,97,-1529,-1543
151,84,-216,192,245,3,696,-2583,-1157,75,-1533,-1555
129,96,-201,190,219,-22,701,-2601,-1156,51,-1532,-1565
112,110,-192,194,202,-43,714,-2616,-1149,38,-1527,-1573
94,118,-178,191,181,-60,731,-2631,-1137,27,-1523,-1580
78,122,-163,184,160,-71,752,-2641,-1122,23,-1515,-1584
64,125,-150,178,141,-81,779,-2648,-1100,29,-1500,-1583
49,126,-133,168,119,-89,806,-2654,-1076,39,-1481,-1579
39,125,-121,160,105,-92,833,-2655,-1049,53,-1457,-1572
38,123,-119,158,102,-88,862,-2653,-1018,72,-1427,-1559
40,123,-122,161,104,-83,894,-2649,-983,97,-1394,-1541
45,122,-129,165,112,-74,923,-2641,-946,118,-1361,-1524
47,111,-123,155,108,-61,947,-2639,-913,124,-1332,-1511
44,96,-109,137,96,-48,968,-2637,-884,127,-1307,-1496
37,84,-95,120,82,-39,987,-2634,-859,133,-1285,-1484
30,69,-77,100,65,-28,1006,-2634,-837,138,-1269,-1475
23,46,-53,69,44,-12,1023,-2632,-818,135,-1256,-1466
18,17,-24,33,22,8,1037,-2632,-804,125,-1245,-1457
11,-10,5,-4,-2,27,1049,-2630,-795,109,-1236,-1451
-1,-33,34,-37,-28,39,1059,-2627,-789,92,-1225,-1444
-13,-52,59,-65,-52,47,1065,-2622,-787,68,-1216,-1438
-25,-71,86,-94,-77,55,1062,-2617,-787,36,-1210,-1439
-39,-88,112,-121,-102,60,1060,-2609,-785,8,-1206,-1443
-54,-107,143,-154,-132,65,1053,-2599,-787,-28,-1204,-1447
-66,-128,173,-187,-158,74,1046,-2590,-790,-59,-1200,-1450
-79,-152,209,-227,-189,83,1043,-2580,-790,-80,-1192,-1453
-98,-177,253,-273,-229,88,1040,-2568,-789,-100,-1181,-1454
-113,-198,290,-311,-262,93,1039,-2554,-786,-122,-1167,-1453
-124,-217,321,-346,-290,99,1038,-2542,-783,-150,-1150,-1452
-137,-232,352,-377,-318,100,1035,-2536,-782,-186,-1137,-1455
-151,-244,381,-406,-347,97,1028,-2534,-784,-224,-1125,-1459
-168,-254,411,-434,-378,91,1020,-2535,-787,-258,-1114,-1462
-176,-258,428,-449,-395,86,1019,-2533,-785,-280,-1097,-1462
-180,-258,437,-457,-403,81,1022,-2528,-778,-296,-1079,-1460
-184,-255,443,-461,-411,73,1021,-2523,-770,-316,-1062,-1458
-187,-253,448,-465,-417,65,1018,-2517,-761,-338,-1043,-1457
-189,-249,450,-466,-420,58,1014,-2515,-752,-360,-1019,-1457
-190,-244,450,-464,-422,49,1011,-2514,-744,-383,-994,-1459
-191,-239,450,-463,-423,41,1009,-2512,-735,-409,-969,-1460
-192,-236,451,-463,-426,34,1008,-2512,-727,-433,-942,-1464
-197,-238,459,-471,-436,28,1005,-2515,-720,-454,-914,-1471
-203,-241,469,-481,-447,22,999,-2521,-714,-476,-886,-1479
-211,-246,482,-493,-462,17,991,-2531,-710,-503,-857,-1487
-216,-249,489,-500,-470,12,987,-2542,-705,-530,-825,-1495
-219,-253,495,-508,-477,10,983,-2552,-702,-558,-796,-1504
-221,-255,497,-510,-481,7,979,-2559,-699,-582,-767,-1511
-222,-253,493,-506,-479,3,977,-2564,-697,-607,-737,-1515
-230,-246,490,-499,-483,-9,971,-2572,-700,-638,-711,-1519
-238,-237,485,-489,-485,-21,963,-2584,-705,-670,-688,-1526
-242,-227,474,-474,-480,-31,955,-2597,-710,-701,-670,-1535
-246,-213,460,-454,-474,-43,951,-2610,-713,-729,-655,-1544
-249,-198,442,-431,-464,-54,950,-2623,-716,-758,-639,-1553
-257,-191,440,-424,-468,-63,945,-2640,-727,-796,-628,-1562
-269,-191,448,-428,-482,-70,933,-2661,-744,-840,-619,-1572
-285,-192,461,-436,-502,-78,922,-2683,-761,-881,-609,-1581
-304,-195,479,-450,-528,-85,909,-2707,-779,-921,-599,-1589
-324,-200,502,-467,-556,-92,895,-2730,-795,-958,-588,-1593
-344,-205,525,-484,-586,-100,882,-2750,-807,-997,-574,-1595
-366,-208,549,-501,-617,-109,870,-2769,-818,-1037,-560,-1595
-389,-212,576,-521,-652,-118,857,-2783,-829,-1073,-546,-1594
-410,-217,602,-541,-684,-125,843,-2792,-838,-1108,-530,-1593
-430,-220,625,-559,-713,-133,827,-2799,-846,-1142,-510,-1591
-449,-220,646,-573,-740,-142,814,-2802,-848,-1165,-482,-1585
-469,-218,668,-586,-769,-153,797,-2799,-850,-1192,-451,-1573
-488,-210,682,-591,-792,-167,782,-2792,-850,-1217,-416,-1559
-505,-197,689,-588,-809,-185,765,-2783,-849,-1241,-381,-1549
-523,-179,694,-580,-824,-206,747,-2775,-848,-1265,-349,-1542
-536,-160,693,-567,-832,-226,732,-2762,-843,-1282,-314,-1531
-547,-142,690,-554,-837,-243,720,-2745,-836,-1297,-278,-1517
-558,-128,692,-547,-845,-259,706,-2730,-830,-1313,-244,-1503
-570,-117,697,-544,-856,-273,692,-2717,-825,-1334,-213,-1491
-582,-109,706,-545,-868,-286,678,-2709,-825,-1354,-186,-1481
-585,-101,704,-540,-868,-293,672,-2699,-822,-1362,-155,-1471
-583,-93,698,-531,-861,-298,670,-2691,-815,-1370,-122,-1461
-581,-84,689,-519,-852,-304,668,-2684,-806,-1382,-88,-1449
-577,-72,675,-502,-838,-311,668,-2675,-797,-1397,-53,-1437
-571,-61,659,-484,-821,-317,674,-2662,-787,-1411,-18,-1424
-565,-49,642,-465,-804,-322,681,-2647,-777,-1420,19,-1412
-558,-39,624,-446,-785,-327,691,-2631,-765,-1427,60,-1399
-551,-30,608,-429,-766,-330,703,-2613,-750,-1432,104,-1385
-546,-24,595,-416,-751,-333,714,-2597,-736,-1436,149,-1371
-535,-17,576,-399,-730,-333,726,-2580,-720,-1439,195,-1358
-523,-16,561,-388,-709,-329,735,-2563,-704,-1445,241,-1345
-508,-18,546,-379,-687,-320,746,-2548,-687,-1448,285,-1332
-496,-27,540,-379,-672,-309,756,-2538,-674,-1460,325,-1324
-486,-36,537,-384,-662,-299,766,-2531,-662,-1478,362,-1317
-474,-47,534,-388,-650,-287,776,-2527,-655,-1497,393,-1314
-466,-61,537,-399,-645,-276,785,-2525,-650,-1518,419,-1316
-462,-71,541,-408,-644,-270,793,-2519,-644,-1534,444,-1317
-458,-74,538,-408,-639,-268,806,-2509,-638,-1545,471,-1317
-454,-72,530,-401,-632,-270,823,-2499,-630,-1554,499,-1316
-451,-68,520,-392,-624,-274,839,-2489,-620,-1559,528,-1312
-454,-70,524,-396,-630,-278,845,-2481,-613,-1572,558,-1310
-458,-79,536,-410,-642,-276,846,-2474,-608,-1590,586,-1309
-461,-87,547,-424,-655,-275,850,-2464,-606,-1610,615,-1306
-464,-94,556,-435,-665,-273,856,-2453,-604,-1627,645,-1298
-465,-101,563,-444,-674,-270,862,-2437,-599,-1645,675,-1286
-461,-106,565,-450,-676,-263,869,-2418,-594,-1667,705,-1268
-455,-111,564,-453,-675,-254,878,-2397,-589,-1686,736,-1247
-453,-110,562,-451,-675,-252,885,-2375,-586,-1706,765,-1226
-451,-103,554,-442,-673,-252,894,-2348,-584,-1727,794,-1206
-454,-94,548,-432,-674,-257,903,-2320,-581,-1748,821,-1187
-456,-85,542,-422,-674,-260,916,-2293,-576,-1769,851,-1169
-463,-78,544,-419,-683,-265,923,-2263,-574,-1798,882,-1150
-469,-71,544,-414,-690,-270,928,-2231,-572,-1826,915,-1130
-475,-65,545,-411,-696,-274,932,-2203,-571,-1857,949,-1114
-481,-64,550,-413,-706,-276,930,-2181,-575,-1896,980,-1100
-482,-65,552,-415,-709,-272,926,-2157,-581,-1931,1011,-1086
-478,-74,557,-424,-711,-261,926,-2131,-585,-1961,1044,-1070
-477,-90,573,-444,-721,-247,928,-2106,-589,-1991,1075,-1055
-480,-111,597,-473,-739,-234,928,-2082,-597,-2026,1100,-1043
-489,-135,629,-510,-766,-223,927,-2059,-606,-2058,1123,-1032
-495,-153,653,-537,-784,-214,935,-2033,-610,-2075,1152,-1021
-496,-167,669,-557,-795,-206,948,-2005,-610,-2086,1184,-1008
-494,-180,680,-572,-800,-198,965,-1977,-609,-2096,1220,-993
-487,-191,684,-581,-796,-188,980,-1950,-606,-2103,1259,-977
-480,-195,682,-582,-788,-184,994,-1926,-599,-2108,1301,-960
-474,-195,676,-578,-777,-183,1006,-1905,-593,-2111,1344,-945
-469,-193,670,-573,-769,-186,1013,-1887,-588,-2116,1386,-933
-469,-187,664,-566,-762,-195,1018,-1872,-583,-2122,1429,-919
-473,-180,662,-560,-762,-208,1022,-1858,-578,-2126,1471,-904
-476,-170,656,-550,-758,-221,1027,-1841,-570,-2131,1513,-890
-477,-163,649,-542,-752,-232,1028,-1823,-567,-2143,1551,-880
-472,-157,638,-531,-741,-238,1032,-1801,-560,-2147,1589,-872
-471,-149,631,-522,-734,-247,1036,-1776,-550,-2150,1625,-864
-470,-142,623,-512,-727,-255,1037,-1749,-537,-2152,1661,-855
-467,-135,611,-500,-717,-260,1040,-1721,-522,-2153,1695,-850
-468,-127,605,-491,-712,-268,1043,-1693,-505,-2155,1725,-848
-475,-113,597,-477,-712,-284,1049,-1663,-483,-2154,1753,-847
-486,-88,584,-452,-710,-308,1061,-1624,-457,-2149,1784,-846
-496,-61,565,-421,-704,-333,1078,-1576,-426,-2141,1813,-846
-500,-32,541,-386,-691,-353,1098,-1519,-393,-2137,1840,-848
-513,-8,529,-361,-692,-376,1112,-1462,-362,-2146,1860,-858
-532,13,525,-344,-702,-400,1126,-1401,-332,-2161,1874,-873
-549,32,522,-328,-711,-421,1146,-1331,-297,-2172,1883,-889
-565,48,519,-315,-720,-439,1172,-1253,-256,-2181,1887,-906
-584,66,518,-301,-732,-459,1201,-1166,-211,-2188,1888,-929
-604,85,517,-287,-745,-480,1231,-1073,-163,-2192,1886,-954
-624,102,518,-275,-759,-500,1263,-973,-111,-2193,1881,-980
-644,115,521,-267,-775,-516,1302,-868,-53,-2188,1879,-1006
-661,130,520,-256,-786,-532,1346,-753,11,-2176,1881,-1029
-679,145,520,-245,-798,-550,1391,-633,78,-2159,1885,-1049
-696,159,519,-235,-809,-565,1436,-510,148,-2137,1893,-1067
-714,166,527,-235,-827,-577,1479,-384,222,-2117,1904,-1083
-730,167,538,-242,-846,-585,1523,-252,301,-2092,1921,-1092
-742,164,553,-254,-864,-587,1572,-114,385,-2060,1941,-1097
-751,155,569,-271,-882,-584,1623,31,475,-2019,1967,-1098
-750,146,576,-283,-886,-575,1683,188,575,-1966,2000,-1091
-737,135,574,-290,-877,-557,1750,356,685,-1899,2042,-1074
-717,122,567,-295,-860,-534,1819,534,807,-1817,2095,-1050
-690,110,554,-296,-834,-507,1892,720,947,-1713,2162,-1015
-658,96,538,-296,-802,-477,1969,909,1099,-1588,2240,-971
-616,88,507,-283,-754,-444,2053,1105,1266,-1437,2333,-913
-566,86,462,-256,-691,-412,2141,1303,1446,-1267,2441,-844
-512,91,408,-218,-620,-382,2232,1509,1637,-1080,2566,-758
-454,98,348,-176,-542,-352,2324,1719,1840,-876,2712,-656
-396,108,285,-129,-461,-324,2412,1928,2050,-660,2874,-542
-339,121,222,-81,-381,-299,2494,2131,2262,-434,3048,-418
-281,132,159,-33,-300,-272,2569,2325,2472,-206,3234,-283
-220,144,92,18,-215,-245,2633,2504,2679,24,3431,-136
-160,155,26,69,-130,-218,2685,2668,2879,257,3635,22
-96,165,-43,121,-41,-188,2728,2818,3080,504,3854,196
-31,173,-111,171,49,-155,2764,2959,3285,764,4088,390
39,184,-189,231,149,-121,2798,3090,3495,1045,4341,606
110,196,-270,294,252,-86,2825,3213,3713,1342,4616,848
184,213,-359,365,362,-51,2845,3330,3941,1664,4919,1121
264,231,-459,445,484,-13,2858,3441,4181,2013,5254,1424
351,246,-562,526,612,33,2863,3547,4428,2373,5614,1754
446,258,-670,608,750,88,2867,3654,4680,2743,5994,2109
552,268,-790,698,903,152,2868,3760,4933,3119,6391,2489
667,279,-920,795,1068,222,2864,3854,5179,3497,6802,2889
798,288,-1065,899,1253,306,2857,3932,5412,3872,7230,3308
936,290,-1210,1000,1444,400,2838,3981,5621,4231,7666,3739
1082,286,-1357,1097,1640,504,2801,3995,5799,4569,8105,4183
1242,275,-1512,1194,1852,624,2749,3964,5940,4883,8543,4639
1416,256,-1672,1290,2077,760,2674,3880,6038,5174,8981,5110
1601,233,-1840,1387,2313,906,2575,3743,6094,5446,9428,5605
1795,208,-2015,1487,2560,1059,2448,3548,6108,5707,9890,6128
2001,181,-2198,1591,2821,1222,2298,3288,6078,5964,10371,6683
2220,147,-2388,1694,3094,1399,2118,2958,6001,6212,10866,7261
2454,106,-2583,1795,3381,1591,1910,2565,5879,6452,11379,7863
2694,58,-2777,1891,3670,1790,1678,2112,5712,6683,11908,8487
2945,5,-2978,1987,3970,1999,1428,1605,5503,6904,12448,9132
3208,-50,-3185,2086,4283,2218,1159,1053,5250,7103,12996,9799
3482,-103,-3406,2196,4613,2442,879,463,4960,7288,13555,10487
3764,-155,-3633,2310,4951,2668,589,-160,4635,7458,14123,11194
4051,-211,-3861,2422,5293,2900,291,-815,4279,7617,14701,11921
4354,-274,-4097,2535,5651,3146,-16,-1498,3895,7770,15294,12672
4672,-345,-4339,2647,6022,3405,-334,-2214,3483,7919,15901,13447
4996,-420,-4582,2756,6397,3669,-670,-2961,3045,8064,16520,14245
5326,-499,-4827,2865,6779,3939,-1018,-3729,2593,8209,17153,15067
5666,-582,-5076,2975,7170,4217,-1374,-4512,2135,8364,17804,15915
6022,-662,-5345,3101,7584,4502,-1729,-5296,1683,8542,18474,16788
6395,-743,-5630,3235,8019,4797,-2080,-6073,1239,8739,19164,17679
6778,-826,-5922,3374,8467,5100,-2431,-6844,803,8952,19865,18584
7167,-910,-6218,3515,8921,5407,-2782,-7604,372,9175,20571,19498
7552,-991,-6514,3659,9374,5708,-3134,-8354,-54,9398,21278,20411
7929,-1069,-6806,3801,9818,6002,-3487,-9090,-475,9610,21981,21314
8290,-1142,-7087,3940,10244,6282,-3842,-9816,-897,9803,22672,22201
8633,-1209,-7357,4076,10652,6547,-4196,-10535,-1323,9974,23343,23066
8955,-1269,-7614,4208,11037,6793,-4551,-11249,-1755,10122,23990,23909
9262,-1323,-7863,4339,11408,7027,-4905,-11949,-2189,10250,24613,24727
9557,-1376,-8101,4463,11763,7252,-5254,-12629,-2620,10359,25212,25515
9844,-1429,-8333,4584,12110,7474,-5589,-13287,-3047,10461,25788,26275
10120,-1488,-8551,4692,12439,7693,-5907,-13923,-3472,10540,26329,26993
10385,-1550,-8756,4789,12753,7909,-6216,-14540,-3902,10586,26827,27663
10638,-1615,-8948,4876,13052,8120,-6514,-15141,-4336,10605,27281,28278
10874,-1686,-9119,4945,13324,8324,-6814,-15735,-4781,10585,27685,28833
11088,-1759,-9267,4998,13566,8517,-7117,-16325,-5241,10514,28030,29321
11275,-1829,-9394,5038,13776,8691,-7420,-16910,-5719,10387,28307,29734
11426,-1889,-9495,5068,13945,8835,-7719,-17485,-6210,10211,28511,30062
11529,-1931,-9567,5091,14063,8938,-8016,-18045,-6709,9988,28642,30307
11568,-1958,-9592,5093,14107,8989,-8312,-18586,-7215,9720,28698,30465
11540,-1965,-9571,5077,14075,8982,-8599,-19101,-7725,9417,28686,30539
11453,-1949,-9512,5052,13978,8921,-8868,-19588,-8236,9085,28603,30523
11309,-1916,-9416,5014,13819,8812,-9119,-20043,-8748,8719,28446,30412
11114,-1870,-9280,4956,13598,8661,-9353,-20463,-9262,8311,28205,30194
10866,-1809,-9106,4884,13316,8464,-9581,-20850,-9778,7857,27874,29860
10569,-1731,-8899,4801,12980,8222,-9806,-21209,-10288,7374,27463,29413
10227,-1638,-8662,4708,12594,7940,-10035,-21538,-10784,6877,26982,28865
9852,-1529,-8406,4613,12173,7625,-10266,-21832,-11259,6372,26441,28223
9445,-1410,-8127,4508,11715,7281,-10496,-22088,-11705,5871,25849,27493
9010,-1283,-7825,4395,11223,6910,-10722,-22291,-12112,5386,25217,26689
8548,-1153,-7498,4265,10695,6519,-10942,-22435,-12475,4915,24552,25822
8068,-1016,-7159,4133,10148,6109,-11151,-22519,-12793,4460,23855,24900
7572,-873,-6806,3994,9581,5683,-11343,-22541,-13069,4018,23125,23924
7058,-726,-6439,3849,8992,5241,-11521,-22509,-13308,3572,22354,22897
6538,-572,-6070,3707,8397,4788,-11680,-22423,-13512,3113,21541,21819
6021,-421,-5701,3562,7805,4338,-11818,-22292,-13690,2624,20681,20694
5513,-274,-5333,3415,7219,3895,-11934,-22120,-13853,2093,19771,19529
5022,-138,-4970,3264,6648,3469,-12026,-21911,-14002,1520,18812,18336
4554,-14,-4617,3110,6099,3066,-12091,-21663,-14136,917,17809,17121
4123,99,-4288,2965,5590,2694,-12126,-21379,-14250,289,16762,15890
3727,199,-3980,2825,5120,2354,-12131,-21059,-14345,-366,15672,14644
3359,286,-3685,2685,4676,2041,-12112,-20707,-14425,-1053,14540,13386
3019,355,-3401,2538,4260,1759,-12064,-20325,-14488,-1763,13375,12124
2709,407,-3126,2385,3868,1509,-11979,-19913,-14535,-2486,12187,10865
2425,440,-2860,2226,3502,1289,-11858,-19474,-14566,-3213,10985,9612
2169,460,-2608,2066,3164,1098,-11703,-19011,-14573,-3933,9784,8382
1940,464,-2367,1904,2851,935,-11512,-18522,-14549,-4623,8602,7188
1732,453,-2133,1734,2557,799,-11287,-18007,-14492,-5264,7456,6041
1551,424,-1908,1559,2289,693,-11031,-17468,-14396,-5850,6359,4955
1392,381,-1693,1379,2041,614,-10748,-16909,-14265,-6372,5318,3935
1255,330,-1492,1206,1819,556,-10440,-16334,-14096,-6829,4341,2981
1132,272,-1302,1034,1613,514,-10113,-15752,-13897,-7236,3424,2095
1021,212,-1123,869,1423,483,-9771,-15165,-13669,-7591,2574,1282
918,155,-956,714,1246,456,-9418,-14572,-13413,-7883,1797,544
812,104,-794,569,1072,426,-9064,-13979,-13134,-8118,1093,-122
701,64,-643,438,902,387,-8713,-13389,-12832,-8299,461,-715
589,39,-506,327,740,338,-8364,-12799,-12509,-8422,-98,-1236
473,27,-381,235,583,279,-8017,-12210,-12162,-8491,-583,-1687
353,28,-268,159,432,209,-7672,-11619,-11791,-8504,-994,-2071
225,31,-151,84,272,133,-7338,-11034,-11407,-8473,-1338,-2393
95,34,-34,10,110,55,-7020,-10460,-11016,-8402,-1621,-2661
-29,38,74,-57,-41,-19,-6712,-9902,-10620,-8292,-1847,-2882
-141,37,174,-120,-181,-84,-6411,-9359,-10216,-8146,-2020,-3054
-239,30,264,-180,-305,-135,-6119,-8829,-9807,-7969,-2143,-3181
-323,17,344,-237,-412,-174,-5837,-8310,-9397,-7769,-2222,-3269
-392,1,412,-287,-503,-202,-5562,-7801,-8987,-7549,-2263,-3323
-451,-16,473,-332,-583,-225,-5293,-7305,-8580,-7316,-2271,-3350
-500,-34,523,-370,-648,-241,-5029,-6820,-8179,-7079,-2258,-3357
-542,-54,569,-408,-707,-254,-4775,-6350,-7787,-6843,-2229,-3347
-579,-76,613,-444,-762,-263,-4531,-5895,-7404,-6609,-2188,-3327
-617,-101,662,-486,-820,-273,-4302,-5454,-7039,-6385,-2139,-3299
-653,-124,709,-527,-878,-286,-4084,-5029,-6689,-6167,-2080,-3262
-686,-144,754,-564,-931,-299,-3871,-4622,-6352,-5956,-2016,-3219
-717,-164,797,-601,-983,-314,-3665,-4234,-6029,-5755,-1950,-3172
-741,-178,831,-628,-1024,-328,-3465,-3860,-5714,-5559,-1877,-3117
-757,-190,856,-649,-1054,-341,-3267,-3501,-5409,-5365,-1798,-3060
-766,-201,877,-668,-1077,-350,-3074,-3159,-5115,-5176,-1714,-3004
-770,-211,894,-684,-1094,-357,-2887,-2834,-4832,-4992,-1632,-2947
-774,-218,912,-701,-1111,-367,-2706,-2526,-4559,-4812,-1553,-2893
-769,-221,918,-707,-1115,-373,-2526,-2233,-4289,-4630,-1472,-2839
-755,-219,912,-705,-1106,-376,-2349,-1954,-4026,-4449,-1392,-2791
-738,-215,904,-700,-1092,-378,-2179,-1691,-3773,-4277,-1317,-2747
-721,-210,895,-695,-1078,-380,-2017,-1444,-3532,-4116,-1246,-2708
-707,-203,890,-693,-1069,-384,-1864,-1216,-3302,-3966,-1181,-2675
-695,-198,888,-694,-1063,-387,-1720,-1006,-3081,-3820,-1119,-2648
-687,-192,890,-698,-1062,-392,-1584,-810,-2870,-3677,-1062,-2627
-683,-182,891,-699,-1063,-401,-1457,-629,-2667,-3538,-1006,-2611
-686,-169,897,-702,-1071,-415,-1339,-466,-2475,-3408,-954,-2601
-692,-157,904,-706,-1083,-429,-1227,-319,-2293,-3287,-907,-2594
-698,-151,916,-717,-1096,-437,-1125,-187,-2122,-3180,-865,-2593
-700,-146,925,-727,-1104,-440,-1026,-73,-1962,-3077,-828,-2595
-705,-149,941,-745,-1118,-437,-930,26,-1810,-2983,-794,-2603
-710,-156,962,-770,-1135,-430,-843,110,-1668,-2897,-767,-2613
-714,-164,978,-790,-1149,-422,-766,182,-1536,-2815,-745,-2625
-723,-171,998,-812,-1167,-416,-701,238,-1416,-2743,-732,-2642
-734,-177,1016,-832,-1185,-409,-647,285,-1306,-2678,-729,-2659
-739,-181,1023,-842,-1192,-400,-597,325,-1202,-2616,-730,-2672
-741,-180,1020,-840,-1190,-393,-552,356,-1103,-2557,-734,-2683
-741,-171,1006,-825,-1178,-387,-509,385,-1007,-2500,-738,-2690
-744,-168,997,-817,-1173,-381,-478,409,-917,-2453,-747,-2696
-748,-173,997,-818,-1173,-370,-459,430,-834,-2414,-762,-2700
-750,-184,998,-825,-1173,-354,-446,448,-753,-2377,-779,-2702
-755,-200,1005,-836,-1178,-337,-434,467,-673,-2342,-796,-2699
-763,-218,1018,-853,-1190,-322,-424,488,-596,-2309,-813,-2694
-773,-239,1033,-872,-1203,-307,-421,509,-522,-2278,-833,-2686
-780,-259,1044,-888,-1213,-293,-424,527,-448,-2249,-855,-2677
-789,-277,1056,-903,-1224,-282,-435,541,-378,-2225,-878,-2668
-801,-292,1067,-915,-1236,-277,-446,555,-307,-2199,-899,-2655
-820,-304,1084,-929,-1258,-280,-461,568,-238,-2173,-921,-2641
-844,-313,1104,-942,-1285,-290,-476,581,-169,-2146,-940,-2629
-873,-319,1126,-956,-1317,-306,-499,593,-103,-2130,-960,-2619
-900,-319,1143,-963,-1345,-327,-522,607,-36,-2109,-977,-2606
-922,-315,1154,-964,-1366,-349,-540,622,31,-2076,-990,-2593
-945,-308,1164,-963,-1387,-375,-561,637,94,-2043,-1000,-2579
-966,-293,1167,-953,-1404,-405,-582,650,157,-2012,-1006,-2563
-988,-277,1172,-944,-1422,-439,-601,662,218,-1982,-1012,-2552
-1013,-261,1183,-940,-1448,-475,-622,670,276,-1953,-1018,-2545
-1038,-249,1200,-943,-1478,-509,-642,676,331,-1922,-1023,-2542
-1065,-237,1221,-950,-1512,-545,-662,677,382,-1887,-1025,-2542
-1087,-217,1232,-946,-1537,-583,-675,681,435,-1844,-1022,-2541
-1097,-195,1232,-934,-1546,-614,-681,685,492,-1797,-1014,-2544
-1104,-173,1228,-920,-1551,-643,-684,685,545,-1756,-1004,-2552
-1109,-148,1223,-904,-1555,-673,-685,683,597,-1716,-993,-2563
-1116,-119,1217,-885,-1559,-705,-684,678,646,-1673,-979,-2577
-1124,-90,1211,-865,-1563,-738,-680,669,694,-1633,-965,-2594
-1134,-60,1206,-846,-1569,-771,-676,656,738,-1595,-954,-2611
-1144,-30,1201,-828,-1575,-803,-673,642,779,-1562,-946,-2628
-1157,-3,1202,-815,-1586,-834,-669,626,819,-1529,-941,-2643
-1170,24,1200,-799,-1595,-864,-663,608,857,-1497,-936,-2657
-1182,46,1200,-788,-1604,-887,-661,587,887,-1474,-935,-2671
-1190,66,1198,-776,-1608,-906,-656,567,915,-1444,-937,-2686
-1202,81,1202,-771,-1618,-922,-647,549,942,-1410,-941,-2701
-1216,90,1211,-773,-1633,-934,-641,531,967,-1374,-945,-2714
-1226,93,1220,-778,-1644,-938,-635,512,988,-1336,-951,-2725
-1236,89,1234,-791,-1658,-935,-631,490,1003,-1308,-964,-2738
-1247,81,1250,-807,-1673,-931,-628,468,1015,-1281,-979,-2749
-1257,73,1264,-821,-1687,-924,-625,452,1025,-1250,-990,-2755
-1267,65,1275,-833,-1698,-916,-620,439,1032,-1222,-1002,-2763
-1272,57,1280,-840,-1702,-905,-617,426,1036,-1198,-1017,-2772
-1281,42,1294,-857,-1714,-891,-624,410,1032,-1182,-1035,-2782
-1294,24,1312,-879,-1732,-878,-636,397,1025,-1174,-1058,-2790
-1305,6,1327,-897,-1747,-865,-649,387,1017,-1166,-1082,-2796
-1313,-12,1339,-914,-1757,-850,-663,381,1009,-1157,-1106,-2801
-1320,-29,1350,-930,-1767,-835,-677,378,1003,-1150,-1126,-2803
-1325,-49,1360,-946,-1775,-819,-691,383,997,-1144,-1143,-2803
-1324,-69,1365,-959,-1777,-799,-702,395,995,-1135,-1160,-2802
-1321,-89,1368,-971,-1775,-779,-712,410,995,-1124,-1176,-2803
-1312,-109,1368,-980,-1769,-758,-716,434,998,-1110,-1189,-2801
-1309,-130,1374,-995,-1770,-739,-718,465,1008,-1095,-1200,-2799
-1309,-147,1383,-1009,-1776,-727,-719,500,1019,-1079,-1211,-2799
-1311,-163,1394,-1024,-1785,-719,-723,538,1027,-1075,-1224,-2797
-1314,-171,1400,-1031,-1791,-718,-728,579,1034,-1073,-1237,-2795
-1318,-175,1404,-1034,-1798,-721,-729,622,1044,-1069,-1250,-2792
-1326,-174,1410,-1035,-1809,-733,-730,665,1056,-1068,-1263,-2793
-1331,-164,1407,-1025,-1811,-748,-729,713,1071,-1064,-1275,-2796
-1333,-153,1400,-1012,-1809,-763,-728,764,1090,-1058,-1285,-2799
-1334,-145,1398,-1005,-1811,-776,-727,815,1113,-1052,-1295,-2802
-1339,-137,1403,-1003,-1820,-793,-727,866,1138,-1045,-1304,-2805
-1348,-130,1413,-1006,-1835,-811,-727,914,1164,-1037,-1315,-2810
-1351,-119,1416,-1002,-1841,-829,-722,963,1195,-1020,-1324,-2815
-1351,-103,1411,-990,-1840,-847,-710,1014,1234,-995,-1327,-2820
-1350,-84,1404,-975,-1838,-866,-702,1064,1271,-973,-1330,-2825
-1347,-62,1391,-956,-1830,-886,-694,1112,1308,-954,-1331,-2834
-1342,-38,1377,-934,-1820,-905,-685,1158,1344,-937,-1331,-2845
-1339,-16,1364,-915,-1813,-923,-673,1203,1384,-915,-1327,-2858
-1338,4,1356,-900,-1809,-939,-662,1245,1424,-893,-1320,-2870
-1335,21,1348,-889,-1804,-951,-653,1283,1462,-872,-1312,-2883
-1333,32,1346,-884,-1803,-960,-642,1317,1498,-848,-1305,-2895
-1330,37,1348,-886,-1803,-961,-628,1351,1533,-825,-1296,-2905
-1330,37,1356,-896,-1809,-960,-615,1380,1561,-814,-1287,-2914
-1331,38,1363,-904,-1814,-960,-599,1406,1588,-804,-1276,-2924
-1334,40,1369,-911,-1819,-960,-586,1425,1609,-797,-1266,-2936
-1337,43,1372,-914,-1823,-960,-577,1444,1626,-786,-1252,-2947
-1339,53,1365,-905,-1818,-963,-566,1460,1641,-772,-1239,-2957
-1343,65,1357,-893,-1814,-969,-558,1471,1647,-763,-1231,-2969
-1350,79,1348,-879,-1811,-978,-553,1479,1646,-758,-1228,-2981
-1360,97,1336,-859,-1807,-991,-550,1484,1644,-757,-1227,-2992
-1368,112,1325,-842,-1803,-1000,-545,1488,1639,-754,-1226,-3002
-1368,120,1311,-827,-1792,-1000,-536,1494,1632,-752,-1222,-3010
-1369,117,1307,-825,-1788,-994,-532,1495,1619,-760,-1221,-3020
-1375,112,1311,-829,-1792,-988,-534,1493,1603,-769,-1222,-3030
-1379,107,1310,-829,-1792,-982,-536,1490,1587,-776,-1225,-3040
-1382,101,1309,-829,-1791,-975,-534,1487,1570,-782,-1229,-3051
-1382,94,1307,-830,-1789,-965,-533,1483,1553,-789,-1235,-3061
-1382,83,1308,-834,-1787,-954,-533,1480,1533,-800,-1242,-3069
-1382,70,1310,-839,-1787,-942,-531,1480,1513,-807,-1248,-3077
-1380,51,1316,-852,-1788,-924,-531,1484,1494,-813,-1256,-3084
-1376,30,1323,-866,-1789,-905,-528,1494,1477,-815,-1264,-3088
-1375,6,1337,-887,-1798,-887,-523,1506,1461,-817,-1273,-3092
-1380,-16,1356,-910,-1813,-874,-516,1519,1444,-818,-1281,-3097
-1391,-40,1382,-940,-1836,-865,-514,1531,1424,-826,-1291,-3103
-1401,-62,1407,-967,-1859,-857,-512,1547,1405,-831,-1298,-3108
-1412,-80,1430,-991,-1882,-854,-505,1563,1392,-827,-1302,-3111
-1426,-90,1450,-1010,-1905,-858,-496,1580,1380,-816,-1304,-3111
-1434,-94,1459,-1016,-1916,-863,-486,1602,1374,-794,-1301,-3109
-1435,-94,1459,-1015,-1917,-866,-471,1629,1373,-769,-1297,-3105
-1436,-92,1459,-1013,-1919,-871,-455,1659,1374,-743,-1292,-3101
-1438,-91,1461,-1014,-1923,-878,-437,1688,1374,-716,-1290,-3096
-1436,-95,1468,-1023,-1927,-878,-420,1716,1375,-687,-1288,-3091
-1427,-99,1469,-1028,-1925,-875,-400,1746,1381,-650,-1284,-3086
-1415,-101,1467,-1030,-1916,-872,-375,1773,1391,-608,-1278,-3082
-1407,-101,1468,-1033,-1914,-872,-352,1801,1403,-570,-1274,-3081
-1400,-97,1468,-1033,-1911,-877,-327,1828,1417,-532,-1271,-3079
-1393,-90,1465,-1030,-1907,-883,-306,1849,1432,-497,-1270,-3080
-1385,-79,1458,-1023,-1899,-890,-287,1867,1450,-462,-1268,-3083
-1379,-65,1450,-1012,-1891,-900,-270,1885,1469,-433,-1270,-3087
-1372,-48,1438,-996,-1880,-912,-252,1899,1489,-407,-1275,-3094
-1366,-35,1430,-986,-1873,-921,-236,1909,1509,-385,-1282,-3099
-1362,-24,1425,-979,-1867,-928,-220,1920,1534,-358,-1287,-3102
-1361,-16,1425,-976,-1867,-935,-207,1929,1559,-337,-1293,-3105
-1359,-6,1422,-971,-1864,-941,-192,1935,1587,-310,-1297,-3105
-1355,-1,1418,-966,-1858,-942,-175,1939,1616,-281,-1302,-3106
-1349,5,1412,-961,-1851,-941,-163,1942,1648,-248,-1306,-3104
-1344,13,1402,-951,-1841,-941,-151,1946,1681,-205,-1309,-3098
-1345,20,1396,-943,-1836,-943,-140,1946,1709,-167,-1316,-3094
-1348,27,1392,-937,-1836,-947,-132,1942,1739,-136,-1326,-3091
-1351,34,1385,-927,-1832,-949,-125,1940,1770,-106,-1338,-3088
-1352,42,1375,-914,-1824,-950,-117,1937,1800,-79,-1349,-3085
-1351,50,1360,-898,-1813,-949,-107,1936,1834,-53,-1356,-3079
-1353,53,1352,-889,-1808,-947,-102,1933,1865,-38,-1363,-3074
-1357,51,1350,-887,-1809,-943,-103,1928,1890,-30,-1371,-3070
-1362,46,1350,-889,-1811,-937,-109,1920,1913,-19,-1382,-3070
-1370,35,1360,-900,-1822,-930,-117,1910,1934,-10,-1395,-3072
-1382,21,1376,-918,-1840,-922,-128,1898,1952,-3,-1409,-3074
-1392,3,1393,-939,-1858,-912,-146,1887,1969,-1,-1424,-3075
-1397,-16,1408,-959,-1872,-899,-166,1879,1986,4,-1437,-3073
-1403,-31,1419,-974,-1883,-888,-187,1873,2001,13,-1450,-3068
-1401,-42,1419,-979,-1882,-876,-207,1871,2016,28,-1461,-3060
-1396,-50,1415,-980,-1877,-864,-234,1865,2025,44,-1473,-3052
-1391,-57,1410,-979,-1871,-854,-262,1860,2035,62,-1485,-3045
-1391,-65,1411,-984,-1872,-847,-294,1855,2045,75,-1496,-3037
-1390,-72,1413,-988,-1874,-842,-334,1850,2054,83,-1508,-3029
-1389,-76,1412,-989,-1875,-839,-377,1845,2060,91,-1519,-3025
-1392,-77,1414,-990,-1879,-841,-423,1837,2061,95,-1532,-3021
-1394,-72,1409,-983,-1878,-847,-470,1830,2064,100,-1545,-3012
-1391,-65,1399,-971,-1872,-853,-521,1821,2066,107,-1559,-3002
-1390,-59,1392,-961,-1867,-859,-577,1809,2067,114,-1573,-2995
-1391,-54,1389,-956,-1867,-866,-632,1796,2070,125,-1585,-2985
-1392,-56,1393,-960,-1872,-869,-685,1782,2072,141,-1596,-2975
-1388,-54,1392,-957,-1869,-872,-732,1769,2075,162,-1605,-2966
-1379,-50,1382,-948,-1858,-873,-772,1754,2079,184,-1611,-2958
-1372,-44,1374,-938,-1848,-877,-812,1735,2082,200,-1618,-2950
-1366,-36,1365,-926,-1838,-882,-852,1714,2084,213,-1626,-2943
-1360,-27,1356,-914,-1828,-889,-891,1690,2085,226,-1635,-2942
-1353,-17,1346,-901,-1817,-894,-926,1661,2088,241,-1642,-2945
-1347,-9,1338,-890,-1807,-899,-961,1629,2087,254,-1650,-2952
-1341,-1,1331,-880,-1798,-903,-993,1594,2085,268,-1657,-2961
-1337,3,1330,-876,-1793,-906,-1022,1556,2081,284,-1665,-2971
-1331,4,1329,-875,-1787,-905,-1048,1517,2079,304,-1672,-2979
-1325,3,1331,-877,-1782,-902,-1071,1478,2078,324,-1678,-2984
-1316,2,1328,-876,-1772,-897,-1088,1437,2078,349,-1682,-2988
-1303,-4,1326,-879,-1760,-886,-1099,1393,2075,371,-1686,-2995
-1288,-13,1325,-885,-1746,-870,-1106,1350,2070,389,-1693,-3004
-1271,-22,1321,-889,-1730,-854,-1105,1308,2067,412,-1699,-3009
-1261,-32,1323,-898,-1723,-842,-1107,1264,2063,434,-1706,-3016
-1255,-38,1325,-905,-1718,-834,-1113,1220,2059,452,-1713,-3023
-1249,-38,1319,-901,-1708,-830,-1119,1176,2054,471,-1718,-3031
-1246,-30,1307,-890,-1695,-832,-1127,1132,2051,492,-1723,-3038
-1241,-19,1290,-872,-1679,-836,-1134,1090,2050,514,-1726,-3044
-1243,-9,1279,-860,-1672,-843,-1145,1044,2044,526,-1730,-3053
-1251,-1,1276,-854,-1673,-851,-1159,998,2037,534,-1732,-3062
-1260,4,1276,-852,-1678,-858,-1174,953,2029,543,-1733,-3070
-1269,4,1281,-857,-1687,-861,-1194,907,2022,553,-1736,-3076
-1277,-3,1290,-868,-1697,-859,-1220,861,2013,559,-1740,-3083
-1282,-10,1297,-878,-1705,-855,-1251,813,2000,553,-1747,-3093
-1284,-17,1300,-886,-1709,-847,-1284,766,1983,549,-1755,-3104
-1284,-24,1300,-891,-1710,-840,-1313,722,1969,550,-1761,-3109
-1281,-25,1291,-885,-1703,-833,-1341,683,1956,554,-1765,-3111
-1276,-27,1281,-879,-1694,-826,-1373,644,1941,556,-1767,-3113
-1274,-26,1272,-872,-1689,-822,-1406,606,1927,562,-1768,-3113
-1281,-27,1273,-873,-1697,-823,-1444,569,1914,562,-1769,-3114
-1291,-29,1281,-878,-1711,-826,-1487,529,1897,561,-1772,-3115
-1302,-31,1289,-884,-1725,-830,-1530,486,1879,561,-1776,-3118
-1311,-35,1298,-892,-1741,-832,-1575,444,1861,560,-1779,-3120
-1316,-36,1301,-893,-1748,-834,-1619,406,1846,562,-1780,-3119
-1317,-36,1300,-891,-1749,-834,-1662,373,1833,564,-1776,-3114
-1315,-41,1302,-894,-1751,-830,-1702,340,1822,572,-1770,-3106
-1311,-47,1305,-899,-1751,-823,-1741,307,1811,579,-1766,-3097
-1306,-52,1307,-903,-1751,-818,-1776,273,1799,586,-1766,-3087
-1299,-50,1301,-897,-1743,-815,-1803,242,1791,600,-1762,-3077
-1287,-44,1287,-884,-1725,-812,-1822,214,1788,620,-1755,-3065
-1275,-37,1273,-870,-1708,-811,-1838,189,1787,641,-1748,-3052
-1263,-27,1257,-852,-1688,-812,-1852,164,1783,656,-1741,-3040
-1253,-14,1240,-832,-1669,-816,-1865,142,1782,671,-1731,-3028
-1244,2,1222,-810,-1651,-825,-1872,122,1785,691,-1717,-3017
-1236,20,1204,-787,-1632,-835,-1875,102,1789,713,-1699,-3004
-1227,42,1180,-756,-1609,-848,-1877,82,1796,736,-1682,-2993
-1222,68,1156,-724,-1588,-865,-1882,60,1800,755,-1667,-2983
-1216,90,1134,-694,-1567,-879,-1891,38,1801,772,-1652,-2973
-1210,107,1117,-672,-1550,-890,-1907,14,1800,784,-1641,-2965
-1202,122,1098,-650,-1530,-898,-1926,-11,1799,798,-1633,-2959
-1194,136,1081,-629,-1512,-905,-1948,-32,1798,809,-1625,-2959
-1188,146,1067,-614,-1497,-909,-1976,-52,1796,815,-1621,-2961
-1179,152,1054,-601,-1481,-909,-2004,-71,1796,820,-1618,-2961
-1176,155,1048,-595,-1474,-909,-2035,-93,1795,815,-1619,-2963
-1175,156,1046,-593,-1470,-908,-2068,-114,1793,808,-1622,-2963
-1168,156,1038,-587,-1460,-903,-2095,-132,1795,804,-1624,-2962
-1159,155,1027,-581,-1446,-894,-2114,-148,1803,806,-1624,-2959
-1148,152,1016,-575,-1432,-883,-2130,-161,1817,805,-1623,-2955
-1144,142,1018,-583,-1431,-871,-2150,-174,1830,792,-1624,-2954
-1143,125,1030,-603,-1439,-856,-2177,-187,1842,780,-1627,-2952
-1138,107,1039,-621,-1442,-837,-2197,-197,1856,775,-1628,-2946
-1130,92,1040,-632,-1439,-818,-2209,-204,1871,778,-1626,-2940
-1122,80,1039,-639,-1433,-801,-2212,-209,1888,784,-1622,-2931
-1113,66,1038,-648,-1428,-782,-2216,-211,1900,786,-1618,-2923
-1105,50,1041,-661,-1426,-761,-2219,-215,1904,787,-1616,-2918
-1099,30,1050,-681,-1429,-741,-2225,-220,1902,785,-1618,-2916
-1092,9,1059,-701,-1431,-718,-2228,-224,1900,778,-1621,-2916
-1089,-13,1074,-726,-1441,-699,-2229,-228,1895,765,-1624,-2918
-1092,-29,1089,-748,-1454,-687,-2226,-234,1887,749,-1628,-2921
-1099,-41,1106,-767,-1472,-682,-2225,-239,1876,726,-1632,-2925
-1105,-46,1116,-778,-1484,-680,-2224,-239,1866,705,-1631,-2927
-1110,-48,1121,-783,-1492,-680,-2216,-238,1860,686,-1626,-2929
-1116,-47,1127,-787,-1501,-684,-2205,-236,1858,666,-1616,-2931
-1120,-40,1125,-781,-1504,-691,-2191,-229,1859,653,-1603,-2931
-1123,-30,1120,-772,-1503,-700,-2173,-219,1867,645,-1587,-2929
-1129,-20,1118,-764,-1507,-711,-2154,-209,1879,642,-1570,-2926
-1136,-14,1122,-762,-1514,-721,-2133,-199,1894,641,-1555,-2923
-1140,-15,1132,-770,-1525,-726,-2114,-189,1911,644,-1541,-2919
-1140,-15,1137,-772,-1528,-728,-2092,-177,1935,654,-1523,-2914
-1135,-10,1132,-765,-1522,-732,-2068,-165,1963,669,-1503,-2910
-1127,-4,1126,-756,-1513,-735,-2047,-152,1992,676,-1482,-2907
-1116,1,1116,-744,-1498,-736,-2030,-137,2020,678,-1461,-2902
-1104,7,1105,-731,-1483,-737,-2016,-124,2050,684,-1441,-2899
-1092,13,1094,-718,-1467,-739,-2005,-111,2080,694,-1423,-2899
-1081,15,1086,-710,-1453,-740,-1999,-99,2110,702,-1410,-2900
-1071,14,1083,-707,-1443,-738,-1998,-89,2138,706,-1399,-2903
-1066,10,1087,-711,-1441,-738,-2001,-80,2162,707,-1389,-2904
-1060,8,1088,-712,-1436,-739,-2002,-69,2188,710,-1380,-2901
-1053,6,1085,-711,-1428,-738,-2002,-56,2214,711,-1369,-2895
-1041,9,1072,-698,-1410,-737,-1997,-43,2242,723,-1355,-2891
-1029,17,1053,-680,-1388,-738,-1986,-34,2269,739,-1340,-2888
-1020,27,1033,-660,-1368,-742,-1976,-30,2289,753,-1324,-2888
-1006,36,1009,-638,-1342,-741,-1963,-29,2306,768,-1309,-2889
-997,46,987,-617,-1321,-743,-1949,-31,2317,783,-1296,-2891
-993,61,965,-592,-1304,-751,-1931,-32,2326,802,-1282,-2892
-993,83,939,-561,-1286,-764,-1909,-31,2336,825,-1266,-2892
-990,107,907,-524,-1263,-776,-1882,-28,2345,847,-1248,-2888
-981,132,868,-483,-1231,-784,-1854,-23,2355,866,-1233,-2885
-974,150,837,-450,-1207,-788,-1831,-21,2360,879,-1221,-2883
-975,163,818,-430,-1197,-792,-1814,-22,2362,890,-1212,-2875
-977,172,806,-417,-1191,-794,-1799,-27,2366,903,-1205,-2866
-979,175,798,-410,-1190,-792,-1786,-31,2373,916,-1201,-2856
-981,172,797,-411,-1192,-784,-1776,-35,2380,928,-1198,-2844
-983,163,800,-420,-1198,-773,-1772,-41,2384,938,-1194,-2829
-984,153,806,-432,-1204,-758,-1767,-50,2387,946,-1194,-2815
-986,144,812,-442,-1211,-747,-1763,-59,2389,953,-1196,-2801
-987,140,812,-445,-1213,-737,-1761,-67,2391,960,-1196,-2788
-990,141,811,-444,-1216,-732,-1761,-77,2394,968,-1199,-2777
-990,143,807,-441,-1215,-727,-1756,-89,2398,979,-1201,-2768
-988,141,805,-441,-1213,-719,-1752,-98,2402,985,-1202,-2758
-987,141,802,-441,-1211,-714,-1749,-109,2406,993,-1204,-2750
-986,143,800,-439,-1208,-710,-1745,-122,2408,1001,-1209,-2745
-987,142,802,-442,-1209,-707,-1742,-138,2409,1009,-1217,-2744
-980,138,801,-445,-1204,-698,-1742,-152,2410,1019,-1226,-2744
-968,131,799,-450,-1192,-684,-1739,-163,2412,1030,-1234,-2744
-957,119,804,-462,-1186,-670,-1736,-177,2413,1039,-1243,-2742
-952,104,818,-482,-1189,-657,-1735,-193,2412,1047,-1253,-2739
-952,86,841,-511,-1201,-647,-1740,-216,2402,1054,-1266,-2738
-949,73,856,-530,-1207,-641,-1740,-241,2393,1065,-1279,-2738
-942,67,860,-537,-1200,-636,-1733,-263,2386,1077,-1287,-2738
-933,65,859,-539,-1191,-633,-1725,-280,2383,1088,-1292,-2736
-925,68,853,-533,-1178,-635,-1715,-297,2380,1098,-1293,-2733
-916,76,841,-519,-1160,-640,-1706,-315,2376,1107,-1294,-2733
-908,90,825,-499,-1141,-650,-1696,-335,2373,1118,-1292,-2735
-904,107,808,-476,-1124,-665,-1685,-356,2370,1131,-1289,-2734
-896,125,787,-450,-1103,-677,-1674,-379,2367,1147,-1286,-2733
-891,136,773,-432,-1088,-686,-1662,-404,2366,1163,-1283,-2727
-883,142,762,-420,-1074,-690,-1650,-430,2365,1183,-1277,-2718
-874,144,753,-413,-1062,-690,-1643,-459,2361,1197,-1270,-2710
-862,144,743,-405,-1048,-686,-1636,-492,2355,1210,-1265,-2704
-851,144,733,-398,-1034,-682,-1629,-529,2348,1221,-1264,-2702
-844,143,725,-392,-1026,-679,-1628,-567,2343,1232,-1265,-2703
-838,146,714,-382,-1016,-679,-1630,-605,2339,1248,-1263,-2704
-835,147,708,-377,-1013,-680,-1636,-646,2331,1261,-1264,-2706
-835,147,705,-374,-1013,-680,-1647,-689,2319,1271,-1266,-2708
-832,148,698,-367,-1010,-680,-1662,-728,2303,1286,-1268,-2709
-831,155,685,-354,-1004,-684,-1681,-766,2288,1303,-1269,-2711
-826,163,668,-336,-993,-686,-1704,-803,2271,1317,-1268,-2714
-825,165,660,-329,-990,-686,-1735,-840,2252,1325,-1268,-2717
-831,166,661,-329,-998,-688,-1775,-876,2229,1335,-1270,-2715
-837,168,660,-326,-1005,-692,-1814,-909,2207,1353,-1272,-2711
-842,169,659,-325,-1011,-694,-1855,-941,2188,1371,-1272,-2705
-845,167,659,-326,-1015,-691,-1900,-975,2170,1385,-1272,-2699
-845,163,658,-327,-1017,-685,-1950,-1011,2151,1394,-1274,-2692
-839,159,652,-326,-1011,-675,-2002,-1046,2133,1406,-1275,-2684
-831,155,642,-322,-1001,-662,-2053,-1080,2116,1415,-1278,-2672
-816,152,626,-313,-981,-647,-2099,-1110,2103,1427,-1279,-2655
-802,148,613,-307,-965,-631,-2143,-1140,2093,1442,-1281,-2636
-792,142,605,-305,-953,-616,-2183,-1167,2084,1459,-1282,-2617
-781,132,602,-310,-943,-598,-2224,-1192,2076,1469,-1287,-2601
-769,120,600,-317,-933,-580,-2263,-1214,2071,1477,-1290,-2583
-759,111,598,-322,-924,-564,-2291,-1235,2067,1487,-1288,-2564
-756,105,601,-328,-922,-555,-2315,-1256,2064,1498,-1285,-2548
-752,99,603,-333,-919,-547,-2333,-1276,2062,1515,-1280,-2530
-745,93,604,-338,-913,-537,-2343,-1296,2064,1538,-1271,-2508
-740,85,610,-348,-911,-528,-2347,-1320,2063,1560,-1263,-2486
-737,75,622,-363,-914,-519,-2347,-1345,2060,1580,-1255,-2462
-738,67,634,-376,-920,-515,-2348,-1372,2055,1595,-1252,-2440
-730,67,634,-377,-913,-510,-2337,-1394,2057,1620,-1246,-2412
-719,77,619,-361,-892,-511,-2314,-1409,2068,1655,-1234,-2380
-706,92,599,-338,-869,-515,-2287,-1422,2081,1687,-1224,-2347
-693,107,579,-316,-845,-518,-2259,-1435,2092,1714,-1216,-2315
-679,122,560,-295,-822,-521,-2231,-1450,2103,1736,-1207,-2289
-665,133,543,-278,-801,-523,-2203,-1466,2119,1760,-1197,-2265
-655,141,534,-267,-786,-524,-2175,-1479,2133,1781,-1188,-2241
-642,147,525,-259,-772,-523,-2146,-1490,2146,1800,-1177,-2217
-629,147,520,-257,-760,-518,-2119,-1504,2152,1811,-1169,-2196
-614,143,515,-257,-747,-509,-2094,-1517,2155,1821,-1163,-2175
-598,137,511,-259,-734,-498,-2074,-1532,2154,1825,-1157,-2155
-577,133,500,-255,-715,-485,-2053,-1547,2154,1834,-1150,-2134
-555,128,485,-248,-690,-470,-2031,-1561,2159,1850,-1142,-2112
-534,126,469,-239,-667,-457,-2013,-1575,2166,1866,-1135,-2087
-514,127,448,-223,-640,-447,-1995,-1584,2177,1886,-1125,-2058
-500,128,433,-213,-621,-440,-1976,-1593,2190,1905,-1116,-2026
-487,125,421,-206,-606,-431,-1960,-1606,2201,1923,-1110,-1994
-471,122,404,-197,-584,-419,-1948,-1622,2212,1942,-1104,-1961
-452,117,384,-186,-559,-404,-1936,-1639,2227,1962,-1095,-1927
-430,111,361,-174,-529,-385,-1921,-1657,2244,1983,-1083,-1893
-412,100,347,-172,-508,-365,-1912,-1676,2258,1994,-1073,-1861
-400,84,343,-178,-497,-345,-1909,-1699,2263,1991,-1068,-1834
-391,67,342,-189,-490,-326,-1906,-1722,2270,1987,-1061,-1807
-386,50,344,-200,-487,-309,-1900,-1745,2278,1984,-1054,-1778
-382,36,345,-210,-484,-294,-1892,-1769,2284,1978,-1048,-1751
-380,21,347,-220,-483,-279,-1886,-1792,2284,1966,-1043,-1724
-376,8,348,-228,-481,-265,-1877,-1814,2282,1959,-1035,-1696
-374,-5,349,-235,-479,-252,-1864,-1835,2280,1959,-1024,-1664
-366,-14,342,-236,-468,-237,-1851,-1854,2278,1964,-1010,-1629
-357,-24,335,-236,-456,-221,-1841,-1873,2274,1971,-997,-1591
-347,-34,329,-237,-445,-203,-1826,-1893,2270,1984,-981,-1550
-336,-46,327,-242,-435,-184,-1812,-1912,2265,1993,-965,-1504
-321,-58,321,-245,-421,-163,-1796,-1930,2260,2004,-946,-1455
-303,-69,312,-244,-402,-140,-1776,-1945,2259,2020,-924,-1403
-288,-78,306,-246,-388,-121,-1757,-1961,2261,2035,-900,-1351
-271,-81,294,-240,-369,-105,-1737,-1974,2263,2056,-872,-1297
-249,-79,274,-224,-341,-90,-1721,-1986,2266,2079,-843,-1240
-225,-78,253,-210,-312,-73,-1711,-2002,2271,2102,-815,-1185
-204,-76,235,-196,-286,-60,-1707,-2018,2276,2125,-787,-1129
-186,-76,223,-188,-267,-48,-1709,-2031,2283,2148,-760,-1073
-165,-75,207,-178,-243,-35,-1713,-2045,2291,2172,-731,-1016
-137,-73,184,-161,-210,-20,-1718,-2060,2300,2200,-700,-961
-111,-69,162,-145,-180,-7,-1730,-2078,2308,2227,-671,-908
-91,-63,143,-129,-155,-1,-1746,-2098,2317,2253,-641,-856
-73,-55,124,-113,-132,1,-1766,-2120,2327,2279,-610,-806
-57,-42,101,-90,-107,0,-1787,-2147,2339,2306,-582,-762
-38,-30,77,-68,-80,-1,-1809,-2172,2353,2332,-553,-720
-18,-19,51,-46,-51,1,-1831,-2194,2373,2358,-521,-679
1,-10,28,-26,-24,3,-1857,-2220,2391,2383,-490,-641
20,0,2,-4,5,3,-1888,-2250,2406,2406,-461,-603
38,9,-22,16,32,5,-1919,-2282,2419,2429,-433,-563
59,15,-48,35,62,10,-1948,-2317,2433,2458,-406,-521
81,17,-70,49,91,20,-1976,-2355,2448,2487,-380,-483
100,14,-87,57,114,31,-2004,-2394,2463,2515,-353,-450
117,14,-106,69,139,40,-2027,-2432,2480,2547,-324,-417
129,12,-118,74,154,47,-2046,-2472,2494,2577,-295,-385
136,11,-126,78,165,52,-2064,-2513,2500,2601,-270,-357
146,12,-140,88,182,58,-2079,-2553,2506,2623,-242,-328
157,19,-162,107,205,62,-2089,-2593,2512,2651,-212,-300
173,29,-191,134,236,67,-2092,-2631,2522,2683,-178,-270
189,34,-216,155,264,76,-2099,-2669,2529,2710,-146,-243
202,32,-231,165,285,88,-2108,-2710,2530,2730,-120,-214
213,29,-243,172,301,100,-2117,-2753,2525,2749,-98,-185
223,25,-252,177,315,114,-2125,-2796,2514,2770,-77,-155
236,16,-261,179,331,131,-2132,-2839,2500,2791,-54,-126
253,7,-271,181,350,152,-2143,-2885,2481,2807,-30,-94
274,-4,-284,184,373,177,-2156,-2930,2463,2825,-5,-64
298,-18,-296,185,398,207,-2170,-2976,2447,2841,20,-36
328,-34,-312,188,430,240,-2186,-3019,2433,2856,47,-6
358,-53,-325,184,459,277,-2207,-3061,2418,2868,74,23
388,-79,-331,173,483,317,-2227,-3102,2407,2884,103,54
414,-106,-330,155,500,355,-2253,-3142,2396,2894,132,85
436,-130,-329,139,514,389,-2288,-3181,2381,2896,159,116
459,-148,-334,132,533,418,-2322,-3222,2369,2899,189,149
480,-160,-342,130,553,442,-2358,-3263,2361,2904,219,181
502,-162,-362,141,581,460,-2393,-3300,2358,2907,248,215
526,-157,-389,162,615,474,-2426,-3334,2358,2909,280,251
551,-151,-420,186,653,487,-2458,-3368,2358,2913,314,286
578,-145,-451,209,691,502,-2493,-3402,2359,2919,349,323
602,-141,-476,228,725,514,-2528,-3434,2362,2931,383,363
631,-135,-508,253,765,529,-2557,-3464,2371,2953,419,404
665,-126,-548,283,814,545,-2582,-3497,2383,2979,456,443
701,-119,-587,312,864,562,-2609,-3530,2394,3003,492,481
738,-113,-626,342,915,580,-2636,-3563,2403,3022,529,518
773,-107,-664,370,964,598,-2663,-3596,2412,3038,567,557
811,-102,-701,396,1013,617,-2690,-3632,2417,3054,607,593
845,-101,-733,418,1057,636,-2716,-3672,2418,3067,646,627
877,-99,-763,438,1098,653,-2738,-3712,2418,3081,685,662
903,-100,-785,451,1130,668,-2754,-3755,2414,3095,721,696
931,-105,-805,461,1162,687,-2765,-3797,2408,3111,757,730
960,-113,-823,466,1192,709,-2774,-3840,2399,3125,792,762
988,-123,-841,472,1223,732,-2778,-3884,2388,3145,828,795
1014,-132,-858,477,1252,753,-2777,-3929,2377,3171,865,827
1041,-142,-875,482,1281,775,-2778,-3972,2364,3190,900,863
1073,-149,-901,494,1319,799,-2779,-4010,2351,3205,938,901
1105,-157,-926,506,1357,824,-2782,-4050,2336,3218,976,939
1132,-164,-948,516,1390,845,-2787,-4090,2321,3228,1013,977
1159,-169,-973,530,1425,865,-2793,-4126,2308,3240,1052,1016
1191,-172,-1004,550,1466,887,-2799,-4161,2297,3254,1093,1054
1227,-172,-1043,577,1516,909,-2803,-4194,2290,3271,1138,1094
1258,-171,-1078,601,1560,930,-2812,-4228,2282,3281,1181,1134
1282,-175,-1102,615,1592,948,-2829,-4268,2268,3281,1218,1173
1306,-181,-1123,626,1621,968,-2848,-4309,2253,3278,1250,1211
1327,-187,-1141,635,1647,987,-2866,-4348,2239,3275,1283,1251
1346,-190,-1160,647,1672,1004,-2881,-4384,2224,3277,1317,1291
1364,-195,-1177,657,1696,1022,-2895,-4415,2208,3282,1350,1332
1385,-199,-1197,669,1722,1040,-2910,-4447,2195,3289,1383,1373
1405,-204,-1216,680,1748,1060,-2928,-4481,2184,3298,1416,1412
1429,-209,-1237,692,1777,1082,-2947,-4516,2174,3309,1451,1452
1452,-217,-1255,700,1804,1106,-2973,-4553,2164,3316,1490,1489
1475,-224,-1273,710,1831,1129,-3000,-4591,2154,3326,1530,1526
1493,-230,-1287,717,1852,1149,-3028,-4626,2145,3332,1570,1562
1508,-236,-1296,721,1867,1166,-3059,-4659,2138,3336,1611,1599
1521,-243,-1303,722,1880,1182,-3087,-4692,2134,3345,1654,1638
1533,-252,-1307,720,1890,1199,-3120,-4726,2128,3351,1693,1674
1550,-258,-1316,724,1907,1217,-3155,-4759,2125,3357,1730,1709
1569,-260,-1332,733,1931,1234,-3192,-4787,2124,3364,1768,1745
1586,-263,-1345,740,1950,1249,-3229,-4816,2121,3371,1806,1782
1603,-268,-1354,742,1967,1265,-3267,-4845,2114,3375,1843,1817
1619,-278,-1357,738,1979,1282,-3303,-4879,2105,3381,1879,1852
1635,-280,-1368,742,1997,1294,-3332,-4908,2099,3396,1916,1886
1655,-278,-1388,755,2023,1306,-3353,-4934,2097,3413,1956,1919
1677,-276,-1407,767,2050,1318,-3372,-4963,2092,3421,1995,1946
1700,-277,-1425,776,2076,1332,-3390,-4991,2087,3426,2035,1970
1723,-279,-1441,783,2102,1346,-3407,-5015,2082,3435,2075,1994
1745,-280,-1459,792,2129,1359,-3422,-5036,2077,3449,2117,2018
1771,-283,-1479,799,2159,1375,-3442,-5055,2071,3463,2158,2042
1802,-286,-1503,811,2197,1394,-3468,-5073,2062,3474,2197,2069
1833,-291,-1526,819,2232,1414,-3500,-5093,2053,3484,2235,2098
1862,-298,-1546,825,2266,1434,-3535,-5112,2045,3494,2274,2125
1889,-306,-1563,828,2296,1455,-3574,-5131,2032,3499,2314,2151
1915,-312,-1582,834,2326,1472,-3609,-5148,2020,3510,2356,2177
1938,-318,-1599,838,2354,1488,-3641,-5165,2008,3523,2397,2202
1957,-323,-1613,842,2378,1502,-3676,-5183,1998,3532,2440,2227
1979,-327,-1632,850,2406,1516,-3711,-5201,1990,3539,2483,2253
1996,-333,-1645,854,2428,1529,-3745,-5222,1980,3543,2523,2279
2008,-338,-1654,855,2443,1539,-3781,-5244,1970,3544,2558,2304
2016,-339,-1664,861,2457,1543,-3814,-5266,1962,3545,2594,2330
2025,-339,-1677,870,2473,1548,-3841,-5289,1955,3544,2633,2357
2037,-337,-1695,884,2494,1555,-3865,-5313,1947,3537,2672,2383
2047,-339,-1707,892,2510,1564,-3892,-5339,1936,3520,2708,2407
2050,-348,-1707,888,2512,1573,-3924,-5368,1918,3497,2738,2430
2054,-361,-1703,878,2512,1586,-3954,-5397,1896,3483,2767,2453
2059,-377,-1697,867,2512,1602,-3978,-5425,1871,3472,2794,2475
2063,-393,-1691,856,2512,1619,-3998,-5453,1844,3460,2818,2495
2067,-409,-1684,844,2509,1636,-4019,-5481,1813,3442,2839,2516
2071,-422,-1679,835,2508,1651,-4037,-5508,1781,3428,2860,2539
2075,-432,-1677,831,2509,1665,-4054,-5532,1744,3414,2880,2566
2085,-439,-1683,835,2519,1680,-4067,-5551,1705,3401,2902,2597
2096,-445,-1690,839,2530,1696,-4077,-5569,1662,3387,2925,2626
2106,-450,-1696,843,2539,1710,-4081,-5584,1618,3375,2952,2651
2118,-458,-1700,842,2549,1728,-4085,-5599,1573,3359,2979,2675
2133,-467,-1704,841,2559,1748,-4087,-5610,1528,3346,3007,2699
2151,-477,-1711,841,2574,1770,-4085,-5621,1484,3337,3038,2724
2166,-486,-1714,838,2584,1790,-4082,-5630,1442,3334,3070,2751
2184,-494,-1719,837,2598,1809,-4075,-5634,1403,3334,3104,2781
2205,-503,-1728,838,2616,1831,-4067,-5636,1368,3334,3142,2811
2222,-513,-1729,832,2626,1850,-4057,-5638,1337,3331,3180,2840
2232,-525,-1723,819,2628,1866,-4049,-5642,1308,3323,3213,2867
2239,-542,-1707,797,2621,1881,-4044,-5650,1281,3312,3240,2887
2247,-560,-1692,773,2616,1897,-4036,-5658,1256,3303,3264,2902
2255,-574,-1681,755,2615,1911,-4024,-5664,1237,3296,3289,2913
2260,-586,-1670,737,2611,1920,-4011,-5669,1219,3284,3312,2922
2263,-593,-1661,724,2608,1923,-3999,-5674,1207,3268,3332,2929
2264,-592,-1659,720,2608,1920,-3989,-5682,1197,3248,3350,2930
2262,-586,-1659,720,2608,1911,-3977,-5691,1192,3230,3365,2928
2257,-581,-1656,718,2604,1900,-3967,-5700,1190,3207,3379,2927
2254,-578,-1654,715,2602,1890,-3951,-5709,1191,3186,3393,2926
2246,-578,-1644,705,2592,1880,-3934,-5719,1193,3166,3405,2926
2236,-580,-1632,693,2579,1870,-3915,-5731,1193,3148,3412,2923
2226,-582,-1619,681,2565,1859,-3901,-5742,1190,3122,3412,2915
2218,-582,-1612,674,2557,1850,-3885,-5750,1190,3099,3410,2904
2215,-582,-1609,670,2555,1843,-3865,-5753,1193,3083,3410,2890
2214,-579,-1613,674,2559,1836,-3840,-5749,1201,3075,3411,2876
2221,-572,-1629,689,2574,1832,-3810,-5743,1212,3072,3417,2862
2228,-566,-1645,704,2591,1830,-3777,-5736,1224,3071,3422,2847
2234,-563,-1657,714,2603,1830,-3744,-5728,1237,3075,3427,2833
2237,-559,-1667,724,2612,1827,-3714,-5718,1249,3080,3433,2816
2236,-552,-1677,737,2618,1822,-3688,-5710,1260,3083,3436,2797
2236,-546,-1687,749,2624,1818,-3666,-5701,1271,3083,3439,2776
2233,-550,-1684,746,2620,1819,-3650,-5694,1278,3076,3437,2752
2220,-562,-1663,726,2597,1820,-3644,-5690,1277,3059,3431,2725
2204,-577,-1635,700,2568,1822,-3640,-5690,1271,3044,3420,2697
2186,-595,-1603,668,2534,1826,-3640,-5694,1265,3029,3405,2669
2169,-611,-1574,640,2503,1828,-3642,-5697,1258,3017,3389,2643
2151,-620,-1550,620,2474,1827,-3645,-5696,1251,3004,3370,2619
2136,-624,-1535,609,2453,1825,-3646,-5689,1245,2995,3350,2598
2124,-627,-1521,600,2435,1824,-3646,-5680,1239,2988,3331,2579
2116,-628,-1513,595,2423,1824,-3645,-5666,1233,2980,3314,2562
2105,-628,-1503,590,2408,1822,-3646,-5652,1226,2970,3298,2546
2094,-627,-1493,585,2392,1819,-3650,-5638,1218,2958,3280,2528
2080,-625,-1481,580,2373,1813,-3658,-5627,1205,2935,3259,2506
2064,-622,-1467,573,2352,1805,-3672,-5619,1189,2910,3235,2483
2049,-618,-1453,567,2330,1796,-3685,-5610,1173,2889,3209,2458
2028,-614,-1434,557,2302,1784,-3698,-5603,1155,2865,3179,2433
2011,-613,-1414,546,2277,1774,-3710,-5593,1137,2839,3149,2409
1998,-618,-1393,528,2253,1772,-3720,-5582,1120,2816,3123,2387
1984,-629,-1364,501,2223,1771,-3732,-5576,1101,2788,3097,2362
1965,-639,-1331,472,2188,1767,-3744,-5569,1081,2756,3067,2337
1944,-653,-1292,436,2148,1763,-3757,-5562,1061,2722,3034,2310
1923,-662,-1258,407,2111,1755,-3764,-5551,1044,2696,3003,2282
1905,-667,-1231,384,2082,1746,-3762,-5539,1033,2676,2973,2255
1887,-672,-1205,362,2053,1735,-3757,-5526,1020,2648,2940,2227
1871,-676,-1181,342,2026,1725,-3751,-5513,1004,2621,2905,2201
1856,-677,-1162,327,2005,1712,-3741,-5499,989,2595,2872,2176
1841,-670,-1150,321,1989,1694,-3728,-5484,977,2575,2841,2150
1822,-659,-1139,319,1969,1668,-3714,-5467,966,2557,2812,2123
1800,-644,-1129,320,1950,1639,-3695,-5451,955,2542,2785,2095
1777,-628,-1119,321,1929,1607,-3673,-5436,946,2525,2757,2067
1756,-612,-1112,325,1911,1576,-3645,-5420,939,2512,2731,2042
1738,-599,-1105,326,1895,1548,-3616,-5404,931,2496,2704,2014
1721,-586,-1100,329,1881,1522,-3587,-5393,919,2480,2675,1982
1707,-578,-1093,329,1868,1501,-3558,-5384,904,2463,2642,1945
1691,-573,-1081,322,1849,1482,-3533,-5378,887,2442,2607,1908
1673,-570,-1068,314,1829,1464,-3508,-5371,868,2420,2569,1870
1651,-572,-1045,297,1799,1446,-3485,-5366,846,2391,2526,1826
1626,-577,-1018,275,1764,1429,-3462,-5363,823,2358,2477,1778
1600,-580,-991,255,1728,1412,-3437,-5357,801,2325,2428,1730
1573,-581,-966,238,1693,1394,-3409,-5348,780,2294,2381,1683
1545,-581,-943,225,1660,1375,-3380,-5337,765,2265,2335,1637
1514,-584,-914,206,1620,1357,-3356,-5325,749,2230,2286,1590
1475,-589,-876,178,1568,1337,-3339,-5314,730,2189,2234,1543
1436,-594,-838,152,1516,1318,-3326,-5300,713,2149,2180,1500
1400,-600,-802,127,1469,1302,-3313,-5284,696,2115,2128,1460
1366,-605,-770,105,1424,1288,-3299,-5268,680,2085,2077,1423
1332,-609,-737,83,1380,1273,-3287,-5249,664,2054,2027,1387
1301,-615,-706,61,1338,1263,-3273,-5224,654,2030,1982,1353
1269,-623,-671,36,1293,1253,-3258,-5197,646,2002,1936,1321
1244,-630,-642,15,1257,1247,-3243,-5167,641,1976,1891,1291
1223,-639,-616,-6,1225,1246,-3228,-5138,633,1948,1848,1261
1204,-647,-592,-26,1196,1246,-3213,-5109,625,1917,1806,1229
1183,-655,-565,-46,1163,1242,-3197,-5078,618,1879,1766,1197
1162,-662,-537,-67,1130,1238,-3185,-5046,608,1836,1728,1166
1140,-666,-512,-85,1097,1232,-3170,-5014,595,1794,1695,1133
1116,-670,-483,-107,1060,1222,-3157,-4982,580,1750,1664,1099
1093,-670,-460,-121,1029,1210,-3142,-4949,565,1707,1637,1064
1074,-662,-446,-126,1005,1194,-3125,-4917,553,1668,1613,1030
1054,-655,-432,-130,981,1177,-3105,-4888,542,1634,1588,994
1030,-644,-415,-135,953,1155,-3085,-4861,532,1600,1561,957
1001,-635,-392,-146,918,1128,-3066,-4837,519,1563,1529,919
975,-622,-375,-150,888,1100,-3041,-4816,510,1533,1494,882
954,-604,-369,-145,869,1072,-3011,-4795,506,1509,1459,846
930,-585,-361,-140,847,1039,-2979,-4774,499,1480,1424,811
904,-564,-351,-135,823,1003,-2950,-4753,491,1450,1387,774
878,-546,-338,-135,797,968,-2920,-4731,487,1419,1354,739
850,-533,-319,-142,766,933,-2887,-4707,485,1395,1321,702
819,-526,-291,-160,726,902,-2855,-4680,480,1368,1286,666
789,-524,-259,-184,685,873,-2824,-4654,474,1343,1252,633
757,-526,-220,-215,638,846,-2797,-4630,463,1316,1216,598
727,-529,-182,-245,593,821,-2773,-4605,452,1290,1178,565
698,-533,-145,-275,549,797,-2752,-4576,443,1266,1140,535
672,-534,-114,-299,512,775,-2732,-4547,437,1246,1103,507
649,-535,-87,-320,480,755,-2710,-4520,429,1228,1068,476
632,-537,-65,-338,454,741,-2693,-4495,419,1206,1035,442
619,-540,-47,-353,435,731,-2676,-4472,410,1187,1003,410
602,-545,-23,-374,408,721,-2665,-4452,399,1168,971,376
581,-554,8,-401,374,712,-2663,-4439,382,1145,936,337
559,-561,37,-424,342,703,-2668,-4431,360,1115,895,296
536,-563,61,-440,313,690,-2670,-4427,336,1086,854,251
514,-561,78,-449,289,677,-2666,-4420,313,1059,816,209
489,-561,99,-461,260,664,-2663,-4413,289,1030,780,167
455,-563,131,-481,218,647,-2669,-4408,260,992,737,124
420,-566,163,-501,176,631,-2677,-4405,229,956,694,81
389,-573,195,-523,136,620,-2684,-4403,198,924,651,41
362,-581,223,-543,102,613,-2689,-4398,172,896,611,7
340,-586,243,-556,75,607,-2693,-4389,147,870,574,-23
323,-585,252,-557,59,601,-2691,-4377,126,853,545,-48
305,-581,258,-554,45,592,-2690,-4365,107,833,517,-70
291,-575,259,-547,35,585,-2690,-4352,90,814,489,-93
276,-574,265,-547,22,579,-2689,-4343,72,793,459,-115
258,-574,276,-551,3,573,-2688,-4334,55,773,427,-137
234,-576,296,-563,-27,563,-2688,-4325,38,747,396,-157
208,-582,321,-581,-61,553,-2689,-4313,20,720,365,-172
187,-589,345,-600,-93,547,-2685,-4296,5,702,338,-186
165,-598,372,-622,-126,540,-2683,-4283,-11,679,309,-201
145,-604,395,-641,-156,533,-2684,-4274,-25,654,282,-218
129,-609,415,-658,-182,526,-2686,-4267,-40,631,258,-236
116,-619,438,-680,-207,524,-2688,-4263,-56,610,233,-255
104,-628,461,-704,-234,520,-2693,-4262,-76,582,207,-277
89,-636,487,-728,-263,514,-2699,-4263,-99,555,181,-299
75,-639,509,-747,-289,503,-2704,-4263,-119,538,157,-320
66,-637,521,-757,-306,492,-2701,-4260,-134,528,139,-341
60,-636,533,-769,-321,484,-2695,-4254,-145,518,120,-362
56,-633,542,-776,-332,474,-2688,-4246,-156,511,102,-381
52,-625,546,-778,-339,461,-2678,-4235,-165,507,86,-399
48,-614,547,-775,-345,445,-2665,-4223,-170,505,68,-415
42,-600,549,-771,-352,427,-2654,-4210,-175,500,49,-431
32,-582,548,-763,-359,403,-2643,-4198,-181,494,32,-450
18,-564,553,-757,-373,377,-2636,-4190,-191,481,11,-473
4,-547,557,-751,-385,351,-2632,-4186,-204,461,-13,-498
-10,-530,562,-746,-398,327,-2630,-4182,-216,439,-35,-522
-26,-514,568,-741,-412,303,-2624,-4180,-227,424,-55,-548
-43,-499,575,-738,-428,279,-2615,-4179,-237,413,-76,-576
-60,-487,584,-736,-445,258,-2606,-4179,-249,395,-101,-606
-77,-472,588,-728,-459,235,-2596,-4182,-260,376,-127,-632
-99,-454,593,-719,-475,208,-2586,-4189,-273,354,-157,-658
-127,-435,603,-712,-500,178,-2575,-4197,-289,339,-186,-684
-156,-415,611,-702,-522,148,-2559,-4203,-303,332,-211,-704
-181,-397,615,-691,-540,122,-2540,-4209,-317,330,-234,-722
-203,-382,619,-680,-556,101,-2518,-4212,-329,329,-251,-736
-227,-373,630,-679,-577,84,-2500,-4216,-342,318,-267,-750
-253,-374,652,-692,-608,73,-2488,-4224,-361,299,-286,-765
-273,-385,677,-711,-635,72,-2473,-4232,-381,280,-307,-781
-289,-400,701,-735,-660,78,-2455,-4241,-401,262,-327,-796
-304,-415,726,-758,-685,83,-2435,-4247,-420,247,-349,-810
-322,-428,751,-781,-713,86,-2415,-4252,-440,229,-371,-823
-338,-439,771,-799,-736,88,-2396,-4256,-460,210,-394,-836
-354,-447,789,-814,-757,89,-2378,-4263,-482,195,-416,-847
-366,-450,797,-819,-770,88,-2358,-4269,-505,185,-433,-858
-375,-453,804,-824,-780,88,-2339,-4276,-528,174,-449,-867
-382,-454,807,-826,-787,88,-2318,-4283,-549,163,-468,-874
-388,-456,810,-829,-793,88,-2299,-4285,-570,147,-489,-880
-395,-460,817,-836,-802,88,-2283,-4285,-593,129,-512,-882
-401,-465,825,-845,-812,88,-2262,-4288,-612,113,-534,-885
-410,-472,838,-859,-827,88,-2244,-4294,-632,93,-558,-890
-417,-476,847,-869,-839,84,-2226,-4296,-651,78,-580,-892
-422,-478,852,-874,-847,80,-2205,-4295,-667,68,-598,-894
-428,-478,858,-880,-856,73,-2182,-4296,-678,61,-615,-895
-436,-482,870,-893,-871,67,-2163,-4296,-688,53,-631,-895
-445,-488,887,-911,-890,61,-2149,-4298,-702,45,-647,-894
-453,-491,900,-923,-906,52,-2134,-4299,-716,40,-661,-894
-455,-488,902,-924,-910,42,-2117,-4300,-728,42,-672,-897
-455,-482,901,-921,-911,32,-2100,-4299,-740,40,-682,-904
-453,-475,897,-916,-908,23,-2083,-4295,-750,36,-691,-910
-449,-467,890,-908,-902,13,-2065,-4291,-757,32,-700,-915
-446,-454,880,-895,-895,1,-2045,-4288,-763,27,-708,-924
-446,-440,872,-881,-890,-15,-2027,-4286,-772,20,-718,-937
-445,-424,862,-865,-883,-31,-2013,-4284,-783,14,-726,-952
-445,-412,855,-853,-879,-44,-2000,-4285,-795,8,-735,-965
-445,-400,850,-842,-876,-57,-1985,-4286,-807,6,-743,-976
-445,-392,847,-836,-873,-67,-1973,-4289,-821,0,-751,-987
-441,-387,842,-830,-868,-71,-1963,-4299,-840,-4,-761,-1003
-436,-384,838,-825,-861,-72,-1952,-4313,-862,-7,-774,-1024
-433,-386,840,-827,-859,-71,-1946,-4328,-885,-15,-788,-1046
-428,-391,843,-832,-856,-65,-1938,-4340,-907,-19,-799,-1065
-426,-401,851,-844,-859,-57,-1929,-4353,-930,-25,-810,-1085
-429,-414,867,-862,-869,-50,-1921,-4367,-952,-34,-823,-1104
-434,-422,880,-875,-879,-46,-1910,-4379,-970,-37,-835,-1121
-440,-427,888,-883,-885,-43,-1894,-4391,-986,-39,-845,-1138
-441,-433,893,-889,-887,-37,-1878,-4400,-1002,-41,-850,-1158
-448,-438,901,-897,-894,-34,-1870,-4414,-1022,-52,-857,-1178
-462,-447,920,-914,-913,-32,-1871,-4429,-1043,-66,-867,-1195
-476,-458,941,-934,-934,-30,-1873,-4446,-1063,-77,-877,-1210
-491,-471,964,-957,-957,-25,-1877,-4467,-1084,-87,-889,-1228
-504,-481,984,-977,-977,-22,-1881,-4488,-1103,-100,-902,-1249
-518,-489,1001,-992,-996,-21,-1887,-4507,-1123,-115,-917,-1266
-526,-492,1008,-999,-1005,-19,-1892,-4521,-1142,-126,-931,-1280
-532,-494,1012,-1003,-1011,-16,-1895,-4535,-1159,-135,-942,-1292
-531,-492,1006,-997,-1007,-13,-1892,-4545,-1174,-142,-950,-1298
-534,-483,997,-985,-1003,-16,-1886,-4553,-1186,-146,-954,-1303
-536,-471,984,-969,-997,-22,-1877,-4558,-1197,-148,-954,-1307
-537,-460,973,-954,-991,-26,-1872,-4562,-1205,-153,-953,-1313
-540,-449,964,-941,-990,-32,-1875,-4566,-1212,-164,-951,-1321
-544,-437,955,-927,-989,-41,-1880,-4572,-1217,-175,-950,-1334
-554,-427,954,-920,-997,-52,-1889,-4584,-1224,-188,-950,-1350
-562,-421,956,-918,-1006,-61,-1898,-4593,-1230,-198,-951,-1362
-563,-420,957,-918,-1010,-62,-1902,-4601,-1233,-207,-953,-1373
-563,-426,964,-926,-1018,-59,-1905,-4606,-1232,-211,-954,-1383
-566,-435,978,-941,-1031,-56,-1910,-4610,-1233,-215,-957,-1393
-569,-446,995,-960,-1047,-52,-1916,-4617,-1234,-217,-960,-1400
-569,-454,1005,-972,-1056,-50,-1918,-4622,-1235,-213,-962,-1402
-562,-457,1005,-975,-1054,-45,-1910,-4619,-1228,-199,-960,-1401
-554,-462,1005,-978,-1050,-41,-1899,-4615,-1217,-188,-956,-1399
-543,-468,1004,-981,-1044,-33,-1887,-4612,-1205,-181,-952,-1398
-532,-472,1001,-983,-1036,-28,-1874,-4608,-1193,-178,-948,-1398
-523,-470,995,-978,-1026,-28,-1859,-4607,-1180,-176,-944,-1400
-516,-465,987,-970,-1016,-31,-1846,-4606,-1168,-175,-941,-1405
-510,-455,976,-957,-1004,-38,-1831,-4605,-1160,-175,-939,-1408
-508,-445,968,-946,-996,-48,-1819,-4605,-1154,-177,-938,-1415
-508,-435,961,-935,-990,-59,-1803,-4602,-1148,-178,-936,-1423
-511,-426,959,-929,-988,-71,-1788,-4595,-1140,-180,-936,-1430
-513,-420,957,-924,-987,-80,-1773,-4591,-1134,-181,-937,-1438
-512,-416,955,-921,-982,-85,-1762,-4589,-1128,-185,-941,-1449
-515,-416,958,-923,-983,-88,-1755,-4587,-1123,-195,-945,-1461
-517,-416,961,-925,-984,-91,-1745,-4584,-1118,-198,-948,-1472
-522,-419,967,-931,-987,-93,-1735,-4580,-1110,-194,-954,-1485
-528,-420,973,-935,-992,-97,-1727,-4575,-1101,-190,-961,-1499
-533,-413,969,-927,-990,-104,-1715,-4565,-1088,-181,-965,-1510
-539,-397,956,-906,-982,-117,-1701,-4553,-1072,-170,-965,-1522
-540,-375,931,-874,-964,-131,-1685,-4540,-1054,-157,-964,-1533
-539,-354,904,-841,-944,-141,-1672,-4528,-1037,-149,-963,-1540
-543,-338,887,-818,-934,-152,-1665,-4519,-1022,-149,-966,-1547
-547,-326,875,-801,-927,-160,-1659,-4514,-1009,-150,-971,-1552
-549,-322,868,-792,-923,-161,-1653,-4510,-996,-151,-976,-1556
-553,-321,865,-788,-924,-160,-1649,-4506,-982,-151,-984,-1562
-562,-320,867,-787,-931,-164,-1649,-4502,-973,-159,-997,-1569
-571,-318,870,-787,-940,-167,-1653,-4497,-966,-166,-1012,-1580
-582,-321,880,-794,-955,-170,-1660,-4494,-961,-180,-1032,-1595
-591,-328,891,-805,-970,-168,-1665,-4487,-955,-194,-1053,-1611
-599,-339,907,-823,-989,-164,-1669,-4479,-950,-208,-1077,-1629
-609,-349,924,-841,-1010,-161,-1669,-4469,-945,-218,-1101,-1645
-619,-357,941,-858,-1031,-160,-1672,-4456,-943,-232,-1126,-1659
-629,-365,958,-874,-1052,-160,-1676,-4441,-944,-246,-1151,-1670
-636,-370,971,-887,-1069,-161,-1678,-4425,-944,-255,-1173,-1678
-646,-373,984,-898,-1088,-166,-1681,-4408,-946,-266,-1194,-1685
-653,-371,991,-902,-1100,-172,-1683,-4392,-948,-278,-1214,-1691
-654,-366,990,-900,-1104,-178,-1683,-4374,-949,-288,-1230,-1695
-656,-362,990,-898,-1109,-184,-1680,-4358,-952,-296,-1244,-1699
-661,-359,997,-902,-1119,-190,-1680,-4344,-957,-302,-1258,-1701
-665,-360,1007,-911,-1131,-195,-1680,-4333,-961,-310,-1273,-1703
-665,-362,1013,-918,-1138,-197,-1676,-4321,-961,-311,-1287,-1707
-660,-359,1010,-916,-1135,-199,-1667,-4308,-957,-311,-1298,-1711
-654,-353,1003,-909,-1129,-202,-1656,-4293,-949,-313,-1307,-1713
-649,-345,995,-899,-1120,-207,-1646,-4277,-941,-313,-1315,-1713
-642,-336,985,-889,-1111,-211,-1634,-4263,-935,-315,-1323,-1712
-636,-330,977,-881,-1102,-212,-1622,-4255,-930,-313,-1332,-1715
-633,-327,975,-879,-1098,-215,-1610,-4251,-924,-315,-1341,-1721
-632,-324,975,-877,-1096,-218,-1598,-4249,-917,-319,-1348,-1726
-636,-324,980,-881,-1101,-222,-1589,-4249,-910,-323,-1354,-1732
-639,-325,987,-887,-1105,-225,-1580,-4250,-901,-326,-1359,-1737
-641,-329,994,-894,-1109,-224,-1576,-4252,-894,-329,-1366,-1742
-643,-330,998,-898,-1110,-225,-1577,-4256,-885,-328,-1374,-1749
-645,-326,996,-894,-1106,-229,-1573,-4260,-875,-326,-1382,-1757
-646,-320,990,-886,-1099,-233,-1571,-4263,-863,-327,-1388,-1763
-641,-312,976,-870,-1082,-234,-1566,-4259,-849,-321,-1390,-1766
-637,-303,961,-855,-1065,-236,-1559,-4254,-834,-315,-1390,-1771
-634,-295,949,-840,-1051,-238,-1552,-4252,-824,-313,-1390,-1776
-629,-284,931,-820,-1031,-239,-1549,-4252,-817,-311,-1392,-1780
-621,-273,909,-797,-1007,-240,-1547,-4253,-811,-308,-1396,-1785
-613,-261,886,-773,-983,-239,-1541,-4251,-803,-304,-1399,-1790
-606,-256,872,-759,-966,-236,-1537,-4252,-796,-303,-1403,-1797
-605,-259,872,-760,-962,-230,-1540,-4256,-795,-310,-1413,-1807
-610,-269,882,-773,-970,-224,-1542,-4259,-795,-316,-1426,-1815
-619,-284,902,-794,-988,-218,-1540,-4262,-796,-322,-1437,-1821
-631,-299,926,-818,-1010,-213,-1537,-4267,-799,-332,-1451,-1826
-645,-318,954,-847,-1038,-208,-1538,-4276,-808,-348,-1468,-1833
-662,-334,984,-877,-1069,-206,-1541,-4287,-816,-361,-1484,-1841
-682,-352,1018,-909,-1106,-206,-1546,-4301,-823,-373,-1502,-1849
-695,-367,1044,-935,-1134,-204,-1550,-4312,-829,-386,-1516,-1855
-705,-380,1064,-955,-1157,-200,-1555,-4324,-834,-399,-1529,-1861
-710,-391,1078,-970,-1173,-197,-1557,-4335,-833,-406,-1536,-1864
-714,-400,1090,-983,-1186,-193,-1558,-4346,-828,-414,-1540,-1866
-715,-408,1100,-994,-1198,-189,-1562,-4354,-823,-424,-1543,-1862
-710,-415,1103,-1000,-1201,-183,-1563,-4360,-814,-429,-1541,-1855
-707,-422,1109,-1009,-1208,-177,-1561,-4360,-799,-430,-1536,-1846
-700,-428,1110,-1013,-1209,-170,-1560,-4354,-782,-427,-1526,-1831
-688,-429,1102,-1009,-1200,-163,-1557,-4345,-761,-415,-1511,-1811
-676,-425,1089,-998,-1189,-160,-1558,-4335,-738,-404,-1496,-1792
-666,-421,1078,-989,-1179,-158,-1560,-4325,-714,-396,-1481,-1776
-659,-419,1074,-986,-1176,-157,-1563,-4315,-691,-388,-1469,-1760
-654,-419,1072,-986,-1175,-156,-1565,-4304,-670,-375,-1457,-1743
-643,-416,1063,-980,-1165,-153,-1560,-4294,-650,-358,-1445,-1727
-635,-412,1054,-972,-1156,-153,-1555,-4285,-633,-345,-1436,-1713
-630,-403,1043,-961,-1146,-158,-1552,-4281,-621,-336,-1429,-1703
-628,-394,1035,-951,-1140,-165,-1551,-4277,-610,-330,-1424,-1699
-626,-383,1024,-938,-1132,-174,-1549,-4274,-600,-324,-1420,-1702
-625,-374,1016,-927,-1125,-182,-1545,-4273,-591,-322,-1420,-1706
-623,-365,1006,-916,-1115,-188,-1537,-4272,-582,-319,-1418,-1710
-624,-359,1001,-910,-1111,-196,-1527,-4274,-575,-315,-1418,-1713
-628,-351,997,-903,-1108,-205,-1518,-4276,-572,-314,-1421,-1715
-632,-345,996,-898,-1107,-214,-1513,-4276,-570,-315,-1425,-1716
-637,-339,993,-892,-1105,-223,-1506,-4274,-568,-312,-1431,-1713
-640,-332,988,-883,-1100,-231,-1491,-4270,-562,-301,-1437,-1711
-642,-327,984,-877,-1095,-237,-1476,-4266,-556,-290,-1448,-1707
-641,-321,975,-866,-1084,-240,-1457,-4259,-548,-276,-1459,-1702
-640,-315,965,-854,-1073,-244,-1439,-4257,-540,-264,-1475,-1700
-641,-307,956,-842,-1065,-249,-1426,-4262,-535,-253,-1495,-1699
-638,-300,944,-828,-1052,-251,-1413,-4267,-529,-243,-1515,-1697
-635,-292,930,-812,-1038,-252,-1402,-4272,-522,-234,-1535,-1694
-634,-281,915,-793,-1024,-257,-1390,-4274,-510,-224,-1551,-1690
-635,-273,906,-781,-1017,-259,-1382,-4273,-498,-220,-1567,-1687
-641,-274,909,-781,-1020,-259,-1382,-4275,-491,-228,-1587,-1686
-648,-278,916,-787,-1028,-258,-1384,-4279,-483,-236,-1609,-1684
-657,-285,930,-799,-1041,-256,-1386,-4286,-473,-242,-1634,-1681
-671,-295,950,-819,-1063,-254,-1390,-4292,-461,-247,-1658,-1680
-688,-308,977,-844,-1090,-252,-1398,-4295,-451,-262,-1682,-1678
-701,-324,1004,-872,-1117,-246,-1404,-4294,-440,-274,-1706,-1678
-714,-345,1035,-906,-1145,-237,-1408,-4289,-427,-284,-1729,-1678
-722,-367,1062,-939,-1169,-223,-1413,-4280,-412,-291,-1751,-1674
-729,-387,1088,-970,-1191,-210,-1422,-4271,-399,-297,-1774,-1671
-733,-407,1110,-999,-1210,-197,-1430,-4262,-384,-299,-1795,-1667
-737,-423,1130,-1023,-1227,-185,-1439,-4248,-369,-299,-1813,-1662
-739,-434,1144,-1042,-1240,-177,-1450,-4231,-355,-301,-1829,-1653
-738,-440,1150,-1051,-1245,-171,-1457,-4209,-336,-298,-1840,-1640
-737,-443,1153,-1057,-1249,-167,-1464,-4187,-317,-297,-1851,-1627
-733,-442,1150,-1057,-1247,-166,-1467,-4162,-297,-291,-1856,-1610
-727,-438,1143,-1051,-1241,-165,-1467,-4134,-276,-280,-1857,-1593
-719,-437,1138,-1049,-1235,-162,-1467,-4108,-256,-266,-1857,-1578
-714,-435,1134,-1047,-1232,-162,-1468,-4085,-238,-254,-1858,-1565
-708,-433,1130,-1046,-1229,-163,-1469,-4064,-223,-244,-1862,-1556
-701,-431,1125,-1043,-1224,-163,-1465,-4043,-207,-231,-1867,-1549
-689,-426,1113,-1033,-1210,-163,-1454,-4020,-189,-210,-1868,-1545
-676,-423,1100,-1024,-1195,-160,-1443,-3998,-172,-195,-1870,-1544
-663,-421,1088,-1016,-1180,-157,-1432,-3977,-154,-185,-1874,-1543
-650,-419,1078,-1009,-1166,-153,-1420,-3958,-139,-178,-1880,-1544
-640,-415,1065,-998,-1152,-153,-1406,-3942,-125,-166,-1884,-1549
-634,-406,1052,-984,-1140,-158,-1391,-3926,-113,-153,-1886,-1554
-629,-395,1038,-967,-1127,-165,-1376,-3914,-105,-137,-1884,-1558
-630,-383,1029,-952,-1122,-177,-1364,-3907,-103,-126,-1886,-1565
-628,-375,1019,-940,-1113,-183,-1352,-3900,-104,-112,-1884,-1572
-623,-372,1012,-932,-1104,-184,-1341,-3894,-109,-102,-1880,-1578
-619,-368,1003,-923,-1094,-185,-1335,-3888,-115,-88,-1874,-1584
-614,-364,994,-913,-1084,-184,-1326,-3886,-121,-70,-1863,-1593
-611,-364,990,-910,-1077,-182,-1320,-3887,-131,-56,-1854,-1602
-605,-364,983,-904,-1067,-178,-1315,-3890,-143,-41,-1843,-1608
-604,-364,980,-901,-1062,-176,-1312,-3894,-157,-27,-1832,-1612
-610,-366,987,-906,-1069,-177,-1311,-3898,-174,-16,-1820,-1614
-613,-369,991,-910,-1072,-175,-1306,-3901,-194,-2,-1807,-1615
-612,-367,985,-904,-1066,-174,-1298,-3904,-215,15,-1790,-1612
-607,-356,967,-884,-1048,-176,-1288,-3903,-237,34,-1770,-1604
-604,-342,947,-860,-1031,-181,-1277,-3902,-258,52,-1749,-1592
-606,-331,935,-846,-1022,-185,-1270,-3905,-282,65,-1732,-1578
-605,-322,923,-831,-1012,-188,-1266,-3911,-311,78,-1717,-1566
-604,-314,911,-818,-1002,-189,-1257,-3919,-340,90,-1704,-1555
-603,-309,904,-809,-995,-190,-1243,-3926,-366,106,-1692,-1547
-603,-310,903,-809,-993,-187,-1228,-3928,-391,122,-1682,-1537
-604,-312,904,-810,-992,-183,-1210,-3929,-413,141,-1670,-1525
-607,-317,909,-817,-997,-180,-1193,-3928,-431,157,-1658,-1512
-607,-322,913,-822,-999,-175,-1174,-3924,-442,176,-1644,-1496
-608,-330,920,-831,-1003,-168,-1160,-3920,-452,189,-1629,-1481
-608,-340,929,-843,-1008,-160,-1148,-3917,-463,202,-1613,-1466
-606,-351,939,-856,-1014,-150,-1140,-3917,-477,211,-1598,-1455
-607,-363,951,-870,-1022,-142,-1141,-3916,-492,217,-1585,-1444
-603,-376,961,-885,-1026,-130,-1141,-3916,-503,230,-1569,-1435
-596,-393,972,-903,-1029,-115,-1141,-3919,-511,243,-1552,-1422
-585,-408,976,-915,-1025,-99,-1146,-3922,-517,261,-1530,-1407
-567,-422,975,-923,-1014,-79,-1153,-3920,-515,288,-1503,-1391
-550,-438,975,-933,-1003,-58,-1159,-3915,-508,318,-1476,-1371
-528,-458,976,-947,-991,-33,-1165,-3908,-495,349,-1450,-1350
-504,-480,977,-962,-976,-5,-1172,-3895,-477,380,-1421,-1325
-478,-495,969,-967,-956,20,-1176,-3876,-448,422,-1387,-1297
-445,-502,946,-956,-920,43,-1175,-3849,-408,480,-1345,-1264
-408,-506,917,-940,-878,67,-1173,-3819,-361,537,-1300,-1234
-368,-509,883,-920,-830,92,-1171,-3785,-309,593,-1253,-1203
-324,-513,847,-899,-779,119,-1170,-3749,-251,650,-1204,-1170
-277,-518,807,-876,-723,150,-1166,-3711,-187,711,-1156,-1136
-231,-522,767,-854,-667,179,-1162,-3669,-116,779,-1108,-1101
-185,-522,723,-825,-608,205,-1155,-3624,-39,855,-1055,-1062
-140,-521,678,-794,-548,231,-1146,-3578,44,934,-997,-1018
-87,-520,625,-760,-479,262,-1134,-3530,133,1017,-933,-969
-28,-524,570,-726,-402,301,-1123,-3478,228,1100,-861,-914
39,-533,511,-694,-318,348,-1108,-3424,329,1197,-780,-854
111,-543,447,-659,-227,402,-1085,-3369,440,1307,-692,-792
183,-558,387,-629,-138,459,-1062,-3312,554,1416,-606,-728
259,-575,325,-600,-46,521,-1037,-3253,671,1528,-517,-663
337,-596,265,-575,47,588,-1013,-3196,786,1639,-428,-601
415,-622,210,-556,138,660,-987,-3136,901,1752,-338,-538
495,-649,153,-537,230,734,-958,-3073,1020,1872,-243,-470
580,-678,93,-515,328,814,-926,-3008,1144,1999,-143,-398
671,-706,26,-489,435,898,-892,-2940,1271,2131,-38,-323
766,-738,-41,-465,546,990,-859,-2870,1397,2264,71,-246
863,-779,-100,-453,651,1088,-832,-2801,1518,2397,185,-165
968,-828,-159,-445,762,1198,-806,-2730,1640,2540,306,-75
1081,-884,-219,-441,878,1317,-776,-2655,1767,2693,436,26
1202,-946,-282,-439,1001,1447,-745,-2577,1897,2853,577,136
1331,-1013,-345,-439,1130,1585,-714,-2492,2030,3021,728,262
1470,-1086,-414,-440,1268,1734,-679,-2400,2170,3207,893,402
1617,-1164,-483,-445,1411,1891,-643,-2302,2318,3404,1070,554
1774,-1248,-558,-448,1565,2058,-602,-2193,2477,3611,1257,716
1938,-1333,-636,-451,1724,2230,-561,-2076,2643,3820,1454,889
2108,-1421,-717,-454,1890,2408,-515,-1952,2817,4043,1660,1074
2287,-1517,-800,-461,2062,2595,-464,-1824,2997,4274,1874,1272
2477,-1619,-885,-470,2243,2793,-415,-1692,3182,4509,2096,1479
2681,-1730,-975,-482,2437,3004,-363,-1557,3378,4757,2328,1695
2892,-1850,-1063,-502,2634,3226,-309,-1419,3580,5012,2570,1920
3114,-1976,-1154,-525,2840,3457,-252,-1271,3789,5274,2823,2158
3351,-2109,-1253,-546,3061,3702,-187,-1115,4010,5550,3086,2406
3597,-2243,-1359,-565,3294,3952,-120,-954,4241,5839,3360,2668
3855,-2381,-1472,-581,3539,4212,-52,-788,4480,6143,3647,2947
4125,-2524,-1592,-596,3797,4481,19,-614,4728,6461,3945,3240
4402,-2666,-1718,-607,4064,4754,97,-434,4988,6796,4253,3544
4689,-2807,-1857,-609,4347,5031,183,-246,5260,7141,4574,3857
4985,-2951,-2001,-611,4640,5316,272,-54,5540,7485,4902,4174
5288,-3099,-2148,-613,4939,5608,367,147,5825,7831,5234,4493
5595,-3250,-2296,-618,5244,5904,465,352,6115,8178,5565,4809
5901,-3401,-2444,-623,5547,6200,564,555,6407,8525,5895,5122
6203,-3553,-2587,-633,5846,6494,659,752,6698,8864,6222,5431
6505,-3706,-2732,-642,6146,6789,752,945,6989,9195,6550,5740
6805,-3859,-2873,-655,6443,7082,841,1131,7277,9519,6877,6047
7105,-4013,-3016,-667,6741,7377,928,1312,7566,9842,7202,6352
7407,-4168,-3161,-678,7043,7675,1012,1491,7856,10166,7529,6655
7715,-4322,-3314,-685,7353,7977,1094,1671,8150,10493,7856,6956
8029,-4474,-3475,-683,7674,8283,1178,1848,8450,10825,8181,7256
8341,-4628,-3636,-684,7992,8590,1258,2024,8750,11155,8504,7555
8654,-4784,-3796,-685,8311,8900,1338,2197,9049,11484,8827,7854
8968,-4949,-3949,-697,8625,9218,1417,2365,9345,11809,9149,8151
9280,-5123,-4092,-720,8932,9543,1492,2525,9640,12133,9468,8446
9595,-5302,-4233,-748,9238,9875,1566,2686,9936,12459,9788,8745
9911,-5487,-4372,-780,9544,10212,1640,2847,10235,12789,10110,9045
10227,-5674,-4510,-813,9848,10552,1713,3009,10532,13119,10434,9345
10539,-5865,-4639,-855,10143,10894,1785,3171,10826,13440,10757,9643
10838,-6061,-4752,-908,10418,11231,1849,3331,11112,13747,11071,9939
11132,-6256,-4861,-964,10686,11566,1910,3490,11395,14047,11380,10229
11422,-6454,-4963,-1025,10946,11901,1973,3653,11676,14338,11683,10515
11708,-6654,-5059,-1090,11198,12234,2038,3819,11954,14617,11977,10794
11987,-6854,-5148,-1159,11441,12563,2103,3985,12226,14881,12264,11066
12258,-7049,-5232,-1229,11675,12884,2166,4155,12492,15139,12540,11330
12521,-7243,-5309,-1302,11897,13197,2226,4326,12750,15383,12803,11581
12776,-7432,-5382,-1373,12112,13501,2284,4498,13001,15613,13055,11820
13020,-7614,-5449,-1444,12314,13792,2338,4670,13245,15828,13294,12047
13256,-7788,-5516,-1510,12511,14072,2393,4841,13480,16033,13519,12264
13490,-7957,-5584,-1571,12708,14346,2447,5010,13709,16227,13732,12471
13722,-8122,-5652,-1630,12903,14614,2500,5176,13928,16408,13936,12674
13955,-8280,-5728,-1679,13104,14877,2557,5337,14139,16587,14135,12872
14183,-8432,-5804,-1725,13302,15131,2614,5488,14341,16764,14329,13068
14410,-8577,-5883,-1765,13503,15379,2672,5633,14537,16938,14522,13265
14642,-8721,-5967,-1801,13709,15626,2735,5774,14727,17110,14714,13463
14867,-8867,-6042,-1846,13906,15870,2796,5906,14909,17280,14900,13655
15084,-9013,-6106,-1899,14092,16107,2854,6033,15081,17445,15080,13841
15298,-9163,-6163,-1959,14271,16342,2913,6151,15243,17603,15255,14021
15513,-9314,-6218,-2023,14450,16577,2973,6261,15398,17758,15422,14195
15731,-9461,-6279,-2081,14637,16812,3037,6363,15552,17916,15589,14364
15948,-9609,-6338,-2142,14822,17044,3103,6457,15698,18070,15755,14525
16159,-9757,-6390,-2208,15000,17274,3172,6544,15832,18219,15915,14683
16366,-9907,-6437,-2280,15171,17500,3243,6619,15952,18353,16067,14832
16568,-10055,-6480,-2353,15337,17723,3316,6686,16065,18482,16210,14970
16763,-10205,-6516,-2433,15495,17943,3392,6746,16171,18605,16346,15101
16951,-10352,-6549,-2514,15647,18158,3469,6798,16271,18718,16475,15225
17132,-10499,-6575,-2598,15789,18367,3542,6836,16357,18816,16593,15340
17309,-10643,-6601,-2683,15929,18574,3611,6862,16432,18903,16704,15444
17479,-10785,-6624,-2767,16062,18776,3677,6875,16498,18979,16806,15539
17645,-10926,-6646,-2852,16192,18977,3737,6868,16552,19045,16893,15621
17814,-11069,-6669,-2938,16324,19184,3795,6845,16598,19105,16971,15692
17981,-11217,-6688,-3028,16452,19392,3848,6805,16633,19152,17038,15753
18148,-11364,-6708,-3118,16580,19603,3901,6756,16660,19194,17100,15810
18308,-11511,-6724,-3209,16701,19811,3949,6691,16677,19227,17156,15861
18464,-11658,-6736,-3303,16816,20018,3990,6605,16680,19249,17207,15906
18621,-11803,-6755,-3389,16936,20226,4027,6503,16669,19264,17252,15950
18778,-11945,-6779,-3471,17058,20433,4061,6392,16652,19273,17294,15992
18934,-12086,-6803,-3551,17180,20640,4096,6273,16628,19270,17334,16033
19087,-12229,-6824,-3634,17296,20848,4127,6147,16594,19256,17372,16072
19234,-12377,-6834,-3726,17401,21055,4149,6013,16546,19230,17404,16109
19377,-12525,-6840,-3820,17500,21260,4169,5875,16490,19203,17433,16147
19518,-12674,-6845,-3916,17597,21465,4191,5732,16427,19172,17458,16182
19661,-12826,-6847,-4014,17692,21672,4211,5580,16355,19133,17476,16213
19805,-12982,-6846,-4116,17786,21882,4225,5418,16273,19085,17491,16245
19954,-13141,-6846,-4218,17884,22097,4235,5248,16182,19033,17505,16277
20104,-13303,-6843,-4324,17979,22313,4242,5073,16084,18980,17519,16312
20257,-13464,-6844,-4426,18080,22530,4253,4894,15986,18931,17535,16350
20414,-13626,-6845,-4529,18182,22748,4263,4713,15888,18880,17551,16390
20574,-13789,-6846,-4633,18286,22967,4273,4529,15790,18824,17566,16426
20733,-13952,-6845,-4737,18388,23185,4284,4342,15692,18760,17577,16460
20894,-14118,-6842,-4845,18490,23403,4293,4150,15587,18687,17586,16494
21065,-14287,-6843,-4953,18602,23630,4303,3955,15476,18614,17599,16527
21240,-14459,-6844,-5063,18716,23859,4315,3755,15363,18544,17616,16563
21418,-14628,-6848,-5170,18835,24087,4324,3546,15250,18480,17637,16604
21602,-14796,-6858,-5271,18962,24316,4329,3326,15135,18418,17661,16648
21785,-14965,-6865,-5377,19087,24545,4326,3086,15012,18350,17683,16690
21964,-15133,-6866,-5487,19205,24769,4314,2821,14878,18278,17706,16732
22135,-15295,-6864,-5595,19317,24982,4292,2527,14728,18198,17728,16772
22302,-15448,-6867,-5694,19430,25186,4262,2208,14567,18115,17747,16809
22476,-15593,-6883,-5780,19556,25389,4231,1871,14407,18038,17766,16845
22649,-15732,-6904,-5860,19686,25586,4194,1516,14242,17955,17782,16877
22817,-15862,-6930,-5932,19815,25775,4151,1146,14072,17864,17795,16906
22982,-15985,-6960,-5997,19947,25957,4101,756,13890,17764,17804,16931
23147,-16101,-6998,-6052,20084,26135,4045,342,13695,17659,17809,16953
23307,-16214,-7035,-6106,20217,26309,3983,-96,13481,17538,17806,16970
23464,-16325,-7071,-6159,20348,26480,3918,-556,13248,17397,17794,16985
23615,-16437,-7103,-6217,20473,26649,3847,-1034,12995,17242,17775,16998
23768,-16550,-7138,-6273,20601,26822,3771,-1532,12722,17076,17751,17009
23922,-16664,-7174,-6329,20731,26997,3687,-2051,12424,16900,17725,17020
24078,-16778,-7213,-6383,20864,27174,3598,-2590,12109,16724,17701,17032
24238,-16892,-7259,-6432,21004,27358,3508,-3146,11782,16551,17676,17048
24401,-17016,-7299,-6491,21142,27550,3416,-3716,11441,16379,17652,17067
24567,-17142,-7342,-6550,21284,27748,3319,-4294,11088,16212,17633,17095
24733,-17269,-7387,-6607,21426,27947,3214,-4879,10724,16046,17620,17132
24900,-17391,-7438,-6656,21573,28146,3099,-5470,10347,15879,17615,17177
25071,-17503,-7506,-6686,21735,28342,2978,-6066,9960,15712,17622,17235
25244,-17605,-7587,-6701,21905,28533,2852,-6661,9565,15551,17639,17306
25413,-17698,-7674,-6706,22076,28717,2724,-7253,9159,15389,17664,17383
25575,-17789,-7757,-6711,22239,28895,2593,-7836,8742,15220,17695,17464
25725,-17887,-7823,-6731,22383,29070,2458,-8413,8314,15037,17725,17550
25871,-17989,-7880,-6761,22517,29245,2323,-8982,7877,14851,17758,17642
26014,-18095,-7931,-6796,22645,29421,2190,-9543,7433,14663,17795,17742
26157,-18199,-7983,-6828,22774,29595,2062,-10096,6988,14473,17838,17849
26301,-18298,-8039,-6855,22905,29765,1937,-10634,6539,14277,17885,17964
26444,-18392,-8100,-6874,23039,29931,1816,-11154,6087,14075,17932,18080
26585,-18482,-8161,-6891,23171,30092,1697,-11657,5633,13866,17975,18194
26731,-18571,-8226,-6904,23310,30255,1580,-12143,5182,13647,18016,18307
26879,-18660,-8291,-6917,23450,30418,1461,-12616,4731,13419,18055,18419
27027,-18752,-8352,-6934,23586,30581,1341,-13078,4280,13191,18096,18533
27171,-18843,-8406,-6955,23716,30741,1216,-13532,3830,12964,18142,18648
27309,-18933,-8453,-6981,23838,30894,1080,-13978,3382,12743,18193,18769
27446,-19019,-8502,-7002,23960,31042,935,-14421,2938,12534,18254,18897
27577,-19100,-8547,-7023,24076,31182,778,-14861,2496,12332,18325,19030
27702,-19174,-8592,-7041,24187,31311,611,-15292,2059,12143,18405,19170
27823,-19242,-8638,-7052,24297,31433,434,-15711,1631,11969,18497,19319
27940,-19307,-8679,-7066,24401,31549,242,-16126,1211,11806,18600,19475
28051,-19368,-8718,-7079,24499,31657,36,-16538,796,11658,18716,19645
28158,-19424,-8757,-7089,24596,31758,-188,-16951,381,11522,18847,19832
28264,-19472,-8803,-7089,24697,31853,-432,-17374,-36,11386,18991,20035
28381,-19510,-8869,-7069,24819,31947,-691,-17806,-456,11252,19147,20251
28503,-19540,-8949,-7037,24952,32039,-967,-18249,-881,11111,19309,20476
28628,-19564,-9039,-6993,25096,32130,-1261,-18694,-1312,10967,19478,20714
28756,-19579,-9140,-6937,25249,32216,-1567,-19139,-1746,10820,19652,20960
28885,-19585,-9254,-6866,25412,32296,-1882,-19585,-2179,10674,19831,21212
29013,-19584,-9373,-6788,25578,32372,-2211,-20029,-2614,10519,20013,21466
29136,-19576,-9497,-6702,25744,32440,-2547,-20467,-3051,10358,20195,21721
29248,-19563,-9616,-6617,25898,32499,-2890,-20899,-3489,10193,20375,21973
29352,-19548,-9730,-6534,26045,32552,-3232,-21322,-3925,10021,20550,22220
29452,-19535,-9842,-6454,26188,32605,-3573,-21731,-4359,9843,20719,22460
29548,-19518,-9954,-6372,26328,32654,-3907,-22124,-4786,9662,20880,22694
29638,-19496,-10068,-6284,26466,32698,-4227,-22502,-5205,9477,21035,22919
29716,-19474,-10173,-6203,26590,32736,-4539,-22865,-5619,9281,21175,23133
29785,-19450,-10273,-6123,26705,32767,-4841,-23213,-6028,9079,21304,23338
29835,-19422,-10359,-6050,26797,32785,-5132,-23542,-6432,8871,21424,23531
29860,-19388,-10429,-5984,26863,32783,-5415,-23851,-6830,8654,21530,23715
29865,-19343,-10492,-5914,26911,32763,-5685,-24135,-7220,8430,21627,23896
29852,-19282,-10553,-5834,26946,32721,-5941,-24393,-7597,8207,21720,24075
29814,-19202,-10611,-5744,26962,32651,-6184,-24624,-7959,7987,21813,24256
29748,-19107,-10655,-5651,26948,32552,-6422,-24829,-8308,7766,21904,24439
29646,-18999,-10679,-5564,26898,32422,-6664,-25016,-8653,7543,21990,24622
29520,-18876,-10691,-5473,26823,32266,-6906,-25185,-8992,7326,22075,24810
29369,-18739,-10694,-5377,26724,32083,-7150,-25339,-9327,7110,22159,25003
29188,-18585,-10682,-5280,26596,31870,-7399,-25475,-9660,6889,22238,25197
28983,-18419,-10658,-5182,26443,31632,-7654,-25592,-9993,6654,22308,25387
28758,-18238,-10625,-5079,26269,31369,-7911,-25690,-10321,6411,22364,25567
28508,-18041,-10584,-4971,26073,31078,-8169,-25763,-10640,6156,22401,25734
28232,-17824,-10533,-4856,25854,30756,-8420,-25810,-10948,5881,22410,25882
27926,-17591,-10467,-4740,25603,30401,-8662,-25832,-11249,5581,22380,25999
27592,-17341,-10387,-4622,25324,30015,-8891,-25826,-11539,5259,22306,26075
27237,-17078,-10296,-4503,25023,29604,-9102,-25787,-11812,4914,22184,26104
26866,-16807,-10195,-4387,24705,29175,-9295,-25710,-12063,4554,22012,26087
26489,-16526,-10095,-4264,24382,28735,-9464,-25596,-12289,4190,21795,26021
26101,-16238,-9987,-4141,24048,28280,-9606,-25444,-12491,3820,21525,25893
25700,-15941,-9875,-4017,23701,27808,-9720,-25255,-12666,3439,21196,25694
25286,-15630,-9760,-3887,23344,27319,-9803,-25024,-12810,3043,20801,25418
24856,-15312,-9634,-3759,22970,26811,-9861,-24756,-12927,2624,20335,25056
24408,-14990,-9493,-3641,22573,26288,-9895,-24457,-13021,2183,19800,24615
23935,-14664,-9330,-3535,22146,25745,-9904,-24130,-13097,1722,19196,24095
23433,-14327,-9147,-3436,21685,25174,-9886,-23772,-13150,1250,18529,23500
22900,-13972,-8952,-3333,21198,24571,-9837,-23377,-13174,775,17809,22838
22333,-13598,-8741,-3230,20677,23931,-9762,-22949,-13174,291,17035,22112
21727,-13199,-8518,-3117,20123,23249,-9664,-22491,-13153,-207,16209,21321
21080,-12773,-8280,-2996,19533,22523,-9544,-22004,-13114,-723,15327,20463
20390,-12321,-8027,-2869,18904,21751,-9399,-21486,-13055,-1249,14394,19543
19656,-11848,-7754,-2740,18234,20937,-9233,-20941,-12977,-1784,13417,18569
18886,-11358,-7464,-2610,17529,20088,-9047,-20374,-12875,-2317,12408,17550
18079,-10857,-7150,-2489,16784,19209,-8847,-19786,-12755,-2839,11382,16502
17242,-10346,-6819,-2371,16008,18306,-8634,-19180,-12614,-3337,10353,15435
16379,-9826,-6474,-2257,15207,17381,-8409,-18562,-12456,-3804,9332,14362
15490,-9294,-6117,-2141,14380,16432,-8173,-17934,-12276,-4236,8328,13292
14578,-8749,-5752,-2023,13533,15462,-7926,-17294,-12072,-4630,7347,12228
13641,-8197,-5374,-1906,12662,14472,-7671,-16645,-11852,-4997,6388,11176
12692,-7638,-4992,-1788,11779,13472,-7405,-15989,-11616,-5333,5461,10142
11738,-7083,-4604,-1675,10890,12472,-7130,-15330,-11368,-5631,4570,9129
10781,-6533,-4210,-1570,9995,11476,-6851,-14674,-11107,-5893,3722,8144
9829,-5987,-3821,-1463,9106,10488,-6569,-14020,-10834,-6115,2922,7194
8890,-5447,-3439,-1356,8230,9513,-6288,-13374,-10550,-6301,2174,6278
7969,-4918,-3064,-1250,7370,8559,-6009,-12741,-10260,-6454,1480,5396
7067,-4404,-2694,-1151,6526,7628,-5740,-12124,-9972,-6586,832,4547
6176,-3909,-2316,-1070,5682,6717,-5484,-11525,-9690,-6697,226,3730
5306,-3433,-1938,-1000,4853,5833,-5233,-10939,-9413,-6782,-339,2948
4460,-2974,-1567,-938,4043,4976,-4985,-10365,-9139,-6841,-865,2200
3639,-2531,-1202,-880,3253,4146,-4742,-9804,-8869,-6883,-1353,1484
2842,-2105,-842,-831,2482,3343,-4504,-9257,-8603,-6914,-1807,804
2076,-1696,-493,-787,1738,2571,-4271,-8723,-8341,-6935,-2227,160
1341,-1306,-155,-747,1021,1831,-4047,-8204,-8087,-6949,-2619,-452
643,-927,163,-700,342,1121,-3833,-7699,-7839,-6958,-2978,-1028
-23,-562,464,-653,-305,441,-3630,-7210,-7600,-6961,-3306,-1568
-656,-213,753,-608,-922,-209,-3435,-6739,-7370,-6957,-3605,-2072
-1257,118,1030,-567,-1510,-826,-3250,-6285,-7151,-6950,-3877,-2540
-1826,434,1294,-528,-2068,-1415,-3081,-5850,-6947,-6947,-4126,-2972
-2353,735,1533,-483,-2582,-1968,-2922,-5436,-6758,-6946,-4358,-3372
-2840,1021,1751,-435,-3056,-2487,-2775,-5042,-6584,-6943,-4569,-3741
-3283,1293,1941,-379,-3482,-2968,-2640,-4667,-6423,-6936,-4761,-4077
-3681,1554,2100,-310,-3856,-3415,-2512,-4310,-6271,-6924,-4930,-4380
-4047,1801,2242,-241,-4199,-3832,-2394,-3971,-6130,-6911,-5082,-4654
-4383,2030,2372,-176,-4513,-4220,-2285,-3652,-5998,-6900,-5220,-4903
-4690,2240,2493,-120,-4800,-4576,-2189,-3355,-5881,-6889,-5347,-5132
-4968,2432,2602,-69,-5061,-4903,-2103,-3079,-5775,-6876,-5464,-5339
-5219,2618,2690,-10,-5289,-5209,-2022,-2819,-5675,-6856,-5570,-5528
-5454,2795,2769,48,-5498,-5497,-1948,-2576,-5583,-6840,-5671,-5705
-5673,2963,2840,104,-5693,-5770,-1883,-2348,-5498,-6828,-5764,-5873
-5878,3120,2905,156,-5872,-6025,-1825,-2134,-5420,-6818,-5852,-6032
-6072,3270,2963,207,-6039,-6267,-1772,-1934,-5346,-6804,-5932,-6180
-6258,3411,3019,253,-6199,-6498,-1724,-1748,-5277,-6789,-6008,-6320
-6435,3545,3070,297,-6350,-6715,-1680,-1575,-5211,-6775,-6080,-6456
-6605,3666,3122,332,-6495,-6918,-1638,-1413,-5150,-6763,-6152,-6588
-6768,3778,3174,362,-6635,-7107,-1596,-1257,-5093,-6749,-6223,-6714
-6924,3877,3227,383,-6772,-7282,-1559,-1111,-5041,-6737,-6295,-6835
-7074,3965,3282,398,-6905,-7443,-1527,-975,-4993,-6727,-6366,-6950
-7218,4048,3332,413,-7030,-7593,-1492,-849,-4947,-6712,-6435,-7063
-7362,4124,3386,422,-7159,-7738,-1465,-738,-4906,-6705,-6507,-7177
-7503,4193,3439,430,-7284,-7873,-1441,-637,-4867,-6698,-6578,-7286
-7639,4256,3492,435,-7407,-7998,-1420,-546,-4834,-6696,-6650,-7395
-7771,4313,3545,438,-7527,-8115,-1401,-466,-4807,-6700,-6725,-7502
-7900,4372,3590,449,-7640,-8229,-1383,-392,-4787,-6706,-6797,-7607
-8024,4433,3628,469,-7745,-8341,-1367,-325,-4767,-6712,-6866,-7705
-8142,4493,3660,493,-7842,-8446,-1350,-267,-4752,-6724,-6934,-7798
-8255,4546,3694,513,-7939,-8543,-1336,-218,-4743,-6745,-7002,-7890
-8372,4591,3742,519,-8048,-8638,-1333,-185,-4744,-6779,-7075,-7982
-8492,4635,3793,523,-8162,-8732,-1337,-164,-4756,-6816,-7152,-8075
-8604,4675,3845,525,-8272,-8820,-1344,-155,-4775,-6853,-7229,-8165
-8709,4710,3895,527,-8376,-8902,-1350,-152,-4797,-6887,-7305,-8249
-8807,4742,3945,525,-8475,-8976,-1360,-154,-4822,-6922,-7378,-8326
-8897,4772,3993,524,-8570,-9047,-1370,-157,-4851,-6956,-7447,-8396
-8985,4800,4044,519,-8664,-9117,-1379,-163,-4884,-6995,-7514,-8461
-9062,4826,4090,515,-8750,-9180,-1386,-173,-4918,-7036,-7579,-8522
-9137,4853,4136,511,-8833,-9245,-1392,-188,-4954,-7079,-7641,-8581
-9211,4886,4181,510,-8916,-9315,-1394,-203,-4990,-7118,-7703,-8636
-9284,4923,4222,514,-8994,-9390,-1397,-219,-5026,-7156,-7765,-8689
-9353,4962,4261,519,-9070,-9466,-1407,-238,-5062,-7196,-7830,-8739
-9417,5006,4294,530,-9138,-9544,-1421,-260,-5096,-7228,-7890,-8789
-9482,5051,4329,538,-9208,-9625,-1441,-284,-5127,-7259,-7948,-8836
-9542,5097,4361,548,-9272,-9705,-1463,-308,-5152,-7286,-8000,-8879
-9594,5144,4385,563,-9325,-9782,-1485,-331,-5169,-7305,-8048,-8919
-9639,5186,4409,572,-9375,-9852,-1510,-355,-5182,-7325,-8096,-8961
-9682,5223,4436,576,-9424,-9918,-1541,-382,-5192,-7346,-8147,-9003
-9725,5255,4468,571,-9475,-9981,-1576,-411,-5198,-7364,-8197,-9044
-9768,5288,4500,566,-9526,-10044,-1612,-442,-5198,-7371,-8243,-9083
-9805,5327,4518,574,-9565,-10108,-1645,-471,-5188,-7366,-8281,-9122
-9845,5373,4531,588,-9600,-10177,-1677,-501,-5172,-7359,-8315,-9162
-9887,5424,4540,608,-9634,-10250,-1713,-532,-5151,-7347,-8345,-9202
-9932,5479,4544,634,-9666,-10325,-1750,-564,-5128,-7334,-8372,-9244
-9972,5536,4541,666,-9690,-10397,-1785,-596,-5101,-7317,-8396,-9288
-10012,5590,4537,696,-9712,-10466,-1820,-630,-5069,-7298,-8417,-9330
-10051,5646,4529,731,-9732,-10533,-1852,-665,-5033,-7276,-8433,-9370
-10091,5697,4523,762,-9752,-10597,-1885,-704,-4996,-7260,-8446,-9408
-10128,5744,4515,791,-9770,-10653,-1919,-746,-4959,-7246,-8458,-9448
-10167,5787,4510,817,-9790,-10707,-1956,-790,-4926,-7235,-8469,-9487
-10208,5828,4506,842,-9813,-10760,-1993,-834,-4894,-7221,-8477,-9523
-10250,5869,4500,869,-9835,-10811,-2026,-881,-4861,-7201,-8483,-9559
-10294,5902,4502,886,-9863,-10858,-2059,-929,-4829,-7188,-8490,-9592
-10335,5930,4504,901,-9890,-10898,-2090,-976,-4800,-7176,-8497,-9622
-10377,5950,4512,909,-9921,-10933,-2120,-1028,-4774,-7170,-8506,-9651
-10425,5962,4531,905,-9964,-10966,-2155,-1088,-4758,-7174,-8522,-9682
-10474,5971,4554,896,-10010,-10997,-2194,-1151,-4748,-7183,-8544,-9716
-10523,5976,4580,886,-10058,-11025,-2233,-1217,-4741,-7196,-8567,-9751
-10571,5980,4605,875,-10106,-11051,-2272,-1282,-4736,-7210,-8591,-9786
-10618,5983,4630,865,-10152,-11076,-2315,-1347,-4735,-7227,-8613,-9821
-10666,5983,4660,850,-10204,-11100,-2363,-1414,-4738,-7252,-8637,-9854
-10711,5984,4686,839,-10251,-11123,-2410,-1476,-4741,-7277,-8659,-9880
-10755,5989,4709,833,-10295,-11149,-2456,-1537,-4740,-7297,-8678,-9904
-10797,5996,4730,831,-10338,-11176,-2503,-1598,-4737,-7313,-8698,-9925
-10837,5999,4753,824,-10380,-11201,-2553,-1657,-4734,-7332,-8719,-9943
-10874,6003,4775,820,-10420,-11224,-2602,-1714,-4727,-7346,-8738,-9955
-10911,6013,4795,819,-10460,-11253,-2652,-1765,-4715,-7354,-8755,-9963
-10943,6027,4806,828,-10490,-11282,-2698,-1809,-4698,-7356,-8769,-9964
-10966,6042,4812,840,-10511,-11306,-2741,-1852,-4676,-7356,-8781,-9963
-10984,6054,4817,851,-10528,-11327,-2778,-1892,-4649,-7352,-8789,-9960
-10999,6066,4822,861,-10544,-11346,-2810,-1928,-4617,-7348,-8794,-9954
-11017,6076,4834,864,-10566,-11366,-2847,-1962,-4587,-7351,-8800,-9945
-11036,6087,4848,865,-10590,-11388,-2883,-1996,-4556,-7349,-8808,-9938
-11059,6095,4872,857,-10623,-11411,-2922,-2034,-4529,-7351,-8824,-9938
-11080,6100,4898,845,-10656,-11432,-2957,-2071,-4504,-7356,-8840,-9941
-11094,6107,4917,837,-10681,-11449,-2981,-2101,-4476,-7352,-8854,-9942
-11106,6112,4937,827,-10703,-11465,-3002,-2130,-4449,-7344,-8867,-9944
-11118,6118,4957,817,-10726,-11481,-3021,-2158,-4423,-7329,-8879,-9945
-11130,6123,4977,804,-10750,-11496,-3036,-2182,-4396,-7309,-8890,-9944
-11138,6130,4993,795,-10767,-11511,-3040,-2205,-4370,-7281,-8903,-9943
-11135,6145,4990,803,-10765,-11522,-3033,-2224,-4340,-7243,-8913,-9942
-11129,6165,4978,819,-10754,-11536,-3018,-2242,-4309,-7199,-8921,-9939
-11121,6192,4956,846,-10735,-11552,-3000,-2260,-4278,-7148,-8928,-9938
-11111,6223,4928,879,-10710,-11569,-2977,-2276,-4244,-7094,-8935,-9935
-11099,6258,4892,919,-10679,-11587,-2945,-2290,-4207,-7036,-8939,-9931
-11084,6289,4854,958,-10644,-11600,-2910,-2306,-4172,-6980,-8943,-9930
-11069,6322,4814,999,-10606,-11614,-2869,-2322,-4139,-6920,-8945,-9929
-11056,6350,4777,1036,-10573,-11627,-2826,-2340,-4110,-6862,-8947,-9930
-11042,6371,4745,1065,-10540,-11634,-2780,-2361,-4085,-6806,-8950,-9933
-11029,6385,4718,1086,-10511,-11635,-2732,-2383,-4064,-6754,-8958,-9937
-11021,6396,4697,1102,-10490,-11638,-2679,-2406,-4046,-6703,-8970,-9942
-11014,6404,4677,1116,-10470,-11638,-2618,-2431,-4028,-6647,-8984,-9952
-11011,6404,4667,1119,-10458,-11636,-2558,-2461,-4015,-6598,-9004,-9968
-11008,6403,4656,1123,-10446,-11632,-2496,-2490,-4005,-6549,-9025,-9985
-11007,6404,4644,1131,-10434,-11631,-2433,-2520,-3998,-6504,-9050,-10004
-11010,6407,4633,1139,-10425,-11633,-2373,-2556,-3995,-6465,-9080,-10026
-11015,6412,4619,1152,-10416,-11637,-2316,-2594,-3994,-6429,-9110,-10047
-11017,6419,4600,1171,-10402,-11642,-2260,-2634,-3994,-6397,-9138,-10066
-11018,6430,4578,1195,-10385,-11647,-2203,-2674,-3996,-6364,-9164,-10082
-11020,6438,4557,1218,-10370,-11651,-2146,-2714,-4002,-6338,-9187,-10097
-11029,6441,4551,1228,-10370,-11656,-2097,-2758,-4015,-6324,-9213,-10112
-11038,6442,4546,1236,-10371,-11660,-2054,-2805,-4032,-6316,-9241,-10124
-11045,6443,4541,1246,-10372,-11662,-2011,-2855,-4047,-6306,-9269,-10133
-11049,6442,4537,1254,-10371,-11661,-1970,-2907,-4063,-6299,-9298,-10140
-11051,6439,4535,1258,-10371,-11657,-1936,-2961,-4081,-6297,-9329,-10146
-11053,6435,4535,1261,-10373,-11654,-1908,-3016,-4101,-6296,-9361,-10153
-11059,6429,4542,1258,-10382,-11650,-1887,-3075,-4121,-6298,-9395,-10162
-11060,6423,4549,1255,-10388,-11644,-1871,-3132,-4140,-6302,-9430,-10172
-11058,6416,4553,1253,-10391,-11636,-1861,-3193,-4160,-6311,-9465,-10183
-11056,6412,4557,1251,-10394,-11630,-1858,-3254,-4181,-6319,-9500,-10192
-11058,6410,4564,1250,-10402,-11629,-1856,-3312,-4200,-6323,-9532,-10198
-11066,6411,4577,1245,-10418,-11633,-1858,-3372,-4219,-6335,-9565,-10202
-11074,6415,4588,1244,-10432,-11641,-1859,-3433,-4239,-6347,-9597,-10208
-11082,6418,4602,1239,-10449,-11648,-1860,-3498,-4258,-6363,-9634,-10215
-11088,6423,4613,1236,-10462,-11656,-1861,-3563,-4276,-6379,-9668,-10222
-11088,6430,4616,1239,-10466,-11661,-1857,-3621,-4289,-6389,-9695,-10227
-11085,6436,4619,1241,-10467,-11664,-1855,-3675,-4299,-6400,-9722,-10232
-11083,6442,4622,1242,-10470,-11668,-1856,-3728,-4310,-6412,-9749,-10237
-11082,6449,4628,1241,-10475,-11674,-1856,-3780,-4324,-6421,-9777,-10242
-11085,6458,4633,1241,-10482,-11684,-1854,-3832,-4340,-6423,-9805,-10248
-11081,6473,4626,1253,-10476,-11694,-1847,-3878,-4352,-6413,-9828,-10250
-11073,6486,4616,1263,-10467,-11700,-1839,-3921,-4362,-6399,-9848,-10253
-11064,6499,4605,1275,-10455,-11705,-1832,-3961,-4373,-6384,-9868,-10256
-11058,6513,4593,1288,-10444,-11714,-1827,-3997,-4383,-6368,-9887,-10262
-11053,6528,4581,1301,-10434,-11723,-1821,-4029,-4393,-6350,-9905,-10270
-11053,6544,4571,1314,-10428,-11738,-1814,-4056,-4403,-6335,-9925,-10283
-11055,6565,4557,1332,-10421,-11756,-1806,-4078,-4411,-6320,-9943,-10302
-11063,6586,4546,1350,-10418,-11779,-1803,-4095,-4419,-6307,-9961,-10324
-11073,6608,4535,1367,-10418,-11803,-1804,-4104,-4425,-6295,-9980,-10349
-11083,6627,4525,1383,-10417,-11826,-1808,-4109,-4428,-6280,-9999,-10374
-11093,6647,4512,1403,-10414,-11849,-1816,-4112,-4427,-6260,-10016,-10399
-11105,6671,4494,1428,-10409,-11875,-1821,-4115,-4418,-6233,-10030,-10422
-11120,6693,4482,1449,-10409,-11901,-1826,-4118,-4407,-6209,-10046,-10447
-11135,6717,4464,1475,-10406,-11928,-1830,-4116,-4394,-6185,-10061,-10469
-11148,6739,4447,1501,-10401,-11953,-1830,-4111,-4382,-6159,-10077,-10491
-11166,6759,4435,1522,-10403,-11978,-1828,-4107,-4372,-6137,-10096,-10515
-11185,6779,4423,1544,-10406,-12003,-1823,-4100,-4362,-6117,-10112,-10538
-11205,6801,4408,1569,-10407,-12030,-1815,-4091,-4351,-6100,-10127,-10561
-11226,6825,4393,1597,-10409,-12058,-1805,-4079,-4339,-6084,-10139,-10583
-11248,6849,4379,1623,-10413,-12087,-1794,-4060,-4326,-6070,-10149,-10602
-11276,6868,4377,1639,-10429,-12115,-1791,-4043,-4318,-6064,-10163,-10622
-11305,6886,4377,1652,-10447,-12142,-1792,-4028,-4318,-6062,-10177,-10642
-11336,6902,4381,1663,-10469,-12170,-1797,-4020,-4325,-6063,-10191,-10661
-11368,6918,4388,1670,-10494,-12197,-1810,-4017,-4337,-6066,-10202,-10681
-11399,6930,4400,1672,-10523,-12222,-1830,-4019,-4357,-6077,-10211,-10698
-11425,6940,4409,1674,-10547,-12242,-1855,-4027,-4386,-6093,-10217,-10714
-11450,6950,4421,1675,-10572,-12262,-1885,-4044,-4426,-6114,-10226,-10733
-11474,6961,4430,1678,-10594,-12281,-1918,-4065,-4469,-6138,-10237,-10752
-11497,6972,4442,1679,-10619,-12301,-1959,-4092,-4516,-6167,-10250,-10774
-11523,6984,4459,1678,-10648,-12324,-2003,-4123,-4567,-6200,-10263,-10797
-11548,6995,4476,1674,-10678,-12345,-2047,-4158,-4619,-6237,-10273,-10816
-11572,6999,4502,1661,-10713,-12363,-2094,-4191,-4672,-6277,-10279,-10831
-11589,6998,4527,1644,-10742,-12373,-2138,-4221,-4723,-6306,-10278,-10844
-11600,6993,4552,1625,-10768,-12377,-2181,-4250,-4771,-6328,-10280,-10856
-11606,6989,4573,1609,-10787,-12379,-2220,-4276,-4812,-6348,-10281,-10864
-11608,6989,4586,1600,-10799,-12382,-2252,-4294,-4845,-6360,-10275,-10868
-11612,6990,4600,1591,-10812,-12388,-2278,-4306,-4874,-6371,-10267,-10869
-11617,6993,4616,1582,-10828,-12396,-2301,-4316,-4901,-6384,-10258,-10869
-11626,6996,4633,1573,-10846,-12407,-2320,-4328,-4924,-6397,-10247,-10866
-11638,7005,4649,1568,-10866,-12424,-2333,-4342,-4941,-6407,-10234,-10861
-11644,7024,4649,1579,-10871,-12445,-2336,-4351,-4950,-6407,-10219,-10855
-11648,7046,4643,1597,-10871,-12467,-2334,-4359,-4956,-6408,-10203,-10849
-11650,7070,4632,1618,-10866,-12488,-2329,-4369,-4962,-6409,-10187,-10842
-11650,7095,4616,1645,-10856,-12509,-2321,-4379,-4969,-6408,-10175,-10835
-11650,7125,4595,1676,-10842,-12533,-2311,-4389,-4976,-6405,-10166,-10832
-11654,7154,4576,1708,-10833,-12559,-2305,-4401,-4985,-6405,-10157,-10828
-11658,7185,4553,1742,-10820,-12585,-2300,-4414,-4993,-6404,-10147,-10825
-11666,7214,4536,1771,-10814,-12613,-2300,-4432,-5005,-6406,-10138,-10825
-11676,7239,4523,1796,-10812,-12639,-2302,-4451,-5022,-6405,-10131,-10826
-11686,7262,4509,1820,-10809,-12663,-2306,-4470,-5045,-6407,-10128,-10830
-11696,7285,4493,1846,-10804,-12686,-2308,-4488,-5070,-6408,-10127,-10834
-11705,7309,4474,1875,-10797,-12708,-2301,-4506,-5093,-6404,-10129,-10840
-11723,7333,4461,1900,-10800,-12736,-2296,-4522,-5122,-6407,-10137,-10847
-11741,7355,4450,1923,-10804,-12762,-2291,-4539,-5155,-6415,-10150,-10858
-11758,7371,4441,1940,-10809,-12782,-2285,-4561,-5196,-6429,-10166,-10874
-11781,7384,4442,1950,-10824,-12804,-2280,-4586,-5240,-6451,-10186,-10893
-11808,7400,4442,1961,-10842,-12830,-2274,-4608,-5285,-6474,-10208,-10912
-11838,7420,4441,1977,-10861,-12860,-2265,-4627,-5329,-6499,-10230,-10929
-11867,7437,4441,1990,-10879,-12887,-2255,-4644,-5374,-6527,-10254,-10948
-11894,7451,4443,2001,-10898,-12910,-2246,-4659,-5419,-6564,-10279,-10974
-11929,7459,4460,1996,-10932,-12935,-2239,-4674,-5467,-6607,-10307,-11005
-11967,7461,4485,1983,-10974,-12957,-2229,-4685,-5513,-6645,-10334,-11035
-12002,7455,4516,1960,-11018,-12972,-2213,-4693,-5554,-6679,-10359,-11064
-12036,7449,4548,1936,-11062,-12986,-2198,-4700,-5594,-6717,-10386,-11093
-12068,7443,4579,1912,-11104,-12999,-2182,-4701,-5635,-6759,-10413,-11120
-12098,7440,4606,1894,-11141,-13012,-2166,-4698,-5675,-6801,-10440,-11146
-12124,7437,4631,1876,-11174,-13023,-2148,-4691,-5713,-6843,-10470,-11175
-12144,7438,4648,1866,-11199,-13033,-2128,-4679,-5749,-6882,-10500,-11202
-12161,7439,4662,1858,-11220,-13042,-2106,-4661,-5779,-6916,-10526,-11226
-12177,7441,4676,1850,-11239,-13051,-2077,-4637,-5802,-6944,-10549,-11246
-12191,7446,4686,1846,-11255,-13061,-2043,-4606,-5817,-6968,-10569,-11260
-12206,7453,4697,1843,-11272,-13075,-2011,-4570,-5829,-6999,-10587,-11269
-12217,7464,4701,1847,-11281,-13089,-1977,-4531,-5833,-7022,-10600,-11274
-12225,7473,4706,1849,-11289,-13101,-1948,-4492,-5832,-7044,-10611,-11277
-12230,7481,4708,1852,-11292,-13111,-1923,-4452,-5826,-7062,-10620,-11276
-12225,7489,4701,1861,-11284,-13117,-1897,-4409,-5813,-7069,-10623,-11269
-12220,7497,4694,1870,-11274,-13122,-1872,-4366,-5794,-7071,-10621,-11262
-12214,7503,4690,1876,-11266,-13127,-1850,-4324,-5771,-7072,-10616,-11253
-12210,7507,4688,1878,-11261,-13132,-1832,-4285,-5747,-7075,-10610,-11242
-12206,7509,4689,1878,-11257,-13137,-1817,-4251,-5721,-7073,-10605,-11227
-12199,7512,4683,1884,-11246,-13140,-1800,-4215,-5691,-7064,-10596,-11214
-12195,7517,4680,1888,-11240,-13147,-1783,-4181,-5661,-7063,-10589,-11205
-12194,7525,4677,1895,-11236,-13158,-1769,-4150,-5634,-7071,-10585,-11200
-12199,7534,4676,1901,-11237,-13173,-1758,-4121,-5613,-7085,-10581,-11198
-12208,7551,4672,1915,-11239,-13195,-1747,-4096,-5598,-7101,-10577,-11200
-12223,7573,4667,1933,-11246,-13225,-1737,-4073,-5586,-7118,-10572,-11207
-12241,7604,4657,1960,-11250,-13262,-1724,-4052,-5575,-7133,-10566,-11212
-12261,7637,4645,1991,-11256,-13301,-1710,-4035,-5566,-7147,-10561,-11212
-12279,7670,4630,2023,-11259,-13338,-1692,-4015,-5557,-7153,-10552,-11205
-12294,7700,4615,2053,-11259,-13369,-1675,-3995,-5551,-7153,-10542,-11194
-12310,7728,4601,2081,-11262,-13400,-1657,-3979,-5552,-7159,-10534,-11182
-12328,7758,4588,2109,-11267,-13431,-1641,-3969,-5558,-7165,-10532,-11177
-12355,7786,4585,2131,-11284,-13467,-1631,-3965,-5569,-7177,-10537,-11178
-12384,7815,4582,2152,-11304,-13504,-1621,-3966,-5583,-7188,-10544,-11179
-12417,7845,4582,2172,-11328,-13543,-1614,-3973,-5599,-7203,-10553,-11179
-12457,7876,4588,2189,-11360,-13587,-1614,-3987,-5622,-7225,-10568,-11183
-12499,7910,4593,2208,-11393,-13634,-1619,-4007,-5647,-7250,-10587,-11188
-12542,7947,4596,2231,-11425,-13682,-1624,-4026,-5672,-7275,-10605,-11191
-12583,7983,4597,2254,-11455,-13729,-1627,-4043,-5694,-7298,-10618,-11191
-12623,8018,4599,2276,-11484,-13774,-1636,-4057,-5715,-7324,-10630,-11189
-12673,8049,4615,2285,-11530,-13823,-1659,-4074,-5741,-7361,-10647,-11186
-12725,8078,4636,2290,-11580,-13873,-1691,-4088,-5765,-7395,-10663,-11182
-12778,8104,4661,2290,-11632,-13922,-1723,-4100,-5783,-7418,-10680,-11178
-12829,8127,4687,2288,-11685,-13968,-1755,-4108,-5793,-7433,-10695,-11170
-12877,8147,4714,2282,-11735,-14009,-1789,-4112,-5800,-7446,-10710,-11160
-12921,8167,4738,2279,-11781,-14049,-1824,-4110,-5804,-7459,-10723,-11147
-12966,8187,4763,2275,-11827,-14089,-1861,-4106,-5807,-7475,-10735,-11137
-13007,8210,4781,2279,-11866,-14130,-1901,-4096,-5807,-7490,-10745,-11127
-13044,8235,4794,2287,-11899,-14171,-1941,-4083,-5804,-7506,-10753,-11117
-13083,8266,4804,2300,-11932,-14216,-1981,-4068,-5800,-7522,-10762,-11112
-13124,8301,4811,2319,-11963,-14267,-2022,-4054,-5796,-7541,-10770,-11113
-13165,8336,4820,2336,-11995,-14318,-2068,-4037,-5795,-7574,-10781,-11121
-13205,8373,4824,2359,-12023,-14370,-2113,-4017,-5791,-7606,-10790,-11133
-13247,8412,4829,2381,-12054,-14425,-2157,-3997,-5787,-7643,-10799,-11147
-13291,8454,4833,2407,-12085,-14484,-2198,-3973,-5781,-7681,-10808,-11163
-13331,8496,4832,2436,-12109,-14541,-2234,-3941,-5772,-7712,-10813,-11177
-13373,8535,4836,2461,-12139,-14598,-2269,-3908,-5765,-7745,-10821,-11196
-13423,8574,4849,2479,-12179,-14659,-2306,-3875,-5761,-7784,-10832,-11219
-13479,8611,4869,2491,-12229,-14723,-2346,-3845,-5759,-7829,-10848,-11246
-13539,8645,4894,2498,-12284,-14788,-2387,-3816,-5760,-7870,-10866,-11277
-13590,8681,4910,2513,-12328,-14848,-2415,-3782,-5755,-7897,-10883,-11306
-13638,8716,4923,2529,-12369,-14905,-2434,-3744,-5747,-7924,-10904,-11335
-13688,8750,4939,2541,-12413,-14962,-2451,-3706,-5737,-7951,-10927,-11362
-13739,8782,4958,2551,-12459,-15018,-2467,-3669,-5727,-7980,-10951,-11390
-13790,8813,4977,2560,-12507,-15074,-2479,-3635,-5714,-8007,-10975,-11420
-13847,8844,5003,2564,-12563,-15134,-2490,-3603,-5700,-8037,-10998,-11452
-13907,8875,5031,2567,-12622,-15194,-2497,-3570,-5681,-8065,-11020,-11488
-13968,8905,5063,2565,-12686,-15254,-2504,-3538,-5661,-8100,-11041,-11524
-14029,8935,5095,2564,-12750,-15314,-2511,-3503,-5640,-8135,-11060,-11560
-14089,8963,5126,2561,-12813,-15372,-2518,-3464,-5618,-8168,-11075,-11596
-14146,8993,5156,2561,-12873,-15428,-2525,-3423,-5594,-8197,-11087,-11631
-14200,9028,5176,2569,-12925,-15486,-2525,-3383,-5565,-8216,-11094,-11665
-14256,9062,5200,2575,-12980,-15544,-2528,-3344,-5536,-8240,-11101,-11702
-14308,9096,5220,2584,-13030,-15600,-2525,-3299,-5505,-8258,-11105,-11735
-14360,9133,5237,2595,-13078,-15657,-2515,-3252,-5472,-8272,-11109,-11769
-14412,9166,5258,2602,-13129,-15712,-2502,-3203,-5441,-8286,-11116,-11806
-14461,9195,5279,2607,-13176,-15762,-2486,-3151,-5409,-8299,-11122,-11841
-14503,9223,5295,2614,-13217,-15808,-2469,-3096,-5374,-8307,-11125,-11873
-14541,9252,5305,2625,-13249,-15851,-2449,-3038,-5335,-8307,-11124,-11900
-14573,9279,5310,2639,-13274,-15890,-2429,-2975,-5295,-8308,-11119,-11926
-14605,9299,5322,2644,-13303,-15924,-2415,-2909,-5260,-8313,-11116,-11953
-14636,9315,5336,2645,-13331,-15955,-2403,-2839,-5228,-8312,-11112,-11977
-14666,9327,5351,2642,-13360,-15983,-2393,-2767,-5198,-8306,-11107,-11999
-14691,9339,5363,2641,-13382,-16008,-2382,-2692,-5169,-8298,-11103,-12018
-14713,9350,5371,2643,-13400,-16032,-2373,-2611,-5136,-8294,-11098,-12035
-14737,9370,5372,2656,-13413,-16062,-2365,-2525,-5102,-8287,-11093,-12048
-14769,9396,5375,2671,-13433,-16101,-2358,-2437,-5073,-8285,-11092,-12064
-14804,9425,5378,2688,-13455,-16146,-2356,-2351,-5049,-8290,-11095,-12082
-14840,9450,5386,2701,-13481,-16189,-2357,-2269,-5035,-8305,-11104,-12106
-14880,9472,5400,2707,-13513,-16232,-2363,-2189,-5024,-8327,-11116,-12130
-14921,9493,5418,2710,-13549,-16275,-2371,-2111,-5015,-8351,-11128,-12153
-14966,9512,5440,2709,-13590,-16320,-2385,-2037,-5013,-8384,-11142,-12173
-15008,9533,5460,2711,-13629,-16364,-2399,-1965,-5011,-8414,-11153,-12195
-15053,9552,5485,2708,-13674,-16408,-2414,-1896,-5010,-8442,-11166,-12220
-15102,9571,5513,2704,-13723,-16454,-2430,-1827,-5009,-8470,-11180,-12247
-15150,9592,5540,2702,-13772,-16501,-2442,-1760,-5008,-8496,-11193,-12272
-15202,9612,5572,2695,-13827,-16549,-2454,-1695,-5004,-8522,-11206,-12298
-15255,9629,5609,2685,-13886,-16595,-2468,-1629,-5002,-8547,-11221,-12323
-15310,9643,5652,2667,-13952,-16641,-2477,-1562,-4998,-8567,-11235,-12344
-15362,9657,5693,2651,-14016,-16685,-2484,-1496,-4989,-8576,-11246,-12363
-15400,9678,5715,2651,-14058,-16724,-2482,-1427,-4972,-8576,-11251,-12380
-15433,9702,5727,2661,-14091,-16761,-2480,-1359,-4951,-8576,-11253,-12396
-15465,9732,5734,2678,-14120,-16801,-2481,-1294,-4930,-8583,-11256,-12413
-15499,9768,5737,2701,-14148,-16847,-2483,-1231,-4908,-8593,-11260,-12430
-15531,9807,5734,2730,-14171,-16895,-2483,-1169,-4884,-8597,-11263,-12449
-15562,9848,5729,2762,-14192,-16942,-2482,-1108,-4859,-8600,-11264,-12471
-15592,9890,5721,2794,-14210,-16989,-2476,-1046,-4831,-8602,-11262,-12492
-15621,9926,5718,2821,-14231,-17032,-2466,-982,-4800,-8603,-11260,-12512
-15647,9957,5716,2841,-14252,-17070,-2457,-918,-4769,-8602,-11258,-12531
-15673,9983,5718,2857,-14274,-17105,-2451,-855,-4738,-8602,-11255,-12551
-15700,10007,5722,2869,-14297,-17138,-2446,-792,-4709,-8601,-11249,-12570
-15723,10029,5724,2881,-14316,-17169,-2437,-730,-4677,-8591,-11240,-12589
-15749,10050,5728,2891,-14337,-17201,-2429,-671,-4648,-8586,-11230,-12611
-15774,10073,5729,2904,-14356,-17234,-2423,-615,-4623,-8579,-11218,-12634
-15802,10096,5730,2916,-14376,-17269,-2419,-564,-4603,-8577,-11208,-12657
-15837,10121,5737,2926,-14405,-17311,-2422,-522,-4592,-8582,-11204,-12685
-15877,10150,5744,2939,-14436,-17358,-2429,-484,-4586,-8592,-11207,-12715
-15920,10183,5749,2955,-14467,-17409,-2437,-450,-4585,-8607,-11215,-12749
-15965,10218,5754,2973,-14499,-17463,-2446,-420,-4587,-8627,-11225,-12785
-16013,10256,5758,2992,-14532,-17521,-2457,-393,-4591,-8651,-11240,-12824
-16068,10288,5775,3000,-14578,-17579,-2478,-374,-4605,-8680,-11260,-12865
-16122,10315,5795,3003,-14625,-17633,-2501,-355,-4621,-8707,-11280,-12904
-16175,10339,5818,3001,-14673,-17683,-2525,-341,-4640,-8733,-11301,-12941
-16228,10360,5844,2997,-14722,-17731,-2551,-330,-4660,-8757,-11320,-12977
-16282,10380,5873,2990,-14776,-17780,-2579,-319,-4683,-8778,-11339,-13006
-16333,10398,5899,2984,-14824,-17825,-2604,-311,-4706,-8795,-11360,-13029
-16381,10419,5922,2982,-14869,-17870,-2627,-305,-4733,-8810,-11383,-13048
-16428,10447,5935,2993,-14907,-17919,-2649,-297,-4761,-8825,-11406,-13066
-16475,10480,5945,3009,-14942,-17970,-2670,-289,-4790,-8841,-11429,-13080
-16521,10516,5952,3029,-14975,-18023,-2688,-281,-4821,-8859,-11447,-13088
-16566,10553,5957,3052,-15007,-18076,-2703,-271,-4851,-8871,-11459,-13088
-16616,10591,5967,3073,-15045,-18133,-2721,-260,-4887,-8884,-11470,-13084
-16660,10633,5968,3103,-15074,-18189,-2733,-248,-4922,-8891,-11476,-13077
-16702,10676,5966,3135,-15099,-18243,-2743,-239,-4959,-8898,-11484,-13069
-16740,10718,5963,3168,-15121,-18295,-2746,-231,-4996,-8902,-11491,-13058
-16771,10758,5954,3203,-15135,-18340,-2744,-223,-5033,-8908,-11496,-13044
-16801,10793,5950,3232,-15152,-18382,-2740,-218,-5069,-8913,-11499,-13027
-16831,10824,5951,3256,-15173,-18422,-2735,-217,-5106,-8916,-11504,-13009
-16860,10852,5956,3274,-15195,-18460,-2728,-219,-5146,-8918,-11515,-12990
-16890,10879,5962,3290,-15220,-18496,-2714,-224,-5188,-8913,-11529,-12972
-16912,10908,5959,3315,-15233,-18530,-2694,-229,-5225,-8900,-11540,-12952
-16929,10937,5952,3340,-15242,-18561,-2672,-235,-5256,-8883,-11548,-12933
-16944,10966,5943,3367,-15247,-18591,-2653,-244,-5285,-8864,-11555,-12914
-16956,10995,5934,3394,-15251,-18619,-2638,-256,-5312,-8848,-11560,-12898
-16967,11021,5925,3418,-15254,-18644,-2621,-274,-5337,-8826,-11565,-12886
-16980,11043,5924,3434,-15264,-18669,-2608,-295,-5358,-8802,-11572,-12876
-16994,11066,5922,3450,-15275,-18694,-2597,-317,-5374,-8777,-11578,-12867
-17011,11091,5921,3467,-15287,-18724,-2591,-342,-5386,-8754,-11586,-12863
-17030,11119,5919,3485,-15300,-18757,-2588,-369,-5392,-8732,-11598,-12861
-17047,11147,5916,3503,-15311,-18789,-2587,-398,-5392,-8708,-11610,-12861
-17062,11175,5909,3524,-15318,-18819,-2591,-429,-5388,-8683,-11626,-12864
-17073,11207,5895,3552,-15318,-18850,-2592,-459,-5377,-8650,-11642,-12868
-17084,11236,5882,3576,-15318,-18879,-2596,-487,-5361,-8617,-11660,-12875
-17091,11264,5865,3604,-15312,-18905,-2604,-517,-5344,-8583,-11679,-12881
-17095,11292,5844,3632,-15302,-18928,-2614,-550,-5325,-8546,-11697,-12888
-17102,11315,5831,3653,-15298,-18950,-2629,-587,-5303,-8506,-11716,-12894
-17108,11333,5819,3671,-15294,-18967,-2647,-622,-5278,-8463,-11733,-12898
-17108,11349,5803,3689,-15283,-18980,-2664,-655,-5249,-8419,-11747,-12902
-17104,11364,5784,3709,-15267,-18988,-2682,-687,-5218,-8378,-11760,-12907
-17102,11376,5767,3727,-15254,-18996,-2703,-718,-5186,-8344,-11772,-12913
-17111,11382,5767,3729,-15259,-19007,-2733,-755,-5161,-8319,-11790,-12925
-17121,11382,5774,3724,-15269,-19014,-2767,-797,-5143,-8297,-11812,-12942
-17130,11375,5784,3712,-15281,-19015,-2801,-838,-5127,-8275,-11834,-12959
-17138,11365,5797,3698,-15293,-19014,-2834,-875,-5110,-8251,-11853,-12972
-17144,11352,5810,3682,-15304,-19009,-2869,-911,-5095,-8231,-11871,-12982
-17151,11340,5821,3669,-15314,-19006,-2905,-945,-5080,-8214,-11884,-12990
-17157,11330,5830,3658,-15323,-19002,-2945,-981,-5066,-8199,-11895,-13000
-17159,11323,5832,3654,-15324,-18997,-2986,-1014,-5048,-8179,-11903,-13006
-17156,11318,5827,3657,-15318,-18991,-3026,-1043,-5029,-8156,-11907,-13010
-17148,11313,5818,3663,-15305,-18981,-3063,-1068,-5005,-8130,-11904,-13010
-17136,11311,5803,3674,-15286,-18970,-3096,-1091,-4977,-8100,-11897,-13004
-17129,11311,5790,3686,-15272,-18963,-3127,-1110,-4950,-8072,-11886,-12991
-17123,11316,5774,3703,-15257,-18960,-3153,-1123,-4919,-8042,-11873,-12972
-17120,11321,5763,3716,-15247,-18959,-3176,-1137,-4891,-8015,-11861,-12951
-17118,11326,5753,3728,-15239,-18958,-3199,-1152,-4865,-7989,-11850,-12931
-17114,11330,5743,3739,-15230,-18955,-3221,-1165,-4837,-7968,-11840,-12914
-17112,11328,5741,3741,-15227,-18949,-3245,-1178,-4809,-7952,-11834,-12898
-17111,11322,5746,3735,-15229,-18941,-3269,-1193,-4782,-7940,-11834,-12882
-17109,11314,5753,3725,-15234,-18932,-3294,-1212,-4756,-7929,-11836,-12867
-17110,11309,5760,3718,-15239,-18926,-3316,-1233,-4729,-7911,-11838,-12849
-17102,11313,5751,3726,-15228,-18921,-3330,-1253,-4698,-7882,-11835,-12829
-17088,11318,5735,3739,-15209,-18913,-3338,-1274,-4666,-7853,-11829,-12804
-17069,11321,5716,3753,-15184,-18900,-3341,-1295,-4637,-7827,-11821,-12773
-17045,11324,5692,3770,-15154,-18885,-3341,-1316,-4609,-7804,-11813,-12740
-17018,11329,5666,3789,-15120,-18870,-3337,-1336,-4583,-7778,-11803,-12706
-16994,11329,5645,3801,-15091,-18854,-3332,-1357,-4556,-7751,-11793,-12670
-16967,11328,5625,3811,-15061,-18836,-3323,-1379,-4530,-7721,-11783,-12632
-16941,11326,5607,3819,-15033,-18818,-3314,-1402,-4507,-7692,-11774,-12595
-16917,11323,5591,3827,-15006,-18802,-3305,-1426,-4482,-7657,-11764,-12555
-16891,11320,5573,3834,-14978,-18785,-3294,-1452,-4458,-7623,-11752,-12513
-16863,11314,5556,3840,-14949,-18766,-3281,-1479,-4437,-7587,-11738,-12471
-16829,11308,5532,3849,-14911,-18743,-3259,-1506,-4417,-7546,-11724,-12432
-16793,11298,5510,3855,-14873,-18716,-3237,-1532,-4398,-7507,-11707,-12393
-16751,11286,5484,3862,-14827,-18684,-3210,-1554,-4377,-7463,-11688,-12348
-16707,11273,5455,3871,-14779,-18651,-3178,-1576,-4357,-7415,-11665,-12305
-16670,11258,5434,3874,-14739,-18621,-3147,-1600,-4342,-7370,-11641,-12265
-16635,11243,5416,3874,-14703,-18592,-3115,-1625,-4329,-7326,-11618,-12226
-16602,11226,5399,3873,-14669,-18563,-3079,-1647,-4317,-7281,-11594,-12186
-16567,11205,5385,3868,-14634,-18529,-3040,-1668,-4304,-7240,-11567,-12148
-16529,11179,5371,3859,-14597,-18490,-3000,-1689,-4290,-7206,-11540,-12110
-16497,11145,5370,3836,-14574,-18449,-2965,-1712,-4280,-7181,-11517,-12071
-16465,11107,5372,3809,-14551,-18404,-2930,-1732,-4270,-7154,-11494,-12032
-16428,11065,5374,3779,-14526,-18353,-2894,-1751,-4257,-7123,-11469,-11994
-16391,11025,5372,3754,-14498,-18302,-2857,-1768,-4239,-7086,-11443,-11955
-16353,10987,5368,3732,-14467,-18252,-2818,-1784,-4219,-7050,-11417,-11918
-16310,10949,5360,3712,-14432,-18197,-2779,-1801,-4200,-7013,-11389,-11881
-16263,10903,5354,3686,-14394,-18135,-2742,-1821,-4182,-6978,-11361,-11847
-16211,10855,5346,3661,-14353,-18066,-2707,-1840,-4160,-6940,-11332,-11815
-16158,10810,5334,3640,-14308,-17999,-2672,-1854,-4135,-6896,-11299,-11780
-16105,10769,5318,3623,-14262,-17933,-2635,-1862,-4106,-6846,-11261,-11741
-16049,10732,5296,3616,-14209,-17868,-2596,-1864,-4072,-6789,-11220,-11698
-15994,10698,5272,3610,-14157,-17806,-2560,-1861,-4035,-6735,-11178,-11656
-15935,10667,5242,3611,-14099,-17743,-2520,-1855,-3991,-6678,-11134,-11616
-15876,10632,5216,3607,-14043,-17676,-2480,-1848,-3940,-6620,-11089,-11576
-15814,10592,5193,3598,-13988,-17605,-2443,-1839,-3885,-6560,-11044,-11533
-15748,10548,5171,3585,-13931,-17528,-2404,-1826,-3823,-6497,-10997,-11488
-15684,10501,5155,3566,-13880,-17451,-2362,-1813,-3758,-6434,-10949,-11445
-15622,10448,5146,3538,-13834,-17371,-2324,-1801,-3690,-6375,-10902,-11403
-15558,10391,5140,3505,-13791,-17289,-2288,-1791,-3622,-6319,-10858,-11361
-15494,10336,5134,3473,-13747,-17207,-2254,-1783,-3552,-6257,-10815,-11319
-15424,10289,5115,3455,-13690,-17127,-2218,-1772,-3477,-6189,-10768,-11277
-15352,10244,5092,3440,-13630,-17048,-2183,-1762,-3399,-6122,-10721,-11237
-15279,10201,5066,3428,-13567,-16971,-2151,-1753,-3320,-6059,-10673,-11197
-15203,10159,5036,3419,-13499,-16892,-2118,-1742,-3240,-5992,-10624,-11154
-15124,10121,5000,3417,-13425,-16815,-2081,-1731,-3158,-5922,-10574,-11111
-15046,10085,4964,3415,-13352,-16740,-2046,-1718,-3074,-5851,-10522,-11070
-14968,10048,4928,3413,-13279,-16665,-2014,-1703,-2990,-5776,-10466,-11027
-14891,10006,4897,3402,-13209,-16588,-1984,-1692,-2912,-5700,-10410,-10984
-14813,9960,4870,3388,-13141,-16508,-1955,-1683,-2839,-5626,-10352,-10941
-14734,9912,4842,3373,-13071,-16426,-1929,-1675,-2769,-5558,-10295,-10895
-14652,9863,4813,3356,-12998,-16341,-1905,-1670,-2703,-5491,-10236,-10845
-14564,9813,4776,3346,-12916,-16253,-1879,-1670,-2637,-5417,-10176,-10792
-14475,9761,4741,3333,-12832,-16162,-1855,-1675,-2579,-5345,-10118,-10740
-14380,9708,4699,3323,-12741,-16066,-1831,-1680,-2524,-5273,-10061,-10685
-14282,9652,4656,3313,-12645,-15966,-1806,-1685,-2472,-5199,-10004,-10628
-14185,9591,4619,3297,-12553,-15864,-1784,-1693,-2424,-5128,-9948,-10572
-14088,9529,4582,3279,-12462,-15760,-1759,-1701,-2379,-5057,-9892,-10512
-13992,9466,4544,3263,-12370,-15656,-1728,-1708,-2338,-4982,-9837,-10449
-13895,9403,4506,3246,-12276,-15550,-1694,-1717,-2301,-4909,-9781,-10386
-13796,9336,4468,3227,-12181,-15439,-1660,-1727,-2266,-4839,-9725,-10323
-13702,9261,4443,3196,-12098,-15326,-1634,-1742,-2237,-4775,-9669,-10260
-13612,9187,4421,3163,-12020,-15216,-1614,-1758,-2215,-4715,-9615,-10195
-13525,9113,4401,3130,-11944,-15107,-1592,-1777,-2198,-4661,-9564,-10130
-13437,9040,4380,3098,-11869,-14998,-1567,-1801,-2184,-4604,-9511,-10066
-13349,8964,4361,3063,-11794,-14886,-1539,-1825,-2174,-4551,-9454,-9998
-13257,8884,4343,3025,-11718,-14768,-1509,-1847,-2162,-4496,-9395,-9926
-13162,8800,4326,2984,-11641,-14645,-1475,-1870,-2149,-4443,-9335,-9852
-13060,8717,4303,2946,-11558,-14519,-1437,-1889,-2131,-4390,-9274,-9776
-12955,8635,4276,2912,-11469,-14390,-1395,-1905,-2109,-4335,-9213,-9699
-12849,8556,4247,2882,-11378,-14263,-1348,-1922,-2082,-4272,-9151,-9621
-12741,8482,4211,2858,-11283,-14138,-1296,-1936,-2051,-4206,-9084,-9540
-12632,8407,4176,2833,-11188,-14013,-1248,-1948,-2022,-4147,-9013,-9454
-12518,8335,4136,2813,-11087,-13886,-1200,-1960,-1992,-4087,-8937,-9362
-12404,8261,4097,2791,-10987,-13759,-1152,-1971,-1960,-4020,-8858,-9269
-12288,8188,4058,2768,-10887,-13631,-1107,-1980,-1927,-3948,-8779,-9175
-12167,8115,4014,2749,-10780,-13501,-1062,-1985,-1888,-3875,-8697,-9083
-12046,8041,3971,2728,-10674,-13370,-1021,-1991,-1850,-3801,-8617,-8995
-11927,7965,3934,2701,-10573,-13241,-985,-1997,-1813,-3733,-8539,-8911
-11808,7883,3903,2666,-10477,-13108,-952,-2006,-1776,-3668,-8462,-8826
-11690,7797,3877,2625,-10384,-12975,-919,-2016,-1740,-3600,-8386,-8740
-11563,7712,3843,2589,-10281,-12836,-879,-2023,-1700,-3527,-8308,-8652
-11440,7628,3810,2553,-10180,-12702,-839,-2030,-1657,-3452,-8231,-8567
-11321,7545,3780,2515,-10084,-12571,-806,-2037,-1612,-3382,-8157,-8484
-11205,7464,3752,2477,-9991,-12443,-775,-2044,-1569,-3314,-8084,-8404
-11091,7384,3723,2441,-9897,-12317,-744,-2053,-1525,-3246,-8010,-8328
-10978,7302,3698,2400,-9807,-12192,-712,-2063,-1475,-3181,-7939,-8252
-10867,7221,3672,2361,-9717,-12068,-678,-2070,-1422,-3115,-7868,-8176
-10759,7139,3650,2318,-9631,-11944,-643,-2076,-1366,-3044,-7796,-8099
-10650,7052,3632,2269,-9546,-11816,-603,-2082,-1309,-2971,-7721,-8023
-10540,6960,3617,2215,-9462,-11682,-562,-2088,-1251,-2893,-7643,-7946
-10428,6861,3606,2154,-9380,-11544,-519,-2098,-1195,-2814,-7567,-7867
-10314,6761,3594,2093,-9295,-11402,-471,-2111,-1139,-2732,-7493,-7788
-10202,6658,3587,2026,-9215,-11259,-424,-2130,-1087,-2656,-7428,-7712
-10089,6557,3576,1965,-9130,-11116,-374,-2151,-1037,-2580,-7364,-7635
-9979,6463,3559,1913,-9043,-10979,-326,-2171,-984,-2498,-7300,-7558
-9870,6373,3540,1864,-8956,-10844,-282,-2192,-931,-2417,-7238,-7479
-9758,6289,3510,1827,-8859,-10711,-241,-2210,-876,-2331,-7173,-7396
-9640,6212,3467,1805,-8749,-10579,-199,-2224,-818,-2240,-7105,-7310
-9518,6137,3416,1789,-8631,-10444,-154,-2234,-754,-2143,-7031,-7222
-9393,6063,3361,1777,-8510,-10309,-109,-2241,-687,-2045,-6955,-7132
-9278,5985,3318,1755,-8401,-10176,-72,-2248,-622,-1955,-6883,-7043
-9163,5905,3278,1730,-8296,-10043,-40,-2254,-557,-1867,-6813,-6955
-9049,5823,3239,1703,-8192,-9909,-8,-2261,-490,-1778,-6741,-6868
-8936,5740,3202,1675,-8090,-9775,22,-2267,-419,-1690,-6669,-6780
-8823,5653,3168,1643,-7989,-9638,44,-2277,-350,-1605,-6599,-6690
-8706,5565,3132,1612,-7886,-9499,61,-2289,-280,-1521,-6530,-6598
-8592,5476,3100,1578,-7787,-9361,79,-2304,-209,-1436,-6461,-6505
-8478,5387,3068,1544,-7688,-9223,93,-2320,-141,-1359,-6394,-6415
-8362,5294,3038,1506,-7590,-9082,104,-2338,-75,-1289,-6328,-6327
-8247,5201,3010,1466,-7495,-8942,116,-2355,-11,-1218,-6265,-6240
-8136,5111,2983,1429,-7402,-8806,125,-2372,51,-1149,-6201,-6152
-8026,5020,2960,1386,-7314,-8672,127,-2389,109,-1094,-6141,-6062
-7913,4928,2937,1344,-7224,-8536,127,-2406,165,-1039,-6079,-5970
-7804,4833,2921,1294,-7141,-8400,126,-2424,215,-982,-6016,-5878
-7698,4739,2909,1242,-7063,-8267,120,-2444,259,-927,-5953,-5786
-7586,4647,2891,1195,-6979,-8135,111,-2463,300,-870,-5887,-5693
-7470,4554,2871,1148,-6890,-7998,102,-2484,341,-812,-5818,-5602
-7353,4460,2852,1098,-6802,-7861,91,-2506,379,-753,-5745,-5510
-7239,4367,2838,1045,-6718,-7726,79,-2529,414,-699,-5671,-5419
-7128,4273,2828,989,-6640,-7595,66,-2554,445,-646,-5598,-5330
-7009,4187,2804,946,-6548,-7463,63,-2573,481,-584,-5517,-5238
-6890,4107,2773,912,-6450,-7336,69,-2587,521,-518,-5428,-5141
-6775,4039,2735,889,-6350,-7218,75,-2597,561,-453,-5333,-5039
-6659,3974,2694,870,-6248,-7102,83,-2602,604,-387,-5234,-4936
-6541,3909,2650,853,-6141,-6984,94,-2608,645,-318,-5137,-4835
-6423,3842,2608,832,-6036,-6864,102,-2620,684,-257,-5042,-4739
-6305,3775,2565,812,-5931,-6745,113,-2632,726,-196,-4945,-4645
-6189,3707,2524,790,-5827,-6624,125,-2647,765,-141,-4847,-4553
-6073,3639,2483,768,-5723,-6504,137,-2664,806,-89,-4753,-4462
-5959,3571,2440,747,-5618,-6384,151,-2679,850,-35,-4658,-4372
-5847,3504,2399,727,-5516,-6265,166,-2693,894,15,-4566,-4284
-5735,3437,2356,707,-5412,-6145,184,-2708,941,66,-4473,-4200
-5629,3369,2319,684,-5316,-6028,198,-2728,987,110,-4383,-4118
-5524,3300,2281,661,-5220,-5911,208,-2752,1031,150,-4297,-4038
-5423,3230,2247,635,-5128,-5794,216,-2778,1072,186,-4214,-3961
-5330,3156,2224,599,-5049,-5679,222,-2807,1108,219,-4138,-3888
-5238,3080,2202,562,-4971,-5564,227,-2839,1144,249,-4066,-3819
-5144,3003,2178,527,-4889,-5445,232,-2869,1181,280,-3997,-3749
-5050,2928,2150,495,-4806,-5328,238,-2895,1222,315,-3926,-3679
-4958,2856,2122,466,-4724,-5214,247,-2916,1267,345,-3851,-3607
-4875,2779,2107,425,-4656,-5102,250,-2936,1310,367,-3776,-3535
-4795,2699,2099,379,-4595,-4990,251,-2954,1352,387,-3703,-3466
-4715,2617,2092,331,-4535,-4877,253,-2969,1393,409,-3632,-3403
-4637,2538,2084,285,-4476,-4767,253,-2983,1436,436,-3561,-3341
-4555,2455,2078,236,-4416,-4652,252,-2995,1478,460,-3491,-3278
-4470,2371,2070,187,-4354,-4536,248,-3003,1522,482,-3421,-3213
-4386,2286,2065,137,-4293,-4420,243,-3008,1566,502,-3351,-3149
-4302,2204,2059,88,-4234,-4306,240,-3011,1611,522,-3281,-3086
-4217,2122,2052,41,-4173,-4193,238,-3013,1654,540,-3210,-3026
-4133,2043,2045,-4,-4112,-4082,237,-3016,1696,558,-3140,-2965
-4049,1968,2035,-45,-4050,-3974,239,-3016,1738,580,-3068,-2903
-3966,1894,2027,-87,-3991,-3869,235,-3015,1777,598,-2996,-2839
-3877,1822,2012,-123,-3922,-3761,235,-3006,1822,623,-2921,-2774
-3785,1754,1991,-153,-3848,-3655,243,-2994,1872,655,-2841,-2710
-3693,1691,1966,-177,-3771,-3553,256,-2979,1925,691,-2757,-2645
-3595,1634,1931,-191,-3684,-3451,270,-2962,1980,726,-2671,-2580
-3494,1577,1894,-204,-3593,-3348,283,-2947,2034,757,-2587,-2514
-3397,1520,1861,-219,-3508,-3248,294,-2936,2086,787,-2505,-2450
-3304,1460,1834,-241,-3429,-3149,302,-2930,2132,817,-2427,-2388
-3214,1400,1811,-266,-3355,-3053,306,-2927,2174,851,-2353,-2330
-3120,1346,1777,-279,-3270,-2958,317,-2920,2220,895,-2276,-2273
-3025,1295,1740,-288,-3182,-2866,333,-2913,2267,941,-2198,-2218
-2932,1245,1703,-298,-3096,-2774,349,-2907,2315,982,-2123,-2164
-2842,1195,1667,-308,-3012,-2684,366,-2902,2358,1020,-2050,-2113
-2752,1144,1633,-320,-2929,-2594,384,-2900,2398,1061,-1980,-2069
-2663,1089,1602,-337,-2849,-2501,402,-2900,2436,1097,-1912,-2032
-2575,1031,1573,-357,-2769,-2407,420,-2899,2475,1128,-1844,-1996
-2492,973,1549,-381,-2697,-2316,438,-2897,2515,1160,-1777,-1954
-2414,915,1529,-408,-2631,-2228,455,-2897,2553,1195,-1710,-1912
-2336,855,1511,-437,-2566,-2138,471,-2898,2591,1229,-1644,-1870
-2261,797,1492,-464,-2502,-2051,486,-2901,2627,1262,-1582,-1829
-2183,744,1466,-484,-2431,-1964,506,-2902,2663,1301,-1520,-1788
-2104,688,1440,-505,-2360,-1875,522,-2903,2698,1333,-1461,-1748
-2020,633,1409,-523,-2282,-1783,538,-2902,2733,1366,-1403,-1709
-1938,578,1378,-540,-2206,-1691,553,-2900,2763,1397,-1345,-1670
-1865,524,1356,-563,-2143,-1607,563,-2899,2788,1424,-1291,-1634
-1799,472,1339,-587,-2086,-1527,571,-2895,2809,1454,-1238,-1597
-1733,421,1321,-610,-2030,-1448,575,-2888,2824,1482,-1188,-1558
-1668,373,1302,-630,-1974,-1371,575,-2883,2833,1506,-1140,-1522
-1604,322,1285,-652,-1919,-1293,569,-2879,2839,1523,-1092,-1485
-1549,268,1281,-685,-1880,-1217,549,-2883,2834,1525,-1052,-1449
-1495,210,1283,-724,-1846,-1141,520,-2893,2821,1522,-1015,-1414
-1442,148,1289,-768,-1815,-1062,487,-2907,2804,1518,-979,-1381
-1394,86,1299,-815,-1790,-986,450,-2923,2786,1517,-944,-1347
-1350,24,1315,-865,-1773,-914,402,-2941,2763,1509,-911,-1311
-1306,-37,1330,-914,-1754,-841,353,-2960,2736,1499,-880,-1276
-1260,-100,1344,-963,-1734,-766,307,-2978,2707,1493,-848,-1237
-1206,-164,1352,-1009,-1704,-685,262,-2990,2681,1493,-814,-1195
-1144,-228,1353,-1050,-1665,-600,213,-2999,2654,1493,-778,-1154
-1080,-290,1350,-1088,-1622,-513,164,-3007,2628,1494,-738,-1112
-1017,-348,1345,-1121,-1578,-430,113,-3017,2599,1492,-696,-1069
-961,-406,1346,-1159,-1543,-353,56,-3026,2569,1480,-655,-1024
-908,-458,1344,-1191,-1507,-281,1,-3032,2540,1471,-614,-980
-856,-507,1341,-1220,-1472,-213,-49,-3037,2512,1467,-571,-936
-803,-553,1336,-1246,-1434,-147,-93,-3040,2485,1468,-526,-889
-747,-596,1323,-1266,-1388,-80,-129,-3038,2461,1470,-479,-839
-690,-638,1310,-1285,-1341,-14,-158,-3033,2439,1473,-432,-787
-636,-681,1299,-1306,-1297,50,-185,-3029,2420,1477,-386,-735
-584,-722,1289,-1327,-1255,111,-206,-3026,2402,1476,-340,-685
-532,-761,1279,-1347,-1213,169,-223,-3023,2386,1476,-297,-636
-473,-795,1254,-1354,-1156,230,-227,-3013,2379,1488,-249,-583
-408,-824,1221,-1352,-1089,289,-223,-3004,2378,1498,-198,-532
-343,-851,1184,-1346,-1019,347,-217,-2996,2377,1501,-148,-486
-277,-876,1146,-1339,-949,404,-209,-2989,2377,1501,-97,-442
-215,-898,1108,-1330,-880,457,-196,-2980,2384,1508,-45,-399
-156,-919,1073,-1322,-816,507,-177,-2968,2395,1519,9,-356
-95,-940,1036,-1313,-749,556,-154,-2956,2405,1529,63,-315
-36,-960,1000,-1304,-684,605,-129,-2947,2413,1539,117,-277
21,-981,966,-1296,-622,653,-102,-2938,2424,1552,172,-238
80,-1001,928,-1286,-556,702,-71,-2927,2439,1567,230,-192
144,-1020,886,-1271,-485,754,-42,-2919,2455,1580,292,-141
211,-1034,834,-1248,-405,805,-8,-2910,2476,1600,358,-90
271,-1043,784,-1221,-330,848,26,-2903,2499,1620,425,-41
330,-1046,728,-1187,-253,888,58,-2896,2524,1645,492,8
389,-1044,668,-1147,-174,925,90,-2887,2550,1673,559,60
445,-1044,611,-1109,-99,960,115,-2880,2572,1699,623,111
497,-1039,553,-1068,-26,992,137,-2871,2590,1727,689,163
547,-1034,496,-1027,44,1022,159,-2860,2608,1754,756,217
597,-1030,440,-988,115,1055,176,-2848,2627,1777,823,269
648,-1028,385,-949,186,1090,187,-2835,2645,1798,889,319
689,-1031,344,-923,240,1123,189,-2826,2653,1810,949,366
726,-1040,313,-908,284,1157,185,-2821,2653,1820,1005,410
765,-1060,291,-906,323,1200,175,-2821,2650,1825,1056,449
802,-1087,278,-914,356,1248,165,-2824,2646,1828,1103,485
837,-1124,276,-936,381,1301,154,-2829,2643,1826,1145,518
871,-1165,280,-964,399,1357,145,-2831,2641,1830,1187,550
904,-1208,287,-996,416,1413,143,-2832,2639,1836,1227,581
938,-1248,292,-1025,434,1468,146,-2831,2640,1842,1269,612
972,-1286,294,-1049,455,1520,151,-2828,2642,1849,1314,643
1004,-1322,296,-1073,474,1571,158,-2822,2643,1858,1360,675
1037,-1357,297,-1096,493,1619,169,-2814,2648,1869,1405,709
1068,-1394,304,-1124,508,1668,178,-2803,2649,1874,1446,742
1101,-1431,308,-1151,527,1716,189,-2784,2654,1885,1489,773
1134,-1472,317,-1184,541,1767,200,-2765,2658,1892,1529,799
1167,-1516,330,-1222,553,1819,209,-2743,2659,1898,1567,826
1203,-1555,336,-1253,571,1868,218,-2719,2659,1906,1609,854
1242,-1592,337,-1279,595,1917,230,-2694,2658,1916,1652,883
1280,-1626,336,-1302,619,1963,247,-2665,2658,1925,1695,915
1317,-1657,334,-1322,644,2005,266,-2636,2654,1933,1736,945
1355,-1684,326,-1337,673,2046,283,-2607,2650,1947,1776,972
1403,-1704,301,-1335,720,2087,301,-2573,2648,1969,1820,999
1448,-1719,275,-1329,768,2123,316,-2535,2649,1991,1862,1022
1487,-1735,253,-1327,807,2156,324,-2499,2649,2006,1900,1042
1526,-1755,237,-1331,844,2191,327,-2466,2650,2018,1936,1058
1561,-1771,220,-1333,879,2222,324,-2434,2655,2030,1969,1073
1590,-1782,204,-1331,909,2244,317,-2402,2661,2041,2001,1085
1616,-1790,186,-1326,938,2263,304,-2369,2669,2051,2034,1095
1642,-1799,170,-1322,968,2284,290,-2337,2678,2066,2069,1106
1669,-1810,153,-1319,998,2307,275,-2306,2688,2085,2106,1119
1698,-1819,134,-1313,1032,2330,258,-2275,2698,2103,2145,1132
1727,-1831,116,-1310,1064,2356,237,-2246,2707,2110,2180,1142
1757,-1843,97,-1305,1099,2382,216,-2221,2714,2118,2211,1149
1782,-1859,87,-1308,1124,2409,189,-2199,2718,2118,2236,1152
1806,-1875,78,-1312,1148,2434,165,-2178,2720,2116,2261,1158
1830,-1888,66,-1312,1174,2460,141,-2157,2723,2114,2284,1165
1852,-1901,55,-1313,1196,2483,116,-2138,2724,2111,2304,1171
1877,-1909,38,-1306,1226,2506,94,-2118,2722,2109,2325,1177
1906,-1912,10,-1287,1266,2528,81,-2094,2720,2111,2348,1184
1943,-1911,-28,-1260,1316,2552,75,-2066,2719,2117,2371,1194
1986,-1911,-72,-1229,1375,2583,80,-2031,2719,2124,2400,1210
2025,-1920,-103,-1213,1423,2617,85,-2000,2715,2130,2429,1230
2062,-1938,-123,-1210,1461,2655,95,-1968,2709,2140,2461,1256
2096,-1964,-132,-1220,1491,2698,109,-1938,2701,2149,2493,1283
2127,-1995,-134,-1238,1513,2741,126,-1912,2688,2155,2520,1310
2156,-2026,-133,-1258,1532,2784,144,-1888,2672,2157,2545,1338
2187,-2053,-138,-1271,1557,2824,162,-1862,2651,2162,2567,1368
2217,-2075,-148,-1278,1584,2861,182,-1838,2628,2166,2588,1400
2246,-2091,-163,-1277,1613,2893,205,-1813,2607,2172,2609,1435
2276,-2102,-183,-1271,1646,2922,230,-1786,2587,2177,2630,1472
2302,-2108,-207,-1259,1679,2945,255,-1759,2566,2182,2651,1509
2331,-2108,-236,-1240,1718,2965,281,-1734,2546,2185,2671,1545
2355,-2106,-264,-1220,1752,2981,300,-1708,2528,2177,2688,1583
2380,-2099,-298,-1193,1791,2994,317,-1682,2514,2173,2708,1623
2403,-2091,-329,-1169,1826,3006,329,-1656,2504,2169,2726,1663
2426,-2085,-357,-1147,1859,3018,340,-1628,2498,2171,2745,1705
2454,-2083,-388,-1126,1897,3035,351,-1598,2494,2175,2763,1751
2487,-2088,-415,-1113,1935,3060,361,-1569,2491,2174,2776,1794
2517,-2096,-435,-1107,1967,3086,365,-1543,2487,2170,2785,1834
2546,-2110,-447,-1109,1993,3114,367,-1520,2484,2165,2793,1874
2572,-2127,-453,-1117,2012,3141,369,-1501,2484,2168,2800,1913
2604,-2135,-473,-1111,2044,3166,378,-1481,2490,2180,2813,1957
2636,-2136,-500,-1095,2082,3188,390,-1460,2502,2196,2827,2002
2670,-2139,-528,-1080,2121,3210,400,-1435,2516,2213,2841,2047
2705,-2144,-553,-1067,2159,3235,413,-1410,2532,2230,2852,2089
2740,-2149,-580,-1053,2198,3259,426,-1388,2549,2245,2859,2126
2770,-2156,-601,-1044,2231,3282,439,-1366,2566,2259,2865,2161
2799,-2163,-620,-1037,2262,3305,454,-1343,2586,2275,2872,2195
2825,-2172,-636,-1032,2290,3326,469,-1320,2604,2288,2881,2227
2852,-2182,-650,-1030,2317,3350,485,-1296,2621,2300,2892,2257
2879,-2194,-665,-1028,2345,3374,505,-1270,2636,2312,2906,2289
2903,-2206,-677,-1029,2369,3397,523,-1242,2650,2325,2920,2322
2931,-2220,-693,-1027,2400,3425,546,-1215,2664,2344,2935,2354
2956,-2236,-703,-1031,2425,3452,570,-1189,2674,2359,2947,2385
2980,-2251,-714,-1034,2450,3478,593,-1163,2682,2371,2955,2415
3002,-2266,-724,-1037,2473,3503,617,-1137,2688,2385,2961,2441
3016,-2283,-724,-1049,2484,3525,640,-1112,2688,2396,2959,2463
3029,-2303,-721,-1063,2493,3549,665,-1086,2687,2408,2952,2481
3042,-2319,-722,-1073,2505,3570,693,-1057,2688,2421,2946,2499
3053,-2328,-728,-1075,2518,3585,722,-1030,2691,2432,2938,2515
3066,-2336,-737,-1073,2536,3602,748,-1004,2696,2438,2929,2531
3073,-2348,-735,-1082,2541,3617,767,-982,2699,2435,2915,2547
3078,-2363,-729,-1094,2544,3633,785,-962,2704,2432,2901,2566
3084,-2377,-725,-1106,2547,3649,803,-939,2711,2435,2890,2587
3091,-2388,-723,-1113,2552,3664,822,-917,2719,2440,2881,2608
3102,-2402,-724,-1121,2561,3683,838,-894,2726,2441,2874,2631
3119,-2417,-727,-1127,2576,3706,858,-866,2735,2445,2870,2660
3136,-2434,-729,-1135,2589,3731,878,-836,2745,2452,2870,2690
3157,-2451,-733,-1142,2605,3758,896,-803,2752,2459,2871,2718
3182,-2467,-743,-1145,2628,3786,910,-769,2757,2464,2873,2742
3206,-2481,-754,-1145,2651,3813,923,-731,2763,2469,2877,2764
3233,-2491,-771,-1139,2678,3837,938,-691,2769,2473,2880,2786
3256,-2501,-783,-1137,2699,3859,948,-650,2778,2469,2885,2807
3280,-2511,-796,-1133,2723,3882,960,-611,2788,2468,2893,2830
3303,-2521,-808,-1131,2743,3902,971,-576,2799,2467,2903,2850
3319,-2527,-816,-1129,2757,3916,982,-542,2809,2467,2914,2870
3334,-2530,-826,-1124,2772,3926,997,-504,2820,2471,2929,2891
3349,-2533,-836,-1119,2786,3936,1014,-464,2830,2474,2946,2913
3362,-2540,-841,-1121,2796,3947,1028,-427,2837,2472,2963,2933
3374,-2549,-840,-1129,2801,3958,1039,-393,2839,2472,2978,2951
3382,-2559,-835,-1140,2802,3968,1051,-360,2838,2476,2988,2968
3397,-2565,-840,-1142,2814,3978,1069,-324,2841,2490,3000,2984
3414,-2571,-848,-1142,2828,3990,1091,-290,2844,2505,3013,2998
3428,-2579,-852,-1146,2840,4001,1114,-256,2846,2516,3028,3011
3441,-2587,-853,-1152,2848,4011,1138,-222,2847,2526,3046,3021
3455,-2595,-856,-1157,2859,4022,1161,-191,2848,2533,3062,3027
3469,-2603,-860,-1161,2871,4034,1184,-163,2848,2535,3075,3030
3486,-2608,-869,-1159,2888,4045,1209,-134,2850,2538,3090,3038
3505,-2611,-883,-1153,2910,4057,1239,-103,2854,2544,3107,3052
3527,-2614,-900,-1145,2936,4071,1271,-71,2859,2551,3123,3066
3552,-2618,-922,-1134,2968,4089,1306,-37,2867,2562,3141,3080
3575,-2619,-943,-1121,2999,4103,1338,-3,2875,2572,3157,3093
3599,-2619,-968,-1105,3033,4117,1373,33,2888,2590,3176,3106
3622,-2622,-989,-1093,3063,4134,1405,68,2899,2601,3191,3117
3646,-2624,-1013,-1078,3097,4150,1438,104,2911,2613,3204,3126
3667,-2623,-1037,-1061,3129,4163,1470,137,2920,2626,3216,3132
3678,-2622,-1052,-1050,3149,4170,1498,165,2924,2634,3224,3135
3690,-2620,-1069,-1036,3171,4177,1523,189,2926,2639,3228,3136
3704,-2615,-1092,-1017,3198,4184,1548,210,2928,2647,3230,3136
3720,-2610,-1117,-995,3228,4192,1572,229,2936,2660,3233,3137
3732,-2602,-1141,-972,3255,4196,1595,250,2947,2673,3237,3139
3734,-2601,-1150,-964,3264,4198,1611,265,2952,2676,3238,3139
3730,-2605,-1146,-967,3261,4200,1623,278,2954,2673,3238,3141
3726,-2617,-1134,-981,3253,4208,1631,289,2953,2670,3237,3142
3722,-2633,-1118,-1001,3240,4219,1634,297,2947,2666,3232,3140
3716,-2654,-1094,-1028,3221,4231,1632,306,2938,2656,3227,3139
3710,-2675,-1070,-1057,3202,4246,1627,317,2928,2645,3222,3140
3705,-2696,-1046,-1086,3182,4260,1622,332,2921,2634,3219,3146
3703,-2716,-1025,-1111,3167,4276,1619,350,2919,2628,3218,3153
3704,-2736,-1007,-1136,3155,4295,1615,369,2915,2622,3216,3159
3705,-2754,-988,-1160,3141,4312,1608,384,2908,2615,3209,3164
3705,-2767,-974,-1177,3130,4324,1604,397,2900,2612,3203,3170
3704,-2776,-961,-1193,3119,4334,1595,413,2891,2609,3197,3179
3711,-2779,-961,-1195,3121,4344,1591,434,2887,2611,3197,3195
3723,-2775,-973,-1187,3135,4352,1594,457,2887,2618,3203,3218
3739,-2766,-993,-1169,3157,4360,1603,486,2888,2631,3213,3244
3762,-2749,-1027,-1137,3192,4365,1615,519,2892,2649,3227,3270
3787,-2732,-1064,-1103,3231,4372,1630,553,2897,2667,3244,3297
3813,-2719,-1097,-1076,3268,4382,1648,586,2902,2686,3263,3326
3836,-2711,-1123,-1056,3298,4392,1664,618,2906,2703,3281,3356
3855,-2706,-1142,-1042,3321,4400,1681,645,2905,2718,3293,3384
3876,-2695,-1169,-1019,3352,4406,1704,672,2907,2738,3303,3414
3896,-2683,-1197,-996,3383,4411,1729,698,2912,2758,3313,3444
3913,-2671,-1222,-972,3410,4412,1749,721,2917,2775,3321,3473
3926,-2658,-1246,-950,3435,4410,1767,742,2919,2789,3330,3501
3940,-2644,-1271,-926,3461,4408,1788,756,2920,2806,3337,3524
3955,-2636,-1294,-906,3487,4411,1809,766,2920,2820,3342,3544
3970,-2629,-1315,-888,3512,4414,1834,775,2923,2835,3349,3567
3980,-2620,-1335,-871,3533,4413,1860,782,2926,2847,3355,3587
3986,-2612,-1349,-856,3548,4409,1884,786,2928,2856,3362,3603
3992,-2608,-1361,-846,3561,4408,1910,792,2931,2867,3370,3619
3999,-2611,-1367,-844,3572,4413,1933,795,2929,2875,3376,3631
4008,-2617,-1373,-843,3584,4421,1959,795,2925,2884,3378,3641
4012,-2627,-1369,-852,3586,4429,1984,794,2917,2886,3376,3647
4015,-2638,-1363,-862,3586,4436,2008,791,2908,2886,3372,3649
4020,-2651,-1358,-873,3587,4446,2030,784,2897,2884,3365,3646
4020,-2667,-1345,-890,3581,4455,2048,771,2883,2882,3355,3642
4020,-2679,-1334,-905,3574,4461,2066,757,2871,2888,3347,3642
4026,-2690,-1332,-912,3577,4470,2087,745,2860,2898,3343,3643
4038,-2696,-1339,-910,3590,4480,2111,734,2852,2912,3344,3643
4054,-2701,-1352,-902,3609,4491,2139,729,2847,2928,3350,3647
4061,-2708,-1354,-904,3616,4500,2163,724,2838,2938,3355,3652
4066,-2715,-1353,-908,3617,4506,2182,719,2827,2944,3357,3655
4073,-2722,-1354,-910,3622,4514,2201,714,2814,2952,3360,3657
4079,-2728,-1355,-912,3626,4520,2219,708,2800,2960,3365,3656
4083,-2736,-1352,-917,3625,4528,2231,703,2780,2960,3368,3654
4090,-2750,-1346,-929,3624,4542,2239,698,2758,2955,3369,3651
4100,-2770,-1337,-947,3624,4562,2247,689,2732,2943,3369,3645
4112,-2790,-1329,-965,3625,4585,2253,677,2702,2929,3369,3637
4120,-2810,-1319,-984,3623,4605,2255,668,2669,2911,3369,3628
4125,-2828,-1307,-1003,3617,4622,2257,657,2633,2894,3366,3617
4127,-2843,-1294,-1021,3608,4636,2260,648,2599,2882,3365,3605
4124,-2860,-1274,-1045,3592,4649,2259,639,2562,2867,3363,3592
4123,-2874,-1259,-1064,3581,4661,2257,633,2525,2855,3361,3581
4122,-2886,-1246,-1080,3571,4672,2253,627,2489,2844,3360,3571
4122,-2898,-1234,-1097,3563,4684,2247,619,2451,2830,3357,3561
4126,-2908,-1227,-1109,3561,4698,2237,610,2413,2813,3357,3552
4131,-2919,-1219,-1123,3559,4712,2228,600,2375,2796,3358,3544
4133,-2931,-1207,-1141,3552,4726,2220,588,2340,2780,3358,3536
4132,-2944,-1192,-1162,3543,4737,2211,573,2302,2763,3357,3528
4128,-2953,-1175,-1182,3529,4744,2206,558,2265,2753,3356,3520
4130,-2957,-1171,-1189,3529,4750,2210,547,2237,2753,3362,3517
4136,-2960,-1171,-1195,3532,4757,2219,540,2215,2753,3371,3516
4146,-2966,-1174,-1200,3542,4769,2228,532,2194,2748,3379,3513
4160,-2974,-1179,-1206,3556,4784,2235,521,2172,2742,3386,3510
4174,-2982,-1183,-1212,3568,4799,2245,509,2154,2738,3393,3506
4185,-2992,-1183,-1222,3576,4812,2251,495,2136,2734,3401,3503
4195,-3001,-1183,-1231,3584,4824,2255,485,2120,2732,3411,3502
4204,-3009,-1184,-1239,3591,4834,2258,474,2104,2731,3422,3502
4211,-3011,-1189,-1240,3600,4837,2259,463,2091,2732,3435,3504
4218,-3004,-1204,-1228,3615,4836,2261,455,2081,2734,3451,3509
4230,-2996,-1225,-1210,3638,4835,2264,448,2073,2736,3466,3511
4247,-2983,-1256,-1183,3671,4835,2273,442,2069,2746,3480,3511
4260,-2970,-1283,-1156,3699,4832,2285,436,2064,2754,3490,3508
4273,-2959,-1310,-1130,3726,4830,2298,429,2058,2761,3501,3504
4286,-2949,-1335,-1106,3753,4829,2310,417,2051,2765,3511,3500
4293,-2942,-1351,-1090,3769,4826,2316,398,2039,2763,3516,3491
4293,-2932,-1363,-1073,3778,4817,2315,375,2024,2759,3517,3481
4293,-2924,-1373,-1058,3786,4809,2312,354,2010,2755,3515,3471
4296,-2918,-1385,-1043,3797,4804,2310,335,1999,2754,3512,3459
4299,-2912,-1396,-1027,3808,4800,2311,317,1993,2755,3512,3450
4293,-2913,-1392,-1027,3802,4795,2306,298,1985,2748,3509,3444
4283,-2914,-1383,-1028,3791,4788,2299,282,1979,2742,3506,3443
4275,-2915,-1376,-1030,3782,4783,2297,269,1976,2748,3505,3445
4271,-2917,-1372,-1028,3777,4781,2298,258,1975,2758,3506,3448
4268,-2918,-1369,-1026,3774,4780,2297,251,1976,2769,3508,3454
4269,-2918,-1369,-1021,3775,4781,2292,247,1980,2779,3511,3462
4274,-2919,-1374,-1015,3781,4787,2287,244,1986,2785,3515,3468
4281,-2919,-1382,-1006,3791,4794,2279,240,1991,2787,3521,3473
4291,-2916,-1394,-993,3805,4800,2267,233,1992,2783,3525,3473
4297,-2910,-1405,-979,3816,4803,2251,224,1992,2776,3527,3472
4303,-2903,-1417,-964,3826,4805,2235,214,1990,2767,3528,3472
4303,-2898,-1420,-958,3827,4804,2214,204,1983,2748,3528,3476
4300,-2892,-1423,-951,3825,4801,2193,198,1975,2734,3529,3483
4296,-2886,-1423,-948,3820,4797,2171,194,1968,2720,3526,3491
4293,-2882,-1421,-947,3815,4795,2148,189,1960,2713,3520,3498
4297,-2877,-1429,-940,3820,4796,2130,187,1955,2712,3518,3507
4307,-2873,-1441,-932,3834,4802,2114,185,1950,2710,3517,3517
4318,-2872,-1451,-927,3846,4810,2096,181,1941,2706,3520,3527
4327,-2875,-1456,-929,3854,4819,2078,177,1928,2698,3521,3537
4333,-2883,-1451,-941,3853,4829,2062,171,1912,2690,3520,3546
4342,-2889,-1453,-948,3858,4838,2058,168,1902,2688,3522,3553
4349,-2893,-1454,-954,3863,4845,2059,166,1895,2682,3524,3556
4354,-2894,-1455,-958,3866,4848,2065,167,1887,2672,3524,3553
4359,-2893,-1459,-959,3872,4848,2076,171,1879,2662,3527,3546
4365,-2890,-1468,-955,3882,4848,2092,180,1870,2656,3530,3536
4370,-2885,-1475,-952,3889,4844,2111,190,1861,2653,3535,3526
4372,-2877,-1483,-945,3896,4837,2131,203,1853,2652,3544,3517
4373,-2866,-1495,-933,3906,4826,2151,215,1847,2648,3552,3508
4374,-2851,-1508,-918,3915,4813,2169,227,1841,2644,3560,3498
4375,-2836,-1524,-900,3928,4800,2186,239,1835,2641,3568,3488
4378,-2824,-1538,-886,3940,4790,2201,250,1827,2630,3574,3477
4384,-2813,-1554,-869,3955,4783,2219,260,1821,2625,3582,3465
4384,-2804,-1563,-858,3962,4772,2236,269,1813,2621,3590,3451
4381,-2793,-1571,-846,3966,4760,2255,281,1805,2618,3601,3435
4379,-2784,-1580,-833,3971,4750,2274,295,1797,2614,3612,3418
4374,-2780,-1579,-830,3968,4741,2291,304,1789,2605,3617,3401
4370,-2780,-1576,-831,3963,4737,2304,310,1781,2593,3616,3383
4368,-2782,-1575,-830,3961,4736,2317,316,1776,2585,3616,3368
4367,-2783,-1576,-827,3961,4736,2330,323,1773,2580,3616,3353
4367,-2785,-1576,-826,3961,4739,2340,333,1773,2570,3621,3338
4360,-2796,-1561,-839,3946,4742,2339,337,1766,2553,3620,3321
4347,-2812,-1536,-862,3921,4746,2332,338,1757,2531,3618,3305
4334,-2830,-1509,-889,3894,4752,2327,341,1751,2510,3616,3290
4324,-2850,-1483,-915,3870,4762,2324,345,1746,2492,3616,3276
4318,-2875,-1457,-945,3849,4779,2319,351,1741,2478,3617,3265
4315,-2898,-1435,-972,3831,4796,2313,360,1733,2467,3618,3256
4311,-2917,-1416,-994,3816,4811,2308,370,1723,2455,3615,3248
4306,-2931,-1401,-1010,3803,4822,2304,379,1712,2442,3612,3238
4300,-2940,-1390,-1020,3793,4829,2299,388,1699,2426,3609,3231
4293,-2948,-1377,-1032,3780,4835,2290,399,1686,2411,3608,3224
4284,-2956,-1363,-1044,3765,4839,2276,409,1673,2394,3605,3216
4272,-2966,-1343,-1062,3745,4842,2256,419,1659,2365,3601,3207
4260,-2972,-1326,-1076,3727,4843,2233,431,1641,2341,3600,3199
4247,-2978,-1308,-1091,3706,4842,2207,442,1620,2318,3598,3193
4232,-2982,-1289,-1106,3685,4838,2179,454,1595,2294,3598,3190
4224,-2983,-1280,-1112,3674,4835,2153,469,1571,2274,3603,3189
4218,-2982,-1273,-1116,3666,4832,2129,486,1552,2259,3611,3190
4212,-2980,-1267,-1119,3658,4827,2103,505,1534,2243,3619,3191
4205,-2973,-1263,-1117,3651,4817,2074,523,1518,2228,3626,3196
4202,-2963,-1265,-1112,3648,4807,2042,539,1502,2217,3631,3205
4211,-2950,-1282,-1092,3666,4802,2016,559,1492,2217,3639,3220
4223,-2936,-1303,-1071,3686,4798,1993,580,1487,2223,3650,3235
4234,-2922,-1321,-1051,3704,4792,1966,604,1481,2223,3664,3253
4241,-2909,-1336,-1035,3717,4784,1935,628,1474,2222,3678,3271
4245,-2893,-1350,-1018,3728,4772,1902,650,1466,2219,3692,3287
4247,-2881,-1358,-1006,3733,4761,1868,669,1462,2218,3703,3301
4250,-2875,-1363,-1002,3737,4755,1829,689,1459,2217,3711,3311
4254,-2874,-1363,-1004,3738,4752,1791,707,1456,2220,3717,3320
4256,-2874,-1361,-1008,3737,4749,1752,724,1454,2221,3723,3329
4261,-2877,-1358,-1014,3738,4750,1711,739,1453,2217,3728,3338
4263,-2884,-1351,-1025,3734,4752,1669,755,1454,2209,3729,3347
4264,-2888,-1346,-1034,3731,4752,1633,770,1459,2207,3730,3355
4261,-2893,-1336,-1045,3723,4751,1596,782,1460,2198,3731,3356
4260,-2896,-1332,-1051,3719,4749,1561,795,1459,2187,3733,3354
4260,-2894,-1334,-1050,3721,4746,1531,808,1456,2178,3734,3350
4258,-2891,-1336,-1047,3722,4742,1504,820,1450,2171,3734,3342
4256,-2886,-1339,-1043,3724,4737,1481,835,1445,2169,3735,3338
4254,-2878,-1347,-1032,3730,4731,1463,858,1443,2171,3739,3339
4254,-2865,-1363,-1014,3742,4723,1449,881,1441,2173,3742,3339
4257,-2849,-1384,-989,3760,4716,1441,909,1439,2173,3748,3339
4254,-2838,-1395,-974,3768,4710,1432,936,1434,2164,3751,3340
4248,-2830,-1400,-964,3769,4703,1423,963,1426,2155,3753,3340
4238,-2822,-1402,-957,3765,4695,1419,994,1420,2148,3754,3341
4224,-2815,-1398,-954,3754,4684,1420,1024,1413,2143,3753,3342
4208,-2813,-1388,-959,3738,4677,1419,1052,1406,2134,3751,3341
4193,-2815,-1376,-966,3722,4672,1417,1080,1395,2122,3748,3339
4176,-2816,-1361,-975,3701,4666,1417,1106,1384,2112,3744,3338
4160,-2818,-1346,-984,3681,4661,1421,1132,1374,2104,3741,3335
4145,-2821,-1332,-993,3662,4658,1428,1159,1366,2093,3739,3329
4128,-2824,-1315,-1004,3639,4652,1437,1189,1361,2082,3738,3321
4111,-2825,-1299,-1014,3616,4646,1447,1223,1360,2073,3737,3314
4093,-2829,-1279,-1028,3590,4639,1453,1256,1359,2057,3736,3307
4083,-2832,-1268,-1036,3574,4638,1463,1290,1361,2046,3740,3303
4078,-2837,-1258,-1044,3564,4640,1475,1325,1367,2035,3748,3299
4076,-2844,-1249,-1055,3553,4643,1489,1358,1377,2025,3760,3297
4080,-2845,-1250,-1054,3555,4647,1505,1395,1390,2020,3775,3298
4085,-2841,-1258,-1046,3562,4647,1524,1433,1405,2018,3792,3300
4090,-2835,-1267,-1035,3568,4644,1543,1469,1422,2019,3811,3301
4092,-2826,-1275,-1025,3573,4637,1563,1506,1437,2020,3827,3305
4090,-2815,-1280,-1014,3572,4624,1582,1539,1448,2020,3836,3308
4095,-2800,-1296,-994,3585,4614,1608,1572,1458,2022,3845,3313
4103,-2790,-1310,-978,3598,4606,1637,1600,1468,2022,3850,3314
4106,-2781,-1318,-968,3604,4597,1664,1626,1478,2014,3853,3313
4105,-2774,-1322,-962,3605,4585,1690,1651,1482,2004,3856,3308
4104,-2768,-1324,-957,3605,4575,1711,1673,1481,1988,3856,3299
4103,-2764,-1324,-956,3604,4564,1731,1692,1476,1969,3852,3289
4100,-2757,-1325,-952,3603,4552,1755,1715,1472,1953,3850,3284
4093,-2749,-1324,-949,3599,4536,1779,1738,1468,1942,3849,3281
4085,-2744,-1320,-949,3591,4520,1802,1758,1465,1932,3847,3278
4077,-2738,-1317,-948,3585,4506,1823,1776,1460,1922,3844,3273
4069,-2734,-1311,-951,3577,4494,1840,1793,1453,1911,3838,3271
4062,-2728,-1311,-949,3573,4482,1858,1809,1450,1904,3831,3267
4052,-2720,-1308,-947,3567,4467,1875,1824,1441,1894,3822,3262
4044,-2710,-1311,-940,3565,4454,1892,1839,1432,1892,3814,3261
4039,-2697,-1319,-927,3569,4442,1907,1851,1423,1892,3806,3261
4032,-2686,-1324,-918,3570,4431,1919,1861,1411,1889,3794,3261
4024,-2676,-1328,-910,3569,4421,1931,1873,1398,1887,3782,3264
4020,-2668,-1334,-902,3571,4416,1944,1886,1383,1887,3775,3270
4018,-2661,-1340,-894,3576,4413,1955,1901,1368,1890,3770,3278
4015,-2656,-1346,-887,3580,4413,1965,1919,1357,1891,3770,3287
4004,-2658,-1335,-896,3567,4412,1972,1934,1344,1887,3768,3296
3988,-2667,-1313,-916,3543,4413,1978,1947,1328,1881,3765,3305
3970,-2680,-1286,-943,3513,4415,1984,1959,1313,1877,3761,3315
3948,-2693,-1254,-971,3479,4415,1986,1969,1295,1872,3755,3324
3925,-2707,-1221,-1002,3442,4415,1984,1980,1276,1863,3748,3335
3905,-2722,-1190,-1030,3409,4418,1980,1992,1257,1851,3741,3347
3889,-2737,-1162,-1057,3380,4423,1975,2004,1238,1839,3736,3359
3874,-2752,-1136,-1082,3353,4428,1970,2019,1220,1824,3729,3371
3861,-2767,-1111,-1107,3328,4434,1967,2035,1200,1807,3719,3380
3846,-2778,-1087,-1128,3303,4436,1965,2050,1180,1793,3705,3390
3834,-2785,-1071,-1141,3284,4436,1968,2067,1164,1787,3692,3401
3820,-2788,-1056,-1151,3264,4432,1971,2087,1146,1778,3680,3414
3810,-2787,-1047,-1155,3251,4428,1978,2111,1129,1773,3673,3427
3802,-2791,-1037,-1163,3239,4428,1985,2135,1111,1772,3668,3439
3796,-2797,-1025,-1174,3225,4428,1990,2158,1093,1772,3663,3448
3794,-2793,-1026,-1170,3224,4426,1995,2181,1077,1772,3661,3458
3795,-2787,-1033,-1160,3228,4422,1999,2203,1063,1773,3662,3469
3797,-2783,-1037,-1154,3231,4421,2001,2219,1048,1769,3664,3476
3799,-2785,-1035,-1156,3229,4421,1999,2234,1033,1763,3666,3482
3796,-2791,-1024,-1168,3218,4422,1998,2245,1017,1757,3665,3483
3795,-2796,-1015,-1176,3210,4421,2003,2262,1007,1756,3666,3486
3793,-2800,-1006,-1186,3201,4420,2011,2277,999,1753,3665,3486
3790,-2803,-997,-1194,3191,4416,2019,2292,989,1745,3662,3482
3784,-2802,-989,-1200,3181,4408,2024,2304,978,1733,3658,3475
3778,-2797,-986,-1199,3173,4395,2025,2313,964,1719,3651,3464
3770,-2790,-982,-1198,3164,4379,2023,2321,947,1700,3641,3448
3761,-2782,-978,-1197,3154,4363,2017,2329,930,1680,3629,3432
3748,-2775,-969,-1199,3139,4344,2011,2338,914,1662,3615,3420
3733,-2770,-957,-1206,3119,4325,2007,2346,898,1648,3600,3408
3720,-2766,-946,-1212,3103,4308,2006,2357,884,1639,3587,3397
3711,-2764,-936,-1219,3090,4296,2007,2368,873,1636,3577,3388
3705,-2759,-932,-1220,3082,4283,2014,2381,868,1645,3569,3380
3697,-2755,-926,-1222,3072,4270,2022,2395,866,1651,3561,3373
3693,-2748,-927,-1218,3069,4258,2031,2410,866,1652,3552,3369
3692,-2737,-935,-1207,3074,4247,2039,2426,867,1651,3542,3364
3686,-2726,-939,-1197,3072,4233,2043,2439,864,1650,3528,3354
3676,-2711,-943,-1185,3067,4214,2045,2453,861,1653,3513,3342
3668,-2696,-950,-1171,3066,4199,2050,2467,860,1662,3498,3329
3662,-2684,-957,-1158,3067,4187,2057,2479,859,1669,3484,3313
3658,-2673,-965,-1144,3069,4178,2063,2493,863,1671,3472,3300
3646,-2668,-960,-1144,3058,4170,2063,2503,865,1667,3456,3289
3629,-2667,-947,-1151,3038,4161,2059,2507,863,1660,3436,3277
3611,-2669,-930,-1162,3016,4156,2056,2507,857,1655,3412,3261
3590,-2673,-910,-1176,2989,4150,2049,2509,849,1646,3384,3241
3569,-2678,-888,-1192,2962,4146,2040,2514,843,1637,3355,3223
3554,-2681,-875,-1201,2944,4145,2034,2520,839,1630,3325,3210
3548,-2681,-873,-1201,2939,4148,2031,2526,834,1627,3295,3200
3547,-2676,-882,-1190,2946,4152,2031,2534,827,1624,3268,3192
3546,-2666,-896,-1172,2956,4152,2031,2543,818,1618,3244,3186
3543,-2655,-908,-1156,2963,4151,2027,2551,809,1611,3220,3182
3540,-2646,-918,-1142,2969,4150,2023,2556,800,1606,3199,3178
3533,-2643,-917,-1140,2965,4151,2017,2561,787,1594,3178,3174
3525,-2640,-914,-1139,2959,4150,2010,2567,775,1581,3159,3171
3513,-2639,-905,-1144,2946,4146,2005,2570,761,1567,3139,3166
3498,-2638,-891,-1153,2928,4140,1999,2569,743,1552,3117,3159
3485,-2635,-880,-1158,2912,4132,1995,2571,728,1540,3095,3154
3470,-2635,-865,-1168,2894,4124,1994,2576,715,1530,3077,3149
3454,-2638,-845,-1184,2870,4116,1991,2577,701,1519,3060,3145
3437,-2643,-821,-1204,2843,4107,1987,2577,685,1504,3040,3139
3417,-2647,-795,-1225,2813,4094,1980,2572,668,1490,3016,3131
3403,-2641,-783,-1231,2795,4076,1979,2569,657,1486,2996,3124
3393,-2630,-781,-1226,2786,4057,1982,2569,652,1487,2976,3116
3386,-2618,-782,-1219,2783,4039,1988,2572,650,1486,2960,3110
3386,-2605,-790,-1206,2787,4022,1994,2578,647,1483,2945,3105
3390,-2588,-807,-1186,2800,4005,2005,2587,645,1484,2934,3102
3399,-2573,-826,-1165,2818,3993,2022,2599,647,1492,2930,3098
3410,-2557,-848,-1142,2838,3981,2044,2611,652,1500,2928,3095
3418,-2542,-867,-1121,2855,3968,2065,2621,654,1504,2928,3089
3426,-2531,-881,-1106,2868,3957,2085,2629,657,1507,2927,3083
3432,-2523,-891,-1096,2878,3948,2100,2636,658,1505,2925,3076
3436,-2517,-897,-1090,2883,3939,2110,2639,657,1493,2920,3068
3443,-2513,-906,-1082,2894,3935,2123,2642,659,1491,2915,3060
3450,-2512,-912,-1078,2902,3934,2136,2644,661,1488,2909,3050
3455,-2509,-920,-1072,2909,3930,2149,2648,666,1490,2903,3040
3457,-2502,-928,-1062,2916,3924,2164,2652,669,1492,2896,3029
3449,-2495,-929,-1057,2911,3913,2177,2653,670,1489,2886,3015
3431,-2483,-926,-1051,2897,3893,2190,2655,672,1487,2874,3003
3410,-2468,-924,-1042,2882,3871,2198,2657,673,1488,2861,2988
3389,-2454,-920,-1034,2865,3849,2208,2660,676,1487,2849,2972
3368,-2441,-918,-1026,2850,3831,2215,2663,679,1477,2838,2954
3340,-2430,-905,-1027,2823,3810,2210,2659,672,1455,2821,2929
3306,-2418,-889,-1029,2790,3787,2197,2651,661,1427,2799,2902
3279,-2411,-875,-1032,2763,3771,2185,2639,652,1407,2777,2875
3258,-2410,-860,-1040,2740,3764,2178,2629,647,1394,2756,2852
3242,-2412,-847,-1048,2720,3764,2172,2622,646,1386,2738,2833
3230,-2416,-837,-1056,2705,3767,2168,2618,650,1378,2723,2819
3222,-2420,-829,-1062,2694,3772,2164,2614,653,1372,2707,2807
3216,-2425,-822,-1069,2686,3781,2160,2611,653,1365,2691,2795
3212,-2432,-815,-1077,2678,3791,2156,2611,654,1358,2679,2785
3207,-2437,-806,-1085,2668,3798,2154,2615,656,1351,2669,2776
3202,-2440,-801,-1089,2661,3802,2155,2620,660,1346,2662,2768
3195,-2441,-794,-1093,2651,3804,2152,2628,664,1334,2657,2761
3188,-2434,-794,-1088,2647,3799,2146,2636,667,1324,2654,2755
3180,-2423,-796,-1079,2642,3789,2140,2639,666,1309,2649,2747
3171,-2413,-795,-1072,2635,3778,2129,2639,659,1291,2641,2737
3168,-2401,-801,-1061,2637,3769,2121,2640,653,1280,2635,2730
3167,-2392,-805,-1052,2639,3761,2116,2642,650,1273,2628,2724
3165,-2388,-802,-1052,2636,3756,2116,2646,648,1267,2621,2723
3164,-2392,-792,-1062,2629,3755,2120,2651,646,1262,2613,2722
3162,-2402,-774,-1081,2615,3755,2124,2652,644,1257,2606,2722
3165,-2410,-763,-1095,2611,3758,2135,2657,650,1262,2602,2724
3170,-2417,-754,-1106,2609,3759,2149,2666,660,1271,2600,2725
3177,-2423,-750,-1115,2611,3760,2167,2677,671,1280,2601,2728
3187,-2427,-748,-1120,2617,3762,2188,2689,682,1289,2603,2731
3194,-2426,-751,-1119,2624,3758,2209,2698,691,1295,2606,2733
3196,-2419,-753,-1115,2627,3746,2229,2705,698,1296,2606,2730
3190,-2408,-753,-1109,2624,3727,2243,2712,701,1295,2606,2723
3182,-2396,-752,-1104,2618,3706,2253,2714,700,1292,2606,2712
3173,-2386,-749,-1101,2611,3687,2260,2715,697,1288,2606,2702
3164,-2375,-749,-1096,2605,3666,2267,2716,695,1282,2605,2691
3154,-2366,-745,-1093,2596,3648,2268,2714,691,1269,2600,2677
3147,-2356,-747,-1086,2593,3631,2272,2708,687,1260,2593,2660
3140,-2348,-749,-1080,2590,3618,2275,2701,684,1249,2582,2645
3133,-2334,-757,-1066,2591,3602,2279,2694,681,1239,2571,2633
3128,-2316,-772,-1044,2597,3585,2282,2686,681,1231,2562,2623
3119,-2297,-785,-1022,2601,3566,2283,2675,680,1221,2550,2612
3107,-2276,-798,-998,2602,3545,2284,2665,681,1215,2540,2602
3093,-2252,-813,-972,2604,3523,2289,2660,684,1217,2533,2594
3078,-2230,-827,-946,2604,3502,2300,2656,689,1219,2527,2586
3066,-2207,-844,-918,2609,3483,2307,2655,693,1218,2525,2576
3048,-2195,-844,-907,2599,3468,2309,2651,691,1211,2521,2564
3027,-2191,-834,-908,2579,3456,2305,2646,686,1202,2516,2551
3007,-2192,-821,-915,2559,3449,2302,2641,681,1199,2509,2540
2991,-2197,-807,-925,2540,3447,2298,2636,677,1197,2501,2528
2976,-2202,-793,-934,2522,3446,2290,2632,672,1192,2494,2518
2962,-2208,-778,-944,2503,3445,2282,2631,665,1188,2486,2509
2949,-2215,-764,-956,2486,3446,2271,2631,657,1184,2475,2499
2937,-2224,-747,-970,2467,3448,2257,2629,648,1179,2462,2488
2927,-2232,-731,-983,2450,3451,2240,2629,637,1170,2452,2476
2911,-2239,-711,-999,2426,3448,2221,2627,623,1158,2443,2461
2894,-2243,-691,-1014,2401,3442,2202,2620,608,1141,2432,2441
2874,-2248,-665,-1033,2370,3433,2175,2611,592,1116,2419,2420
2858,-2250,-646,-1047,2346,3425,2147,2606,580,1094,2406,2402
2844,-2251,-629,-1058,2326,3417,2121,2605,573,1079,2397,2391
2831,-2250,-614,-1068,2307,3407,2097,2606,567,1070,2391,2384
2827,-2246,-610,-1069,2301,3401,2075,2608,563,1063,2390,2378
2828,-2243,-609,-1069,2300,3398,2055,2611,557,1058,2389,2371
2827,-2243,-604,-1075,2295,3395,2035,2615,551,1058,2387,2363
2823,-2247,-589,-1089,2281,3392,2019,2621,543,1059,2386,2355
2817,-2256,-569,-1111,2263,3392,2005,2625,533,1056,2385,2347
2819,-2262,-559,-1125,2256,3394,2004,2633,528,1058,2388,2342
2823,-2265,-553,-1134,2254,3395,2010,2640,527,1066,2389,2338
2824,-2266,-548,-1141,2250,3393,2018,2645,527,1073,2386,2331
2827,-2262,-550,-1140,2252,3389,2027,2651,527,1077,2381,2324
2833,-2254,-559,-1132,2262,3384,2040,2658,529,1083,2377,2317
2840,-2245,-571,-1121,2274,3380,2055,2662,531,1086,2374,2307
2849,-2235,-586,-1107,2290,3376,2067,2661,534,1085,2371,2298
2858,-2223,-604,-1090,2308,3371,2077,2655,535,1080,2370,2287
2867,-2210,-625,-1070,2328,3366,2088,2648,533,1076,2370,2277
2877,-2198,-646,-1049,2349,3362,2104,2644,533,1076,2371,2270
2885,-2190,-661,-1036,2365,3361,2116,2641,531,1074,2370,2263
2892,-2184,-675,-1023,2380,3359,2130,2636,530,1077,2367,2255
2891,-2179,-680,-1018,2383,3354,2143,2625,524,1074,2360,2243
2888,-2175,-684,-1013,2384,3348,2153,2610,514,1067,2351,2229
2879,-2164,-688,-1004,2382,3334,2162,2592,505,1060,2342,2214
2862,-2152,-686,-997,2370,3315,2165,2569,493,1049,2329,2199
2846,-2142,-685,-990,2358,3298,2166,2545,482,1040,2315,2184
2832,-2126,-691,-974,2354,3280,2169,2523,474,1034,2303,2172
2823,-2107,-708,-949,2359,3262,2173,2501,467,1032,2294,2161
2817,-2086,-729,-918,2370,3247,2180,2487,461,1033,2288,2152
2806,-2073,-736,-903,2367,3234,2182,2471,450,1023,2280,2143
2791,-2068,-733,-899,2355,3225,2183,2456,436,1016,2270,2137
2778,-2068,-726,-900,2341,3220,2184,2444,424,1009,2259,2131
2767,-2072,-716,-906,2326,3220,2185,2431,411,1000,2249,2123
2758,-2080,-705,-915,2311,3224,2181,2417,397,988,2238,2116
2747,-2086,-693,-923,2295,3226,2169,2399,381,975,2229,2109
2731,-2087,-679,-930,2273,3221,2158,2383,368,966,2218,2101
2711,-2088,-662,-937,2248,3213,2149,2369,357,957,2204,2091
2693,-2085,-649,-941,2225,3205,2139,2354,347,944,2193,2082
2672,-2081,-633,-946,2199,3192,2131,2341,340,931,2182,2072
2651,-2076,-617,-952,2172,3179,2127,2331,336,923,2173,2062
2628,-2077,-592,-967,2138,3167,2119,2322,331,907,2162,2051
2609,-2082,-566,-987,2107,3162,2113,2313,325,892,2152,2041
2595,-2092,-539,-1011,2078,3160,2111,2304,321,877,2144,2030
2581,-2102,-512,-1036,2050,3158,2111,2301,319,866,2137,2018
2577,-2103,-502,-1044,2040,3156,2115,2306,322,863,2138,2012
2585,-2100,-507,-1040,2047,3157,2126,2314,329,866,2144,2009
2599,-2097,-517,-1033,2063,3162,2139,2324,338,877,2153,2009
2614,-2092,-530,-1024,2081,3165,2151,2332,347,888,2161,2017
2630,-2088,-543,-1015,2100,3169,2158,2339,355,898,2167,2028
2655,-2078,-569,-994,2135,3173,2171,2347,366,916,2175,2042
2681,-2065,-601,-968,2174,3176,2186,2354,375,937,2185,2053
2701,-2047,-632,-940,2209,3170,2197,2360,381,949,2193,2058
2712,-2027,-657,-914,2235,3157,2205,2368,385,953,2199,2057
2719,-2009,-677,-892,2254,3141,2210,2375,389,952,2201,2051
2720,-1992,-690,-877,2265,3122,2213,2375,392,944,2197,2039
2716,-1979,-695,-868,2268,3103,2210,2372,392,932,2190,2022
2706,-1970,-693,-867,2263,3083,2204,2368,390,918,2183,2003
2696,-1965,-687,-871,2254,3066,2195,2363,390,905,2178,1984
2686,-1958,-684,-871,2249,3049,2187,2355,389,896,2176,1968
2677,-1953,-682,-871,2244,3034,2178,2345,388,887,2175,1951
2669,-1944,-686,-864,2243,3019,2174,2334,389,885,2176,1935
2659,-1940,-685,-862,2239,3007,2172,2319,389,879,2176,1914
2649,-1938,-682,-862,2232,2997,2170,2305,389,870,2175,1892
2640,-1939,-679,-864,2225,2991,2173,2295,391,862,2177,1869
2625,-1940,-671,-869,2211,2983,2176,2287,390,852,2178,1846
2609,-1937,-665,-869,2197,2974,2179,2275,386,840,2178,1824
2599,-1933,-666,-864,2191,2968,2185,2264,381,830,2181,1804
2593,-1930,-671,-855,2191,2967,2196,2253,377,823,2186,1789
2589,-1924,-681,-842,2194,2966,2209,2244,375,818,2194,1776
2576,-1923,-678,-839,2182,2963,2215,2231,367,805,2200,1764
2561,-1925,-667,-845,2163,2962,2216,2218,359,790,2205,1755
2545,-1930,-653,-853,2142,2963,2215,2207,350,780,2211,1746
2531,-1935,-639,-862,2121,2965,2214,2195,340,778,2216,1739
2515,-1940,-624,-871,2099,2967,2211,2183,328,774,2221,1733
2500,-1946,-605,-885,2074,2969,2208,2172,313,768,2227,1729
2484,-1956,-583,-903,2047,2974,2207,2160,299,763,2232,1726
2469,-1967,-559,-924,2019,2979,2204,2149,280,753,2234,1722
2455,-1978,-534,-945,1992,2984,2199,2136,260,741,2234,1720
2441,-1990,-508,-969,1964,2990,2194,2122,239,726,2231,1720
2431,-2000,-486,-989,1940,2995,2189,2107,218,713,2227,1722
2417,-2004,-466,-1005,1917,2993,2175,2091,193,693,2221,1727
2408,-2003,-454,-1013,1902,2990,2164,2078,168,677,2219,1734
2402,-2002,-443,-1021,1891,2988,2154,2065,143,665,2218,1740
2393,-2001,-429,-1031,1875,2982,2144,2050,118,654,2215,1747
2386,-1999,-419,-1038,1864,2976,2137,2040,95,647,2216,1757
2380,-1997,-408,-1047,1853,2970,2131,2031,73,643,2218,1766
2373,-1998,-392,-1061,1838,2963,2125,2022,50,630,2217,1772
2368,-1999,-379,-1074,1826,2957,2118,2013,29,614,2215,1777
2364,-1999,-369,-1084,1817,2950,2111,2004,11,603,2212,1785
2367,-1988,-375,-1076,1824,2940,2110,2001,0,602,2216,1795
2373,-1971,-393,-1056,1840,2928,2111,2000,-8,606,2222,1804
2378,-1953,-411,-1035,1856,2914,2106,2000,-17,608,2228,1813
2380,-1935,-425,-1016,1868,2897,2099,1999,-28,608,2234,1822
2378,-1918,-438,-999,1876,2878,2091,1998,-40,606,2238,1828
2374,-1901,-449,-983,1882,2857,2085,1998,-49,603,2242,1831
2368,-1882,-460,-965,1886,2834,2081,2000,-54,605,2247,1838
2362,-1861,-473,-943,1891,2810,2080,2003,-56,607,2253,1844
2354,-1839,-487,-921,1896,2785,2081,2006,-59,606,2258,1848
2348,-1820,-500,-899,1902,2763,2083,2012,-62,606,2261,1853
2342,-1805,-511,-882,1906,2745,2084,2017,-66,605,2261,1857
2340,-1791,-524,-863,1913,2730,2086,2023,-66,613,2262,1862
2337,-1780,-535,-847,1919,2718,2087,2032,-66,619,2262,1868
2338,-1769,-550,-828,1929,2708,2089,2041,-65,623,2263,1873
2345,-1760,-568,-808,1946,2705,2093,2049,-64,627,2264,1878
2349,-1757,-580,-795,1956,2705,2097,2051,-68,626,2259,1880
2353,-1756,-588,-787,1962,2707,2099,2052,-73,621,2252,1880
2357,-1754,-598,-776,1972,2709,2102,2056,-75,619,2247,1881
2363,-1743,-617,-754,1987,2708,2109,2063,-73,620,2244,1883
2373,-1729,-645,-722,2011,2707,2117,2075,-65,625,2246,1889
2374,-1719,-660,-704,2021,2706,2116,2087,-60,622,2244,1892
2371,-1715,-664,-696,2021,2706,2111,2099,-58,617,2237,1895
2370,-1714,-666,-692,2021,2709,2107,2110,-55,618,2231,1900
2370,-1712,-671,-686,2023,2713,2105,2119,-51,618,2226,1904
2370,-1709,-676,-679,2027,2717,2102,2128,-48,615,2222,1912
2368,-1702,-683,-669,2030,2718,2093,2137,-49,612,2217,1924
2367,-1695,-689,-659,2033,2717,2085,2144,-52,608,2213,1935
2364,-1690,-693,-653,2034,2718,2074,2151,-56,596,2207,1944
2362,-1685,-696,-647,2034,2718,2061,2158,-62,581,2202,1948
2355,-1682,-691,-647,2028,2717,2044,2160,-69,564,2194,1947
2346,-1678,-685,-649,2017,2712,2027,2159,-76,546,2187,1943
2335,-1678,-672,-657,2002,2708,2004,2160,-83,523,2178,1940
2326,-1677,-662,-664,1989,2705,1977,2167,-88,503,2169,1938
2316,-1679,-647,-675,1973,2701,1949,2175,-91,487,2161,1934
2305,-1687,-626,-695,1952,2701,1922,2181,-95,472,2154,1931
2303,-1696,-611,-712,1940,2707,1897,2192,-93,465,2150,1932
2305,-1706,-600,-727,1934,2714,1874,2205,-89,462,2148,1935
2309,-1716,-590,-743,1929,2723,1851,2217,-88,458,2147,1937
2313,-1727,-580,-757,1925,2730,1825,2227,-89,452,2145,1937
2314,-1734,-570,-771,1919,2733,1800,2234,-88,450,2143,1936
2320,-1734,-572,-771,1924,2733,1783,2245,-80,458,2146,1938
2326,-1728,-581,-763,1934,2729,1769,2253,-69,466,2149,1938
2332,-1719,-593,-752,1946,2722,1753,2264,-61,469,2150,1935
2338,-1707,-609,-735,1960,2713,1734,2276,-56,469,2149,1931
2343,-1689,-629,-713,1977,2699,1717,2289,-54,476,2151,1929
2343,-1669,-648,-689,1990,2681,1700,2302,-50,487,2156,1928
2343,-1651,-666,-667,2003,2663,1679,2314,-50,495,2158,1926
2344,-1636,-682,-649,2013,2648,1655,2324,-52,499,2159,1924
2342,-1628,-688,-641,2017,2636,1633,2333,-53,505,2159,1924
2340,-1624,-691,-638,2018,2627,1614,2341,-54,513,2162,1924
2335,-1621,-691,-637,2015,2618,1592,2347,-56,515,2165,1924
2332,-1615,-695,-631,2016,2608,1573,2350,-55,522,2167,1924
2323,-1608,-695,-628,2009,2595,1554,2349,-56,526,2168,1919
2314,-1602,-693,-624,2002,2582,1534,2347,-57,527,2169,1913
2308,-1598,-693,-621,1997,2574,1518,2343,-58,525,2167,1904
2297,-1598,-684,-626,1984,2567,1498,2331,-66,518,2163,1888
2284,-1598,-673,-632,1967,2558,1475,2317,-74,509,2156,1873
2272,-1595,-666,-633,1954,2549,1453,2307,-82,500,2149,1860
2266,-1592,-664,-631,1948,2546,1433,2300,-88,490,2142,1846
2264,-1588,-668,-624,1948,2545,1417,2296,-90,475,2139,1835
2253,-1587,-659,-627,1935,2540,1399,2291,-93,455,2132,1822
2236,-1588,-644,-636,1913,2534,1380,2284,-98,433,2124,1809
2220,-1591,-625,-648,1889,2529,1366,2277,-101,415,2118,1794
2202,-1595,-605,-662,1864,2523,1355,2273,-104,400,2111,1781
2184,-1599,-584,-676,1838,2518,1344,2270,-107,385,2105,1768
2165,-1603,-563,-691,1811,2511,1336,2271,-107,377,2101,1761
2151,-1607,-546,-703,1791,2508,1328,2274,-109,370,2095,1753
2142,-1611,-533,-712,1776,2506,1322,2279,-112,362,2088,1745
2135,-1611,-528,-713,1769,2504,1319,2286,-113,355,2084,1736
2126,-1607,-523,-713,1760,2497,1318,2295,-113,351,2081,1727
2119,-1601,-523,-708,1755,2490,1321,2306,-113,356,2080,1723
2110,-1596,-521,-705,1749,2483,1323,2320,-113,357,2080,1723
2105,-1587,-525,-695,1748,2474,1328,2338,-111,358,2082,1726
2099,-1576,-531,-684,1748,2463,1335,2353,-110,361,2083,1728
2092,-1566,-536,-673,1748,2452,1340,2368,-111,360,2085,1731
2094,-1555,-549,-658,1758,2445,1343,2384,-110,362,2090,1733
2100,-1546,-565,-642,1774,2443,1345,2402,-107,365,2095,1734
2105,-1540,-577,-630,1785,2440,1348,2419,-103,368,2099,1736
2108,-1538,-584,-625,1794,2440,1350,2435,-100,365,2100,1738
2109,-1539,-584,-627,1795,2440,1349,2446,-99,359,2095,1737
2112,-1538,-590,-623,1802,2439,1351,2458,-96,355,2091,1736
2113,-1535,-593,-620,1806,2436,1356,2466,-94,350,2088,1733
2111,-1538,-589,-626,1803,2434,1359,2467,-98,335,2084,1728
2108,-1543,-581,-636,1796,2432,1363,2466,-104,321,2079,1721
2102,-1542,-575,-641,1789,2426,1368,2465,-108,311,2072,1712
2092,-1537,-570,-643,1780,2414,1373,2464,-108,304,2066,1702
2082,-1530,-565,-644,1770,2400,1375,2464,-108,296,2059,1690
2073,-1522,-561,-643,1762,2387,1375,2461,-107,287,2053,1677
2063,-1513,-558,-641,1752,2372,1376,2459,-103,282,2047,1663
2053,-1502,-555,-638,1743,2355,1381,2458,-97,285,2044,1651
2041,-1493,-549,-638,1730,2339,1388,2455,-93,285,2041,1639
2036,-1484,-549,-633,1727,2328,1401,2449,-90,289,2036,1628
2035,-1477,-551,-629,1726,2322,1415,2445,-86,290,2028,1620
2037,-1467,-558,-619,1731,2315,1431,2448,-79,296,2022,1621
2043,-1453,-574,-601,1745,2310,1450,2455,-68,307,2018,1626
2048,-1440,-588,-584,1756,2304,1466,2458,-60,313,2012,1630
2050,-1423,-603,-564,1767,2295,1476,2457,-54,319,2006,1639
2052,-1405,-622,-540,1780,2286,1484,2456,-49,325,2001,1648
2056,-1389,-640,-517,1795,2279,1490,2450,-45,329,1993,1651
2060,-1376,-657,-497,1809,2276,1498,2445,-38,331,1985,1649
2055,-1370,-658,-491,1807,2271,1495,2434,-35,321,1972,1640
2039,-1365,-648,-493,1790,2260,1485,2419,-38,304,1956,1625
2017,-1362,-631,-501,1765,2246,1470,2404,-44,284,1939,1608
1991,-1362,-608,-515,1733,2232,1457,2389,-49,269,1921,1592
1964,-1365,-580,-533,1698,2220,1447,2377,-55,259,1907,1579
1939,-1369,-554,-551,1666,2210,1439,2371,-61,252,1898,1572
1921,-1376,-534,-567,1641,2206,1434,2366,-67,248,1893,1567
1907,-1382,-518,-579,1623,2205,1429,2361,-74,243,1887,1564
1898,-1384,-511,-582,1614,2204,1426,2359,-79,239,1884,1562
1886,-1380,-507,-580,1604,2197,1424,2358,-81,237,1882,1561
1876,-1370,-509,-570,1600,2187,1423,2357,-83,232,1880,1560
1866,-1363,-509,-563,1594,2179,1419,2356,-89,217,1874,1558
1857,-1355,-511,-554,1590,2171,1416,2360,-92,206,1871,1559
1847,-1350,-508,-552,1581,2162,1417,2365,-91,201,1869,1562
1832,-1348,-496,-558,1564,2154,1420,2372,-89,196,1868,1565
1822,-1347,-488,-561,1551,2146,1424,2381,-86,193,1870,1569
1816,-1348,-482,-566,1543,2144,1428,2389,-83,193,1872,1573
1808,-1350,-473,-573,1531,2138,1429,2395,-83,193,1873,1575
1798,-1347,-465,-577,1518,2128,1429,2400,-85,189,1870,1576
1788,-1342,-459,-578,1505,2116,1424,2400,-91,183,1865,1574
1786,-1333,-465,-569,1506,2105,1424,2402,-97,184,1862,1573
1791,-1325,-477,-556,1516,2099,1429,2406,-100,190,1863,1574
1796,-1317,-489,-543,1525,2092,1432,2410,-102,190,1861,1573
1800,-1308,-500,-532,1534,2085,1436,2414,-105,187,1857,1569
1801,-1299,-508,-521,1539,2074,1442,2416,-108,185,1854,1564
1797,-1288,-514,-511,1538,2059,1450,2418,-108,185,1854,1558
1792,-1279,-516,-505,1535,2045,1455,2420,-108,185,1855,1552
1788,-1272,-518,-501,1532,2032,1461,2427,-107,188,1861,1546
1785,-1268,-518,-498,1530,2023,1467,2438,-105,194,1867,1542
1786,-1264,-522,-495,1533,2018,1474,2450,-102,199,1873,1539
1788,-1261,-527,-490,1537,2013,1481,2461,-98,199,1879,1535
1793,-1251,-540,-475,1549,2006,1492,2474,-91,202,1888,1531
1799,-1242,-555,-461,1563,2002,1503,2484,-82,203,1896,1524
1804,-1233,-570,-446,1577,1997,1513,2493,-71,205,1904,1520
1808,-1223,-584,-430,1590,1992,1522,2503,-61,210,1910,1517
1805,-1215,-590,-422,1593,1984,1525,2508,-56,209,1910,1508
1801,-1210,-591,-419,1592,1977,1527,2511,-55,205,1904,1497
1797,-1203,-595,-412,1593,1970,1531,2513,-53,204,1897,1488
1787,-1191,-600,-402,1591,1958,1534,2517,-49,203,1891,1480
1779,-1178,-605,-390,1590,1945,1536,2522,-44,204,1886,1472
1763,-1172,-597,-392,1576,1933,1527,2520,-45,195,1877,1464
1741,-1170,-579,-403,1550,1920,1513,2518,-49,183,1866,1454
1717,-1172,-556,-420,1521,1908,1502,2517,-52,176,1856,1445
1694,-1175,-531,-438,1490,1898,1493,2517,-56,170,1847,1436
1676,-1178,-511,-454,1465,1891,1484,2518,-60,161,1836,1427
1660,-1177,-497,-462,1446,1884,1472,2518,-65,153,1826,1422
1648,-1177,-488,-468,1432,1880,1462,2517,-71,148,1816,1419
1642,-1183,-477,-478,1421,1884,1455,2517,-78,149,1806,1417
1642,-1192,-468,-489,1415,1893,1449,2518,-87,148,1796,1415
1642,-1205,-455,-505,1406,1906,1442,2518,-94,143,1786,1411
1643,-1218,-442,-522,1396,1919,1439,2520,-98,139,1778,1407
1643,-1234,-425,-542,1384,1933,1433,2523,-105,132,1771,1405
1645,-1245,-414,-556,1377,1945,1424,2525,-113,128,1764,1405
1647,-1257,-402,-571,1369,1957,1416,2528,-121,124,1759,1401
1642,-1268,-384,-589,1352,1964,1409,2533,-128,119,1755,1397
1637,-1276,-370,-603,1338,1967,1405,2540,-134,116,1756,1395
1633,-1281,-358,-613,1326,1969,1401,2549,-138,114,1757,1393
1630,-1287,-347,-624,1315,1971,1398,2557,-140,115,1757,1391
1628,-1293,-336,-634,1305,1973,1392,2565,-141,118,1757,1392
1623,-1295,-327,-642,1295,1970,1386,2571,-141,124,1755,1394
1628,-1292,-332,-636,1301,1970,1389,2578,-138,139,1757,1398
1638,-1286,-346,-622,1316,1969,1393,2589,-131,158,1765,1404
1643,-1273,-362,-604,1330,1961,1396,2603,-124,172,1776,1411
1646,-1257,-378,-583,1342,1948,1398,2617,-120,180,1786,1416
1648,-1240,-395,-561,1355,1933,1398,2627,-117,187,1791,1418
1649,-1222,-411,-540,1366,1917,1398,2636,-113,196,1795,1418
1648,-1203,-426,-518,1376,1898,1393,2642,-108,203,1796,1417
1644,-1182,-441,-496,1382,1876,1388,2648,-102,209,1796,1415
1639,-1166,-452,-478,1387,1857,1386,2656,-95,214,1794,1411
1639,-1155,-460,-467,1392,1845,1386,2666,-87,219,1793,1409
1639,-1151,-465,-462,1396,1837,1384,2676,-80,220,1792,1408
1642,-1149,-469,-459,1401,1835,1385,2686,-73,228,1794,1408
1643,-1151,-468,-462,1401,1833,1385,2694,-65,238,1796,1405
1642,-1153,-468,-464,1401,1831,1383,2699,-57,245,1796,1401
1642,-1153,-468,-464,1401,1830,1383,2704,-49,248,1792,1397
1633,-1157,-457,-475,1389,1826,1380,2706,-45,245,1784,1393
1619,-1165,-438,-493,1368,1822,1375,2703,-43,240,1774,1386
1607,-1169,-425,-505,1352,1818,1370,2700,-42,237,1762,1377
1599,-1167,-423,-505,1346,1814,1369,2701,-38,239,1752,1370
1597,-1157,-433,-492,1353,1809,1371,2707,-30,243,1745,1366
1592,-1156,-434,-491,1352,1809,1369,2711,-25,241,1738,1361
1584,-1161,-424,-501,1342,1811,1363,2712,-20,238,1730,1356
1570,-1169,-407,-518,1324,1812,1357,2712,-17,236,1723,1352
1553,-1178,-385,-538,1299,1811,1354,2713,-15,235,1717,1350
1536,-1187,-363,-558,1274,1811,1347,2714,-15,231,1710,1352
1523,-1194,-347,-573,1257,1813,1334,2713,-17,224,1699,1357
1518,-1197,-342,-579,1251,1817,1321,2712,-18,218,1687,1362
1517,-1196,-345,-575,1254,1821,1311,2712,-18,215,1676,1366
1523,-1194,-355,-566,1265,1829,1303,2716,-14,219,1666,1373
1530,-1194,-364,-559,1276,1838,1292,2721,-13,223,1656,1381
1532,-1189,-372,-550,1283,1840,1282,2725,-10,235,1649,1388
1527,-1183,-374,-543,1281,1836,1268,2731,-11,241,1642,1397
1522,-1175,-377,-536,1279,1831,1253,2738,-12,246,1638,1407
1516,-1172,-374,-534,1273,1827,1236,2743,-15,251,1634,1415
1511,-1177,-364,-543,1262,1828,1219,2744,-22,248,1627,1417
1508,-1183,-353,-553,1252,1831,1202,2747,-28,240,1622,1418
1505,-1191,-341,-566,1241,1833,1182,2750,-35,226,1614,1419
1501,-1204,-322,-586,1224,1837,1160,2750,-44,210,1601,1416
1495,-1219,-299,-610,1203,1840,1139,2744,-55,192,1587,1413
1485,-1234,-270,-638,1176,1840,1117,2736,-67,178,1574,1409
1479,-1245,-250,-658,1156,1839,1101,2732,-76,174,1564,1411
1478,-1252,-238,-670,1146,1838,1089,2729,-82,175,1552,1411
1476,-1253,-230,-675,1138,1833,1078,2725,-88,171,1538,1409
1474,-1250,-227,-675,1132,1823,1067,2723,-94,166,1525,1406
1473,-1243,-228,-670,1129,1811,1058,2719,-99,161,1513,1402
1473,-1235,-231,-662,1129,1799,1051,2715,-103,156,1503,1397
1473,-1226,-235,-655,1129,1787,1045,2712,-107,149,1494,1392
1473,-1215,-241,-644,1132,1773,1042,2712,-110,148,1488,1390
1471,-1202,-249,-631,1134,1757,1041,2711,-113,149,1481,1390
1473,-1189,-260,-615,1142,1744,1042,2712,-113,155,1475,1392
1478,-1181,-270,-605,1150,1737,1046,2717,-114,163,1473,1396
1486,-1171,-286,-588,1166,1732,1058,2724,-109,179,1476,1404
1493,-1157,-306,-566,1183,1723,1068,2731,-103,193,1477,1411
1501,-1140,-330,-540,1204,1715,1077,2738,-95,207,1478,1416
1508,-1125,-354,-514,1226,1709,1083,2742,-88,219,1477,1419
1507,-1115,-365,-500,1233,1702,1084,2738,-87,224,1471,1414
1498,-1110,-363,-498,1228,1694,1080,2729,-89,224,1461,1406
1489,-1109,-359,-500,1222,1691,1075,2719,-92,223,1451,1396
1481,-1105,-360,-497,1219,1686,1072,2708,-94,224,1440,1385
1474,-1094,-370,-483,1225,1679,1073,2701,-92,225,1433,1377
1461,-1085,-371,-475,1220,1670,1070,2694,-92,217,1422,1369
1444,-1081,-363,-477,1206,1662,1064,2685,-96,207,1409,1363
1429,-1086,-349,-489,1190,1662,1059,2672,-101,199,1395,1357
1414,-1095,-330,-508,1169,1665,1053,2659,-107,196,1382,1354
1398,-1105,-309,-527,1147,1668,1047,2649,-113,195,1369,1353
1384,-1112,-292,-543,1129,1670,1037,2643,-119,196,1357,1356
1374,-1118,-280,-554,1116,1674,1030,2637,-125,199,1346,1359
1366,-1125,-268,-565,1104,1680,1026,2634,-129,203,1335,1364
1362,-1129,-262,-572,1098,1685,1021,2633,-129,204,1325,1369
1356,-1131,-255,-578,1089,1687,1015,2629,-131,200,1314,1371
1349,-1129,-251,-579,1082,1685,1011,2624,-135,196,1304,1371
1342,-1127,-245,-581,1073,1681,1003,2617,-140,185,1295,1370
1335,-1120,-243,-578,1066,1674,993,2612,-144,176,1289,1372
1327,-1112,-239,-576,1057,1663,988,2610,-145,170,1286,1374
1317,-1106,-232,-576,1044,1652,982,2609,-146,165,1284,1374
1313,-1100,-229,-575,1038,1643,976,2611,-147,163,1284,1376
1311,-1096,-226,-574,1032,1635,967,2614,-149,160,1283,1378
1311,-1097,-220,-580,1026,1632,955,2615,-154,155,1280,1377
1316,-1105,-211,-592,1021,1635,938,2614,-160,148,1275,1376
1320,-1118,-197,-611,1011,1641,920,2609,-166,145,1266,1375
1326,-1127,-188,-624,1006,1646,905,2604,-169,151,1256,1377
1333,-1135,-182,-634,1004,1649,894,2599,-169,162,1246,1377
1337,-1141,-176,-643,1001,1651,883,2594,-171,168,1236,1378
1340,-1143,-173,-647,999,1648,872,2589,-174,172,1226,1378
1339,-1135,-178,-639,999,1636,866,2586,-176,177,1217,1378
1336,-1120,-188,-623,1003,1619,866,2584,-173,186,1212,1381
1332,-1105,-198,-607,1006,1602,866,2583,-167,194,1210,1386
1329,-1088,-211,-588,1012,1585,865,2582,-160,202,1210,1390
1325,-1075,-221,-573,1016,1571,864,2583,-153,210,1211,1395
1322,-1064,-231,-559,1021,1559,862,2583,-152,216,1208,1400
1320,-1056,-240,-549,1027,1552,857,2581,-154,216,1201,1404
1321,-1046,-253,-533,1038,1545,854,2574,-155,223,1195,1409
1320,-1036,-265,-519,1046,1538,851,2565,-158,232,1188,1412
1320,-1028,-277,-505,1056,1534,847,2553,-163,239,1180,1415
1322,-1018,-293,-487,1069,1530,845,2540,-170,245,1172,1418
1321,-1009,-305,-472,1078,1525,840,2523,-180,246,1161,1421
1316,-997,-314,-457,1083,1517,833,2504,-194,245,1147,1423
1310,-985,-324,-441,1087,1509,827,2485,-210,243,1130,1422
1304,-974,-332,-427,1090,1502,821,2465,-224,239,1113,1419
1298,-964,-340,-414,1093,1496,818,2449,-236,233,1098,1415
1283,-958,-335,-412,1080,1487,809,2430,-251,223,1080,1410
1266,-955,-323,-418,1061,1479,796,2409,-266,210,1061,1405
1251,-957,-308,-429,1042,1475,784,2388,-277,201,1045,1402
1237,-960,-292,-440,1023,1472,775,2369,-287,196,1031,1399
1223,-961,-278,-450,1004,1468,767,2352,-295,196,1020,1399
1210,-958,-268,-455,988,1463,760,2341,-300,199,1013,1406
1204,-957,-263,-459,980,1461,757,2334,-304,204,1005,1412
1201,-956,-260,-460,975,1462,752,2328,-308,207,995,1414
1201,-953,-261,-458,975,1463,748,2323,-310,206,985,1414
1197,-951,-259,-460,970,1462,743,2318,-311,199,974,1413
1193,-951,-253,-465,962,1460,740,2314,-311,194,963,1412
1186,-954,-240,-477,948,1458,732,2311,-312,184,950,1412
1179,-954,-231,-484,936,1453,723,2308,-315,173,937,1412
1173,-952,-225,-489,928,1448,714,2306,-318,164,924,1409
1170,-952,-220,-495,921,1445,705,2306,-319,154,913,1408
1175,-951,-224,-493,927,1445,701,2309,-319,149,905,1408
1183,-950,-230,-490,936,1446,701,2313,-316,146,899,1409
1186,-952,-230,-493,938,1446,698,2316,-310,144,896,1409
1186,-959,-222,-504,933,1446,692,2319,-304,139,892,1409
1183,-969,-207,-523,922,1446,683,2317,-301,135,886,1409
1183,-975,-198,-534,916,1445,676,2317,-297,139,881,1407
1183,-979,-193,-541,914,1443,672,2318,-291,144,876,1403
1184,-981,-190,-545,913,1438,664,2319,-287,143,872,1400
1185,-980,-191,-543,915,1431,654,2319,-283,142,870,1395
1184,-974,-195,-537,918,1421,644,2315,-284,134,865,1389
1180,-968,-196,-532,916,1408,636,2308,-284,127,859,1382
1172,-962,-193,-529,909,1394,626,2302,-285,120,851,1377
1166,-960,-189,-529,903,1383,616,2295,-287,114,842,1371
1158,-960,-181,-534,892,1373,604,2282,-291,108,829,1364
1151,-960,-174,-536,883,1365,592,2267,-296,101,817,1356
1142,-961,-166,-540,871,1357,579,2252,-304,87,805,1347
1139,-962,-164,-540,867,1354,571,2234,-310,78,791,1338
1138,-963,-163,-538,866,1353,563,2215,-313,70,777,1328
1137,-960,-168,-530,868,1352,557,2197,-314,63,765,1319
1140,-953,-179,-515,876,1350,555,2184,-313,61,758,1314
1140,-948,-188,-503,882,1350,552,2172,-314,60,749,1310
1142,-942,-197,-491,888,1351,550,2159,-315,60,739,1305
1145,-936,-209,-476,898,1353,552,2147,-315,64,729,1299
1147,-927,-223,-460,908,1354,557,2135,-312,66,717,1293
1151,-915,-241,-438,924,1354,562,2126,-306,70,707,1286
1152,-906,-255,-422,934,1355,559,2115,-307,70,695,1279
1150,-893,-268,-404,942,1351,553,2106,-312,68,684,1272
1147,-879,-282,-385,950,1346,549,2098,-317,74,675,1269
1146,-870,-293,-372,957,1345,545,2091,-321,85,666,1267
1144,-865,-298,-366,961,1347,541,2083,-323,99,657,1263
1142,-866,-296,-368,959,1351,539,2076,-324,111,649,1259
1141,-872,-291,-376,956,1358,537,2069,-326,122,641,1256
1142,-885,-280,-394,951,1372,533,2058,-331,126,632,1249
1147,-904,-266,-417,946,1392,529,2048,-335,124,622,1239
1146,-923,-247,-444,933,1407,524,2035,-340,114,611,1224
1142,-935,-231,-464,922,1415,519,2023,-344,106,601,1210
1139,-942,-219,-479,912,1419,508,2014,-348,92,592,1197
1135,-939,-217,-481,908,1415,495,2006,-350,84,584,1186
1132,-930,-222,-474,910,1408,482,1996,-355,76,574,1172
1131,-919,-229,-463,914,1399,463,1985,-361,67,564,1158
1133,-902,-245,-443,926,1387,449,1978,-361,64,559,1148
1140,-886,-265,-421,944,1378,439,1974,-357,69,561,1144
1147,-872,-282,-402,960,1371,429,1972,-351,79,565,1142
1152,-857,-298,-383,973,1360,417,1967,-346,86,570,1141
1153,-840,-312,-363,982,1346,404,1959,-344,91,573,1140
1158,-818,-335,-334,1000,1330,397,1955,-339,105,581,1139
1165,-793,-363,-299,1023,1314,394,1951,-330,122,593,1139
1169,-768,-389,-265,1041,1295,390,1946,-322,131,603,1136
1169,-741,-413,-231,1056,1273,386,1942,-317,138,608,1130
1167,-717,-432,-202,1067,1252,380,1935,-313,143,609,1123
1164,-697,-448,-177,1073,1233,373,1926,-308,148,609,1114
1157,-680,-457,-158,1074,1213,364,1915,-302,151,608,1102
1152,-668,-463,-143,1074,1200,359,1906,-296,154,606,1092
1147,-662,-464,-137,1071,1190,354,1898,-292,157,603,1082
1143,-661,-462,-136,1066,1185,351,1892,-287,159,601,1077
1142,-665,-457,-140,1061,1185,351,1888,-281,161,600,1074
1144,-666,-459,-137,1063,1187,358,1886,-272,174,600,1073
1149,-665,-466,-130,1071,1188,367,1882,-262,189,600,1071
1153,-660,-477,-118,1081,1189,377,1878,-252,205,602,1072
1157,-654,-489,-104,1091,1187,387,1875,-240,222,605,1074
1152,-648,-492,-97,1090,1181,391,1869,-233,231,602,1074
1145,-645,-491,-95,1085,1175,393,1863,-228,233,594,1072
1140,-641,-493,-90,1084,1171,393,1853,-225,232,585,1066
1134,-633,-497,-82,1083,1164,397,1842,-222,232,574,1061
1127,-623,-505,-70,1085,1155,402,1833,-218,234,564,1060
1116,-619,-501,-70,1076,1147,400,1822,-217,230,552,1058
1100,-620,-488,-80,1058,1141,393,1809,-220,224,537,1057
1083,-623,-471,-95,1035,1135,388,1796,-224,222,523,1057
1066,-633,-448,-117,1009,1133,384,1783,-228,220,507,1059
1051,-649,-418,-149,980,1138,381,1768,-235,217,494,1062
1035,-669,-384,-186,946,1144,373,1749,-247,209,479,1063
1019,-692,-346,-228,910,1152,363,1729,-263,192,462,1063
1003,-719,-305,-275,871,1163,353,1714,-280,176,445,1062
992,-744,-269,-318,840,1177,342,1701,-297,159,432,1064
982,-769,-233,-359,809,1189,335,1689,-313,144,416,1068
973,-788,-203,-394,781,1199,331,1674,-328,131,399,1072
960,-803,-172,-425,752,1202,320,1658,-347,114,383,1077
951,-812,-151,-447,730,1204,308,1643,-366,99,367,1081
946,-820,-135,-465,715,1206,297,1629,-385,88,353,1083
942,-825,-122,-478,702,1207,286,1617,-403,76,342,1087
945,-824,-121,-479,702,1206,282,1612,-413,70,339,1099
955,-817,-132,-468,714,1205,280,1610,-418,68,340,1115
964,-805,-149,-450,730,1200,282,1612,-420,70,345,1130
972,-788,-169,-426,747,1190,284,1618,-419,78,353,1146
976,-770,-186,-402,761,1177,285,1623,-417,89,358,1161
988,-750,-215,-369,787,1166,291,1626,-411,104,366,1176
1007,-731,-250,-333,822,1161,304,1631,-401,122,377,1189
1026,-717,-282,-301,856,1159,317,1638,-387,138,389,1200
1040,-702,-311,-270,886,1154,330,1643,-373,150,397,1205
1051,-684,-341,-236,914,1144,342,1645,-358,161,404,1206
1060,-663,-372,-200,942,1132,354,1644,-343,177,414,1203
1064,-641,-401,-163,965,1116,363,1639,-329,191,424,1200
1065,-618,-428,-127,986,1098,368,1634,-316,202,432,1195
1060,-601,-445,-102,997,1081,371,1624,-305,209,438,1188
1054,-591,-455,-86,1002,1069,375,1617,-292,214,443,1182
1044,-585,-456,-79,998,1057,379,1611,-280,220,447,1176
1033,-580,-455,-73,994,1046,387,1606,-269,229,450,1168
1017,-577,-448,-73,981,1034,395,1598,-260,231,451,1159
1002,-578,-438,-79,966,1026,397,1590,-255,227,450,1149
989,-580,-426,-87,952,1020,398,1584,-248,227,453,1140
968,-584,-405,-102,926,1011,395,1571,-245,226,455,1128
944,-587,-382,-119,896,1000,388,1552,-245,220,451,1111
925,-588,-365,-130,873,991,378,1530,-247,213,444,1090
911,-586,-354,-137,857,984,365,1507,-249,208,437,1071
903,-579,-354,-133,851,978,354,1490,-251,205,435,1056
896,-570,-355,-127,846,971,338,1476,-252,198,432,1041
890,-560,-358,-120,844,964,322,1466,-255,192,430,1030
889,-550,-365,-111,847,960,312,1459,-255,193,429,1024
890,-547,-367,-110,847,962,306,1452,-250,197,431,1021
891,-549,-361,-117,843,966,301,1448,-241,205,432,1018
892,-558,-351,-132,835,975,297,1445,-233,212,431,1016
894,-570,-337,-152,825,986,295,1442,-227,220,430,1016
894,-585,-318,-178,811,997,293,1440,-221,224,426,1017
898,-602,-302,-201,801,1011,292,1439,-215,225,420,1018
899,-616,-285,-224,790,1021,285,1437,-210,221,410,1018
900,-626,-273,-241,781,1028,278,1435,-206,218,403,1018
898,-634,-261,-255,771,1031,267,1434,-202,208,398,1020
898,-638,-255,-262,767,1032,258,1434,-197,200,396,1024
901,-641,-252,-267,766,1034,251,1433,-193,190,391,1027
903,-649,-245,-278,763,1039,242,1430,-193,177,382,1029
908,-659,-238,-289,762,1046,236,1431,-193,170,376,1032
914,-673,-229,-305,760,1057,231,1433,-191,168,374,1036
918,-693,-213,-329,753,1071,223,1433,-191,162,370,1038
921,-715,-192,-358,741,1084,212,1428,-193,152,365,1038
917,-738,-166,-391,721,1094,201,1420,-196,141,357,1036
915,-754,-146,-415,707,1101,197,1412,-196,141,353,1034
914,-764,-137,-427,702,1104,197,1406,-192,151,352,1032
915,-768,-134,-433,700,1105,198,1401,-187,156,352,1030
918,-767,-139,-429,706,1104,201,1396,-180,162,357,1030
924,-758,-154,-413,720,1101,205,1391,-170,171,363,1031
931,-743,-178,-386,741,1094,210,1388,-156,188,369,1031
938,-724,-205,-356,763,1085,218,1388,-139,207,377,1028
942,-707,-228,-328,780,1075,228,1391,-120,227,387,1026
940,-692,-242,-309,787,1064,238,1395,-102,246,397,1021
938,-683,-251,-296,792,1056,248,1396,-86,262,404,1017
938,-681,-253,-292,792,1056,253,1394,-75,271,409,1009
940,-683,-255,-290,793,1059,256,1388,-65,279,414,999
939,-689,-249,-296,788,1063,262,1381,-55,285,417,988
938,-696,-242,-305,780,1069,266,1373,-46,287,416,977
938,-702,-237,-310,776,1074,269,1361,-40,289,415,964
933,-709,-226,-319,764,1077,270,1346,-36,288,411,950
924,-712,-213,-328,747,1076,268,1327,-37,281,404,936
913,-710,-205,-330,733,1069,269,1310,-40,272,399,922
904,-703,-204,-323,725,1060,271,1294,-42,263,399,910
901,-693,-211,-311,727,1054,273,1282,-41,256,401,904
894,-683,-214,-300,724,1044,269,1268,-44,243,401,897
884,-672,-215,-291,717,1032,261,1252,-50,230,399,892
874,-660,-217,-281,711,1019,256,1235,-56,222,399,890
864,-648,-217,-272,704,1005,252,1222,-61,214,398,889
854,-637,-217,-265,697,993,249,1210,-68,207,396,889
845,-628,-217,-259,692,981,246,1198,-78,194,391,890
840,-620,-218,-254,689,973,248,1188,-90,183,383,890
837,-617,-216,-254,686,969,250,1181,-100,174,372,891
834,-614,-214,-254,684,966,251,1173,-110,166,361,892
829,-617,-205,-264,675,964,248,1162,-124,154,349,889
826,-622,-195,-275,667,966,241,1147,-140,144,336,883
822,-632,-180,-293,655,969,229,1131,-159,129,321,877
816,-641,-163,-312,642,971,216,1116,-177,113,308,872
809,-651,-146,-332,626,973,206,1101,-195,99,295,865
800,-657,-128,-350,610,971,196,1086,-211,87,285,859
796,-657,-125,-354,606,968,189,1077,-220,85,281,857
795,-649,-131,-348,610,962,187,1070,-222,88,282,859
794,-641,-139,-339,617,957,186,1065,-219,97,286,864
794,-633,-147,-330,623,951,184,1061,-218,105,290,869
788,-625,-151,-324,623,941,182,1053,-223,114,290,871
783,-611,-162,-309,628,928,189,1047,-222,131,292,874
779,-591,-180,-285,637,912,204,1044,-216,153,297,876
778,-571,-200,-260,651,898,219,1040,-210,172,306,878
781,-555,-223,-234,669,889,232,1036,-204,187,313,881
785,-536,-247,-206,687,879,247,1033,-198,202,321,885
788,-517,-272,-177,706,869,265,1032,-190,220,330,889
791,-498,-296,-148,723,858,281,1028,-184,231,335,890
792,-477,-321,-117,740,845,293,1023,-181,237,338,887
792,-461,-339,-93,751,834,304,1017,-179,245,338,884
794,-448,-356,-72,763,827,316,1014,-176,253,340,879
798,-439,-370,-55,774,824,323,1010,-176,255,340,872
805,-433,-385,-40,787,824,329,1003,-175,260,339,864
806,-428,-392,-31,792,822,330,995,-176,265,335,852
805,-426,-394,-26,792,820,323,984,-180,270,331,838
806,-425,-395,-24,792,820,313,973,-185,277,326,820
804,-432,-387,-33,785,823,299,956,-195,279,315,797
798,-439,-373,-46,772,824,282,939,-206,280,302,775
790,-440,-364,-52,760,820,264,924,-213,285,291,754
780,-436,-357,-54,749,811,247,908,-220,290,281,737
772,-430,-353,-52,742,802,231,895,-225,293,277,724
757,-428,-339,-60,723,791,208,880,-232,289,272,713
736,-431,-312,-80,692,779,176,866,-243,276,262,702
715,-440,-280,-107,659,771,138,849,-257,265,249,690
698,-454,-246,-140,625,768,100,834,-271,255,235,681
683,-470,-212,-173,594,769,62,818,-282,245,223,676
673,-486,-182,-205,568,772,25,805,-289,233,212,677
669,-500,-161,-229,553,778,-14,795,-294,224,202,680
670,-509,-150,-243,547,784,-53,789,-298,219,195,689
676,-512,-150,-245,552,790,-92,787,-299,217,193,702
682,-514,-150,-247,557,795,-129,786,-298,219,194,719
691,-514,-156,-244,568,801,-165,785,-296,224,195,737
698,-513,-163,-239,579,806,-203,782,-295,222,195,758
704,-508,-172,-230,589,806,-241,775,-297,217,192,779
705,-502,-178,-223,595,804,-277,767,-302,207,188,796
700,-499,-175,-223,590,799,-312,756,-308,194,182,810
698,-498,-175,-222,588,798,-346,746,-313,184,179,823
700,-501,-176,-223,591,803,-376,737,-317,177,177,835
700,-509,-171,-232,588,809,-403,726,-318,172,175,850
699,-522,-160,-247,581,819,-427,716,-319,165,172,863
697,-540,-143,-269,568,830,-451,702,-324,153,167,873
698,-555,-133,-285,562,842,-467,692,-324,151,162,883
696,-565,-125,-296,555,849,-475,686,-320,153,159,891
692,-575,-115,-309,545,854,-481,678,-316,145,153,897
688,-585,-103,-323,534,859,-481,670,-312,137,145,903
684,-594,-94,-334,524,864,-482,660,-309,131,136,905
679,-598,-88,-340,516,864,-480,649,-306,128,127,905
675,-598,-85,-342,510,862,-478,638,-304,125,120,904
678,-596,-91,-337,514,863,-471,629,-300,125,119,904
681,-589,-101,-326,521,860,-464,624,-292,130,120,906
684,-577,-115,-308,531,854,-455,623,-284,140,124,909
684,-562,-129,-289,538,844,-445,625,-277,147,129,910
684,-544,-146,-265,549,831,-427,632,-266,162,139,911
682,-525,-162,-242,556,816,-404,638,-255,181,150,910
679,-506,-175,-221,561,801,-381,645,-242,198,162,910
679,-488,-190,-198,571,788,-358,651,-230,214,175,907
674,-475,-196,-185,570,774,-341,652,-224,222,186,900
666,-467,-193,-182,561,763,-327,651,-223,227,196,890
657,-466,-184,-186,549,755,-312,648,-222,234,205,879
651,-466,-176,-192,539,752,-298,644,-220,241,212,868
650,-466,-173,-193,536,751,-283,646,-218,243,220,857
645,-470,-164,-201,527,750,-270,647,-220,237,222,845
633,-471,-149,-211,509,743,-262,647,-225,226,218,832
620,-473,-134,-223,490,735,-255,647,-230,222,213,819
607,-477,-117,-235,471,729,-245,648,-237,218,208,806
595,-483,-100,-251,452,725,-231,651,-241,215,204,795
585,-489,-83,-266,435,721,-217,654,-246,208,200,789
574,-492,-70,-277,420,715,-204,658,-251,201,198,785
563,-492,-60,-283,407,707,-194,662,-256,192,194,784
558,-490,-58,-284,403,702,-187,664,-263,178,190,782
554,-488,-58,-283,402,697,-183,664,-273,161,186,778
551,-486,-58,-282,400,692,-179,662,-281,143,183,772
544,-489,-51,-289,393,689,-177,659,-294,116,178,765
536,-495,-39,-302,380,687,-178,657,-308,87,173,761
526,-500,-26,-315,366,683,-181,655,-323,62,168,756
513,-503,-13,-326,350,677,-187,653,-335,42,165,753
506,-503,-9,-330,344,672,-190,656,-344,31,166,755
505,-503,-12,-329,347,672,-192,661,-351,24,172,760
506,-506,-13,-331,350,676,-198,665,-360,19,178,765
507,-513,-10,-339,349,682,-208,670,-368,13,182,773
506,-523,-1,-352,343,689,-222,672,-376,10,184,782
509,-526,-3,-353,348,694,-232,675,-381,12,187,793
519,-525,-16,-345,365,702,-240,678,-381,19,194,803
528,-521,-31,-333,380,706,-251,679,-382,25,200,810
536,-517,-44,-321,395,710,-262,681,-382,30,202,818
545,-512,-60,-308,412,714,-269,685,-378,36,204,826
556,-503,-79,-289,433,717,-273,688,-373,43,206,832
566,-493,-98,-270,452,718,-280,689,-373,41,201,838
575,-481,-119,-249,472,717,-286,690,-374,38,196,844
584,-471,-137,-230,490,717,-295,687,-375,36,185,849
595,-464,-153,-215,507,720,-303,685,-375,34,172,854
603,-461,-162,-208,518,724,-313,683,-376,32,159,861
609,-458,-168,-201,526,726,-321,683,-374,37,148,869
612,-457,-169,-201,526,727,-327,681,-372,44,137,875
613,-457,-168,-201,525,727,-337,678,-375,46,125,881
614,-452,-170,-196,526,723,-347,675,-378,45,115,884
606,-446,-165,-196,515,713,-359,668,-383,41,105,883
595,-442,-154,-200,499,702,-372,662,-391,37,96,879
584,-437,-145,-202,484,691,-382,656,-400,35,92,877
574,-433,-135,-206,468,680,-387,653,-406,37,91,878
565,-430,-126,-209,454,671,-390,652,-410,36,89,879
554,-434,-107,-225,433,667,-397,647,-417,28,85,877
541,-443,-83,-246,406,663,-409,640,-425,20,82,874
527,-447,-61,-263,380,656,-416,634,-428,15,79,872
513,-451,-40,-278,356,649,-420,629,-429,11,76,872
503,-454,-25,-290,338,645,-423,626,-431,4,77,875
499,-457,-16,-297,329,645,-425,626,-433,-5,80,878
498,-455,-16,-295,328,644,-427,628,-432,-13,85,881
497,-450,-17,-290,328,640,-427,631,-429,-23,91,887
497,-444,-23,-281,332,636,-427,635,-428,-34,97,891
494,-440,-24,-277,331,632,-429,637,-427,-47,103,892
489,-437,-23,-274,328,627,-430,636,-427,-59,109,889
484,-439,-16,-279,322,625,-435,635,-428,-76,113,883
481,-446,-10,-287,317,628,-442,635,-428,-91,116,877
481,-454,-3,-296,315,633,-447,633,-426,-103,121,868
478,-462,3,-304,311,635,-455,630,-424,-113,124,858
479,-464,1,-303,316,636,-461,631,-420,-118,128,851
484,-466,-6,-299,326,640,-459,634,-415,-120,135,845
487,-470,-9,-299,333,644,-454,636,-409,-122,144,840
484,-475,-6,-304,331,643,-448,641,-402,-120,151,837
473,-479,6,-314,319,637,-448,642,-398,-120,152,832
466,-482,10,-318,314,633,-448,640,-395,-119,151,828
465,-482,7,-316,317,630,-444,637,-390,-118,152,822
464,-481,4,-315,319,627,-441,634,-386,-125,155,814
462,-478,1,-311,321,622,-438,633,-381,-133,159,805
458,-473,-3,-307,321,613,-434,633,-378,-140,163,794
453,-468,-5,-303,320,606,-427,632,-374,-142,168,782
448,-465,-3,-304,315,598,-420,632,-371,-146,174,768
441,-463,1,-308,307,591,-412,632,-370,-150,181,759
430,-463,12,-317,292,583,-407,629,-371,-155,190,753
422,-461,20,-323,280,575,-403,629,-373,-158,203,747
415,-457,24,-326,271,566,-403,631,-376,-161,216,741
409,-448,22,-321,267,557,-402,635,-376,-156,228,734
404,-444,25,-322,260,550,-404,638,-376,-149,235,727
401,-446,33,-329,250,549,-410,638,-377,-144,239,717
402,-449,37,-336,247,552,-413,640,-377,-136,240,708
402,-453,43,-343,241,555,-416,641,-380,-130,238,699
401,-453,47,-346,236,555,-418,643,-383,-124,238,694
401,-448,44,-340,237,553,-419,645,-386,-118,238,690
404,-438,33,-326,245,549,-417,644,-389,-110,240,687
404,-425,20,-308,252,542,-412,645,-392,-105,245,686
397,-416,19,-301,247,534,-412,645,-395,-107,248,687
386,-411,25,-299,236,524,-419,642,-403,-117,247,686
373,-403,29,-295,224,512,-426,637,-412,-125,245,684
359,-395,34,-292,212,500,-427,635,-418,-128,246,685
348,-388,37,-287,203,489,-427,634,-423,-130,245,687
339,-383,39,-284,196,482,-428,633,-428,-135,244,688
335,-381,40,-281,193,479,-431,635,-433,-140,242,688
329,-383,45,-283,186,477,-436,637,-438,-144,241,688
324,-386,52,-288,179,477,-440,642,-440,-147,239,690
317,-393,64,-298,167,478,-447,646,-443,-153,235,692
310,-401,78,-312,153,480,-456,652,-446,-155,232,694
302,-412,96,-329,136,482,-468,659,-448,-161,230,698
296,-420,111,-343,123,483,-481,668,-451,-166,233,701
294,-427,119,-352,116,486,-491,678,-456,-166,239,704
294,-436,128,-362,111,491,-497,687,-462,-166,245,707
297,-441,131,-368,110,496,-500,698,-467,-166,252,714
300,-445,132,-370,112,499,-501,710,-468,-166,259,723
303,-450,136,-376,111,503,-504,721,-468,-169,265,732
307,-454,136,-379,113,507,-507,733,-468,-171,271,742
311,-453,132,-377,117,507,-514,741,-466,-169,275,752
320,-441,113,-358,134,503,-517,754,-458,-155,283,763
334,-427,86,-332,160,500,-512,772,-448,-135,295,774
345,-417,64,-312,182,499,-509,790,-439,-126,306,782
356,-410,47,-298,199,500,-510,805,-434,-129,313,787
369,-410,35,-292,214,506,-515,819,-431,-134,317,790
381,-415,27,-292,227,516,-520,828,-430,-134,319,790
392,-424,26,-299,234,528,-521,836,-429,-132,324,790
399,-432,27,-306,238,536,-522,845,-428,-128,329,792
402,-439,31,-316,237,543,-524,849,-429,-127,332,792
407,-451,38,-329,236,554,-522,853,-430,-123,336,791
413,-466,47,-346,236,568,-518,857,-428,-118,344,792
422,-479,51,-358,240,584,-508,861,-422,-108,355,795
429,-491,56,-371,243,598,-497,866,-411,-99,363,799
436,-502,60,-381,246,613,-487,871,-398,-89,371,806
448,-508,53,-381,261,627,-476,881,-384,-77,379,813
463,-512,42,-376,280,642,-463,889,-369,-66,387,819
482,-514,27,-366,305,658,-447,899,-351,-49,395,830
507,-514,3,-350,341,679,-425,914,-327,-25,408,847
540,-515,-30,-328,387,704,-397,934,-299,2,429,867
577,-513,-67,-301,438,731,-365,958,-268,31,451,891
608,-516,-95,-283,481,756,-336,981,-238,52,468,913
635,-523,-114,-274,513,782,-309,1002,-212,66,480,933
660,-536,-126,-273,541,811,-281,1019,-188,84,489,952
680,-552,-131,-279,559,838,-253,1033,-165,102,497,971
693,-569,-127,-292,567,861,-224,1048,-144,117,505,990
702,-590,-116,-311,569,884,-199,1059,-128,126,510,1009
716,-615,-106,-332,572,912,-177,1066,-117,136,512,1025
732,-643,-95,-357,576,943,-155,1072,-108,148,514,1040
751,-668,-92,-374,588,974,-136,1078,-97,163,518,1056
772,-690,-92,-389,601,1004,-122,1083,-87,177,523,1072
794,-709,-96,-398,618,1031,-110,1086,-77,189,528,1086
812,-726,-97,-408,630,1054,-104,1088,-70,192,531,1100
825,-738,-98,-415,637,1069,-102,1091,-65,192,537,1114
836,-749,-99,-422,643,1082,-95,1097,-58,196,543,1127
845,-762,-95,-435,643,1094,-89,1103,-52,202,551,1136
856,-771,-94,-442,647,1105,-88,1112,-45,208,557,1142
865,-777,-95,-446,649,1111,-90,1119,-39,211,562,1146
867,-783,-90,-455,643,1113,-98,1126,-36,213,567,1148
867,-788,-83,-464,635,1111,-105,1133,-33,213,571,1149
867,-793,-74,-475,624,1110,-110,1139,-30,215,574,1150
871,-796,-73,-479,622,1110,-106,1149,-21,227,580,1157
880,-797,-78,-477,627,1111,-95,1165,-5,246,592,1166
891,-797,-84,-474,635,1114,-82,1180,9,264,607,1177
903,-796,-95,-468,647,1117,-69,1195,21,280,623,1188
916,-792,-108,-457,662,1118,-56,1212,34,295,641,1199
929,-783,-128,-440,682,1118,-41,1228,48,309,659,1209
941,-768,-151,-415,704,1112,-29,1243,63,320,675,1219
954,-749,-181,-384,732,1106,-19,1257,78,331,692,1230
964,-729,-208,-354,756,1097,-7,1271,93,344,709,1242
973,-710,-235,-324,781,1088,8,1289,112,361,729,1257
985,-695,-261,-298,807,1084,22,1306,131,375,751,1271
997,-681,-286,-272,835,1083,41,1325,156,398,777,1284
1009,-673,-307,-253,859,1085,61,1346,185,422,804,1291
1015,-666,-322,-238,876,1085,82,1368,214,443,829,1295
1018,-659,-335,-224,890,1083,103,1389,242,463,853,1296
1013,-652,-340,-216,894,1077,120,1405,264,474,869,1287
998,-644,-338,-211,887,1063,132,1417,280,481,882,1275
979,-633,-335,-205,876,1046,142,1429,295,492,898,1265
960,-620,-335,-195,868,1028,149,1443,310,506,914,1256
945,-605,-340,-180,865,1012,155,1457,324,521,930,1246
927,-595,-338,-173,855,997,154,1467,335,530,943,1236
904,-585,-329,-170,838,980,144,1473,341,527,955,1224
884,-577,-322,-168,822,966,130,1475,343,522,965,1214
865,-570,-313,-168,805,954,111,1474,340,516,973,1204
844,-565,-301,-171,785,942,83,1471,336,507,979,1196
822,-563,-283,-180,759,932,47,1466,328,500,985,1191
802,-561,-267,-189,734,923,7,1456,319,493,993,1187
785,-564,-247,-203,708,919,-44,1441,307,483,1000,1183
770,-568,-228,-217,685,917,-103,1419,291,468,1005,1177
751,-571,-206,-233,655,912,-173,1391,271,449,1008,1168
731,-572,-182,-250,624,904,-246,1359,254,433,1008,1159
712,-575,-158,-268,592,898,-323,1326,234,411,1010,1152
693,-574,-136,-283,561,889,-401,1292,214,388,1013,1147
673,-570,-115,-294,532,876,-474,1257,196,374,1018,1145
651,-566,-92,-307,498,861,-548,1222,180,360,1022,1145
634,-560,-76,-314,473,847,-615,1190,166,350,1027,1147
625,-551,-70,-314,459,835,-677,1163,157,343,1034,1153
618,-543,-65,-312,448,825,-734,1140,150,342,1044,1164
614,-537,-62,-311,441,817,-789,1120,144,344,1057,1179
614,-534,-60,-311,437,812,-841,1098,139,351,1071,1197
626,-524,-77,-295,453,810,-885,1078,138,371,1087,1219
645,-506,-110,-262,486,806,-923,1060,138,398,1110,1242
662,-483,-146,-223,519,796,-959,1041,139,422,1132,1267
679,-460,-184,-183,555,786,-993,1018,139,448,1154,1292
696,-438,-222,-145,590,775,-1025,992,140,474,1173,1314
711,-416,-259,-106,625,763,-1052,964,140,497,1189,1331
724,-397,-292,-72,656,751,-1077,934,139,514,1201,1346
741,-383,-325,-41,691,745,-1097,906,139,530,1214,1361
756,-371,-356,-12,723,739,-1116,874,136,546,1226,1379
770,-356,-389,19,757,731,-1133,844,130,562,1237,1397
782,-344,-418,46,787,724,-1150,811,122,566,1243,1410
794,-335,-445,70,817,720,-1166,776,111,566,1244,1418
804,-332,-464,85,839,718,-1180,738,99,559,1239,1422
807,-335,-471,88,850,717,-1195,700,85,545,1229,1422
808,-343,-469,82,853,719,-1211,663,71,528,1214,1415
797,-357,-452,61,838,718,-1225,621,54,504,1195,1403
780,-370,-427,36,813,714,-1236,578,33,474,1172,1388
761,-380,-404,15,790,708,-1242,537,12,444,1147,1372
744,-386,-387,-1,770,701,-1242,499,-9,415,1124,1354
736,-392,-376,-13,761,702,-1239,466,-29,389,1103,1335
728,-402,-361,-29,748,707,-1240,434,-52,360,1079,1316
718,-417,-339,-54,729,713,-1248,398,-81,324,1051,1295
711,-432,-317,-80,710,723,-1256,363,-111,289,1023,1273
706,-449,-294,-107,692,738,-1264,326,-143,255,996,1250
706,-468,-273,-134,678,757,-1269,292,-174,222,967,1227
705,-484,-254,-158,663,773,-1276,258,-206,186,936,1204
706,-498,-236,-180,651,791,-1281,225,-236,152,905,1182
710,-512,-222,-199,641,809,-1285,195,-264,123,878,1163
721,-523,-217,-210,642,830,-1283,168,-289,98,858,1148
734,-530,-217,-215,647,850,-1278,142,-312,78,843,1135
750,-531,-225,-210,660,867,-1271,120,-332,60,830,1123
767,-532,-235,-205,673,884,-1266,103,-351,38,819,1112
788,-540,-243,-203,689,907,-1257,94,-368,21,812,1107
815,-554,-250,-208,708,939,-1244,92,-380,14,811,1105
844,-576,-252,-221,724,976,-1227,95,-389,10,814,1106
879,-602,-256,-234,747,1018,-1206,103,-396,8,821,1110
918,-630,-262,-248,774,1064,-1180,115,-397,11,833,1117
955,-661,-265,-266,798,1109,-1153,129,-397,17,847,1126
989,-690,-267,-284,819,1150,-1126,144,-396,23,860,1136
1020,-720,-266,-303,839,1189,-1103,157,-398,26,871,1143
1057,-747,-275,-315,868,1229,-1077,171,-398,38,884,1152
1095,-768,-292,-316,904,1264,-1052,186,-397,52,896,1161
1122,-781,-306,-316,932,1288,-1035,199,-398,54,904,1165
1140,-785,-320,-308,954,1297,-1023,207,-404,48,909,1168
1152,-781,-338,-294,975,1297,-1014,213,-411,46,914,1174
1160,-770,-360,-272,996,1290,-1002,217,-419,48,921,1179
1164,-755,-381,-248,1014,1276,-992,219,-429,41,926,1182
1162,-734,-404,-219,1030,1255,-983,219,-436,34,933,1185
1155,-711,-425,-190,1041,1229,-977,217,-444,23,938,1188
1149,-687,-446,-161,1053,1203,-968,217,-451,14,945,1192
1138,-659,-467,-129,1062,1172,-960,221,-457,6,950,1197
1125,-627,-491,-92,1072,1137,-951,224,-460,5,955,1200
1111,-599,-510,-62,1077,1104,-941,225,-465,3,957,1199
1092,-574,-520,-40,1074,1072,-936,224,-473,-9,957,1198
1072,-551,-528,-20,1069,1040,-933,223,-480,-22,957,1199
1046,-528,-528,-6,1054,1005,-932,221,-487,-37,953,1196
1014,-503,-524,8,1032,966,-933,216,-499,-55,943,1190
979,-470,-525,29,1012,921,-937,207,-513,-75,930,1181
943,-434,-527,54,991,873,-943,196,-526,-99,915,1170
908,-396,-529,80,971,826,-950,184,-537,-127,902,1157
868,-366,-520,94,939,781,-966,167,-556,-161,890,1144
822,-343,-496,93,895,739,-987,149,-581,-199,875,1134
776,-324,-467,85,844,699,-1009,132,-607,-234,862,1121
730,-308,-434,74,793,663,-1031,116,-633,-266,847,1106
686,-293,-402,63,742,629,-1054,101,-660,-297,831,1090
644,-280,-368,49,690,598,-1078,87,-687,-329,811,1072
602,-265,-337,38,640,567,-1101,77,-711,-360,791,1053
558,-250,-304,27,587,534,-1124,67,-733,-392,771,1032
517,-230,-277,22,540,501,-1147,60,-754,-425,753,1013
476,-211,-251,18,493,467,-1166,57,-775,-457,735,994
437,-194,-225,13,448,436,-1178,58,-793,-482,718,975
397,-180,-195,3,400,407,-1193,64,-812,-510,703,958
362,-170,-167,-7,355,382,-1208,73,-831,-541,691,945
332,-163,-141,-19,315,362,-1220,83,-848,-568,685,934
301,-158,-112,-35,273,342,-1233,94,-866,-594,681,926
274,-154,-88,-47,237,324,-1246,109,-884,-615,679,922
252,-151,-69,-57,209,309,-1255,127,-900,-634,680,918
231,-149,-50,-68,181,293,-1262,146,-916,-653,682,913
208,-146,-31,-78,152,275,-1268,168,-930,-668,685,909
185,-143,-11,-90,122,255,-1272,190,-941,-679,688,905
167,-136,-2,-92,105,236,-1268,217,-945,-683,695,903
160,-130,-4,-87,101,221,-1260,245,-944,-682,705,902
155,-127,-4,-86,98,211,-1251,271,-941,-684,716,901
148,-124,-3,-86,94,198,-1241,295,-940,-689,725,901
142,-120,-4,-84,92,184,-1231,316,-944,-698,731,900
137,-115,-6,-80,92,170,-1219,330,-949,-705,734,894
129,-109,-6,-79,88,154,-1216,334,-962,-716,733,882
117,-105,-1,-81,79,136,-1215,333,-979,-730,728,868
94,-101,16,-91,55,112,-1217,327,-1001,-751,719,850
69,-96,34,-101,29,85,-1218,323,-1025,-775,711,831
43,-90,54,-112,0,57,-1220,322,-1052,-804,703,814
19,-85,71,-121,-25,33,-1214,320,-1074,-824,698,800
-2,-82,88,-131,-48,13,-1204,316,-1089,-840,696,786
-20,-81,105,-142,-70,-2,-1191,314,-1100,-852,696,775
-33,-80,118,-150,-86,-13,-1175,316,-1104,-854,699,767
-52,-81,138,-164,-111,-25,-1158,321,-1105,-852,701,759
-73,-84,163,-182,-142,-36,-1143,331,-1104,-850,701,753
-90,-86,183,-196,-167,-44,-1126,346,-1098,-843,705,749
-102,-85,197,-203,-184,-49,-1106,366,-1090,-831,715,749
-110,-82,203,-204,-196,-52,-1082,392,-1078,-818,728,751
-120,-83,217,-211,-213,-53,-1061,420,-1068,-813,738,752
-131,-90,237,-228,-236,-49,-1045,448,-1064,-816,742,750
-141,-103,262,-251,-261,-41,-1023,479,-1057,-816,744,748
-153,-120,293,-281,-292,-30,-999,509,-1051,-815,745,744
-165,-142,328,-316,-325,-15,-976,539,-1045,-819,745,738
-173,-168,363,-355,-356,5,-955,569,-1041,-827,742,733
-177,-194,395,-391,-383,26,-930,601,-1037,-832,742,730
-183,-222,429,-430,-412,47,-903,634,-1033,-836,742,726
-185,-248,457,-464,-434,69,-876,670,-1027,-837,746,723
-184,-275,482,-497,-452,92,-851,709,-1022,-838,753,720
-184,-292,500,-520,-466,107,-827,750,-1017,-838,759,717
-188,-301,511,-532,-477,113,-807,790,-1013,-844,764,717
-191,-303,515,-537,-483,114,-790,831,-1011,-851,769,719
-189,-306,515,-538,-482,117,-771,871,-1010,-858,774,720
-187,-311,516,-543,-483,120,-754,908,-1009,-862,779,722
-188,-314,518,-547,-485,119,-738,947,-1007,-866,787,728
-190,-315,519,-549,-487,115,-720,989,-1003,-870,799,732
-197,-316,524,-554,-494,107,-704,1026,-1003,-881,811,733
-206,-320,533,-565,-505,100,-692,1059,-1009,-898,820,729
-219,-328,551,-583,-524,91,-687,1084,-1021,-921,823,721
-233,-335,569,-601,-544,81,-681,1106,-1035,-938,822,711
-244,-341,582,-616,-559,73,-672,1129,-1048,-951,821,699
-258,-343,596,-628,-575,59,-662,1153,-1060,-964,818,682
-277,-342,610,-638,-595,41,-655,1176,-1074,-981,816,663
-298,-341,629,-652,-620,22,-650,1192,-1091,-1005,812,638
-320,-344,653,-670,-649,4,-644,1201,-1110,-1029,804,608
-343,-350,681,-694,-681,-10,-640,1206,-1132,-1054,792,577
-363,-353,703,-712,-707,-25,-634,1214,-1150,-1072,784,548
-382,-352,721,-724,-730,-40,-629,1222,-1167,-1085,777,521
-393,-348,728,-726,-741,-53,-622,1229,-1184,-1097,773,497
-399,-342,729,-723,-745,-62,-614,1234,-1203,-1105,770,476
-402,-331,725,-713,-744,-72,-603,1239,-1219,-1107,768,459
-407,-320,720,-702,-744,-84,-589,1244,-1236,-1109,767,440
-413,-312,721,-696,-748,-95,-577,1249,-1253,-1118,764,423
-419,-304,721,-690,-752,-104,-562,1257,-1269,-1126,762,409
-425,-301,727,-691,-760,-110,-546,1263,-1284,-1140,757,396
-434,-298,737,-694,-773,-119,-531,1268,-1303,-1157,750,384
-444,-291,743,-692,-784,-130,-516,1270,-1325,-1174,745,372
-454,-280,744,-684,-792,-144,-502,1271,-1347,-1190,738,361
-462,-268,743,-673,-797,-158,-487,1275,-1365,-1202,732,354
-475,-261,750,-672,-812,-170,-480,1278,-1385,-1221,727,346
-491,-258,764,-677,-833,-181,-480,1279,-1409,-1246,718,339
-504,-256,776,-682,-850,-190,-482,1280,-1436,-1270,706,334
-517,-254,785,-684,-865,-198,-482,1282,-1462,-1290,694,330
-530,-251,794,-687,-881,-206,-480,1286,-1491,-1308,681,329
-541,-248,801,-688,-894,-213,-482,1290,-1522,-1332,665,327
-550,-241,801,-682,-900,-220,-483,1292,-1551,-1351,650,327
-562,-231,801,-675,-909,-231,-486,1294,-1577,-1367,635,329
-579,-213,798,-660,-919,-252,-487,1297,-1601,-1382,624,332
-603,-191,798,-645,-935,-279,-491,1300,-1627,-1402,611,333
-629,-167,798,-629,-953,-308,-497,1304,-1653,-1421,598,335
-657,-146,802,-619,-974,-336,-508,1309,-1679,-1446,586,339
-684,-127,807,-610,-996,-363,-520,1316,-1706,-1470,576,346
-708,-112,813,-606,-1016,-384,-528,1327,-1733,-1493,568,352
-730,-104,825,-610,-1039,-401,-538,1338,-1761,-1515,558,356
-747,-100,834,-616,-1056,-410,-546,1352,-1788,-1538,549,361
-761,-98,844,-623,-1071,-417,-549,1369,-1812,-1557,543,365
-773,-102,856,-636,-1087,-420,-547,1388,-1833,-1575,539,371
-778,-114,871,-656,-1100,-413,-544,1408,-1850,-1588,536,379
-780,-130,887,-679,-1111,-401,-537,1425,-1867,-1595,532,387
-777,-142,894,-694,-1114,-390,-525,1440,-1883,-1593,531,393
-770,-151,894,-702,-1109,-379,-507,1455,-1896,-1585,531,395
-761,-158,890,-705,-1100,-368,-491,1467,-1910,-1582,527,395
-752,-156,879,-698,-1087,-364,-477,1480,-1923,-1585,523,396
-745,-147,864,-684,-1072,-367,-465,1495,-1936,-1587,520,399
-737,-134,845,-663,-1054,-372,-449,1509,-1945,-1579,519,403
-729,-121,825,-642,-1036,-379,-431,1522,-1953,-1571,520,407
-720,-110,807,-623,-1018,-384,-413,1534,-1959,-1565,523,409
-717,-103,801,-614,-1013,-391,-397,1542,-1967,-1564,525,405
-717,-98,800,-610,-1012,-399,-381,1551,-1974,-1565,527,400
-716,-97,802,-610,-1013,-404,-370,1562,-1983,-1570,530,392
-714,-94,801,-606,-1012,-410,-358,1570,-1990,-1570,534,381
-713,-89,799,-600,-1010,-419,-343,1578,-1995,-1569,541,370
-714,-80,796,-590,-1008,-430,-325,1588,-1995,-1564,549,361
-709,-73,788,-578,-1000,-438,-304,1601,-1992,-1552,562,354
-704,-73,786,-576,-996,-439,-286,1611,-1991,-1541,574,343
-701,-80,795,-585,-1000,-437,-273,1620,-1992,-1535,583,330
-699,-90,805,-596,-1005,-433,-261,1633,-1993,-1528,591,319
-695,-98,813,-606,-1008,-429,-248,1650,-1993,-1515,603,310
-687,-102,812,-606,-1002,-424,-232,1671,-1989,-1496,619,305
-683,-106,814,-609,-1001,-421,-222,1691,-1987,-1485,632,300
-687,-114,827,-621,-1013,-420,-217,1709,-1989,-1482,640,296
-694,-123,844,-638,-1030,-419,-212,1726,-1993,-1479,648,292
-700,-132,860,-654,-1044,-416,-210,1740,-2001,-1482,653,286
-702,-140,869,-664,-1051,-411,-209,1754,-2008,-1485,659,283
-702,-147,876,-674,-1055,-403,-206,1771,-2015,-1485,666,286
-700,-155,879,-681,-1055,-393,-199,1793,-2020,-1477,677,294
-700,-163,884,-690,-1058,-384,-193,1815,-2027,-1471,684,303
-701,-169,887,-695,-1060,-377,-187,1838,-2034,-1470,691,312
-705,-173,893,-702,-1066,-372,-183,1859,-2044,-1475,694,322
-713,-176,899,-708,-1074,-370,-179,1879,-2057,-1484,696,331
-724,-181,911,-720,-1088,-368,-176,1896,-2074,-1498,699,337
-738,-186,925,-733,-1106,-369,-173,1914,-2092,-1512,701,342
-755,-188,939,-744,-1126,-374,-167,1937,-2109,-1520,706,348
-775,-187,953,-754,-1148,-384,-163,1960,-2131,-1534,710,349
-792,-180,959,-754,-1163,-394,-158,1987,-2151,-1549,716,353
-804,-170,957,-747,-1169,-405,-148,2019,-2168,-1560,724,359
-814,-165,957,-744,-1175,-412,-136,2055,-2182,-1564,733,369
-827,-159,960,-743,-1185,-421,-123,2092,-2196,-1570,741,379
-843,-156,972,-750,-1204,-432,-107,2125,-2213,-1576,747,390
-859,-156,986,-760,-1224,-442,-88,2156,-2229,-1578,752,402
-872,-156,996,-767,-1239,-450,-64,2185,-2242,-1579,756,412
-885,-155,1009,-775,-1257,-461,-45,2209,-2258,-1586,758,419
-896,-152,1017,-779,-1270,-472,-25,2231,-2272,-1592,762,423
-904,-144,1018,-775,-1276,-484,-5,2253,-2283,-1598,766,428
-913,-130,1014,-763,-1279,-503,17,2275,-2290,-1600,770,431
-923,-112,1008,-748,-1281,-524,39,2301,-2295,-1601,776,434
-926,-96,999,-731,-1277,-541,66,2335,-2297,-1597,786,439
-929,-81,989,-715,-1272,-556,93,2372,-2299,-1591,796,445
-929,-66,978,-697,-1263,-571,122,2414,-2298,-1580,806,452
-933,-50,970,-682,-1260,-588,150,2459,-2296,-1573,814,458
-938,-33,962,-665,-1257,-608,182,2507,-2293,-1564,821,462
-945,-16,955,-650,-1256,-626,221,2560,-2289,-1552,825,462
-954,-3,954,-641,-1261,-645,260,2621,-2280,-1538,826,457
-962,5,958,-638,-1268,-659,303,2690,-2264,-1523,828,448
-977,6,974,-648,-1289,-672,344,2761,-2249,-1510,826,431
-996,0,1001,-670,-1318,-683,385,2838,-2232,-1497,820,409
-1015,-7,1029,-692,-1349,-693,432,2927,-2209,-1483,812,386
-1035,-12,1056,-713,-1380,-705,487,3023,-2177,-1466,802,359
-1050,-16,1075,-728,-1403,-712,549,3129,-2136,-1445,790,329
-1061,-23,1095,-745,-1424,-716,612,3239,-2092,-1430,774,295
-1074,-29,1115,-763,-1447,-720,672,3352,-2046,-1420,756,261
-1086,-35,1132,-777,-1467,-723,730,3467,-1997,-1406,739,230
-1100,-38,1148,-790,-1488,-729,786,3583,-1945,-1387,724,199
-1111,-41,1162,-801,-1506,-732,844,3704,-1886,-1358,714,169
-1118,-50,1177,-817,-1523,-729,902,3833,-1821,-1321,709,145
-1118,-64,1190,-834,-1534,-718,964,3973,-1751,-1275,710,125
-1114,-82,1202,-854,-1541,-701,1026,4121,-1674,-1223,716,106
-1100,-100,1204,-867,-1534,-676,1091,4278,-1587,-1163,728,91
-1082,-115,1200,-875,-1522,-651,1159,4444,-1490,-1094,746,81
-1061,-128,1190,-876,-1502,-626,1235,4620,-1377,-1005,774,81
-1035,-138,1172,-871,-1475,-600,1317,4804,-1248,-899,813,95
-1001,-141,1138,-851,-1431,-573,1400,4993,-1106,-779,867,123
-959,-134,1087,-813,-1371,-547,1484,5186,-951,-646,936,163
-921,-119,1032,-767,-1309,-529,1567,5380,-788,-501,1018,215
-882,-98,970,-712,-1242,-516,1647,5574,-613,-343,1116,282
-838,-78,904,-656,-1170,-499,1724,5769,-427,-170,1231,364
-795,-62,843,-605,-1100,-481,1799,5958,-232,16,1358,455
-753,-50,785,-559,-1032,-460,1869,6135,-31,215,1496,559
-706,-42,729,-516,-962,-435,1933,6300,172,422,1644,679
-648,-34,661,-466,-877,-403,1997,6457,380,645,1810,817
-581,-23,581,-406,-778,-366,2061,6610,596,885,1991,970
-513,-12,500,-344,-676,-330,2120,6758,818,1136,2187,1140
-443,5,413,-275,-571,-296,2175,6903,1044,1401,2400,1330
-372,28,317,-195,-457,-266,2225,7043,1274,1677,2631,1543
-296,60,210,-102,-333,-239,2269,7176,1508,1967,2881,1777
-221,99,95,1,-205,-217,2310,7307,1748,2271,3149,2033
-140,141,-26,110,-68,-193,2351,7440,1994,2592,3437,2314
-54,182,-152,222,73,-166,2385,7570,2241,2923,3739,2617
41,223,-287,340,228,-132,2418,7695,2487,3259,4055,2941
145,260,-425,457,391,-90,2447,7808,2722,3594,4385,3281
258,294,-569,576,563,-39,2474,7901,2940,3926,4725,3640
381,323,-717,694,745,21,2496,7962,3138,4247,5073,4014
516,341,-867,807,935,96,2505,7983,3306,4551,5426,4401
666,348,-1021,914,1138,190,2501,7956,3441,4834,5783,4801
823,341,-1168,1008,1341,297,2480,7870,3536,5094,6138,5211
986,325,-1312,1094,1545,414,2438,7721,3590,5337,6498,5636
1156,308,-1463,1183,1759,538,2377,7509,3608,5575,6870,6079
1335,292,-1624,1279,1985,667,2298,7232,3586,5805,7258,6542
1526,278,-1798,1387,2229,804,2197,6891,3528,6028,7660,7027
1726,259,-1977,1493,2481,950,2068,6485,3432,6239,8077,7532
1931,233,-2154,1595,2735,1106,1913,6018,3295,6438,8505,8060
2143,203,-2335,1696,2997,1269,1738,5497,3122,6632,8942,8607
2358,171,-2517,1797,3261,1437,1549,4928,2914,6810,9385,9168
2581,136,-2704,1900,3534,1612,1348,4320,2674,6970,9836,9742
2813,97,-2895,2003,3816,1796,1128,3677,2406,7113,10295,10331
3055,56,-3096,2111,4111,1990,890,3004,2118,7255,10767,10937
3308,9,-3301,2218,4416,2196,633,2303,1812,7396,11250,11562
3579,-46,-3517,2328,4740,2418,357,1577,1492,7539,11747,12209
3863,-108,-3738,2437,5077,2654,61,830,1156,7683,12261,12878
4159,-171,-3972,2552,5430,2899,-251,66,815,7834,12792,13568
4463,-233,-4213,2674,5793,3148,-580,-709,472,7990,13339,14281
4778,-297,-4465,2801,6171,3405,-924,-1491,128,8154,13903,15018
5107,-366,-4727,2931,6565,3676,-1276,-2276,-215,8326,14484,15772
5444,-439,-4991,3058,6966,3954,-1634,-3064,-556,8500,15075,16540
5791,-515,-5262,3189,7378,4239,-1997,-3845,-894,8674,15675,17319
6146,-594,-5540,3321,7800,4530,-2364,-4618,-1234,8845,16278,18105
6495,-670,-5814,3452,8215,4816,-2735,-5382,-1579,9009,16878,18889
6828,-739,-6079,3581,8615,5085,-3111,-6133,-1930,9160,17470,19666
7142,-799,-6333,3708,8993,5334,-3491,-6876,-2289,9293,18047,20430
7442,-847,-6585,3840,9361,5566,-3872,-7608,-2657,9410,18607,21178
7738,-887,-6840,3980,9729,5788,-4248,-8328,-3028,9513,19153,21909
8024,-920,-7092,4121,10086,5997,-4618,-9032,-3402,9601,19683,22623
8304,-951,-7341,4262,10438,6201,-4979,-9715,-3778,9680,20196,23316
8583,-988,-7582,4393,10784,6407,-5323,-10375,-4156,9744,20688,23983
8863,-1038,-7811,4507,11121,6622,-5649,-11013,-4534,9795,21152,24615
9136,-1099,-8023,4603,11443,6839,-5966,-11636,-4917,9821,21581,25205
9395,-1161,-8219,4689,11745,7047,-6277,-12245,-5308,9815,21970,25746
9629,-1224,-8391,4758,12014,7238,-6584,-12841,-5709,9776,22315,26236
9839,-1282,-8544,4818,12253,7411,-6879,-13420,-6121,9702,22608,26668
10014,-1333,-8667,4863,12450,7555,-7161,-13979,-6543,9581,22840,27030
10142,-1374,-8756,4894,12592,7661,-7426,-14520,-6977,9416,23002,27313
10213,-1396,-8806,4912,12670,7717,-7675,-15040,-7427,9203,23093,27511
10227,-1398,-8820,4921,12686,7721,-7917,-15543,-7890,8938,23109,27627
10185,-1371,-8807,4931,12647,7671,-8156,-16026,-8364,8634,23056,27658
10076,-1314,-8757,4937,12538,7556,-8401,-16494,-8846,8293,22935,27603
9900,-1230,-8666,4936,12359,7379,-8654,-16941,-9337,7917,22746,27460
9669,-1127,-8541,4923,12119,7155,-8912,-17362,-9825,7508,22487,27221
9392,-1013,-8381,4898,11826,6893,-9168,-17746,-10301,7071,22151,26880
9075,-884,-8196,4865,11491,6597,-9422,-18083,-10754,6614,21746,26438
8720,-748,-7980,4817,11109,6271,-9678,-18370,-11178,6152,21284,25911
8332,-611,-7733,4750,10685,5924,-9935,-18601,-11569,5694,20777,25313
7922,-476,-7461,4665,10231,5564,-10182,-18773,-11917,5253,20235,24653
7495,-348,-7167,4562,9750,5198,-10411,-18881,-12218,4837,19665,23932
7053,-223,-6853,4443,9247,4826,-10620,-18923,-12473,4443,19068,23157
6598,-101,-6525,4313,8727,4446,-10809,-18903,-12688,4057,18438,22329
6135,24,-6191,4180,8196,4061,-10974,-18826,-12867,3675,17779,21455
5663,149,-5849,4043,7655,3668,-11111,-18697,-13019,3277,17085,20537
5185,280,-5505,3907,7109,3268,-11216,-18516,-13146,2863,16353,19576
4703,408,-5154,3764,6556,2867,-11295,-18292,-13261,2416,15578,18571
4225,531,-4802,3617,6005,2472,-11351,-18036,-13370,1926,14759,17531
3756,645,-4449,3460,5459,2089,-11389,-17753,-13477,1392,13895,16462
3303,747,-4100,3299,4927,1723,-11411,-17446,-13585,811,12990,15373
2873,835,-3758,3130,4415,1383,-11410,-17115,-13688,193,12050,14267
2469,898,-3417,2944,3921,1075,-11383,-16755,-13783,-453,11076,13153
2096,940,-3083,2748,3452,802,-11326,-16365,-13867,-1122,10075,12035
1754,965,-2764,2549,3014,560,-11240,-15947,-13935,-1805,9051,10916
1441,973,-2456,2346,2603,348,-11126,-15508,-13989,-2499,8008,9804
1153,969,-2158,2140,2215,160,-10984,-15048,-14031,-3199,6953,8701
884,956,-1870,1933,1846,-9,-10815,-14571,-14057,-3889,5896,7614
638,940,-1600,1736,1503,-163,-10613,-14073,-14058,-4544,4857,6557
417,919,-1350,1549,1192,-297,-10376,-13551,-14025,-5146,3853,5541
225,889,-1118,1368,911,-406,-10109,-13010,-13956,-5700,2893,4578
57,853,-904,1193,657,-496,-9816,-12449,-13852,-6198,1984,3673
-93,811,-700,1022,422,-572,-9499,-11871,-13713,-6635,1133,2829
-229,761,-503,850,201,-633,-9162,-11275,-13537,-7007,342,2046
-353,704,-311,677,-9,-682,-8813,-10667,-13329,-7321,-387,1325
-465,646,-130,510,-204,-723,-8454,-10051,-13092,-7569,-1049,668
-569,587,43,348,-390,-758,-8088,-9434,-12827,-7758,-1643,76
-664,531,205,196,-561,-789,-7722,-8820,-12539,-7893,-2171,-454
-751,477,354,55,-720,-817,-7364,-8217,-12236,-7986,-2637,-925
-831,428,489,-73,-864,-843,-7011,-7627,-11919,-8031,-3040,-1338
-907,388,610,-184,-996,-873,-6663,-7049,-11589,-8025,-3381,-1696
-981,355,720,-283,-1120,-906,-6326,-6485,-11246,-7975,-3658,-1997
-1048,330,812,-363,-1228,-939,-5999,-5934,-10892,-7881,-3877,-2247
-1111,306,897,-437,-1328,-969,-5683,-5399,-10535,-7755,-4047,-2451
-1170,283,975,-504,-1422,-997,-5377,-4880,-10177,-7604,-4172,-2613
-1218,262,1039,-560,-1499,-1018,-5078,-4373,-9817,-7429,-4258,-2740
-1254,239,1089,-607,-1558,-1027,-4783,-3877,-9456,-7234,-4310,-2835
-1278,213,1129,-647,-1603,-1027,-4492,-3391,-9095,-7025,-4330,-2903
-1298,181,1169,-690,-1645,-1018,-4211,-2918,-8738,-6816,-4327,-2948
-1319,140,1216,-743,-1693,-1003,-3943,-2463,-8390,-6616,-4309,-2980
-1333,93,1262,-798,-1735,-979,-3683,-2024,-8053,-6423,-4277,-3000
-1347,43,1309,-855,-1776,-952,-3427,-1599,-7723,-6231,-4232,-3006
-1361,-4,1354,-908,-1817,-925,-3180,-1188,-7404,-6043,-4176,-3000
-1374,-51,1396,-959,-1855,-898,-2944,-792,-7102,-5865,-4115,-2985
-1382,-97,1434,-1007,-1886,-867,-2716,-409,-6817,-5694,-4050,-2966
-1390,-143,1471,-1054,-1916,-836,-2495,-42,-6545,-5534,-3986,-2942
-1394,-184,1502,-1095,-1939,-805,-2282,314,-6282,-5385,-3921,-2913
-1400,-224,1534,-1136,-1964,-777,-2080,656,-6030,-5242,-3856,-2880
-1404,-262,1566,-1177,-1988,-748,-1889,983,-5786,-5104,-3789,-2848
-1409,-302,1602,-1222,-2014,-720,-1710,1295,-5551,-4977,-3722,-2815
-1416,-340,1640,-1269,-2042,-695,-1544,1596,-5322,-4858,-3655,-2777
-1417,-376,1674,-1313,-2065,-668,-1386,1884,-5095,-4741,-3584,-2738
-1417,-411,1708,-1358,-2086,-641,-1236,2158,-4875,-4631,-3516,-2702
-1406,-445,1733,-1397,-2093,-609,-1090,2422,-4658,-4527,-3450,-2665
-1386,-475,1748,-1429,-2088,-574,-945,2679,-4442,-4425,-3384,-2628
-1363,-502,1761,-1458,-2080,-540,-805,2926,-4232,-4324,-3321,-2589
-1341,-528,1775,-1489,-2074,-508,-670,3161,-4029,-4226,-3262,-2551
-1325,-550,1793,-1521,-2074,-484,-543,3381,-3837,-4131,-3207,-2517
-1313,-562,1808,-1545,-2074,-469,-416,3592,-3651,-4032,-3152,-2485
-1301,-562,1812,-1556,-2068,-464,-286,3797,-3469,-3929,-3096,-2454
-1291,-554,1812,-1558,-2060,-464,-159,3991,-3292,-3831,-3040,-2426
-1282,-540,1806,-1554,-2050,-470,-35,4175,-3124,-3740,-2990,-2399
-1272,-524,1798,-1547,-2038,-477,86,4349,-2963,-3654,-2943,-2375
-1260,-507,1787,-1536,-2022,-482,205,4514,-2810,-3567,-2897,-2353
-1252,-491,1779,-1529,-2011,-489,320,4670,-2666,-3489,-2857,-2333
-1244,-477,1773,-1524,-2002,-495,432,4814,-2530,-3416,-2824,-2317
-1239,-468,1773,-1525,-1999,-500,542,4946,-2401,-3346,-2797,-2304
-1236,-460,1774,-1527,-1998,-505,655,5073,-2275,-3276,-2773,-2296
-1235,-453,1776,-1529,-1998,-509,764,5192,-2154,-3212,-2755,-2294
-1231,-445,1771,-1524,-1993,-514,869,5300,-2038,-3150,-2743,-2297
-1227,-432,1760,-1511,-1983,-521,970,5399,-1926,-3085,-2731,-2303
-1227,-418,1748,-1496,-1976,-532,1065,5492,-1817,-3027,-2721,-2309
-1226,-403,1733,-1476,-1967,-543,1155,5579,-1709,-2972,-2712,-2316
-1228,-393,1723,-1461,-1961,-553,1242,5658,-1604,-2921,-2709,-2325
-1230,-384,1713,-1447,-1957,-562,1319,5729,-1502,-2872,-2710,-2338
-1230,-376,1699,-1430,-1949,-570,1388,5794,-1399,-2824,-2713,-2351
-1228,-372,1685,-1413,-1940,-575,1451,5854,-1294,-2780,-2721,-2364
-1228,-367,1671,-1395,-1931,-581,1508,5909,-1186,-2740,-2731,-2377
-1237,-363,1664,-1382,-1933,-592,1551,5958,-1077,-2713,-2747,-2393
-1255,-362,1670,-1380,-1950,-608,1580,6000,-967,-2698,-2769,-2410
-1272,-367,1679,-1383,-1969,-619,1600,6038,-854,-2682,-2791,-2425
-1288,-376,1690,-1389,-1987,-627,1610,6069,-739,-2670,-2815,-2437
-1302,-387,1701,-1397,-2004,-631,1612,6096,-623,-2658,-2839,-2447
-1318,-398,1714,-1406,-2024,-638,1604,6122,-512,-2656,-2864,-2455
-1337,-408,1730,-1417,-2047,-646,1594,6148,-410,-2655,-2886,-2462
-1358,-419,1749,-1432,-2074,-654,1580,6171,-318,-2655,-2907,-2472
-1374,-429,1764,-1444,-2094,-659,1570,6194,-238,-2651,-2926,-2479
-1395,-434,1779,-1454,-2118,-670,1562,6217,-167,-2648,-2942,-2486
-1418,-432,1793,-1458,-2143,-686,1556,6241,-105,-2642,-2952,-2491
-1447,-427,1809,-1463,-2172,-708,1552,6265,-55,-2637,-2956,-2493
-1476,-418,1826,-1467,-2202,-730,1549,6289,-18,-2631,-2953,-2494
-1508,-405,1841,-1469,-2232,-757,1556,6313,10,-2617,-2945,-2495
-1543,-392,1862,-1475,-2269,-785,1567,6332,25,-2605,-2938,-2495
-1575,-378,1880,-1478,-2302,-811,1578,6346,29,-2594,-2929,-2494
-1598,-366,1894,-1482,-2326,-829,1593,6361,27,-2581,-2917,-2490
-1620,-356,1911,-1490,-2352,-845,1614,6373,21,-2566,-2901,-2484
-1643,-344,1929,-1497,-2379,-863,1637,6384,15,-2551,-2884,-2477
-1667,-332,1950,-1507,-2408,-881,1662,6390,8,-2537,-2870,-2468
-1687,-318,1966,-1513,-2433,-898,1689,6396,4,-2519,-2857,-2458
-1704,-299,1973,-1510,-2449,-917,1719,6399,8,-2494,-2844,-2451
-1723,-276,1980,-1505,-2466,-940,1751,6397,17,-2474,-2832,-2445
-1741,-251,1985,-1497,-2482,-965,1781,6389,35,-2459,-2822,-2441
-1758,-231,1993,-1494,-2499,-987,1811,6377,62,-2444,-2812,-2437
-1771,-218,2004,-1497,-2516,-1003,1837,6364,101,-2427,-2801,-2433
-1787,-209,2021,-1507,-2538,-1018,1856,6349,150,-2413,-2792,-2432
-1801,-202,2037,-1516,-2559,-1032,1873,6331,211,-2400,-2785,-2429
-1814,-195,2053,-1526,-2580,-1046,1884,6308,278,-2387,-2784,-2427
-1824,-189,2063,-1531,-2594,-1058,1894,6282,352,-2374,-2787,-2426
-1831,-185,2072,-1537,-2606,-1068,1906,6261,435,-2356,-2790,-2421
-1831,-182,2074,-1539,-2608,-1072,1921,6245,528,-2330,-2793,-2417
-1823,-179,2066,-1532,-2598,-1073,1939,6232,624,-2301,-2797,-2411
-1810,-177,2053,-1522,-2581,-1070,1959,6224,721,-2270,-2800,-2400
-1795,-171,2032,-1504,-2558,-1069,1981,6221,818,-2236,-2803,-2386
-1780,-166,2010,-1485,-2533,-1067,2001,6219,909,-2203,-2809,-2373
-1767,-158,1987,-1462,-2508,-1069,2022,6215,990,-2176,-2817,-2363
-1755,-143,1955,-1429,-2479,-1076,2043,6212,1062,-2149,-2829,-2354
-1745,-121,1917,-1386,-2446,-1088,2066,6213,1123,-2124,-2844,-2347
-1735,-97,1875,-1338,-2410,-1102,2091,6221,1176,-2100,-2857,-2341
-1727,-80,1843,-1302,-2381,-1111,2111,6230,1217,-2089,-2874,-2341
-1725,-79,1829,-1287,-2369,-1114,2124,6237,1242,-2091,-2897,-2346
-1726,-89,1830,-1289,-2368,-1112,2137,6244,1255,-2097,-2923,-2354
-1733,-108,1843,-1305,-2379,-1106,2154,6255,1256,-2100,-2948,-2360
-1744,-129,1863,-1328,-2398,-1100,2175,6269,1249,-2104,-2972,-2365
-1758,-151,1886,-1352,-2420,-1096,2195,6284,1233,-2117,-2996,-2368
-1771,-171,1907,-1375,-2441,-1091,2215,6304,1211,-2130,-3017,-2370
-1785,-187,1926,-1393,-2460,-1089,2236,6330,1186,-2150,-3035,-2370
-1794,-197,1934,-1401,-2470,-1087,2259,6361,1160,-2173,-3049,-2371
-1803,-206,1943,-1409,-2481,-1085,2281,6396,1132,-2200,-3061,-2380
-1814,-215,1956,-1421,-2496,-1083,2304,6431,1105,-2229,-3074,-2390
-1829,-225,1975,-1438,-2518,-1083,2325,6468,1080,-2265,-3084,-2401
-1842,-232,1991,-1452,-2537,-1084,2343,6510,1059,-2308,-3091,-2410
-1849,-234,1999,-1459,-2548,-1084,2360,6558,1045,-2345,-3095,-2419
-1858,-235,2010,-1467,-2562,-1086,2376,6604,1037,-2373,-3097,-2426
-1864,-231,2015,-1470,-2572,-1089,2390,6652,1036,-2394,-3095,-2433
-1862,-227,2015,-1469,-2572,-1086,2403,6701,1042,-2414,-3089,-2440
-1858,-224,2015,-1471,-2572,-1082,2414,6751,1052,-2433,-3079,-2448
-1855,-221,2017,-1474,-2574,-1080,2425,6803,1068,-2452,-3067,-2459
-1852,-218,2021,-1478,-2578,-1077,2434,6855,1089,-2469,-3054,-2470
-1846,-212,2021,-1479,-2578,-1074,2445,6908,1116,-2478,-3038,-2483
-1836,-203,2013,-1473,-2570,-1072,2459,6960,1146,-2481,-3016,-2496
-1826,-195,2008,-1469,-2562,-1068,2471,7009,1176,-2488,-2991,-2511
-1816,-185,2000,-1463,-2555,-1067,2481,7056,1207,-2497,-2965,-2529
-1808,-171,1990,-1452,-2545,-1069,2491,7103,1236,-2509,-2938,-2548
-1799,-151,1973,-1432,-2530,-1075,2504,7149,1262,-2516,-2911,-2567
-1792,-131,1957,-1412,-2517,-1083,2517,7193,1286,-2526,-2884,-2589
-1787,-113,1942,-1394,-2505,-1092,2531,7238,1308,-2532,-2857,-2610
-1782,-101,1933,-1383,-2497,-1098,2545,7280,1326,-2533,-2829,-2630
-1776,-95,1926,-1378,-2489,-1099,2563,7318,1343,-2528,-2799,-2649
-1772,-94,1926,-1380,-2487,-1099,2581,7352,1355,-2522,-2771,-2668
-1770,-98,1930,-1385,-2488,-1098,2599,7381,1365,-2513,-2746,-2691
-1769,-102,1934,-1392,-2489,-1097,2620,7409,1371,-2504,-2724,-2718
-1773,-106,1941,-1398,-2495,-1100,2639,7434,1372,-2497,-2707,-2745
-1776,-107,1942,-1399,-2497,-1105,2659,7457,1368,-2488,-2691,-2771
-1782,-110,1946,-1402,-2501,-1110,2678,7477,1359,-2480,-2683,-2798
-1790,-113,1953,-1407,-2510,-1116,2697,7494,1348,-2478,-2684,-2826
-1797,-119,1958,-1412,-2515,-1120,2717,7512,1333,-2477,-2687,-2853
-1802,-125,1962,-1415,-2519,-1123,2738,7531,1317,-2473,-2693,-2880
-1807,-132,1966,-1418,-2521,-1124,2759,7548,1297,-2472,-2701,-2908
-1816,-141,1975,-1427,-2531,-1126,2770,7559,1270,-2479,-2715,-2936
-1831,-154,1993,-1444,-2550,-1129,2772,7566,1238,-2491,-2733,-2963
-1846,-166,2011,-1459,-2569,-1133,2771,7572,1204,-2503,-2753,-2988
-1861,-174,2025,-1470,-2586,-1139,2771,7579,1173,-2510,-2772,-3010
-1870,-183,2034,-1478,-2595,-1139,2772,7585,1143,-2515,-2790,-3026
-1878,-193,2044,-1487,-2605,-1137,2773,7590,1117,-2517,-2806,-3037
-1884,-203,2053,-1496,-2613,-1135,2776,7597,1098,-2513,-2822,-3044
-1891,-212,2062,-1505,-2622,-1133,2776,7601,1080,-2508,-2842,-3050
-1896,-218,2068,-1510,-2628,-1131,2779,7607,1066,-2502,-2862,-3054
-1899,-226,2074,-1516,-2633,-1126,2781,7614,1053,-2494,-2882,-3059
-1900,-232,2078,-1521,-2636,-1121,2783,7619,1043,-2479,-2900,-3063
-1902,-236,2082,-1525,-2641,-1118,2782,7623,1036,-2468,-2915,-3066
-1905,-239,2086,-1528,-2645,-1117,2778,7627,1030,-2460,-2929,-3067
-1907,-243,2091,-1533,-2651,-1114,2776,7629,1027,-2450,-2942,-3069
-1914,-252,2107,-1549,-2667,-1111,2770,7625,1026,-2444,-2957,-3073
-1921,-262,2126,-1568,-2684,-1108,2765,7619,1025,-2440,-2974,-3077
-1924,-270,2140,-1584,-2697,-1103,2764,7613,1026,-2435,-2991,-3082
-1925,-277,2150,-1596,-2707,-1098,2767,7603,1031,-2423,-3010,-3090
-1925,-278,2154,-1600,-2710,-1097,2771,7593,1040,-2406,-3029,-3097
-1920,-274,2149,-1596,-2706,-1096,2778,7584,1051,-2382,-3049,-3102
-1906,-267,2132,-1581,-2687,-1091,2795,7575,1065,-2349,-3066,-3105
-1882,-255,2101,-1555,-2653,-1083,2821,7566,1082,-2310,-3080,-3106
-1856,-242,2067,-1525,-2615,-1075,2846,7551,1101,-2276,-3093,-3107
-1833,-225,2032,-1493,-2579,-1072,2871,7532,1119,-2246,-3106,-3108
-1817,-205,2001,-1462,-2549,-1075,2897,7508,1136,-2223,-3122,-3114
-1804,-184,1972,-1430,-2523,-1081,2926,7476,1153,-2198,-3139,-3124
-1794,-165,1948,-1404,-2502,-1088,2954,7440,1164,-2179,-3160,-3139
-1784,-148,1924,-1379,-2481,-1093,2985,7404,1174,-2157,-3181,-3152
-1779,-135,1909,-1362,-2468,-1099,3016,7362,1180,-2131,-3204,-3163
-1772,-130,1900,-1355,-2458,-1098,3046,7317,1185,-2101,-3228,-3174
-1764,-135,1899,-1358,-2451,-1090,3072,7268,1185,-2076,-3255,-3188
-1757,-142,1901,-1366,-2448,-1082,3101,7214,1182,-2047,-3285,-3205
-1750,-152,1905,-1376,-2445,-1070,3129,7155,1177,-2017,-3317,-3227
-1742,-166,1911,-1391,-2443,-1055,3151,7089,1164,-1998,-3351,-3253
-1729,-179,1912,-1402,-2434,-1037,3172,7021,1149,-1977,-3382,-3278
-1720,-191,1914,-1412,-2428,-1021,3192,6952,1133,-1953,-3413,-3301
-1715,-204,1921,-1427,-2427,-1007,3213,6880,1113,-1928,-3445,-3323
-1710,-218,1929,-1441,-2426,-994,3234,6807,1092,-1902,-3477,-3343
-1701,-233,1935,-1456,-2423,-976,3257,6734,1072,-1873,-3504,-3361
-1690,-248,1937,-1468,-2415,-957,3283,6663,1053,-1842,-3524,-3377
-1682,-265,1944,-1484,-2412,-938,3305,6592,1032,-1817,-3547,-3391
-1682,-283,1961,-1508,-2421,-924,3316,6519,1002,-1801,-3577,-3407
-1688,-299,1981,-1532,-2436,-916,3325,6445,971,-1785,-3607,-3422
-1697,-315,2005,-1558,-2456,-910,3334,6371,939,-1769,-3642,-3436
-1704,-334,2030,-1586,-2476,-901,3344,6298,908,-1753,-3678,-3452
-1707,-356,2053,-1615,-2492,-888,3349,6226,876,-1741,-3717,-3465
-1706,-375,2069,-1638,-2500,-874,3352,6155,847,-1726,-3753,-3477
-1704,-392,2083,-1657,-2507,-862,3354,6085,820,-1716,-3791,-3489
-1700,-401,2087,-1665,-2507,-853,3361,6023,796,-1705,-3826,-3499
-1696,-408,2089,-1669,-2504,-846,3369,5964,776,-1692,-3859,-3506
-1692,-414,2090,-1672,-2503,-841,3376,5907,759,-1679,-3889,-3511
-1693,-418,2094,-1676,-2506,-839,3377,5851,741,-1672,-3919,-3518
-1696,-422,2101,-1681,-2514,-840,3373,5796,718,-1669,-3951,-3524
-1698,-424,2105,-1683,-2518,-841,3368,5742,694,-1662,-3983,-3529
-1699,-426,2109,-1685,-2523,-842,3361,5689,668,-1657,-4013,-3530
-1700,-422,2107,-1679,-2523,-847,3355,5642,642,-1648,-4038,-3527
-1697,-412,2095,-1661,-2514,-854,3348,5600,619,-1635,-4059,-3521
-1692,-405,2083,-1647,-2505,-857,3341,5559,596,-1621,-4079,-3515
-1688,-401,2076,-1637,-2499,-859,3330,5513,566,-1612,-4100,-3511
-1688,-399,2076,-1634,-2502,-862,3314,5463,526,-1605,-4123,-3510
-1694,-392,2077,-1628,-2509,-873,3302,5415,485,-1592,-4146,-3511
-1699,-378,2070,-1614,-2510,-887,3296,5374,446,-1577,-4165,-3509
-1701,-362,2058,-1594,-2506,-901,3296,5334,410,-1564,-4180,-3505
-1699,-345,2040,-1571,-2496,-913,3298,5296,377,-1554,-4193,-3499
-1698,-327,2023,-1548,-2487,-926,3300,5260,348,-1549,-4202,-3492
-1697,-310,2006,-1525,-2477,-937,3305,5225,321,-1538,-4207,-3487
-1694,-298,1994,-1511,-2470,-944,3309,5189,297,-1529,-4210,-3484
-1689,-290,1982,-1500,-2461,-947,3316,5158,275,-1520,-4210,-3480
-1687,-283,1975,-1492,-2457,-950,3324,5128,255,-1514,-4208,-3477
-1684,-277,1966,-1484,-2450,-953,3335,5104,244,-1503,-4203,-3470
-1680,-272,1958,-1478,-2443,-953,3346,5083,238,-1490,-4196,-3460
-1675,-266,1948,-1471,-2434,-953,3357,5065,238,-1478,-4187,-3450
-1670,-261,1938,-1463,-2424,-953,3369,5048,242,-1468,-4174,-3443
-1670,-256,1933,-1460,-2420,-956,3376,5031,247,-1467,-4167,-3441
-1670,-250,1926,-1454,-2415,-959,3381,5015,254,-1468,-4163,-3444
-1675,-243,1924,-1451,-2416,-966,3381,4998,261,-1475,-4162,-3453
-1683,-238,1926,-1451,-2420,-974,3376,4976,267,-1488,-4165,-3465
-1688,-234,1927,-1452,-2423,-980,3366,4956,273,-1501,-4166,-3478
-1690,-236,1929,-1456,-2422,-979,3354,4938,281,-1513,-4166,-3491
-1686,-245,1933,-1467,-2420,-969,3339,4925,292,-1528,-4161,-3507
-1686,-262,1948,-1490,-2426,-955,3315,4911,304,-1555,-4157,-3526
-1693,-284,1975,-1524,-2446,-944,3283,4897,310,-1591,-4157,-3547
-1697,-303,1997,-1551,-2460,-932,3247,4887,318,-1628,-4158,-3567
-1699,-313,2007,-1565,-2465,-926,3210,4884,330,-1655,-4154,-3579
-1700,-311,2005,-1562,-2462,-926,3173,4890,349,-1670,-4147,-3585
-1699,-306,1999,-1555,-2456,-927,3129,4904,369,-1685,-4140,-3588
-1694,-307,1993,-1550,-2446,-922,3082,4920,389,-1699,-4132,-3591
-1688,-313,1993,-1553,-2441,-912,3032,4940,408,-1714,-4124,-3593
-1681,-318,1991,-1553,-2433,-903,2981,4965,430,-1730,-4114,-3597
-1676,-324,1991,-1555,-2429,-894,2927,4993,454,-1749,-4104,-3604
-1673,-326,1991,-1554,-2426,-889,2873,5023,477,-1772,-4095,-3615
-1673,-323,1987,-1547,-2423,-890,2821,5054,500,-1803,-4087,-3625
-1675,-314,1980,-1533,-2419,-897,2769,5089,523,-1835,-4078,-3629
-1672,-303,1967,-1514,-2409,-902,2724,5128,551,-1858,-4064,-3630
-1667,-296,1955,-1498,-2398,-903,2683,5170,585,-1876,-4044,-3631
-1656,-287,1936,-1478,-2379,-901,2649,5218,625,-1885,-4019,-3628
-1642,-278,1913,-1453,-2355,-897,2618,5272,667,-1893,-3994,-3626
-1628,-275,1896,-1438,-2335,-889,2586,5326,705,-1901,-3969,-3624
-1617,-281,1892,-1437,-2327,-878,2549,5381,737,-1910,-3946,-3623
-1614,-293,1900,-1449,-2332,-868,2510,5432,766,-1920,-3925,-3622
-1613,-302,1908,-1458,-2339,-862,2474,5484,795,-1923,-3907,-3621
-1610,-304,1908,-1459,-2338,-859,2448,5541,829,-1921,-3885,-3615
-1608,-303,1905,-1456,-2337,-858,2426,5599,862,-1920,-3864,-3607
-1607,-297,1899,-1448,-2334,-862,2407,5655,892,-1921,-3842,-3596
-1608,-289,1893,-1440,-2333,-869,2389,5712,914,-1922,-3820,-3580
-1609,-280,1885,-1430,-2330,-878,2373,5767,934,-1922,-3796,-3562
-1608,-275,1879,-1425,-2327,-881,2356,5819,951,-1926,-3774,-3542
-1601,-273,1870,-1420,-2318,-880,2341,5874,968,-1928,-3748,-3521
-1594,-274,1866,-1421,-2312,-876,2328,5927,983,-1930,-3720,-3501
-1587,-275,1860,-1420,-2305,-874,2316,5978,998,-1930,-3688,-3480
-1579,-276,1855,-1421,-2297,-870,2299,6026,1012,-1933,-3658,-3460
-1571,-275,1846,-1418,-2287,-866,2280,6066,1025,-1934,-3631,-3441
-1562,-274,1837,-1414,-2275,-863,2267,6102,1042,-1930,-3603,-3425
-1556,-270,1828,-1409,-2265,-863,2254,6139,1059,-1930,-3578,-3412
-1547,-261,1812,-1396,-2249,-865,2243,6176,1081,-1929,-3554,-3399
-1539,-253,1796,-1382,-2232,-866,2229,6207,1105,-1932,-3533,-3388
-1536,-243,1785,-1370,-2223,-871,2210,6233,1130,-1935,-3514,-3376
-1536,-232,1774,-1358,-2214,-877,2191,6260,1158,-1935,-3493,-3362
-1531,-220,1758,-1341,-2199,-881,2174,6287,1191,-1930,-3470,-3346
-1518,-208,1734,-1317,-2172,-880,2162,6315,1228,-1918,-3446,-3329
-1507,-201,1715,-1301,-2151,-875,2144,6340,1267,-1909,-3423,-3312
-1506,-202,1715,-1302,-2149,-871,2116,6361,1301,-1906,-3402,-3295
-1515,-204,1726,-1310,-2160,-873,2086,6380,1330,-1904,-3383,-3277
-1527,-212,1743,-1326,-2177,-873,2053,6399,1358,-1900,-3366,-3258
-1538,-221,1763,-1344,-2196,-870,2019,6416,1387,-1893,-3348,-3239
-1551,-235,1787,-1367,-2219,-866,1985,6434,1416,-1882,-3329,-3218
-1563,-250,1811,-1391,-2241,-859,1956,6455,1444,-1870,-3309,-3193
-1573,-267,1836,-1417,-2264,-851,1924,6474,1467,-1865,-3289,-3169
-1578,-284,1857,-1439,-2281,-839,1893,6495,1487,-1861,-3267,-3145
-1583,-300,1875,-1458,-2295,-829,1862,6518,1504,-1855,-3246,-3122
-1586,-313,1888,-1473,-2306,-820,1832,6539,1518,-1848,-3225,-3101
-1589,-324,1900,-1485,-2315,-812,1801,6560,1527,-1846,-3205,-3082
-1593,-330,1908,-1492,-2324,-808,1767,6579,1530,-1846,-3187,-3065
-1596,-330,1909,-1490,-2327,-809,1734,6600,1536,-1841,-3162,-3045
-1603,-329,1913,-1490,-2335,-813,1703,6618,1542,-1837,-3138,-3024
-1606,-328,1914,-1487,-2338,-817,1672,6637,1553,-1832,-3115,-3000
-1603,-326,1909,-1481,-2335,-817,1643,6659,1570,-1827,-3092,-2975
-1601,-328,1909,-1480,-2335,-816,1613,6682,1590,-1818,-3066,-2948
-1600,-330,1910,-1482,-2337,-815,1583,6702,1608,-1809,-3040,-2920
-1600,-331,1912,-1483,-2340,-817,1553,6720,1624,-1802,-3014,-2893
-1599,-328,1909,-1478,-2339,-822,1527,6736,1644,-1788,-2987,-2868
-1591,-322,1897,-1466,-2328,-823,1510,6753,1673,-1765,-2958,-2844
-1580,-318,1883,-1454,-2313,-822,1496,6772,1708,-1746,-2929,-2821
-1565,-315,1866,-1441,-2293,-817,1484,6791,1746,-1730,-2905,-2799
-1548,-312,1849,-1428,-2271,-812,1477,6811,1787,-1715,-2880,-2777
-1532,-307,1828,-1412,-2247,-807,1477,6831,1829,-1696,-2854,-2756
-1520,-299,1811,-1397,-2229,-807,1479,6854,1874,-1678,-2830,-2737
-1509,-288,1790,-1377,-2208,-811,1486,6875,1921,-1657,-2803,-2721
-1501,-275,1770,-1357,-2190,-817,1492,6891,1961,-1641,-2780,-2706
-1494,-261,1749,-1336,-2171,-824,1502,6905,2000,-1625,-2756,-2689
-1487,-251,1732,-1321,-2155,-828,1514,6917,2035,-1616,-2732,-2674
-1479,-244,1717,-1307,-2139,-829,1526,6927,2067,-1608,-2707,-2658
-1469,-235,1698,-1292,-2119,-829,1543,6938,2100,-1596,-2682,-2642
-1460,-226,1679,-1275,-2100,-831,1559,6949,2125,-1587,-2660,-2624
-1453,-212,1656,-1252,-2079,-836,1579,6960,2146,-1575,-2637,-2605
-1449,-197,1637,-1232,-2063,-844,1599,6963,2159,-1567,-2619,-2589
-1449,-186,1625,-1218,-2054,-852,1616,6960,2162,-1567,-2607,-2577
-1454,-176,1619,-1208,-2052,-862,1631,6952,2157,-1573,-2598,-2569
-1461,-170,1618,-1205,-2054,-869,1652,6943,2147,-1579,-2590,-2563
-1466,-171,1622,-1209,-2059,-872,1679,6935,2135,-1584,-2581,-2558
-1469,-183,1635,-1226,-2069,-865,1708,6927,2123,-1590,-2572,-2552
-1475,-201,1658,-1254,-2086,-855,1735,6917,2108,-1596,-2563,-2543
-1477,-220,1678,-1279,-2100,-843,1765,6908,2094,-1598,-2552,-2533
-1476,-236,1691,-1299,-2107,-830,1798,6900,2081,-1595,-2539,-2522
-1470,-246,1695,-1308,-2105,-818,1839,6893,2069,-1584,-2524,-2510
-1464,-252,1694,-1310,-2100,-809,1883,6889,2058,-1569,-2508,-2495
-1458,-251,1687,-1303,-2090,-805,1930,6889,2050,-1553,-2491,-2478
-1453,-246,1678,-1292,-2081,-804,1976,6888,2039,-1545,-2476,-2462
-1445,-239,1664,-1277,-2066,-803,2022,6889,2027,-1537,-2461,-2447
-1435,-236,1652,-1265,-2052,-797,2065,6890,2014,-1531,-2444,-2432
-1427,-237,1646,-1260,-2042,-791,2106,6892,2003,-1526,-2428,-2419
-1422,-239,1644,-1259,-2038,-785,2142,6895,1995,-1527,-2413,-2410
-1419,-247,1650,-1266,-2040,-778,2170,6900,1987,-1529,-2399,-2402
-1416,-262,1664,-1284,-2048,-765,2200,6905,1979,-1528,-2384,-2397
-1417,-283,1687,-1311,-2065,-752,2226,6906,1972,-1526,-2369,-2393
-1418,-301,1708,-1336,-2080,-740,2246,6904,1965,-1526,-2351,-2387
-1413,-318,1720,-1354,-2086,-726,2266,6903,1961,-1524,-2330,-2379
-1408,-335,1734,-1373,-2093,-711,2287,6901,1959,-1519,-2306,-2370
-1406,-352,1750,-1394,-2103,-697,2305,6900,1959,-1517,-2281,-2362
-1405,-367,1765,-1413,-2115,-687,2317,6897,1957,-1519,-2260,-2358
-1399,-376,1770,-1421,-2115,-677,2327,6893,1959,-1518,-2238,-2351
-1384,-375,1756,-1411,-2097,-668,2340,6892,1967,-1511,-2212,-2343
-1369,-368,1737,-1394,-2076,-662,2352,6891,1979,-1504,-2186,-2337
-1354,-359,1715,-1374,-2053,-659,2361,6890,1993,-1496,-2162,-2330
-1338,-347,1691,-1350,-2027,-657,2370,6886,2008,-1489,-2141,-2327
-1322,-329,1659,-1318,-1997,-659,2381,6879,2024,-1477,-2121,-2327
-1311,-305,1627,-1283,-1969,-668,2387,6872,2040,-1465,-2105,-2327
-1302,-278,1593,-1243,-1941,-680,2395,6868,2056,-1452,-2090,-2327
-1294,-254,1563,-1209,-1916,-691,2402,6864,2072,-1437,-2077,-2323
-1283,-234,1534,-1179,-1890,-697,2411,6863,2091,-1415,-2062,-2315
-1272,-217,1508,-1152,-1865,-702,2419,6863,2114,-1394,-2045,-2306
-1262,-202,1483,-1128,-1841,-705,2430,6866,2140,-1373,-2030,-2298
-1252,-189,1460,-1106,-1819,-707,2445,6866,2166,-1354,-2020,-2298
-1247,-174,1439,-1084,-1801,-713,2455,6863,2190,-1342,-2014,-2299
-1240,-156,1414,-1057,-1778,-721,2465,6862,2212,-1330,-2008,-2297
-1239,-137,1391,-1030,-1762,-733,2475,6858,2230,-1320,-2005,-2296
-1245,-120,1378,-1012,-1756,-747,2483,6852,2243,-1317,-2005,-2296
-1249,-107,1368,-997,-1751,-758,2491,6844,2253,-1319,-2006,-2296
-1255,-93,1356,-980,-1745,-770,2501,6837,2264,-1318,-2006,-2296
-1259,-75,1341,-959,-1736,-784,2514,6833,2277,-1318,-2006,-2295
-1262,-59,1325,-937,-1726,-796,2526,6831,2292,-1319,-2004,-2292
-1268,-46,1316,-923,-1723,-807,2531,6827,2305,-1325,-2005,-2289
-1271,-38,1308,-912,-1718,-813,2534,6820,2315,-1329,-2005,-2286
-1272,-33,1302,-904,-1715,-817,2535,6808,2323,-1333,-2007,-2285
-1272,-30,1297,-897,-1710,-818,2536,6793,2328,-1338,-2010,-2283
-1268,-31,1292,-894,-1703,-813,2536,6778,2327,-1342,-2015,-2281
-1257,-36,1284,-890,-1691,-802,2539,6762,2324,-1337,-2020,-2277
-1250,-38,1278,-886,-1681,-795,2539,6745,2317,-1330,-2025,-2271
-1239,-36,1264,-873,-1665,-788,2539,6727,2309,-1324,-2029,-2262
-1224,-36,1248,-861,-1645,-778,2540,6707,2299,-1323,-2031,-2253
-1207,-42,1237,-856,-1626,-762,2544,6687,2291,-1317,-2029,-2241
-1187,-54,1229,-857,-1608,-740,2552,6672,2283,-1310,-2026,-2225
-1164,-71,1224,-863,-1591,-714,2557,6659,2272,-1302,-2024,-2204
-1141,-87,1218,-868,-1572,-688,2565,6649,2259,-1289,-2022,-2182
-1123,-101,1214,-873,-1559,-666,2573,6638,2245,-1274,-2020,-2160
-1104,-114,1210,-877,-1544,-645,2587,6632,2233,-1256,-2015,-2134
-1083,-125,1201,-877,-1525,-623,2606,6632,2224,-1233,-2009,-2102
-1065,-135,1194,-878,-1509,-605,2626,6632,2213,-1213,-2006,-2073
-1050,-147,1193,-884,-1500,-587,2645,6632,2203,-1196,-2006,-2043
-1039,-161,1198,-896,-1497,-571,2662,6629,2195,-1182,-2011,-2016
-1029,-174,1203,-908,-1496,-557,2680,6624,2189,-1164,-2016,-1990
-1014,-184,1199,-912,-1484,-541,2702,6621,2193,-1140,-2016,-1965
-997,-193,1193,-914,-1471,-526,2722,6616,2202,-1116,-2014,-1939
-981,-199,1185,-913,-1456,-513,2742,6611,2216,-1094,-2012,-1912
-965,-199,1170,-903,-1436,-504,2760,6608,2236,-1071,-2011,-1884
-945,-192,1145,-883,-1407,-499,2780,6604,2260,-1041,-2009,-1858
-928,-178,1116,-856,-1377,-499,2795,6593,2284,-1013,-2006,-1833
-913,-161,1085,-825,-1346,-503,2808,6580,2313,-983,-2002,-1812
-903,-142,1059,-797,-1323,-513,2815,6564,2345,-950,-1998,-1791
-894,-124,1034,-769,-1299,-522,2816,6547,2380,-917,-1996,-1771
-883,-112,1013,-748,-1277,-526,2814,6529,2419,-885,-1995,-1749
-869,-107,994,-733,-1254,-523,2811,6511,2464,-850,-1994,-1728
-852,-105,978,-722,-1231,-516,2812,6492,2509,-816,-1992,-1710
-837,-107,965,-716,-1211,-507,2810,6474,2553,-785,-1992,-1693
-818,-107,947,-705,-1185,-496,2805,6459,2600,-747,-1990,-1674
-799,-108,930,-695,-1160,-485,2799,6445,2646,-706,-1988,-1657
-785,-110,918,-689,-1140,-476,2794,6427,2688,-668,-1989,-1642
-769,-112,904,-681,-1118,-464,2791,6410,2726,-636,-1993,-1630
-754,-112,887,-670,-1095,-455,2789,6394,2761,-607,-1993,-1616
-743,-108,871,-657,-1075,-450,2789,6380,2797,-582,-1990,-1600
-737,-107,862,-650,-1063,-446,2785,6364,2828,-565,-1987,-1585
-740,-111,866,-656,-1065,-443,2780,6343,2851,-557,-1990,-1575
-742,-114,868,-659,-1066,-441,2777,6321,2871,-551,-1997,-1565
-742,-115,866,-659,-1063,-437,2777,6301,2887,-543,-2004,-1556
-736,-116,858,-654,-1052,-429,2780,6282,2903,-535,-2011,-1544
-729,-119,850,-651,-1040,-419,2780,6262,2916,-531,-2023,-1535
-721,-125,844,-651,-1030,-405,2777,6237,2924,-526,-2038,-1531
-712,-138,843,-658,-1023,-386,2771,6207,2929,-523,-2059,-1529
-700,-150,841,-665,-1013,-366,2765,6175,2933,-520,-2080,-1526
-688,-162,837,-669,-1003,-345,2757,6141,2936,-523,-2103,-1522
-676,-173,832,-671,-992,-326,2749,6108,2940,-523,-2126,-1520
-665,-183,829,-675,-983,-307,2741,6077,2947,-521,-2147,-1516
-656,-195,829,-682,-979,-289,2731,6046,2951,-527,-2167,-1514
-644,-210,829,-691,-973,-267,2723,6015,2956,-528,-2185,-1511
-630,-232,834,-706,-968,-240,2714,5983,2962,-524,-2202,-1506
-613,-250,834,-717,-959,-215,2705,5954,2972,-516,-2213,-1495
-595,-258,822,-714,-941,-195,2699,5932,2989,-503,-2216,-1480
-577,-263,809,-707,-923,-178,2693,5908,3007,-487,-2216,-1466
-559,-269,796,-702,-904,-161,2683,5881,3018,-472,-2219,-1451
-546,-273,788,-698,-893,-151,2666,5846,3023,-457,-2226,-1436
-536,-272,778,-691,-882,-146,2649,5807,3025,-434,-2233,-1421
-519,-270,760,-677,-860,-137,2637,5768,3026,-404,-2236,-1405
-498,-272,743,-668,-836,-124,2624,5733,3026,-378,-2237,-1387
-478,-277,730,-664,-815,-110,2607,5699,3025,-355,-2238,-1368
-461,-284,722,-664,-799,-97,2591,5666,3024,-332,-2237,-1350
-441,-292,714,-666,-781,-81,2578,5631,3024,-305,-2233,-1333
-419,-304,708,-671,-762,-63,2565,5592,3023,-279,-2227,-1317
-392,-314,694,-670,-735,-42,2553,5555,3022,-252,-2220,-1304
-363,-321,676,-665,-704,-23,2539,5515,3020,-226,-2213,-1292
-332,-323,651,-651,-666,-5,2526,5475,3017,-196,-2205,-1275
-295,-324,619,-632,-620,15,2512,5435,3013,-166,-2196,-1259
-258,-320,582,-607,-570,33,2500,5394,3007,-133,-2186,-1242
-222,-314,544,-580,-519,49,2488,5347,2993,-104,-2177,-1225
-190,-310,512,-557,-475,64,2476,5296,2974,-82,-2169,-1205
-156,-304,475,-531,-428,79,2464,5243,2952,-62,-2162,-1185
-123,-303,444,-510,-384,97,2450,5188,2926,-41,-2156,-1164
-96,-303,420,-496,-349,113,2435,5129,2897,-20,-2148,-1143
-71,-302,395,-480,-314,127,2420,5070,2869,3,-2138,-1120
-45,-300,369,-463,-278,142,2408,5010,2843,29,-2126,-1096
-18,-300,343,-445,-241,159,2398,4952,2820,61,-2111,-1070
7,-302,321,-433,-209,178,2387,4896,2796,90,-2092,-1040
25,-310,310,-430,-188,196,2369,4835,2768,111,-2078,-1014
42,-319,302,-431,-171,214,2348,4775,2740,132,-2066,-990
57,-331,297,-435,-156,233,2323,4715,2712,149,-2055,-966
72,-345,294,-440,-144,254,2296,4658,2688,172,-2041,-940
84,-360,294,-449,-135,275,2266,4603,2663,196,-2026,-914
102,-376,291,-455,-121,300,2239,4550,2642,219,-2010,-888
122,-393,285,-460,-104,328,2213,4495,2619,235,-1996,-868
144,-406,272,-458,-80,354,2189,4443,2597,249,-1980,-848
165,-418,261,-456,-60,379,2166,4392,2580,260,-1963,-826
186,-434,253,-459,-41,408,2143,4340,2567,276,-1946,-806
210,-453,246,-464,-21,440,2119,4291,2558,290,-1924,-791
230,-472,242,-471,-5,469,2091,4242,2549,296,-1902,-776
251,-490,236,-477,11,498,2066,4195,2544,300,-1879,-764
269,-511,237,-490,22,528,2038,4147,2539,298,-1861,-756
288,-533,239,-504,32,558,2007,4099,2535,294,-1844,-749
310,-556,237,-516,47,590,1971,4053,2533,292,-1825,-741
333,-581,238,-533,61,624,1937,4010,2536,291,-1801,-730
356,-611,243,-555,73,661,1906,3970,2543,293,-1773,-716
382,-644,250,-581,85,701,1873,3929,2549,293,-1743,-702
409,-676,254,-605,100,740,1841,3891,2556,300,-1712,-686
442,-699,244,-615,128,777,1815,3853,2565,312,-1679,-669
476,-715,227,-615,161,810,1792,3814,2573,322,-1649,-655
513,-725,202,-606,202,840,1769,3777,2578,329,-1620,-640
553,-730,169,-589,250,867,1745,3741,2584,336,-1591,-624
594,-729,128,-563,304,892,1725,3707,2593,348,-1558,-609
635,-729,89,-539,357,916,1705,3671,2602,355,-1525,-593
674,-724,49,-512,410,936,1684,3634,2612,364,-1490,-579
704,-719,15,-488,452,950,1661,3594,2617,374,-1457,-564
731,-715,-14,-468,490,963,1636,3553,2616,382,-1427,-547
759,-715,-41,-453,526,978,1609,3510,2611,385,-1399,-530
788,-712,-71,-433,566,992,1580,3467,2600,387,-1368,-511
817,-709,-102,-412,606,1007,1554,3420,2587,395,-1337,-490
842,-711,-125,-400,639,1024,1524,3369,2569,399,-1307,-466
871,-719,-146,-392,674,1047,1497,3318,2545,405,-1276,-438
900,-731,-163,-391,705,1073,1470,3265,2515,413,-1248,-413
926,-748,-173,-396,730,1101,1444,3211,2481,422,-1219,-386
955,-765,-185,-400,758,1132,1423,3164,2446,437,-1189,-353
983,-777,-203,-398,790,1158,1408,3117,2411,460,-1157,-317
1011,-784,-226,-387,825,1182,1394,3071,2374,483,-1126,-281
1038,-792,-246,-379,856,1207,1379,3024,2335,499,-1095,-242
1055,-805,-251,-384,872,1227,1360,2975,2292,508,-1067,-198
1072,-821,-255,-392,887,1251,1343,2926,2247,520,-1039,-149
1096,-842,-260,-402,906,1282,1326,2882,2203,533,-1013,-96
1125,-862,-270,-408,933,1317,1310,2842,2161,549,-985,-42
1157,-880,-286,-408,964,1352,1292,2808,2122,561,-959,13
1192,-896,-307,-404,1001,1387,1275,2775,2085,576,-932,69
1227,-912,-327,-400,1038,1424,1260,2742,2050,589,-905,124
1263,-925,-352,-390,1079,1458,1245,2711,2017,600,-878,178
1297,-933,-379,-376,1118,1488,1229,2679,1988,608,-851,234
1323,-933,-405,-357,1153,1507,1208,2645,1960,615,-823,285
1341,-924,-432,-332,1182,1515,1181,2607,1932,611,-795,330
1351,-908,-458,-302,1205,1512,1145,2567,1903,598,-769,372
1358,-887,-486,-268,1228,1505,1111,2531,1878,589,-736,414
1362,-870,-507,-241,1243,1496,1082,2492,1855,582,-701,456
1371,-860,-525,-221,1260,1497,1057,2454,1835,586,-661,502
1391,-859,-544,-206,1285,1509,1037,2422,1818,594,-619,551
1416,-867,-558,-201,1309,1532,1021,2394,1807,605,-573,601
1440,-882,-565,-204,1329,1557,1007,2369,1797,617,-525,652
1462,-901,-565,-216,1341,1583,995,2346,1787,630,-478,706
1484,-923,-561,-232,1352,1611,989,2326,1781,650,-430,758
1513,-944,-566,-242,1374,1643,993,2309,1781,676,-376,808
1545,-966,-573,-252,1398,1678,1000,2295,1787,701,-322,857
1577,-985,-581,-259,1424,1709,1004,2282,1793,721,-273,900
1605,-1000,-591,-262,1448,1736,1006,2271,1800,735,-224,939
1626,-1005,-604,-258,1470,1752,1008,2260,1806,751,-175,973
1640,-1002,-618,-247,1488,1757,1008,2249,1811,762,-127,1003
1651,-993,-637,-230,1507,1757,1005,2237,1815,770,-81,1030
1657,-985,-648,-219,1519,1754,997,2221,1815,770,-39,1051
1657,-978,-655,-211,1524,1748,992,2202,1814,769,3,1069
1653,-972,-657,-208,1524,1741,987,2183,1812,768,43,1084
1649,-969,-656,-209,1520,1734,983,2162,1812,767,82,1100
1641,-965,-654,-210,1515,1726,981,2138,1812,768,121,1113
1632,-966,-644,-220,1502,1720,980,2114,1811,767,159,1124
1626,-971,-635,-231,1493,1719,980,2093,1813,771,196,1136
1625,-979,-629,-242,1489,1723,979,2069,1815,777,231,1145
1623,-986,-622,-253,1485,1726,974,2040,1812,779,261,1152
1619,-986,-622,-256,1483,1724,971,2013,1808,783,291,1160
1615,-982,-626,-251,1485,1718,968,1988,1806,788,323,1169
1615,-976,-636,-242,1493,1715,966,1966,1807,793,361,1180
1618,-974,-646,-235,1503,1716,962,1948,1806,798,401,1193
1620,-978,-649,-237,1508,1721,952,1929,1802,801,438,1211
1623,-983,-652,-238,1513,1728,942,1911,1797,808,474,1234
1627,-988,-657,-239,1521,1735,934,1897,1794,816,510,1259
1635,-992,-664,-236,1533,1745,927,1884,1788,823,543,1282
1642,-997,-671,-234,1544,1754,919,1874,1779,825,571,1308
1650,-1002,-677,-232,1555,1764,910,1865,1770,830,596,1335
1659,-1013,-678,-236,1563,1780,901,1855,1755,830,620,1363
1674,-1024,-684,-238,1578,1799,887,1842,1736,825,642,1393
1689,-1037,-688,-241,1592,1820,869,1824,1711,815,662,1423
1702,-1048,-692,-242,1604,1838,852,1803,1686,807,682,1452
1711,-1055,-694,-242,1612,1850,835,1785,1659,802,702,1482
1715,-1060,-693,-243,1615,1859,813,1767,1630,796,718,1512
1722,-1064,-695,-240,1620,1868,792,1746,1603,795,736,1542
1726,-1068,-694,-240,1622,1875,769,1727,1577,800,755,1574
1734,-1071,-698,-236,1628,1884,744,1710,1552,808,776,1608
1751,-1074,-709,-227,1646,1899,720,1697,1528,820,798,1644
1770,-1079,-720,-220,1664,1916,699,1685,1505,831,819,1680
1784,-1085,-724,-219,1675,1931,679,1670,1477,843,841,1715
1791,-1091,-721,-223,1675,1940,657,1652,1446,852,861,1747
1796,-1095,-716,-227,1672,1946,633,1629,1412,862,882,1775
1805,-1095,-720,-223,1679,1952,612,1604,1380,873,907,1801
1816,-1094,-727,-217,1687,1958,591,1579,1354,884,936,1824
1825,-1090,-733,-211,1694,1960,569,1558,1329,894,965,1847
1832,-1084,-741,-202,1702,1959,551,1539,1306,901,993,1869
1842,-1072,-758,-183,1717,1956,539,1521,1290,913,1021,1887
1854,-1056,-780,-159,1737,1950,525,1503,1280,930,1051,1905
1869,-1038,-809,-130,1764,1945,510,1487,1276,949,1085,1922
1883,-1022,-834,-106,1788,1941,492,1467,1273,959,1115,1936
1895,-1006,-859,-81,1811,1935,471,1447,1272,964,1143,1947
1906,-988,-886,-54,1837,1927,449,1428,1277,970,1168,1958
1918,-968,-917,-23,1865,1918,428,1411,1286,980,1193,1968
1932,-951,-947,5,1894,1912,416,1397,1300,995,1219,1976
1944,-940,-971,25,1918,1909,405,1386,1317,1003,1244,1981
1954,-927,-995,47,1942,1904,397,1380,1338,1015,1270,1985
1960,-917,-1014,62,1960,1898,389,1376,1365,1032,1296,1987
1958,-910,-1024,71,1968,1890,379,1369,1391,1046,1320,1983
1956,-903,-1032,78,1975,1882,372,1362,1419,1060,1344,1979
1955,-894,-1045,90,1986,1873,366,1354,1448,1076,1367,1974
1957,-885,-1061,105,2002,1868,362,1350,1480,1091,1389,1966
1961,-881,-1075,115,2017,1867,356,1348,1511,1100,1409,1955
1958,-880,-1079,117,2021,1864,336,1340,1533,1095,1422,1938
1950,-878,-1078,118,2019,1857,311,1332,1552,1085,1430,1920
1939,-878,-1072,113,2011,1851,288,1324,1568,1077,1433,1901
1928,-882,-1062,104,2000,1847,266,1316,1582,1070,1436,1883
1917,-892,-1044,85,1983,1849,245,1306,1588,1057,1436,1865
1909,-909,-1022,60,1965,1856,227,1299,1587,1043,1432,1846
1900,-928,-995,31,1943,1864,211,1292,1579,1026,1425,1824
1892,-944,-973,6,1924,1873,200,1284,1568,1008,1417,1800
1887,-962,-949,-21,1905,1884,193,1274,1553,986,1405,1774
1880,-980,-923,-49,1884,1895,189,1265,1537,963,1392,1748
1871,-994,-898,-73,1860,1902,186,1258,1523,939,1380,1722
1862,-1007,-874,-96,1837,1908,180,1253,1507,911,1370,1700
1855,-1018,-853,-116,1817,1914,177,1250,1491,886,1362,1682
1843,-1027,-828,-137,1789,1915,175,1251,1473,862,1356,1668
1828,-1032,-804,-154,1762,1912,176,1257,1459,843,1353,1655
1818,-1031,-789,-162,1742,1907,180,1267,1449,829,1351,1645
1813,-1032,-779,-168,1728,1907,185,1278,1444,819,1348,1635
1810,-1033,-770,-173,1716,1907,192,1287,1438,804,1342,1626
1804,-1031,-759,-178,1700,1903,195,1295,1432,785,1332,1617
1795,-1025,-751,-178,1685,1894,195,1298,1422,765,1316,1607
1791,-1013,-753,-168,1679,1884,196,1300,1414,750,1303,1597
1788,-1001,-757,-156,1675,1873,197,1299,1406,734,1290,1584
1786,-990,-763,-144,1674,1864,200,1300,1399,715,1278,1573
1786,-975,-775,-126,1679,1854,206,1302,1399,696,1270,1562
1789,-955,-796,-97,1692,1841,218,1307,1404,684,1266,1553
1789,-929,-821,-64,1705,1823,231,1317,1416,671,1261,1544
1787,-898,-850,-24,1722,1800,247,1333,1435,666,1259,1539
1782,-868,-876,14,1734,1775,263,1350,1457,662,1256,1532
1775,-838,-900,49,1745,1748,276,1366,1482,660,1251,1521
1767,-813,-920,79,1753,1723,284,1377,1509,655,1244,1507
1755,-792,-932,101,1754,1699,288,1383,1536,650,1237,1491
1740,-777,-936,113,1748,1676,296,1388,1567,650,1231,1473
1721,-771,-928,111,1732,1656,299,1388,1594,645,1223,1453
1700,-767,-916,105,1713,1636,301,1387,1620,636,1213,1433
1672,-763,-897,94,1685,1612,304,1382,1642,621,1199,1410
1635,-760,-870,77,1647,1583,307,1374,1657,602,1179,1381
1598,-753,-845,63,1610,1552,312,1367,1666,584,1154,1352
1564,-746,-823,51,1577,1524,322,1361,1674,572,1126,1325
1533,-742,-802,39,1547,1499,339,1359,1682,562,1099,1299
1503,-742,-776,20,1516,1480,356,1360,1687,550,1072,1271
1468,-749,-738,-13,1471,1462,366,1357,1687,532,1041,1241
1435,-759,-698,-48,1428,1448,371,1354,1686,514,1006,1210
1404,-771,-657,-85,1384,1436,373,1352,1683,493,968,1178
1376,-782,-619,-120,1344,1427,371,1349,1677,471,927,1142
1352,-792,-584,-151,1309,1419,363,1350,1670,445,885,1108
1332,-797,-558,-174,1281,1411,355,1355,1666,426,847,1080
1313,-798,-535,-191,1255,1401,348,1366,1665,409,811,1055
1298,-794,-522,-199,1239,1390,344,1380,1667,394,778,1034
1285,-786,-512,-201,1224,1379,339,1394,1668,377,745,1010
1269,-777,-503,-202,1208,1363,337,1411,1667,361,713,983
1248,-765,-489,-204,1185,1343,333,1427,1666,342,681,955
1223,-756,-469,-211,1154,1323,322,1440,1661,313,646,925
1202,-748,-452,-216,1128,1305,309,1454,1653,286,612,896
1181,-742,-433,-224,1099,1289,298,1468,1643,259,577,865
1162,-736,-418,-228,1075,1273,290,1485,1631,232,543,838
1145,-727,-407,-228,1053,1258,290,1505,1617,206,512,814
1126,-719,-394,-229,1028,1241,296,1525,1601,177,479,787
1106,-715,-377,-234,1001,1226,305,1542,1582,146,443,756
1086,-717,-355,-247,969,1216,314,1555,1560,117,402,725
1065,-718,-331,-260,935,1203,329,1568,1540,94,362,697
1049,-714,-319,-263,913,1191,354,1584,1528,77,329,673
1038,-710,-313,-261,897,1180,383,1600,1518,59,297,652
1026,-704,-308,-257,881,1167,407,1614,1507,34,265,632
1013,-696,-303,-253,866,1153,429,1626,1495,7,232,609
999,-686,-301,-244,852,1136,448,1633,1484,-21,198,582
984,-676,-297,-238,836,1118,461,1636,1470,-53,160,551
970,-664,-297,-229,824,1098,472,1638,1456,-82,124,522
955,-649,-297,-217,811,1075,485,1641,1441,-109,89,495
944,-634,-302,-203,806,1055,499,1643,1426,-132,56,470
936,-623,-307,-193,802,1040,514,1643,1407,-152,24,445
929,-615,-309,-187,799,1027,531,1641,1384,-170,-7,415
921,-607,-310,-182,793,1013,553,1636,1357,-184,-38,383
908,-601,-305,-182,782,996,572,1629,1328,-199,-68,356
898,-591,-307,-176,779,980,596,1626,1296,-213,-93,334
888,-584,-307,-174,774,966,623,1622,1267,-220,-115,314
873,-579,-299,-178,760,951,650,1617,1233,-231,-137,294
853,-574,-288,-184,743,931,678,1614,1196,-242,-159,276
833,-570,-274,-193,724,914,707,1610,1158,-250,-181,257
811,-568,-257,-206,701,898,736,1606,1120,-258,-201,238
789,-572,-235,-225,675,885,762,1601,1084,-270,-220,220
761,-581,-200,-257,636,873,780,1597,1048,-287,-243,203
729,-591,-161,-292,593,859,798,1594,1018,-299,-266,191
696,-598,-122,-324,548,843,817,1592,991,-307,-288,181
661,-601,-87,-352,504,824,833,1593,968,-311,-311,175
622,-602,-46,-381,453,801,842,1593,947,-321,-336,172
581,-602,-5,-410,400,776,845,1590,926,-337,-369,164
536,-604,43,-444,339,750,844,1586,904,-357,-407,151
492,-604,90,-477,280,725,839,1585,886,-381,-447,138
446,-604,138,-509,218,698,826,1587,866,-415,-491,122
402,-603,184,-538,158,671,807,1587,846,-450,-539,105
358,-599,227,-563,99,642,787,1586,825,-489,-586,88
315,-591,266,-583,43,612,765,1587,804,-531,-633,72
280,-582,296,-596,-2,586,747,1592,789,-564,-676,57
248,-574,323,-607,-43,562,732,1599,777,-597,-721,40
221,-565,345,-614,-78,541,719,1607,766,-628,-765,20
202,-557,360,-617,-105,524,713,1621,760,-655,-807,-1
184,-556,380,-627,-133,513,712,1635,757,-681,-850,-28
167,-559,405,-643,-164,504,711,1646,753,-710,-895,-57
151,-568,432,-664,-196,498,716,1659,749,-737,-940,-84
138,-572,452,-678,-222,491,730,1675,749,-752,-982,-107
131,-564,453,-671,-231,479,758,1699,760,-751,-1016,-128
126,-549,444,-652,-231,463,795,1726,773,-746,-1045,-147
123,-529,428,-627,-225,445,837,1753,782,-746,-1076,-166
121,-507,407,-597,-214,425,878,1780,790,-750,-1107,-187
119,-483,385,-566,-202,403,920,1804,794,-753,-1137,-214
113,-461,368,-539,-195,380,961,1820,792,-760,-1170,-245
104,-440,354,-517,-192,356,1002,1829,781,-770,-1204,-282
92,-425,349,-505,-195,334,1041,1831,765,-786,-1240,-323
80,-414,348,-499,-202,314,1080,1829,743,-805,-1279,-367
68,-411,353,-502,-210,301,1119,1825,716,-827,-1317,-412
57,-413,364,-513,-222,292,1158,1815,685,-848,-1358,-456
43,-415,376,-525,-236,282,1194,1803,656,-865,-1399,-500
22,-413,393,-537,-257,265,1220,1787,627,-887,-1444,-544
0,-409,408,-548,-279,246,1243,1772,602,-906,-1487,-586
-24,-406,426,-560,-302,228,1262,1754,577,-926,-1533,-628
-52,-405,451,-579,-333,209,1275,1734,552,-949,-1584,-668
-83,-400,475,-595,-367,185,1282,1718,533,-965,-1632,-702
-116,-389,496,-604,-399,158,1283,1703,519,-977,-1678,-734
-146,-373,511,-606,-425,130,1282,1689,507,-990,-1723,-764
-174,-358,524,-607,-450,103,1273,1676,496,-1012,-1766,-792
-207,-347,547,-617,-484,78,1256,1659,485,-1037,-1811,-817
-234,-339,567,-627,-514,58,1237,1644,476,-1059,-1855,-839
-256,-333,584,-635,-538,44,1217,1633,468,-1075,-1897,-859
-269,-326,593,-638,-552,35,1198,1626,463,-1084,-1934,-875
-278,-318,596,-635,-560,29,1181,1623,457,-1094,-1968,-888
-283,-310,594,-628,-563,25,1167,1619,451,-1106,-1998,-898
-285,-308,597,-628,-567,27,1153,1612,444,-1124,-2030,-912
-284,-309,598,-627,-568,33,1139,1603,437,-1145,-2064,-927
-286,-308,601,-627,-573,35,1122,1592,426,-1170,-2099,-947
-294,-308,610,-629,-586,34,1103,1580,410,-1193,-2132,-969
-304,-308,622,-634,-603,30,1085,1566,392,-1221,-2162,-995
-316,-311,637,-644,-624,27,1068,1554,373,-1255,-2190,-1019
-324,-314,648,-649,-640,25,1056,1544,357,-1284,-2213,-1044
-336,-317,662,-657,-660,20,1046,1534,342,-1307,-2233,-1068
-348,-318,674,-662,-679,13,1034,1525,327,-1328,-2253,-1092
-359,-318,684,-665,-696,5,1026,1520,313,-1345,-2271,-1113
-373,-322,702,-676,-721,-3,1018,1514,297,-1356,-2287,-1134
-391,-331,727,-695,-753,-10,1012,1508,280,-1363,-2304,-1154
-406,-347,758,-724,-787,-12,1008,1500,260,-1372,-2323,-1176
-417,-366,787,-754,-817,-9,1011,1493,238,-1375,-2342,-1202
-420,-380,804,-773,-834,-6,1025,1489,216,-1367,-2357,-1228
-424,-389,815,-785,-846,-6,1043,1484,192,-1362,-2374,-1258
-429,-392,824,-792,-858,-11,1063,1477,165,-1362,-2392,-1289
-436,-391,829,-795,-869,-21,1085,1471,138,-1365,-2408,-1320
-445,-386,833,-794,-879,-35,1112,1467,114,-1365,-2422,-1354
-459,-380,841,-797,-895,-52,1139,1465,95,-1370,-2435,-1391
-472,-374,847,-798,-910,-70,1165,1465,78,-1375,-2447,-1430
-488,-370,858,-805,-928,-87,1187,1465,60,-1381,-2461,-1472
-504,-368,870,-813,-946,-103,1205,1466,45,-1381,-2474,-1513
-517,-366,881,-822,-962,-117,1218,1469,34,-1385,-2487,-1551
-529,-366,890,-830,-975,-129,1225,1470,27,-1388,-2500,-1592
-534,-367,894,-836,-979,-135,1233,1469,25,-1384,-2513,-1632
-539,-367,897,-840,-982,-140,1236,1470,25,-1383,-2525,-1670
-541,-363,893,-838,-979,-147,1238,1473,28,-1380,-2534,-1702
-545,-358,890,-834,-977,-155,1236,1473,32,-1379,-2542,-1735
-554,-352,890,-832,-979,-166,1229,1469,33,-1383,-2555,-1770
-565,-338,885,-822,-980,-183,1220,1464,34,-1387,-2569,-1807
-577,-318,875,-803,-978,-204,1212,1459,37,-1392,-2581,-1842
-589,-296,862,-781,-973,-226,1205,1455,41,-1397,-2588,-1875
-603,-279,857,-768,-975,-244,1193,1452,43,-1413,-2596,-1910
-625,-271,869,-771,-993,-262,1174,1445,38,-1440,-2608,-1946
-649,-268,887,-781,-1017,-277,1154,1433,29,-1473,-2624,-1980
-668,-270,907,-796,-1039,-285,1136,1421,17,-1500,-2639,-2011
-686,-276,929,-814,-1061,-288,1123,1410,5,-1520,-2653,-2038
-704,-285,955,-835,-1087,-290,1111,1402,-11,-1542,-2666,-2060
-721,-292,978,-853,-1111,-292,1098,1395,-31,-1567,-2677,-2079
-739,-299,1002,-872,-1136,-295,1085,1389,-53,-1590,-2688,-2096
-749,-303,1016,-882,-1151,-293,1080,1386,-73,-1608,-2694,-2108
-755,-307,1027,-889,-1161,-291,1078,1389,-94,-1621,-2698,-2115
-761,-305,1033,-889,-1168,-292,1078,1396,-112,-1633,-2701,-2120
-763,-301,1033,-884,-1170,-292,1079,1404,-128,-1647,-2704,-2125
-762,-299,1033,-880,-1170,-290,1078,1411,-147,-1668,-2710,-2130
-757,-295,1027,-872,-1164,-286,1080,1419,-170,-1692,-2718,-2137
-757,-291,1026,-867,-1165,-286,1083,1430,-193,-1718,-2728,-2145
-757,-286,1026,-862,-1168,-289,1088,1441,-213,-1740,-2738,-2151
-754,-278,1019,-851,-1164,-291,1098,1454,-229,-1758,-2745,-2155
-751,-271,1013,-841,-1160,-294,1113,1466,-244,-1770,-2750,-2159
-748,-267,1011,-837,-1160,-295,1134,1480,-258,-1779,-2752,-2160
-746,-269,1016,-842,-1167,-294,1159,1497,-268,-1782,-2751,-2156
-742,-276,1024,-853,-1173,-289,1186,1515,-278,-1779,-2746,-2150
-729,-281,1020,-854,-1166,-279,1218,1533,-284,-1771,-2739,-2142
-716,-285,1014,-854,-1157,-270,1247,1550,-293,-1764,-2734,-2135
-706,-281,1003,-846,-1147,-269,1271,1566,-305,-1760,-2729,-2131
-697,-272,989,-832,-1136,-272,1296,1582,-320,-1759,-2725,-2130
-691,-256,968,-810,-1121,-282,1322,1596,-336,-1761,-2721,-2133
-689,-237,950,-788,-1110,-296,1343,1609,-352,-1772,-2723,-2140
-688,-218,930,-765,-1099,-311,1365,1620,-367,-1784,-2726,-2150
-689,-203,916,-749,-1092,-324,1389,1631,-382,-1794,-2726,-2162
-688,-196,908,-741,-1087,-331,1415,1644,-392,-1799,-2723,-2175
-687,-197,907,-744,-1086,-332,1436,1659,-397,-1804,-2719,-2187
-692,-203,916,-757,-1095,-333,1453,1673,-400,-1807,-2715,-2199
-698,-211,929,-773,-1107,-333,1472,1682,-405,-1806,-2712,-2213
-709,-220,946,-792,-1125,-335,1487,1690,-411,-1815,-2710,-2226
-721,-221,955,-801,-1137,-343,1501,1700,-415,-1823,-2708,-2238
-736,-217,962,-804,-1150,-355,1511,1709,-420,-1830,-2707,-2252
-755,-216,976,-813,-1168,-368,1518,1715,-428,-1833,-2709,-2266
-772,-216,990,-823,-1187,-378,1529,1724,-437,-1830,-2707,-2276
-787,-217,1002,-831,-1201,-385,1542,1732,-448,-1825,-2705,-2286
-800,-215,1009,-834,-1211,-394,1556,1743,-459,-1819,-2701,-2295
-812,-211,1013,-834,-1219,-402,1566,1756,-470,-1814,-2693,-2302
-830,-207,1024,-836,-1235,-415,1567,1767,-484,-1817,-2687,-2307
-849,-197,1031,-833,-1249,-432,1563,1780,-498,-1823,-2680,-2308
-866,-188,1037,-829,-1261,-447,1559,1796,-506,-1822,-2673,-2309
-878,-180,1040,-823,-1268,-458,1555,1810,-511,-1815,-2665,-2308
-889,-176,1045,-820,-1275,-466,1550,1826,-515,-1810,-2657,-2304
-897,-172,1050,-819,-1282,-472,1546,1842,-516,-1800,-2645,-2298
-908,-172,1060,-821,-1294,-478,1544,1859,-518,-1790,-2631,-2293
-913,-169,1064,-819,-1299,-481,1543,1878,-522,-1780,-2615,-2285
-916,-165,1062,-812,-1298,-484,1543,1895,-529,-1774,-2601,-2276
-918,-155,1056,-797,-1295,-491,1547,1912,-538,-1768,-2586,-2266
-923,-144,1051,-785,-1295,-500,1556,1933,-544,-1759,-2565,-2253
-933,-135,1053,-777,-1303,-511,1561,1955,-548,-1757,-2543,-2239
-942,-124,1054,-767,-1310,-524,1562,1973,-550,-1757,-2524,-2227
-957,-113,1060,-762,-1325,-540,1559,1990,-550,-1757,-2505,-2219
-970,-106,1067,-760,-1340,-553,1551,2007,-548,-1759,-2488,-2210
-976,-97,1067,-753,-1345,-563,1540,2026,-547,-1766,-2472,-2202
-977,-91,1065,-748,-1347,-568,1525,2041,-550,-1773,-2460,-2194
-977,-89,1066,-746,-1349,-570,1510,2055,-558,-1784,-2456,-2188
-978,-88,1069,-748,-1354,-572,1496,2068,-571,-1803,-2457,-2185
-981,-88,1075,-753,-1362,-576,1485,2079,-584,-1826,-2463,-2184
-975,-88,1073,-754,-1360,-575,1484,2095,-594,-1845,-2467,-2186
-967,-92,1073,-758,-1357,-570,1488,2111,-604,-1869,-2471,-2191
-961,-98,1076,-767,-1358,-566,1492,2127,-617,-1899,-2477,-2200
-959,-106,1085,-781,-1364,-562,1498,2144,-633,-1931,-2488,-2210
-956,-114,1093,-795,-1370,-559,1509,2159,-649,-1954,-2498,-2225
-956,-123,1106,-814,-1381,-557,1523,2172,-663,-1973,-2503,-2241
-959,-130,1118,-831,-1393,-559,1539,2190,-675,-1987,-2503,-2255
-963,-137,1131,-848,-1406,-562,1558,2210,-686,-2000,-2502,-2268
-967,-143,1143,-865,-1419,-565,1579,2231,-694,-2011,-2502,-2281
-972,-153,1159,-886,-1434,-566,1600,2252,-701,-2022,-2501,-2292
-973,-167,1175,-910,-1446,-560,1623,2275,-703,-2031,-2498,-2299
-968,-180,1184,-929,-1449,-551,1654,2299,-698,-2029,-2492,-2302
-961,-193,1189,-944,-1448,-540,1684,2325,-692,-2026,-2485,-2303
-947,-195,1177,-941,-1431,-530,1715,2353,-683,-2017,-2473,-2299
-933,-188,1154,-923,-1405,-526,1745,2382,-670,-2003,-2457,-2291
-922,-172,1125,-896,-1378,-528,1774,2409,-656,-1986,-2441,-2281
-909,-155,1091,-862,-1344,-528,1803,2437,-640,-1966,-2421,-2268
-895,-139,1058,-831,-1312,-527,1833,2466,-624,-1945,-2399,-2256
-887,-125,1031,-803,-1285,-526,1869,2497,-608,-1919,-2376,-2245
-884,-117,1014,-785,-1269,-525,1908,2532,-594,-1897,-2354,-2236
-892,-118,1016,-785,-1273,-524,1943,2564,-590,-1886,-2341,-2230
-903,-126,1028,-796,-1284,-519,1975,2597,-591,-1880,-2334,-2227
-914,-140,1046,-814,-1301,-511,2008,2632,-591,-1870,-2332,-2226
-929,-154,1068,-833,-1322,-505,2041,2669,-590,-1859,-2333,-2228
-944,-173,1093,-858,-1345,-495,2066,2706,-590,-1854,-2337,-2231
-953,-194,1115,-880,-1363,-481,2081,2743,-586,-1852,-2345,-2236
-959,-216,1136,-903,-1379,-464,2083,2778,-578,-1854,-2357,-2243
-963,-235,1153,-921,-1391,-449,2079,2813,-560,-1857,-2368,-2246
-969,-249,1167,-934,-1403,-439,2065,2849,-538,-1860,-2377,-2249
-974,-259,1179,-943,-1413,-432,2046,2890,-506,-1853,-2383,-2248
-979,-265,1187,-947,-1421,-428,2022,2937,-465,-1843,-2384,-2244
-988,-266,1197,-949,-1435,-433,1991,2987,-419,-1837,-2385,-2240
-998,-261,1203,-946,-1447,-443,1958,3036,-368,-1829,-2382,-2235
-1011,-253,1210,-941,-1463,-460,1925,3079,-319,-1825,-2380,-2231
-1022,-240,1212,-931,-1474,-479,1892,3119,-272,-1823,-2379,-2226
-1027,-223,1205,-914,-1476,-498,1864,3163,-226,-1820,-2375,-2220
-1027,-206,1195,-895,-1474,-516,1839,3209,-185,-1816,-2372,-2218
-1026,-186,1181,-872,-1468,-535,1812,3251,-151,-1815,-2374,-2217
-1025,-166,1170,-851,-1464,-556,1781,3287,-124,-1813,-2379,-2218
-1029,-142,1158,-829,-1463,-582,1746,3316,-108,-1811,-2387,-2222
-1029,-112,1137,-798,-1454,-610,1720,3346,-88,-1796,-2388,-2224
-1031,-85,1121,-772,-1448,-638,1697,3377,-69,-1782,-2388,-2228
-1033,-64,1111,-755,-1446,-661,1671,3407,-53,-1775,-2391,-2234
-1033,-49,1105,-747,-1446,-679,1645,3438,-41,-1773,-2397,-2243
-1031,-40,1102,-743,-1445,-691,1623,3468,-32,-1770,-2403,-2252
-1027,-38,1103,-748,-1445,-696,1603,3495,-23,-1768,-2412,-2263
-1020,-37,1101,-752,-1440,-697,1580,3520,-16,-1763,-2422,-2276
-1016,-36,1101,-758,-1438,-700,1555,3544,-7,-1755,-2432,-2288
-1014,-35,1101,-763,-1436,-702,1531,3568,2,-1746,-2442,-2297
-1009,-40,1102,-772,-1431,-698,1503,3590,10,-1740,-2452,-2304
-1005,-48,1106,-785,-1428,-690,1473,3608,16,-1740,-2464,-2311
-1001,-54,1105,-794,-1421,-682,1446,3621,23,-1737,-2477,-2321
-1001,-59,1107,-803,-1418,-677,1414,3630,30,-1739,-2490,-2329
-1000,-57,1098,-800,-1407,-673,1378,3637,37,-1743,-2502,-2337
-997,-56,1088,-796,-1393,-668,1341,3641,44,-1746,-2513,-2346
-1000,-57,1083,-796,-1386,-663,1304,3641,50,-1750,-2529,-2357
-1006,-55,1079,-794,-1382,-663,1270,3639,57,-1752,-2545,-2368
-1014,-49,1072,-786,-1378,-666,1238,3632,65,-1755,-2561,-2376
-1022,-45,1065,-779,-1374,-666,1208,3622,73,-1761,-2577,-2384
-1027,-50,1066,-782,-1375,-660,1175,3611,79,-1773,-2593,-2393
-1041,-67,1087,-805,-1394,-650,1135,3596,80,-1793,-2615,-2402
-1054,-91,1115,-837,-1420,-637,1096,3581,78,-1810,-2638,-2408
-1066,-116,1144,-871,-1447,-622,1060,3566,74,-1822,-2660,-2415
-1075,-142,1173,-903,-1473,-606,1028,3549,70,-1833,-2685,-2426
-1083,-166,1200,-933,-1497,-590,995,3530,65,-1848,-2714,-2439
-1085,-187,1218,-955,-1513,-574,963,3513,63,-1863,-2744,-2453
-1082,-206,1232,-971,-1522,-557,932,3496,62,-1877,-2775,-2467
-1071,-222,1236,-980,-1522,-537,903,3482,66,-1889,-2806,-2479
-1057,-236,1238,-987,-1519,-518,874,3471,70,-1903,-2833,-2491
-1041,-247,1235,-987,-1511,-500,848,3460,71,-1917,-2859,-2500
-1022,-255,1227,-982,-1499,-483,825,3451,71,-1931,-2883,-2506
-1004,-262,1220,-979,-1488,-468,800,3441,67,-1949,-2905,-2509
-978,-273,1211,-976,-1470,-446,782,3431,60,-1963,-2920,-2511
-952,-289,1207,-981,-1455,-422,769,3419,49,-1975,-2935,-2513
-928,-303,1202,-984,-1440,-400,759,3407,33,-1983,-2946,-2513
-902,-313,1193,-983,-1421,-380,755,3398,15,-1986,-2954,-2508
-881,-325,1190,-988,-1408,-362,754,3391,-4,-1981,-2957,-2503
-865,-339,1194,-999,-1403,-348,756,3381,-26,-1976,-2957,-2499
-850,-355,1202,-1014,-1400,-332,756,3368,-52,-1970,-2958,-2495
-835,-372,1209,-1031,-1395,-315,757,3351,-78,-1959,-2959,-2491
-813,-384,1203,-1036,-1376,-298,764,3340,-94,-1937,-2954,-2485
-792,-390,1192,-1033,-1354,-285,772,3330,-107,-1916,-2947,-2482
-773,-389,1177,-1024,-1329,-279,776,3321,-121,-1902,-2939,-2480
-758,-385,1161,-1012,-1306,-277,774,3312,-132,-1895,-2933,-2478
-745,-375,1142,-994,-1282,-280,770,3303,-136,-1885,-2927,-2477
-734,-363,1121,-975,-1257,-284,767,3295,-131,-1874,-2921,-2476
-724,-346,1097,-951,-1231,-293,763,3291,-117,-1859,-2911,-2473
-716,-328,1073,-926,-1206,-303,758,3289,-96,-1842,-2900,-2468
-709,-310,1048,-900,-1181,-313,753,3290,-68,-1821,-2889,-2460
-700,-291,1021,-873,-1153,-321,744,3291,-39,-1804,-2882,-2452
-689,-275,994,-847,-1122,-325,731,3291,-12,-1792,-2880,-2445
-675,-259,963,-819,-1089,-326,718,3288,17,-1777,-2882,-2441
-665,-244,936,-794,-1061,-329,701,3285,46,-1767,-2887,-2439
-655,-225,905,-764,-1031,-332,685,3285,75,-1757,-2894,-2437
-647,-207,876,-735,-1004,-336,676,3285,104,-1747,-2899,-2437
-645,-192,856,-713,-986,-340,671,3285,127,-1738,-2906,-2439
-644,-179,838,-695,-973,-344,673,3283,150,-1723,-2912,-2440
-645,-164,821,-675,-961,-349,682,3281,169,-1707,-2919,-2443
-647,-147,801,-651,-949,-356,697,3281,188,-1697,-2926,-2450
-650,-138,789,-638,-943,-358,711,3280,204,-1700,-2931,-2458
-662,-143,801,-649,-959,-356,718,3277,213,-1714,-2939,-2469
-679,-158,828,-676,-989,-351,722,3270,218,-1725,-2949,-2482
-693,-182,862,-714,-1023,-338,726,3261,218,-1732,-2959,-2495
-704,-213,899,-758,-1057,-319,727,3248,211,-1745,-2973,-2512
-714,-243,937,-802,-1092,-300,723,3234,198,-1766,-2988,-2529
-724,-269,969,-838,-1122,-285,720,3223,186,-1783,-2998,-2541
-732,-292,999,-872,-1151,-271,718,3214,173,-1797,-3008,-2551
-735,-312,1021,-897,-1171,-257,720,3210,161,-1805,-3016,-2558
-737,-326,1038,-914,-1186,-248,720,3209,147,-1808,-3021,-2562
-734,-338,1048,-926,-1194,-237,721,3210,135,-1806,-3023,-2562
-725,-350,1052,-935,-1194,-223,722,3212,123,-1798,-3020,-2557
-715,-362,1056,-943,-1192,-210,719,3217,110,-1788,-3012,-2547
-701,-367,1050,-940,-1182,-200,718,3225,100,-1776,-2999,-2533
-689,-370,1044,-936,-1172,-193,714,3231,93,-1766,-2984,-2518
-675,-374,1038,-933,-1160,-186,705,3235,87,-1760,-2967,-2503
-656,-378,1026,-927,-1141,-175,691,3238,83,-1754,-2950,-2490
-636,-384,1016,-924,-1121,-162,673,3239,81,-1748,-2931,-2478
-616,-394,1010,-925,-1103,-148,653,3238,80,-1743,-2914,-2466
-597,-406,1005,-929,-1087,-133,633,3236,81,-1740,-2900,-2457
-583,-416,1003,-934,-1074,-122,612,3233,83,-1732,-2889,-2451
-564,-422,992,-930,-1052,-110,600,3236,96,-1713,-2873,-2444
-544,-429,980,-928,-1028,-97,588,3239,115,-1696,-2860,-2438
-524,-435,968,-924,-1004,-85,569,3242,137,-1684,-2847,-2433
-507,-440,956,-920,-981,-74,545,3244,161,-1677,-2831,-2428
-494,-441,943,-913,-961,-68,519,3246,194,-1666,-2814,-2423
-482,-444,933,-909,-943,-63,489,3249,235,-1652,-2797,-2417
-466,-443,916,-899,-917,-55,457,3252,282,-1635,-2778,-2408
-451,-437,895,-882,-889,-51,422,3251,331,-1623,-2762,-2399
-441,-424,870,-858,-863,-54,384,3249,380,-1612,-2750,-2391
-430,-408,843,-832,-836,-59,347,3248,428,-1606,-2740,-2381
-417,-396,818,-809,-808,-57,310,3246,469,-1602,-2734,-2372
-401,-388,793,-789,-778,-50,281,3243,505,-1593,-2729,-2365
-392,-382,777,-776,-761,-46,254,3237,532,-1589,-2728,-2361
-389,-369,761,-758,-747,-50,233,3232,548,-1585,-2731,-2358
-392,-353,748,-741,-740,-59,217,3226,555,-1582,-2737,-2355
-400,-337,740,-726,-740,-70,202,3214,553,-1582,-2748,-2354
-406,-317,727,-705,-736,-82,190,3201,547,-1581,-2761,-2352
-409,-297,711,-682,-729,-93,183,3192,536,-1573,-2774,-2352
-411,-279,696,-661,-721,-100,183,3185,521,-1565,-2784,-2352
-414,-264,685,-644,-718,-107,181,3177,504,-1566,-2794,-2352
-427,-258,692,-644,-733,-114,173,3166,478,-1578,-2807,-2354
-441,-259,708,-655,-755,-117,162,3156,446,-1593,-2821,-2355
-450,-270,728,-675,-778,-110,154,3147,415,-1599,-2829,-2354
-452,-289,749,-701,-796,-93,148,3138,385,-1601,-2834,-2354
-450,-318,775,-736,-815,-67,136,3130,356,-1601,-2836,-2348
-444,-349,800,-772,-830,-38,121,3123,327,-1600,-2836,-2338
-440,-380,826,-808,-847,-10,104,3116,298,-1601,-2836,-2328
-433,-407,845,-836,-857,16,89,3108,268,-1602,-2836,-2319
-424,-432,858,-859,-862,43,75,3101,239,-1599,-2837,-2308
-417,-450,867,-876,-864,62,64,3096,212,-1596,-2836,-2297
-413,-464,874,-887,-866,76,54,3091,189,-1593,-2837,-2283
-412,-476,881,-899,-870,86,41,3087,166,-1597,-2840,-2266
-407,-485,882,-904,-867,96,32,3085,149,-1597,-2841,-2247
-403,-493,882,-908,-863,103,25,3082,137,-1593,-2841,-2227
-398,-497,876,-906,-854,108,16,3082,131,-1585,-2838,-2204
-387,-494,859,-893,-834,111,8,3083,129,-1574,-2830,-2179
-375,-492,841,-880,-811,115,-3,3080,131,-1562,-2823,-2156
-365,-492,829,-872,-794,118,-15,3078,137,-1548,-2814,-2132
-360,-493,823,-870,-784,118,-35,3074,145,-1538,-2806,-2110
-352,-497,817,-869,-773,121,-57,3067,158,-1530,-2799,-2089
-332,-497,797,-857,-744,129,-73,3064,182,-1517,-2784,-2069
-311,-495,772,-841,-712,136,-90,3062,212,-1509,-2768,-2050
-291,-486,746,-819,-680,137,-110,3059,244,-1504,-2751,-2034
-274,-475,720,-796,-650,134,-137,3054,278,-1509,-2735,-2025
-260,-458,691,-767,-621,126,-164,3049,312,-1513,-2718,-2021
-249,-442,667,-742,-598,116,-193,3042,346,-1520,-2704,-2020
-242,-425,647,-719,-579,104,-218,3033,381,-1526,-2686,-2019
-237,-414,635,-705,-569,93,-240,3020,412,-1531,-2670,-2018
-233,-408,629,-699,-563,86,-258,3007,439,-1534,-2654,-2015
-232,-405,629,-698,-563,80,-268,2990,459,-1535,-2638,-2010
-236,-403,634,-701,-570,72,-268,2969,470,-1532,-2622,-2003
-237,-399,635,-700,-572,65,-253,2947,475,-1520,-2604,-1994
-238,-395,636,-699,-575,60,-226,2921,468,-1511,-2588,-1987
-234,-391,630,-693,-571,57,-185,2896,454,-1499,-2570,-1976
-228,-388,624,-688,-564,59,-130,2875,435,-1480,-2549,-1963
-223,-388,622,-686,-562,63,-70,2855,412,-1460,-2528,-1952
-215,-388,615,-682,-554,69,-2,2837,388,-1438,-2506,-1938
-201,-388,603,-673,-539,80,70,2820,363,-1411,-2479,-1918
-181,-384,580,-656,-513,94,147,2807,340,-1380,-2445,-1894
-156,-379,550,-632,-478,111,223,2800,315,-1350,-2405,-1864
-136,-376,527,-613,-450,127,297,2793,285,-1326,-2366,-1830
-117,-373,504,-596,-424,143,373,2787,251,-1302,-2328,-1797
-100,-371,484,-580,-400,159,452,2779,212,-1280,-2291,-1763
-85,-372,468,-569,-380,176,533,2768,169,-1259,-2258,-1730
-73,-377,458,-564,-365,194,609,2754,119,-1248,-2228,-1701
-63,-379,446,-556,-351,208,676,2735,67,-1242,-2201,-1676
-60,-380,440,-551,-344,218,730,2712,15,-1243,-2180,-1653
-61,-379,437,-546,-342,223,774,2689,-33,-1249,-2163,-1632
-68,-378,437,-544,-345,225,807,2664,-78,-1259,-2148,-1614
-80,-374,441,-542,-353,220,832,2637,-119,-1267,-2137,-1597
-101,-365,447,-538,-370,206,850,2610,-156,-1274,-2131,-1579
-128,-356,462,-541,-396,187,857,2582,-191,-1287,-2126,-1561
-154,-352,479,-548,-421,172,862,2552,-220,-1296,-2120,-1544
-176,-356,502,-565,-450,164,865,2520,-248,-1305,-2114,-1530
-193,-365,525,-585,-474,162,871,2493,-271,-1311,-2106,-1516
-204,-371,539,-597,-488,160,880,2476,-289,-1312,-2092,-1500
-215,-374,552,-607,-502,157,886,2463,-299,-1309,-2075,-1483
-225,-378,565,-618,-516,152,885,2450,-300,-1303,-2057,-1466
-232,-383,576,-628,-527,150,871,2438,-290,-1295,-2038,-1449
-234,-385,582,-633,-533,147,849,2427,-264,-1281,-2015,-1428
-224,-380,568,-620,-517,147,818,2421,-218,-1259,-1985,-1404
-209,-371,547,-600,-493,146,774,2416,-158,-1240,-1954,-1384
-196,-357,522,-574,-469,139,716,2412,-89,-1225,-1920,-1366
-186,-340,499,-549,-448,128,649,2409,-14,-1211,-1886,-1349
-173,-322,473,-520,-423,117,582,2403,67,-1192,-1849,-1336
-162,-304,449,-494,-401,105,516,2397,152,-1176,-1809,-1324
-150,-286,425,-468,-379,93,457,2394,238,-1158,-1767,-1310
-136,-275,405,-449,-357,87,406,2395,322,-1139,-1726,-1296
-116,-268,385,-433,-332,87,362,2399,401,-1117,-1687,-1284
-98,-261,364,-417,-307,87,328,2404,474,-1098,-1650,-1271
-82,-256,349,-405,-288,86,305,2407,537,-1079,-1616,-1258
-65,-253,333,-395,-267,89,292,2409,592,-1055,-1585,-1246
-49,-255,323,-392,-250,95,283,2408,635,-1034,-1558,-1236
-30,-257,308,-385,-229,104,280,2407,671,-1013,-1534,-1223
-17,-257,297,-379,-213,109,282,2403,699,-998,-1515,-1210
-14,-256,294,-378,-209,109,282,2395,718,-993,-1503,-1201
-13,-254,292,-376,-207,107,285,2389,733,-992,-1495,-1192
-13,-249,286,-371,-203,105,289,2384,747,-994,-1492,-1185
-15,-243,280,-363,-199,100,291,2379,759,-999,-1489,-1178
-16,-239,276,-358,-197,100,290,2372,769,-1007,-1486,-1170
-24,-243,285,-366,-207,102,282,2360,770,-1027,-1486,-1163
-32,-250,296,-377,-218,107,273,2345,763,-1050,-1488,-1157
-41,-257,307,-389,-231,112,269,2333,757,-1066,-1489,-1151
-48,-264,318,-400,-242,118,266,2324,752,-1077,-1490,-1143
-53,-275,329,-412,-252,130,262,2318,747,-1086,-1490,-1132
-51,-288,335,-423,-254,148,258,2314,743,-1092,-1488,-1117
-48,-301,341,-433,-255,167,256,2313,739,-1095,-1482,-1100
-46,-310,344,-439,-255,183,256,2318,736,-1092,-1473,-1081
-44,-316,344,-440,-253,195,258,2325,733,-1089,-1463,-1063
-43,-317,340,-436,-250,204,263,2333,729,-1079,-1451,-1042
-44,-311,332,-424,-245,206,270,2345,725,-1070,-1434,-1018
-51,-302,328,-413,-247,201,273,2359,720,-1069,-1418,-992
-60,-287,319,-395,-248,191,274,2375,715,-1066,-1401,-966
-69,-270,310,-376,-248,178,272,2389,705,-1070,-1387,-938
-75,-255,298,-357,-245,168,274,2405,696,-1074,-1374,-908
-72,-243,283,-337,-234,164,278,2425,692,-1077,-1357,-876
-67,-243,277,-332,-227,169,286,2445,689,-1083,-1341,-847
-57,-255,278,-340,-221,185,294,2464,683,-1093,-1325,-820
-43,-273,284,-356,-216,206,303,2482,680,-1103,-1310,-796
-30,-289,288,-369,-212,223,316,2502,682,-1108,-1297,-771
-15,-291,276,-363,-194,233,336,2527,690,-1104,-1278,-743
0,-284,257,-345,-173,233,359,2553,703,-1098,-1257,-717
14,-268,230,-318,-147,227,387,2579,717,-1094,-1235,-696
27,-249,201,-287,-120,216,419,2604,727,-1095,-1214,-679
36,-226,173,-254,-95,201,457,2626,735,-1097,-1196,-666
39,-204,152,-228,-80,180,499,2644,737,-1101,-1179,-658
37,-181,136,-204,-72,156,542,2660,736,-1105,-1164,-654
29,-158,126,-184,-71,128,582,2671,735,-1115,-1154,-650
17,-136,122,-169,-77,97,622,2678,733,-1127,-1146,-648
8,-120,120,-160,-82,73,665,2682,728,-1139,-1139,-645
0,-108,121,-154,-88,53,710,2684,724,-1147,-1132,-640
-5,-95,119,-147,-90,35,761,2685,726,-1142,-1124,-638
-10,-84,118,-141,-93,18,811,2684,728,-1142,-1118,-634
-11,-73,113,-132,-89,4,863,2686,729,-1139,-1110,-629
-10,-64,107,-124,-85,-4,915,2687,729,-1132,-1102,-624
-13,-57,108,-122,-87,-13,965,2688,726,-1126,-1097,-621
-18,-50,110,-120,-91,-23,1015,2692,724,-1119,-1093,-617
-20,-44,109,-116,-92,-28,1063,2695,719,-1114,-1091,-613
-18,-37,102,-108,-85,-30,1107,2700,712,-1109,-1090,-608
-13,-33,95,-101,-77,-26,1149,2706,704,-1103,-1086,-601
-13,-37,99,-106,-80,-20,1180,2709,689,-1106,-1084,-592
-14,-45,107,-116,-85,-9,1205,2711,666,-1113,-1081,-580
-18,-52,117,-127,-94,-1,1226,2712,638,-1122,-1080,-573
-27,-57,128,-136,-106,5,1242,2714,609,-1134,-1083,-567
-39,-62,141,-147,-123,9,1247,2718,579,-1149,-1090,-558
-52,-65,153,-155,-137,12,1243,2720,548,-1164,-1101,-548
-64,-70,165,-165,-153,17,1234,2721,514,-1181,-1114,-538
-78,-76,178,-175,-169,21,1226,2723,483,-1199,-1126,-527
-93,-83,194,-188,-189,24,1220,2727,453,-1219,-1135,-517
-110,-90,210,-202,-210,25,1215,2730,422,-1238,-1144,-510
-125,-96,225,-213,-229,26,1210,2732,392,-1257,-1154,-501
-141,-102,240,-225,-249,26,1202,2735,360,-1284,-1169,-492
-151,-108,250,-233,-262,28,1195,2739,330,-1310,-1184,-482
-161,-118,263,-247,-277,31,1188,2740,297,-1340,-1198,-480
-174,-127,280,-263,-297,31,1180,2741,264,-1373,-1212,-481
-186,-135,296,-277,-316,29,1176,2746,234,-1400,-1224,-477
-199,-142,313,-292,-337,25,1173,2750,203,-1422,-1236,-472
-211,-151,332,-310,-358,20,1171,2753,169,-1442,-1248,-465
-219,-162,351,-328,-377,18,1169,2758,134,-1458,-1262,-457
-225,-168,364,-341,-391,14,1170,2760,96,-1465,-1276,-447
-222,-168,361,-339,-388,10,1180,2768,63,-1458,-1284,-436
-216,-163,353,-331,-381,3,1197,2778,37,-1447,-1290,-425
-212,-154,344,-319,-373,-9,1215,2789,15,-1438,-1295,-416
-209,-146,335,-309,-366,-22,1226,2800,-8,-1435,-1300,-408
-204,-140,329,-302,-360,-33,1236,2810,-31,-1431,-1301,-404
-202,-135,327,-299,-359,-45,1246,2821,-51,-1426,-1300,-399
-197,-133,326,-298,-355,-53,1257,2833,-68,-1420,-1301,-396
-194,-136,330,-304,-356,-60,1266,2843,-86,-1419,-1304,-396
-194,-136,335,-310,-360,-69,1273,2855,-105,-1421,-1306,-398
-192,-133,335,-309,-358,-79,1283,2870,-121,-1419,-1305,-396
-184,-127,325,-300,-345,-85,1298,2887,-132,-1413,-1300,-389
-169,-120,305,-284,-321,-87,1320,2906,-135,-1396,-1291,-380
-158,-111,289,-268,-302,-92,1343,2923,-135,-1379,-1283,-369
-152,-95,270,-246,-283,-103,1366,2941,-134,-1363,-1274,-357
-152,-76,252,-222,-270,-117,1388,2956,-136,-1353,-1267,-349
-161,-55,240,-200,-267,-139,1406,2967,-143,-1350,-1267,-346
-175,-29,228,-175,-266,-165,1425,2978,-153,-1350,-1269,-345
-189,-3,216,-150,-266,-189,1447,2988,-164,-1352,-1273,-345
-207,21,208,-128,-270,-213,1473,2997,-176,-1358,-1276,-349
-225,38,208,-116,-280,-230,1498,3008,-190,-1372,-1278,-351
-250,44,225,-123,-306,-243,1518,3017,-211,-1394,-1286,-354
-276,43,248,-137,-337,-252,1534,3022,-241,-1417,-1297,-360
-300,42,270,-151,-367,-258,1549,3025,-278,-1438,-1311,-371
-322,42,290,-163,-393,-262,1562,3026,-315,-1460,-1326,-383
-341,37,310,-178,-418,-261,1573,3027,-356,-1486,-1343,-397
-354,30,327,-192,-438,-255,1587,3031,-396,-1507,-1360,-413
-362,20,343,-208,-455,-243,1601,3036,-432,-1521,-1375,-427
-363,11,349,-216,-461,-228,1619,3043,-468,-1529,-1384,-438
-358,2,350,-221,-459,-210,1639,3052,-504,-1540,-1389,-448
-357,-3,351,-223,-460,-197,1660,3060,-537,-1550,-1393,-457
-357,-5,352,-225,-463,-188,1682,3066,-573,-1562,-1399,-466
-362,-10,359,-233,-472,-182,1699,3072,-613,-1584,-1407,-476
-364,-16,365,-240,-480,-175,1721,3080,-653,-1601,-1412,-483
-368,-24,375,-252,-491,-169,1748,3091,-690,-1615,-1415,-488
-372,-31,386,-265,-503,-165,1775,3102,-724,-1630,-1418,-492
-373,-37,391,-273,-509,-162,1801,3115,-756,-1641,-1417,-494
-377,-42,399,-284,-519,-163,1822,3125,-789,-1648,-1413,-496
-384,-49,413,-299,-535,-167,1838,3131,-821,-1656,-1411,-497
-397,-52,430,-315,-557,-179,1848,3135,-856,-1668,-1412,-498
-413,-49,443,-324,-578,-199,1852,3135,-892,-1678,-1416,-498
-424,-36,443,-318,-587,-223,1859,3136,-927,-1682,-1416,-496
-432,-25,441,-312,-593,-246,1866,3136,-963,-1689,-1419,-497
-437,-13,436,-302,-595,-269,1876,3137,-1000,-1700,-1424,-500
-438,0,427,-290,-590,-289,1888,3139,-1038,-1714,-1427,-505
-437,15,414,-273,-582,-311,1905,3139,-1076,-1728,-1432,-513
-439,33,400,-253,-576,-336,1927,3138,-1113,-1749,-1440,-525
-439,53,384,-231,-566,-362,1954,3136,-1147,-1766,-1448,-540
-438,69,370,-211,-556,-382,1985,3131,-1178,-1782,-1455,-557
-433,83,355,-192,-543,-399,2018,3128,-1205,-1795,-1462,-574
-425,94,339,-174,-527,-410,2050,3126,-1230,-1803,-1468,-589
-416,103,324,-158,-511,-417,2084,3127,-1249,-1805,-1472,-600
-399,111,302,-138,-485,-417,2124,3131,-1261,-1795,-1470,-609
-383,113,286,-125,-463,-412,2165,3137,-1268,-1787,-1467,-620
-368,112,274,-116,-443,-403,2206,3145,-1274,-1781,-1463,-630
-358,106,270,-116,-432,-393,2245,3153,-1285,-1774,-1463,-646
-357,100,275,-122,-432,-387,2276,3155,-1302,-1772,-1469,-663
-359,97,279,-126,-433,-381,2304,3157,-1322,-1771,-1476,-678
-362,97,281,-126,-433,-377,2330,3160,-1344,-1771,-1483,-691
-366,97,282,-125,-432,-372,2359,3165,-1362,-1773,-1488,-704
-365,93,281,-126,-427,-359,2387,3173,-1380,-1776,-1490,-712
-369,87,288,-134,-430,-347,2407,3177,-1402,-1785,-1492,-718
-375,83,294,-140,-434,-336,2422,3182,-1425,-1799,-1493,-723
-382,83,297,-142,-437,-328,2436,3188,-1446,-1809,-1493,-727
-390,86,297,-139,-439,-322,2447,3193,-1466,-1816,-1491,-731
-398,87,300,-141,-442,-314,2453,3198,-1485,-1824,-1489,-735
-405,89,301,-141,-445,-307,2460,3206,-1500,-1829,-1484,-738
-415,93,304,-141,-452,-304,2470,3219,-1512,-1833,-1477,-741
-427,98,308,-141,-462,-304,2482,3236,-1519,-1833,-1467,-742
-440,100,316,-145,-476,-304,2494,3252,-1522,-1831,-1456,-741
-456,105,324,-149,-493,-309,2504,3262,-1524,-1827,-1445,-741
-473,112,332,-150,-509,-317,2514,3272,-1525,-1823,-1432,-740
-490,120,340,-152,-529,-328,2522,3283,-1526,-1824,-1415,-739
-504,130,344,-149,-543,-340,2534,3297,-1524,-1821,-1395,-736
-520,140,351,-149,-561,-355,2550,3311,-1524,-1820,-1376,-734
-537,149,359,-148,-581,-373,2565,3330,-1524,-1820,-1359,-731
-543,159,356,-141,-587,-385,2585,3355,-1520,-1820,-1340,-726
-543,164,354,-137,-589,-392,2606,3383,-1515,-1818,-1322,-721
-543,165,355,-137,-594,-398,2626,3415,-1507,-1813,-1303,-715
-543,163,360,-142,-601,-403,2641,3448,-1501,-1806,-1284,-712
-543,161,367,-149,-610,-410,2653,3477,-1496,-1797,-1265,-711
-536,160,363,-147,-607,-413,2666,3506,-1489,-1782,-1244,-710
-528,160,360,-144,-603,-419,2674,3529,-1484,-1772,-1222,-715
-525,163,358,-141,-602,-429,2673,3547,-1482,-1774,-1205,-724
-520,164,357,-139,-600,-437,2669,3559,-1484,-1783,-1193,-736
-514,167,352,-134,-595,-446,2669,3567,-1487,-1795,-1184,-753
-510,171,350,-130,-592,-457,2669,3570,-1488,-1812,-1178,-774
-507,174,348,-126,-588,-467,2669,3572,-1485,-1830,-1172,-796
-505,176,349,-124,-587,-477,2666,3571,-1479,-1845,-1169,-818
-501,176,350,-125,-585,-483,2662,3569,-1469,-1853,-1168,-841
-496,173,351,-128,-581,-485,2658,3564,-1459,-1862,-1167,-864
-494,172,355,-131,-581,-489,2651,3556,-1450,-1872,-1166,-887
-491,172,354,-129,-576,-493,2645,3545,-1443,-1878,-1165,-913
-492,171,358,-133,-577,-496,2635,3528,-1440,-1887,-1168,-942
-489,171,356,-132,-571,-496,2621,3509,-1437,-1894,-1172,-973
-489,175,352,-127,-565,-500,2602,3490,-1433,-1900,-1176,-1005
-493,179,352,-124,-566,-505,2578,3469,-1430,-1904,-1182,-1038
-494,179,352,-124,-563,-504,2553,3448,-1427,-1908,-1188,-1069
-490,175,349,-125,-556,-495,2526,3427,-1425,-1912,-1192,-1097
-487,171,346,-125,-550,-486,2502,3409,-1422,-1914,-1193,-1121
-485,164,347,-130,-546,-474,2478,3396,-1417,-1919,-1190,-1142
-490,151,359,-145,-555,-463,2442,3380,-1416,-1933,-1190,-1164
-496,138,372,-163,-567,-450,2400,3365,-1415,-1947,-1190,-1183
-500,124,383,-178,-575,-435,2359,3352,-1412,-1953,-1189,-1198
-503,112,390,-190,-580,-420,2321,3339,-1408,-1955,-1187,-1207
-504,104,393,-195,-582,-407,2282,3328,-1402,-1958,-1186,-1213
-502,102,386,-191,-576,-396,2244,3318,-1394,-1960,-1183,-1214
-497,102,375,-182,-566,-384,2207,3309,-1385,-1961,-1181,-1213
-488,105,357,-167,-549,-373,2170,3303,-1372,-1957,-1177,-1209
-477,109,336,-149,-529,-360,2137,3301,-1354,-1954,-1172,-1203
-466,115,315,-129,-510,-352,2109,3301,-1335,-1952,-1168,-1198
-458,121,297,-112,-494,-345,2088,3302,-1317,-1953,-1166,-1193
-452,125,284,-100,-485,-341,2065,3307,-1301,-1964,-1165,-1187
-444,134,267,-81,-471,-339,2050,3313,-1281,-1972,-1162,-1180
-438,140,253,-67,-460,-338,2040,3319,-1262,-1978,-1157,-1173
-433,147,243,-55,-452,-339,2032,3325,-1242,-1979,-1150,-1165
-426,158,226,-35,-440,-343,2027,3334,-1219,-1978,-1139,-1155
-419,165,213,-21,-429,-345,2030,3344,-1193,-1975,-1128,-1145
-406,161,207,-20,-418,-336,2042,3353,-1168,-1964,-1114,-1132
-392,148,210,-29,-413,-323,2056,3364,-1147,-1948,-1098,-1115
-380,132,218,-45,-412,-309,2074,3374,-1126,-1926,-1084,-1098
-361,119,218,-53,-401,-293,2104,3385,-1104,-1898,-1064,-1079
-341,106,216,-61,-387,-277,2139,3395,-1082,-1871,-1043,-1063
-325,100,211,-62,-372,-268,2173,3401,-1065,-1851,-1024,-1049
-310,101,200,-55,-355,-266,2205,3405,-1053,-1834,-1004,-1039
-294,108,182,-40,-332,-267,2238,3404,-1044,-1813,-983,-1029
-279,120,161,-19,-306,-272,2271,3402,-1034,-1793,-959,-1020
-266,139,134,10,-278,-282,2306,3403,-1023,-1772,-933,-1010
-257,157,111,35,-254,-294,2337,3407,-1011,-1748,-907,-999
-244,174,86,61,-226,-303,2365,3411,-999,-1724,-883,-989
-226,191,54,90,-191,-306,2394,3416,-986,-1698,-861,-979
-206,207,22,120,-153,-308,2422,3425,-970,-1670,-838,-965
-185,219,-11,147,-114,-305,2455,3438,-949,-1632,-812,-949
-168,225,-33,163,-85,-300,2485,3453,-929,-1599,-788,-934
-149,228,-54,177,-56,-290,2513,3467,-907,-1565,-764,-919
-127,226,-74,187,-25,-275,2537,3480,-887,-1534,-745,-906
-107,217,-87,188,0,-253,2557,3488,-868,-1508,-731,-892
-86,205,-98,186,23,-230,2575,3492,-850,-1488,-723,-879
-66,191,-108,182,45,-204,2593,3493,-833,-1475,-718,-868
-47,173,-113,173,64,-175,2613,3489,-816,-1466,-713,-859
-28,152,-116,161,80,-143,2629,3484,-799,-1462,-707,-856
-15,123,-105,135,83,-109,2635,3473,-789,-1471,-709,-857
-1,89,-91,104,84,-71,2634,3458,-783,-1483,-716,-860
13,57,-79,76,85,-33,2627,3438,-779,-1492,-726,-867
29,30,-73,55,91,2,2614,3415,-777,-1498,-737,-875
45,5,-70,38,98,36,2601,3396,-775,-1502,-747,-881
62,-16,-71,28,110,68,2590,3381,-772,-1498,-750,-882
79,-35,-74,19,121,98,2580,3364,-769,-1491,-749,-881
92,-49,-77,14,129,122,2571,3348,-768,-1482,-746,-878
100,-57,-79,12,132,137,2562,3336,-768,-1474,-745,-877
105,-64,-78,10,132,148,2556,3325,-770,-1461,-746,-878
110,-70,-77,7,130,157,2550,3317,-772,-1447,-748,-880
112,-77,-71,0,123,164,2539,3309,-777,-1442,-752,-878
118,-86,-65,-8,119,174,2531,3302,-782,-1432,-755,-875
125,-102,-52,-25,112,188,2523,3292,-790,-1423,-759,-872
134,-121,-38,-46,104,204,2515,3282,-798,-1412,-761,-867
149,-137,-31,-59,106,221,2509,3273,-805,-1401,-758,-859
164,-147,-29,-66,111,234,2502,3263,-812,-1389,-754,-851
180,-156,-28,-72,118,245,2496,3251,-817,-1375,-748,-841
197,-161,-32,-71,129,253,2489,3236,-820,-1362,-743,-829
211,-158,-41,-63,143,254,2488,3222,-820,-1341,-735,-814
231,-146,-65,-38,171,253,2496,3213,-813,-1307,-719,-795
253,-132,-92,-11,204,251,2507,3205,-800,-1269,-700,-774
271,-119,-116,14,233,248,2517,3198,-788,-1237,-680,-752
285,-108,-135,34,257,243,2529,3196,-773,-1212,-662,-732
297,-95,-156,56,281,236,2547,3197,-754,-1183,-647,-716
305,-81,-174,78,302,226,2567,3195,-735,-1158,-634,-707
306,-64,-189,99,317,211,2587,3192,-718,-1138,-627,-701
294,-50,-192,110,316,190,2604,3188,-704,-1123,-625,-698
275,-41,-183,109,303,169,2620,3184,-693,-1112,-631,-698
254,-39,-166,98,283,151,2636,3180,-684,-1105,-640,-700
230,-40,-146,82,258,136,2650,3176,-676,-1102,-654,-705
206,-35,-132,75,239,118,2670,3171,-666,-1094,-667,-711
179,-28,-119,70,218,97,2686,3165,-659,-1095,-681,-720
157,-15,-117,76,206,77,2700,3161,-654,-1095,-696,-727
137,3,-124,90,202,56,2710,3155,-651,-1095,-713,-735
116,23,-130,106,195,34,2714,3143,-652,-1094,-732,-741
96,45,-141,127,191,11,2716,3130,-652,-1090,-750,-744
79,71,-157,152,191,-11,2711,3113,-651,-1083,-768,-748
62,95,-172,177,190,-32,2696,3090,-650,-1075,-785,-752
45,121,-187,201,187,-54,2666,3059,-652,-1072,-799,-755
21,143,-191,217,173,-78,2618,3020,-660,-1075,-815,-756
-1,164,-195,231,157,-101,2561,2977,-667,-1077,-829,-752
-17,182,-200,245,146,-118,2497,2929,-672,-1075,-843,-746
-30,197,-205,257,135,-131,2426,2877,-679,-1076,-859,-739
-41,203,-202,258,120,-137,2350,2825,-685,-1077,-873,-729
-43,198,-195,249,108,-131,2275,2773,-691,-1075,-886,-716
-36,183,-187,234,101,-113,2199,2720,-696,-1072,-899,-701
-23,166,-184,220,102,-90,2121,2668,-702,-1067,-910,-686
-1,146,-185,208,111,-61,2046,2619,-704,-1057,-917,-670
23,129,-190,201,126,-32,1972,2572,-704,-1044,-923,-653
54,113,-204,200,151,0,1902,2525,-702,-1033,-928,-634
87,96,-218,199,178,32,1829,2478,-706,-1032,-934,-613
122,84,-238,206,211,62,1756,2431,-709,-1029,-940,-590
154,70,-255,210,242,91,1682,2383,-717,-1033,-947,-572
189,53,-271,211,274,123,1613,2332,-731,-1045,-957,-557
231,32,-289,211,313,161,1554,2286,-743,-1055,-966,-541
272,6,-300,203,348,202,1501,2240,-757,-1061,-975,-526
312,-26,-305,188,379,246,1450,2191,-776,-1069,-985,-514
349,-59,-306,168,406,288,1402,2141,-799,-1080,-999,-502
378,-88,-303,150,427,322,1361,2089,-823,-1087,-1012,-490
407,-104,-313,148,457,347,1331,2040,-840,-1082,-1021,-479
431,-111,-327,155,486,361,1308,1994,-856,-1074,-1028,-470
448,-113,-340,164,511,369,1290,1949,-870,-1068,-1033,-460
460,-114,-348,171,530,372,1270,1901,-886,-1064,-1037,-452
464,-112,-351,175,540,367,1254,1852,-903,-1058,-1043,-447
457,-110,-344,173,536,357,1238,1800,-923,-1058,-1052,-444
444,-109,-331,165,524,343,1224,1746,-943,-1060,-1062,-443
425,-109,-311,152,503,325,1209,1689,-965,-1066,-1074,-443
403,-106,-291,141,479,305,1195,1635,-986,-1072,-1089,-443
386,-102,-279,134,464,288,1183,1582,-1002,-1072,-1099,-443
376,-96,-275,135,457,275,1172,1528,-1015,-1070,-1107,-443
372,-88,-281,142,461,265,1165,1472,-1024,-1064,-1112,-444
363,-78,-285,149,459,251,1155,1414,-1034,-1067,-1119,-449
354,-63,-292,161,459,236,1143,1355,-1045,-1074,-1127,-453
345,-49,-300,173,457,221,1130,1291,-1056,-1082,-1137,-460
334,-37,-304,180,452,207,1112,1224,-1068,-1092,-1153,-470
326,-25,-310,189,450,196,1094,1158,-1079,-1101,-1172,-477
319,-9,-321,203,450,184,1074,1094,-1086,-1111,-1194,-486
315,6,-335,218,453,175,1052,1032,-1091,-1126,-1217,-498
314,17,-346,229,457,171,1025,970,-1095,-1142,-1240,-511
304,20,-342,224,444,168,987,905,-1103,-1166,-1268,-525
295,17,-330,209,426,170,948,841,-1114,-1191,-1297,-538
291,4,-314,187,409,181,909,781,-1125,-1209,-1324,-550
293,-15,-298,161,396,202,874,724,-1134,-1222,-1351,-559
299,-37,-283,132,386,227,845,672,-1144,-1230,-1377,-565
311,-60,-271,106,383,256,822,627,-1151,-1232,-1399,-567
327,-86,-261,81,384,290,804,585,-1158,-1233,-1420,-567
352,-112,-260,61,396,330,793,548,-1167,-1231,-1440,-567
382,-137,-263,45,416,373,788,518,-1177,-1227,-1460,-569
413,-168,-263,25,435,418,788,494,-1188,-1215,-1479,-569
446,-201,-261,2,454,467,791,472,-1201,-1205,-1495,-568
475,-235,-256,-22,469,512,789,451,-1220,-1210,-1515,-567
500,-258,-258,-34,488,547,789,430,-1242,-1215,-1532,-564
520,-272,-263,-39,504,571,790,405,-1270,-1221,-1546,-564
535,-279,-270,-36,520,587,790,379,-1301,-1234,-1562,-568
554,-281,-286,-24,545,602,789,354,-1334,-1250,-1577,-574
572,-284,-300,-13,568,615,791,327,-1368,-1268,-1592,-582
587,-287,-311,-3,589,625,793,297,-1404,-1290,-1609,-590
600,-288,-321,7,606,631,793,266,-1438,-1313,-1627,-599
613,-287,-334,21,625,635,792,234,-1470,-1331,-1646,-608
632,-277,-359,49,657,636,797,208,-1491,-1334,-1659,-611
651,-264,-388,81,692,635,801,183,-1504,-1333,-1667,-610
669,-249,-418,116,726,630,800,158,-1512,-1332,-1671,-608
684,-233,-445,150,756,622,790,132,-1517,-1331,-1673,-606
694,-215,-469,182,782,610,779,103,-1520,-1325,-1673,-607
697,-196,-487,211,797,591,765,72,-1520,-1319,-1675,-610
695,-175,-501,237,807,569,750,42,-1516,-1310,-1680,-615
688,-158,-508,257,807,545,731,9,-1513,-1301,-1685,-620
674,-142,-506,268,797,517,711,-23,-1509,-1293,-1688,-628
652,-127,-496,274,777,486,687,-57,-1504,-1292,-1692,-636
622,-112,-478,273,745,449,659,-93,-1500,-1297,-1699,-647
590,-95,-462,274,712,411,633,-129,-1495,-1296,-1706,-661
555,-80,-441,270,674,373,607,-167,-1492,-1298,-1713,-678
517,-64,-419,265,633,334,582,-205,-1488,-1299,-1720,-694
473,-47,-391,257,583,291,555,-247,-1490,-1307,-1731,-716
420,-28,-359,246,525,243,528,-291,-1498,-1322,-1750,-743
361,-2,-328,240,463,187,502,-333,-1507,-1339,-1771,-771
303,27,-301,238,404,131,480,-371,-1515,-1356,-1795,-799
247,57,-277,239,348,78,465,-403,-1521,-1369,-1817,-825
197,84,-259,241,300,31,459,-429,-1526,-1383,-1836,-850
144,103,-230,230,244,-10,455,-455,-1535,-1404,-1862,-878
95,116,-198,213,187,-44,451,-481,-1548,-1430,-1892,-907
47,125,-165,193,131,-73,450,-509,-1563,-1454,-1923,-937
0,131,-130,169,73,-100,452,-539,-1579,-1479,-1953,-965
-48,136,-93,143,15,-125,454,-569,-1596,-1507,-1980,-988
-93,144,-62,124,-38,-152,457,-598,-1614,-1534,-2005,-1007
-138,156,-36,112,-86,-181,460,-626,-1632,-1560,-2025,-1022
-177,169,-15,104,-127,-207,466,-651,-1647,-1584,-2039,-1034
-211,179,5,95,-163,-229,474,-675,-1660,-1604,-2049,-1043
-242,188,23,86,-196,-248,483,-696,-1670,-1621,-2059,-1049
-270,198,37,83,-224,-268,493,-714,-1678,-1635,-2069,-1051
-299,209,53,78,-252,-288,496,-733,-1690,-1653,-2078,-1052
-324,218,67,76,-276,-307,496,-755,-1703,-1667,-2086,-1052
-350,224,87,67,-305,-325,492,-782,-1718,-1680,-2096,-1053
-380,228,112,55,-339,-346,483,-813,-1734,-1694,-2106,-1056
-405,234,132,47,-366,-366,466,-849,-1751,-1713,-2116,-1059
-428,237,155,37,-393,-384,441,-892,-1772,-1739,-2127,-1065
-454,236,183,21,-426,-403,408,-938,-1796,-1766,-2140,-1074
-482,233,217,0,-464,-423,368,-985,-1821,-1796,-2156,-1086
-511,230,253,-23,-505,-445,324,-1037,-1850,-1826,-2175,-1100
-533,230,279,-36,-533,-466,284,-1087,-1874,-1849,-2193,-1114
-554,232,302,-46,-560,-488,243,-1137,-1897,-1866,-2210,-1131
-575,237,322,-52,-585,-513,198,-1185,-1919,-1887,-2228,-1150
-594,245,339,-55,-607,-538,157,-1230,-1939,-1900,-2243,-1167
-606,257,343,-46,-616,-562,125,-1271,-1955,-1903,-2256,-1182
-611,271,339,-30,-616,-583,97,-1306,-1969,-1903,-2266,-1196
-613,287,329,-11,-610,-602,74,-1337,-1978,-1898,-2272,-1209
-607,295,320,3,-601,-611,57,-1366,-1983,-1888,-2275,-1219
-598,298,311,13,-589,-614,47,-1389,-1986,-1875,-2273,-1227
-584,296,303,17,-575,-609,41,-1405,-1986,-1861,-2268,-1233
-569,289,298,16,-564,-600,38,-1418,-1985,-1852,-2261,-1239
-554,282,291,17,-550,-591,45,-1427,-1979,-1836,-2250,-1245
-544,273,291,11,-545,-582,57,-1436,-1974,-1820,-2242,-1252
-535,263,292,2,-542,-572,76,-1444,-1968,-1802,-2232,-1261
-530,251,299,-11,-546,-564,100,-1454,-1960,-1784,-2222,-1272
-534,238,315,-33,-561,-559,127,-1468,-1956,-1766,-2214,-1287
-542,227,331,-53,-579,-557,155,-1483,-1954,-1749,-2206,-1301
-550,222,343,-66,-594,-559,188,-1495,-1949,-1732,-2196,-1314
-559,222,349,-72,-606,-563,229,-1505,-1940,-1714,-2184,-1324
-566,220,354,-79,-615,-563,271,-1513,-1928,-1699,-2169,-1335
-578,212,371,-99,-636,-563,303,-1529,-1921,-1700,-2162,-1351
-591,197,394,-127,-662,-558,329,-1547,-1916,-1705,-2158,-1368
-607,180,424,-160,-694,-552,353,-1564,-1911,-1708,-2156,-1386
-625,162,456,-196,-729,-546,371,-1584,-1908,-1707,-2158,-1405
-644,143,490,-232,-764,-540,382,-1606,-1909,-1709,-2164,-1423
-663,127,520,-264,-798,-537,387,-1630,-1913,-1713,-2173,-1441
-683,112,552,-296,-833,-535,385,-1656,-1917,-1718,-2185,-1460
-702,95,584,-330,-868,-530,378,-1682,-1920,-1723,-2199,-1482
-719,79,613,-360,-898,-524,362,-1708,-1925,-1733,-2213,-1506
-736,66,640,-386,-928,-521,341,-1735,-1926,-1749,-2230,-1532
-756,57,665,-409,-959,-523,314,-1759,-1925,-1771,-2245,-1559
-780,49,694,-432,-993,-528,277,-1783,-1925,-1802,-2261,-1585
-801,44,718,-451,-1022,-534,240,-1806,-1922,-1829,-2275,-1610
-823,36,746,-474,-1053,-539,201,-1828,-1919,-1854,-2288,-1634
-845,24,778,-502,-1089,-543,159,-1851,-1919,-1878,-2301,-1654
-868,16,808,-526,-1123,-550,118,-1873,-1918,-1894,-2309,-1669
-891,9,839,-550,-1157,-558,81,-1899,-1917,-1914,-2316,-1686
-915,-4,875,-582,-1196,-564,48,-1928,-1919,-1938,-2322,-1701
-942,-19,919,-620,-1242,-572,12,-1957,-1923,-1964,-2331,-1711
-972,-35,968,-662,-1293,-581,-23,-1989,-1930,-1986,-2341,-1721
-993,-45,1003,-692,-1330,-590,-48,-2020,-1934,-2002,-2346,-1728
-1008,-50,1027,-711,-1356,-599,-67,-2047,-1937,-2013,-2349,-1734
-1020,-47,1040,-717,-1373,-613,-83,-2074,-1941,-2020,-2349,-1736
-1030,-34,1042,-710,-1381,-631,-94,-2098,-1945,-2020,-2342,-1735
-1037,-14,1034,-692,-1381,-654,-96,-2121,-1950,-2015,-2328,-1737
-1043,9,1023,-670,-1378,-678,-94,-2145,-1960,-2010,-2310,-1742
-1046,33,1008,-645,-1371,-701,-93,-2171,-1972,-2002,-2291,-1747
-1050,56,995,-622,-1366,-724,-91,-2199,-1987,-1996,-2273,-1753
-1055,78,982,-601,-1362,-747,-89,-2228,-2003,-1994,-2259,-1759
-1058,97,972,-582,-1358,-767,-85,-2258,-2021,-1993,-2246,-1766
-1060,111,963,-569,-1354,-783,-80,-2288,-2042,-1993,-2233,-1772
-1057,122,952,-556,-1345,-792,-68,-2320,-2059,-1984,-2219,-1779
-1058,126,950,-553,-1344,-799,-53,-2353,-2077,-1977,-2208,-1788
-1057,128,949,-553,-1343,-803,-38,-2384,-2096,-1970,-2199,-1799
-1059,133,946,-548,-1342,-810,-24,-2416,-2117,-1966,-2195,-1813
-1070,143,947,-543,-1349,-825,-14,-2449,-2138,-1964,-2192,-1827
-1085,155,947,-535,-1358,-845,-6,-2482,-2157,-1963,-2194,-1841
-1100,171,944,-524,-1365,-865,0,-2515,-2175,-1963,-2200,-1857
-1117,188,940,-509,-1372,-887,5,-2546,-2191,-1966,-2206,-1875
-1137,209,935,-493,-1381,-913,5,-2578,-2204,-1975,-2209,-1894
-1166,225,944,-488,-1405,-941,-8,-2617,-2225,-1998,-2217,-1919
-1199,236,960,-491,-1435,-968,-27,-2657,-2250,-2021,-2230,-1944
-1232,243,982,-500,-1470,-992,-48,-2698,-2274,-2044,-2245,-1966
-1265,245,1008,-516,-1509,-1012,-69,-2738,-2298,-2066,-2260,-1990
-1297,240,1041,-541,-1551,-1027,-89,-2774,-2320,-2089,-2274,-2013
-1323,230,1074,-568,-1589,-1035,-105,-2807,-2341,-2112,-2289,-2034
-1345,217,1106,-598,-1625,-1037,-122,-2838,-2360,-2137,-2303,-2055
-1360,203,1133,-624,-1652,-1034,-139,-2867,-2375,-2158,-2312,-2073
-1370,191,1153,-644,-1672,-1029,-156,-2890,-2388,-2174,-2318,-2090
-1375,179,1169,-662,-1686,-1020,-172,-2908,-2394,-2183,-2319,-2104
-1378,170,1180,-674,-1695,-1013,-186,-2919,-2393,-2182,-2314,-2115
-1383,165,1191,-684,-1707,-1009,-201,-2929,-2394,-2188,-2307,-2121
-1386,162,1197,-689,-1713,-1006,-213,-2939,-2390,-2191,-2300,-2127
-1388,157,1205,-697,-1721,-1002,-222,-2952,-2384,-2194,-2292,-2134
-1391,151,1216,-708,-1731,-998,-226,-2964,-2376,-2194,-2283,-2141
-1391,148,1221,-714,-1735,-993,-224,-2971,-2361,-2189,-2268,-2143
-1387,143,1226,-721,-1737,-987,-217,-2978,-2346,-2185,-2251,-2145
-1383,134,1234,-733,-1741,-977,-208,-2986,-2331,-2185,-2235,-2149
-1381,125,1244,-746,-1747,-970,-198,-2998,-2316,-2188,-2223,-2155
-1382,121,1254,-757,-1756,-969,-187,-3012,-2301,-2189,-2215,-2165
-1380,125,1253,-755,-1755,-972,-171,-3023,-2279,-2185,-2203,-2174
-1375,131,1247,-748,-1748,-974,-151,-3034,-2253,-2178,-2189,-2183
-1367,137,1237,-739,-1737,-976,-133,-3046,-2225,-2171,-2175,-2193
-1356,142,1226,-729,-1722,-975,-116,-3059,-2199,-2166,-2162,-2203
-1342,148,1210,-716,-1703,-973,-97,-3074,-2172,-2156,-2150,-2216
-1329,154,1195,-703,-1684,-971,-75,-3089,-2145,-2148,-2139,-2231
-1319,162,1180,-689,-1667,-974,-52,-3105,-2122,-2144,-2127,-2243
-1314,168,1172,-680,-1658,-978,-30,-3119,-2101,-2142,-2116,-2251
-1313,173,1168,-675,-1653,-984,-11,-3132,-2085,-2142,-2104,-2258
-1310,178,1162,-668,-1647,-989,8,-3140,-2070,-2141,-2090,-2261
-1303,180,1154,-661,-1636,-990,25,-3147,-2055,-2135,-2076,-2261
-1292,181,1141,-651,-1618,-986,44,-3153,-2039,-2123,-2059,-2257
-1283,180,1133,-646,-1605,-982,56,-3158,-2026,-2116,-2045,-2251
-1273,182,1122,-638,-1591,-979,66,-3162,-2018,-2107,-2031,-2245
-1263,182,1110,-629,-1575,-975,79,-3168,-2016,-2096,-2016,-2239
-1258,182,1103,-623,-1565,-973,90,-3177,-2018,-2086,-2006,-2237
-1253,186,1092,-612,-1554,-974,100,-3189,-2020,-2078,-1997,-2234
-1249,196,1076,-593,-1539,-979,109,-3200,-2022,-2070,-1986,-2231
-1245,205,1059,-576,-1524,-982,119,-3213,-2023,-2059,-1971,-2229
-1239,209,1045,-562,-1510,-981,127,-3228,-2023,-2051,-1956,-2226
-1242,207,1047,-564,-1513,-980,128,-3249,-2027,-2051,-1943,-2227
-1247,202,1053,-570,-1519,-979,127,-3271,-2033,-2051,-1932,-2226
-1249,193,1061,-581,-1526,-972,128,-3292,-2037,-2051,-1923,-2224
-1251,180,1072,-596,-1535,-963,128,-3313,-2040,-2051,-1916,-2222
-1256,163,1091,-620,-1551,-952,126,-3329,-2042,-2052,-1913,-2218
-1260,146,1108,-642,-1567,-941,120,-3345,-2045,-2051,-1912,-2213
-1264,128,1127,-666,-1583,-930,113,-3361,-2047,-2050,-1913,-2206
-1269,111,1146,-690,-1600,-919,107,-3373,-2045,-2046,-1916,-2199
-1273,95,1164,-712,-1615,-908,105,-3380,-2038,-2039,-1920,-2191
-1280,83,1181,-731,-1633,-903,104,-3385,-2030,-2031,-1926,-2185
-1288,76,1195,-744,-1650,-903,101,-3391,-2022,-2023,-1930,-2178
-1300,72,1211,-757,-1671,-907,90,-3397,-2018,-2024,-1933,-2172
-1311,74,1220,-762,-1686,-914,77,-3402,-2011,-2023,-1937,-2165
-1320,75,1229,-767,-1700,-920,61,-3407,-2002,-2023,-1943,-2159
-1326,76,1236,-771,-1710,-924,43,-3411,-1992,-2029,-1949,-2156
-1323,79,1231,-766,-1708,-924,28,-3408,-1974,-2030,-1949,-2150
-1317,82,1225,-760,-1701,-923,18,-3400,-1950,-2022,-1944,-2142
-1311,84,1220,-756,-1696,-922,9,-3390,-1922,-2014,-1938,-2135
-1307,87,1216,-751,-1692,-922,0,-3381,-1890,-2007,-1933,-2126
-1301,90,1210,-744,-1685,-922,-7,-3374,-1856,-1994,-1928,-2118
-1287,101,1190,-724,-1664,-922,-7,-3365,-1816,-1976,-1920,-2109
-1272,114,1165,-699,-1638,-923,-4,-3356,-1775,-1961,-1913,-2101
-1256,127,1139,-673,-1611,-924,0,-3346,-1738,-1948,-1905,-2094
-1241,136,1117,-651,-1585,-922,3,-3338,-1704,-1936,-1897,-2088
-1226,143,1097,-633,-1562,-919,6,-3334,-1674,-1926,-1889,-2082
-1215,147,1085,-622,-1545,-917,9,-3334,-1645,-1916,-1883,-2075
-1207,150,1075,-614,-1532,-915,13,-3333,-1619,-1909,-1878,-2070
-1200,150,1070,-611,-1523,-913,17,-3334,-1598,-1906,-1877,-2068
-1196,149,1067,-610,-1516,-912,20,-3336,-1582,-1902,-1878,-2068
-1190,148,1063,-609,-1507,-908,24,-3334,-1567,-1895,-1879,-2071
-1180,145,1056,-607,-1494,-901,29,-3332,-1555,-1890,-1884,-2076
-1170,148,1043,-597,-1476,-898,40,-3328,-1540,-1877,-1888,-2080
-1167,155,1033,-587,-1466,-902,52,-3320,-1526,-1869,-1898,-2086
-1166,164,1022,-576,-1456,-909,65,-3309,-1514,-1863,-1910,-2095
-1166,174,1012,-564,-1447,-915,81,-3296,-1503,-1859,-1926,-2111
-1171,182,1008,-557,-1448,-925,98,-3279,-1497,-1856,-1949,-2132
-1184,196,1005,-547,-1453,-943,118,-3254,-1488,-1851,-1973,-2156
-1199,215,1000,-533,-1460,-965,143,-3221,-1473,-1839,-1996,-2180
-1214,235,992,-516,-1465,-988,174,-3181,-1453,-1823,-2017,-2205
-1227,255,983,-498,-1467,-1008,210,-3131,-1431,-1811,-2037,-2234
-1251,270,989,-492,-1488,-1033,244,-3076,-1408,-1808,-2065,-2268
-1282,284,1003,-492,-1519,-1062,281,-3012,-1384,-1808,-2094,-2304
-1314,296,1020,-495,-1552,-1089,324,-2942,-1354,-1802,-2122,-2341
-1344,310,1033,-494,-1582,-1116,370,-2866,-1321,-1791,-2151,-2377
-1376,325,1046,-492,-1613,-1145,416,-2782,-1284,-1777,-2180,-2408
-1406,340,1057,-487,-1643,-1173,462,-2691,-1242,-1754,-2205,-2438
-1436,353,1069,-485,-1672,-1199,509,-2595,-1195,-1726,-2227,-2465
-1461,364,1080,-483,-1698,-1220,555,-2493,-1140,-1692,-2243,-2490
-1482,373,1087,-480,-1718,-1237,599,-2386,-1080,-1655,-2255,-2511
-1500,382,1093,-474,-1735,-1252,645,-2273,-1015,-1611,-2259,-2528
-1513,390,1094,-466,-1745,-1264,699,-2151,-941,-1557,-2255,-2541
-1520,391,1095,-464,-1751,-1267,751,-2020,-859,-1502,-2245,-2545
-1518,390,1093,-460,-1749,-1263,809,-1876,-760,-1425,-2224,-2540
-1513,383,1093,-462,-1746,-1253,873,-1718,-645,-1330,-2191,-2525
-1500,369,1092,-469,-1737,-1233,944,-1548,-511,-1215,-2146,-2499
-1471,354,1079,-468,-1708,-1203,1022,-1363,-359,-1083,-2085,-2458
-1434,336,1061,-466,-1671,-1166,1107,-1169,-192,-930,-2005,-2403
-1393,316,1042,-466,-1630,-1125,1193,-971,-12,-761,-1906,-2331
-1352,298,1022,-464,-1588,-1086,1277,-771,180,-574,-1788,-2241
-1308,284,996,-455,-1540,-1048,1358,-571,382,-372,-1653,-2139
-1253,279,952,-430,-1472,-1009,1444,-367,598,-151,-1501,-2023
-1194,277,903,-400,-1398,-970,1530,-165,824,84,-1333,-1893
-1136,280,849,-364,-1321,-934,1608,31,1054,327,-1154,-1750
-1077,286,793,-325,-1242,-901,1676,217,1285,569,-966,-1594
-1019,296,734,-282,-1162,-873,1734,389,1516,820,-767,-1427
-962,306,677,-241,-1084,-844,1780,543,1744,1079,-558,-1247
-900,315,616,-199,-1000,-812,1816,683,1970,1348,-334,-1046
-836,322,553,-156,-913,-777,1843,813,2194,1626,-92,-823
-771,331,487,-111,-824,-744,1863,936,2419,1919,172,-577
-702,341,415,-61,-728,-708,1877,1055,2653,2229,460,-309
-623,348,336,-7,-621,-664,1878,1168,2892,2562,773,-16
-528,355,239,58,-493,-608,1878,1274,3140,2925,1112,306
-423,362,131,132,-350,-546,1873,1377,3394,3304,1475,653
-307,374,3,222,-187,-478,1872,1485,3659,3697,1860,1025
-177,386,-138,323,-6,-401,1873,1596,3928,4100,2261,1415
-38,393,-287,425,185,-314,1869,1695,4190,4500,2671,1818
112,398,-446,534,391,-218,1859,1779,4443,4894,3090,2238
274,404,-618,652,612,-114,1844,1843,4681,5284,3518,2675
446,408,-802,778,848,-1,1825,1881,4902,5662,3955,3127
631,409,-996,908,1099,124,1797,1886,5094,6022,4405,3600
818,404,-1186,1033,1350,254,1745,1840,5244,6356,4859,4088
1009,398,-1381,1161,1605,389,1673,1743,5353,6668,5321,4598
1208,388,-1580,1288,1870,534,1578,1588,5420,6963,5792,5130
1419,371,-1785,1415,2145,690,1461,1374,5442,7246,6273,5681
1640,347,-1993,1539,2429,858,1320,1097,5419,7515,6765,6255
1870,321,-2205,1666,2723,1036,1153,756,5351,7772,7266,6849
2110,289,-2422,1791,3026,1223,965,349,5241,8014,7775,7463
2360,250,-2642,1914,3339,1422,762,-114,5089,8237,8293,8097
2626,205,-2870,2039,3667,1635,543,-629,4896,8438,8818,8750
2902,157,-3103,2164,4005,1857,308,-1194,4658,8619,9348,9422
3187,106,-3341,2291,4353,2087,55,-1803,4382,8782,9888,10114
3478,49,-3578,2414,4704,2324,-220,-2453,4066,8926,10436,10829
3779,-9,-3821,2540,5066,2568,-508,-3137,3718,9063,11000,11571
4089,-74,-4065,2662,5435,2821,-807,-3853,3339,9192,11574,12338
4409,-144,-4313,2783,5813,3085,-1121,-4600,2934,9315,12158,13126
4746,-221,-4571,2906,6209,3362,-1445,-5369,2513,9439,12757,13936
5095,-304,-4831,3027,6614,3651,-1776,-6153,2080,9565,13373,14764
5452,-392,-5094,3146,7028,3948,-2114,-6945,1642,9699,14003,15609
5815,-484,-5357,3262,7445,4250,-2457,-7733,1206,9849,14648,16470
6178,-576,-5619,3378,7861,4550,-2804,-8513,774,10011,15301,17340
6543,-660,-5890,3504,8286,4847,-3144,-9276,351,10180,15958,18211
6899,-739,-6156,3630,8700,5132,-3476,-10023,-65,10344,16606,19072
7238,-812,-6410,3752,9096,5401,-3803,-10758,-478,10491,17238,19914
7563,-881,-6654,3871,9475,5657,-4134,-11489,-893,10614,17847,20730
7875,-941,-6895,3991,9844,5898,-4468,-12213,-1312,10717,18433,21517
8178,-998,-7128,4109,10203,6131,-4794,-12922,-1726,10810,18999,22274
8473,-1055,-7356,4223,10552,6358,-5109,-13610,-2128,10895,19546,23005
8753,-1109,-7572,4330,10883,6573,-5419,-14280,-2530,10957,20064,23699
9017,-1165,-7773,4426,11194,6778,-5725,-14932,-2936,10987,20538,24347
9262,-1224,-7953,4505,11478,6974,-6027,-15570,-3352,10979,20962,24937
9485,-1285,-8111,4568,11731,7155,-6324,-16198,-3779,10930,21337,25467
9691,-1347,-8253,4620,11964,7327,-6613,-16816,-4218,10840,21659,25934
9878,-1414,-8373,4653,12168,7490,-6895,-17423,-4672,10699,21916,26328
10046,-1482,-8476,4674,12349,7643,-7170,-18022,-5139,10509,22107,26643
10185,-1543,-8560,4688,12498,7772,-7442,-18607,-5621,10276,22230,26874
10286,-1594,-8616,4690,12602,7870,-7715,-19181,-6115,10003,22282,27021
10347,-1634,-8647,4682,12662,7936,-7982,-19739,-6617,9696,22267,27081
10364,-1662,-8647,4663,12673,7966,-8238,-20278,-7126,9354,22185,27049
10332,-1674,-8615,4632,12629,7954,-8479,-20793,-7640,8971,22032,26920
10248,-1672,-8547,4586,12526,7900,-8703,-21280,-8162,8543,21798,26690
10101,-1660,-8427,4513,12346,7799,-8907,-21739,-8693,8059,21474,26341
9894,-1633,-8263,4422,12098,7649,-9090,-22168,-9231,7532,21064,25875
9635,-1593,-8060,4314,11789,7456,-9257,-22566,-9770,6975,20578,25303
9328,-1539,-7824,4193,11425,7223,-9411,-22936,-10306,6394,20022,24630
8979,-1473,-7558,4061,11014,6954,-9566,-23279,-10835,5792,19401,23864
8595,-1395,-7267,3921,10563,6655,-9726,-23594,-11350,5184,18729,23016
8181,-1311,-6951,3769,10075,6331,-9891,-23877,-11842,4581,18016,22100
7740,-1221,-6615,3608,9555,5986,-10064,-24124,-12305,3985,17268,21124
7280,-1122,-6265,3444,9014,5621,-10243,-24328,-12737,3391,16484,20087
6797,-1012,-5902,3278,8449,5233,-10422,-24489,-13138,2791,15659,18994
6297,-892,-5530,3115,7867,4825,-10595,-24601,-13507,2184,14797,17853
5785,-765,-5151,2951,7273,4404,-10764,-24664,-13846,1562,13898,16678
5279,-637,-4776,2790,6686,3986,-10925,-24682,-14159,929,12967,15482
4788,-519,-4404,2624,6109,3583,-11079,-24662,-14448,281,12006,14268
4319,-416,-4036,2452,5552,3201,-11222,-24604,-14711,-377,11019,13047
3882,-325,-3685,2282,5026,2848,-11346,-24503,-14942,-1041,10014,11831
3477,-251,-3347,2109,4532,2527,-11450,-24362,-15151,-1722,8983,10617
3107,-197,-3022,1930,4069,2240,-11533,-24185,-15337,-2423,7926,9403
2771,-164,-2707,1743,3636,1990,-11593,-23974,-15498,-3133,6854,8198
2468,-150,-2403,1550,3233,1773,-11631,-23732,-15637,-3844,5771,7006
2204,-147,-2126,1367,2874,1588,-11636,-23452,-15745,-4546,4686,5833
1971,-153,-1869,1190,2550,1429,-11610,-23131,-15819,-5235,3608,4686
1763,-165,-1629,1018,2253,1291,-11552,-22766,-15856,-5901,2550,3576
1580,-187,-1402,847,1982,1176,-11460,-22359,-15854,-6529,1521,2512
1424,-221,-1191,677,1740,1087,-11331,-21912,-15807,-7105,536,1504
1291,-267,-990,507,1520,1021,-11169,-21431,-15715,-7633,-400,556
1177,-318,-802,339,1321,971,-10976,-20921,-15582,-8111,-1283,-328
1074,-373,-623,175,1136,933,-10756,-20387,-15411,-8536,-2110,-1148
981,-429,-454,17,964,902,-10509,-19832,-15205,-8903,-2876,-1899
900,-487,-297,-135,807,881,-10241,-19264,-14965,-9207,-3576,-2578
824,-544,-148,-281,660,865,-9959,-18687,-14696,-9452,-4206,-3184
751,-593,-14,-412,523,847,-9657,-18103,-14397,-9630,-4765,-3719
673,-632,114,-531,389,820,-9346,-17514,-14075,-9759,-5257,-4189
590,-654,226,-629,259,779,-9028,-16920,-13730,-9836,-5685,-4597
495,-657,327,-705,130,719,-8706,-16324,-13365,-9866,-6052,-4948
385,-644,425,-767,-8,640,-8388,-15728,-12981,-9852,-6361,-5247
266,-620,515,-815,-147,549,-8075,-15130,-12579,-9789,-6612,-5496
146,-590,598,-853,-282,455,-7763,-14533,-12160,-9679,-6808,-5695
28,-557,672,-882,-410,359,-7456,-13940,-11728,-9532,-6955,-5849
-83,-524,737,-903,-529,270,-7155,-13356,-11287,-9358,-7055,-5964
-196,-498,807,-931,-652,184,-6872,-12784,-10847,-9162,-7117,-6048
-305,-476,874,-957,-770,104,-6602,-12227,-10414,-8948,-7143,-6103
-406,-458,936,-981,-880,32,-6341,-11688,-9990,-8719,-7140,-6135
-499,-442,992,-1001,-981,-33,-6091,-11165,-9579,-8484,-7116,-6149
-583,-435,1045,-1024,-1074,-87,-5851,-10655,-9179,-8253,-7074,-6147
-656,-434,1094,-1047,-1156,-129,-5622,-10162,-8794,-8022,-7015,-6128
-724,-438,1142,-1071,-1234,-166,-5398,-9686,-8424,-7794,-6943,-6096
-788,-440,1187,-1091,-1307,-202,-5181,-9225,-8067,-7569,-6860,-6054
-851,-436,1226,-1103,-1376,-242,-4973,-8780,-7723,-7348,-6768,-6003
-912,-433,1266,-1116,-1444,-281,-4767,-8350,-7391,-7130,-6670,-5946
-972,-429,1305,-1129,-1510,-321,-4564,-7934,-7072,-6916,-6566,-5885
-1029,-428,1349,-1146,-1577,-358,-4369,-7532,-6767,-6717,-6458,-5820
-1075,-427,1384,-1158,-1632,-390,-4179,-7148,-6474,-6525,-6347,-5753
-1113,-428,1416,-1170,-1679,-415,-3994,-6786,-6193,-6340,-6236,-5685
-1141,-430,1444,-1182,-1717,-435,-3816,-6443,-5923,-6166,-6125,-5618
-1156,-432,1461,-1187,-1738,-447,-3639,-6111,-5659,-5994,-6012,-5549
-1162,-436,1475,-1193,-1752,-453,-3463,-5796,-5405,-5828,-5901,-5481
-1166,-441,1491,-1203,-1766,-457,-3293,-5501,-5161,-5673,-5799,-5419
-1168,-447,1511,-1218,-1780,-459,-3131,-5225,-4926,-5525,-5707,-5361
-1170,-451,1531,-1234,-1796,-463,-2975,-4973,-4705,-5379,-5624,-5309
-1168,-448,1542,-1240,-1802,-470,-2821,-4737,-4491,-5232,-5542,-5257
-1166,-440,1551,-1244,-1806,-480,-2670,-4515,-4286,-5086,-5461,-5210
-1166,-429,1559,-1248,-1812,-493,-2523,-4309,-4089,-4949,-5383,-5168
-1166,-417,1568,-1252,-1818,-508,-2384,-4119,-3902,-4822,-5310,-5129
-1168,-400,1574,-1253,-1823,-526,-2250,-3948,-3722,-4701,-5243,-5097
-1171,-382,1581,-1255,-1830,-546,-2122,-3796,-3553,-4588,-5182,-5073
-1174,-364,1585,-1256,-1835,-565,-2006,-3660,-3394,-4486,-5128,-5057
-1178,-349,1593,-1261,-1843,-583,-1898,-3541,-3241,-4393,-5082,-5048
-1183,-339,1603,-1272,-1853,-597,-1798,-3436,-3095,-4308,-5043,-5044
-1185,-334,1615,-1288,-1862,-605,-1704,-3344,-2956,-4224,-5008,-5045
-1187,-331,1626,-1304,-1871,-610,-1617,-3267,-2827,-4147,-4981,-5050
-1183,-326,1628,-1313,-1869,-613,-1533,-3203,-2702,-4070,-4959,-5058
-1181,-326,1631,-1324,-1869,-611,-1456,-3153,-2580,-4004,-4945,-5068
-1176,-328,1632,-1335,-1867,-606,-1389,-3115,-2463,-3944,-4936,-5078
-1170,-332,1630,-1345,-1862,-598,-1325,-3090,-2352,-3892,-4934,-5088
-1168,-340,1633,-1358,-1861,-588,-1268,-3076,-2250,-3851,-4938,-5102
-1167,-348,1635,-1369,-1862,-579,-1213,-3071,-2156,-3816,-4946,-5117
-1165,-356,1633,-1378,-1859,-568,-1160,-3070,-2066,-3782,-4957,-5131
-1160,-366,1628,-1382,-1851,-553,-1112,-3075,-1977,-3750,-4974,-5146
-1154,-375,1619,-1382,-1840,-538,-1066,-3082,-1890,-3720,-4992,-5158
-1157,-389,1621,-1391,-1844,-525,-1030,-3097,-1812,-3701,-5014,-5169
-1165,-405,1630,-1404,-1854,-513,-1002,-3116,-1739,-3684,-5036,-5178
-1175,-423,1640,-1418,-1866,-502,-974,-3138,-1670,-3666,-5061,-5185
-1185,-443,1653,-1433,-1881,-490,-949,-3161,-1607,-3649,-5090,-5190
-1199,-462,1669,-1450,-1901,-480,-932,-3185,-1550,-3637,-5124,-5193
-1214,-481,1686,-1466,-1922,-472,-926,-3213,-1499,-3629,-5160,-5193
-1232,-497,1704,-1481,-1946,-468,-924,-3244,-1451,-3624,-5195,-5190
-1251,-510,1721,-1493,-1970,-467,-925,-3273,-1402,-3616,-5225,-5185
-1271,-512,1730,-1491,-1990,-477,-930,-3299,-1351,-3607,-5253,-5178
-1295,-505,1734,-1481,-2009,-494,-938,-3324,-1300,-3597,-5279,-5172
-1320,-491,1736,-1466,-2027,-518,-947,-3350,-1249,-3583,-5302,-5166
-1347,-480,1743,-1455,-2051,-543,-964,-3378,-1202,-3573,-5323,-5162
-1373,-465,1748,-1442,-2073,-571,-982,-3405,-1152,-3555,-5338,-5155
-1403,-449,1758,-1432,-2102,-604,-1002,-3432,-1100,-3534,-5347,-5147
-1435,-430,1771,-1422,-2133,-641,-1025,-3463,-1050,-3511,-5355,-5139
-1465,-407,1780,-1409,-2161,-680,-1049,-3495,-995,-3484,-5358,-5129
-1497,-384,1793,-1399,-2193,-721,-1076,-3531,-940,-3455,-5358,-5119
-1530,-362,1812,-1396,-2230,-763,-1105,-3574,-885,-3428,-5356,-5111
-1563,-342,1832,-1395,-2268,-805,-1141,-3624,-833,-3402,-5354,-5105
-1593,-322,1855,-1397,-2306,-845,-1180,-3682,-779,-3371,-5353,-5102
-1619,-297,1868,-1392,-2334,-885,-1212,-3741,-721,-3325,-5346,-5097
-1642,-269,1879,-1384,-2359,-927,-1238,-3803,-662,-3275,-5334,-5094
-1665,-240,1888,-1375,-2382,-968,-1264,-3868,-603,-3229,-5322,-5092
-1688,-208,1895,-1364,-2404,-1012,-1293,-3936,-548,-3187,-5312,-5093
-1710,-173,1899,-1350,-2421,-1055,-1320,-4005,-495,-3145,-5300,-5096
-1729,-141,1902,-1339,-2437,-1094,-1348,-4077,-443,-3102,-5288,-5102
-1746,-110,1903,-1327,-2449,-1130,-1375,-4149,-395,-3063,-5274,-5108
-1761,-81,1904,-1316,-2459,-1163,-1402,-4225,-356,-3030,-5263,-5116
-1778,-54,1906,-1307,-2471,-1195,-1430,-4304,-326,-2998,-5257,-5127
-1795,-29,1909,-1301,-2482,-1223,-1456,-4383,-303,-2968,-5251,-5141
-1808,-11,1913,-1299,-2492,-1243,-1482,-4462,-285,-2941,-5249,-5155
-1815,6,1909,-1293,-2492,-1257,-1499,-4542,-269,-2909,-5247,-5170
-1822,19,1907,-1290,-2493,-1268,-1514,-4623,-260,-2882,-5249,-5188
-1826,29,1902,-1285,-2489,-1273,-1528,-4702,-256,-2861,-5255,-5206
-1824,37,1890,-1275,-2477,-1272,-1537,-4779,-254,-2843,-5261,-5224
-1822,42,1880,-1269,-2467,-1268,-1542,-4850,-255,-2827,-5270,-5239
-1822,47,1868,-1259,-2456,-1265,-1541,-4914,-254,-2809,-5279,-5252
-1823,55,1852,-1244,-2443,-1263,-1539,-4969,-250,-2787,-5291,-5261
-1822,62,1833,-1226,-2427,-1259,-1537,-5017,-244,-2765,-5302,-5269
-1816,64,1813,-1210,-2407,-1248,-1539,-5060,-236,-2750,-5315,-5277
-1817,54,1810,-1211,-2404,-1234,-1549,-5102,-235,-2746,-5336,-5291
-1823,39,1817,-1221,-2411,-1220,-1563,-5139,-234,-2745,-5363,-5306
-1831,20,1828,-1236,-2422,-1205,-1579,-5169,-233,-2744,-5392,-5320
-1836,-4,1841,-1254,-2433,-1186,-1598,-5194,-231,-2743,-5424,-5335
-1842,-29,1855,-1274,-2445,-1167,-1619,-5211,-227,-2744,-5457,-5349
-1848,-55,1871,-1295,-2460,-1149,-1641,-5223,-223,-2743,-5489,-5361
-1852,-84,1890,-1320,-2475,-1128,-1662,-5228,-215,-2743,-5521,-5374
-1853,-110,1905,-1341,-2486,-1109,-1682,-5228,-205,-2744,-5549,-5387
-1851,-131,1912,-1352,-2490,-1092,-1700,-5220,-191,-2743,-5574,-5395
-1847,-149,1916,-1361,-2491,-1078,-1714,-5208,-172,-2739,-5598,-5399
-1839,-165,1917,-1367,-2489,-1063,-1725,-5194,-148,-2733,-5621,-5403
-1833,-180,1921,-1374,-2489,-1052,-1739,-5176,-124,-2735,-5643,-5404
-1828,-183,1916,-1370,-2485,-1051,-1749,-5152,-97,-2732,-5660,-5401
-1829,-179,1913,-1361,-2485,-1059,-1751,-5127,-65,-2722,-5674,-5398
-1832,-170,1909,-1350,-2487,-1073,-1754,-5102,-32,-2714,-5685,-5397
-1830,-158,1899,-1335,-2482,-1087,-1753,-5074,3,-2706,-5694,-5394
-1828,-147,1894,-1325,-2481,-1100,-1748,-5047,38,-2697,-5701,-5394
-1833,-139,1899,-1323,-2489,-1117,-1744,-5021,71,-2691,-5707,-5393
-1841,-131,1909,-1326,-2505,-1136,-1740,-4997,101,-2688,-5713,-5392
-1853,-121,1923,-1331,-2524,-1157,-1733,-4976,130,-2685,-5720,-5392
-1856,-109,1928,-1330,-2532,-1175,-1717,-4953,162,-2677,-5725,-5393
-1858,-96,1930,-1327,-2537,-1192,-1695,-4933,195,-2671,-5727,-5398
-1862,-79,1933,-1322,-2543,-1213,-1672,-4916,229,-2668,-5730,-5406
-1866,-62,1936,-1319,-2549,-1232,-1646,-4900,264,-2663,-5732,-5413
-1870,-47,1939,-1316,-2555,-1250,-1618,-4887,301,-2654,-5731,-5422
-1877,-32,1945,-1317,-2564,-1268,-1586,-4878,338,-2646,-5729,-5436
-1885,-17,1952,-1318,-2575,-1286,-1554,-4870,378,-2635,-5726,-5448
-1895,-5,1962,-1323,-2588,-1303,-1523,-4864,418,-2626,-5723,-5461
-1903,4,1973,-1330,-2600,-1316,-1495,-4860,454,-2618,-5721,-5475
-1909,13,1980,-1334,-2609,-1326,-1472,-4858,488,-2616,-5719,-5490
-1914,20,1986,-1340,-2616,-1333,-1450,-4856,518,-2618,-5719,-5506
-1916,28,1985,-1339,-2615,-1337,-1426,-4855,550,-2608,-5718,-5524
-1918,34,1986,-1341,-2616,-1339,-1407,-4857,580,-2603,-5720,-5543
-1918,40,1981,-1338,-2611,-1340,-1391,-4860,607,-2601,-5722,-5561
-1917,48,1971,-1328,-2602,-1340,-1378,-4862,632,-2595,-5724,-5576
-1919,55,1964,-1321,-2597,-1342,-1370,-4870,653,-2589,-5728,-5591
-1919,62,1954,-1312,-2589,-1341,-1364,-4881,672,-2579,-5731,-5606
-1916,66,1939,-1299,-2575,-1335,-1361,-4892,688,-2567,-5732,-5622
-1908,69,1921,-1285,-2555,-1326,-1361,-4903,700,-2555,-5731,-5639
-1896,70,1899,-1268,-2531,-1313,-1367,-4911,709,-2543,-5730,-5658
-1892,64,1890,-1263,-2520,-1300,-1383,-4920,711,-2540,-5733,-5683
-1890,54,1887,-1265,-2515,-1286,-1407,-4931,708,-2540,-5738,-5708
-1890,39,1889,-1272,-2513,-1270,-1433,-4943,704,-2535,-5744,-5733
-1892,23,1895,-1282,-2517,-1255,-1461,-4956,695,-2525,-5750,-5754
-1894,2,1904,-1296,-2522,-1237,-1490,-4966,680,-2517,-5753,-5773
-1889,-23,1911,-1312,-2522,-1213,-1514,-4973,663,-2505,-5754,-5787
-1885,-48,1921,-1330,-2523,-1189,-1533,-4975,644,-2495,-5756,-5799
-1882,-73,1931,-1348,-2527,-1168,-1550,-4975,623,-2487,-5757,-5813
-1880,-98,1943,-1368,-2533,-1148,-1564,-4975,600,-2479,-5759,-5830
-1883,-123,1962,-1392,-2547,-1132,-1573,-4976,573,-2469,-5761,-5850
-1890,-145,1984,-1416,-2567,-1122,-1576,-4978,544,-2458,-5763,-5868
-1900,-169,2012,-1447,-2593,-1113,-1582,-4979,510,-2449,-5767,-5882
-1904,-194,2036,-1476,-2613,-1101,-1584,-4983,476,-2433,-5770,-5892
-1911,-216,2063,-1505,-2637,-1094,-1587,-4989,440,-2415,-5773,-5905
-1920,-236,2091,-1534,-2663,-1090,-1592,-4994,404,-2398,-5774,-5915
-1923,-251,2111,-1556,-2681,-1085,-1594,-4994,372,-2378,-5769,-5923
-1924,-266,2130,-1577,-2697,-1080,-1593,-4995,343,-2356,-5764,-5931
-1928,-283,2155,-1604,-2719,-1076,-1592,-5000,313,-2329,-5759,-5938
-1937,-299,2186,-1636,-2748,-1077,-1592,-5006,281,-2305,-5754,-5945
-1949,-311,2217,-1666,-2781,-1082,-1589,-5015,252,-2276,-5749,-5949
-1951,-314,2230,-1678,-2793,-1087,-1575,-5018,233,-2235,-5736,-5948
-1946,-306,2226,-1672,-2791,-1095,-1557,-5020,221,-2185,-5722,-5943
-1937,-287,2208,-1651,-2775,-1107,-1542,-5022,215,-2127,-5705,-5936
-1923,-263,2179,-1619,-2750,-1119,-1527,-5024,212,-2065,-5688,-5926
-1902,-235,2140,-1579,-2711,-1128,-1512,-5028,213,-2005,-5670,-5917
-1878,-207,2097,-1536,-2669,-1136,-1498,-5036,219,-1947,-5654,-5907
-1856,-177,2054,-1491,-2627,-1146,-1485,-5043,230,-1889,-5638,-5896
-1838,-149,2015,-1451,-2590,-1156,-1474,-5056,244,-1832,-5625,-5883
-1823,-126,1984,-1418,-2559,-1165,-1467,-5073,259,-1778,-5616,-5870
-1810,-107,1957,-1391,-2533,-1171,-1466,-5094,274,-1726,-5609,-5852
-1801,-92,1938,-1373,-2514,-1177,-1473,-5122,287,-1677,-5606,-5834
-1790,-83,1920,-1357,-2493,-1176,-1482,-5154,304,-1623,-5604,-5820
-1781,-82,1910,-1351,-2478,-1171,-1495,-5191,320,-1572,-5608,-5807
-1773,-81,1901,-1346,-2465,-1166,-1511,-5232,335,-1522,-5614,-5795
-1769,-84,1898,-1347,-2458,-1160,-1527,-5273,352,-1469,-5623,-5781
-1776,-90,1906,-1357,-2465,-1158,-1551,-5322,361,-1419,-5639,-5770
-1784,-98,1917,-1370,-2474,-1155,-1583,-5377,363,-1374,-5659,-5765
-1792,-102,1923,-1375,-2479,-1155,-1615,-5433,362,-1329,-5680,-5760
-1801,-99,1922,-1371,-2481,-1159,-1649,-5488,362,-1282,-5699,-5753
-1808,-95,1917,-1363,-2478,-1161,-1681,-5538,364,-1238,-5714,-5743
-1821,-99,1926,-1369,-2489,-1164,-1721,-5594,358,-1207,-5732,-5734
-1840,-107,1944,-1384,-2511,-1166,-1766,-5651,347,-1179,-5753,-5725
-1860,-118,1967,-1404,-2537,-1168,-1811,-5709,333,-1148,-5775,-5717
-1879,-131,1991,-1426,-2563,-1168,-1854,-5768,319,-1117,-5796,-5708
-1895,-145,2014,-1447,-2587,-1164,-1896,-5828,304,-1088,-5815,-5697
-1906,-157,2031,-1463,-2605,-1159,-1940,-5886,288,-1056,-5832,-5682
-1913,-170,2045,-1478,-2619,-1151,-1984,-5943,273,-1020,-5850,-5666
-1921,-176,2055,-1485,-2631,-1149,-2030,-5998,258,-982,-5866,-5651
-1925,-177,2057,-1484,-2635,-1147,-2075,-6049,242,-945,-5879,-5635
-1925,-179,2057,-1483,-2637,-1142,-2118,-6098,225,-909,-5891,-5620
-1923,-182,2056,-1483,-2637,-1136,-2161,-6143,209,-873,-5899,-5603
-1923,-187,2061,-1487,-2643,-1130,-2210,-6189,194,-841,-5907,-5587
-1922,-187,2061,-1485,-2644,-1127,-2254,-6233,185,-803,-5909,-5569
-1919,-187,2060,-1483,-2645,-1125,-2297,-6275,179,-767,-5909,-5550
-1919,-186,2060,-1481,-2648,-1125,-2341,-6317,176,-731,-5908,-5531
-1915,-183,2055,-1475,-2645,-1125,-2383,-6359,173,-697,-5907,-5510
-1914,-179,2054,-1472,-2647,-1128,-2431,-6406,165,-668,-5905,-5492
-1918,-181,2064,-1479,-2658,-1131,-2482,-6455,156,-638,-5905,-5476
-1924,-189,2082,-1497,-2677,-1133,-2533,-6507,149,-608,-5906,-5462
-1933,-200,2106,-1521,-2702,-1135,-2586,-6559,138,-575,-5908,-5449
-1936,-208,2124,-1540,-2717,-1136,-2635,-6608,130,-534,-5903,-5434
-1936,-218,2139,-1558,-2729,-1134,-2682,-6659,122,-497,-5899,-5421
-1936,-227,2153,-1576,-2740,-1133,-2730,-6712,114,-468,-5900,-5413
-1935,-233,2163,-1589,-2748,-1134,-2775,-6766,108,-442,-5902,-5410
-1931,-236,2169,-1598,-2750,-1135,-2812,-6819,104,-412,-5904,-5409
-1927,-236,2170,-1602,-2748,-1137,-2844,-6873,102,-380,-5907,-5407
-1924,-228,2164,-1596,-2742,-1146,-2875,-6929,96,-344,-5909,-5403
-1921,-216,2155,-1585,-2733,-1157,-2906,-6986,88,-305,-5908,-5394
-1915,-201,2139,-1569,-2718,-1167,-2937,-7044,77,-265,-5905,-5382
-1901,-186,2114,-1545,-2691,-1172,-2965,-7102,66,-225,-5900,-5367
-1885,-169,2085,-1517,-2659,-1176,-2990,-7157,53,-186,-5895,-5353
-1868,-149,2051,-1485,-2623,-1179,-3010,-7211,46,-139,-5885,-5339
-1858,-132,2025,-1458,-2596,-1185,-3030,-7265,38,-91,-5879,-5327
-1848,-117,2001,-1434,-2572,-1189,-3051,-7319,29,-42,-5873,-5315
-1842,-105,1981,-1414,-2551,-1192,-3075,-7375,13,4,-5867,-5301
-1843,-100,1976,-1408,-2544,-1194,-3107,-7436,-9,43,-5864,-5293
-1846,-101,1975,-1408,-2543,-1193,-3141,-7500,-33,78,-5862,-5286
-1847,-101,1972,-1406,-2538,-1189,-3175,-7564,-59,116,-5857,-5277
-1845,-102,1965,-1401,-2529,-1183,-3211,-7627,-83,155,-5851,-5267
-1841,-102,1955,-1393,-2516,-1175,-3249,-7689,-107,190,-5843,-5258
-1844,-109,1959,-1398,-2518,-1167,-3293,-7751,-133,217,-5837,-5249
-1848,-122,1969,-1410,-2525,-1155,-3339,-7812,-157,242,-5829,-5238
-1853,-139,1984,-1429,-2537,-1141,-3385,-7871,-178,273,-5819,-5224
-1859,-158,2002,-1450,-2553,-1127,-3434,-7929,-198,302,-5810,-5210
-1868,-178,2025,-1475,-2573,-1114,-3482,-7987,-216,327,-5802,-5197
-1876,-195,2045,-1497,-2594,-1103,-3531,-8045,-234,343,-5794,-5183
-1883,-210,2063,-1515,-2611,-1094,-3580,-8103,-251,357,-5784,-5168
-1891,-219,2077,-1527,-2628,-1090,-3625,-8160,-265,366,-5773,-5153
-1897,-227,2088,-1536,-2642,-1087,-3669,-8215,-277,373,-5762,-5141
-1902,-234,2098,-1544,-2654,-1084,-3710,-8270,-287,384,-5749,-5129
-1905,-237,2105,-1549,-2665,-1083,-3748,-8320,-295,399,-5733,-5116
-1910,-243,2117,-1558,-2680,-1083,-3784,-8368,-302,406,-5713,-5101
-1913,-248,2127,-1566,-2691,-1082,-3814,-8415,-306,420,-5691,-5084
-1912,-258,2138,-1578,-2701,-1077,-3835,-8462,-313,431,-5672,-5068
-1905,-270,2146,-1591,-2706,-1067,-3848,-8505,-320,437,-5654,-5050
-1889,-280,2145,-1596,-2698,-1052,-3853,-8541,-324,448,-5631,-5028
-1873,-288,2142,-1599,-2689,-1039,-3855,-8574,-327,461,-5606,-5007
-1862,-295,2142,-1604,-2684,-1030,-3855,-8604,-330,474,-5578,-4986
-1851,-302,2144,-1611,-2682,-1022,-3857,-8634,-333,489,-5550,-4964
-1842,-309,2147,-1619,-2680,-1016,-3864,-8663,-338,506,-5522,-4943
-1823,-311,2137,-1615,-2662,-1006,-3872,-8691,-342,526,-5490,-4920
-1803,-310,2121,-1606,-2638,-997,-3879,-8718,-341,549,-5456,-4897
-1786,-306,2104,-1594,-2616,-992,-3889,-8745,-341,568,-5421,-4875
-1769,-300,2087,-1582,-2594,-989,-3902,-8772,-343,580,-5390,-4857
-1754,-295,2070,-1570,-2571,-987,-3915,-8800,-343,590,-5361,-4843
-1741,-289,2054,-1559,-2550,-985,-3928,-8827,-343,597,-5334,-4837
-1727,-286,2039,-1550,-2528,-982,-3942,-8851,-342,602,-5307,-4834
-1717,-282,2026,-1542,-2511,-981,-3960,-8873,-338,607,-5279,-4835
-1714,-274,2016,-1533,-2498,-987,-3982,-8894,-333,612,-5249,-4835
-1713,-263,2004,-1520,-2487,-996,-4010,-8914,-327,613,-5218,-4833
-1716,-251,1994,-1509,-2478,-1007,-4044,-8934,-319,609,-5186,-4829
-1718,-237,1981,-1493,-2468,-1019,-4076,-8953,-306,607,-5151,-4825
-1725,-225,1974,-1481,-2465,-1032,-4106,-8971,-291,601,-5120,-4822
-1733,-219,1974,-1478,-2467,-1041,-4134,-8987,-275,595,-5090,-4820
-1739,-218,1976,-1479,-2471,-1045,-4158,-9002,-256,590,-5062,-4819
-1752,-221,1988,-1489,-2486,-1051,-4182,-9017,-239,581,-5038,-4821
-1769,-221,2001,-1497,-2504,-1059,-4202,-9027,-218,574,-5012,-4821
-1783,-218,2009,-1498,-2518,-1068,-4218,-9030,-194,572,-4980,-4818
-1790,-215,2010,-1496,-2523,-1072,-4233,-9032,-165,572,-4947,-4814
-1791,-212,2004,-1488,-2520,-1071,-4247,-9032,-134,572,-4912,-4806
-1800,-212,2008,-1487,-2529,-1073,-4265,-9034,-108,562,-4880,-4797
-1810,-213,2014,-1490,-2542,-1075,-4286,-9035,-82,550,-4847,-4787
-1818,-214,2019,-1490,-2551,-1075,-4304,-9032,-58,544,-4812,-4775
-1823,-216,2022,-1490,-2559,-1072,-4318,-9022,-28,545,-4775,-4761
-1828,-221,2027,-1494,-2567,-1067,-4332,-9007,3,546,-4738,-4745
-1833,-228,2035,-1500,-2577,-1061,-4347,-8992,37,549,-4699,-4725
-1836,-239,2046,-1512,-2589,-1051,-4357,-8973,70,550,-4661,-4705
-1839,-251,2056,-1523,-2599,-1041,-4364,-8952,103,550,-4623,-4685
-1837,-260,2059,-1528,-2601,-1030,-4372,-8928,138,546,-4585,-4666
-1835,-263,2059,-1528,-2601,-1023,-4383,-8904,172,540,-4547,-4648
-1833,-263,2054,-1522,-2597,-1019,-4396,-8880,206,530,-4510,-4629
-1831,-267,2055,-1524,-2598,-1013,-4415,-8856,238,516,-4473,-4610
-1825,-274,2054,-1527,-2594,-1003,-4435,-8831,273,505,-4435,-4590
-1821,-279,2055,-1530,-2593,-997,-4461,-8808,307,489,-4401,-4573
-1819,-281,2056,-1531,-2593,-995,-4494,-8787,340,468,-4369,-4558
-1813,-277,2047,-1522,-2583,-995,-4525,-8759,377,454,-4332,-4541
-1806,-271,2035,-1511,-2571,-997,-4552,-8726,417,447,-4291,-4522
-1801,-267,2027,-1504,-2562,-1000,-4576,-8688,459,442,-4248,-4501
-1796,-263,2021,-1499,-2555,-1002,-4597,-8648,501,441,-4204,-4477
-1793,-261,2018,-1497,-2549,-1005,-4615,-8614,540,445,-4163,-4457
-1782,-257,2007,-1489,-2535,-1005,-4630,-8577,579,456,-4121,-4437
-1770,-254,1997,-1483,-2519,-1003,-4646,-8542,616,463,-4080,-4419
-1761,-250,1988,-1478,-2506,-1005,-4661,-8508,649,463,-4039,-4400
-1751,-245,1979,-1471,-2492,-1006,-4677,-8476,678,457,-3999,-4383
-1742,-240,1970,-1464,-2479,-1008,-4693,-8446,705,449,-3960,-4367
-1737,-235,1965,-1462,-2472,-1013,-4708,-8418,734,440,-3924,-4355
-1736,-231,1967,-1463,-2471,-1019,-4722,-8391,762,433,-3889,-4345
-1738,-231,1974,-1472,-2476,-1024,-4735,-8366,789,423,-3855,-4340
-1743,-235,1989,-1488,-2488,-1027,-4745,-8343,815,412,-3823,-4339
-1746,-243,2006,-1507,-2500,-1028,-4748,-8319,840,403,-3791,-4340
-1749,-251,2022,-1527,-2511,-1026,-4746,-8294,864,393,-3756,-4337
-1745,-258,2031,-1540,-2514,-1021,-4732,-8268,891,395,-3716,-4332
-1741,-265,2039,-1554,-2516,-1014,-4715,-8240,916,399,-3675,-4323
-1735,-267,2039,-1557,-2510,-1010,-4692,-8209,943,409,-3630,-4307
-1723,-260,2024,-1544,-2492,-1007,-4661,-8175,972,427,-3578,-4287
-1713,-248,2006,-1527,-2474,-1008,-4629,-8141,996,442,-3526,-4265
-1704,-231,1982,-1501,-2452,-1012,-4598,-8106,1017,454,-3476,-4243
-1693,-210,1952,-1468,-2425,-1018,-4566,-8068,1040,468,-3424,-4219
-1683,-183,1915,-1425,-2393,-1027,-4534,-8032,1062,477,-3372,-4195
-1668,-155,1871,-1378,-2355,-1034,-4505,-7994,1084,481,-3320,-4166
-1661,-135,1842,-1344,-2331,-1040,-4483,-7963,1100,474,-3275,-4139
-1658,-122,1822,-1320,-2317,-1045,-4462,-7932,1112,466,-3234,-4110
-1656,-113,1806,-1301,-2305,-1046,-4443,-7904,1121,457,-3195,-4081
-1650,-111,1792,-1287,-2293,-1040,-4425,-7877,1128,446,-3158,-4054
-1645,-113,1781,-1278,-2283,-1031,-4413,-7850,1134,429,-3123,-4028
-1639,-120,1774,-1274,-2275,-1018,-4403,-7823,1141,412,-3086,-4001
-1633,-133,1772,-1277,-2269,-1001,-4392,-7795,1148,394,-3052,-3973
-1624,-151,1772,-1284,-2264,-978,-4379,-7768,1155,377,-3017,-3944
-1615,-169,1771,-1292,-2257,-955,-4365,-7739,1161,355,-2982,-3917
-1612,-186,1775,-1300,-2258,-937,-4352,-7710,1168,334,-2946,-3890
-1609,-202,1780,-1310,-2259,-920,-4339,-7682,1177,313,-2910,-3865
-1610,-219,1789,-1324,-2265,-905,-4330,-7656,1185,288,-2875,-3838
-1610,-234,1797,-1336,-2270,-892,-4321,-7629,1194,265,-2836,-3806
-1612,-250,1809,-1352,-2279,-881,-4312,-7602,1203,243,-2798,-3776
-1615,-266,1823,-1370,-2290,-870,-4303,-7573,1211,223,-2761,-3744
-1612,-279,1829,-1381,-2291,-859,-4290,-7540,1220,206,-2724,-3710
-1607,-289,1832,-1389,-2289,-849,-4274,-7503,1231,193,-2686,-3676
-1604,-298,1838,-1399,-2291,-842,-4257,-7465,1243,185,-2647,-3641
-1605,-306,1848,-1412,-2299,-840,-4241,-7428,1255,179,-2611,-3605
-1608,-317,1865,-1432,-2312,-837,-4226,-7394,1265,172,-2577,-3571
-1605,-323,1873,-1443,-2315,-834,-4208,-7357,1277,167,-2541,-3539
-1600,-325,1876,-1449,-2315,-834,-4183,-7319,1289,161,-2503,-3509
-1598,-323,1879,-1452,-2315,-838,-4159,-7278,1299,149,-2465,-3478
-1597,-317,1881,-1453,-2316,-846,-4137,-7239,1308,136,-2426,-3447
-1598,-311,1885,-1456,-2320,-857,-4116,-7203,1317,127,-2387,-3417
-1602,-305,1892,-1461,-2328,-868,-4095,-7172,1327,121,-2351,-3388
-1609,-297,1901,-1465,-2339,-883,-4077,-7142,1337,116,-2316,-3363
-1615,-290,1910,-1471,-2349,-896,-4058,-7115,1347,110,-2281,-3337
-1618,-286,1918,-1477,-2356,-905,-4037,-7092,1357,106,-2247,-3309
-1618,-281,1921,-1479,-2359,-913,-4015,-7068,1367,100,-2212,-3282
-1618,-277,1926,-1482,-2363,-919,-3995,-7045,1379,91,-2178,-3258
-1615,-273,1925,-1481,-2361,-923,-3971,-7025,1392,87,-2143,-3236
-1613,-272,1928,-1484,-2362,-925,-3947,-7005,1405,81,-2106,-3215
-1612,-273,1931,-1488,-2364,-925,-3924,-6984,1418,77,-2067,-3188
-1609,-272,1930,-1488,-2361,-924,-3903,-6962,1431,80,-2026,-3160
-1606,-273,1928,-1487,-2358,-921,-3880,-6936,1443,84,-1985,-3132
-1598,-268,1915,-1474,-2344,-919,-3855,-6905,1454,92,-1943,-3100
-1585,-256,1888,-1447,-2317,-916,-3828,-6870,1467,104,-1899,-3063
-1569,-239,1852,-1411,-2282,-914,-3797,-6831,1485,120,-1852,-3022
-1549,-221,1809,-1369,-2240,-910,-3765,-6789,1504,136,-1800,-2978
-1535,-208,1776,-1336,-2207,-905,-3740,-6751,1518,140,-1751,-2939
-1526,-201,1753,-1313,-2185,-900,-3718,-6716,1528,140,-1701,-2901
-1523,-198,1739,-1300,-2173,-895,-3695,-6680,1534,139,-1653,-2865
-1524,-199,1733,-1295,-2169,-890,-3675,-6648,1536,135,-1609,-2832
-1528,-205,1734,-1296,-2171,-885,-3660,-6614,1535,123,-1567,-2799
-1534,-212,1739,-1302,-2177,-878,-3648,-6575,1532,108,-1528,-2769
-1541,-221,1746,-1311,-2186,-872,-3637,-6535,1529,90,-1495,-2742
-1548,-232,1756,-1322,-2196,-865,-3626,-6494,1524,69,-1464,-2718
-1554,-245,1767,-1336,-2207,-856,-3613,-6450,1520,50,-1432,-2692
-1562,-257,1780,-1350,-2220,-849,-3597,-6405,1514,32,-1403,-2666
-1569,-267,1791,-1363,-2233,-844,-3575,-6358,1507,15,-1373,-2638
-1578,-281,1809,-1383,-2251,-838,-3553,-6312,1497,-11,-1344,-2610
-1584,-294,1825,-1401,-2266,-831,-3530,-6265,1487,-37,-1312,-2582
-1590,-305,1841,-1419,-2282,-825,-3505,-6218,1477,-66,-1281,-2556
-1594,-317,1857,-1437,-2296,-820,-3476,-6169,1471,-98,-1248,-2531
-1589,-328,1865,-1451,-2300,-809,-3443,-6116,1469,-126,-1210,-2502
-1578,-340,1870,-1463,-2299,-795,-3411,-6064,1472,-150,-1168,-2471
-1566,-349,1872,-1470,-2294,-783,-3378,-6013,1478,-171,-1121,-2435
-1548,-354,1865,-1471,-2281,-770,-3345,-5959,1486,-187,-1068,-2395
-1529,-353,1853,-1464,-2262,-761,-3314,-5906,1497,-199,-1015,-2354
-1499,-344,1822,-1439,-2224,-750,-3276,-5850,1513,-205,-958,-2312
-1466,-331,1784,-1406,-2179,-742,-3230,-5792,1537,-203,-901,-2269
-1436,-315,1747,-1372,-2136,-737,-3184,-5733,1564,-201,-842,-2227
-1409,-298,1711,-1339,-2095,-735,-3139,-5678,1592,-201,-781,-2186
-1381,-279,1672,-1302,-2052,-734,-3097,-5628,1619,-204,-721,-2144
-1352,-258,1631,-1262,-2007,-734,-3056,-5581,1645,-207,-661,-2102
-1326,-236,1589,-1221,-1961,-736,-3014,-5534,1675,-206,-601,-2057
-1302,-218,1553,-1186,-1922,-737,-2971,-5484,1711,-199,-537,-2012
-1281,-205,1524,-1159,-1888,-736,-2932,-5436,1747,-193,-477,-1969
-1259,-200,1500,-1141,-1856,-729,-2899,-5392,1778,-192,-420,-1928
-1242,-201,1484,-1131,-1833,-720,-2872,-5352,1806,-194,-364,-1890
-1223,-199,1464,-1117,-1805,-712,-2840,-5314,1837,-194,-306,-1853
-1209,-195,1445,-1101,-1781,-707,-2808,-5276,1868,-197,-250,-1814
-1199,-186,1423,-1080,-1756,-706,-2775,-5239,1898,-198,-194,-1773
-1189,-174,1396,-1054,-1729,-708,-2744,-5201,1927,-195,-139,-1731
-1185,-163,1376,-1033,-1710,-711,-2719,-5164,1953,-194,-88,-1690
-1183,-153,1358,-1014,-1694,-715,-2695,-5128,1976,-194,-39,-1648
-1180,-146,1340,-997,-1676,-715,-2667,-5092,1999,-194,9,-1607
-1179,-139,1325,-982,-1663,-716,-2635,-5055,2027,-190,62,-1565
-1178,-131,1309,-966,-1649,-717,-2600,-5014,2060,-186,117,-1519
-1181,-133,1306,-965,-1647,-713,-2574,-4977,2089,-190,164,-1475
-1183,-143,1311,-974,-1650,-703,-2553,-4941,2114,-196,206,-1429
-1184,-158,1320,-989,-1655,-690,-2538,-4906,2137,-205,244,-1385
-1185,-174,1331,-1007,-1661,-674,-2527,-4871,2157,-215,281,-1341
-1183,-194,1344,-1027,-1668,-656,-2517,-4834,2177,-226,318,-1295
-1178,-212,1353,-1045,-1671,-636,-2509,-4796,2199,-236,354,-1248
-1175,-229,1362,-1061,-1675,-619,-2500,-4758,2220,-247,390,-1202
-1169,-244,1370,-1075,-1678,-603,-2491,-4719,2242,-259,425,-1154
-1158,-257,1371,-1084,-1673,-584,-2483,-4681,2265,-273,461,-1106
-1148,-266,1370,-1089,-1667,-569,-2480,-4644,2290,-292,498,-1057
-1137,-271,1365,-1088,-1659,-558,-2478,-4606,2316,-309,538,-1007
-1131,-274,1365,-1090,-1657,-551,-2480,-4566,2338,-333,576,-954
-1123,-273,1359,-1085,-1650,-546,-2482,-4525,2361,-357,617,-900
-1114,-268,1349,-1074,-1640,-545,-2486,-4481,2384,-376,659,-845
-1104,-262,1337,-1063,-1628,-543,-2490,-4435,2411,-386,703,-790
-1088,-253,1317,-1044,-1606,-540,-2493,-4385,2443,-388,752,-736
-1066,-249,1296,-1027,-1580,-530,-2497,-4338,2474,-389,803,-682
-1039,-252,1279,-1018,-1553,-512,-2502,-4293,2503,-387,855,-630
-1013,-260,1265,-1014,-1528,-493,-2507,-4251,2532,-380,907,-576
-987,-268,1254,-1012,-1505,-473,-2512,-4212,2558,-369,956,-524
-955,-274,1232,-1002,-1470,-450,-2513,-4170,2586,-350,1011,-471
-916,-283,1207,-991,-1429,-421,-2513,-4129,2616,-332,1069,-420
-880,-291,1183,-980,-1389,-395,-2518,-4091,2646,-318,1128,-370
-846,-298,1160,-970,-1351,-371,-2523,-4055,2675,-306,1188,-320
-816,-303,1139,-958,-1317,-350,-2524,-4019,2702,-294,1247,-274
-793,-305,1119,-947,-1287,-335,-2525,-3989,2727,-285,1304,-233
-776,-303,1102,-934,-1263,-327,-2529,-3962,2749,-280,1359,-193
-762,-299,1086,-922,-1243,-323,-2534,-3935,2767,-279,1412,-155
-753,-295,1074,-911,-1227,-321,-2542,-3911,2781,-282,1461,-118
-744,-292,1060,-900,-1210,-318,-2549,-3889,2793,-287,1509,-81
-735,-290,1049,-892,-1195,-315,-2554,-3868,2806,-295,1554,-41
-724,-286,1032,-879,-1175,-311,-2552,-3850,2822,-292,1599,-2
-714,-286,1019,-870,-1159,-305,-2551,-3834,2836,-287,1642,37
-701,-287,1004,-861,-1139,-295,-2551,-3818,2847,-280,1688,76
-686,-287,985,-849,-1115,-286,-2551,-3803,2856,-270,1736,118
-675,-288,971,-840,-1097,-277,-2550,-3791,2863,-261,1785,160
-664,-286,954,-828,-1079,-270,-2550,-3780,2868,-255,1830,202
-650,-285,934,-813,-1055,-261,-2546,-3769,2874,-253,1872,245
-634,-280,908,-792,-1027,-252,-2536,-3757,2879,-253,1914,289
-617,-273,879,-768,-997,-243,-2521,-3742,2886,-251,1958,335
-602,-277,863,-760,-977,-229,-2511,-3728,2889,-252,2003,381
-586,-288,854,-760,-960,-209,-2503,-3714,2890,-250,2050,430
-570,-302,847,-763,-945,-187,-2494,-3703,2890,-247,2099,478
-554,-316,840,-767,-930,-164,-2482,-3695,2888,-248,2150,524
-535,-332,833,-772,-914,-138,-2474,-3686,2883,-253,2199,570
-513,-347,825,-776,-894,-111,-2467,-3677,2876,-255,2249,618
-490,-363,815,-779,-873,-82,-2462,-3669,2871,-252,2297,666
-466,-377,803,-779,-849,-54,-2458,-3662,2867,-247,2345,713
-444,-388,790,-777,-825,-28,-2457,-3653,2861,-248,2393,761
-424,-396,778,-774,-804,-6,-2460,-3643,2853,-250,2441,810
-404,-399,762,-766,-780,11,-2466,-3634,2844,-252,2486,857
-389,-398,747,-755,-760,24,-2481,-3625,2831,-257,2529,908
-372,-392,727,-738,-734,33,-2497,-3616,2819,-256,2574,962
-353,-388,708,-724,-708,44,-2513,-3610,2805,-255,2619,1013
-331,-387,689,-712,-681,59,-2533,-3608,2788,-260,2663,1064
-305,-385,666,-697,-647,76,-2551,-3603,2774,-264,2711,1117
-278,-385,644,-683,-614,95,-2566,-3597,2764,-268,2762,1172
-251,-385,624,-672,-582,113,-2582,-3591,2752,-273,2812,1228
-223,-387,603,-660,-549,132,-2599,-3587,2739,-276,2862,1286
-196,-387,583,-649,-517,148,-2617,-3586,2723,-272,2910,1345
-163,-380,549,-623,-474,163,-2628,-3582,2716,-257,2960,1408
-126,-371,509,-591,-422,180,-2638,-3581,2711,-239,3012,1471
-83,-363,464,-558,-364,201,-2650,-3580,2706,-226,3062,1532
-40,-355,418,-523,-305,221,-2664,-3579,2699,-217,3112,1590
3,-350,375,-493,-249,244,-2676,-3577,2694,-204,3164,1647
45,-349,336,-467,-195,268,-2683,-3577,2688,-194,3216,1702
87,-353,302,-447,-145,296,-2690,-3578,2678,-189,3271,1759
128,-361,271,-433,-97,325,-2694,-3575,2670,-182,3330,1818
164,-370,246,-423,-57,352,-2698,-3574,2661,-176,3390,1877
196,-378,224,-413,-21,375,-2704,-3575,2648,-171,3448,1933
226,-389,206,-410,10,400,-2714,-3576,2631,-170,3504,1987
256,-400,186,-405,44,425,-2720,-3579,2613,-167,3558,2038
280,-413,173,-405,69,447,-2729,-3587,2592,-170,3607,2086
302,-423,160,-404,93,467,-2740,-3596,2568,-175,3650,2131
326,-431,142,-397,122,487,-2752,-3609,2546,-181,3692,2174
346,-440,128,-395,144,505,-2767,-3627,2523,-193,3730,2215
361,-446,115,-391,164,519,-2780,-3646,2499,-207,3770,2257
378,-448,97,-380,188,531,-2791,-3665,2477,-216,3813,2300
396,-445,72,-362,217,542,-2795,-3684,2458,-219,3859,2343
415,-439,43,-338,250,553,-2793,-3699,2443,-218,3909,2387
427,-436,23,-323,271,562,-2794,-3714,2426,-221,3959,2427
438,-435,7,-312,290,572,-2798,-3729,2408,-227,4008,2468
454,-435,-14,-297,314,586,-2798,-3743,2392,-229,4059,2511
471,-432,-39,-278,342,600,-2795,-3755,2382,-222,4113,2557
488,-432,-61,-262,368,616,-2790,-3762,2376,-211,4169,2607
507,-436,-81,-249,394,635,-2783,-3769,2368,-200,4226,2658
529,-446,-96,-244,419,662,-2777,-3779,2356,-195,4279,2707
552,-462,-107,-245,441,692,-2773,-3795,2344,-195,4329,2753
574,-482,-113,-252,459,723,-2770,-3811,2329,-208,4374,2794
594,-506,-113,-265,473,757,-2770,-3830,2312,-227,4415,2829
619,-530,-116,-275,491,792,-2769,-3848,2296,-246,4457,2865
642,-554,-117,-287,507,826,-2771,-3863,2280,-270,4497,2901
664,-573,-122,-294,524,854,-2773,-3874,2266,-289,4538,2939
684,-591,-125,-301,540,881,-2775,-3882,2253,-305,4578,2976
701,-606,-126,-306,551,901,-2782,-3891,2237,-322,4615,3010
718,-616,-132,-307,566,919,-2788,-3895,2219,-337,4655,3045
738,-628,-138,-308,583,938,-2795,-3899,2201,-352,4697,3077
755,-639,-142,-311,596,953,-2805,-3903,2182,-370,4739,3107
772,-648,-145,-314,609,967,-2820,-3908,2157,-388,4778,3137
786,-656,-148,-316,620,977,-2841,-3918,2126,-404,4814,3165
807,-653,-167,-302,646,984,-2863,-3927,2096,-410,4853,3194
828,-644,-191,-280,675,986,-2883,-3936,2068,-413,4893,3224
849,-634,-217,-258,706,987,-2904,-3946,2040,-419,4932,3254
872,-626,-242,-238,737,990,-2920,-3954,2012,-424,4972,3284
894,-615,-269,-215,769,990,-2934,-3959,1989,-422,5016,3317
915,-600,-298,-188,802,987,-2948,-3962,1971,-415,5063,3354
934,-584,-327,-162,834,984,-2966,-3966,1956,-405,5111,3394
954,-571,-354,-139,865,983,-2988,-3973,1941,-397,5157,3433
970,-562,-374,-123,889,983,-3015,-3983,1925,-394,5196,3468
983,-558,-387,-115,906,985,-3043,-3993,1910,-392,5232,3504
998,-564,-393,-119,920,998,-3078,-4003,1895,-393,5264,3539
1020,-574,-402,-122,941,1017,-3117,-4014,1881,-389,5294,3572
1039,-584,-410,-127,959,1037,-3159,-4025,1867,-387,5321,3605
1058,-593,-420,-129,979,1056,-3202,-4034,1857,-388,5346,3641
1078,-600,-433,-127,1002,1077,-3243,-4039,1849,-390,5369,3675
1093,-610,-440,-130,1017,1096,-3283,-4047,1837,-396,5386,3703
1107,-620,-447,-133,1031,1116,-3326,-4059,1823,-405,5401,3727
1121,-626,-458,-131,1049,1135,-3368,-4069,1810,-410,5418,3750
1135,-629,-473,-123,1069,1151,-3413,-4079,1796,-416,5433,3769
1151,-632,-492,-113,1094,1170,-3459,-4085,1780,-422,5450,3786
1159,-640,-498,-113,1104,1187,-3508,-4094,1757,-436,5465,3801
1161,-649,-497,-119,1106,1200,-3556,-4102,1728,-454,5477,3816
1162,-660,-494,-128,1105,1216,-3601,-4109,1694,-469,5490,3828
1169,-678,-489,-141,1108,1238,-3643,-4115,1658,-482,5501,3840
1176,-697,-484,-155,1110,1262,-3684,-4121,1618,-493,5512,3851
1181,-715,-477,-169,1110,1284,-3727,-4129,1575,-505,5523,3864
1188,-736,-469,-186,1110,1307,-3771,-4143,1530,-520,5532,3875
1196,-756,-463,-201,1112,1331,-3812,-4158,1485,-536,5539,3886
1208,-774,-461,-211,1119,1355,-3851,-4172,1441,-556,5547,3898
1217,-789,-458,-221,1123,1375,-3886,-4186,1400,-576,5558,3911
1225,-804,-455,-230,1127,1392,-3916,-4198,1362,-593,5571,3924
1232,-818,-449,-242,1127,1408,-3944,-4208,1327,-610,5585,3938
1242,-827,-451,-245,1134,1420,-3969,-4217,1292,-630,5603,3954
1251,-835,-452,-248,1140,1430,-3988,-4226,1260,-650,5622,3967
1259,-844,-449,-255,1143,1441,-4002,-4233,1235,-669,5639,3978
1274,-853,-452,-258,1153,1453,-4006,-4235,1219,-684,5658,3989
1292,-861,-458,-260,1168,1468,-4008,-4235,1204,-695,5676,3997
1310,-871,-461,-264,1181,1482,-4011,-4234,1194,-704,5694,4003
1326,-877,-466,-266,1193,1491,-4013,-4234,1186,-713,5712,4007
1341,-880,-472,-265,1206,1497,-4014,-4234,1179,-718,5723,4009
1362,-872,-495,-245,1234,1500,-4005,-4229,1182,-713,5737,4017
1387,-857,-528,-214,1271,1500,-3991,-4218,1194,-703,5754,4027
1408,-837,-562,-180,1308,1494,-3973,-4201,1213,-693,5771,4037
1429,-815,-598,-143,1345,1487,-3952,-4182,1233,-682,5789,4046
1449,-792,-635,-104,1383,1479,-3929,-4165,1256,-672,5806,4053
1465,-771,-666,-71,1414,1470,-3902,-4150,1280,-662,5821,4060
1473,-755,-687,-48,1434,1459,-3876,-4136,1300,-657,5830,4060
1478,-746,-697,-37,1445,1452,-3850,-4127,1316,-658,5833,4055
1478,-743,-696,-37,1446,1446,-3826,-4122,1327,-664,5833,4045
1477,-744,-693,-41,1445,1444,-3803,-4115,1335,-669,5832,4034
1475,-749,-686,-50,1440,1442,-3781,-4108,1337,-681,5828,4022
1470,-750,-680,-56,1435,1439,-3758,-4105,1336,-687,5823,4008
1461,-755,-668,-68,1424,1436,-3739,-4107,1331,-694,5815,3991
1451,-760,-655,-81,1410,1432,-3725,-4113,1320,-702,5806,3974
1439,-761,-644,-89,1397,1426,-3715,-4118,1307,-706,5794,3955
1421,-764,-627,-103,1375,1417,-3707,-4127,1288,-712,5778,3934
1399,-766,-607,-118,1349,1406,-3702,-4136,1268,-720,5762,3911
1377,-766,-589,-130,1324,1394,-3698,-4143,1248,-727,5747,3886
1356,-767,-571,-142,1299,1384,-3692,-4150,1225,-732,5733,3859
1340,-770,-557,-154,1280,1379,-3685,-4154,1199,-745,5717,3832
1320,-781,-531,-178,1250,1377,-3685,-4160,1166,-768,5695,3800
1299,-794,-501,-206,1216,1375,-3690,-4168,1129,-792,5668,3769
1280,-807,-473,-233,1184,1376,-3696,-4178,1091,-812,5642,3738
1265,-819,-450,-256,1158,1380,-3701,-4188,1054,-825,5615,3706
1258,-830,-434,-273,1142,1387,-3712,-4196,1020,-835,5590,3679
1254,-841,-423,-286,1131,1397,-3728,-4202,988,-842,5565,3656
1247,-849,-410,-300,1116,1403,-3747,-4205,954,-853,5539,3630
1237,-856,-396,-312,1098,1405,-3765,-4207,918,-868,5512,3599
1226,-860,-382,-323,1080,1405,-3786,-4207,885,-886,5483,3568
1214,-865,-366,-336,1059,1404,-3810,-4205,853,-904,5452,3536
1202,-868,-353,-346,1040,1402,-3833,-4203,823,-918,5421,3503
1189,-870,-338,-356,1020,1397,-3858,-4198,795,-939,5389,3470
1180,-869,-330,-359,1007,1393,-3882,-4192,770,-957,5360,3438
1171,-866,-324,-359,995,1386,-3910,-4186,746,-977,5329,3402
1158,-862,-315,-362,978,1376,-3940,-4181,724,-997,5297,3365
1149,-857,-309,-362,967,1368,-3968,-4173,708,-1012,5268,3328
1142,-856,-303,-365,957,1363,-3995,-4165,695,-1023,5240,3295
1135,-860,-290,-376,942,1360,-4023,-4156,683,-1033,5212,3262
1123,-868,-268,-396,918,1356,-4051,-4146,670,-1045,5182,3230
1106,-880,-239,-424,886,1351,-4079,-4139,655,-1062,5147,3193
1097,-889,-219,-443,866,1349,-4094,-4131,642,-1073,5111,3156
1090,-898,-202,-461,850,1348,-4099,-4121,629,-1083,5078,3117
1078,-904,-181,-480,827,1341,-4101,-4112,617,-1100,5046,3077
1060,-908,-158,-499,799,1328,-4103,-4107,604,-1120,5010,3034
1043,-907,-140,-512,775,1312,-4102,-4106,587,-1139,4974,2989
1027,-901,-128,-518,756,1294,-4094,-4106,569,-1156,4936,2938
1009,-892,-118,-521,738,1272,-4082,-4105,548,-1176,4899,2887
994,-886,-107,-527,720,1254,-4064,-4103,527,-1193,4863,2837
979,-884,-92,-539,700,1239,-4041,-4100,506,-1209,4828,2788
966,-881,-81,-546,685,1225,-4016,-4098,485,-1224,4794,2738
950,-870,-75,-545,671,1204,-3990,-4098,465,-1239,4760,2689
937,-849,-80,-530,666,1178,-3954,-4097,447,-1247,4725,2641
924,-831,-85,-517,662,1155,-3915,-4094,430,-1254,4689,2594
913,-816,-88,-507,658,1136,-3871,-4088,419,-1256,4657,2549
900,-803,-87,-500,650,1117,-3824,-4077,412,-1256,4625,2506
879,-794,-75,-503,629,1096,-3779,-4066,406,-1259,4593,2462
857,-787,-60,-509,606,1076,-3734,-4056,399,-1268,4557,2418
837,-778,-50,-510,586,1056,-3689,-4045,390,-1277,4521,2372
813,-764,-42,-505,567,1030,-3648,-4034,382,-1288,4482,2326
787,-749,-33,-499,545,1003,-3605,-4018,376,-1302,4442,2278
753,-743,-6,-511,506,977,-3568,-4004,369,-1324,4396,2227
713,-743,31,-533,456,952,-3538,-3992,365,-1351,4346,2172
673,-747,72,-561,403,929,-3511,-3982,361,-1380,4295,2117
636,-757,118,-595,348,913,-3485,-3973,359,-1402,4246,2066
601,-772,166,-633,294,902,-3461,-3964,358,-1425,4197,2016
567,-786,212,-670,241,891,-3441,-3956,356,-1447,4147,1966
532,-799,258,-705,187,879,-3422,-3947,356,-1468,4095,1917
493,-808,304,-738,131,862,-3400,-3936,356,-1484,4045,1871
460,-813,342,-764,83,846,-3375,-3921,357,-1499,3996,1826
432,-815,372,-782,44,832,-3351,-3904,353,-1518,3944,1782
409,-811,391,-789,15,817,-3323,-3886,349,-1532,3896,1738
384,-803,409,-794,-14,799,-3297,-3866,342,-1546,3849,1698
362,-793,423,-795,-39,781,-3270,-3844,334,-1558,3802,1661
340,-784,437,-797,-64,763,-3242,-3822,325,-1572,3752,1625
315,-776,455,-804,-94,744,-3212,-3803,311,-1590,3700,1587
291,-767,472,-809,-122,724,-3182,-3783,295,-1609,3649,1552
269,-762,491,-819,-150,708,-3151,-3766,277,-1628,3597,1517
244,-760,515,-834,-183,692,-3122,-3752,258,-1646,3544,1483
218,-759,541,-852,-218,676,-3098,-3739,237,-1665,3489,1447
188,-757,570,-872,-258,655,-3080,-3730,215,-1685,3431,1410
163,-749,587,-880,-286,633,-3057,-3717,198,-1696,3378,1377
144,-737,594,-879,-304,612,-3027,-3703,188,-1704,3331,1346
126,-721,596,-873,-317,589,-2997,-3687,181,-1720,3286,1315
109,-705,597,-866,-330,565,-2969,-3670,178,-1739,3242,1283
91,-691,601,-861,-344,541,-2940,-3653,177,-1760,3198,1250
71,-678,607,-860,-362,517,-2913,-3638,176,-1784,3153,1215
51,-668,617,-864,-382,494,-2891,-3623,173,-1810,3108,1180
31,-659,628,-867,-402,471,-2872,-3607,171,-1836,3063,1145
12,-651,639,-873,-423,449,-2855,-3590,171,-1859,3019,1109
-2,-646,647,-877,-438,433,-2838,-3570,172,-1880,2976,1076
-15,-640,655,-880,-453,416,-2819,-3548,171,-1899,2937,1047
-29,-629,658,-877,-464,396,-2793,-3523,174,-1906,2900,1018
-46,-618,664,-875,-479,373,-2768,-3497,175,-1911,2860,986
-63,-605,667,-870,-493,349,-2748,-3473,176,-1916,2820,956
-79,-591,670,-863,-506,326,-2727,-3451,176,-1920,2782,926
-101,-582,682,-865,-529,303,-2705,-3434,175,-1925,2742,895
-124,-573,697,-868,-553,278,-2678,-3416,172,-1931,2700,864
-144,-565,709,-871,-575,258,-2644,-3398,169,-1937,2660,834
-165,-554,717,-868,-594,235,-2605,-3379,165,-1942,2619,805
-187,-539,724,-861,-612,210,-2563,-3362,160,-1949,2580,775
-217,-530,745,-869,-646,184,-2522,-3351,151,-1963,2537,743
-249,-527,773,-884,-684,161,-2482,-3340,137,-1979,2492,713
-278,-527,799,-900,-719,143,-2441,-3332,121,-1991,2448,682
-307,-526,825,-914,-754,124,-2400,-3325,102,-2006,2405,649
-335,-528,854,-932,-791,109,-2361,-3318,80,-2023,2363,616
-359,-535,884,-954,-825,101,-2326,-3311,56,-2044,2324,584
-377,-548,913,-980,-855,101,-2292,-3306,34,-2066,2286,555
-394,-562,942,-1006,-884,103,-2261,-3303,11,-2090,2250,527
-411,-573,969,-1028,-911,103,-2234,-3301,-16,-2116,2217,499
-431,-583,998,-1052,-942,101,-2205,-3298,-45,-2142,2185,473
-455,-588,1027,-1072,-976,92,-2178,-3295,-74,-2167,2151,444
-485,-593,1060,-1095,-1017,80,-2159,-3291,-104,-2204,2114,414
-515,-595,1093,-1116,-1058,65,-2141,-3284,-133,-2241,2078,386
-543,-602,1127,-1142,-1098,55,-2123,-3277,-162,-2281,2044,358
-569,-611,1163,-1171,-1139,47,-2108,-3270,-192,-2323,2009,329
-592,-618,1193,-1195,-1173,39,-2091,-3261,-217,-2363,1981,302
-613,-625,1221,-1217,-1206,32,-2075,-3252,-237,-2398,1959,276
-632,-634,1249,-1241,-1237,27,-2059,-3244,-257,-2429,1937,250
-649,-645,1277,-1267,-1268,23,-2047,-3237,-275,-2455,1914,226
-670,-657,1311,-1298,-1305,18,-2036,-3233,-291,-2476,1888,204
-685,-661,1330,-1314,-1330,9,-2018,-3223,-300,-2491,1869,188
-692,-662,1340,-1323,-1342,3,-1997,-3211,-305,-2499,1854,174
-695,-662,1344,-1327,-1349,-1,-1976,-3198,-308,-2506,1843,161
-694,-659,1341,-1325,-1348,-6,-1954,-3182,-307,-2509,1833,150
-694,-650,1334,-1316,-1345,-15,-1928,-3163,-303,-2501,1825,141
-697,-637,1325,-1305,-1343,-29,-1898,-3145,-298,-2490,1816,129
-698,-622,1314,-1291,-1338,-44,-1875,-3132,-298,-2485,1802,114
-699,-608,1302,-1277,-1333,-57,-1858,-3119,-297,-2482,1787,98
-702,-595,1294,-1266,-1331,-72,-1848,-3109,-298,-2479,1771,81
-704,-583,1287,-1256,-1329,-85,-1842,-3101,-299,-2474,1755,66
-708,-576,1285,-1253,-1332,-96,-1842,-3097,-303,-2472,1735,51
-712,-568,1282,-1249,-1333,-107,-1842,-3094,-304,-2468,1717,35
-722,-559,1285,-1247,-1342,-122,-1847,-3093,-308,-2466,1696,19
-733,-547,1285,-1241,-1351,-139,-1857,-3092,-314,-2465,1675,2
-742,-534,1280,-1230,-1354,-156,-1868,-3091,-321,-2465,1655,-17
-755,-524,1283,-1226,-1364,-172,-1884,-3096,-333,-2471,1632,-38
-769,-517,1289,-1226,-1378,-186,-1903,-3101,-345,-2478,1606,-58
-779,-510,1292,-1224,-1387,-198,-1923,-3105,-357,-2487,1579,-79
-786,-504,1291,-1218,-1390,-206,-1942,-3109,-366,-2496,1555,-98
-787,-497,1283,-1207,-1386,-211,-1958,-3108,-372,-2505,1535,-114
-792,-493,1282,-1202,-1388,-216,-1976,-3109,-382,-2519,1515,-130
-796,-492,1283,-1200,-1390,-218,-1992,-3110,-392,-2534,1495,-142
-797,-492,1281,-1197,-1389,-217,-2001,-3110,-396,-2544,1478,-151
-796,-494,1281,-1195,-1388,-213,-2004,-3110,-399,-2552,1463,-158
-797,-499,1284,-1197,-1390,-209,-2001,-3108,-402,-2560,1449,-162
-798,-505,1289,-1201,-1393,-203,-1995,-3102,-405,-2563,1438,-160
-800,-512,1295,-1206,-1397,-197,-1983,-3095,-409,-2560,1429,-158
-800,-515,1298,-1207,-1399,-193,-1967,-3088,-414,-2555,1418,-155
-801,-514,1296,-1202,-1398,-192,-1948,-3080,-420,-2555,1408,-154
-805,-510,1296,-1196,-1400,-194,-1925,-3076,-430,-2560,1398,-158
-813,-502,1296,-1188,-1405,-202,-1898,-3073,-442,-2565,1388,-164
-824,-497,1303,-1187,-1417,-211,-1875,-3074,-461,-2578,1375,-170
-839,-488,1310,-1184,-1431,-224,-1854,-3074,-483,-2591,1362,-176
-854,-479,1318,-1182,-1446,-238,-1834,-3078,-506,-2605,1348,-182
-869,-472,1328,-1183,-1463,-251,-1814,-3084,-534,-2622,1334,-192
-879,-467,1336,-1185,-1476,-259,-1793,-3085,-559,-2633,1326,-201
-887,-468,1347,-1193,-1489,-262,-1768,-3082,-582,-2641,1321,-210
-898,-474,1366,-1210,-1510,-265,-1744,-3076,-606,-2646,1315,-218
-908,-485,1389,-1234,-1532,-263,-1720,-3070,-634,-2654,1306,-230
-917,-501,1417,-1264,-1558,-259,-1699,-3066,-666,-2668,1294,-245
-922,-508,1431,-1281,-1572,-259,-1676,-3059,-690,-2672,1284,-259
-926,-507,1437,-1286,-1580,-264,-1649,-3052,-711,-2670,1277,-273
-928,-502,1437,-1285,-1583,-270,-1626,-3045,-731,-2669,1272,-289
-929,-497,1435,-1284,-1585,-277,-1603,-3037,-749,-2666,1268,-305
-932,-490,1433,-1281,-1587,-287,-1583,-3027,-763,-2659,1265,-322
-936,-482,1431,-1278,-1589,-298,-1566,-3015,-772,-2653,1263,-341
-938,-477,1429,-1276,-1591,-307,-1551,-3004,-778,-2648,1259,-362
-941,-472,1429,-1276,-1594,-317,-1535,-2993,-781,-2642,1256,-381
-947,-469,1433,-1280,-1600,-326,-1520,-2985,-784,-2638,1254,-403
-949,-469,1435,-1284,-1604,-332,-1508,-2975,-783,-2632,1253,-426
-953,-468,1438,-1288,-1608,-338,-1498,-2964,-780,-2631,1254,-448
-952,-466,1436,-1287,-1606,-342,-1486,-2952,-772,-2622,1257,-468
-955,-467,1439,-1291,-1609,-346,-1477,-2946,-762,-2616,1258,-489
-960,-465,1441,-1293,-1612,-352,-1468,-2941,-750,-2611,1257,-508
-963,-463,1440,-1291,-1611,-356,-1454,-2938,-735,-2605,1254,-525
-970,-463,1444,-1294,-1618,-361,-1440,-2938,-722,-2603,1248,-545
-977,-461,1447,-1295,-1623,-366,-1430,-2937,-709,-2601,1241,-563
-984,-455,1445,-1288,-1623,-374,-1420,-2935,-693,-2594,1235,-579
-989,-444,1436,-1274,-1619,-383,-1410,-2929,-676,-2586,1230,-594
-990,-430,1421,-1253,-1608,-390,-1400,-2920,-657,-2584,1226,-608
-997,-418,1412,-1237,-1605,-400,-1398,-2915,-645,-2592,1218,-622
-1010,-406,1408,-1225,-1609,-413,-1404,-2912,-639,-2602,1207,-633
-1023,-393,1406,-1212,-1615,-427,-1414,-2909,-636,-2608,1198,-644
-1035,-384,1405,-1203,-1621,-439,-1425,-2904,-636,-2609,1190,-655
-1046,-379,1406,-1198,-1628,-445,-1438,-2895,-638,-2607,1183,-666
-1058,-377,1413,-1198,-1640,-452,-1452,-2884,-644,-2606,1177,-675
-1070,-378,1422,-1203,-1654,-456,-1467,-2873,-653,-2605,1171,-684
-1081,-380,1433,-1208,-1668,-458,-1482,-2865,-665,-2607,1161,-695
-1090,-383,1441,-1213,-1680,-460,-1495,-2854,-675,-2611,1151,-707
-1099,-388,1454,-1223,-1696,-461,-1509,-2840,-685,-2619,1140,-719
-1109,-398,1473,-1239,-1716,-459,-1524,-2824,-693,-2625,1130,-733
-1117,-413,1496,-1263,-1738,-452,-1546,-2808,-704,-2636,1120,-746
-1121,-425,1513,-1281,-1753,-447,-1570,-2790,-713,-2643,1111,-757
-1127,-436,1530,-1299,-1770,-443,-1590,-2772,-721,-2647,1104,-766
-1135,-447,1550,-1318,-1790,-442,-1608,-2757,-728,-2649,1097,-773
-1137,-453,1561,-1330,-1802,-441,-1620,-2736,-728,-2646,1092,-775
-1139,-455,1567,-1335,-1809,-443,-1625,-2713,-723,-2640,1088,-775
-1144,-454,1575,-1341,-1819,-448,-1629,-2691,-716,-2632,1080,-774
-1149,-458,1588,-1353,-1832,-451,-1628,-2668,-706,-2622,1070,-773
-1154,-465,1604,-1370,-1848,-452,-1621,-2647,-697,-2610,1055,-773
-1151,-465,1605,-1373,-1847,-453,-1605,-2623,-683,-2594,1043,-772
-1142,-459,1595,-1364,-1836,-454,-1581,-2596,-665,-2575,1034,-769
-1133,-447,1579,-1348,-1820,-459,-1550,-2565,-644,-2553,1032,-761
-1125,-429,1557,-1324,-1800,-468,-1510,-2534,-622,-2530,1034,-751
-1119,-406,1533,-1295,-1780,-482,-1468,-2505,-600,-2508,1035,-745
-1115,-381,1508,-1265,-1760,-498,-1425,-2478,-580,-2485,1031,-744
-1114,-357,1486,-1237,-1744,-515,-1383,-2452,-560,-2464,1025,-746
-1114,-335,1466,-1211,-1729,-531,-1340,-2428,-543,-2448,1018,-752
-1112,-321,1453,-1195,-1719,-541,-1301,-2404,-528,-2433,1008,-761
-1111,-311,1443,-1183,-1709,-547,-1262,-2380,-516,-2422,995,-771
-1113,-303,1438,-1175,-1706,-554,-1222,-2354,-508,-2412,980,-781
-1114,-293,1429,-1164,-1699,-561,-1181,-2329,-497,-2396,964,-793
-1118,-288,1427,-1159,-1698,-566,-1141,-2310,-487,-2389,944,-808
-1122,-284,1425,-1154,-1697,-570,-1104,-2294,-480,-2385,924,-822
-1123,-278,1418,-1145,-1691,-573,-1068,-2275,-471,-2379,909,-834
-1127,-271,1413,-1136,-1688,-579,-1035,-2257,-463,-2374,893,-845
-1130,-260,1403,-1121,-1681,-585,-1001,-2239,-455,-2371,878,-857
-1129,-247,1386,-1099,-1667,-591,-968,-2221,-445,-2366,862,-870
-1127,-231,1364,-1072,-1651,-599,-937,-2202,-432,-2359,845,-886
-1123,-216,1342,-1044,-1633,-605,-911,-2182,-418,-2357,825,-902
-1127,-207,1334,-1031,-1629,-612,-895,-2165,-408,-2363,801,-920
-1135,-204,1336,-1028,-1636,-618,-885,-2147,-401,-2373,776,-939
-1142,-208,1343,-1033,-1646,-619,-878,-2129,-392,-2378,752,-957
-1148,-216,1354,-1043,-1657,-616,-876,-2113,-384,-2383,726,-975
-1149,-228,1366,-1057,-1667,-609,-877,-2098,-377,-2392,696,-993
-1151,-244,1381,-1076,-1679,-599,-884,-2081,-371,-2403,667,-1009
-1154,-262,1399,-1099,-1694,-589,-893,-2063,-365,-2411,639,-1023
-1157,-279,1419,-1123,-1712,-580,-902,-2043,-357,-2418,613,-1037
-1160,-296,1439,-1146,-1729,-570,-909,-2020,-351,-2423,590,-1048
-1167,-311,1460,-1170,-1749,-566,-915,-1996,-347,-2428,567,-1059
-1176,-320,1479,-1189,-1771,-567,-918,-1970,-340,-2429,548,-1069
-1189,-328,1501,-1209,-1796,-572,-921,-1940,-336,-2436,533,-1076
-1199,-332,1516,-1223,-1816,-576,-923,-1909,-335,-2443,524,-1078
-1208,-334,1530,-1234,-1833,-584,-925,-1877,-335,-2444,514,-1079
-1218,-331,1540,-1241,-1849,-594,-927,-1843,-338,-2443,503,-1078
-1221,-323,1538,-1236,-1852,-604,-924,-1805,-338,-2438,496,-1073
-1218,-315,1530,-1227,-1847,-610,-918,-1765,-335,-2432,492,-1066
-1215,-309,1524,-1221,-1843,-615,-909,-1729,-333,-2431,489,-1058
-1214,-307,1524,-1222,-1844,-619,-899,-1692,-331,-2429,489,-1049
-1215,-311,1533,-1232,-1852,-620,-888,-1657,-328,-2424,487,-1039
-1208,-315,1534,-1237,-1849,-615,-867,-1615,-318,-2411,486,-1032
-1197,-321,1531,-1241,-1840,-606,-838,-1570,-303,-2396,486,-1027
-1188,-325,1530,-1244,-1834,-599,-807,-1527,-287,-2387,485,-1021
-1181,-325,1526,-1243,-1827,-597,-773,-1486,-271,-2380,487,-1015
-1177,-318,1517,-1233,-1818,-601,-738,-1449,-255,-2377,489,-1012
-1174,-308,1506,-1219,-1807,-607,-701,-1416,-239,-2374,489,-1012
-1175,-296,1498,-1206,-1801,-617,-664,-1383,-221,-2374,489,-1011
-1178,-285,1491,-1194,-1796,-627,-629,-1353,-206,-2375,486,-1011
-1181,-276,1486,-1185,-1793,-635,-598,-1328,-196,-2380,479,-1012
-1182,-269,1481,-1177,-1788,-640,-568,-1304,-186,-2381,469,-1010
-1183,-268,1481,-1177,-1786,-640,-538,-1279,-176,-2379,461,-1006
-1180,-267,1478,-1174,-1780,-638,-502,-1252,-164,-2370,456,-1004
-1181,-265,1476,-1171,-1776,-638,-464,-1227,-156,-2364,448,-1006
-1180,-260,1469,-1162,-1767,-639,-425,-1200,-148,-2359,438,-1008
-1178,-252,1457,-1148,-1755,-640,-387,-1173,-144,-2355,426,-1011
-1182,-246,1453,-1141,-1753,-645,-353,-1147,-145,-2356,411,-1015
-1190,-241,1453,-1137,-1755,-650,-324,-1122,-149,-2358,392,-1017
-1196,-235,1450,-1129,-1755,-655,-297,-1098,-152,-2357,376,-1020
-1202,-227,1445,-1119,-1754,-662,-269,-1077,-154,-2353,360,-1023
-1206,-218,1436,-1107,-1749,-667,-236,-1052,-152,-2348,344,-1023
-1212,-217,1438,-1106,-1753,-669,-207,-1027,-152,-2348,325,-1022
-1218,-222,1446,-1114,-1761,-666,-183,-1001,-155,-2350,306,-1022
-1224,-229,1454,-1122,-1770,-662,-162,-976,-157,-2347,288,-1025
-1225,-237,1460,-1131,-1775,-654,-143,-951,-157,-2342,272,-1025
-1225,-249,1468,-1143,-1780,-643,-124,-925,-157,-2336,257,-1021
-1221,-265,1476,-1158,-1784,-627,-110,-897,-158,-2334,242,-1016
-1218,-278,1484,-1171,-1789,-614,-101,-869,-160,-2335,226,-1009
-1217,-290,1492,-1183,-1794,-602,-98,-843,-160,-2334,210,-1000
-1213,-298,1494,-1189,-1795,-593,-98,-814,-160,-2331,193,-990
-1209,-305,1495,-1194,-1794,-584,-105,-788,-162,-2329,172,-984
-1205,-310,1495,-1197,-1793,-577,-116,-763,-163,-2324,152,-980
-1208,-312,1499,-1201,-1800,-577,-131,-740,-164,-2322,130,-977
-1214,-309,1502,-1201,-1808,-584,-148,-717,-164,-2317,111,-974
-1221,-307,1507,-1204,-1817,-590,-166,-697,-163,-2311,92,-972
-1230,-307,1518,-1212,-1832,-596,-185,-677,-160,-2301,74,-971
-1236,-306,1523,-1215,-1840,-602,-204,-658,-155,-2289,59,-966
-1237,-305,1524,-1216,-1842,-605,-225,-639,-150,-2275,45,-960
-1235,-301,1520,-1212,-1839,-608,-248,-622,-144,-2261,33,-952
-1231,-298,1516,-1208,-1834,-610,-277,-605,-139,-2248,21,-943
-1230,-297,1518,-1209,-1835,-614,-312,-593,-136,-2235,8,-934
-1224,-293,1511,-1203,-1827,-616,-346,-581,-133,-2217,-4,-925
-1212,-288,1498,-1191,-1810,-615,-376,-572,-128,-2197,-14,-915
-1196,-284,1482,-1179,-1788,-611,-406,-565,-123,-2181,-25,-905
-1183,-275,1465,-1162,-1768,-613,-433,-557,-119,-2166,-37,-896
-1173,-262,1447,-1143,-1749,-619,-455,-552,-116,-2148,-46,-886
-1163,-251,1430,-1125,-1731,-624,-475,-549,-113,-2130,-54,-875
-1158,-237,1414,-1107,-1716,-634,-496,-547,-111,-2109,-61,-865
-1156,-220,1399,-1088,-1705,-648,-518,-544,-108,-2084,-62,-854
-1159,-207,1392,-1075,-1702,-663,-542,-545,-107,-2060,-65,-843
-1162,-199,1390,-1070,-1702,-673,-567,-549,-107,-2041,-72,-834
-1167,-200,1398,-1076,-1709,-678,-598,-558,-112,-2028,-84,-829
-1169,-204,1405,-1084,-1715,-680,-627,-572,-117,-2013,-96,-825
-1173,-212,1418,-1099,-1725,-679,-657,-591,-123,-1998,-108,-824
-1171,-221,1425,-1110,-1728,-673,-690,-611,-128,-1979,-119,-823
-1163,-227,1423,-1113,-1720,-664,-720,-629,-129,-1955,-130,-819
-1158,-231,1420,-1113,-1714,-658,-750,-651,-127,-1930,-141,-813
-1154,-228,1412,-1106,-1705,-656,-780,-672,-126,-1906,-152,-807
-1146,-222,1395,-1090,-1688,-654,-809,-694,-128,-1882,-160,-800
-1135,-215,1375,-1071,-1667,-649,-837,-715,-130,-1856,-164,-789
-1127,-206,1354,-1050,-1647,-647,-866,-735,-130,-1831,-164,-777
-1126,-202,1346,-1041,-1641,-646,-902,-760,-133,-1813,-169,-767
-1133,-199,1346,-1038,-1646,-648,-944,-790,-140,-1802,-178,-757
-1137,-201,1349,-1040,-1651,-644,-987,-825,-148,-1791,-190,-744
-1140,-205,1350,-1042,-1654,-639,-1029,-862,-155,-1780,-202,-729
-1142,-210,1353,-1045,-1659,-632,-1070,-898,-160,-1768,-213,-713
-1143,-218,1358,-1052,-1663,-622,-1111,-931,-166,-1759,-222,-694
-1141,-230,1363,-1062,-1667,-607,-1148,-963,-171,-1751,-230,-677
-1140,-242,1370,-1073,-1672,-593,-1184,-997,-175,-1744,-238,-663
-1135,-257,1377,-1084,-1675,-575,-1220,-1028,-178,-1738,-243,-648
-1130,-273,1384,-1098,-1678,-556,-1254,-1057,-180,-1733,-248,-633
-1125,-286,1390,-1108,-1679,-539,-1286,-1086,-183,-1727,-254,-619
-1126,-299,1400,-1121,-1688,-527,-1320,-1114,-189,-1727,-260,-602
-1126,-307,1408,-1130,-1695,-519,-1355,-1141,-199,-1725,-266,-584
-1124,-315,1412,-1136,-1698,-510,-1386,-1168,-210,-1723,-270,-567
-1121,-320,1414,-1140,-1698,-502,-1414,-1194,-222,-1724,-276,-554
-1111,-324,1408,-1138,-1690,-492,-1435,-1215,-226,-1722,-278,-539
-1098,-327,1399,-1133,-1676,-480,-1450,-1233,-223,-1716,-274,-522
-1085,-333,1393,-1133,-1665,-468,-1457,-1247,-217,-1710,-269,-509
-1075,-341,1393,-1139,-1660,-456,-1458,-1257,-207,-1701,-266,-497
-1072,-350,1402,-1151,-1665,-450,-1461,-1266,-200,-1690,-269,-487
-1065,-356,1404,-1158,-1663,-444,-1458,-1271,-189,-1676,-270,-474
-1055,-362,1403,-1163,-1656,-436,-1452,-1277,-176,-1661,-276,-464
-1040,-369,1398,-1166,-1644,-425,-1442,-1283,-164,-1650,-283,-456
-1023,-371,1386,-1161,-1624,-416,-1428,-1289,-152,-1642,-290,-450
-1005,-363,1363,-1143,-1596,-414,-1407,-1292,-141,-1633,-295,-445
-989,-347,1335,-1115,-1566,-419,-1377,-1294,-127,-1622,-299,-442
-975,-326,1302,-1081,-1534,-429,-1342,-1292,-114,-1608,-300,-438
-960,-303,1267,-1045,-1499,-440,-1305,-1285,-103,-1593,-296,-432
-947,-284,1237,-1014,-1468,-448,-1267,-1278,-93,-1579,-290,-426
-931,-273,1213,-993,-1439,-450,-1224,-1266,-81,-1562,-284,-417
-915,-269,1194,-979,-1413,-446,-1181,-1252,-73,-1546,-278,-408
-895,-269,1174,-967,-1383,-437,-1133,-1237,-65,-1526,-271,-399
-877,-272,1159,-961,-1359,-427,-1085,-1222,-61,-1511,-264,-394
-862,-272,1144,-952,-1336,-420,-1041,-1207,-62,-1497,-258,-389
-847,-272,1128,-942,-1312,-411,-998,-1196,-71,-1483,-251,-387
-838,-274,1120,-938,-1298,-406,-960,-1190,-87,-1474,-246,-387
-833,-277,1117,-938,-1290,-402,-922,-1184,-106,-1464,-243,-387
-829,-276,1110,-933,-1280,-399,-883,-1176,-123,-1452,-238,-388
-824,-276,1102,-926,-1268,-396,-842,-1167,-139,-1438,-228,-391
-816,-274,1091,-917,-1254,-391,-800,-1154,-157,-1426,-213,-394
-816,-277,1090,-918,-1251,-387,-763,-1142,-178,-1420,-200,-399
-817,-282,1094,-923,-1253,-382,-731,-1128,-203,-1420,-191,-403
-814,-291,1097,-929,-1251,-371,-704,-1115,-230,-1420,-184,-406
-810,-299,1099,-934,-1249,-359,-682,-1104,-258,-1421,-178,-409
-808,-305,1102,-939,-1250,-349,-667,-1092,-284,-1422,-170,-409
-806,-312,1104,-944,-1250,-338,-661,-1078,-312,-1422,-164,-407
-801,-318,1103,-946,-1247,-325,-659,-1061,-337,-1418,-159,-404
-794,-323,1100,-945,-1242,-312,-659,-1041,-357,-1410,-154,-397
-786,-325,1092,-940,-1232,-300,-661,-1018,-371,-1403,-145,-388
-779,-324,1082,-931,-1224,-291,-670,-996,-384,-1399,-134,-382
-773,-323,1073,-923,-1215,-282,-682,-974,-394,-1399,-120,-380
-768,-329,1073,-926,-1215,-270,-697,-952,-402,-1406,-107,-378
-765,-337,1076,-933,-1217,-260,-715,-929,-407,-1412,-94,-376
-763,-348,1084,-945,-1223,-247,-735,-909,-411,-1415,-82,-374
-762,-361,1094,-959,-1232,-236,-759,-894,-415,-1418,-72,-373
-759,-370,1099,-968,-1236,-227,-785,-876,-416,-1418,-58,-369
-753,-381,1103,-977,-1238,-216,-813,-859,-416,-1416,-43,-364
-748,-395,1114,-994,-1244,-203,-844,-844,-414,-1411,-27,-357
-744,-414,1129,-1017,-1254,-190,-876,-830,-414,-1407,-12,-352
-741,-436,1148,-1045,-1267,-175,-910,-818,-414,-1400,3,-346
-729,-446,1149,-1053,-1262,-164,-939,-802,-408,-1383,22,-336
-716,-443,1136,-1043,-1247,-161,-962,-785,-398,-1362,41,-325
-702,-433,1115,-1024,-1226,-163,-983,-766,-387,-1342,61,-313
-686,-419,1088,-998,-1199,-166,-1001,-748,-377,-1326,82,-299
-669,-400,1056,-967,-1167,-171,-1017,-728,-366,-1308,106,-284
-652,-379,1022,-933,-1134,-178,-1029,-708,-354,-1287,128,-273
-636,-362,993,-904,-1104,-184,-1044,-691,-340,-1268,149,-262
-622,-347,968,-880,-1078,-188,-1058,-677,-326,-1250,170,-251
-612,-334,949,-860,-1058,-194,-1073,-668,-316,-1235,188,-243
-604,-323,933,-844,-1039,-198,-1082,-659,-303,-1214,207,-236
-596,-318,923,-837,-1026,-199,-1092,-651,-290,-1196,226,-231
-586,-316,914,-831,-1011,-194,-1101,-647,-277,-1175,245,-230
-577,-321,911,-834,-1000,-185,-1110,-650,-266,-1157,260,-232
-570,-326,910,-837,-991,-177,-1120,-655,-256,-1141,273,-235
-563,-329,906,-838,-981,-168,-1131,-661,-246,-1125,283,-240
-556,-338,909,-846,-975,-156,-1143,-672,-239,-1113,287,-247
-551,-349,914,-857,-971,-143,-1154,-684,-232,-1099,291,-252
-548,-352,914,-859,-966,-137,-1163,-699,-225,-1078,293,-256
-547,-348,907,-851,-958,-136,-1172,-714,-215,-1053,295,-260
-541,-338,890,-832,-940,-136,-1179,-728,-204,-1026,299,-263
-542,-328,880,-818,-931,-140,-1192,-746,-196,-1005,299,-266
-546,-323,876,-811,-930,-144,-1211,-766,-189,-986,295,-268
-550,-318,873,-804,-929,-147,-1227,-783,-181,-965,290,-269
-550,-314,868,-797,-925,-148,-1237,-796,-170,-937,288,-267
-548,-311,860,-787,-918,-147,-1246,-808,-156,-903,287,-261
-543,-309,852,-779,-911,-145,-1262,-820,-139,-868,287,-252
-539,-308,844,-772,-904,-141,-1278,-831,-123,-834,286,-246
-535,-307,838,-765,-899,-139,-1294,-842,-112,-806,284,-241
-530,-305,827,-754,-891,-137,-1313,-855,-107,-785,280,-240
-527,-302,819,-745,-887,-136,-1336,-870,-104,-769,275,-240
-526,-300,814,-739,-886,-137,-1356,-885,-100,-751,270,-239
-527,-303,817,-741,-892,-136,-1380,-898,-100,-741,263,-239
-527,-308,819,-744,-896,-132,-1404,-910,-104,-731,257,-237
-527,-312,821,-746,-901,-130,-1429,-924,-110,-720,251,-238
-530,-315,826,-750,-909,-130,-1453,-940,-117,-711,245,-241
-527,-318,825,-750,-910,-126,-1475,-954,-122,-698,240,-242
-519,-323,821,-750,-904,-117,-1496,-967,-127,-683,236,-241
-511,-331,821,-754,-901,-106,-1517,-980,-131,-666,231,-239
-505,-341,825,-763,-902,-95,-1537,-992,-137,-652,224,-234
-503,-354,836,-779,-909,-85,-1556,-1008,-147,-636,216,-227
-495,-362,837,-785,-905,-74,-1566,-1024,-158,-620,210,-220
-485,-366,833,-786,-897,-65,-1572,-1043,-170,-611,205,-215
-478,-370,832,-789,-892,-58,-1577,-1064,-186,-610,199,-214
-472,-375,834,-795,-889,-51,-1584,-1086,-202,-614,192,-215
-466,-378,834,-799,-885,-45,-1588,-1105,-217,-615,185,-215
-458,-378,830,-798,-875,-41,-1589,-1124,-230,-612,179,-216
-450,-370,817,-786,-861,-43,-1587,-1140,-239,-604,177,-214
-439,-357,796,-765,-838,-45,-1580,-1152,-246,-591,177,-209
-428,-343,774,-744,-815,-48,-1572,-1165,-250,-578,176,-204
-417,-329,753,-723,-792,-53,-1566,-1176,-252,-566,174,-198
-411,-317,737,-706,-776,-59,-1564,-1188,-255,-556,171,-191
-406,-303,721,-688,-759,-66,-1561,-1201,-257,-543,166,-185
-403,-294,710,-677,-749,-73,-1562,-1218,-259,-533,159,-181
-399,-286,700,-666,-738,-77,-1565,-1236,-260,-520,149,-176
-392,-279,686,-653,-721,-77,-1569,-1252,-259,-503,138,-171
-388,-274,676,-643,-711,-80,-1577,-1269,-255,-487,125,-171
-386,-271,670,-637,-704,-82,-1591,-1284,-248,-469,112,-170
-383,-268,663,-630,-696,-82,-1606,-1298,-240,-449,99,-170
-380,-264,653,-621,-686,-83,-1622,-1312,-226,-429,88,-171
-378,-255,639,-604,-674,-87,-1641,-1323,-208,-408,78,-171
-382,-250,634,-596,-672,-93,-1665,-1336,-192,-396,67,-173
-389,-251,637,-598,-678,-96,-1692,-1350,-181,-391,51,-175
-393,-257,644,-604,-684,-94,-1719,-1363,-170,-385,38,-176
-397,-265,652,-614,-692,-90,-1744,-1374,-161,-380,23,-177
-401,-275,662,-626,-701,-85,-1770,-1383,-152,-376,6,-178
-405,-288,674,-640,-712,-78,-1799,-1391,-144,-377,-12,-176
-409,-300,686,-655,-723,-71,-1823,-1395,-136,-375,-28,-172
-410,-312,697,-669,-731,-62,-1843,-1396,-128,-372,-43,-168
-408,-323,703,-678,-734,-53,-1860,-1392,-120,-368,-55,-164
-406,-334,709,-688,-737,-43,-1872,-1388,-114,-362,-64,-159
-403,-340,712,-693,-738,-36,-1881,-1383,-108,-353,-70,-155
-405,-344,716,-698,-742,-34,-1893,-1377,-103,-349,-75,-150
-404,-344,714,-695,-740,-33,-1903,-1369,-99,-340,-77,-142
-401,-341,708,-689,-735,-33,-1907,-1356,-98,-332,-78,-136
-403,-336,705,-684,-734,-37,-1907,-1342,-101,-325,-79,-131
-402,-327,697,-673,-728,-43,-1901,-1326,-105,-316,-80,-130
-397,-321,686,-662,-718,-43,-1889,-1310,-110,-312,-82,-131
-394,-317,681,-656,-712,-44,-1875,-1294,-119,-310,-86,-135
-396,-316,683,-657,-714,-47,-1864,-1282,-130,-310,-93,-141
-404,-317,694,-667,-727,-51,-1856,-1275,-143,-313,-104,-149
-406,-318,700,-673,-732,-52,-1841,-1264,-150,-311,-113,-153
-401,-324,703,-679,-731,-46,-1824,-1253,-154,-306,-122,-156
-400,-325,706,-683,-732,-44,-1806,-1240,-157,-301,-130,-157
-400,-320,704,-680,-731,-48,-1788,-1225,-157,-296,-136,-155
-399,-307,693,-665,-722,-56,-1770,-1213,-153,-292,-140,-155
-396,-292,678,-646,-711,-65,-1747,-1201,-143,-286,-141,-154
-392,-279,665,-630,-699,-71,-1724,-1187,-127,-279,-140,-153
-389,-268,654,-615,-690,-78,-1700,-1170,-108,-270,-137,-152
-389,-260,649,-608,-687,-85,-1676,-1155,-90,-261,-133,-150
-388,-254,646,-602,-685,-91,-1656,-1142,-70,-253,-131,-144
-387,-251,644,-599,-684,-94,-1639,-1131,-50,-250,-130,-136
-382,-248,639,-594,-678,-96,-1620,-1122,-28,-246,-128,-128
-379,-248,637,-592,-675,-97,-1603,-1116,-8,-247,-127,-125
-374,-246,633,-588,-670,-98,-1585,-1113,10,-248,-125,-124
-367,-246,626,-582,-661,-96,-1563,-1111,27,-245,-122,-121
-363,-250,626,-584,-659,-95,-1546,-1112,40,-244,-122,-117
-364,-253,630,-588,-663,-97,-1533,-1112,46,-245,-125,-113
-366,-255,634,-591,-668,-100,-1519,-1110,52,-242,-127,-107
-366,-255,634,-590,-669,-103,-1506,-1109,56,-237,-133,-101
-365,-253,629,-584,-665,-107,-1488,-1106,59,-230,-138,-91
-369,-255,635,-589,-672,-110,-1474,-1103,56,-228,-144,-82
-375,-261,645,-599,-682,-111,-1465,-1102,47,-231,-155,-73
-378,-269,655,-611,-692,-110,-1456,-1103,32,-230,-166,-66
-380,-280,666,-626,-700,-104,-1449,-1104,13,-227,-176,-57
-379,-290,674,-638,-705,-96,-1442,-1105,-10,-227,-187,-48
-376,-296,676,-644,-705,-90,-1432,-1103,-35,-226,-198,-36
-374,-295,673,-642,-701,-87,-1418,-1097,-59,-222,-207,-22
-375,-291,669,-637,-699,-89,-1403,-1091,-80,-216,-214,-6
-372,-283,657,-626,-689,-89,-1387,-1082,-100,-211,-218,11
-368,-276,646,-615,-679,-88,-1374,-1074,-122,-205,-223,28
-365,-270,636,-605,-670,-86,-1360,-1065,-141,-195,-227,44
-368,-264,632,-600,-670,-89,-1350,-1056,-160,-190,-233,61
-375,-255,629,-594,-673,-96,-1341,-1050,-178,-185,-237,79
-384,-248,630,-591,-680,-103,-1333,-1045,-194,-181,-238,95
-396,-243,637,-593,-693,-110,-1327,-1041,-209,-181,-235,108
-406,-238,640,-592,-702,-117,-1322,-1036,-224,-176,-229,121
-414,-234,644,-593,-711,-121,-1317,-1029,-238,-169,-221,134
-422,-235,653,-599,-722,-123,-1314,-1025,-254,-167,-217,146
-432,-240,667,-612,-740,-124,-1314,-1021,-269,-168,-217,158
-446,-244,686,-627,-762,-128,-1316,-1020,-284,-170,-221,169
-456,-243,694,-631,-775,-134,-1313,-1015,-293,-163,-218,183
-457,-239,693,-626,-775,-137,-1310,-1008,-298,-152,-210,198
-455,-232,685,-615,-770,-140,-1311,-999,-304,-144,-204,214
-452,-222,674,-600,-762,-145,-1316,-991,-309,-133,-198,231
-446,-214,663,-585,-751,-148,-1324,-981,-312,-119,-191,247
-439,-206,651,-571,-739,-148,-1331,-972,-313,-106,-184,256
-431,-199,639,-557,-727,-150,-1341,-964,-313,-95,-177,259
-425,-187,625,-540,-714,-155,-1353,-956,-313,-85,-170,261
-423,-175,615,-523,-705,-164,-1368,-946,-310,-74,-164,264
-421,-162,603,-506,-696,-173,-1378,-933,-305,-62,-155,267
-419,-151,593,-491,-687,-181,-1388,-919,-301,-51,-150,272
-415,-140,581,-475,-676,-188,-1394,-906,-296,-35,-145,273
-416,-128,572,-461,-669,-197,-1397,-896,-291,-22,-142,270
-417,-114,561,-443,-661,-209,-1398,-884,-286,-10,-140,267
-415,-100,545,-423,-648,-219,-1395,-867,-280,1,-136,266
-420,-87,538,-409,-645,-232,-1394,-855,-279,7,-136,264
-429,-77,534,-399,-646,-245,-1393,-846,-277,9,-139,263
-433,-67,526,-386,-642,-256,-1389,-839,-276,8,-143,262
-433,-57,512,-369,-631,-263,-1379,-832,-275,7,-143,259
-431,-44,492,-347,-615,-270,-1366,-824,-269,7,-140,255
-435,-37,482,-335,-609,-277,-1358,-818,-266,3,-141,250
-442,-36,482,-334,-613,-282,-1355,-815,-264,-5,-144,244
-449,-39,486,-338,-619,-283,-1351,-816,-262,-13,-148,238
-455,-50,495,-351,-628,-279,-1347,-819,-260,-20,-149,231
-459,-67,507,-370,-638,-268,-1340,-821,-256,-30,-149,225
-460,-88,523,-394,-650,-253,-1336,-820,-253,-42,-150,222
-459,-110,537,-418,-658,-234,-1328,-819,-248,-51,-149,222
-455,-134,550,-443,-665,-214,-1319,-817,-245,-58,-145,225
-450,-154,559,-461,-668,-194,-1304,-812,-244,-66,-138,228
-447,-170,568,-478,-673,-179,-1288,-804,-244,-79,-131,229
-446,-182,576,-491,-679,-168,-1270,-796,-243,-92,-122,228
-450,-194,590,-509,-692,-161,-1252,-786,-244,-112,-116,224
-456,-200,602,-521,-705,-159,-1231,-774,-247,-133,-114,216
-461,-204,613,-532,-717,-158,-1208,-764,-253,-152,-112,208
-464,-212,627,-547,-730,-154,-1189,-753,-263,-171,-110,199
-461,-220,636,-559,-735,-146,-1171,-740,-274,-188,-106,194
-458,-222,641,-565,-737,-142,-1155,-726,-287,-204,-103,188
-456,-224,649,-572,-742,-140,-1141,-712,-300,-219,-99,183
-454,-229,661,-585,-750,-136,-1129,-696,-311,-232,-94,179
-456,-234,677,-601,-764,-136,-1117,-684,-321,-238,-90,179
-457,-232,685,-606,-771,-140,-1102,-669,-326,-234,-84,182
-455,-228,690,-609,-775,-143,-1085,-652,-324,-226,-76,187
-452,-226,695,-613,-778,-145,-1071,-632,-318,-220,-65,192
-448,-222,698,-613,-778,-148,-1059,-613,-310,-216,-54,194
-445,-212,694,-606,-774,-156,-1047,-594,-300,-211,-41,194
-445,-195,686,-591,-769,-169,-1033,-579,-288,-203,-24,189
-447,-174,675,-572,-764,-188,-1020,-564,-275,-197,-5,183
-449,-151,660,-548,-755,-207,-1010,-545,-260,-189,15,179
-455,-125,645,-522,-750,-231,-1006,-529,-249,-187,33,172
-457,-104,629,-499,-740,-248,-1002,-514,-236,-183,52,165
-458,-88,616,-481,-731,-262,-1000,-496,-223,-182,69,159
-456,-74,600,-462,-719,-271,-996,-480,-208,-177,82,151
-455,-65,588,-449,-710,-278,-992,-465,-193,-174,90,140
-454,-60,578,-440,-701,-281,-988,-452,-179,-175,96,127
-448,-58,565,-430,-688,-278,-980,-439,-165,-177,104,113
-444,-60,557,-427,-679,-274,-975,-428,-154,-187,108,95
-446,-58,550,-421,-674,-276,-972,-416,-145,-202,108,77
-449,-52,538,-407,-666,-281,-967,-405,-139,-217,109,57
-453,-43,523,-390,-656,-287,-960,-392,-131,-224,111,37
-456,-32,504,-370,-644,-294,-951,-374,-120,-226,118,20
-469,-24,497,-358,-646,-305,-944,-356,-110,-233,125,2
-487,-18,497,-353,-656,-319,-941,-337,-104,-243,131,-10
-502,-18,500,-352,-666,-326,-934,-318,-100,-251,134,-23
-514,-22,505,-356,-677,-328,-927,-299,-100,-254,137,-34
-530,-27,515,-364,-692,-332,-920,-278,-101,-258,142,-45
-546,-38,532,-381,-714,-333,-914,-257,-104,-265,146,-56
-559,-52,551,-400,-733,-328,-905,-235,-105,-269,149,-67
-569,-67,568,-419,-752,-324,-897,-211,-104,-276,155,-75
-578,-78,582,-434,-767,-320,-888,-182,-99,-281,164,-80
-587,-87,596,-448,-783,-318,-878,-155,-97,-289,170,-87
-597,-91,609,-457,-799,-321,-868,-129,-94,-294,176,-97
-608,-97,624,-470,-818,-323,-862,-101,-91,-304,181,-106
-617,-102,640,-482,-835,-326,-858,-71,-86,-313,187,-114
-625,-106,656,-495,-853,-328,-857,-41,-80,-322,193,-120
-633,-112,676,-512,-873,-330,-860,-13,-75,-331,196,-126
-633,-115,687,-521,-883,-330,-863,16,-67,-336,202,-128
-630,-112,689,-521,-885,-332,-866,46,-58,-339,211,-124
-630,-101,689,-515,-886,-341,-870,77,-48,-340,221,-117
-628,-89,686,-505,-885,-350,-877,105,-40,-343,230,-110
-624,-78,684,-497,-883,-358,-883,130,-32,-343,239,-100
-611,-65,671,-479,-867,-361,-887,158,-21,-340,251,-89
-593,-52,653,-460,-845,-361,-887,185,-6,-335,265,-78
-575,-44,639,-447,-824,-356,-887,213,10,-331,281,-66
-556,-40,628,-437,-805,-349,-886,241,24,-330,296,-54
-540,-35,617,-428,-787,-344,-883,267,33,-332,311,-45
-527,-31,609,-420,-772,-340,-879,290,40,-328,323,-41
-517,-28,604,-416,-761,-337,-880,310,43,-325,331,-39
-507,-27,598,-413,-749,-333,-883,330,44,-326,338,-38
-503,-26,597,-413,-744,-332,-888,348,44,-332,344,-37
-500,-29,599,-417,-741,-329,-895,368,43,-335,348,-35
-498,-36,605,-428,-742,-323,-903,383,38,-343,349,-34
-498,-46,612,-441,-744,-317,-907,398,31,-344,351,-33
-502,-59,626,-460,-753,-310,-911,412,23,-344,353,-33
-507,-73,641,-481,-764,-304,-918,428,17,-344,355,-33
-510,-85,648,-495,-768,-297,-924,446,14,-342,356,-31
-514,-97,657,-511,-775,-290,-931,461,10,-341,356,-29
-523,-106,667,-524,-786,-290,-936,475,7,-339,358,-27
-535,-108,671,-530,-795,-294,-939,489,3,-336,363,-27
-546,-105,670,-529,-801,-302,-941,499,-3,-331,366,-30
-556,-98,663,-521,-802,-311,-943,509,-7,-329,373,-32
-570,-95,664,-520,-812,-321,-951,514,-15,-338,377,-35
-589,-93,670,-524,-830,-334,-962,519,-26,-348,379,-33
-607,-88,674,-523,-844,-347,-970,526,-34,-348,382,-28
-621,-79,670,-514,-852,-361,-975,536,-40,-345,386,-20
-632,-66,660,-499,-855,-375,-980,548,-43,-344,390,-11
-642,-53,651,-483,-857,-388,-988,561,-45,-347,395,0
-649,-41,640,-466,-856,-398,-994,577,-46,-348,397,8
-651,-32,627,-449,-850,-404,-997,593,-46,-350,399,15
-640,-24,605,-427,-830,-400,-998,613,-42,-351,402,25
-627,-15,581,-403,-807,-396,-997,634,-36,-349,409,35
-612,-4,554,-375,-782,-392,-991,656,-25,-344,415,47
-597,5,532,-352,-759,-386,-992,675,-19,-349,416,58
-582,11,513,-332,-737,-380,-995,693,-14,-356,415,69
-570,18,497,-315,-719,-375,-1001,708,-10,-366,411,77
-563,26,488,-301,-710,-376,-1008,723,-4,-376,408,87
-553,35,475,-283,-696,-376,-1012,742,3,-382,410,98
-542,41,464,-270,-681,-373,-1015,759,11,-386,413,108
-534,42,463,-267,-676,-370,-1017,772,18,-390,415,117
-531,39,470,-273,-678,-367,-1020,781,25,-397,414,127
-529,32,483,-286,-686,-362,-1026,784,27,-402,412,137
-520,28,487,-290,-682,-356,-1027,788,30,-403,412,146
-507,26,485,-291,-672,-348,-1024,792,31,-402,413,153
-499,26,486,-292,-666,-344,-1022,794,28,-404,414,159
-493,29,486,-291,-661,-346,-1019,797,24,-404,416,167
-489,33,485,-290,-657,-348,-1013,799,19,-400,416,174
-486,37,486,-290,-655,-351,-1004,799,15,-392,417,179
-483,38,489,-294,-655,-353,-996,794,7,-387,416,183
-482,39,493,-298,-655,-355,-987,789,-2,-379,416,187
-479,33,501,-310,-658,-353,-974,786,-6,-368,417,194
-478,28,508,-321,-661,-350,-955,786,-4,-356,422,205
-478,24,514,-331,-665,-350,-934,790,-1,-345,427,219
-476,22,514,-335,-663,-349,-913,794,0,-331,431,231
-472,17,514,-340,-660,-344,-892,795,0,-321,432,239
-470,13,514,-345,-658,-340,-878,794,-2,-316,429,242
-469,9,512,-348,-656,-337,-866,793,-1,-311,423,244
-472,2,517,-357,-660,-333,-856,790,-1,-307,416,245
-477,-4,521,-365,-666,-332,-847,785,-2,-300,408,243
-478,-5,516,-363,-662,-330,-837,781,-2,-287,403,243
-477,-1,503,-353,-653,-330,-823,781,0,-270,400,245
-473,5,484,-336,-636,-328,-809,784,4,-255,398,249
-475,8,474,-328,-631,-328,-800,784,4,-248,394,251
-480,7,472,-327,-632,-327,-795,783,-4,-247,390,254
-482,2,469,-328,-631,-321,-788,782,-11,-243,386,259
-482,-3,467,-330,-630,-313,-781,782,-19,-233,384,265
-483,-10,467,-333,-630,-305,-778,779,-26,-227,382,270
-484,-16,467,-336,-630,-298,-784,776,-34,-230,378,274
-485,-19,465,-336,-629,-293,-792,774,-42,-234,373,276
-491,-18,465,-334,-634,-294,-803,769,-54,-238,366,274
-497,-18,466,-333,-638,-295,-816,765,-66,-241,357,271
-504,-20,473,-337,-647,-296,-829,760,-78,-244,348,271
-507,-25,479,-342,-653,-294,-839,755,-88,-241,341,274
-512,-31,490,-352,-663,-292,-851,751,-101,-245,336,277
-518,-36,502,-361,-675,-293,-866,747,-115,-248,329,282
-525,-40,516,-371,-690,-295,-881,743,-130,-252,319,282
-535,-45,535,-386,-710,-300,-897,742,-144,-260,306,278
-541,-49,549,-395,-723,-304,-911,747,-154,-266,292,273
-543,-52,559,-403,-732,-306,-921,753,-161,-268,280,268
-545,-56,573,-413,-743,-308,-927,761,-167,-268,270,265
-547,-63,589,-427,-757,-308,-934,767,-174,-266,260,261
-549,-72,608,-444,-771,-308,-941,769,-180,-263,249,258
-541,-77,614,-450,-772,-304,-939,775,-183,-253,244,255
-530,-78,613,-449,-764,-300,-928,785,-183,-239,246,254
-523,-74,610,-443,-758,-302,-915,797,-181,-232,248,254
-515,-67,604,-434,-750,-307,-901,808,-180,-228,252,255
-506,-56,592,-419,-737,-312,-886,815,-179,-223,256,259
-493,-45,576,-401,-718,-315,-868,822,-181,-217,259,262
-482,-32,558,-380,-699,-321,-848,834,-182,-210,261,264
-475,-15,539,-356,-682,-332,-825,849,-183,-203,262,267
-472,5,519,-331,-667,-346,-802,864,-185,-194,260,269
-467,24,497,-304,-648,-359,-776,878,-187,-184,260,273
-460,38,477,-282,-630,-367,-749,891,-191,-179,259,276
-456,55,455,-258,-612,-378,-722,901,-193,-168,257,277
-458,70,439,-238,-602,-391,-696,905,-196,-156,254,273
-462,83,427,-222,-595,-403,-672,908,-201,-147,246,265
-464,92,414,-209,-587,-410,-647,910,-204,-138,237,255
-467,97,405,-201,-583,-416,-624,910,-207,-133,223,243
-472,103,397,-193,-579,-421,-603,908,-210,-127,210,230
-472,109,382,-180,-569,-422,-585,906,-213,-119,200,219
-470,117,364,-164,-554,-423,-566,903,-216,-108,189,206
-467,124,344,-147,-537,-421,-543,905,-216,-94,183,196
-471,126,335,-142,-533,-419,-526,907,-216,-87,173,188
-475,122,335,-146,-535,-413,-517,909,-218,-85,160,180
-478,116,335,-151,-536,-404,-510,910,-222,-82,147,176
-482,109,336,-157,-538,-395,-502,912,-226,-76,134,176
-483,99,339,-168,-540,-381,-494,912,-231,-71,123,179
-484,84,347,-184,-545,-364,-493,909,-238,-75,113,182
-481,67,356,-202,-549,-344,-493,903,-243,-79,104,184
-482,51,368,-221,-558,-327,-493,898,-251,-78,93,186
-483,40,376,-234,-564,-314,-494,894,-259,-74,81,187
-485,31,384,-246,-571,-304,-496,889,-270,-72,68,187
-489,28,392,-254,-580,-300,-499,883,-281,-68,57,189
-498,27,403,-262,-595,-302,-505,878,-293,-68,48,195
-504,26,413,-268,-607,-303,-508,876,-304,-67,42,203
-507,23,424,-278,-618,-301,-505,879,-313,-63,38,211
-512,17,440,-292,-634,-300,-499,882,-323,-60,33,218
-511,15,449,-299,-642,-298,-491,886,-332,-56,27,226
-507,13,455,-303,-645,-296,-480,895,-334,-48,22,236
-499,11,460,-307,-646,-293,-467,904,-334,-38,17,247
-490,6,466,-313,-647,-288,-452,909,-334,-31,11,258
-480,1,473,-320,-648,-283,-435,913,-333,-27,5,267
-463,-2,469,-318,-636,-276,-412,920,-328,-17,-1,277
-439,-3,458,-310,-615,-266,-385,929,-320,-8,-4,284
-415,-6,448,-305,-595,-255,-359,937,-310,-3,-5,288
-393,-11,440,-302,-576,-245,-332,945,-299,5,-5,290
-369,-18,433,-301,-556,-232,-303,953,-287,15,-3,291
-345,-23,422,-297,-533,-220,-267,962,-272,27,1,292
-320,-30,411,-294,-509,-207,-229,974,-255,43,7,295
-294,-36,396,-288,-480,-192,-188,988,-234,64,18,301
-268,-41,380,-282,-451,-178,-147,1005,-211,87,31,310
-240,-42,356,-266,-415,-165,-106,1023,-187,113,46,324
-210,-41,326,-246,-372,-151,-65,1042,-161,138,63,342
-179,-34,288,-217,-323,-138,-20,1061,-132,167,83,362
-149,-26,248,-186,-273,-127,25,1079,-102,194,99,380
-121,-19,210,-156,-225,-116,69,1099,-72,216,113,396
-94,-14,172,-128,-177,-102,114,1120,-43,238,125,412
-75,-13,145,-110,-141,-90,153,1135,-16,255,132,425
-61,-12,122,-95,-112,-79,190,1147,5,267,136,435
-44,-13,97,-79,-79,-65,224,1157,23,278,137,443
-23,-17,69,-63,-42,-45,255,1167,39,288,137,449
0,-23,40,-47,-2,-22,282,1180,54,301,138,455
16,-36,27,-46,22,3,302,1192,68,313,137,461
29,-58,25,-60,36,33,317,1205,81,324,136,469
44,-82,23,-74,50,66,331,1217,91,337,134,477
58,-105,22,-88,63,97,343,1229,100,352,131,486
71,-129,23,-103,73,130,351,1240,109,365,128,496
87,-155,25,-121,83,164,357,1249,119,377,127,508
104,-181,27,-138,93,199,367,1258,130,393,126,523
122,-209,32,-159,101,236,376,1263,138,407,121,537
139,-233,37,-178,107,269,384,1268,144,417,115,550
151,-255,45,-198,106,296,392,1271,148,425,108,564
164,-271,48,-210,109,320,400,1275,152,434,101,577
176,-283,51,-219,110,337,409,1280,153,437,91,592
188,-289,49,-222,114,352,421,1290,156,441,84,610
204,-295,45,-224,121,367,440,1303,161,448,80,630
222,-305,44,-230,126,385,464,1322,168,457,76,650
248,-314,35,-230,143,408,494,1346,180,473,76,672
278,-322,22,-228,164,432,529,1372,194,492,78,696
307,-329,10,-225,184,453,563,1396,208,511,83,720
333,-333,-3,-220,203,471,596,1423,222,531,90,744
358,-337,-14,-216,221,487,628,1447,234,555,98,769
383,-333,-34,-200,245,497,665,1473,248,585,109,798
406,-322,-58,-177,271,500,703,1498,265,618,125,827
425,-307,-83,-150,297,499,737,1519,284,647,141,852
444,-293,-111,-122,325,498,769,1539,303,672,157,874
458,-275,-137,-93,350,491,800,1560,322,692,172,894
466,-256,-160,-65,371,479,835,1581,344,710,185,910
469,-238,-177,-41,385,464,868,1602,361,720,195,925
469,-222,-193,-19,398,450,897,1618,376,725,203,935
464,-207,-204,-1,404,431,925,1632,388,736,208,942
456,-189,-216,19,410,411,955,1644,399,749,212,948
444,-174,-223,34,411,389,985,1660,410,763,217,955
433,-161,-229,46,413,371,1015,1675,422,780,222,962
421,-152,-232,53,412,354,1047,1688,434,793,224,969
408,-144,-234,59,410,338,1080,1702,444,803,228,977
397,-134,-240,69,413,323,1112,1716,455,815,232,984
384,-127,-243,75,413,309,1140,1727,462,823,233,986
371,-119,-245,81,412,296,1162,1736,466,831,233,988
357,-107,-252,92,412,280,1181,1745,474,843,235,993
344,-94,-260,105,415,264,1198,1755,484,863,243,1000
332,-80,-271,120,419,250,1212,1764,492,883,254,1010
314,-69,-271,126,412,234,1212,1765,494,892,263,1019
294,-61,-265,126,399,220,1197,1760,493,899,271,1030
278,-57,-260,123,388,211,1175,1747,489,908,278,1041
262,-55,-252,118,375,205,1149,1728,483,915,285,1054
245,-53,-241,111,357,197,1117,1706,476,923,290,1066
226,-51,-228,102,336,189,1076,1679,467,928,292,1078
211,-50,-217,95,320,183,1034,1650,459,930,292,1086
198,-48,-207,90,304,179,993,1622,455,936,292,1095
191,-45,-203,89,295,177,952,1596,455,944,295,1103
184,-42,-199,89,285,174,908,1570,456,952,300,1110
178,-35,-198,94,278,170,864,1546,458,958,304,1116
170,-29,-195,97,268,164,819,1523,460,954,305,1121
164,-20,-194,104,260,156,776,1503,463,945,309,1126
158,-8,-195,113,252,146,733,1485,469,940,314,1131
152,2,-194,122,244,136,685,1465,476,936,319,1136
151,14,-200,135,243,127,634,1448,486,940,325,1145
157,22,-207,148,248,124,584,1434,499,950,334,1158
163,26,-211,155,250,123,531,1420,510,956,343,1172
170,23,-208,154,249,126,472,1402,516,961,351,1186
179,12,-199,143,246,136,411,1379,519,968,357,1199
194,1,-198,138,251,148,354,1355,523,977,366,1213
212,-7,-201,137,264,161,303,1330,528,991,377,1228
227,-10,-208,143,276,167,255,1304,530,1002,387,1242
239,-5,-220,156,290,166,207,1274,526,1005,397,1256
249,2,-232,171,304,162,158,1239,513,999,403,1265
252,10,-240,183,310,153,114,1198,497,992,407,1267
252,14,-240,188,311,144,69,1152,476,978,408,1264
251,19,-241,192,311,135,26,1104,451,960,405,1257
248,19,-236,190,307,127,-15,1054,425,942,399,1250
246,18,-230,185,303,123,-49,1006,400,925,393,1247
245,13,-223,176,299,122,-76,962,376,908,386,1245
247,4,-215,165,297,127,-95,918,352,897,375,1242
245,-7,-201,146,288,131,-112,870,323,883,359,1232
238,-19,-183,124,273,134,-131,819,291,865,340,1219
232,-28,-168,106,262,136,-150,762,255,842,315,1200
223,-40,-148,83,245,140,-172,700,214,811,286,1176
211,-51,-128,59,225,141,-193,638,173,776,256,1150
201,-56,-115,44,211,140,-211,578,135,743,229,1127
196,-58,-109,36,206,143,-221,525,103,719,208,1106
198,-58,-114,36,212,148,-223,481,81,697,193,1089
199,-62,-115,31,215,156,-227,439,61,670,180,1072
199,-68,-111,21,213,165,-236,399,38,638,165,1057
200,-76,-108,11,213,177,-244,360,16,607,147,1042
203,-84,-107,3,215,190,-250,321,-7,577,129,1026
211,-96,-106,-8,220,209,-254,287,-27,551,112,1012
220,-113,-102,-22,224,231,-258,260,-44,524,95,1002
230,-132,-97,-39,228,256,-256,238,-58,503,82,996
243,-154,-92,-57,234,284,-251,220,-69,487,72,991
266,-176,-97,-68,253,318,-239,210,-72,479,68,990
293,-197,-105,-76,277,354,-223,210,-69,473,71,992
324,-216,-120,-78,308,389,-200,219,-64,474,79,998
353,-233,-135,-77,337,422,-176,233,-58,474,89,1006
381,-246,-152,-73,367,451,-151,251,-51,479,99,1020
405,-257,-168,-68,394,475,-128,269,-47,483,107,1031
425,-267,-178,-65,414,494,-112,284,-47,477,111,1039
446,-274,-192,-59,436,511,-98,302,-48,471,117,1046
466,-280,-207,-51,460,528,-87,319,-50,466,124,1051
484,-287,-218,-47,478,542,-84,330,-57,457,129,1053
496,-292,-223,-44,489,551,-89,336,-71,441,131,1055
506,-297,-226,-45,496,557,-100,338,-90,421,129,1055
519,-299,-235,-38,510,564,-107,341,-103,409,129,1057
535,-298,-249,-27,529,570,-110,346,-110,403,131,1057
550,-298,-262,-18,545,575,-112,356,-116,402,133,1056
563,-298,-271,-11,558,579,-109,371,-116,407,136,1060
572,-296,-279,-4,568,579,-105,386,-112,413,139,1064
578,-289,-288,6,575,574,-100,398,-105,419,141,1065
578,-281,-294,16,578,564,-99,410,-97,421,145,1064
574,-270,-297,25,575,549,-100,418,-88,422,152,1061
560,-259,-291,28,560,529,-102,423,-76,423,158,1059
544,-247,-284,31,542,506,-104,428,-65,422,163,1058
528,-233,-281,39,528,482,-105,433,-53,419,167,1055
514,-212,-286,55,519,455,-105,438,-41,420,172,1052
497,-188,-292,75,510,424,-106,441,-29,419,176,1048
474,-158,-299,98,498,387,-111,440,-22,414,177,1039
451,-127,-307,124,487,349,-115,437,-18,406,177,1026
419,-95,-308,145,465,305,-119,430,-19,395,172,1008
384,-63,-305,164,439,259,-123,420,-26,383,166,987
348,-31,-303,184,414,214,-129,409,-34,368,159,963
310,-1,-298,199,385,169,-137,397,-43,350,150,937
273,28,-293,214,358,126,-149,386,-53,326,142,913
234,49,-279,218,323,88,-164,373,-68,297,129,885
191,64,-254,210,280,52,-182,361,-89,265,111,854
148,70,-222,191,232,23,-200,349,-112,238,95,824
104,70,-182,163,178,-3,-216,339,-134,217,80,798
60,67,-139,131,123,-25,-232,331,-156,194,66,775
21,61,-99,98,72,-44,-252,325,-179,167,51,758
-15,57,-62,70,26,-60,-272,323,-202,142,35,746
-47,54,-30,45,-13,-75,-292,321,-226,116,21,737
-72,57,-11,33,-40,-89,-311,324,-250,94,12,734
-96,63,5,25,-64,-105,-327,328,-271,76,6,731
-119,71,19,21,-87,-123,-338,335,-287,63,4,730
-148,79,38,13,-116,-143,-353,344,-304,44,3,728
-176,88,57,6,-145,-165,-370,356,-321,23,4,725
-205,94,79,-5,-177,-185,-385,366,-337,5,5,720
-235,99,104,-18,-212,-206,-401,377,-351,-13,4,712
-259,106,122,-24,-238,-225,-412,392,-361,-28,3,707
-280,114,135,-27,-260,-242,-421,409,-372,-38,3,702
-297,116,152,-36,-282,-253,-431,422,-384,-50,2,696
-317,114,174,-50,-310,-264,-444,433,-398,-65,0,690
-338,111,200,-68,-341,-275,-461,440,-413,-84,-6,683
-351,110,216,-77,-360,-282,-473,448,-425,-98,-11,678
-360,113,222,-77,-371,-289,-483,455,-436,-108,-16,672
-373,120,231,-76,-386,-302,-493,461,-452,-123,-23,665
-389,126,242,-77,-406,-318,-501,466,-471,-142,-34,654
-407,135,254,-77,-428,-336,-508,469,-491,-162,-48,639
-428,144,267,-78,-453,-357,-513,469,-510,-181,-65,619
-452,156,283,-79,-482,-382,-520,466,-532,-205,-87,595
-479,169,299,-80,-513,-410,-530,462,-556,-230,-110,568
-508,181,319,-85,-548,-439,-540,459,-580,-256,-132,539
-533,190,338,-90,-579,-463,-544,458,-600,-276,-149,511
-552,192,358,-102,-608,-479,-542,461,-617,-291,-163,485
-565,192,376,-115,-632,-490,-535,467,-631,-297,-173,461
-574,187,393,-130,-651,-496,-523,480,-637,-295,-181,438
-577,180,407,-145,-664,-495,-504,498,-639,-286,-182,420
-571,171,413,-157,-666,-487,-480,522,-634,-269,-177,407
-564,160,422,-172,-669,-478,-455,547,-626,-247,-169,398
-559,149,429,-185,-672,-469,-430,571,-615,-225,-161,392
-551,143,430,-192,-668,-462,-404,595,-605,-202,-153,388
-545,143,427,-191,-662,-459,-374,621,-594,-177,-142,384
-542,145,423,-188,-658,-460,-344,651,-581,-157,-128,381
-543,139,432,-199,-664,-458,-318,680,-572,-146,-117,377
-548,124,452,-224,-680,-452,-296,709,-565,-139,-108,375
-555,106,478,-254,-701,-445,-273,737,-559,-133,-100,372
-566,85,511,-290,-728,-437,-248,764,-556,-129,-95,367
-578,61,547,-330,-758,-428,-224,787,-557,-132,-92,360
-592,36,585,-372,-789,-419,-206,808,-564,-142,-96,350
-602,12,619,-410,-816,-409,-191,826,-574,-156,-102,338
-616,-8,650,-442,-843,-402,-176,845,-585,-173,-109,324
-626,-19,671,-462,-860,-399,-158,865,-595,-189,-117,310
-634,-24,682,-472,-870,-398,-141,884,-604,-201,-127,296
-644,-23,688,-473,-877,-402,-122,903,-610,-209,-138,284
-658,-17,694,-472,-888,-412,-104,923,-619,-223,-149,271
-674,-8,698,-467,-900,-425,-86,941,-628,-237,-158,263
-690,1,704,-463,-913,-438,-67,958,-638,-253,-163,258
-708,4,717,-468,-933,-448,-51,974,-649,-272,-171,254
-724,5,728,-474,-951,-457,-35,992,-660,-290,-178,250
-737,1,744,-486,-971,-460,-20,1011,-669,-309,-182,245
-751,-14,770,-512,-999,-457,-4,1029,-682,-328,-187,240
-767,-32,802,-544,-1032,-453,8,1044,-697,-350,-194,234
-784,-51,838,-580,-1070,-451,19,1055,-713,-367,-202,228
-798,-63,861,-603,-1098,-451,33,1068,-724,-372,-208,226
-804,-68,872,-613,-1113,-452,48,1080,-735,-373,-213,222
-806,-72,877,-620,-1122,-451,58,1091,-744,-379,-218,216
-808,-76,882,-626,-1131,-452,65,1099,-753,-388,-224,208
-809,-79,886,-632,-1138,-452,72,1105,-762,-399,-228,201
-809,-80,887,-634,-1143,-454,85,1111,-768,-406,-231,193
-808,-80,886,-636,-1146,-456,99,1114,-773,-410,-232,184
-805,-79,883,-635,-1145,-459,114,1118,-775,-412,-230,176
-804,-77,879,-633,-1144,-463,128,1120,-775,-418,-229,168
-798,-75,872,-629,-1138,-465,141,1122,-774,-422,-229,160
-794,-73,866,-627,-1133,-468,152,1122,-771,-426,-229,154
-793,-65,857,-618,-1127,-477,166,1120,-768,-426,-229,148
-798,-55,852,-611,-1127,-492,178,1117,-767,-423,-231,142
-804,-47,849,-606,-1129,-507,187,1112,-770,-421,-234,134
-808,-38,843,-598,-1126,-519,195,1106,-776,-421,-237,124
-814,-31,842,-594,-1126,-532,201,1096,-787,-424,-245,111
-824,-21,840,-588,-1129,-549,204,1083,-800,-427,-256,98
-830,-11,836,-580,-1127,-563,208,1070,-813,-429,-269,84
-833,-3,829,-571,-1120,-573,215,1059,-825,-429,-282,70
-836,8,819,-557,-1111,-585,225,1051,-834,-426,-295,56
-847,16,820,-553,-1115,-599,232,1042,-846,-431,-308,39
-864,20,831,-558,-1129,-614,234,1029,-864,-446,-323,20
-879,18,847,-569,-1145,-624,237,1012,-884,-466,-339,0
-897,14,866,-584,-1165,-633,237,991,-903,-486,-357,-18
-916,7,891,-604,-1191,-641,235,969,-921,-505,-378,-35
-937,-2,918,-626,-1219,-648,229,949,-941,-530,-400,-50
-954,-10,943,-647,-1245,-653,223,929,-961,-556,-421,-63
-971,-16,965,-663,-1269,-659,218,911,-984,-584,-440,-78
-987,-16,980,-670,-1288,-668,216,899,-1001,-608,-457,-89
-1004,-14,994,-676,-1308,-678,215,888,-1016,-627,-471,-98
-1018,-11,1005,-679,-1325,-687,216,878,-1026,-641,-482,-103
-1034,-8,1020,-685,-1348,-697,216,870,-1037,-660,-495,-107
-1051,-4,1033,-688,-1369,-708,217,863,-1046,-675,-508,-110
-1068,1,1047,-692,-1392,-720,221,856,-1055,-688,-521,-115
-1083,5,1062,-697,-1415,-730,226,847,-1064,-700,-535,-118
-1094,12,1069,-696,-1430,-738,233,843,-1069,-702,-543,-117
-1101,22,1070,-689,-1440,-747,239,841,-1071,-699,-547,-113
-1108,29,1073,-685,-1450,-753,244,839,-1074,-696,-550,-110
-1115,34,1079,-684,-1462,-759,250,839,-1078,-694,-557,-108
-1125,38,1089,-689,-1480,-765,256,838,-1084,-691,-563,-107
-1133,44,1094,-687,-1491,-772,267,839,-1086,-682,-566,-103
-1136,55,1090,-677,-1494,-779,282,842,-1084,-668,-566,-99
-1138,64,1086,-669,-1496,-786,296,847,-1082,-657,-567,-98
-1139,71,1082,-662,-1496,-790,308,852,-1078,-646,-569,-98
-1139,77,1079,-657,-1497,-794,322,854,-1074,-631,-570,-96
-1141,84,1075,-650,-1497,-800,339,857,-1069,-613,-569,-93
-1143,90,1073,-646,-1498,-807,355,857,-1068,-601,-570,-92
-1144,96,1069,-640,-1496,-814,370,853,-1068,-593,-569,-93
-1147,102,1067,-637,-1496,-821,386,846,-1069,-589,-568,-95
-1147,106,1064,-634,-1492,-827,403,840,-1069,-585,-566,-95
-1142,106,1059,-632,-1484,-827,419,838,-1065,-579,-561,-94
-1134,108,1050,-627,-1471,-826,439,837,-1057,-569,-555,-90
-1129,110,1041,-621,-1459,-827,462,837,-1046,-557,-549,-84
-1122,111,1033,-617,-1446,-827,483,837,-1034,-544,-541,-77
-1111,110,1021,-612,-1427,-822,503,839,-1021,-527,-531,-70
-1100,104,1014,-613,-1412,-815,518,838,-1011,-512,-525,-66
-1093,98,1011,-617,-1403,-810,528,835,-1004,-497,-524,-66
-1090,99,1003,-612,-1393,-811,538,833,-993,-482,-523,-67
-1085,106,989,-600,-1377,-814,548,833,-979,-467,-521,-65
-1075,114,968,-582,-1354,-814,559,835,-962,-455,-518,-59
-1070,114,959,-577,-1343,-812,563,837,-950,-454,-518,-58
-1074,110,963,-583,-1347,-812,559,839,-942,-460,-520,-58
-1082,103,974,-596,-1358,-812,557,841,-933,-461,-523,-59
-1089,92,988,-612,-1371,-809,557,843,-923,-456,-526,-60
-1095,80,1003,-630,-1386,-803,556,845,-913,-449,-529,-59
-1102,67,1019,-649,-1401,-796,553,847,-906,-444,-533,-55
-1106,51,1036,-670,-1416,-786,550,846,-902,-441,-538,-51
-1112,33,1056,-695,-1434,-775,541,842,-900,-441,-545,-51
-1117,17,1075,-717,-1452,-764,531,836,-897,-442,-550,-52
-1127,7,1093,-735,-1473,-760,518,828,-893,-443,-555,-54
-1134,2,1103,-743,-1487,-758,506,822,-888,-442,-560,-56
-1138,-1,1110,-749,-1497,-755,494,819,-884,-446,-567,-59
-1138,0,1110,-747,-1500,-753,482,818,-879,-450,-569,-61
-1136,3,1106,-741,-1500,-750,472,819,-874,-450,-569,-62
-1134,3,1106,-740,-1501,-745,460,816,-869,-452,-567,-65
-1128,1,1104,-738,-1499,-738,448,814,-864,-455,-563,-68
-1121,1,1100,-734,-1494,-730,436,812,-860,-460,-559,-69
-1117,0,1100,-733,-1495,-726,420,807,-859,-469,-557,-71
-1118,1,1103,-733,-1500,-726,400,800,-860,-477,-558,-74
-1118,-2,1109,-738,-1505,-723,374,789,-862,-478,-561,-75
-1115,0,1108,-734,-1504,-721,350,779,-862,-471,-566,-77
-1110,6,1100,-724,-1496,-723,328,770,-858,-462,-571,-80
-1108,11,1095,-716,-1492,-725,305,763,-852,-456,-578,-84
-1105,15,1091,-709,-1487,-728,284,755,-847,-450,-586,-90
-1104,17,1090,-706,-1485,-731,264,746,-845,-445,-598,-99
-1107,19,1092,-705,-1486,-736,249,740,-839,-436,-608,-106
-1106,19,1095,-706,-1486,-739,236,733,-833,-426,-618,-110
-1100,20,1089,-701,-1476,-739,222,726,-826,-416,-626,-114
-1093,24,1081,-693,-1463,-741,211,719,-819,-407,-634,-118
-1083,31,1065,-678,-1442,-742,207,716,-809,-392,-640,-120
-1069,34,1051,-666,-1420,-739,208,718,-795,-374,-647,-120
-1054,37,1035,-654,-1396,-735,216,721,-777,-348,-652,-120
-1040,37,1021,-646,-1374,-730,229,726,-759,-327,-658,-123
-1032,42,1010,-636,-1357,-731,243,731,-742,-312,-666,-128
-1028,52,996,-622,-1341,-738,257,737,-724,-293,-674,-135
-1029,59,990,-615,-1335,-747,273,742,-709,-275,-686,-144
-1034,66,988,-611,-1333,-756,291,749,-695,-258,-699,-157
-1040,77,982,-601,-1330,-770,314,763,-677,-237,-710,-171
-1048,95,969,-583,-1324,-788,342,785,-655,-210,-719,-187
-1052,117,950,-557,-1312,-806,379,817,-625,-180,-726,-207
-1063,135,940,-541,-1311,-825,414,855,-593,-154,-737,-231
-1082,149,942,-535,-1324,-846,451,901,-558,-132,-751,-258
-1103,156,951,-538,-1343,-862,495,958,-519,-104,-764,-287
-1123,159,964,-547,-1365,-874,543,1022,-476,-75,-777,-320
-1142,158,979,-559,-1389,-884,592,1094,-431,-45,-792,-355
-1161,155,995,-572,-1414,-890,639,1174,-381,-19,-808,-390
-1177,151,1011,-586,-1438,-894,687,1262,-325,6,-825,-425
-1191,144,1027,-602,-1461,-894,734,1352,-266,28,-842,-461
-1198,135,1037,-614,-1475,-888,781,1447,-202,54,-855,-493
-1205,128,1047,-626,-1490,-883,829,1543,-134,86,-865,-522
-1210,121,1055,-635,-1503,-877,878,1644,-57,126,-871,-550
-1214,109,1068,-650,-1519,-868,926,1753,27,168,-874,-574
-1215,97,1078,-664,-1531,-857,977,1873,120,219,-875,-596
-1212,86,1085,-675,-1538,-844,1035,1998,222,286,-869,-614
-1205,72,1092,-687,-1542,-827,1095,2127,334,367,-858,-626
-1185,58,1086,-690,-1528,-802,1160,2266,460,465,-835,-626
-1151,44,1069,-687,-1497,-769,1233,2410,601,577,-798,-615
-1111,26,1049,-684,-1460,-729,1309,2558,755,707,-745,-593
-1068,10,1026,-677,-1419,-690,1386,2706,921,856,-678,-556
-1028,-1,1002,-667,-1377,-657,1462,2854,1096,1019,-601,-507
-980,-7,965,-644,-1322,-624,1537,3004,1278,1204,-510,-444
-927,-5,916,-609,-1254,-592,1615,3157,1475,1411,-399,-366
-872,1,862,-568,-1180,-564,1694,3306,1679,1629,-274,-272
-817,12,803,-520,-1102,-540,1771,3446,1886,1855,-135,-163
-762,31,737,-463,-1020,-521,1842,3576,2093,2085,16,-42
-704,54,662,-397,-928,-505,1909,3698,2304,2322,179,91
-643,78,584,-329,-832,-488,1971,3814,2517,2570,355,239
-577,101,500,-258,-729,-466,2029,3924,2733,2826,546,403
-510,122,418,-189,-625,-444,2079,4027,2949,3088,753,583
-445,144,334,-120,-522,-422,2120,4122,3168,3359,980,780
-382,164,254,-53,-421,-400,2154,4210,3389,3643,1231,1002
-313,186,165,20,-312,-375,2186,4296,3617,3948,1505,1251
-236,209,66,101,-190,-344,2215,4377,3848,4264,1799,1521
-150,231,-44,188,-55,-306,2239,4452,4075,4587,2113,1815
-50,253,-167,284,98,-256,2265,4522,4301,4919,2444,2130
55,272,-295,381,256,-201,2287,4576,4518,5250,2787,2464
167,290,-430,483,425,-138,2300,4605,4718,5570,3138,2817
293,305,-575,589,608,-62,2304,4600,4893,5881,3500,3187
432,315,-730,698,806,26,2293,4551,5040,6178,3871,3573
589,315,-893,806,1021,136,2265,4454,5154,6457,4251,3974
760,299,-1055,902,1244,267,2214,4295,5226,6707,4630,4386
939,271,-1213,988,1469,412,2140,4071,5251,6940,5014,4814
1127,236,-1371,1069,1699,569,2044,3782,5230,7166,5412,5264
1325,192,-1532,1145,1938,740,1927,3429,5164,7388,5827,5739
1535,142,-1699,1222,2188,923,1787,3014,5056,7604,6260,6239
1756,90,-1872,1302,2449,1117,1623,2539,4906,7811,6712,6769
1990,36,-2057,1388,2726,1319,1439,2007,4717,8010,7183,7326
2230,-17,-2246,1478,3009,1525,1232,1421,4487,8195,7666,7902
2474,-64,-2445,1579,3301,1729,1009,795,4218,8365,8158,8497
2724,-110,-2649,1685,3600,1936,771,131,3911,8522,8655,9111
2984,-158,-2862,1796,3912,2150,521,-567,3577,8678,9164,9749
3252,-208,-3079,1908,4232,2369,250,-1298,3214,8825,9686,10412
3533,-258,-3306,2028,4567,2596,-45,-2060,2825,8968,10224,11100
3828,-308,-3548,2158,4921,2830,-362,-2852,2413,9113,10779,11812
4135,-358,-3800,2296,5290,3069,-700,-3672,1982,9255,11351,12548
4459,-406,-4071,2447,5683,3317,-1058,-4509,1540,9409,11944,13312
4799,-456,-4357,2607,6097,3575,-1431,-5364,1090,9580,12560,14105
5152,-510,-4650,2770,6524,3842,-1820,-6231,635,9762,13196,14923
5515,-571,-4947,2932,6963,4118,-2219,-7104,179,9954,13849,15768
5887,-640,-5245,3087,7406,4403,-2626,-7978,-275,10149,14512,16631
6272,-714,-5550,3244,7865,4699,-3028,-8845,-728,10351,15184,17508
6665,-792,-5861,3402,8333,5001,-3424,-9702,-1173,10558,15861,18392
7048,-866,-6166,3559,8792,5294,-3821,-10543,-1612,10752,16536,19274
7412,-929,-6463,3716,9233,5564,-4223,-11368,-2048,10931,17201,20145
7753,-980,-6748,3873,9650,5812,-4632,-12179,-2485,11090,17851,21000
8072,-1020,-7025,4031,10049,6037,-5046,-12979,-2924,11233,18482,21832
8373,-1052,-7290,4185,10428,6246,-5461,-13768,-3369,11350,19092,22639
8660,-1082,-7546,4334,10792,6445,-5871,-14541,-3815,11442,19677,23420
8941,-1118,-7790,4471,11144,6645,-6274,-15292,-4258,11514,20237,24170
9224,-1164,-8025,4593,11491,6856,-6662,-16017,-4691,11575,20774,24891
9507,-1228,-8245,4693,11830,7081,-7037,-16717,-5115,11619,21284,25577
9784,-1302,-8449,4776,12152,7309,-7397,-17396,-5534,11639,21757,26218
10042,-1384,-8629,4837,12447,7534,-7750,-18060,-5959,11618,22186,26803
10275,-1466,-8782,4881,12707,7743,-8099,-18709,-6392,11554,22563,27325
10469,-1536,-8910,4916,12923,7921,-8436,-19336,-6830,11454,22880,27778
10611,-1592,-9001,4935,13080,8057,-8761,-19939,-7278,11302,23124,28150
10700,-1631,-9057,4943,13178,8149,-9074,-20518,-7736,11097,23287,28432
10734,-1645,-9083,4948,13220,8190,-9371,-21075,-8201,10850,23376,28625
10706,-1629,-9076,4951,13198,8172,-9659,-21608,-8668,10576,23400,28729
10614,-1583,-9036,4952,13110,8092,-9941,-22112,-9134,10278,23365,28752
10449,-1511,-8950,4941,12942,7947,-10231,-22592,-9605,9943,23263,28689
10219,-1416,-8820,4916,12702,7745,-10530,-23048,-10084,9567,23086,28530
9938,-1307,-8654,4878,12402,7500,-10828,-23477,-10562,9156,22827,28265
9609,-1187,-8451,4824,12047,7216,-11127,-23873,-11034,8715,22480,27888
9237,-1056,-8216,4757,11641,6896,-11428,-24231,-11494,8249,22056,27409
8831,-916,-7956,4679,11195,6546,-11730,-24548,-11932,7777,21571,26842
8400,-766,-7678,4597,10719,6171,-12024,-24821,-12341,7306,21038,26196
7946,-611,-7385,4509,10218,5775,-12308,-25047,-12715,6842,20463,25476
7479,-450,-7083,4420,9703,5366,-12572,-25216,-13045,6393,19857,24690
6997,-286,-6769,4326,9170,4942,-12816,-25327,-13336,5960,19219,23848
6501,-118,-6443,4227,8619,4503,-13035,-25380,-13588,5537,18552,22950
5987,52,-6101,4119,8045,4049,-13227,-25370,-13799,5115,17854,22006
5464,223,-5750,4006,7461,3586,-13386,-25295,-13974,4691,17121,21022
4942,391,-5397,3889,6874,3123,-13507,-25159,-14119,4251,16349,19995
4423,555,-5040,3767,6288,2662,-13594,-24973,-14244,3775,15534,18928
3916,715,-4691,3647,5715,2209,-13650,-24743,-14356,3258,14671,17832
3427,866,-4350,3526,5160,1773,-13678,-24473,-14458,2694,13764,16711
2960,999,-4012,3394,4622,1362,-13679,-24167,-14551,2089,12812,15570
2516,1114,-3678,3252,4103,976,-13652,-23824,-14633,1456,11822,14417
2097,1211,-3350,3102,3606,619,-13593,-23445,-14698,802,10794,13253
1712,1295,-3041,2954,3144,291,-13494,-23030,-14742,135,9736,12083
1363,1364,-2752,2808,2720,-2,-13354,-22579,-14764,-545,8652,10911
1046,1413,-2474,2656,2325,-261,-13179,-22098,-14767,-1233,7551,9742
756,1445,-2206,2497,1956,-489,-12974,-21591,-14752,-1922,6442,8582
490,1458,-1942,2328,1606,-688,-12744,-21064,-14714,-2600,5333,7438
249,1454,-1685,2151,1278,-858,-12485,-20518,-14648,-3247,4241,6327
32,1434,-1437,1967,972,-999,-12199,-19955,-14551,-3850,3180,5257
-157,1401,-1202,1783,693,-1112,-11887,-19374,-14418,-4398,2162,4236
-327,1357,-977,1599,435,-1202,-11552,-18777,-14247,-4885,1198,3272
-474,1309,-770,1422,203,-1272,-11197,-18161,-14040,-5311,296,2375
-603,1256,-579,1253,-5,-1324,-10828,-17527,-13801,-5680,-541,1545
-716,1207,-409,1100,-190,-1366,-10448,-16883,-13528,-5985,-1311,783
-819,1159,-251,956,-359,-1399,-10062,-16238,-13224,-6231,-2013,86
-914,1115,-104,822,-517,-1427,-9677,-15596,-12897,-6422,-2647,-544
-1000,1073,27,700,-658,-1449,-9295,-14962,-12551,-6560,-3211,-1106
-1083,1032,154,582,-795,-1467,-8921,-14342,-12191,-6650,-3708,-1604
-1164,996,271,474,-924,-1485,-8559,-13735,-11821,-6698,-4137,-2037
-1240,964,377,376,-1043,-1501,-8211,-13139,-11439,-6698,-4496,-2404
-1308,934,472,289,-1151,-1513,-7874,-12557,-11046,-6653,-4788,-2712
-1372,911,553,215,-1247,-1525,-7551,-11988,-10645,-6571,-5017,-2965
-1435,888,630,146,-1341,-1537,-7246,-11438,-10245,-6461,-5191,-3169
-1492,859,706,73,-1430,-1540,-6954,-10906,-9848,-6328,-5319,-3330
-1533,821,774,1,-1505,-1529,-6670,-10389,-9455,-6170,-5406,-3451
-1561,776,833,-68,-1566,-1504,-6392,-9887,-9063,-5993,-5456,-3540
-1578,726,885,-135,-1616,-1470,-6120,-9398,-8673,-5798,-5475,-3601
-1585,671,932,-201,-1656,-1429,-5854,-8923,-8288,-5593,-5468,-3636
-1583,612,973,-265,-1687,-1380,-5592,-8458,-7907,-5383,-5436,-3647
-1575,548,1014,-332,-1715,-1325,-5335,-8008,-7536,-5176,-5386,-3644
-1562,484,1049,-394,-1735,-1270,-5084,-7572,-7175,-4972,-5322,-3629
-1547,417,1086,-458,-1755,-1215,-4846,-7157,-6831,-4777,-5251,-3607
-1532,353,1122,-520,-1775,-1163,-4614,-6760,-6501,-4589,-5170,-3579
-1518,288,1159,-582,-1795,-1114,-4393,-6378,-6185,-4412,-5083,-3546
-1503,228,1195,-640,-1814,-1070,-4180,-6009,-5882,-4242,-4990,-3508
-1489,171,1231,-696,-1834,-1031,-3972,-5653,-5590,-4078,-4892,-3468
-1481,119,1269,-750,-1858,-1001,-3769,-5310,-5309,-3924,-4792,-3425
-1468,73,1299,-795,-1872,-973,-3567,-4974,-5037,-3772,-4690,-3374
-1450,35,1317,-828,-1875,-949,-3369,-4648,-4775,-3620,-4585,-3322
-1433,3,1334,-855,-1877,-931,-3178,-4335,-4524,-3473,-4481,-3270
-1414,-27,1350,-883,-1876,-912,-2994,-4034,-4282,-3333,-4378,-3221
-1396,-58,1370,-912,-1877,-895,-2817,-3748,-4052,-3194,-4279,-3175
-1376,-81,1383,-935,-1872,-881,-2642,-3473,-3829,-3053,-4181,-3131
-1352,-99,1389,-950,-1859,-868,-2471,-3212,-3610,-2916,-4085,-3091
-1329,-111,1391,-960,-1843,-859,-2305,-2964,-3401,-2789,-3993,-3059
-1307,-119,1392,-967,-1826,-851,-2146,-2727,-3202,-2667,-3905,-3032
-1288,-124,1394,-974,-1811,-847,-1993,-2502,-3010,-2550,-3819,-3007
-1270,-128,1398,-982,-1798,-842,-1844,-2288,-2822,-2436,-3736,-2987
-1255,-132,1404,-993,-1787,-837,-1701,-2085,-2639,-2328,-3660,-2973
-1240,-138,1412,-1007,-1778,-828,-1565,-1893,-2463,-2226,-3586,-2965
-1232,-142,1424,-1023,-1776,-823,-1441,-1717,-2300,-2137,-3519,-2964
-1226,-139,1431,-1031,-1772,-821,-1324,-1552,-2147,-2053,-3454,-2965
-1222,-133,1435,-1036,-1768,-822,-1218,-1399,-2006,-1977,-3394,-2972
-1218,-121,1431,-1032,-1759,-823,-1118,-1259,-1874,-1904,-3339,-2982
-1219,-108,1429,-1027,-1754,-827,-1023,-1130,-1750,-1833,-3290,-2997
-1225,-98,1433,-1028,-1757,-829,-935,-1012,-1633,-1766,-3246,-3014
-1230,-90,1435,-1029,-1759,-828,-852,-901,-1520,-1704,-3209,-3031
-1238,-90,1445,-1040,-1768,-822,-777,-803,-1414,-1651,-3181,-3051
-1246,-94,1457,-1055,-1780,-812,-710,-713,-1315,-1604,-3159,-3071
-1251,-96,1460,-1060,-1785,-802,-646,-625,-1217,-1562,-3141,-3089
-1250,-96,1453,-1057,-1779,-787,-584,-540,-1117,-1521,-3124,-3104
-1243,-96,1437,-1048,-1764,-769,-524,-456,-1016,-1481,-3105,-3114
-1240,-101,1429,-1046,-1757,-750,-475,-381,-919,-1452,-3091,-3124
-1245,-109,1429,-1050,-1762,-736,-441,-313,-832,-1432,-3084,-3133
-1252,-118,1430,-1055,-1769,-724,-414,-250,-748,-1413,-3081,-3141
-1260,-130,1433,-1063,-1779,-711,-391,-191,-667,-1392,-3081,-3147
-1273,-141,1438,-1070,-1793,-704,-372,-135,-588,-1371,-3082,-3150
-1290,-150,1447,-1079,-1814,-703,-358,-81,-513,-1356,-3086,-3147
-1307,-161,1457,-1089,-1835,-702,-347,-29,-440,-1344,-3088,-3141
-1323,-177,1471,-1104,-1857,-699,-338,19,-368,-1335,-3091,-3134
-1338,-188,1481,-1114,-1877,-700,-330,65,-298,-1324,-3095,-3127
-1360,-196,1494,-1123,-1903,-711,-328,108,-232,-1320,-3101,-3119
-1388,-199,1512,-1133,-1936,-729,-329,145,-168,-1320,-3106,-3111
-1421,-201,1536,-1145,-1977,-754,-333,178,-108,-1325,-3109,-3106
-1455,-201,1560,-1157,-2018,-782,-339,212,-55,-1332,-3110,-3100
-1487,-199,1583,-1168,-2057,-812,-342,244,-7,-1332,-3110,-3094
-1520,-191,1604,-1174,-2095,-848,-343,274,35,-1330,-3106,-3089
-1547,-175,1613,-1167,-2121,-885,-338,306,75,-1322,-3096,-3079
-1567,-154,1613,-1151,-2136,-923,-327,337,117,-1306,-3081,-3067
-1586,-131,1613,-1136,-2149,-960,-309,369,156,-1286,-3060,-3052
-1603,-110,1614,-1123,-2163,-997,-283,400,191,-1261,-3035,-3037
-1616,-93,1620,-1117,-2176,-1027,-254,423,216,-1235,-3009,-3026
-1625,-75,1622,-1109,-2185,-1056,-218,442,237,-1205,-2981,-3016
-1631,-54,1620,-1096,-2188,-1084,-178,458,252,-1173,-2952,-3007
-1637,-33,1620,-1086,-2192,-1111,-139,469,257,-1141,-2925,-2998
-1642,-8,1616,-1071,-2193,-1138,-100,475,257,-1112,-2900,-2990
-1644,20,1607,-1051,-2188,-1165,-62,479,250,-1087,-2878,-2984
-1645,53,1592,-1025,-2178,-1193,-23,482,238,-1057,-2853,-2977
-1649,83,1582,-1002,-2172,-1219,16,486,225,-1024,-2828,-2970
-1652,113,1571,-981,-2166,-1243,56,489,211,-994,-2802,-2964
-1656,136,1567,-968,-2164,-1262,90,485,194,-967,-2779,-2963
-1659,154,1565,-959,-2162,-1275,124,476,177,-940,-2758,-2962
-1664,167,1567,-956,-2165,-1284,154,465,161,-919,-2741,-2961
-1666,177,1569,-955,-2164,-1288,182,452,148,-894,-2727,-2959
-1668,184,1571,-955,-2165,-1289,206,436,136,-873,-2718,-2961
-1673,190,1576,-956,-2168,-1291,224,417,125,-858,-2714,-2965
-1678,197,1576,-953,-2169,-1292,240,396,118,-842,-2711,-2970
-1685,201,1579,-953,-2172,-1292,254,373,113,-828,-2709,-2976
-1690,204,1580,-952,-2174,-1291,267,350,114,-817,-2712,-2980
-1691,208,1573,-944,-2167,-1286,277,332,122,-806,-2718,-2981
-1690,210,1564,-935,-2158,-1280,285,318,139,-793,-2722,-2978
-1687,212,1551,-923,-2146,-1273,291,310,166,-781,-2725,-2975
-1689,210,1546,-919,-2143,-1266,291,302,195,-777,-2732,-2974
-1696,199,1552,-927,-2150,-1257,283,295,222,-783,-2743,-2973
-1705,187,1560,-937,-2161,-1249,271,287,253,-792,-2757,-2973
-1712,170,1572,-952,-2172,-1237,256,280,286,-804,-2775,-2974
-1717,150,1582,-968,-2183,-1223,240,278,325,-818,-2795,-2975
-1723,131,1594,-984,-2196,-1211,218,284,365,-832,-2818,-2971
-1733,116,1605,-996,-2210,-1204,197,300,406,-845,-2838,-2965
-1742,104,1615,-1006,-2223,-1200,178,321,445,-860,-2853,-2957
-1746,94,1617,-1010,-2229,-1194,165,349,488,-875,-2866,-2945
-1752,86,1620,-1012,-2236,-1192,154,381,532,-890,-2878,-2933
-1761,83,1622,-1012,-2246,-1194,151,418,578,-896,-2886,-2920
-1771,82,1626,-1011,-2257,-1200,149,459,623,-903,-2895,-2907
-1777,82,1625,-1008,-2262,-1203,147,504,665,-917,-2903,-2895
-1780,80,1626,-1008,-2267,-1204,148,552,707,-930,-2907,-2884
-1785,76,1634,-1014,-2278,-1206,150,600,748,-944,-2908,-2874
-1787,74,1637,-1017,-2284,-1206,158,651,791,-950,-2903,-2863
-1784,74,1636,-1017,-2284,-1206,172,703,834,-953,-2891,-2852
-1782,73,1638,-1019,-2287,-1205,190,756,873,-956,-2879,-2841
-1780,69,1645,-1028,-2293,-1204,209,810,906,-967,-2870,-2835
-1782,61,1662,-1047,-2308,-1203,228,863,935,-981,-2862,-2835
-1781,55,1676,-1063,-2319,-1201,251,915,960,-988,-2855,-2836
-1776,52,1683,-1073,-2322,-1199,282,968,986,-992,-2845,-2839
-1775,54,1689,-1079,-2327,-1204,316,1019,1010,-1002,-2834,-2845
-1774,63,1690,-1078,-2329,-1213,352,1071,1032,-1012,-2817,-2849
-1770,75,1685,-1071,-2325,-1224,394,1125,1056,-1016,-2796,-2850
-1766,94,1674,-1056,-2316,-1238,444,1179,1085,-1010,-2769,-2850
-1764,115,1661,-1038,-2308,-1255,492,1229,1113,-1006,-2739,-2847
-1759,135,1645,-1018,-2294,-1270,539,1277,1139,-1001,-2707,-2845
-1752,149,1633,-1005,-2282,-1278,584,1320,1159,-997,-2676,-2845
-1743,159,1621,-994,-2269,-1284,630,1363,1176,-993,-2645,-2843
-1736,167,1613,-987,-2258,-1288,676,1404,1186,-991,-2614,-2839
-1726,170,1605,-982,-2246,-1287,721,1446,1196,-986,-2583,-2836
-1714,165,1600,-985,-2234,-1280,765,1484,1201,-977,-2553,-2839
-1702,158,1597,-990,-2223,-1268,803,1516,1199,-970,-2528,-2846
-1691,150,1593,-993,-2211,-1257,840,1547,1193,-963,-2505,-2854
-1692,145,1597,-1000,-2212,-1255,872,1576,1178,-963,-2486,-2863
-1699,141,1604,-1007,-2219,-1258,899,1604,1155,-967,-2470,-2873
-1706,141,1607,-1008,-2223,-1262,922,1630,1126,-973,-2455,-2884
-1713,142,1606,-1005,-2223,-1266,945,1654,1094,-979,-2443,-2896
-1720,146,1602,-998,-2222,-1270,968,1679,1056,-984,-2429,-2907
-1731,143,1608,-1001,-2230,-1273,983,1700,1011,-996,-2419,-2920
-1744,134,1621,-1013,-2244,-1273,992,1721,963,-1011,-2410,-2931
-1756,123,1635,-1026,-2258,-1270,1003,1746,918,-1016,-2394,-2937
-1763,110,1647,-1039,-2267,-1261,1013,1773,876,-1017,-2376,-2940
-1766,98,1652,-1047,-2270,-1251,1029,1805,837,-1021,-2359,-2941
-1767,90,1654,-1050,-2269,-1242,1045,1841,799,-1026,-2343,-2937
-1768,85,1651,-1047,-2266,-1235,1064,1879,765,-1029,-2328,-2931
-1767,80,1648,-1044,-2262,-1227,1085,1918,733,-1036,-2317,-2927
-1761,76,1639,-1038,-2251,-1216,1106,1960,706,-1042,-2305,-2921
-1755,73,1630,-1031,-2241,-1206,1125,2001,682,-1048,-2294,-2915
-1750,73,1620,-1022,-2232,-1200,1144,2043,665,-1053,-2284,-2912
-1748,72,1616,-1017,-2228,-1194,1162,2087,654,-1059,-2272,-2911
-1748,72,1614,-1015,-2228,-1192,1177,2133,648,-1061,-2257,-2911
-1749,73,1613,-1012,-2230,-1192,1191,2179,651,-1061,-2242,-2911
-1754,73,1618,-1014,-2239,-1194,1200,2223,658,-1062,-2232,-2912
-1755,73,1619,-1015,-2243,-1195,1211,2272,674,-1058,-2222,-2909
-1750,74,1616,-1012,-2240,-1193,1221,2322,698,-1053,-2211,-2904
-1747,74,1615,-1011,-2240,-1193,1227,2371,725,-1049,-2200,-2902
-1746,75,1617,-1012,-2244,-1195,1227,2419,753,-1047,-2192,-2904
-1750,76,1625,-1018,-2255,-1201,1222,2464,781,-1043,-2189,-2909
-1752,81,1628,-1018,-2261,-1209,1220,2510,816,-1031,-2183,-2914
-1747,85,1625,-1014,-2259,-1213,1223,2555,860,-1015,-2176,-2917
-1744,88,1626,-1014,-2261,-1217,1227,2602,907,-999,-2171,-2920
-1746,94,1629,-1014,-2266,-1226,1231,2650,954,-986,-2166,-2920
-1749,101,1633,-1014,-2273,-1237,1237,2696,1001,-971,-2161,-2921
-1750,108,1634,-1012,-2276,-1246,1248,2737,1049,-953,-2156,-2923
-1751,114,1637,-1012,-2280,-1255,1261,2776,1095,-938,-2151,-2929
-1754,120,1639,-1011,-2284,-1264,1274,2812,1137,-928,-2144,-2937
-1757,125,1645,-1015,-2291,-1273,1283,2843,1174,-924,-2140,-2946
-1755,127,1647,-1017,-2291,-1275,1292,2876,1208,-916,-2134,-2953
-1747,126,1645,-1018,-2283,-1272,1305,2908,1239,-909,-2127,-2958
-1735,130,1634,-1010,-2268,-1269,1323,2937,1267,-897,-2118,-2961
-1724,135,1621,-1001,-2251,-1266,1342,2964,1293,-883,-2108,-2965
-1715,138,1612,-994,-2237,-1263,1362,2987,1313,-870,-2100,-2968
-1704,143,1597,-983,-2217,-1259,1385,3010,1328,-858,-2092,-2971
-1700,147,1589,-976,-2206,-1258,1409,3029,1337,-850,-2085,-2978
-1700,148,1587,-975,-2202,-1258,1431,3041,1340,-846,-2080,-2986
-1700,148,1585,-974,-2198,-1257,1451,3050,1339,-841,-2076,-2994
-1700,150,1581,-972,-2192,-1256,1473,3057,1336,-833,-2069,-3000
-1701,151,1576,-968,-2186,-1255,1495,3066,1334,-818,-2061,-3004
-1706,148,1581,-973,-2188,-1253,1508,3072,1329,-810,-2057,-3009
-1717,138,1595,-989,-2201,-1250,1513,3076,1319,-806,-2058,-3012
-1731,128,1613,-1007,-2218,-1249,1514,3078,1306,-798,-2065,-3012
-1747,118,1634,-1026,-2240,-1250,1514,3077,1292,-786,-2075,-3012
-1766,106,1657,-1048,-2265,-1251,1514,3077,1281,-770,-2085,-3010
-1786,91,1685,-1075,-2294,-1250,1509,3077,1269,-758,-2097,-3007
-1802,74,1713,-1103,-2321,-1245,1504,3078,1256,-746,-2107,-3005
-1818,56,1741,-1131,-2349,-1240,1498,3077,1241,-732,-2116,-3006
-1831,42,1762,-1151,-2371,-1236,1493,3077,1227,-717,-2123,-3004
-1841,31,1778,-1167,-2389,-1232,1486,3078,1215,-702,-2127,-3001
-1850,27,1788,-1174,-2401,-1232,1476,3077,1207,-686,-2131,-2998
-1859,26,1796,-1177,-2414,-1235,1461,3077,1201,-673,-2137,-2996
-1865,29,1798,-1174,-2422,-1239,1442,3078,1199,-659,-2142,-2991
-1864,31,1794,-1168,-2421,-1237,1424,3078,1200,-640,-2144,-2985
-1862,36,1787,-1158,-2418,-1237,1404,3075,1201,-621,-2146,-2979
-1856,46,1773,-1141,-2408,-1240,1384,3071,1203,-600,-2145,-2974
-1848,58,1756,-1120,-2395,-1241,1365,3066,1206,-583,-2142,-2971
-1837,64,1742,-1106,-2383,-1239,1343,3056,1207,-572,-2142,-2968
-1825,64,1734,-1099,-2374,-1232,1317,3041,1203,-566,-2146,-2966
-1815,61,1731,-1099,-2370,-1226,1284,3020,1197,-562,-2155,-2965
-1801,60,1723,-1095,-2359,-1218,1253,2997,1193,-550,-2165,-2966
-1779,60,1707,-1084,-2338,-1207,1226,2973,1191,-533,-2173,-2968
-1757,61,1689,-1072,-2316,-1198,1199,2950,1192,-518,-2178,-2970
-1738,65,1672,-1058,-2294,-1193,1169,2924,1193,-508,-2184,-2974
-1722,72,1653,-1042,-2274,-1191,1136,2894,1192,-501,-2188,-2979
-1707,81,1634,-1025,-2253,-1192,1102,2860,1192,-491,-2193,-2988
-1695,91,1616,-1007,-2234,-1197,1072,2825,1191,-484,-2196,-2996
-1685,105,1597,-986,-2215,-1205,1047,2790,1194,-473,-2199,-3002
-1679,116,1583,-972,-2202,-1214,1022,2755,1196,-466,-2202,-3008
-1673,126,1570,-958,-2188,-1221,998,2717,1196,-457,-2204,-3013
-1666,133,1559,-948,-2175,-1227,974,2678,1196,-453,-2208,-3019
-1660,143,1545,-934,-2160,-1234,951,2637,1196,-447,-2210,-3028
-1656,151,1533,-923,-2147,-1240,931,2595,1197,-437,-2213,-3042
-1657,158,1527,-917,-2141,-1248,913,2550,1195,-426,-2217,-3056
-1657,161,1523,-913,-2136,-1253,896,2503,1191,-414,-2223,-3068
-1662,161,1526,-917,-2138,-1258,877,2450,1183,-404,-2232,-3082
-1672,161,1534,-923,-2146,-1265,855,2393,1169,-398,-2244,-3096
-1682,164,1539,-926,-2153,-1274,835,2337,1154,-391,-2257,-3112
-1690,168,1537,-923,-2154,-1281,816,2284,1139,-383,-2270,-3129
-1689,175,1526,-912,-2143,-1283,799,2234,1127,-373,-2279,-3144
-1689,178,1518,-904,-2134,-1282,780,2183,1113,-363,-2289,-3157
-1691,178,1516,-903,-2132,-1280,755,2133,1097,-358,-2299,-3167
-1690,175,1513,-902,-2127,-1274,731,2085,1079,-351,-2310,-3177
-1690,174,1509,-900,-2122,-1269,706,2036,1059,-345,-2322,-3187
-1690,174,1505,-897,-2117,-1263,680,1987,1036,-340,-2334,-3198
-1689,170,1503,-897,-2115,-1255,653,1941,1011,-337,-2348,-3207
-1685,163,1503,-900,-2110,-1242,627,1898,985,-338,-2364,-3216
-1680,151,1507,-909,-2110,-1225,600,1856,961,-339,-2384,-3224
-1677,142,1511,-916,-2111,-1211,575,1819,942,-342,-2402,-3231
-1681,131,1523,-929,-2121,-1202,553,1784,926,-342,-2418,-3237
-1688,121,1540,-945,-2137,-1195,532,1751,914,-339,-2433,-3242
-1697,109,1560,-964,-2157,-1188,511,1721,906,-341,-2445,-3247
-1707,99,1580,-982,-2179,-1185,488,1695,900,-348,-2453,-3250
-1719,92,1599,-997,-2201,-1185,468,1669,898,-351,-2456,-3255
-1730,88,1617,-1010,-2221,-1186,446,1644,897,-353,-2459,-3262
-1733,86,1625,-1015,-2231,-1186,429,1623,905,-348,-2460,-3267
-1730,84,1626,-1016,-2233,-1182,416,1607,923,-339,-2458,-3271
-1725,83,1626,-1016,-2232,-1177,401,1593,948,-330,-2457,-3273
-1718,79,1628,-1018,-2231,-1170,386,1580,974,-320,-2458,-3271
-1715,71,1637,-1028,-2238,-1164,376,1572,1004,-312,-2459,-3265
-1709,68,1639,-1032,-2239,-1161,374,1569,1039,-299,-2458,-3257
-1701,70,1635,-1027,-2234,-1160,377,1568,1079,-278,-2456,-3250
-1692,73,1628,-1021,-2226,-1159,379,1566,1120,-263,-2455,-3244
-1682,75,1620,-1015,-2217,-1158,378,1566,1162,-253,-2455,-3241
-1674,79,1613,-1008,-2210,-1160,377,1569,1208,-243,-2452,-3236
-1668,87,1603,-997,-2201,-1166,378,1575,1259,-231,-2446,-3232
-1664,96,1591,-984,-2191,-1175,378,1579,1310,-225,-2440,-3229
-1655,105,1577,-970,-2176,-1180,375,1583,1360,-220,-2432,-3229
-1649,111,1566,-961,-2166,-1186,367,1585,1410,-219,-2424,-3232
-1646,118,1556,-950,-2155,-1193,358,1588,1458,-219,-2414,-3237
-1643,126,1545,-939,-2144,-1202,348,1593,1502,-223,-2405,-3245
-1638,134,1531,-926,-2130,-1209,343,1599,1547,-215,-2392,-3251
-1636,142,1519,-914,-2117,-1217,342,1609,1593,-200,-2376,-3258
-1635,147,1511,-908,-2108,-1223,341,1623,1637,-190,-2361,-3261
-1633,149,1504,-902,-2098,-1227,343,1640,1679,-174,-2346,-3262
-1634,149,1502,-903,-2094,-1229,339,1653,1714,-164,-2336,-3265
-1638,149,1503,-905,-2093,-1233,333,1661,1742,-161,-2332,-3271
-1645,156,1498,-899,-2091,-1242,324,1671,1766,-158,-2330,-3279
-1649,165,1489,-888,-2083,-1250,316,1683,1786,-151,-2332,-3286
-1650,174,1475,-873,-2070,-1254,313,1699,1805,-144,-2334,-3291
-1652,178,1467,-866,-2063,-1256,307,1715,1821,-143,-2336,-3297
-1659,179,1468,-866,-2064,-1257,298,1732,1831,-147,-2339,-3298
-1665,179,1470,-868,-2067,-1257,292,1750,1836,-146,-2341,-3296
-1671,177,1472,-870,-2070,-1255,290,1768,1840,-141,-2344,-3292
-1671,179,1465,-865,-2064,-1251,290,1788,1843,-132,-2345,-3285
-1668,183,1455,-855,-2054,-1247,291,1810,1843,-122,-2345,-3272
-1664,189,1440,-839,-2040,-1243,294,1835,1842,-115,-2346,-3256
-1660,195,1428,-827,-2030,-1239,295,1858,1839,-110,-2351,-3242
-1657,198,1418,-817,-2022,-1233,298,1880,1834,-109,-2356,-3229
-1659,197,1419,-817,-2025,-1229,297,1899,1828,-113,-2364,-3218
-1662,193,1425,-822,-2032,-1224,294,1916,1823,-120,-2374,-3208
-1666,188,1433,-830,-2042,-1218,288,1934,1819,-128,-2386,-3199
-1670,187,1439,-833,-2052,-1216,281,1954,1818,-138,-2397,-3190
-1676,189,1443,-833,-2061,-1218,276,1976,1821,-146,-2407,-3179
-1684,192,1450,-834,-2075,-1222,271,1997,1829,-154,-2415,-3168
-1687,195,1453,-833,-2083,-1225,265,2022,1844,-158,-2417,-3158
-1685,196,1454,-832,-2086,-1223,259,2046,1865,-154,-2414,-3147
-1683,194,1458,-835,-2091,-1220,253,2069,1890,-148,-2410,-3134
-1681,189,1466,-844,-2099,-1215,247,2092,1919,-139,-2405,-3118
-1678,179,1479,-859,-2110,-1208,241,2116,1952,-123,-2401,-3101
-1671,173,1484,-866,-2113,-1201,239,2141,1989,-97,-2395,-3081
-1660,174,1478,-862,-2106,-1197,244,2169,2031,-65,-2383,-3058
-1649,178,1469,-854,-2096,-1196,248,2197,2076,-34,-2368,-3035
-1638,186,1458,-841,-2084,-1199,248,2225,2120,-5,-2355,-3015
-1628,199,1441,-823,-2069,-1205,246,2254,2163,22,-2344,-2997
-1618,217,1419,-797,-2050,-1215,248,2280,2206,48,-2334,-2980
-1607,238,1393,-768,-2027,-1226,248,2303,2246,71,-2328,-2966
-1591,257,1362,-735,-1995,-1233,244,2321,2285,93,-2323,-2955
-1576,273,1335,-708,-1967,-1238,236,2335,2318,113,-2319,-2948
-1563,289,1309,-681,-1941,-1245,228,2348,2348,135,-2312,-2938
-1550,300,1287,-660,-1915,-1248,218,2358,2375,153,-2306,-2932
-1533,307,1264,-641,-1887,-1245,207,2366,2401,172,-2298,-2928
-1517,310,1244,-626,-1860,-1239,197,2372,2428,184,-2293,-2928
-1507,314,1229,-614,-1839,-1237,183,2377,2452,189,-2292,-2929
-1500,317,1215,-603,-1821,-1236,167,2380,2474,193,-2292,-2929
-1499,316,1212,-602,-1814,-1235,149,2380,2489,191,-2294,-2932
-1505,315,1215,-606,-1816,-1238,130,2379,2501,189,-2300,-2936
-1511,316,1215,-605,-1816,-1242,111,2378,2512,191,-2305,-2940
-1513,319,1210,-600,-1809,-1244,98,2379,2522,200,-2307,-2943
-1510,323,1198,-590,-1795,-1243,89,2386,2533,211,-2306,-2943
-1511,326,1189,-582,-1785,-1243,78,2391,2539,212,-2309,-2945
-1519,329,1189,-582,-1788,-1247,65,2393,2537,206,-2317,-2948
-1530,330,1194,-584,-1795,-1252,52,2396,2532,202,-2327,-2951
-1540,326,1203,-593,-1806,-1253,42,2400,2524,198,-2338,-2954
-1548,319,1213,-605,-1816,-1250,36,2404,2516,195,-2346,-2955
-1554,309,1225,-619,-1827,-1244,28,2407,2506,184,-2353,-2955
-1557,296,1237,-635,-1838,-1234,21,2410,2496,174,-2357,-2951
-1560,282,1252,-654,-1850,-1223,14,2412,2483,163,-2364,-2947
-1561,271,1262,-668,-1860,-1213,7,2415,2467,150,-2371,-2943
-1564,261,1274,-681,-1872,-1205,-1,2417,2451,134,-2380,-2942
-1565,252,1284,-693,-1882,-1197,-8,2420,2437,119,-2390,-2940
-1566,243,1294,-705,-1893,-1189,-16,2426,2425,104,-2398,-2938
-1564,234,1302,-716,-1901,-1180,-27,2431,2413,83,-2403,-2936
-1559,226,1308,-724,-1906,-1169,-34,2438,2404,67,-2406,-2933
-1556,218,1315,-733,-1913,-1160,-40,2447,2397,55,-2408,-2929
-1547,211,1317,-739,-1913,-1149,-42,2464,2395,50,-2404,-2921
-1537,204,1318,-745,-1912,-1136,-42,2484,2398,49,-2397,-2914
-1530,195,1324,-754,-1915,-1125,-44,2502,2404,50,-2392,-2911
-1525,184,1334,-768,-1922,-1114,-45,2521,2411,52,-2389,-2909
-1521,171,1349,-788,-1934,-1104,-47,2538,2421,54,-2390,-2905
-1515,161,1358,-800,-1938,-1094,-48,2554,2434,62,-2391,-2899
-1503,158,1353,-799,-1929,-1086,-43,2569,2452,74,-2390,-2892
-1489,161,1342,-791,-1915,-1080,-40,2583,2472,85,-2390,-2886
-1477,168,1328,-777,-1898,-1078,-35,2596,2493,97,-2387,-2878
-1463,176,1309,-759,-1876,-1077,-29,2608,2512,111,-2382,-2871
-1448,188,1287,-737,-1850,-1077,-19,2622,2533,130,-2377,-2866
-1435,202,1263,-711,-1825,-1082,-8,2636,2553,151,-2371,-2860
-1420,218,1236,-683,-1795,-1086,5,2650,2573,176,-2365,-2852
-1404,230,1210,-658,-1765,-1086,18,2665,2592,206,-2359,-2839
-1385,239,1183,-634,-1731,-1083,34,2680,2608,234,-2350,-2826
-1369,247,1160,-613,-1702,-1082,49,2691,2618,255,-2343,-2813
-1354,253,1139,-595,-1675,-1079,67,2697,2626,279,-2339,-2802
-1339,253,1123,-583,-1650,-1072,85,2697,2632,304,-2338,-2792
-1325,250,1110,-576,-1629,-1063,100,2694,2632,324,-2340,-2786
-1314,248,1098,-569,-1609,-1056,117,2692,2632,347,-2339,-2778
-1308,245,1091,-565,-1597,-1052,134,2693,2630,369,-2336,-2770
-1305,241,1088,-565,-1589,-1049,152,2694,2629,389,-2331,-2763
-1301,241,1080,-560,-1578,-1047,172,2696,2630,407,-2325,-2756
-1298,243,1069,-550,-1565,-1047,195,2699,2632,425,-2317,-2748
-1297,249,1057,-538,-1554,-1050,219,2704,2635,443,-2306,-2741
-1303,251,1055,-535,-1554,-1054,236,2705,2635,454,-2295,-2737
-1312,247,1062,-542,-1562,-1056,247,2701,2631,460,-2286,-2734
-1319,241,1069,-551,-1571,-1056,257,2700,2628,469,-2276,-2728
-1324,235,1076,-561,-1578,-1052,266,2697,2628,480,-2264,-2721
-1329,228,1082,-569,-1585,-1048,278,2694,2631,491,-2251,-2714
-1330,219,1087,-580,-1590,-1040,287,2693,2635,501,-2235,-2704
-1332,213,1091,-587,-1594,-1034,301,2697,2644,518,-2213,-2690
-1333,209,1093,-592,-1598,-1029,316,2700,2652,537,-2191,-2674
-1328,209,1085,-588,-1592,-1023,333,2705,2662,558,-2165,-2654
-1322,213,1073,-578,-1581,-1018,353,2708,2667,576,-2141,-2634
-1313,220,1056,-563,-1567,-1014,374,2711,2672,592,-2117,-2617
-1303,228,1039,-548,-1553,-1010,395,2712,2673,599,-2096,-2602
-1296,239,1021,-530,-1540,-1011,412,2714,2673,603,-2074,-2590
-1288,249,1005,-513,-1527,-1010,429,2714,2668,608,-2051,-2578
-1282,253,997,-507,-1522,-1007,446,2712,2659,613,-2032,-2566
-1273,253,991,-504,-1515,-999,466,2711,2649,621,-2011,-2548
-1257,250,981,-500,-1502,-986,488,2710,2641,629,-1988,-2529
-1242,245,975,-499,-1491,-972,506,2708,2635,635,-1967,-2510
-1231,238,975,-504,-1486,-961,521,2705,2626,639,-1948,-2494
-1226,230,981,-513,-1489,-953,532,2700,2612,644,-1931,-2481
-1220,225,984,-518,-1489,-947,545,2694,2601,657,-1913,-2467
-1207,220,981,-518,-1480,-938,561,2688,2595,672,-1893,-2454
-1194,215,977,-518,-1469,-928,575,2681,2592,683,-1874,-2443
-1181,214,970,-512,-1455,-921,588,2678,2591,693,-1856,-2430
-1165,218,954,-498,-1434,-917,601,2674,2590,708,-1835,-2416
-1146,227,931,-476,-1405,-913,616,2670,2594,731,-1813,-2402
-1128,235,908,-453,-1376,-910,633,2666,2601,757,-1788,-2385
-1109,245,883,-429,-1345,-908,650,2664,2609,785,-1756,-2365
-1094,254,862,-408,-1318,-907,666,2663,2617,808,-1723,-2342
-1078,262,840,-387,-1290,-905,683,2666,2628,832,-1689,-2319
-1065,270,820,-367,-1264,-904,702,2667,2640,858,-1653,-2295
-1051,279,799,-347,-1238,-904,721,2668,2655,886,-1616,-2268
-1037,282,781,-333,-1213,-899,741,2670,2670,919,-1578,-2243
-1022,280,768,-325,-1190,-889,759,2671,2683,947,-1540,-2218
-1004,278,750,-314,-1162,-876,774,2669,2692,972,-1505,-2191
-988,273,737,-309,-1140,-863,782,2661,2699,989,-1474,-2162
-977,268,729,-307,-1124,-853,785,2650,2703,1004,-1447,-2134
-966,267,715,-298,-1104,-844,786,2640,2704,1020,-1423,-2107
-956,271,697,-283,-1083,-840,791,2632,2706,1038,-1399,-2080
-945,281,673,-260,-1058,-838,800,2627,2710,1059,-1376,-2053
-935,288,653,-243,-1037,-835,807,2621,2710,1074,-1356,-2026
-927,288,642,-235,-1023,-828,811,2613,2707,1089,-1341,-1996
-915,286,628,-228,-1006,-816,820,2604,2703,1103,-1327,-1965
-903,285,614,-220,-989,-805,831,2593,2698,1121,-1316,-1935
-890,284,599,-211,-972,-794,843,2582,2695,1141,-1306,-1902
-878,282,585,-204,-955,-782,850,2571,2690,1156,-1297,-1867
-861,278,571,-197,-936,-765,858,2559,2688,1176,-1288,-1830
-846,271,560,-196,-921,-747,866,2544,2687,1195,-1280,-1795
-828,265,546,-192,-903,-728,874,2531,2688,1213,-1273,-1760
-810,258,534,-189,-885,-709,879,2517,2686,1225,-1267,-1727
-793,253,521,-184,-868,-691,882,2502,2686,1238,-1263,-1696
-781,247,513,-183,-858,-677,881,2484,2687,1246,-1259,-1664
-774,244,508,-183,-852,-667,877,2470,2689,1250,-1254,-1629
-766,240,502,-182,-845,-657,873,2457,2693,1256,-1246,-1594
-761,234,502,-187,-844,-648,872,2444,2697,1267,-1234,-1559
-753,231,498,-186,-838,-638,873,2432,2705,1281,-1218,-1523
-742,228,488,-182,-825,-628,875,2423,2718,1299,-1197,-1482
-727,221,480,-181,-810,-612,876,2414,2735,1324,-1173,-1438
-711,212,474,-184,-797,-595,876,2404,2756,1351,-1148,-1390
-699,201,472,-190,-787,-579,872,2392,2774,1374,-1123,-1343
-684,193,466,-191,-774,-564,869,2382,2792,1399,-1099,-1298
-662,186,452,-186,-749,-546,870,2372,2810,1425,-1076,-1257
-640,178,438,-180,-723,-527,870,2363,2827,1444,-1057,-1219
-618,173,422,-173,-698,-511,868,2351,2842,1458,-1041,-1183
-599,171,407,-163,-673,-499,866,2338,2854,1468,-1027,-1148
-580,169,393,-154,-650,-488,867,2319,2868,1481,-1014,-1119
-563,162,386,-154,-633,-475,867,2297,2878,1492,-1002,-1093
-545,154,380,-154,-614,-461,868,2275,2891,1505,-986,-1066
-528,147,374,-155,-598,-448,871,2254,2904,1519,-970,-1038
-509,140,366,-154,-577,-434,877,2233,2920,1533,-951,-1009
-486,133,354,-150,-552,-417,885,2210,2935,1547,-932,-980
-462,132,334,-138,-521,-404,895,2188,2952,1566,-911,-951
-435,132,310,-122,-486,-389,905,2162,2970,1588,-887,-922
-411,135,287,-105,-453,-377,911,2136,2988,1611,-861,-893
-385,139,259,-84,-416,-365,916,2111,3006,1640,-832,-862
-362,143,234,-66,-383,-354,921,2081,3022,1668,-802,-830
-341,147,211,-49,-353,-344,924,2051,3038,1696,-772,-796
-317,155,181,-24,-316,-335,927,2020,3052,1728,-740,-760
-291,164,146,4,-275,-324,929,1990,3068,1761,-706,-722
-260,172,108,34,-229,-308,928,1960,3085,1795,-671,-687
-235,177,75,59,-190,-293,918,1928,3098,1822,-638,-655
-216,176,55,72,-164,-278,901,1894,3108,1845,-609,-620
-195,170,36,80,-138,-258,879,1858,3117,1870,-584,-587
-171,161,17,88,-111,-234,855,1820,3124,1895,-561,-554
-145,150,-3,94,-80,-206,829,1781,3129,1921,-538,-520
-117,136,-23,99,-50,-174,798,1742,3133,1945,-517,-482
-86,121,-44,104,-15,-139,766,1702,3137,1969,-498,-444
-56,104,-63,107,16,-105,730,1662,3138,1987,-480,-410
-27,92,-85,116,48,-74,692,1623,3139,2006,-462,-377
-1,79,-103,121,76,-44,649,1582,3136,2012,-445,-348
24,64,-117,122,100,-14,605,1537,3127,2016,-429,-320
47,45,-125,117,119,17,558,1491,3118,2020,-414,-292
67,26,-129,109,133,46,507,1448,3107,2021,-398,-263
88,10,-135,104,149,73,459,1408,3095,2031,-378,-230
108,-6,-140,98,163,97,415,1365,3082,2043,-356,-194
130,-17,-151,99,183,120,374,1324,3068,2056,-330,-156
156,-27,-166,104,208,144,333,1283,3053,2070,-298,-118
182,-36,-181,108,232,166,289,1242,3035,2084,-263,-78
210,-50,-192,107,257,193,244,1201,3018,2102,-226,-36
241,-70,-200,99,280,225,199,1158,3000,2119,-190,3
276,-89,-213,95,310,258,163,1119,2988,2144,-153,44
316,-106,-231,95,346,291,135,1083,2978,2176,-111,88
351,-118,-249,98,381,320,107,1045,2966,2201,-70,132
383,-127,-268,103,413,343,79,1005,2950,2218,-30,173
413,-135,-285,106,444,365,52,963,2931,2230,8,213
442,-141,-303,113,475,383,29,919,2911,2245,43,249
469,-147,-320,118,506,401,7,873,2888,2258,76,283
498,-151,-340,126,539,419,-10,828,2866,2275,112,317
525,-155,-360,134,572,435,-27,780,2842,2293,149,351
550,-156,-382,144,605,450,-42,733,2817,2314,186,382
576,-157,-405,157,640,465,-55,687,2791,2334,223,412
605,-157,-433,173,681,481,-64,644,2769,2361,263,441
635,-157,-463,191,723,499,-70,603,2751,2391,304,470
662,-155,-492,209,762,514,-78,566,2740,2422,346,499
688,-149,-525,235,805,526,-87,533,2733,2457,391,530
712,-142,-558,259,845,537,-96,501,2726,2492,436,560
732,-134,-588,285,880,544,-110,467,2720,2523,476,589
750,-122,-620,313,915,549,-127,433,2716,2554,516,616
771,-112,-654,343,952,556,-147,401,2711,2581,555,643
800,-106,-692,374,998,573,-169,371,2707,2601,594,670
827,-104,-724,397,1037,592,-200,339,2702,2611,631,697
846,-106,-744,412,1063,608,-241,308,2696,2615,665,723
862,-110,-759,421,1083,624,-282,277,2687,2618,700,749
879,-120,-769,424,1101,646,-323,247,2675,2619,734,774
897,-133,-777,424,1118,670,-366,217,2663,2616,763,795
914,-148,-782,421,1131,696,-411,188,2650,2605,789,816
931,-162,-787,419,1146,722,-451,161,2636,2591,817,837
948,-175,-792,417,1159,747,-488,131,2618,2575,842,855
968,-187,-802,419,1178,773,-522,103,2599,2559,871,873
988,-199,-811,421,1197,800,-554,72,2578,2544,902,889
1007,-207,-821,426,1216,823,-580,41,2558,2535,937,908
1025,-214,-834,432,1236,844,-603,14,2538,2530,975,928
1044,-215,-850,444,1259,862,-624,-6,2518,2525,1016,953
1064,-212,-872,462,1287,877,-635,-23,2498,2527,1061,979
1083,-213,-889,473,1311,894,-642,-37,2476,2531,1109,1008
1108,-214,-911,487,1343,914,-643,-49,2456,2541,1160,1040
1136,-213,-938,506,1380,934,-640,-56,2437,2556,1214,1072
1164,-212,-964,523,1416,952,-637,-62,2416,2571,1269,1107
1190,-212,-988,538,1450,970,-635,-68,2394,2587,1325,1146
1214,-213,-1007,548,1479,986,-632,-78,2366,2605,1380,1188
1238,-211,-1031,562,1512,999,-625,-91,2334,2629,1434,1231
1264,-204,-1061,585,1549,1010,-612,-104,2302,2654,1490,1274
1290,-195,-1094,609,1590,1018,-596,-120,2266,2678,1546,1317
1318,-182,-1131,639,1634,1025,-578,-136,2227,2697,1598,1358
1344,-169,-1169,670,1677,1030,-563,-157,2185,2709,1647,1397
1365,-153,-1203,700,1714,1029,-548,-184,2142,2718,1691,1433
1381,-143,-1228,720,1742,1029,-537,-213,2097,2724,1731,1467
1395,-139,-1246,732,1764,1031,-532,-245,2050,2727,1767,1499
1406,-140,-1254,734,1777,1034,-534,-284,2002,2724,1798,1525
1415,-146,-1257,730,1785,1039,-537,-319,1957,2723,1830,1553
1426,-155,-1258,722,1794,1049,-541,-352,1917,2726,1863,1583
1442,-167,-1262,716,1806,1063,-549,-384,1882,2732,1893,1613
1458,-183,-1263,705,1817,1081,-557,-417,1854,2741,1923,1644
1472,-201,-1259,689,1823,1100,-569,-452,1827,2747,1950,1674
1487,-218,-1257,676,1832,1120,-582,-488,1801,2755,1976,1705
1500,-236,-1252,661,1836,1138,-600,-528,1775,2760,2002,1733
1509,-250,-1246,648,1837,1152,-621,-570,1749,2761,2025,1759
1518,-260,-1246,642,1842,1164,-641,-610,1729,2763,2050,1786
1529,-266,-1251,642,1851,1175,-656,-643,1715,2773,2076,1815
1545,-271,-1262,648,1867,1188,-673,-672,1708,2784,2108,1844
1560,-279,-1268,647,1880,1205,-693,-701,1706,2786,2139,1871
1571,-293,-1267,639,1885,1223,-721,-736,1704,2780,2166,1898
1581,-306,-1264,630,1889,1240,-750,-769,1705,2777,2191,1924
1588,-315,-1264,626,1893,1252,-782,-804,1712,2777,2213,1949
1596,-322,-1267,625,1899,1264,-813,-839,1721,2778,2232,1973
1603,-328,-1271,626,1906,1276,-842,-870,1730,2776,2249,1999
1614,-335,-1278,628,1918,1290,-866,-898,1740,2776,2267,2025
1623,-344,-1282,627,1927,1307,-886,-923,1750,2776,2285,2051
1634,-352,-1288,628,1937,1322,-900,-944,1761,2776,2306,2078
1639,-361,-1287,624,1941,1335,-909,-962,1771,2775,2326,2104
1642,-370,-1284,619,1941,1346,-913,-978,1779,2776,2349,2131
1641,-379,-1278,610,1936,1355,-916,-996,1781,2773,2370,2156
1638,-385,-1271,604,1930,1360,-916,-1014,1777,2763,2390,2179
1635,-389,-1267,601,1926,1363,-910,-1032,1773,2753,2410,2201
1631,-390,-1264,599,1922,1363,-900,-1048,1771,2747,2431,2226
1634,-389,-1270,605,1929,1367,-885,-1058,1773,2747,2456,2252
1646,-382,-1291,624,1952,1372,-865,-1062,1780,2752,2487,2279
1659,-372,-1314,646,1977,1375,-844,-1065,1788,2760,2521,2305
1670,-364,-1334,664,1998,1378,-824,-1069,1798,2764,2554,2330
1680,-362,-1345,672,2012,1384,-809,-1075,1810,2767,2585,2356
1693,-361,-1358,680,2030,1392,-796,-1082,1822,2773,2611,2381
1710,-357,-1376,693,2054,1400,-782,-1091,1837,2783,2639,2401
1726,-355,-1392,703,2075,1408,-774,-1102,1852,2787,2665,2416
1739,-350,-1407,715,2095,1412,-774,-1115,1867,2788,2690,2428
1749,-345,-1419,723,2109,1412,-776,-1129,1879,2787,2713,2437
1754,-339,-1426,730,2117,1408,-777,-1146,1891,2792,2738,2443
1752,-331,-1428,734,2117,1397,-781,-1167,1900,2792,2759,2444
1748,-320,-1430,739,2115,1383,-783,-1186,1909,2793,2780,2444
1743,-312,-1428,740,2111,1370,-787,-1206,1917,2792,2799,2443
1739,-306,-1427,741,2107,1358,-790,-1222,1923,2792,2816,2444
1733,-300,-1421,737,2099,1346,-790,-1236,1927,2795,2832,2448
1728,-297,-1416,733,2092,1336,-792,-1250,1933,2801,2843,2448
1730,-296,-1413,729,2091,1333,-796,-1267,1938,2809,2850,2446
1733,-298,-1411,724,2092,1333,-802,-1285,1939,2812,2852,2441
1736,-297,-1410,722,2093,1332,-805,-1300,1940,2818,2855,2435
1732,-295,-1406,719,2087,1326,-810,-1316,1937,2821,2857,2424
1723,-291,-1398,716,2076,1315,-817,-1333,1932,2821,2856,2411
1715,-286,-1393,715,2068,1307,-820,-1348,1923,2819,2855,2396
1708,-280,-1390,717,2061,1298,-818,-1362,1912,2819,2856,2383
1699,-271,-1390,722,2055,1288,-810,-1372,1898,2819,2860,2374
1687,-263,-1386,726,2044,1276,-804,-1385,1877,2811,2860,2364
1668,-255,-1376,726,2026,1261,-801,-1401,1849,2793,2856,2353
1646,-247,-1364,725,2003,1243,-798,-1417,1817,2776,2848,2340
1623,-240,-1350,722,1979,1227,-793,-1432,1783,2762,2836,2329
1601,-239,-1333,714,1954,1216,-789,-1447,1748,2749,2823,2319
1581,-244,-1312,699,1927,1210,-790,-1459,1713,2733,2807,2311
1560,-254,-1287,679,1898,1207,-794,-1471,1677,2719,2791,2306
1538,-269,-1256,651,1863,1207,-801,-1484,1641,2703,2774,2298
1520,-283,-1229,626,1835,1209,-808,-1497,1606,2689,2756,2287
1502,-297,-1203,602,1806,1211,-814,-1511,1572,2673,2737,2272
1483,-310,-1178,580,1778,1211,-816,-1522,1542,2656,2716,2256
1462,-321,-1151,557,1748,1208,-817,-1528,1515,2634,2693,2239
1442,-329,-1128,538,1719,1203,-821,-1529,1491,2612,2670,2224
1426,-334,-1112,525,1698,1198,-823,-1528,1470,2594,2649,2209
1410,-337,-1097,514,1677,1190,-825,-1528,1452,2574,2626,2194
1397,-335,-1089,511,1663,1181,-826,-1525,1439,2552,2604,2179
1390,-329,-1090,517,1659,1172,-823,-1516,1432,2531,2583,2163
1382,-325,-1088,518,1651,1164,-818,-1505,1425,2513,2561,2146
1372,-324,-1080,513,1638,1156,-813,-1492,1418,2491,2536,2126
1359,-325,-1066,504,1619,1145,-809,-1483,1411,2468,2505,2100
1346,-320,-1057,500,1603,1131,-800,-1471,1406,2448,2473,2073
1338,-311,-1055,505,1596,1117,-784,-1457,1403,2432,2442,2046
1328,-301,-1053,509,1586,1101,-768,-1439,1402,2411,2409,2018
1312,-287,-1048,514,1571,1078,-748,-1417,1400,2392,2378,1988
1293,-273,-1040,517,1552,1052,-728,-1395,1396,2378,2348,1958
1274,-259,-1032,520,1532,1027,-704,-1378,1389,2364,2316,1924
1251,-246,-1017,517,1506,1000,-681,-1362,1379,2345,2282,1891
1229,-234,-1003,514,1480,974,-658,-1344,1368,2325,2251,1855
1204,-223,-984,508,1450,946,-636,-1326,1355,2300,2221,1820
1179,-211,-968,503,1422,920,-614,-1306,1340,2276,2194,1787
1155,-202,-949,495,1392,895,-594,-1285,1323,2250,2166,1754
1133,-195,-929,485,1364,874,-574,-1261,1309,2228,2140,1721
1110,-189,-908,474,1334,853,-550,-1239,1296,2212,2114,1686
1087,-183,-888,464,1306,833,-522,-1217,1282,2195,2088,1651
1066,-171,-876,462,1284,811,-491,-1193,1266,2179,2064,1619
1043,-162,-859,457,1259,791,-461,-1171,1246,2159,2037,1588
1018,-159,-835,442,1226,772,-433,-1151,1223,2139,2009,1555
995,-157,-812,427,1197,757,-403,-1136,1199,2115,1978,1520
977,-154,-796,418,1174,745,-372,-1124,1175,2093,1948,1482
961,-147,-787,416,1159,731,-338,-1109,1154,2070,1918,1442
942,-139,-777,414,1141,716,-307,-1094,1130,2038,1888,1401
918,-134,-760,406,1115,698,-283,-1079,1102,2004,1853,1360
889,-131,-736,392,1082,680,-260,-1063,1072,1970,1816,1320
856,-130,-707,374,1043,660,-238,-1049,1040,1936,1777,1280
823,-130,-678,356,1003,640,-217,-1034,1008,1902,1738,1240
789,-130,-648,336,963,621,-199,-1018,975,1864,1700,1203
756,-132,-619,316,923,603,-183,-1003,943,1827,1661,1167
721,-137,-584,291,878,585,-170,-989,910,1787,1619,1132
687,-139,-554,270,836,565,-159,-974,879,1750,1578,1099
653,-139,-525,252,796,545,-150,-959,846,1707,1536,1065
621,-140,-498,235,758,526,-144,-944,817,1667,1494,1031
587,-137,-471,219,717,503,-140,-928,791,1627,1453,998
553,-131,-446,208,678,477,-137,-910,767,1590,1414,967
521,-122,-427,203,643,451,-130,-894,748,1561,1379,937
490,-115,-406,194,607,426,-119,-880,731,1534,1343,907
463,-108,-388,188,577,405,-104,-862,717,1510,1310,879
442,-102,-374,183,551,387,-86,-840,709,1490,1279,855
423,-101,-356,172,525,374,-69,-822,700,1465,1246,828
406,-107,-332,153,496,367,-54,-808,690,1432,1210,799
387,-117,-302,127,461,360,-41,-798,679,1397,1172,769
370,-124,-276,105,429,352,-26,-787,672,1370,1135,739
354,-127,-254,89,402,343,-7,-774,671,1348,1102,708
337,-130,-231,72,374,332,10,-762,672,1318,1066,672
318,-130,-208,56,343,316,26,-750,673,1285,1028,632
294,-125,-185,44,310,295,40,-737,676,1251,990,592
273,-116,-167,38,283,272,58,-721,683,1221,954,552
255,-106,-153,35,261,249,74,-705,691,1191,921,512
237,-90,-147,41,245,223,92,-687,700,1163,888,473
214,-68,-139,49,224,189,108,-669,711,1139,851,435
191,-48,-131,56,203,156,122,-649,723,1122,812,399
168,-31,-120,59,181,126,133,-630,731,1100,772,364
145,-15,-108,60,159,97,143,-615,734,1076,728,326
124,-1,-96,60,137,71,156,-602,737,1052,683,286
102,9,-81,55,113,47,170,-592,737,1023,636,246
83,20,-69,53,94,25,185,-581,735,998,590,205
62,28,-53,47,70,3,199,-573,730,974,543,162
38,39,-37,42,45,-22,213,-567,722,953,493,119
16,55,-29,47,26,-47,227,-558,717,936,446,80
-3,74,-29,60,15,-73,242,-547,714,918,401,44
-21,97,-35,79,8,-100,255,-534,710,901,358,7
-43,118,-35,93,-4,-128,262,-524,703,875,318,-30
-67,129,-25,94,-24,-149,260,-516,693,842,279,-66
-89,132,-9,86,-47,-163,257,-509,681,815,244,-98
-110,130,9,74,-71,-174,254,-506,668,790,212,-128
-132,129,28,62,-97,-185,253,-503,658,770,185,-154
-157,127,48,49,-125,-197,249,-499,645,745,158,-179
-181,126,66,37,-150,-209,251,-493,631,720,132,-206
-206,125,86,24,-178,-221,257,-487,614,691,105,-235
-232,125,104,14,-206,-234,268,-480,594,660,76,-264
-260,125,126,1,-238,-248,278,-473,572,625,44,-292
-289,124,148,-13,-270,-263,289,-465,547,590,11,-319
-318,121,174,-31,-305,-276,298,-457,520,550,-22,-346
-349,118,202,-50,-344,-291,305,-450,490,505,-55,-371
-379,112,232,-74,-384,-304,316,-444,461,465,-84,-393
-408,100,270,-106,-429,-313,330,-439,430,431,-113,-414
-431,84,305,-139,-468,-315,351,-434,400,402,-139,-431
-449,72,332,-166,-500,-318,377,-427,372,378,-161,-443
-466,61,359,-192,-530,-320,402,-423,342,354,-182,-456
-478,48,383,-217,-557,-319,424,-421,312,330,-205,-468
-491,37,407,-241,-583,-320,442,-423,281,306,-230,-482
-500,35,421,-253,-602,-326,460,-423,256,290,-254,-493
-507,41,424,-253,-611,-337,482,-421,239,285,-272,-502
-515,52,426,-249,-620,-351,500,-419,224,280,-289,-511
-521,64,424,-241,-626,-367,514,-419,210,271,-304,-520
-526,77,421,-232,-630,-383,524,-422,196,253,-317,-532
-532,91,419,-224,-635,-400,534,-426,182,234,-328,-547
-541,100,425,-224,-648,-416,539,-432,168,209,-342,-567
-547,103,435,-230,-661,-427,541,-439,154,188,-357,-586
-555,102,451,-243,-679,-436,537,-451,138,168,-376,-604
-564,100,468,-257,-698,-446,531,-460,123,148,-395,-621
-574,97,489,-274,-721,-456,523,-469,109,120,-414,-638
-586,91,514,-295,-746,-463,517,-479,97,97,-433,-654
-600,82,542,-320,-776,-471,513,-491,85,78,-454,-673
-617,74,573,-346,-809,-481,508,-503,72,57,-475,-691
-631,71,596,-363,-834,-491,503,-511,62,41,-497,-707
-643,72,612,-373,-854,-503,500,-520,52,26,-521,-724
-655,79,621,-373,-868,-518,501,-527,43,16,-543,-741
-663,96,614,-357,-869,-536,505,-528,36,13,-562,-756
-665,118,596,-328,-858,-554,516,-528,31,13,-580,-771
-662,143,568,-291,-837,-570,536,-523,31,18,-593,-783
-664,167,545,-259,-822,-587,558,-514,31,18,-604,-791
-674,182,539,-242,-823,-604,576,-507,22,10,-620,-801
-687,189,541,-238,-832,-616,593,-506,6,-1,-640,-816
-699,185,553,-246,-846,-621,607,-506,-18,-11,-665,-835
-712,175,570,-261,-864,-620,620,-507,-41,-21,-689,-857
-726,161,592,-282,-885,-618,632,-505,-62,-34,-709,-878
-739,147,610,-301,-903,-614,645,-502,-82,-48,-727,-898
-750,133,627,-320,-919,-608,655,-501,-102,-62,-742,-917
-758,121,639,-333,-930,-602,667,-499,-121,-75,-753,-933
-770,111,652,-346,-944,-599,675,-499,-141,-94,-763,-948
-783,103,662,-356,-957,-598,681,-501,-163,-115,-772,-962
-793,97,671,-364,-968,-597,686,-503,-184,-142,-782,-977
-806,95,678,-368,-979,-600,690,-502,-205,-170,-794,-989
-820,100,681,-366,-988,-609,695,-501,-223,-192,-801,-999
-834,105,685,-366,-1000,-618,702,-501,-240,-212,-807,-1007
-843,108,687,-365,-1006,-624,705,-501,-256,-227,-813,-1013
-846,109,688,-365,-1009,-624,709,-499,-269,-236,-816,-1018
-851,106,694,-373,-1017,-624,712,-494,-280,-243,-821,-1021
-856,99,708,-388,-1031,-622,714,-488,-289,-248,-825,-1023
-862,90,727,-409,-1049,-619,714,-486,-304,-254,-834,-1027
-867,85,740,-423,-1063,-620,716,-483,-319,-258,-843,-1031
-867,87,744,-427,-1067,-621,724,-478,-328,-256,-847,-1036
-865,92,743,-426,-1068,-624,732,-471,-335,-258,-849,-1040
-864,101,741,-421,-1068,-631,739,-464,-339,-259,-848,-1043
-863,112,736,-414,-1067,-639,745,-456,-345,-260,-847,-1046
-864,128,728,-400,-1064,-651,752,-451,-349,-258,-845,-1050
-865,142,723,-390,-1064,-663,759,-447,-353,-259,-844,-1054
-866,158,716,-378,-1062,-676,767,-445,-358,-261,-843,-1058
-870,169,716,-372,-1066,-689,774,-446,-369,-267,-845,-1063
-872,179,714,-367,-1068,-699,785,-446,-381,-269,-849,-1066
-875,186,716,-365,-1073,-708,793,-448,-394,-273,-854,-1069
-877,189,720,-367,-1078,-712,804,-450,-405,-271,-860,-1072
-878,186,727,-375,-1084,-713,818,-455,-415,-268,-869,-1077
-884,181,740,-387,-1097,-715,833,-461,-427,-271,-878,-1081
-891,177,753,-397,-1110,-719,853,-469,-439,-273,-882,-1084
-900,172,767,-410,-1125,-723,873,-480,-454,-277,-886,-1091
-909,170,778,-417,-1137,-728,891,-493,-470,-283,-893,-1100
-914,176,775,-411,-1138,-737,909,-501,-482,-287,-898,-1105
-916,192,759,-388,-1128,-750,929,-507,-486,-285,-901,-1109
-914,212,734,-356,-1108,-762,952,-507,-486,-278,-901,-1109
-912,229,711,-328,-1091,-773,971,-507,-486,-272,-900,-1108
-917,239,702,-313,-1086,-782,983,-508,-488,-270,-903,-1107
-924,240,702,-310,-1089,-788,991,-509,-489,-266,-906,-1106
-933,235,711,-318,-1099,-790,999,-509,-487,-263,-910,-1106
-943,227,723,-329,-1112,-791,1004,-512,-486,-261,-915,-1106
-953,217,738,-344,-1127,-791,1003,-516,-484,-268,-923,-1106
-961,207,751,-357,-1140,-789,1001,-523,-483,-276,-932,-1105
-970,193,768,-375,-1156,-786,993,-535,-483,-289,-944,-1106
-976,182,780,-389,-1167,-781,981,-547,-481,-302,-957,-1109
-984,172,793,-402,-1180,-779,968,-558,-480,-314,-970,-1114
-993,166,804,-412,-1193,-780,956,-567,-478,-325,-982,-1119
-1000,158,815,-424,-1205,-778,943,-575,-475,-335,-993,-1125
-1007,150,828,-437,-1218,-777,928,-581,-473,-349,-1003,-1130
-1012,143,837,-447,-1227,-774,915,-585,-472,-362,-1010,-1134
-1019,136,850,-460,-1241,-774,899,-587,-472,-378,-1015,-1140
-1025,133,858,-469,-1252,-775,881,-589,-472,-392,-1016,-1144
-1027,132,861,-471,-1256,-776,867,-586,-469,-402,-1011,-1146
-1030,132,865,-475,-1263,-777,852,-580,-465,-412,-1006,-1146
-1037,132,874,-482,-1275,-781,838,-575,-462,-422,-1003,-1145
-1044,128,888,-495,-1291,-783,826,-571,-460,-429,-1003,-1147
-1046,123,898,-506,-1301,-781,821,-567,-457,-428,-1002,-1148
-1042,123,898,-508,-1301,-778,822,-561,-448,-424,-999,-1149
-1039,128,895,-504,-1299,-779,822,-557,-439,-427,-998,-1151
-1037,136,889,-496,-1296,-783,823,-554,-431,-432,-994,-1156
-1036,147,882,-486,-1292,-789,826,-550,-422,-436,-990,-1162
-1034,156,875,-476,-1287,-793,836,-545,-410,-432,-985,-1167
-1034,161,874,-474,-1288,-798,848,-539,-394,-428,-978,-1171
-1035,167,872,-471,-1288,-802,860,-529,-375,-422,-971,-1176
-1038,174,872,-468,-1291,-808,870,-520,-358,-423,-967,-1182
-1040,184,867,-460,-1289,-816,877,-512,-343,-426,-963,-1190
-1043,197,858,-446,-1285,-827,881,-504,-326,-426,-959,-1197
-1044,212,846,-430,-1277,-837,888,-495,-309,-420,-954,-1204
-1044,227,832,-412,-1267,-846,896,-488,-291,-413,-949,-1214
-1045,241,819,-395,-1258,-857,902,-484,-276,-411,-947,-1227
-1045,255,805,-378,-1247,-866,907,-481,-264,-412,-948,-1239
-1048,265,797,-367,-1243,-874,909,-482,-258,-421,-953,-1253
-1054,271,795,-362,-1244,-882,908,-486,-256,-433,-961,-1269
-1059,274,796,-361,-1245,-886,907,-494,-256,-442,-967,-1284
-1065,276,798,-361,-1250,-892,906,-499,-255,-450,-972,-1299
-1074,279,801,-361,-1256,-899,905,-501,-254,-459,-975,-1312
-1087,279,812,-367,-1270,-908,896,-506,-260,-475,-982,-1325
-1105,276,829,-380,-1291,-917,879,-515,-272,-497,-993,-1338
-1121,272,846,-392,-1312,-925,862,-523,-285,-509,-1004,-1349
-1137,268,863,-404,-1332,-933,847,-530,-297,-516,-1014,-1358
-1149,263,878,-417,-1349,-937,832,-535,-306,-518,-1023,-1362
-1161,255,896,-432,-1367,-940,815,-537,-316,-522,-1033,-1363
-1170,245,913,-449,-1384,-940,799,-538,-326,-523,-1040,-1362
-1179,231,936,-471,-1405,-936,785,-537,-335,-522,-1047,-1360
-1182,214,955,-494,-1420,-928,771,-535,-342,-519,-1049,-1358
-1185,197,975,-516,-1435,-919,756,-534,-352,-522,-1053,-1358
-1187,180,994,-539,-1450,-911,743,-531,-362,-527,-1057,-1356
-1190,165,1013,-560,-1464,-903,733,-526,-374,-533,-1058,-1354
-1196,157,1027,-574,-1478,-903,721,-518,-386,-537,-1056,-1351
-1198,152,1035,-582,-1485,-902,716,-508,-394,-535,-1048,-1343
-1197,147,1040,-588,-1487,-899,713,-498,-401,-536,-1039,-1332
-1190,143,1038,-589,-1482,-894,713,-485,-406,-535,-1030,-1317
-1178,142,1028,-583,-1468,-887,719,-468,-407,-531,-1017,-1298
-1165,141,1015,-575,-1450,-879,728,-451,-408,-526,-1004,-1280
-1152,143,1001,-565,-1433,-874,734,-435,-410,-524,-991,-1263
-1143,146,989,-555,-1418,-873,741,-417,-412,-521,-980,-1249
-1134,154,972,-540,-1400,-874,753,-398,-413,-507,-970,-1232
-1120,167,944,-513,-1372,-875,770,-378,-412,-487,-956,-1215
-1106,182,916,-485,-1344,-879,790,-357,-411,-476,-942,-1200
-1096,196,891,-460,-1321,-885,809,-337,-413,-471,-928,-1187
-1090,209,872,-439,-1303,-891,830,-319,-416,-467,-917,-1178
-1088,223,854,-419,-1290,-901,853,-305,-420,-464,-909,-1175
-1091,236,843,-403,-1285,-914,876,-293,-423,-465,-904,-1175
-1096,253,831,-385,-1280,-930,900,-280,-426,-465,-898,-1175
-1104,269,822,-368,-1280,-946,924,-268,-427,-466,-894,-1178
-1107,288,806,-346,-1272,-962,953,-254,-424,-458,-888,-1179
-1107,303,789,-325,-1262,-972,986,-235,-420,-450,-879,-1175
-1105,314,775,-309,-1252,-978,1019,-214,-416,-438,-868,-1170
-1100,317,767,-301,-1245,-976,1051,-194,-412,-423,-857,-1167
-1096,314,766,-303,-1243,-970,1080,-178,-407,-412,-850,-1166
-1088,309,762,-304,-1236,-960,1106,-163,-398,-403,-845,-1167
-1080,299,764,-311,-1234,-947,1131,-149,-386,-397,-844,-1171
-1075,286,771,-324,-1237,-933,1154,-137,-373,-394,-844,-1176
-1070,276,777,-334,-1239,-920,1174,-124,-358,-391,-845,-1183
-1066,271,779,-338,-1240,-912,1192,-113,-342,-387,-850,-1190
-1064,273,776,-335,-1239,-910,1211,-100,-325,-390,-857,-1198
-1068,275,779,-335,-1244,-910,1224,-86,-309,-404,-867,-1207
-1078,270,794,-347,-1262,-910,1230,-73,-296,-422,-881,-1215
-1089,265,813,-362,-1282,-911,1238,-59,-282,-441,-893,-1222
-1102,261,831,-377,-1303,-913,1250,-43,-263,-455,-901,-1227
-1114,257,848,-391,-1324,-915,1263,-24,-240,-463,-906,-1229
-1128,255,866,-404,-1344,-920,1271,-2,-215,-472,-912,-1230
-1140,255,879,-412,-1361,-925,1277,20,-191,-480,-918,-1231
-1154,258,893,-419,-1379,-934,1282,40,-168,-490,-926,-1231
-1164,264,899,-419,-1389,-942,1288,61,-144,-499,-935,-1232
-1168,270,899,-415,-1390,-947,1298,82,-122,-506,-943,-1232
-1169,275,896,-409,-1387,-949,1309,103,-99,-512,-951,-1235
-1171,277,898,-409,-1387,-950,1318,126,-79,-522,-959,-1238
-1174,276,904,-413,-1390,-951,1323,152,-64,-537,-964,-1239
-1177,275,909,-418,-1393,-952,1328,176,-51,-549,-968,-1239
-1182,269,920,-429,-1401,-952,1334,199,-38,-562,-974,-1239
-1187,263,932,-442,-1409,-951,1344,223,-25,-574,-976,-1238
-1190,255,943,-455,-1416,-949,1356,253,-9,-579,-975,-1235
-1196,242,961,-476,-1429,-946,1364,283,6,-580,-975,-1230
-1203,224,986,-504,-1447,-941,1368,311,16,-581,-977,-1225
-1210,204,1013,-537,-1468,-935,1368,333,20,-585,-982,-1223
-1214,187,1034,-562,-1482,-929,1373,355,24,-586,-987,-1222
-1210,175,1042,-576,-1483,-921,1385,382,36,-583,-989,-1222
-1201,164,1043,-584,-1477,-911,1398,410,49,-581,-989,-1223
-1192,161,1037,-583,-1466,-905,1409,439,65,-578,-986,-1224
-1186,165,1027,-574,-1455,-907,1416,469,82,-577,-982,-1223
-1179,172,1013,-561,-1441,-909,1422,498,99,-574,-977,-1222
-1174,181,1000,-547,-1430,-915,1425,526,116,-573,-971,-1221
-1168,191,984,-530,-1417,-920,1431,555,137,-571,-964,-1219
-1165,201,971,-515,-1408,-926,1436,585,160,-567,-958,-1217
-1161,211,956,-499,-1398,-932,1442,616,187,-560,-951,-1214
-1157,222,941,-482,-1387,-937,1447,646,214,-555,-945,-1209
-1151,232,925,-465,-1375,-939,1454,675,242,-548,-937,-1200
-1144,239,910,-450,-1363,-939,1460,705,275,-535,-928,-1192
-1141,246,900,-438,-1358,-941,1458,733,305,-525,-922,-1183
-1135,252,886,-425,-1347,-938,1449,760,333,-520,-919,-1175
-1132,257,877,-415,-1342,-937,1437,784,357,-519,-920,-1168
-1133,260,873,-410,-1342,-937,1419,804,383,-520,-924,-1162
-1134,264,869,-405,-1342,-937,1401,824,408,-518,-926,-1155
-1133,266,863,-399,-1340,-934,1385,843,431,-517,-926,-1148
-1131,268,857,-393,-1336,-930,1370,864,454,-518,-928,-1143
-1131,268,856,-392,-1337,-926,1352,885,474,-526,-931,-1143
-1140,264,867,-402,-1351,-925,1333,906,491,-536,-938,-1142
-1149,258,881,-416,-1366,-924,1314,928,507,-541,-949,-1140
-1157,249,895,-431,-1381,-920,1296,949,520,-543,-962,-1141
-1163,242,907,-444,-1393,-917,1280,972,533,-546,-974,-1144
-1168,232,922,-462,-1405,-912,1261,998,545,-553,-988,-1145
-1169,218,937,-481,-1414,-901,1245,1026,560,-554,-1000,-1145
-1168,202,951,-502,-1421,-889,1230,1056,576,-552,-1013,-1144
-1164,189,961,-518,-1424,-878,1217,1090,595,-548,-1024,-1143
-1162,177,970,-533,-1427,-868,1202,1124,613,-545,-1033,-1142
-1158,166,977,-546,-1427,-859,1184,1157,633,-544,-1040,-1143
-1153,157,982,-555,-1426,-851,1162,1189,652,-547,-1044,-1144
-1149,148,988,-566,-1426,-843,1136,1223,672,-552,-1048,-1141
-1144,139,993,-577,-1425,-837,1110,1256,694,-554,-1048,-1137
-1143,129,1003,-591,-1430,-831,1079,1285,715,-558,-1051,-1135
-1138,117,1012,-606,-1431,-822,1046,1314,736,-562,-1056,-1131
-1131,105,1018,-618,-1430,-812,1010,1342,759,-568,-1060,-1127
-1127,92,1029,-635,-1433,-803,972,1365,781,-576,-1065,-1124
-1123,74,1043,-656,-1439,-791,928,1382,800,-585,-1071,-1120
-1120,53,1063,-684,-1449,-777,879,1395,815,-596,-1083,-1120
-1118,33,1083,-710,-1461,-766,837,1406,831,-602,-1096,-1121
-1115,18,1097,-729,-1469,-757,798,1416,850,-606,-1106,-1125
-1117,4,1114,-749,-1482,-751,758,1424,868,-615,-1120,-1131
-1121,-9,1134,-769,-1498,-747,713,1429,880,-627,-1138,-1138
-1126,-23,1155,-792,-1517,-743,670,1432,892,-639,-1155,-1146
-1132,-32,1173,-808,-1533,-742,632,1435,904,-644,-1167,-1151
-1139,-37,1188,-820,-1550,-745,598,1438,915,-645,-1179,-1153
-1141,-39,1194,-824,-1556,-746,565,1444,925,-640,-1187,-1153
-1143,-35,1196,-821,-1561,-750,535,1448,929,-633,-1193,-1150
-1143,-25,1188,-808,-1557,-758,510,1454,933,-622,-1195,-1143
-1137,-11,1171,-785,-1544,-764,490,1462,935,-610,-1196,-1135
-1125,7,1144,-754,-1519,-768,474,1466,935,-593,-1194,-1128
-1110,27,1110,-716,-1488,-772,465,1472,936,-575,-1187,-1123
-1098,50,1078,-679,-1460,-779,461,1480,936,-554,-1177,-1115
-1085,72,1042,-639,-1429,-784,463,1490,935,-525,-1165,-1106
-1072,89,1013,-607,-1403,-786,466,1497,929,-498,-1155,-1099
-1065,102,992,-583,-1385,-789,468,1501,916,-474,-1148,-1096
-1061,116,972,-559,-1369,-794,470,1506,898,-455,-1143,-1094
-1056,126,954,-539,-1355,-797,474,1510,877,-440,-1137,-1093
-1049,134,935,-521,-1337,-795,480,1515,856,-425,-1129,-1092
-1044,134,925,-513,-1326,-789,483,1517,832,-416,-1120,-1093
-1046,127,929,-520,-1328,-783,482,1517,801,-415,-1116,-1094
-1047,116,935,-532,-1331,-773,483,1517,771,-410,-1112,-1093
-1046,103,940,-544,-1332,-761,486,1518,743,-400,-1105,-1091
-1043,92,940,-552,-1327,-749,491,1522,719,-386,-1092,-1087
-1040,87,937,-555,-1320,-742,498,1529,696,-373,-1080,-1083
-1036,87,926,-549,-1307,-737,507,1536,673,-360,-1069,-1078
-1030,87,916,-543,-1293,-732,516,1542,652,-347,-1062,-1074
-1021,86,902,-536,-1275,-725,523,1550,630,-335,-1054,-1074
-1013,83,892,-534,-1260,-717,525,1553,608,-329,-1048,-1076
-1008,81,886,-534,-1250,-712,526,1551,587,-324,-1043,-1081
-1002,78,880,-534,-1241,-706,526,1549,569,-318,-1039,-1087
-995,76,874,-535,-1231,-701,522,1549,552,-314,-1032,-1090
-986,76,864,-531,-1217,-695,522,1554,543,-306,-1022,-1093
-976,74,856,-530,-1205,-688,523,1561,539,-297,-1011,-1095
-961,72,845,-526,-1187,-678,523,1571,541,-283,-996,-1093
-941,70,830,-520,-1165,-664,526,1585,550,-263,-978,-1085
-926,66,822,-519,-1150,-653,529,1599,564,-242,-959,-1076
-916,61,820,-523,-1143,-644,529,1615,581,-220,-939,-1064
-906,52,824,-533,-1141,-632,526,1627,594,-198,-923,-1056
-896,46,825,-539,-1137,-623,523,1636,607,-173,-907,-1049
-882,46,817,-535,-1125,-615,525,1646,623,-146,-890,-1043
-870,49,808,-527,-1113,-610,528,1657,639,-120,-871,-1039
-856,52,796,-517,-1099,-604,530,1669,653,-95,-853,-1035
-844,59,784,-504,-1086,-603,535,1682,667,-75,-835,-1032
-836,70,771,-487,-1074,-606,547,1698,682,-51,-817,-1029
-831,80,760,-471,-1067,-611,565,1719,695,-30,-800,-1025
-827,91,749,-455,-1060,-617,585,1743,707,-10,-780,-1021
-825,100,743,-443,-1057,-623,606,1764,713,3,-765,-1019
-817,101,737,-436,-1050,-621,631,1785,717,16,-749,-1018
-807,99,731,-431,-1043,-615,655,1810,719,29,-734,-1017
-794,95,725,-428,-1032,-605,681,1834,719,51,-718,-1013
-778,89,717,-424,-1018,-592,713,1859,721,82,-697,-1007
-761,82,707,-420,-1002,-577,743,1884,724,117,-675,-999
-738,77,688,-408,-975,-560,775,1912,729,156,-645,-986
-710,73,664,-393,-941,-539,807,1936,732,195,-616,-972
-682,66,641,-380,-906,-516,836,1957,733,225,-589,-959
-651,60,614,-365,-867,-491,865,1977,738,257,-560,-943
-619,57,582,-344,-823,-467,896,2000,748,292,-528,-926
-583,57,543,-318,-771,-442,932,2025,763,333,-491,-907
-547,52,508,-297,-721,-412,967,2054,778,372,-452,-884
-518,43,485,-287,-683,-384,991,2081,790,406,-416,-860
-492,33,464,-280,-648,-357,1013,2110,806,447,-377,-830
-466,24,443,-272,-613,-331,1035,2141,828,492,-337,-795
-441,16,422,-263,-578,-306,1054,2173,852,535,-298,-763
-419,9,404,-257,-546,-284,1065,2209,878,570,-260,-730
-399,4,384,-248,-515,-264,1074,2249,907,606,-220,-695
-378,-2,366,-240,-484,-243,1081,2292,941,647,-182,-656
-352,-7,341,-228,-445,-220,1086,2338,981,696,-139,-614
-320,-15,314,-217,-403,-192,1088,2385,1026,749,-94,-567
-285,-25,286,-206,-357,-159,1091,2434,1077,807,-45,-515
-245,-40,258,-199,-309,-121,1092,2487,1135,866,10,-458
-200,-61,230,-195,-257,-75,1093,2544,1200,930,72,-393
-142,-87,198,-192,-196,-19,1104,2605,1271,1005,144,-321
-80,-119,167,-194,-133,44,1119,2665,1347,1084,222,-242
-11,-154,132,-194,-64,113,1137,2731,1426,1173,308,-155
69,-191,89,-191,17,190,1159,2803,1511,1269,401,-64
154,-230,46,-188,101,272,1184,2876,1601,1368,497,32
240,-271,2,-186,185,355,1213,2951,1694,1473,597,137
332,-315,-42,-186,271,443,1243,3027,1789,1587,702,245
435,-360,-94,-180,371,539,1278,3106,1889,1715,815,361
551,-403,-162,-163,490,643,1319,3190,1997,1855,937,483
675,-448,-234,-143,616,752,1363,3275,2109,2000,1068,610
803,-492,-311,-120,748,864,1407,3363,2226,2149,1206,742
938,-536,-394,-94,889,980,1451,3450,2347,2303,1349,880
1078,-580,-483,-62,1038,1100,1497,3540,2475,2471,1501,1024
1224,-626,-574,-32,1191,1225,1544,3634,2614,2651,1662,1177
1374,-674,-668,-2,1350,1355,1595,3734,2765,2845,1837,1339
1530,-730,-760,22,1512,1494,1647,3840,2924,3049,2021,1508
1695,-794,-855,42,1682,1644,1705,3956,3098,3266,2218,1685
1868,-865,-950,58,1859,1804,1763,4079,3283,3488,2424,1872
2049,-942,-1050,72,2044,1973,1820,4207,3477,3721,2638,2066
2237,-1022,-1154,87,2239,2151,1877,4341,3682,3964,2860,2265
2432,-1109,-1260,98,2439,2337,1931,4479,3895,4213,3090,2470
2636,-1201,-1372,109,2650,2533,1984,4622,4119,4475,3333,2684
2845,-1299,-1484,117,2867,2738,2040,4767,4352,4746,3582,2907
3060,-1403,-1597,121,3088,2952,2097,4917,4593,5031,3837,3138
3289,-1514,-1717,125,3324,3180,2158,5073,4842,5325,4101,3380
3530,-1630,-1849,135,3576,3420,2223,5231,5100,5628,4375,3632
3787,-1751,-1990,147,3845,3674,2293,5393,5367,5939,4659,3894
4052,-1884,-2129,150,4120,3944,2360,5559,5641,6252,4955,4167
4322,-2031,-2260,139,4391,4225,2423,5729,5920,6565,5256,4450
4596,-2184,-2390,125,4665,4514,2488,5908,6208,6887,5563,4743
4875,-2340,-2521,109,4943,4808,2552,6090,6501,7216,5875,5042
5155,-2495,-2655,97,5224,5104,2619,6276,6793,7544,6190,5344
5436,-2651,-2788,84,5504,5400,2684,6465,7081,7863,6501,5648
5717,-2807,-2921,73,5785,5697,2751,6654,7367,8180,6810,5952
5997,-2965,-3050,58,6061,5993,2820,6843,7649,8494,7118,6256
6280,-3124,-3181,43,6340,6294,2893,7033,7929,8807,7426,6564
6565,-3283,-3311,28,6619,6594,2965,7222,8204,9113,7729,6872
6851,-3443,-3441,12,6898,6896,3040,7412,8480,9421,8033,7182
7140,-3608,-3569,-9,7177,7202,3116,7606,8756,9731,8342,7495
7430,-3773,-3695,-31,7455,7509,3186,7800,9028,10035,8650,7810
7725,-3940,-3823,-53,7736,7819,3261,7993,9300,10339,8960,8123
8023,-4115,-3945,-85,8015,8136,3338,8184,9569,10636,9269,8435
8327,-4295,-4066,-123,8295,8459,3418,8376,9840,10938,9584,8748
8640,-4480,-4191,-160,8584,8791,3503,8568,10112,11246,9904,9063
8958,-4668,-4315,-202,8874,9126,3592,8756,10384,11557,10224,9378
9279,-4863,-4436,-251,9164,9467,3686,8937,10655,11868,10545,9693
9597,-5058,-4553,-304,9448,9806,3783,9114,10924,12180,10866,10009
9918,-5251,-4675,-352,9738,10144,3886,9291,11195,12497,11188,10323
10247,-5441,-4808,-392,10040,10484,3996,9472,11471,12821,11511,10637
10574,-5628,-4941,-430,10341,10821,4107,9653,11747,13141,11830,10944
10892,-5812,-5068,-471,10632,11149,4220,9834,12019,13448,12143,11243
11203,-5993,-5191,-514,10916,11470,4332,10013,12285,13742,12449,11531
11508,-6169,-5314,-553,11196,11784,4448,10188,12547,14030,12746,11806
11805,-6341,-5433,-593,11469,12090,4561,10361,12804,14307,13033,12070
12090,-6509,-5545,-634,11730,12385,4675,10536,13057,14572,13308,12323
12363,-6674,-5649,-680,11979,12672,4787,10707,13299,14817,13571,12564
12629,-6840,-5746,-730,12219,12954,4898,10876,13534,15052,13824,12795
12888,-7005,-5837,-784,12452,13231,5009,11044,13761,15277,14067,13017
13139,-7168,-5924,-840,12677,13504,5120,11211,13982,15497,14299,13228
13384,-7332,-6005,-899,12895,13773,5234,11375,14198,15712,14519,13425
13618,-7499,-6076,-968,13101,14038,5344,11533,14405,15913,14727,13607
13845,-7664,-6141,-1038,13299,14299,5454,11683,14604,16102,14924,13779
14063,-7831,-6197,-1114,13485,14555,5561,11821,14794,16283,15109,13938
14267,-7999,-6242,-1198,13656,14804,5663,11948,14976,16452,15284,14089
14465,-8166,-6280,-1286,13818,15049,5763,12069,15150,16611,15452,14234
14657,-8332,-6316,-1373,13975,15291,5864,12182,15317,16765,15613,14372
14847,-8493,-6355,-1454,14133,15529,5964,12291,15478,16915,15771,14505
15034,-8652,-6392,-1534,14287,15764,6057,12396,15632,17056,15926,14634
15216,-8815,-6422,-1621,14433,16000,6138,12493,15772,17186,16075,14759
15397,-8976,-6450,-1707,14577,16235,6215,12585,15904,17316,16218,14883
15575,-9135,-6478,-1791,14719,16467,6288,12675,16030,17444,16357,15003
15748,-9290,-6504,-1873,14854,16693,6358,12760,16149,17566,16490,15117
15916,-9444,-6524,-1958,14982,16916,6422,12841,16263,17679,16618,15227
16082,-9595,-6545,-2040,15110,17136,6482,12921,16373,17789,16739,15332
16247,-9744,-6564,-2122,15233,17354,6541,13001,16475,17894,16854,15433
16413,-9890,-6587,-2200,15359,17569,6599,13077,16574,17995,16965,15532
16576,-10032,-6609,-2275,15482,17780,6654,13146,16663,18089,17067,15629
16740,-10175,-6630,-2353,15604,17991,6712,13205,16743,18175,17165,15723
16904,-10321,-6644,-2437,15720,18202,6769,13255,16819,18252,17258,15812
17066,-10472,-6652,-2528,15831,18415,6824,13299,16885,18319,17344,15897
17234,-10630,-6658,-2627,15943,18635,6880,13335,16943,18381,17428,15978
17401,-10795,-6655,-2736,16049,18857,6933,13356,16990,18437,17505,16054
17571,-10959,-6653,-2845,16158,19080,6983,13367,17030,18490,17578,16126
17746,-11125,-6656,-2952,16272,19306,7033,13370,17067,18542,17650,16194
17921,-11292,-6656,-3063,16385,19532,7080,13364,17096,18589,17721,16260
18098,-11463,-6654,-3178,16498,19759,7121,13347,17118,18635,17795,16329
18277,-11637,-6651,-3297,16611,19990,7158,13317,17134,18679,17868,16403
18456,-11809,-6650,-3414,16727,20218,7195,13275,17146,18726,17941,16481
18639,-11979,-6656,-3524,16851,20445,7235,13226,17156,18774,18015,16562
18817,-12143,-6663,-3633,16972,20666,7274,13173,17162,18816,18088,16640
18987,-12298,-6673,-3732,17092,20874,7313,13119,17167,18856,18160,16716
19153,-12441,-6690,-3821,17213,21071,7351,13065,17169,18891,18229,16786
19316,-12573,-6717,-3894,17340,21259,7395,13010,17170,18923,18295,16848
19475,-12697,-6749,-3960,17469,21439,7436,12947,17167,18946,18354,16900
19634,-12820,-6783,-4025,17597,21618,7476,12878,17159,18961,18409,16949
19789,-12944,-6811,-4094,17721,21796,7515,12799,17146,18972,18459,16997
19946,-13073,-6839,-4166,17846,21980,7556,12712,17128,18980,18505,17044
20105,-13208,-6863,-4245,17969,22170,7600,12618,17108,18986,18548,17088
20266,-13347,-6885,-4327,18092,22364,7647,12522,17085,18993,18586,17130
20429,-13491,-6905,-4414,18215,22564,7702,12425,17062,19005,18625,17168
20593,-13638,-6923,-4503,18338,22768,7761,12328,17035,19014,18661,17202
20761,-13785,-6946,-4588,18466,22976,7826,12230,17005,19024,18697,17237
20928,-13934,-6967,-4675,18592,23185,7895,12124,16967,19029,18730,17272
21088,-14082,-6982,-4764,18710,23391,7959,12003,16915,19022,18759,17307
21248,-14229,-6999,-4851,18828,23598,8019,11866,16850,19008,18786,17340
21410,-14379,-7015,-4939,18948,23808,8074,11710,16773,18985,18810,17373
21571,-14531,-7030,-5029,19066,24022,8124,11536,16686,18956,18835,17406
21731,-14689,-7037,-5128,19178,24241,8164,11338,16581,18908,18855,17436
21882,-14852,-7031,-5238,19275,24457,8191,11110,16454,18840,18867,17464
22031,-15012,-7027,-5345,19372,24673,8210,10854,16308,18766,18874,17491
22185,-15174,-7025,-5451,19474,24893,8223,10577,16150,18693,18877,17519
22340,-15334,-7027,-5551,19581,25113,8229,10285,15984,18619,18880,17550
22496,-15493,-7029,-5652,19687,25333,8224,9974,15805,18534,18883,17584
22654,-15652,-7035,-5750,19797,25555,8212,9642,15611,18439,18886,17620
22811,-15810,-7039,-5849,19905,25774,8189,9286,15402,18331,18887,17655
22968,-15963,-7048,-5940,20016,25990,8157,8910,15179,18212,18885,17689
23120,-16113,-7054,-6031,20123,26198,8115,8513,14939,18079,18884,17725
23269,-16256,-7063,-6117,20228,26399,8059,8089,14679,17933,18879,17763
23416,-16393,-7074,-6197,20333,26594,7988,7636,14393,17771,18869,17804
23562,-16527,-7087,-6276,20439,26785,7903,7159,14084,17598,18856,17850
23712,-16660,-7105,-6350,20550,26974,7811,6659,13758,17427,18844,17902
23865,-16793,-7123,-6425,20663,27166,7709,6139,13418,17255,18834,17957
24029,-16924,-7153,-6491,20791,27361,7599,5603,13073,17090,18833,18023
24204,-17048,-7200,-6543,20937,27558,7481,5053,12724,16934,18847,18102
24387,-17165,-7261,-6580,21097,27753,7352,4486,12370,16789,18870,18193
24572,-17276,-7330,-6609,21264,27944,7208,3909,12010,16647,18902,18296
24757,-17380,-7405,-6630,21435,28131,7053,3318,11643,16506,18943,18409
24941,-17476,-7487,-6641,21610,28310,6892,2724,11275,16373,18992,18529
25124,-17564,-7576,-6642,21791,28483,6732,2132,10914,16246,19046,18650
25301,-17645,-7665,-6641,21966,28646,6565,1540,10554,16114,19102,18770
25472,-17723,-7752,-6637,22136,28803,6393,950,10191,15981,19154,18889
25635,-17798,-7835,-6636,22299,28953,6219,364,9826,15845,19207,19013
25792,-17869,-7915,-6633,22457,29097,6050,-216,9463,15712,19264,19137
25945,-17940,-7994,-6631,22612,29238,5883,-789,9103,15574,19322,19256
26101,-18009,-8078,-6625,22773,29381,5718,-1355,8747,15435,19380,19372
26255,-18080,-8159,-6622,22931,29526,5551,-1920,8387,15288,19437,19487
26407,-18153,-8238,-6621,23088,29671,5386,-2477,8022,15135,19491,19600
26556,-18229,-8310,-6626,23238,29817,5220,-3029,7650,14968,19540,19707
26702,-18308,-8379,-6636,23385,29966,5058,-3575,7273,14789,19582,19808
26848,-18391,-8446,-6649,23529,30117,4903,-4115,6892,14607,19619,19902
26988,-18472,-8507,-6664,23666,30264,4751,-4646,6507,14419,19655,19994
27123,-18548,-8570,-6675,23801,30406,4598,-5170,6118,14232,19694,20090
27253,-18622,-8630,-6685,23930,30544,4439,-5690,5722,14045,19737,20190
27377,-18696,-8683,-6700,24051,30679,4272,-6208,5318,13860,19788,20295
27496,-18764,-8737,-6709,24169,30808,4096,-6726,4908,13682,19849,20407
27609,-18824,-8795,-6711,24284,30928,3916,-7242,4496,13514,19916,20529
27717,-18874,-8855,-6703,24397,31039,3734,-7747,4086,13357,19997,20661
27817,-18919,-8913,-6694,24502,31141,3545,-8238,3678,13209,20093,20806
27911,-18963,-8966,-6687,24600,31238,3344,-8725,3265,13066,20203,20963
28009,-19001,-9027,-6670,24705,31335,3129,-9212,2845,12930,20323,21135
28111,-19035,-9096,-6645,24819,31432,2897,-9702,2414,12793,20453,21323
28216,-19063,-9174,-6609,24939,31527,2647,-10195,1975,12654,20597,21527
28323,-19092,-9251,-6575,25059,31623,2379,-10692,1526,12505,20752,21746
28436,-19125,-9330,-6542,25185,31726,2098,-11194,1069,12352,20911,21977
28551,-19163,-9405,-6514,25310,31833,1805,-11700,606,12193,21075,22219
28668,-19201,-9482,-6485,25437,31941,1501,-12202,140,12032,21249,22471
28780,-19234,-9558,-6453,25560,32041,1185,-12699,-330,11859,21427,22728
28889,-19261,-9637,-6414,25683,32134,861,-13188,-799,11683,21604,22983
28995,-19283,-9718,-6372,25806,32223,531,-13667,-1267,11501,21779,23238
29099,-19301,-9801,-6326,25929,32305,195,-14133,-1733,11318,21950,23494
29198,-19313,-9884,-6275,26049,32379,-136,-14581,-2193,11135,22120,23746
29285,-19318,-9962,-6224,26158,32441,-462,-15008,-2647,10948,22285,23994
29365,-19317,-10040,-6169,26262,32492,-781,-15415,-3092,10757,22444,24234
29440,-19311,-10118,-6110,26364,32535,-1092,-15800,-3527,10559,22596,24465
29504,-19302,-10189,-6056,26454,32568,-1397,-16163,-3957,10350,22737,24687
29548,-19284,-10249,-6003,26523,32582,-1697,-16507,-4385,10128,22865,24899
29570,-19253,-10300,-5948,26572,32571,-1992,-16832,-4809,9898,22980,25104
29572,-19203,-10352,-5880,26609,32533,-2278,-17132,-5224,9670,23089,25303
29554,-19128,-10408,-5794,26635,32464,-2550,-17403,-5622,9450,23196,25497
29508,-19029,-10462,-5694,26641,32361,-2817,-17651,-6011,9228,23298,25686
29437,-18906,-10515,-5580,26630,32224,-3082,-17878,-6392,9006,23395,25869
29344,-18763,-10566,-5455,26602,32059,-3347,-18088,-6765,8789,23489,26048
29229,-18603,-10614,-5321,26559,31868,-3612,-18283,-7126,8586,23586,26229
29092,-18430,-10653,-5185,26493,31654,-3878,-18459,-7473,8390,23683,26413
28932,-18243,-10683,-5047,26407,31415,-4141,-18613,-7805,8204,23779,26597
28746,-18045,-10699,-4910,26294,31153,-4409,-18748,-8125,8017,23867,26777
28533,-17831,-10706,-4770,26156,30862,-4683,-18863,-8437,7822,23945,26948
28288,-17597,-10700,-4625,25989,30538,-4965,-18956,-8743,7608,24002,27104
28012,-17347,-10679,-4479,25790,30183,-5243,-19029,-9042,7373,24030,27232
27707,-17082,-10645,-4333,25564,29800,-5511,-19080,-9332,7114,24019,27321
27373,-16806,-10593,-4190,25305,29391,-5771,-19106,-9611,6831,23963,27368
27016,-16520,-10528,-4048,25023,28961,-6018,-19104,-9873,6534,23865,27372
26636,-16225,-10448,-3911,24715,28512,-6251,-19074,-10117,6222,23723,27328
26233,-15922,-10354,-3776,24383,28043,-6462,-19014,-10337,5895,23532,27235
25816,-15609,-10256,-3636,24039,27560,-6645,-18915,-10529,5547,23288,27082
25389,-15288,-10154,-3492,23684,27065,-6793,-18774,-10695,5180,22979,26858
24951,-14963,-10047,-3348,23320,26562,-6906,-18596,-10835,4780,22593,26547
24501,-14641,-9922,-3214,22936,26053,-6989,-18382,-10958,4336,22121,26141
24025,-14317,-9773,-3095,22518,25528,-7052,-18138,-11066,3854,21565,25645
23518,-13983,-9603,-2981,22065,24975,-7090,-17859,-11156,3347,20934,25070
22973,-13634,-9410,-2870,21573,24388,-7104,-17544,-11226,2821,20231,24416
22391,-13268,-9194,-2762,21040,23765,-7092,-17195,-11274,2280,19466,23693
21769,-12889,-8952,-2661,20464,23107,-7061,-16814,-11306,1716,18641,22907
21109,-12491,-8688,-2561,19848,22411,-7008,-16402,-11323,1130,17754,22054
20405,-12076,-8398,-2465,19185,21674,-6939,-15962,-11327,516,16802,21131
19661,-11641,-8088,-2369,18483,20897,-6853,-15491,-11317,-118,15794,20145
18872,-11183,-7753,-2273,17734,20072,-6749,-14991,-11290,-760,14743,19108
18041,-10704,-7399,-2176,16944,19205,-6626,-14462,-11241,-1393,13666,18033
17174,-10206,-7027,-2078,16120,18300,-6488,-13906,-11169,-2005,12578,16937
16279,-9691,-6642,-1979,15267,17364,-6336,-13326,-11078,-2587,11493,15832
15365,-9164,-6250,-1876,14397,16405,-6169,-12727,-10967,-3131,10420,14728
14432,-8629,-5847,-1778,13507,15427,-5991,-12117,-10842,-3641,9368,13630
13487,-8085,-5441,-1677,12607,14434,-5805,-11494,-10701,-4118,8341,12544
12536,-7535,-5035,-1574,11703,13431,-5607,-10863,-10547,-4560,7343,11472
11577,-6980,-4626,-1471,10793,12417,-5404,-10229,-10378,-4963,6379,10420
10616,-6421,-4220,-1367,9882,11398,-5197,-9591,-10197,-5321,5454,9395
9662,-5861,-3820,-1260,8980,10382,-4990,-8956,-10004,-5633,4572,8401
8728,-5304,-3438,-1146,8103,9379,-4778,-8326,-9797,-5894,3740,7443
7822,-4753,-3078,-1023,7260,8397,-4558,-7701,-9576,-6107,2964,6522
6939,-4213,-2731,-902,6440,7438,-4336,-7089,-9348,-6284,2243,5637
6077,-3682,-2396,-783,5642,6498,-4115,-6490,-9114,-6431,1570,4788
5239,-3165,-2071,-667,4867,5583,-3896,-5909,-8878,-6551,942,3971
4420,-2658,-1755,-554,4112,4689,-3680,-5347,-8639,-6639,360,3186
3619,-2164,-1444,-448,3371,3815,-3467,-4802,-8403,-6711,-181,2430
2843,-1687,-1142,-348,2653,2971,-3256,-4278,-8171,-6766,-681,1705
2088,-1229,-842,-261,1951,2154,-3053,-3778,-7946,-6808,-1147,1013
1358,-789,-548,-182,1269,1367,-2854,-3295,-7722,-6835,-1576,356
656,-371,-261,-111,611,615,-2661,-2832,-7504,-6853,-1974,-266
-17,31,13,-43,-19,-104,-2476,-2393,-7297,-6862,-2342,-854
-658,413,274,23,-618,-788,-2297,-1978,-7096,-6860,-2682,-1409
-1269,776,525,84,-1191,-1436,-2127,-1590,-6904,-6856,-3000,-1932
-1845,1118,759,145,-1729,-2046,-1968,-1224,-6723,-6848,-3293,-2421
-2386,1437,984,200,-2237,-2614,-1822,-887,-6556,-6846,-3567,-2879
-2895,1732,1198,248,-2717,-3144,-1694,-577,-6402,-6852,-3824,-3305
-3368,2009,1394,299,-3160,-3634,-1578,-291,-6261,-6861,-4063,-3698
-3803,2266,1571,353,-3566,-4086,-1469,-25,-6134,-6872,-4283,-4055
-4201,2505,1730,410,-3935,-4499,-1368,222,-6020,-6888,-4488,-4382
-4571,2722,1882,460,-4281,-4877,-1282,445,-5923,-6912,-4682,-4681
-4920,2916,2037,497,-4615,-5225,-1212,645,-5845,-6945,-4868,-4955
-5243,3091,2183,529,-4927,-5543,-1151,826,-5781,-6978,-5044,-5205
-5540,3249,2321,558,-5215,-5833,-1093,994,-5728,-7008,-5207,-5432
-5813,3393,2448,587,-5482,-6097,-1035,1153,-5683,-7032,-5359,-5636
-6063,3524,2566,614,-5727,-6337,-981,1305,-5644,-7059,-5502,-5821
-6290,3643,2671,643,-5948,-6556,-931,1451,-5611,-7082,-5637,-5987
-6500,3753,2769,672,-6154,-6758,-886,1590,-5586,-7103,-5762,-6138
-6692,3858,2855,705,-6340,-6947,-844,1725,-5567,-7124,-5876,-6274
-6868,3952,2936,734,-6513,-7120,-806,1851,-5556,-7147,-5986,-6399
-7032,4038,3013,758,-6675,-7281,-768,1975,-5549,-7167,-6089,-6513
-7188,4118,3088,778,-6832,-7436,-730,2095,-5546,-7186,-6185,-6619
-7338,4195,3160,797,-6982,-7586,-696,2212,-5546,-7209,-6278,-6719
-7478,4270,3225,817,-7122,-7732,-662,2324,-5551,-7228,-6365,-6814
-7614,4341,3291,830,-7260,-7874,-629,2427,-5560,-7246,-6449,-6904
-7744,4410,3353,842,-7392,-8013,-595,2525,-5571,-7255,-6527,-6985
-7863,4476,3407,853,-7511,-8145,-559,2618,-5584,-7259,-6599,-7059
-7976,4540,3457,863,-7623,-8273,-522,2705,-5599,-7259,-6667,-7131
-8082,4602,3503,870,-7728,-8397,-486,2787,-5615,-7256,-6729,-7197
-8186,4664,3546,877,-7829,-8520,-454,2860,-5634,-7252,-6791,-7260
-8285,4729,3582,887,-7922,-8643,-425,2920,-5655,-7248,-6849,-7323
-8371,4798,3601,908,-7995,-8760,-394,2972,-5675,-7238,-6902,-7384
-8454,4866,3616,929,-8062,-8875,-359,3016,-5693,-7231,-6954,-7445
-8536,4935,3630,949,-8127,-8989,-324,3051,-5713,-7232,-7007,-7507
-8618,5004,3643,968,-8191,-9103,-292,3077,-5736,-7237,-7061,-7569
-8698,5075,3650,992,-8250,-9215,-258,3095,-5760,-7243,-7117,-7636
-8777,5142,3661,1009,-8309,-9323,-224,3102,-5788,-7252,-7173,-7702
-8857,5207,3674,1024,-8369,-9428,-190,3098,-5820,-7262,-7229,-7767
-8941,5271,3690,1036,-8434,-9534,-162,3084,-5857,-7276,-7289,-7834
-9023,5333,3705,1050,-8495,-9635,-134,3063,-5896,-7292,-7352,-7899
-9103,5394,3719,1064,-8554,-9732,-109,3035,-5938,-7309,-7417,-7960
-9182,5455,3730,1083,-8611,-9827,-86,2999,-5980,-7317,-7482,-8016
-9260,5520,3737,1108,-8663,-9922,-60,2955,-6019,-7318,-7548,-8071
-9337,5581,3746,1132,-8716,-10012,-39,2907,-6059,-7320,-7618,-8123
-9411,5642,3751,1162,-8764,-10098,-20,2853,-6098,-7324,-7689,-8176
-9482,5698,3760,1187,-8813,-10178,-6,2791,-6138,-7331,-7764,-8231
-9555,5748,3775,1207,-8869,-10254,4,2723,-6179,-7345,-7840,-8288
-9625,5795,3792,1227,-8924,-10325,11,2653,-6219,-7361,-7916,-8347
-9690,5838,3810,1245,-8976,-10390,14,2581,-6256,-7380,-7991,-8406
-9754,5882,3825,1269,-9027,-10454,16,2511,-6286,-7398,-8063,-8460
-9820,5924,3846,1289,-9085,-10517,13,2441,-6312,-7422,-8131,-8509
-9889,5960,3878,1300,-9151,-10578,1,2368,-6340,-7454,-8203,-8557
-9955,5993,3910,1310,-9217,-10635,-14,2295,-6369,-7488,-8273,-8604
-10019,6025,3943,1321,-9282,-10690,-29,2222,-6397,-7518,-8340,-8651
-10081,6055,3976,1330,-9347,-10742,-43,2154,-6421,-7547,-8401,-8697
-10139,6081,4011,1337,-9410,-10790,-60,2093,-6442,-7575,-8456,-8736
-10188,6106,4038,1349,-9463,-10832,-76,2037,-6458,-7599,-8505,-8767
-10233,6131,4063,1361,-9512,-10871,-93,1984,-6470,-7625,-8550,-8795
-10272,6155,4082,1377,-9552,-10907,-108,1939,-6477,-7647,-8590,-8818
-10307,6177,4100,1392,-9591,-10941,-129,1900,-6485,-7670,-8627,-8842
-10343,6205,4115,1412,-9627,-10980,-150,1865,-6495,-7691,-8663,-8867
-10382,6233,4131,1431,-9666,-11022,-169,1835,-6505,-7713,-8694,-8891
-10423,6262,4150,1447,-9708,-11067,-192,1809,-6516,-7739,-8719,-8913
-10459,6288,4165,1461,-9745,-11108,-213,1787,-6524,-7757,-8736,-8934
-10492,6307,4185,1466,-9783,-11144,-230,1768,-6531,-7777,-8750,-8956
-10524,6326,4204,1471,-9818,-11180,-245,1756,-6532,-7796,-8762,-8978
-10552,6343,4221,1473,-9851,-11214,-255,1751,-6526,-7807,-8767,-8997
-10581,6356,4241,1469,-9886,-11246,-264,1749,-6518,-7813,-8768,-9015
-10613,6369,4263,1462,-9923,-11281,-273,1750,-6507,-7819,-8767,-9032
-10649,6384,4287,1452,-9964,-11320,-280,1751,-6493,-7819,-8766,-9050
-10680,6399,4306,1445,-9999,-11358,-282,1754,-6469,-7813,-8763,-9066
-10701,6417,4311,1448,-10017,-11391,-276,1761,-6435,-7800,-8754,-9081
-10717,6437,4309,1455,-10028,-11422,-271,1767,-6396,-7790,-8744,-9100
-10731,6457,4303,1463,-10034,-11452,-268,1772,-6355,-7784,-8733,-9117
-10747,6480,4297,1473,-10040,-11485,-264,1777,-6311,-7779,-8723,-9133
-10761,6505,4286,1488,-10043,-11519,-255,1780,-6260,-7767,-8712,-9149
-10773,6531,4272,1504,-10042,-11551,-247,1780,-6205,-7755,-8703,-9164
-10784,6560,4253,1527,-10035,-11584,-238,1779,-6144,-7743,-8696,-9176
-10794,6588,4234,1549,-10030,-11617,-225,1777,-6076,-7724,-8690,-9186
-10803,6613,4216,1568,-10023,-11644,-212,1777,-6004,-7700,-8685,-9199
-10810,6631,4202,1582,-10017,-11666,-204,1777,-5931,-7677,-8686,-9216
-10816,6648,4189,1596,-10012,-11685,-199,1774,-5856,-7652,-8689,-9237
-10822,6667,4173,1615,-10003,-11705,-192,1769,-5777,-7623,-8692,-9259
-10832,6685,4160,1631,-10000,-11725,-188,1762,-5700,-7599,-8699,-9280
-10839,6701,4147,1648,-9994,-11741,-185,1758,-5620,-7574,-8709,-9299
-10850,6712,4141,1659,-9995,-11755,-185,1752,-5541,-7549,-8721,-9318
-10867,6720,4143,1664,-10005,-11770,-189,1744,-5463,-7526,-8737,-9342
-10886,6728,4147,1668,-10019,-11785,-195,1736,-5387,-7504,-8754,-9368
-10903,6733,4154,1670,-10032,-11796,-201,1728,-5314,-7480,-8770,-9396
-10915,6733,4159,1671,-10042,-11801,-207,1721,-5241,-7455,-8786,-9427
-10927,6731,4167,1670,-10054,-11803,-217,1715,-5168,-7437,-8804,-9457
-10943,6723,4186,1658,-10075,-11802,-232,1711,-5095,-7418,-8824,-9480
-10955,6714,4203,1647,-10095,-11799,-244,1712,-5019,-7392,-8843,-9498
-10965,6707,4216,1641,-10109,-11795,-254,1718,-4940,-7359,-8861,-9512
-10972,6706,4223,1644,-10118,-11793,-266,1727,-4861,-7323,-8880,-9525
-10977,6706,4227,1650,-10126,-11792,-283,1739,-4778,-7290,-8902,-9533
-10977,6710,4224,1662,-10124,-11788,-301,1757,-4691,-7255,-8922,-9537
-10973,6715,4216,1678,-10118,-11784,-319,1777,-4601,-7220,-8942,-9538
-10964,6724,4202,1701,-10104,-11781,-337,1800,-4507,-7187,-8960,-9536
-10956,6733,4188,1724,-10091,-11777,-357,1821,-4407,-7152,-8976,-9534
-10948,6743,4175,1745,-10079,-11776,-381,1842,-4303,-7115,-8993,-9533
-10943,6753,4164,1764,-10071,-11777,-407,1863,-4198,-7083,-9012,-9532
-10940,6762,4159,1778,-10068,-11780,-440,1887,-4092,-7061,-9032,-9530
-10937,6769,4154,1789,-10064,-11781,-476,1910,-3984,-7041,-9054,-9529
-10937,6772,4158,1790,-10069,-11783,-517,1930,-3875,-7025,-9080,-9532
-10937,6771,4164,1786,-10074,-11782,-561,1949,-3764,-7008,-9108,-9536
-10934,6772,4165,1786,-10074,-11781,-604,1966,-3651,-6989,-9137,-9537
-10931,6773,4166,1785,-10074,-11781,-647,1983,-3537,-6970,-9167,-9541
-10928,6772,4168,1781,-10074,-11780,-687,1996,-3421,-6944,-9196,-9546
-10927,6772,4170,1775,-10076,-11780,-729,2006,-3307,-6914,-9224,-9552
-10926,6774,4170,1772,-10075,-11782,-766,2012,-3191,-6877,-9252,-9558
-10923,6779,4163,1774,-10069,-11785,-794,2019,-3070,-6832,-9273,-9563
-10924,6786,4160,1775,-10068,-11794,-821,2023,-2950,-6792,-9293,-9571
-10930,6795,4158,1774,-10071,-11805,-849,2018,-2838,-6759,-9316,-9585
-10939,6803,4160,1771,-10077,-11819,-874,2008,-2735,-6736,-9342,-9601
-10947,6813,4159,1770,-10081,-11834,-895,1991,-2639,-6715,-9368,-9621
-10955,6824,4156,1771,-10084,-11849,-913,1968,-2553,-6700,-9396,-9645
-10960,6837,4146,1779,-10080,-11864,-924,1945,-2476,-6684,-9422,-9667
-10964,6857,4131,1795,-10073,-11883,-929,1922,-2409,-6662,-9444,-9686
-10966,6884,4105,1823,-10057,-11905,-923,1901,-2351,-6634,-9463,-9701
-10967,6915,4072,1859,-10035,-11929,-909,1879,-2305,-6609,-9480,-9716
-10968,6948,4039,1898,-10013,-11954,-889,1854,-2271,-6585,-9498,-9731
-10970,6979,4008,1936,-9994,-11980,-863,1828,-2244,-6557,-9514,-9749
-10977,7007,3984,1968,-9982,-12004,-833,1799,-2229,-6525,-9529,-9769
-10984,7037,3959,2003,-9970,-12030,-799,1772,-2223,-6490,-9542,-9785
-10996,7063,3941,2033,-9966,-12057,-765,1742,-2229,-6460,-9559,-9805
-11016,7085,3937,2051,-9976,-12086,-732,1708,-2245,-6433,-9581,-9827
-11043,7106,3939,2067,-9995,-12117,-701,1670,-2271,-6410,-9604,-9852
-11071,7127,3942,2082,-10015,-12148,-670,1629,-2306,-6389,-9629,-9879
-11094,7145,3942,2099,-10029,-12174,-639,1587,-2349,-6370,-9654,-9907
-11116,7160,3945,2113,-10045,-12196,-610,1543,-2401,-6358,-9682,-9935
-11143,7172,3955,2121,-10068,-12219,-588,1496,-2465,-6352,-9715,-9963
-11169,7183,3966,2129,-10092,-12242,-567,1449,-2536,-6343,-9748,-9988
-11193,7194,3974,2138,-10112,-12262,-546,1404,-2605,-6335,-9780,-10010
-11209,7205,3976,2152,-10123,-12276,-530,1360,-2674,-6329,-9811,-10030
-11223,7218,3974,2170,-10131,-12292,-525,1316,-2747,-6328,-9843,-10044
-11235,7235,3968,2193,-10134,-12308,-527,1270,-2821,-6328,-9875,-10055
-11248,7253,3961,2217,-10138,-12326,-537,1218,-2898,-6333,-9910,-10067
-11259,7275,3950,2246,-10138,-12346,-555,1162,-2976,-6334,-9944,-10077
-11274,7301,3939,2276,-10140,-12371,-583,1099,-3060,-6340,-9974,-10086
-11288,7327,3928,2305,-10142,-12397,-613,1031,-3146,-6351,-10005,-10094
-11303,7353,3919,2332,-10146,-12423,-647,959,-3235,-6368,-10034,-10104
-11321,7378,3915,2354,-10156,-12452,-691,884,-3324,-6393,-10063,-10112
-11339,7405,3909,2378,-10164,-12482,-736,811,-3410,-6416,-10089,-10120
-11359,7434,3905,2400,-10175,-12516,-786,741,-3490,-6435,-10116,-10128
-11376,7462,3898,2422,-10182,-12547,-836,672,-3568,-6453,-10141,-10136
-11386,7487,3888,2444,-10182,-12573,-887,604,-3645,-6471,-10163,-10144
-11396,7509,3881,2460,-10184,-12595,-939,537,-3720,-6489,-10184,-10154
-11408,7524,3883,2464,-10194,-12615,-991,473,-3795,-6508,-10206,-10165
-11422,7532,3895,2456,-10212,-12632,-1042,409,-3873,-6530,-10229,-10177
-11435,7537,3908,2445,-10230,-12647,-1088,345,-3953,-6549,-10253,-10191
-11445,7545,3915,2440,-10242,-12662,-1125,284,-4031,-6562,-10272,-10205
-11457,7555,3922,2434,-10255,-12679,-1159,225,-4111,-6576,-10293,-10219
-11470,7565,3930,2429,-10269,-12696,-1192,165,-4191,-6593,-10316,-10234
-11479,7573,3935,2424,-10279,-12711,-1223,101,-4271,-6611,-10338,-10249
-11485,7581,3936,2421,-10284,-12722,-1246,37,-4346,-6622,-10355,-10262
-11488,7587,3937,2416,-10287,-12731,-1266,-29,-4420,-6632,-10367,-10273
-11488,7593,3932,2416,-10284,-12737,-1282,-97,-4491,-6640,-10374,-10282
-11486,7599,3927,2417,-10279,-12741,-1298,-168,-4561,-6652,-10382,-10289
-11484,7605,3920,2420,-10272,-12746,-1313,-241,-4630,-6664,-10390,-10295
-11485,7613,3913,2424,-10268,-12753,-1325,-317,-4698,-6685,-10397,-10303
-11486,7620,3905,2430,-10263,-12760,-1332,-396,-4768,-6708,-10406,-10314
-11486,7625,3898,2435,-10257,-12763,-1329,-476,-4838,-6733,-10417,-10328
-11492,7628,3898,2435,-10259,-12770,-1324,-557,-4910,-6764,-10432,-10345
-11501,7634,3897,2438,-10264,-12780,-1317,-637,-4983,-6800,-10448,-10361
-11517,7642,3901,2441,-10275,-12794,-1306,-719,-5063,-6839,-10468,-10384
-11537,7650,3907,2444,-10290,-12811,-1293,-799,-5146,-6883,-10491,-10412
-11558,7665,3907,2455,-10302,-12832,-1278,-876,-5227,-6925,-10514,-10439
-11580,7686,3902,2476,-10311,-12859,-1258,-946,-5302,-6965,-10537,-10467
-11603,7712,3892,2504,-10318,-12888,-1232,-1013,-5373,-7004,-10558,-10495
-11630,7736,3887,2528,-10331,-12919,-1209,-1076,-5443,-7047,-10577,-10524
-11665,7753,3899,2537,-10360,-12949,-1189,-1137,-5516,-7094,-10599,-10554
-11704,7766,3918,2539,-10398,-12981,-1174,-1195,-5589,-7141,-10626,-10587
-11749,7775,3947,2533,-10446,-13013,-1159,-1247,-5660,-7184,-10657,-10622
-11795,7780,3981,2520,-10499,-13043,-1139,-1292,-5726,-7221,-10689,-10656
-11839,7778,4020,2501,-10555,-13068,-1115,-1325,-5788,-7262,-10719,-10688
-11880,7775,4059,2480,-10610,-13090,-1085,-1344,-5841,-7300,-10746,-10716
-11920,7768,4101,2454,-10666,-13109,-1055,-1357,-5893,-7339,-10775,-10745
-11952,7760,4139,2430,-10714,-13122,-1025,-1364,-5939,-7377,-10803,-10774
-11981,7750,4176,2405,-10761,-13133,-997,-1365,-5980,-7412,-10828,-10801
-12006,7741,4208,2383,-10802,-13142,-969,-1360,-6015,-7441,-10848,-10826
-12024,7731,4237,2361,-10836,-13147,-941,-1349,-6045,-7468,-10864,-10848
-12035,7718,4262,2339,-10864,-13146,-918,-1333,-6070,-7497,-10880,-10867
-12036,7703,4281,2319,-10880,-13137,-893,-1311,-6089,-7521,-10894,-10883
-12037,7687,4302,2296,-10898,-13129,-866,-1286,-6104,-7544,-10907,-10898
-12033,7672,4318,2276,-10909,-13119,-839,-1254,-6111,-7562,-10916,-10907
-12021,7661,4324,2264,-10907,-13106,-809,-1215,-6108,-7573,-10917,-10911
-12006,7651,4326,2255,-10900,-13092,-776,-1171,-6095,-7577,-10914,-10908
-11993,7646,4326,2248,-10893,-13083,-744,-1124,-6075,-7575,-10906,-10901
-11982,7646,4324,2245,-10886,-13080,-713,-1076,-6051,-7570,-10898,-10891
-11969,7650,4316,2248,-10872,-13079,-682,-1027,-6025,-7562,-10891,-10881
-11948,7661,4293,2265,-10843,-13077,-650,-979,-5994,-7547,-10878,-10868
-11926,7676,4265,2287,-10809,-13076,-623,-934,-5960,-7536,-10864,-10856
-11903,7695,4231,2315,-10769,-13078,-597,-888,-5925,-7530,-10848,-10844
-11878,7717,4191,2349,-10724,-13079,-578,-845,-5890,-7527,-10835,-10836
-11852,7743,4146,2390,-10674,-13083,-563,-805,-5851,-7523,-10825,-10831
-11835,7771,4107,2428,-10634,-13094,-554,-768,-5812,-7520,-10817,-10829
-11824,7800,4072,2463,-10601,-13108,-551,-733,-5774,-7519,-10809,-10827
-11820,7823,4047,2490,-10579,-13123,-556,-705,-5742,-7520,-10804,-10826
-11822,7847,4028,2512,-10565,-13142,-564,-682,-5714,-7520,-10802,-10825
-11832,7870,4016,2532,-10560,-13165,-577,-662,-5688,-7517,-10799,-10822
-11848,7899,4003,2556,-10560,-13195,-595,-645,-5666,-7514,-10797,-10817
-11862,7926,3988,2581,-10558,-13223,-611,-631,-5648,-7505,-10798,-10812
-11881,7950,3979,2602,-10562,-13250,-628,-622,-5635,-7501,-10801,-10810
-11902,7977,3970,2626,-10568,-13280,-643,-616,-5627,-7499,-10805,-10807
-11927,8001,3965,2646,-10581,-13311,-660,-615,-5628,-7504,-10811,-10807
-11958,8024,3968,2661,-10603,-13343,-681,-619,-5640,-7518,-10823,-10813
-11992,8049,3971,2678,-10627,-13379,-701,-626,-5659,-7538,-10840,-10821
-12030,8076,3975,2697,-10655,-13417,-715,-634,-5682,-7556,-10857,-10830
-12069,8105,3979,2719,-10685,-13457,-728,-642,-5707,-7578,-10874,-10840
-12113,8129,3990,2733,-10723,-13496,-746,-653,-5738,-7613,-10895,-10852
-12167,8148,4018,2732,-10780,-13539,-775,-671,-5777,-7658,-10923,-10866
-12226,8163,4055,2724,-10847,-13583,-806,-692,-5823,-7702,-10953,-10881
-12289,8175,4099,2710,-10920,-13627,-839,-709,-5871,-7742,-10984,-10897
-12351,8186,4143,2695,-10994,-13670,-872,-726,-5919,-7780,-11015,-10912
-12409,8194,4188,2677,-11067,-13708,-906,-742,-5967,-7822,-11047,-10925
-12463,8203,4228,2664,-11133,-13746,-936,-751,-6011,-7857,-11075,-10932
-12517,8218,4262,2656,-11195,-13787,-962,-758,-6052,-7887,-11101,-10935
-12565,8235,4290,2655,-11249,-13827,-985,-759,-6091,-7917,-11122,-10935
-12608,8251,4316,2653,-11298,-13863,-1008,-756,-6128,-7948,-11138,-10933
-12648,8269,4336,2656,-11342,-13900,-1030,-751,-6164,-7975,-11149,-10931
-12687,8292,4353,2663,-11381,-13940,-1049,-744,-6196,-7999,-11156,-10930
-12726,8317,4367,2672,-11419,-13983,-1071,-731,-6228,-8027,-11160,-10926
-12760,8344,4376,2685,-11448,-14024,-1091,-715,-6260,-8053,-11163,-10923
-12793,8367,4388,2693,-11479,-14064,-1115,-702,-6296,-8083,-11168,-10924
-12827,8394,4399,2703,-11508,-14107,-1140,-689,-6330,-8114,-11176,-10925
-12857,8421,4405,2717,-11531,-14149,-1162,-677,-6360,-8143,-11183,-10925
-12889,8449,4413,2727,-11556,-14194,-1184,-669,-6389,-8172,-11193,-10924
-12925,8477,4425,2735,-11586,-14243,-1212,-668,-6417,-8206,-11206,-10926
-12966,8506,4440,2740,-11620,-14296,-1247,-670,-6445,-8242,-11221,-10930
-13009,8541,4453,2751,-11654,-14355,-1282,-673,-6469,-8274,-11234,-10937
-13046,8580,4455,2771,-11675,-14413,-1313,-675,-6483,-8301,-11243,-10945
-13083,8619,4458,2790,-11698,-14471,-1346,-677,-6495,-8333,-11253,-10957
-13125,8660,4464,2807,-11726,-14534,-1382,-681,-6507,-8371,-11265,-10974
-13170,8700,4473,2822,-11758,-14598,-1420,-688,-6519,-8410,-11279,-10995
-13212,8741,4479,2841,-11786,-14661,-1457,-699,-6528,-8442,-11292,-11020
-13256,8781,4487,2856,-11818,-14724,-1497,-714,-6537,-8478,-11309,-11048
-13301,8821,4495,2872,-11851,-14786,-1536,-731,-6547,-8518,-11331,-11079
-13350,8859,4510,2883,-11891,-14849,-1575,-751,-6560,-8559,-11354,-11111
-13401,8896,4527,2893,-11936,-14913,-1613,-772,-6575,-8597,-11374,-11142
-13456,8931,4550,2897,-11987,-14975,-1648,-791,-6588,-8632,-11395,-11173
-13515,8967,4575,2902,-12043,-15040,-1684,-810,-6601,-8666,-11418,-11207
-13574,9005,4598,2909,-12099,-15104,-1715,-829,-6615,-8700,-11440,-11244
-13634,9043,4621,2917,-12155,-15168,-1748,-850,-6632,-8737,-11467,-11284
-13688,9083,4636,2933,-12202,-15228,-1778,-871,-6652,-8775,-11493,-11322
-13743,9122,4652,2949,-12251,-15287,-1808,-895,-6673,-8812,-11520,-11359
-13804,9160,4675,2960,-12309,-15347,-1836,-919,-6698,-8850,-11549,-11397
-13864,9198,4697,2971,-12366,-15406,-1859,-941,-6725,-8883,-11577,-11434
-13920,9233,4717,2984,-12418,-15460,-1875,-959,-6749,-8913,-11601,-11469
-13972,9267,4734,2997,-12467,-15509,-1883,-965,-6767,-8939,-11618,-11502
-14022,9296,4753,3006,-12515,-15553,-1888,-964,-6782,-8971,-11631,-11534
-14074,9316,4783,3003,-12571,-15594,-1894,-961,-6795,-9010,-11645,-11565
-14124,9330,4816,2994,-12628,-15628,-1899,-952,-6808,-9044,-11656,-11593
-14173,9344,4848,2985,-12684,-15663,-1899,-936,-6818,-9070,-11666,-11619
-14219,9356,4879,2976,-12737,-15694,-1895,-915,-6825,-9088,-11673,-11643
-14263,9362,4913,2961,-12790,-15721,-1890,-889,-6828,-9102,-11678,-11662
-14301,9366,4943,2946,-12837,-15744,-1886,-859,-6829,-9113,-11679,-11677
-14338,9373,4968,2938,-12879,-15770,-1881,-825,-6830,-9124,-11680,-11688
-14368,9384,4983,2938,-12910,-15794,-1871,-784,-6826,-9130,-11675,-11696
-14399,9397,4997,2939,-12941,-15822,-1857,-740,-6821,-9141,-11667,-11704
-14432,9412,5010,2943,-12972,-15854,-1840,-695,-6817,-9156,-11658,-11715
-14470,9429,5026,2945,-13008,-15890,-1822,-646,-6812,-9176,-11650,-11728
-14512,9446,5046,2945,-13051,-15932,-1807,-596,-6806,-9202,-11644,-11744
-14555,9465,5067,2945,-13093,-15977,-1795,-543,-6797,-9227,-11641,-11764
-14600,9483,5091,2942,-13139,-16022,-1783,-491,-6787,-9250,-11641,-11788
-14645,9501,5114,2939,-13185,-16069,-1770,-433,-6771,-9269,-11639,-11811
-14688,9520,5135,2937,-13227,-16114,-1755,-370,-6752,-9280,-11634,-11835
-14729,9535,5160,2930,-13270,-16156,-1740,-309,-6733,-9292,-11630,-11861
-14770,9547,5187,2919,-13315,-16197,-1724,-250,-6716,-9306,-11628,-11889
-14815,9561,5217,2907,-13365,-16241,-1713,-196,-6702,-9322,-11628,-11919
-14862,9578,5248,2896,-13417,-16289,-1701,-147,-6686,-9337,-11629,-11950
-14903,9597,5270,2893,-13458,-16335,-1682,-95,-6666,-9347,-11625,-11981
-14942,9618,5290,2892,-13497,-16379,-1656,-40,-6644,-9355,-11616,-12012
-14981,9643,5305,2897,-13533,-16427,-1625,18,-6620,-9363,-11606,-12041
-15019,9671,5318,2905,-13566,-16475,-1594,77,-6597,-9371,-11594,-12070
-15054,9703,5324,2921,-13593,-16523,-1561,132,-6575,-9374,-11581,-12101
-15088,9736,5328,2938,-13618,-16571,-1532,185,-6555,-9378,-11569,-12134
-15120,9769,5331,2958,-13641,-16617,-1505,238,-6537,-9379,-11554,-12165
-15158,9803,5340,2973,-13672,-16666,-1481,288,-6521,-9387,-11542,-12197
-15199,9836,5352,2986,-13706,-16717,-1457,336,-6507,-9400,-11530,-12230
-15240,9866,5368,2995,-13744,-16766,-1435,382,-6495,-9418,-11524,-12267
-15281,9893,5386,3001,-13782,-16811,-1418,424,-6483,-9436,-11518,-12305
-15319,9920,5401,3009,-13818,-16854,-1401,463,-6470,-9448,-11510,-12345
-15361,9946,5421,3013,-13858,-16899,-1390,501,-6458,-9465,-11506,-12388
-15400,9970,5438,3019,-13894,-16940,-1382,540,-6443,-9482,-11503,-12431
-15442,9993,5459,3021,-13935,-16982,-1377,578,-6427,-9501,-11501,-12470
-15488,10015,5485,3019,-13982,-17026,-1380,613,-6413,-9518,-11502,-12506
-15532,10039,5506,3023,-14024,-17070,-1386,646,-6398,-9533,-11501,-12540
-15571,10067,5519,3035,-14058,-17113,-1393,677,-6378,-9542,-11496,-12575
-15609,10104,5521,3060,-14083,-17161,-1403,707,-6357,-9552,-11490,-12607
-15648,10140,5523,3084,-14110,-17209,-1418,738,-6334,-9569,-11483,-12640
-15693,10171,5537,3097,-14148,-17258,-1438,765,-6312,-9590,-11479,-12670
-15740,10201,5554,3107,-14189,-17307,-1459,792,-6290,-9612,-11477,-12698
-15787,10230,5571,3115,-14232,-17356,-1483,815,-6270,-9631,-11478,-12722
-15837,10261,5588,3125,-14276,-17407,-1511,838,-6252,-9653,-11482,-12745
-15890,10292,5609,3132,-14324,-17461,-1543,859,-6238,-9679,-11488,-12764
-15937,10320,5626,3139,-14367,-17510,-1575,882,-6227,-9701,-11496,-12779
-15982,10345,5643,3145,-14408,-17554,-1609,904,-6220,-9728,-11507,-12797
-16024,10372,5655,3154,-14444,-17598,-1643,930,-6217,-9757,-11520,-12816
-16071,10400,5671,3162,-14486,-17646,-1680,954,-6217,-9790,-11536,-12836
-16123,10432,5687,3171,-14531,-17700,-1717,976,-6222,-9822,-11554,-12855
-16175,10464,5705,3179,-14579,-17754,-1754,996,-6231,-9855,-11574,-12875
-16232,10496,5726,3185,-14631,-17810,-1798,1017,-6246,-9894,-11593,-12896
-16285,10532,5741,3197,-14677,-17868,-1840,1039,-6264,-9931,-11611,-12918
-16336,10569,5753,3212,-14720,-17925,-1878,1062,-6284,-9960,-11628,-12938
-16382,10611,5756,3236,-14754,-17981,-1912,1089,-6299,-9980,-11641,-12954
-16424,10660,5747,3272,-14777,-18040,-1941,1117,-6308,-9990,-11651,-12964
-16467,10712,5738,3311,-14800,-18101,-1969,1143,-6317,-9998,-11660,-12973
-16512,10761,5734,3344,-14828,-18162,-2002,1165,-6327,-10010,-11673,-12983
-16556,10803,5738,3368,-14862,-18219,-2038,1180,-6338,-10025,-11692,-12995
-16603,10844,5745,3390,-14898,-18278,-2071,1192,-6345,-10034,-11712,-13005
-16645,10888,5745,3418,-14928,-18336,-2095,1206,-6343,-10033,-11728,-13012
-16688,10931,5749,3444,-14959,-18394,-2115,1219,-6337,-10027,-11744,-13017
-16731,10970,5757,3464,-14994,-18451,-2131,1230,-6326,-10018,-11759,-13021
-16774,11005,5768,3481,-15030,-18506,-2145,1240,-6313,-10006,-11772,-13023
-16812,11042,5773,3503,-15058,-18558,-2156,1250,-6299,-9990,-11784,-13027
-16844,11080,5772,3529,-15079,-18608,-2166,1259,-6278,-9971,-11793,-13032
-16868,11120,5759,3566,-15086,-18655,-2172,1271,-6252,-9949,-11796,-13033
-16889,11161,5743,3605,-15089,-18701,-2177,1282,-6224,-9927,-11797,-13030
-16910,11207,5722,3651,-15089,-18750,-2177,1294,-6192,-9900,-11798,-13023
-16932,11254,5699,3699,-15087,-18800,-2177,1305,-6161,-9877,-11801,-13016
-16953,11301,5675,3748,-15084,-18849,-2181,1310,-6134,-9856,-11808,-13009
-16971,11346,5648,3797,-15078,-18895,-2185,1311,-6106,-9831,-11816,-13007
-16994,11388,5630,3838,-15079,-18942,-2194,1311,-6082,-9807,-11827,-13008
-17016,11429,5611,3879,-15079,-18986,-2203,1311,-6059,-9782,-11841,-13010
-17038,11464,5596,3914,-15083,-19027,-2216,1305,-6039,-9762,-11858,-13015
-17067,11496,5591,3940,-15096,-19069,-2232,1294,-6023,-9746,-11880,-13023
-17097,11530,5585,3967,-15111,-19112,-2252,1280,-6008,-9733,-11904,-13032
-17125,11562,5578,3994,-15123,-19153,-2272,1265,-5992,-9717,-11929,-13041
-17149,11592,5567,4021,-15130,-19188,-2292,1249,-5977,-9700,-11954,-13051
-17172,11619,5560,4044,-15139,-19220,-2316,1232,-5963,-9687,-11980,-13063
-17205,11643,5563,4058,-15162,-19256,-2346,1213,-5955,-9679,-12009,-13075
-17241,11669,5568,4071,-15188,-19294,-2377,1193,-5949,-9668,-12037,-13085
-17272,11689,5575,4080,-15213,-19325,-2405,1174,-5941,-9651,-12061,-13091
-17300,11707,5580,4088,-15234,-19351,-2431,1156,-5931,-9631,-12083,-13092
-17326,11724,5586,4094,-15256,-19375,-2458,1138,-5923,-9616,-12106,-13089
-17351,11739,5591,4100,-15277,-19396,-2483,1121,-5915,-9602,-12132,-13084
-17373,11750,5600,4100,-15298,-19413,-2505,1104,-5907,-9590,-12159,-13081
-17390,11758,5606,4100,-15315,-19424,-2522,1090,-5898,-9577,-12184,-13080
-17407,11767,5613,4100,-15332,-19436,-2541,1075,-5889,-9566,-12211,-13080
-17424,11781,5616,4105,-15348,-19452,-2563,1058,-5881,-9557,-12238,-13079
-17440,11797,5617,4114,-15362,-19469,-2587,1040,-5873,-9554,-12262,-13082
-17457,11815,5617,4123,-15377,-19488,-2614,1021,-5867,-9557,-12285,-13086
-17475,11836,5617,4136,-15391,-19509,-2639,1002,-5859,-9554,-12303,-13087
-17497,11855,5622,4144,-15412,-19534,-2666,981,-5851,-9549,-12322,-13089
-17517,11875,5625,4153,-15430,-19558,-2695,960,-5844,-9546,-12342,-13090
-17531,11894,5624,4165,-15442,-19579,-2726,941,-5837,-9543,-12358,-13090
-17546,11913,5624,4176,-15455,-19600,-2755,920,-5831,-9539,-12376,-13087
-17563,11931,5626,4186,-15470,-19623,-2782,898,-5828,-9533,-12394,-13085
-17580,11947,5631,4192,-15487,-19646,-2806,871,-5822,-9526,-12412,-13083
-17595,11963,5634,4200,-15501,-19668,-2830,839,-5817,-9516,-12429,-13081
-17601,11980,5627,4216,-15502,-19686,-2850,810,-5810,-9498,-12444,-13075
-17607,11997,5619,4232,-15502,-19705,-2866,783,-5802,-9481,-12461,-13068
-17611,12013,5612,4249,-15500,-19722,-2882,757,-5796,-9469,-12480,-13060
-17615,12028,5604,4264,-15498,-19740,-2897,731,-5792,-9458,-12499,-13052
-17620,12047,5592,4287,-15493,-19761,-2908,703,-5789,-9441,-12515,-13045
-17629,12066,5584,4306,-15493,-19784,-2918,674,-5789,-9426,-12533,-13040
-17638,12084,5576,4325,-15492,-19808,-2926,647,-5787,-9411,-12551,-13037
-17646,12101,5569,4343,-15491,-19830,-2935,617,-5786,-9394,-12567,-13036
-17652,12119,5558,4363,-15487,-19851,-2941,587,-5783,-9375,-12579,-13036
-17657,12134,5548,4382,-15481,-19869,-2948,556,-5779,-9356,-12591,-13036
-17661,12146,5540,4398,-15475,-19884,-2951,525,-5774,-9338,-12601,-13036
-17661,12156,5529,4414,-15465,-19895,-2949,495,-5763,-9314,-12608,-13035
-17662,12165,5519,4429,-15456,-19905,-2950,464,-5751,-9289,-12616,-13032
-17658,12174,5505,4446,-15441,-19911,-2950,435,-5732,-9261,-12620,-13026
-17653,12176,5496,4456,-15428,-19912,-2950,406,-5710,-9232,-12624,-13018
-17651,12174,5494,4457,-15423,-19910,-2954,374,-5689,-9210,-12631,-13012
-17650,12171,5494,4457,-15419,-19909,-2958,342,-5668,-9190,-12639,-13008
-17649,12169,5492,4458,-15414,-19907,-2961,311,-5644,-9166,-12646,-13003
-17643,12166,5486,4460,-15404,-19900,-2963,282,-5616,-9143,-12655,-13000
-17634,12159,5481,4460,-15391,-19888,-2967,255,-5586,-9123,-12666,-12998
-17631,12146,5487,4447,-15392,-19876,-2977,226,-5559,-9111,-12681,-12997
-17635,12131,5502,4428,-15401,-19865,-2993,195,-5536,-9102,-12698,-12995
-17640,12115,5519,4405,-15415,-19854,-3012,162,-5514,-9090,-12715,-12996
-17644,12098,5535,4383,-15427,-19842,-3026,128,-5492,-9077,-12732,-12997
-17648,12086,5548,4365,-15437,-19831,-3040,101,-5471,-9064,-12746,-12996
-17646,12078,5550,4358,-15437,-19820,-3048,81,-5448,-9044,-12755,-12990
-17638,12076,5541,4361,-15426,-19809,-3051,69,-5422,-9019,-12759,-12977
-17624,12078,5522,4373,-15404,-19796,-3047,64,-5393,-8989,-12756,-12963
-17606,12073,5506,4379,-15383,-19776,-3039,60,-5367,-8963,-12750,-12949
-17588,12065,5493,4380,-15364,-19754,-3026,55,-5341,-8936,-12744,-12935
-17568,12056,5482,4380,-15345,-19730,-3010,52,-5316,-8911,-12737,-12923
-17545,12043,5471,4377,-15324,-19703,-2995,50,-5293,-8888,-12727,-12910
-17514,12027,5455,4376,-15296,-19670,-2977,51,-5267,-8856,-12715,-12897
-17481,12007,5442,4369,-15269,-19633,-2955,52,-5242,-8823,-12704,-12882
-17445,11983,5432,4358,-15240,-19592,-2933,50,-5219,-8790,-12692,-12866
-17404,11956,5418,4348,-15207,-19547,-2906,51,-5193,-8756,-12678,-12845
-17361,11926,5406,4336,-15174,-19501,-2878,52,-5166,-8722,-12661,-12821
-17319,11897,5396,4323,-15143,-19456,-2848,57,-5139,-8686,-12641,-12793
-17279,11867,5388,4309,-15114,-19414,-2815,62,-5114,-8651,-12624,-12765
-17236,11841,5374,4301,-15079,-19372,-2778,71,-5089,-8612,-12606,-12736
-17182,11823,5342,4310,-15025,-19329,-2733,83,-5060,-8564,-12581,-12707
-17124,11808,5302,4328,-14963,-19287,-2684,95,-5028,-8516,-12554,-12677
-17065,11797,5259,4349,-14897,-19246,-2634,110,-4994,-8467,-12525,-12646
-17004,11782,5216,4369,-14829,-19202,-2583,128,-4958,-8414,-12495,-12612
-16937,11766,5170,4390,-14755,-19153,-2527,145,-4919,-8356,-12463,-12579
-16872,11748,5127,4407,-14684,-19105,-2471,160,-4879,-8303,-12432,-12549
-16809,11730,5086,4423,-14615,-19056,-2414,177,-4838,-8252,-12399,-12517
-16748,11706,5053,4430,-14552,-19006,-2360,192,-4797,-8205,-12369,-12484
-16688,11679,5023,4433,-14491,-18952,-2309,206,-4754,-8158,-12341,-12449
-16632,11649,4999,4430,-14436,-18899,-2263,220,-4710,-8109,-12319,-12412
-16581,11617,4982,4421,-14389,-18846,-2221,231,-4665,-8061,-12299,-12374
-16529,11582,4966,4409,-14341,-18790,-2175,237,-4617,-8011,-12279,-12339
-16478,11544,4955,4393,-14297,-18732,-2131,240,-4569,-7961,-12258,-12304
-16426,11507,4940,4379,-14249,-18672,-2086,243,-4518,-7907,-12234,-12263
-16377,11472,4926,4366,-14204,-18614,-2045,244,-4467,-7855,-12208,-12220
-16329,11434,4914,4350,-14161,-18555,-2010,239,-4417,-7807,-12183,-12175
-16277,11396,4900,4335,-14114,-18493,-1980,232,-4365,-7759,-12157,-12126
-16223,11358,4882,4322,-14063,-18428,-1950,225,-4309,-7709,-12128,-12072
-16166,11318,4863,4308,-14010,-18358,-1921,220,-4251,-7656,-12094,-12017
-16105,11274,4844,4291,-13954,-18283,-1895,216,-4196,-7606,-12059,-11962
-16046,11226,4833,4266,-13905,-18206,-1876,209,-4147,-7563,-12025,-11909
-15984,11174,4820,4240,-13854,-18124,-1858,202,-4100,-7516,-11990,-11853
-15920,11121,4807,4212,-13802,-18039,-1836,198,-4049,-7455,-11952,-11793
-15851,11068,4789,4188,-13743,-17951,-1814,192,-3996,-7386,-11911,-11731
-15774,11009,4769,4161,-13679,-17854,-1798,187,-3944,-7315,-11868,-11666
-15696,10952,4746,4137,-13611,-17757,-1784,186,-3888,-7240,-11824,-11599
-15621,10895,4725,4111,-13548,-17662,-1774,183,-3833,-7168,-11782,-11531
-15541,10837,4701,4088,-13480,-17565,-1773,176,-3780,-7098,-11740,-11467
-15459,10776,4678,4061,-13411,-17464,-1777,164,-3730,-7033,-11697,-11405
-15379,10715,4658,4033,-13347,-17366,-1780,151,-3680,-6971,-11654,-11342
-15303,10656,4640,4004,-13287,-17272,-1783,137,-3629,-6907,-11607,-11277
-15230,10598,4624,3976,-13230,-17181,-1789,121,-3578,-6846,-11555,-11211
-15152,10540,4603,3951,-13166,-17088,-1793,105,-3528,-6782,-11499,-11144
-15073,10478,4586,3921,-13104,-16993,-1796,89,-3480,-6719,-11444,-11077
-14989,10411,4569,3889,-13039,-16892,-1799,74,-3430,-6660,-11393,-11010
-14898,10340,4549,3855,-12968,-16784,-1797,62,-3378,-6599,-11339,-10942
-14805,10263,4534,3815,-12897,-16672,-1793,51,-3324,-6538,-11281,-10875
-14709,10181,4520,3770,-12826,-16555,-1789,38,-3269,-6476,-11221,-10806
-14612,10098,4507,3724,-12755,-16438,-1786,22,-3215,-6412,-11161,-10737
-14512,10019,4488,3685,-12677,-16322,-1780,8,-3160,-6344,-11101,-10668
-14401,9946,4451,3662,-12579,-16203,-1764,-3,-3100,-6266,-11038,-10598
-14285,9878,4405,3648,-12473,-16086,-1741,-10,-3041,-6187,-10969,-10530
-14170,9815,4356,3639,-12364,-15973,-1712,-12,-2980,-6106,-10897,-10461
-14056,9753,4305,3631,-12255,-15861,-1676,-12,-2921,-6023,-10823,-10392
-13941,9693,4253,3625,-12143,-15750,-1633,-16,-2864,-5938,-10748,-10326
-13829,9631,4206,3615,-12037,-15641,-1590,-23,-2814,-5857,-10675,-10263
-13720,9572,4159,3606,-11932,-15534,-1549,-33,-2769,-5776,-10600,-10199
-13614,9509,4120,3589,-11834,-15427,-1509,-49,-2729,-5696,-10527,-10136
-13505,9438,4085,3564,-11737,-15313,-1468,-67,-2694,-5618,-10456,-10073
-13393,9361,4053,3533,-11640,-15193,-1427,-86,-2664,-5541,-10385,-10011
-13283,9283,4023,3499,-11545,-15072,-1387,-107,-2639,-5467,-10318,-9950
-13172,9202,3994,3464,-11449,-14948,-1345,-129,-2616,-5389,-10249,-9891
-13065,9123,3968,3426,-11359,-14827,-1301,-154,-2598,-5313,-10179,-9832
-12956,9047,3936,3396,-11263,-14706,-1253,-179,-2582,-5233,-10110,-9772
-12849,8972,3903,3367,-11167,-14586,-1202,-207,-2568,-5157,-10046,-9712
-12745,8897,3875,3335,-11078,-14467,-1154,-239,-2559,-5085,-9985,-9656
-12640,8820,3844,3304,-10985,-14345,-1104,-269,-2550,-5013,-9922,-9600
-12530,8743,3810,3275,-10887,-14219,-1050,-298,-2539,-4937,-9856,-9539
-12415,8665,3771,3248,-10784,-14089,-990,-326,-2523,-4863,-9785,-9476
-12299,8584,3734,3219,-10680,-13954,-933,-353,-2507,-4792,-9713,-9411
-12186,8495,3707,3177,-10587,-13815,-882,-380,-2492,-4727,-9644,-9343
-12072,8401,3684,3130,-10495,-13673,-833,-404,-2475,-4662,-9575,-9275
-11958,8303,3665,3078,-10405,-13527,-781,-425,-2455,-4593,-9503,-9203
-11847,8206,3647,3026,-10319,-13382,-729,-442,-2430,-4522,-9428,-9125
-11735,8106,3631,2970,-10235,-13236,-686,-459,-2403,-4453,-9350,-9047
-11620,8006,3613,2916,-10146,-13087,-644,-476,-2374,-4380,-9269,-8968
-11508,7905,3598,2860,-10062,-12938,-603,-490,-2343,-4306,-9190,-8885
-11394,7806,3581,2806,-9975,-12790,-564,-502,-2310,-4232,-9109,-8800
-11281,7706,3565,2751,-9890,-12643,-525,-513,-2277,-4158,-9028,-8715
-11169,7605,3552,2694,-9808,-12497,-488,-523,-2242,-4083,-8946,-8629
-11055,7507,3535,2641,-9722,-12351,-454,-532,-2201,-4007,-8861,-8543
-10939,7412,3513,2592,-9632,-12207,-427,-538,-2159,-3935,-8775,-8454
-10817,7320,3483,2553,-9532,-12062,-403,-544,-2112,-3857,-8684,-8360
-10693,7228,3451,2513,-9430,-11916,-378,-547,-2059,-3774,-8592,-8262
-10566,7138,3416,2478,-9324,-11771,-355,-545,-2002,-3688,-8500,-8159
-10439,7050,3377,2446,-9215,-11627,-329,-537,-1937,-3599,-8405,-8053
-10312,6960,3342,2411,-9109,-11483,-304,-529,-1870,-3511,-8313,-7948
-10185,6869,3309,2373,-9003,-11340,-282,-524,-1805,-3430,-8225,-7842
-10059,6775,3279,2331,-8902,-11195,-264,-523,-1740,-3352,-8139,-7735
-9933,6679,3251,2287,-8800,-11051,-249,-525,-1675,-3275,-8053,-7629
-9803,6587,3215,2250,-8690,-10906,-231,-525,-1604,-3192,-7962,-7523
-9674,6496,3180,2215,-8580,-10764,-213,-524,-1534,-3114,-7871,-7421
-9544,6407,3142,2182,-8469,-10624,-196,-523,-1464,-3040,-7778,-7320
-9416,6320,3102,2152,-8356,-10485,-178,-521,-1395,-2967,-7683,-7218
-9287,6235,3060,2125,-8241,-10348,-155,-520,-1324,-2889,-7586,-7115
-9158,6148,3020,2093,-8128,-10209,-132,-519,-1252,-2812,-7487,-7011
-9027,6062,2976,2066,-8010,-10071,-109,-516,-1178,-2733,-7384,-6905
-8897,5977,2933,2039,-7893,-9933,-85,-509,-1101,-2648,-7280,-6798
-8765,5891,2888,2012,-7773,-9792,-58,-499,-1018,-2559,-7172,-6693
-8629,5802,2842,1985,-7650,-9647,-32,-488,-933,-2471,-7063,-6590
-8492,5712,2795,1956,-7525,-9499,-6,-478,-848,-2382,-6954,-6487
-8351,5623,2744,1931,-7395,-9349,21,-473,-764,-2292,-6844,-6387
-8217,5535,2697,1902,-7273,-9202,45,-472,-684,-2209,-6737,-6293
-8081,5447,2649,1876,-7148,-9054,69,-469,-603,-2123,-6632,-6201
-7948,5357,2604,1845,-7027,-8906,92,-470,-527,-2038,-6529,-6111
-7822,5266,2568,1807,-6917,-8761,111,-472,-454,-1956,-6425,-6023
-7699,5174,2535,1767,-6812,-8617,130,-472,-383,-1870,-6319,-5937
-7578,5085,2501,1730,-6708,-8475,151,-473,-309,-1785,-6210,-5852
-7459,5000,2463,1698,-6601,-8336,172,-472,-237,-1702,-6101,-5773
-7343,4917,2427,1665,-6499,-8200,189,-470,-166,-1630,-5993,-5696
-7233,4829,2402,1622,-6409,-8065,202,-473,-100,-1568,-5890,-5621
-7123,4736,2382,1572,-6322,-7925,215,-475,-34,-1505,-5789,-5549
-7014,4641,2363,1520,-6236,-7783,228,-479,32,-1439,-5688,-5479
-6904,4546,2344,1469,-6151,-7643,240,-481,95,-1375,-5587,-5410
-6795,4452,2326,1418,-6068,-7502,246,-483,155,-1317,-5488,-5342
-6685,4356,2308,1366,-5983,-7359,251,-484,216,-1256,-5389,-5275
-6573,4257,2292,1310,-5901,-7214,255,-480,275,-1196,-5290,-5208
-6462,4162,2274,1259,-5816,-7071,262,-471,337,-1139,-5188,-5139
-6354,4070,2256,1210,-5735,-6933,269,-461,401,-1082,-5084,-5068
-6248,3979,2239,1161,-5656,-6797,277,-449,464,-1025,-4979,-4998
-6142,3889,2222,1113,-5577,-6662,285,-436,528,-972,-4873,-4927
-6036,3797,2209,1061,-5500,-6527,285,-424,590,-926,-4768,-4856
-5928,3706,2193,1011,-5420,-6392,285,-414,652,-881,-4663,-4787
-5821,3613,2180,959,-5343,-6257,283,-406,710,-840,-4562,-4719
-5710,3520,2164,908,-5261,-6120,282,-399,768,-801,-4460,-4650
-5597,3433,2139,867,-5171,-5986,283,-390,830,-759,-4356,-4578
-5486,3349,2115,828,-5083,-5857,285,-383,892,-715,-4251,-4503
-5378,3268,2092,789,-4997,-5732,287,-375,949,-671,-4150,-4426
-5272,3185,2073,748,-4914,-5609,287,-370,1003,-624,-4052,-4350
-5168,3104,2054,707,-4833,-5488,290,-367,1058,-569,-3957,-4270
-5061,3028,2028,674,-4745,-5370,301,-360,1117,-507,-3857,-4185
-4954,2953,2001,642,-4656,-5254,313,-350,1179,-450,-3754,-4096
-4847,2877,1974,610,-4567,-5138,323,-342,1239,-400,-3650,-4008
-4738,2801,1946,578,-4475,-5019,330,-337,1299,-356,-3550,-3921
-4629,2729,1913,551,-4380,-4904,338,-334,1359,-313,-3451,-3834
-4524,2658,1883,524,-4289,-4793,346,-332,1415,-275,-3357,-3750
-4420,2590,1852,499,-4198,-4684,355,-330,1470,-236,-3266,-3667
-4320,2520,1824,471,-4111,-4576,365,-331,1523,-196,-3178,-3582
-4220,2453,1794,445,-4023,-4470,378,-331,1574,-154,-3086,-3495
-4119,2388,1760,424,-3931,-4364,391,-332,1621,-112,-2992,-3405
-4018,2326,1723,407,-3838,-4259,401,-333,1665,-69,-2896,-3314
-3918,2265,1684,392,-3744,-4155,413,-334,1710,-20,-2801,-3226
-3825,2204,1652,373,-3658,-4054,423,-336,1751,29,-2707,-3140
-3731,2144,1617,355,-3570,-3952,435,-333,1792,79,-2613,-3052
-3638,2081,1586,334,-3486,-3848,446,-329,1830,127,-2521,-2965
-3551,2017,1560,308,-3409,-3747,458,-329,1865,171,-2430,-2879
-3466,1956,1532,286,-3332,-3648,473,-328,1894,212,-2341,-2792
-3379,1897,1500,268,-3251,-3548,494,-327,1921,255,-2254,-2707
-3289,1837,1465,250,-3167,-3446,517,-324,1948,300,-2163,-2626
-3198,1773,1434,228,-3084,-3338,539,-321,1974,339,-2070,-2543
-3118,1704,1417,193,-3018,-3234,558,-319,1994,370,-1981,-2464
-3041,1631,1407,149,-2961,-3130,576,-318,2012,400,-1894,-2387
-2963,1553,1402,100,-2905,-3021,593,-320,2031,434,-1806,-2313
-2886,1476,1396,51,-2850,-2914,609,-324,2047,467,-1719,-2243
-2810,1397,1394,-1,-2799,-2807,626,-328,2062,497,-1633,-2171
-2734,1319,1391,-52,-2746,-2700,646,-332,2078,528,-1545,-2100
-2658,1240,1390,-104,-2696,-2593,666,-337,2094,556,-1458,-2033
-2580,1166,1383,-150,-2640,-2488,686,-339,2107,581,-1372,-1969
-2504,1097,1374,-191,-2585,-2389,707,-341,2121,601,-1290,-1909
-2430,1037,1359,-222,-2527,-2297,730,-341,2137,624,-1208,-1849
-2355,985,1335,-242,-2463,-2211,754,-337,2160,649,-1124,-1789
-2279,938,1307,-256,-2395,-2128,774,-332,2184,671,-1041,-1731
-2202,895,1274,-263,-2323,-2048,798,-326,2215,696,-954,-1673
-2125,849,1247,-276,-2256,-1966,824,-319,2248,717,-868,-1615
-2047,799,1221,-293,-2188,-1882,851,-310,2283,737,-782,-1560
-1966,752,1191,-304,-2115,-1797,876,-300,2316,756,-694,-1508
-1887,704,1165,-319,-2046,-1713,899,-289,2350,778,-607,-1460
-1813,656,1144,-337,-1984,-1633,923,-277,2385,802,-524,-1414
-1743,606,1129,-360,-1928,-1555,943,-263,2421,825,-445,-1369
-1675,557,1114,-381,-1873,-1479,962,-247,2457,851,-367,-1326
-1600,512,1089,-394,-1807,-1400,982,-227,2493,883,-289,-1283
-1525,464,1067,-410,-1743,-1320,999,-208,2526,912,-214,-1244
-1454,417,1048,-426,-1682,-1243,1011,-191,2555,934,-141,-1210
-1384,372,1028,-441,-1622,-1169,1019,-173,2581,951,-69,-1176
-1315,333,1002,-448,-1558,-1098,1028,-156,2608,969,5,-1144
-1250,295,979,-456,-1498,-1032,1037,-138,2636,988,78,-1110
-1184,259,953,-461,-1437,-966,1044,-119,2665,1007,150,-1076
-1120,221,931,-469,-1378,-901,1050,-104,2689,1026,223,-1043
-1056,179,912,-483,-1323,-832,1055,-93,2704,1041,292,-1011
-994,135,896,-501,-1270,-764,1056,-85,2715,1055,359,-979
-932,91,880,-518,-1216,-695,1056,-78,2724,1071,424,-948
-864,49,855,-528,-1153,-624,1059,-71,2732,1094,485,-918
-796,8,828,-536,-1089,-554,1063,-62,2741,1116,544,-889
-726,-28,794,-537,-1018,-485,1067,-49,2753,1137,604,-856
-659,-65,762,-541,-952,-416,1068,-38,2762,1157,664,-820
-598,-104,738,-551,-894,-350,1062,-34,2764,1170,717,-784
-539,-142,714,-560,-837,-286,1051,-33,2765,1181,767,-747
-481,-179,689,-567,-780,-223,1040,-30,2766,1195,818,-706
-422,-215,660,-573,-720,-158,1027,-28,2767,1209,870,-663
-360,-254,633,-582,-659,-89,1011,-25,2766,1219,923,-621
-308,-297,618,-601,-613,-24,990,-27,2760,1220,971,-580
-261,-339,605,-621,-572,37,968,-26,2751,1222,1017,-537
-212,-382,594,-644,-531,101,947,-22,2741,1229,1061,-493
-163,-426,581,-665,-489,165,931,-18,2732,1240,1105,-446
-114,-469,570,-688,-447,229,914,-15,2721,1242,1148,-397
-65,-508,554,-704,-404,291,901,-10,2708,1246,1193,-343
-20,-543,539,-718,-364,347,888,-7,2692,1246,1233,-288
28,-578,521,-730,-320,406,876,-9,2673,1245,1272,-233
79,-616,503,-745,-275,468,859,-15,2648,1239,1306,-181
126,-654,490,-762,-234,528,840,-27,2617,1232,1338,-132
172,-691,479,-780,-197,586,824,-40,2583,1221,1366,-84
216,-729,472,-801,-165,644,803,-54,2545,1205,1393,-33
264,-766,460,-819,-126,702,787,-65,2509,1199,1425,20
307,-802,455,-839,-96,757,771,-74,2473,1196,1460,72
346,-838,453,-862,-70,808,752,-81,2442,1199,1495,125
390,-873,446,-881,-38,862,734,-84,2415,1206,1529,177
434,-908,441,-901,-7,915,713,-84,2392,1216,1566,229
475,-941,437,-920,21,964,692,-81,2372,1232,1605,279
513,-971,434,-938,47,1008,666,-78,2355,1253,1643,328
552,-999,428,-953,75,1051,642,-72,2341,1276,1682,377
599,-1024,413,-959,114,1097,624,-66,2333,1303,1726,427
649,-1051,395,-965,157,1145,606,-63,2329,1326,1770,473
698,-1079,380,-974,198,1193,588,-61,2323,1343,1812,517
746,-1108,367,-984,238,1240,571,-60,2316,1360,1852,558
791,-1134,354,-993,276,1284,562,-60,2312,1386,1893,595
833,-1160,344,-1003,310,1325,553,-61,2308,1410,1933,632
874,-1184,332,-1012,345,1363,547,-60,2305,1433,1975,671
914,-1210,322,-1022,378,1402,540,-61,2302,1450,2015,708
957,-1236,309,-1032,415,1443,535,-61,2300,1466,2054,744
997,-1264,299,-1043,449,1484,533,-61,2301,1480,2092,780
1036,-1294,292,-1059,480,1525,534,-61,2303,1496,2127,816
1077,-1325,282,-1074,516,1570,541,-63,2310,1514,2160,846
1116,-1359,277,-1094,547,1615,549,-67,2318,1525,2188,871
1153,-1390,270,-1112,577,1659,559,-70,2325,1532,2213,892
1184,-1421,269,-1133,600,1698,566,-75,2330,1536,2234,908
1207,-1454,277,-1161,611,1734,573,-81,2334,1539,2252,922
1230,-1482,280,-1183,627,1769,581,-84,2338,1544,2273,938
1254,-1503,275,-1194,648,1799,593,-83,2345,1556,2294,958
1279,-1517,260,-1195,676,1828,608,-79,2354,1573,2316,980
1306,-1528,241,-1190,708,1856,624,-70,2365,1585,2339,1000
1330,-1543,228,-1192,735,1885,638,-60,2370,1589,2358,1017
1360,-1561,213,-1194,767,1921,653,-47,2375,1592,2375,1034
1393,-1580,195,-1194,801,1960,674,-30,2384,1601,2394,1055
1426,-1596,175,-1191,838,1999,699,-11,2396,1615,2413,1078
1464,-1614,153,-1188,879,2042,723,7,2406,1628,2429,1104
1504,-1632,126,-1181,924,2087,746,28,2418,1645,2445,1133
1544,-1648,100,-1173,969,2131,769,52,2428,1663,2460,1163
1584,-1662,70,-1161,1016,2173,790,79,2438,1684,2476,1191
1624,-1676,40,-1148,1063,2216,808,106,2447,1699,2489,1218
1665,-1690,10,-1135,1110,2258,822,129,2453,1709,2498,1240
1704,-1705,-16,-1125,1154,2299,834,154,2461,1720,2510,1261
1735,-1719,-36,-1119,1187,2334,839,181,2467,1725,2521,1281
1762,-1730,-55,-1112,1217,2363,842,207,2470,1732,2532,1301
1783,-1741,-68,-1108,1240,2387,840,230,2467,1734,2537,1320
1804,-1752,-79,-1107,1260,2411,835,253,2462,1737,2541,1341
1829,-1764,-93,-1104,1284,2436,833,277,2456,1746,2546,1365
1853,-1780,-102,-1107,1306,2463,835,304,2452,1755,2551,1387
1878,-1799,-108,-1115,1324,2491,841,334,2450,1765,2556,1413
1899,-1820,-108,-1129,1337,2518,846,363,2446,1775,2562,1440
1921,-1838,-110,-1139,1350,2541,854,392,2444,1789,2570,1469
1950,-1848,-126,-1135,1378,2564,867,424,2443,1807,2579,1498
1981,-1857,-146,-1128,1410,2586,881,453,2441,1821,2587,1526
2011,-1863,-167,-1120,1441,2605,898,483,2440,1833,2597,1553
2040,-1869,-186,-1113,1471,2623,916,515,2438,1849,2608,1580
2071,-1873,-208,-1102,1503,2639,937,542,2436,1872,2621,1604
2102,-1879,-229,-1095,1535,2657,959,567,2430,1891,2631,1625
2132,-1885,-248,-1089,1566,2675,982,591,2424,1906,2639,1645
2159,-1893,-263,-1086,1592,2691,1001,617,2418,1914,2647,1665
2189,-1901,-281,-1082,1622,2709,1021,644,2410,1926,2653,1687
2223,-1909,-304,-1075,1660,2731,1041,673,2403,1936,2658,1710
2260,-1916,-330,-1064,1701,2754,1063,701,2398,1945,2667,1737
2301,-1924,-361,-1051,1749,2780,1089,728,2398,1960,2679,1763
2340,-1936,-387,-1043,1793,2810,1115,755,2397,1975,2693,1791
2379,-1946,-414,-1032,1839,2838,1141,781,2394,1989,2708,1819
2415,-1956,-441,-1022,1883,2866,1166,806,2387,2000,2722,1844
2444,-1966,-460,-1016,1918,2890,1190,830,2379,2010,2733,1868
2471,-1974,-482,-1007,1953,2912,1214,853,2371,2021,2743,1894
2501,-1979,-508,-993,1994,2936,1240,875,2365,2032,2754,1921
2528,-1983,-535,-977,2034,2958,1267,896,2358,2039,2766,1948
2554,-1989,-558,-965,2070,2981,1287,914,2350,2038,2778,1975
2571,-2002,-565,-969,2089,3004,1298,927,2335,2028,2783,1999
2579,-2018,-561,-980,2096,3025,1306,936,2317,2021,2785,2021
2585,-2036,-552,-998,2097,3046,1312,945,2297,2017,2786,2043
2590,-2055,-542,-1016,2096,3069,1318,955,2278,2017,2787,2068
2597,-2076,-530,-1037,2095,3094,1322,967,2257,2016,2786,2097
2608,-2094,-526,-1050,2102,3121,1325,980,2237,2014,2787,2128
2623,-2110,-527,-1059,2114,3150,1328,996,2220,2012,2785,2162
2646,-2121,-540,-1056,2139,3181,1333,1015,2207,2014,2785,2200
2672,-2127,-560,-1046,2169,3211,1339,1036,2195,2020,2789,2237
2699,-2131,-583,-1032,2202,3240,1352,1064,2187,2031,2796,2272
2723,-2132,-605,-1017,2231,3265,1369,1094,2185,2044,2807,2305
2740,-2132,-621,-1005,2252,3284,1380,1127,2181,2052,2816,2338
2758,-2132,-638,-993,2273,3302,1391,1158,2182,2059,2825,2369
2775,-2136,-648,-988,2289,3322,1399,1187,2184,2061,2833,2398
2793,-2143,-656,-987,2304,3344,1406,1218,2189,2060,2843,2424
2815,-2153,-665,-987,2323,3369,1415,1253,2199,2064,2854,2453
2838,-2167,-672,-991,2340,3395,1425,1287,2210,2068,2865,2481
2862,-2185,-676,-1000,2357,3424,1435,1320,2223,2071,2874,2507
2888,-2209,-676,-1016,2371,3456,1441,1350,2235,2071,2881,2530
2911,-2231,-675,-1031,2385,3484,1451,1380,2249,2075,2887,2553
2937,-2248,-682,-1038,2405,3510,1469,1414,2273,2090,2897,2578
2966,-2267,-690,-1045,2429,3537,1485,1449,2300,2102,2909,2603
2993,-2283,-700,-1050,2452,3559,1498,1484,2329,2111,2922,2626
3014,-2291,-712,-1047,2474,3571,1507,1519,2356,2117,2932,2645
3033,-2294,-728,-1040,2496,3577,1516,1552,2384,2131,2939,2661
3051,-2296,-742,-1033,2517,3581,1522,1579,2408,2141,2941,2674
3071,-2297,-762,-1021,2543,3585,1526,1603,2430,2149,2942,2684
3086,-2295,-779,-1010,2565,3584,1530,1629,2450,2161,2944,2696
3099,-2293,-794,-999,2584,3581,1534,1655,2469,2172,2945,2708
3116,-2295,-810,-991,2606,3584,1538,1682,2486,2183,2945,2717
3134,-2297,-827,-982,2630,3589,1540,1707,2503,2198,2942,2728
3153,-2296,-848,-968,2657,3592,1547,1731,2523,2217,2939,2738
3166,-2294,-864,-957,2677,3591,1552,1751,2537,2232,2932,2744
3180,-2293,-880,-945,2698,3594,1556,1773,2550,2249,2924,2751
3193,-2295,-893,-938,2717,3598,1564,1793,2561,2267,2916,2758
3201,-2296,-902,-933,2730,3601,1571,1812,2568,2284,2907,2766
3211,-2292,-918,-919,2748,3603,1580,1833,2575,2303,2901,2776
3225,-2285,-941,-899,2775,3607,1594,1854,2582,2324,2899,2791
3242,-2276,-968,-874,2807,3613,1613,1877,2587,2341,2900,2806
3258,-2268,-993,-851,2836,3621,1631,1900,2590,2351,2899,2817
3264,-2266,-1004,-842,2850,3628,1642,1920,2588,2352,2894,2823
3270,-2268,-1009,-840,2859,3639,1655,1943,2587,2355,2888,2827
3277,-2277,-1008,-845,2866,3655,1671,1967,2588,2361,2881,2830
3283,-2289,-1004,-855,2869,3676,1686,1990,2588,2365,2871,2833
3289,-2306,-993,-873,2867,3699,1694,2012,2585,2367,2858,2838
3295,-2324,-982,-892,2865,3725,1699,2032,2581,2369,2844,2846
3301,-2343,-969,-913,2862,3752,1701,2049,2574,2369,2827,2853
3308,-2360,-961,-929,2861,3777,1702,2067,2568,2371,2811,2862
3313,-2374,-951,-945,2858,3800,1705,2087,2562,2371,2799,2871
3317,-2388,-941,-961,2854,3821,1712,2109,2557,2372,2790,2880
3324,-2400,-936,-973,2854,3843,1716,2132,2550,2373,2782,2888
3332,-2412,-931,-985,2855,3864,1714,2153,2542,2368,2773,2897
3343,-2420,-934,-989,2862,3884,1711,2172,2534,2365,2765,2905
3354,-2427,-936,-993,2869,3901,1707,2191,2527,2363,2757,2912
3366,-2433,-941,-995,2878,3918,1706,2210,2520,2364,2750,2923
3380,-2437,-949,-993,2890,3932,1708,2228,2516,2369,2748,2938
3387,-2439,-952,-994,2894,3940,1710,2244,2511,2370,2746,2953
3390,-2444,-948,-1001,2890,3946,1708,2256,2505,2368,2742,2967
3395,-2456,-939,-1017,2884,3956,1697,2264,2496,2361,2735,2979
3403,-2473,-928,-1036,2879,3970,1688,2270,2490,2360,2727,2991
3415,-2484,-926,-1046,2883,3982,1688,2279,2494,2370,2725,3003
3424,-2489,-928,-1048,2888,3986,1692,2289,2503,2383,2726,3017
3436,-2491,-936,-1045,2898,3988,1699,2303,2512,2394,2729,3032
3451,-2491,-949,-1037,2914,3990,1705,2317,2522,2403,2734,3047
3465,-2487,-966,-1022,2932,3988,1714,2332,2532,2415,2742,3065
3479,-2482,-984,-1007,2952,3984,1722,2345,2541,2421,2753,3084
3497,-2476,-1007,-988,2978,3984,1732,2358,2550,2428,2766,3104
3515,-2472,-1029,-970,3003,3984,1745,2372,2563,2440,2778,3122
3532,-2468,-1051,-952,3029,3983,1758,2386,2576,2452,2791,3138
3547,-2462,-1072,-933,3053,3980,1773,2398,2587,2464,2803,3152
3560,-2457,-1091,-916,3075,3978,1787,2407,2595,2475,2813,3163
3573,-2453,-1109,-901,3097,3977,1805,2416,2603,2489,2824,3169
3581,-2452,-1118,-894,3110,3975,1823,2424,2610,2507,2833,3174
3586,-2451,-1127,-886,3121,3973,1843,2431,2618,2526,2843,3176
3591,-2451,-1133,-882,3130,3973,1863,2435,2625,2541,2852,3176
3592,-2455,-1132,-883,3133,3974,1881,2436,2630,2551,2855,3172
3590,-2455,-1132,-883,3136,3973,1895,2434,2633,2560,2856,3167
3591,-2454,-1135,-879,3141,3973,1911,2432,2636,2570,2855,3160
3595,-2452,-1144,-872,3153,3977,1924,2430,2639,2577,2856,3150
3602,-2449,-1156,-861,3170,3984,1936,2430,2639,2579,2859,3140
3606,-2448,-1162,-856,3179,3991,1944,2428,2637,2575,2860,3130
3607,-2447,-1166,-852,3186,3997,1952,2428,2635,2574,2862,3121
3607,-2448,-1166,-853,3190,4006,1963,2428,2635,2577,2866,3114
3609,-2453,-1164,-857,3192,4019,1977,2428,2637,2582,2871,3108
3608,-2459,-1158,-865,3191,4032,1986,2430,2639,2582,2875,3104
3608,-2464,-1153,-872,3190,4045,1993,2434,2640,2583,2880,3100
3610,-2471,-1149,-879,3191,4061,1997,2437,2642,2587,2886,3098
3618,-2476,-1151,-881,3199,4079,2003,2444,2647,2594,2894,3098
3627,-2480,-1156,-880,3210,4097,2008,2454,2659,2602,2902,3100
3633,-2480,-1162,-876,3219,4108,2011,2462,2669,2610,2910,3100
3637,-2479,-1167,-872,3226,4118,2016,2470,2678,2620,2919,3100
3638,-2479,-1167,-872,3225,4125,2017,2478,2685,2626,2931,3100
3639,-2479,-1167,-872,3226,4130,2022,2487,2692,2636,2946,3101
3638,-2480,-1164,-874,3223,4134,2026,2496,2699,2642,2962,3099
3640,-2482,-1163,-875,3222,4138,2028,2505,2704,2645,2977,3096
3650,-2483,-1171,-870,3233,4146,2028,2514,2708,2648,2995,3094
3662,-2487,-1177,-868,3244,4156,2029,2520,2714,2653,3013,3093
3673,-2496,-1178,-873,3249,4167,2029,2525,2718,2655,3030,3093
3683,-2510,-1172,-885,3251,4179,2027,2527,2719,2656,3044,3094
3696,-2525,-1168,-897,3254,4193,2025,2529,2720,2665,3057,3097
3716,-2534,-1177,-897,3271,4207,2030,2531,2724,2682,3071,3100
3735,-2542,-1186,-895,3286,4217,2038,2532,2729,2698,3085,3100
3751,-2549,-1192,-896,3298,4225,2045,2536,2736,2709,3100,3099
3765,-2556,-1196,-898,3308,4231,2052,2541,2741,2714,3113,3096
3778,-2559,-1204,-894,3320,4233,2061,2544,2744,2718,3125,3087
3787,-2557,-1212,-888,3329,4229,2069,2549,2746,2722,3136,3077
3796,-2550,-1226,-875,3342,4222,2078,2556,2748,2725,3146,3066
3803,-2547,-1235,-868,3352,4217,2089,2562,2752,2725,3157,3057
3810,-2547,-1241,-865,3358,4214,2096,2565,2754,2726,3167,3051
3815,-2550,-1241,-868,3361,4213,2100,2565,2754,2720,3176,3048
3819,-2557,-1239,-875,3361,4215,2103,2565,2752,2712,3186,3045
3828,-2565,-1241,-880,3368,4222,2110,2564,2751,2712,3197,3043
3834,-2575,-1238,-889,3370,4229,2117,2563,2748,2708,3205,3039
3838,-2580,-1238,-894,3372,4233,2124,2564,2743,2705,3213,3037
3837,-2584,-1235,-900,3371,4235,2131,2566,2736,2706,3221,3035
3831,-2588,-1228,-909,3363,4234,2134,2561,2724,2700,3223,3031
3825,-2590,-1222,-915,3356,4233,2137,2554,2708,2694,3225,3028
3820,-2589,-1222,-915,3354,4233,2140,2546,2690,2690,3230,3028
3820,-2585,-1229,-910,3360,4235,2143,2539,2674,2689,3236,3031
3824,-2583,-1239,-902,3372,4241,2145,2532,2659,2686,3243,3036
3824,-2585,-1241,-903,3376,4248,2140,2520,2641,2676,3245,3039
3820,-2587,-1240,-906,3375,4254,2135,2503,2620,2666,3247,3041
3815,-2588,-1238,-909,3373,4258,2133,2484,2599,2660,3248,3045
3809,-2589,-1237,-911,3370,4262,2134,2462,2577,2655,3248,3049
3803,-2590,-1234,-913,3367,4266,2133,2441,2553,2645,3249,3052
3799,-2590,-1234,-913,3366,4269,2132,2424,2531,2640,3250,3057
3794,-2593,-1231,-915,3363,4274,2132,2408,2509,2638,3253,3063
3797,-2597,-1233,-916,3367,4284,2137,2396,2487,2635,3257,3068
3797,-2598,-1236,-913,3370,4290,2144,2382,2464,2629,3260,3071
3793,-2595,-1237,-908,3369,4289,2152,2367,2439,2621,3262,3074
3790,-2591,-1240,-901,3369,4287,2158,2350,2414,2611,3263,3078
3787,-2591,-1238,-900,3366,4287,2159,2332,2387,2593,3260,3082
3787,-2594,-1236,-901,3363,4291,2161,2315,2363,2580,3260,3086
3781,-2599,-1226,-908,3352,4290,2161,2296,2338,2566,3263,3088
3774,-2605,-1212,-920,3337,4290,2159,2277,2314,2555,3267,3091
3772,-2614,-1199,-932,3324,4292,2161,2262,2294,2548,3272,3096
3767,-2627,-1179,-952,3306,4296,2163,2250,2277,2547,3278,3101
3760,-2640,-1155,-975,3282,4297,2164,2240,2261,2547,3283,3105
3753,-2655,-1129,-1001,3257,4299,2166,2229,2244,2545,3288,3109
3751,-2668,-1108,-1023,3238,4302,2171,2217,2228,2549,3293,3116
3759,-2675,-1104,-1031,3236,4308,2181,2207,2218,2559,3302,3124
3767,-2678,-1103,-1033,3237,4311,2191,2196,2209,2564,3312,3133
3775,-2678,-1104,-1034,3239,4312,2199,2187,2202,2567,3323,3145
3785,-2677,-1107,-1031,3244,4312,2208,2181,2196,2571,3332,3157
3795,-2670,-1116,-1022,3253,4309,2220,2176,2190,2581,3345,3167
3802,-2659,-1127,-1010,3262,4302,2230,2172,2185,2587,3357,3172
3811,-2646,-1143,-992,3276,4294,2238,2169,2183,2593,3369,3180
3820,-2633,-1158,-976,3290,4288,2245,2166,2182,2598,3382,3192
3829,-2621,-1175,-959,3306,4282,2255,2164,2181,2604,3392,3205
3839,-2610,-1192,-943,3323,4278,2265,2162,2179,2609,3402,3217
3847,-2599,-1208,-927,3338,4273,2273,2161,2181,2617,3411,3229
3856,-2587,-1227,-909,3358,4269,2284,2158,2185,2628,3419,3237
3863,-2579,-1242,-895,3374,4267,2294,2156,2189,2637,3424,3244
3873,-2574,-1258,-883,3393,4269,2304,2157,2195,2645,3432,3253
3878,-2573,-1267,-877,3405,4272,2311,2158,2200,2649,3441,3261
3877,-2574,-1269,-878,3409,4273,2310,2155,2202,2649,3445,3265
3876,-2574,-1273,-877,3415,4274,2307,2148,2201,2648,3447,3264
3876,-2573,-1280,-873,3424,4275,2304,2141,2197,2646,3446,3263
3877,-2573,-1287,-868,3434,4279,2301,2136,2194,2642,3450,3258
3876,-2574,-1293,-866,3442,4282,2297,2132,2191,2637,3455,3256
3867,-2582,-1285,-877,3436,4285,2289,2123,2181,2626,3454,3251
3857,-2595,-1270,-896,3424,4290,2279,2113,2168,2613,3450,3249
3846,-2611,-1250,-921,3407,4297,2273,2106,2156,2602,3446,3248
3837,-2628,-1231,-945,3393,4306,2266,2099,2145,2594,3443,3248
3831,-2649,-1211,-972,3380,4318,2254,2095,2132,2583,3441,3254
3829,-2669,-1194,-996,3370,4333,2243,2094,2121,2577,3443,3263
3827,-2689,-1177,-1021,3359,4347,2231,2093,2110,2571,3445,3272
3829,-2707,-1165,-1040,3355,4362,2220,2093,2102,2565,3449,3281
3834,-2723,-1156,-1056,3353,4377,2207,2094,2093,2558,3453,3289
3835,-2732,-1149,-1066,3350,4386,2198,2099,2084,2553,3458,3299
3836,-2738,-1143,-1074,3346,4391,2191,2107,2078,2548,3465,3309
3835,-2745,-1134,-1083,3339,4395,2181,2117,2068,2533,3469,3320
3836,-2749,-1129,-1090,3335,4400,2174,2129,2061,2521,3474,3331
3834,-2754,-1119,-1099,3325,4402,2163,2137,2055,2505,3478,3337
3830,-2758,-1108,-1108,3314,4403,2148,2144,2050,2488,3478,3343
3830,-2761,-1101,-1114,3308,4406,2133,2152,2045,2472,3479,3347
3832,-2769,-1090,-1125,3299,4412,2119,2160,2036,2454,3479,3347
3832,-2780,-1074,-1142,3286,4420,2103,2164,2023,2436,3478,3346
3827,-2790,-1053,-1162,3266,4424,2087,2167,2008,2417,3476,3345
3821,-2795,-1035,-1176,3247,4424,2073,2169,1995,2402,3473,3342
3822,-2792,-1034,-1174,3244,4423,2065,2173,1987,2398,3475,3340
3829,-2784,-1043,-1162,3251,4422,2055,2177,1979,2389,3475,3336
3838,-2773,-1058,-1144,3264,4420,2049,2181,1973,2374,3475,3329
3846,-2760,-1073,-1124,3276,4416,2044,2187,1971,2362,3479,3320
3853,-2743,-1093,-1099,3293,4410,2042,2192,1972,2354,3486,3308
3857,-2725,-1112,-1073,3306,4400,2042,2195,1975,2347,3492,3293
3860,-2706,-1131,-1048,3319,4389,2041,2197,1978,2338,3497,3278
3858,-2690,-1144,-1028,3324,4375,2033,2199,1977,2323,3500,3264
3853,-2676,-1151,-1015,3324,4362,2025,2204,1975,2307,3503,3250
3850,-2670,-1154,-1008,3324,4355,2018,2212,1974,2292,3509,3235
3848,-2669,-1154,-1008,3322,4351,2009,2220,1973,2278,3513,3216
3846,-2672,-1151,-1012,3319,4349,2003,2228,1974,2269,3518,3193
3842,-2682,-1140,-1027,3309,4351,1997,2232,1974,2253,3520,3169
3842,-2694,-1131,-1041,3304,4357,1991,2238,1973,2237,3521,3144
3841,-2704,-1123,-1054,3299,4361,1986,2244,1972,2223,3521,3119
3832,-2714,-1108,-1071,3284,4360,1981,2251,1969,2212,3520,3095
3822,-2722,-1094,-1087,3270,4358,1975,2258,1964,2201,3519,3070
3816,-2730,-1084,-1100,3261,4357,1970,2265,1962,2189,3518,3044
3810,-2735,-1077,-1109,3254,4354,1969,2275,1964,2178,3519,3022
3802,-2736,-1072,-1114,3246,4349,1971,2291,1967,2168,3522,3002
3788,-2739,-1058,-1127,3230,4340,1970,2303,1970,2154,3525,2985
3774,-2741,-1045,-1138,3214,4331,1968,2316,1974,2138,3530,2971
3763,-2742,-1037,-1146,3203,4324,1967,2330,1978,2124,3538,2957
3754,-2741,-1031,-1150,3195,4316,1970,2346,1985,2115,3547,2950
3746,-2741,-1026,-1154,3188,4311,1973,2366,1991,2105,3557,2946
3742,-2737,-1028,-1151,3188,4305,1975,2384,1991,2094,3564,2942
3739,-2732,-1031,-1145,3189,4300,1977,2401,1987,2077,3566,2935
3738,-2727,-1037,-1138,3193,4297,1978,2419,1982,2062,3567,2929
3736,-2722,-1040,-1133,3196,4294,1974,2439,1974,2048,3566,2922
3734,-2716,-1044,-1125,3197,4291,1970,2458,1964,2037,3565,2917
3735,-2710,-1051,-1115,3203,4289,1966,2475,1952,2026,3563,2912
3732,-2707,-1051,-1112,3201,4288,1957,2491,1936,2009,3559,2911
3728,-2703,-1049,-1110,3197,4286,1952,2510,1922,1996,3554,2911
3723,-2703,-1041,-1113,3189,4285,1949,2528,1908,1985,3547,2912
3719,-2704,-1035,-1116,3182,4286,1945,2546,1894,1974,3541,2918
3719,-2703,-1033,-1114,3181,4288,1944,2569,1884,1968,3538,2930
3720,-2703,-1030,-1114,3178,4292,1943,2596,1873,1962,3535,2942
3719,-2705,-1024,-1117,3173,4295,1943,2624,1860,1954,3530,2954
3717,-2707,-1015,-1122,3165,4297,1941,2647,1843,1941,3525,2964
3712,-2707,-1007,-1125,3155,4296,1939,2665,1824,1927,3519,2974
3713,-2702,-1008,-1120,3155,4294,1941,2684,1807,1919,3518,2986
3715,-2699,-1009,-1115,3156,4293,1942,2703,1790,1909,3517,2998
3720,-2697,-1010,-1112,3157,4294,1944,2723,1774,1898,3517,3009
3726,-2697,-1011,-1111,3160,4298,1947,2745,1758,1882,3514,3017
3733,-2697,-1014,-1108,3165,4300,1954,2767,1744,1874,3509,3025
3738,-2694,-1018,-1104,3169,4300,1960,2786,1731,1864,3505,3031
3744,-2689,-1024,-1098,3174,4298,1965,2804,1719,1854,3502,3036
3745,-2685,-1026,-1094,3175,4292,1966,2819,1706,1846,3496,3040
3743,-2680,-1026,-1093,3172,4285,1967,2834,1692,1839,3492,3045
3741,-2679,-1023,-1095,3167,4279,1969,2845,1678,1831,3488,3050
3739,-2679,-1020,-1098,3164,4275,1972,2854,1665,1823,3483,3054
3740,-2675,-1025,-1094,3167,4270,1980,2864,1654,1823,3479,3059
3739,-2668,-1032,-1086,3170,4261,1989,2875,1645,1823,3476,3062
3739,-2658,-1043,-1074,3179,4253,2001,2891,1638,1828,3476,3067
3741,-2653,-1053,-1065,3187,4248,2014,2903,1632,1835,3476,3070
3738,-2652,-1053,-1065,3186,4243,2028,2912,1624,1841,3476,3071
3728,-2654,-1046,-1073,3177,4236,2040,2919,1614,1843,3475,3069
3717,-2658,-1034,-1084,3164,4231,2049,2926,1603,1842,3469,3062
3704,-2662,-1023,-1096,3150,4224,2055,2930,1590,1839,3461,3048
3691,-2666,-1010,-1107,3136,4218,2056,2933,1576,1830,3452,3034
3671,-2674,-988,-1128,3111,4210,2048,2933,1557,1814,3439,3019
3652,-2681,-966,-1148,3086,4203,2037,2937,1537,1802,3426,3005
3635,-2690,-946,-1168,3065,4199,2027,2943,1518,1795,3414,2993
3618,-2697,-926,-1186,3043,4194,2019,2952,1504,1791,3403,2982
3596,-2706,-901,-1209,3014,4187,2009,2961,1488,1781,3394,2973
3576,-2712,-880,-1227,2989,4180,2001,2970,1473,1770,3388,2965
3561,-2716,-864,-1240,2969,4175,1994,2980,1458,1759,3386,2959
3555,-2715,-862,-1240,2965,4173,1992,2997,1446,1753,3389,2959
3552,-2709,-868,-1232,2967,4170,1994,3018,1436,1747,3395,2962
3550,-2702,-874,-1223,2970,4167,1997,3038,1426,1737,3401,2965
3548,-2695,-881,-1213,2973,4163,1999,3059,1416,1726,3408,2968
3543,-2687,-885,-1205,2970,4156,1996,3081,1402,1709,3412,2973
3541,-2676,-894,-1190,2974,4150,1994,3104,1393,1702,3416,2979
3540,-2664,-905,-1174,2979,4143,1991,3128,1385,1698,3420,2986
3541,-2650,-919,-1155,2987,4137,1989,3156,1380,1701,3426,2994
3548,-2636,-939,-1130,3002,4134,1991,3187,1379,1711,3435,3005
3555,-2627,-954,-1113,3014,4133,1994,3216,1379,1723,3441,3013
3558,-2622,-960,-1104,3018,4132,1995,3243,1375,1730,3444,3018
3558,-2623,-958,-1105,3014,4133,1995,3267,1366,1733,3445,3024
3556,-2623,-955,-1105,3008,4131,1997,3290,1353,1738,3444,3027
3561,-2617,-964,-1093,3014,4129,2005,3321,1347,1747,3447,3034
3565,-2608,-974,-1080,3021,4125,2017,3355,1345,1758,3449,3043
3569,-2598,-986,-1064,3030,4120,2026,3384,1340,1761,3449,3053
3572,-2587,-996,-1049,3036,4112,2035,3411,1334,1757,3449,3061
3571,-2574,-1006,-1033,3040,4100,2043,3436,1328,1751,3448,3069
3568,-2560,-1012,-1020,3040,4086,2050,3457,1319,1740,3444,3074
3563,-2543,-1020,-1004,3041,4069,2055,3475,1311,1728,3438,3078
3556,-2526,-1025,-990,3038,4050,2059,3491,1303,1711,3428,3081
3548,-2510,-1029,-979,3035,4032,2065,3509,1297,1696,3417,3086
3541,-2494,-1031,-968,3031,4014,2070,3526,1291,1682,3408,3091
3534,-2481,-1034,-960,3028,3999,2074,3541,1284,1669,3398,3097
3531,-2470,-1036,-953,3027,3988,2081,3551,1277,1664,3388,3102
3526,-2464,-1032,-955,3022,3980,2085,3558,1268,1657,3372,3104
3522,-2458,-1031,-955,3020,3974,2089,3564,1256,1651,3355,3105
3517,-2453,-1027,-957,3016,3968,2093,3569,1242,1647,3336,3103
3508,-2452,-1017,-966,3004,3962,2096,3572,1221,1641,3315,3100
3496,-2451,-1003,-977,2989,3955,2098,3574,1197,1631,3296,3098
3483,-2452,-988,-990,2972,3949,2101,3575,1171,1627,3276,3099
3471,-2454,-974,-1003,2957,3945,2103,3575,1146,1623,3254,3103
3457,-2458,-957,-1019,2939,3942,2102,3575,1122,1616,3232,3106
3434,-2464,-929,-1043,2908,3935,2096,3574,1091,1600,3207,3108
3410,-2471,-901,-1068,2876,3928,2089,3573,1056,1584,3182,3111
3389,-2478,-876,-1091,2847,3921,2083,3574,1022,1574,3159,3116
3372,-2485,-856,-1109,2825,3919,2078,3578,989,1563,3137,3121
3358,-2494,-837,-1127,2805,3919,2070,3583,956,1547,3116,3129
3349,-2501,-825,-1139,2793,3921,2064,3591,927,1536,3095,3138
3344,-2510,-817,-1150,2785,3926,2060,3600,899,1530,3075,3146
3344,-2516,-816,-1153,2786,3933,2060,3612,877,1530,3058,3157
3345,-2521,-818,-1152,2789,3938,2058,3623,857,1524,3045,3165
3342,-2521,-820,-1149,2789,3937,2053,3631,840,1517,3033,3170
3336,-2518,-822,-1143,2786,3930,2049,3636,822,1511,3021,3175
3328,-2516,-821,-1139,2779,3923,2041,3640,802,1502,3008,3178
3325,-2514,-825,-1132,2779,3918,2039,3643,785,1499,2999,3181
3322,-2511,-830,-1124,2779,3912,2039,3649,772,1499,2993,3185
3319,-2504,-838,-1110,2781,3902,2038,3657,759,1499,2988,3190
3320,-2492,-855,-1087,2792,3891,2037,3670,750,1503,2984,3195
3320,-2481,-869,-1067,2799,3880,2037,3685,744,1508,2981,3196
3316,-2475,-874,-1056,2798,3869,2033,3702,739,1510,2979,3194
3308,-2476,-868,-1057,2788,3859,2023,3715,728,1504,2971,3188
3296,-2480,-854,-1066,2769,3849,2017,3725,716,1500,2960,3178
3287,-2484,-841,-1075,2752,3841,2024,3739,710,1506,2955,3170
3274,-2489,-824,-1088,2730,3830,2032,3753,707,1515,2953,3162
3261,-2493,-806,-1101,2707,3820,2036,3768,706,1517,2950,3154
3253,-2495,-793,-1110,2691,3812,2036,3783,702,1511,2943,3142
3246,-2491,-786,-1111,2680,3800,2037,3796,695,1502,2936,3125
3235,-2485,-776,-1115,2664,3785,2038,3809,689,1494,2928,3107
3224,-2479,-767,-1117,2649,3770,2039,3823,685,1488,2921,3089
3214,-2471,-759,-1119,2635,3755,2043,3835,682,1482,2914,3068
3208,-2460,-756,-1116,2628,3742,2049,3849,681,1480,2908,3047
3205,-2446,-759,-1108,2627,3728,2057,3865,682,1479,2901,3029
3205,-2431,-766,-1097,2631,3718,2068,3883,684,1483,2897,3011
3213,-2414,-783,-1078,2647,3711,2085,3901,688,1495,2897,2994
3222,-2398,-801,-1060,2665,3707,2102,3919,691,1503,2895,2977
3232,-2380,-822,-1037,2686,3703,2121,3938,698,1513,2897,2962
3237,-2361,-840,-1017,2702,3696,2139,3955,706,1518,2899,2948
3235,-2347,-847,-1008,2707,3689,2150,3965,708,1515,2895,2930
3230,-2337,-849,-1003,2707,3682,2157,3971,705,1508,2888,2908
3223,-2323,-854,-995,2708,3673,2161,3973,698,1499,2880,2884
3216,-2306,-863,-980,2713,3662,2167,3979,691,1495,2875,2862
3209,-2289,-875,-964,2719,3651,2171,3987,685,1488,2872,2844
3196,-2277,-877,-956,2716,3640,2169,3991,674,1473,2866,2830
3184,-2271,-876,-954,2710,3633,2169,3994,660,1461,2859,2820
3171,-2267,-873,-954,2704,3627,2171,3995,646,1447,2849,2813
3157,-2263,-871,-952,2697,3620,2174,3996,631,1431,2838,2808
3142,-2261,-867,-953,2688,3614,2172,3994,611,1407,2826,2806
3127,-2257,-863,-952,2678,3606,2170,3993,594,1387,2816,2807
3110,-2257,-855,-955,2664,3599,2167,3991,576,1369,2804,2806
3097,-2257,-852,-955,2655,3595,2161,3988,558,1351,2790,2801
3089,-2261,-848,-957,2648,3595,2154,3983,540,1330,2773,2795
3079,-2266,-840,-962,2638,3595,2148,3977,521,1309,2758,2791
3068,-2271,-831,-968,2625,3594,2145,3975,503,1290,2745,2787
3056,-2280,-816,-981,2606,3593,2138,3972,484,1268,2731,2783
3047,-2292,-800,-995,2589,3595,2136,3971,468,1254,2719,2783
3038,-2305,-781,-1013,2569,3597,2135,3969,452,1239,2708,2783
3028,-2315,-764,-1028,2549,3596,2133,3969,434,1226,2697,2786
3025,-2324,-751,-1040,2536,3598,2132,3971,417,1214,2687,2791
3023,-2337,-737,-1055,2522,3602,2129,3974,397,1203,2678,2795
3019,-2349,-720,-1072,2505,3604,2129,3979,376,1193,2669,2800
3012,-2361,-698,-1093,2482,3604,2128,3983,357,1188,2658,2808
3006,-2370,-680,-1109,2461,3600,2129,3985,338,1189,2645,2814
3006,-2369,-676,-1111,2454,3595,2134,3989,324,1196,2638,2821
3004,-2361,-676,-1105,2448,3583,2138,3991,315,1196,2633,2825
3000,-2347,-679,-1095,2443,3565,2141,3995,308,1193,2629,2831
2994,-2329,-685,-1080,2438,3543,2141,3998,299,1189,2626,2836
2989,-2308,-695,-1060,2437,3521,2140,3997,292,1188,2626,2836
2982,-2286,-703,-1042,2434,3497,2137,3994,287,1185,2627,2830
2976,-2261,-714,-1020,2434,3472,2134,3991,284,1183,2628,2822
2966,-2235,-725,-997,2432,3445,2130,3986,283,1178,2630,2815
2960,-2209,-737,-975,2434,3420,2127,3981,283,1173,2631,2807
2952,-2183,-750,-951,2436,3395,2125,3978,282,1166,2632,2800
2942,-2156,-762,-927,2437,3369,2126,3976,285,1164,2633,2793
2935,-2127,-780,-899,2445,3346,2133,3975,292,1168,2634,2779
2928,-2102,-795,-874,2451,3325,2138,3973,297,1168,2631,2763
2924,-2079,-811,-849,2461,3308,2144,3972,302,1167,2629,2748
2917,-2056,-825,-827,2467,3291,2148,3970,305,1167,2626,2734
2907,-2041,-830,-815,2466,3277,2150,3966,304,1163,2619,2718
2897,-2031,-831,-809,2464,3268,2153,3962,303,1160,2615,2701
2891,-2027,-831,-808,2463,3265,2155,3959,301,1156,2611,2682
2885,-2027,-827,-811,2460,3266,2158,3956,297,1151,2609,2663
2877,-2034,-817,-823,2452,3271,2158,3952,290,1141,2608,2642
2863,-2052,-789,-854,2429,3279,2155,3945,279,1125,2603,2618
2847,-2076,-757,-891,2401,3290,2153,3939,268,1112,2596,2597
2830,-2099,-723,-930,2371,3299,2150,3934,259,1100,2589,2578
2815,-2121,-693,-964,2345,3309,2150,3928,252,1088,2581,2558
2803,-2146,-663,-1000,2322,3322,2152,3925,247,1071,2575,2539
2793,-2170,-638,-1033,2302,3336,2156,3926,247,1061,2574,2522
2779,-2191,-610,-1065,2278,3344,2159,3927,249,1054,2574,2506
2771,-2206,-594,-1084,2265,3351,2163,3928,253,1050,2575,2492
2769,-2214,-591,-1091,2265,3357,2166,3931,261,1048,2576,2483
2772,-2216,-598,-1086,2273,3361,2170,3935,269,1050,2580,2477
2774,-2213,-609,-1075,2284,3361,2175,3942,279,1053,2585,2475
2772,-2209,-616,-1067,2289,3358,2174,3950,285,1050,2592,2477
2772,-2205,-624,-1058,2294,3354,2175,3956,294,1048,2598,2478
2767,-2203,-624,-1054,2291,3348,2173,3958,300,1043,2599,2478
2763,-2202,-622,-1054,2286,3343,2168,3958,303,1032,2599,2476
2764,-2204,-622,-1054,2285,3342,2163,3957,305,1019,2599,2474
2763,-2209,-616,-1059,2278,3342,2157,3954,304,1006,2599,2468
2758,-2214,-603,-1069,2264,3339,2148,3952,301,992,2595,2460
2749,-2223,-582,-1086,2241,3336,2137,3947,296,976,2588,2453
2739,-2230,-560,-1104,2215,3330,2127,3940,290,962,2579,2443
2736,-2234,-548,-1113,2200,3326,2122,3933,287,956,2572,2433
2733,-2237,-536,-1121,2186,3322,2115,3928,282,950,2563,2423
2731,-2238,-526,-1127,2173,3317,2111,3922,279,942,2555,2415
2729,-2235,-519,-1129,2161,3310,2109,3918,277,937,2549,2411
2728,-2226,-519,-1122,2156,3300,2114,3916,277,938,2548,2409
2728,-2210,-525,-1108,2155,3285,2122,3915,279,942,2547,2407
2729,-2192,-536,-1088,2159,3270,2129,3913,282,946,2547,2405
2726,-2176,-541,-1074,2156,3253,2135,3911,283,945,2549,2402
2721,-2160,-545,-1062,2151,3236,2141,3909,286,945,2552,2402
2719,-2143,-552,-1047,2152,3220,2146,3909,290,949,2557,2402
2719,-2124,-565,-1027,2157,3204,2154,3912,295,956,2565,2407
2723,-2100,-588,-998,2173,3188,2169,3916,306,972,2574,2414
2726,-2076,-610,-969,2189,3173,2182,3917,316,983,2583,2420
2733,-2053,-638,-938,2211,3161,2194,3919,324,991,2592,2424
2739,-2034,-663,-910,2233,3153,2204,3918,328,996,2600,2425
2739,-2020,-676,-894,2243,3144,2212,3914,331,997,2604,2427
2734,-2007,-687,-881,2249,3134,2220,3908,331,999,2607,2429
2728,-1994,-698,-867,2256,3124,2230,3902,331,1004,2606,2429
2720,-1981,-708,-853,2261,3113,2243,3898,335,1010,2606,2427
2709,-1969,-715,-842,2263,3101,2252,3896,339,1015,2607,2422
2688,-1963,-708,-844,2249,3088,2250,3886,335,1006,2602,2415
2668,-1961,-697,-852,2233,3077,2243,3872,327,990,2593,2407
2647,-1963,-682,-865,2214,3069,2235,3855,319,975,2583,2398
2626,-1966,-667,-879,2194,3062,2225,3836,312,963,2571,2388
2605,-1973,-647,-897,2172,3057,2214,3819,305,949,2558,2378
2591,-1983,-630,-916,2156,3058,2203,3805,300,935,2546,2369
2580,-1997,-613,-938,2141,3064,2191,3792,292,920,2534,2360
2573,-2012,-597,-959,2129,3073,2182,3783,286,906,2527,2352
2565,-2023,-582,-977,2116,3078,2174,3775,280,889,2521,2343
2554,-2031,-566,-993,2100,3078,2168,3770,276,874,2516,2333
2541,-2038,-550,-1008,2083,3076,2160,3766,273,863,2511,2323
2525,-2044,-528,-1026,2058,3071,2148,3763,267,850,2505,2314
2512,-2049,-510,-1041,2038,3066,2138,3760,262,840,2501,2303
2500,-2053,-492,-1055,2017,3061,2124,3756,256,827,2495,2289
2491,-2056,-477,-1066,2000,3056,2114,3751,249,815,2491,2278
2487,-2057,-468,-1072,1990,3053,2107,3751,247,807,2490,2269
2482,-2060,-455,-1081,1976,3048,2098,3753,245,798,2486,2261
2477,-2065,-439,-1094,1959,3046,2090,3753,241,789,2481,2254
2476,-2075,-421,-1110,1944,3048,2080,3751,239,783,2473,2248
2480,-2083,-409,-1122,1935,3052,2072,3746,239,783,2468,2246
2492,-2086,-412,-1119,1943,3057,2073,3743,243,792,2466,2244
2509,-2086,-420,-1112,1956,3062,2077,3739,248,798,2465,2239
2524,-2084,-430,-1102,1970,3066,2078,3730,253,799,2463,2231
2537,-2078,-440,-1088,1983,3064,2076,3720,256,796,2460,2221
2545,-2067,-453,-1069,1994,3055,2077,3711,262,801,2458,2210
2548,-2053,-464,-1051,2002,3043,2080,3702,267,805,2454,2198
2551,-2039,-474,-1032,2009,3030,2082,3695,272,808,2451,2186
2548,-2025,-482,-1016,2011,3013,2083,3686,275,811,2447,2173
2544,-2009,-490,-998,2012,2994,2084,3676,277,813,2444,2159
2540,-1995,-498,-982,2015,2978,2086,3665,282,810,2440,2145
2540,-1986,-506,-971,2020,2969,2087,3653,287,805,2436,2131
2540,-1977,-516,-957,2027,2961,2089,3638,291,803,2431,2116
2534,-1969,-519,-949,2025,2950,2083,3620,292,794,2422,2101
2527,-1961,-522,-942,2023,2939,2076,3604,293,787,2413,2086
2517,-1956,-521,-939,2017,2930,2068,3586,294,780,2404,2072
2502,-1955,-512,-945,2002,2921,2062,3565,293,771,2392,2058
2487,-1954,-503,-951,1988,2914,2057,3546,291,765,2380,2041
2470,-1950,-497,-954,1974,2905,2057,3531,289,764,2371,2026
2455,-1945,-495,-953,1965,2896,2056,3518,287,764,2365,2011
2443,-1939,-496,-950,1960,2890,2055,3509,286,763,2361,1998
2423,-1937,-486,-958,1942,2883,2048,3499,281,759,2353,1983
2405,-1942,-470,-974,1921,2881,2044,3490,274,759,2346,1971
2389,-1952,-452,-994,1899,2884,2040,3481,265,760,2337,1962
2373,-1960,-435,-1013,1879,2886,2038,3471,255,761,2330,1954
2355,-1966,-417,-1032,1856,2885,2034,3461,248,761,2325,1949
2340,-1968,-405,-1043,1838,2882,2027,3450,243,767,2320,1945
2328,-1968,-396,-1052,1824,2881,2016,3435,238,770,2311,1940
2319,-1968,-391,-1057,1814,2879,2007,3423,234,769,2301,1936
2310,-1968,-384,-1064,1803,2878,1996,3411,229,760,2291,1932
2300,-1972,-372,-1077,1786,2878,1985,3396,225,747,2280,1928
2291,-1978,-358,-1092,1770,2879,1974,3379,220,731,2269,1921
2282,-1984,-342,-1108,1751,2880,1956,3366,216,713,2257,1917
2280,-1986,-336,-1115,1743,2880,1943,3357,217,706,2250,1917
2279,-1985,-333,-1117,1738,2879,1932,3350,222,703,2248,1919
2282,-1976,-341,-1107,1743,2875,1925,3347,229,701,2248,1922
2292,-1962,-362,-1084,1761,2871,1924,3350,238,701,2250,1927
2301,-1945,-382,-1059,1778,2863,1921,3354,245,703,2251,1930
2307,-1932,-395,-1042,1788,2856,1917,3355,248,699,2249,1930
2311,-1924,-402,-1031,1793,2849,1910,3355,245,691,2242,1929
2312,-1915,-407,-1021,1795,2840,1902,3352,241,686,2232,1927
2317,-1901,-420,-1001,1806,2829,1897,3354,243,690,2224,1927
2324,-1889,-433,-983,1818,2821,1894,3359,244,692,2214,1927
2329,-1879,-444,-967,1829,2813,1894,3364,242,690,2204,1926
2331,-1869,-451,-954,1835,2803,1892,3370,241,688,2197,1926
2331,-1861,-456,-942,1839,2793,1893,3371,241,688,2194,1927
2328,-1857,-454,-938,1837,2784,1892,3370,240,682,2192,1926
2323,-1854,-449,-937,1833,2775,1892,3369,239,679,2193,1929
2317,-1855,-440,-941,1825,2768,1890,3367,239,680,2194,1937
2309,-1856,-432,-944,1817,2760,1889,3366,239,683,2195,1946
2303,-1854,-428,-943,1813,2753,1886,3364,240,685,2196,1953
2300,-1851,-428,-939,1814,2747,1883,3363,241,688,2194,1958
2301,-1846,-436,-928,1824,2743,1884,3361,242,694,2191,1957
2302,-1840,-444,-918,1833,2740,1883,3354,241,696,2189,1953
2304,-1831,-457,-902,1846,2734,1884,3347,238,700,2187,1948
2302,-1819,-469,-886,1855,2726,1887,3338,237,702,2184,1943
2292,-1807,-472,-875,1854,2712,1888,3324,233,700,2179,1936
2280,-1792,-477,-862,1851,2695,1886,3308,228,699,2173,1928
2268,-1775,-485,-846,1850,2677,1881,3293,220,697,2166,1922
2262,-1760,-495,-830,1854,2665,1873,3276,210,697,2158,1917
2259,-1749,-505,-817,1860,2658,1865,3259,200,695,2151,1913
2249,-1746,-501,-820,1852,2652,1855,3241,189,685,2142,1909
2234,-1745,-489,-828,1834,2644,1844,3226,179,673,2131,1905
2217,-1747,-473,-842,1811,2637,1834,3210,170,664,2121,1898
2202,-1751,-457,-856,1790,2632,1825,3193,161,654,2110,1890
2187,-1754,-442,-871,1769,2628,1815,3174,154,638,2101,1886
2175,-1755,-430,-880,1752,2623,1808,3158,150,623,2093,1882
2165,-1757,-420,-890,1736,2621,1802,3145,148,612,2084,1878
2159,-1760,-414,-898,1726,2622,1797,3138,149,607,2077,1878
2155,-1759,-411,-900,1718,2621,1792,3133,152,603,2072,1879
2149,-1755,-411,-898,1712,2618,1788,3130,156,599,2066,1882
2145,-1747,-415,-891,1709,2612,1783,3126,160,593,2059,1880
2140,-1741,-416,-888,1704,2606,1772,3121,158,583,2049,1875
2138,-1734,-421,-880,1703,2602,1762,3118,157,583,2041,1871
2135,-1727,-424,-874,1701,2597,1756,3120,160,588,2034,1871
2133,-1721,-427,-867,1700,2592,1753,3125,165,595,2029,1875
2136,-1714,-437,-855,1707,2590,1751,3133,172,604,2027,1880
2139,-1710,-442,-849,1710,2590,1745,3137,177,610,2022,1885
2137,-1709,-441,-849,1707,2588,1736,3140,178,611,2017,1893
2135,-1712,-435,-853,1701,2587,1725,3137,178,607,2010,1899
2132,-1712,-431,-854,1696,2584,1713,3127,176,603,2001,1900
2134,-1707,-437,-845,1701,2580,1708,3119,176,604,1995,1901
2135,-1705,-439,-841,1704,2577,1703,3111,174,604,1989,1903
2133,-1705,-435,-841,1702,2574,1696,3105,170,599,1982,1905
2130,-1707,-428,-846,1697,2571,1688,3098,165,587,1972,1907
2126,-1706,-424,-846,1692,2564,1684,3090,160,579,1963,1907
2117,-1701,-417,-846,1685,2552,1679,3083,156,569,1954,1907
2110,-1695,-415,-842,1681,2541,1676,3077,154,560,1948,1906
2104,-1688,-413,-838,1679,2530,1670,3069,153,548,1942,1906
2100,-1682,-413,-834,1679,2521,1664,3062,155,538,1937,1904
2099,-1677,-415,-829,1682,2514,1658,3057,159,532,1932,1903
2097,-1672,-415,-826,1684,2508,1653,3052,164,532,1929,1903
2096,-1661,-423,-814,1691,2498,1649,3046,169,536,1927,1902
2093,-1648,-431,-802,1696,2486,1647,3038,175,535,1923,1902
2092,-1634,-441,-787,1704,2475,1648,3033,185,541,1922,1906
2089,-1622,-450,-774,1710,2464,1652,3027,197,552,1920,1910
2081,-1609,-453,-765,1708,2450,1652,3018,207,558,1914,1913
2071,-1593,-459,-752,1706,2433,1650,3007,216,562,1909,1913
2063,-1576,-468,-737,1707,2416,1646,2997,225,566,1905,1910
2056,-1559,-479,-720,1709,2402,1645,2986,236,567,1903,1907
2050,-1547,-487,-708,1711,2391,1643,2976,246,561,1902,1903
2041,-1547,-482,-713,1701,2387,1634,2964,251,548,1898,1898
2033,-1550,-473,-723,1688,2385,1623,2953,251,537,1892,1893
2027,-1557,-464,-735,1677,2388,1614,2941,250,527,1884,1886
2021,-1566,-454,-747,1665,2392,1604,2928,248,517,1874,1878
2015,-1575,-443,-762,1651,2396,1590,2916,245,506,1861,1869
2007,-1581,-434,-772,1638,2397,1576,2909,243,500,1847,1861
1997,-1588,-422,-785,1622,2396,1565,2904,243,497,1836,1855
1985,-1592,-411,-795,1605,2394,1556,2902,244,492,1827,1849
1972,-1598,-397,-808,1586,2390,1546,2901,244,486,1819,1841
1955,-1603,-380,-822,1561,2384,1535,2898,243,478,1809,1832
1936,-1606,-361,-837,1533,2374,1521,2892,240,467,1798,1819
1914,-1610,-338,-853,1502,2362,1500,2884,233,447,1784,1803
1899,-1614,-322,-867,1480,2355,1483,2876,224,433,1772,1788
1885,-1617,-305,-879,1458,2347,1469,2867,216,420,1762,1771
1873,-1616,-294,-885,1442,2338,1456,2862,210,410,1755,1756
1870,-1611,-294,-882,1439,2332,1445,2860,211,401,1751,1745
1872,-1607,-298,-875,1442,2328,1436,2860,216,396,1749,1737
1873,-1598,-304,-864,1446,2322,1429,2861,224,395,1751,1734
1875,-1585,-313,-849,1453,2312,1425,2863,233,396,1754,1735
1879,-1567,-330,-825,1466,2300,1424,2865,242,408,1756,1740
1894,-1543,-362,-787,1497,2291,1428,2869,259,429,1762,1749
1914,-1520,-398,-746,1535,2286,1432,2873,275,445,1769,1756
1933,-1499,-431,-708,1570,2282,1431,2875,289,454,1774,1760
1951,-1484,-456,-680,1600,2282,1430,2878,301,459,1778,1762
1967,-1475,-475,-660,1624,2284,1429,2880,316,467,1785,1760
1978,-1469,-486,-648,1640,2285,1429,2881,332,471,1789,1757
1984,-1464,-492,-639,1650,2283,1431,2881,346,473,1792,1752
1986,-1462,-491,-637,1652,2281,1428,2878,356,473,1792,1745
1983,-1459,-487,-638,1649,2275,1423,2874,364,471,1790,1735
1976,-1458,-480,-641,1642,2269,1417,2869,373,469,1786,1725
1969,-1457,-472,-646,1634,2263,1410,2864,381,468,1781,1715
1964,-1454,-470,-645,1631,2257,1407,2859,390,477,1781,1704
1959,-1448,-471,-641,1630,2249,1403,2853,397,484,1780,1693
1957,-1438,-480,-628,1637,2241,1401,2850,409,495,1782,1684
1952,-1423,-493,-611,1644,2229,1397,2847,422,505,1782,1676
1942,-1409,-501,-597,1643,2214,1390,2842,435,512,1779,1667
1933,-1393,-512,-582,1644,2199,1380,2834,447,515,1774,1657
1930,-1380,-526,-566,1652,2190,1374,2825,456,516,1770,1647
1925,-1365,-542,-546,1660,2179,1376,2821,468,521,1767,1638
1917,-1349,-556,-529,1663,2165,1379,2819,484,523,1766,1630
1900,-1339,-555,-526,1650,2151,1372,2811,497,517,1760,1618
1883,-1337,-547,-531,1632,2141,1358,2800,506,510,1750,1602
1868,-1340,-536,-543,1614,2136,1344,2786,513,505,1738,1587
1853,-1346,-523,-557,1593,2134,1332,2772,521,504,1725,1573
1836,-1355,-505,-576,1569,2133,1323,2760,526,501,1711,1561
1820,-1364,-486,-596,1545,2133,1314,2750,529,500,1695,1550
1807,-1377,-467,-618,1522,2136,1305,2741,531,501,1679,1540
1795,-1387,-450,-636,1501,2139,1294,2732,534,504,1664,1532
1782,-1398,-432,-655,1480,2141,1279,2722,537,502,1648,1522
1770,-1408,-413,-674,1459,2143,1260,2712,540,496,1631,1511
1758,-1417,-395,-691,1437,2143,1242,2704,544,490,1616,1500
1743,-1425,-372,-710,1412,2141,1222,2698,544,478,1600,1490
1732,-1432,-354,-726,1392,2140,1207,2693,547,474,1588,1483
1722,-1441,-334,-744,1372,2140,1192,2684,552,471,1574,1475
1713,-1447,-317,-759,1353,2138,1176,2675,557,469,1561,1467
1709,-1450,-307,-766,1344,2136,1160,2669,565,468,1550,1460
1705,-1452,-297,-773,1335,2134,1144,2666,576,467,1545,1452
1703,-1456,-285,-783,1325,2134,1128,2661,584,467,1540,1446
1699,-1461,-271,-795,1313,2132,1110,2653,589,463,1532,1441
1696,-1464,-259,-803,1303,2129,1095,2644,596,463,1523,1434
1702,-1459,-263,-796,1310,2127,1087,2638,608,471,1515,1426
1712,-1454,-270,-787,1322,2127,1079,2633,622,475,1506,1416
1721,-1446,-281,-774,1335,2124,1069,2629,634,473,1497,1404
1726,-1436,-290,-760,1345,2116,1056,2624,647,469,1488,1390
1729,-1425,-298,-746,1353,2107,1044,2615,660,471,1481,1375
1730,-1415,-303,-736,1358,2097,1033,2604,671,473,1475,1356
1728,-1403,-308,-724,1361,2084,1022,2592,679,473,1469,1337
1724,-1393,-311,-715,1361,2071,1010,2578,683,466,1464,1318
1721,-1381,-318,-702,1364,2058,998,2568,686,460,1460,1300
1719,-1369,-327,-688,1370,2046,988,2560,689,456,1458,1287
1717,-1355,-337,-672,1376,2034,978,2553,693,456,1457,1278
1713,-1340,-349,-653,1382,2020,977,2546,699,465,1459,1271
1705,-1327,-355,-641,1381,2006,974,2538,702,464,1457,1265
1699,-1315,-363,-628,1383,1995,973,2531,704,462,1456,1260
1691,-1302,-371,-614,1383,1981,972,2521,705,463,1456,1256
1679,-1287,-377,-600,1380,1966,970,2509,705,463,1453,1251
1669,-1270,-389,-582,1381,1951,968,2495,706,465,1451,1246
1663,-1250,-407,-557,1387,1936,969,2481,710,472,1449,1241
1658,-1230,-428,-529,1398,1923,971,2469,715,482,1447,1237
1655,-1211,-448,-504,1408,1912,975,2461,724,489,1444,1234
1642,-1200,-451,-496,1400,1900,974,2451,731,486,1439,1232
1627,-1193,-450,-492,1388,1889,969,2437,734,482,1431,1228
1613,-1186,-447,-489,1375,1878,962,2422,734,480,1420,1224
1597,-1178,-444,-487,1361,1866,957,2408,734,480,1408,1221
1582,-1173,-438,-489,1346,1855,951,2395,733,476,1396,1220
1573,-1171,-435,-489,1337,1850,945,2384,731,470,1385,1217
1571,-1169,-438,-487,1335,1849,936,2368,724,461,1371,1212
1575,-1167,-447,-480,1343,1852,929,2352,717,456,1360,1209
1582,-1164,-458,-472,1353,1855,922,2338,709,453,1350,1208
1590,-1166,-466,-467,1363,1862,916,2326,705,452,1342,1209
1599,-1170,-471,-468,1372,1870,910,2316,701,453,1335,1211
1602,-1179,-466,-477,1371,1878,899,2306,694,449,1328,1215
1604,-1186,-461,-486,1369,1883,891,2297,688,451,1323,1222
1605,-1196,-451,-499,1363,1887,880,2288,680,454,1316,1227
1606,-1202,-444,-508,1360,1890,866,2277,671,451,1308,1232
1609,-1203,-445,-508,1364,1890,857,2271,666,452,1303,1242
1610,-1202,-445,-508,1366,1887,851,2270,665,454,1300,1255
1608,-1199,-442,-508,1365,1880,844,2268,664,453,1298,1265
1602,-1195,-437,-509,1359,1871,834,2261,661,446,1291,1271
1596,-1191,-431,-509,1353,1860,824,2251,657,443,1280,1274
1593,-1182,-434,-502,1354,1848,820,2244,657,446,1273,1277
1590,-1174,-435,-495,1353,1836,818,2239,659,447,1267,1278
1585,-1166,-433,-491,1350,1824,815,2235,660,444,1261,1274
1580,-1160,-431,-488,1345,1812,811,2231,661,440,1252,1266
1575,-1152,-429,-484,1341,1800,807,2225,664,440,1243,1256
1569,-1147,-425,-483,1333,1788,803,2215,665,436,1230,1241
1564,-1143,-420,-484,1326,1778,799,2205,666,430,1218,1225
1560,-1143,-412,-490,1316,1773,795,2193,666,427,1208,1210
1554,-1145,-402,-498,1304,1767,792,2181,667,430,1199,1197
1547,-1147,-389,-509,1290,1762,787,2171,669,432,1189,1184
1540,-1153,-374,-524,1272,1760,783,2161,673,435,1180,1171
1537,-1159,-363,-536,1260,1760,783,2150,681,445,1173,1157
1530,-1163,-350,-548,1246,1758,782,2139,689,449,1165,1143
1523,-1165,-341,-556,1232,1754,780,2131,696,455,1158,1129
1515,-1168,-329,-568,1217,1752,780,2123,701,463,1152,1117
1501,-1172,-311,-583,1193,1746,776,2114,703,467,1145,1105
1490,-1173,-299,-592,1176,1741,772,2107,706,470,1139,1096
1486,-1170,-299,-592,1172,1739,771,2101,710,474,1136,1088
1489,-1166,-307,-584,1178,1740,773,2096,715,481,1133,1079
1491,-1158,-319,-572,1187,1739,772,2094,718,484,1131,1072
1481,-1153,-317,-570,1179,1733,764,2088,717,478,1125,1063
1469,-1149,-312,-571,1167,1726,757,2081,716,473,1118,1055
1457,-1146,-307,-571,1157,1720,750,2072,713,468,1111,1046
1442,-1140,-302,-570,1145,1710,742,2062,709,463,1101,1036
1424,-1135,-294,-571,1129,1699,728,2050,703,450,1084,1024
1409,-1131,-287,-571,1116,1690,715,2038,697,437,1066,1013
1394,-1128,-279,-573,1103,1683,702,2028,692,423,1048,1003
1385,-1126,-277,-571,1097,1679,690,2019,690,406,1033,993
1377,-1122,-277,-567,1094,1675,675,2007,686,392,1020,985
1369,-1119,-276,-562,1091,1671,659,1995,681,380,1006,977
1364,-1116,-276,-558,1090,1669,641,1983,675,373,994,973
1359,-1119,-271,-560,1085,1669,619,1970,671,365,983,975
1356,-1120,-268,-561,1084,1671,600,1961,671,360,977,981
1353,-1124,-262,-566,1079,1673,582,1953,670,360,970,987
1351,-1130,-254,-573,1075,1677,568,1948,672,361,964,995
1354,-1132,-254,-573,1078,1681,561,1946,676,362,960,1006
1357,-1133,-252,-573,1080,1684,558,1947,678,362,960,1018
1356,-1135,-246,-577,1076,1685,553,1950,680,363,959,1030
1354,-1137,-239,-583,1069,1684,545,1951,680,364,954,1041
1352,-1135,-234,-585,1064,1681,538,1952,679,370,947,1052
1359,-1126,-245,-572,1075,1678,537,1956,682,383,946,1064
1368,-1111,-262,-552,1091,1672,540,1960,687,391,949,1074
1379,-1096,-282,-529,1110,1667,541,1960,690,393,952,1081
1393,-1080,-306,-503,1134,1663,540,1958,690,391,952,1085
1406,-1064,-330,-478,1157,1658,541,1957,691,391,950,1088
1414,-1051,-346,-461,1171,1651,543,1954,690,386,945,1088
1419,-1043,-354,-451,1178,1646,545,1952,690,384,942,1092
1417,-1040,-352,-452,1174,1640,545,1949,694,386,937,1097
1411,-1039,-344,-459,1163,1632,544,1944,699,391,931,1101
1403,-1039,-333,-468,1149,1624,544,1938,701,394,924,1102
1393,-1039,-321,-478,1133,1615,543,1930,700,392,916,1097
1385,-1039,-313,-485,1120,1607,545,1918,699,394,906,1087
1375,-1041,-301,-495,1104,1599,545,1906,696,393,896,1076
1366,-1040,-295,-500,1093,1591,546,1898,695,394,888,1065
1357,-1037,-289,-503,1081,1581,548,1892,696,393,880,1053
1344,-1035,-280,-510,1066,1571,546,1884,694,390,870,1038
1332,-1032,-274,-512,1054,1560,544,1873,691,386,858,1021
1325,-1027,-274,-510,1048,1552,541,1860,685,384,845,1003
1319,-1022,-276,-506,1045,1545,539,1845,676,379,832,985
1318,-1021,-280,-503,1046,1543,536,1829,668,369,818,967
1310,-1026,-272,-512,1036,1542,526,1811,653,351,801,950
1297,-1028,-261,-521,1021,1537,515,1792,638,336,783,933
1282,-1030,-248,-531,1003,1529,505,1777,626,329,768,918
1268,-1032,-237,-541,987,1523,500,1765,616,327,755,904
1254,-1034,-225,-550,972,1517,495,1756,606,323,742,894
1242,-1035,-217,-556,961,1511,490,1751,597,318,730,890
1229,-1039,-206,-565,948,1507,485,1746,589,313,720,886
1219,-1042,-196,-572,937,1504,485,1747,583,312,711,884
1209,-1042,-191,-574,931,1500,486,1749,580,308,705,881
1198,-1038,-188,-572,925,1492,489,1749,577,303,697,878
1187,-1029,-189,-563,921,1481,488,1747,571,297,688,873
1171,-1018,-186,-556,912,1464,481,1744,560,284,679,868
1155,-1006,-183,-548,903,1447,476,1741,551,271,673,868
1137,-998,-173,-547,887,1431,472,1740,543,264,670,868
1121,-998,-158,-555,869,1422,466,1741,534,257,670,871
1111,-1002,-144,-564,855,1418,461,1741,525,252,674,877
1102,-1010,-125,-581,839,1419,456,1740,515,247,676,881
1088,-1020,-100,-602,815,1416,448,1736,501,240,674,880
1072,-1030,-72,-626,785,1412,438,1729,484,232,667,874
1058,-1039,-46,-648,760,1409,427,1719,465,223,655,866
1056,-1045,-35,-659,750,1410,420,1713,451,222,647,859
1053,-1049,-24,-668,740,1409,417,1711,441,225,641,854
1049,-1050,-14,-676,729,1406,415,1709,431,226,637,849
1047,-1053,-5,-684,720,1404,412,1708,419,222,632,843
1047,-1055,2,-691,712,1404,405,1706,405,217,626,834
1045,-1056,9,-698,704,1400,397,1703,390,210,619,825
1044,-1050,8,-695,701,1394,392,1698,375,205,613,817
1048,-1044,3,-690,704,1390,385,1691,361,202,608,810
1056,-1037,-9,-680,714,1389,381,1689,349,204,606,807
1070,-1026,-30,-662,734,1388,379,1688,340,211,609,806
1086,-1012,-58,-636,761,1387,379,1687,333,218,614,808
1103,-994,-92,-605,792,1385,385,1687,329,230,623,814
1115,-977,-119,-578,816,1380,393,1687,324,237,628,819
1127,-962,-145,-553,839,1376,400,1687,320,243,634,824
1134,-946,-169,-530,858,1370,404,1683,315,249,641,826
1134,-932,-183,-513,866,1360,405,1677,306,251,645,825
1131,-921,-194,-500,871,1351,406,1676,298,252,647,825
1125,-910,-202,-489,871,1340,410,1673,293,252,649,824
1119,-902,-207,-481,870,1332,418,1671,288,251,652,821
1114,-899,-209,-478,869,1328,424,1669,284,249,655,821
1106,-908,-196,-492,856,1331,422,1665,274,240,652,821
1100,-925,-179,-513,841,1340,417,1658,262,232,646,823
1093,-941,-160,-535,825,1350,411,1650,246,227,638,825
1090,-958,-145,-554,814,1361,406,1644,233,225,633,830
1090,-972,-135,-567,809,1373,401,1641,222,220,631,839
1093,-983,-131,-574,810,1385,399,1640,215,220,631,851
1096,-995,-126,-583,810,1398,398,1638,206,217,628,862
1101,-1006,-122,-590,812,1412,395,1634,195,208,624,869
1107,-1019,-117,-599,814,1427,390,1629,183,196,618,874
1112,-1030,-112,-606,815,1439,386,1626,170,189,613,879
1116,-1033,-113,-605,819,1445,383,1626,158,183,611,886
1116,-1033,-113,-602,820,1447,375,1626,145,171,611,894
1119,-1027,-121,-591,827,1445,368,1626,132,165,615,903
1118,-1018,-126,-580,830,1440,364,1626,121,163,622,912
1111,-1009,-128,-572,827,1429,362,1627,109,162,629,923
1106,-998,-131,-561,826,1419,360,1633,96,159,638,939
1099,-991,-128,-558,819,1409,354,1636,82,153,647,953
1086,-987,-115,-564,801,1397,344,1637,67,141,653,965
1068,-988,-93,-580,774,1384,334,1638,50,126,654,973
1052,-990,-70,-598,747,1373,325,1639,32,116,655,982
1048,-987,-65,-600,740,1366,323,1641,20,117,662,991
1050,-981,-69,-596,743,1362,325,1641,9,117,670,999
1052,-972,-76,-587,748,1355,327,1641,1,113,674,1009
1054,-961,-85,-577,755,1345,328,1642,-7,106,677,1020
1056,-949,-96,-564,762,1336,331,1641,-13,105,681,1030
1058,-938,-106,-553,770,1327,333,1638,-19,104,683,1037
1062,-923,-123,-534,783,1316,335,1636,-25,107,684,1047
1065,-907,-139,-516,795,1304,336,1633,-28,114,686,1056
1069,-890,-158,-495,809,1292,339,1630,-31,124,688,1065
1073,-874,-176,-476,824,1282,343,1627,-36,134,690,1074
1076,-860,-193,-457,837,1272,348,1621,-42,140,692,1082
1081,-844,-213,-436,853,1262,355,1614,-48,145,693,1089
1081,-832,-227,-420,863,1253,361,1609,-55,143,692,1092
1081,-822,-238,-408,871,1244,370,1606,-60,140,691,1093
1076,-815,-242,-401,872,1235,373,1599,-70,134,685,1090
1062,-813,-232,-407,857,1223,367,1588,-88,122,672,1081
1046,-815,-216,-419,837,1214,358,1577,-108,111,658,1072
1032,-820,-201,-432,820,1209,350,1566,-125,102,646,1064
1018,-821,-188,-441,803,1202,347,1557,-142,95,636,1057
1004,-821,-179,-447,790,1194,343,1549,-161,88,625,1048
984,-827,-155,-466,762,1188,334,1539,-182,74,611,1036
964,-837,-128,-490,732,1184,324,1529,-201,63,601,1025
949,-852,-100,-516,704,1187,318,1521,-215,57,596,1018
938,-867,-77,-540,683,1194,316,1518,-226,56,593,1015
931,-882,-56,-563,664,1203,316,1518,-235,59,591,1015
926,-894,-40,-580,651,1211,318,1520,-238,66,589,1016
921,-904,-25,-595,637,1218,320,1521,-238,76,586,1018
917,-906,-18,-599,629,1220,324,1521,-239,86,584,1021
916,-901,-21,-592,629,1219,325,1522,-240,93,579,1022
917,-893,-29,-579,635,1217,322,1521,-243,95,574,1023
918,-881,-41,-561,642,1212,318,1519,-245,94,570,1023
913,-870,-46,-548,642,1203,307,1518,-251,85,565,1021
909,-858,-52,-535,642,1194,297,1516,-255,81,561,1016
907,-852,-55,-527,642,1189,291,1513,-261,78,555,1008
907,-847,-60,-518,644,1185,286,1511,-269,77,551,1000
913,-838,-73,-502,656,1182,283,1513,-272,80,551,996
920,-831,-88,-486,670,1181,280,1516,-274,86,551,994
927,-828,-98,-476,681,1182,276,1518,-277,89,551,994
931,-831,-100,-474,685,1185,268,1518,-283,87,546,993
934,-835,-99,-478,685,1188,258,1515,-288,84,538,989
939,-834,-107,-471,693,1188,254,1513,-286,85,535,986
946,-833,-115,-464,702,1188,252,1512,-283,89,531,982
950,-832,-121,-459,709,1188,252,1513,-278,92,529,980
952,-831,-125,-456,712,1185,250,1515,-270,95,530,976
954,-828,-131,-451,717,1182,250,1519,-262,99,530,970
956,-824,-137,-445,722,1178,248,1523,-255,103,527,962
960,-817,-148,-435,732,1174,249,1526,-247,110,526,955
962,-809,-158,-424,740,1168,250,1528,-239,118,528,947
965,-799,-171,-410,751,1161,249,1531,-231,129,532,940
972,-788,-189,-394,767,1157,248,1536,-220,144,537,936
980,-774,-209,-373,786,1152,251,1543,-207,160,542,934
988,-755,-234,-346,809,1143,257,1549,-195,186,547,930
988,-735,-254,-322,823,1130,259,1552,-187,205,549,924
989,-712,-276,-294,839,1116,261,1550,-180,216,548,917
987,-689,-296,-267,852,1101,265,1546,-176,222,546,909
977,-665,-308,-245,855,1080,270,1540,-176,226,539,900
966,-645,-315,-228,853,1061,275,1534,-176,230,530,891
958,-630,-319,-217,851,1049,279,1526,-180,231,520,881
951,-619,-323,-208,851,1040,282,1515,-185,228,508,870
944,-608,-325,-199,849,1032,286,1506,-188,220,499,859
928,-605,-312,-206,831,1022,284,1493,-196,203,489,845
911,-605,-294,-219,809,1015,278,1480,-207,190,479,832
897,-610,-275,-234,788,1013,274,1467,-220,181,470,817
885,-619,-254,-253,768,1015,275,1458,-229,179,464,803
875,-633,-231,-277,746,1022,277,1451,-237,172,460,793
871,-650,-211,-301,731,1035,277,1444,-248,166,453,782
872,-672,-191,-328,718,1053,274,1434,-261,159,443,769
876,-693,-173,-353,709,1073,268,1424,-275,150,435,754
879,-713,-159,-374,702,1091,259,1414,-288,139,428,741
879,-728,-145,-392,692,1103,251,1404,-300,131,423,729
876,-739,-133,-407,680,1110,244,1394,-310,123,417,722
866,-746,-118,-421,663,1109,231,1382,-323,108,411,717
859,-749,-110,-427,652,1106,221,1372,-333,100,407,713
853,-753,-103,-433,643,1104,212,1363,-339,96,405,713
848,-760,-94,-442,632,1103,203,1359,-343,97,404,715
849,-768,-90,-450,629,1107,198,1361,-341,104,407,720
849,-777,-84,-459,624,1111,197,1367,-337,113,413,726
847,-785,-79,-467,618,1112,198,1375,-330,121,418,733
843,-789,-74,-474,611,1109,195,1378,-327,124,420,740
836,-790,-69,-477,603,1101,190,1379,-325,127,418,746
836,-783,-77,-466,608,1091,189,1382,-321,133,417,752
837,-772,-91,-449,617,1080,188,1387,-317,135,416,755
838,-759,-107,-429,628,1067,187,1392,-314,133,414,754
839,-744,-123,-409,638,1053,186,1397,-313,131,412,750
838,-727,-138,-388,648,1036,188,1400,-312,136,409,744
834,-713,-147,-372,650,1019,190,1401,-313,140,408,736
831,-699,-154,-358,652,1002,193,1400,-311,146,409,726
825,-686,-158,-347,650,985,198,1396,-309,154,410,715
818,-672,-161,-336,647,967,203,1391,-308,165,411,704
814,-661,-164,-327,645,954,209,1387,-307,177,412,695
812,-654,-165,-321,644,944,213,1382,-303,191,414,685
814,-647,-170,-314,648,939,222,1378,-293,211,419,673
811,-640,-169,-310,645,932,228,1374,-284,224,420,658
809,-633,-170,-305,644,924,232,1367,-276,235,416,643
806,-627,-169,-302,642,919,235,1359,-270,243,409,624
799,-624,-160,-307,630,912,235,1347,-267,246,399,606
788,-620,-150,-312,617,904,237,1336,-262,251,390,590
780,-616,-143,-314,607,897,241,1329,-255,255,382,579
771,-611,-138,-316,598,890,245,1324,-249,261,373,568
764,-610,-130,-321,589,887,249,1321,-241,265,365,558
750,-613,-111,-337,567,884,246,1316,-237,258,354,546
736,-619,-92,-355,545,882,241,1312,-233,250,344,535
726,-626,-74,-373,527,884,238,1307,-228,245,334,525
718,-632,-62,-386,514,886,238,1302,-223,245,326,516
710,-635,-52,-395,502,887,234,1301,-221,241,320,512
706,-637,-48,-400,497,890,231,1299,-218,236,315,510
706,-641,-46,-406,496,898,228,1293,-216,228,307,510
709,-644,-48,-406,499,905,225,1286,-217,221,297,509
710,-646,-51,-405,502,911,222,1277,-220,209,285,508
707,-645,-51,-404,500,912,220,1268,-222,196,271,507
699,-643,-49,-404,494,910,220,1260,-222,189,260,506
689,-645,-40,-410,482,907,214,1252,-227,178,248,507
682,-648,-32,-416,473,907,206,1243,-231,169,235,509
677,-654,-24,-424,464,909,197,1235,-236,159,220,511
674,-663,-13,-435,456,914,190,1226,-242,150,206,515
674,-670,-9,-440,454,919,189,1221,-245,149,198,522
673,-676,-3,-446,449,923,190,1216,-246,150,190,529
669,-684,6,-456,441,925,186,1210,-247,151,181,533
666,-692,17,-467,431,927,179,1201,-252,149,170,534
664,-700,27,-478,423,929,170,1190,-258,148,155,536
669,-704,25,-478,427,933,166,1183,-257,155,146,544
675,-703,19,-474,433,934,161,1179,-257,160,138,551
680,-699,12,-466,440,932,154,1174,-257,163,131,558
685,-694,2,-456,448,928,148,1170,-255,167,126,565
690,-686,-9,-444,458,923,145,1165,-248,173,122,572
695,-679,-19,-434,466,919,141,1157,-244,172,118,578
703,-673,-33,-423,478,916,136,1148,-239,170,116,586
711,-666,-46,-411,491,914,131,1140,-234,170,115,595
719,-661,-57,-402,502,913,129,1132,-230,175,113,603
724,-657,-64,-396,509,910,128,1125,-229,180,109,609
726,-656,-66,-395,510,907,123,1114,-233,183,103,612
730,-658,-66,-398,513,910,117,1098,-240,185,95,609
732,-667,-57,-411,507,914,109,1082,-249,179,82,603
733,-676,-48,-425,502,919,103,1068,-255,176,71,597
732,-685,-38,-437,495,922,100,1054,-262,177,62,592
727,-693,-23,-454,482,923,97,1038,-271,179,53,587
721,-697,-12,-464,471,921,96,1022,-278,184,41,579
716,-694,-9,-464,467,915,96,1009,-282,191,29,571
713,-686,-13,-456,469,907,98,998,-281,200,19,563
714,-677,-22,-444,477,903,103,992,-273,209,15,558
711,-669,-27,-436,481,898,105,985,-265,210,13,552
710,-660,-34,-425,487,892,108,982,-254,213,14,547
710,-651,-43,-412,495,889,113,979,-240,222,17,544
710,-641,-53,-399,503,885,121,978,-225,237,21,541
708,-631,-61,-387,509,880,125,975,-211,252,22,539
704,-621,-67,-376,513,875,128,971,-199,267,21,538
699,-614,-69,-369,513,872,129,965,-189,281,19,536
697,-610,-72,-364,515,872,128,961,-178,296,18,535
695,-610,-72,-362,515,875,126,958,-167,308,15,531
691,-610,-70,-363,513,878,124,957,-156,317,10,526
688,-612,-66,-365,510,882,122,957,-144,324,5,519
680,-618,-55,-375,499,885,116,959,-134,321,-2,510
672,-623,-45,-384,488,888,110,958,-122,317,-10,504
659,-626,-31,-394,471,886,106,955,-110,311,-19,500
647,-629,-19,-403,456,883,101,950,-101,304,-29,497
643,-631,-16,-405,451,884,96,947,-92,297,-38,496
642,-631,-17,-403,451,886,90,943,-81,292,-44,494
639,-629,-18,-400,450,883,81,937,-70,286,-50,490
634,-627,-16,-400,444,878,70,928,-61,280,-57,487
628,-623,-15,-397,438,870,62,917,-51,280,-66,483
632,-612,-29,-381,450,863,62,911,-34,294,-67,486
639,-600,-49,-359,466,856,68,909,-13,313,-63,491
644,-585,-67,-338,480,845,74,910,9,328,-56,497
647,-572,-83,-320,492,834,81,911,28,341,-48,503
653,-560,-99,-302,505,825,89,913,44,355,-41,507
654,-550,-109,-289,512,814,94,913,57,363,-36,507
653,-538,-119,-275,517,799,97,910,68,370,-31,507
648,-528,-123,-266,515,783,100,904,77,371,-28,506
643,-522,-123,-264,511,769,101,892,83,369,-30,504
637,-519,-118,-266,503,757,101,880,87,369,-32,503
629,-521,-106,-276,489,748,101,870,90,371,-35,504
625,-525,-99,-285,482,743,104,856,94,374,-40,502
619,-531,-87,-298,469,738,102,842,92,367,-49,497
611,-534,-76,-307,457,731,101,829,91,365,-58,495
603,-533,-69,-312,446,721,103,816,92,365,-69,492
591,-533,-58,-320,431,711,105,799,90,361,-83,486
583,-530,-54,-322,422,702,105,781,87,357,-98,481
580,-522,-59,-313,424,694,106,763,84,357,-111,475
580,-512,-71,-299,432,688,108,746,83,362,-122,469
583,-502,-85,-284,444,685,108,733,83,369,-132,463
579,-499,-86,-281,441,683,104,721,79,368,-143,458
569,-496,-82,-283,432,678,98,710,76,364,-155,454
557,-492,-74,-286,419,672,92,697,71,363,-168,450
544,-492,-64,-293,405,668,86,683,67,361,-180,447
535,-496,-52,-304,390,670,78,667,61,349,-193,444
527,-505,-37,-319,376,676,70,652,54,338,-205,443
519,-519,-17,-341,358,687,60,637,45,329,-216,441
516,-536,1,-362,345,702,55,627,40,325,-225,442
517,-549,13,-378,338,718,49,621,38,324,-232,447
520,-557,18,-385,337,731,44,614,39,326,-235,453
521,-556,16,-382,340,737,41,606,44,329,-237,458
520,-552,14,-376,342,738,35,598,49,323,-242,459
523,-548,9,-368,347,741,32,592,56,319,-247,459
526,-547,7,-365,351,746,30,587,60,317,-252,457
529,-547,7,-363,354,750,30,583,62,316,-254,455
536,-544,0,-355,363,753,31,583,64,315,-252,454
542,-539,-6,-346,372,754,28,582,65,313,-253,452
544,-533,-10,-338,376,751,22,579,66,311,-254,450
547,-530,-12,-334,378,748,12,573,66,310,-252,450
552,-527,-14,-330,383,746,2,565,65,311,-252,445
566,-522,-29,-316,402,749,0,562,71,320,-246,441
584,-518,-46,-303,424,754,2,559,79,328,-240,437
598,-516,-59,-293,441,757,5,557,87,333,-233,433
608,-513,-69,-284,453,756,7,556,95,334,-224,429
618,-509,-80,-275,466,755,11,554,106,341,-212,425
628,-509,-88,-270,476,757,17,553,117,348,-199,421
638,-510,-97,-265,488,758,26,553,133,360,-188,416
646,-511,-103,-263,496,759,34,551,149,373,-178,412
650,-510,-109,-259,503,757,38,549,166,386,-171,409
654,-506,-118,-251,510,752,39,548,183,400,-166,406
654,-501,-125,-244,514,745,41,548,197,410,-160,404
657,-495,-137,-233,524,740,45,546,209,420,-153,400
661,-493,-146,-226,532,738,47,541,218,423,-151,392
668,-494,-156,-222,543,741,49,535,226,425,-151,386
671,-497,-160,-222,548,744,51,530,232,427,-150,382
668,-501,-157,-228,544,744,51,521,233,427,-151,378
663,-502,-157,-230,541,742,52,513,235,424,-153,374
663,-501,-163,-226,545,742,58,506,240,424,-152,371
665,-495,-176,-215,555,741,67,498,247,427,-145,368
667,-486,-193,-199,569,739,76,492,255,427,-136,365
665,-481,-200,-192,572,737,79,483,254,419,-133,362
662,-481,-202,-192,572,738,76,472,250,409,-133,359
659,-484,-201,-196,570,743,71,459,245,399,-132,357
655,-487,-197,-201,565,747,66,445,240,391,-129,356
650,-492,-189,-211,556,751,59,433,233,380,-127,358
647,-500,-181,-223,549,759,52,421,226,372,-126,360
642,-509,-167,-239,536,767,43,410,217,365,-125,361
635,-517,-152,-255,521,771,34,404,207,359,-123,363
626,-526,-134,-273,504,776,23,396,193,349,-122,361
620,-536,-116,-293,488,782,10,385,177,338,-121,358
613,-545,-98,-310,471,787,-5,370,160,326,-120,353
602,-551,-77,-327,451,787,-25,354,141,305,-123,347
595,-556,-61,-341,436,788,-44,337,123,287,-128,338
588,-565,-40,-361,417,792,-59,322,106,269,-133,327
579,-577,-14,-385,395,796,-74,307,89,248,-140,315
574,-589,9,-407,376,801,-86,296,74,230,-147,304
570,-601,31,-429,359,806,-97,283,61,216,-154,294
566,-613,53,-450,342,810,-107,272,49,203,-161,288
561,-624,74,-470,325,813,-116,262,37,191,-166,286
558,-631,90,-484,312,813,-121,253,26,182,-174,285
564,-631,89,-481,317,814,-119,250,20,181,-175,288
575,-627,79,-471,331,816,-112,249,19,181,-174,292
586,-619,64,-454,348,814,-106,252,18,181,-170,295
593,-607,48,-434,364,807,-99,258,18,183,-164,299
602,-594,28,-410,383,799,-88,261,21,190,-156,302
612,-584,8,-390,403,796,-79,261,21,192,-149,300
622,-578,-9,-373,422,794,-68,258,20,191,-140,296
626,-572,-20,-361,432,788,-58,254,21,186,-130,290
624,-565,-29,-349,437,778,-49,249,21,182,-119,282
622,-557,-39,-336,443,769,-41,245,22,177,-108,274
622,-549,-51,-322,451,760,-35,241,22,172,-97,268
622,-535,-71,-299,465,749,-24,239,25,176,-82,262
619,-521,-89,-277,476,737,-16,236,29,177,-68,255
621,-510,-110,-256,492,730,-10,234,29,175,-54,250
623,-499,-131,-235,508,725,-6,230,25,171,-44,244
621,-489,-147,-218,518,718,-6,222,19,164,-37,236
623,-479,-167,-198,533,714,-5,215,14,162,-29,229
632,-466,-197,-171,560,714,-1,213,11,169,-18,224
644,-452,-230,-141,590,716,9,217,12,182,-5,226
655,-442,-259,-117,618,722,19,223,14,185,9,228
655,-440,-267,-111,624,724,22,225,8,178,17,225
648,-445,-260,-120,614,727,23,224,-3,172,21,224
637,-454,-244,-139,597,731,23,220,-16,168,22,222
625,-465,-223,-162,575,734,21,217,-29,167,23,222
612,-474,-201,-184,552,736,14,211,-42,165,25,224
602,-479,-186,-199,535,737,3,204,-54,158,28,225
595,-483,-173,-211,522,738,-12,195,-66,147,29,226
593,-486,-164,-221,513,742,-28,192,-78,139,31,227
592,-487,-156,-228,507,745,-40,194,-89,134,34,226
588,-484,-148,-233,498,743,-50,196,-100,129,37,226
580,-477,-139,-235,486,733,-55,198,-112,124,41,228
568,-471,-124,-242,466,723,-63,201,-127,113,45,228
558,-465,-110,-248,449,713,-70,206,-140,102,49,227
548,-461,-94,-257,430,705,-75,210,-151,89,53,228
542,-459,-78,-267,413,698,-81,215,-161,75,59,229
540,-456,-69,-271,403,694,-86,224,-168,69,69,238
537,-452,-59,-274,393,688,-91,235,-176,65,79,250
533,-448,-49,-278,382,681,-98,242,-190,58,85,261
530,-445,-40,-281,372,675,-109,249,-205,52,87,274
529,-445,-31,-286,363,672,-119,254,-220,48,87,286
535,-440,-36,-279,369,670,-123,260,-231,50,93,302
544,-433,-47,-265,381,668,-127,267,-240,49,101,316
555,-422,-65,-245,398,665,-132,275,-248,48,109,329
565,-410,-85,-222,418,660,-136,282,-258,47,119,341
573,-398,-106,-199,437,654,-137,288,-268,53,129,353
575,-390,-119,-184,448,647,-138,294,-280,59,137,362
574,-384,-128,-172,454,639,-142,298,-292,62,144,370
570,-382,-129,-169,453,632,-151,300,-306,61,148,378
565,-384,-129,-170,451,627,-158,301,-321,58,152,387
559,-388,-126,-173,448,624,-165,304,-335,54,156,396
556,-395,-124,-179,447,624,-172,307,-348,50,162,403
556,-399,-128,-180,451,625,-171,310,-359,55,170,412
551,-403,-128,-182,451,622,-173,311,-374,55,176,421
550,-404,-135,-179,456,621,-178,313,-389,53,180,433
550,-405,-142,-176,463,622,-181,318,-405,54,183,442
546,-407,-143,-178,464,620,-186,320,-422,56,184,447
540,-404,-148,-173,466,616,-190,320,-439,57,184,449
535,-395,-158,-163,470,607,-190,320,-457,58,183,452
530,-387,-167,-153,475,601,-188,320,-472,61,183,456
524,-379,-173,-146,477,594,-189,321,-487,59,183,456
507,-377,-163,-153,459,584,-197,315,-506,44,177,455
488,-379,-145,-167,435,575,-208,307,-524,27,169,452
471,-386,-123,-188,411,572,-216,299,-541,17,164,448
456,-395,-100,-211,385,571,-218,296,-552,8,164,445
439,-407,-71,-238,354,571,-220,298,-562,-4,167,443
423,-420,-42,-267,323,573,-226,301,-572,-14,167,442
409,-436,-10,-299,291,578,-236,300,-583,-25,162,439
397,-450,19,-328,263,583,-247,297,-595,-39,153,435
387,-464,47,-357,235,589,-256,297,-607,-54,147,431
376,-479,78,-387,205,595,-265,302,-614,-66,144,431
367,-491,105,-412,178,599,-271,310,-618,-73,145,433
360,-500,128,-433,156,602,-279,321,-619,-81,151,439
358,-505,142,-445,142,605,-282,336,-618,-81,162,452
357,-503,149,-448,134,604,-288,351,-619,-82,171,468
357,-496,150,-443,130,598,-297,367,-621,-85,180,483
362,-483,140,-427,137,592,-304,387,-623,-85,192,497
366,-471,132,-412,143,584,-308,409,-626,-83,204,508
369,-463,127,-403,145,579,-316,431,-633,-87,214,517
373,-461,128,-401,146,578,-327,451,-640,-94,221,526
380,-461,126,-397,151,579,-337,466,-645,-100,226,534
394,-451,105,-376,173,578,-340,484,-646,-99,237,546
410,-438,78,-347,203,578,-336,506,-645,-95,252,557
429,-424,46,-315,237,578,-331,530,-644,-91,267,567
449,-411,11,-281,274,578,-325,552,-641,-84,283,578
472,-394,-31,-240,320,580,-320,575,-635,-73,299,591
495,-380,-73,-200,366,582,-312,600,-625,-58,318,603
517,-369,-111,-166,409,587,-302,624,-613,-38,340,616
539,-368,-140,-145,446,599,-293,645,-599,-14,361,629
560,-374,-161,-133,478,614,-283,663,-585,10,381,643
580,-380,-182,-123,508,629,-275,682,-569,30,399,659
601,-390,-201,-116,538,647,-267,701,-555,50,417,675
625,-398,-225,-106,574,667,-256,721,-538,74,433,690
646,-405,-246,-97,606,685,-246,741,-520,93,447,706
665,-407,-270,-82,638,697,-235,764,-497,115,464,726
682,-405,-296,-65,670,707,-220,786,-474,139,482,746
695,-403,-317,-51,695,714,-204,804,-453,160,499,763
705,-394,-341,-30,719,715,-188,820,-435,178,515,779
714,-381,-367,-6,745,713,-173,834,-418,196,532,797
725,-369,-393,18,770,713,-155,849,-400,212,548,813
740,-361,-416,36,796,719,-138,860,-386,220,562,829
751,-365,-424,37,808,730,-124,866,-381,217,572,843
761,-371,-426,32,816,743,-110,871,-379,214,581,858
772,-382,-425,22,821,759,-93,876,-376,223,591,874
787,-395,-424,11,828,780,-74,884,-371,242,603,891
804,-414,-419,-6,833,806,-56,895,-365,262,617,912
821,-431,-415,-21,839,830,-40,908,-360,282,631,936
840,-452,-410,-39,845,859,-27,920,-357,297,645,957
865,-476,-406,-59,855,894,-16,932,-355,313,657,979
893,-502,-405,-76,870,932,-7,945,-356,326,668,1002
917,-523,-406,-89,884,965,1,955,-358,338,680,1026
939,-540,-407,-99,896,993,12,964,-358,354,696,1050
956,-554,-407,-107,905,1016,16,973,-357,364,713,1074
973,-563,-413,-108,919,1035,19,980,-358,370,731,1095
987,-573,-415,-112,928,1053,24,985,-361,375,748,1113
994,-580,-413,-116,931,1064,28,992,-362,381,764,1132
1004,-586,-417,-116,939,1076,35,1003,-360,391,781,1153
1015,-594,-419,-118,948,1089,44,1017,-354,403,800,1174
1025,-604,-418,-123,955,1102,53,1032,-347,417,820,1196
1035,-616,-415,-131,960,1116,62,1048,-338,431,841,1219
1043,-628,-411,-141,964,1130,70,1062,-325,450,858,1239
1058,-636,-418,-139,980,1144,84,1078,-306,476,877,1258
1073,-641,-427,-134,998,1155,100,1093,-289,502,897,1273
1086,-642,-438,-126,1016,1162,113,1107,-274,521,914,1283
1099,-643,-449,-119,1033,1170,124,1117,-262,535,931,1292
1111,-644,-459,-111,1048,1174,134,1123,-248,551,948,1300
1118,-644,-463,-108,1056,1176,144,1130,-235,565,965,1307
1122,-641,-468,-102,1063,1173,152,1140,-223,581,983,1313
1122,-636,-471,-97,1065,1167,159,1152,-212,599,999,1320
1118,-630,-470,-93,1062,1156,170,1166,-199,619,1013,1330
1111,-620,-470,-87,1057,1142,180,1182,-184,644,1030,1342
1101,-608,-470,-80,1050,1125,189,1203,-168,670,1047,1357
1092,-591,-475,-67,1047,1105,203,1225,-148,702,1065,1370
1082,-575,-478,-56,1041,1086,216,1246,-128,723,1078,1383
1073,-559,-483,-43,1038,1067,227,1266,-106,743,1089,1395
1063,-543,-488,-31,1033,1050,238,1282,-86,764,1098,1403
1048,-529,-487,-24,1021,1029,245,1290,-71,779,1102,1406
1031,-513,-485,-17,1007,1007,248,1296,-58,793,1107,1408
1012,-492,-488,-4,994,981,251,1299,-44,810,1113,1410
994,-469,-494,14,984,954,254,1302,-31,827,1120,1413
980,-447,-505,35,981,931,255,1308,-15,838,1129,1421
964,-429,-509,48,971,909,249,1311,-1,845,1136,1432
947,-410,-516,65,963,887,235,1313,11,852,1143,1446
932,-387,-529,87,961,864,213,1312,21,860,1147,1460
917,-363,-542,112,959,840,184,1304,29,871,1149,1475
904,-346,-553,131,958,824,145,1290,30,874,1151,1494
894,-331,-563,147,958,810,101,1274,29,878,1152,1516
881,-320,-568,159,954,798,55,1257,27,885,1153,1540
871,-309,-575,172,953,788,11,1237,27,896,1159,1567
865,-299,-583,184,955,781,-36,1215,22,906,1164,1591
857,-291,-588,195,955,774,-85,1188,14,914,1169,1613
848,-281,-594,206,955,766,-134,1159,5,922,1174,1635
840,-273,-596,214,953,758,-189,1126,-11,926,1178,1655
836,-268,-602,222,956,756,-240,1095,-27,936,1183,1673
832,-267,-600,222,954,756,-288,1063,-45,948,1189,1689
828,-269,-595,218,950,757,-332,1033,-61,960,1195,1705
831,-269,-599,222,957,760,-373,1006,-75,977,1201,1721
836,-268,-606,228,967,764,-414,978,-87,994,1207,1739
840,-268,-609,230,973,767,-456,948,-97,1011,1211,1754
843,-271,-607,226,976,771,-501,916,-107,1026,1212,1767
846,-277,-602,218,976,777,-543,881,-116,1042,1214,1777
859,-283,-606,217,988,789,-577,850,-118,1067,1223,1787
875,-288,-613,217,1004,801,-612,818,-119,1087,1234,1797
892,-290,-624,221,1023,812,-650,781,-121,1101,1246,1807
910,-286,-640,233,1045,818,-691,743,-122,1116,1259,1816
931,-277,-665,254,1075,822,-728,705,-121,1133,1272,1823
950,-266,-690,275,1103,825,-765,664,-123,1148,1283,1825
967,-253,-714,298,1129,823,-802,622,-127,1161,1293,1824
981,-242,-733,315,1149,821,-839,578,-133,1167,1302,1823
995,-236,-748,327,1166,822,-875,530,-141,1162,1307,1824
1010,-232,-762,337,1184,826,-907,480,-152,1157,1309,1823
1023,-229,-774,345,1198,829,-939,428,-165,1149,1308,1818
1034,-224,-786,355,1210,828,-962,376,-179,1142,1305,1808
1037,-219,-793,362,1215,824,-983,322,-197,1129,1297,1794
1039,-210,-803,373,1220,816,-1002,272,-214,1119,1289,1780
1039,-198,-814,388,1225,805,-1020,222,-232,1107,1280,1762
1032,-189,-816,396,1220,793,-1038,168,-253,1089,1269,1740
1025,-184,-816,400,1214,783,-1054,110,-278,1067,1256,1714
1022,-183,-816,401,1210,780,-1067,51,-304,1045,1244,1688
1019,-183,-816,403,1207,777,-1074,-6,-328,1025,1234,1662
1017,-184,-816,404,1205,778,-1080,-60,-349,1002,1224,1636
1010,-197,-800,387,1189,783,-1092,-117,-375,971,1207,1610
1001,-217,-775,360,1167,793,-1109,-176,-405,936,1185,1581
993,-242,-746,326,1143,808,-1124,-236,-436,902,1161,1553
987,-268,-718,294,1121,825,-1136,-295,-465,869,1136,1525
984,-295,-693,262,1103,845,-1148,-354,-494,835,1110,1498
987,-318,-677,239,1096,867,-1156,-409,-519,804,1084,1475
996,-337,-670,224,1098,891,-1159,-456,-539,780,1058,1457
1005,-349,-671,220,1107,910,-1160,-495,-554,766,1036,1444
1017,-359,-675,218,1121,930,-1159,-528,-565,757,1020,1433
1032,-369,-683,218,1139,952,-1155,-555,-569,752,1007,1425
1052,-375,-699,226,1165,975,-1146,-575,-568,752,997,1421
1074,-381,-718,236,1195,997,-1136,-589,-566,750,991,1422
1098,-382,-743,252,1231,1018,-1120,-595,-559,760,990,1429
1121,-380,-767,269,1265,1035,-1100,-598,-549,772,992,1436
1141,-381,-787,282,1295,1052,-1083,-597,-537,787,995,1443
1166,-385,-809,294,1328,1072,-1067,-592,-522,802,1003,1451
1192,-392,-827,300,1360,1096,-1055,-587,-508,812,1013,1459
1218,-406,-839,298,1387,1123,-1048,-583,-497,815,1021,1464
1242,-425,-843,287,1407,1151,-1048,-584,-488,814,1029,1467
1257,-443,-839,270,1416,1172,-1053,-589,-480,812,1036,1468
1275,-455,-843,264,1431,1190,-1057,-592,-469,818,1046,1469
1290,-461,-850,263,1446,1202,-1064,-597,-458,816,1053,1464
1304,-464,-859,265,1460,1210,-1074,-602,-451,806,1053,1455
1312,-462,-866,270,1470,1211,-1086,-608,-443,794,1050,1442
1315,-456,-873,276,1475,1205,-1095,-616,-434,784,1047,1425
1310,-445,-876,284,1471,1190,-1107,-626,-427,772,1040,1403
1300,-427,-880,297,1465,1168,-1121,-636,-422,758,1033,1381
1288,-408,-884,311,1456,1142,-1135,-644,-416,747,1026,1361
1275,-388,-886,324,1446,1116,-1153,-654,-409,737,1017,1340
1266,-372,-889,336,1438,1094,-1171,-664,-398,732,1007,1322
1257,-357,-891,346,1429,1073,-1188,-671,-383,730,995,1307
1249,-343,-895,358,1423,1054,-1198,-676,-365,740,983,1294
1236,-328,-893,366,1409,1031,-1209,-684,-350,745,967,1281
1224,-311,-895,378,1399,1007,-1224,-692,-340,745,949,1267
1211,-291,-900,395,1391,982,-1242,-704,-334,742,926,1251
1190,-269,-899,410,1373,950,-1265,-719,-330,732,900,1231
1164,-243,-899,427,1353,913,-1289,-738,-326,720,871,1208
1140,-216,-900,446,1336,876,-1313,-759,-324,709,841,1183
1113,-187,-904,469,1319,838,-1339,-780,-321,696,809,1157
1084,-157,-905,490,1299,798,-1366,-801,-318,676,779,1132
1044,-132,-892,499,1263,755,-1400,-824,-317,645,749,1107
1001,-110,-874,503,1223,712,-1436,-848,-316,610,719,1080
960,-92,-854,502,1182,675,-1471,-872,-312,579,693,1054
922,-79,-832,497,1142,643,-1502,-893,-306,552,669,1028
880,-70,-806,487,1098,611,-1534,-910,-298,526,644,1005
840,-62,-778,475,1054,583,-1563,-927,-289,500,618,985
800,-61,-744,455,1007,558,-1592,-944,-282,471,589,965
761,-59,-712,436,962,535,-1621,-962,-280,440,562,945
726,-56,-684,421,922,513,-1649,-978,-280,410,537,928
693,-48,-665,415,891,489,-1675,-991,-278,385,513,914
664,-32,-655,420,868,463,-1694,-998,-273,369,492,901
634,-17,-644,424,843,436,-1715,-1001,-268,353,471,895
606,0,-635,430,822,410,-1729,-1002,-261,342,451,894
577,15,-623,432,798,384,-1742,-1003,-257,329,428,892
547,29,-608,431,770,357,-1756,-1001,-255,317,401,890
520,42,-594,431,746,333,-1764,-992,-251,310,379,890
495,51,-577,424,719,312,-1769,-984,-249,305,356,891
469,54,-552,409,688,294,-1772,-980,-250,297,330,890
441,55,-523,389,653,277,-1777,-982,-258,285,304,886
411,54,-489,365,612,258,-1782,-988,-267,274,276,881
387,56,-463,348,580,242,-1781,-994,-273,266,252,875
366,55,-437,328,550,229,-1785,-1004,-280,254,230,864
346,52,-411,307,520,217,-1788,-1014,-290,238,210,853
328,51,-386,288,492,204,-1789,-1024,-300,221,189,839
310,54,-368,277,468,189,-1785,-1039,-306,207,167,821
293,62,-353,271,446,171,-1785,-1058,-313,189,144,799
278,74,-346,272,431,151,-1786,-1079,-320,169,120,777
265,87,-341,276,418,131,-1785,-1103,-326,150,95,755
252,100,-338,281,405,111,-1779,-1129,-328,136,70,735
244,112,-338,288,399,96,-1772,-1155,-325,125,48,716
242,122,-342,297,399,85,-1764,-1180,-319,116,27,697
246,135,-356,314,408,76,-1747,-1200,-304,122,11,682
247,145,-366,327,414,68,-1728,-1217,-283,130,-7,669
250,152,-375,339,420,61,-1706,-1227,-258,141,-21,660
251,156,-380,345,422,56,-1680,-1232,-228,158,-32,652
246,155,-375,342,414,52,-1655,-1237,-197,173,-46,643
240,151,-368,336,403,48,-1630,-1240,-165,187,-60,632
236,147,-363,331,395,46,-1601,-1238,-133,205,-74,620
234,141,-359,327,390,47,-1569,-1234,-99,226,-83,608
233,132,-355,320,387,52,-1540,-1232,-67,240,-89,593
226,115,-336,299,370,59,-1519,-1234,-41,241,-101,573
217,94,-312,271,347,67,-1500,-1233,-19,238,-114,554
209,69,-286,239,325,80,-1481,-1231,0,235,-127,534
203,43,-260,207,305,93,-1458,-1228,18,234,-140,515
195,17,-233,174,283,107,-1436,-1221,38,231,-154,500
193,-10,-210,143,267,125,-1412,-1209,59,235,-166,490
194,-36,-190,113,256,145,-1384,-1194,79,241,-174,486
196,-56,-177,92,250,161,-1353,-1178,97,244,-181,482
196,-71,-165,76,243,173,-1323,-1164,118,245,-189,478
190,-82,-151,60,231,176,-1293,-1150,140,247,-199,472
181,-88,-138,48,217,176,-1260,-1137,162,247,-207,464
171,-95,-121,32,201,175,-1230,-1126,182,238,-219,457
164,-101,-107,18,188,175,-1202,-1115,200,227,-229,449
154,-109,-87,-1,169,175,-1180,-1108,216,214,-240,440
144,-122,-62,-26,146,178,-1164,-1105,227,199,-253,430
138,-133,-41,-49,129,183,-1146,-1103,237,188,-267,421
135,-144,-22,-70,114,190,-1126,-1101,248,178,-282,413
130,-157,0,-94,97,197,-1104,-1101,258,165,-298,404
123,-170,25,-121,75,203,-1088,-1102,266,147,-316,394
114,-185,55,-152,49,208,-1073,-1107,269,134,-338,382
106,-192,75,-172,30,209,-1055,-1111,276,132,-355,372
96,-195,93,-188,10,206,-1036,-1115,284,127,-372,360
87,-194,107,-199,-6,201,-1022,-1123,290,114,-390,345
78,-191,118,-206,-21,193,-1008,-1133,295,101,-408,329
66,-183,127,-208,-36,181,-993,-1145,302,95,-425,312
51,-173,136,-209,-55,164,-981,-1160,308,84,-442,291
34,-164,147,-211,-75,146,-970,-1175,314,75,-457,270
17,-157,160,-218,-97,130,-960,-1191,319,68,-472,250
0,-152,174,-225,-120,114,-949,-1208,326,61,-488,233
-17,-144,183,-227,-139,97,-937,-1227,333,55,-502,218
-30,-135,189,-227,-154,80,-926,-1246,337,45,-517,204
-40,-124,188,-220,-162,64,-914,-1267,342,42,-530,190
-53,-118,194,-220,-176,49,-909,-1292,341,35,-545,172
-64,-112,198,-219,-188,34,-909,-1318,340,25,-557,154
-73,-111,204,-222,-199,24,-908,-1345,337,13,-571,134
-84,-113,215,-231,-216,15,-908,-1374,330,0,-588,112
-96,-111,222,-235,-230,3,-906,-1404,322,-9,-606,90
-107,-105,224,-231,-240,-12,-901,-1432,318,-15,-623,68
-115,-96,220,-222,-244,-26,-891,-1457,314,-22,-640,44
-120,-89,215,-212,-243,-36,-883,-1482,309,-35,-658,17
-133,-89,223,-217,-257,-47,-885,-1514,297,-58,-681,-13
-151,-90,238,-227,-279,-59,-891,-1548,282,-80,-707,-44
-170,-93,256,-240,-302,-70,-896,-1583,266,-97,-733,-74
-187,-96,273,-252,-323,-80,-902,-1616,252,-112,-757,-99
-203,-99,288,-263,-343,-89,-911,-1651,236,-130,-779,-122
-219,-99,300,-269,-359,-100,-926,-1689,217,-152,-802,-145
-234,-99,312,-277,-375,-109,-943,-1729,198,-173,-825,-170
-242,-104,321,-285,-384,-111,-957,-1766,179,-191,-847,-192
-251,-106,330,-292,-393,-113,-968,-1799,161,-209,-866,-211
-264,-104,340,-296,-406,-122,-977,-1827,143,-224,-883,-225
-276,-101,348,-298,-417,-132,-986,-1853,125,-241,-899,-237
-288,-99,357,-303,-429,-140,-999,-1878,106,-260,-914,-247
-298,-93,361,-301,-436,-148,-1011,-1901,90,-275,-924,-256
-309,-86,366,-300,-445,-159,-1021,-1923,74,-286,-933,-266
-322,-79,374,-300,-457,-170,-1031,-1944,59,-293,-941,-272
-330,-70,374,-294,-461,-179,-1040,-1964,48,-297,-947,-274
-334,-63,373,-289,-462,-185,-1050,-1984,39,-300,-949,-274
-342,-58,378,-288,-469,-191,-1057,-2003,31,-301,-948,-274
-353,-55,389,-293,-483,-199,-1063,-2024,22,-303,-948,-274
-364,-54,401,-300,-498,-206,-1069,-2049,12,-303,-951,-274
-365,-49,400,-295,-498,-208,-1071,-2068,9,-293,-948,-271
-363,-41,394,-285,-492,-212,-1069,-2084,8,-281,-944,-269
-363,-27,383,-269,-486,-220,-1068,-2100,8,-272,-941,-269
-363,-12,372,-251,-478,-228,-1066,-2116,7,-265,-938,-272
-361,4,358,-230,-468,-238,-1063,-2133,6,-255,-933,-276
-360,20,345,-211,-460,-247,-1058,-2149,7,-248,-926,-280
-357,33,333,-194,-451,-253,-1050,-2166,11,-240,-919,-283
-352,42,323,-181,-442,-256,-1042,-2184,16,-236,-913,-285
-347,47,316,-173,-435,-255,-1034,-2203,23,-229,-907,-284
-340,47,311,-169,-428,-251,-1026,-2219,30,-222,-901,-283
-334,43,311,-172,-425,-245,-1022,-2232,33,-219,-897,-282
-324,37,310,-175,-419,-236,-1014,-2247,41,-213,-892,-281
-316,25,315,-187,-418,-224,-1005,-2263,47,-213,-889,-282
-308,13,321,-199,-418,-212,-997,-2278,56,-209,-885,-279
-301,-1,327,-213,-417,-201,-989,-2295,66,-202,-881,-275
-298,-14,337,-229,-423,-192,-989,-2318,71,-204,-880,-276
-296,-25,344,-242,-426,-186,-992,-2342,73,-211,-879,-278
-294,-29,344,-246,-425,-185,-993,-2366,76,-215,-876,-277
-291,-26,335,-239,-416,-187,-991,-2390,79,-217,-872,-277
-285,-22,321,-229,-402,-187,-989,-2409,86,-219,-865,-274
-282,-22,313,-225,-394,-187,-991,-2430,91,-225,-862,-270
-277,-24,305,-223,-383,-184,-995,-2452,98,-228,-857,-265
-271,-25,295,-218,-372,-181,-1001,-2474,106,-224,-852,-260
-268,-26,288,-215,-363,-179,-1004,-2495,117,-218,-847,-254
-267,-29,285,-216,-359,-177,-1010,-2514,129,-221,-844,-245
-269,-31,283,-218,-358,-177,-1018,-2531,140,-224,-842,-232
-275,-33,285,-221,-362,-179,-1024,-2547,149,-225,-842,-218
-279,-33,286,-222,-365,-181,-1029,-2563,158,-225,-844,-207
-284,-30,284,-219,-366,-184,-1038,-2580,165,-227,-848,-199
-291,-27,283,-216,-370,-189,-1048,-2597,172,-228,-851,-192
-298,-23,284,-213,-375,-195,-1061,-2613,179,-230,-852,-183
-310,-20,292,-215,-388,-202,-1082,-2631,181,-240,-853,-175
-317,-18,297,-216,-397,-205,-1102,-2650,181,-247,-853,-169
-324,-18,305,-220,-408,-207,-1121,-2669,179,-255,-856,-166
-330,-16,312,-222,-418,-210,-1139,-2684,179,-260,-855,-161
-333,-6,308,-210,-418,-215,-1154,-2693,180,-258,-847,-152
-332,6,299,-195,-414,-220,-1173,-2702,181,-255,-836,-145
-330,18,290,-179,-409,-225,-1194,-2711,180,-251,-827,-137
-330,29,285,-166,-408,-231,-1214,-2721,177,-249,-818,-128
-331,35,287,-161,-412,-234,-1231,-2728,172,-241,-812,-119
-324,42,280,-150,-406,-234,-1240,-2728,170,-224,-801,-108
-315,47,274,-141,-398,-230,-1247,-2728,171,-211,-791,-101
-308,51,270,-135,-392,-228,-1254,-2727,173,-206,-778,-94
-303,54,268,-130,-390,-227,-1261,-2726,176,-202,-765,-89
-299,60,265,-123,-387,-230,-1266,-2723,182,-194,-754,-88
-296,66,263,-117,-385,-233,-1273,-2717,188,-190,-746,-91
-294,74,257,-109,-381,-238,-1281,-2708,197,-187,-739,-96
-294,83,252,-100,-379,-246,-1293,-2697,210,-182,-732,-101
-297,93,249,-92,-378,-256,-1303,-2682,227,-172,-726,-106
-299,101,245,-86,-376,-265,-1311,-2661,250,-158,-721,-109
-304,109,244,-82,-379,-276,-1317,-2637,277,-140,-714,-113
-308,122,236,-70,-375,-289,-1315,-2606,315,-111,-705,-122
-313,135,226,-58,-371,-302,-1305,-2564,361,-79,-700,-138
-314,149,211,-41,-360,-314,-1290,-2512,416,-46,-699,-160
-315,163,196,-25,-348,-324,-1272,-2449,476,-14,-701,-190
-323,171,192,-20,-349,-336,-1254,-2382,538,13,-706,-227
-334,176,193,-20,-356,-348,-1231,-2306,603,38,-712,-268
-345,182,193,-18,-360,-358,-1203,-2221,673,67,-716,-311
-353,190,188,-12,-360,-368,-1172,-2131,745,98,-720,-357
-365,199,184,-6,-362,-381,-1140,-2036,817,127,-724,-404
-386,203,194,-11,-381,-396,-1116,-1944,884,150,-732,-453
-407,202,209,-23,-402,-407,-1097,-1853,951,177,-739,-499
-426,197,226,-39,-424,-414,-1075,-1759,1020,211,-744,-540
-440,189,243,-57,-443,-416,-1050,-1658,1093,253,-747,-576
-449,175,259,-76,-457,-411,-1021,-1549,1172,296,-746,-603
-448,162,266,-89,-460,-400,-984,-1432,1257,347,-741,-622
-440,149,267,-98,-454,-385,-938,-1304,1352,411,-729,-632
-422,135,259,-100,-437,-363,-881,-1164,1459,494,-707,-632
-397,124,242,-94,-409,-338,-816,-1013,1579,597,-669,-620
-366,115,219,-82,-373,-311,-745,-857,1710,715,-616,-593
-331,112,186,-60,-328,-285,-667,-697,1857,855,-545,-549
-297,115,152,-33,-284,-264,-590,-534,2013,1008,-460,-489
-258,120,109,2,-232,-242,-512,-370,2180,1174,-359,-415
-215,125,65,38,-176,-218,-436,-214,2350,1348,-244,-331
-170,131,18,76,-117,-193,-366,-63,2521,1531,-118,-233
-120,141,-38,123,-49,-168,-300,85,2696,1722,22,-119
-69,151,-94,171,20,-143,-238,224,2874,1922,175,11
-15,160,-153,219,92,-115,-180,350,3053,2134,339,154
44,171,-217,272,171,-85,-125,468,3232,2357,515,310
105,185,-287,331,257,-57,-71,581,3415,2597,704,482
176,205,-373,405,359,-26,-17,695,3606,2857,913,673
247,227,-462,480,464,5,31,803,3800,3129,1138,881
315,250,-549,555,565,32,69,903,3997,3415,1380,1108
381,278,-640,636,669,56,99,996,4197,3709,1638,1355
448,312,-739,726,779,76,126,1087,4405,4018,1915,1625
518,351,-846,823,897,96,154,1182,4620,4341,2210,1918
598,388,-961,925,1026,123,181,1275,4834,4670,2520,2230
683,422,-1081,1027,1163,157,208,1359,5043,4994,2845,2558
774,454,-1205,1130,1308,197,235,1430,5243,5316,3181,2901
878,483,-1339,1237,1467,247,257,1477,5426,5627,3524,3255
997,504,-1481,1344,1643,313,267,1495,5586,5923,3875,3619
1136,519,-1638,1457,1842,396,272,1476,5723,6213,4234,3993
1289,522,-1798,1563,2053,497,263,1408,5824,6481,4594,4375
1457,516,-1964,1667,2279,614,240,1287,5889,6735,4960,4767
1637,504,-2137,1771,2517,744,199,1106,5919,6972,5334,5169
1821,487,-2309,1872,2758,879,137,857,5911,7198,5716,5585
2015,469,-2489,1976,3010,1022,53,545,5871,7426,6118,6025
2224,448,-2681,2087,3280,1177,-53,169,5800,7654,6539,6488
2448,424,-2885,2204,3569,1344,-176,-265,5700,7879,6980,6974
2683,397,-3096,2323,3870,1521,-317,-748,5566,8092,7436,7480
2918,360,-3297,2430,4163,1705,-481,-1285,5390,8280,7895,8001
3158,319,-3497,2533,4459,1895,-668,-1869,5176,8444,8352,8534
3402,275,-3698,2635,4758,2089,-872,-2490,4932,8592,8813,9080
3652,230,-3903,2740,5063,2289,-1092,-3144,4667,8737,9284,9644
3907,186,-4113,2851,5376,2491,-1331,-3829,4378,8875,9763,10228
4174,144,-4336,2971,5703,2699,-1588,-4543,4068,9013,10253,10836
4452,98,-4567,3095,6044,2918,-1861,-5284,3738,9155,10754,11468
4743,52,-4808,3225,6398,3144,-2148,-6045,3394,9297,11271,12124
5041,6,-5057,3362,6763,3376,-2450,-6820,3040,9441,11802,12804
5349,-42,-5313,3502,7138,3615,-2765,-7606,2678,9594,12350,13508
5666,-93,-5576,3645,7524,3861,-3087,-8394,2315,9754,12913,14233
5993,-152,-5839,3782,7914,4119,-3420,-9178,1946,9912,13486,14979
6332,-220,-6107,3918,8317,4391,-3756,-9954,1577,10074,14069,15736
6681,-295,-6377,4050,8727,4674,-4097,-10726,1205,10232,14658,16500
7031,-369,-6649,4184,9139,4956,-4447,-11494,829,10381,15249,17269
7376,-433,-6928,4329,9552,5227,-4800,-12254,450,10520,15837,18038
7703,-482,-7203,4481,9950,5477,-5156,-13002,63,10645,16413,18797
8007,-521,-7466,4632,10325,5703,-5515,-13740,-332,10754,16973,19544
8293,-556,-7715,4775,10678,5915,-5880,-14469,-737,10840,17514,20274
8562,-589,-7948,4909,11009,6114,-6248,-15188,-1150,10907,18031,20982
8830,-622,-8181,5042,11340,6312,-6606,-15886,-1562,10967,18529,21667
9095,-663,-8405,5163,11663,6513,-6954,-16562,-1967,11014,19008,22326
9364,-718,-8618,5269,11982,6724,-7292,-17215,-2370,11043,19467,22959
9634,-789,-8818,5354,12292,6947,-7617,-17847,-2770,11054,19899,23558
9894,-868,-9000,5422,12584,7169,-7933,-18463,-3169,11046,20297,24116
10138,-955,-9160,5471,12851,7386,-8243,-19066,-3571,11011,20654,24625
10358,-1038,-9299,5507,13089,7585,-8550,-19659,-3980,10941,20962,25077
10545,-1111,-9417,5537,13291,7754,-8852,-20235,-4397,10830,21212,25463
10690,-1168,-9508,5560,13447,7886,-9141,-20792,-4828,10673,21396,25773
10786,-1208,-9568,5573,13550,7973,-9415,-21326,-5269,10465,21512,26002
10828,-1229,-9592,5575,13593,8013,-9678,-21840,-5720,10208,21555,26149
10811,-1222,-9587,5577,13578,7995,-9927,-22335,-6179,9914,21531,26209
10724,-1185,-9542,5571,13491,7912,-10171,-22809,-6649,9575,21435,26184
10574,-1117,-9463,5565,13338,7766,-10413,-23260,-7124,9203,21273,26072
10367,-1027,-9350,5550,13125,7568,-10655,-23685,-7602,8794,21040,25867
10104,-923,-9196,5517,12848,7325,-10902,-24084,-8084,8342,20725,25559
9798,-805,-9011,5473,12521,7043,-11150,-24446,-8554,7864,20335,25147
9454,-673,-8802,5423,12154,6728,-11397,-24763,-9002,7380,19885,24642
9083,-535,-8573,5364,11756,6392,-11641,-25031,-9416,6905,19388,24059
8690,-397,-8322,5291,11328,6041,-11883,-25244,-9796,6436,18848,23401
8268,-262,-8037,5192,10858,5673,-12117,-25401,-10141,5981,18271,22675
7822,-130,-7726,5076,10356,5292,-12339,-25497,-10443,5547,17664,21892
7360,2,-7398,4948,9831,4900,-12540,-25532,-10705,5125,17025,21058
6884,136,-7059,4815,9290,4498,-12719,-25511,-10932,4705,16354,20176
6398,271,-6710,4675,8735,4087,-12875,-25430,-11126,4279,15651,19251
5907,406,-6356,4533,8173,3673,-13003,-25295,-11293,3844,14916,18283
5414,541,-5999,4388,7608,3258,-13104,-25116,-11443,3384,14138,17269
4925,676,-5646,4246,7048,2845,-13181,-24898,-11585,2888,13316,16218
4447,806,-5299,4104,6499,2441,-13237,-24648,-11722,2343,12450,15140
3987,924,-4956,3956,5964,2058,-13272,-24371,-11855,1756,11543,14040
3548,1027,-4620,3803,5448,1698,-13283,-24063,-11980,1140,10603,12930
3132,1114,-4288,3640,4950,1364,-13274,-23728,-12099,492,9633,11816
2748,1183,-3971,3475,4483,1063,-13234,-23363,-12209,-176,8640,10702
2394,1231,-3662,3301,4040,796,-13161,-22970,-12306,-857,7630,9590
2069,1257,-3360,3116,3622,562,-13060,-22551,-12389,-1545,6607,8486
1774,1265,-3069,2925,3230,360,-12928,-22106,-12453,-2234,5577,7396
1503,1255,-2782,2724,2858,186,-12764,-21637,-12501,-2920,4547,6324
1250,1227,-2496,2510,2497,36,-12571,-21149,-12530,-3584,3532,5282
1019,1183,-2214,2289,2154,-90,-12352,-20639,-12535,-4210,2547,4281
813,1124,-1942,2063,1835,-189,-12109,-20110,-12513,-4780,1600,3325
639,1060,-1695,1850,1553,-264,-11831,-19558,-12451,-5285,707,2427
486,994,-1468,1649,1298,-323,-11529,-18985,-12349,-5729,-130,1591
349,929,-1258,1460,1066,-374,-11207,-18395,-12213,-6118,-907,818
226,866,-1063,1284,854,-416,-10868,-17792,-12044,-6444,-1621,110
115,808,-885,1122,661,-453,-10514,-17180,-11838,-6700,-2267,-533
10,755,-718,971,480,-489,-10152,-16563,-11599,-6891,-2846,-1112
-87,706,-564,831,313,-523,-9789,-15949,-11335,-7026,-3356,-1628
-175,659,-422,702,160,-553,-9429,-15338,-11050,-7110,-3800,-2080
-259,621,-292,587,17,-585,-9075,-14732,-10746,-7149,-4180,-2473
-340,592,-178,490,-112,-622,-8730,-14135,-10427,-7151,-4497,-2812
-418,572,-77,408,-230,-663,-8392,-13546,-10094,-7110,-4755,-3097
-486,561,6,345,-330,-703,-8053,-12970,-9747,-7022,-4956,-3333
-550,548,83,286,-422,-740,-7719,-12407,-9392,-6903,-5108,-3525
-606,538,147,237,-501,-773,-7393,-11856,-9032,-6756,-5219,-3677
-652,526,203,194,-568,-798,-7074,-11322,-8670,-6590,-5290,-3794
-692,507,257,148,-629,-813,-6765,-10806,-8312,-6415,-5330,-3884
-724,486,304,106,-680,-823,-6462,-10305,-7956,-6227,-5342,-3948
-749,464,342,70,-721,-826,-6162,-9817,-7601,-6024,-5330,-3988
-766,440,374,37,-753,-823,-5865,-9340,-7251,-5814,-5297,-4007
-777,411,402,4,-778,-811,-5579,-8876,-6910,-5607,-5244,-4011
-789,375,438,-38,-809,-794,-5309,-8430,-6586,-5411,-5182,-4004
-800,336,475,-84,-840,-774,-5048,-7997,-6277,-5221,-5115,-3987
-809,294,512,-131,-870,-751,-4795,-7579,-5983,-5033,-5042,-3964
-814,250,548,-179,-897,-723,-4546,-7176,-5702,-4851,-4965,-3938
-816,202,586,-231,-924,-690,-4306,-6790,-5434,-4681,-4889,-3907
-818,155,620,-280,-947,-657,-4073,-6419,-5180,-4521,-4814,-3872
-821,111,655,-328,-973,-627,-3846,-6063,-4940,-4365,-4735,-3831
-819,68,686,-374,-993,-593,-3626,-5718,-4709,-4212,-4654,-3786
-814,26,713,-417,-1008,-557,-3414,-5384,-4492,-4067,-4571,-3739
-808,-14,739,-458,-1022,-524,-3209,-5065,-4286,-3933,-4491,-3692
-803,-50,763,-497,-1036,-493,-3012,-4760,-4091,-3805,-4413,-3643
-800,-82,788,-535,-1052,-466,-2829,-4468,-3910,-3690,-4339,-3594
-795,-110,808,-568,-1063,-440,-2651,-4188,-3739,-3579,-4263,-3543
-790,-139,831,-605,-1077,-414,-2477,-3920,-3581,-3475,-4190,-3494
-786,-167,857,-644,-1092,-388,-2307,-3663,-3432,-3380,-4120,-3447
-776,-192,875,-676,-1099,-362,-2139,-3414,-3287,-3284,-4053,-3400
-764,-215,893,-708,-1104,-336,-1969,-3175,-3149,-3187,-3991,-3357
-758,-235,914,-740,-1115,-316,-1803,-2946,-3020,-3090,-3930,-3315
-757,-250,938,-771,-1132,-304,-1642,-2728,-2898,-2994,-3871,-3273
-758,-259,960,-797,-1149,-298,-1486,-2523,-2784,-2899,-3816,-3233
-751,-261,968,-810,-1151,-292,-1326,-2323,-2674,-2805,-3761,-3195
-744,-257,971,-816,-1150,-290,-1168,-2135,-2574,-2719,-3711,-3164
-740,-250,974,-820,-1150,-294,-1017,-1959,-2481,-2644,-3666,-3140
-738,-241,979,-823,-1153,-300,-869,-1795,-2394,-2582,-3625,-3120
-737,-230,982,-823,-1155,-309,-724,-1647,-2313,-2523,-3589,-3107
-738,-218,986,-823,-1160,-320,-582,-1509,-2238,-2467,-3558,-3097
-740,-206,989,-822,-1164,-334,-442,-1380,-2164,-2410,-3529,-3087
-743,-193,993,-820,-1169,-348,-303,-1257,-2093,-2355,-3503,-3078
-743,-184,995,-820,-1171,-358,-163,-1139,-2023,-2300,-3478,-3070
-741,-178,997,-820,-1171,-364,-27,-1029,-1953,-2244,-3454,-3064
-741,-174,1001,-821,-1173,-372,103,-926,-1882,-2191,-3432,-3062
-739,-171,1003,-822,-1173,-378,230,-832,-1813,-2140,-3413,-3064
-741,-173,1011,-829,-1180,-383,344,-746,-1749,-2102,-3402,-3074
-745,-175,1019,-836,-1187,-388,449,-666,-1684,-2063,-3396,-3086
-753,-176,1028,-841,-1198,-397,548,-593,-1617,-2023,-3395,-3098
-771,-174,1042,-847,-1217,-415,638,-527,-1549,-1987,-3396,-3113
-791,-166,1048,-843,-1234,-438,722,-464,-1478,-1952,-3397,-3128
-811,-150,1047,-829,-1245,-466,799,-403,-1402,-1916,-3396,-3143
-830,-132,1039,-808,-1251,-494,866,-346,-1323,-1882,-3394,-3158
-847,-115,1029,-786,-1254,-520,922,-293,-1246,-1859,-3391,-3174
-869,-108,1032,-779,-1268,-541,963,-249,-1174,-1844,-3391,-3188
-892,-104,1040,-777,-1287,-560,995,-209,-1104,-1826,-3393,-3201
-918,-100,1048,-776,-1307,-581,1024,-170,-1033,-1800,-3393,-3211
-947,-95,1058,-775,-1331,-604,1049,-135,-961,-1774,-3392,-3218
-975,-92,1070,-777,-1357,-624,1067,-99,-893,-1756,-3393,-3221
-1002,-89,1081,-779,-1381,-643,1080,-65,-827,-1742,-3391,-3221
-1030,-86,1092,-781,-1405,-663,1088,-33,-768,-1731,-3391,-3219
-1058,-78,1100,-779,-1428,-684,1095,1,-715,-1721,-3389,-3216
-1083,-70,1105,-774,-1447,-703,1103,35,-668,-1710,-3387,-3215
-1111,-58,1112,-769,-1470,-728,1108,66,-633,-1702,-3385,-3218
-1142,-43,1120,-763,-1495,-755,1111,95,-608,-1698,-3382,-3222
-1178,-31,1137,-766,-1530,-783,1108,120,-592,-1704,-3377,-3223
-1211,-20,1155,-770,-1564,-808,1103,143,-579,-1709,-3371,-3224
-1243,-13,1177,-781,-1601,-830,1098,163,-567,-1711,-3362,-3226
-1275,-5,1201,-792,-1639,-852,1094,185,-554,-1705,-3351,-3224
-1299,8,1212,-792,-1663,-872,1094,210,-540,-1690,-3336,-3217
-1316,23,1218,-787,-1679,-888,1097,238,-524,-1673,-3316,-3208
-1332,38,1223,-783,-1695,-904,1102,263,-505,-1656,-3293,-3195
-1349,55,1229,-777,-1711,-922,1110,288,-484,-1637,-3270,-3180
-1364,71,1237,-774,-1728,-939,1123,313,-456,-1608,-3244,-3163
-1370,88,1233,-762,-1730,-950,1147,340,-418,-1568,-3212,-3145
-1371,105,1228,-750,-1729,-959,1174,361,-378,-1531,-3179,-3129
-1372,121,1223,-738,-1728,-968,1199,378,-336,-1498,-3147,-3115
-1375,136,1222,-730,-1730,-977,1223,393,-291,-1466,-3113,-3101
-1377,150,1220,-722,-1731,-986,1245,404,-242,-1429,-3080,-3089
-1377,165,1216,-711,-1729,-995,1268,414,-194,-1395,-3052,-3083
-1374,179,1210,-699,-1723,-1002,1294,424,-146,-1364,-3026,-3078
-1370,190,1205,-691,-1718,-1007,1323,433,-98,-1333,-3003,-3074
-1367,198,1203,-685,-1715,-1012,1353,443,-49,-1308,-2983,-3071
-1363,207,1198,-676,-1709,-1018,1385,456,-1,-1283,-2964,-3067
-1360,214,1194,-670,-1703,-1023,1417,469,46,-1260,-2946,-3065
-1352,223,1183,-657,-1690,-1027,1454,483,95,-1231,-2927,-3065
-1344,230,1172,-646,-1676,-1030,1489,496,140,-1208,-2910,-3064
-1333,234,1159,-635,-1660,-1030,1525,510,183,-1191,-2895,-3064
-1324,235,1150,-628,-1647,-1030,1563,526,226,-1175,-2882,-3064
-1324,233,1152,-630,-1647,-1033,1599,539,265,-1165,-2874,-3069
-1326,230,1154,-633,-1648,-1037,1634,553,300,-1161,-2866,-3075
-1324,227,1152,-633,-1645,-1038,1670,572,331,-1156,-2855,-3078
-1316,223,1144,-628,-1633,-1035,1711,595,359,-1147,-2841,-3081
-1309,220,1135,-623,-1621,-1032,1752,624,386,-1146,-2825,-3084
-1311,209,1142,-634,-1627,-1030,1788,654,410,-1154,-2813,-3089
-1316,194,1155,-651,-1639,-1026,1820,685,430,-1168,-2806,-3095
-1320,175,1170,-673,-1652,-1017,1851,721,447,-1181,-2800,-3101
-1325,156,1187,-696,-1667,-1010,1882,764,463,-1194,-2794,-3105
-1331,135,1206,-721,-1684,-1002,1910,810,476,-1214,-2789,-3107
-1334,113,1224,-747,-1700,-990,1934,861,489,-1237,-2787,-3112
-1342,95,1244,-771,-1719,-983,1957,913,501,-1262,-2786,-3121
-1354,83,1261,-789,-1740,-983,1978,969,513,-1288,-2787,-3130
-1368,79,1275,-800,-1761,-989,1998,1031,527,-1317,-2787,-3138
-1384,80,1285,-807,-1780,-998,2019,1095,542,-1348,-2787,-3145
-1398,84,1292,-807,-1796,-1009,2037,1163,560,-1379,-2787,-3153
-1415,89,1301,-810,-1816,-1020,2052,1236,580,-1418,-2783,-3162
-1429,94,1309,-811,-1832,-1029,2066,1313,606,-1451,-2775,-3169
-1440,94,1320,-818,-1849,-1034,2077,1392,639,-1481,-2765,-3174
-1453,95,1331,-824,-1867,-1039,2083,1475,677,-1510,-2752,-3176
-1463,98,1339,-827,-1881,-1043,2088,1560,721,-1536,-2734,-3175
-1468,92,1352,-839,-1895,-1039,2091,1646,768,-1562,-2713,-3172
-1477,82,1374,-860,-1917,-1033,2091,1730,817,-1590,-2692,-3170
-1489,67,1404,-889,-1947,-1027,2087,1812,866,-1618,-2672,-3170
-1503,54,1435,-918,-1978,-1024,2082,1890,916,-1641,-2652,-3173
-1506,48,1449,-930,-1990,-1019,2086,1970,970,-1657,-2626,-3174
-1504,48,1452,-931,-1992,-1015,2091,2048,1022,-1673,-2600,-3176
-1501,52,1451,-927,-1990,-1014,2095,2126,1073,-1692,-2574,-3178
-1497,57,1446,-921,-1984,-1012,2100,2200,1124,-1710,-2545,-3181
-1491,66,1436,-908,-1974,-1014,2106,2272,1175,-1721,-2513,-3184
-1483,77,1422,-892,-1958,-1015,2116,2339,1224,-1726,-2479,-3192
-1473,88,1406,-873,-1940,-1016,2128,2405,1272,-1728,-2443,-3197
-1464,98,1391,-857,-1922,-1018,2142,2470,1319,-1726,-2404,-3202
-1457,107,1379,-844,-1908,-1021,2158,2535,1361,-1720,-2363,-3207
-1451,117,1366,-830,-1894,-1026,2174,2595,1395,-1713,-2323,-3213
-1446,124,1356,-819,-1881,-1029,2191,2651,1420,-1709,-2285,-3219
-1441,131,1345,-808,-1867,-1034,2213,2704,1442,-1702,-2246,-3225
-1441,136,1340,-802,-1860,-1039,2237,2756,1458,-1696,-2213,-3237
-1438,140,1333,-795,-1850,-1043,2265,2808,1473,-1688,-2182,-3250
-1433,144,1322,-786,-1836,-1045,2297,2860,1486,-1675,-2154,-3260
-1432,148,1314,-778,-1826,-1050,2328,2908,1495,-1664,-2133,-3269
-1428,154,1301,-765,-1811,-1054,2362,2955,1499,-1653,-2114,-3278
-1423,160,1286,-751,-1795,-1057,2397,3000,1500,-1640,-2095,-3287
-1420,169,1270,-735,-1779,-1062,2437,3045,1502,-1623,-2077,-3292
-1421,180,1255,-717,-1767,-1072,2478,3093,1502,-1608,-2059,-3294
-1431,188,1251,-709,-1770,-1086,2516,3138,1494,-1602,-2046,-3294
-1443,197,1250,-702,-1775,-1101,2553,3181,1483,-1599,-2036,-3290
-1451,205,1246,-693,-1778,-1113,2591,3224,1471,-1590,-2030,-3285
-1460,213,1242,-685,-1781,-1124,2629,3266,1461,-1577,-2023,-3277
-1469,219,1241,-680,-1788,-1135,2662,3308,1452,-1564,-2020,-3268
-1475,224,1239,-674,-1791,-1142,2693,3348,1442,-1553,-2022,-3260
-1479,223,1239,-674,-1795,-1143,2721,3385,1430,-1548,-2027,-3251
-1478,219,1239,-675,-1796,-1140,2749,3421,1417,-1545,-2035,-3239
-1477,214,1240,-678,-1799,-1135,2773,3452,1401,-1543,-2048,-3228
-1478,206,1247,-687,-1807,-1129,2793,3479,1383,-1543,-2063,-3217
-1478,194,1257,-700,-1818,-1121,2816,3504,1368,-1539,-2079,-3206
-1483,179,1276,-722,-1837,-1113,2835,3530,1352,-1539,-2097,-3194
-1489,164,1297,-744,-1858,-1107,2853,3555,1336,-1532,-2114,-3184
-1496,148,1320,-769,-1882,-1101,2870,3580,1321,-1523,-2133,-3173
-1499,132,1339,-792,-1900,-1091,2891,3606,1311,-1514,-2149,-3159
-1491,120,1345,-803,-1901,-1078,2916,3635,1305,-1498,-2158,-3141
-1480,111,1345,-809,-1898,-1064,2945,3662,1301,-1477,-2165,-3122
-1473,102,1350,-818,-1898,-1053,2972,3688,1296,-1451,-2172,-3103
-1468,94,1355,-828,-1900,-1044,2996,3712,1290,-1428,-2178,-3085
-1466,89,1362,-836,-1904,-1039,3019,3733,1282,-1404,-2185,-3070
-1457,91,1355,-831,-1895,-1035,3050,3756,1275,-1370,-2187,-3055
-1447,96,1342,-820,-1880,-1032,3080,3778,1269,-1338,-2188,-3045
-1436,105,1326,-805,-1863,-1030,3110,3798,1259,-1309,-2191,-3036
-1427,115,1310,-789,-1846,-1032,3141,3814,1247,-1281,-2195,-3027
-1418,127,1294,-772,-1829,-1034,3177,3829,1234,-1247,-2196,-3021
-1414,137,1283,-760,-1818,-1038,3211,3840,1219,-1214,-2197,-3017
-1412,148,1273,-748,-1809,-1045,3240,3842,1202,-1182,-2199,-3015
-1413,159,1264,-737,-1802,-1053,3264,3833,1184,-1151,-2203,-3013
-1416,169,1260,-728,-1799,-1062,3282,3815,1164,-1123,-2211,-3013
-1417,174,1257,-724,-1796,-1067,3297,3793,1140,-1098,-2220,-3017
-1416,173,1258,-727,-1793,-1065,3307,3764,1110,-1080,-2229,-3021
-1411,172,1255,-726,-1785,-1061,3319,3728,1083,-1056,-2236,-3024
-1407,170,1254,-727,-1780,-1058,3326,3685,1056,-1033,-2242,-3027
-1401,168,1249,-726,-1770,-1053,3332,3637,1032,-1010,-2249,-3027
-1394,165,1244,-725,-1759,-1046,3337,3584,1007,-984,-2254,-3029
-1390,159,1246,-731,-1756,-1039,3335,3521,979,-964,-2264,-3035
-1388,155,1247,-733,-1753,-1036,3330,3458,953,-948,-2276,-3043
-1386,155,1243,-730,-1747,-1035,3329,3395,930,-930,-2286,-3053
-1384,158,1237,-723,-1739,-1036,3330,3331,912,-908,-2290,-3061
-1378,157,1230,-718,-1728,-1031,3325,3267,901,-891,-2293,-3069
-1379,149,1236,-727,-1731,-1026,3306,3199,889,-880,-2300,-3080
-1379,137,1247,-741,-1737,-1018,3278,3133,876,-870,-2310,-3091
-1379,124,1256,-754,-1740,-1008,3247,3067,866,-857,-2321,-3101
-1379,115,1262,-763,-1744,-1001,3214,3001,858,-840,-2333,-3110
-1382,109,1269,-770,-1749,-998,3175,2938,851,-822,-2345,-3117
-1384,102,1275,-777,-1754,-994,3133,2876,847,-803,-2358,-3121
-1387,95,1282,-785,-1760,-991,3087,2815,844,-786,-2373,-3122
-1392,92,1288,-790,-1767,-990,3042,2753,840,-768,-2388,-3125
-1398,87,1296,-797,-1776,-990,2993,2691,834,-750,-2405,-3130
-1406,81,1308,-808,-1791,-990,2940,2631,829,-734,-2424,-3135
-1417,76,1322,-821,-1808,-992,2884,2574,825,-721,-2443,-3140
-1428,70,1338,-835,-1828,-993,2822,2521,820,-716,-2462,-3143
-1434,70,1343,-838,-1838,-996,2763,2477,819,-707,-2478,-3144
-1439,74,1345,-837,-1845,-1000,2710,2439,824,-695,-2489,-3145
-1443,77,1346,-836,-1850,-1002,2661,2405,834,-683,-2496,-3147
-1443,80,1342,-832,-1851,-1003,2618,2378,850,-671,-2497,-3146
-1441,80,1341,-832,-1852,-999,2581,2355,871,-662,-2495,-3147
-1440,77,1346,-839,-1857,-995,2548,2334,897,-657,-2494,-3150
-1439,69,1355,-851,-1866,-988,2514,2312,920,-653,-2495,-3157
-1438,57,1368,-870,-1878,-978,2481,2286,944,-649,-2500,-3168
-1433,48,1375,-882,-1882,-968,2455,2264,975,-644,-2502,-3177
-1429,38,1384,-896,-1888,-959,2435,2246,1009,-638,-2501,-3186
-1424,31,1389,-906,-1892,-952,2417,2232,1043,-635,-2499,-3197
-1416,30,1386,-907,-1886,-946,2400,2220,1080,-633,-2496,-3207
-1404,35,1373,-896,-1872,-944,2388,2213,1118,-630,-2491,-3216
-1397,48,1356,-879,-1857,-949,2382,2211,1156,-628,-2482,-3225
-1391,66,1336,-855,-1841,-960,2383,2215,1195,-622,-2470,-3230
-1383,85,1313,-828,-1820,-970,2385,2222,1233,-618,-2461,-3233
-1379,103,1294,-805,-1804,-982,2391,2234,1273,-612,-2453,-3232
-1375,120,1277,-783,-1789,-994,2398,2248,1311,-609,-2445,-3230
-1374,136,1262,-762,-1777,-1007,2402,2263,1346,-610,-2442,-3228
-1367,153,1240,-737,-1756,-1017,2410,2280,1382,-607,-2442,-3228
-1362,166,1223,-717,-1738,-1025,2414,2298,1417,-607,-2448,-3230
-1355,177,1207,-698,-1719,-1030,2414,2315,1449,-607,-2456,-3235
-1348,183,1195,-685,-1704,-1032,2415,2332,1479,-609,-2464,-3245
-1349,185,1193,-681,-1700,-1036,2415,2348,1505,-613,-2475,-3259
-1352,185,1194,-681,-1699,-1039,2418,2369,1527,-616,-2487,-3272
-1353,183,1196,-681,-1697,-1040,2424,2396,1548,-620,-2499,-3283
-1353,184,1193,-677,-1692,-1040,2434,2425,1566,-622,-2509,-3291
-1351,185,1186,-671,-1683,-1040,2446,2458,1584,-626,-2516,-3293
-1354,182,1188,-672,-1682,-1039,2454,2490,1597,-639,-2527,-3294
-1359,182,1189,-671,-1684,-1042,2462,2525,1608,-650,-2538,-3290
-1364,184,1187,-667,-1683,-1045,2474,2567,1622,-653,-2545,-3283
-1362,185,1179,-660,-1675,-1043,2489,2613,1639,-650,-2549,-3272
-1356,184,1168,-652,-1661,-1036,2505,2663,1658,-650,-2549,-3258
-1347,186,1151,-638,-1642,-1029,2518,2718,1678,-651,-2546,-3240
-1337,189,1132,-622,-1622,-1022,2532,2775,1695,-653,-2541,-3219
-1327,194,1112,-605,-1601,-1016,2546,2837,1712,-655,-2537,-3198
-1314,196,1091,-589,-1578,-1006,2563,2902,1725,-654,-2533,-3175
-1303,198,1072,-576,-1558,-997,2580,2968,1738,-655,-2531,-3152
-1290,200,1052,-561,-1537,-987,2597,3036,1751,-660,-2528,-3129
-1280,200,1039,-553,-1522,-978,2606,3105,1760,-673,-2525,-3104
-1270,201,1024,-542,-1507,-969,2611,3174,1766,-686,-2524,-3082
-1262,199,1015,-538,-1497,-961,2614,3246,1773,-699,-2523,-3059
-1257,197,1012,-537,-1493,-954,2612,3319,1781,-713,-2522,-3036
-1250,196,1004,-532,-1485,-947,2610,3396,1792,-731,-2518,-3015
-1239,193,997,-530,-1476,-937,2605,3473,1802,-751,-2514,-2997
-1232,189,997,-533,-1473,-929,2595,3548,1813,-771,-2507,-2977
-1230,184,1002,-540,-1478,-924,2582,3622,1824,-791,-2500,-2961
-1229,179,1012,-551,-1487,-920,2569,3695,1836,-805,-2494,-2945
-1224,180,1011,-550,-1486,-918,2563,3771,1855,-812,-2482,-2930
-1216,184,1007,-545,-1482,-917,2561,3849,1878,-821,-2466,-2918
-1210,190,1003,-540,-1480,-919,2559,3928,1905,-831,-2451,-2907
-1204,197,999,-534,-1477,-922,2558,4006,1934,-838,-2435,-2895
-1198,209,990,-520,-1470,-929,2556,4081,1964,-839,-2418,-2879
-1193,224,980,-505,-1464,-939,2548,4151,1993,-841,-2402,-2865
-1188,241,969,-487,-1456,-950,2539,4219,2022,-842,-2387,-2850
-1185,257,958,-469,-1449,-962,2530,4286,2053,-844,-2369,-2834
-1183,272,949,-455,-1444,-974,2521,4352,2085,-846,-2349,-2816
-1178,284,940,-442,-1436,-982,2512,4420,2119,-842,-2329,-2800
-1172,290,935,-435,-1429,-985,2502,4485,2154,-837,-2310,-2782
-1163,292,929,-429,-1419,-984,2494,4546,2189,-827,-2293,-2767
-1157,291,929,-431,-1415,-982,2483,4599,2221,-823,-2282,-2753
-1150,285,930,-436,-1410,-976,2469,4648,2253,-821,-2273,-2741
-1146,279,932,-441,-1406,-970,2454,4691,2283,-820,-2268,-2732
-1146,270,942,-453,-1411,-966,2432,4728,2306,-827,-2268,-2729
-1150,263,951,-463,-1416,-965,2409,4761,2324,-839,-2271,-2727
-1156,263,953,-464,-1418,-970,2387,4793,2341,-850,-2274,-2728
-1162,273,944,-451,-1412,-979,2371,4826,2361,-858,-2275,-2727
-1165,287,925,-428,-1398,-991,2358,4862,2384,-862,-2275,-2723
-1171,299,912,-411,-1389,-1002,2341,4896,2404,-870,-2278,-2719
-1177,308,902,-398,-1382,-1010,2328,4933,2422,-881,-2281,-2712
-1183,312,896,-390,-1379,-1016,2322,4972,2442,-888,-2281,-2700
-1190,313,893,-386,-1377,-1020,2319,5011,2459,-893,-2281,-2686
-1194,309,892,-387,-1377,-1018,2316,5053,2472,-901,-2281,-2670
-1193,299,893,-392,-1375,-1010,2314,5093,2485,-907,-2280,-2651
-1193,284,899,-405,-1377,-997,2310,5131,2497,-909,-2280,-2630
-1194,268,908,-419,-1382,-986,2309,5171,2509,-908,-2280,-2606
-1198,253,920,-435,-1392,-977,2307,5210,2515,-911,-2282,-2583
-1206,240,935,-452,-1408,-971,2306,5244,2515,-919,-2287,-2563
-1214,230,948,-466,-1423,-969,2308,5278,2509,-931,-2292,-2543
-1227,226,961,-477,-1442,-972,2306,5309,2499,-951,-2298,-2523
-1238,229,965,-476,-1454,-981,2306,5341,2489,-965,-2302,-2503
-1246,238,964,-469,-1461,-991,2308,5373,2479,-973,-2303,-2483
-1255,251,959,-456,-1466,-1004,2311,5406,2469,-975,-2301,-2465
-1259,270,945,-434,-1461,-1018,2316,5443,2462,-974,-2295,-2445
-1257,288,927,-411,-1451,-1028,2324,5479,2456,-973,-2289,-2425
-1251,298,914,-397,-1441,-1030,2329,5512,2448,-972,-2285,-2403
-1244,304,906,-388,-1434,-1030,2331,5542,2440,-969,-2283,-2381
-1239,309,901,-384,-1430,-1030,2334,5568,2429,-960,-2283,-2361
-1226,314,889,-375,-1416,-1025,2349,5601,2426,-942,-2279,-2339
-1211,317,878,-367,-1402,-1019,2369,5633,2423,-931,-2275,-2318
-1201,320,873,-364,-1394,-1015,2387,5665,2417,-926,-2272,-2300
-1197,321,875,-367,-1394,-1014,2401,5696,2408,-922,-2271,-2284
-1194,320,880,-374,-1397,-1014,2415,5720,2400,-920,-2273,-2270
-1193,320,887,-380,-1402,-1015,2428,5743,2391,-922,-2276,-2259
-1195,323,892,-385,-1408,-1019,2443,5766,2383,-922,-2276,-2247
-1197,324,899,-391,-1414,-1023,2458,5790,2380,-917,-2272,-2235
-1199,324,906,-398,-1419,-1027,2472,5816,2379,-907,-2265,-2222
-1197,322,910,-404,-1420,-1025,2489,5842,2381,-894,-2255,-2208
-1196,321,913,-409,-1420,-1026,2509,5868,2385,-877,-2243,-2193
-1192,324,907,-405,-1413,-1027,2533,5890,2392,-855,-2229,-2182
-1189,329,901,-399,-1405,-1029,2557,5908,2399,-836,-2218,-2173
-1186,337,890,-388,-1393,-1032,2581,5927,2406,-817,-2203,-2162
-1185,343,881,-379,-1384,-1035,2609,5947,2412,-798,-2184,-2155
-1190,347,880,-376,-1385,-1041,2634,5964,2415,-781,-2168,-2154
-1197,354,876,-369,-1384,-1048,2656,5980,2417,-765,-2151,-2152
-1199,363,865,-355,-1376,-1055,2679,5997,2417,-742,-2132,-2149
-1199,375,848,-335,-1363,-1061,2707,6014,2417,-721,-2108,-2145
-1198,386,829,-314,-1347,-1065,2735,6032,2418,-707,-2082,-2144
-1204,391,824,-305,-1346,-1071,2755,6045,2415,-705,-2061,-2152
-1211,391,824,-302,-1349,-1073,2770,6057,2411,-707,-2042,-2164
-1216,387,826,-303,-1351,-1070,2788,6069,2407,-709,-2024,-2178
-1220,383,826,-302,-1353,-1068,2811,6085,2404,-710,-2006,-2190
-1221,376,825,-303,-1352,-1062,2837,6102,2401,-711,-1985,-2200
-1216,368,821,-301,-1346,-1052,2865,6120,2398,-707,-1962,-2208
-1211,360,817,-299,-1339,-1042,2895,6139,2393,-701,-1938,-2216
-1206,354,812,-296,-1333,-1034,2926,6161,2388,-698,-1913,-2224
-1200,348,807,-293,-1326,-1025,2958,6182,2385,-696,-1888,-2232
-1193,344,800,-288,-1317,-1017,2989,6203,2383,-696,-1864,-2240
-1187,345,790,-277,-1308,-1014,3020,6223,2385,-692,-1836,-2246
-1186,346,786,-271,-1306,-1015,3046,6243,2384,-697,-1809,-2249
-1183,349,779,-264,-1301,-1015,3073,6266,2384,-699,-1779,-2251
-1176,346,776,-263,-1296,-1010,3100,6287,2384,-700,-1750,-2257
-1169,339,778,-267,-1294,-1002,3124,6310,2386,-697,-1722,-2260
-1160,335,776,-269,-1288,-996,3149,6335,2389,-689,-1690,-2259
-1153,332,776,-272,-1285,-990,3174,6359,2393,-676,-1655,-2257
-1148,328,779,-278,-1285,-985,3195,6382,2396,-662,-1621,-2256
-1144,321,787,-289,-1289,-980,3213,6402,2398,-649,-1591,-2254
-1143,314,799,-304,-1298,-976,3231,6422,2398,-632,-1565,-2252
-1134,312,799,-308,-1293,-971,3259,6446,2403,-603,-1533,-2246
-1119,311,792,-306,-1279,-962,3288,6468,2411,-578,-1500,-2241
-1100,312,778,-299,-1258,-951,3316,6488,2418,-560,-1469,-2235
-1080,317,760,-287,-1233,-942,3341,6507,2423,-546,-1437,-2228
-1061,329,736,-266,-1206,-939,3367,6519,2426,-532,-1407,-2225
-1045,342,713,-246,-1181,-939,3395,6526,2429,-516,-1376,-2227
-1030,354,692,-227,-1157,-938,3424,6533,2434,-494,-1342,-2228
-1017,364,674,-213,-1137,-936,3455,6541,2443,-471,-1307,-2225
-1005,371,660,-201,-1120,-934,3484,6548,2449,-451,-1271,-2218
-994,378,646,-190,-1104,-932,3509,6550,2453,-435,-1239,-2211
-986,385,634,-180,-1091,-932,3527,6548,2455,-424,-1208,-2204
-976,392,618,-167,-1074,-931,3549,6544,2460,-410,-1175,-2194
-973,397,610,-160,-1066,-933,3567,6539,2465,-394,-1145,-2185
-971,402,602,-153,-1059,-936,3583,6533,2469,-377,-1116,-2176
-971,406,596,-146,-1054,-939,3598,6525,2475,-360,-1089,-2166
-978,408,597,-147,-1058,-945,3609,6512,2478,-344,-1067,-2160
-985,408,599,-147,-1062,-950,3619,6500,2482,-331,-1045,-2156
-986,409,594,-143,-1059,-952,3631,6490,2488,-318,-1023,-2151
-982,410,583,-134,-1047,-949,3645,6481,2495,-306,-1002,-2146
-976,410,570,-125,-1034,-945,3661,6473,2506,-298,-980,-2140
-980,405,572,-127,-1035,-943,3668,6457,2514,-298,-964,-2133
-985,394,581,-139,-1044,-938,3671,6440,2519,-295,-951,-2123
-987,376,594,-157,-1053,-926,3673,6422,2522,-288,-940,-2112
-990,359,608,-176,-1063,-914,3676,6404,2524,-276,-929,-2098
-996,343,625,-196,-1077,-906,3678,6386,2527,-264,-917,-2081
-1001,329,639,-212,-1090,-898,3678,6368,2530,-249,-903,-2062
-1005,316,651,-226,-1100,-889,3677,6352,2536,-231,-887,-2042
-1005,304,661,-239,-1107,-878,3677,6336,2544,-210,-869,-2021
-1002,294,666,-246,-1109,-868,3673,6322,2552,-191,-853,-2003
-1000,288,670,-250,-1109,-860,3668,6307,2560,-173,-838,-1984
-995,286,667,-248,-1105,-852,3662,6291,2569,-158,-822,-1965
-990,282,668,-248,-1102,-844,3653,6276,2575,-149,-806,-1943
-981,279,665,-247,-1095,-835,3646,6262,2580,-137,-790,-1921
-971,271,667,-252,-1091,-821,3635,6248,2587,-127,-773,-1901
-960,260,671,-261,-1087,-805,3619,6232,2593,-120,-760,-1882
-944,250,670,-266,-1077,-787,3605,6219,2604,-111,-745,-1857
-929,242,670,-271,-1069,-772,3592,6207,2617,-94,-729,-1830
-915,233,672,-278,-1062,-756,3580,6194,2630,-77,-713,-1801
-903,224,674,-286,-1057,-744,3572,6181,2642,-57,-696,-1768
-891,216,677,-293,-1052,-732,3568,6168,2653,-36,-680,-1732
-870,215,664,-287,-1031,-718,3570,6157,2672,-7,-661,-1696
-848,218,645,-273,-1005,-708,3571,6148,2694,21,-638,-1662
-825,222,624,-257,-976,-699,3570,6139,2715,44,-616,-1630
-802,225,602,-242,-947,-689,3568,6131,2740,68,-595,-1600
-781,232,579,-224,-918,-682,3569,6121,2766,97,-575,-1569
-763,240,556,-206,-892,-679,3572,6112,2792,125,-555,-1539
-745,248,534,-188,-865,-677,3575,6101,2818,151,-538,-1510
-731,253,514,-174,-843,-674,3577,6089,2842,178,-524,-1481
-720,257,500,-164,-825,-672,3576,6077,2864,205,-511,-1452
-709,258,487,-158,-810,-669,3574,6065,2885,228,-499,-1425
-698,253,478,-158,-795,-660,3568,6049,2904,248,-489,-1400
-681,246,465,-156,-775,-647,3565,6030,2925,272,-482,-1378
-668,238,456,-158,-760,-633,3558,6009,2945,297,-477,-1359
-654,230,445,-158,-742,-619,3550,5989,2968,323,-473,-1338
-639,219,434,-159,-724,-601,3538,5965,2990,343,-469,-1315
-628,206,430,-167,-713,-584,3518,5934,3004,356,-471,-1294
-622,197,426,-172,-705,-572,3498,5902,3015,368,-472,-1274
-617,196,416,-166,-694,-567,3482,5873,3029,383,-472,-1251
-609,198,400,-154,-677,-561,3469,5845,3047,401,-468,-1231
-597,200,380,-139,-655,-551,3456,5819,3064,416,-462,-1212
-592,198,372,-135,-645,-544,3435,5787,3076,424,-460,-1193
-590,195,368,-134,-640,-536,3410,5754,3083,436,-458,-1173
-581,188,363,-134,-630,-522,3386,5721,3090,453,-457,-1153
-571,181,356,-133,-618,-507,3362,5687,3095,470,-460,-1134
-561,175,350,-132,-607,-493,3333,5654,3101,484,-463,-1113
-548,172,338,-124,-589,-479,3303,5624,3110,501,-464,-1089
-530,173,319,-109,-563,-463,3278,5595,3122,522,-462,-1065
-506,180,287,-81,-525,-448,3257,5572,3138,549,-459,-1038
-479,190,252,-50,-483,-433,3236,5551,3155,575,-452,-1012
-454,194,224,-26,-447,-416,3212,5530,3171,596,-444,-989
-429,191,204,-12,-415,-394,3190,5508,3187,618,-435,-968
-406,179,196,-14,-394,-368,3164,5487,3203,637,-429,-949
-382,163,191,-19,-374,-340,3138,5466,3218,656,-423,-929
-359,147,188,-27,-357,-312,3111,5443,3230,673,-417,-911
-339,131,189,-37,-344,-287,3079,5420,3240,693,-411,-896
-315,117,183,-41,-324,-261,3047,5396,3253,716,-402,-879
-290,103,178,-46,-304,-235,3011,5372,3267,735,-393,-864
-267,88,176,-54,-287,-210,2976,5345,3281,747,-387,-853
-246,72,176,-63,-273,-186,2940,5315,3291,756,-382,-841
-227,56,179,-75,-263,-164,2902,5283,3298,764,-380,-831
-202,45,171,-77,-242,-143,2870,5255,3309,780,-373,-822
-178,38,160,-74,-220,-125,2842,5232,3323,800,-364,-813
-155,34,146,-68,-196,-111,2813,5209,3338,820,-357,-804
-129,33,127,-56,-167,-98,2784,5185,3351,840,-351,-795
-104,37,104,-39,-137,-89,2755,5163,3365,860,-344,-783
-82,43,80,-20,-108,-84,2729,5141,3379,877,-339,-774
-62,49,58,-3,-81,-80,2701,5119,3395,893,-333,-763
-41,52,37,12,-55,-74,2670,5094,3412,911,-324,-751
-20,54,16,27,-29,-67,2638,5068,3428,932,-312,-737
1,59,-10,46,1,-62,2606,5045,3445,956,-300,-722
24,63,-36,63,32,-54,2571,5022,3464,977,-285,-705
49,65,-65,83,66,-43,2539,5000,3486,1005,-266,-684
73,62,-89,96,98,-28,2507,4977,3506,1029,-249,-664
97,60,-114,110,129,-13,2476,4958,3526,1050,-230,-643
120,57,-139,124,161,3,2446,4938,3542,1072,-210,-626
142,49,-158,131,188,23,2413,4914,3555,1090,-193,-613
165,39,-177,136,216,45,2378,4888,3564,1106,-176,-599
186,31,-198,144,244,67,2340,4862,3572,1122,-159,-583
208,25,-221,156,275,89,2298,4832,3582,1132,-146,-570
233,16,-245,165,308,116,2251,4802,3592,1136,-134,-559
254,0,-258,164,332,145,2198,4769,3595,1132,-128,-549
272,-15,-269,161,353,172,2143,4736,3596,1129,-121,-538
292,-31,-281,159,376,202,2088,4704,3598,1132,-112,-522
312,-45,-295,159,400,231,2037,4675,3602,1141,-101,-502
330,-56,-309,162,423,257,1986,4647,3605,1151,-90,-480
350,-65,-325,167,449,283,1932,4618,3606,1161,-78,-456
369,-77,-338,169,472,309,1878,4590,3607,1170,-65,-433
391,-91,-351,169,496,339,1824,4566,3612,1182,-48,-408
415,-107,-362,166,522,371,1770,4545,3619,1193,-28,-383
439,-126,-369,160,544,404,1713,4521,3621,1198,-11,-362
460,-143,-375,154,563,433,1659,4496,3619,1201,4,-342
475,-159,-374,144,574,457,1603,4470,3615,1203,18,-320
491,-173,-376,138,588,480,1552,4447,3613,1209,36,-292
508,-189,-376,128,600,503,1504,4421,3614,1216,56,-262
525,-208,-372,116,610,528,1455,4395,3618,1223,76,-230
547,-226,-375,107,628,555,1406,4372,3623,1231,97,-198
574,-245,-379,99,649,584,1356,4347,3626,1240,117,-169
600,-262,-384,91,669,612,1302,4319,3628,1250,137,-138
626,-281,-385,81,687,639,1247,4287,3626,1254,156,-107
648,-300,-384,68,700,663,1191,4248,3619,1257,174,-82
678,-312,-396,69,727,687,1139,4209,3614,1267,195,-57
710,-317,-416,79,762,708,1091,4172,3612,1281,216,-33
743,-319,-442,95,799,725,1046,4137,3609,1294,241,-7
776,-319,-467,110,836,742,1001,4103,3608,1303,268,19
809,-319,-494,126,874,758,955,4069,3606,1313,292,44
838,-319,-517,141,907,770,909,4035,3602,1321,315,69
866,-316,-542,157,940,780,865,4002,3596,1333,337,95
895,-312,-569,175,975,791,823,3969,3590,1352,360,121
924,-307,-599,196,1013,801,785,3936,3587,1370,385,151
957,-301,-633,220,1056,813,749,3907,3588,1390,412,186
990,-298,-666,242,1099,829,711,3877,3588,1411,439,221
1027,-296,-703,265,1146,847,676,3849,3592,1440,468,254
1059,-303,-728,275,1184,870,643,3818,3594,1461,494,285
1092,-314,-749,280,1220,897,610,3785,3594,1479,523,315
1121,-326,-766,281,1249,923,575,3750,3594,1497,552,344
1140,-341,-771,273,1266,946,542,3711,3589,1512,579,373
1160,-359,-775,262,1281,971,509,3674,3583,1526,605,404
1183,-372,-787,260,1305,997,475,3637,3575,1543,630,433
1206,-377,-809,270,1335,1017,441,3601,3570,1564,657,463
1228,-377,-835,288,1369,1035,403,3566,3566,1583,683,496
1246,-378,-855,300,1395,1051,357,3524,3556,1592,704,528
1261,-377,-876,315,1420,1065,306,3479,3541,1598,723,558
1276,-377,-896,329,1445,1080,257,3435,3526,1606,743,586
1291,-378,-913,341,1468,1096,213,3390,3512,1616,762,613
1305,-384,-926,346,1487,1115,170,3345,3498,1622,780,641
1323,-395,-937,348,1507,1139,126,3303,3484,1628,798,674
1339,-403,-948,353,1527,1160,83,3262,3471,1634,816,708
1356,-408,-963,361,1548,1180,42,3225,3458,1641,836,745
1375,-413,-978,371,1572,1202,4,3192,3446,1648,858,781
1394,-417,-996,382,1597,1222,-31,3162,3435,1653,879,819
1413,-417,-1016,399,1623,1238,-65,3135,3426,1658,904,857
1426,-415,-1031,412,1641,1249,-104,3109,3413,1657,928,897
1442,-415,-1048,427,1663,1263,-146,3080,3396,1660,953,938
1461,-418,-1063,438,1686,1280,-187,3048,3373,1660,976,977
1479,-422,-1077,447,1706,1295,-228,3014,3350,1658,998,1016
1502,-425,-1094,458,1732,1313,-265,2984,3329,1661,1022,1060
1527,-434,-1109,464,1758,1335,-301,2952,3307,1667,1047,1105
1551,-446,-1120,465,1780,1357,-341,2919,3286,1673,1070,1149
1573,-460,-1126,461,1798,1379,-380,2884,3261,1676,1090,1192
1590,-472,-1129,456,1810,1396,-419,2846,3233,1679,1107,1234
1616,-482,-1142,459,1835,1416,-453,2808,3206,1688,1126,1276
1642,-492,-1156,462,1861,1436,-485,2771,3178,1692,1144,1315
1664,-500,-1167,464,1882,1451,-517,2734,3146,1692,1161,1354
1681,-506,-1176,465,1899,1462,-548,2695,3115,1690,1177,1393
1699,-511,-1186,466,1916,1472,-576,2653,3085,1687,1192,1432
1717,-521,-1192,462,1932,1486,-604,2610,3052,1683,1206,1468
1734,-531,-1196,455,1945,1499,-630,2568,3018,1677,1220,1502
1748,-540,-1198,449,1955,1508,-651,2528,2984,1674,1235,1536
1761,-547,-1202,444,1966,1517,-664,2490,2951,1680,1249,1573
1775,-552,-1210,442,1980,1526,-675,2455,2919,1689,1264,1610
1789,-556,-1217,441,1994,1534,-686,2418,2885,1699,1276,1648
1804,-556,-1231,447,2014,1541,-692,2379,2856,1717,1289,1684
1817,-556,-1243,451,2030,1547,-698,2338,2823,1732,1298,1718
1827,-553,-1256,459,2046,1550,-703,2298,2791,1749,1308,1754
1836,-553,-1266,463,2060,1555,-706,2256,2759,1768,1320,1786
1840,-556,-1268,459,2065,1560,-711,2212,2724,1782,1329,1813
1844,-557,-1272,459,2071,1563,-715,2166,2688,1792,1335,1836
1849,-556,-1282,465,2082,1567,-714,2122,2654,1805,1344,1860
1855,-550,-1297,479,2098,1569,-708,2083,2623,1818,1356,1886
1861,-538,-1318,500,2118,1567,-700,2048,2594,1831,1373,1911
