aVF,aVL,aVR,I,II,III,V1,V2,V3,V4,V5,V6
0,0,0,0,0,0,0,0,0,0,0,0
2,3,-6,6,5,-1,1,6,5,2,5,5
-2,5,-4,6,1,-6,3,11,14,4,11,12
-14,11,2,6,-11,-18,7,19,31,15,22,27
-29,21,5,11,-22,-35,13,35,61,38,42,52
-41,34,4,21,-30,-53,22,59,105,72,76,92
-51,46,1,32,-33,-68,35,91,158,114,123,142
-58,59,-6,45,-32,-83,53,135,222,166,188,203
-63,71,-14,60,-29,-96,72,193,294,227,271,277
-77,82,-13,67,-38,-115,92,258,373,293,360,354
-78,94,-27,85,-29,-127,117,342,461,373,467,443
-67,101,-46,104,-8,-127,144,441,553,456,586,537
-47,103,-71,123,23,-118,174,554,649,545,715,635
-13,101,-107,148,71,-97,208,683,748,638,855,738
36,93,-151,172,133,-61,242,822,844,726,1004,841
96,77,-197,193,205,-12,269,963,936,809,1153,937
166,56,-248,214,285,46,294,1106,1024,890,1300,1026
252,35,-313,244,386,116,323,1258,1111,974,1453,1113
359,10,-396,283,513,204,358,1420,1192,1055,1610,1196
479,-18,-487,324,652,302,393,1584,1264,1124,1765,1268
604,-48,-581,366,798,406,429,1750,1325,1184,1913,1331
730,-80,-672,405,941,512,462,1909,1373,1232,2048,1379
862,-109,-772,451,1095,622,493,2063,1407,1267,2168,1415
998,-140,-873,497,1251,735,518,2208,1428,1288,2271,1434
1128,-171,-967,538,1399,845,538,2335,1438,1298,2352,1437
1248,-200,-1051,572,1534,947,554,2442,1435,1299,2410,1428
1362,-229,-1131,604,1661,1046,566,2537,1424,1293,2447,1407
1471,-259,-1203,631,1781,1142,572,2614,1400,1274,2462,1373
1570,-285,-1270,656,1890,1229,575,2672,1364,1243,2456,1322
1666,-308,-1338,685,1999,1312,580,2720,1322,1207,2439,1265
1742,-332,-1384,697,2080,1382,582,2745,1275,1156,2399,1196
1799,-352,-1416,705,2139,1436,583,2751,1228,1103,2343,1122
1834,-366,-1434,706,2174,1473,582,2739,1181,1053,2277,1046
1843,-374,-1433,699,2179,1486,574,2706,1132,999,2193,968
1829,-371,-1420,693,2161,1478,563,2655,1083,944,2097,889
1801,-360,-1403,689,2131,1454,551,2593,1037,893,1994,812
1761,-347,-1378,682,2088,1420,540,2527,998,845,1889,740
1702,-333,-1337,666,2022,1373,527,2452,967,798,1781,673
1621,-317,-1276,638,1928,1309,512,2372,943,750,1667,610
1530,-300,-1207,606,1821,1237,500,2292,927,711,1555,558
1430,-282,-1133,572,1705,1157,492,2211,920,681,1448,515
1326,-257,-1061,544,1587,1070,487,2140,927,661,1354,487
1214,-232,-983,513,1460,976,480,2072,942,648,1270,471
1098,-205,-904,482,1329,877,477,2008,967,644,1195,466
986,-175,-831,457,1205,779,479,1957,1004,655,1141,477
883,-146,-767,438,1093,687,486,1924,1058,684,1107,505
789,-121,-709,419,991,604,497,1906,1121,725,1089,546
704,-99,-656,401,898,528,508,1906,1190,774,1093,596
630,-82,-607,384,815,463,519,1923,1263,829,1119,658
556,-66,-556,362,731,399,523,1946,1338,883,1154,725
503,-52,-523,351,673,350,533,1987,1423,952,1214,805
467,-45,-498,340,632,319,547,2045,1515,1029,1294,894
449,-45,-481,328,609,304,567,2121,1612,1114,1391,991
452,-48,-481,324,612,307,595,2213,1715,1210,1506,1096
472,-54,-493,326,633,322,621,2317,1820,1308,1632,1203
507,-64,-513,329,671,353,640,2427,1919,1398,1759,1303
554,-76,-542,335,722,392,659,2544,2011,1483,1887,1396
623,-89,-588,351,800,449,679,2671,2099,1569,2021,1482
712,-101,-654,380,906,518,703,2808,2181,1654,2159,1560
809,-113,-726,413,1021,595,731,2948,2255,1733,2294,1626
915,-128,-804,447,1147,679,760,3087,2317,1803,2423,1677
1026,-145,-883,479,1275,769,786,3220,2364,1858,2538,1713
1143,-164,-966,513,1412,865,808,3352,2399,1906,2645,1739
1264,-186,-1049,545,1551,966,827,3479,2423,1940,2743,1756
1383,-211,-1127,571,1684,1067,843,3593,2438,1961,2823,1761
1493,-238,-1196,590,1806,1164,850,3690,2443,1972,2881,1754
1596,-260,-1263,612,1922,1253,855,3776,2441,1980,2923,1736
1689,-281,-1324,633,2028,1334,859,3847,2434,1979,2944,1709
1774,-303,-1378,649,2122,1410,865,3900,2420,1965,2942,1674
1858,-323,-1434,669,2217,1483,875,3943,2404,1952,2930,1636
1920,-343,-1471,678,2284,1541,879,3965,2380,1931,2898,1587
1968,-360,-1500,686,2336,1586,883,3973,2354,1906,2849,1531
2002,-375,-1521,692,2372,1620,886,3967,2325,1878,2786,1471
2014,-385,-1526,691,2383,1636,886,3943,2291,1839,2706,1406
2009,-393,-1520,688,2375,1637,882,3903,2258,1796,2615,1337
1998,-401,-1511,684,2359,1633,877,3857,2230,1760,2520,1269
1979,-409,-1495,677,2333,1623,870,3807,2205,1730,2423,1202
1938,-414,-1463,662,2281,1596,860,3741,2181,1699,2321,1137
1872,-417,-1411,638,2200,1550,845,3661,2158,1669,2212,1073
1793,-413,-1354,615,2104,1489,827,3574,2139,1646,2103,1018
1707,-403,-1297,598,2005,1420,807,3482,2128,1626,1999,972
1618,-390,-1242,584,1905,1346,789,3397,2128,1616,1907,939
1522,-378,-1178,564,1793,1268,771,3314,2137,1612,1824,918
1425,-366,-1113,543,1681,1188,756,3242,2159,1621,1750,910
1336,-352,-1057,527,1579,1113,746,3185,2193,1642,1693,913
1258,-339,-1011,518,1492,1045,743,3147,2240,1676,1657,932
1188,-326,-971,510,1415,985,743,3119,2298,1718,1641,964
1127,-315,-935,502,1346,930,744,3105,2363,1767,1645,1008
1075,-305,-905,496,1288,883,744,3108,2436,1824,1671,1062
1018,-291,-871,486,1225,832,742,3118,2514,1882,1706,1120
979,-274,-855,489,1186,791,742,3150,2600,1952,1762,1192
955,-260,-846,491,1163,763,743,3199,2692,2030,1837,1271
942,-250,-842,492,1151,745,743,3258,2786,2109,1926,1354
949,-243,-851,497,1163,745,747,3334,2886,2193,2031,1441
975,-242,-869,501,1193,762,749,3422,2984,2276,2146,1528
1011,-245,-890,502,1234,790,749,3520,3082,2357,2267,1614
1057,-253,-913,499,1283,829,752,3630,3177,2433,2391,1694
1120,-262,-949,502,1353,881,758,3754,3268,2508,2522,1770
1202,-269,-1003,517,1449,946,767,3889,3356,2582,2658,1844
1292,-278,-1061,532,1553,1018,776,4027,3437,2649,2792,1910
1388,-286,-1125,552,1665,1094,785,4164,3510,2706,2921,1970
1485,-295,-1187,569,1778,1172,793,4292,3571,2754,3039,2020
1589,-304,-1256,591,1900,1256,803,4414,3624,2801,3149,2061
1699,-314,-1330,617,2029,1344,813,4530,3670,2847,3252,2096
1806,-325,-1402,641,2154,1431,819,4636,3703,2882,3339,2119
1909,-339,-1467,661,2273,1518,820,4730,3722,2908,3405,2131
2007,-354,-1528,680,2385,1601,820,4815,3733,2927,3453,2131
2097,-371,-1584,696,2488,1680,823,4886,3738,2941,3484,2123
2179,-387,-1634,712,2580,1752,827,4937,3735,2947,3498,2104
2263,-402,-1691,736,2678,1824,832,4980,3731,2954,3503,2081
2331,-423,-1731,748,2753,1887,830,5002,3724,2949,3490,2048
2385,-442,-1764,759,2813,1939,828,5010,3714,2939,3462,2008
2429,-460,-1790,770,2860,1982,824,5004,3701,2921,3421,1963
2455,-478,-1804,775,2887,2012,818,4978,3682,2897,3364,1912
2465,-491,-1811,781,2896,2027,810,4936,3663,2871,3297,1859
2463,-500,-1814,790,2894,2029,804,4889,3647,2848,3225,1807
2448,-503,-1812,801,2878,2018,798,4839,3634,2832,3148,1761
2414,-504,-1798,808,2841,1992,789,4781,3624,2817,3063,1715
2360,-504,-1767,805,2779,1951,775,4713,3615,2798,2971,1666
2294,-500,-1729,801,2703,1899,761,4641,3611,2785,2882,1621
2219,-493,-1687,797,2618,1837,746,4569,3611,2781,2799,1587
2144,-485,-1648,796,2533,1774,732,4502,3618,2786,2725,1565
2066,-479,-1604,788,2443,1711,714,4436,3632,2797,2661,1555
1985,-473,-1557,779,2350,1645,695,4371,3653,2814,2604,1554
1909,-469,-1512,769,2261,1583,681,4315,3685,2837,2559,1564
1842,-466,-1474,760,2183,1529,674,4272,3725,2866,2531,1583
1784,-466,-1439,749,2113,1482,670,4242,3776,2902,2521,1614
1731,-464,-1408,740,2050,1438,667,4228,3833,2945,2531,1656
1686,-464,-1382,730,1996,1401,666,4233,3899,2998,2561,1707
1642,-466,-1349,711,1940,1367,664,4245,3966,3050,2598,1761
1610,-462,-1331,703,1903,1338,666,4273,4040,3108,2652,1825
1589,-456,-1320,697,1879,1316,665,4315,4119,3167,2723,1896
1576,-451,-1313,692,1866,1302,662,4370,4200,3232,2805,1971
1582,-445,-1319,692,1874,1301,663,4439,4287,3302,2903,2048
1602,-442,-1334,693,1900,1313,663,4522,4375,3372,3014,2126
1634,-442,-1352,692,1938,1336,662,4613,4463,3441,3130,2204
1677,-444,-1374,690,1986,1370,660,4707,4547,3510,3248,2282
1736,-445,-1410,696,2056,1414,661,4808,4628,3581,3374,2360
1811,-442,-1464,715,2150,1468,669,4917,4707,3650,3505,2434
1892,-436,-1522,738,2251,1526,677,5025,4778,3708,3632,2503
1978,-432,-1583,761,2359,1587,685,5136,4843,3760,3757,2561
2067,-430,-1643,782,2468,1653,693,5243,4897,3803,3872,2609
2159,-427,-1706,806,2583,1722,700,5345,4944,3842,3980,2649
2254,-427,-1771,830,2699,1793,705,5439,4981,3875,4078,2681
2348,-427,-1833,854,2814,1864,702,5517,5005,3895,4160,2700
2434,-429,-1890,876,2919,1931,694,5581,5019,3906,4225,2710
2515,-429,-1946,900,3020,1992,683,5634,5026,3916,4275,2711
2590,-430,-1998,923,3113,2050,672,5672,5029,3926,4310,2708
2655,-431,-2044,945,3194,2100,660,5696,5025,3930,4330,2698
2725,-434,-2098,976,3282,2153,651,5714,5017,3932,4345,2686
2785,-444,-2137,994,3352,2203,637,5713,5000,3919,4340,2663
2833,-457,-2169,1009,3407,2246,623,5694,4975,3899,4317,2635
2873,-469,-2197,1025,3453,2282,610,5662,4947,3878,4284,2603
2898,-483,-2214,1036,3480,2308,596,5622,4916,3851,4237,2565
2912,-497,-2225,1045,3492,2325,582,5574,4888,3828,4179,2528
2918,-510,-2231,1054,3495,2336,571,5523,4866,3813,4119,2494
2913,-523,-2232,1062,3485,2338,561,5468,4846,3800,4056,2462
2893,-536,-2220,1063,3456,2330,550,5402,4825,3783,3987,2432
2853,-549,-2192,1055,3401,2307,533,5326,4803,3763,3911,2397
2799,-556,-2158,1047,3331,2272,515,5243,4783,3748,3836,2366
2739,-562,-2120,1038,3253,2230,497,5160,4768,3740,3763,2342
2681,-569,-2084,1030,3178,2190,484,5080,4759,3738,3696,2327
2619,-576,-2044,1017,3097,2148,472,5002,4753,3734,3632,2316
2550,-579,-2002,1005,3011,2099,460,4925,4751,3732,3574,2309
2484,-579,-1964,997,2930,2049,446,4855,4754,3735,3529,2310
2427,-577,-1936,994,2861,2004,432,4798,4766,3749,3498,2322
2377,-575,-1911,991,2800,1964,416,4748,4781,3764,3480,2341
2331,-573,-1890,989,2746,1927,401,4710,4801,3783,3480,2370
2289,-567,-1872,987,2698,1891,388,4689,4826,3812,3498,2408
2241,-561,-1844,977,2641,1850,373,4673,4856,3842,3523,2448
2205,-551,-1829,975,2603,1816,362,4670,4895,3883,3565,2496
2181,-541,-1822,975,2579,1790,353,4678,4938,3922,3620,2551
2164,-532,-1816,973,2564,1770,344,4696,4984,3961,3685,2609
2160,-522,-1821,975,2566,1758,336,4725,5033,4003,3764,2673
2168,-513,-1832,979,2583,1756,332,4759,5083,4044,3851,2740
2184,-509,-1842,977,2607,1763,328,4799,5134,4086,3944,2804
2207,-506,-1855,973,2640,1776,318,4845,5183,4127,4040,2868
2247,-503,-1880,975,2693,1801,308,4905,5231,4166,4139,2932
2307,-502,-1920,985,2771,1840,306,4978,5278,4204,4244,2995
2377,-507,-1962,992,2859,1891,303,5054,5318,4236,4348,3051
2454,-517,-2004,995,2952,1951,297,5126,5351,4266,4449,3100
2532,-529,-2042,993,3044,2013,290,5192,5374,4288,4543,3138
2614,-541,-2085,995,3142,2079,286,5257,5391,4305,4630,3166
2698,-553,-2128,998,3241,2146,283,5321,5406,4323,4711,3187
2794,-551,-2198,1030,3366,2212,291,5388,5420,4352,4788,3210
2981,-469,-2439,1230,3665,2287,382,5632,5476,4657,4903,3395
3203,-449,-2657,1376,3970,2425,563,6206,5504,5426,5020,3918
3581,-346,-3115,1740,4539,2614,902,6658,5581,5916,5219,4350
3958,-257,-3562,2090,5097,2811,1274,6808,5641,5862,5428,4500
4210,-270,-3784,2224,5420,2992,1575,6742,5624,5444,5571,4433
4320,-372,-3780,2152,5496,3137,1793,6534,5532,4831,5632,4218
4337,-507,-3655,1979,5426,3243,1952,6249,5397,4158,5637,3922
4311,-635,-3498,1794,5305,3313,2077,5945,5253,3515,5614,3605
4265,-728,-3360,1647,5179,3347,2189,5653,5120,2945,5580,3298
4221,-769,-3281,1578,5094,3347,2299,5391,5010,2475,5546,3023
4193,-749,-3283,1605,5069,3316,2413,5170,4928,2114,5523,2789
4185,-673,-3365,1725,5109,3261,2528,4994,4873,1852,5514,2600
4189,-552,-3507,1917,5195,3183,2640,4851,4841,1671,5509,2451
4194,-398,-3687,2157,5306,3083,2749,4735,4829,1560,5507,2337
4202,-220,-3897,2433,5437,2969,2857,4643,4835,1509,5509,2259
4211,-31,-4120,2726,5577,2848,2959,4571,4856,1503,5516,2211
4219,162,-4348,3025,5718,2723,3054,4521,4887,1530,5529,2186
4220,349,-4563,3311,5846,2597,3138,4484,4922,1571,5541,2181
4208,526,-4757,3575,5951,2469,3207,4450,4958,1615,5550,2188
4186,698,-4934,3823,6039,2338,3264,4422,4994,1666,5558,2206
4155,861,-5092,4050,6108,2206,3308,4399,5030,1721,5571,2230
4112,1011,-5224,4250,6155,2075,3338,4378,5062,1774,5587,2255
4059,1148,-5330,4420,6178,1946,3350,4361,5088,1824,5605,2285
3996,1270,-5409,4561,6179,1821,3348,4348,5110,1872,5627,2318
3913,1377,-5448,4662,6142,1692,3331,4325,5123,1910,5643,2347
3826,1477,-5472,4745,6095,1566,3307,4306,5132,1946,5663,2379
3739,1564,-5481,4806,6041,1450,3275,4292,5137,1983,5688,2413
3655,1636,-5472,4843,5979,1345,3237,4283,5136,2013,5715,2446
3580,1695,-5455,4863,5921,1254,3196,4286,5131,2043,5750,2480
3516,1739,-5429,4865,5866,1181,3152,4296,5122,2073,5790,2516
3457,1771,-5391,4848,5809,1120,3101,4306,5107,2098,5829,2550
3401,1793,-5343,4816,5749,1067,3045,4311,5087,2120,5867,2581
3358,1808,-5295,4778,5701,1028,2985,4323,5066,2145,5910,2613
3335,1817,-5258,4742,5674,1005,2924,4343,5046,2173,5959,2647
3319,1820,-5222,4702,5654,991,2861,4366,5022,2195,6009,2674
3307,1821,-5183,4658,5636,981,2796,4390,4993,2213,6056,2693
3294,1819,-5138,4608,5613,973,2728,4409,4958,2225,6094,2704
3284,1816,-5095,4560,5595,967,2657,4421,4914,2234,6124,2705
3282,1811,-5057,4515,5584,969,2582,4432,4865,2237,6143,2698
3278,1802,-5015,4466,5569,971,2503,4434,4809,2232,6151,2685
3264,1796,-4966,4415,5542,965,2422,4422,4745,2217,6145,2663
3245,1790,-4915,4366,5508,957,2338,4398,4673,2190,6125,2630
3227,1782,-4865,4319,5474,950,2255,4361,4591,2152,6088,2588
3207,1771,-4815,4273,5437,944,2170,4310,4502,2106,6036,2538
3195,1759,-4774,4235,5410,944,2091,4257,4414,2065,5980,2487
3175,1741,-4724,4190,5368,944,2011,4185,4319,2015,5909,2427
3145,1723,-4670,4145,5314,936,1930,4093,4221,1963,5824,2362
3107,1709,-4617,4106,5253,920,1850,3993,4121,1909,5730,2292
3054,1696,-4555,4064,5173,894,1771,3885,4016,1850,5622,2216
2987,1688,-4488,4026,5079,855,1690,3768,3908,1790,5501,2137
2914,1683,-4424,3993,4979,810,1611,3646,3798,1728,5374,2060
2839,1678,-4363,3964,4878,763,1533,3517,3686,1664,5245,1981
2753,1671,-4293,3929,4762,711,1452,3375,3570,1597,5109,1902
2653,1662,-4210,3885,4627,651,1368,3221,3450,1524,4965,1819
2549,1653,-4126,3840,4485,588,1288,3066,3331,1451,4821,1739
2441,1647,-4043,3797,4342,521,1212,2914,3216,1378,4679,1665
2336,1643,-3966,3760,4203,455,1139,2768,3109,1313,4547,1601
2228,1638,-3886,3720,4061,387,1068,2623,3008,1252,4422,1545
2115,1637,-3805,3679,3915,314,999,2476,2911,1192,4305,1494
2008,1638,-3731,3643,3777,242,933,2334,2819,1138,4198,1448
1904,1645,-3665,3614,3649,170,870,2202,2735,1087,4104,1408
1803,1656,-3601,3587,3526,97,811,2076,2652,1037,4020,1375
1707,1666,-3539,3558,3407,27,756,1961,2575,989,3947,1347
1620,1671,-3477,3524,3298,-33,708,1864,2505,948,3893,1328
1531,1668,-3401,3472,3180,-89,661,1772,2438,903,3845,1313
1455,1665,-3332,3423,3078,-138,621,1695,2380,868,3814,1309
1389,1662,-3269,3374,2990,-178,583,1630,2325,838,3796,1312
1329,1660,-3206,3325,2908,-217,547,1572,2273,807,3785,1317
1278,1663,-3153,3283,2842,-252,512,1525,2225,782,3786,1330
1233,1670,-3105,3247,2786,-287,478,1491,2180,759,3796,1345
1194,1679,-3060,3211,2738,-319,441,1466,2132,731,3810,1358
1160,1688,-3016,3176,2698,-348,400,1443,2082,700,3825,1368
1140,1699,-2982,3148,2675,-369,363,1425,2034,674,3848,1378
1135,1713,-2964,3132,2675,-382,335,1414,1988,653,3878,1389
1139,1725,-2950,3118,2684,-389,310,1406,1937,629,3907,1395
1150,1734,-2938,3102,2701,-389,283,1398,1884,602,3936,1397
1159,1742,-2922,3085,2716,-390,255,1386,1827,571,3963,1395
1170,1752,-2909,3072,2732,-392,228,1373,1765,533,3985,1388
1186,1761,-2902,3064,2757,-390,200,1362,1694,491,4003,1374
1201,1768,-2891,3052,2778,-386,174,1346,1615,446,4010,1354
1209,1770,-2872,3035,2788,-385,144,1320,1533,399,4002,1328
1211,1772,-2849,3016,2789,-388,112,1286,1453,357,3981,1298
1207,1772,-2822,2995,2783,-393,80,1244,1371,313,3946,1260
1193,1770,-2788,2970,2762,-403,43,1189,1283,260,3893,1214
1187,1767,-2763,2952,2751,-407,6,1134,1187,208,3835,1163
1173,1756,-2729,2924,2725,-411,-37,1069,1079,147,3762,1103
1152,1739,-2686,2889,2685,-415,-79,992,968,85,3676,1036
1128,1717,-2641,2851,2640,-418,-120,903,854,21,3581,967
1094,1693,-2587,2806,2578,-424,-168,799,733,-53,3473,892
1048,1670,-2528,2759,2501,-439,-221,683,608,-129,3355,815
997,1651,-2473,2720,2422,-459,-273,562,482,-203,3234,739
943,1635,-2421,2684,2339,-482,-327,442,361,-277,3114,666
877,1619,-2361,2643,2241,-512,-381,315,240,-354,2989,590
793,1602,-2286,2592,2118,-552,-439,178,118,-433,2858,512
706,1587,-2210,2542,1991,-595,-496,35,-4,-508,2725,435
617,1575,-2137,2495,1864,-641,-553,-109,-123,-581,2594,364
528,1567,-2070,2454,1739,-688,-607,-251,-239,-652,2470,299
435,1561,-2001,2412,1611,-740,-657,-391,-350,-727,2353,242
337,1559,-1929,2370,1476,-798,-707,-529,-454,-803,2239,190
242,1560,-1862,2331,1349,-855,-754,-659,-552,-873,2133,145
156,1560,-1802,2295,1233,-905,-796,-776,-644,-933,2040,105
75,1560,-1744,2259,1124,-953,-834,-883,-731,-988,1959,71
-6,1565,-1687,2225,1018,-1004,-872,-981,-816,-1042,1887,45
-82,1571,-1633,2192,919,-1055,-908,-1064,-898,-1091,1830,25
-166,1578,-1568,2150,811,-1111,-946,-1144,-978,-1147,1776,6
-243,1591,-1512,2118,717,-1168,-981,-1212,-1051,-1196,1736,-7
-313,1607,-1462,2090,635,-1223,-1012,-1269,-1122,-1240,1710,-14
-378,1621,-1412,2060,560,-1275,-1041,-1318,-1188,-1282,1693,-15
-432,1639,-1371,2037,501,-1323,-1066,-1354,-1248,-1317,1689,-9
-478,1658,-1335,2018,453,-1369,-1091,-1383,-1305,-1347,1693,0
-521,1676,-1298,1997,411,-1413,-1115,-1410,-1360,-1382,1704,8
-557,1689,-1261,1973,376,-1451,-1139,-1434,-1414,-1416,1717,15
-582,1701,-1230,1951,355,-1482,-1160,-1445,-1464,-1444,1735,21
-593,1713,-1211,1939,353,-1505,-1178,-1445,-1511,-1464,1764,30
-595,1721,-1194,1924,360,-1520,-1197,-1442,-1561,-1485,1793,35
-590,1723,-1177,1908,374,-1528,-1215,-1438,-1612,-1513,1819,36
-585,1721,-1156,1886,385,-1533,-1234,-1441,-1671,-1545,1836,33
-578,1718,-1135,1864,397,-1536,-1252,-1448,-1733,-1579,1846,25
-565,1710,-1116,1842,415,-1532,-1268,-1452,-1792,-1607,1855,16
-553,1697,-1091,1813,427,-1525,-1284,-1456,-1853,-1636,1854,2
-546,1682,-1061,1782,430,-1519,-1305,-1469,-1919,-1668,1842,-18
-544,1669,-1030,1752,427,-1518,-1333,-1489,-1989,-1706,1820,-44
-546,1655,-996,1721,418,-1518,-1360,-1515,-2058,-1743,1789,-72
-549,1639,-962,1690,404,-1515,-1385,-1551,-2127,-1781,1744,-105
-540,1624,-944,1671,407,-1504,-1402,-1582,-2194,-1814,1699,-139
-537,1605,-919,1647,397,-1493,-1421,-1618,-2261,-1852,1648,-178
-545,1588,-890,1622,374,-1489,-1438,-1662,-2333,-1893,1587,-223
-556,1571,-861,1598,345,-1485,-1456,-1710,-2405,-1933,1521,-268
-576,1553,-826,1570,302,-1486,-1478,-1766,-2482,-1976,1442,-317
-606,1538,-788,1541,247,-1493,-1504,-1832,-2563,-2018,1353,-367
-641,1528,-753,1518,187,-1505,-1532,-1905,-2643,-2059,1258,-419
-676,1520,-723,1500,128,-1518,-1561,-1984,-2722,-2101,1160,-475
-717,1512,-689,1480,61,-1533,-1592,-2074,-2802,-2156,1055,-533
-773,1503,-643,1451,-28,-1557,-1626,-2172,-2883,-2217,945,-592
-835,1496,-596,1421,-122,-1585,-1660,-2273,-2961,-2276,835,-650
-897,1492,-551,1394,-216,-1614,-1694,-2374,-3037,-2334,730,-704
-957,1489,-512,1370,-305,-1642,-1724,-2472,-3110,-2387,629,-753
-1017,1485,-471,1344,-395,-1670,-1753,-2566,-3176,-2435,536,-798
-1083,1479,-423,1311,-493,-1700,-1780,-2659,-3240,-2479,445,-838
-1147,1476,-380,1281,-584,-1731,-1805,-2748,-3302,-2522,364,-873
-1203,1473,-342,1254,-665,-1758,-1828,-2830,-3364,-2572,291,-905
-1256,1471,-307,1229,-739,-1784,-1851,-2907,-3425,-2624,227,-933
-1308,1470,-271,1203,-811,-1811,-1873,-2975,-3480,-2669,176,-956
-1356,1470,-237,1178,-875,-1837,-1894,-3032,-3532,-2705,139,-973
-1410,1467,-191,1143,-948,-1868,-1915,-3089,-3584,-2746,103,-988
-1457,1468,-152,1113,-1008,-1897,-1931,-3136,-3630,-2780,80,-997
-1499,1467,-115,1083,-1060,-1923,-1942,-3170,-3670,-2806,69,-1001
-1540,1466,-73,1049,-1112,-1950,-1951,-3195,-3705,-2828,67,-1002
-1572,1465,-37,1018,-1149,-1972,-1954,-3208,-3735,-2846,77,-998
-1598,1463,-4,990,-1178,-1991,-1960,-3213,-3762,-2862,94,-991
-1622,1462,31,960,-1203,-2010,-1968,-3211,-3787,-2877,115,-983
-1642,1461,66,930,-1223,-2028,-1979,-3207,-3810,-2894,136,-976
-1649,1456,93,903,-1227,-2036,-1986,-3194,-3830,-2906,161,-969
-1640,1453,106,887,-1210,-2036,-1990,-3169,-3843,-2912,195,-957
-1629,1450,118,872,-1190,-2034,-1997,-3141,-3858,-2919,230,-945
-1621,1449,132,858,-1171,-2036,-2010,-3113,-3876,-2930,265,-936
-1612,1446,148,841,-1154,-2037,-2024,-3089,-3899,-2945,294,-933
-1601,1443,163,826,-1135,-2036,-2039,-3064,-3923,-2958,319,-933
-1586,1440,174,815,-1112,-2033,-2056,-3038,-3948,-2969,340,-935
-1571,1434,187,800,-1092,-2027,-2078,-3017,-3975,-2984,355,-939
-1559,1424,205,781,-1077,-2020,-2100,-3002,-4006,-3006,362,-948
-1546,1415,220,764,-1064,-2012,-2121,-2992,-4037,-3024,360,-960
-1533,1405,235,748,-1054,-2002,-2140,-2986,-4065,-3037,355,-974
-1522,1390,252,727,-1049,-1989,-2160,-2990,-4093,-3051,340,-992
-1498,1376,253,718,-1028,-1967,-2175,-2994,-4119,-3057,327,-1008
-1478,1360,256,707,-1014,-1945,-2191,-3008,-4150,-3072,301,-1030
-1462,1346,259,698,-1007,-1927,-2209,-3033,-4184,-3092,259,-1058
-1447,1332,260,690,-1002,-1907,-2226,-3061,-4218,-3111,210,-1088
-1442,1317,266,679,-1010,-1891,-2244,-3095,-4254,-3129,151,-1123
-1444,1304,276,667,-1029,-1881,-2258,-3133,-4291,-3147,83,-1161
-1450,1293,285,657,-1053,-1874,-2267,-3172,-4327,-3164,14,-1200
-1458,1283,292,649,-1079,-1868,-2274,-3215,-4361,-3178,-55,-1238
-1476,1272,306,635,-1118,-1866,-2284,-3269,-4398,-3198,-128,-1276
-1509,1261,335,612,-1179,-1875,-2304,-3335,-4443,-3228,-209,-1320
-1551,1254,366,590,-1247,-1890,-2326,-3408,-4486,-3255,-290,-1362
-1595,1249,398,569,-1319,-1908,-2347,-3482,-4526,-3278,-368,-1398
-1636,1240,429,545,-1388,-1922,-2366,-3550,-4562,-3295,-440,-1426
-1677,1229,461,519,-1457,-1933,-2386,-3617,-4596,-3315,-510,-1451
-1722,1219,496,492,-1530,-1949,-2409,-3680,-4627,-3333,-578,-1476
-1765,1214,526,470,-1596,-1965,-2430,-3735,-4656,-3349,-642,-1498
-1803,1211,550,453,-1654,-1982,-2451,-3785,-4684,-3366,-698,-1517
-1838,1207,571,437,-1706,-1996,-2470,-3833,-4710,-3381,-747,-1533
-1876,1204,598,418,-1760,-2012,-2488,-3873,-4734,-3390,-789,-1545
-1914,1201,624,399,-1811,-2031,-2505,-3904,-4751,-3392,-817,-1551
-1961,1198,664,369,-1876,-2056,-2525,-3938,-4770,-3406,-842,-1557
-2001,1195,697,345,-1927,-2079,-2541,-3966,-4785,-3419,-858,-1560
-2033,1192,728,321,-1969,-2096,-2557,-3988,-4801,-3433,-868,-1560
-2069,1189,763,294,-2014,-2119,-2569,-4006,-4816,-3443,-870,-1559
-2098,1189,792,273,-2046,-2139,-2577,-4011,-4824,-3447,-863,-1552
-2118,1187,816,255,-2066,-2154,-2584,-4006,-4831,-3449,-850,-1544
-2133,1182,842,232,-2082,-2165,-2591,-3996,-4837,-3449,-830,-1534
-2149,1176,872,206,-2097,-2175,-2599,-3980,-4839,-3447,-807,-1524
-2158,1172,896,186,-2103,-2185,-2603,-3958,-4836,-3441,-779,-1514
-2153,1169,905,176,-2088,-2186,-2600,-3928,-4832,-3435,-744,-1500
-2142,1167,911,170,-2066,-2185,-2598,-3894,-4830,-3433,-706,-1485
-2131,1167,915,165,-2041,-2185,-2598,-3860,-4829,-3429,-668,-1471
-2120,1165,922,157,-2019,-2184,-2603,-3830,-4831,-3425,-633,-1458
-2105,1163,927,152,-1993,-2182,-2612,-3801,-4835,-3424,-602,-1449
-2085,1161,926,150,-1960,-2175,-2622,-3768,-4841,-3421,-569,-1444
-2070,1158,931,144,-1935,-2171,-2633,-3736,-4849,-3419,-543,-1443
-2060,1157,940,136,-1919,-2171,-2642,-3710,-4858,-3415,-523,-1445
-2053,1156,950,129,-1906,-2172,-2646,-3687,-4865,-3409,-510,-1449
-2045,1153,959,121,-1894,-2170,-2643,-3667,-4869,-3403,-501,-1452
-2038,1149,968,112,-1887,-2168,-2639,-3658,-4876,-3403,-502,-1456
-2020,1148,963,115,-1865,-2160,-2634,-3646,-4880,-3398,-505,-1457
-2004,1142,960,113,-1848,-2148,-2636,-3641,-4888,-3398,-518,-1462
-1992,1137,959,111,-1839,-2138,-2645,-3643,-4897,-3401,-540,-1471
-1981,1132,955,111,-1831,-2128,-2656,-3646,-4906,-3400,-565,-1480
-1976,1123,959,104,-1836,-2118,-2671,-3656,-4916,-3402,-596,-1492
-1974,1111,968,91,-1849,-2106,-2685,-3674,-4928,-3407,-633,-1505
-1969,1095,974,79,-1859,-2088,-2694,-3692,-4940,-3412,-674,-1520
-1959,1076,977,66,-1868,-2065,-2699,-3707,-4953,-3418,-713,-1534
-1955,1058,983,52,-1884,-2045,-2706,-3731,-4970,-3430,-759,-1548
-1964,1041,1000,30,-1918,-2033,-2721,-3768,-4991,-3452,-816,-1567
-1979,1026,1020,9,-1958,-2026,-2739,-3807,-5012,-3474,-875,-1585
-1997,1014,1037,-9,-2000,-2022,-2757,-3847,-5031,-3494,-935,-1605
-2015,1008,1050,-20,-2039,-2022,-2775,-3888,-5046,-3508,-995,-1625
-2035,1002,1062,-30,-2079,-2024,-2796,-3932,-5060,-3519,-1051,-1647
-2059,999,1079,-43,-2124,-2030,-2823,-3981,-5074,-3536,-1108,-1670
-2084,999,1090,-50,-2165,-2039,-2851,-4028,-5088,-3550,-1159,-1689
-2106,1002,1099,-54,-2201,-2049,-2877,-4069,-5099,-3563,-1206,-1705
-2126,1004,1106,-58,-2233,-2057,-2899,-4106,-5109,-3578,-1245,-1718
-2142,1003,1113,-66,-2261,-2060,-2917,-4139,-5118,-3594,-1280,-1728
-2156,1002,1121,-74,-2285,-2064,-2931,-4163,-5125,-3605,-1305,-1735
-2184,998,1146,-95,-2328,-2076,-2949,-4191,-5133,-3620,-1329,-1742
-2209,996,1168,-114,-2364,-2089,-2966,-4214,-5139,-3633,-1346,-1747
-2230,994,1187,-131,-2391,-2100,-2984,-4231,-5145,-3645,-1355,-1751
-2251,990,1210,-152,-2420,-2110,-3002,-4245,-5151,-3658,-1360,-1754
-2267,987,1229,-171,-2439,-2118,-3016,-4249,-5152,-3668,-1355,-1754
-2274,979,1245,-189,-2448,-2118,-3027,-4245,-5150,-3674,-1343,-1753
-2278,965,1265,-215,-2455,-2114,-3035,-4234,-5147,-3678,-1326,-1752
-2283,951,1287,-242,-2462,-2111,-3043,-4222,-5147,-3681,-1308,-1753
-2284,941,1303,-261,-2460,-2108,-3051,-4206,-5147,-3682,-1286,-1751
-2275,939,1300,-262,-2438,-2104,-3055,-4182,-5143,-3680,-1258,-1746
-2261,939,1291,-258,-2407,-2099,-3060,-4154,-5135,-3678,-1228,-1740
-2245,937,1283,-255,-2375,-2092,-3064,-4123,-5125,-3674,-1193,-1731
-2232,931,1282,-259,-2348,-2085,-3065,-4090,-5113,-3664,-1157,-1720
-2219,923,1284,-266,-2324,-2076,-3064,-4056,-5101,-3651,-1124,-1712
-2201,913,1281,-270,-2295,-2063,-3063,-4016,-5089,-3638,-1087,-1705
-2185,903,1282,-277,-2269,-2051,-3064,-3979,-5081,-3625,-1054,-1698
-2178,894,1289,-286,-2255,-2047,-3065,-3946,-5076,-3610,-1027,-1693
-2172,887,1296,-294,-2244,-2043,-3067,-3917,-5072,-3597,-1007,-1691
-2163,877,1302,-303,-2231,-2035,-3067,-3892,-5067,-3585,-993,-1692
-2153,866,1307,-312,-2219,-2026,-3068,-3874,-5060,-3575,-987,-1696
-2131,855,1300,-311,-2193,-2008,-3066,-3848,-5049,-3558,-978,-1698
-2106,839,1294,-315,-2169,-1985,-3067,-3823,-5037,-3542,-975,-1703
-2085,823,1292,-321,-2152,-1963,-3069,-3805,-5027,-3533,-982,-1712
-2064,810,1285,-322,-2135,-1943,-3072,-3793,-5022,-3529,-995,-1721
-2050,796,1286,-328,-2130,-1927,-3078,-3789,-5022,-3531,-1013,-1734
-2042,784,1290,-335,-2133,-1916,-3087,-3792,-5024,-3535,-1037,-1752
-2033,774,1291,-339,-2136,-1906,-3098,-3799,-5027,-3536,-1063,-1769
-2023,766,1288,-338,-2137,-1895,-3108,-3806,-5028,-3536,-1089,-1789
-2020,760,1288,-339,-2147,-1890,-3118,-3815,-5027,-3541,-1122,-1810
-2028,752,1301,-349,-2174,-1890,-3131,-3829,-5028,-3548,-1163,-1832
-2038,747,1314,-358,-2203,-1892,-3141,-3847,-5029,-3556,-1208,-1852
-2050,746,1323,-362,-2231,-1899,-3150,-3865,-5031,-3566,-1256,-1869
-2063,750,1328,-361,-2258,-1908,-3161,-3883,-5035,-3578,-1304,-1882
-2076,752,1336,-362,-2286,-1916,-3173,-3902,-5040,-3592,-1351,-1893
-2093,753,1348,-369,-2319,-1925,-3187,-3928,-5048,-3605,-1401,-1904
-2109,755,1356,-372,-2349,-1934,-3199,-3949,-5055,-3614,-1445,-1911
-2118,756,1360,-375,-2369,-1937,-3208,-3965,-5056,-3614,-1483,-1912
-2126,755,1365,-379,-2388,-1938,-3216,-3978,-5055,-3611,-1514,-1914
-2132,752,1370,-385,-2404,-1936,-3221,-3988,-5055,-3607,-1540,-1916
-2133,746,1372,-393,-2414,-1929,-3223,-3993,-5051,-3596,-1557,-1917
-2144,735,1391,-414,-2439,-1926,-3228,-4002,-5049,-3591,-1573,-1921
-2154,726,1407,-435,-2460,-1922,-3232,-4007,-5045,-3584,-1584,-1922
-2164,716,1424,-455,-2479,-1919,-3233,-4004,-5039,-3572,-1585,-1923
-2179,707,1446,-479,-2502,-1919,-3235,-4001,-5034,-3561,-1584,-1922
-2190,700,1463,-499,-2518,-1919,-3237,-3991,-5026,-3543,-1574,-1917
-2197,693,1476,-516,-2527,-1915,-3239,-3978,-5015,-3526,-1557,-1910
-2203,684,1490,-535,-2534,-1911,-3242,-3966,-5005,-3515,-1539,-1902
-2210,676,1507,-556,-2542,-1907,-3244,-3954,-4994,-3507,-1522,-1895
-2215,674,1514,-566,-2541,-1907,-3242,-3936,-4978,-3494,-1499,-1886
-2212,680,1506,-561,-2523,-1907,-3233,-3907,-4955,-3475,-1467,-1874
-2204,685,1496,-554,-2500,-1904,-3222,-3872,-4932,-3462,-1430,-1865
-2192,686,1485,-548,-2474,-1897,-3213,-3836,-4909,-3454,-1392,-1857
-2182,687,1477,-545,-2450,-1890,-3205,-3800,-4887,-3449,-1355,-1852
-2171,685,1470,-544,-2427,-1882,-3199,-3761,-4863,-3442,-1319,-1847
-2152,681,1459,-541,-2397,-1868,-3195,-3720,-4840,-3434,-1281,-1841
-2131,670,1452,-544,-2368,-1849,-3195,-3681,-4820,-3428,-1248,-1835
-2116,657,1453,-553,-2349,-1833,-3199,-3647,-4801,-3423,-1220,-1830
-2107,645,1458,-564,-2338,-1822,-3208,-3614,-4780,-3416,-1198,-1824
-2095,631,1461,-574,-2325,-1809,-3223,-3587,-4760,-3405,-1179,-1818
-2085,617,1467,-585,-2315,-1797,-3237,-3570,-4741,-3394,-1169,-1813
-2064,606,1458,-585,-2291,-1779,-3244,-3549,-4720,-3370,-1157,-1806
-2042,590,1452,-588,-2270,-1759,-3247,-3527,-4702,-3349,-1149,-1801
-2020,570,1451,-597,-2253,-1736,-3247,-3508,-4687,-3335,-1150,-1796
-1994,548,1444,-604,-2231,-1709,-3246,-3490,-4674,-3323,-1155,-1790
-1971,527,1441,-611,-2216,-1685,-3250,-3480,-4665,-3317,-1167,-1788
-1955,512,1438,-616,-2208,-1670,-3254,-3473,-4661,-3312,-1184,-1789
-1944,504,1432,-612,-2200,-1661,-3259,-3466,-4660,-3305,-1201,-1790
-1929,498,1420,-604,-2189,-1652,-3263,-3458,-4658,-3295,-1219,-1793
-1919,493,1412,-598,-2183,-1645,-3269,-3456,-4656,-3291,-1238,-1796
-1920,487,1416,-601,-2195,-1645,-3278,-3464,-4656,-3291,-1263,-1802
-1924,484,1420,-604,-2209,-1646,-3289,-3477,-4653,-3289,-1292,-1808
-1927,482,1423,-604,-2222,-1648,-3300,-3491,-4648,-3283,-1322,-1812
-1928,480,1424,-605,-2232,-1648,-3308,-3497,-4638,-3271,-1350,-1814
-1929,476,1428,-609,-2244,-1644,-3318,-3500,-4625,-3258,-1376,-1813
-1936,467,1442,-623,-2266,-1641,-3325,-3507,-4614,-3245,-1404,-1816
-1937,457,1452,-637,-2281,-1632,-3330,-3513,-4603,-3230,-1429,-1818
-1927,444,1456,-649,-2284,-1613,-3334,-3517,-4591,-3215,-1452,-1817
-1917,431,1458,-661,-2285,-1594,-3340,-3522,-4577,-3200,-1470,-1814
-1908,420,1462,-673,-2287,-1576,-3349,-3529,-4565,-3189,-1485,-1813
-1898,409,1464,-684,-2285,-1557,-3354,-3532,-4552,-3173,-1493,-1812
-1901,398,1481,-706,-2301,-1545,-3359,-3542,-4543,-3165,-1506,-1817
-1908,391,1497,-725,-2317,-1539,-3362,-3550,-4532,-3155,-1514,-1822
-1914,389,1509,-739,-2330,-1535,-3365,-3550,-4518,-3143,-1516,-1824
-1925,388,1524,-754,-2346,-1534,-3368,-3546,-4506,-3132,-1516,-1828
-1933,391,1534,-763,-2355,-1535,-3366,-3537,-4490,-3116,-1506,-1827
-1939,395,1539,-769,-2359,-1535,-3362,-3522,-4470,-3095,-1491,-1825
-1944,399,1545,-775,-2363,-1536,-3360,-3505,-4450,-3074,-1476,-1822
-1952,402,1554,-784,-2369,-1538,-3358,-3488,-4431,-3057,-1465,-1820
-1958,407,1558,-788,-2370,-1540,-3353,-3465,-4408,-3035,-1449,-1816
-1955,417,1548,-779,-2355,-1541,-3342,-3434,-4380,-3005,-1423,-1806
-1949,428,1534,-767,-2336,-1542,-3334,-3398,-4352,-2977,-1394,-1797
-1944,438,1522,-756,-2317,-1544,-3333,-3360,-4326,-2948,-1362,-1789
-1938,443,1513,-749,-2301,-1543,-3336,-3324,-4302,-2921,-1330,-1783
-1931,446,1504,-744,-2284,-1541,-3338,-3292,-4280,-2895,-1299,-1778
-1919,447,1491,-735,-2260,-1535,-3338,-3258,-4255,-2867,-1265,-1769
-1906,446,1479,-728,-2238,-1529,-3338,-3225,-4231,-2840,-1231,-1762
-1894,442,1470,-724,-2218,-1522,-3337,-3191,-4208,-2812,-1203,-1758
-1887,439,1464,-721,-2205,-1520,-3335,-3155,-4185,-2789,-1178,-1752
-1881,437,1458,-717,-2192,-1519,-3331,-3119,-4159,-2763,-1156,-1744
-1873,431,1453,-715,-2181,-1515,-3325,-3088,-4134,-2740,-1140,-1736
-1851,423,1434,-704,-2150,-1501,-3310,-3050,-4106,-2709,-1120,-1722
-1825,409,1419,-699,-2121,-1482,-3296,-3016,-4079,-2678,-1099,-1707
-1804,396,1407,-695,-2099,-1465,-3287,-2991,-4056,-2652,-1084,-1694
-1776,384,1387,-685,-2066,-1445,-3279,-2970,-4033,-2630,-1070,-1679
-1746,369,1368,-678,-2035,-1421,-3269,-2950,-4010,-2613,-1063,-1668
-1717,352,1352,-673,-2007,-1397,-3258,-2932,-3987,-2596,-1058,-1658
-1688,335,1337,-669,-1980,-1371,-3246,-2909,-3960,-2575,-1053,-1645
-1657,317,1320,-665,-1951,-1343,-3231,-2881,-3932,-2551,-1046,-1632
-1626,297,1307,-665,-1926,-1313,-3219,-2860,-3907,-2532,-1043,-1623
-1605,273,1307,-676,-1916,-1286,-3210,-2850,-3885,-2517,-1048,-1618
-1591,254,1311,-689,-1914,-1266,-3204,-2843,-3866,-2501,-1057,-1615
-1580,238,1315,-698,-1913,-1250,-3201,-2839,-3849,-2488,-1069,-1612
-1570,227,1316,-704,-1912,-1235,-3199,-2839,-3832,-2471,-1080,-1609
-1557,215,1315,-709,-1908,-1219,-3196,-2841,-3816,-2454,-1092,-1608
-1552,206,1322,-718,-1913,-1207,-3193,-2847,-3800,-2441,-1109,-1610
-1547,202,1321,-720,-1914,-1198,-3185,-2852,-3783,-2426,-1124,-1608
-1539,201,1316,-717,-1909,-1189,-3174,-2853,-3765,-2413,-1136,-1602
-1527,197,1311,-717,-1902,-1175,-3162,-2855,-3747,-2399,-1143,-1595
-1522,195,1310,-719,-1902,-1166,-3151,-2855,-3729,-2384,-1148,-1585
-1520,197,1309,-719,-1903,-1161,-3141,-2851,-3709,-2362,-1146,-1572
-1527,195,1322,-732,-1918,-1158,-3140,-2857,-3692,-2345,-1147,-1564
-1533,192,1333,-745,-1932,-1155,-3138,-2869,-3675,-2327,-1145,-1558
-1533,189,1339,-755,-1937,-1147,-3137,-2877,-3659,-2308,-1139,-1549
-1536,186,1348,-767,-1945,-1141,-3141,-2887,-3642,-2290,-1131,-1539
-1532,181,1351,-776,-1945,-1130,-3140,-2893,-3622,-2271,-1117,-1527
-1523,176,1351,-784,-1939,-1116,-3136,-2895,-3601,-2251,-1097,-1513
-1516,169,1351,-793,-1934,-1103,-3132,-2896,-3582,-2232,-1078,-1500
-1508,163,1353,-803,-1929,-1090,-3128,-2901,-3565,-2216,-1061,-1487
-1494,155,1349,-810,-1915,-1072,-3120,-2899,-3548,-2200,-1041,-1471
-1467,148,1330,-806,-1882,-1048,-3107,-2890,-3527,-2178,-1011,-1448
-1434,140,1305,-798,-1841,-1019,-3098,-2882,-3505,-2157,-979,-1423
-1402,137,1279,-786,-1800,-996,-3094,-2875,-3482,-2135,-944,-1397
-1373,136,1252,-771,-1759,-977,-3092,-2871,-3463,-2113,-911,-1375
-1346,135,1226,-755,-1721,-960,-3092,-2872,-3444,-2092,-879,-1355
-1315,133,1197,-738,-1677,-940,-3091,-2870,-3423,-2068,-844,-1337
-1286,127,1174,-726,-1639,-919,-3092,-2865,-3401,-2045,-809,-1321
-1260,115,1160,-723,-1609,-898,-3093,-2858,-3381,-2023,-775,-1308
-1236,99,1150,-725,-1583,-875,-3094,-2843,-3362,-1999,-745,-1295
-1209,82,1139,-725,-1555,-851,-3097,-2823,-3341,-1971,-716,-1280
-1183,64,1129,-727,-1528,-826,-3097,-2807,-3316,-1939,-691,-1265
-1144,48,1104,-717,-1483,-793,-3089,-2787,-3283,-1896,-657,-1244
-1099,26,1080,-712,-1434,-753,-3085,-2771,-3249,-1856,-623,-1224
-1057,2,1059,-708,-1390,-714,-3086,-2760,-3216,-1820,-594,-1207
-1012,-21,1034,-702,-1342,-672,-3084,-2750,-3179,-1782,-563,-1185
-969,-46,1015,-702,-1300,-630,-3081,-2741,-3143,-1747,-534,-1165
-928,-73,998,-704,-1260,-587,-3074,-2730,-3105,-1713,-508,-1147
-885,-97,975,-700,-1216,-545,-3064,-2716,-3066,-1676,-481,-1126
-839,-117,946,-690,-1166,-502,-3051,-2698,-3026,-1635,-452,-1100
-795,-137,921,-683,-1120,-461,-3037,-2680,-2985,-1597,-423,-1076
-760,-159,906,-685,-1088,-422,-3022,-2665,-2943,-1563,-400,-1054
-726,-181,892,-688,-1057,-385,-3003,-2646,-2899,-1526,-379,-1030
-691,-204,877,-691,-1026,-346,-2977,-2619,-2846,-1482,-357,-1000
-650,-230,861,-697,-989,-299,-2945,-2580,-2788,-1428,-334,-965
-598,-261,840,-703,-943,-243,-2906,-2532,-2727,-1368,-309,-928
-547,-295,823,-715,-900,-183,-2870,-2487,-2666,-1312,-287,-895
-492,-327,800,-723,-851,-123,-2833,-2442,-2603,-1249,-263,-859
-435,-357,773,-728,-798,-62,-2795,-2400,-2538,-1183,-235,-823
-374,-388,744,-733,-741,2,-2754,-2361,-2475,-1121,-205,-786
-315,-422,721,-744,-688,67,-2713,-2325,-2415,-1063,-175,-752
-256,-457,699,-757,-637,132,-2668,-2286,-2353,-1002,-141,-716
-207,-495,689,-781,-601,192,-2629,-2255,-2291,-946,-111,-681
-156,-531,677,-803,-561,253,-2590,-2224,-2225,-890,-78,-642
-98,-566,658,-820,-512,317,-2549,-2184,-2150,-825,-37,-599
-43,-601,642,-839,-466,379,-2507,-2142,-2070,-757,5,-554
17,-634,619,-852,-413,443,-2462,-2093,-1985,-685,54,-506
84,-669,591,-861,-350,512,-2415,-2036,-1893,-608,110,-454
154,-705,563,-872,-286,584,-2366,-1975,-1799,-526,170,-399
222,-743,537,-884,-224,655,-2317,-1912,-1702,-444,228,-345
291,-777,505,-889,-157,724,-2265,-1840,-1599,-361,287,-294
371,-805,457,-878,-72,796,-2201,-1756,-1493,-273,352,-241
454,-831,403,-862,20,869,-2130,-1667,-1388,-184,419,-191
536,-858,349,-844,111,941,-2056,-1577,-1284,-98,484,-142
617,-887,299,-830,199,1014,-1981,-1487,-1181,-16,547,-95
695,-917,251,-817,284,1086,-1905,-1402,-1081,60,608,-53
780,-951,198,-802,377,1164,-1826,-1313,-982,138,673,-9
865,-993,153,-796,466,1249,-1748,-1219,-882,214,738,37
946,-1038,114,-797,548,1333,-1674,-1124,-782,287,805,83
1028,-1086,76,-798,630,1418,-1600,-1028,-682,358,869,129
1116,-1137,35,-799,718,1510,-1522,-927,-575,434,935,176
1203,-1188,-7,-800,807,1602,-1442,-820,-463,512,1001,225
1303,-1237,-63,-789,913,1699,-1357,-702,-341,602,1079,282
1408,-1289,-123,-777,1026,1804,-1280,-588,-221,693,1157,338
1514,-1342,-182,-767,1138,1909,-1211,-487,-102,784,1234,396
1626,-1395,-247,-753,1258,2018,-1146,-390,19,884,1317,459
1739,-1453,-308,-745,1375,2131,-1086,-304,137,983,1401,525
1850,-1509,-370,-736,1491,2241,-1034,-231,252,1082,1486,593
1965,-1562,-436,-723,1613,2352,-987,-168,364,1183,1571,664
2084,-1611,-510,-703,1742,2463,-945,-113,474,1284,1659,737
2203,-1659,-584,-682,1870,2574,-905,-72,576,1381,1743,807
2312,-1709,-646,-672,1984,2679,-870,-48,671,1471,1818,871
2418,-1760,-704,-666,2093,2782,-837,-38,761,1559,1887,933
2525,-1810,-762,-660,2202,2886,-809,-40,848,1648,1954,995
2637,-1863,-820,-658,2314,2995,-783,-51,933,1742,2022,1061
2755,-1921,-881,-658,2432,3111,-756,-69,1018,1835,2093,1130
2871,-1980,-936,-663,2545,3228,-728,-98,1100,1921,2160,1196
2991,-2042,-991,-671,2660,3348,-693,-128,1187,2008,2229,1264
3116,-2106,-1048,-681,2779,3474,-650,-156,1278,2098,2298,1333
3245,-2172,-1108,-691,2903,3603,-600,-182,1372,2194,2368,1402
3373,-2237,-1166,-702,3026,3732,-549,-209,1467,2292,2440,1471
3499,-2299,-1225,-711,3147,3858,-505,-236,1560,2389,2518,1539
3613,-2364,-1269,-731,3251,3978,-475,-277,1648,2476,2589,1601
3722,-2426,-1309,-753,3350,4092,-451,-323,1736,2564,2661,1666
3832,-2486,-1352,-773,3451,4207,-435,-372,1821,2651,2738,1734
3937,-2548,-1388,-797,3544,4319,-424,-428,1905,2738,2818,1803
4044,-2608,-1428,-818,3641,4432,-414,-484,1990,2830,2903,1879
4156,-2670,-1472,-836,3745,4550,-402,-538,2079,2928,2995,1960
4271,-2734,-1517,-855,3852,4672,-389,-592,2173,3030,3089,2044
4387,-2800,-1561,-875,3959,4795,-374,-645,2271,3140,3185,2130
4509,-2865,-1613,-888,4076,4922,-363,-690,2373,3260,3287,2222
4648,-2931,-1682,-888,4214,5060,-351,-721,2485,3391,3404,2326
4796,-2997,-1761,-882,4366,5205,-345,-749,2604,3525,3530,2433
4950,-3065,-1845,-871,4526,5354,-343,-777,2731,3666,3664,2544
5109,-3135,-1933,-858,4692,5508,-348,-816,2859,3812,3801,2656
5271,-3207,-2022,-845,4860,5665,-358,-874,2982,3961,3936,2768
5445,-3283,-2121,-826,5043,5833,-372,-947,3103,4112,4076,2885
5624,-3365,-2221,-809,5229,6007,-396,-1042,3221,4263,4218,3005
5805,-3451,-2317,-797,5415,6185,-429,-1161,3330,4412,4362,3127
5993,-3546,-2414,-789,5606,6373,-471,-1302,3429,4558,4505,3248
6188,-3648,-2512,-784,5803,6571,-518,-1467,3522,4702,4649,3373
6389,-3758,-2608,-786,6001,6777,-577,-1660,3604,4839,4788,3497
6602,-3868,-2716,-780,6217,6992,-651,-1873,3679,4977,4932,3624
6821,-3983,-2826,-776,6436,7213,-741,-2101,3745,5108,5077,3752
7033,-4100,-2928,-778,6646,7430,-846,-2346,3798,5230,5214,3876
7244,-4213,-3032,-777,6856,7645,-958,-2603,3842,5350,5347,3998
7446,-4325,-3129,-781,7056,7853,-1080,-2869,3879,5463,5476,4115
7641,-4435,-3221,-787,7246,8055,-1213,-3146,3907,5566,5599,4226
7835,-4542,-3313,-792,7436,8253,-1353,-3434,3924,5659,5720,4335
8025,-4643,-3409,-791,7625,8446,-1503,-3734,3927,5743,5837,4441
8209,-4743,-3499,-795,7806,8633,-1671,-4053,3917,5815,5948,4541
8381,-4845,-3574,-811,7969,8814,-1857,-4395,3893,5874,6046,4631
8550,-4944,-3646,-828,8127,8992,-2059,-4754,3860,5932,6139,4718
8719,-5042,-3721,-843,8287,9168,-2274,-5126,3822,5985,6230,4805
8881,-5130,-3797,-853,8443,9334,-2501,-5506,3779,6035,6319,4893
9037,-5212,-3872,-860,8594,9491,-2740,-5889,3735,6086,6411,4984
9183,-5291,-3940,-871,8734,9640,-2994,-6285,3683,6133,6496,5074
9326,-5363,-4011,-875,8874,9783,-3257,-6684,3629,6185,6578,5166
9471,-5432,-4085,-877,9017,9924,-3528,-7084,3576,6242,6659,5256
9615,-5500,-4160,-878,9160,10064,-3807,-7487,3521,6299,6742,5345
9756,-5565,-4233,-880,9301,10202,-4093,-7891,3459,6348,6825,5432
9897,-5629,-4308,-879,9443,10338,-4386,-8289,3392,6396,6909,5517
10028,-5694,-4370,-888,9569,10468,-4685,-8686,3320,6437,6984,5597
10150,-5753,-4429,-895,9689,10588,-4984,-9075,3248,6477,7053,5675
10269,-5807,-4490,-896,9809,10704,-5283,-9453,3178,6518,7119,5753
10377,-5854,-4546,-897,9919,10807,-5584,-9823,3109,6549,7179,5825
10480,-5896,-4603,-893,10027,10905,-5882,-10178,3041,6577,7235,5894
10581,-5936,-4659,-888,10132,10999,-6175,-10518,2968,6601,7287,5961
10674,-5976,-4707,-887,10228,11089,-6468,-10849,2892,6623,7338,6026
10762,-6017,-4750,-889,10318,11176,-6762,-11178,2816,6643,7386,6090
10853,-6056,-4797,-887,10413,11265,-7054,-11495,2745,6670,7439,6156
10952,-6092,-4857,-873,10521,11356,-7340,-11793,2680,6703,7500,6229
11054,-6129,-4918,-857,10634,11450,-7620,-12078,2613,6733,7562,6301
11154,-6167,-4978,-841,10743,11542,-7898,-12356,2541,6760,7624,6370
11250,-6205,-5034,-827,10849,11634,-8179,-12634,2465,6780,7682,6436
11343,-6245,-5086,-816,10948,11724,-8466,-12914,2384,6796,7735,6499
11441,-6286,-5143,-801,11055,11817,-8750,-13182,2301,6811,7791,6560
11538,-6331,-5195,-791,11158,11914,-9033,-13445,2214,6819,7846,6616
11629,-6378,-5240,-786,11251,12007,-9313,-13708,2121,6823,7896,6667
11711,-6423,-5279,-784,11335,12094,-9584,-13965,2022,6826,7943,6717
11792,-6469,-5316,-782,11416,12180,-9845,-14212,1923,6830,7988,6767
11873,-6517,-5351,-784,11495,12267,-10093,-14456,1822,6830,8025,6814
11966,-6565,-5398,-777,11590,12363,-10328,-14686,1722,6833,8064,6862
12064,-6617,-5447,-772,11690,12464,-10559,-14908,1624,6835,8106,6907
12158,-6671,-5490,-772,11781,12563,-10787,-15130,1529,6835,8142,6948
12256,-6726,-5536,-772,11879,12667,-11009,-15348,1438,6841,8178,6991
12354,-6783,-5580,-775,11973,12770,-11229,-15561,1344,6843,8211,7028
12449,-6840,-5620,-781,12063,12871,-11447,-15771,1246,6837,8237,7061
12546,-6897,-5665,-785,12157,12974,-11657,-15972,1151,6834,8263,7095
12653,-6957,-5714,-789,12261,13084,-11857,-16156,1062,6834,8293,7132
12763,-7022,-5762,-798,12365,13201,-12044,-16325,978,6834,8328,7170
12869,-7094,-5797,-822,12458,13318,-12225,-16484,898,6833,8360,7202
12973,-7168,-5829,-850,12547,13436,-12400,-16638,821,6833,8389,7232
13078,-7241,-5861,-877,12637,13553,-12570,-16789,745,6834,8417,7262
13182,-7311,-5896,-902,12728,13668,-12740,-16933,669,6839,8442,7293
13288,-7379,-5933,-924,12822,13783,-12908,-17075,594,6845,8469,7327
13389,-7447,-5965,-952,12907,13893,-13079,-17225,514,6845,8493,7363
13489,-7509,-6001,-973,12997,14000,-13252,-17380,432,6847,8518,7404
13594,-7567,-6044,-987,13093,14108,-13428,-17538,347,6852,8548,7448
13706,-7625,-6094,-997,13199,14220,-13614,-17708,255,6865,8583,7497
13816,-7681,-6143,-1008,13303,14330,-13815,-17891,157,6879,8624,7549
13927,-7734,-6195,-1014,13410,14439,-14028,-18085,53,6896,8670,7604
14025,-7784,-6237,-1025,13502,14537,-14254,-18298,-62,6903,8714,7657
14113,-7824,-6279,-1030,13587,14623,-14484,-18523,-179,6910,8754,7713
14202,-7860,-6325,-1029,13676,14707,-14713,-18745,-295,6916,8801,7773
14288,-7900,-6365,-1034,13759,14791,-14936,-18962,-410,6921,8848,7834
14377,-7940,-6406,-1039,13845,14878,-15148,-19169,-522,6930,8901,7898
14467,-7982,-6449,-1043,13933,14967,-15350,-19366,-628,6944,8957,7964
14552,-8023,-6486,-1050,14015,15052,-15548,-19553,-727,6963,9015,8031
14628,-8062,-6519,-1058,14087,15130,-15741,-19732,-817,6987,9069,8099
14701,-8096,-6554,-1060,14160,15203,-15927,-19897,-895,7021,9124,8171
14780,-8124,-6603,-1049,14246,15275,-16100,-20038,-955,7073,9189,8248
14857,-8147,-6655,-1031,14334,15344,-16264,-20160,-1002,7135,9263,8330
14931,-8167,-6710,-1009,14421,15407,-16426,-20270,-1038,7205,9342,8415
15001,-8186,-6763,-986,14504,15467,-16589,-20372,-1065,7278,9423,8502
15066,-8204,-6813,-964,14583,15523,-16755,-20471,-1083,7356,9506,8589
15134,-8217,-6872,-932,14669,15578,-16918,-20558,-1089,7444,9599,8679
15199,-8228,-6932,-897,14754,15629,-17075,-20632,-1086,7540,9696,8773
15257,-8236,-6989,-861,14832,15674,-17228,-20696,-1073,7642,9796,8867
15310,-8244,-7043,-826,14904,15714,-17379,-20749,-1052,7751,9899,8965
15365,-8253,-7098,-791,14979,15756,-17527,-20796,-1026,7869,10010,9069
15423,-8264,-7153,-757,15055,15802,-17673,-20848,-1000,7987,10127,9176
15491,-8275,-7220,-714,15146,15854,-17812,-20893,-967,8117,10256,9293
15562,-8287,-7288,-670,15239,15908,-17951,-20938,-935,8251,10392,9415
15622,-8296,-7349,-629,15321,15954,-18092,-20992,-911,8380,10528,9541
15682,-8297,-7417,-577,15406,15993,-18236,-21045,-895,8505,10673,9671
15736,-8289,-7486,-519,15488,16022,-18384,-21094,-883,8628,10820,9802
15779,-8271,-7554,-456,15561,16038,-18535,-21135,-872,8751,10964,9935
15811,-8240,-7624,-382,15629,16037,-18688,-21162,-860,8877,11105,10067
15835,-8196,-7697,-298,15693,16022,-18839,-21179,-852,9001,11241,10196
15846,-8142,-7765,-213,15743,15992,-18990,-21197,-857,9108,11369,10318
15832,-8081,-7814,-135,15766,15941,-19144,-21226,-880,9191,11481,10426
15800,-8008,-7855,-55,15770,15870,-19298,-21257,-913,9261,11580,10523
15752,-7923,-7891,29,15762,15780,-19446,-21278,-950,9320,11670,10615
15693,-7829,-7924,114,15742,15676,-19581,-21288,-986,9375,11754,10703
15626,-7729,-7952,200,15716,15563,-19705,-21285,-1015,9432,11833,10786
15541,-7625,-7967,277,15668,15436,-19823,-21273,-1035,9484,11901,10858
15450,-7514,-7980,358,15615,15300,-19929,-21244,-1040,9540,11966,10928
15353,-7399,-7992,438,15557,15158,-20026,-21194,-1030,9597,12032,10996
15252,-7280,-8002,518,15495,15010,-20115,-21121,-1004,9657,12096,11063
15138,-7156,-8004,596,15420,14850,-20193,-21026,-957,9728,12156,11126
15013,-7024,-8002,674,15334,14678,-20260,-20899,-884,9815,12221,11189
14869,-6889,-7986,746,15228,14492,-20319,-20752,-786,9906,12284,11244
14716,-6747,-7966,818,15111,14294,-20369,-20587,-668,10007,12345,11298
14563,-6602,-7951,895,14999,14095,-20410,-20401,-531,10123,12413,11357
14403,-6458,-7928,966,14877,13893,-20449,-20208,-382,10240,12481,11416
14247,-6316,-7908,1039,14759,13694,-20485,-20008,-226,10360,12548,11478
14092,-6174,-7890,1113,14645,13497,-20518,-19804,-67,10478,12616,11543
13932,-6032,-7869,1186,14524,13297,-20549,-19601,86,10590,12679,11605
13766,-5889,-7843,1258,14396,13091,-20579,-19401,228,10689,12732,11663
13599,-5743,-7821,1335,14270,12883,-20601,-19199,360,10777,12783,11721
13437,-5592,-7811,1425,14156,12676,-20611,-18991,486,10861,12838,11781
13276,-5441,-7803,1518,14044,12469,-20614,-18779,603,10934,12891,11839
13109,-5288,-7791,1610,13925,12257,-20612,-18567,709,10994,12938,11893
12940,-5138,-7777,1701,13804,12045,-20608,-18358,802,11047,12983,11943
12771,-4990,-7760,1789,13681,11835,-20597,-18153,886,11100,13029,11989
12613,-4844,-7753,1884,13572,11635,-20579,-17946,963,11166,13086,12041
12463,-4710,-7742,1970,13465,11446,-20561,-17748,1029,11238,13150,12096
12324,-4590,-7730,2046,13365,11275,-20540,-17564,1080,11316,13218,12157
12198,-4480,-7720,2118,13276,11119,-20519,-17396,1118,11396,13289,12220
12089,-4377,-7719,2192,13203,10979,-20495,-17236,1157,11489,13370,12289
11990,-4284,-7720,2260,13139,10853,-20466,-17086,1202,11595,13461,12364
11909,-4192,-7735,2338,13096,10739,-20428,-16934,1259,11724,13567,12448
11844,-4110,-7757,2414,13068,10642,-20382,-16776,1321,11871,13683,12536
11783,-4037,-7772,2480,13038,10554,-20333,-16613,1389,12023,13800,12622
11734,-3972,-7791,2543,13019,10479,-20277,-16440,1467,12178,13922,12711
11688,-3914,-7805,2598,12999,10411,-20216,-16264,1544,12327,14044,12793
11644,-3863,-7813,2644,12976,10349,-20150,-16087,1618,12464,14160,12868
11600,-3813,-7818,2688,12951,10287,-20074,-15910,1688,12596,14273,12937
11559,-3765,-7823,2730,12927,10228,-19991,-15732,1752,12719,14385,13003
11514,-3720,-7822,2765,12897,10168,-19901,-15558,1811,12839,14494,13065
11461,-3680,-7806,2786,12851,10107,-19810,-15392,1868,12957,14595,13122
11405,-3646,-7780,2797,12797,10047,-19716,-15228,1933,13085,14694,13179
11354,-3614,-7757,2806,12746,9992,-19615,-15059,2015,13225,14793,13238
11304,-3583,-7733,2814,12697,9937,-19511,-14883,2113,13380,14890,13296
11257,-3553,-7711,2822,12650,9885,-19399,-14698,2225,13549,14989,13355
11199,-3522,-7679,2821,12589,9826,-19284,-14513,2347,13722,15082,13410
11140,-3489,-7647,2822,12528,9764,-19161,-14320,2479,13900,15176,13461
11083,-3455,-7619,2824,12470,9702,-19033,-14120,2614,14074,15267,13509
11031,-3423,-7593,2825,12416,9645,-18902,-13920,2742,14230,15353,13552
10980,-3397,-7565,2820,12362,9592,-18770,-13727,2854,14361,15432,13588
10931,-3373,-7535,2812,12308,9542,-18634,-13536,2946,14465,15502,13616
10876,-3357,-7493,2789,12241,9494,-18492,-13359,3008,14533,15554,13635
10821,-3348,-7444,2756,12171,9450,-18341,-13197,3038,14556,15585,13642
10776,-3346,-7398,2720,12108,9417,-18178,-13041,3031,14534,15599,13638
10730,-3357,-7340,2667,12038,9392,-18006,-12899,2980,14460,15587,13618
10690,-3377,-7279,2606,11969,9378,-17819,-12771,2885,14330,15548,13580
10654,-3406,-7215,2536,11901,9372,-17615,-12653,2741,14140,15480,13526
10615,-3445,-7137,2450,11822,9371,-17397,-12545,2541,13889,15380,13450
10566,-3492,-7042,2348,11726,9369,-17169,-12447,2291,13580,15246,13353
10512,-3544,-6939,2238,11621,9366,-16930,-12351,1997,13221,15079,13233
10461,-3597,-6839,2130,11521,9367,-16675,-12254,1653,12810,14885,13098
10408,-3652,-6734,2018,11416,9368,-16406,-12162,1251,12335,14661,12943
10341,-3705,-6618,1900,11295,9359,-16130,-12078,791,11800,14401,12763
10255,-3755,-6487,1775,11151,9333,-15845,-12001,281,11210,14102,12555
10145,-3799,-6338,1644,10980,9289,-15552,-11925,-271,10569,13763,12317
10019,-3835,-6181,1513,10793,9229,-15248,-11840,-853,9889,13393,12053
9869,-3864,-6008,1379,10580,9148,-14936,-11747,-1458,9178,12993,11761
9695,-3884,-5819,1240,10339,9045,-14622,-11647,-2072,8451,12563,11444
9497,-3893,-5616,1101,10074,8919,-14309,-11532,-2684,7721,12107,11106
9283,-3893,-5409,967,9795,8777,-13994,-11394,-3274,7001,11634,10754
9054,-3881,-5195,838,9501,8616,-13682,-11239,-3836,6295,11148,10390
8816,-3856,-4988,722,9205,8441,-13368,-11057,-4357,5624,10663,10022
8568,-3821,-4779,613,8902,8252,-13056,-10851,-4834,4985,10179,9648
8303,-3778,-4561,504,8580,8046,-12748,-10629,-5266,4368,9690,9262
8028,-3723,-4347,405,8254,7826,-12437,-10381,-5653,3779,9201,8872
7742,-3658,-4129,311,7918,7592,-12131,-10117,-5999,3214,8713,8479
7447,-3585,-3911,222,7575,7346,-11829,-9844,-6306,2681,8233,8089
7153,-3504,-3700,143,7238,7095,-11529,-9557,-6575,2181,7764,7705
6868,-3420,-3502,73,6915,6849,-11232,-9257,-6804,1719,7311,7332
6587,-3334,-3308,8,6596,6603,-10938,-8948,-6999,1288,6874,6967
6298,-3246,-3108,-62,6269,6352,-10652,-8642,-7169,877,6441,6604
6006,-3152,-2909,-128,5939,6094,-10369,-8336,-7315,487,6012,6239
5713,-3053,-2714,-188,5612,5832,-10088,-8027,-7436,122,5591,5880
5420,-2948,-2524,-243,5288,5567,-9808,-7714,-7528,-217,5182,5530
5132,-2840,-2341,-292,4971,5302,-9525,-7393,-7593,-536,4785,5187
4834,-2729,-2150,-345,4643,5029,-9242,-7072,-7637,-845,4392,4845
4533,-2613,-1961,-395,4314,4752,-8957,-6749,-7660,-1135,4006,4508
4233,-2493,-1775,-442,3988,4472,-8668,-6424,-7666,-1406,3631,4175
3934,-2372,-1591,-487,3666,4192,-8375,-6097,-7654,-1658,3267,3851
3633,-2252,-1404,-536,3339,3912,-8079,-5769,-7629,-1898,2913,3533
3333,-2131,-1220,-583,3016,3633,-7784,-5437,-7586,-2116,2572,3223
3028,-2012,-1028,-636,2685,3350,-7492,-5111,-7531,-2319,2239,2919
2721,-1890,-837,-689,2353,3065,-7202,-4790,-7464,-2503,1915,2624
2423,-1769,-656,-734,2035,2787,-6910,-4465,-7383,-2663,1610,2340
2127,-1648,-476,-780,1719,2510,-6620,-4141,-7290,-2807,1318,2065
1834,-1525,-303,-818,1410,2233,-6331,-3812,-7183,-2935,1038,1799
1548,-1403,-135,-854,1110,1962,-6039,-3476,-7065,-3050,770,1540
1264,-1284,33,-892,811,1694,-5744,-3136,-6935,-3161,507,1281
974,-1162,202,-928,507,1420,-5448,-2792,-6795,-3271,243,1021
683,-1036,369,-958,205,1143,-5152,-2440,-6648,-3375,-19,758
396,-903,523,-975,-86,864,-4852,-2074,-6490,-3467,-272,498
112,-767,672,-985,-372,584,-4555,-1700,-6324,-3553,-518,239
-175,-631,822,-995,-660,303,-4263,-1325,-6150,-3632,-756,-21
-462,-495,972,-1004,-948,21,-3978,-950,-5971,-3706,-987,-279
-751,-358,1123,-1012,-1239,-263,-3702,-579,-5796,-3781,-1213,-537
-1030,-225,1266,-1016,-1517,-538,-3432,-209,-5628,-3849,-1429,-788
-1305,-95,1408,-1021,-1793,-809,-3172,154,-5465,-3915,-1637,-1034
-1579,32,1552,-1028,-2069,-1077,-2919,511,-5304,-3975,-1839,-1275
-1851,157,1695,-1035,-2343,-1342,-2675,858,-5147,-4032,-2042,-1512
-2113,276,1834,-1043,-2609,-1597,-2436,1197,-4993,-4087,-2235,-1743
-2367,389,1971,-1052,-2868,-1843,-2210,1522,-4845,-4148,-2425,-1970
-2606,503,2092,-1051,-3108,-2079,-1991,1843,-4699,-4210,-2605,-2189
-2830,613,2201,-1044,-3329,-2303,-1780,2157,-4561,-4272,-2777,-2402
-3049,716,2313,-1043,-3550,-2519,-1579,2454,-4433,-4344,-2951,-2615
-3258,819,2415,-1036,-3759,-2729,-1387,2741,-4312,-4415,-3122,-2821
-3465,922,2515,-1028,-3964,-2936,-1210,3016,-4202,-4487,-3289,-3022
-3673,1027,2616,-1020,-4172,-3146,-1044,3279,-4102,-4557,-3456,-3221
-3879,1134,2713,-1009,-4376,-3354,-885,3529,-4012,-4627,-3617,-3416
-4076,1237,2806,-998,-4573,-3555,-733,3768,-3930,-4698,-3773,-3608
-4270,1336,2901,-993,-4768,-3750,-589,3994,-3857,-4771,-3925,-3793
-4466,1427,3008,-1001,-4973,-3941,-453,4199,-3796,-4852,-4081,-3979
-4660,1515,3116,-1015,-5178,-4128,-323,4387,-3748,-4936,-4240,-4162
-4846,1599,3221,-1029,-5375,-4307,-198,4561,-3709,-5022,-4397,-4342
-5026,1682,3322,-1044,-5565,-4481,-83,4724,-3676,-5107,-4549,-4513
-5194,1762,3415,-1057,-5743,-4644,29,4880,-3648,-5187,-4693,-4674
-5361,1835,3514,-1080,-5922,-4802,134,5019,-3624,-5268,-4837,-4826
-5514,1904,3606,-1102,-6088,-4947,237,5148,-3601,-5339,-4972,-4966
-5657,1968,3691,-1124,-6242,-5083,335,5269,-3580,-5406,-5101,-5098
-5790,2030,3769,-1144,-6385,-5211,424,5382,-3561,-5466,-5223,-5221
-5919,2089,3847,-1166,-6524,-5334,506,5483,-3547,-5526,-5340,-5339
-6042,2146,3918,-1185,-6654,-5452,587,5583,-3535,-5581,-5446,-5447
-6161,2197,3993,-1211,-6784,-5564,659,5671,-3528,-5637,-5547,-5549
-6282,2251,4067,-1235,-6914,-5678,728,5750,-3521,-5689,-5645,-5645
-6394,2306,4129,-1249,-7030,-5787,801,5831,-3511,-5729,-5728,-5730
-6502,2359,4189,-1263,-7141,-5893,870,5904,-3505,-5768,-5807,-5810
-6601,2412,4240,-1270,-7240,-5994,935,5971,-3496,-5800,-5880,-5880
-6693,2465,4283,-1271,-7329,-6089,996,6035,-3485,-5826,-5945,-5940
-6780,2513,4325,-1274,-7413,-6178,1052,6094,-3473,-5853,-6006,-5995
-6865,2555,4369,-1280,-7497,-6263,1101,6144,-3461,-5877,-6069,-6047
-6944,2596,4408,-1284,-7573,-6342,1150,6191,-3446,-5896,-6128,-6093
-7007,2634,4432,-1276,-7628,-6410,1207,6245,-3421,-5904,-6174,-6130
-7058,2668,4447,-1264,-7669,-6467,1263,6299,-3393,-5911,-6210,-6164
-7103,2694,4462,-1256,-7707,-6516,1315,6354,-3365,-5917,-6239,-6196
-7143,2714,4479,-1251,-7741,-6558,1364,6412,-3336,-5920,-6263,-6227
-7185,2730,4500,-1251,-7781,-6598,1406,6466,-3309,-5923,-6287,-6256
-7220,2743,4515,-1246,-7811,-6633,1448,6527,-3283,-5923,-6306,-6282
-7254,2752,4533,-1244,-7843,-6664,1485,6589,-3262,-5928,-6324,-6310
-7291,2761,4554,-1244,-7879,-6698,1518,6650,-3243,-5935,-6345,-6339
-7333,2770,4578,-1245,-7921,-6734,1547,6711,-3223,-5943,-6365,-6366
-7371,2778,4600,-1244,-7959,-6768,1575,6774,-3199,-5947,-6381,-6390
-7406,2783,4621,-1244,-7995,-6798,1602,6834,-3173,-5950,-6396,-6415
-7432,2793,4629,-1231,-8017,-6824,1632,6899,-3143,-5947,-6406,-6439
-7450,2805,4627,-1211,-8028,-6847,1665,6969,-3111,-5940,-6411,-6459
-7475,2819,4631,-1192,-8048,-6876,1701,7036,-3085,-5939,-6421,-6483
-7494,2833,4629,-1171,-8061,-6900,1739,7109,-3064,-5939,-6434,-6509
-7510,2842,4630,-1157,-8075,-6919,1773,7180,-3049,-5946,-6452,-6539
-7532,2851,4639,-1147,-8097,-6941,1802,7247,-3037,-5959,-6474,-6574
-7557,2862,4648,-1138,-8123,-6967,1827,7313,-3025,-5971,-6498,-6608
-7577,2875,4653,-1126,-8143,-6990,1852,7379,-3011,-5979,-6519,-6642
-7598,2886,4661,-1119,-8165,-7012,1878,7443,-2995,-5990,-6538,-6678
-7627,2895,4682,-1122,-8201,-7038,1899,7497,-2984,-6010,-6564,-6717
-7662,2905,4708,-1131,-8245,-7068,1921,7541,-2974,-6030,-6595,-6756
-7693,2916,4731,-1139,-8284,-7095,1945,7581,-2966,-6052,-6631,-6796
-7720,2927,4751,-1145,-8318,-7120,1969,7617,-2958,-6072,-6669,-6839
-7743,2941,4766,-1149,-8346,-7143,1991,7653,-2950,-6090,-6708,-6881
-7778,2955,4793,-1163,-8390,-7174,2013,7680,-2944,-6112,-6752,-6924
-7818,2973,4822,-1176,-8438,-7211,2038,7704,-2937,-6132,-6796,-6967
-7857,2996,4847,-1185,-8482,-7249,2066,7730,-2932,-6154,-6840,-7010
-7897,3021,4869,-1191,-8524,-7289,2099,7760,-2925,-6175,-6883,-7051
-7943,3051,4894,-1198,-8573,-7336,2131,7785,-2918,-6198,-6925,-7090
-7988,3081,4918,-1204,-8620,-7383,2162,7805,-2911,-6220,-6963,-7126
-8040,3111,4949,-1215,-8675,-7433,2188,7820,-2905,-6244,-7000,-7160
-8098,3145,4982,-1225,-8736,-7491,2216,7833,-2895,-6265,-7037,-7190
-8151,3182,5006,-1227,-8786,-7546,2250,7855,-2882,-6276,-7063,-7214
-8206,3216,5033,-1231,-8840,-7602,2287,7880,-2868,-6285,-7087,-7235
-8259,3251,5057,-1233,-8891,-7657,2329,7909,-2851,-6294,-7106,-7254
-8309,3287,5075,-1230,-8935,-7711,2372,7943,-2830,-6299,-7121,-7267
-8354,3315,5094,-1231,-8976,-7757,2413,7982,-2805,-6302,-7133,-7276
-8399,3337,5118,-1238,-9020,-7799,2456,8019,-2780,-6306,-7146,-7285
-8439,3353,5141,-1247,-9060,-7835,2503,8061,-2750,-6308,-7157,-7290
-8471,3369,5154,-1248,-9087,-7865,2558,8112,-2713,-6299,-7156,-7287
-8495,3381,5162,-1248,-9107,-7888,2613,8169,-2672,-6289,-7152,-7281
-8514,3386,5171,-1250,-9123,-7904,2668,8230,-2630,-6279,-7145,-7273
-8533,3388,5181,-1254,-9140,-7918,2723,8292,-2588,-6270,-7137,-7264
-8555,3389,5194,-1260,-9162,-7935,2776,8351,-2550,-6262,-7129,-7256
-8571,3390,5201,-1260,-9176,-7947,2834,8419,-2511,-6251,-7115,-7245
-8586,3387,5210,-1262,-9189,-7957,2894,8491,-2472,-6240,-7100,-7235
-8602,3381,5222,-1268,-9207,-7966,2950,8563,-2432,-6229,-7087,-7225
-8623,3377,5237,-1274,-9230,-7979,3001,8634,-2392,-6218,-7078,-7219
-8643,3376,5249,-1274,-9251,-7995,3049,8704,-2352,-6208,-7069,-7213
-8662,3373,5260,-1276,-9270,-8008,3092,8769,-2315,-6206,-7066,-7211
-8666,3370,5259,-1269,-9273,-8013,3136,8838,-2280,-6206,-7063,-7209
-8662,3367,5248,-1254,-9263,-8011,3177,8914,-2250,-6209,-7058,-7207
-8661,3362,5244,-1247,-9262,-8011,3214,8981,-2224,-6216,-7060,-7212
-8656,3360,5235,-1235,-9254,-8009,3253,9048,-2200,-6219,-7062,-7216
-8651,3358,5227,-1222,-9247,-8008,3292,9112,-2182,-6230,-7066,-7223
-8653,3360,5223,-1212,-9248,-8013,3327,9171,-2169,-6244,-7074,-7235
-8659,3365,5221,-1200,-9252,-8024,3362,9231,-2156,-6257,-7082,-7247
-8662,3373,5215,-1187,-9253,-8034,3392,9291,-2143,-6265,-7085,-7259
-8662,3378,5210,-1175,-9252,-8040,3418,9344,-2133,-6274,-7088,-7273
-8669,3381,5217,-1175,-9264,-8049,3436,9385,-2126,-6287,-7097,-7291
-8687,3386,5233,-1180,-9288,-8066,3450,9419,-2118,-6300,-7108,-7312
-8708,3394,5251,-1185,-9316,-8087,3462,9449,-2107,-6311,-7119,-7330
-8730,3406,5266,-1189,-9342,-8110,3472,9477,-2097,-6323,-7131,-7347
-8748,3421,5277,-1187,-9362,-8133,3487,9511,-2085,-6334,-7141,-7362
-8777,3438,5297,-1192,-9396,-8164,3505,9542,-2072,-6350,-7159,-7378
-8809,3459,5317,-1196,-9431,-8198,3524,9570,-2059,-6368,-7178,-7392
-8837,3479,5334,-1198,-9461,-8229,3545,9599,-2045,-6384,-7196,-7405
-8863,3501,5347,-1198,-9486,-8260,3571,9631,-2029,-6397,-7211,-7416
-8890,3524,5361,-1198,-9513,-8291,3593,9661,-2014,-6414,-7224,-7425
-8917,3547,5374,-1197,-9539,-8323,3612,9693,-2000,-6427,-7235,-7432
-8947,3566,5394,-1205,-9571,-8353,3627,9721,-1988,-6442,-7248,-7440
-8982,3584,5421,-1218,-9610,-8385,3643,9744,-1976,-6456,-7267,-7449
-9012,3601,5442,-1227,-9643,-8414,3663,9773,-1963,-6459,-7279,-7456
-9045,3614,5469,-1243,-9681,-8441,3680,9803,-1952,-6462,-7288,-7463
-9075,3626,5493,-1257,-9714,-8466,3699,9833,-1939,-6465,-7296,-7469
-9098,3636,5511,-1268,-9740,-8486,3719,9866,-1921,-6464,-7300,-7472
-9121,3645,5530,-1280,-9765,-8504,3740,9897,-1901,-6462,-7303,-7476
-9148,3656,5549,-1290,-9794,-8527,3760,9926,-1881,-6460,-7309,-7480
-9174,3668,5564,-1296,-9821,-8550,3785,9957,-1859,-6456,-7317,-7483
-9192,3685,5566,-1288,-9832,-8572,3815,9996,-1833,-6444,-7316,-7482
-9205,3704,5559,-1273,-9835,-8592,3846,10039,-1805,-6430,-7309,-7476
-9218,3724,5552,-1257,-9837,-8613,3877,10083,-1779,-6415,-7299,-7469
-9230,3741,5543,-1239,-9839,-8633,3906,10126,-1757,-6399,-7287,-7464
-9245,3758,5538,-1223,-9845,-8655,3931,10167,-1740,-6389,-7279,-7463
-9252,3779,5519,-1194,-9836,-8674,3957,10217,-1723,-6377,-7269,-7460
-9259,3799,5500,-1165,-9828,-8693,3983,10268,-1704,-6367,-7261,-7458
-9264,3814,5483,-1139,-9820,-8710,4010,10317,-1682,-6362,-7253,-7456
-9272,3826,5471,-1118,-9817,-8725,4033,10363,-1660,-6363,-7247,-7456
-9279,3836,5460,-1098,-9815,-8740,4054,10414,-1634,-6359,-7238,-7455
-9287,3842,5453,-1083,-9816,-8752,4073,10465,-1606,-6355,-7234,-7458
-9287,3849,5438,-1062,-9808,-8760,4097,10519,-1578,-6348,-7230,-7459
-9279,3852,5417,-1038,-9790,-8761,4121,10580,-1552,-6342,-7223,-7457
-9275,3850,5405,-1024,-9780,-8761,4143,10639,-1531,-6341,-7220,-7459
-9262,3844,5391,-1012,-9764,-8752,4163,10698,-1509,-6339,-7216,-7462
-9250,3835,5379,-1003,-9749,-8741,4181,10752,-1490,-6341,-7215,-7468
-9241,3829,5369,-995,-9739,-8735,4196,10800,-1476,-6346,-7218,-7479
-9235,3825,5361,-986,-9731,-8731,4210,10849,-1462,-6347,-7220,-7488
-9225,3823,5347,-974,-9717,-8726,4226,10902,-1445,-6344,-7216,-7495
-9216,3823,5335,-962,-9704,-8722,4240,10956,-1432,-6345,-7213,-7501
-9216,3823,5332,-957,-9704,-8724,4250,11002,-1427,-6362,-7219,-7511
-9225,3825,5338,-958,-9715,-8732,4260,11046,-1425,-6381,-7229,-7524
-9237,3832,5344,-957,-9728,-8744,4272,11088,-1422,-6392,-7239,-7535
-9251,3839,5353,-959,-9744,-8758,4283,11129,-1418,-6401,-7248,-7542
-9258,3842,5361,-964,-9755,-8764,4294,11174,-1410,-6405,-7254,-7546
-9273,3844,5378,-977,-9776,-8774,4303,11210,-1404,-6414,-7270,-7555
-9292,3852,5394,-987,-9799,-8788,4317,11244,-1398,-6425,-7292,-7566
-9311,3865,5407,-992,-9820,-8807,4334,11277,-1392,-6438,-7315,-7579
-9329,3880,5416,-995,-9837,-8826,4356,11313,-1383,-6447,-7336,-7589
-9346,3894,5428,-1000,-9856,-8842,4380,11347,-1374,-6453,-7357,-7599
-9361,3906,5440,-1008,-9874,-8856,4408,11387,-1361,-6453,-7374,-7608
-9383,3916,5460,-1022,-9900,-8873,4438,11427,-1349,-6456,-7392,-7618
-9413,3930,5486,-1037,-9936,-8898,4467,11460,-1336,-6463,-7414,-7629
-9438,3946,5504,-1046,-9963,-8921,4501,11498,-1321,-6465,-7431,-7638
-9469,3961,5527,-1058,-9998,-8947,4532,11530,-1307,-6474,-7451,-7646
-9501,3978,5549,-1068,-10033,-8976,4564,11561,-1294,-6482,-7470,-7654
-9527,3996,5565,-1072,-10060,-9001,4599,11594,-1281,-6489,-7487,-7660
-9551,4011,5580,-1078,-10085,-9023,4634,11625,-1267,-6496,-7502,-7668
-9581,4026,5600,-1084,-10117,-9050,4666,11657,-1251,-6499,-7517,-7677
-9613,4042,5617,-1088,-10149,-9080,4696,11695,-1230,-6494,-7531,-7682
-9635,4063,5621,-1078,-10166,-9107,4729,11741,-1206,-6480,-7537,-7684
-9651,4088,5614,-1057,-10172,-9133,4764,11790,-1182,-6468,-7540,-7685
-9671,4114,5605,-1033,-10179,-9162,4796,11839,-1162,-6462,-7545,-7689
-9689,4139,5597,-1009,-10186,-9191,4827,11890,-1145,-6460,-7549,-7693
-9711,4161,5593,-989,-10199,-9220,4856,11936,-1131,-6463,-7558,-7703
-9726,4183,5582,-962,-10202,-9246,4887,11986,-1120,-6463,-7563,-7712
-9743,4204,5573,-937,-10209,-9273,4914,12036,-1111,-6470,-7568,-7724
-9764,4223,5569,-916,-10221,-9301,4937,12080,-1106,-6485,-7574,-7736
-9788,4239,5570,-900,-10240,-9330,4960,12123,-1103,-6500,-7583,-7749
-9809,4252,5571,-885,-10256,-9355,4990,12173,-1096,-6513,-7591,-7760
-9830,4261,5574,-874,-10273,-9379,5024,12224,-1086,-6525,-7600,-7771
-9843,4270,5571,-859,-10281,-9397,5063,12280,-1073,-6534,-7607,-7779
-9844,4274,5561,-842,-10277,-9405,5101,12343,-1060,-6543,-7613,-7787
-9850,4273,5561,-836,-10282,-9412,5133,12400,-1053,-6559,-7627,-7799
-9853,4270,5560,-831,-10284,-9416,5166,12458,-1043,-6564,-7637,-7807
-9856,4266,5560,-828,-10288,-9421,5194,12514,-1034,-6566,-7644,-7815
-9862,4262,5566,-830,-10297,-9427,5219,12567,-1027,-6568,-7653,-7824
-9868,4259,5570,-831,-10304,-9433,5246,12620,-1022,-6573,-7664,-7836
-9872,4263,5567,-824,-10306,-9443,5274,12677,-1018,-6573,-7670,-7849
-9877,4270,5562,-814,-10306,-9455,5301,12735,-1015,-6571,-7675,-7860
-9891,4276,5568,-814,-10320,-9472,5325,12785,-1014,-6574,-7687,-7875
-9914,4283,5584,-821,-10346,-9495,5345,12827,-1017,-6584,-7704,-7894
-9938,4294,5597,-824,-10371,-9520,5367,12866,-1020,-6597,-7725,-7917
-9961,4308,5607,-825,-10393,-9546,5393,12903,-1024,-6614,-7747,-7942
-9981,4323,5613,-822,-10410,-9570,5422,12941,-1025,-6628,-7765,-7966
-10005,4337,5626,-826,-10435,-9595,5446,12973,-1026,-6645,-7788,-7991
-10028,4353,5637,-828,-10457,-9620,5466,13004,-1026,-6661,-7811,-8016
-10050,4370,5645,-828,-10476,-9644,5488,13040,-1022,-6676,-7833,-8041
-10066,4386,5650,-827,-10489,-9664,5516,13079,-1016,-6692,-7850,-8063
-10083,4401,5655,-827,-10503,-9682,5545,13116,-1010,-6706,-7866,-8085
-10098,4418,5659,-825,-10515,-9700,5570,13157,-1003,-6716,-7878,-8105
-10122,4433,5674,-831,-10540,-9722,5593,13195,-997,-6727,-7892,-8123
-10159,4455,5694,-837,-10577,-9757,5612,13227,-993,-6741,-7914,-8141
-10190,4482,5704,-831,-10603,-9791,5636,13263,-988,-6750,-7932,-8153
-10223,4509,5717,-828,-10632,-9826,5659,13296,-985,-6762,-7950,-8166
-10258,4538,5729,-823,-10662,-9863,5679,13329,-978,-6769,-7964,-8179
-10290,4567,5738,-814,-10689,-9899,5701,13365,-971,-6771,-7974,-8190
-10321,4594,5746,-806,-10714,-9933,5721,13402,-966,-6776,-7986,-8203
-10356,4620,5759,-801,-10744,-9968,5742,13436,-963,-6785,-8002,-8220
-10392,4649,5771,-792,-10775,-10007,5763,13471,-961,-6793,-8016,-8233
-10420,4682,5769,-770,-10791,-10044,5790,13511,-956,-6794,-8026,-8240
-10444,4715,5761,-743,-10801,-10078,5820,13557,-947,-6791,-8028,-8242
-10465,4746,5752,-717,-10808,-10110,5846,13604,-939,-6789,-8030,-8241
-10485,4776,5743,-690,-10814,-10140,5869,13651,-934,-6794,-8034,-8241
-10508,4802,5739,-667,-10826,-10172,5883,13691,-933,-6806,-8044,-8246
-10521,4828,5725,-638,-10825,-10196,5894,13730,-934,-6818,-8051,-8251
-10533,4848,5714,-613,-10825,-10218,5900,13765,-937,-6826,-8058,-8258
-10550,4867,5710,-594,-10833,-10242,5900,13796,-940,-6831,-8067,-8267
-10572,4884,5711,-578,-10848,-10269,5894,13823,-944,-6837,-8079,-8277
-10594,4901,5713,-562,-10864,-10298,5887,13853,-949,-6845,-8094,-8289
-10620,4919,5716,-546,-10883,-10329,5877,13881,-955,-6855,-8112,-8305
-10643,4938,5715,-527,-10899,-10360,5869,13913,-959,-6861,-8126,-8322
-10658,4957,5707,-503,-10904,-10387,5865,13950,-962,-6866,-8134,-8336
-10680,4973,5707,-487,-10919,-10415,5856,13979,-970,-6884,-8151,-8356
-10700,4991,5705,-468,-10931,-10445,5844,14006,-981,-6907,-8166,-8378
-10722,5011,5703,-448,-10945,-10478,5827,14032,-993,-6931,-8182,-8404
-10749,5031,5706,-433,-10967,-10514,5806,14054,-1003,-6954,-8203,-8433
-10777,5053,5710,-418,-10989,-10551,5782,14076,-1013,-6974,-8225,-8462
-10802,5075,5709,-400,-11007,-10587,5760,14098,-1026,-6991,-8243,-8488
-10825,5096,5710,-385,-11025,-10621,5737,14120,-1040,-7011,-8258,-8513
-10856,5112,5723,-381,-11055,-10656,5712,14136,-1058,-7043,-8282,-8543
-10893,5128,5744,-383,-11095,-10694,5687,14148,-1078,-7078,-8313,-8577
-10928,5142,5764,-388,-11134,-10730,5667,14161,-1096,-7108,-8348,-8611
-10965,5158,5785,-391,-11173,-10766,5651,14175,-1116,-7135,-8383,-8643
-11001,5178,5801,-390,-11210,-10806,5643,14193,-1134,-7155,-8416,-8670
-11044,5196,5827,-397,-11256,-10846,5637,14207,-1152,-7175,-8454,-8696
-11084,5213,5850,-404,-11299,-10884,5636,14221,-1168,-7196,-8492,-8721
-11123,5232,5872,-409,-11340,-10921,5639,14239,-1184,-7220,-8529,-8749
-11160,5254,5888,-408,-11377,-10959,5649,14262,-1201,-7247,-8561,-8777
-11200,5281,5905,-405,-11415,-11002,5663,14284,-1218,-7278,-8593,-8809
-11239,5309,5918,-399,-11450,-11043,5678,14307,-1234,-7311,-8624,-8841
-11283,5335,5940,-401,-11494,-11086,5690,14324,-1255,-7352,-8659,-8873
-11338,5360,5973,-410,-11552,-11136,5697,14333,-1277,-7395,-8701,-8905
-11388,5387,6000,-415,-11603,-11183,5707,14346,-1295,-7429,-8740,-8932
-11439,5414,6030,-421,-11657,-11231,5716,14358,-1312,-7461,-8781,-8962
-11490,5441,6058,-425,-11708,-11279,5725,14369,-1325,-7492,-8820,-8990
-11537,5468,6082,-427,-11755,-11325,5739,14384,-1335,-7520,-8853,-9016
-11583,5491,6109,-432,-11802,-11367,5756,14397,-1343,-7547,-8885,-9041
-11631,5510,6140,-443,-11853,-11408,5772,14404,-1354,-7576,-8920,-9068
-11678,5532,6169,-450,-11903,-11451,5794,14411,-1365,-7603,-8956,-9094
-11718,5558,6184,-444,-11938,-11493,5826,14424,-1369,-7624,-8984,-9114
-11751,5586,6190,-431,-11963,-11531,5862,14441,-1371,-7646,-9007,-9133
-11782,5610,6198,-420,-11988,-11567,5901,14461,-1375,-7675,-9028,-9157
-11816,5635,6207,-408,-12015,-11606,5937,14484,-1382,-7708,-9051,-9185
-11859,5664,6220,-396,-12051,-11655,5968,14503,-1392,-7743,-9078,-9216
-11898,5695,6226,-378,-12081,-11702,5999,14526,-1400,-7769,-9103,-9245
-11938,5726,6233,-359,-12112,-11751,6030,14553,-1409,-7793,-9128,-9275
-11983,5754,6246,-346,-12150,-11801,6068,14584,-1417,-7817,-9155,-9306
-12035,5782,6267,-338,-12198,-11857,6109,14622,-1424,-7842,-9184,-9341
-12089,5810,6289,-330,-12249,-11914,6151,14666,-1426,-7863,-9212,-9373
-12147,5838,6314,-324,-12304,-11974,6193,14709,-1429,-7884,-9242,-9403
-12200,5868,6333,-312,-12352,-12032,6238,14755,-1427,-7900,-9271,-9429
-12245,5897,6344,-295,-12390,-12084,6285,14810,-1418,-7908,-9291,-9452
-12297,5924,6363,-286,-12438,-12140,6331,14864,-1408,-7918,-9314,-9474
-12347,5955,6378,-270,-12482,-12196,6379,14925,-1397,-7928,-9336,-9496
-12396,5987,6389,-252,-12523,-12253,6427,14988,-1392,-7942,-9358,-9520
-12451,6025,6402,-232,-12570,-12317,6473,15052,-1391,-7963,-9383,-9547
-12509,6068,6414,-208,-12618,-12386,6518,15114,-1390,-7982,-9411,-9572
-12564,6114,6419,-179,-12660,-12454,6560,15173,-1389,-8001,-9436,-9597
-12614,6157,6423,-150,-12696,-12518,6599,15227,-1386,-8023,-9458,-9621
-12669,6198,6434,-129,-12742,-12583,6633,15274,-1385,-8051,-9481,-9647
-12727,6236,6454,-115,-12796,-12648,6665,15315,-1384,-8079,-9507,-9674
-12782,6273,6471,-102,-12845,-12709,6698,15351,-1379,-8102,-9531,-9698
-12832,6307,6487,-91,-12890,-12767,6730,15382,-1370,-8119,-9553,-9722
-12876,6339,6499,-78,-12928,-12818,6760,15416,-1358,-8130,-9568,-9741
-12922,6366,6521,-76,-12974,-12867,6784,15444,-1349,-8143,-9587,-9761
-12966,6390,6541,-76,-13017,-12913,6813,15474,-1337,-8154,-9607,-9780
-13004,6413,6558,-75,-13053,-12953,6850,15508,-1323,-8164,-9628,-9798
-13038,6435,6574,-73,-13086,-12991,6893,15546,-1305,-8167,-9645,-9812
-13076,6458,6593,-75,-13123,-13032,6937,15579,-1286,-8172,-9662,-9826
-13115,6483,6610,-74,-13159,-13074,6979,15609,-1267,-8176,-9680,-9839
-13155,6508,6630,-75,-13198,-13116,7017,15633,-1252,-8184,-9702,-9856
-13203,6531,6659,-84,-13248,-13163,7051,15652,-1238,-8196,-9730,-9877
-13240,6554,6679,-87,-13284,-13202,7091,15680,-1219,-8199,-9749,-9892
-13279,6575,6702,-93,-13323,-13241,7136,15707,-1199,-8202,-9767,-9906
-13318,6598,6723,-97,-13361,-13281,7187,15732,-1179,-8206,-9784,-9921
-13353,6623,6739,-96,-13392,-13319,7244,15759,-1159,-8209,-9797,-9932
-13388,6646,6756,-96,-13424,-13356,7303,15788,-1138,-8212,-9810,-9942
-13427,6670,6777,-97,-13461,-13396,7361,15810,-1118,-8217,-9831,-9953
-13468,6695,6796,-97,-13499,-13439,7420,15828,-1101,-8226,-9854,-9966
-13502,6725,6804,-85,-13525,-13479,7483,15853,-1078,-8225,-9869,-9978
-13526,6753,6803,-67,-13538,-13513,7542,15881,-1051,-8221,-9875,-9986
-13547,6777,6803,-53,-13551,-13541,7597,15911,-1022,-8220,-9879,-9995
-13566,6797,6803,-40,-13563,-13566,7650,15941,-995,-8220,-9883,-10001
-13591,6817,6808,-30,-13582,-13595,7696,15966,-973,-8223,-9892,-10012
-13611,6838,6806,-13,-13594,-13622,7739,15992,-952,-8222,-9897,-10020
-13631,6854,6808,-1,-13609,-13646,7778,16015,-931,-8221,-9902,-10028
-13651,6865,6814,5,-13627,-13667,7813,16035,-913,-8224,-9906,-10035
-13669,6872,6821,9,-13645,-13686,7842,16055,-897,-8228,-9915,-10042
-13685,6881,6824,18,-13659,-13703,7873,16078,-877,-8226,-9923,-10047
-13702,6890,6826,27,-13674,-13722,7903,16099,-858,-8226,-9933,-10049
-13714,6901,6821,44,-13680,-13739,7937,16118,-841,-8223,-9943,-10051
-13714,6911,6805,67,-13672,-13749,7972,16145,-822,-8215,-9946,-10051
-13722,6920,6796,85,-13674,-13763,7997,16169,-807,-8217,-9956,-10056
-13729,6933,6786,105,-13675,-13778,8021,16193,-790,-8216,-9965,-10061
-13737,6944,6776,124,-13676,-13793,8041,16212,-775,-8220,-9976,-10067
-13748,6955,6771,140,-13682,-13811,8054,16222,-764,-8228,-9990,-10074
-13762,6971,6764,159,-13689,-13832,8063,16228,-755,-8238,-10004,-10080
-13774,6989,6754,180,-13693,-13854,8075,16236,-743,-8245,-10014,-10084
-13786,7007,6745,201,-13697,-13876,8084,16242,-732,-8255,-10024,-10089
-13807,7025,6746,213,-13714,-13903,8087,16238,-728,-8273,-10039,-10101
-13837,7042,6759,217,-13744,-13935,8085,16228,-726,-8289,-10055,-10118
-13867,7060,6771,221,-13774,-13969,8083,16215,-725,-8300,-10073,-10135
-13898,7081,6782,227,-13804,-14003,8081,16196,-725,-8309,-10092,-10151
-13923,7102,6789,234,-13827,-14033,8084,16180,-723,-8316,-10109,-10164
-13952,7116,6807,229,-13859,-14061,8083,16160,-721,-8323,-10128,-10179
-13976,7127,6824,222,-13887,-14085,8078,16142,-719,-8331,-10147,-10196
-13996,7137,6839,216,-13911,-14103,8076,16127,-716,-8341,-10163,-10213
-14010,7145,6851,209,-13928,-14116,8081,16114,-711,-8347,-10176,-10226
-14025,7149,6867,197,-13949,-14127,8086,16097,-705,-8351,-10187,-10237
-14039,7152,6884,183,-13969,-14136,8089,16083,-700,-8354,-10195,-10246
-14055,7154,6905,166,-13993,-14147,8090,16069,-700,-8360,-10205,-10256
-14081,7156,6935,142,-14029,-14163,8090,16050,-702,-8365,-10222,-10268
-14100,7161,6957,127,-14055,-14177,8092,16031,-699,-8360,-10234,-10273
-14121,7165,6979,110,-14082,-14192,8090,16009,-697,-8356,-10246,-10275
-14139,7174,6996,101,-14102,-14208,8085,15983,-694,-8355,-10261,-10276
-14151,7184,7004,98,-14114,-14221,8077,15956,-690,-8354,-10274,-10274
-14164,7192,7014,94,-14127,-14234,8065,15922,-685,-8355,-10287,-10274
-14183,7202,7027,90,-14145,-14252,8050,15881,-681,-8357,-10303,-10276
-14203,7215,7037,89,-14164,-14272,8035,15838,-677,-8357,-10321,-10280
-14211,7229,7033,100,-14163,-14287,8023,15799,-669,-8348,-10332,-10281
-14208,7243,7017,118,-14149,-14294,8016,15767,-656,-8332,-10335,-10274
-14203,7252,7003,134,-14134,-14296,8007,15734,-643,-8315,-10332,-10266
-14197,7258,6989,148,-14120,-14297,7998,15701,-630,-8295,-10323,-10259
-14194,7261,6979,159,-14109,-14298,7988,15662,-619,-8283,-10316,-10257
-14183,7265,6959,176,-14088,-14294,7981,15624,-609,-8271,-10304,-10251
-14174,7266,6944,190,-14070,-14289,7976,15586,-599,-8259,-10287,-10243
-14163,7260,6931,199,-14053,-14279,7970,15550,-586,-8244,-10271,-10235
-14150,7248,6922,202,-14038,-14264,7960,15513,-573,-8231,-10259,-10230
-14132,7230,6912,202,-14019,-14242,7952,15476,-557,-8217,-10244,-10223
-14109,7207,6903,199,-13997,-14213,7946,15435,-539,-8203,-10230,-10214
-14078,7182,6888,198,-13967,-14178,7941,15397,-518,-8184,-10215,-10206
-14032,7152,6861,202,-13918,-14129,7939,15365,-497,-8162,-10193,-10196
-13988,7118,6842,198,-13876,-14079,7935,15327,-479,-8142,-10177,-10190
-13939,7083,6819,196,-13829,-14024,7933,15291,-461,-8117,-10159,-10179
-13886,7046,6795,194,-13778,-13965,7926,15255,-445,-8093,-10142,-10167
-13832,7007,6773,188,-13728,-13905,7914,15214,-431,-8069,-10124,-10157
-13778,6971,6749,183,-13677,-13845,7898,15170,-418,-8042,-10104,-10146
-13717,6936,6719,184,-13618,-13782,7879,15126,-404,-8010,-10077,-10130
-13652,6899,6687,184,-13554,-13714,7855,15085,-391,-7979,-10047,-10111
-13592,6861,6664,175,-13500,-13648,7825,15037,-379,-7954,-10022,-10094
-13536,6820,6648,160,-13453,-13583,7793,14986,-364,-7923,-10001,-10077
-13481,6785,6630,149,-13406,-13523,7760,14933,-343,-7882,-9979,-10058
-13428,6753,6612,138,-13359,-13464,7725,14876,-323,-7838,-9957,-10035
-13369,6722,6587,133,-13304,-13403,7694,14824,-301,-7787,-9929,-10007
-13315,6693,6568,125,-13257,-13347,7666,14771,-275,-7734,-9902,-9978
-13264,6669,6546,119,-13209,-13296,7638,14718,-248,-7677,-9877,-9945
-13206,6645,6520,116,-13155,-13240,7610,14664,-219,-7619,-9850,-9910
-13146,6623,6490,117,-13095,-13183,7582,14609,-192,-7562,-9819,-9875
-13086,6600,6461,116,-13036,-13127,7551,14547,-167,-7510,-9787,-9839
-13026,6576,6434,112,-12978,-13069,7516,14487,-139,-7453,-9752,-9800
-12967,6548,6412,101,-12925,-13009,7478,14424,-109,-7400,-9716,-9762
-12918,6516,6404,79,-12887,-12954,7434,14354,-82,-7357,-9683,-9726
-12866,6486,6390,62,-12843,-12898,7393,14288,-54,-7313,-9643,-9686
-12818,6456,6380,43,-12804,-12845,7349,14219,-30,-7269,-9604,-9646
-12771,6429,6367,27,-12763,-12793,7305,14146,-7,-7229,-9571,-9607
-12719,6403,6348,17,-12715,-12740,7263,14072,16,-7186,-9534,-9569
-12664,6374,6326,7,-12663,-12683,7222,13998,41,-7141,-9498,-9530
-12614,6347,6308,-3,-12616,-12630,7176,13919,65,-7093,-9462,-9490
-12568,6322,6290,-11,-12573,-12582,7129,13839,91,-7039,-9423,-9445
-12515,6298,6263,-12,-12518,-12529,7083,13762,119,-6979,-9377,-9398
-12451,6272,6226,-7,-12450,-12469,7039,13689,149,-6918,-9323,-9345
-12386,6244,6188,-3,-12380,-12405,6996,13616,178,-6860,-9267,-9294
-12320,6214,6151,1,-12310,-12340,6954,13542,204,-6804,-9210,-9245
-12254,6179,6118,-1,-12243,-12272,6909,13462,227,-6755,-9158,-9198
-12179,6143,6075,5,-12164,-12198,6865,13383,249,-6704,-9103,-9148
-12103,6107,6032,10,-12085,-12123,6818,13302,269,-6649,-9044,-9096
-12030,6068,5993,12,-12010,-12048,6765,13221,289,-6594,-8984,-9043
-11960,6029,5958,12,-11939,-11976,6709,13141,308,-6540,-8924,-8989
-11887,5987,5920,12,-11866,-11900,6656,13064,330,-6480,-8859,-8931
-11811,5944,5882,13,-11790,-11821,6605,12988,357,-6418,-8792,-8870
-11728,5899,5837,16,-11705,-11737,6559,12910,387,-6351,-8723,-8805
-11629,5850,5781,25,-11603,-11641,6518,12840,421,-6279,-8644,-8737
-11533,5796,5733,25,-11508,-11542,6473,12765,452,-6211,-8570,-8673
-11433,5743,5682,29,-11409,-11442,6423,12691,481,-6142,-8495,-8610
-11331,5686,5630,30,-11307,-11339,6368,12616,509,-6075,-8420,-8547
-11231,5626,5586,23,-11212,-11234,6312,12537,536,-6012,-8346,-8486
-11128,5563,5542,16,-11115,-11127,6261,12453,561,-5950,-8270,-8423
-11018,5501,5491,12,-11010,-11014,6211,12368,586,-5883,-8188,-8356
-10905,5439,5439,10,-10901,-10900,6159,12283,607,-5813,-8101,-8288
-10800,5374,5398,-3,-10804,-10789,6101,12189,621,-5750,-8021,-8223
-10702,5309,5366,-22,-10720,-10682,6034,12087,628,-5695,-7949,-8163
-10609,5249,5334,-38,-10637,-10582,5964,11979,634,-5644,-7881,-8105
-10518,5194,5300,-50,-10555,-10487,5892,11865,638,-5598,-7818,-8049
-10424,5144,5259,-55,-10466,-10392,5822,11753,643,-5551,-7753,-7995
-10336,5093,5225,-66,-10386,-10300,5750,11635,644,-5508,-7692,-7944
-10248,5044,5191,-76,-10305,-10209,5679,11514,646,-5461,-7633,-7892
-10159,4997,5155,-84,-10222,-10119,5605,11392,648,-5412,-7574,-7841
-10064,4948,5115,-91,-10133,-10023,5531,11268,648,-5363,-7514,-7790
-9971,4897,5079,-102,-10046,-9926,5457,11141,643,-5315,-7456,-7740
-9878,4848,5042,-112,-9960,-9831,5380,11014,639,-5263,-7395,-7692
-9792,4799,5010,-126,-9882,-9740,5299,10884,635,-5205,-7330,-7640
-9717,4749,4992,-150,-9820,-9656,5215,10745,628,-5151,-7272,-7587
-9634,4700,4963,-165,-9745,-9566,5134,10609,624,-5091,-7209,-7530
-9552,4651,4936,-183,-9672,-9477,5053,10473,620,-5034,-7143,-7471
-9474,4605,4908,-199,-9601,-9392,4977,10338,620,-4969,-7076,-7407
-9390,4559,4874,-209,-9522,-9303,4905,10210,626,-4899,-7005,-7339
-9301,4511,4836,-218,-9437,-9209,4835,10084,634,-4826,-6932,-7271
-9212,4461,4797,-229,-9351,-9114,4765,9955,645,-4752,-6860,-7204
-9122,4413,4756,-237,-9263,-9019,4695,9823,657,-4676,-6788,-7136
-9027,4367,4707,-237,-9166,-8923,4626,9695,673,-4590,-6709,-7064
-8925,4322,4648,-230,-9058,-8823,4560,9572,689,-4501,-6624,-6988
-8824,4273,4592,-227,-8952,-8720,4491,9448,701,-4413,-6539,-6911
-8722,4221,4538,-227,-8846,-8616,4419,9324,710,-4327,-6452,-6836
-8626,4168,4491,-231,-8749,-8514,4342,9193,717,-4249,-6370,-6768
-8525,4117,4435,-229,-8643,-8412,4270,9064,721,-4172,-6288,-6703
-8420,4062,4379,-228,-8534,-8304,4201,8935,723,-4100,-6205,-6637
-8315,4005,4326,-229,-8427,-8195,4133,8808,723,-4028,-6123,-6568
-8213,3947,4274,-232,-8322,-8088,4063,8680,725,-3961,-6043,-6498
-8109,3891,4219,-231,-8214,-7981,3994,8555,729,-3891,-5960,-6425
-8003,3835,4162,-227,-8104,-7875,3927,8428,734,-3822,-5879,-6349
-7895,3778,4103,-223,-7991,-7765,3862,8298,739,-3750,-5794,-6269
-7771,3719,4032,-212,-7860,-7645,3800,8177,746,-3672,-5699,-6185
-7645,3651,3967,-210,-7731,-7517,3735,8049,749,-3601,-5606,-6104
-7511,3580,3898,-209,-7595,-7382,3669,7921,750,-3529,-5515,-6023
-7374,3506,3830,-209,-7457,-7243,3599,7793,750,-3461,-5425,-5945
-7245,3433,3770,-214,-7330,-7111,3522,7657,744,-3403,-5340,-5871
-7119,3363,3711,-219,-7207,-6982,3445,7519,736,-3348,-5259,-5800
-6988,3293,3649,-222,-7077,-6850,3369,7385,727,-3293,-5176,-5727
-6855,3223,3585,-224,-6946,-6717,3295,7256,719,-3233,-5088,-5655
-6730,3154,3530,-233,-6826,-6590,3219,7123,708,-3178,-5007,-5585
-6615,3084,3487,-250,-6721,-6468,3144,6988,698,-3121,-4930,-5514
-6502,3018,3444,-266,-6617,-6350,3072,6856,690,-3056,-4850,-5439
-6390,2952,3401,-282,-6515,-6233,3002,6726,684,-2985,-4769,-5364
-6276,2889,3355,-295,-6409,-6116,2928,6599,681,-2915,-4685,-5287
-6165,2823,3315,-315,-6310,-5999,2844,6462,674,-2854,-4608,-5213
-6053,2758,3275,-334,-6210,-5881,2758,6322,663,-2800,-4536,-5143
-5941,2697,3230,-349,-6107,-5765,2672,6182,649,-2748,-4467,-5075
-5827,2638,3181,-359,-6000,-5650,2589,6042,634,-2696,-4397,-5006
-5718,2582,3135,-370,-5898,-5539,2506,5897,615,-2644,-4330,-4940
-5612,2528,3090,-380,-5799,-5432,2425,5752,597,-2591,-4261,-4875
-5511,2474,3049,-393,-5707,-5328,2343,5602,578,-2539,-4191,-4812
-5424,2421,3021,-413,-5632,-5233,2260,5443,558,-2490,-4127,-4750
-5331,2371,2982,-424,-5546,-5137,2184,5289,541,-2430,-4055,-4681
-5238,2318,2946,-438,-5461,-5039,2108,5140,527,-2372,-3980,-4609
-5147,2269,2908,-447,-5377,-4944,2031,4992,513,-2317,-3903,-4538
-5054,2225,2861,-447,-5286,-4851,1956,4848,499,-2257,-3823,-4464
-4960,2181,2813,-445,-5192,-4758,1881,4705,485,-2195,-3742,-4390
-4867,2133,2768,-448,-5101,-4662,1807,4560,469,-2133,-3664,-4317
-4774,2084,2724,-451,-5011,-4566,1734,4415,455,-2069,-3586,-4242
-4675,2037,2671,-445,-4909,-4468,1668,4275,448,-2003,-3504,-4163
-4565,1990,2606,-432,-4793,-4362,1611,4141,444,-1938,-3419,-4085
-4454,1940,2542,-421,-4675,-4253,1555,4006,439,-1878,-3332,-4008
-4341,1888,2477,-409,-4557,-4143,1494,3870,428,-1821,-3247,-3934
-4233,1835,2417,-402,-4444,-4035,1427,3731,412,-1769,-3164,-3864
-4120,1781,2352,-391,-4324,-3923,1360,3601,398,-1714,-3079,-3791
-4006,1725,2288,-382,-4204,-3811,1294,3474,386,-1653,-2991,-3716
-3895,1665,2232,-380,-4091,-3697,1228,3347,376,-1588,-2904,-3641
-3788,1602,2181,-384,-3984,-3584,1158,3219,366,-1526,-2817,-3566
-3683,1540,2130,-388,-3878,-3473,1088,3094,358,-1464,-2726,-3489
-3577,1477,2081,-393,-3773,-3362,1020,2967,350,-1404,-2637,-3412
-3466,1412,2029,-398,-3664,-3247,955,2841,340,-1349,-2553,-3337
-3344,1346,1966,-396,-3539,-3123,894,2727,333,-1288,-2462,-3259
-3226,1276,1912,-403,-3422,-3000,831,2610,324,-1231,-2375,-3183
-3104,1208,1854,-408,-3301,-2875,770,2497,316,-1173,-2289,-3109
-2980,1140,1794,-411,-3177,-2749,710,2384,307,-1116,-2204,-3036
-2860,1073,1739,-417,-3060,-2627,647,2267,294,-1062,-2125,-2968
-2743,1010,1684,-421,-2944,-2508,581,2147,279,-1008,-2049,-2902
-2625,952,1623,-419,-2824,-2392,515,2029,261,-952,-1971,-2835
-2505,897,1560,-414,-2702,-2277,449,1913,242,-897,-1891,-2766
-2394,843,1506,-416,-2591,-2167,379,1794,220,-852,-1817,-2699
-2292,786,1463,-427,-2495,-2061,305,1667,194,-811,-1751,-2637
-2190,731,1421,-438,-2400,-1957,231,1540,168,-768,-1688,-2574
-2091,676,1382,-450,-2308,-1854,158,1413,145,-725,-1627,-2511
-1993,625,1340,-459,-2215,-1755,88,1291,122,-681,-1566,-2448
-1903,575,1306,-474,-2134,-1660,15,1164,98,-645,-1513,-2387
-1815,528,1271,-485,-2052,-1569,-58,1032,73,-608,-1461,-2328
-1723,484,1229,-491,-1964,-1478,-130,900,49,-571,-1406,-2268
-1629,440,1185,-494,-1873,-1385,-197,769,25,-534,-1348,-2206
-1538,398,1142,-498,-1785,-1294,-261,638,0,-502,-1290,-2145
-1447,353,1101,-504,-1699,-1202,-326,510,-25,-473,-1230,-2084
-1357,304,1066,-517,-1617,-1109,-393,383,-51,-442,-1170,-2024
-1279,252,1045,-541,-1552,-1021,-462,249,-78,-414,-1118,-1966
-1197,201,1018,-558,-1480,-931,-528,124,-102,-379,-1061,-1904
-1119,150,995,-580,-1414,-844,-592,3,-124,-341,-1005,-1843
-1042,100,971,-599,-1349,-757,-649,-113,-145,-297,-951,-1782
-959,49,942,-615,-1275,-667,-703,-226,-163,-246,-892,-1722
-876,-3,913,-632,-1201,-575,-755,-337,-182,-198,-834,-1660
-798,-55,888,-651,-1134,-488,-809,-449,-203,-157,-781,-1601
-726,-104,865,-668,-1070,-406,-865,-561,-226,-124,-734,-1542
-648,-149,832,-676,-998,-323,-917,-665,-247,-89,-679,-1479
-564,-190,789,-675,-913,-239,-963,-762,-265,-53,-619,-1414
-479,-234,746,-675,-828,-153,-1007,-857,-284,-19,-559,-1350
-393,-282,705,-678,-744,-64,-1050,-949,-304,12,-500,-1290
-313,-330,670,-686,-667,22,-1096,-1044,-325,39,-449,-1237
-231,-375,630,-688,-585,106,-1142,-1139,-349,69,-398,-1187
-149,-417,588,-685,-503,187,-1189,-1234,-375,95,-348,-1139
-71,-459,548,-684,-424,265,-1239,-1329,-403,117,-298,-1090
1,-501,514,-687,-352,340,-1294,-1423,-433,139,-250,-1044
74,-544,479,-689,-279,415,-1355,-1515,-464,163,-201,-993
148,-586,444,-690,-206,490,-1419,-1610,-498,180,-153,-945
223,-629,406,-689,-129,567,-1476,-1705,-532,197,-105,-897
311,-671,356,-681,-36,652,-1525,-1788,-560,223,-49,-846
396,-720,316,-683,49,739,-1572,-1869,-586,246,6,-797
482,-770,275,-686,134,826,-1613,-1951,-609,268,60,-748
567,-819,236,-688,218,914,-1656,-2034,-638,283,110,-702
644,-867,203,-695,293,996,-1706,-2119,-671,292,154,-658
719,-916,174,-705,363,1077,-1756,-2202,-703,307,196,-615
797,-964,141,-713,439,1160,-1804,-2280,-729,326,241,-571
875,-1010,107,-718,515,1242,-1850,-2356,-753,351,288,-528
944,-1053,81,-728,579,1316,-1899,-2439,-783,367,327,-486
1000,-1095,67,-746,627,1381,-1951,-2521,-818,373,357,-447
1052,-1135,54,-763,671,1441,-2002,-2603,-852,379,385,-410
1102,-1169,40,-776,715,1498,-2051,-2687,-885,387,411,-375
1156,-1198,16,-780,767,1553,-2099,-2768,-920,397,441,-341
1202,-1223,-3,-784,811,1601,-2146,-2854,-957,402,467,-309
1246,-1245,-23,-786,854,1646,-2188,-2936,-989,410,491,-278
1293,-1265,-46,-786,901,1691,-2226,-3016,-1020,419,516,-250
1343,-1286,-74,-784,953,1739,-2261,-3094,-1051,423,538,-222
1393,-1308,-98,-785,1002,1789,-2299,-3174,-1084,419,560,-199
1440,-1331,-118,-789,1047,1837,-2339,-3252,-1118,414,581,-177
1484,-1356,-132,-800,1086,1884,-2382,-3327,-1152,410,602,-157
1513,-1384,-129,-824,1103,1923,-2428,-3409,-1190,401,615,-140
1543,-1410,-130,-844,1123,1962,-2471,-3486,-1224,399,633,-121
1569,-1436,-127,-867,1138,1998,-2509,-3557,-1257,399,649,-103
1592,-1460,-122,-890,1150,2031,-2545,-3627,-1291,399,663,-85
1622,-1485,-122,-910,1169,2068,-2577,-3692,-1322,404,678,-67
1654,-1513,-123,-932,1190,2110,-2608,-3757,-1352,407,690,-46
1681,-1543,-118,-958,1204,2149,-2637,-3822,-1380,411,700,-27
1708,-1574,-110,-987,1217,2189,-2660,-3883,-1404,418,711,-7
1743,-1603,-114,-1007,1241,2232,-2679,-3933,-1427,431,726,16
1783,-1627,-128,-1016,1276,2276,-2691,-3977,-1446,445,746,46
1822,-1651,-141,-1025,1310,2318,-2705,-4021,-1471,453,766,75
1859,-1676,-153,-1035,1342,2361,-2721,-4067,-1498,458,782,101
1892,-1700,-162,-1046,1368,2398,-2741,-4117,-1525,460,791,122
1925,-1719,-176,-1051,1398,2434,-2759,-4161,-1550,465,805,143
1956,-1737,-190,-1053,1427,2467,-2776,-4201,-1577,476,822,165
1984,-1756,-201,-1057,1452,2497,-2793,-4243,-1604,487,842,187
2006,-1774,-206,-1064,1468,2523,-2816,-4291,-1634,491,861,203
2028,-1791,-214,-1068,1487,2548,-2840,-4344,-1664,492,879,218
2049,-1806,-224,-1069,1507,2571,-2868,-4397,-1692,487,894,232
2071,-1821,-236,-1067,1530,2594,-2894,-4448,-1720,475,907,244
2108,-1834,-264,-1054,1572,2625,-2917,-4487,-1746,465,926,260
2140,-1852,-284,-1049,1606,2657,-2943,-4529,-1776,448,940,269
2172,-1869,-305,-1042,1641,2687,-2967,-4571,-1806,429,951,278
2203,-1886,-325,-1035,1675,2718,-2988,-4614,-1838,411,960,287
2231,-1908,-337,-1037,1703,2750,-3012,-4659,-1873,394,967,290
2259,-1931,-347,-1042,1728,2783,-3037,-4698,-1907,381,974,293
2286,-1953,-358,-1045,1754,2814,-3058,-4732,-1941,371,981,297
2312,-1973,-369,-1047,1780,2845,-3077,-4764,-1976,362,989,299
2329,-1994,-370,-1057,1792,2869,-3096,-4802,-2011,348,993,300
2337,-2016,-359,-1077,1791,2890,-3117,-4840,-2045,333,992,296
2342,-2037,-346,-1097,1787,2908,-3138,-4874,-2076,323,990,293
2345,-2056,-332,-1118,1780,2923,-3159,-4905,-2107,316,986,294
2352,-2073,-322,-1136,1779,2941,-3176,-4929,-2137,313,983,299
2357,-2094,-306,-1161,1772,2959,-3194,-4953,-2166,307,974,303
2363,-2116,-289,-1189,1765,2980,-3212,-4978,-2193,296,963,308
2373,-2137,-275,-1214,1764,3003,-3227,-5000,-2219,286,954,316
2387,-2155,-268,-1234,1769,3027,-3239,-5019,-2243,278,948,326
2399,-2168,-261,-1252,1773,3046,-3252,-5040,-2269,268,944,332
2408,-2178,-256,-1267,1776,3061,-3265,-5062,-2294,259,942,339
2416,-2185,-250,-1280,1778,3074,-3278,-5086,-2318,250,942,344
2413,-2191,-234,-1300,1765,3079,-3293,-5121,-2346,234,932,342
2413,-2189,-229,-1308,1762,3080,-3307,-5151,-2371,221,925,341
2408,-2185,-221,-1316,1753,3077,-3324,-5182,-2397,204,917,340
2397,-2180,-208,-1326,1738,3068,-3342,-5214,-2421,188,911,339
2392,-2175,-202,-1331,1730,3063,-3356,-5243,-2443,177,911,341
2388,-2171,-196,-1337,1724,3059,-3368,-5267,-2461,172,914,346
2381,-2171,-185,-1348,1711,3055,-3381,-5289,-2482,168,914,348
2370,-2170,-171,-1360,1694,3047,-3394,-5310,-2507,166,907,348
2362,-2166,-165,-1363,1685,3039,-3405,-5327,-2530,172,902,350
2364,-2161,-169,-1360,1688,3037,-3412,-5344,-2551,179,901,355
2366,-2158,-173,-1355,1693,3035,-3420,-5369,-2571,186,900,361
2368,-2156,-177,-1351,1696,3033,-3428,-5394,-2588,193,901,368
2367,-2157,-176,-1352,1695,3031,-3438,-5418,-2603,194,900,374
2373,-2160,-182,-1349,1703,3034,-3447,-5437,-2614,195,900,381
2384,-2167,-189,-1346,1716,3043,-3457,-5451,-2623,196,903,389
2394,-2177,-192,-1348,1724,3053,-3466,-5463,-2633,195,906,395
2399,-2188,-191,-1352,1727,3060,-3478,-5473,-2643,193,909,399
2405,-2197,-193,-1352,1733,3066,-3493,-5481,-2653,187,910,399
2410,-2202,-199,-1348,1741,3070,-3505,-5489,-2662,184,909,402
2416,-2207,-205,-1341,1750,3074,-3512,-5494,-2670,183,908,406
2435,-2212,-225,-1326,1776,3086,-3514,-5489,-2674,183,913,414
2450,-2223,-235,-1321,1795,3101,-3521,-5490,-2682,174,913,417
2469,-2237,-245,-1319,1814,3120,-3528,-5492,-2688,170,915,421
2490,-2254,-254,-1319,1836,3144,-3536,-5493,-2692,169,920,426
2510,-2275,-256,-1327,1851,3170,-3546,-5496,-2699,169,923,428
2531,-2298,-258,-1337,1867,3199,-3554,-5502,-2709,170,924,429
2555,-2317,-266,-1341,1889,3228,-3559,-5504,-2720,171,928,428
2581,-2332,-279,-1339,1916,3256,-3565,-5503,-2732,171,932,427
2598,-2342,-285,-1340,1932,3275,-3574,-5509,-2746,162,931,421
2605,-2351,-282,-1347,1935,3288,-3586,-5522,-2762,149,923,409
2607,-2355,-278,-1352,1934,3294,-3594,-5536,-2777,139,913,397
2604,-2351,-276,-1352,1931,3293,-3603,-5549,-2789,132,904,385
2604,-2343,-281,-1345,1934,3290,-3610,-5560,-2797,129,901,376
2600,-2334,-282,-1342,1932,3285,-3622,-5572,-2809,119,893,363
2592,-2321,-281,-1338,1925,3275,-3640,-5587,-2823,100,878,348
2582,-2305,-283,-1331,1919,3262,-3660,-5603,-2836,80,864,334
2573,-2288,-287,-1323,1914,3248,-3676,-5617,-2846,66,854,324
2566,-2273,-290,-1317,1911,3237,-3692,-5633,-2856,54,844,314
2560,-2258,-293,-1312,1908,3226,-3708,-5647,-2865,45,835,304
2553,-2247,-293,-1312,1902,3217,-3724,-5659,-2874,39,828,298
2535,-2243,-275,-1327,1877,3205,-3742,-5680,-2885,29,811,290
2524,-2237,-265,-1337,1862,3196,-3755,-5698,-2893,26,797,283
2514,-2235,-255,-1348,1847,3189,-3769,-5716,-2900,21,785,276
2502,-2232,-243,-1361,1829,3180,-3784,-5735,-2905,14,770,269
2492,-2228,-236,-1368,1817,3171,-3798,-5750,-2906,14,759,264
2487,-2225,-232,-1374,1810,3166,-3807,-5756,-2903,20,753,262
2482,-2225,-227,-1380,1802,3161,-3815,-5761,-2901,26,746,260
2475,-2225,-221,-1386,1793,3156,-3824,-5769,-2900,29,736,259
2472,-2222,-222,-1386,1790,3150,-3834,-5773,-2898,34,729,260
2475,-2218,-232,-1377,1798,3148,-3837,-5771,-2890,45,729,265
2479,-2214,-243,-1365,1807,3145,-3837,-5766,-2879,54,730,272
2481,-2211,-252,-1356,1814,3142,-3831,-5756,-2865,63,734,279
2478,-2210,-255,-1349,1814,3136,-3826,-5748,-2851,70,735,283
2479,-2210,-260,-1341,1818,3134,-3821,-5740,-2839,77,736,286
2485,-2214,-267,-1334,1827,3137,-3820,-5732,-2830,83,740,286
2489,-2220,-271,-1329,1833,3141,-3822,-5726,-2824,88,746,286
2490,-2228,-270,-1328,1833,3144,-3827,-5723,-2819,94,752,283
2491,-2234,-269,-1325,1834,3146,-3832,-5720,-2812,102,758,280
2494,-2240,-272,-1320,1839,3150,-3837,-5718,-2807,106,759,275
2501,-2246,-278,-1312,1848,3156,-3843,-5716,-2800,110,759,272
2524,-2250,-301,-1291,1880,3172,-3846,-5702,-2790,123,768,276
2546,-2260,-318,-1279,1906,3191,-3851,-5692,-2785,128,773,278
2571,-2271,-336,-1267,1936,3213,-3856,-5680,-2781,133,777,278
2597,-2280,-356,-1253,1967,3235,-3857,-5664,-2777,137,781,279
2617,-2289,-369,-1245,1990,3254,-3860,-5653,-2776,135,783,276
2636,-2298,-380,-1238,2011,3272,-3863,-5644,-2777,129,783,272
2655,-2304,-394,-1229,2033,3289,-3866,-5635,-2777,126,785,270
2676,-2309,-409,-1220,2057,3306,-3872,-5623,-2775,129,791,269
2690,-2316,-415,-1219,2070,3321,-3882,-5614,-2773,128,794,265
2695,-2325,-410,-1228,2071,3332,-3897,-5614,-2773,120,790,258
2700,-2330,-407,-1233,2072,3338,-3911,-5615,-2772,119,784,251
2702,-2330,-405,-1236,2072,3341,-3922,-5616,-2772,117,778,244
2705,-2328,-408,-1236,2076,3343,-3930,-5617,-2772,122,775,238
2703,-2325,-404,-1240,2072,3342,-3941,-5627,-2776,127,767,229
2702,-2323,-400,-1246,2068,3341,-3951,-5643,-2780,130,754,219
2703,-2320,-400,-1249,2069,3342,-3960,-5658,-2781,134,742,208
2708,-2316,-404,-1249,2075,3344,-3961,-5666,-2775,145,736,202
2712,-2310,-408,-1248,2081,3344,-3962,-5673,-2769,158,731,196
2714,-2301,-415,-1243,2087,3341,-3964,-5680,-2765,165,725,189
2719,-2293,-423,-1239,2096,3340,-3968,-5682,-2763,170,722,184
2708,-2287,-415,-1246,2084,3330,-3973,-5691,-2762,169,710,176
2702,-2275,-416,-1242,2081,3319,-3975,-5695,-2757,174,701,172
2697,-2264,-418,-1239,2079,3310,-3977,-5699,-2752,177,693,169
2691,-2253,-419,-1236,2076,3299,-3977,-5702,-2743,179,686,170
2688,-2242,-425,-1228,2078,3291,-3972,-5700,-2729,187,683,175
2687,-2236,-428,-1226,2080,3286,-3964,-5693,-2711,199,685,184
2684,-2236,-423,-1231,2075,3284,-3956,-5688,-2694,210,689,197
2678,-2238,-416,-1239,2067,3282,-3950,-5683,-2679,216,690,208
2677,-2235,-417,-1236,2068,3278,-3940,-5672,-2662,220,693,221
2685,-2228,-433,-1222,2084,3280,-3926,-5656,-2641,226,703,234
2697,-2225,-449,-1208,2104,3285,-3911,-5640,-2622,225,716,245
2708,-2223,-466,-1194,2124,3291,-3898,-5626,-2604,220,731,252
2715,-2223,-476,-1186,2136,3295,-3889,-5612,-2587,217,744,257
2724,-2223,-488,-1176,2151,3301,-3879,-5592,-2568,222,759,263
2738,-2228,-501,-1168,2170,3313,-3870,-5566,-2548,232,774,270
2749,-2234,-510,-1163,2184,3323,-3863,-5541,-2530,241,788,274
2754,-2240,-514,-1161,2191,3330,-3858,-5524,-2515,246,800,276
2755,-2242,-517,-1157,2194,3333,-3855,-5511,-2498,255,811,278
2757,-2246,-520,-1154,2199,3337,-3850,-5500,-2480,264,821,280
2761,-2250,-525,-1150,2205,3342,-3847,-5495,-2464,269,825,282
2777,-2251,-543,-1135,2228,3353,-3847,-5484,-2447,281,836,285
2787,-2254,-555,-1126,2244,3362,-3850,-5480,-2436,283,842,281
2799,-2257,-569,-1115,2260,3370,-3851,-5474,-2427,286,847,278
2815,-2260,-585,-1103,2282,3383,-3852,-5467,-2420,291,853,275
2826,-2264,-597,-1095,2297,3392,-3858,-5462,-2417,294,858,273
2834,-2265,-606,-1086,2308,3397,-3863,-5459,-2414,298,860,271
2845,-2265,-620,-1074,2324,3403,-3867,-5454,-2408,309,865,272
2861,-2264,-639,-1060,2345,3412,-3870,-5446,-2405,316,872,273
2872,-2265,-651,-1050,2360,3419,-3876,-5442,-2405,312,875,272
2875,-2268,-652,-1051,2361,3421,-3888,-5444,-2407,306,873,266
2877,-2269,-653,-1050,2362,3422,-3898,-5446,-2408,302,869,260
2881,-2270,-655,-1049,2364,3424,-3906,-5446,-2408,298,865,256
2888,-2270,-660,-1046,2371,3427,-3909,-5443,-2407,300,864,254
2892,-2274,-658,-1051,2371,3432,-3912,-5444,-2405,299,859,250
2894,-2278,-652,-1060,2366,3435,-3915,-5446,-2401,298,852,247
2897,-2280,-650,-1065,2365,3438,-3916,-5444,-2393,304,845,247
2901,-2280,-649,-1069,2366,3441,-3912,-5438,-2381,310,842,250
2904,-2279,-649,-1072,2367,3444,-3908,-5434,-2372,310,840,250
2905,-2275,-648,-1073,2366,3443,-3907,-5432,-2369,306,837,246
2905,-2268,-649,-1072,2365,3439,-3909,-5427,-2367,299,836,239
2889,-2261,-635,-1081,2345,3426,-3913,-5431,-2366,289,828,228
2880,-2252,-628,-1084,2333,3416,-3911,-5429,-2361,285,824,220
2871,-2241,-626,-1083,2325,3406,-3912,-5428,-2358,277,820,210
2860,-2225,-625,-1077,2317,3391,-3916,-5426,-2357,266,812,198
2852,-2207,-630,-1065,2315,3376,-3918,-5419,-2352,258,807,188
2845,-2190,-636,-1053,2314,3362,-3921,-5409,-2345,255,805,181
2836,-2177,-638,-1046,2310,3350,-3923,-5400,-2336,255,802,177
2824,-2165,-635,-1042,2300,3337,-3920,-5395,-2326,258,794,173
2816,-2155,-636,-1036,2296,3328,-3912,-5386,-2313,269,787,174
2816,-2145,-646,-1022,2304,3322,-3900,-5369,-2296,284,786,178
2814,-2136,-654,-1012,2308,3317,-3886,-5353,-2280,298,787,182
2815,-2133,-660,-1005,2314,3317,-3876,-5344,-2268,309,788,187
2816,-2133,-662,-1002,2318,3319,-3870,-5340,-2256,320,787,192
2821,-2134,-669,-996,2327,3323,-3864,-5334,-2239,338,790,198
2831,-2137,-679,-989,2342,3331,-3854,-5320,-2217,367,799,206
2839,-2144,-684,-987,2352,3340,-3842,-5305,-2200,392,806,214
2842,-2150,-686,-988,2357,3345,-3830,-5289,-2188,408,808,221
2843,-2155,-686,-987,2359,3347,-3821,-5270,-2174,418,811,227
2844,-2160,-688,-985,2363,3348,-3811,-5250,-2160,427,814,233
2845,-2163,-691,-981,2367,3348,-3803,-5231,-2148,435,816,236
2856,-2162,-708,-966,2387,3353,-3792,-5205,-2133,452,828,243
2863,-2167,-716,-960,2398,3358,-3783,-5184,-2122,463,838,248
2870,-2170,-725,-953,2409,3362,-3775,-5164,-2113,472,845,252
2878,-2170,-737,-942,2422,3364,-3768,-5144,-2104,480,855,254
2883,-2172,-745,-935,2432,3367,-3766,-5131,-2100,482,864,254
2886,-2172,-751,-929,2437,3366,-3767,-5121,-2094,481,871,252
2891,-2170,-762,-918,2447,3366,-3767,-5108,-2087,480,881,250
2903,-2169,-776,-907,2464,3371,-3763,-5091,-2079,482,895,250
2912,-2170,-786,-901,2476,3377,-3758,-5078,-2074,481,903,249
2913,-2172,-785,-902,2474,3377,-3758,-5072,-2074,474,902,241
2910,-2170,-784,-902,2470,3373,-3761,-5071,-2076,468,900,231
2907,-2168,-782,-903,2465,3369,-3766,-5072,-2079,462,896,224
2906,-2163,-784,-901,2464,3365,-3770,-5070,-2083,459,893,216
2906,-2163,-781,-905,2459,3364,-3775,-5071,-2082,456,891,207
2903,-2164,-775,-912,2451,3363,-3781,-5075,-2080,454,887,197
2904,-2165,-771,-919,2447,3365,-3783,-5077,-2079,451,882,188
2910,-2166,-772,-923,2449,3371,-3784,-5074,-2080,446,878,182
2919,-2170,-773,-928,2454,3380,-3785,-5070,-2079,442,876,179
2927,-2173,-773,-934,2458,3389,-3783,-5060,-2073,442,875,178
2935,-2176,-772,-940,2461,3398,-3777,-5044,-2061,448,877,178
2928,-2179,-757,-955,2444,3396,-3775,-5035,-2052,448,871,172
2925,-2176,-751,-961,2437,3394,-3771,-5023,-2040,451,867,169
2920,-2172,-744,-965,2428,3390,-3767,-5009,-2029,454,862,166
2912,-2169,-734,-973,2415,3385,-3766,-4998,-2018,455,857,165
2907,-2164,-730,-975,2408,3380,-3765,-4988,-2006,458,857,169
2905,-2160,-726,-977,2403,3378,-3767,-4981,-1996,462,859,174
2900,-2157,-720,-980,2396,3375,-3770,-4979,-1990,467,855,178
2894,-2155,-713,-984,2387,3371,-3770,-4980,-1984,470,847,183
2891,-2150,-713,-981,2385,3368,-3763,-4974,-1976,479,842,191
2897,-2140,-727,-965,2398,3365,-3751,-4960,-1964,495,843,205
2903,-2129,-743,-946,2413,3364,-3738,-4948,-1952,508,846,217
2911,-2121,-758,-929,2429,3364,-3726,-4938,-1941,522,851,226
2913,-2114,-769,-915,2438,3361,-3713,-4932,-1931,534,852,229
2913,-2102,-782,-896,2448,3353,-3700,-4923,-1921,546,856,231
2912,-2091,-794,-877,2457,3344,-3686,-4910,-1913,560,861,232
2908,-2081,-803,-861,2461,3335,-3676,-4901,-1910,566,865,231
2903,-2074,-808,-848,2462,3325,-3668,-4899,-1908,562,865,227
2899,-2071,-813,-838,2465,3319,-3665,-4898,-1904,560,865,222
2898,-2069,-817,-829,2468,3315,-3665,-4901,-1901,559,864,216
2898,-2070,-822,-822,2473,3314,-3667,-4907,-1897,555,858,207
2915,-2070,-845,-801,2501,3323,-3663,-4903,-1891,559,859,203
2934,-2075,-865,-787,2528,3337,-3658,-4898,-1886,560,858,196
2951,-2078,-885,-771,2555,3348,-3653,-4891,-1881,561,857,192
2970,-2082,-906,-756,2583,3361,-3649,-4883,-1875,561,860,189
2985,-2085,-924,-743,2606,3371,-3652,-4878,-1874,555,860,185
2998,-2086,-940,-731,2627,3379,-3656,-4871,-1875,551,861,182
3015,-2086,-961,-716,2654,3388,-3656,-4858,-1872,551,867,180
3035,-2088,-983,-701,2684,3401,-3651,-4839,-1867,559,878,182
3051,-2092,-997,-695,2704,3413,-3647,-4823,-1863,564,886,182
3056,-2096,-1000,-697,2711,3419,-3650,-4814,-1865,560,885,177
3057,-2095,-1002,-697,2715,3419,-3654,-4805,-1868,560,883,171
3054,-2092,-1001,-698,2713,3415,-3656,-4792,-1868,565,879,165
3050,-2090,-998,-702,2709,3411,-3658,-4776,-1868,572,876,160
3043,-2089,-988,-712,2698,3408,-3662,-4763,-1870,577,871,157
3034,-2090,-975,-726,2684,3404,-3670,-4756,-1872,580,862,152
3029,-2091,-966,-738,2674,3404,-3679,-4751,-1870,582,852,147
3029,-2092,-960,-747,2671,3407,-3687,-4749,-1870,586,845,144
3030,-2094,-954,-758,2667,3412,-3694,-4750,-1871,590,838,143
3030,-2095,-946,-769,2661,3415,-3701,-4751,-1872,592,832,142
3029,-2097,-938,-780,2654,3418,-3709,-4749,-1873,593,829,139
3014,-2099,-916,-801,2628,3413,-3718,-4755,-1879,584,819,131
3002,-2096,-900,-813,2609,3407,-3726,-4760,-1882,578,812,125
2991,-2094,-886,-824,2590,3400,-3733,-4765,-1885,570,807,120
2973,-2090,-867,-837,2564,3388,-3741,-4769,-1885,563,799,116
2961,-2085,-855,-844,2546,3379,-3745,-4771,-1885,561,791,113
2953,-2082,-847,-849,2534,3375,-3747,-4774,-1885,561,783,112
2942,-2079,-835,-856,2516,3367,-3749,-4777,-1887,557,774,112
2927,-2076,-821,-863,2496,3357,-3749,-4780,-1886,552,766,113
2917,-2069,-816,-861,2484,3347,-3744,-4778,-1880,552,759,117
2917,-2063,-822,-852,2487,3344,-3734,-4771,-1869,560,758,125
2917,-2058,-827,-843,2490,3341,-3722,-4759,-1857,570,758,133
2917,-2056,-831,-837,2492,3339,-3709,-4745,-1847,580,759,139
2916,-2057,-831,-835,2491,3339,-3695,-4732,-1841,586,757,142
2918,-2059,-834,-831,2493,3341,-3679,-4715,-1834,596,755,145
2923,-2063,-839,-826,2500,3345,-3665,-4693,-1825,612,756,150
2926,-2069,-840,-825,2503,3350,-3655,-4671,-1816,630,755,150
2925,-2076,-838,-827,2501,3351,-3650,-4653,-1809,646,751,149
2926,-2083,-837,-828,2501,3353,-3646,-4640,-1802,656,746,148
2927,-2088,-838,-827,2503,3355,-3641,-4628,-1793,665,744,147
2926,-2093,-839,-825,2504,3355,-3635,-4620,-1785,670,742,145
2938,-2093,-857,-811,2525,3360,-3626,-4604,-1774,682,748,146
2950,-2099,-868,-804,2541,3369,-3621,-4588,-1767,687,752,143
2959,-2104,-877,-798,2554,3375,-3615,-4571,-1759,692,756,142
2969,-2107,-889,-790,2570,3381,-3611,-4550,-1750,698,762,144
2977,-2111,-897,-787,2582,3387,-3611,-4533,-1745,700,766,142
2985,-2115,-904,-783,2594,3394,-3608,-4519,-1741,703,769,138
2998,-2117,-917,-775,2613,3402,-3603,-4506,-1738,705,772,134
3011,-2116,-934,-763,2634,3410,-3598,-4485,-1734,708,780,131
3021,-2117,-944,-757,2649,3416,-3596,-4471,-1732,705,785,126
3024,-2120,-944,-760,2653,3419,-3601,-4467,-1737,694,780,115
3024,-2119,-944,-760,2653,3418,-3603,-4466,-1742,684,771,104
3018,-2112,-944,-756,2650,3409,-3604,-4467,-1746,675,759,94
3012,-2098,-949,-746,2650,3396,-3602,-4469,-1746,670,750,85
3005,-2086,-952,-738,2648,3384,-3602,-4474,-1746,663,738,76
2994,-2074,-949,-735,2639,3369,-3602,-4483,-1746,652,722,66
2983,-2061,-947,-730,2632,3354,-3602,-4492,-1745,643,709,60
2978,-2048,-950,-723,2630,3342,-3600,-4497,-1742,633,701,55
2975,-2038,-952,-718,2630,3334,-3599,-4502,-1740,623,694,50
2973,-2031,-950,-719,2626,3329,-3597,-4507,-1738,615,688,45
2969,-2026,-946,-721,2621,3323,-3595,-4507,-1732,611,685,42
2952,-2025,-924,-739,2595,3312,-3596,-4518,-1728,607,676,35
2937,-2020,-908,-750,2573,3300,-3592,-4528,-1722,612,672,30
2926,-2018,-894,-763,2555,3293,-3589,-4537,-1718,619,673,26
2915,-2022,-874,-782,2533,3288,-3589,-4545,-1715,621,671,22
2908,-2025,-859,-798,2517,3287,-3586,-4548,-1708,631,673,24
2905,-2030,-846,-813,2506,3290,-3580,-4547,-1700,641,677,26
2899,-2035,-832,-828,2491,3291,-3574,-4544,-1692,649,677,27
2889,-2037,-818,-842,2473,3287,-3569,-4542,-1686,655,672,29
2885,-2038,-811,-848,2465,3285,-3563,-4537,-1680,661,668,31
2891,-2037,-817,-845,2472,3290,-3554,-4528,-1671,670,670,36
2898,-2035,-827,-838,2481,3294,-3546,-4521,-1664,672,676,40
2902,-2032,-835,-831,2488,3295,-3536,-4515,-1659,676,681,43
2901,-2027,-840,-824,2489,3292,-3526,-4510,-1658,681,687,47
2901,-2023,-847,-815,2493,3289,-3514,-4504,-1659,684,692,50
2904,-2019,-857,-804,2501,3289,-3499,-4491,-1661,685,701,56
2904,-2016,-864,-795,2504,3286,-3488,-4478,-1662,687,710,61
2899,-2012,-866,-789,2501,3280,-3482,-4469,-1664,686,716,63
2893,-2008,-869,-781,2498,3273,-3477,-4458,-1667,682,720,64
2887,-2005,-873,-773,2497,3266,-3469,-4448,-1667,680,722,63
2882,-2004,-874,-766,2493,3260,-3462,-4440,-1667,677,721,59
2889,-2002,-889,-750,2508,3263,-3454,-4425,-1664,685,729,62
2898,-2006,-900,-741,2520,3271,-3452,-4415,-1664,689,734,62
2907,-2011,-910,-733,2533,3279,-3452,-4409,-1666,692,734,61
2917,-2014,-923,-721,2549,3286,-3449,-4400,-1667,696,738,60
2921,-2017,-930,-714,2555,3290,-3449,-4394,-1670,693,741,58
2924,-2022,-932,-711,2559,3293,-3449,-4388,-1673,689,745,57
2928,-2023,-940,-703,2567,3296,-3449,-4381,-1677,684,750,58
2934,-2023,-950,-693,2577,3298,-3448,-4372,-1678,685,759,60
2934,-2022,-953,-688,2580,3298,-3448,-4367,-1679,686,764,62
2926,-2024,-945,-692,2569,3292,-3455,-4366,-1682,680,761,59
2916,-2022,-937,-695,2557,3284,-3460,-4364,-1684,675,758,56
2905,-2017,-930,-697,2546,3274,-3463,-4361,-1684,668,753,52
2896,-2012,-925,-697,2536,3264,-3464,-4355,-1682,665,752,48
2886,-2011,-914,-706,2523,3258,-3467,-4352,-1678,660,748,43
2875,-2011,-899,-719,2505,3252,-3471,-4355,-1675,651,736,35
2867,-2011,-887,-730,2492,3248,-3476,-4360,-1673,643,723,27
2865,-2010,-880,-738,2486,3247,-3481,-4364,-1673,634,713,20
2863,-2010,-873,-746,2481,3247,-3484,-4371,-1672,625,705,13
2858,-2006,-865,-752,2473,3243,-3481,-4376,-1669,618,697,4
2851,-1999,-859,-757,2465,3236,-3480,-4379,-1666,614,694,-3
2833,-1996,-837,-774,2439,3223,-3487,-4393,-1666,605,683,-14
2815,-1989,-819,-785,2417,3209,-3492,-4407,-1666,598,675,-22
2800,-1983,-802,-797,2397,3196,-3496,-4417,-1670,591,669,-29
2783,-1979,-782,-811,2374,3184,-3499,-4426,-1677,582,661,-36
2767,-1970,-769,-818,2356,3169,-3496,-4428,-1683,582,657,-37
2757,-1961,-761,-821,2345,3158,-3492,-4427,-1688,584,657,-35
2746,-1954,-752,-825,2334,3147,-3489,-4427,-1695,580,655,-36
2730,-1946,-740,-830,2318,3132,-3487,-4431,-1702,574,650,-36
2718,-1932,-740,-822,2312,3116,-3481,-4432,-1703,572,648,-34
2717,-1911,-758,-798,2325,3101,-3468,-4427,-1700,575,654,-30
2722,-1894,-778,-774,2343,3094,-3454,-4420,-1696,578,663,-26
2730,-1882,-799,-751,2365,3091,-3439,-4412,-1693,578,671,-21
2737,-1875,-817,-735,2383,3091,-3427,-4407,-1689,581,678,-17
2745,-1869,-834,-718,2401,3091,-3418,-4404,-1685,585,685,-15
2755,-1866,-851,-702,2421,3095,-3412,-4398,-1681,586,691,-15
2760,-1867,-862,-692,2433,3097,-3406,-4390,-1678,587,696,-15
2758,-1870,-864,-688,2434,3095,-3399,-4381,-1676,588,700,-17
2754,-1875,-863,-689,2431,3094,-3394,-4371,-1674,589,705,-20
2751,-1883,-862,-691,2428,3096,-3389,-4363,-1671,587,710,-23
2748,-1892,-859,-694,2424,3097,-3386,-4360,-1669,581,712,-28
2756,-1898,-870,-685,2436,3103,-3379,-4349,-1661,589,723,-29
2760,-1904,-878,-679,2444,3107,-3375,-4341,-1653,597,731,-29
2766,-1910,-887,-672,2453,3113,-3372,-4335,-1646,604,735,-28
2779,-1918,-901,-663,2470,3123,-3369,-4325,-1639,610,741,-25
2790,-1928,-909,-659,2481,3135,-3370,-4316,-1636,614,744,-24
2797,-1936,-914,-659,2486,3143,-3370,-4307,-1638,615,747,-25
2806,-1943,-921,-655,2495,3152,-3371,-4299,-1642,616,751,-26
2820,-1948,-932,-649,2509,3164,-3374,-4291,-1648,614,756,-29
2829,-1953,-938,-647,2517,3173,-3381,-4286,-1656,603,759,-34
2825,-1958,-930,-655,2507,3173,-3389,-4286,-1669,588,757,-40
2821,-1958,-924,-660,2497,3171,-3390,-4286,-1680,574,754,-46
2819,-1957,-920,-663,2491,3170,-3389,-4284,-1690,564,751,-51
2819,-1954,-919,-663,2488,3169,-3384,-4282,-1700,559,750,-52
2817,-1950,-914,-667,2481,3166,-3383,-4282,-1709,555,748,-53
2810,-1947,-905,-674,2468,3161,-3385,-4289,-1721,549,739,-58
2806,-1940,-900,-677,2459,3155,-3386,-4295,-1733,542,729,-61
2804,-1931,-899,-676,2456,3150,-3383,-4297,-1742,532,723,-65
2802,-1921,-898,-675,2453,3144,-3379,-4301,-1751,522,717,-69
2800,-1912,-895,-676,2449,3139,-3377,-4307,-1760,510,710,-74
2801,-1905,-893,-678,2447,3137,-3375,-4309,-1767,502,705,-79
2791,-1903,-876,-691,2430,3131,-3380,-4318,-1776,492,694,-88
2782,-1896,-864,-699,2415,3122,-3381,-4325,-1779,490,685,-94
2772,-1890,-852,-707,2401,3113,-3382,-4330,-1782,490,680,-100
2755,-1883,-834,-717,2379,3098,-3383,-4334,-1782,486,674,-107
2741,-1873,-823,-721,2364,3084,-3378,-4335,-1778,483,669,-110
2732,-1866,-817,-722,2354,3074,-3375,-4336,-1774,476,663,-113
2723,-1863,-806,-728,2343,3067,-3376,-4341,-1772,464,653,-120
2709,-1864,-789,-741,2324,3059,-3377,-4348,-1768,450,640,-128
2696,-1864,-776,-750,2308,3050,-3372,-4347,-1761,445,632,-132
2693,-1862,-775,-749,2307,3047,-3359,-4334,-1749,450,633,-127
2695,-1861,-778,-745,2312,3047,-3346,-4317,-1737,454,635,-122
2698,-1862,-783,-740,2320,3049,-3334,-4302,-1730,456,638,-116
2698,-1864,-785,-738,2322,3049,-3325,-4295,-1728,455,639,-111
2695,-1862,-789,-731,2325,3045,-3318,-4291,-1729,457,639,-104
2695,-1859,-798,-719,2332,3041,-3312,-4285,-1727,464,644,-95
2692,-1856,-805,-709,2335,3035,-3305,-4280,-1725,470,650,-87
2683,-1853,-805,-702,2330,3024,-3298,-4277,-1727,470,653,-82
2670,-1849,-804,-696,2322,3011,-3293,-4273,-1727,465,655,-79
2661,-1848,-805,-690,2317,3002,-3290,-4269,-1723,457,656,-75
2655,-1850,-805,-687,2314,2998,-3288,-4268,-1721,449,657,-72
2663,-1852,-820,-674,2329,3003,-3282,-4258,-1716,453,668,-65
2671,-1858,-830,-667,2341,3011,-3276,-4250,-1710,455,682,-61
2677,-1865,-837,-663,2350,3018,-3269,-4242,-1702,457,692,-57
2689,-1872,-850,-656,2366,3030,-3259,-4230,-1694,463,700,-56
2699,-1880,-859,-652,2378,3041,-3252,-4219,-1689,462,704,-57
2706,-1884,-867,-648,2387,3048,-3249,-4210,-1686,456,706,-58
2715,-1887,-878,-641,2399,3055,-3248,-4199,-1683,453,708,-57
2726,-1889,-891,-632,2414,3063,-3246,-4180,-1681,454,711,-56
2733,-1891,-898,-629,2422,3069,-3241,-4160,-1682,454,713,-60
2728,-1894,-890,-637,2413,3068,-3237,-4143,-1685,447,710,-67
2720,-1897,-879,-648,2399,3066,-3232,-4125,-1688,442,703,-74
2713,-1900,-867,-660,2385,3064,-3226,-4111,-1693,437,695,-81
2707,-1899,-859,-669,2374,3060,-3222,-4100,-1699,433,686,-90
2702,-1900,-849,-679,2364,3058,-3219,-4095,-1702,424,680,-95
2693,-1901,-835,-694,2347,3054,-3219,-4097,-1704,415,673,-101
2687,-1899,-825,-704,2336,3051,-3220,-4099,-1704,405,666,-108
2687,-1897,-822,-710,2332,3050,-3218,-4099,-1707,395,657,-117
2688,-1892,-820,-713,2331,3049,-3211,-4100,-1710,387,650,-123
2684,-1884,-817,-715,2325,3043,-3205,-4101,-1716,382,641,-130
2681,-1876,-816,-715,2322,3037,-3199,-4099,-1722,379,636,-136
2667,-1869,-802,-724,2303,3024,-3196,-4105,-1732,370,626,-145
2653,-1859,-791,-728,2286,3009,-3190,-4110,-1742,366,619,-153
2640,-1848,-783,-730,2272,2994,-3182,-4110,-1751,366,617,-158
2624,-1838,-771,-734,2254,2977,-3177,-4111,-1760,357,612,-164
2612,-1827,-765,-732,2242,2963,-3171,-4111,-1767,345,607,-168
2603,-1819,-760,-732,2233,2952,-3165,-4112,-1769,334,603,-171
2594,-1815,-751,-736,2221,2944,-3161,-4113,-1769,324,596,-175
2586,-1816,-740,-744,2209,2939,-3159,-4115,-1766,314,585,-181
2584,-1819,-733,-750,2203,2940,-3158,-4112,-1761,310,579,-186
2590,-1817,-740,-743,2212,2943,-3151,-4104,-1751,312,581,-186
2598,-1816,-748,-734,2224,2946,-3148,-4097,-1743,314,584,-186
2605,-1814,-758,-724,2235,2949,-3149,-4093,-1738,312,587,-187
2609,-1812,-765,-715,2243,2950,-3147,-4092,-1734,305,588,-189
2609,-1808,-771,-704,2249,2947,-3142,-4089,-1730,300,587,-192
2610,-1800,-782,-688,2257,2942,-3134,-4081,-1724,302,587,-195
2608,-1793,-790,-673,2261,2935,-3125,-4074,-1719,304,586,-198
2603,-1786,-794,-662,2261,2926,-3119,-4070,-1716,305,584,-201
2596,-1781,-796,-653,2259,2918,-3114,-4064,-1713,308,582,-204
2589,-1778,-795,-647,2254,2910,-3108,-4053,-1706,315,583,-205
2582,-1777,-794,-643,2250,2904,-3102,-4047,-1698,324,583,-205
2590,-1776,-807,-629,2265,2908,-3092,-4033,-1685,341,594,-200
2600,-1780,-818,-621,2279,2916,-3086,-4020,-1675,348,604,-195
2607,-1783,-826,-614,2290,2922,-3081,-4008,-1666,349,612,-192
2615,-1785,-837,-606,2303,2928,-3078,-3992,-1655,356,622,-189
2619,-1789,-842,-603,2309,2933,-3078,-3978,-1646,359,629,-190
2623,-1793,-846,-603,2314,2938,-3080,-3965,-1640,359,634,-193
2630,-1796,-853,-599,2324,2945,-3080,-3950,-1636,353,640,-194
2641,-1797,-867,-591,2340,2954,-3079,-3931,-1632,339,645,-192
2649,-1796,-878,-584,2353,2958,-3077,-3915,-1630,322,646,-193
2644,-1797,-876,-588,2348,2957,-3077,-3906,-1632,305,641,-198
2635,-1795,-870,-594,2337,2950,-3081,-3901,-1632,295,632,-204
2627,-1793,-865,-598,2328,2944,-3086,-3899,-1633,285,621,-210
2621,-1789,-861,-601,2321,2939,-3093,-3897,-1636,272,610,-214
2616,-1789,-856,-609,2314,2937,-3099,-3894,-1642,260,599,-214
2605,-1789,-843,-622,2297,2931,-3106,-3893,-1649,250,584,-214
2595,-1785,-834,-631,2285,2923,-3109,-3890,-1653,246,575,-215
2587,-1776,-833,-630,2278,2913,-3109,-3884,-1655,245,570,-216
2582,-1765,-833,-628,2275,2904,-3105,-3884,-1659,247,566,-218
2573,-1754,-831,-627,2267,2892,-3100,-3883,-1661,253,565,-223
2562,-1741,-828,-625,2258,2877,-3094,-3878,-1660,261,567,-227
2539,-1728,-811,-633,2231,2853,-3092,-3878,-1663,260,561,-236
2516,-1715,-798,-636,2208,2830,-3088,-3879,-1665,263,554,-242
2497,-1702,-785,-640,2187,2809,-3084,-3876,-1663,269,552,-247
2475,-1692,-769,-647,2161,2789,-3080,-3877,-1660,275,546,-251
2461,-1683,-759,-650,2145,2773,-3073,-3878,-1656,283,543,-252
2452,-1676,-754,-650,2137,2763,-3067,-3877,-1653,291,542,-252
2443,-1673,-745,-654,2125,2755,-3058,-3876,-1648,300,541,-251
2428,-1672,-729,-664,2104,2743,-3047,-3874,-1638,307,537,-249
2414,-1669,-717,-669,2087,2731,-3032,-3870,-1624,318,536,-245
2412,-1665,-719,-663,2087,2726,-3014,-3857,-1607,334,542,-237
2413,-1661,-724,-654,2091,2723,-2998,-3843,-1591,345,550,-228
2410,-1656,-726,-646,2090,2716,-2986,-3830,-1577,351,557,-220
2406,-1655,-725,-642,2087,2711,-2976,-3824,-1570,351,559,-215
2403,-1655,-725,-638,2085,2707,-2967,-3819,-1566,344,557,-213
2406,-1654,-730,-629,2090,2708,-2958,-3807,-1563,342,561,-212
2405,-1653,-734,-621,2091,2705,-2950,-3792,-1559,343,567,-212
2400,-1651,-733,-615,2087,2698,-2946,-3778,-1555,338,571,-214
2392,-1647,-733,-608,2082,2690,-2944,-3764,-1552,333,573,-217
2387,-1643,-735,-600,2079,2682,-2942,-3749,-1549,329,575,-220
2377,-1640,-733,-594,2071,2673,-2939,-3740,-1547,324,575,-224
2380,-1633,-746,-577,2082,2669,-2932,-3724,-1542,325,584,-225
2386,-1631,-758,-564,2093,2671,-2926,-3707,-1538,321,591,-225
2390,-1627,-770,-551,2104,2671,-2920,-3694,-1534,318,595,-226
2398,-1625,-785,-537,2119,2674,-2912,-3677,-1528,321,602,-224
2401,-1622,-794,-528,2127,2673,-2906,-3663,-1524,318,606,-226
2400,-1620,-799,-522,2129,2670,-2901,-3650,-1523,314,609,-229
2402,-1617,-806,-515,2135,2670,-2896,-3636,-1522,308,613,-230
2407,-1614,-818,-505,2146,2671,-2891,-3619,-1520,305,623,-226
2406,-1608,-825,-497,2150,2668,-2891,-3606,-1517,300,630,-223
2397,-1604,-822,-497,2142,2659,-2899,-3603,-1521,287,627,-227
2384,-1597,-817,-497,2130,2646,-2909,-3601,-1526,276,619,-234
2372,-1590,-812,-497,2118,2634,-2918,-3598,-1531,266,612,-243
2363,-1582,-811,-494,2112,2623,-2923,-3593,-1538,254,606,-253
2356,-1573,-812,-490,2108,2614,-2927,-3588,-1545,242,601,-262
2346,-1565,-808,-490,2098,2603,-2931,-3589,-1551,229,591,-274
2336,-1555,-805,-488,2090,2592,-2934,-3595,-1554,216,579,-287
2329,-1544,-806,-483,2086,2581,-2932,-3602,-1553,206,568,-299
2325,-1536,-807,-479,2085,2574,-2927,-3610,-1554,195,555,-311
2321,-1528,-806,-478,2082,2568,-2926,-3616,-1557,185,542,-322
2319,-1523,-805,-478,2079,2563,-2927,-3613,-1560,182,537,-331
2304,-1522,-787,-492,2058,2554,-2931,-3613,-1562,172,528,-343
2289,-1516,-773,-499,2040,2541,-2930,-3613,-1563,164,518,-351
2276,-1510,-761,-505,2024,2529,-2928,-3611,-1562,156,511,-355
2257,-1505,-743,-515,1999,2514,-2929,-3612,-1562,147,502,-358
2239,-1497,-728,-521,1978,2497,-2932,-3611,-1560,138,493,-360
2224,-1492,-714,-528,1960,2484,-2932,-3607,-1556,132,487,-360
2210,-1491,-696,-540,1939,2474,-2928,-3599,-1551,129,482,-358
2194,-1495,-674,-558,1914,2467,-2922,-3591,-1547,127,475,-357
2181,-1498,-655,-573,1893,2460,-2914,-3580,-1540,127,474,-356
2179,-1499,-648,-578,1888,2460,-2901,-3564,-1529,132,480,-348
2183,-1503,-646,-581,1890,2465,-2891,-3546,-1518,139,489,-343
2188,-1506,-647,-582,1894,2470,-2884,-3526,-1509,150,497,-336
2192,-1507,-648,-582,1897,2473,-2880,-3508,-1503,156,503,-331
2192,-1503,-652,-576,1899,2471,-2875,-3490,-1498,158,507,-327
2197,-1498,-661,-565,1908,2471,-2868,-3469,-1495,160,512,-323
2199,-1496,-666,-558,1913,2471,-2864,-3451,-1493,158,514,-321
2197,-1492,-668,-553,1913,2467,-2862,-3439,-1492,154,514,-321
2190,-1485,-671,-544,1909,2457,-2863,-3428,-1491,149,510,-324
2185,-1474,-678,-530,1910,2446,-2862,-3417,-1492,141,506,-326
2179,-1465,-686,-517,1911,2436,-2862,-3411,-1494,128,496,-330
2187,-1455,-709,-492,1931,2434,-2857,-3400,-1494,126,495,-330
2197,-1449,-729,-471,1950,2435,-2856,-3391,-1496,123,496,-333
2204,-1449,-743,-459,1964,2439,-2853,-3388,-1499,117,493,-339
2214,-1451,-757,-448,1979,2446,-2848,-3382,-1501,119,493,-345
2219,-1456,-763,-445,1986,2451,-2844,-3377,-1504,122,492,-351
2219,-1462,-764,-446,1987,2454,-2841,-3373,-1504,123,488,-357
2222,-1468,-767,-445,1991,2459,-2839,-3367,-1504,122,485,-363
2230,-1476,-774,-444,2000,2468,-2836,-3355,-1504,121,488,-368
2234,-1484,-776,-447,2005,2475,-2836,-3344,-1503,114,490,-372
2231,-1497,-766,-461,1997,2480,-2839,-3339,-1505,101,487,-378
2228,-1507,-756,-474,1988,2484,-2839,-3339,-1506,88,481,-384
2224,-1517,-746,-487,1980,2487,-2839,-3337,-1506,77,476,-392
2220,-1525,-737,-499,1971,2489,-2838,-3333,-1502,69,473,-399
2217,-1533,-728,-512,1964,2491,-2838,-3328,-1498,61,471,-405
2207,-1539,-712,-529,1947,2489,-2839,-3330,-1499,49,463,-411
2199,-1540,-701,-540,1934,2484,-2839,-3333,-1502,33,455,-417
2191,-1538,-693,-547,1925,2478,-2839,-3336,-1505,15,447,-424
2185,-1532,-690,-549,1919,2470,-2838,-3339,-1510,-2,440,-432
2175,-1523,-686,-550,1911,2459,-2838,-3340,-1518,-22,431,-442
2166,-1511,-684,-548,1903,2446,-2839,-3338,-1526,-36,425,-452
2146,-1503,-668,-558,1879,2428,-2844,-3345,-1535,-53,412,-466
2125,-1492,-652,-565,1854,2408,-2848,-3350,-1540,-65,398,-477
2110,-1484,-639,-573,1835,2394,-2852,-3350,-1543,-72,388,-487
2091,-1476,-622,-583,1811,2379,-2855,-3351,-1543,-81,377,-495
2074,-1464,-610,-587,1791,2361,-2855,-3349,-1537,-80,371,-500
2059,-1453,-601,-588,1774,2345,-2852,-3345,-1529,-77,368,-504
2042,-1442,-588,-592,1754,2328,-2847,-3340,-1522,-75,364,-506
2021,-1430,-574,-596,1730,2309,-2843,-3336,-1514,-74,359,-508
2005,-1415,-569,-591,1715,2289,-2840,-3330,-1501,-71,357,-509
1999,-1394,-579,-571,1718,2273,-2833,-3318,-1485,-63,362,-509
1997,-1376,-591,-551,1724,2261,-2820,-3304,-1470,-54,370,-509
1995,-1360,-602,-532,1729,2249,-2802,-3292,-1456,-47,378,-510
1991,-1346,-611,-517,1732,2239,-2789,-3282,-1444,-41,385,-511
1987,-1334,-618,-503,1733,2228,-2781,-3271,-1435,-38,390,-510
1987,-1322,-629,-485,1740,2219,-2775,-3254,-1426,-34,397,-507
1984,-1312,-638,-469,1743,2210,-2770,-3237,-1418,-32,405,-507
1978,-1305,-641,-459,1741,2200,-2765,-3223,-1409,-33,412,-511
1970,-1298,-642,-451,1736,2189,-2764,-3211,-1402,-34,418,-517
1961,-1291,-644,-441,1730,2177,-2764,-3202,-1400,-33,422,-522
1951,-1286,-643,-434,1724,2165,-2762,-3199,-1404,-34,421,-525
1950,-1276,-656,-416,1731,2156,-2756,-3191,-1403,-27,423,-521
1949,-1270,-666,-402,1737,2149,-2751,-3178,-1403,-24,427,-516
1952,-1270,-674,-392,1745,2149,-2746,-3168,-1402,-23,426,-509
1962,-1271,-689,-380,1762,2154,-2739,-3153,-1400,-20,428,-503
1969,-1274,-698,-373,1773,2159,-2730,-3136,-1399,-17,428,-500
1970,-1275,-703,-368,1777,2158,-2725,-3121,-1402,-20,423,-500
1973,-1274,-711,-360,1785,2158,-2722,-3107,-1404,-22,417,-500
1982,-1275,-723,-352,1799,2163,-2719,-3094,-1402,-18,417,-497
1987,-1277,-729,-348,1807,2167,-2718,-3083,-1400,-20,418,-496
1982,-1283,-721,-357,1798,2166,-2722,-3081,-1402,-30,414,-499
1975,-1287,-712,-365,1787,2163,-2724,-3082,-1408,-45,409,-505
1969,-1291,-704,-374,1779,2163,-2725,-3087,-1413,-59,405,-510
1965,-1294,-697,-381,1771,2161,-2727,-3092,-1413,-64,402,-514
1961,-1296,-691,-388,1765,2160,-2728,-3095,-1411,-66,399,-518
1950,-1297,-679,-398,1750,2154,-2731,-3103,-1414,-76,386,-525
1940,-1293,-672,-403,1739,2146,-2733,-3108,-1419,-91,372,-535
1933,-1286,-670,-402,1733,2137,-2731,-3108,-1426,-107,362,-544
1928,-1279,-669,-401,1729,2130,-2725,-3105,-1428,-115,357,-551
1921,-1275,-664,-405,1722,2124,-2719,-3101,-1430,-126,353,-560
1917,-1274,-658,-411,1716,2121,-2716,-3092,-1432,-136,353,-569
1903,-1276,-640,-428,1695,2115,-2717,-3093,-1438,-153,343,-581
1888,-1274,-622,-442,1673,2105,-2715,-3096,-1441,-166,330,-591
1876,-1272,-610,-451,1658,2097,-2713,-3093,-1441,-176,323,-596
1862,-1272,-592,-465,1637,2089,-2714,-3092,-1444,-187,315,-599
1850,-1270,-578,-475,1620,2081,-2719,-3089,-1447,-195,309,-598
1840,-1268,-566,-484,1606,2075,-2725,-3085,-1450,-200,301,-595
1829,-1269,-552,-496,1590,2069,-2730,-3083,-1453,-206,292,-596
1816,-1270,-535,-510,1570,2063,-2735,-3087,-1456,-215,277,-600
1804,-1267,-523,-516,1554,2054,-2738,-3088,-1454,-218,266,-603
1802,-1259,-527,-509,1555,2047,-2736,-3084,-1446,-210,264,-601
1805,-1254,-534,-501,1561,2046,-2731,-3074,-1437,-199,266,-598
1806,-1249,-540,-494,1566,2044,-2726,-3062,-1426,-189,272,-592
1802,-1242,-542,-486,1564,2035,-2721,-3054,-1418,-180,277,-586
1791,-1232,-542,-480,1557,2021,-2716,-3049,-1411,-172,278,-583
1785,-1222,-547,-468,1555,2009,-2707,-3038,-1405,-162,284,-579
1779,-1212,-552,-456,1553,1996,-2698,-3025,-1400,-156,287,-577
1767,-1203,-552,-447,1544,1980,-2690,-3012,-1395,-153,289,-577
1752,-1195,-547,-443,1531,1964,-2684,-2997,-1390,-152,291,-577
1741,-1193,-542,-442,1519,1953,-2680,-2979,-1382,-148,294,-577
1734,-1197,-534,-447,1508,1949,-2680,-2965,-1376,-148,294,-576
1739,-1203,-538,-444,1513,1955,-2676,-2942,-1369,-142,300,-571
1749,-1213,-542,-445,1521,1966,-2673,-2919,-1363,-139,306,-567
1753,-1221,-543,-446,1523,1973,-2672,-2902,-1361,-139,308,-568
1758,-1224,-551,-440,1531,1978,-2671,-2889,-1364,-138,311,-568
1763,-1226,-559,-432,1539,1981,-2673,-2880,-1370,-139,310,-571
1763,-1224,-566,-424,1543,1980,-2675,-2874,-1375,-140,306,-573
1762,-1221,-573,-414,1546,1977,-2671,-2866,-1377,-135,306,-572
1767,-1219,-583,-404,1555,1979,-2665,-2853,-1375,-125,311,-569
1771,-1221,-587,-400,1561,1984,-2659,-2840,-1371,-119,317,-566
1766,-1227,-578,-408,1551,1985,-2656,-2836,-1372,-123,314,-570
1755,-1229,-567,-416,1537,1981,-2655,-2834,-1376,-131,306,-575
1744,-1229,-556,-422,1523,1975,-2655,-2832,-1379,-137,299,-580
1734,-1224,-550,-423,1513,1967,-2656,-2832,-1380,-146,291,-586
1727,-1219,-546,-422,1507,1960,-2656,-2832,-1379,-157,282,-590
1716,-1213,-538,-424,1495,1950,-2655,-2832,-1376,-170,271,-595
1707,-1205,-534,-423,1487,1941,-2651,-2829,-1371,-179,261,-597
1703,-1198,-534,-420,1486,1935,-2647,-2824,-1365,-184,254,-597
1704,-1190,-538,-415,1491,1933,-2645,-2823,-1360,-190,246,-597
1701,-1182,-539,-413,1490,1927,-2648,-2823,-1358,-198,236,-601
1699,-1175,-539,-410,1490,1922,-2652,-2817,-1356,-202,228,-606
1685,-1170,-525,-420,1472,1911,-2662,-2817,-1357,-209,218,-614
1665,-1163,-507,-431,1447,1894,-2670,-2815,-1358,-210,210,-620
1646,-1154,-492,-438,1426,1877,-2674,-2811,-1359,-207,206,-623
1623,-1146,-472,-450,1397,1857,-2676,-2811,-1361,-210,198,-629
1603,-1138,-456,-459,1374,1839,-2674,-2810,-1361,-211,192,-631
1589,-1134,-442,-468,1356,1827,-2671,-2809,-1359,-209,188,-630
1577,-1133,-427,-481,1337,1819,-2666,-2806,-1356,-204,186,-628
1563,-1133,-410,-495,1317,1810,-2660,-2803,-1352,-201,182,-628
1552,-1128,-400,-501,1303,1799,-2651,-2794,-1347,-194,178,-630
1549,-1118,-405,-493,1305,1790,-2636,-2777,-1338,-181,180,-627
1547,-1108,-411,-485,1307,1782,-2624,-2758,-1329,-176,185,-625
1547,-1101,-416,-478,1311,1777,-2613,-2740,-1323,-174,190,-625
1549,-1097,-421,-474,1314,1775,-2604,-2727,-1318,-168,194,-624
1548,-1094,-423,-470,1316,1771,-2597,-2718,-1314,-165,194,-625
1550,-1088,-431,-461,1322,1768,-2588,-2707,-1310,-163,198,-625
1550,-1083,-436,-455,1324,1763,-2581,-2700,-1310,-162,199,-629
1546,-1079,-437,-451,1323,1758,-2574,-2699,-1311,-162,198,-636
1538,-1073,-436,-446,1316,1747,-2566,-2697,-1311,-160,195,-642
1528,-1065,-436,-439,1309,1734,-2554,-2693,-1307,-155,193,-647
1517,-1058,-434,-434,1299,1720,-2545,-2692,-1301,-154,189,-654
1516,-1049,-445,-418,1306,1712,-2532,-2682,-1293,-148,192,-656
1523,-1047,-457,-405,1319,1714,-2521,-2670,-1285,-142,198,-655
1530,-1052,-464,-401,1328,1720,-2510,-2659,-1280,-142,201,-654
1540,-1057,-473,-396,1339,1728,-2499,-2646,-1273,-140,208,-651
1548,-1063,-478,-394,1347,1735,-2494,-2637,-1270,-145,213,-651
1550,-1067,-481,-391,1350,1737,-2498,-2635,-1272,-155,213,-655
1554,-1067,-488,-384,1357,1737,-2504,-2633,-1273,-165,212,-660
1558,-1063,-501,-371,1367,1735,-2513,-2626,-1274,-168,215,-662
1560,-1059,-509,-361,1373,1731,-2522,-2623,-1277,-174,216,-663
1553,-1059,-504,-363,1364,1726,-2533,-2626,-1286,-186,212,-668
1541,-1060,-493,-371,1348,1717,-2544,-2629,-1295,-194,207,-674
1529,-1059,-483,-376,1333,1707,-2553,-2629,-1302,-198,201,-677
1516,-1057,-472,-381,1317,1696,-2562,-2625,-1308,-202,194,-676
1506,-1057,-462,-388,1304,1689,-2572,-2618,-1311,-203,188,-677
1489,-1056,-444,-400,1280,1678,-2584,-2616,-1316,-206,175,-682
1473,-1052,-429,-409,1260,1664,-2593,-2612,-1319,-204,161,-685
1460,-1049,-417,-416,1244,1655,-2600,-2603,-1320,-201,150,-685
1452,-1046,-408,-421,1233,1649,-2603,-2595,-1321,-199,142,-685
1443,-1042,-400,-425,1223,1642,-2608,-2588,-1324,-200,134,-688
1438,-1037,-395,-427,1216,1637,-2614,-2577,-1328,-197,128,-692
1426,-1037,-379,-440,1199,1632,-2620,-2572,-1336,-202,116,-701
1413,-1034,-365,-449,1182,1623,-2625,-2571,-1342,-212,103,-713
1400,-1026,-355,-452,1168,1613,-2631,-2570,-1348,-222,94,-720
1381,-1019,-339,-459,1147,1599,-2638,-2574,-1354,-233,83,-728
1364,-1012,-325,-465,1127,1586,-2640,-2576,-1356,-240,74,-733
1350,-1005,-314,-469,1111,1576,-2640,-2576,-1354,-246,68,-736
1334,-999,-301,-475,1094,1565,-2643,-2579,-1350,-250,60,-737
1315,-994,-285,-482,1072,1552,-2648,-2583,-1344,-255,51,-738
1299,-988,-274,-486,1055,1540,-2649,-2582,-1334,-256,45,-739
1296,-980,-278,-478,1057,1536,-2643,-2574,-1321,-251,47,-735
1299,-975,-286,-468,1066,1537,-2636,-2563,-1312,-249,50,-731
1300,-970,-292,-460,1072,1535,-2628,-2551,-1307,-251,52,-729
1299,-966,-296,-454,1075,1534,-2620,-2540,-1305,-252,50,-729
1299,-963,-301,-448,1078,1532,-2609,-2531,-1305,-254,47,-730
1306,-957,-315,-433,1093,1532,-2592,-2515,-1302,-248,53,-729
1312,-952,-328,-420,1107,1532,-2577,-2501,-1300,-242,61,-726
1315,-948,-338,-409,1116,1531,-2566,-2489,-1297,-234,65,-724
1316,-945,-345,-402,1122,1527,-2560,-2480,-1295,-227,68,-723
1320,-945,-352,-395,1129,1528,-2556,-2469,-1292,-218,71,-721
1319,-946,-355,-393,1131,1526,-2552,-2457,-1289,-211,71,-721
1326,-943,-367,-382,1143,1525,-2544,-2438,-1285,-202,77,-719
1336,-945,-380,-375,1158,1530,-2539,-2419,-1281,-195,84,-719
1343,-950,-386,-373,1166,1535,-2533,-2407,-1280,-192,87,-721
1350,-951,-397,-367,1178,1537,-2526,-2393,-1279,-188,89,-721
1355,-955,-403,-365,1184,1539,-2524,-2381,-1281,-190,89,-725
1357,-961,-403,-369,1183,1541,-2524,-2371,-1287,-198,87,-733
1360,-965,-406,-371,1186,1544,-2523,-2360,-1293,-203,87,-740
1368,-966,-416,-365,1196,1547,-2520,-2345,-1295,-204,91,-745
1375,-964,-427,-357,1206,1548,-2521,-2333,-1299,-213,91,-753
1376,-963,-430,-355,1207,1546,-2525,-2329,-1308,-233,85,-766
1374,-962,-431,-354,1204,1542,-2529,-2329,-1317,-251,76,-780
1372,-959,-432,-352,1201,1538,-2530,-2329,-1322,-264,69,-792
1371,-957,-435,-350,1200,1535,-2529,-2328,-1324,-272,64,-802
1374,-955,-438,-348,1201,1535,-2525,-2328,-1326,-277,62,-808
1370,-955,-434,-352,1194,1532,-2524,-2338,-1329,-283,56,-815
1366,-952,-431,-354,1187,1527,-2521,-2346,-1331,-286,52,-818
1365,-951,-430,-356,1184,1526,-2518,-2354,-1333,-286,49,-822
1367,-951,-430,-358,1184,1528,-2514,-2362,-1335,-287,49,-824
1367,-951,-427,-361,1181,1529,-2510,-2374,-1337,-293,48,-827
1365,-947,-427,-360,1179,1526,-2506,-2380,-1339,-295,49,-829
1350,-942,-414,-367,1160,1515,-2506,-2389,-1343,-299,45,-833
1330,-935,-399,-373,1137,1498,-2507,-2400,-1344,-302,38,-835
1316,-928,-388,-377,1120,1486,-2507,-2407,-1345,-304,34,-833
1297,-924,-370,-388,1096,1474,-2511,-2416,-1349,-313,26,-831
1279,-918,-355,-395,1076,1462,-2510,-2421,-1354,-323,18,-827
1265,-912,-343,-399,1060,1451,-2504,-2423,-1360,-330,13,-821
1249,-907,-328,-406,1041,1441,-2494,-2423,-1363,-331,11,-816
1227,-902,-309,-415,1016,1427,-2484,-2425,-1363,-331,5,-811
1208,-896,-293,-421,995,1413,-2475,-2425,-1360,-327,0,-806
1196,-886,-290,-415,988,1402,-2466,-2419,-1351,-316,1,-798
1193,-878,-293,-407,989,1398,-2460,-2412,-1346,-307,3,-792
1193,-876,-294,-404,992,1400,-2453,-2403,-1341,-302,4,-789
1192,-876,-293,-403,993,1402,-2448,-2390,-1336,-297,7,-787
1190,-877,-290,-404,991,1403,-2444,-2376,-1333,-291,8,-787
1194,-878,-293,-400,997,1408,-2440,-2362,-1331,-284,15,-786
1195,-880,-294,-398,1001,1411,-2437,-2352,-1329,-283,20,-788
1193,-883,-289,-401,997,1412,-2436,-2345,-1329,-286,23,-792
1185,-887,-279,-408,986,1409,-2437,-2340,-1333,-295,22,-796
1180,-892,-272,-414,979,1408,-2436,-2335,-1339,-304,21,-799
1174,-896,-264,-420,970,1405,-2435,-2333,-1345,-316,18,-802
1174,-894,-270,-412,975,1402,-2428,-2324,-1346,-319,20,-798
1182,-893,-282,-402,988,1404,-2422,-2313,-1348,-319,25,-790
1187,-896,-287,-398,994,1406,-2415,-2304,-1348,-318,27,-783
1197,-897,-298,-390,1008,1410,-2407,-2292,-1346,-312,33,-776
1203,-897,-306,-383,1017,1410,-2402,-2280,-1342,-310,38,-770
1205,-893,-315,-373,1023,1404,-2398,-2268,-1338,-309,43,-768
1209,-886,-329,-358,1033,1397,-2394,-2258,-1333,-306,52,-766
1216,-878,-346,-341,1048,1393,-2391,-2246,-1328,-303,65,-765
1221,-874,-357,-330,1056,1389,-2394,-2239,-1327,-306,75,-765
1214,-873,-353,-332,1047,1379,-2400,-2241,-1331,-315,75,-768
1202,-872,-344,-338,1032,1367,-2405,-2246,-1339,-324,69,-775
1191,-870,-335,-343,1016,1354,-2411,-2252,-1346,-329,61,-782
1178,-866,-328,-346,1000,1340,-2421,-2253,-1353,-330,54,-790
1167,-861,-322,-347,988,1327,-2425,-2249,-1359,-330,47,-796
1152,-860,-308,-357,967,1315,-2428,-2251,-1366,-331,35,-807
1142,-857,-300,-363,953,1305,-2427,-2257,-1369,-330,22,-817
1138,-856,-296,-367,947,1301,-2422,-2262,-1368,-329,10,-827
1137,-856,-294,-371,943,1300,-2413,-2265,-1367,-331,0,-834
1135,-857,-289,-377,938,1300,-2405,-2266,-1366,-340,-12,-842
1135,-858,-284,-384,934,1302,-2395,-2262,-1363,-343,-20,-847
1126,-861,-270,-398,918,1299,-2390,-2261,-1363,-349,-33,-854
1112,-862,-251,-414,897,1293,-2387,-2267,-1364,-355,-49,-863
1105,-863,-238,-426,884,1291,-2387,-2272,-1368,-363,-60,-872
1095,-866,-222,-441,868,1289,-2389,-2280,-1373,-372,-71,-882
1089,-865,-213,-449,859,1289,-2389,-2286,-1374,-379,-82,-890
1087,-864,-209,-453,856,1290,-2386,-2284,-1370,-380,-86,-894
1086,-862,-206,-455,855,1291,-2382,-2280,-1365,-381,-89,-896
1084,-862,-200,-461,851,1293,-2378,-2280,-1361,-384,-93,-899
1083,-861,-199,-463,851,1296,-2373,-2279,-1352,-381,-98,-899
1091,-854,-212,-450,865,1300,-2366,-2274,-1339,-370,-95,-895
1104,-847,-230,-434,887,1307,-2361,-2268,-1324,-358,-86,-889
1116,-840,-249,-416,908,1313,-2358,-2262,-1312,-350,-76,-886
1126,-833,-267,-400,927,1317,-2357,-2258,-1304,-349,-68,-886
1128,-824,-279,-385,936,1314,-2358,-2256,-1303,-355,-64,-890
1132,-812,-296,-363,950,1310,-2358,-2252,-1301,-358,-56,-893
1132,-804,-308,-348,957,1305,-2357,-2251,-1304,-367,-51,-898
1126,-798,-311,-338,955,1296,-2359,-2253,-1311,-378,-50,-906
1117,-792,-313,-329,949,1285,-2363,-2257,-1320,-391,-53,-916
1112,-786,-318,-318,948,1276,-2365,-2257,-1327,-399,-55,-926
1107,-784,-320,-311,945,1269,-2364,-2258,-1335,-408,-58,-935
1112,-783,-331,-297,955,1269,-2361,-2248,-1337,-410,-57,-940
1124,-787,-343,-287,970,1276,-2360,-2234,-1335,-406,-49,-941
1130,-792,-350,-280,978,1281,-2361,-2222,-1338,-408,-44,-945
1141,-795,-363,-269,993,1287,-2356,-2207,-1340,-409,-39,-948
1150,-798,-372,-260,1005,1292,-2352,-2194,-1342,-412,-37,-954
1153,-804,-373,-258,1007,1294,-2346,-2183,-1342,-414,-36,-958
1157,-807,-376,-254,1011,1295,-2339,-2172,-1338,-412,-36,-961
1165,-808,-385,-246,1022,1299,-2335,-2159,-1333,-408,-33,-960
1174,-811,-392,-241,1033,1305,-2331,-2146,-1327,-410,-31,-961
1176,-817,-388,-246,1032,1308,-2329,-2140,-1324,-422,-36,-967
1174,-821,-380,-254,1025,1308,-2330,-2140,-1323,-438,-47,-975
1170,-822,-373,-259,1019,1304,-2330,-2142,-1322,-456,-58,-982
1164,-819,-368,-262,1012,1298,-2326,-2143,-1318,-468,-68,-989
1156,-812,-363,-263,1004,1288,-2323,-2144,-1313,-477,-77,-993
1139,-802,-351,-267,986,1271,-2328,-2156,-1314,-490,-94,-1001
1126,-791,-346,-268,975,1257,-2332,-2168,-1315,-500,-114,-1012
1116,-777,-345,-265,969,1243,-2333,-2175,-1316,-507,-134,-1022
1110,-762,-350,-257,970,1232,-2330,-2177,-1317,-508,-149,-1029
1100,-748,-350,-254,965,1218,-2330,-2180,-1320,-505,-162,-1033
1090,-731,-352,-248,962,1204,-2333,-2180,-1322,-498,-170,-1037
1071,-718,-342,-254,944,1186,-2340,-2183,-1327,-498,-179,-1043
1045,-704,-326,-263,918,1165,-2348,-2190,-1329,-494,-188,-1048
1025,-690,-317,-267,899,1146,-2356,-2192,-1332,-487,-192,-1052
999,-678,-301,-276,873,1125,-2366,-2195,-1338,-485,-198,-1057
976,-665,-290,-281,851,1105,-2371,-2196,-1344,-488,-202,-1062
955,-652,-281,-284,832,1087,-2372,-2192,-1346,-489,-201,-1062
935,-641,-270,-289,812,1070,-2372,-2187,-1348,-492,-199,-1060
915,-635,-256,-297,790,1056,-2370,-2185,-1352,-498,-204,-1059
895,-628,-243,-304,768,1041,-2365,-2181,-1352,-501,-208,-1057
886,-620,-241,-301,761,1032,-2353,-2169,-1344,-490,-205,-1050
880,-611,-244,-295,758,1024,-2333,-2150,-1330,-471,-196,-1041
873,-601,-248,-285,756,1014,-2310,-2132,-1316,-453,-185,-1032
866,-593,-250,-276,752,1005,-2290,-2119,-1309,-446,-177,-1027
857,-588,-247,-272,743,995,-2274,-2114,-1305,-446,-175,-1027
857,-587,-249,-266,744,993,-2259,-2104,-1301,-440,-168,-1024
859,-592,-247,-267,743,997,-2243,-2093,-1295,-427,-162,-1019
860,-599,-244,-269,741,1001,-2227,-2083,-1290,-416,-154,-1015
858,-604,-237,-271,734,1001,-2213,-2072,-1285,-408,-146,-1012
857,-607,-236,-268,731,999,-2200,-2058,-1279,-401,-138,-1010
859,-611,-236,-264,732,1000,-2189,-2047,-1273,-402,-133,-1012
872,-614,-249,-251,748,1006,-2177,-2031,-1265,-400,-128,-1009
887,-617,-264,-236,768,1015,-2166,-2009,-1255,-393,-119,-1003
895,-622,-270,-228,776,1019,-2158,-1996,-1246,-388,-116,-1001
907,-627,-280,-218,790,1026,-2148,-1981,-1232,-382,-106,-996
920,-636,-288,-213,803,1036,-2139,-1965,-1220,-380,-96,-994
929,-645,-291,-212,810,1044,-2137,-1952,-1212,-381,-88,-995
937,-653,-294,-211,816,1051,-2138,-1938,-1203,-379,-81,-993
948,-659,-301,-206,827,1059,-2140,-1921,-1194,-377,-73,-989
961,-667,-309,-203,840,1070,-2140,-1901,-1186,-378,-65,-986
966,-679,-304,-212,839,1079,-2142,-1886,-1180,-385,-63,-986
965,-690,-293,-226,830,1083,-2145,-1873,-1175,-389,-66,-988
963,-700,-283,-239,822,1087,-2149,-1865,-1172,-391,-72,-988
964,-711,-274,-254,816,1094,-2153,-1864,-1171,-394,-82,-988
969,-720,-269,-265,815,1103,-2157,-1864,-1172,-399,-91,-987
963,-728,-255,-283,802,1104,-2164,-1874,-1176,-412,-105,-989
958,-733,-245,-297,791,1106,-2173,-1886,-1181,-425,-122,-995
955,-736,-236,-310,784,1107,-2181,-1901,-1190,-442,-138,-1005
952,-738,-231,-320,779,1109,-2185,-1916,-1200,-458,-153,-1016
948,-738,-224,-330,772,1108,-2191,-1932,-1210,-473,-165,-1029
945,-737,-219,-339,767,1108,-2194,-1941,-1218,-479,-173,-1041
937,-737,-208,-354,755,1107,-2196,-1952,-1227,-486,-184,-1055
922,-732,-195,-364,737,1096,-2199,-1964,-1236,-491,-199,-1070
908,-721,-189,-368,725,1084,-2197,-1969,-1241,-493,-207,-1080
889,-710,-178,-374,705,1067,-2195,-1974,-1246,-498,-216,-1090
871,-698,-169,-376,689,1051,-2192,-1977,-1249,-503,-223,-1098
857,-685,-165,-374,678,1036,-2191,-1975,-1251,-505,-228,-1103
842,-673,-159,-375,666,1022,-2194,-1973,-1253,-510,-232,-1107
825,-666,-148,-381,648,1008,-2196,-1975,-1254,-517,-238,-1110
811,-660,-139,-385,634,996,-2197,-1974,-1253,-520,-245,-1111
804,-648,-143,-376,634,985,-2194,-1968,-1248,-516,-245,-1106
803,-636,-153,-363,641,977,-2191,-1958,-1240,-513,-242,-1100
804,-631,-160,-354,649,975,-2186,-1948,-1233,-510,-236,-1095
808,-630,-166,-348,656,976,-2179,-1937,-1228,-506,-229,-1091
807,-630,-167,-346,657,974,-2174,-1928,-1227,-506,-225,-1088
811,-627,-176,-337,666,974,-2167,-1913,-1226,-500,-217,-1083
814,-628,-182,-329,674,974,-2163,-1897,-1226,-493,-210,-1079
814,-629,-184,-324,677,973,-2158,-1881,-1227,-487,-207,-1076
809,-627,-184,-318,673,965,-2153,-1865,-1229,-486,-206,-1075
805,-625,-186,-311,671,958,-2145,-1849,-1228,-483,-204,-1072
800,-624,-186,-305,668,951,-2139,-1839,-1226,-482,-206,-1070
803,-620,-196,-290,676,947,-2129,-1829,-1221,-477,-204,-1064
813,-617,-213,-271,694,949,-2119,-1819,-1216,-471,-197,-1057
819,-618,-222,-260,702,949,-2114,-1815,-1212,-472,-196,-1054
827,-618,-234,-246,714,952,-2110,-1810,-1207,-472,-194,-1050
834,-618,-244,-234,724,953,-2107,-1807,-1203,-472,-192,-1048
838,-616,-251,-223,729,950,-2108,-1806,-1199,-469,-194,-1051
840,-611,-259,-210,733,945,-2109,-1804,-1196,-468,-196,-1053
847,-605,-273,-193,746,943,-2111,-1798,-1194,-472,-196,-1054
856,-600,-287,-177,759,943,-2112,-1795,-1195,-482,-198,-1056
857,-598,-288,-173,758,941,-2118,-1801,-1204,-498,-204,-1064
852,-597,-282,-175,750,936,-2128,-1813,-1219,-514,-216,-1075
849,-596,-277,-177,743,932,-2135,-1826,-1235,-528,-230,-1086
845,-597,-269,-183,733,930,-2141,-1837,-1247,-538,-245,-1097
846,-604,-260,-194,727,936,-2145,-1836,-1253,-537,-257,-1104
842,-614,-241,-216,712,942,-2150,-1833,-1257,-534,-273,-1112
840,-623,-224,-236,698,948,-2153,-1826,-1257,-526,-288,-1119
839,-631,-211,-252,690,956,-2154,-1816,-1252,-514,-299,-1124
840,-636,-201,-267,684,963,-2150,-1806,-1243,-502,-308,-1127
837,-639,-190,-280,676,966,-2148,-1798,-1236,-491,-315,-1130
835,-640,-180,-292,669,969,-2148,-1787,-1231,-484,-318,-1130
825,-641,-163,-310,652,967,-2149,-1781,-1231,-484,-326,-1131
807,-639,-142,-329,628,959,-2152,-1780,-1231,-492,-338,-1135
794,-634,-128,-341,613,951,-2156,-1777,-1229,-499,-344,-1135
774,-627,-110,-354,590,938,-2161,-1777,-1227,-503,-349,-1138
753,-618,-95,-364,567,922,-2162,-1776,-1222,-500,-353,-1138
737,-609,-83,-372,551,909,-2160,-1775,-1217,-491,-353,-1135
722,-603,-71,-382,534,898,-2159,-1773,-1213,-479,-352,-1134
702,-598,-54,-395,511,885,-2159,-1773,-1210,-471,-352,-1135
681,-593,-38,-406,489,870,-2158,-1770,-1207,-463,-355,-1135
671,-588,-34,-409,481,862,-2154,-1763,-1201,-452,-357,-1133
667,-583,-35,-408,480,857,-2151,-1755,-1195,-442,-358,-1130
663,-581,-36,-407,479,853,-2150,-1747,-1192,-435,-361,-1131
658,-581,-35,-409,476,849,-2145,-1740,-1189,-429,-364,-1133
650,-580,-32,-410,469,842,-2141,-1740,-1189,-428,-371,-1136
649,-579,-36,-405,472,839,-2133,-1737,-1187,-424,-374,-1136
647,-579,-41,-400,474,836,-2123,-1731,-1184,-420,-374,-1138
644,-581,-41,-397,471,832,-2115,-1726,-1182,-415,-376,-1140
641,-586,-40,-397,468,830,-2111,-1719,-1180,-409,-381,-1143
642,-591,-42,-393,470,831,-2107,-1710,-1175,-402,-384,-1143
640,-594,-43,-389,468,827,-2104,-1707,-1172,-403,-388,-1145
643,-593,-53,-375,476,826,-2100,-1698,-1166,-404,-386,-1145
656,-595,-70,-358,494,831,-2096,-1684,-1162,-407,-381,-1144
663,-597,-80,-347,504,833,-2094,-1670,-1161,-414,-376,-1145
671,-595,-94,-330,517,834,-2089,-1655,-1160,-416,-368,-1142
680,-594,-108,-314,530,836,-2088,-1644,-1162,-422,-360,-1142
688,-594,-119,-303,541,840,-2090,-1637,-1166,-434,-358,-1145
699,-595,-131,-291,555,846,-2093,-1630,-1170,-444,-356,-1151
718,-599,-148,-278,576,858,-2094,-1614,-1172,-448,-348,-1155
737,-603,-164,-266,598,872,-2095,-1601,-1175,-452,-338,-1159
743,-605,-167,-263,603,877,-2098,-1596,-1182,-461,-336,-1168
741,-606,-164,-264,598,875,-2101,-1597,-1190,-473,-338,-1182
738,-604,-160,-264,592,872,-2103,-1600,-1197,-486,-342,-1195
736,-601,-160,-262,589,869,-2102,-1604,-1205,-495,-347,-1206
739,-600,-161,-260,591,870,-2095,-1602,-1212,-498,-348,-1214
733,-598,-154,-265,582,865,-2089,-1606,-1217,-506,-356,-1224
722,-592,-146,-269,569,856,-2083,-1609,-1220,-511,-366,-1229
710,-585,-138,-272,556,844,-2077,-1611,-1220,-513,-376,-1233
705,-580,-135,-274,551,839,-2070,-1613,-1221,-517,-385,-1234
700,-575,-132,-276,546,833,-2064,-1620,-1225,-524,-395,-1239
691,-566,-129,-276,539,824,-2061,-1625,-1228,-531,-403,-1242
677,-559,-118,-283,523,812,-2063,-1634,-1233,-542,-414,-1246
659,-552,-104,-292,503,796,-2064,-1650,-1238,-552,-430,-1253
648,-546,-97,-298,492,788,-2061,-1664,-1239,-554,-440,-1255
635,-543,-84,-308,476,778,-2063,-1679,-1241,-556,-450,-1259
622,-540,-72,-318,461,770,-2064,-1691,-1241,-555,-458,-1261
615,-539,-65,-326,453,767,-2064,-1697,-1243,-556,-463,-1263
611,-541,-58,-335,448,768,-2063,-1702,-1247,-560,-469,-1267
602,-542,-47,-345,436,764,-2067,-1711,-1251,-566,-481,-1271
593,-542,-37,-353,424,760,-2070,-1723,-1256,-569,-494,-1271
591,-541,-37,-353,425,760,-2068,-1727,-1253,-564,-499,-1265
598,-540,-45,-347,436,765,-2063,-1723,-1247,-557,-500,-1257
605,-539,-55,-339,449,771,-2057,-1716,-1242,-550,-501,-1252
612,-539,-63,-333,460,778,-2052,-1705,-1236,-539,-500,-1248
615,-540,-65,-331,464,781,-2051,-1699,-1235,-536,-501,-1247
624,-540,-76,-321,478,789,-2050,-1690,-1232,-530,-497,-1242
631,-542,-82,-317,487,796,-2049,-1681,-1231,-527,-493,-1238
632,-545,-81,-318,487,800,-2051,-1675,-1231,-527,-491,-1235
629,-547,-77,-319,482,799,-2055,-1671,-1234,-528,-491,-1235
627,-547,-77,-317,480,799,-2057,-1663,-1234,-527,-489,-1236
626,-546,-79,-313,480,798,-2053,-1654,-1231,-529,-493,-1239
631,-543,-88,-302,488,798,-2045,-1642,-1224,-525,-494,-1242
645,-545,-102,-292,505,808,-2037,-1625,-1214,-519,-488,-1242
657,-552,-108,-290,515,820,-2036,-1614,-1208,-518,-489,-1245
672,-559,-117,-287,530,834,-2037,-1601,-1201,-512,-486,-1246
684,-565,-124,-284,540,844,-2042,-1589,-1199,-512,-481,-1247
690,-569,-128,-282,546,848,-2048,-1583,-1203,-516,-479,-1252
699,-572,-135,-279,554,854,-2052,-1575,-1208,-520,-477,-1258
709,-574,-145,-272,566,859,-2052,-1563,-1213,-522,-470,-1261
716,-571,-156,-262,576,860,-2050,-1551,-1220,-524,-464,-1263
715,-571,-155,-262,573,855,-2050,-1545,-1229,-534,-464,-1270
708,-571,-149,-267,563,849,-2051,-1543,-1237,-545,-467,-1280
705,-573,-144,-271,556,845,-2050,-1542,-1243,-552,-470,-1290
703,-577,-139,-278,550,843,-2044,-1542,-1244,-554,-467,-1296
706,-581,-138,-282,550,845,-2035,-1541,-1243,-551,-462,-1298
703,-587,-129,-294,541,845,-2027,-1545,-1241,-555,-463,-1301
701,-594,-121,-306,535,848,-2023,-1549,-1240,-560,-468,-1306
703,-599,-117,-315,533,851,-2022,-1550,-1240,-566,-475,-1311
708,-603,-118,-320,537,856,-2021,-1549,-1240,-572,-481,-1317
710,-606,-117,-325,539,859,-2021,-1545,-1242,-577,-486,-1322
712,-607,-117,-329,540,861,-2022,-1538,-1244,-577,-490,-1326
701,-605,-106,-338,527,854,-2025,-1537,-1248,-582,-498,-1331
677,-596,-90,-345,501,832,-2028,-1541,-1254,-591,-512,-1336
657,-581,-82,-344,484,811,-2026,-1541,-1257,-594,-520,-1336
634,-569,-69,-347,462,790,-2026,-1544,-1263,-601,-526,-1337
613,-556,-59,-348,443,769,-2026,-1548,-1266,-606,-531,-1336
598,-545,-53,-347,431,755,-2026,-1553,-1269,-611,-534,-1332
584,-537,-45,-349,419,743,-2026,-1560,-1274,-620,-539,-1329
565,-529,-32,-354,400,729,-2028,-1572,-1278,-633,-550,-1329
548,-519,-22,-355,384,714,-2027,-1586,-1281,-643,-560,-1331
541,-506,-28,-343,385,704,-2022,-1593,-1277,-644,-563,-1334
544,-493,-42,-325,399,701,-2011,-1594,-1265,-638,-561,-1333
548,-484,-54,-310,412,701,-1997,-1590,-1252,-633,-557,-1332
553,-476,-67,-295,426,701,-1983,-1582,-1241,-630,-552,-1332
555,-470,-74,-284,434,700,-1974,-1579,-1234,-630,-551,-1336
562,-464,-87,-269,449,702,-1963,-1573,-1228,-628,-545,-1335
567,-460,-96,-257,461,704,-1954,-1568,-1223,-623,-540,-1336
567,-456,-100,-248,465,702,-1947,-1564,-1217,-613,-535,-1338
563,-452,-101,-241,462,697,-1943,-1559,-1213,-607,-532,-1341
562,-450,-102,-235,463,694,-1937,-1550,-1208,-600,-526,-1343
563,-453,-102,-233,464,695,-1931,-1541,-1207,-597,-526,-1347
570,-456,-107,-228,471,701,-1922,-1529,-1204,-595,-525,-1347
586,-463,-118,-221,488,714,-1910,-1511,-1198,-592,-519,-1345
597,-472,-121,-222,496,726,-1903,-1497,-1194,-592,-516,-1347
612,-480,-129,-219,509,738,-1896,-1482,-1188,-588,-514,-1348
626,-487,-137,-215,522,749,-1892,-1468,-1185,-586,-512,-1349
635,-495,-140,-215,528,757,-1891,-1455,-1186,-586,-512,-1352
644,-498,-146,-211,535,763,-1892,-1442,-1188,-586,-511,-1353
653,-498,-156,-202,544,765,-1891,-1426,-1191,-586,-508,-1352
659,-496,-164,-195,551,766,-1892,-1412,-1196,-588,-503,-1352
656,-496,-161,-197,544,761,-1895,-1401,-1206,-600,-503,-1358
649,-497,-153,-203,531,755,-1897,-1392,-1218,-615,-507,-1367
644,-499,-146,-209,520,751,-1898,-1385,-1228,-628,-511,-1373
640,-501,-140,-216,511,748,-1899,-1381,-1235,-638,-517,-1377
638,-500,-137,-218,505,745,-1899,-1377,-1240,-644,-524,-1377
630,-500,-128,-226,491,738,-1903,-1381,-1248,-658,-537,-1381
622,-497,-124,-230,481,731,-1906,-1387,-1255,-673,-551,-1386
620,-494,-124,-230,478,727,-1906,-1394,-1259,-684,-564,-1393
620,-489,-128,-227,479,724,-1902,-1400,-1262,-693,-574,-1400
616,-486,-127,-228,476,720,-1900,-1408,-1265,-701,-586,-1405
615,-485,-128,-230,475,720,-1900,-1417,-1270,-705,-596,-1407
610,-486,-121,-238,467,719,-1903,-1431,-1277,-714,-605,-1411
597,-486,-108,-250,450,712,-1910,-1449,-1286,-723,-617,-1417
588,-484,-102,-255,441,707,-1914,-1459,-1290,-722,-623,-1419
577,-484,-91,-265,428,702,-1918,-1467,-1293,-723,-632,-1423
566,-480,-83,-272,415,694,-1917,-1475,-1289,-718,-638,-1426
553,-473,-77,-274,404,684,-1912,-1479,-1281,-708,-637,-1425
540,-468,-68,-280,390,674,-1909,-1482,-1273,-700,-637,-1422
523,-467,-53,-291,371,664,-1908,-1488,-1265,-695,-641,-1420
504,-461,-38,-300,349,650,-1906,-1495,-1259,-691,-648,-1418
494,-451,-37,-296,343,639,-1898,-1493,-1251,-681,-649,-1412
492,-440,-45,-286,348,632,-1884,-1482,-1241,-672,-646,-1405
491,-430,-53,-274,354,626,-1870,-1468,-1232,-667,-641,-1396
488,-417,-62,-261,359,618,-1855,-1452,-1223,-660,-632,-1387
482,-404,-67,-250,360,606,-1845,-1438,-1217,-656,-628,-1381
479,-391,-77,-235,366,596,-1834,-1418,-1213,-651,-619,-1372
475,-381,-82,-224,367,587,-1826,-1399,-1211,-653,-611,-1364
468,-375,-81,-219,364,578,-1820,-1382,-1211,-656,-605,-1358
458,-372,-75,-219,354,569,-1817,-1370,-1214,-657,-602,-1356
449,-368,-71,-216,347,559,-1814,-1359,-1215,-652,-599,-1353
443,-368,-66,-216,340,554,-1811,-1353,-1219,-650,-600,-1353
443,-369,-68,-211,343,554,-1810,-1346,-1223,-648,-599,-1355
455,-372,-79,-201,358,561,-1809,-1334,-1224,-648,-595,-1353
460,-378,-81,-198,364,565,-1811,-1328,-1226,-651,-594,-1356
470,-384,-89,-192,376,573,-1811,-1319,-1226,-648,-593,-1358
483,-394,-95,-189,390,586,-1811,-1311,-1226,-646,-591,-1359
493,-405,-97,-191,398,596,-1812,-1305,-1226,-644,-590,-1360
502,-416,-100,-191,406,606,-1813,-1300,-1224,-639,-587,-1360
516,-426,-107,-188,420,619,-1811,-1292,-1220,-630,-579,-1359
529,-436,-114,-186,434,632,-1809,-1282,-1214,-618,-568,-1357
534,-445,-113,-189,436,637,-1812,-1278,-1213,-617,-562,-1358
531,-451,-106,-194,430,637,-1815,-1276,-1214,-620,-562,-1360
529,-453,-104,-195,427,636,-1819,-1273,-1217,-625,-564,-1365
526,-452,-104,-192,426,633,-1824,-1272,-1223,-629,-570,-1372
527,-446,-111,-183,431,628,-1827,-1266,-1226,-628,-571,-1377
517,-440,-108,-181,422,618,-1832,-1264,-1228,-629,-575,-1382
507,-431,-107,-177,414,606,-1834,-1262,-1227,-629,-578,-1385
501,-422,-108,-173,411,598,-1831,-1259,-1227,-634,-586,-1389
499,-411,-117,-164,415,591,-1821,-1257,-1227,-639,-594,-1393
496,-398,-125,-154,418,583,-1814,-1261,-1231,-649,-605,-1401
492,-384,-132,-145,420,575,-1811,-1264,-1237,-659,-615,-1410
485,-373,-134,-143,415,566,-1814,-1271,-1248,-674,-630,-1422
468,-362,-124,-148,397,551,-1824,-1287,-1262,-694,-655,-1438
455,-351,-120,-150,385,538,-1832,-1297,-1270,-700,-672,-1447
437,-342,-108,-159,365,524,-1837,-1305,-1275,-703,-686,-1453
422,-334,-97,-169,347,512,-1835,-1311,-1277,-701,-696,-1457
414,-328,-92,-174,338,505,-1831,-1314,-1278,-698,-701,-1458
407,-324,-86,-181,329,501,-1828,-1316,-1279,-698,-706,-1457
399,-324,-74,-195,315,498,-1829,-1322,-1280,-700,-713,-1457
390,-327,-60,-211,299,496,-1828,-1328,-1278,-699,-717,-1457
384,-323,-55,-216,292,492,-1823,-1326,-1271,-692,-715,-1452
385,-319,-58,-216,293,490,-1816,-1320,-1263,-685,-707,-1444
387,-318,-58,-217,295,492,-1809,-1313,-1257,-680,-696,-1438
390,-318,-60,-218,297,493,-1801,-1306,-1252,-675,-685,-1431
390,-319,-58,-221,295,495,-1797,-1302,-1250,-675,-678,-1426
395,-321,-59,-221,299,498,-1793,-1291,-1248,-669,-668,-1420
398,-324,-58,-223,300,501,-1790,-1276,-1246,-665,-659,-1417
401,-330,-55,-226,299,506,-1786,-1262,-1246,-666,-653,-1417
403,-338,-48,-233,295,511,-1784,-1250,-1248,-669,-652,-1419
405,-345,-44,-237,293,516,-1781,-1236,-1246,-670,-649,-1417
407,-351,-39,-241,291,519,-1779,-1226,-1244,-672,-650,-1414
414,-357,-41,-238,297,525,-1779,-1218,-1242,-673,-648,-1411
433,-366,-52,-232,317,541,-1779,-1205,-1238,-672,-642,-1406
446,-377,-55,-231,327,554,-1783,-1199,-1239,-678,-643,-1404
457,-385,-60,-227,338,564,-1786,-1193,-1240,-682,-642,-1401
465,-391,-64,-223,346,569,-1789,-1186,-1244,-688,-642,-1401
469,-398,-64,-221,350,574,-1791,-1183,-1251,-696,-645,-1404
474,-405,-65,-219,355,579,-1791,-1181,-1255,-701,-646,-1408
483,-411,-72,-213,367,586,-1789,-1179,-1256,-700,-641,-1409
491,-413,-80,-204,379,591,-1786,-1174,-1257,-699,-635,-1409
493,-416,-82,-201,382,592,-1785,-1174,-1260,-703,-634,-1413
489,-419,-78,-201,378,590,-1789,-1175,-1265,-711,-639,-1421
484,-419,-76,-200,375,587,-1792,-1179,-1272,-719,-646,-1429
479,-419,-74,-198,371,582,-1796,-1186,-1276,-726,-655,-1434
475,-420,-73,-198,370,581,-1799,-1190,-1276,-722,-663,-1433
465,-422,-64,-205,358,576,-1804,-1199,-1277,-720,-676,-1432
455,-422,-57,-210,348,571,-1809,-1208,-1273,-713,-687,-1433
447,-419,-54,-211,341,565,-1812,-1215,-1273,-707,-695,-1434
442,-415,-54,-210,339,561,-1813,-1221,-1278,-703,-703,-1436
434,-413,-50,-214,332,558,-1812,-1227,-1285,-705,-713,-1440
425,-411,-43,-221,322,553,-1811,-1226,-1289,-703,-719,-1443
412,-412,-30,-234,305,549,-1808,-1224,-1296,-700,-724,-1445
390,-411,-8,-252,276,538,-1809,-1229,-1306,-703,-737,-1450
374,-405,4,-261,257,527,-1806,-1229,-1311,-697,-742,-1453
357,-399,17,-270,237,515,-1805,-1225,-1313,-692,-745,-1459
344,-393,26,-277,222,505,-1806,-1220,-1313,-690,-746,-1462
337,-387,29,-280,215,500,-1806,-1214,-1308,-687,-744,-1460
333,-383,33,-285,208,496,-1807,-1208,-1305,-686,-740,-1455
325,-381,43,-295,195,491,-1809,-1206,-1304,-686,-739,-1450
316,-378,53,-303,181,484,-1809,-1205,-1300,-684,-741,-1442
316,-372,50,-301,181,480,-1805,-1201,-1295,-676,-738,-1431
322,-363,38,-290,191,478,-1800,-1195,-1288,-670,-731,-1419
328,-357,29,-282,199,477,-1792,-1189,-1282,-667,-723,-1410
333,-353,23,-277,205,477,-1781,-1183,-1275,-662,-715,-1402
334,-351,23,-276,204,473,-1773,-1184,-1272,-660,-711,-1399
341,-349,15,-270,212,475,-1764,-1183,-1269,-655,-704,-1396
347,-349,10,-265,219,476,-1760,-1183,-1270,-651,-697,-1392
348,-349,9,-263,219,473,-1760,-1185,-1270,-647,-690,-1389
341,-347,16,-263,209,464,-1763,-1188,-1270,-643,-687,-1389
333,-344,20,-261,200,454,-1766,-1191,-1266,-634,-683,-1388
328,-343,23,-259,194,446,-1772,-1192,-1260,-625,-679,-1388
328,-342,20,-252,196,442,-1773,-1191,-1253,-617,-676,-1387
340,-341,5,-237,213,446,-1765,-1178,-1245,-606,-665,-1386
345,-343,1,-231,220,449,-1757,-1168,-1240,-601,-659,-1388
350,-343,-6,-222,229,450,-1745,-1152,-1236,-597,-650,-1390
353,-343,-11,-214,234,449,-1734,-1134,-1233,-594,-641,-1393
351,-345,-10,-212,233,448,-1727,-1117,-1233,-593,-638,-1398
351,-345,-12,-207,235,447,-1724,-1104,-1234,-598,-639,-1403
357,-346,-19,-199,245,451,-1723,-1090,-1233,-606,-638,-1409
364,-348,-27,-192,256,457,-1724,-1077,-1233,-615,-638,-1416
367,-354,-25,-196,258,464,-1728,-1069,-1238,-629,-646,-1427
364,-362,-16,-205,252,468,-1735,-1065,-1244,-646,-659,-1439
360,-368,-8,-213,245,471,-1742,-1062,-1250,-657,-671,-1450
354,-369,-2,-218,239,470,-1749,-1059,-1256,-666,-684,-1460
354,-367,-6,-214,243,470,-1752,-1056,-1259,-673,-693,-1469
349,-364,-4,-216,239,468,-1756,-1061,-1264,-685,-707,-1478
340,-360,1,-219,231,462,-1758,-1069,-1265,-693,-723,-1485
332,-353,2,-219,226,455,-1759,-1075,-1267,-700,-736,-1488
327,-344,-1,-214,226,449,-1757,-1080,-1270,-709,-747,-1488
321,-334,-4,-209,225,441,-1752,-1086,-1275,-717,-757,-1490
316,-324,-7,-205,224,434,-1746,-1090,-1278,-718,-762,-1493
307,-317,-2,-209,215,427,-1742,-1094,-1280,-720,-767,-1495
289,-313,14,-221,193,414,-1742,-1106,-1284,-724,-778,-1499
279,-307,22,-228,181,406,-1741,-1114,-1285,-720,-783,-1498
266,-303,33,-237,165,397,-1742,-1125,-1286,-719,-790,-1497
251,-298,45,-245,146,386,-1742,-1136,-1284,-717,-796,-1495
242,-293,51,-250,136,378,-1741,-1145,-1282,-712,-800,-1493
236,-289,56,-254,129,374,-1742,-1152,-1282,-709,-807,-1493
228,-286,62,-258,119,368,-1746,-1164,-1284,-710,-815,-1498
219,-281,68,-260,109,360,-1747,-1176,-1285,-712,-826,-1505
215,-274,67,-256,106,353,-1744,-1181,-1281,-707,-831,-1508
216,-268,60,-249,109,350,-1740,-1180,-1275,-700,-832,-1507
216,-263,56,-242,111,346,-1737,-1178,-1271,-696,-831,-1507
215,-257,52,-235,112,341,-1734,-1172,-1267,-696,-830,-1506
210,-252,53,-231,106,333,-1728,-1170,-1264,-699,-833,-1507
211,-246,45,-219,111,328,-1717,-1162,-1259,-697,-833,-1508
213,-242,37,-209,116,324,-1704,-1152,-1252,-695,-831,-1507
212,-238,34,-201,116,317,-1695,-1144,-1246,-692,-830,-1506
210,-238,34,-197,113,313,-1694,-1138,-1245,-695,-833,-1506
213,-240,32,-192,115,312,-1694,-1129,-1243,-698,-834,-1506
217,-241,26,-185,121,312,-1695,-1125,-1243,-701,-839,-1508
224,-238,14,-171,132,310,-1694,-1119,-1241,-700,-843,-1508
242,-235,-9,-150,158,316,-1692,-1105,-1236,-691,-838,-1505
257,-238,-22,-139,176,323,-1693,-1095,-1235,-687,-835,-1505
273,-241,-39,-127,197,332,-1692,-1083,-1232,-678,-832,-1502
291,-247,-52,-119,217,344,-1688,-1070,-1225,-669,-827,-1499
305,-254,-61,-115,233,355,-1684,-1060,-1223,-665,-825,-1498
317,-259,-69,-111,246,364,-1682,-1052,-1221,-664,-823,-1497
331,-263,-80,-105,263,374,-1682,-1044,-1221,-667,-820,-1498
344,-268,-88,-101,278,384,-1687,-1038,-1221,-669,-815,-1497
348,-276,-85,-108,279,391,-1699,-1040,-1225,-675,-813,-1500
345,-283,-73,-121,270,394,-1715,-1043,-1234,-681,-816,-1506
343,-290,-63,-133,263,396,-1730,-1044,-1244,-688,-821,-1514
338,-292,-55,-141,257,395,-1742,-1046,-1251,-696,-824,-1521
338,-290,-54,-143,257,395,-1749,-1046,-1256,-702,-825,-1526
332,-290,-46,-151,250,393,-1757,-1048,-1262,-715,-829,-1532
328,-288,-41,-156,245,391,-1764,-1053,-1268,-729,-838,-1540
325,-284,-39,-159,244,389,-1772,-1057,-1271,-742,-844,-1547
327,-280,-41,-159,249,391,-1777,-1061,-1272,-752,-849,-1552
332,-279,-44,-160,255,396,-1778,-1068,-1276,-764,-855,-1559
335,-278,-45,-163,260,400,-1776,-1075,-1281,-780,-860,-1564
331,-278,-39,-170,255,401,-1776,-1085,-1288,-797,-865,-1571
316,-277,-21,-185,234,394,-1779,-1104,-1299,-816,-877,-1582
307,-277,-11,-195,223,391,-1782,-1118,-1309,-825,-885,-1587
296,-278,2,-206,208,388,-1788,-1131,-1317,-829,-894,-1592
281,-277,18,-218,188,381,-1794,-1143,-1320,-826,-903,-1597
268,-273,28,-224,173,372,-1796,-1153,-1320,-820,-911,-1600
258,-270,35,-228,162,367,-1794,-1162,-1318,-815,-919,-1604
248,-268,42,-232,150,362,-1790,-1171,-1315,-810,-927,-1610
242,-269,49,-238,140,361,-1784,-1176,-1309,-804,-936,-1615
243,-268,46,-234,143,363,-1771,-1174,-1298,-791,-937,-1615
253,-265,31,-222,158,369,-1753,-1167,-1283,-780,-930,-1612
261,-261,17,-209,171,373,-1737,-1159,-1267,-774,-922,-1608
268,-256,4,-195,183,375,-1728,-1152,-1255,-775,-912,-1605
269,-252,-5,-185,187,374,-1723,-1151,-1249,-780,-907,-1607
273,-244,-19,-168,197,370,-1716,-1146,-1243,-782,-902,-1607
276,-237,-32,-152,206,367,-1711,-1139,-1240,-788,-897,-1607
278,-231,-43,-138,212,362,-1709,-1131,-1239,-796,-891,-1608
276,-224,-50,-125,214,354,-1710,-1125,-1239,-803,-888,-1611
278,-219,-61,-111,220,349,-1711,-1116,-1235,-803,-883,-1611
282,-215,-73,-97,229,346,-1711,-1110,-1230,-802,-878,-1608
289,-209,-89,-80,243,343,-1708,-1104,-1223,-798,-872,-1603
307,-205,-115,-55,271,347,-1704,-1091,-1214,-788,-859,-1593
322,-206,-132,-41,291,353,-1705,-1085,-1209,-781,-851,-1589
339,-208,-151,-26,314,361,-1705,-1079,-1207,-774,-844,-1585
356,-211,-168,-15,336,370,-1706,-1069,-1205,-769,-837,-1583
367,-218,-175,-12,348,378,-1709,-1062,-1205,-768,-833,-1582
377,-227,-180,-12,357,386,-1713,-1057,-1206,-764,-830,-1580
389,-233,-188,-9,371,394,-1720,-1049,-1206,-758,-824,-1577
404,-239,-198,-6,388,406,-1727,-1039,-1209,-755,-815,-1572
411,-251,-195,-16,391,416,-1735,-1036,-1216,-759,-811,-1572
410,-265,-180,-35,382,422,-1742,-1036,-1224,-765,-815,-1575
411,-277,-168,-52,374,430,-1741,-1036,-1230,-769,-821,-1579
414,-290,-157,-69,371,440,-1739,-1038,-1235,-773,-829,-1581
420,-297,-153,-79,373,449,-1735,-1038,-1240,-776,-836,-1579
416,-302,-141,-93,364,450,-1734,-1043,-1247,-788,-847,-1579
409,-300,-133,-101,354,445,-1736,-1051,-1253,-801,-863,-1580
402,-294,-129,-103,349,439,-1738,-1055,-1257,-816,-876,-1582
400,-285,-130,-100,350,434,-1736,-1053,-1256,-824,-883,-1581
394,-275,-130,-98,347,426,-1733,-1052,-1255,-828,-890,-1580
388,-266,-127,-98,343,419,-1732,-1052,-1257,-830,-894,-1580
381,-261,-120,-103,334,415,-1736,-1056,-1263,-834,-898,-1582
364,-259,-100,-120,310,406,-1744,-1072,-1271,-844,-909,-1589
351,-255,-86,-130,293,398,-1753,-1084,-1277,-846,-913,-1592
337,-255,-68,-146,273,393,-1764,-1096,-1283,-846,-916,-1598
323,-254,-50,-160,253,388,-1771,-1104,-1283,-846,-918,-1606
314,-253,-38,-169,239,385,-1774,-1107,-1280,-842,-918,-1610
309,-255,-28,-179,229,387,-1775,-1109,-1274,-833,-921,-1612
302,-259,-15,-191,216,388,-1773,-1114,-1268,-824,-927,-1614
292,-262,0,-203,200,387,-1771,-1118,-1261,-813,-935,-1616
288,-263,4,-206,195,387,-1764,-1113,-1251,-795,-939,-1613
292,-260,-2,-199,203,391,-1753,-1101,-1240,-774,-936,-1605
297,-259,-11,-191,212,395,-1743,-1086,-1229,-755,-931,-1597
301,-257,-20,-183,221,397,-1734,-1072,-1219,-737,-927,-1589
300,-258,-20,-180,220,397,-1729,-1064,-1212,-724,-929,-1586
303,-259,-26,-174,226,400,-1726,-1053,-1206,-710,-926,-1579
308,-262,-33,-168,234,405,-1724,-1043,-1203,-695,-919,-1573
311,-268,-36,-166,238,409,-1723,-1032,-1204,-686,-915,-1569
309,-274,-34,-167,236,409,-1722,-1024,-1207,-681,-913,-1567
306,-278,-33,-166,233,407,-1718,-1014,-1207,-678,-911,-1566
304,-284,-32,-166,231,408,-1712,-1003,-1209,-678,-907,-1564
307,-290,-35,-164,234,410,-1704,-992,-1210,-678,-905,-1560
320,-294,-50,-152,252,418,-1693,-973,-1206,-676,-895,-1551
326,-299,-57,-147,261,422,-1685,-961,-1207,-681,-891,-1546
335,-303,-66,-140,273,428,-1676,-952,-1207,-686,-888,-1543
346,-308,-78,-132,287,435,-1668,-945,-1207,-690,-882,-1542
351,-311,-83,-128,294,438,-1664,-941,-1209,-697,-878,-1545
355,-313,-88,-124,298,439,-1662,-939,-1209,-701,-876,-1547
362,-313,-97,-116,309,442,-1659,-935,-1207,-703,-872,-1546
371,-309,-110,-104,322,443,-1658,-930,-1209,-706,-869,-1544
374,-306,-116,-98,327,442,-1660,-930,-1214,-716,-873,-1545
369,-304,-112,-100,320,437,-1664,-935,-1225,-729,-881,-1550
362,-299,-107,-101,311,428,-1667,-940,-1234,-737,-887,-1558
355,-294,-102,-102,303,420,-1670,-945,-1241,-744,-892,-1568
356,-289,-105,-98,304,418,-1672,-943,-1247,-747,-894,-1578
351,-284,-100,-100,298,412,-1679,-943,-1255,-752,-899,-1589
345,-277,-96,-101,290,404,-1689,-946,-1261,-755,-906,-1600
342,-269,-96,-99,287,397,-1698,-948,-1268,-760,-912,-1612
344,-263,-99,-95,290,395,-1699,-948,-1272,-759,-913,-1620
344,-258,-99,-95,290,392,-1700,-950,-1274,-759,-911,-1624
342,-253,-97,-95,288,389,-1698,-948,-1276,-757,-907,-1625
338,-249,-91,-100,281,385,-1698,-946,-1279,-761,-903,-1626
323,-247,-74,-113,260,375,-1701,-954,-1286,-773,-908,-1631
313,-242,-65,-118,247,366,-1699,-959,-1289,-777,-909,-1631
301,-239,-52,-127,232,358,-1697,-964,-1292,-786,-913,-1632
288,-235,-38,-136,215,348,-1693,-971,-1294,-795,-918,-1633
279,-234,-28,-144,203,343,-1686,-978,-1295,-804,-923,-1630
271,-234,-18,-153,192,338,-1685,-985,-1295,-814,-929,-1626
256,-233,-1,-165,172,329,-1686,-996,-1295,-824,-936,-1621
240,-233,16,-179,150,319,-1687,-1008,-1291,-829,-943,-1616
233,-232,24,-185,141,315,-1683,-1011,-1283,-829,-946,-1610
231,-229,22,-182,142,312,-1677,-1011,-1276,-826,-944,-1602
231,-226,20,-180,144,311,-1669,-1010,-1272,-822,-943,-1596
232,-227,18,-179,146,312,-1662,-1006,-1268,-816,-941,-1592
231,-230,21,-183,145,314,-1656,-1005,-1264,-811,-937,-1590
235,-231,17,-179,150,317,-1646,-997,-1257,-800,-927,-1586
241,-235,12,-177,158,323,-1635,-991,-1251,-786,-915,-1580
246,-238,7,-173,165,328,-1625,-990,-1249,-777,-907,-1576
246,-239,5,-171,167,329,-1620,-993,-1252,-771,-904,-1575
243,-237,2,-164,167,324,-1619,-993,-1252,-765,-902,-1572
236,-231,0,-156,164,314,-1620,-996,-1252,-761,-900,-1569
230,-225,-5,-146,163,305,-1621,-999,-1251,-757,-898,-1566
239,-219,-24,-127,180,305,-1615,-991,-1246,-750,-890,-1560
242,-217,-34,-115,190,305,-1608,-986,-1240,-750,-888,-1557
248,-215,-46,-103,201,306,-1600,-977,-1233,-752,-888,-1555
258,-215,-61,-90,217,309,-1596,-967,-1230,-755,-888,-1553
264,-214,-72,-80,228,311,-1596,-962,-1232,-763,-892,-1555
270,-213,-83,-70,238,313,-1598,-956,-1234,-768,-897,-1558
279,-210,-99,-55,254,315,-1600,-945,-1233,-770,-896,-1558
292,-208,-117,-41,273,320,-1601,-930,-1234,-774,-894,-1557
301,-209,-127,-34,284,325,-1605,-923,-1239,-785,-896,-1560
302,-213,-127,-36,284,328,-1610,-923,-1245,-796,-905,-1567
303,-213,-129,-36,285,328,-1612,-924,-1251,-802,-913,-1573
304,-214,-129,-37,284,328,-1614,-922,-1255,-806,-921,-1576
307,-216,-130,-40,285,332,-1615,-913,-1258,-800,-926,-1574
305,-221,-121,-51,276,334,-1620,-907,-1262,-796,-935,-1574
300,-225,-111,-62,265,334,-1627,-903,-1266,-793,-944,-1575
298,-228,-103,-73,257,335,-1632,-902,-1269,-789,-951,-1577
301,-230,-101,-79,257,341,-1637,-904,-1274,-788,-957,-1580
305,-233,-97,-88,256,346,-1645,-912,-1281,-790,-961,-1583
304,-235,-89,-99,250,349,-1658,-920,-1287,-795,-965,-1587
301,-237,-78,-112,241,350,-1672,-926,-1295,-801,-966,-1593
285,-240,-53,-135,214,344,-1683,-940,-1305,-809,-977,-1601
272,-238,-35,-150,194,335,-1687,-948,-1308,-808,-983,-1603
256,-236,-14,-167,171,326,-1691,-955,-1309,-809,-987,-1604
239,-233,7,-182,147,315,-1694,-962,-1310,-815,-991,-1604
226,-225,18,-188,132,303,-1696,-968,-1310,-822,-991,-1602
213,-217,28,-191,118,291,-1698,-975,-1310,-829,-991,-1603
195,-209,43,-197,98,276,-1698,-980,-1309,-832,-993,-1602
176,-200,58,-202,78,259,-1695,-986,-1307,-832,-1000,-1599
168,-193,61,-200,72,250,-1687,-990,-1301,-824,-1003,-1592
170,-185,54,-189,80,248,-1676,-991,-1291,-811,-999,-1584
172,-180,47,-180,87,247,-1667,-991,-1279,-799,-991,-1577
175,-178,41,-171,95,247,-1658,-990,-1267,-790,-984,-1571
175,-179,40,-168,97,248,-1651,-991,-1262,-790,-985,-1570
177,-179,35,-161,103,249,-1642,-986,-1260,-786,-986,-1570
177,-180,33,-156,106,249,-1632,-976,-1259,-781,-985,-1567
174,-184,34,-154,104,248,-1624,-968,-1259,-781,-985,-1563
166,-189,42,-157,95,244,-1621,-961,-1260,-787,-987,-1562
160,-194,46,-157,90,241,-1619,-952,-1258,-793,-986,-1562
157,-197,46,-154,87,238,-1618,-944,-1255,-797,-987,-1561
153,-198,42,-146,88,233,-1619,-937,-1250,-801,-987,-1562
168,-200,24,-130,109,241,-1616,-920,-1245,-800,-980,-1560
178,-206,13,-122,123,250,-1614,-905,-1243,-804,-975,-1562
190,-212,0,-113,138,258,-1608,-889,-1238,-802,-968,-1563
201,-217,-12,-105,153,266,-1603,-871,-1231,-796,-960,-1561
210,-222,-19,-101,162,273,-1602,-859,-1228,-798,-957,-1563
218,-227,-27,-98,171,280,-1602,-849,-1229,-805,-956,-1568
227,-229,-37,-91,182,286,-1599,-838,-1225,-807,-951,-1572
238,-230,-49,-84,195,293,-1598,-825,-1219,-803,-942,-1576
245,-235,-52,-86,199,299,-1601,-816,-1212,-802,-937,-1580
243,-242,-44,-98,190,303,-1607,-814,-1209,-806,-940,-1588
241,-247,-37,-109,182,305,-1614,-815,-1208,-810,-945,-1594
238,-249,-31,-118,173,305,-1622,-819,-1207,-813,-951,-1601
239,-247,-32,-119,172,304,-1626,-823,-1207,-815,-956,-1605
237,-245,-30,-124,167,303,-1629,-831,-1209,-822,-963,-1609
233,-242,-25,-130,159,299,-1632,-839,-1210,-832,-974,-1615
228,-236,-22,-134,152,294,-1635,-844,-1211,-841,-983,-1619
228,-231,-24,-136,152,293,-1637,-847,-1211,-847,-989,-1622
230,-229,-23,-140,152,295,-1642,-854,-1215,-856,-998,-1626
231,-227,-21,-146,150,296,-1648,-861,-1219,-864,-1005,-1628
229,-228,-13,-156,142,298,-1653,-866,-1223,-870,-1010,-1629
215,-230,8,-176,119,293,-1662,-879,-1231,-882,-1023,-1632
206,-228,21,-187,105,288,-1668,-887,-1236,-887,-1031,-1631
196,-225,34,-197,89,282,-1673,-894,-1242,-895,-1037,-1630
183,-222,49,-208,71,274,-1678,-901,-1251,-899,-1044,-1631
176,-216,56,-210,63,268,-1680,-904,-1258,-899,-1049,-1629
171,-210,59,-210,59,265,-1681,-906,-1263,-897,-1053,-1628
162,-204,67,-212,49,257,-1681,-909,-1265,-896,-1058,-1630
147,-196,78,-214,33,245,-1678,-912,-1264,-899,-1066,-1634
139,-187,81,-208,28,236,-1669,-910,-1260,-898,-1070,-1634
142,-178,72,-195,37,234,-1656,-903,-1256,-894,-1070,-1630
145,-171,63,-182,47,233,-1645,-893,-1253,-895,-1068,-1626
147,-165,57,-171,54,231,-1634,-881,-1249,-894,-1064,-1623
142,-161,58,-165,52,226,-1628,-872,-1249,-898,-1062,-1620
138,-154,54,-153,54,218,-1618,-861,-1250,-898,-1056,-1617
134,-148,49,-140,57,211,-1607,-850,-1251,-896,-1046,-1612
129,-145,48,-132,55,203,-1599,-842,-1250,-892,-1036,-1607
118,-144,53,-129,47,194,-1595,-837,-1252,-892,-1031,-1605
111,-145,55,-125,42,187,-1589,-830,-1249,-889,-1023,-1601
107,-148,56,-121,40,182,-1581,-822,-1242,-881,-1016,-1597
105,-151,54,-117,41,179,-1571,-813,-1230,-869,-1010,-1589
117,-153,36,-101,61,184,-1559,-795,-1216,-850,-996,-1575
127,-162,27,-96,75,193,-1551,-781,-1207,-838,-987,-1564
138,-171,17,-92,90,202,-1546,-771,-1201,-826,-980,-1553
150,-179,5,-86,105,210,-1545,-761,-1197,-819,-970,-1544
156,-184,-3,-82,115,214,-1549,-755,-1195,-818,-965,-1539
164,-186,-15,-75,128,217,-1553,-751,-1196,-819,-963,-1538
174,-186,-30,-65,145,220,-1555,-745,-1200,-815,-961,-1536
181,-182,-47,-52,160,219,-1557,-737,-1203,-811,-955,-1533
182,-176,-57,-43,167,214,-1563,-735,-1211,-818,-955,-1534
178,-173,-58,-42,165,206,-1572,-742,-1221,-836,-961,-1540
177,-170,-60,-43,165,202,-1582,-751,-1233,-855,-968,-1546
177,-167,-63,-43,167,200,-1592,-762,-1244,-873,-976,-1556
179,-161,-70,-39,173,197,-1598,-768,-1252,-884,-980,-1564
180,-158,-71,-41,173,195,-1605,-776,-1259,-894,-987,-1573
178,-153,-70,-46,170,192,-1613,-784,-1266,-903,-998,-1586
176,-148,-68,-49,167,189,-1620,-792,-1270,-911,-1007,-1597
177,-139,-71,-47,168,185,-1624,-800,-1272,-914,-1013,-1606
176,-130,-72,-47,167,181,-1626,-809,-1274,-916,-1019,-1615
173,-121,-71,-47,164,175,-1625,-816,-1273,-921,-1024,-1621
167,-115,-63,-53,154,170,-1623,-820,-1270,-926,-1024,-1625
150,-113,-40,-72,126,160,-1622,-829,-1269,-936,-1031,-1631
138,-107,-26,-81,109,152,-1621,-831,-1265,-936,-1034,-1632
126,-102,-12,-90,91,144,-1624,-831,-1262,-935,-1034,-1631
113,-96,2,-97,71,134,-1627,-829,-1259,-937,-1036,-1629
101,-87,10,-98,58,123,-1626,-824,-1254,-932,-1036,-1624
93,-77,16,-95,47,114,-1627,-819,-1252,-925,-1036,-1619
82,-72,26,-98,32,106,-1628,-819,-1250,-923,-1038,-1614
70,-69,40,-104,14,98,-1624,-822,-1247,-919,-1041,-1610
63,-64,45,-102,5,92,-1614,-821,-1239,-909,-1038,-1606
69,-57,36,-88,13,92,-1596,-815,-1225,-899,-1027,-1600
76,-52,24,-74,25,95,-1577,-809,-1211,-900,-1016,-1596
85,-45,10,-57,39,96,-1558,-804,-1202,-905,-1007,-1595
88,-38,1,-42,46,94,-1542,-802,-1198,-915,-1000,-1596
93,-27,-16,-19,59,90,-1530,-798,-1197,-920,-993,-1598
100,-18,-34,4,75,88,-1522,-795,-1196,-922,-988,-1602
103,-13,-46,20,85,86,-1517,-793,-1196,-926,-989,-1606
98,-7,-50,31,84,77,-1517,-788,-1194,-928,-993,-1610
93,-3,-53,40,82,69,-1518,-779,-1190,-925,-996,-1612
91,-1,-59,50,85,65,-1521,-773,-1185,-925,-1000,-1610
90,2,-66,61,89,60,-1521,-768,-1180,-925,-1004,-1608
98,4,-84,78,107,61,-1516,-750,-1174,-915,-995,-1602
101,1,-92,85,116,63,-1513,-737,-1173,-915,-988,-1598
111,-7,-102,89,130,72,-1511,-726,-1172,-912,-979,-1591
128,-19,-114,92,151,89,-1510,-716,-1169,-905,-966,-1582
142,-34,-122,89,168,107,-1510,-710,-1167,-902,-955,-1577
155,-46,-131,88,184,121,-1509,-707,-1164,-899,-947,-1572
172,-54,-148,94,209,136,-1507,-701,-1162,-891,-937,-1566
192,-59,-168,104,237,151,-1504,-692,-1161,-882,-925,-1558
206,-67,-180,105,257,165,-1499,-686,-1163,-877,-916,-1553
210,-77,-179,97,261,173,-1496,-684,-1166,-873,-914,-1551
215,-83,-180,90,267,180,-1490,-681,-1165,-867,-912,-1551
220,-87,-183,87,275,186,-1483,-678,-1161,-859,-912,-1551
230,-87,-193,89,290,194,-1473,-671,-1153,-846,-909,-1549
235,-89,-196,86,297,200,-1464,-665,-1144,-838,-909,-1550
240,-91,-196,80,302,206,-1456,-660,-1135,-831,-910,-1551
251,-97,-199,73,313,219,-1448,-654,-1125,-825,-910,-1550
267,-104,-203,65,327,237,-1437,-643,-1115,-819,-905,-1546
284,-111,-207,57,342,257,-1423,-632,-1103,-814,-897,-1541
302,-119,-212,49,358,277,-1407,-618,-1090,-804,-888,-1531
322,-128,-216,39,374,300,-1390,-599,-1077,-788,-877,-1518
332,-138,-207,21,375,317,-1376,-587,-1066,-779,-874,-1509
344,-143,-207,12,383,332,-1359,-570,-1049,-768,-866,-1497
355,-148,-205,2,388,347,-1343,-552,-1029,-757,-856,-1483
365,-153,-203,-6,393,359,-1326,-539,-1007,-746,-847,-1471
381,-156,-208,-9,406,376,-1308,-526,-984,-729,-833,-1455
398,-159,-215,-10,421,392,-1289,-512,-964,-709,-816,-1438
416,-165,-219,-13,434,410,-1270,-501,-947,-694,-804,-1424
432,-173,-221,-18,445,427,-1255,-494,-932,-676,-796,-1414
454,-178,-232,-15,465,446,-1238,-481,-911,-648,-784,-1401
482,-182,-252,-4,496,468,-1220,-461,-884,-615,-766,-1383
511,-188,-271,7,526,491,-1203,-441,-862,-587,-747,-1365
538,-194,-288,17,554,512,-1187,-424,-843,-563,-728,-1350
558,-202,-298,22,573,530,-1171,-408,-827,-544,-712,-1335
579,-210,-312,30,595,548,-1155,-387,-810,-528,-694,-1319
604,-219,-328,40,621,568,-1140,-369,-794,-515,-673,-1305
627,-232,-340,46,644,589,-1127,-356,-781,-505,-653,-1293
645,-245,-348,48,660,607,-1119,-348,-770,-495,-638,-1284
661,-258,-355,51,674,623,-1113,-340,-758,-482,-625,-1278
676,-268,-364,58,690,636,-1107,-334,-746,-476,-614,-1272
690,-275,-377,70,707,646,-1104,-332,-738,-476,-607,-1266
716,-283,-402,89,741,666,-1095,-319,-729,-470,-590,-1253
738,-295,-419,99,766,684,-1091,-307,-721,-470,-579,-1243
760,-306,-437,110,793,704,-1088,-296,-712,-470,-569,-1233
786,-319,-457,121,824,727,-1080,-281,-701,-464,-558,-1223
807,-334,-471,126,847,749,-1072,-266,-691,-456,-549,-1215
823,-345,-483,131,866,765,-1062,-251,-681,-450,-542,-1208
841,-353,-500,140,890,781,-1048,-236,-674,-443,-533,-1201
863,-358,-522,153,919,799,-1033,-219,-669,-436,-524,-1195
880,-363,-540,163,943,813,-1019,-212,-669,-434,-518,-1191
887,-367,-548,166,954,820,-1009,-213,-669,-434,-515,-1192
893,-370,-554,167,963,826,-998,-215,-663,-429,-513,-1190
901,-372,-563,169,975,835,-987,-219,-659,-424,-514,-1188
916,-374,-579,176,996,846,-979,-219,-654,-416,-514,-1182
926,-374,-590,179,1011,855,-977,-222,-652,-410,-515,-1177
933,-374,-597,179,1021,861,-977,-226,-649,-403,-521,-1174
943,-375,-605,178,1034,870,-976,-230,-643,-397,-526,-1173
955,-375,-616,180,1050,880,-972,-232,-634,-388,-527,-1173
964,-373,-625,181,1062,887,-968,-236,-626,-386,-528,-1173
970,-373,-629,178,1070,893,-965,-240,-620,-388,-529,-1175
975,-374,-630,172,1075,899,-963,-244,-617,-395,-528,-1177
966,-377,-613,152,1058,897,-966,-255,-621,-411,-538,-1185
957,-376,-601,139,1044,893,-970,-260,-624,-420,-546,-1191
947,-376,-586,124,1028,889,-972,-261,-626,-422,-553,-1197
935,-375,-570,109,1010,883,-976,-266,-627,-423,-561,-1205
927,-372,-560,101,998,877,-979,-270,-624,-422,-568,-1213
918,-367,-551,95,986,870,-980,-273,-622,-424,-574,-1222
909,-364,-540,88,972,863,-982,-277,-621,-425,-581,-1230
898,-359,-529,82,957,854,-984,-283,-617,-427,-592,-1235
896,-354,-527,84,954,849,-982,-285,-609,-426,-597,-1236
903,-349,-536,94,965,851,-975,-283,-599,-417,-597,-1231
911,-346,-544,102,974,855,-967,-282,-588,-407,-594,-1225
919,-344,-551,110,984,859,-957,-281,-580,-395,-591,-1220
926,-345,-555,114,989,863,-949,-282,-574,-384,-589,-1216
936,-346,-563,123,1000,869,-942,-281,-566,-370,-586,-1210
950,-350,-572,130,1015,881,-937,-275,-555,-357,-579,-1201
966,-357,-581,136,1031,894,-931,-267,-545,-348,-571,-1193
981,-367,-587,138,1043,909,-926,-262,-539,-340,-565,-1187
999,-379,-595,141,1060,926,-922,-255,-536,-333,-559,-1181
1017,-390,-605,144,1077,944,-921,-251,-535,-326,-553,-1174
1036,-401,-616,149,1097,962,-922,-249,-533,-319,-549,-1169
1069,-410,-643,166,1136,987,-921,-237,-525,-302,-534,-1157
1101,-425,-664,175,1171,1016,-925,-226,-517,-294,-522,-1148
1132,-438,-686,184,1206,1043,-929,-214,-508,-283,-510,-1137
1165,-450,-710,195,1244,1071,-932,-199,-501,-272,-495,-1124
1194,-464,-731,203,1278,1098,-938,-190,-498,-266,-486,-1115
1221,-475,-750,210,1309,1121,-945,-184,-496,-254,-477,-1106
1249,-484,-774,221,1344,1144,-951,-174,-492,-236,-462,-1093
1279,-491,-799,233,1382,1167,-954,-159,-488,-216,-441,-1078
1302,-498,-818,241,1411,1187,-961,-150,-486,-208,-427,-1068
1315,-504,-828,243,1428,1198,-976,-150,-488,-211,-421,-1064
1326,-505,-840,249,1444,1205,-996,-154,-489,-212,-417,-1062
1335,-501,-853,258,1460,1209,-1019,-161,-489,-215,-417,-1059
1347,-499,-869,268,1480,1215,-1047,-169,-489,-214,-417,-1054
1355,-499,-876,270,1492,1221,-1084,-181,-494,-217,-417,-1051
1361,-501,-880,269,1500,1226,-1124,-197,-504,-222,-421,-1051
1370,-501,-888,270,1512,1233,-1168,-214,-514,-224,-425,-1047
1383,-499,-902,277,1532,1242,-1213,-234,-522,-220,-426,-1040
1396,-496,-915,284,1550,1250,-1261,-259,-532,-219,-427,-1031
1406,-493,-926,290,1565,1256,-1314,-286,-545,-220,-426,-1024
1416,-490,-937,296,1580,1262,-1373,-313,-558,-225,-423,-1020
1414,-489,-933,290,1576,1261,-1435,-349,-574,-239,-428,-1021
1413,-482,-936,295,1578,1257,-1490,-378,-587,-243,-428,-1017
1407,-472,-938,300,1576,1248,-1541,-402,-596,-246,-426,-1011
1397,-460,-938,305,1568,1235,-1590,-426,-603,-250,-426,-1006
1391,-448,-942,314,1566,1224,-1634,-453,-606,-247,-421,-999
1387,-441,-943,318,1564,1219,-1674,-480,-604,-241,-413,-990
1381,-439,-938,316,1556,1215,-1712,-507,-600,-234,-405,-980
1371,-438,-930,310,1543,1209,-1749,-534,-599,-226,-402,-969
1368,-437,-927,309,1538,1207,-1778,-552,-596,-213,-396,-956
1375,-434,-936,318,1548,1212,-1797,-562,-589,-196,-384,-938
1383,-434,-946,326,1558,1219,-1815,-570,-581,-182,-371,-921
1390,-435,-952,330,1566,1226,-1829,-574,-572,-168,-358,-906
1395,-439,-954,330,1568,1233,-1842,-577,-567,-164,-350,-894
1403,-444,-958,332,1575,1243,-1854,-579,-562,-164,-342,-886
1413,-451,-963,334,1583,1255,-1862,-580,-558,-165,-330,-878
1421,-458,-965,333,1587,1265,-1868,-585,-555,-168,-318,-872
1424,-465,-962,330,1587,1272,-1874,-592,-555,-169,-308,-868
1427,-471,-961,329,1586,1278,-1881,-598,-553,-166,-300,-862
1432,-476,-963,330,1589,1284,-1887,-602,-551,-164,-295,-856
1439,-481,-966,332,1595,1291,-1894,-606,-550,-164,-293,-852
1454,-483,-980,343,1614,1302,-1897,-601,-548,-158,-282,-844
1465,-491,-984,344,1623,1313,-1903,-601,-554,-157,-276,-840
1473,-501,-985,341,1628,1323,-1912,-605,-562,-159,-273,-839
1484,-514,-984,333,1635,1337,-1922,-612,-574,-166,-272,-840
1491,-528,-977,322,1635,1349,-1939,-628,-594,-186,-276,-847
1494,-539,-969,310,1631,1357,-1958,-645,-616,-209,-285,-857
1499,-550,-964,301,1632,1366,-1971,-658,-636,-231,-293,-866
1505,-557,-963,295,1635,1373,-1981,-666,-656,-255,-296,-875
1505,-563,-957,287,1631,1376,-1992,-677,-680,-283,-302,-887
1497,-572,-939,268,1614,1376,-2006,-695,-709,-313,-315,-906
1490,-583,-921,248,1598,1378,-2022,-714,-736,-338,-330,-926
1483,-591,-904,230,1583,1379,-2038,-736,-766,-365,-347,-943
1476,-593,-893,219,1571,1376,-2052,-756,-795,-388,-362,-958
1466,-598,-877,203,1554,1373,-2066,-779,-824,-413,-379,-974
1450,-600,-857,185,1531,1365,-2082,-806,-853,-443,-402,-992
1429,-595,-838,173,1504,1349,-2096,-829,-880,-471,-423,-1010
1407,-586,-822,164,1479,1330,-2105,-845,-903,-496,-440,-1028
1383,-575,-806,157,1453,1309,-2109,-858,-927,-519,-456,-1046
1354,-563,-787,149,1421,1283,-2116,-868,-947,-539,-474,-1066
1318,-545,-766,144,1384,1249,-2123,-876,-962,-555,-491,-1084
1264,-522,-732,133,1326,1200,-2133,-895,-979,-574,-516,-1105
1212,-494,-707,131,1275,1149,-2140,-909,-996,-590,-540,-1123
1160,-465,-681,131,1224,1096,-2151,-919,-1013,-605,-562,-1139
1104,-436,-652,127,1167,1040,-2164,-931,-1028,-622,-584,-1152
1052,-409,-626,126,1115,988,-2176,-943,-1040,-635,-603,-1164
1002,-385,-600,122,1064,939,-2186,-952,-1048,-650,-620,-1176
952,-365,-570,113,1011,892,-2194,-960,-1054,-667,-636,-1189
901,-346,-537,102,955,845,-2201,-969,-1060,-682,-652,-1204
857,-327,-513,98,909,803,-2201,-972,-1061,-686,-665,-1215
823,-304,-503,107,880,764,-2192,-963,-1054,-677,-670,-1216
792,-282,-496,117,854,726,-2180,-950,-1045,-666,-671,-1215
760,-258,-491,130,829,688,-2167,-935,-1033,-657,-671,-1213
730,-236,-484,140,804,651,-2160,-920,-1024,-657,-674,-1215
703,-215,-482,155,785,616,-2153,-902,-1015,-662,-677,-1218
681,-194,-484,172,771,586,-2143,-881,-1008,-667,-676,-1221
657,-176,-482,184,754,556,-2137,-861,-1000,-667,-677,-1222
634,-161,-476,193,735,529,-2138,-845,-996,-670,-678,-1221
616,-150,-472,200,719,508,-2141,-827,-992,-674,-677,-1219
602,-143,-468,204,708,492,-2142,-810,-986,-677,-677,-1216
589,-136,-464,208,696,478,-2140,-795,-981,-679,-680,-1212
589,-128,-475,224,705,471,-2132,-773,-971,-669,-672,-1203
587,-124,-479,233,707,467,-2125,-754,-964,-666,-665,-1199
586,-123,-482,238,709,464,-2120,-736,-958,-665,-657,-1197
588,-122,-485,243,713,465,-2114,-714,-950,-661,-645,-1192
584,-121,-483,245,710,461,-2113,-697,-947,-659,-636,-1191
576,-117,-480,248,704,452,-2112,-683,-945,-656,-628,-1191
569,-108,-481,257,700,441,-2111,-672,-942,-648,-617,-1191
564,-98,-485,269,701,431,-2110,-659,-937,-637,-603,-1190
552,-87,-482,276,693,416,-2108,-647,-933,-630,-590,-1192
534,-80,-469,274,673,399,-2111,-638,-931,-629,-584,-1197
519,-73,-458,272,657,386,-2114,-631,-928,-631,-581,-1201
506,-69,-446,269,642,374,-2115,-625,-924,-631,-581,-1203
495,-63,-436,268,629,364,-2110,-618,-916,-630,-579,-1204
482,-59,-423,262,612,353,-2102,-613,-906,-626,-576,-1203
463,-53,-406,255,589,337,-2094,-615,-898,-624,-579,-1204
443,-45,-390,249,565,320,-2087,-616,-895,-624,-583,-1206
425,-36,-377,245,545,302,-2081,-615,-895,-624,-587,-1207
406,-26,-363,242,523,284,-2077,-617,-901,-632,-597,-1212
382,-13,-349,239,498,261,-2078,-622,-914,-647,-608,-1222
352,4,-332,236,466,231,-2083,-628,-930,-665,-620,-1235
305,24,-301,227,414,187,-2092,-645,-951,-692,-642,-1252
258,52,-279,228,367,138,-2098,-662,-973,-719,-662,-1270
212,82,-259,232,322,88,-2103,-678,-994,-748,-682,-1288
162,110,-236,233,273,38,-2107,-694,-1013,-774,-700,-1305
119,136,-217,234,231,-7,-2111,-707,-1027,-790,-713,-1318
78,158,-198,233,190,-48,-2114,-717,-1040,-801,-723,-1328
35,178,-174,227,144,-90,-2119,-728,-1054,-815,-735,-1341
-11,196,-147,218,94,-132,-2123,-742,-1070,-831,-752,-1356
-50,215,-128,215,54,-170,-2127,-756,-1085,-845,-769,-1370
-77,237,-125,225,33,-202,-2127,-768,-1098,-856,-781,-1378
-100,257,-125,236,17,-231,-2126,-778,-1112,-871,-794,-1387
-122,275,-125,245,1,-258,-2124,-786,-1126,-891,-807,-1399
-147,289,-118,248,-22,-284,-2124,-792,-1142,-913,-824,-1414
-170,303,-114,253,-41,-310,-2124,-799,-1159,-931,-840,-1428
-190,315,-111,258,-58,-332,-2126,-808,-1176,-949,-854,-1439
-212,323,-102,257,-79,-353,-2132,-819,-1194,-968,-870,-1452
-237,329,-89,253,-106,-376,-2142,-835,-1213,-987,-887,-1466
-264,338,-77,251,-132,-400,-2155,-854,-1231,-1003,-903,-1482
-288,347,-66,251,-156,-424,-2169,-874,-1250,-1021,-917,-1498
-315,356,-53,249,-184,-449,-2183,-898,-1270,-1042,-934,-1517
-331,368,-53,259,-194,-468,-2193,-909,-1287,-1056,-943,-1532
-350,378,-48,264,-210,-489,-2206,-922,-1304,-1074,-958,-1548
-369,390,-43,272,-225,-509,-2213,-935,-1322,-1093,-977,-1562
-384,402,-43,282,-235,-528,-2217,-946,-1337,-1113,-992,-1574
-404,413,-36,288,-252,-549,-2219,-955,-1353,-1136,-1008,-1590
-432,430,-26,295,-278,-579,-2219,-963,-1372,-1162,-1028,-1612
-462,450,-17,306,-302,-612,-2218,-969,-1393,-1186,-1047,-1636
-484,470,-14,321,-319,-639,-2215,-973,-1413,-1206,-1065,-1662
-505,481,-3,324,-339,-660,-2213,-980,-1434,-1232,-1085,-1691
-534,485,22,314,-374,-681,-2215,-993,-1457,-1266,-1111,-1722
-562,488,49,301,-410,-701,-2220,-1007,-1482,-1298,-1138,-1752
-587,488,76,286,-444,-717,-2225,-1020,-1507,-1330,-1169,-1782
-610,488,102,272,-475,-732,-2229,-1028,-1531,-1359,-1199,-1810
-634,485,132,253,-510,-745,-2232,-1034,-1552,-1393,-1232,-1843
-659,481,164,231,-547,-758,-2233,-1044,-1573,-1427,-1270,-1879
-677,476,190,211,-576,-767,-2227,-1050,-1589,-1452,-1305,-1910
-689,471,212,195,-597,-771,-2217,-1052,-1601,-1468,-1336,-1940
-700,466,232,178,-617,-774,-2209,-1056,-1612,-1481,-1366,-1968
-712,461,254,159,-638,-778,-2202,-1061,-1623,-1490,-1394,-1993
-718,451,274,138,-655,-774,-2195,-1065,-1630,-1493,-1412,-2016
-731,436,305,106,-684,-773,-2190,-1075,-1634,-1496,-1429,-2038
-739,424,329,80,-704,-770,-2184,-1080,-1630,-1490,-1440,-2049
-743,413,348,57,-720,-765,-2175,-1078,-1620,-1477,-1444,-2052
-747,402,367,34,-734,-761,-2163,-1079,-1609,-1464,-1447,-2052
-745,392,378,17,-741,-753,-2145,-1075,-1592,-1446,-1444,-2047
-739,380,387,-1,-742,-741,-2124,-1069,-1573,-1424,-1434,-2039
-729,364,396,-21,-741,-724,-2101,-1064,-1553,-1403,-1425,-2031
-720,347,406,-44,-742,-707,-2073,-1059,-1529,-1379,-1415,-2023
-709,333,410,-59,-737,-690,-2042,-1046,-1503,-1347,-1400,-2011
-689,323,401,-63,-718,-671,-2009,-1025,-1473,-1308,-1375,-1992
-669,312,392,-68,-699,-651,-1979,-1005,-1447,-1276,-1349,-1975
-649,299,384,-75,-681,-630,-1954,-989,-1425,-1251,-1326,-1959
-632,283,381,-86,-668,-608,-1936,-977,-1406,-1236,-1309,-1946
-619,272,377,-93,-658,-593,-1923,-964,-1391,-1228,-1294,-1936
-606,262,371,-96,-645,-579,-1911,-948,-1379,-1223,-1278,-1925
-596,252,367,-101,-637,-566,-1900,-933,-1371,-1220,-1264,-1914
-593,243,369,-108,-637,-559,-1893,-921,-1364,-1219,-1253,-1904
-595,239,370,-111,-640,-558,-1888,-906,-1357,-1217,-1248,-1899
-597,235,372,-113,-643,-558,-1881,-893,-1349,-1214,-1246,-1893
-603,231,377,-118,-650,-559,-1875,-883,-1342,-1215,-1248,-1889
-598,231,367,-109,-641,-556,-1865,-866,-1333,-1214,-1242,-1881
-595,228,362,-104,-636,-553,-1858,-853,-1328,-1219,-1238,-1877
-591,223,357,-101,-631,-548,-1852,-841,-1322,-1224,-1233,-1875
-580,218,346,-93,-617,-537,-1844,-828,-1315,-1227,-1225,-1872
-574,212,342,-91,-610,-529,-1837,-815,-1306,-1230,-1219,-1871
-572,207,342,-90,-610,-525,-1828,-801,-1297,-1232,-1215,-1870
-568,203,337,-86,-604,-520,-1817,-781,-1287,-1230,-1210,-1870
-556,200,326,-77,-590,-511,-1808,-758,-1280,-1226,-1203,-1869
-549,197,320,-72,-581,-504,-1804,-741,-1274,-1229,-1200,-1872
-552,190,329,-80,-590,-501,-1807,-732,-1271,-1237,-1202,-1880
-558,184,341,-89,-601,-501,-1811,-727,-1272,-1243,-1205,-1885
-562,180,350,-96,-610,-500,-1813,-723,-1273,-1251,-1209,-1891
-562,177,355,-100,-614,-498,-1816,-718,-1274,-1259,-1211,-1894
-562,174,360,-105,-617,-495,-1822,-715,-1275,-1266,-1211,-1896
-564,170,369,-114,-625,-493,-1826,-720,-1277,-1273,-1217,-1898
-563,168,374,-120,-626,-491,-1828,-725,-1278,-1280,-1223,-1899
-558,169,373,-120,-622,-487,-1826,-728,-1280,-1284,-1228,-1901
-552,172,369,-118,-614,-484,-1823,-735,-1282,-1287,-1230,-1902
-550,177,367,-116,-611,-486,-1820,-745,-1286,-1288,-1230,-1903
-550,183,366,-114,-609,-489,-1818,-750,-1289,-1289,-1227,-1901
-565,187,383,-126,-629,-501,-1821,-762,-1298,-1300,-1233,-1901
-580,194,396,-134,-647,-516,-1822,-772,-1307,-1305,-1237,-1898
-594,197,411,-144,-665,-527,-1826,-780,-1313,-1310,-1241,-1896
-611,199,432,-160,-689,-539,-1833,-788,-1318,-1321,-1248,-1897
-627,201,449,-173,-709,-551,-1834,-793,-1320,-1328,-1253,-1900
-642,205,464,-183,-728,-564,-1835,-796,-1320,-1334,-1258,-1904
-660,207,484,-197,-753,-578,-1838,-801,-1320,-1340,-1265,-1908
-681,207,507,-214,-781,-593,-1841,-806,-1319,-1343,-1275,-1911
-697,209,523,-224,-802,-605,-1840,-805,-1316,-1341,-1282,-1912
-708,218,526,-221,-811,-619,-1830,-796,-1309,-1333,-1281,-1906
-716,227,526,-215,-816,-631,-1814,-780,-1301,-1325,-1277,-1898
-720,232,524,-210,-817,-637,-1794,-762,-1294,-1318,-1269,-1891
-724,237,523,-205,-820,-644,-1776,-747,-1286,-1310,-1265,-1885
-728,243,519,-197,-820,-651,-1766,-735,-1277,-1303,-1262,-1881
-726,248,510,-185,-814,-654,-1755,-719,-1265,-1288,-1255,-1873
-724,250,502,-175,-808,-655,-1748,-704,-1255,-1278,-1248,-1868
-725,253,496,-166,-807,-658,-1741,-692,-1248,-1272,-1246,-1866
-730,259,490,-154,-807,-665,-1734,-679,-1241,-1265,-1244,-1863
-735,265,483,-141,-807,-673,-1725,-668,-1234,-1258,-1241,-1859
-743,273,477,-128,-810,-685,-1717,-660,-1225,-1256,-1243,-1856
-737,281,457,-106,-795,-686,-1704,-641,-1211,-1249,-1236,-1848
-725,278,441,-93,-777,-676,-1696,-624,-1200,-1243,-1230,-1842
-711,270,429,-86,-762,-663,-1686,-605,-1190,-1235,-1223,-1837
-695,260,416,-80,-744,-646,-1677,-585,-1181,-1228,-1213,-1832
-682,249,407,-79,-731,-630,-1671,-569,-1176,-1225,-1206,-1831
-672,237,403,-81,-723,-616,-1668,-558,-1172,-1225,-1201,-1830
-660,226,397,-83,-713,-601,-1668,-548,-1171,-1224,-1192,-1828
-642,213,387,-84,-695,-580,-1670,-536,-1172,-1223,-1177,-1824
-626,198,382,-91,-682,-560,-1675,-526,-1178,-1226,-1166,-1822
-619,182,388,-106,-682,-545,-1684,-524,-1187,-1234,-1163,-1825
-617,171,394,-118,-685,-536,-1692,-524,-1192,-1236,-1162,-1828
-616,166,399,-127,-688,-532,-1698,-528,-1195,-1236,-1161,-1830
-618,165,401,-132,-691,-532,-1701,-530,-1198,-1232,-1159,-1828
-623,165,407,-140,-700,-535,-1703,-529,-1202,-1227,-1159,-1824
-634,169,416,-148,-713,-544,-1707,-531,-1207,-1223,-1165,-1825
-641,175,421,-153,-721,-552,-1713,-530,-1210,-1220,-1172,-1825
-644,183,421,-154,-724,-558,-1719,-529,-1211,-1216,-1178,-1826
-647,190,420,-156,-726,-563,-1724,-530,-1211,-1213,-1186,-1830
-652,198,423,-158,-731,-571,-1728,-534,-1210,-1209,-1196,-1836
-658,208,425,-161,-737,-580,-1731,-534,-1208,-1203,-1204,-1840
-676,214,443,-176,-761,-595,-1736,-541,-1208,-1204,-1220,-1849
-693,220,460,-189,-783,-609,-1738,-546,-1204,-1200,-1235,-1857
-707,224,477,-205,-804,-620,-1741,-553,-1202,-1197,-1246,-1863
-725,227,499,-223,-830,-633,-1746,-563,-1197,-1197,-1255,-1869
-739,231,516,-237,-850,-643,-1747,-570,-1189,-1193,-1261,-1870
-748,232,530,-250,-865,-649,-1745,-571,-1180,-1187,-1263,-1870
-757,230,546,-266,-881,-654,-1742,-571,-1171,-1180,-1266,-1869
-770,230,565,-281,-902,-662,-1739,-572,-1162,-1173,-1272,-1866
-778,233,576,-288,-914,-669,-1735,-568,-1153,-1164,-1276,-1861
-776,239,571,-282,-908,-672,-1728,-557,-1142,-1152,-1274,-1852
-770,245,564,-272,-899,-673,-1720,-542,-1131,-1138,-1268,-1842
-765,248,558,-264,-890,-673,-1710,-528,-1124,-1126,-1259,-1831
-761,249,556,-259,-885,-673,-1701,-515,-1119,-1116,-1250,-1822
-755,248,552,-253,-877,-670,-1690,-500,-1113,-1104,-1241,-1812
-745,245,546,-244,-864,-662,-1675,-480,-1104,-1090,-1229,-1801
-736,239,543,-240,-854,-655,-1663,-464,-1097,-1076,-1221,-1792
-733,233,544,-237,-851,-650,-1657,-453,-1096,-1064,-1218,-1785
-732,230,544,-231,-849,-650,-1655,-444,-1098,-1055,-1216,-1779
-729,228,540,-221,-842,-649,-1656,-437,-1103,-1048,-1213,-1774
-725,226,534,-209,-833,-647,-1660,-433,-1109,-1047,-1213,-1771
-709,225,514,-188,-808,-637,-1659,-419,-1111,-1042,-1207,-1766
-694,221,498,-172,-786,-626,-1657,-405,-1114,-1045,-1199,-1765
-683,215,486,-159,-768,-617,-1653,-395,-1114,-1049,-1193,-1765
-671,212,471,-144,-749,-608,-1647,-384,-1112,-1049,-1181,-1762
-664,206,462,-135,-737,-601,-1641,-375,-1110,-1050,-1173,-1761
-660,201,458,-130,-731,-596,-1633,-367,-1105,-1048,-1163,-1760
-656,198,449,-122,-722,-591,-1627,-360,-1100,-1044,-1152,-1758
-648,196,438,-113,-709,-585,-1623,-351,-1094,-1041,-1140,-1755
-643,192,431,-109,-702,-579,-1620,-347,-1089,-1043,-1131,-1756
-649,189,435,-113,-709,-580,-1621,-348,-1086,-1050,-1129,-1762
-657,186,441,-119,-720,-583,-1624,-352,-1079,-1054,-1128,-1768
-663,184,446,-126,-729,-584,-1628,-357,-1071,-1057,-1128,-1773
-665,183,445,-129,-732,-583,-1631,-358,-1062,-1055,-1126,-1776
-663,179,445,-136,-733,-577,-1633,-357,-1054,-1046,-1123,-1778
-663,173,450,-149,-739,-571,-1633,-360,-1045,-1037,-1124,-1780
-662,169,451,-158,-743,-566,-1630,-362,-1036,-1027,-1123,-1782
-656,167,448,-165,-740,-557,-1626,-360,-1029,-1017,-1120,-1783
-645,164,441,-170,-732,-546,-1621,-357,-1025,-1009,-1116,-1784
-638,164,436,-175,-727,-538,-1618,-353,-1022,-1004,-1115,-1787
-632,168,429,-176,-723,-534,-1615,-347,-1016,-1000,-1112,-1788
-639,171,437,-187,-736,-538,-1615,-351,-1012,-1003,-1119,-1793
-647,180,439,-190,-745,-547,-1609,-351,-1007,-1003,-1123,-1796
-653,192,439,-189,-752,-557,-1605,-346,-1002,-998,-1123,-1795
-665,205,442,-188,-763,-571,-1605,-342,-998,-995,-1126,-1794
-671,220,439,-181,-767,-584,-1603,-337,-988,-988,-1123,-1788
-671,232,432,-174,-763,-590,-1599,-329,-976,-982,-1116,-1779
-669,240,428,-169,-760,-593,-1594,-323,-966,-980,-1110,-1771
-672,244,433,-171,-764,-596,-1589,-324,-956,-981,-1108,-1765
-674,246,437,-173,-767,-599,-1580,-323,-945,-977,-1106,-1757
-668,249,431,-166,-756,-596,-1564,-316,-931,-963,-1101,-1744
-659,249,426,-161,-744,-590,-1552,-308,-917,-951,-1093,-1733
-653,249,423,-157,-735,-586,-1546,-302,-904,-939,-1084,-1723
-651,249,423,-153,-730,-586,-1541,-300,-896,-931,-1075,-1717
-653,251,424,-148,-728,-589,-1537,-300,-894,-929,-1069,-1714
-654,255,421,-138,-722,-593,-1531,-298,-892,-923,-1061,-1712
-657,257,421,-130,-720,-598,-1526,-297,-888,-916,-1054,-1711
-661,255,426,-129,-722,-600,-1524,-293,-883,-904,-1046,-1709
-665,250,432,-131,-725,-601,-1521,-284,-875,-891,-1038,-1706
-663,243,435,-131,-722,-597,-1514,-272,-865,-882,-1031,-1699
-660,235,437,-132,-719,-591,-1501,-263,-857,-881,-1026,-1695
-643,228,423,-121,-695,-577,-1480,-246,-845,-870,-1014,-1688
-622,218,408,-114,-669,-557,-1463,-227,-833,-861,-1001,-1685
-602,206,396,-109,-646,-538,-1449,-211,-820,-853,-992,-1684
-580,195,380,-102,-619,-517,-1436,-190,-804,-840,-981,-1681
-557,180,369,-102,-597,-494,-1424,-165,-784,-828,-974,-1679
-536,165,360,-104,-576,-470,-1409,-136,-758,-815,-967,-1677
-514,153,348,-103,-554,-449,-1386,-99,-724,-796,-956,-1674
-493,143,334,-101,-532,-428,-1360,-47,-681,-774,-940,-1670
-476,133,325,-102,-516,-411,-1332,15,-632,-751,-923,-1664
-467,123,325,-110,-511,-399,-1305,81,-579,-733,-913,-1664
-458,118,320,-113,-505,-391,-1274,155,-517,-710,-905,-1663
-446,114,312,-113,-494,-381,-1238,239,-444,-677,-896,-1660
-432,113,299,-108,-478,-371,-1197,330,-360,-633,-883,-1652
-414,110,285,-105,-459,-357,-1156,426,-269,-581,-868,-1641
-396,102,275,-109,-444,-341,-1118,519,-169,-524,-856,-1628
-374,96,261,-109,-423,-323,-1078,615,-56,-456,-837,-1611
-345,90,241,-105,-393,-300,-1033,716,62,-384,-814,-1594
-311,84,215,-97,-356,-274,-987,817,185,-313,-785,-1575
-276,76,190,-90,-318,-247,-944,910,307,-240,-753,-1556
-235,68,160,-81,-273,-214,-906,998,431,-156,-712,-1533
-201,54,143,-82,-240,-183,-880,1069,551,-71,-671,-1511
-160,39,121,-81,-199,-146,-859,1130,672,22,-624,-1484
-108,20,92,-76,-146,-100,-846,1182,796,122,-566,-1450
-54,-4,66,-77,-92,-47,-843,1221,921,227,-503,-1411
10,-29,30,-71,-25,12,-840,1256,1055,352,-426,-1362
81,-52,-14,-57,53,75,-838,1295,1199,495,-335,-1302
152,-76,-57,-44,131,139,-835,1338,1353,650,-234,-1232
218,-96,-100,-28,205,197,-832,1383,1522,819,-128,-1156
282,-104,-152,2,285,247,-827,1440,1712,1004,-12,-1073
351,-104,-218,49,378,294,-817,1516,1924,1208,123,-980
423,-100,-291,103,478,341,-805,1607,2149,1422,270,-883
496,-95,-367,160,581,388,-789,1715,2387,1645,425,-783
569,-89,-444,219,684,435,-771,1836,2636,1876,583,-681
641,-80,-524,283,789,479,-750,1965,2899,2122,747,-574
724,-75,-611,350,905,532,-726,2104,3172,2380,923,-460
809,-74,-697,413,1022,591,-703,2244,3449,2649,1107,-338
891,-74,-781,475,1135,647,-681,2384,3734,2933,1301,-207
976,-71,-871,542,1253,704,-656,2532,4029,3234,1505,-64
1068,-69,-968,614,1381,765,-623,2689,4337,3553,1722,88
1163,-68,-1067,686,1510,829,-582,2855,4658,3883,1950,246
1269,-65,-1181,769,1657,898,-538,3040,4995,4229,2193,413
1379,-64,-1296,851,1806,972,-503,3231,5339,4582,2445,584
1489,-63,-1412,934,1955,1045,-471,3421,5683,4939,2702,759
1603,-59,-1536,1022,2111,1118,-440,3612,6028,5306,2969,944
1710,-53,-1655,1108,2259,1185,-415,3799,6371,5678,3242,1132
1807,-38,-1773,1199,2399,1239,-393,3980,6712,6055,3523,1324
1901,-12,-1898,1300,2542,1283,-372,4163,7055,6444,3812,1522
1991,26,-2031,1414,2687,1317,-352,4345,7404,6851,4113,1726
2073,73,-2164,1532,2826,1339,-337,4516,7757,7268,4423,1938
2139,123,-2285,1644,2947,1348,-333,4667,8108,7688,4732,2151
2194,183,-2403,1759,3059,1344,-333,4798,8451,8106,5040,2364
2244,251,-2522,1879,3168,1331,-337,4906,8782,8514,5345,2575
2287,326,-2642,2004,3274,1309,-343,4994,9092,8910,5648,2785
2324,404,-2758,2129,3374,1280,-356,5053,9374,9276,5941,2995
2345,485,-2861,2244,3454,1239,-384,5073,9618,9596,6209,3194
2357,572,-2958,2360,3525,1188,-429,5055,9818,9869,6454,3380
2363,661,-3051,2474,3590,1131,-489,5001,9965,10092,6674,3552
2361,749,-3135,2581,3644,1071,-560,4912,10056,10259,6866,3707
2347,836,-3205,2678,3682,1003,-641,4794,10087,10357,7024,3840
2318,924,-3261,2766,3700,923,-733,4659,10061,10389,7152,3954
2262,1014,-3291,2839,3684,824,-838,4494,9979,10348,7236,4040
2191,1111,-3314,2913,3653,711,-956,4307,9850,10245,7282,4106
2114,1209,-3331,2983,3615,595,-1087,4104,9676,10085,7298,4155
2024,1308,-3336,3048,3561,468,-1239,3878,9460,9874,7280,4183
1926,1410,-3336,3113,3498,334,-1406,3636,9208,9625,7235,4195
1823,1512,-3331,3174,3428,197,-1584,3379,8927,9347,7170,4196
1717,1610,-3320,3232,3353,62,-1778,3102,8622,9047,7084,4185
1609,1707,-3304,3285,3273,-74,-1995,2799,8297,8736,6981,4168
1506,1802,-3294,3343,3200,-205,-2240,2474,7959,8432,6876,4156
1422,1897,-3301,3414,3151,-322,-2519,2125,7612,8141,6778,4154
1355,1983,-3318,3486,3120,-422,-2838,1740,7244,7853,6686,4158
1300,2062,-3340,3559,3100,-509,-3191,1317,6852,7569,6598,4168
1254,2134,-3364,3629,3087,-585,-3580,856,6433,7285,6511,4183
1214,2200,-3389,3696,3079,-652,-4004,359,5990,7002,6423,4203
1188,2260,-3422,3766,3085,-707,-4453,-168,5526,6719,6338,4227
1169,2313,-3456,3831,3095,-752,-4927,-725,5038,6421,6250,4251
1151,2357,-3482,3886,3101,-790,-5425,-1313,4523,6110,6154,4270
1133,2393,-3501,3931,3101,-823,-5943,-1924,3981,5781,6049,4282
1119,2420,-3515,3966,3101,-848,-6466,-2557,3414,5429,5928,4279
1104,2436,-3517,3985,3093,-865,-6984,-3207,2825,5045,5785,4257
1096,2443,-3518,3997,3087,-873,-7483,-3860,2224,4641,5625,4219
1078,2440,-3500,3988,3062,-881,-7961,-4514,1613,4207,5436,4156
1042,2430,-3456,3957,3008,-897,-8409,-5167,990,3740,5211,4060
987,2417,-3391,3908,2927,-925,-8818,-5809,359,3246,4951,3929
901,2399,-3290,3831,2801,-970,-9197,-6435,-278,2720,4652,3755
781,2380,-3153,3728,2628,-1038,-9551,-7039,-917,2171,4313,3545
633,2360,-2989,3605,2419,-1124,-9882,-7625,-1560,1596,3939,3303
466,2341,-2805,3468,2183,-1225,-10195,-8201,-2216,992,3537,3033
271,2324,-2596,3315,1912,-1346,-10496,-8771,-2888,363,3109,2739
45,2308,-2356,3141,1601,-1488,-10786,-9345,-3585,-295,2654,2418
-206,2298,-2096,2956,1258,-1652,-11057,-9924,-4312,-982,2171,2079
-477,2291,-1821,2763,893,-1831,-11306,-10511,-5073,-1693,1666,1724
-756,2287,-1539,2566,517,-2018,-11539,-11106,-5865,-2420,1147,1360
-1041,2283,-1251,2365,133,-2208,-11758,-11711,-6684,-3157,622,992
-1339,2281,-950,2155,-268,-2408,-11968,-12334,-7536,-3906,86,616
-1648,2288,-649,1952,-675,-2622,-12168,-12970,-8419,-4669,-461,231
-1967,2302,-344,1751,-1093,-2848,-12351,-13613,-9331,-5445,-1017,-164
-2305,2327,-32,1553,-1527,-3093,-12515,-14256,-10268,-6228,-1583,-568
-2665,2366,291,1358,-1984,-3361,-12657,-14888,-11219,-7017,-2156,-980
-3042,2417,616,1169,-2453,-3650,-12771,-15482,-12157,-7794,-2728,-1397
-3447,2480,957,979,-2950,-3964,-12863,-16031,-13067,-8547,-3301,-1818
-3864,2558,1296,801,-3455,-4296,-12928,-16510,-13923,-9246,-3862,-2232
-4278,2646,1623,638,-3949,-4633,-12968,-16906,-14702,-9879,-4394,-2629
-4688,2738,1942,484,-4434,-4968,-12982,-17217,-15391,-10440,-4898,-3008
-5076,2833,2235,350,-4889,-5292,-12971,-17442,-15979,-10916,-5361,-3361
-5433,2927,2499,237,-5303,-5594,-12941,-17589,-16470,-11312,-5783,-3686
-5756,3017,2734,140,-5675,-5869,-12900,-17668,-16867,-11634,-6162,-3981
-6044,3097,2944,57,-6006,-6114,-12848,-17684,-17176,-11887,-6498,-4246
-6292,3170,3120,-10,-6288,-6327,-12784,-17640,-17403,-12075,-6793,-4479
-6493,3236,3257,-53,-6512,-6504,-12704,-17536,-17549,-12198,-7043,-4681
-6656,3289,3368,-87,-6693,-6647,-12614,-17384,-17625,-12264,-7252,-4855
-6781,3326,3457,-115,-6834,-6754,-12514,-17188,-17640,-12279,-7422,-5003
-6871,3349,3526,-139,-6937,-6826,-12405,-16954,-17598,-12251,-7551,-5125
-6926,3355,3576,-162,-7006,-6865,-12288,-16686,-17503,-12183,-7646,-5223
-6941,3348,3600,-175,-7029,-6868,-12164,-16384,-17358,-12073,-7702,-5296
-6922,3323,3607,-189,-7019,-6836,-12034,-16055,-17166,-11925,-7726,-5345
-6871,3281,3599,-204,-6976,-6770,-11897,-15702,-16930,-11742,-7716,-5371
-6791,3227,3575,-218,-6904,-6677,-11746,-15324,-16652,-11524,-7675,-5375
-6681,3159,3534,-230,-6801,-6556,-11576,-14919,-16331,-11272,-7607,-5358
-6546,3081,3479,-240,-6671,-6411,-11385,-14492,-15971,-10996,-7517,-5324
-6379,2997,3398,-238,-6504,-6240,-11171,-14035,-15571,-10693,-7395,-5270
-6193,2904,3307,-236,-6318,-6052,-10942,-13561,-15144,-10374,-7255,-5204
-6002,2808,3213,-235,-6126,-5857,-10703,-13077,-14697,-10047,-7104,-5135
-5803,2710,3112,-232,-5924,-5657,-10457,-12582,-14234,-9718,-6942,-5060
-5602,2609,3014,-234,-5724,-5453,-10208,-12087,-13765,-9395,-6776,-4986
-5402,2507,2917,-237,-5525,-5250,-9957,-11594,-13293,-9079,-6607,-4912
-5199,2403,2818,-241,-5323,-5044,-9701,-11099,-12817,-8761,-6432,-4836
-4991,2299,2716,-244,-5116,-4836,-9439,-10603,-12340,-8444,-6253,-4757
-4786,2194,2615,-249,-4913,-4628,-9174,-10116,-11867,-8140,-6077,-4681
-4591,2088,2527,-263,-4725,-4428,-8911,-9646,-11403,-7852,-5915,-4612
-4408,1989,2442,-277,-4547,-4240,-8648,-9189,-10947,-7573,-5763,-4543
-4229,1896,2356,-285,-4372,-4060,-8386,-8743,-10500,-7301,-5616,-4476
-4058,1808,2271,-290,-4203,-3889,-8126,-8308,-10059,-7036,-5473,-4412
-3894,1723,2188,-296,-4041,-3725,-7866,-7878,-9625,-6774,-5329,-4346
-3740,1639,2116,-308,-3893,-3569,-7608,-7460,-9199,-6520,-5190,-4280
-3591,1560,2044,-317,-3748,-3419,-7344,-7046,-8775,-6263,-5050,-4207
-3441,1481,1968,-323,-3601,-3270,-7074,-6635,-8356,-6003,-4906,-4130
-3291,1404,1891,-327,-3453,-3123,-6799,-6234,-7946,-5741,-4762,-4052
-3147,1330,1817,-331,-3311,-2981,-6533,-5846,-7550,-5486,-4620,-3973
-3006,1259,1741,-330,-3169,-2844,-6272,-5463,-7164,-5233,-4473,-3890
-2882,1192,1678,-335,-3048,-2722,-6020,-5096,-6790,-4990,-4333,-3807
-2770,1135,1618,-335,-2936,-2613,-5768,-4738,-6424,-4747,-4196,-3720
-2664,1084,1556,-329,-2827,-2513,-5514,-4383,-6062,-4503,-4053,-3629
-2567,1037,1501,-325,-2728,-2421,-5261,-4033,-5706,-4263,-3909,-3536
-2470,993,1444,-316,-2627,-2331,-5004,-3690,-5356,-4025,-3765,-3438
-2378,954,1386,-304,-2529,-2247,-4745,-3352,-5013,-3791,-3621,-3339
-2292,918,1333,-292,-2437,-2168,-4486,-3023,-4680,-3564,-3481,-3243
-2213,885,1285,-281,-2353,-2096,-4230,-2703,-4358,-3349,-3348,-3155
-2134,854,1235,-268,-2267,-2025,-3974,-2391,-4045,-3140,-3218,-3070
-2048,827,1175,-245,-2170,-1951,-3714,-2079,-3739,-2930,-3089,-2985
-1962,798,1117,-225,-2073,-1874,-3456,-1771,-3444,-2729,-2960,-2901
-1877,766,1065,-211,-1981,-1796,-3205,-1473,-3162,-2538,-2837,-2821
-1796,731,1020,-203,-1896,-1719,-2967,-1188,-2894,-2363,-2717,-2749
-1718,697,978,-198,-1815,-1642,-2740,-912,-2639,-2199,-2603,-2681
-1636,664,931,-188,-1727,-1564,-2520,-639,-2394,-2034,-2490,-2615
-1560,631,891,-182,-1647,-1488,-2311,-380,-2165,-1880,-2385,-2556
-1489,596,858,-182,-1576,-1414,-2113,-138,-1952,-1740,-2291,-2504
-1419,559,829,-187,-1509,-1340,-1929,88,-1754,-1616,-2210,-2460
-1350,523,801,-191,-1442,-1265,-1755,302,-1571,-1506,-2133,-2421
-1287,490,775,-194,-1380,-1196,-1594,498,-1403,-1412,-2064,-2388
-1217,465,735,-184,-1305,-1128,-1443,684,-1249,-1324,-1998,-2358
-1149,440,698,-174,-1233,-1062,-1305,855,-1112,-1248,-1936,-2334
-1092,417,670,-170,-1174,-1003,-1182,1007,-992,-1188,-1885,-2316
-1036,396,640,-163,-1115,-948,-1071,1147,-881,-1134,-1837,-2298
-984,375,614,-158,-1062,-895,-974,1269,-783,-1090,-1793,-2285
-936,354,592,-156,-1013,-846,-891,1373,-696,-1056,-1755,-2275
-891,337,567,-149,-965,-802,-820,1465,-618,-1028,-1721,-2266
-842,323,535,-135,-911,-758,-756,1549,-548,-1008,-1689,-2256
-797,312,504,-121,-860,-720,-699,1622,-488,-992,-1659,-2249
-764,300,484,-114,-824,-689,-652,1679,-437,-986,-1640,-2245
-734,289,466,-108,-792,-662,-611,1727,-392,-976,-1625,-2240
-705,279,448,-102,-761,-637,-575,1765,-348,-964,-1612,-2233
-676,267,430,-97,-729,-612,-543,1798,-307,-951,-1601,-2224
-644,252,412,-95,-695,-583,-512,1829,-266,-940,-1589,-2213
-616,232,403,-102,-671,-554,-485,1853,-224,-930,-1583,-2205
-588,212,394,-110,-647,-525,-456,1875,-180,-919,-1578,-2198
-556,191,381,-115,-616,-493,-427,1898,-135,-907,-1571,-2191
-519,169,364,-120,-581,-457,-393,1919,-89,-891,-1563,-2182
-487,148,350,-124,-550,-426,-360,1940,-47,-875,-1552,-2174
-460,133,335,-126,-523,-402,-324,1965,-5,-857,-1535,-2165
-443,116,333,-136,-511,-384,-292,1987,34,-843,-1522,-2159
-428,99,333,-148,-501,-367,-252,2010,75,-823,-1507,-2149
-409,82,329,-157,-486,-347,-209,2037,122,-796,-1487,-2136
-396,63,332,-173,-480,-329,-164,2065,171,-767,-1468,-2125
-383,44,336,-190,-474,-311,-120,2093,224,-736,-1448,-2112
-366,24,339,-206,-465,-289,-73,2126,280,-702,-1428,-2096
-349,0,343,-226,-457,-264,-23,2160,337,-668,-1410,-2082
-336,-22,352,-247,-455,-243,28,2195,397,-635,-1396,-2069
-327,-39,360,-264,-454,-226,83,2235,462,-599,-1381,-2054
-313,-48,354,-268,-441,-211,144,2282,532,-554,-1361,-2034
-297,-55,345,-267,-425,-196,205,2335,600,-513,-1340,-2014
-284,-60,337,-266,-411,-183,266,2390,666,-479,-1317,-1995
-273,-66,331,-266,-402,-171,322,2446,729,-454,-1297,-1980
-267,-72,331,-270,-398,-160,373,2497,786,-437,-1282,-1969
-258,-77,326,-269,-390,-149,423,2549,838,-421,-1264,-1959
-254,-81,326,-272,-389,-141,467,2601,887,-411,-1245,-1952
-258,-83,331,-276,-396,-138,507,2651,929,-402,-1226,-1947
-266,-82,337,-278,-406,-141,543,2703,969,-392,-1208,-1943
-273,-79,341,-277,-415,-144,577,2757,1008,-383,-1190,-1937
-282,-76,346,-277,-425,-149,604,2807,1044,-380,-1178,-1932
-282,-67,336,-263,-420,-151,632,2860,1081,-371,-1162,-1923
-279,-59,324,-248,-410,-150,658,2913,1116,-363,-1145,-1914
-280,-53,319,-239,-409,-152,680,2959,1147,-359,-1132,-1908
-279,-46,310,-228,-403,-152,702,3006,1179,-353,-1116,-1901
-277,-43,304,-220,-398,-150,717,3047,1211,-351,-1102,-1896
-274,-41,299,-215,-393,-146,726,3081,1238,-353,-1093,-1891
-271,-38,293,-207,-387,-143,734,3114,1261,-353,-1081,-1885
-263,-32,280,-194,-374,-140,739,3152,1283,-348,-1061,-1878
-256,-27,268,-183,-361,-137,742,3191,1301,-343,-1039,-1870
-255,-26,267,-181,-359,-136,741,3221,1312,-346,-1024,-1869
-255,-25,268,-182,-360,-135,739,3249,1319,-350,-1014,-1872
-253,-23,264,-179,-355,-135,736,3271,1328,-354,-1005,-1876
-246,-22,258,-176,-345,-131,732,3288,1336,-353,-996,-1878
-232,-24,249,-174,-328,-120,731,3303,1347,-344,-984,-1878
-219,-32,247,-181,-317,-107,731,3312,1358,-335,-976,-1878
-204,-40,244,-188,-302,-92,735,3320,1371,-330,-967,-1877
-187,-46,238,-192,-285,-79,739,3330,1385,-329,-958,-1876
-170,-51,230,-194,-267,-66,746,3340,1398,-327,-946,-1875
-155,-57,224,-199,-250,-53,757,3347,1408,-325,-935,-1874
-138,-62,216,-202,-231,-40,768,3358,1420,-318,-922,-1870
-132,-68,221,-214,-228,-35,776,3362,1431,-313,-912,-1868
-130,-74,228,-227,-229,-31,784,3365,1442,-310,-906,-1864
-122,-83,232,-239,-223,-22,793,3372,1457,-299,-896,-1856
-118,-93,241,-255,-224,-15,800,3379,1471,-288,-889,-1849
-114,-101,247,-268,-224,-9,807,3388,1488,-272,-879,-1838
-109,-107,250,-276,-220,-4,815,3399,1506,-255,-867,-1824
-106,-113,253,-284,-219,1,824,3408,1520,-243,-860,-1814
-108,-120,262,-295,-225,2,833,3415,1532,-234,-858,-1807
-110,-123,267,-301,-230,2,844,3427,1543,-217,-856,-1798
-106,-123,260,-295,-223,3,863,3448,1560,-192,-846,-1786
-98,-121,248,-284,-210,6,885,3470,1577,-169,-833,-1776
-92,-118,236,-271,-200,7,907,3493,1592,-151,-817,-1768
-90,-113,227,-258,-194,5,928,3517,1605,-138,-800,-1761
-95,-109,222,-247,-196,-1,954,3542,1619,-127,-783,-1756
-95,-104,213,-232,-192,-5,984,3571,1632,-116,-763,-1749
-99,-100,208,-220,-194,-10,1011,3599,1643,-107,-742,-1744
-107,-96,206,-208,-201,-18,1033,3624,1648,-99,-726,-1740
-118,-91,205,-197,-211,-28,1051,3650,1653,-91,-711,-1736
-123,-86,199,-182,-214,-34,1068,3677,1659,-82,-698,-1730
-126,-84,193,-169,-215,-36,1082,3699,1662,-74,-691,-1725
-121,-76,174,-143,-202,-37,1097,3725,1666,-59,-679,-1718
-114,-70,154,-119,-188,-36,1105,3753,1669,-42,-662,-1709
-109,-66,139,-99,-178,-34,1110,3777,1670,-32,-648,-1705
-97,-63,117,-77,-158,-27,1116,3801,1669,-21,-633,-1700
-84,-62,97,-57,-138,-19,1119,3822,1665,-11,-622,-1697
-74,-60,81,-40,-123,-13,1119,3839,1659,0,-613,-1697
-65,-56,63,-23,-106,-9,1117,3856,1654,13,-605,-1696
-49,-54,43,-6,-83,1,1115,3873,1649,26,-592,-1697
-33,-55,27,4,-63,12,1114,3886,1643,35,-578,-1696
-25,-62,25,1,-55,22,1106,3889,1632,33,-569,-1699
-18,-67,26,-5,-50,30,1095,3886,1617,28,-565,-1703
-10,-69,22,-6,-41,36,1085,3877,1602,26,-563,-1707
0,-70,16,-8,-28,43,1077,3868,1594,28,-560,-1709
16,-75,9,-11,-11,56,1070,3861,1589,34,-552,-1709
26,-80,11,-22,-3,66,1064,3846,1583,35,-552,-1711
38,-83,9,-30,9,75,1061,3833,1579,43,-551,-1711
51,-85,5,-36,23,84,1058,3820,1575,51,-552,-1710
68,-83,-5,-37,44,93,1060,3807,1571,61,-553,-1707
80,-80,-13,-38,60,99,1062,3792,1562,70,-556,-1707
92,-76,-19,-40,74,103,1063,3779,1555,84,-558,-1706
93,-75,-12,-52,73,103,1063,3761,1549,96,-563,-1708
88,-72,-1,-65,64,96,1065,3740,1544,112,-569,-1707
87,-66,3,-71,63,91,1068,3728,1542,130,-568,-1704
81,-62,13,-82,54,85,1069,3716,1540,142,-569,-1703
79,-58,18,-88,50,82,1071,3706,1545,159,-569,-1701
83,-56,19,-92,53,84,1079,3704,1555,180,-564,-1695
86,-55,20,-96,54,86,1087,3703,1565,198,-560,-1691
83,-53,25,-101,48,84,1093,3697,1574,214,-562,-1687
81,-50,28,-103,45,82,1100,3691,1583,230,-564,-1682
87,-43,15,-90,56,82,1114,3693,1598,257,-559,-1671
97,-35,-3,-73,73,85,1131,3697,1616,286,-548,-1658
105,-30,-19,-57,87,89,1148,3702,1633,314,-534,-1645
112,-26,-32,-44,98,92,1165,3709,1652,343,-520,-1631
112,-21,-40,-32,102,91,1179,3714,1670,367,-510,-1620
119,-17,-56,-15,116,94,1195,3728,1688,392,-496,-1608
126,-17,-69,-2,127,100,1213,3741,1704,413,-483,-1597
131,-18,-79,10,135,105,1230,3752,1716,430,-474,-1589
130,-20,-83,17,135,106,1241,3761,1724,446,-468,-1584
130,-23,-87,24,137,109,1251,3774,1732,462,-461,-1577
133,-30,-91,29,140,115,1256,3785,1735,469,-459,-1575
142,-34,-104,41,154,124,1259,3801,1738,478,-454,-1571
155,-42,-117,52,170,137,1253,3819,1742,486,-445,-1569
162,-50,-123,57,179,146,1242,3832,1744,486,-441,-1570
175,-60,-134,64,195,160,1234,3844,1746,486,-436,-1567
185,-71,-140,67,206,173,1230,3855,1748,487,-428,-1562
190,-80,-142,68,211,180,1227,3864,1750,492,-420,-1559
196,-86,-146,71,219,187,1227,3874,1753,501,-412,-1553
209,-90,-158,80,236,197,1228,3887,1755,512,-401,-1545
224,-94,-172,90,257,208,1228,3896,1755,518,-389,-1539
232,-100,-176,90,266,216,1223,3898,1750,519,-384,-1540
235,-103,-175,88,268,219,1217,3892,1746,518,-383,-1542
238,-102,-179,91,273,220,1214,3881,1745,522,-383,-1543
242,-98,-185,98,282,220,1213,3866,1744,522,-386,-1546
251,-94,-196,106,297,223,1216,3854,1744,524,-385,-1547
255,-93,-198,104,301,225,1219,3836,1744,524,-388,-1550
263,-92,-202,104,310,230,1224,3820,1747,529,-390,-1555
278,-93,-211,105,327,241,1229,3809,1751,533,-391,-1562
298,-94,-225,109,351,255,1237,3801,1757,539,-390,-1567
317,-95,-239,111,373,269,1246,3798,1762,541,-388,-1568
334,-95,-251,113,394,281,1257,3799,1769,549,-383,-1567
338,-95,-249,106,396,285,1265,3795,1774,555,-381,-1570
333,-92,-241,97,388,280,1272,3789,1778,562,-382,-1573
329,-85,-239,94,385,274,1278,3788,1785,575,-380,-1572
321,-78,-233,89,375,265,1282,3787,1791,582,-383,-1569
313,-69,-230,89,369,255,1285,3785,1798,585,-389,-1565
309,-61,-230,89,366,247,1291,3787,1807,592,-391,-1558
306,-57,-227,87,363,243,1298,3790,1818,605,-393,-1549
299,-54,-221,81,354,238,1306,3793,1829,621,-395,-1540
295,-50,-219,81,349,233,1319,3799,1841,638,-397,-1529
296,-40,-229,93,357,228,1340,3813,1859,665,-392,-1512
302,-29,-245,111,371,226,1365,3830,1879,693,-382,-1492
308,-19,-261,129,385,223,1391,3847,1898,718,-372,-1476
313,-12,-275,146,396,222,1414,3865,1919,743,-361,-1460
316,-9,-285,156,403,222,1434,3883,1937,763,-353,-1446
328,-8,-301,171,420,229,1453,3903,1955,782,-340,-1434
341,-12,-314,182,437,240,1471,3924,1973,796,-328,-1424
352,-17,-325,191,450,249,1487,3942,1989,807,-320,-1417
358,-21,-333,199,457,254,1501,3958,2005,815,-315,-1414
361,-21,-341,210,464,256,1518,3975,2024,824,-310,-1408
361,-20,-347,221,466,253,1537,3986,2042,825,-308,-1406
367,-16,-363,239,479,253,1565,4002,2062,830,-301,-1401
379,-14,-382,259,498,258,1599,4023,2084,836,-289,-1392
384,-14,-393,271,508,260,1637,4041,2105,842,-282,-1383
395,-12,-408,287,524,265,1681,4061,2127,851,-272,-1372
406,-14,-421,299,540,272,1730,4078,2144,854,-264,-1365
417,-17,-431,306,554,280,1778,4092,2158,856,-261,-1362
431,-20,-444,315,572,290,1825,4107,2171,860,-256,-1361
452,-22,-465,329,600,306,1871,4124,2183,865,-248,-1360
476,-28,-483,338,628,325,1916,4140,2195,871,-238,-1357
493,-38,-489,334,644,343,1954,4152,2205,874,-235,-1358
502,-48,-488,327,651,355,1989,4162,2215,877,-237,-1359
507,-53,-485,320,654,363,2021,4175,2226,881,-236,-1357
513,-58,-483,313,658,371,2049,4188,2236,881,-235,-1354
521,-65,-482,306,665,382,2076,4206,2249,887,-233,-1349
521,-72,-470,290,658,387,2097,4218,2263,897,-236,-1344
519,-77,-458,275,651,391,2116,4230,2278,907,-241,-1339
519,-80,-451,264,648,394,2135,4243,2293,912,-244,-1335
522,-82,-446,256,649,400,2154,4258,2311,912,-246,-1332
522,-82,-440,247,647,402,2173,4276,2330,910,-248,-1329
525,-82,-437,240,648,406,2194,4299,2349,912,-247,-1323
521,-83,-425,226,639,406,2210,4316,2366,907,-248,-1321
508,-80,-409,213,621,397,2228,4327,2382,900,-252,-1319
499,-74,-400,206,609,389,2250,4345,2401,898,-250,-1312
485,-69,-385,196,591,378,2270,4362,2420,895,-249,-1306
473,-62,-375,189,576,367,2293,4379,2440,896,-248,-1301
465,-55,-369,186,566,359,2320,4398,2462,903,-243,-1295
455,-52,-359,179,553,351,2346,4416,2485,912,-239,-1287
440,-50,-343,167,531,341,2370,4431,2508,922,-239,-1283
429,-49,-332,160,515,334,2391,4444,2529,935,-238,-1280
430,-45,-336,164,517,332,2416,4460,2552,954,-232,-1271
436,-45,-344,170,525,336,2439,4479,2574,969,-222,-1259
442,-49,-349,172,531,343,2461,4499,2593,982,-212,-1248
449,-56,-352,171,535,351,2486,4520,2610,990,-201,-1237
451,-64,-352,167,535,358,2507,4538,2623,992,-195,-1231
461,-70,-361,172,547,368,2525,4557,2635,994,-187,-1225
470,-76,-370,177,557,376,2536,4574,2648,994,-179,-1216
474,-81,-377,182,563,380,2543,4591,2658,997,-171,-1207
471,-83,-379,186,562,378,2545,4609,2667,997,-168,-1200
472,-86,-386,192,567,379,2546,4630,2679,998,-163,-1192
476,-93,-391,196,572,384,2550,4650,2694,997,-160,-1185
486,-98,-404,205,587,392,2559,4673,2711,1001,-155,-1176
504,-106,-422,217,612,407,2567,4699,2728,1010,-145,-1166
517,-114,-436,224,630,419,2573,4725,2746,1016,-141,-1156
534,-118,-455,238,654,431,2579,4755,2766,1027,-133,-1146
548,-123,-471,249,675,442,2582,4785,2785,1030,-126,-1138
562,-129,-483,256,693,453,2581,4814,2801,1027,-122,-1134
576,-134,-497,264,713,465,2578,4845,2817,1022,-115,-1131
593,-136,-515,277,738,477,2576,4881,2833,1020,-105,-1127
610,-139,-532,288,761,488,2573,4918,2847,1017,-91,-1123
617,-144,-535,287,769,496,2568,4947,2855,1008,-80,-1122
617,-149,-530,281,768,500,2564,4970,2862,999,-75,-1122
614,-148,-526,279,765,498,2563,4991,2871,993,-69,-1119
609,-144,-523,280,760,492,2564,5012,2883,989,-64,-1115
607,-137,-524,284,762,487,2569,5036,2896,988,-55,-1109
599,-131,-518,282,753,480,2570,5052,2905,978,-52,-1107
596,-124,-516,283,751,474,2570,5067,2918,974,-51,-1105
599,-117,-521,289,757,473,2573,5081,2933,975,-50,-1103
610,-110,-533,299,772,478,2580,5094,2950,979,-46,-1101
623,-107,-542,303,787,487,2586,5104,2963,982,-43,-1099
633,-104,-548,306,798,494,2588,5115,2972,987,-39,-1096
635,-105,-542,297,795,498,2586,5125,2977,992,-40,-1093
631,-106,-529,285,783,498,2586,5130,2982,997,-44,-1090
631,-105,-523,278,778,499,2588,5143,2990,1007,-43,-1083
625,-107,-509,263,763,499,2591,5157,2998,1018,-41,-1075
620,-110,-494,248,749,498,2597,5170,3007,1031,-41,-1067
621,-114,-486,236,742,503,2605,5180,3016,1042,-42,-1061
625,-121,-477,223,738,512,2617,5191,3025,1056,-45,-1056
628,-132,-465,205,729,520,2629,5201,3037,1073,-52,-1053
632,-142,-455,189,723,530,2639,5214,3049,1093,-59,-1052
644,-147,-459,187,733,541,2653,5234,3065,1115,-58,-1048
661,-150,-472,192,750,554,2673,5257,3084,1135,-53,-1039
675,-153,-482,196,765,565,2694,5281,3103,1151,-47,-1031
688,-157,-492,199,779,575,2714,5305,3120,1166,-37,-1022
697,-162,-497,199,787,582,2729,5325,3133,1181,-30,-1016
710,-165,-507,205,801,591,2746,5348,3145,1199,-20,-1006
718,-168,-515,209,811,597,2762,5372,3159,1217,-8,-994
723,-173,-519,210,817,602,2776,5393,3174,1234,7,-983
724,-178,-520,210,817,603,2788,5409,3183,1252,18,-975
725,-181,-523,213,821,603,2795,5424,3194,1266,30,-968
727,-184,-528,217,825,604,2801,5433,3205,1276,37,-960
735,-186,-541,228,841,609,2807,5447,3219,1292,47,-951
752,-190,-561,244,866,620,2812,5464,3234,1308,59,-940
763,-194,-576,255,885,628,2816,5475,3244,1319,67,-933
778,-198,-594,269,908,638,2820,5491,3254,1338,81,-924
792,-204,-609,279,929,650,2819,5509,3264,1357,92,-917
804,-213,-619,285,946,662,2816,5524,3275,1375,100,-912
814,-220,-629,292,961,673,2810,5538,3287,1391,106,-905
829,-225,-644,302,982,686,2801,5555,3300,1409,115,-897
845,-233,-657,309,1003,702,2789,5571,3314,1426,127,-891
853,-243,-659,306,1011,714,2774,5576,3323,1433,130,-890
855,-251,-655,301,1012,722,2759,5575,3329,1437,129,-892
860,-259,-653,295,1016,732,2745,5574,3335,1443,128,-894
863,-261,-654,295,1018,737,2733,5575,3343,1451,127,-896
868,-258,-659,299,1026,741,2723,5580,3355,1462,130,-894
868,-257,-658,298,1026,743,2711,5582,3369,1470,130,-893
868,-252,-659,299,1026,743,2704,5585,3387,1479,129,-891
870,-249,-660,298,1029,745,2700,5594,3405,1487,130,-890
879,-247,-665,298,1037,753,2697,5603,3419,1488,130,-888
886,-247,-666,295,1043,761,2695,5612,3432,1490,129,-887
896,-245,-670,294,1051,769,2694,5624,3447,1496,132,-884
897,-244,-665,285,1048,771,2690,5633,3463,1503,134,-880
889,-241,-653,274,1033,766,2685,5635,3477,1507,133,-880
887,-238,-648,267,1027,765,2681,5641,3492,1517,137,-876
883,-235,-639,257,1017,763,2676,5645,3506,1529,141,-873
881,-232,-634,250,1010,760,2673,5649,3523,1547,148,-868
885,-230,-634,247,1011,762,2675,5657,3543,1569,158,-861
890,-229,-635,244,1013,765,2680,5665,3565,1591,166,-855
890,-227,-633,240,1010,764,2686,5672,3587,1610,166,-851
892,-224,-635,241,1011,763,2696,5679,3611,1632,166,-842
903,-218,-651,252,1027,766,2712,5692,3637,1659,173,-829
921,-211,-673,270,1052,772,2733,5705,3667,1684,187,-815
938,-205,-697,289,1077,778,2752,5717,3696,1700,199,-807
953,-200,-719,307,1101,783,2769,5729,3724,1715,213,-799
965,-197,-736,321,1119,787,2782,5736,3747,1722,223,-795
983,-195,-759,338,1145,796,2796,5751,3769,1731,239,-789
999,-194,-779,354,1168,803,2807,5768,3791,1739,257,-783
1011,-196,-794,366,1186,810,2816,5788,3814,1749,273,-776
1018,-197,-805,376,1197,812,2822,5809,3838,1760,285,-771
1026,-200,-817,386,1211,817,2828,5832,3865,1777,297,-764
1032,-205,-825,393,1221,821,2833,5854,3894,1793,307,-756
1041,-204,-841,409,1238,824,2841,5880,3927,1815,322,-745
1059,-205,-866,430,1267,834,2853,5908,3960,1838,343,-732
1075,-208,-884,446,1291,844,2865,5932,3988,1855,360,-724
1098,-215,-907,462,1323,862,2878,5956,4013,1874,378,-714
1118,-222,-924,474,1350,879,2888,5980,4035,1893,398,-703
1134,-232,-935,479,1369,895,2894,5999,4054,1907,415,-694
1151,-242,-946,485,1390,913,2901,6019,4074,1921,430,-682
1171,-248,-963,496,1417,931,2914,6046,4094,1942,451,-667
1191,-253,-979,507,1444,949,2925,6074,4115,1964,476,-652
1204,-264,-982,504,1457,967,2930,6097,4132,1975,495,-641
1213,-276,-978,495,1462,982,2929,6118,4150,1986,510,-634
1222,-284,-978,491,1471,997,2930,6139,4169,1996,525,-625
1233,-290,-980,488,1482,1011,2931,6159,4187,2008,540,-617
1248,-296,-986,488,1499,1029,2934,6180,4206,2023,559,-609
1260,-303,-986,482,1509,1044,2934,6194,4224,2030,571,-603
1270,-308,-988,478,1519,1058,2935,6206,4242,2037,584,-596
1281,-310,-992,477,1531,1070,2941,6224,4261,2046,600,-588
1294,-311,-999,479,1545,1082,2951,6244,4283,2060,617,-578
1305,-312,-1004,477,1556,1093,2959,6261,4304,2074,630,-571
1316,-313,-1010,477,1568,1104,2971,6283,4327,2093,646,-562
1321,-315,-1008,471,1570,1110,2981,6304,4349,2113,662,-555
1315,-312,-1000,463,1560,1106,2987,6321,4374,2131,672,-549
1314,-308,-1000,461,1559,1104,2996,6342,4403,2151,683,-541
1312,-306,-995,455,1553,1103,3004,6358,4428,2162,691,-535
1310,-303,-992,451,1548,1100,3014,6370,4452,2173,701,-528
1311,-299,-995,451,1549,1099,3024,6385,4474,2182,714,-518
1315,-297,-998,452,1551,1099,3035,6398,4499,2191,729,-507
1316,-296,-998,449,1550,1099,3046,6407,4522,2203,742,-497
1319,-295,-999,447,1549,1099,3056,6418,4544,2221,752,-487
1329,-292,-1011,455,1561,1103,3070,6438,4572,2250,768,-470
1344,-289,-1029,467,1579,1110,3087,6465,4604,2285,790,-447
1361,-289,-1045,477,1598,1119,3104,6495,4635,2321,816,-421
1380,-295,-1059,482,1617,1134,3121,6527,4666,2356,842,-395
1396,-305,-1066,481,1629,1149,3136,6554,4694,2387,866,-369
1417,-314,-1080,485,1650,1167,3151,6585,4724,2420,895,-343
1437,-323,-1093,489,1669,1184,3163,6615,4751,2451,924,-318
1454,-331,-1104,493,1685,1198,3171,6644,4778,2481,952,-294
1464,-338,-1111,496,1695,1208,3177,6672,4805,2507,979,-272
1477,-345,-1120,501,1709,1219,3187,6704,4833,2532,1006,-251
1491,-356,-1126,501,1721,1233,3197,6734,4859,2552,1031,-232
1511,-368,-1139,505,1743,1253,3209,6767,4885,2574,1059,-214
1541,-382,-1158,513,1777,1280,3223,6805,4911,2598,1093,-193
1566,-399,-1169,511,1801,1306,3235,6838,4932,2616,1122,-177
1594,-414,-1186,516,1833,1333,3249,6870,4952,2632,1154,-162
1624,-427,-1206,524,1868,1360,3259,6898,4970,2644,1183,-148
1648,-436,-1225,533,1899,1381,3264,6920,4985,2654,1206,-140
1669,-439,-1246,548,1930,1395,3270,6943,4999,2667,1230,-133
1695,-439,-1274,569,1968,1411,3275,6968,5013,2684,1255,-122
1722,-441,-1302,588,2008,1429,3279,6996,5027,2697,1282,-111
1740,-443,-1319,599,2035,1441,3276,7018,5037,2700,1300,-103
1749,-446,-1328,604,2049,1447,3269,7035,5044,2698,1315,-98
1759,-448,-1337,609,2066,1455,3266,7052,5055,2700,1328,-91
1769,-450,-1347,615,2082,1462,3267,7070,5067,2704,1341,-82
1781,-448,-1361,626,2102,1467,3275,7092,5086,2721,1359,-69
1784,-447,-1366,629,2111,1468,3277,7107,5103,2736,1374,-59
1787,-444,-1373,635,2120,1468,3276,7118,5116,2748,1386,-51
1794,-441,-1383,643,2133,1470,3273,7127,5127,2756,1395,-40
1807,-441,-1396,650,2152,1480,3273,7137,5140,2766,1406,-25
1819,-445,-1403,651,2166,1490,3273,7144,5153,2780,1414,-12
1830,-450,-1408,650,2178,1502,3271,7156,5168,2801,1425,1
1836,-459,-1404,639,2179,1513,3267,7168,5181,2822,1437,13
1834,-470,-1389,621,2168,1520,3264,7175,5194,2844,1446,25
1837,-476,-1384,611,2166,1528,3262,7187,5209,2869,1459,42
1838,-481,-1377,601,2159,1534,3258,7198,5223,2887,1470,58
1837,-482,-1371,595,2153,1537,3255,7204,5238,2903,1480,74
1840,-480,-1372,596,2154,1539,3252,7210,5255,2914,1494,92
1843,-476,-1374,598,2154,1541,3251,7219,5273,2924,1512,111
1844,-473,-1373,598,2151,1541,3251,7228,5293,2936,1529,130
1845,-469,-1373,599,2149,1542,3252,7232,5312,2952,1545,150
1856,-462,-1384,610,2160,1546,3255,7240,5334,2973,1565,172
1873,-456,-1403,626,2181,1555,3259,7251,5356,2994,1587,194
1891,-452,-1421,640,2201,1566,3262,7262,5373,3013,1610,213
1908,-448,-1436,653,2220,1576,3262,7272,5388,3027,1630,231
1916,-443,-1446,663,2228,1579,3260,7277,5398,3036,1647,245
1927,-435,-1462,679,2243,1582,3261,7287,5408,3049,1668,262
1935,-427,-1477,696,2257,1583,3262,7299,5416,3058,1688,278
1941,-419,-1490,711,2268,1583,3260,7307,5422,3068,1707,293
1943,-412,-1498,723,2274,1581,3252,7313,5426,3081,1722,309
1946,-407,-1508,735,2281,1580,3244,7319,5433,3100,1738,326
1950,-405,-1515,744,2288,1581,3236,7320,5440,3116,1751,341
1962,-404,-1532,759,2308,1588,3231,7320,5450,3132,1764,358
1988,-406,-1560,778,2345,1607,3226,7326,5462,3152,1786,377
2009,-412,-1581,791,2375,1625,3217,7328,5474,3170,1802,393
2032,-417,-1605,806,2407,1643,3212,7334,5488,3191,1819,410
2055,-426,-1625,816,2439,1663,3206,7342,5501,3211,1836,427
2077,-438,-1641,821,2467,1685,3198,7346,5511,3226,1849,440
2099,-451,-1657,825,2495,1707,3189,7348,5517,3240,1862,453
2123,-461,-1678,833,2528,1728,3182,7351,5522,3254,1880,469
2147,-471,-1697,840,2560,1749,3175,7356,5526,3265,1900,483
2160,-483,-1704,836,2576,1765,3166,7357,5529,3272,1918,496
2164,-492,-1703,830,2582,1772,3156,7354,5532,3282,1932,507
2167,-497,-1704,826,2587,1776,3147,7354,5537,3297,1949,519
2172,-502,-1705,822,2595,1782,3139,7350,5539,3310,1965,530
2180,-510,-1707,817,2605,1791,3131,7348,5545,3325,1982,544
2184,-520,-1700,803,2605,1799,3118,7337,5549,3335,1992,556
2186,-527,-1694,792,2604,1805,3107,7324,5553,3346,2001,567
2191,-533,-1690,783,2607,1812,3095,7313,5557,3355,2009,578
2199,-538,-1690,777,2614,1820,3087,7301,5562,3360,2017,589
2206,-543,-1688,770,2618,1828,3081,7284,5565,3364,2023,599
2214,-546,-1689,765,2625,1835,3072,7267,5565,3366,2028,608
2219,-549,-1686,759,2626,1841,3057,7248,5561,3367,2032,615
2213,-545,-1677,753,2615,1834,3042,7222,5554,3365,2030,619
2209,-534,-1678,758,2612,1825,3032,7200,5551,3369,2033,626
2205,-525,-1677,761,2607,1816,3024,7177,5548,3375,2036,633
2204,-516,-1679,767,2605,1810,3016,7153,5544,3379,2038,641
2212,-509,-1689,777,2615,1810,3007,7129,5543,3382,2044,649
2220,-502,-1700,787,2625,1811,2996,7104,5543,3386,2048,656
2223,-496,-1704,794,2627,1808,2982,7076,5544,3393,2051,663
2223,-490,-1708,800,2626,1804,2968,7047,5545,3402,2050,672
2232,-482,-1722,815,2638,1804,2958,7025,5549,3414,2052,685
2246,-476,-1740,831,2657,1809,2946,7006,5553,3425,2057,700
2257,-475,-1752,841,2670,1816,2935,6989,5559,3438,2064,716
2271,-480,-1761,845,2683,1828,2923,6974,5562,3450,2074,732
2283,-491,-1764,841,2691,1844,2907,6953,5558,3454,2080,742
2302,-502,-1774,843,2709,1864,2891,6934,5554,3460,2090,753
2320,-513,-1784,844,2726,1883,2874,6913,5550,3464,2100,762
2333,-523,-1791,845,2740,1900,2857,6893,5546,3467,2109,771
2342,-530,-1797,847,2750,1912,2842,6874,5543,3473,2119,778
2352,-536,-1807,852,2763,1924,2827,6855,5545,3483,2130,786
2362,-543,-1815,855,2775,1937,2812,6836,5548,3493,2140,795
2373,-546,-1828,864,2792,1948,2803,6821,5553,3506,2152,806
2395,-551,-1851,879,2823,1967,2798,6812,5561,3519,2170,821
2412,-561,-1864,883,2844,1987,2789,6797,5566,3522,2184,834
2429,-566,-1881,894,2868,2003,2782,6782,5571,3526,2199,847
2445,-571,-1898,903,2891,2019,2773,6766,5573,3527,2216,858
2455,-575,-1908,909,2905,2030,2764,6745,5568,3521,2228,864
2464,-578,-1919,915,2920,2039,2752,6723,5560,3513,2240,869
2477,-578,-1934,925,2939,2049,2740,6705,5552,3512,2253,875
2492,-580,-1950,936,2961,2061,2724,6688,5543,3515,2268,883
2501,-584,-1956,937,2971,2071,2704,6661,5527,3512,2275,886
2500,-588,-1952,932,2969,2074,2681,6630,5509,3509,2275,884
2496,-587,-1949,929,2964,2071,2656,6600,5493,3508,2275,882
2490,-582,-1948,932,2960,2063,2628,6570,5476,3505,2274,881
2491,-574,-1954,940,2965,2059,2599,6543,5460,3498,2274,883
2488,-569,-1954,942,2962,2053,2567,6507,5440,3484,2270,882
2482,-562,-1951,943,2956,2044,2536,6466,5420,3467,2263,883
2476,-554,-1950,945,2950,2034,2508,6425,5401,3450,2258,882
2475,-546,-1952,949,2950,2028,2482,6385,5382,3433,2254,882
2474,-540,-1952,951,2948,2022,2455,6344,5362,3419,2250,882
2470,-533,-1951,953,2945,2013,2426,6304,5344,3412,2250,885
2461,-526,-1944,950,2933,2002,2394,6257,5325,3401,2248,889
2441,-517,-1927,942,2907,1981,2364,6202,5306,3387,2239,890
2425,-503,-1920,944,2890,1960,2338,6149,5284,3377,2235,894
2406,-491,-1909,942,2870,1938,2310,6094,5258,3363,2228,897
2391,-482,-1899,940,2852,1920,2284,6043,5234,3353,2220,902
2383,-473,-1896,942,2844,1908,2263,5999,5214,3343,2218,910
2380,-468,-1895,943,2841,1902,2243,5959,5197,3335,2219,919
2374,-466,-1888,939,2832,1895,2222,5919,5185,3331,2219,927
2370,-466,-1882,934,2825,1892,2204,5877,5174,3324,2217,937
2375,-466,-1886,936,2832,1894,2192,5838,5165,3320,2218,947
2388,-466,-1898,945,2849,1902,2181,5798,5155,3318,2221,957
2401,-469,-1907,950,2864,1911,2170,5759,5144,3317,2228,968
2414,-475,-1914,951,2879,1924,2157,5721,5134,3314,2234,980
2420,-483,-1913,946,2884,1933,2140,5678,5120,3304,2233,987
2428,-487,-1919,948,2894,1941,2125,5641,5104,3299,2237,994
2434,-492,-1921,948,2901,1949,2108,5606,5086,3293,2242,999
2433,-496,-1918,946,2901,1951,2087,5570,5067,3286,2249,1004
2427,-497,-1912,942,2894,1949,2061,5531,5046,3278,2252,1008
2423,-498,-1909,941,2891,1947,2031,5492,5024,3267,2255,1011
2420,-499,-1909,942,2890,1947,1995,5450,4999,3251,2253,1011
2419,-494,-1916,951,2895,1943,1960,5410,4974,3239,2251,1011
2431,-490,-1934,967,2917,1950,1929,5376,4950,3233,2256,1015
2438,-491,-1945,974,2930,1956,1895,5335,4921,3219,2253,1014
2445,-491,-1956,982,2943,1961,1863,5293,4893,3205,2251,1016
2451,-494,-1962,986,2952,1966,1829,5250,4866,3188,2252,1020
2452,-498,-1963,984,2954,1970,1793,5205,4836,3172,2251,1021
2453,-501,-1964,983,2955,1973,1759,5162,4806,3164,2253,1022
2455,-501,-1970,988,2961,1974,1727,5125,4780,3163,2259,1027
2458,-498,-1979,996,2968,1974,1695,5087,4753,3163,2270,1036
2453,-497,-1979,997,2965,1970,1658,5041,4721,3152,2275,1038
2442,-494,-1972,995,2953,1960,1617,4989,4684,3134,2272,1037
2427,-487,-1967,996,2939,1946,1574,4936,4647,3114,2268,1035
2411,-479,-1961,997,2924,1930,1530,4884,4614,3094,2263,1034
2399,-469,-1959,1001,2915,1916,1487,4835,4583,3078,2260,1035
2382,-461,-1951,1000,2897,1899,1445,4778,4548,3056,2252,1033
2364,-452,-1942,999,2878,1881,1401,4718,4510,3034,2240,1029
2348,-443,-1934,998,2861,1864,1356,4659,4473,3009,2226,1026
2339,-436,-1931,999,2852,1854,1315,4602,4435,2985,2215,1025
2330,-430,-1926,997,2841,1844,1277,4541,4396,2960,2205,1023
2321,-424,-1920,995,2831,1835,1243,4480,4357,2934,2199,1021
2307,-419,-1908,989,2812,1822,1207,4416,4317,2906,2191,1015
2281,-410,-1887,978,2779,1799,1168,4344,4275,2875,2175,1008
2259,-398,-1873,975,2755,1777,1132,4278,4234,2849,2164,1003
2237,-387,-1856,969,2727,1756,1096,4210,4192,2819,2152,993
2215,-379,-1838,961,2700,1737,1060,4144,4149,2794,2139,985
2198,-371,-1823,954,2678,1722,1023,4082,4108,2772,2127,980
2183,-366,-1807,945,2655,1710,985,4018,4066,2746,2118,974
2163,-360,-1788,935,2628,1694,947,3950,4024,2717,2102,966
2138,-351,-1768,926,2597,1673,910,3883,3984,2691,2084,959
2118,-338,-1758,928,2577,1652,877,3825,3947,2670,2073,954
2104,-321,-1757,938,2567,1633,850,3770,3914,2651,2068,952
2089,-303,-1758,950,2556,1612,822,3713,3879,2627,2060,946
2074,-286,-1758,961,2547,1592,791,3656,3841,2596,2051,939
2059,-276,-1752,965,2533,1575,755,3594,3797,2562,2037,927
2052,-270,-1751,970,2528,1567,723,3537,3756,2538,2030,920
2045,-269,-1746,968,2521,1562,691,3481,3714,2520,2024,915
2037,-271,-1738,963,2511,1558,659,3426,3671,2503,2018,911
2021,-272,-1724,956,2492,1547,623,3370,3627,2484,2009,905
2007,-273,-1712,950,2477,1538,586,3315,3582,2465,2000,900
1996,-276,-1701,943,2463,1531,547,3256,3537,2442,1989,893
1986,-277,-1694,940,2454,1523,510,3197,3494,2417,1977,888
1985,-277,-1699,946,2458,1521,476,3147,3454,2400,1973,886
1981,-281,-1695,943,2454,1519,436,3093,3407,2373,1962,878
1980,-283,-1696,944,2456,1517,397,3039,3357,2346,1950,870
1977,-286,-1695,944,2455,1514,357,2982,3303,2318,1938,861
1967,-289,-1686,938,2444,1507,316,2923,3248,2289,1922,851
1956,-292,-1677,931,2431,1497,281,2866,3195,2258,1906,841
1947,-292,-1673,930,2423,1489,249,2812,3142,2228,1891,829
1941,-292,-1671,929,2419,1482,218,2760,3089,2196,1876,816
1928,-294,-1660,921,2403,1472,181,2704,3030,2160,1855,798
1909,-296,-1642,908,2378,1458,141,2643,2970,2123,1827,776
1895,-300,-1627,895,2358,1449,103,2581,2914,2086,1799,754
1883,-306,-1611,880,2339,1443,65,2519,2861,2052,1771,733
1872,-309,-1599,870,2323,1437,28,2458,2810,2023,1744,712
1853,-313,-1577,851,2294,1425,-10,2388,2753,1987,1709,691
1832,-314,-1554,834,2263,1411,-47,2314,2694,1945,1671,668
1810,-313,-1533,820,2233,1395,-86,2244,2634,1900,1637,646
1789,-310,-1515,809,2206,1380,-121,2179,2575,1858,1607,623
1765,-305,-1493,796,2173,1362,-154,2111,2516,1819,1579,601
1739,-298,-1471,783,2139,1342,-188,2042,2456,1780,1554,579
1709,-291,-1444,768,2100,1320,-227,1973,2397,1741,1528,556
1667,-283,-1406,747,2045,1290,-267,1896,2339,1697,1494,529
1631,-271,-1377,733,2001,1261,-303,1824,2282,1657,1461,505
1594,-260,-1345,717,1953,1233,-337,1750,2224,1614,1429,478
1555,-249,-1311,700,1903,1204,-368,1676,2170,1576,1398,453
1518,-232,-1285,692,1860,1173,-399,1606,2121,1544,1372,432
1483,-216,-1261,685,1819,1142,-431,1535,2070,1513,1348,413
1446,-201,-1233,675,1776,1113,-464,1465,2019,1478,1319,391
1407,-186,-1204,666,1730,1080,-499,1397,1969,1442,1289,371
1373,-168,-1185,664,1694,1049,-532,1336,1921,1413,1264,355
1348,-149,-1175,670,1670,1023,-564,1280,1876,1387,1246,343
1322,-131,-1166,676,1647,996,-594,1223,1829,1360,1227,328
1295,-112,-1157,682,1624,968,-623,1166,1776,1327,1205,312
1267,-97,-1144,684,1597,941,-654,1105,1721,1288,1177,292
1243,-83,-1136,688,1576,915,-683,1049,1663,1248,1152,270
1219,-69,-1128,694,1555,889,-712,994,1602,1205,1126,248
1190,-56,-1115,696,1528,859,-743,938,1536,1159,1099,224
1155,-44,-1096,693,1494,826,-777,880,1468,1110,1068,197
1119,-31,-1078,692,1459,791,-810,823,1402,1065,1039,170
1085,-20,-1060,690,1425,756,-841,762,1334,1017,1006,145
1056,-12,-1045,688,1398,727,-869,700,1267,973,972,122
1042,-8,-1040,690,1387,710,-896,646,1199,937,947,103
1026,-12,-1027,682,1368,696,-926,589,1130,898,917,82
1013,-17,-1015,673,1353,685,-953,535,1062,859,886,61
1001,-24,-1001,662,1338,676,-976,483,996,813,853,39
983,-31,-982,646,1315,664,-999,430,931,765,817,11
962,-36,-961,631,1288,647,-1020,377,868,721,781,-17
942,-37,-944,621,1264,630,-1040,327,809,681,748,-42
923,-36,-928,612,1241,611,-1064,276,749,642,717,-66
898,-37,-904,596,1210,592,-1096,216,686,597,681,-91
867,-41,-870,571,1167,571,-1131,151,622,546,641,-116
837,-44,-837,547,1125,550,-1167,89,561,498,602,-142
810,-45,-807,526,1086,531,-1203,29,504,451,562,-167
787,-41,-786,513,1056,513,-1237,-25,449,409,525,-189
761,-35,-762,498,1021,492,-1270,-78,393,365,483,-209
735,-28,-738,484,986,470,-1296,-132,336,320,441,-227
716,-22,-720,473,959,455,-1319,-187,278,275,400,-246
703,-17,-706,463,940,447,-1336,-238,220,235,365,-267
689,-12,-691,452,919,437,-1356,-292,164,195,332,-290
675,-6,-676,442,896,428,-1376,-347,109,154,302,-314
654,0,-654,428,866,414,-1397,-403,54,112,274,-337
619,4,-618,402,817,393,-1421,-466,-3,65,238,-363
591,8,-587,380,775,376,-1442,-526,-57,23,208,-385
560,10,-551,353,729,360,-1462,-581,-111,-19,178,-404
526,14,-517,330,682,340,-1484,-637,-165,-60,147,-426
496,20,-488,311,641,321,-1504,-689,-216,-95,117,-447
466,25,-459,293,601,301,-1521,-739,-266,-127,88,-468
430,30,-425,272,554,278,-1536,-792,-317,-167,58,-490
392,36,-391,252,505,252,-1550,-845,-367,-210,26,-513
359,43,-366,240,467,228,-1559,-892,-413,-245,-1,-531
331,53,-347,234,436,205,-1564,-932,-454,-273,-22,-545
301,62,-328,228,404,181,-1569,-970,-495,-299,-41,-558
274,71,-313,226,377,157,-1576,-1007,-538,-324,-62,-572
244,81,-296,223,346,131,-1585,-1048,-581,-352,-87,-589
217,93,-286,228,324,105,-1594,-1086,-623,-379,-108,-608
192,106,-278,235,303,78,-1604,-1124,-664,-407,-128,-628
165,118,-269,241,282,51,-1615,-1165,-706,-439,-151,-649
134,130,-256,245,254,20,-1623,-1208,-748,-475,-179,-675
104,138,-241,246,226,-8,-1627,-1248,-786,-508,-207,-700
75,143,-225,244,198,-34,-1631,-1290,-826,-543,-237,-727
52,146,-212,242,176,-53,-1637,-1336,-869,-579,-269,-756
46,144,-213,247,174,-60,-1645,-1375,-911,-610,-293,-781
39,135,-205,241,166,-63,-1658,-1417,-955,-644,-322,-808
36,122,-197,232,161,-60,-1670,-1457,-995,-673,-350,-832
36,106,-187,220,155,-53,-1682,-1497,-1036,-703,-377,-856
33,88,-172,203,145,-47,-1694,-1536,-1080,-736,-408,-882
31,73,-160,188,136,-42,-1704,-1572,-1119,-764,-437,-907
31,63,-155,181,134,-39,-1713,-1601,-1158,-792,-461,-929
31,56,-151,177,132,-37,-1723,-1625,-1198,-823,-481,-950
24,48,-139,165,119,-40,-1736,-1655,-1241,-860,-505,-974
10,40,-117,146,95,-46,-1753,-1688,-1286,-899,-532,-1002
-3,35,-97,129,72,-52,-1769,-1719,-1329,-933,-559,-1027
-14,30,-79,114,52,-57,-1785,-1750,-1371,-966,-586,-1051
-21,25,-64,98,37,-58,-1799,-1774,-1409,-995,-608,-1071
-34,18,-40,75,10,-62,-1820,-1807,-1452,-1028,-637,-1090
-50,15,-14,52,-20,-69,-1840,-1844,-1496,-1062,-669,-1109
-66,16,9,33,-48,-78,-1856,-1879,-1536,-1097,-703,-1128
-78,18,26,18,-70,-86,-1866,-1911,-1575,-1128,-736,-1147
-93,22,46,2,-94,-95,-1876,-1944,-1616,-1157,-770,-1165
-110,29,65,-12,-121,-108,-1887,-1973,-1658,-1183,-801,-1182
-129,36,86,-28,-149,-122,-1899,-1999,-1700,-1210,-829,-1198
-161,45,120,-51,-195,-145,-1914,-2028,-1744,-1242,-865,-1218
-190,57,146,-67,-233,-168,-1924,-2051,-1781,-1265,-891,-1235
-222,68,176,-86,-275,-193,-1933,-2078,-1817,-1289,-917,-1253
-255,79,207,-106,-319,-218,-1939,-2108,-1853,-1315,-944,-1272
-282,87,233,-122,-354,-238,-1944,-2136,-1885,-1340,-967,-1288
-309,94,258,-139,-389,-257,-1951,-2163,-1915,-1360,-987,-1302
-340,101,288,-158,-430,-280,-1959,-2188,-1942,-1376,-1006,-1316
-373,108,317,-176,-470,-303,-1961,-2213,-1967,-1393,-1026,-1330
-396,117,334,-182,-496,-322,-1956,-2229,-1985,-1404,-1039,-1341
-410,127,338,-179,-506,-336,-1946,-2238,-1996,-1411,-1045,-1348
-422,133,343,-178,-517,-347,-1934,-2247,-2004,-1419,-1048,-1354
-432,136,348,-177,-525,-355,-1923,-2258,-2011,-1425,-1051,-1361
-444,137,356,-180,-536,-363,-1913,-2279,-2023,-1438,-1058,-1372
-448,136,356,-177,-538,-366,-1901,-2297,-2038,-1450,-1064,-1382
-452,135,356,-174,-539,-368,-1893,-2311,-2057,-1468,-1069,-1394
-460,134,359,-171,-544,-374,-1891,-2325,-2077,-1490,-1078,-1410
-473,132,367,-172,-556,-382,-1892,-2337,-2101,-1513,-1089,-1427
-486,130,375,-174,-569,-391,-1896,-2349,-2124,-1531,-1100,-1441
-497,125,384,-177,-581,-398,-1903,-2363,-2147,-1545,-1110,-1453
-507,120,391,-179,-590,-402,-1910,-2378,-2168,-1556,-1121,-1463
-500,114,384,-174,-579,-396,-1913,-2385,-2187,-1562,-1125,-1471
-497,104,384,-176,-576,-389,-1917,-2396,-2210,-1575,-1135,-1481
-493,98,381,-173,-571,-385,-1918,-2405,-2232,-1587,-1144,-1491
-489,92,376,-170,-564,-381,-1916,-2413,-2253,-1598,-1150,-1499
-489,88,375,-169,-563,-381,-1915,-2420,-2276,-1612,-1157,-1509
-492,89,374,-166,-564,-385,-1916,-2426,-2300,-1627,-1163,-1519
-491,93,367,-157,-559,-391,-1914,-2428,-2321,-1642,-1164,-1526
-488,97,357,-147,-551,-393,-1910,-2426,-2339,-1654,-1160,-1530
-487,96,356,-147,-549,-393,-1905,-2430,-2357,-1668,-1161,-1535
-494,93,366,-156,-562,-399,-1903,-2443,-2378,-1682,-1168,-1544
-503,93,376,-164,-576,-407,-1899,-2453,-2395,-1692,-1176,-1552
-512,92,387,-173,-589,-414,-1895,-2462,-2410,-1700,-1187,-1562
-516,92,393,-181,-598,-417,-1889,-2467,-2422,-1705,-1196,-1570
-523,87,408,-197,-613,-420,-1886,-2475,-2435,-1719,-1209,-1582
-533,81,427,-218,-634,-423,-1884,-2485,-2449,-1737,-1227,-1597
-539,74,443,-237,-651,-423,-1883,-2493,-2462,-1755,-1246,-1610
-541,67,456,-255,-661,-419,-1879,-2501,-2474,-1771,-1265,-1624
-544,62,468,-271,-672,-417,-1876,-2515,-2490,-1787,-1284,-1638
-551,60,481,-285,-687,-420,-1875,-2530,-2507,-1803,-1303,-1654
-561,59,497,-301,-706,-426,-1878,-2544,-2527,-1818,-1319,-1671
-582,57,525,-325,-739,-437,-1886,-2565,-2550,-1839,-1341,-1690
-598,59,545,-342,-764,-447,-1889,-2580,-2569,-1855,-1356,-1704
-617,63,565,-356,-791,-462,-1892,-2592,-2588,-1869,-1370,-1715
-639,70,585,-369,-819,-479,-1894,-2604,-2602,-1881,-1384,-1722
-655,78,599,-377,-840,-493,-1893,-2611,-2610,-1889,-1393,-1724
-666,82,609,-384,-855,-502,-1892,-2617,-2615,-1893,-1400,-1725
-676,84,621,-392,-870,-508,-1892,-2627,-2620,-1897,-1408,-1727
-686,86,632,-400,-885,-514,-1890,-2638,-2625,-1903,-1418,-1729
-692,91,636,-399,-892,-520,-1883,-2641,-2625,-1902,-1422,-1728
-691,100,628,-388,-886,-523,-1869,-2638,-2619,-1892,-1421,-1723
-690,107,620,-376,-879,-526,-1852,-2628,-2614,-1881,-1417,-1717
-690,115,613,-365,-875,-530,-1833,-2618,-2609,-1872,-1411,-1710
-695,120,613,-358,-878,-536,-1815,-2611,-2606,-1870,-1409,-1704
-696,124,607,-348,-874,-539,-1798,-2601,-2604,-1872,-1405,-1698
-696,126,603,-339,-870,-540,-1786,-2594,-2606,-1878,-1400,-1694
-699,126,604,-335,-872,-542,-1779,-2590,-2610,-1888,-1395,-1690
-704,122,609,-336,-877,-542,-1778,-2591,-2618,-1899,-1392,-1687
-708,118,614,-337,-882,-542,-1781,-2594,-2626,-1907,-1391,-1686
-714,115,618,-336,-887,-545,-1784,-2601,-2633,-1910,-1393,-1686
-717,112,620,-334,-889,-545,-1785,-2608,-2636,-1910,-1396,-1687
-706,108,607,-324,-872,-535,-1781,-2604,-2634,-1902,-1386,-1684
-699,101,602,-321,-862,-527,-1782,-2603,-2635,-1902,-1380,-1685
-692,96,596,-317,-852,-519,-1784,-2601,-2636,-1905,-1375,-1687
-688,94,588,-310,-843,-516,-1785,-2595,-2637,-1907,-1372,-1689
-688,90,588,-310,-842,-514,-1787,-2589,-2640,-1911,-1371,-1695
-686,84,588,-313,-840,-509,-1791,-2583,-2643,-1915,-1373,-1701
-678,77,582,-313,-830,-500,-1796,-2574,-2644,-1914,-1371,-1705
-665,71,572,-311,-815,-488,-1804,-2567,-2646,-1904,-1362,-1708
-657,61,570,-316,-808,-477,-1817,-2569,-2651,-1901,-1360,-1712
-656,52,575,-327,-811,-470,-1838,-2578,-2659,-1905,-1369,-1720
-653,48,576,-332,-810,-466,-1859,-2589,-2665,-1912,-1380,-1729
-652,46,574,-334,-808,-464,-1879,-2600,-2669,-1918,-1392,-1737
-648,46,570,-333,-804,-462,-1894,-2608,-2671,-1919,-1400,-1739
-650,45,573,-339,-808,-464,-1905,-2618,-2673,-1923,-1412,-1742
-654,45,578,-344,-815,-467,-1912,-2626,-2674,-1927,-1424,-1746
-659,48,581,-347,-821,-472,-1917,-2634,-2675,-1931,-1437,-1752
-660,52,580,-346,-822,-476,-1923,-2641,-2679,-1932,-1448,-1761
-662,55,581,-347,-824,-479,-1932,-2652,-2686,-1933,-1461,-1770
-663,57,582,-349,-827,-482,-1944,-2662,-2695,-1931,-1472,-1779
-666,59,586,-352,-833,-486,-1956,-2665,-2703,-1925,-1482,-1788
-681,59,603,-365,-855,-496,-1971,-2673,-2713,-1924,-1501,-1803
-691,63,614,-371,-869,-505,-1983,-2676,-2719,-1920,-1513,-1812
-703,67,624,-377,-884,-516,-1993,-2678,-2722,-1919,-1524,-1818
-714,70,636,-383,-900,-525,-2000,-2679,-2721,-1914,-1531,-1821
-719,71,644,-389,-909,-529,-2003,-2673,-2714,-1904,-1531,-1821
-720,67,652,-397,-915,-526,-2002,-2665,-2707,-1893,-1530,-1822
-723,65,661,-404,-923,-527,-2000,-2660,-2702,-1885,-1534,-1825
-731,67,671,-410,-935,-532,-1995,-2657,-2698,-1878,-1540,-1829
-735,72,672,-406,-939,-537,-1986,-2653,-2691,-1870,-1545,-1831
-732,83,661,-391,-930,-542,-1973,-2647,-2678,-1860,-1540,-1829
-728,94,649,-375,-920,-546,-1964,-2645,-2665,-1857,-1533,-1827
-723,104,636,-359,-908,-547,-1956,-2646,-2651,-1856,-1523,-1824
-719,110,626,-347,-899,-548,-1951,-2650,-2641,-1857,-1515,-1823
-710,117,612,-332,-885,-546,-1944,-2646,-2631,-1852,-1504,-1820
-700,121,599,-320,-870,-541,-1939,-2637,-2620,-1842,-1491,-1817
-694,120,593,-315,-862,-536,-1934,-2630,-2609,-1832,-1481,-1813
-691,118,593,-315,-861,-532,-1934,-2624,-2597,-1824,-1471,-1810
-688,115,591,-314,-858,-528,-1933,-2616,-2584,-1813,-1459,-1806
-683,111,589,-314,-853,-522,-1927,-2605,-2569,-1804,-1448,-1800
-677,106,585,-313,-846,-516,-1919,-2595,-2555,-1796,-1439,-1791
-657,104,565,-300,-820,-502,-1909,-2572,-2538,-1784,-1421,-1778
-639,96,551,-295,-799,-486,-1904,-2552,-2526,-1785,-1408,-1771
-619,88,536,-290,-776,-469,-1899,-2536,-2515,-1785,-1397,-1765
-598,79,521,-284,-751,-451,-1896,-2522,-2505,-1783,-1385,-1759
-585,70,512,-284,-735,-438,-1900,-2516,-2499,-1786,-1378,-1759
-576,66,503,-281,-723,-431,-1905,-2514,-2496,-1790,-1375,-1760
-565,66,488,-269,-704,-426,-1904,-2508,-2493,-1783,-1368,-1760
-550,68,466,-254,-679,-420,-1902,-2496,-2489,-1771,-1359,-1758
-541,69,453,-245,-663,-417,-1904,-2487,-2489,-1767,-1353,-1757
-541,68,451,-245,-660,-419,-1910,-2484,-2494,-1768,-1354,-1762
-541,69,447,-242,-657,-423,-1914,-2482,-2499,-1769,-1357,-1765
-541,70,444,-241,-654,-426,-1916,-2481,-2502,-1770,-1360,-1766
-538,70,439,-238,-647,-426,-1915,-2474,-2500,-1764,-1357,-1764
-537,67,440,-242,-646,-425,-1916,-2468,-2499,-1761,-1355,-1763
-536,65,440,-245,-645,-425,-1914,-2465,-2499,-1762,-1357,-1764
-532,65,436,-244,-639,-424,-1912,-2461,-2497,-1766,-1360,-1766
-525,66,429,-240,-628,-420,-1907,-2456,-2494,-1770,-1359,-1768
-520,66,425,-238,-622,-418,-1902,-2455,-2492,-1779,-1358,-1771
-518,64,426,-241,-621,-415,-1897,-2452,-2489,-1790,-1358,-1777
-518,63,431,-247,-624,-413,-1894,-2448,-2488,-1799,-1358,-1781
-533,60,451,-263,-647,-420,-1896,-2455,-2488,-1809,-1367,-1787
-544,63,463,-271,-663,-426,-1894,-2457,-2484,-1808,-1370,-1789
-552,62,477,-281,-678,-429,-1892,-2462,-2480,-1806,-1372,-1790
-560,60,491,-293,-693,-430,-1891,-2466,-2475,-1806,-1374,-1786
-565,62,499,-298,-702,-431,-1888,-2464,-2465,-1805,-1373,-1776
-567,62,506,-303,-708,-429,-1885,-2459,-2454,-1804,-1372,-1767
-569,63,513,-309,-716,-427,-1881,-2458,-2442,-1802,-1377,-1763
-576,66,522,-313,-728,-431,-1878,-2461,-2430,-1798,-1385,-1762
-580,74,523,-309,-732,-435,-1873,-2460,-2415,-1791,-1389,-1760
-575,87,511,-293,-722,-438,-1859,-2454,-2397,-1779,-1386,-1756
-568,98,498,-277,-709,-437,-1842,-2448,-2382,-1772,-1386,-1753
-559,108,483,-260,-695,-435,-1828,-2442,-2371,-1770,-1387,-1753
-554,116,473,-248,-686,-434,-1819,-2437,-2366,-1770,-1390,-1756
-546,123,460,-233,-674,-433,-1814,-2428,-2361,-1769,-1389,-1758
-536,130,444,-217,-658,-429,-1812,-2415,-2356,-1768,-1385,-1757
-527,133,433,-206,-646,-424,-1812,-2404,-2353,-1768,-1381,-1755
-524,134,428,-200,-642,-422,-1817,-2394,-2353,-1768,-1378,-1755
-524,139,422,-190,-639,-425,-1823,-2381,-2351,-1766,-1373,-1756
-524,143,415,-181,-635,-428,-1823,-2366,-2345,-1758,-1368,-1755
-523,146,406,-171,-629,-430,-1819,-2351,-2339,-1751,-1365,-1756
-508,148,382,-151,-603,-423,-1810,-2326,-2330,-1734,-1352,-1751
-495,145,366,-139,-584,-415,-1803,-2306,-2325,-1724,-1342,-1745
-481,139,351,-130,-564,-405,-1794,-2289,-2320,-1716,-1332,-1738
-463,129,335,-125,-541,-388,-1783,-2270,-2311,-1706,-1320,-1730
-449,118,324,-122,-523,-375,-1774,-2257,-2303,-1699,-1312,-1726
-440,110,315,-120,-510,-367,-1765,-2246,-2294,-1693,-1306,-1720
-431,105,303,-113,-494,-361,-1756,-2235,-2285,-1684,-1295,-1712
-418,103,285,-103,-473,-355,-1749,-2222,-2277,-1676,-1282,-1704
-412,99,276,-98,-461,-352,-1746,-2211,-2271,-1677,-1270,-1700
-417,97,278,-100,-463,-357,-1748,-2207,-2272,-1687,-1267,-1702
-421,95,278,-102,-464,-362,-1752,-2210,-2274,-1696,-1266,-1705
-422,93,278,-103,-463,-364,-1757,-2218,-2277,-1705,-1267,-1708
-417,92,271,-99,-453,-362,-1760,-2225,-2278,-1711,-1269,-1712
-415,91,268,-100,-449,-362,-1764,-2233,-2279,-1718,-1276,-1716
-418,93,269,-101,-451,-366,-1770,-2244,-2279,-1723,-1287,-1721
-419,97,268,-100,-450,-370,-1776,-2258,-2280,-1729,-1299,-1725
-414,101,261,-95,-441,-369,-1782,-2271,-2284,-1740,-1310,-1731
-411,106,257,-91,-435,-369,-1788,-2284,-2289,-1755,-1322,-1738
-411,112,256,-89,-434,-372,-1793,-2291,-2295,-1767,-1331,-1744
-412,116,258,-91,-436,-374,-1796,-2295,-2300,-1775,-1335,-1749
-429,120,277,-104,-459,-385,-1805,-2305,-2306,-1784,-1346,-1758
-442,129,289,-108,-475,-397,-1811,-2308,-2308,-1785,-1351,-1763
-454,133,304,-118,-494,-404,-1817,-2310,-2309,-1785,-1354,-1767
-464,133,322,-133,-513,-408,-1824,-2312,-2309,-1780,-1357,-1767
-469,132,336,-145,-525,-406,-1826,-2310,-2305,-1768,-1356,-1763
-470,127,350,-160,-536,-400,-1826,-2306,-2300,-1753,-1350,-1758
-474,121,367,-178,-551,-394,-1825,-2302,-2297,-1744,-1347,-1753
-479,115,385,-196,-568,-390,-1825,-2301,-2294,-1737,-1348,-1748
-480,114,393,-203,-575,-386,-1826,-2297,-2287,-1727,-1348,-1740
-472,116,389,-200,-569,-378,-1824,-2286,-2279,-1713,-1341,-1729
-462,116,385,-198,-561,-368,-1819,-2271,-2272,-1700,-1330,-1717
-453,112,383,-200,-556,-357,-1810,-2255,-2263,-1683,-1316,-1706
-448,106,388,-207,-559,-347,-1802,-2245,-2254,-1673,-1306,-1697
-441,101,387,-209,-556,-337,-1792,-2232,-2246,-1660,-1294,-1689
-430,97,381,-206,-547,-326,-1782,-2217,-2240,-1644,-1282,-1682
-422,95,375,-203,-540,-318,-1772,-2205,-2236,-1630,-1273,-1676
-418,92,372,-200,-538,-314,-1763,-2197,-2232,-1618,-1266,-1669
-415,93,365,-192,-534,-314,-1756,-2189,-2228,-1608,-1261,-1664
-412,94,356,-183,-528,-314,-1749,-2182,-2223,-1601,-1257,-1660
-407,94,347,-173,-521,-312,-1743,-2180,-2218,-1595,-1255,-1657
-388,92,323,-155,-494,-301,-1733,-2169,-2209,-1583,-1242,-1650
-375,86,308,-146,-477,-291,-1728,-2164,-2202,-1574,-1232,-1646
-366,83,296,-136,-464,-286,-1727,-2160,-2196,-1567,-1223,-1642
-357,80,280,-123,-448,-282,-1725,-2156,-2191,-1564,-1213,-1639
-351,76,270,-116,-437,-279,-1727,-2149,-2188,-1564,-1205,-1641
-346,71,262,-110,-428,-275,-1726,-2140,-2184,-1565,-1195,-1642
-338,65,252,-105,-417,-271,-1727,-2128,-2179,-1563,-1181,-1641
-327,56,242,-101,-402,-260,-1732,-2115,-2177,-1557,-1165,-1639
-318,42,240,-107,-393,-248,-1740,-2108,-2177,-1556,-1155,-1640
-320,27,251,-123,-401,-242,-1753,-2110,-2182,-1561,-1154,-1646
-327,16,264,-137,-412,-241,-1766,-2116,-2186,-1561,-1153,-1649
-336,8,277,-151,-424,-243,-1778,-2123,-2190,-1560,-1154,-1653
-339,1,285,-161,-429,-241,-1790,-2124,-2194,-1558,-1154,-1652
-345,-7,298,-177,-439,-240,-1809,-2126,-2197,-1560,-1157,-1649
-352,-15,313,-195,-451,-239,-1832,-2132,-2201,-1563,-1166,-1648
-353,-22,323,-208,-455,-234,-1851,-2139,-2205,-1567,-1175,-1647
-350,-28,328,-219,-453,-226,-1867,-2147,-2209,-1572,-1181,-1648
-345,-33,334,-230,-451,-218,-1881,-2156,-2214,-1576,-1186,-1648
-345,-36,341,-241,-451,-213,-1897,-2168,-2219,-1579,-1190,-1649
-344,-36,346,-250,-452,-211,-1912,-2179,-2223,-1579,-1191,-1649
-359,-34,366,-267,-472,-220,-1931,-2200,-2228,-1588,-1202,-1655
-372,-27,380,-276,-487,-231,-1945,-2217,-2231,-1597,-1210,-1656
-384,-19,392,-283,-500,-242,-1960,-2236,-2234,-1606,-1218,-1659
-398,-8,403,-288,-514,-256,-1971,-2253,-2235,-1614,-1227,-1662
-405,2,408,-289,-521,-265,-1977,-2265,-2234,-1616,-1231,-1661
-412,10,413,-290,-526,-273,-1982,-2276,-2230,-1614,-1234,-1659
-423,18,425,-296,-541,-284,-1988,-2287,-2225,-1613,-1236,-1655
-437,25,438,-302,-558,-297,-1992,-2301,-2221,-1611,-1239,-1652
-443,33,441,-301,-564,-305,-1992,-2313,-2216,-1606,-1240,-1649
-438,41,432,-291,-554,-306,-1986,-2320,-2210,-1598,-1235,-1643
-432,46,424,-283,-545,-305,-1978,-2326,-2208,-1592,-1230,-1636
-428,50,417,-275,-539,-306,-1970,-2332,-2207,-1580,-1223,-1627
-428,55,413,-269,-538,-310,-1964,-2340,-2211,-1577,-1219,-1623
-429,63,406,-258,-535,-315,-1956,-2346,-2217,-1578,-1214,-1621
-425,67,398,-248,-529,-316,-1947,-2346,-2221,-1578,-1204,-1617
-420,65,393,-244,-525,-313,-1945,-2347,-2225,-1579,-1196,-1613
-417,57,394,-249,-526,-306,-1949,-2347,-2230,-1581,-1189,-1610
-414,47,398,-255,-529,-298,-1952,-2337,-2232,-1579,-1184,-1606
-410,35,402,-263,-532,-290,-1955,-2329,-2234,-1576,-1184,-1605
-406,24,404,-268,-534,-282,-1958,-2332,-2241,-1579,-1190,-1606
-392,15,394,-265,-521,-268,-1957,-2329,-2247,-1575,-1188,-1601
-384,6,390,-266,-516,-258,-1960,-2330,-2255,-1572,-1190,-1599
-378,1,384,-263,-511,-252,-1963,-2334,-2262,-1567,-1193,-1597
-370,-3,375,-256,-503,-247,-1965,-2339,-2269,-1563,-1194,-1598
-366,-9,373,-256,-501,-242,-1969,-2346,-2280,-1565,-1195,-1603
-364,-14,372,-257,-502,-239,-1973,-2355,-2290,-1566,-1195,-1609
-359,-19,368,-256,-497,-233,-1975,-2356,-2295,-1565,-1193,-1609
-347,-23,357,-250,-484,-224,-1978,-2350,-2297,-1559,-1184,-1605
-337,-27,349,-246,-473,-216,-1980,-2346,-2299,-1559,-1177,-1603
-337,-32,351,-249,-475,-214,-1987,-2347,-2303,-1566,-1176,-1605
-342,-30,352,-249,-480,-218,-1994,-2352,-2307,-1570,-1178,-1607
-348,-24,352,-245,-485,-226,-1999,-2360,-2312,-1572,-1183,-1610
-350,-19,348,-239,-483,-230,-2001,-2367,-2317,-1571,-1186,-1613
-352,-17,348,-239,-483,-232,-2005,-2377,-2326,-1575,-1190,-1617
-358,-14,351,-239,-488,-237,-2010,-2390,-2335,-1583,-1198,-1623
-362,-10,353,-239,-491,-241,-2014,-2402,-2341,-1590,-1206,-1628
-365,-5,352,-236,-490,-244,-2014,-2412,-2344,-1592,-1211,-1633
-367,0,351,-234,-489,-247,-2012,-2424,-2349,-1595,-1215,-1639
-371,4,352,-233,-490,-250,-2015,-2436,-2357,-1597,-1218,-1647
-375,8,354,-233,-492,-254,-2020,-2448,-2369,-1601,-1221,-1655
-391,9,371,-244,-511,-263,-2032,-2474,-2383,-1615,-1235,-1665
-400,10,381,-251,-521,-267,-2039,-2498,-2394,-1624,-1247,-1672
-411,9,394,-260,-534,-272,-2046,-2519,-2401,-1631,-1258,-1678
-429,12,411,-269,-555,-285,-2052,-2542,-2404,-1639,-1271,-1682
-445,19,422,-272,-571,-298,-2055,-2558,-2401,-1644,-1282,-1682
-457,23,431,-276,-583,-308,-2058,-2573,-2398,-1647,-1291,-1683
-468,22,444,-284,-597,-315,-2062,-2588,-2398,-1651,-1304,-1688
-481,20,461,-297,-615,-321,-2064,-2604,-2399,-1659,-1320,-1698
-489,16,473,-308,-628,-323,-2062,-2614,-2401,-1664,-1331,-1707
-488,16,473,-308,-626,-322,-2056,-2613,-2401,-1666,-1334,-1711
-485,16,472,-307,-623,-321,-2053,-2609,-2400,-1673,-1335,-1711
-484,15,471,-308,-622,-319,-2054,-2609,-2398,-1680,-1334,-1709
-482,10,475,-314,-624,-316,-2057,-2616,-2400,-1688,-1335,-1709
-479,8,474,-314,-622,-313,-2058,-2621,-2403,-1691,-1337,-1710
-472,7,468,-310,-613,-309,-2056,-2623,-2405,-1690,-1333,-1712
-467,7,463,-306,-608,-307,-2053,-2625,-2406,-1689,-1326,-1713
-468,8,462,-305,-609,-309,-2052,-2633,-2409,-1693,-1322,-1715
-467,10,459,-301,-608,-312,-2053,-2646,-2414,-1699,-1322,-1718
-464,12,453,-295,-603,-313,-2056,-2662,-2418,-1704,-1324,-1718
-460,14,446,-288,-598,-313,-2062,-2686,-2422,-1709,-1329,-1719
-440,14,425,-273,-572,-301,-2063,-2699,-2424,-1701,-1325,-1715
-419,4,412,-269,-552,-283,-2069,-2713,-2429,-1698,-1326,-1712
-400,-7,403,-269,-535,-264,-2077,-2727,-2435,-1696,-1328,-1711
-382,-17,391,-266,-516,-247,-2083,-2739,-2441,-1695,-1329,-1710
-369,-24,384,-265,-504,-235,-2092,-2754,-2451,-1703,-1334,-1712
-363,-27,379,-262,-499,-231,-2101,-2773,-2463,-1712,-1339,-1716
-361,-26,374,-256,-495,-231,-2107,-2789,-2474,-1717,-1344,-1719
-358,-24,367,-249,-490,-231,-2108,-2797,-2481,-1716,-1343,-1721
-359,-21,364,-245,-490,-234,-2109,-2802,-2488,-1717,-1343,-1727
-364,-18,366,-243,-495,-241,-2115,-2812,-2501,-1729,-1350,-1740
-369,-12,364,-237,-498,-248,-2123,-2822,-2513,-1737,-1357,-1754
-374,-3,361,-228,-501,-258,-2130,-2833,-2525,-1743,-1366,-1767
-377,7,354,-216,-498,-267,-2137,-2841,-2533,-1744,-1373,-1777
-380,12,353,-213,-500,-271,-2142,-2850,-2540,-1743,-1380,-1785
-386,15,357,-214,-507,-278,-2150,-2864,-2547,-1739,-1390,-1796
-391,19,360,-216,-513,-283,-2160,-2879,-2554,-1729,-1399,-1807
-391,21,361,-216,-513,-284,-2165,-2890,-2561,-1719,-1402,-1818
-391,22,361,-217,-512,-284,-2167,-2898,-2567,-1712,-1401,-1825
-391,25,362,-218,-512,-285,-2164,-2906,-2573,-1710,-1401,-1829
-392,26,364,-221,-513,-286,-2159,-2911,-2577,-1708,-1400,-1828
-406,23,383,-237,-533,-293,-2161,-2928,-2585,-1710,-1405,-1831
-419,24,398,-248,-550,-302,-2163,-2943,-2593,-1712,-1409,-1832
-431,24,413,-261,-566,-310,-2163,-2954,-2599,-1713,-1410,-1830
-449,24,433,-277,-590,-321,-2161,-2965,-2602,-1713,-1413,-1826
-465,26,449,-289,-609,-333,-2160,-2974,-2601,-1706,-1412,-1818
-480,29,463,-299,-626,-345,-2157,-2980,-2595,-1698,-1408,-1808
-498,34,477,-307,-645,-360,-2155,-2987,-2590,-1698,-1406,-1802
-517,39,492,-315,-666,-376,-2153,-2999,-2584,-1698,-1407,-1798
-530,47,497,-316,-676,-390,-2146,-3009,-2576,-1692,-1406,-1794
-531,60,486,-301,-667,-399,-2134,-3014,-2565,-1686,-1399,-1791
-528,70,472,-286,-654,-405,-2122,-3021,-2555,-1683,-1393,-1791
-525,78,459,-273,-642,-408,-2110,-3025,-2543,-1680,-1386,-1792
-524,83,452,-266,-636,-411,-2103,-3029,-2533,-1677,-1378,-1794
-523,87,445,-258,-629,-414,-2099,-3032,-2527,-1672,-1369,-1794
-521,91,436,-248,-621,-415,-2095,-3035,-2525,-1666,-1359,-1792
-525,95,432,-240,-621,-421,-2093,-3039,-2525,-1662,-1351,-1791
-534,102,430,-232,-626,-432,-2092,-3040,-2526,-1663,-1343,-1792
-543,108,429,-224,-631,-442,-2091,-3037,-2526,-1668,-1339,-1796
-547,111,427,-218,-633,-447,-2084,-3034,-2526,-1674,-1335,-1800
-552,111,428,-215,-638,-450,-2078,-3038,-2527,-1684,-1335,-1805
-543,108,417,-206,-626,-442,-2068,-3034,-2528,-1687,-1327,-1805
-534,100,413,-205,-619,-432,-2062,-3035,-2532,-1696,-1324,-1808
-525,92,408,-204,-610,-420,-2058,-3043,-2537,-1705,-1325,-1812
-512,86,398,-198,-597,-408,-2055,-3050,-2539,-1711,-1324,-1813
-506,83,394,-194,-593,-402,-2057,-3058,-2542,-1721,-1323,-1816
-504,79,394,-195,-593,-398,-2063,-3067,-2545,-1734,-1323,-1820
-501,76,393,-194,-592,-394,-2067,-3074,-2548,-1744,-1319,-1824
-493,71,390,-194,-588,-386,-2067,-3077,-2549,-1751,-1311,-1825
-490,66,393,-199,-591,-381,-2066,-3078,-2549,-1760,-1304,-1827
-495,60,406,-212,-605,-380,-2065,-3082,-2555,-1775,-1304,-1832
-500,58,415,-220,-616,-382,-2063,-3090,-2561,-1789,-1305,-1839
-501,56,421,-227,-623,-381,-2066,-3100,-2566,-1802,-1306,-1844
-496,56,419,-227,-621,-378,-2070,-3111,-2569,-1811,-1307,-1850
-493,58,417,-227,-619,-377,-2076,-3121,-2571,-1821,-1310,-1860
-494,64,416,-225,-621,-382,-2086,-3136,-2573,-1830,-1317,-1875
-497,73,414,-220,-623,-389,-2095,-3149,-2575,-1833,-1322,-1890
-498,85,407,-211,-620,-397,-2104,-3164,-2575,-1829,-1322,-1904
-499,95,401,-204,-617,-403,-2113,-3181,-2574,-1825,-1320,-1917
-501,102,399,-201,-618,-409,-2120,-3195,-2570,-1822,-1316,-1928
-505,109,398,-199,-620,-416,-2130,-3205,-2565,-1819,-1311,-1939
-525,119,411,-204,-640,-435,-2145,-3225,-2565,-1827,-1317,-1954
-544,132,419,-203,-658,-456,-2158,-3243,-2564,-1828,-1326,-1967
-561,140,429,-208,-675,-471,-2172,-3259,-2563,-1827,-1335,-1979
-578,141,447,-221,-697,-483,-2189,-3275,-2564,-1828,-1347,-1991
-593,141,462,-233,-715,-492,-2199,-3287,-2561,-1826,-1355,-1997
-607,139,478,-247,-733,-499,-2203,-3298,-2559,-1821,-1358,-2000
-623,134,499,-265,-755,-505,-2205,-3312,-2559,-1820,-1365,-2005
-644,129,524,-286,-784,-514,-2207,-3331,-2560,-1824,-1377,-2010
-661,126,543,-302,-806,-523,-2205,-3351,-2561,-1826,-1387,-2013
-670,128,550,-305,-815,-529,-2196,-3362,-2559,-1822,-1388,-2007
-675,128,554,-308,-819,-531,-2183,-3364,-2555,-1820,-1384,-2000
-676,123,559,-314,-822,-527,-2168,-3361,-2547,-1816,-1378,-1990
-677,117,566,-321,-826,-523,-2152,-3355,-2536,-1813,-1372,-1981
-679,117,567,-321,-827,-523,-2136,-3348,-2523,-1806,-1366,-1974
-678,119,565,-316,-824,-524,-2124,-3339,-2511,-1801,-1358,-1967
-680,121,565,-313,-825,-526,-2115,-3335,-2504,-1800,-1355,-1962
-688,123,569,-312,-832,-532,-2108,-3335,-2500,-1802,-1354,-1961
-698,125,578,-314,-845,-541,-2101,-3335,-2495,-1804,-1351,-1962
-708,127,585,-314,-857,-549,-2095,-3335,-2488,-1805,-1347,-1960
-716,127,592,-315,-867,-554,-2092,-3340,-2483,-1808,-1346,-1959
-708,127,583,-307,-858,-550,-2082,-3336,-2474,-1801,-1333,-1953
-700,121,580,-305,-851,-541,-2076,-3335,-2468,-1798,-1322,-1951
-689,110,578,-308,-843,-527,-2071,-3338,-2465,-1795,-1313,-1952
-674,103,569,-304,-828,-513,-2065,-3340,-2462,-1793,-1303,-1953
-666,97,566,-302,-822,-506,-2061,-3350,-2461,-1795,-1295,-1956
-664,96,563,-299,-820,-504,-2062,-3367,-2461,-1798,-1291,-1961
-657,95,556,-293,-812,-501,-2064,-3381,-2462,-1799,-1284,-1965
-646,92,547,-286,-799,-493,-2063,-3387,-2463,-1799,-1272,-1969
-640,89,543,-284,-794,-488,-2062,-3395,-2468,-1809,-1264,-1979
-643,82,553,-295,-804,-487,-2067,-3410,-2480,-1825,-1267,-1994
-649,76,564,-306,-817,-488,-2075,-3425,-2490,-1838,-1273,-2010
-655,72,574,-316,-828,-490,-2084,-3439,-2494,-1842,-1278,-2023
-656,70,578,-320,-832,-490,-2090,-3448,-2488,-1834,-1278,-2031
-657,69,581,-324,-834,-489,-2097,-3462,-2479,-1829,-1274,-2038
-661,72,583,-326,-840,-494,-2108,-3484,-2472,-1828,-1273,-2046
-663,79,580,-322,-839,-500,-2121,-3506,-2467,-1826,-1271,-2055
-658,85,571,-315,-829,-499,-2130,-3524,-2462,-1823,-1268,-2062
-651,89,563,-309,-817,-496,-2137,-3538,-2457,-1821,-1263,-2067
-649,93,558,-305,-812,-497,-2146,-3547,-2455,-1818,-1258,-2071
-647,99,553,-301,-806,-498,-2157,-3550,-2453,-1817,-1252,-2074
-660,104,563,-306,-819,-509,-2171,-3565,-2460,-1825,-1256,-2080
-674,115,568,-304,-830,-525,-2181,-3580,-2466,-1828,-1260,-2084
-687,128,570,-299,-839,-541,-2190,-3597,-2474,-1827,-1260,-2090
-702,137,577,-299,-852,-556,-2196,-3616,-2483,-1827,-1260,-2098
-714,143,585,-301,-863,-568,-2194,-3628,-2489,-1825,-1257,-2104
-724,145,594,-306,-874,-575,-2187,-3631,-2489,-1816,-1249,-2104
-737,146,607,-314,-889,-584,-2183,-3634,-2486,-1802,-1240,-2103
-752,148,621,-323,-908,-595,-2182,-3643,-2483,-1786,-1235,-2103
-764,152,629,-326,-921,-606,-2183,-3650,-2475,-1765,-1228,-2100
-771,162,626,-316,-923,-617,-2182,-3652,-2462,-1736,-1213,-2092
-777,171,623,-307,-925,-627,-2183,-3652,-2447,-1711,-1195,-2083
-782,177,623,-302,-928,-634,-2184,-3650,-2433,-1689,-1179,-2072
-787,179,626,-302,-936,-640,-2186,-3648,-2418,-1667,-1161,-2060
-793,183,627,-299,-941,-646,-2187,-3646,-2402,-1642,-1140,-2050
-795,188,622,-291,-941,-651,-2185,-3638,-2384,-1611,-1112,-2039
-796,191,619,-284,-941,-654,-2183,-3626,-2366,-1581,-1083,-2030
-800,194,618,-280,-946,-660,-2182,-3616,-2346,-1552,-1056,-2021
-806,197,618,-277,-952,-666,-2181,-3603,-2322,-1521,-1029,-2009
-811,200,618,-273,-957,-671,-2178,-3589,-2298,-1489,-1003,-1997
-816,203,617,-269,-962,-677,-2175,-3578,-2275,-1461,-983,-1990
-804,205,599,-253,-943,-671,-2171,-3559,-2249,-1428,-957,-1980
-791,202,585,-245,-928,-661,-2173,-3544,-2226,-1402,-933,-1971
-779,196,575,-241,-914,-650,-2173,-3532,-2204,-1378,-913,-1966
-764,190,562,-236,-897,-637,-2168,-3519,-2183,-1358,-896,-1959
-753,182,554,-235,-886,-625,-2162,-3510,-2164,-1343,-884,-1955
-747,176,551,-237,-881,-618,-2153,-3502,-2146,-1331,-874,-1952
-743,173,546,-235,-875,-615,-2143,-3493,-2130,-1317,-861,-1951
-736,171,539,-232,-866,-611,-2134,-3484,-2116,-1305,-845,-1951
-731,166,536,-235,-860,-605,-2126,-3478,-2107,-1302,-830,-1957
-732,154,547,-250,-867,-599,-2121,-3482,-2105,-1309,-821,-1967
-734,144,558,-265,-875,-595,-2119,-3493,-2107,-1323,-818,-1979
-740,139,568,-277,-884,-596,-2122,-3515,-2117,-1346,-823,-1993
-744,136,575,-284,-889,-599,-2126,-3539,-2127,-1373,-831,-2009
-750,135,584,-293,-897,-603,-2135,-3558,-2137,-1394,-844,-2024
-763,136,597,-303,-913,-612,-2143,-3573,-2146,-1414,-861,-2040
-771,138,605,-309,-922,-619,-2146,-3583,-2152,-1430,-874,-2054
-774,139,610,-314,-925,-621,-2144,-3592,-2154,-1443,-883,-2066
-773,139,613,-318,-924,-621,-2138,-3601,-2151,-1452,-889,-2079
-774,138,617,-323,-925,-620,-2132,-3610,-2145,-1459,-896,-2093
-774,139,620,-327,-926,-620,-2129,-3617,-2136,-1464,-899,-2107
-785,136,638,-342,-943,-625,-2133,-3635,-2131,-1476,-909,-2124
-794,134,653,-355,-958,-629,-2136,-3652,-2125,-1487,-917,-2140
-803,133,667,-368,-973,-633,-2138,-3667,-2118,-1498,-924,-2159
-814,130,685,-382,-992,-638,-2139,-3681,-2113,-1508,-933,-2181
-820,131,694,-389,-1001,-641,-2134,-3694,-2104,-1512,-938,-2198
-825,134,700,-391,-1007,-645,-2129,-3701,-2092,-1514,-939,-2214
-835,139,708,-394,-1019,-654,-2126,-3707,-2078,-1514,-940,-2229
-845,143,718,-398,-1033,-662,-2124,-3714,-2064,-1514,-941,-2244
-845,146,718,-396,-1034,-663,-2119,-3717,-2045,-1507,-936,-2255
-834,155,701,-378,-1015,-661,-2110,-3713,-2019,-1491,-923,-2257
-825,167,681,-356,-997,-662,-2102,-3708,-1993,-1474,-906,-2257
-817,179,662,-335,-980,-664,-2095,-3706,-1967,-1457,-888,-2258
-809,188,648,-319,-966,-663,-2088,-3706,-1942,-1443,-872,-2260
-802,192,636,-307,-955,-661,-2084,-3708,-1921,-1431,-859,-2264
-789,193,622,-296,-938,-652,-2078,-3705,-1900,-1417,-841,-2268
-775,185,614,-295,-925,-638,-2071,-3702,-1878,-1401,-823,-2273
-764,173,613,-301,-919,-623,-2064,-3700,-1856,-1384,-805,-2277
-755,160,614,-308,-915,-609,-2058,-3696,-1834,-1367,-788,-2282
-743,148,611,-313,-907,-594,-2052,-3691,-1812,-1355,-775,-2286
-733,137,608,-317,-899,-579,-2048,-3690,-1792,-1352,-768,-2292
-710,129,588,-307,-872,-560,-2039,-3683,-1769,-1349,-754,-2294
-689,120,571,-300,-847,-541,-2035,-3676,-1745,-1347,-737,-2294
-672,112,558,-295,-828,-525,-2030,-3666,-1717,-1344,-722,-2290
-654,104,543,-288,-807,-510,-2023,-3652,-1688,-1333,-703,-2280
-642,96,534,-287,-793,-498,-2017,-3639,-1661,-1324,-686,-2272
-634,87,530,-289,-786,-488,-2011,-3628,-1636,-1316,-669,-2267
-626,80,525,-289,-776,-478,-2004,-3614,-1613,-1307,-651,-2262
-616,74,517,-286,-764,-469,-1995,-3596,-1592,-1299,-628,-2255
-613,71,513,-286,-758,-465,-1990,-3586,-1578,-1298,-610,-2247
-621,67,523,-295,-770,-469,-1992,-3586,-1573,-1305,-598,-2243
-632,66,533,-303,-782,-476,-1993,-3589,-1569,-1309,-590,-2238
-643,67,541,-308,-794,-485,-1994,-3594,-1563,-1309,-580,-2233
-656,73,547,-309,-805,-497,-1993,-3596,-1553,-1305,-567,-2227
-672,81,556,-312,-821,-513,-1990,-3597,-1542,-1299,-554,-2219
-696,91,572,-318,-846,-536,-1988,-3603,-1532,-1295,-546,-2211
-721,103,587,-322,-872,-560,-1982,-3608,-1520,-1288,-538,-2200
-742,115,599,-325,-892,-582,-1973,-3611,-1507,-1280,-530,-2188
-758,123,610,-329,-909,-598,-1962,-3621,-1492,-1272,-522,-2175
-772,128,623,-337,-926,-609,-1953,-3635,-1479,-1263,-514,-2163
-783,132,634,-344,-940,-620,-1943,-3647,-1464,-1248,-501,-2150
-809,136,660,-361,-974,-639,-1936,-3666,-1453,-1243,-497,-2138
-834,142,684,-374,-1006,-660,-1928,-3683,-1442,-1238,-493,-2121
-857,148,705,-386,-1035,-678,-1919,-3694,-1430,-1229,-490,-2104
-883,152,731,-402,-1069,-698,-1910,-3705,-1417,-1222,-492,-2090
-902,156,751,-414,-1096,-713,-1901,-3713,-1402,-1211,-491,-2076
-918,157,770,-427,-1120,-723,-1896,-3719,-1390,-1204,-488,-2066
-937,156,793,-443,-1148,-734,-1894,-3729,-1379,-1201,-486,-2058
-957,153,819,-463,-1180,-745,-1893,-3744,-1367,-1197,-487,-2052
-972,153,836,-475,-1203,-754,-1889,-3755,-1353,-1189,-484,-2045
-976,160,835,-470,-1206,-761,-1880,-3761,-1336,-1174,-473,-2031
-972,166,827,-460,-1200,-762,-1868,-3766,-1316,-1157,-457,-2016
-966,170,818,-451,-1192,-760,-1858,-3769,-1295,-1137,-438,-2004
-963,171,815,-447,-1190,-757,-1855,-3773,-1278,-1121,-421,-1999
-963,170,816,-446,-1192,-757,-1855,-3776,-1266,-1110,-409,-2002
-961,169,815,-445,-1192,-754,-1853,-3775,-1255,-1097,-397,-2007
-960,165,817,-447,-1195,-751,-1852,-3777,-1248,-1088,-389,-2016
-963,163,822,-450,-1202,-751,-1854,-3786,-1249,-1078,-385,-2028
-966,164,823,-447,-1205,-754,-1860,-3799,-1251,-1067,-382,-2043
-963,167,815,-437,-1199,-755,-1865,-3812,-1248,-1053,-379,-2057
-959,171,806,-426,-1191,-755,-1865,-3823,-1239,-1040,-375,-2070
-942,175,781,-404,-1163,-747,-1858,-3821,-1221,-1016,-361,-2072
-921,172,762,-391,-1137,-733,-1848,-3824,-1204,-996,-344,-2074
-905,164,751,-387,-1118,-717,-1836,-3830,-1187,-976,-330,-2078
-884,153,738,-383,-1095,-698,-1823,-3834,-1168,-955,-313,-2084
-867,143,728,-381,-1076,-681,-1815,-3841,-1152,-937,-298,-2093
-854,137,718,-377,-1060,-670,-1810,-3846,-1137,-922,-284,-2102
-841,135,705,-369,-1041,-662,-1807,-3849,-1121,-903,-267,-2107
-827,135,689,-357,-1019,-654,-1806,-3849,-1100,-879,-244,-2109
-814,134,675,-348,-1000,-646,-1807,-3851,-1084,-862,-222,-2116
-809,128,674,-352,-994,-640,-1811,-3859,-1074,-856,-208,-2129
-807,123,677,-358,-992,-636,-1814,-3867,-1066,-847,-195,-2142
-810,122,681,-362,-994,-638,-1818,-3879,-1055,-832,-180,-2152
-814,124,683,-364,-996,-641,-1822,-3895,-1039,-813,-162,-2158
-818,126,684,-365,-998,-646,-1826,-3910,-1022,-794,-141,-2164
-829,130,691,-370,-1008,-655,-1832,-3932,-1004,-777,-125,-2171
-837,135,696,-374,-1015,-662,-1836,-3954,-984,-760,-108,-2175
-844,139,701,-378,-1022,-668,-1837,-3970,-963,-742,-89,-2175
-849,141,704,-382,-1026,-671,-1835,-3984,-942,-728,-70,-2172
-857,146,710,-386,-1035,-678,-1833,-3997,-924,-717,-56,-2170
-866,151,717,-392,-1045,-684,-1831,-4006,-909,-708,-43,-2170
-886,151,738,-409,-1073,-696,-1831,-4018,-897,-706,-37,-2174
-908,154,760,-425,-1103,-709,-1826,-4026,-882,-702,-33,-2176
-925,156,778,-438,-1127,-720,-1820,-4032,-867,-699,-28,-2176
-944,158,797,-451,-1153,-731,-1818,-4041,-853,-697,-24,-2176
-957,159,811,-462,-1172,-738,-1813,-4052,-835,-689,-14,-2172
-967,159,824,-472,-1189,-742,-1805,-4065,-818,-684,-3,-2165
-979,157,841,-486,-1210,-746,-1799,-4079,-801,-683,9,-2160
-996,155,862,-502,-1237,-755,-1792,-4094,-784,-683,19,-2155
-1009,156,876,-510,-1256,-763,-1782,-4102,-763,-680,30,-2148
-1009,162,872,-503,-1256,-765,-1760,-4099,-735,-674,47,-2137
-1006,171,863,-490,-1250,-768,-1733,-4093,-704,-674,66,-2127
-1004,180,853,-476,-1244,-773,-1706,-4087,-677,-672,87,-2116
-1006,191,845,-461,-1241,-782,-1685,-4085,-654,-671,104,-2110
-1010,204,837,-445,-1240,-794,-1668,-4084,-636,-671,118,-2108
-1009,213,827,-429,-1233,-800,-1651,-4081,-621,-669,137,-2107
-1008,215,824,-423,-1232,-803,-1638,-4084,-611,-671,155,-2108
-1012,215,826,-420,-1237,-808,-1634,-4093,-607,-678,169,-2111
-1017,214,830,-420,-1243,-812,-1632,-4107,-605,-683,180,-2117
-1017,210,830,-419,-1243,-812,-1626,-4120,-600,-682,192,-2120
-1015,202,833,-422,-1244,-809,-1617,-4132,-590,-681,201,-2121
-1003,197,821,-413,-1228,-801,-1604,-4132,-579,-670,217,-2117
-990,190,810,-406,-1211,-790,-1593,-4131,-572,-661,232,-2113
-980,184,800,-400,-1197,-782,-1583,-4133,-569,-658,242,-2112
-966,181,785,-388,-1176,-773,-1575,-4133,-564,-652,251,-2112
-953,175,772,-381,-1158,-763,-1569,-4132,-554,-645,261,-2115
-943,171,762,-374,-1143,-756,-1564,-4132,-538,-644,271,-2118
-937,172,749,-362,-1128,-754,-1559,-4127,-519,-645,282,-2122
-930,175,734,-348,-1112,-754,-1554,-4120,-498,-641,297,-2124
-925,177,725,-339,-1100,-753,-1553,-4120,-478,-637,311,-2130
-927,174,726,-341,-1100,-753,-1558,-4129,-465,-646,316,-2142
-926,169,727,-345,-1098,-750,-1565,-4137,-453,-659,315,-2155
-921,162,727,-349,-1092,-742,-1570,-4142,-440,-673,312,-2168
-914,156,725,-353,-1084,-733,-1571,-4140,-426,-686,310,-2180
-908,149,724,-358,-1078,-723,-1568,-4136,-412,-698,309,-2192
-907,141,731,-370,-1080,-716,-1564,-4136,-402,-713,299,-2209
-904,135,734,-379,-1079,-709,-1558,-4135,-394,-723,285,-2228
-899,133,733,-384,-1074,-701,-1554,-4137,-388,-732,269,-2249
-892,132,729,-386,-1066,-694,-1550,-4143,-381,-742,254,-2269
-886,131,726,-388,-1061,-687,-1551,-4154,-377,-753,240,-2287
-881,134,721,-387,-1054,-683,-1555,-4163,-373,-763,231,-2302
-887,139,728,-393,-1064,-688,-1563,-4180,-372,-780,218,-2319
-895,144,734,-398,-1074,-694,-1566,-4196,-369,-789,208,-2329
-898,148,740,-404,-1082,-697,-1563,-4212,-366,-795,204,-2337
-907,147,755,-419,-1100,-700,-1559,-4231,-364,-803,197,-2345
-912,146,767,-432,-1113,-701,-1550,-4238,-356,-800,196,-2348
-915,148,774,-438,-1122,-704,-1540,-4236,-345,-787,201,-2345
-917,149,780,-446,-1130,-704,-1529,-4232,-334,-773,207,-2340
-917,147,788,-455,-1138,-702,-1518,-4232,-321,-762,212,-2334
-915,148,789,-458,-1141,-701,-1506,-4230,-305,-746,221,-2324
-903,152,777,-449,-1128,-697,-1491,-4221,-285,-720,237,-2308
-889,158,760,-433,-1109,-692,-1481,-4213,-264,-697,257,-2291
-874,167,737,-413,-1086,-689,-1475,-4204,-243,-678,278,-2276
-862,176,718,-394,-1068,-689,-1469,-4193,-221,-656,300,-2262
-854,183,703,-377,-1054,-691,-1459,-4183,-201,-638,319,-2248
-842,188,685,-360,-1035,-688,-1444,-4170,-182,-620,340,-2234
-834,188,675,-352,-1024,-684,-1428,-4161,-166,-605,360,-2224
-831,181,676,-353,-1023,-680,-1412,-4157,-155,-593,378,-2215
-831,174,680,-357,-1025,-677,-1397,-4150,-143,-582,396,-2203
-826,166,678,-357,-1019,-670,-1376,-4135,-126,-563,414,-2185
-818,158,673,-354,-1008,-661,-1352,-4121,-107,-545,430,-2166
-795,151,651,-340,-977,-642,-1321,-4097,-84,-518,455,-2142
-767,139,629,-329,-941,-617,-1289,-4069,-57,-489,485,-2121
-738,120,612,-325,-908,-586,-1261,-4040,-27,-466,513,-2103
-703,101,590,-319,-867,-551,-1237,-4007,3,-441,545,-2087
-674,82,574,-318,-835,-519,-1219,-3981,28,-419,575,-2078
-649,63,562,-319,-807,-490,-1204,-3964,52,-400,603,-2074
-625,47,547,-317,-779,-463,-1187,-3947,78,-378,635,-2067
-600,36,528,-309,-747,-439,-1171,-3930,106,-354,670,-2055
-580,27,512,-303,-720,-419,-1161,-3921,132,-335,701,-2041
-572,16,511,-308,-712,-406,-1155,-3919,148,-328,723,-2033
-571,9,515,-315,-712,-400,-1151,-3923,156,-322,736,-2029
-571,6,516,-318,-712,-397,-1150,-3930,161,-319,742,-2026
-569,6,513,-317,-708,-395,-1147,-3936,165,-316,750,-2019
-565,7,508,-314,-701,-393,-1142,-3936,174,-309,760,-2010
-561,7,505,-315,-697,-389,-1139,-3936,183,-302,767,-2002
-547,4,496,-314,-682,-378,-1134,-3934,191,-297,775,-1993
-527,-2,485,-314,-661,-360,-1124,-3933,199,-291,783,-1982
-505,-8,473,-314,-641,-342,-1110,-3939,210,-281,791,-1974
-488,-13,467,-317,-626,-326,-1094,-3951,218,-271,795,-1973
-471,-18,460,-320,-612,-312,-1074,-3960,226,-256,799,-1974
-463,-26,468,-335,-613,-301,-1055,-3969,232,-249,796,-1980
-455,-35,477,-350,-615,-289,-1031,-3965,243,-239,792,-1985
-441,-46,482,-365,-611,-272,-1005,-3951,256,-224,791,-1988
-430,-59,492,-384,-612,-256,-982,-3943,268,-215,787,-1995
-417,-71,500,-401,-610,-238,-963,-3938,280,-206,785,-2003
-400,-84,505,-416,-604,-217,-947,-3932,294,-190,786,-2008
-384,-99,512,-433,-600,-195,-936,-3930,307,-176,785,-2012
-374,-114,524,-453,-603,-177,-926,-3932,323,-168,780,-2017
-363,-126,533,-468,-604,-161,-910,-3931,344,-160,777,-2018
-347,-131,528,-469,-592,-145,-885,-3922,370,-151,778,-2015
-329,-135,519,-466,-575,-129,-858,-3911,393,-147,782,-2013
-314,-136,508,-459,-560,-115,-836,-3904,411,-147,787,-2012
-302,-132,496,-448,-546,-108,-819,-3897,429,-143,794,-2008
-298,-118,480,-426,-534,-112,-805,-3895,443,-139,803,-2002
-290,-96,450,-389,-510,-119,-791,-3891,459,-130,820,-1991
-283,-76,422,-353,-487,-125,-784,-3892,474,-125,833,-1978
-281,-58,400,-322,-472,-134,-779,-3895,488,-118,842,-1962
-282,-42,383,-296,-462,-144,-774,-3892,505,-105,854,-1945
-281,-29,365,-271,-449,-150,-765,-3884,528,-85,869,-1927
-277,-20,347,-247,-435,-154,-753,-3878,554,-64,883,-1907
-261,-12,316,-216,-404,-148,-738,-3866,584,-38,904,-1881
-239,-12,287,-190,-369,-133,-717,-3849,614,-18,928,-1853
-221,-20,269,-177,-345,-117,-696,-3836,639,-7,948,-1827
-200,-32,253,-170,-322,-96,-680,-3824,662,2,966,-1806
-184,-48,243,-168,-304,-77,-672,-3818,677,4,976,-1794
-171,-64,238,-170,-292,-59,-668,-3816,689,0,981,-1786
-159,-81,233,-174,-281,-43,-665,-3812,698,-8,982,-1779
-145,-100,229,-181,-269,-24,-663,-3807,706,-20,982,-1774
-135,-118,230,-190,-263,-8,-659,-3805,710,-35,983,-1772
-136,-134,238,-205,-268,-1,-659,-3808,710,-52,981,-1776
-139,-147,247,-219,-277,2,-661,-3810,709,-65,980,-1781
-143,-159,256,-234,-284,5,-664,-3812,709,-79,975,-1787
-145,-171,266,-250,-292,8,-666,-3816,707,-93,967,-1797
-144,-188,278,-272,-298,17,-670,-3817,704,-103,957,-1808
-150,-206,298,-302,-315,23,-679,-3829,700,-114,942,-1821
-153,-221,314,-328,-327,29,-692,-3843,694,-124,928,-1832
-149,-236,325,-351,-330,40,-709,-3853,692,-132,917,-1840
-139,-254,333,-376,-328,56,-725,-3857,694,-134,912,-1846
-130,-272,345,-403,-328,74,-746,-3858,700,-130,911,-1848
-116,-290,352,-427,-322,94,-766,-3860,714,-119,918,-1845
-109,-308,367,-457,-325,111,-791,-3877,728,-109,919,-1844
-103,-318,377,-476,-325,122,-817,-3900,744,-96,920,-1839
-95,-320,378,-486,-319,130,-841,-3920,762,-76,925,-1827
-93,-321,385,-497,-320,132,-863,-3936,784,-52,932,-1811
-91,-320,389,-505,-319,134,-875,-3946,813,-18,942,-1790
-86,-320,393,-513,-317,139,-883,-3950,849,24,956,-1764
-86,-321,403,-525,-322,143,-890,-3951,883,63,971,-1740
-91,-324,420,-541,-335,143,-899,-3961,910,89,977,-1723
-94,-325,432,-551,-343,145,-908,-3971,932,109,980,-1710
-86,-322,429,-548,-335,150,-915,-3977,955,128,985,-1694
-76,-317,421,-538,-321,156,-920,-3985,973,142,991,-1679
-66,-309,410,-523,-307,158,-925,-3993,988,153,998,-1666
-57,-299,396,-505,-292,160,-933,-3997,1001,162,1003,-1655
-51,-287,381,-481,-277,157,-945,-4005,1012,177,1007,-1648
-38,-273,358,-452,-253,158,-963,-4016,1025,196,1012,-1641
-27,-262,338,-424,-232,159,-991,-4031,1035,215,1014,-1637
-15,-259,323,-405,-215,166,-1022,-4047,1044,228,1014,-1637
-2,-262,312,-391,-200,177,-1055,-4058,1056,240,1013,-1637
16,-271,300,-381,-181,195,-1085,-4064,1071,249,1013,-1638
36,-282,286,-370,-160,215,-1117,-4077,1084,250,1010,-1640
65,-288,259,-347,-124,238,-1155,-4091,1097,253,1011,-1642
93,-294,230,-324,-88,259,-1205,-4105,1105,249,1012,-1647
117,-303,209,-308,-59,280,-1267,-4121,1108,238,1009,-1655
149,-316,182,-291,-21,309,-1329,-4128,1116,232,1010,-1661
184,-334,158,-280,16,342,-1392,-4135,1126,228,1015,-1665
214,-350,136,-270,49,371,-1458,-4146,1133,219,1016,-1667
242,-360,111,-255,83,394,-1530,-4158,1139,209,1019,-1667
272,-368,81,-237,121,418,-1604,-4170,1142,201,1027,-1668
298,-374,54,-221,155,437,-1677,-4187,1140,198,1036,-1668
311,-378,38,-212,174,448,-1753,-4204,1138,190,1042,-1670
320,-377,23,-201,189,452,-1828,-4218,1138,186,1048,-1669
329,-374,6,-190,206,456,-1900,-4229,1144,189,1057,-1666
335,-367,-11,-177,222,456,-1967,-4245,1149,197,1070,-1658
344,-363,-27,-168,238,458,-2029,-4266,1152,205,1085,-1649
345,-359,-34,-167,243,457,-2091,-4299,1151,208,1093,-1640
348,-353,-43,-164,252,456,-2150,-4333,1150,208,1099,-1632
352,-345,-55,-159,262,455,-2207,-4368,1150,204,1101,-1625
358,-336,-69,-153,277,455,-2256,-4402,1152,198,1104,-1620
361,-327,-79,-150,286,452,-2299,-4435,1149,185,1108,-1615
365,-319,-87,-149,294,451,-2339,-4458,1148,174,1116,-1609
362,-318,-80,-164,288,451,-2378,-4482,1150,160,1120,-1602
355,-319,-68,-182,276,449,-2410,-4502,1152,144,1118,-1595
352,-321,-57,-200,267,449,-2436,-4517,1152,126,1117,-1591
342,-327,-35,-228,247,449,-2462,-4535,1149,105,1108,-1590
334,-333,-14,-254,229,449,-2481,-4550,1151,89,1100,-1587
331,-341,4,-279,216,455,-2494,-4561,1160,78,1095,-1581
328,-350,22,-302,202,460,-2506,-4572,1166,67,1090,-1576
319,-355,43,-324,183,458,-2521,-4586,1167,50,1079,-1571
313,-357,58,-339,170,456,-2536,-4598,1167,36,1067,-1564
317,-355,58,-340,173,459,-2546,-4604,1168,27,1064,-1554
326,-354,54,-337,182,464,-2552,-4608,1172,21,1065,-1541
334,-354,52,-335,189,470,-2556,-4612,1175,18,1068,-1527
339,-359,56,-337,191,476,-2562,-4618,1176,15,1070,-1513
337,-364,67,-344,182,477,-2573,-4632,1169,8,1068,-1502
334,-364,73,-342,176,474,-2587,-4644,1160,1,1070,-1490
326,-363,83,-341,165,467,-2600,-4659,1150,-10,1072,-1479
313,-363,96,-342,148,457,-2611,-4674,1139,-23,1071,-1466
295,-365,115,-347,122,444,-2621,-4689,1126,-38,1066,-1454
274,-365,135,-351,95,428,-2632,-4701,1113,-54,1062,-1444
247,-363,156,-354,62,406,-2647,-4712,1098,-71,1056,-1437
223,-356,168,-347,38,383,-2659,-4715,1088,-75,1056,-1426
203,-351,177,-339,18,362,-2671,-4715,1079,-81,1054,-1418
176,-344,191,-333,-10,337,-2683,-4713,1068,-91,1047,-1416
150,-335,199,-323,-33,311,-2690,-4704,1060,-94,1041,-1415
120,-327,213,-317,-63,282,-2701,-4693,1052,-102,1032,-1417
83,-317,232,-315,-101,248,-2717,-4685,1045,-115,1019,-1421
47,-306,250,-313,-138,214,-2733,-4678,1035,-124,1008,-1424
11,-293,263,-307,-171,179,-2748,-4667,1026,-134,998,-1426
-28,-277,279,-302,-208,141,-2769,-4663,1013,-152,985,-1433
-78,-263,308,-309,-262,96,-2794,-4673,993,-177,963,-1446
-134,-246,341,-319,-321,47,-2818,-4689,969,-203,936,-1461
-190,-227,374,-328,-381,-3,-2840,-4700,948,-221,915,-1474
-244,-205,402,-334,-435,-53,-2867,-4709,930,-236,896,-1486
-293,-181,425,-337,-483,-100,-2895,-4714,914,-249,879,-1498
-348,-156,454,-345,-539,-151,-2923,-4720,897,-267,856,-1514
-398,-132,481,-353,-590,-198,-2948,-4726,881,-286,835,-1526
-441,-112,504,-364,-634,-238,-2973,-4735,864,-307,816,-1540
-476,-95,525,-375,-671,-269,-2993,-4745,850,-327,799,-1555
-509,-81,548,-391,-707,-297,-3009,-4749,837,-345,785,-1572
-541,-65,570,-405,-743,-325,-3021,-4742,830,-352,776,-1587
-585,-47,601,-424,-792,-363,-3030,-4734,823,-358,766,-1604
-632,-23,631,-439,-842,-406,-3037,-4730,818,-359,753,-1622
-668,-1,653,-449,-880,-442,-3043,-4722,817,-353,747,-1634
-706,16,681,-468,-924,-475,-3052,-4718,815,-352,739,-1647
-741,30,710,-486,-965,-505,-3058,-4712,822,-346,735,-1654
-771,43,735,-503,-1001,-532,-3059,-4702,838,-337,735,-1657
-798,52,762,-523,-1036,-554,-3057,-4689,862,-323,738,-1658
-830,62,792,-542,-1076,-580,-3057,-4676,887,-306,737,-1660
-858,74,815,-555,-1110,-606,-3054,-4658,914,-286,740,-1664
-873,88,822,-554,-1124,-625,-3043,-4636,943,-258,751,-1664
-881,102,823,-547,-1129,-639,-3031,-4617,970,-233,766,-1666
-886,112,821,-540,-1131,-649,-3021,-4601,995,-207,784,-1669
-886,117,820,-535,-1130,-653,-3015,-4586,1020,-182,801,-1670
-888,120,822,-532,-1133,-657,-3014,-4573,1041,-163,813,-1671
-886,120,821,-528,-1132,-657,-3014,-4557,1060,-147,824,-1673
-886,112,828,-532,-1137,-654,-3017,-4541,1077,-134,832,-1678
-890,101,842,-542,-1150,-651,-3024,-4523,1096,-119,838,-1683
-900,92,857,-551,-1167,-653,-3033,-4501,1113,-106,842,-1688
-910,89,866,-551,-1181,-660,-3041,-4475,1127,-96,846,-1693
-923,91,872,-544,-1194,-673,-3054,-4454,1137,-96,846,-1700
-932,103,863,-521,-1196,-689,-3064,-4429,1144,-94,850,-1706
-940,114,853,-498,-1196,-704,-3075,-4399,1146,-101,853,-1713
-954,122,852,-483,-1206,-721,-3090,-4379,1142,-118,849,-1726
-966,130,848,-467,-1213,-737,-3105,-4364,1135,-138,844,-1740
-980,138,846,-452,-1222,-753,-3127,-4353,1124,-162,838,-1755
-997,147,846,-439,-1235,-773,-3151,-4348,1112,-189,831,-1769
-1014,158,843,-424,-1246,-794,-3177,-4347,1099,-215,823,-1780
-1029,170,838,-407,-1254,-813,-3198,-4341,1087,-239,819,-1787
-1047,182,837,-395,-1266,-834,-3218,-4335,1069,-266,813,-1795
-1075,189,850,-398,-1295,-858,-3239,-4340,1038,-310,796,-1811
-1107,195,870,-406,-1330,-884,-3262,-4355,998,-361,772,-1829
-1138,202,889,-414,-1364,-909,-3285,-4371,958,-409,747,-1844
-1165,210,903,-420,-1393,-933,-3309,-4386,922,-451,725,-1854
-1186,219,914,-424,-1414,-953,-3332,-4398,889,-490,706,-1857
-1214,228,932,-434,-1446,-977,-3354,-4416,853,-532,682,-1862
-1243,240,947,-442,-1476,-1004,-3375,-4433,815,-571,658,-1870
-1269,254,961,-448,-1502,-1030,-3394,-4443,778,-607,634,-1878
-1291,269,971,-452,-1523,-1054,-3410,-4450,742,-643,608,-1885
-1318,286,986,-457,-1551,-1082,-3430,-4461,703,-681,579,-1895
-1348,305,1003,-465,-1581,-1113,-3452,-4475,665,-717,550,-1904
-1388,322,1034,-482,-1628,-1150,-3472,-4498,629,-752,517,-1915
-1433,340,1068,-501,-1680,-1191,-3487,-4524,598,-781,484,-1927
-1471,358,1098,-517,-1723,-1225,-3498,-4543,571,-803,455,-1936
-1510,372,1133,-539,-1771,-1259,-3512,-4563,544,-828,420,-1949
-1551,388,1167,-557,-1819,-1295,-3525,-4584,515,-853,384,-1963
-1592,410,1197,-569,-1865,-1334,-3535,-4604,485,-877,350,-1977
-1637,433,1228,-579,-1913,-1378,-3544,-4627,455,-899,318,-1994
-1689,458,1264,-590,-1970,-1426,-3553,-4650,425,-923,283,-2014
-1743,487,1297,-594,-2025,-1479,-3564,-4670,394,-944,244,-2039
-1788,520,1315,-586,-2066,-1529,-3571,-4683,364,-960,210,-2062
-1831,554,1329,-572,-2102,-1578,-3578,-4694,334,-979,175,-2085
-1875,585,1346,-561,-2141,-1626,-3588,-4702,301,-998,139,-2114
-1922,612,1368,-555,-2186,-1674,-3599,-4709,267,-1021,103,-2145
-1974,633,1398,-557,-2239,-1722,-3608,-4717,235,-1048,68,-2178
-2017,652,1421,-554,-2282,-1762,-3611,-4722,203,-1074,37,-2209
-2057,664,1445,-555,-2325,-1797,-3611,-4728,168,-1102,7,-2240
-2095,670,1472,-562,-2367,-1827,-3609,-4734,133,-1129,-22,-2267
-2133,668,1503,-576,-2413,-1851,-3610,-4737,99,-1153,-53,-2295
-2164,661,1532,-591,-2454,-1869,-3609,-4734,68,-1176,-85,-2317
-2191,649,1562,-610,-2492,-1881,-3608,-4731,36,-1201,-120,-2340
-2203,631,1580,-625,-2512,-1879,-3603,-4720,9,-1215,-147,-2358
-2200,600,1596,-647,-2522,-1859,-3598,-4705,-13,-1220,-165,-2369
-2196,562,1618,-679,-2536,-1834,-3600,-4693,-33,-1224,-186,-2381
-2187,525,1634,-705,-2541,-1806,-3602,-4677,-49,-1225,-203,-2388
-2180,493,1648,-729,-2547,-1782,-3602,-4656,-62,-1222,-220,-2393
-2176,466,1661,-750,-2554,-1764,-3597,-4630,-71,-1214,-236,-2395
-2166,440,1667,-765,-2552,-1742,-3587,-4599,-75,-1200,-251,-2394
-2147,416,1663,-775,-2539,-1716,-3570,-4563,-77,-1182,-259,-2389
-2126,397,1655,-779,-2520,-1691,-3558,-4534,-81,-1171,-266,-2385
-2110,376,1654,-791,-2509,-1668,-3558,-4518,-89,-1170,-279,-2388
-2092,353,1657,-808,-2500,-1641,-3555,-4499,-94,-1162,-290,-2389
-2066,328,1654,-824,-2482,-1608,-3544,-4472,-92,-1150,-298,-2386
-2039,306,1651,-840,-2463,-1576,-3525,-4442,-90,-1140,-304,-2383
-2011,288,1643,-851,-2440,-1546,-3503,-4416,-92,-1127,-309,-2378
-1989,273,1641,-865,-2424,-1521,-3487,-4404,-97,-1125,-319,-2379
-1963,263,1633,-874,-2402,-1496,-3474,-4395,-103,-1129,-329,-2384
-1936,254,1622,-880,-2376,-1471,-3464,-4384,-113,-1133,-339,-2390
-1905,247,1608,-885,-2347,-1444,-3451,-4370,-124,-1136,-347,-2395
-1878,239,1599,-893,-2322,-1420,-3438,-4360,-139,-1142,-356,-2402
-1849,231,1590,-903,-2298,-1393,-3425,-4351,-155,-1146,-363,-2410
-1832,222,1594,-922,-2288,-1374,-3416,-4348,-170,-1150,-374,-2422
-1824,217,1603,-942,-2289,-1363,-3407,-4349,-178,-1150,-389,-2435
-1813,212,1609,-958,-2284,-1350,-3396,-4345,-181,-1147,-403,-2447
-1808,208,1619,-977,-2287,-1341,-3386,-4340,-181,-1143,-423,-2463
-1805,206,1629,-993,-2291,-1335,-3373,-4329,-178,-1137,-443,-2478
-1802,206,1636,-1004,-2293,-1331,-3363,-4313,-171,-1128,-459,-2489
-1806,207,1647,-1016,-2302,-1332,-3357,-4301,-167,-1122,-477,-2500
-1814,208,1663,-1030,-2318,-1336,-3353,-4294,-161,-1114,-496,-2510
-1821,207,1675,-1042,-2330,-1338,-3350,-4287,-155,-1101,-512,-2515
-1821,212,1676,-1039,-2330,-1340,-3344,-4272,-142,-1080,-519,-2513
-1821,222,1668,-1026,-2325,-1345,-3334,-4249,-130,-1063,-521,-2507
-1824,236,1658,-1007,-2320,-1356,-3326,-4223,-119,-1049,-521,-2499
-1829,251,1646,-986,-2315,-1368,-3321,-4196,-109,-1032,-518,-2490
-1837,262,1640,-968,-2317,-1381,-3318,-4172,-102,-1016,-519,-2486
-1838,269,1628,-947,-2309,-1387,-3311,-4142,-95,-998,-516,-2482
-1839,274,1617,-928,-2303,-1392,-3302,-4111,-92,-983,-513,-2481
-1843,277,1609,-910,-2300,-1398,-3296,-4080,-89,-967,-512,-2482
-1851,279,1605,-896,-2303,-1406,-3295,-4051,-87,-952,-515,-2482
-1857,278,1600,-882,-2303,-1410,-3298,-4021,-82,-933,-515,-2477
-1860,268,1600,-877,-2305,-1408,-3303,-3996,-76,-913,-519,-2471
-1850,251,1593,-872,-2294,-1392,-3305,-3967,-66,-888,-520,-2461
-1835,231,1584,-868,-2277,-1371,-3304,-3932,-55,-866,-517,-2450
-1826,209,1583,-871,-2270,-1352,-3304,-3902,-45,-851,-521,-2446
-1815,188,1578,-872,-2259,-1333,-3304,-3872,-38,-837,-526,-2443
-1807,167,1578,-877,-2253,-1316,-3309,-3847,-37,-827,-533,-2442
-1805,143,1586,-892,-2257,-1301,-3316,-3826,-38,-820,-546,-2444
-1804,119,1598,-910,-2263,-1286,-3320,-3807,-39,-813,-559,-2449
-1797,95,1606,-927,-2263,-1267,-3317,-3782,-41,-804,-569,-2452
-1789,73,1611,-944,-2260,-1248,-3310,-3757,-46,-799,-578,-2457
-1787,55,1622,-964,-2265,-1235,-3309,-3740,-58,-805,-594,-2465
-1792,46,1632,-978,-2274,-1234,-3313,-3728,-70,-811,-613,-2474
-1796,45,1636,-986,-2279,-1236,-3318,-3716,-80,-814,-635,-2482
-1802,50,1637,-989,-2283,-1243,-3324,-3703,-91,-816,-660,-2490
-1806,56,1638,-994,-2286,-1249,-3331,-3682,-102,-811,-682,-2492
-1817,60,1651,-1009,-2302,-1259,-3338,-3665,-112,-805,-707,-2491
-1828,65,1665,-1026,-2319,-1268,-3346,-3652,-122,-799,-733,-2487
-1837,73,1675,-1040,-2332,-1278,-3353,-3644,-134,-796,-763,-2484
-1846,86,1683,-1049,-2343,-1291,-3355,-3639,-146,-794,-791,-2480
-1860,104,1691,-1056,-2359,-1311,-3358,-3639,-158,-794,-821,-2478
-1877,129,1698,-1057,-2376,-1337,-3360,-3635,-168,-792,-848,-2476
-1903,154,1713,-1063,-2405,-1369,-3367,-3635,-181,-795,-875,-2475
-1938,186,1732,-1068,-2443,-1412,-3379,-3640,-196,-804,-905,-2475
-1968,219,1745,-1066,-2474,-1452,-3390,-3638,-211,-812,-930,-2470
-1997,247,1763,-1071,-2508,-1488,-3401,-3635,-224,-816,-953,-2463
-2017,270,1775,-1073,-2532,-1515,-3409,-3631,-232,-814,-974,-2454
-2025,286,1782,-1074,-2544,-1529,-3411,-3626,-233,-806,-990,-2443
-2030,295,1791,-1080,-2556,-1538,-3410,-3623,-229,-799,-1004,-2435
-2036,302,1801,-1086,-2569,-1546,-3409,-3629,-222,-798,-1021,-2428
-2041,312,1806,-1085,-2578,-1555,-3403,-3634,-210,-798,-1038,-2421
-2036,321,1799,-1073,-2573,-1558,-3388,-3627,-189,-789,-1049,-2408
-2028,332,1786,-1055,-2561,-1561,-3370,-3612,-165,-781,-1055,-2392
-2022,341,1773,-1036,-2549,-1564,-3353,-3594,-144,-776,-1060,-2379
-2016,347,1763,-1020,-2540,-1564,-3339,-3573,-127,-773,-1065,-2370
-2014,347,1760,-1009,-2537,-1565,-3329,-3547,-114,-770,-1072,-2366
-2006,344,1751,-996,-2526,-1559,-3314,-3510,-98,-757,-1073,-2359
-1999,336,1746,-987,-2517,-1550,-3298,-3470,-83,-743,-1071,-2350
-1994,323,1747,-984,-2514,-1541,-3283,-3431,-67,-731,-1072,-2344
-1995,308,1754,-986,-2518,-1533,-3269,-3396,-53,-721,-1075,-2343
-1995,292,1760,-987,-2519,-1524,-3254,-3364,-42,-707,-1077,-2344
-1995,272,1767,-992,-2521,-1512,-3241,-3340,-34,-701,-1083,-2347
-1986,249,1767,-993,-2512,-1492,-3226,-3312,-26,-693,-1086,-2347
-1967,226,1758,-990,-2491,-1465,-3210,-3278,-19,-679,-1083,-2343
-1956,206,1754,-989,-2478,-1446,-3196,-3249,-16,-668,-1085,-2342
-1945,192,1743,-980,-2460,-1430,-3183,-3219,-14,-653,-1083,-2337
-1937,180,1733,-972,-2445,-1417,-3171,-3192,-16,-639,-1080,-2335
-1931,165,1728,-971,-2435,-1404,-3161,-3170,-19,-632,-1079,-2338
-1924,152,1723,-971,-2426,-1391,-3149,-3144,-18,-621,-1076,-2341
-1913,141,1712,-967,-2409,-1377,-3133,-3112,-13,-606,-1069,-2341
-1898,130,1699,-963,-2388,-1360,-3114,-3077,-4,-594,-1062,-2343
-1888,115,1696,-971,-2378,-1343,-3100,-3048,-2,-591,-1063,-2350
-1884,100,1702,-987,-2379,-1331,-3092,-3026,-6,-592,-1068,-2363
-1885,87,1711,-1004,-2384,-1323,-3084,-3008,-14,-595,-1077,-2378
-1887,78,1719,-1021,-2391,-1319,-3070,-2995,-22,-601,-1087,-2392
-1883,71,1723,-1035,-2391,-1312,-3051,-2981,-28,-606,-1094,-2404
-1888,66,1734,-1053,-2401,-1311,-3035,-2975,-36,-617,-1109,-2421
-1896,68,1743,-1068,-2414,-1318,-3021,-2975,-45,-627,-1129,-2441
-1900,70,1751,-1082,-2422,-1321,-3009,-2978,-55,-641,-1157,-2463
-1895,70,1753,-1094,-2421,-1317,-2993,-2975,-63,-658,-1185,-2483
-1891,70,1758,-1108,-2424,-1314,-2978,-2966,-73,-678,-1215,-2504
-1892,75,1763,-1119,-2430,-1318,-2964,-2949,-83,-694,-1241,-2523
-1904,82,1780,-1137,-2451,-1330,-2957,-2933,-96,-714,-1273,-2545
-1926,92,1804,-1158,-2484,-1350,-2956,-2924,-112,-736,-1309,-2568
-1940,101,1820,-1172,-2506,-1364,-2959,-2914,-126,-753,-1339,-2588
-1955,104,1846,-1197,-2535,-1374,-2964,-2911,-143,-767,-1369,-2606
-1967,104,1871,-1221,-2562,-1381,-2966,-2908,-158,-779,-1396,-2621
-1975,105,1890,-1240,-2581,-1385,-2967,-2899,-169,-790,-1419,-2632
-1982,108,1906,-1255,-2598,-1390,-2968,-2884,-177,-798,-1443,-2640
-1990,108,1924,-1271,-2616,-1393,-2967,-2867,-179,-802,-1468,-2646
-1994,107,1939,-1284,-2630,-1393,-2964,-2850,-175,-794,-1489,-2650
-1988,107,1941,-1285,-2627,-1387,-2956,-2828,-164,-775,-1500,-2652
-1976,108,1932,-1278,-2614,-1379,-2946,-2803,-149,-757,-1504,-2651
-1963,110,1921,-1267,-2598,-1370,-2938,-2777,-135,-743,-1506,-2648
-1952,112,1910,-1255,-2582,-1363,-2928,-2747,-119,-727,-1508,-2644
-1944,112,1902,-1244,-2571,-1357,-2920,-2715,-107,-713,-1513,-2640
-1932,112,1889,-1229,-2553,-1348,-2914,-2679,-97,-698,-1514,-2634
-1923,109,1880,-1217,-2539,-1340,-2915,-2652,-89,-684,-1518,-2626
-1918,103,1876,-1210,-2532,-1333,-2924,-2633,-84,-674,-1526,-2619
-1917,95,1877,-1207,-2531,-1327,-2940,-2618,-85,-672,-1540,-2614
-1910,82,1876,-1206,-2525,-1316,-2955,-2599,-85,-674,-1552,-2608
-1907,70,1876,-1205,-2521,-1306,-2968,-2581,-86,-680,-1564,-2600
-1898,62,1866,-1194,-2508,-1297,-2979,-2557,-84,-686,-1571,-2590
-1882,54,1849,-1179,-2484,-1283,-2988,-2525,-80,-691,-1575,-2579
-1871,42,1841,-1173,-2470,-1269,-2999,-2498,-76,-695,-1583,-2576
-1856,28,1829,-1167,-2452,-1252,-3006,-2473,-66,-694,-1585,-2573
-1841,14,1819,-1163,-2435,-1236,-3013,-2450,-56,-689,-1584,-2568
-1828,-1,1812,-1163,-2421,-1219,-3022,-2431,-51,-689,-1584,-2561
-1814,-15,1804,-1163,-2406,-1202,-3038,-2413,-48,-688,-1584,-2555
-1799,-25,1792,-1160,-2389,-1187,-3052,-2392,-45,-684,-1581,-2548
-1788,-33,1782,-1158,-2375,-1175,-3064,-2371,-43,-687,-1577,-2543
-1786,-41,1783,-1165,-2375,-1169,-3079,-2361,-48,-704,-1582,-2545
-1791,-47,1790,-1176,-2385,-1169,-3094,-2353,-56,-725,-1591,-2550
-1796,-52,1797,-1187,-2395,-1171,-3111,-2340,-60,-741,-1600,-2554
-1801,-56,1804,-1198,-2404,-1172,-3131,-2327,-63,-755,-1608,-2556
-1801,-58,1806,-1206,-2406,-1171,-3149,-2310,-64,-765,-1613,-2554
-1809,-60,1817,-1222,-2421,-1175,-3167,-2302,-65,-778,-1626,-2554
-1817,-58,1825,-1233,-2433,-1182,-3183,-2295,-64,-787,-1640,-2553
-1823,-54,1829,-1241,-2442,-1189,-3196,-2283,-64,-793,-1657,-2553
-1826,-46,1828,-1242,-2445,-1195,-3201,-2267,-62,-794,-1669,-2551
-1829,-38,1827,-1245,-2448,-1202,-3208,-2252,-60,-792,-1680,-2550
-1831,-27,1824,-1243,-2449,-1210,-3217,-2235,-56,-787,-1686,-2547
-1841,-17,1829,-1247,-2460,-1222,-3229,-2219,-55,-778,-1692,-2544
-1858,-6,1841,-1254,-2480,-1239,-3239,-2208,-55,-775,-1704,-2540
-1871,8,1846,-1254,-2492,-1256,-3243,-2192,-54,-773,-1713,-2532
-1887,21,1856,-1257,-2511,-1274,-3246,-2178,-56,-773,-1721,-2524
-1904,34,1865,-1258,-2528,-1292,-3243,-2165,-56,-771,-1726,-2510
-1916,47,1872,-1257,-2541,-1307,-3233,-2153,-52,-766,-1725,-2491
-1929,55,1883,-1261,-2556,-1319,-3222,-2147,-47,-763,-1724,-2474
-1942,58,1898,-1269,-2574,-1328,-3213,-2144,-43,-761,-1726,-2457
-1949,57,1911,-1278,-2585,-1330,-3205,-2138,-40,-760,-1729,-2442
-1943,56,1911,-1277,-2580,-1325,-3188,-2120,-33,-753,-1724,-2423
-1930,52,1905,-1273,-2566,-1312,-3164,-2094,-23,-747,-1711,-2405
-1914,45,1898,-1270,-2548,-1296,-3139,-2066,-13,-746,-1695,-2392
-1895,37,1889,-1265,-2528,-1277,-3117,-2041,-4,-748,-1679,-2380
-1880,30,1882,-1260,-2511,-1262,-3098,-2024,-1,-754,-1668,-2370
-1862,29,1864,-1244,-2484,-1249,-3076,-2001,0,-757,-1656,-2361
-1844,28,1846,-1226,-2458,-1237,-3056,-1977,0,-762,-1645,-2354
-1831,31,1829,-1208,-2436,-1230,-3040,-1956,1,-766,-1633,-2349
-1826,36,1816,-1190,-2422,-1231,-3030,-1937,0,-774,-1625,-2345
-1821,41,1803,-1173,-2408,-1231,-3027,-1917,-1,-783,-1622,-2340
-1817,41,1795,-1162,-2398,-1229,-3028,-1902,-3,-793,-1626,-2338
-1811,42,1783,-1149,-2384,-1227,-3030,-1884,-3,-797,-1631,-2338
-1795,42,1762,-1131,-2358,-1217,-3032,-1858,0,-797,-1629,-2337
-1783,40,1746,-1118,-2339,-1209,-3033,-1839,4,-798,-1630,-2339
-1768,39,1726,-1102,-2315,-1200,-3034,-1818,11,-796,-1628,-2339
-1754,38,1706,-1086,-2292,-1192,-3033,-1795,18,-795,-1624,-2339
-1742,37,1688,-1073,-2273,-1186,-3036,-1769,23,-795,-1621,-2345
-1731,39,1669,-1057,-2252,-1182,-3039,-1735,29,-790,-1620,-2354
-1714,42,1644,-1037,-2225,-1175,-3040,-1696,35,-779,-1614,-2361
-1696,45,1617,-1016,-2196,-1167,-3041,-1657,40,-770,-1608,-2369
-1684,47,1599,-1002,-2177,-1163,-3047,-1622,46,-760,-1607,-2378
-1674,46,1587,-996,-2164,-1157,-3050,-1593,54,-747,-1608,-2387
-1661,42,1575,-991,-2149,-1147,-3049,-1569,66,-731,-1610,-2393
-1647,38,1564,-989,-2134,-1137,-3046,-1546,74,-715,-1609,-2398
-1630,33,1552,-986,-2117,-1124,-3041,-1516,82,-699,-1604,-2398
-1616,25,1548,-992,-2106,-1109,-3034,-1488,91,-687,-1603,-2395
-1596,14,1541,-999,-2091,-1090,-3023,-1459,104,-673,-1603,-2391
-1574,5,1532,-1003,-2072,-1069,-3011,-1429,120,-658,-1607,-2388
-1549,-5,1522,-1007,-2051,-1046,-2993,-1392,140,-642,-1610,-2385
-1528,-16,1517,-1017,-2035,-1024,-2969,-1351,162,-630,-1614,-2385
-1507,-27,1515,-1028,-2021,-1002,-2938,-1295,193,-619,-1614,-2385
-1495,-39,1523,-1047,-2020,-985,-2905,-1231,233,-611,-1617,-2386
-1496,-46,1540,-1069,-2032,-978,-2875,-1163,279,-603,-1624,-2389
-1493,-49,1549,-1082,-2037,-972,-2842,-1080,333,-589,-1625,-2391
-1494,-52,1561,-1098,-2047,-968,-2807,-991,393,-573,-1628,-2395
-1493,-53,1571,-1109,-2052,-964,-2767,-893,465,-540,-1628,-2398
-1489,-53,1574,-1115,-2052,-959,-2720,-790,549,-495,-1623,-2397
-1484,-52,1577,-1120,-2050,-954,-2670,-687,641,-447,-1615,-2399
-1479,-54,1580,-1126,-2049,-947,-2622,-589,742,-396,-1610,-2399
-1470,-56,1579,-1128,-2041,-937,-2578,-488,853,-335,-1600,-2397
-1447,-58,1562,-1119,-2014,-918,-2534,-382,976,-256,-1579,-2388
-1417,-60,1537,-1103,-1978,-896,-2495,-278,1104,-164,-1551,-2377
-1385,-61,1508,-1083,-1936,-873,-2464,-179,1234,-60,-1516,-2360
-1350,-62,1472,-1058,-1889,-848,-2436,-83,1369,58,-1472,-2334
-1314,-64,1437,-1033,-1840,-822,-2415,6,1504,182,-1423,-2303
-1264,-73,1392,-1007,-1776,-782,-2395,93,1645,322,-1361,-2262
-1206,-92,1348,-986,-1707,-731,-2374,174,1791,477,-1288,-2213
-1146,-115,1304,-967,-1637,-676,-2356,251,1948,646,-1210,-2156
-1086,-136,1259,-945,-1566,-623,-2346,326,2111,826,-1127,-2096
-1021,-155,1204,-916,-1485,-568,-2337,409,2288,1016,-1035,-2030
-955,-172,1146,-884,-1401,-513,-2330,501,2476,1216,-938,-1958
-886,-180,1077,-838,-1308,-463,-2320,608,2683,1433,-830,-1878
-811,-181,994,-779,-1201,-413,-2308,732,2907,1662,-706,-1790
-743,-181,916,-722,-1102,-369,-2297,863,3145,1892,-579,-1700
-668,-179,830,-661,-994,-322,-2285,1005,3395,2130,-443,-1605
-593,-177,745,-599,-886,-275,-2268,1160,3657,2373,-299,-1506
-524,-173,664,-539,-784,-233,-2251,1321,3927,2619,-150,-1404
-451,-168,580,-478,-679,-190,-2231,1490,4206,2874,5,-1295
-371,-163,490,-413,-564,-141,-2208,1673,4493,3141,175,-1177
-287,-163,401,-353,-447,-87,-2187,1863,4791,3425,360,-1050
-207,-164,320,-300,-340,-35,-2176,2047,5094,3718,551,-918
-133,-161,242,-246,-237,11,-2172,2226,5403,4024,748,-778
-57,-151,157,-184,-130,53,-2172,2410,5720,4348,955,-630
18,-136,68,-117,-21,93,-2175,2598,6050,4691,1174,-474
95,-117,-25,-44,93,130,-2176,2794,6394,5056,1410,-306
165,-96,-113,26,198,162,-2173,2996,6747,5436,1656,-133
233,-69,-202,100,302,189,-2162,3212,7110,5833,1910,45
298,-36,-295,181,406,210,-2149,3439,7485,6244,2175,226
362,5,-393,270,513,226,-2137,3666,7868,6671,2452,415
418,53,-491,364,614,232,-2129,3885,8254,7110,2739,609
464,114,-592,468,710,223,-2124,4106,8650,7567,3040,810
495,188,-689,579,794,196,-2124,4328,9058,8037,3351,1017
507,274,-779,694,860,148,-2127,4543,9472,8513,3664,1228
515,370,-876,820,929,91,-2128,4750,9880,8992,3984,1446
516,470,-970,947,990,27,-2129,4937,10268,9452,4299,1665
515,572,-1065,1076,1051,-40,-2119,5107,10631,9888,4607,1883
512,677,-1160,1207,1111,-110,-2100,5261,10969,10289,4906,2099
496,783,-1245,1333,1156,-189,-2073,5391,11265,10640,5184,2302
466,888,-1314,1448,1180,-277,-2034,5485,11510,10927,5427,2488
422,995,-1373,1558,1189,-377,-1985,5548,11697,11146,5633,2651
373,1107,-1434,1672,1195,-483,-1926,5585,11825,11300,5811,2798
319,1219,-1491,1785,1197,-593,-1866,5597,11893,11385,5958,2930
254,1328,-1535,1887,1182,-707,-1803,5585,11903,11396,6068,3039
175,1435,-1565,1979,1149,-831,-1743,5549,11861,11337,6139,3124
74,1545,-1578,2062,1090,-972,-1685,5488,11765,11201,6162,3182
-36,1659,-1585,2144,1021,-1121,-1625,5411,11615,10998,6145,3218
-159,1772,-1580,2218,935,-1279,-1565,5311,11413,10736,6088,3230
-294,1883,-1562,2281,833,-1443,-1513,5181,11160,10423,5995,3223
-435,1988,-1533,2335,720,-1607,-1479,5010,10865,10074,5873,3199
-569,2086,-1504,2384,611,-1762,-1472,4809,10542,9713,5735,3169
-690,2173,-1477,2427,513,-1901,-1489,4578,10198,9348,5587,3137
-789,2251,-1463,2472,438,-2018,-1530,4323,9843,8990,5438,3109
-858,2317,-1467,2522,395,-2108,-1595,4051,9484,8651,5296,3091
-910,2367,-1472,2561,364,-2176,-1692,3747,9117,8321,5155,3077
-935,2404,-1489,2601,359,-2218,-1821,3411,8746,8007,5025,3075
-936,2426,-1515,2635,375,-2233,-1987,3037,8359,7695,4899,3078
-917,2428,-1541,2656,406,-2223,-2191,2621,7952,7380,4776,3085
-878,2416,-1571,2672,453,-2189,-2426,2162,7517,7058,4657,3097
-822,2396,-1608,2686,516,-2139,-2690,1668,7049,6723,4536,3112
-756,2368,-1646,2695,586,-2077,-2983,1135,6543,6360,4405,3122
-697,2333,-1668,2689,640,-2015,-3303,558,5992,5948,4250,3114
-654,2293,-1670,2666,672,-1960,-3645,-57,5400,5495,4064,3084
-625,2250,-1651,2627,679,-1913,-3996,-692,4779,5008,3846,3031
-619,2206,-1608,2571,656,-1881,-4351,-1340,4132,4486,3594,2949
-634,2160,-1541,2497,603,-1860,-4702,-1990,3463,3929,3307,2835
-683,2108,-1432,2391,499,-1859,-5043,-2648,2778,3337,2973,2682
-756,2052,-1296,2264,362,-1871,-5374,-3308,2084,2720,2599,2490
-849,1993,-1137,2118,196,-1893,-5689,-3966,1383,2084,2187,2257
-958,1932,-959,1957,6,-1925,-5986,-4615,681,1431,1745,1992
-1091,1871,-756,1780,-216,-1973,-6269,-5257,-26,761,1277,1695
-1247,1815,-536,1594,-466,-2039,-6544,-5890,-742,76,784,1374
-1429,1761,-294,1395,-747,-2124,-6816,-6518,-1475,-627,268,1028
-1638,1711,-28,1181,-1062,-2229,-7085,-7152,-2232,-1352,-275,661
-1855,1665,239,969,-1384,-2342,-7350,-7785,-3019,-2091,-831,282
-2081,1618,516,750,-1719,-2460,-7619,-8432,-3849,-2851,-1402,-107
-2312,1572,795,530,-2058,-2583,-7892,-9093,-4714,-3621,-1979,-501
-2542,1530,1068,317,-2393,-2707,-8167,-9766,-5604,-4386,-2552,-893
-2779,1495,1340,110,-2733,-2842,-8448,-10451,-6520,-5148,-3120,-1282
-3031,1469,1616,-94,-3086,-2992,-8731,-11149,-7464,-5911,-3688,-1669
-3296,1452,1894,-293,-3449,-3157,-9010,-11851,-8426,-6664,-4251,-2053
-3564,1448,2160,-475,-3806,-3333,-9278,-12545,-9393,-7394,-4804,-2430
-3836,1460,2415,-639,-4160,-3523,-9536,-13224,-10361,-8106,-5345,-2801
-4120,1481,2668,-794,-4520,-3727,-9780,-13885,-11334,-8809,-5879,-3172
-4413,1513,2921,-942,-4886,-3945,-10007,-14510,-12298,-9498,-6404,-3541
-4717,1551,3179,-1089,-5264,-4174,-10217,-15092,-13235,-10166,-6923,-3907
-5019,1594,3427,-1225,-5633,-4405,-10402,-15608,-14123,-10789,-7416,-4258
-5319,1641,3670,-1355,-5998,-4637,-10566,-16056,-14946,-11360,-7885,-4598
-5615,1692,3906,-1477,-6357,-4870,-10710,-16431,-15693,-11878,-8327,-4921
-5907,1749,4131,-1587,-6704,-5104,-10833,-16726,-16356,-12332,-8743,-5228
-6182,1812,4335,-1678,-7026,-5331,-10934,-16937,-16926,-12718,-9123,-5511
-6440,1878,4519,-1754,-7323,-5548,-11018,-17076,-17401,-13037,-9463,-5766
-6669,1940,4680,-1817,-7587,-5743,-11081,-17145,-17781,-13292,-9761,-5991
-6862,1992,4814,-1869,-7807,-5908,-11123,-17143,-18072,-13483,-10014,-6186
-7030,2034,4936,-1919,-8002,-6048,-11150,-17089,-18288,-13622,-10233,-6360
-7164,2070,5032,-1956,-8157,-6163,-11162,-16985,-18433,-13715,-10416,-6509
-7271,2101,5106,-1981,-8279,-6255,-11162,-16841,-18516,-13770,-10567,-6636
-7351,2124,5163,-2002,-8371,-6324,-11151,-16665,-18543,-13787,-10688,-6744
-7397,2135,5201,-2018,-8426,-6361,-11132,-16460,-18514,-13760,-10775,-6830
-7401,2131,5213,-2028,-8436,-6360,-11104,-16224,-18428,-13684,-10824,-6891
-7363,2108,5203,-2036,-8403,-6319,-11060,-15957,-18286,-13563,-10838,-6931
-7300,2067,5187,-2054,-8347,-6248,-10997,-15666,-18089,-13403,-10822,-6952
-7213,2013,5164,-2076,-8270,-6152,-10914,-15353,-17841,-13205,-10780,-6956
-7099,1948,5124,-2095,-8164,-6031,-10810,-15013,-17551,-12974,-10712,-6944
-6960,1875,5070,-2111,-8031,-5888,-10685,-14648,-17221,-12715,-10624,-6918
-6797,1794,4999,-2123,-7870,-5723,-10544,-14257,-16854,-12431,-10512,-6874
-6624,1708,4926,-2137,-7701,-5548,-10394,-13855,-16458,-12133,-10387,-6818
-6442,1623,4841,-2143,-7517,-5367,-10233,-13437,-16032,-11816,-10248,-6751
-6248,1538,4745,-2142,-7319,-5179,-10059,-13000,-15579,-11484,-10094,-6674
-6047,1456,4639,-2132,-7108,-4988,-9871,-12552,-15109,-11136,-9926,-6590
-5849,1376,4534,-2122,-6901,-4800,-9677,-12103,-14629,-10780,-9752,-6503
-5654,1300,4426,-2107,-6694,-4617,-9476,-11650,-14135,-10409,-9566,-6412
-5464,1228,4319,-2090,-6491,-4441,-9270,-11197,-13632,-10039,-9374,-6317
-5290,1163,4220,-2073,-6304,-4279,-9055,-10754,-13124,-9673,-9184,-6222
-5115,1103,4112,-2046,-6113,-4121,-8826,-10304,-12612,-9304,-8984,-6122
-4948,1045,4010,-2021,-5931,-3971,-8588,-9849,-12095,-8937,-8782,-6019
-4784,986,3910,-1996,-5753,-3822,-8342,-9393,-11574,-8568,-8578,-5913
-4616,924,3805,-1970,-5570,-3668,-8089,-8943,-11053,-8196,-8371,-5803
-4452,863,3702,-1943,-5392,-3519,-7833,-8509,-10541,-7829,-8165,-5690
-4300,804,3607,-1919,-5229,-3380,-7576,-8087,-10041,-7470,-7965,-5576
-4154,747,3512,-1893,-5071,-3245,-7315,-7671,-9551,-7118,-7769,-5457
-4002,694,3405,-1855,-4902,-3112,-7046,-7252,-9068,-6769,-7570,-5332
-3846,645,3289,-1808,-4725,-2978,-6768,-6832,-8589,-6422,-7365,-5203
-3696,595,3176,-1763,-4555,-2848,-6483,-6414,-8119,-6081,-7158,-5073
-3552,542,3071,-1724,-4395,-2720,-6196,-6000,-7662,-5750,-6952,-4942
-3414,483,2977,-1697,-4248,-2593,-5908,-5594,-7216,-5433,-6749,-4813
-3271,422,2878,-1667,-4093,-2461,-5617,-5181,-6772,-5113,-6541,-4679
-3130,361,2780,-1637,-3941,-2330,-5324,-4763,-6333,-4793,-6329,-4543
-2998,302,2689,-1610,-3799,-2207,-5029,-4344,-5906,-4484,-6119,-4407
-2877,247,2605,-1586,-3670,-2094,-4738,-3930,-5490,-4193,-5918,-4279
-2763,197,2525,-1560,-3548,-1988,-4450,-3519,-5085,-3912,-5724,-4156
-2660,152,2450,-1535,-3435,-1892,-4167,-3114,-4691,-3640,-5540,-4039
-2561,114,2373,-1503,-3324,-1804,-3885,-2714,-4311,-3381,-5364,-3927
-2459,84,2289,-1461,-3205,-1719,-3608,-2312,-3943,-3136,-5190,-3821
-2373,58,2217,-1425,-3104,-1646,-3339,-1925,-3594,-2914,-5031,-3726
-2294,42,2145,-1383,-3006,-1584,-3079,-1552,-3263,-2708,-4883,-3637
-2219,32,2075,-1339,-2911,-1527,-2823,-1197,-2953,-2521,-4743,-3554
-2150,20,2013,-1302,-2824,-1473,-2575,-862,-2667,-2361,-4615,-3481
-2081,8,1956,-1269,-2740,-1419,-2337,-543,-2401,-2216,-4497,-3416
-2011,-4,1900,-1237,-2655,-1363,-2111,-239,-2154,-2079,-4386,-3358
-1943,-16,1848,-1209,-2572,-1307,-1901,45,-1931,-1962,-4286,-3309
-1882,-29,1807,-1190,-2501,-1256,-1710,301,-1731,-1867,-4203,-3271
-1831,-38,1774,-1175,-2441,-1213,-1535,531,-1551,-1784,-4138,-3242
-1782,-42,1740,-1155,-2380,-1175,-1371,741,-1383,-1708,-4082,-3216
-1730,-44,1703,-1134,-2315,-1135,-1218,933,-1226,-1638,-4030,-3192
-1671,-45,1659,-1109,-2241,-1091,-1072,1109,-1074,-1568,-3976,-3166
-1615,-47,1621,-1088,-2172,-1050,-938,1264,-933,-1507,-3929,-3146
-1563,-48,1585,-1069,-2106,-1012,-811,1402,-800,-1454,-3888,-3126
-1516,-50,1555,-1056,-2049,-975,-693,1524,-679,-1410,-3849,-3108
-1470,-54,1529,-1047,-1994,-939,-583,1627,-569,-1372,-3807,-3090
-1428,-59,1508,-1042,-1946,-904,-488,1713,-468,-1338,-3767,-3075
-1392,-63,1491,-1039,-1905,-874,-404,1792,-374,-1303,-3729,-3059
-1366,-67,1482,-1042,-1876,-852,-329,1864,-288,-1269,-3697,-3044
-1355,-67,1484,-1049,-1865,-842,-261,1922,-211,-1245,-3676,-3032
-1341,-59,1474,-1042,-1844,-835,-192,1985,-132,-1213,-3651,-3015
-1333,-48,1464,-1033,-1829,-835,-126,2049,-52,-1175,-3624,-2994
-1327,-34,1453,-1022,-1816,-839,-60,2115,28,-1132,-3595,-2971
-1321,-22,1441,-1009,-1802,-841,8,2184,108,-1084,-3562,-2942
-1313,-17,1432,-1003,-1791,-837,72,2248,188,-1034,-3531,-2909
-1256,22,1337,-915,-1690,-825,-342,2226,-38,-1163,-3561,-2964
-1171,84,1190,-777,-1536,-810,-1067,2146,-460,-1395,-3631,-3071
-1069,156,1012,-611,-1353,-790,-1979,2028,-1002,-1675,-3724,-3211
-950,229,814,-429,-1144,-760,-2986,1898,-1600,-1963,-3823,-3361
-815,306,594,-229,-912,-722,-4017,1770,-2213,-2235,-3915,-3510
-674,377,371,-31,-675,-678,-5036,1649,-2816,-2486,-3997,-3652
-535,441,155,160,-444,-631,-6014,1542,-3391,-2706,-4069,-3783
-407,498,-44,336,-231,-585,-6933,1448,-3926,-2894,-4131,-3903
-284,548,-232,500,-29,-540,-7778,1369,-4416,-3053,-4181,-4010
-165,591,-413,655,164,-493,-8544,1307,-4861,-3184,-4217,-4102
-53,627,-578,796,343,-447,-9233,1259,-5261,-3289,-4242,-4182
48,655,-727,922,504,-403,-9851,1218,-5621,-3375,-4258,-4252
142,678,-862,1035,651,-361,-10397,1194,-5939,-3446,-4265,-4311
233,694,-988,1137,790,-318,-10875,1184,-6218,-3504,-4265,-4362
317,705,-1101,1228,918,-275,-11296,1179,-6465,-3554,-4262,-4407
411,714,-1220,1320,1056,-224,-11661,1192,-6681,-3592,-4248,-4444
500,717,-1325,1398,1182,-172,-11980,1209,-6873,-3633,-4235,-4481
584,714,-1417,1464,1297,-121,-12256,1226,-7046,-3674,-4226,-4519
665,708,-1500,1520,1405,-67,-12495,1247,-7203,-3714,-4218,-4555
733,699,-1564,1561,1493,-20,-12702,1263,-7348,-3759,-4215,-4594
791,693,-1618,1595,1568,20,-12880,1272,-7484,-3810,-4220,-4638
848,688,-1668,1626,1639,59,-13031,1278,-7609,-3863,-4228,-4688
901,686,-1713,1654,1707,96,-13164,1281,-7726,-3917,-4242,-4740
941,687,-1746,1675,1758,122,-13282,1274,-7835,-3974,-4264,-4795
960,692,-1759,1684,1782,134,-13392,1253,-7943,-4039,-4299,-4856
967,704,-1764,1692,1794,133,-13489,1221,-8048,-4109,-4340,-4918
967,722,-1767,1701,1800,126,-13576,1181,-8150,-4183,-4387,-4980
963,745,-1768,1711,1802,113,-13654,1135,-8246,-4261,-4436,-5040
950,769,-1760,1715,1792,95,-13728,1080,-8335,-4337,-4489,-5099
928,795,-1744,1714,1771,70,-13797,1015,-8420,-4409,-4550,-5155
904,824,-1728,1716,1750,42,-13855,949,-8494,-4471,-4612,-5204
882,853,-1715,1719,1731,16,-13904,883,-8556,-4518,-4673,-5247
861,877,-1700,1718,1712,-6,-13945,816,-8610,-4558,-4735,-5285
838,899,-1682,1712,1688,-27,-13979,750,-8656,-4593,-4794,-5320
815,919,-1663,1706,1664,-49,-14005,687,-8692,-4620,-4846,-5347
777,937,-1629,1689,1620,-79,-14029,620,-8721,-4646,-4897,-5370
738,957,-1599,1676,1576,-112,-14044,562,-8734,-4649,-4937,-5379
700,976,-1570,1664,1534,-144,-14055,514,-8736,-4637,-4965,-5379
660,992,-1541,1651,1490,-177,-14060,469,-8728,-4617,-4986,-5371
629,1007,-1522,1645,1457,-204,-14057,433,-8707,-4588,-4995,-5354
603,1017,-1506,1639,1430,-226,-14050,407,-8675,-4552,-4994,-5330
580,1022,-1491,1631,1404,-243,-14039,388,-8637,-4507,-4987,-5300
560,1021,-1476,1620,1380,-256,-14024,375,-8593,-4454,-4974,-5266
547,1021,-1470,1617,1365,-266,-14003,376,-8540,-4390,-4947,-5224
547,1022,-1481,1627,1371,-269,-13971,395,-8474,-4312,-4904,-5170
555,1019,-1497,1639,1385,-266,-13933,427,-8404,-4231,-4850,-5113
567,1013,-1517,1652,1404,-258,-13891,464,-8331,-4147,-4788,-5056
581,1004,-1536,1664,1422,-249,-13853,503,-8263,-4073,-4727,-5003
597,996,-1559,1678,1445,-239,-13816,547,-8198,-4006,-4664,-4950
622,983,-1587,1694,1478,-221,-13782,600,-8137,-3943,-4598,-4901
650,968,-1615,1708,1511,-200,-13752,657,-8083,-3890,-4535,-4858
675,951,-1638,1719,1541,-179,-13726,713,-8033,-3849,-4475,-4821
700,936,-1662,1730,1571,-160,-13705,769,-7989,-3819,-4416,-4789
733,918,-1691,1744,1610,-134,-13680,827,-7949,-3793,-4358,-4756
769,900,-1721,1756,1651,-105,-13654,884,-7913,-3769,-4309,-4727
819,883,-1765,1779,1712,-66,-13623,953,-7880,-3737,-4254,-4695
871,859,-1801,1792,1770,-22,-13595,1019,-7857,-3718,-4202,-4671
923,830,-1831,1795,1823,27,-13567,1080,-7842,-3707,-4156,-4652
978,799,-1858,1795,1877,80,-13538,1135,-7835,-3706,-4117,-4637
1023,771,-1878,1791,1920,126,-13517,1178,-7840,-3722,-4091,-4631
1059,749,-1893,1787,1954,162,-13504,1211,-7855,-3748,-4075,-4634
1089,737,-1909,1790,1986,189,-13496,1235,-7880,-3782,-4067,-4643
1117,730,-1927,1796,2018,214,-13490,1251,-7914,-3815,-4067,-4658
1136,724,-1936,1796,2039,231,-13487,1256,-7957,-3857,-4076,-4682
1141,721,-1930,1788,2040,239,-13491,1246,-8007,-3909,-4098,-4715
1140,720,-1921,1778,2035,243,-13498,1222,-8060,-3962,-4129,-4752
1135,723,-1911,1770,2027,242,-13506,1188,-8112,-4017,-4168,-4788
1128,732,-1903,1768,2019,235,-13514,1150,-8163,-4071,-4207,-4822
1118,741,-1891,1763,2007,228,-13522,1107,-8209,-4123,-4251,-4856
1096,751,-1869,1751,1979,212,-13529,1055,-8252,-4175,-4301,-4891
1070,764,-1845,1739,1948,192,-13532,999,-8290,-4220,-4352,-4925
1043,778,-1823,1730,1918,171,-13534,939,-8326,-4263,-4401,-4957
1015,793,-1800,1721,1885,147,-13536,874,-8358,-4298,-4448,-4984
984,807,-1774,1709,1849,124,-13541,805,-8384,-4329,-4491,-5009
957,819,-1750,1696,1815,103,-13543,741,-8400,-4351,-4524,-5027
916,830,-1713,1676,1764,73,-13546,672,-8409,-4373,-4558,-5045
874,849,-1685,1667,1718,37,-13542,607,-8410,-4379,-4587,-5056
836,872,-1665,1666,1679,0,-13530,549,-8403,-4369,-4606,-5058
797,893,-1644,1664,1638,-38,-13509,495,-8393,-4354,-4618,-5052
764,913,-1628,1666,1605,-71,-13488,450,-8376,-4332,-4621,-5037
734,931,-1616,1668,1577,-102,-13466,417,-8351,-4299,-4612,-5015
706,944,-1601,1667,1547,-130,-13448,395,-8318,-4259,-4596,-4990
678,950,-1581,1658,1514,-153,-13428,379,-8278,-4216,-4574,-4962
659,950,-1565,1648,1490,-167,-13404,374,-8234,-4167,-4545,-4930
653,954,-1565,1652,1484,-177,-13372,386,-8185,-4110,-4505,-4891
651,957,-1572,1660,1486,-183,-13340,412,-8134,-4054,-4459,-4848
652,960,-1580,1669,1492,-187,-13306,447,-8080,-4000,-4406,-4804
655,959,-1587,1675,1497,-189,-13271,486,-8025,-3948,-4352,-4760
662,952,-1593,1677,1504,-184,-13236,530,-7971,-3896,-4299,-4716
678,942,-1605,1681,1522,-171,-13203,584,-7917,-3839,-4241,-4670
698,929,-1617,1683,1543,-154,-13173,639,-7864,-3786,-4183,-4625
717,915,-1627,1684,1563,-135,-13146,693,-7813,-3739,-4128,-4584
736,901,-1637,1685,1581,-118,-13122,747,-7767,-3701,-4074,-4546
757,886,-1649,1688,1604,-98,-13101,799,-7729,-3671,-4026,-4510
782,871,-1663,1690,1629,-74,-13081,845,-7701,-3646,-3987,-4482
822,854,-1690,1702,1675,-39,-13057,896,-7678,-3617,-3944,-4455
863,833,-1713,1707,1717,-1,-13037,942,-7662,-3601,-3908,-4432
896,815,-1731,1711,1752,31,-13018,981,-7652,-3600,-3879,-4417
931,797,-1751,1716,1789,64,-12999,1018,-7646,-3604,-3854,-4407
961,778,-1764,1715,1819,97,-12983,1045,-7648,-3618,-3839,-4407
985,761,-1772,1713,1842,123,-12971,1062,-7661,-3642,-3832,-4414
1003,752,-1783,1716,1862,142,-12961,1074,-7681,-3671,-3830,-4424
1022,747,-1798,1725,1886,158,-12950,1083,-7708,-3705,-3829,-4436
1040,742,-1810,1731,1907,175,-12942,1080,-7742,-3750,-3835,-4455
1047,733,-1808,1725,1912,187,-12943,1062,-7783,-3804,-3854,-4484
1045,728,-1800,1717,1906,191,-12943,1036,-7824,-3859,-3879,-4519
1038,726,-1790,1708,1895,190,-12944,1004,-7866,-3913,-3909,-4556
1028,728,-1781,1703,1882,184,-12943,969,-7905,-3959,-3941,-4589
1014,733,-1771,1698,1867,175,-12940,928,-7941,-4005,-3977,-4621
993,741,-1755,1691,1842,158,-12933,879,-7978,-4050,-4020,-4653
970,752,-1742,1686,1818,138,-12923,827,-8011,-4094,-4066,-4684
950,765,-1734,1685,1798,119,-12911,777,-8043,-4139,-4112,-4715
931,777,-1725,1683,1778,101,-12899,725,-8070,-4179,-4156,-4740
909,788,-1712,1678,1754,82,-12886,674,-8089,-4208,-4196,-4761
887,799,-1701,1673,1730,63,-12874,624,-8099,-4225,-4229,-4775
853,809,-1674,1657,1688,36,-12868,565,-8108,-4240,-4265,-4789
819,822,-1652,1646,1647,6,-12858,510,-8107,-4243,-4293,-4795
785,836,-1631,1637,1609,-24,-12843,462,-8100,-4237,-4311,-4793
747,851,-1607,1627,1565,-59,-12824,416,-8087,-4222,-4322,-4788
716,866,-1589,1621,1530,-89,-12801,377,-8066,-4203,-4325,-4778
690,878,-1573,1615,1500,-114,-12776,344,-8037,-4177,-4321,-4761
664,884,-1553,1602,1467,-135,-12749,318,-8001,-4142,-4313,-4738
640,884,-1528,1584,1432,-152,-12724,294,-7960,-4103,-4304,-4712
626,880,-1507,1566,1407,-160,-12696,283,-7913,-4056,-4288,-4681
625,874,-1499,1557,1399,-157,-12661,287,-7859,-4002,-4259,-4643
629,866,-1494,1548,1397,-150,-12628,296,-7806,-3948,-4224,-4600
632,859,-1488,1540,1393,-145,-12600,310,-7757,-3898,-4184,-4556
637,850,-1482,1532,1392,-136,-12574,324,-7713,-3852,-4144,-4515
648,839,-1480,1526,1398,-123,-12550,340,-7672,-3810,-4103,-4476
665,828,-1484,1525,1412,-106,-12523,364,-7632,-3768,-4060,-4438
681,817,-1488,1525,1426,-89,-12498,389,-7596,-3733,-4018,-4407
694,812,-1494,1530,1440,-78,-12474,413,-7566,-3704,-3978,-4383
705,811,-1502,1540,1455,-71,-12452,439,-7540,-3678,-3939,-4362
717,810,-1512,1552,1471,-63,-12430,465,-7514,-3653,-3900,-4341
728,810,-1521,1563,1487,-56,-12409,487,-7489,-3634,-3865,-4322
752,813,-1547,1587,1523,-42,-12384,518,-7468,-3614,-3826,-4303
780,810,-1571,1607,1561,-22,-12361,549,-7455,-3607,-3795,-4289
805,805,-1592,1623,1594,-3,-12338,577,-7451,-3610,-3773,-4281
832,800,-1615,1638,1630,19,-12316,604,-7450,-3617,-3755,-4275
854,791,-1629,1646,1657,39,-12296,626,-7456,-3632,-3745,-4278
869,781,-1637,1649,1676,55,-12277,641,-7470,-3655,-3743,-4284
883,770,-1643,1647,1692,71,-12258,654,-7489,-3680,-3742,-4293
899,758,-1649,1645,1709,89,-12236,670,-7510,-3703,-3742,-4304
910,744,-1650,1636,1719,106,-12216,680,-7535,-3733,-3747,-4318
910,726,-1637,1616,1713,117,-12202,675,-7565,-3771,-3764,-4340
904,713,-1621,1596,1700,121,-12191,659,-7594,-3808,-3786,-4364
895,703,-1606,1577,1685,121,-12181,634,-7624,-3846,-3810,-4387
886,698,-1597,1564,1673,117,-12170,606,-7655,-3882,-3835,-4408
875,696,-1588,1552,1660,111,-12159,572,-7686,-3919,-3865,-4430
857,698,-1575,1539,1640,98,-12149,529,-7716,-3957,-3901,-4457
839,702,-1565,1530,1620,82,-12136,485,-7740,-3991,-3939,-4481
823,709,-1558,1524,1604,66,-12120,443,-7761,-4019,-3976,-4502
809,716,-1553,1518,1589,52,-12101,401,-7776,-4044,-4008,-4520
793,723,-1545,1511,1571,36,-12084,357,-7789,-4065,-4038,-4536
776,731,-1537,1504,1552,20,-12070,314,-7795,-4077,-4062,-4547
747,738,-1515,1486,1515,-3,-12062,267,-7798,-4088,-4088,-4558
718,748,-1495,1473,1480,-29,-12049,223,-7792,-4088,-4109,-4562
691,758,-1478,1463,1447,-54,-12038,183,-7780,-4081,-4124,-4562
662,769,-1458,1451,1412,-79,-12029,141,-7764,-4072,-4139,-4560
640,781,-1446,1446,1386,-100,-12018,107,-7742,-4052,-4148,-4553
625,792,-1439,1444,1368,-116,-12005,85,-7712,-4027,-4150,-4543
609,800,-1429,1441,1348,-129,-11988,67,-7679,-3996,-4148,-4528
593,807,-1417,1435,1327,-142,-11969,49,-7644,-3968,-4145,-4511
584,813,-1409,1433,1314,-150,-11944,37,-7604,-3934,-4133,-4489
586,820,-1416,1442,1319,-150,-11913,39,-7557,-3892,-4110,-4461
595,822,-1424,1449,1329,-143,-11880,47,-7510,-3853,-4083,-4432
605,820,-1428,1453,1338,-133,-11848,60,-7464,-3814,-4051,-4403
612,814,-1426,1450,1343,-121,-11817,72,-7419,-3777,-4018,-4376
621,809,-1425,1449,1349,-109,-11788,84,-7380,-3746,-3986,-4352
637,802,-1431,1453,1365,-91,-11758,103,-7343,-3714,-3947,-4326
652,792,-1433,1452,1379,-71,-11727,126,-7311,-3685,-3909,-4302
665,781,-1431,1449,1389,-53,-11699,150,-7280,-3658,-3873,-4280
675,770,-1428,1445,1397,-38,-11671,179,-7253,-3631,-3838,-4258
687,761,-1428,1445,1409,-22,-11640,209,-7225,-3606,-3802,-4234
698,754,-1429,1447,1421,-9,-11605,237,-7201,-3590,-3772,-4213
720,752,-1447,1464,1451,7,-11570,273,-7178,-3575,-3739,-4193
742,748,-1463,1478,1480,25,-11540,306,-7163,-3570,-3711,-4178
760,743,-1475,1488,1503,39,-11515,334,-7157,-3571,-3692,-4168
779,739,-1489,1500,1529,54,-11494,359,-7157,-3574,-3675,-4157
795,733,-1500,1509,1550,66,-11478,377,-7165,-3586,-3664,-4152
811,726,-1509,1514,1569,79,-11461,390,-7177,-3604,-3656,-4152
827,721,-1522,1523,1590,91,-11440,404,-7189,-3617,-3649,-4152
845,719,-1538,1535,1614,102,-11417,419,-7200,-3631,-3644,-4154
860,714,-1551,1543,1633,112,-11394,428,-7212,-3659,-3647,-4162
865,706,-1551,1539,1636,117,-11375,426,-7230,-3696,-3661,-4179
864,698,-1546,1532,1632,118,-11358,416,-7253,-3734,-3681,-4197
862,691,-1540,1524,1625,117,-11340,401,-7276,-3770,-3705,-4215
860,685,-1537,1517,1620,117,-11320,382,-7298,-3799,-3730,-4233
862,676,-1533,1507,1616,121,-11302,361,-7317,-3826,-3751,-4250
857,666,-1522,1492,1604,122,-11288,331,-7333,-3854,-3777,-4269
851,660,-1514,1480,1591,120,-11276,296,-7344,-3878,-3802,-4286
845,657,-1509,1472,1580,115,-11261,260,-7350,-3897,-3824,-4299
838,657,-1506,1466,1570,110,-11242,220,-7356,-3915,-3842,-4311
829,659,-1501,1460,1557,103,-11222,179,-7366,-3930,-3861,-4322
818,664,-1497,1457,1543,92,-11203,141,-7374,-3941,-3875,-4327
797,667,-1480,1443,1513,77,-11190,97,-7382,-3951,-3894,-4331
774,671,-1462,1429,1483,61,-11179,57,-7383,-3953,-3910,-4334
753,677,-1447,1418,1454,45,-11173,19,-7382,-3949,-3922,-4334
724,686,-1426,1405,1418,23,-11166,-17,-7377,-3941,-3930,-4331
695,700,-1410,1400,1385,-3,-11155,-47,-7365,-3923,-3932,-4322
668,715,-1396,1396,1354,-28,-11140,-68,-7349,-3899,-3929,-4310
642,727,-1380,1388,1324,-50,-11122,-82,-7328,-3874,-3926,-4298
614,736,-1359,1377,1290,-71,-11106,-96,-7302,-3844,-3924,-4284
591,745,-1343,1370,1263,-89,-11088,-105,-7272,-3809,-3920,-4266
579,757,-1341,1373,1253,-102,-11065,-105,-7235,-3768,-3905,-4243
576,766,-1345,1380,1253,-108,-11039,-99,-7196,-3727,-3881,-4219
574,774,-1349,1387,1254,-113,-11010,-83,-7155,-3684,-3852,-4194
569,782,-1351,1393,1253,-119,-10978,-62,-7114,-3641,-3820,-4169
564,789,-1351,1397,1251,-126,-10946,-40,-7078,-3603,-3787,-4145
567,791,-1354,1402,1257,-126,-10916,-17,-7045,-3571,-3751,-4123
570,788,-1355,1403,1262,-122,-10885,2,-7016,-3543,-3716,-4104
571,783,-1350,1399,1262,-119,-10856,18,-6990,-3521,-3685,-4091
572,775,-1343,1393,1261,-115,-10824,35,-6965,-3501,-3655,-4079
576,768,-1340,1389,1265,-110,-10792,55,-6939,-3485,-3625,-4065
584,758,-1336,1385,1271,-100,-10765,72,-6918,-3480,-3604,-4056
606,748,-1348,1390,1298,-82,-10735,97,-6898,-3475,-3581,-4045
631,736,-1361,1395,1327,-61,-10705,125,-6882,-3477,-3560,-4036
655,724,-1374,1401,1356,-40,-10675,148,-6868,-3480,-3544,-4032
682,716,-1392,1412,1391,-21,-10644,174,-6855,-3483,-3529,-4027
699,711,-1405,1422,1414,-10,-10618,194,-6845,-3488,-3517,-4024
709,709,-1413,1430,1430,-6,-10598,208,-6839,-3495,-3514,-4024
719,710,-1424,1442,1448,-3,-10580,222,-6835,-3502,-3514,-4022
732,711,-1439,1456,1470,1,-10566,236,-6837,-3511,-3512,-4021
743,710,-1448,1464,1485,6,-10556,245,-6844,-3527,-3512,-4024
740,704,-1439,1456,1481,6,-10549,242,-6857,-3548,-3519,-4032
734,696,-1426,1444,1469,5,-10541,233,-6870,-3565,-3528,-4040
728,690,-1414,1433,1458,3,-10534,221,-6881,-3581,-3538,-4046
723,688,-1406,1426,1450,0,-10527,207,-6890,-3597,-3549,-4052
719,684,-1399,1418,1443,0,-10518,196,-6896,-3610,-3561,-4055
710,677,-1385,1402,1426,-1,-10510,178,-6901,-3623,-3576,-4062
703,672,-1373,1389,1411,-2,-10501,157,-6904,-3634,-3593,-4067
696,669,-1364,1379,1399,-4,-10493,135,-6907,-3645,-3610,-4069
689,669,-1358,1372,1387,-7,-10483,109,-6911,-3654,-3625,-4073
678,672,-1351,1366,1371,-13,-10471,80,-6913,-3660,-3640,-4080
670,674,-1346,1361,1358,-19,-10460,51,-6911,-3663,-3649,-4083
647,678,-1327,1347,1326,-34,-10453,14,-6911,-3671,-3661,-4086
620,687,-1308,1336,1291,-54,-10448,-22,-6909,-3680,-3674,-4086
597,695,-1293,1327,1261,-71,-10440,-55,-6904,-3685,-3679,-4082
573,700,-1275,1314,1228,-87,-10428,-86,-6896,-3686,-3683,-4077
553,706,-1260,1304,1200,-101,-10410,-107,-6882,-3676,-3680,-4069
536,712,-1249,1297,1177,-113,-10393,-121,-6863,-3661,-3673,-4058
521,715,-1236,1287,1154,-122,-10378,-138,-6841,-3642,-3667,-4047
503,717,-1219,1274,1127,-132,-10364,-154,-6819,-3619,-3664,-4033
488,721,-1207,1267,1106,-141,-10349,-164,-6793,-3591,-3659,-4017
484,729,-1211,1272,1103,-147,-10330,-165,-6760,-3552,-3644,-3995
486,734,-1217,1278,1107,-147,-10309,-163,-6728,-3515,-3626,-3975
490,737,-1224,1283,1113,-144,-10290,-160,-6695,-3480,-3606,-3956
493,739,-1229,1287,1117,-143,-10274,-154,-6665,-3450,-3586,-3936
495,742,-1233,1291,1121,-144,-10256,-143,-6635,-3424,-3566,-3916
501,745,-1242,1299,1131,-141,-10235,-125,-6603,-3398,-3541,-3895
508,743,-1247,1302,1141,-136,-10219,-107,-6574,-3377,-3517,-3880
514,735,-1246,1297,1145,-128,-10207,-90,-6549,-3358,-3494,-3867
517,728,-1241,1291,1147,-123,-10196,-71,-6526,-3341,-3473,-3854
521,721,-1238,1287,1150,-118,-10180,-51,-6505,-3323,-3453,-3840
523,713,-1232,1281,1152,-114,-10162,-33,-6489,-3312,-3438,-3828
536,711,-1242,1289,1171,-106,-10142,-9,-6470,-3295,-3418,-3814
550,706,-1252,1296,1191,-98,-10123,17,-6450,-3278,-3401,-3800
558,703,-1257,1300,1205,-93,-10103,42,-6432,-3263,-3385,-3788
571,701,-1268,1310,1225,-87,-10080,65,-6414,-3250,-3365,-3776
582,700,-1278,1320,1244,-83,-10060,82,-6403,-3245,-3348,-3769
589,699,-1284,1327,1257,-82,-10041,95,-6398,-3248,-3334,-3763
592,703,-1291,1338,1268,-86,-10023,107,-6392,-3252,-3321,-3755
601,706,-1303,1351,1286,-85,-10008,120,-6387,-3253,-3307,-3747
607,706,-1310,1360,1298,-85,-9994,127,-6387,-3259,-3296,-3740
603,703,-1303,1355,1294,-88,-9985,126,-6391,-3274,-3292,-3739
594,702,-1293,1351,1284,-95,-9976,120,-6395,-3290,-3294,-3740
587,702,-1286,1348,1277,-101,-9964,112,-6398,-3305,-3303,-3740
581,703,-1280,1345,1270,-106,-9948,102,-6400,-3317,-3315,-3740
580,698,-1274,1338,1265,-105,-9930,88,-6401,-3327,-3323,-3739
572,689,-1256,1320,1247,-104,-9911,70,-6400,-3335,-3336,-3740
565,681,-1240,1303,1231,-103,-9893,54,-6395,-3337,-3349,-3739
561,674,-1228,1289,1219,-99,-9870,41,-6389,-3339,-3359,-3737
558,668,-1218,1277,1208,-96,-9846,26,-6378,-3338,-3363,-3733
553,663,-1208,1264,1195,-94,-9824,9,-6366,-3335,-3366,-3730
550,659,-1199,1253,1184,-90,-9803,-7,-6353,-3332,-3365,-3727
536,655,-1179,1233,1159,-93,-9784,-34,-6344,-3337,-3371,-3727
518,656,-1160,1217,1130,-102,-9766,-63,-6333,-3341,-3376,-3727
501,658,-1144,1203,1104,-110,-9748,-85,-6320,-3344,-3374,-3724
481,659,-1123,1185,1073,-120,-9729,-105,-6307,-3348,-3373,-3721
465,663,-1109,1173,1049,-128,-9707,-122,-6290,-3345,-3368,-3714
451,668,-1098,1165,1029,-136,-9683,-131,-6268,-3334,-3359,-3705
432,675,-1084,1156,1004,-148,-9659,-138,-6246,-3320,-3349,-3697
411,681,-1068,1144,975,-162,-9635,-145,-6222,-3307,-3343,-3690
394,689,-1056,1138,954,-174,-9609,-147,-6198,-3289,-3334,-3682
389,696,-1059,1141,950,-179,-9577,-142,-6168,-3263,-3316,-3669
391,702,-1065,1146,953,-179,-9546,-131,-6138,-3239,-3296,-3652
393,706,-1071,1151,957,-177,-9520,-120,-6111,-3215,-3273,-3635
396,705,-1074,1150,960,-173,-9498,-110,-6084,-3192,-3250,-3619
398,704,-1075,1150,962,-170,-9477,-100,-6060,-3173,-3230,-3606
405,705,-1085,1157,974,-167,-9455,-85,-6038,-3153,-3207,-3593
411,706,-1093,1163,984,-163,-9438,-71,-6021,-3140,-3189,-3583
413,704,-1095,1165,988,-163,-9423,-62,-6008,-3132,-3176,-3576
411,703,-1094,1166,988,-166,-9406,-52,-5994,-3122,-3165,-3568
414,699,-1094,1165,992,-165,-9388,-40,-5978,-3106,-3152,-3560
417,689,-1091,1160,994,-161,-9368,-30,-5962,-3092,-3140,-3554
433,680,-1101,1165,1015,-148,-9345,-14,-5942,-3070,-3122,-3543
454,668,-1113,1168,1040,-131,-9321,7,-5921,-3052,-3102,-3529
473,655,-1121,1169,1061,-115,-9299,23,-5902,-3041,-3084,-3514
494,644,-1135,1176,1088,-98,-9276,38,-5883,-3033,-3067,-3500
509,634,-1143,1179,1107,-87,-9254,47,-5869,-3033,-3058,-3490
516,629,-1147,1183,1117,-85,-9235,54,-5858,-3035,-3051,-3483
519,627,-1151,1190,1126,-87,-9217,63,-5848,-3036,-3043,-3477
525,627,-1159,1200,1138,-88,-9196,77,-5838,-3037,-3034,-3471
530,626,-1165,1207,1148,-88,-9172,88,-5830,-3044,-3028,-3466
525,621,-1157,1204,1141,-92,-9153,89,-5825,-3059,-3028,-3467
516,616,-1144,1195,1128,-97,-9138,84,-5822,-3075,-3033,-3470
509,609,-1130,1185,1115,-101,-9124,76,-5822,-3086,-3038,-3472
502,604,-1118,1176,1103,-103,-9109,68,-5823,-3091,-3046,-3472
498,598,-1108,1168,1094,-103,-9091,63,-5823,-3096,-3054,-3469
488,594,-1092,1156,1076,-107,-9076,52,-5821,-3101,-3066,-3468
479,591,-1079,1146,1061,-110,-9058,38,-5816,-3102,-3079,-3465
476,588,-1070,1139,1051,-109,-9035,25,-5810,-3103,-3088,-3461
475,586,-1066,1134,1045,-106,-9011,13,-5801,-3102,-3096,-3458
473,588,-1064,1132,1039,-106,-8986,4,-5791,-3102,-3102,-3457
471,591,-1063,1132,1034,-106,-8961,0,-5780,-3099,-3102,-3454
461,589,-1048,1118,1014,-108,-8938,-8,-5772,-3099,-3103,-3454
448,589,-1034,1104,991,-112,-8914,-14,-5761,-3095,-3103,-3453
439,591,-1024,1095,975,-114,-8888,-14,-5746,-3087,-3098,-3448
426,594,-1012,1084,955,-120,-8864,-18,-5729,-3080,-3094,-3443
415,600,-1005,1078,939,-126,-8840,-24,-5708,-3070,-3088,-3434
405,607,-1001,1076,927,-133,-8817,-32,-5685,-3058,-3078,-3423
395,612,-994,1069,913,-138,-8795,-40,-5662,-3046,-3069,-3414
384,615,-985,1061,897,-144,-8772,-50,-5638,-3030,-3060,-3405
378,617,-981,1056,889,-145,-8745,-52,-5610,-3009,-3049,-3390
385,619,-990,1058,898,-138,-8711,-42,-5574,-2979,-3030,-3369
396,618,-1000,1061,912,-128,-8679,-28,-5538,-2949,-3008,-3348
406,616,-1009,1064,925,-118,-8652,-15,-5506,-2923,-2987,-3330
416,615,-1018,1067,938,-110,-8627,-6,-5478,-2899,-2966,-3313
425,611,-1025,1067,950,-101,-8602,4,-5455,-2878,-2944,-3296
440,607,-1037,1072,970,-89,-8571,23,-5431,-2857,-2917,-3276
453,603,-1049,1078,989,-78,-8542,43,-5409,-2839,-2891,-3257
466,597,-1058,1081,1006,-67,-8512,61,-5389,-2824,-2870,-3240
481,588,-1066,1082,1025,-54,-8482,81,-5368,-2808,-2850,-3224
502,578,-1080,1087,1051,-36,-8452,106,-5345,-2789,-2829,-3206
525,566,-1093,1089,1078,-16,-8422,128,-5319,-2771,-2808,-3189
559,556,-1118,1102,1121,10,-8387,157,-5286,-2746,-2780,-3167
598,543,-1147,1116,1170,42,-8350,189,-5252,-2721,-2752,-3143
631,533,-1172,1129,1211,66,-8317,217,-5219,-2702,-2730,-3122
667,524,-1200,1145,1257,93,-8286,247,-5187,-2683,-2706,-3101
701,512,-1224,1156,1298,120,-8256,273,-5156,-2664,-2684,-3084
733,502,-1246,1167,1336,145,-8228,294,-5127,-2645,-2666,-3071
766,494,-1272,1182,1377,169,-8198,313,-5098,-2622,-2647,-3057
804,485,-1301,1198,1423,198,-8167,331,-5068,-2596,-2621,-3040
840,475,-1327,1210,1465,226,-8139,345,-5041,-2574,-2595,-3025
867,459,-1338,1209,1491,252,-8114,350,-5019,-2564,-2578,-3018
889,445,-1344,1204,1509,274,-8090,350,-4998,-2552,-2564,-3011
909,433,-1351,1203,1527,293,-8068,346,-4978,-2536,-2551,-3003
930,421,-1359,1201,1545,313,-8046,341,-4957,-2518,-2541,-2992
952,405,-1365,1194,1562,338,-8023,336,-4937,-2503,-2530,-2983
969,385,-1361,1178,1569,362,-8004,322,-4918,-2495,-2524,-2978
987,367,-1359,1164,1578,386,-7983,308,-4900,-2484,-2517,-2973
1005,352,-1361,1154,1588,408,-7958,294,-4887,-2473,-2509,-2967
1024,339,-1366,1147,1601,431,-7931,280,-4879,-2463,-2502,-2958
1038,330,-1370,1141,1610,448,-7906,264,-4875,-2456,-2499,-2947
1051,326,-1377,1141,1620,462,-7882,252,-4868,-2446,-2493,-2935
1054,322,-1374,1133,1617,469,-7868,238,-4859,-2441,-2492,-2925
1052,322,-1369,1126,1610,473,-7854,223,-4847,-2436,-2492,-2916
1053,320,-1366,1120,1605,479,-7836,211,-4831,-2427,-2487,-2905
1044,320,-1354,1109,1588,479,-7820,199,-4812,-2419,-2484,-2892
1034,324,-1346,1103,1574,475,-7803,192,-4792,-2409,-2478,-2876
1029,326,-1343,1099,1566,476,-7784,188,-4771,-2395,-2471,-2857
1023,329,-1338,1095,1557,476,-7764,186,-4751,-2379,-2465,-2840
1013,330,-1327,1087,1542,474,-7741,186,-4730,-2360,-2460,-2825
1006,329,-1318,1077,1530,475,-7712,189,-4705,-2336,-2451,-2810
1008,330,-1319,1077,1532,481,-7673,200,-4677,-2307,-2433,-2788
1016,330,-1327,1081,1542,490,-7634,212,-4650,-2284,-2414,-2766
1027,327,-1334,1083,1554,502,-7598,224,-4625,-2262,-2395,-2744
1039,319,-1340,1082,1566,518,-7564,234,-4600,-2245,-2376,-2726
1049,312,-1343,1079,1575,530,-7532,243,-4576,-2235,-2359,-2710
1064,309,-1356,1087,1595,542,-7497,258,-4550,-2219,-2335,-2693
1080,305,-1369,1094,1615,553,-7466,275,-4525,-2202,-2308,-2675
1093,299,-1377,1097,1631,564,-7440,291,-4500,-2188,-2283,-2658
1103,290,-1381,1095,1643,573,-7419,302,-4478,-2178,-2264,-2645
1115,281,-1385,1094,1656,583,-7393,314,-4455,-2168,-2248,-2634
1124,275,-1390,1096,1667,589,-7368,327,-4434,-2162,-2239,-2624
1142,272,-1405,1108,1692,597,-7338,345,-4410,-2148,-2226,-2612
1166,265,-1425,1119,1724,611,-7308,363,-4385,-2133,-2209,-2601
1189,254,-1438,1124,1752,628,-7277,375,-4361,-2118,-2195,-2595
1218,243,-1457,1131,1786,649,-7244,388,-4335,-2100,-2177,-2589
1244,229,-1470,1134,1815,670,-7216,401,-4315,-2089,-2163,-2583
1264,216,-1478,1134,1837,687,-7194,413,-4301,-2083,-2154,-2579
1285,205,-1489,1137,1860,703,-7175,426,-4287,-2075,-2143,-2573
1307,196,-1503,1142,1886,720,-7156,441,-4270,-2061,-2125,-2562
1326,186,-1513,1144,1907,736,-7138,452,-4254,-2052,-2107,-2551
1335,174,-1511,1136,1914,747,-7126,452,-4250,-2059,-2097,-2549
1340,165,-1507,1129,1916,755,-7114,448,-4249,-2070,-2092,-2552
1344,157,-1504,1122,1918,763,-7098,445,-4248,-2077,-2090,-2554
1347,152,-1502,1117,1920,769,-7084,444,-4244,-2079,-2090,-2555
1353,145,-1502,1112,1923,778,-7071,446,-4240,-2075,-2086,-2556
1353,134,-1492,1098,1916,788,-7062,436,-4241,-2077,-2088,-2560
1355,124,-1484,1083,1911,799,-7055,421,-4242,-2079,-2092,-2560
1364,112,-1481,1072,1914,816,-7046,406,-4241,-2080,-2094,-2556
1380,99,-1484,1063,1924,839,-7033,393,-4238,-2077,-2093,-2549
1397,85,-1489,1055,1936,864,-7018,380,-4232,-2073,-2090,-2542
1417,73,-1497,1050,1953,890,-7000,373,-4222,-2064,-2082,-2533
1429,60,-1496,1037,1956,910,-6989,364,-4211,-2057,-2076,-2526
1436,51,-1493,1027,1956,925,-6980,353,-4197,-2046,-2072,-2519
1445,45,-1496,1022,1961,939,-6969,341,-4179,-2032,-2066,-2506
1449,39,-1492,1013,1958,950,-6960,324,-4164,-2023,-2060,-2494
1453,35,-1490,1006,1956,958,-6947,312,-4146,-2009,-2050,-2482
1462,32,-1495,1005,1962,969,-6930,305,-4123,-1991,-2036,-2470
1475,27,-1499,1001,1971,984,-6911,301,-4097,-1969,-2022,-2457
1486,19,-1499,995,1976,998,-6892,298,-4071,-1946,-2012,-2445
1497,16,-1505,995,1986,1009,-6872,299,-4045,-1920,-2004,-2431
1516,19,-1524,1008,2009,1020,-6852,304,-4015,-1887,-1989,-2412
1538,21,-1545,1023,2036,1033,-6839,303,-3985,-1854,-1972,-2392
1558,20,-1563,1034,2061,1046,-6834,295,-3955,-1822,-1953,-2372
1577,18,-1578,1042,2083,1058,-6835,281,-3927,-1794,-1934,-2353
1589,18,-1588,1049,2099,1064,-6842,263,-3904,-1771,-1919,-2338
1608,16,-1605,1060,2123,1075,-6853,251,-3882,-1745,-1898,-2321
1628,11,-1619,1068,2148,1088,-6871,237,-3863,-1721,-1876,-2304
1645,5,-1630,1073,2168,1100,-6895,216,-3846,-1699,-1853,-2287
1658,-2,-1637,1076,2183,1110,-6926,196,-3829,-1676,-1832,-2272
1670,-7,-1645,1081,2199,1118,-6961,173,-3813,-1648,-1810,-2255
1682,-14,-1652,1085,2215,1127,-7000,145,-3797,-1623,-1791,-2237
1698,-16,-1669,1100,2240,1135,-7037,124,-3779,-1599,-1770,-2215
1717,-20,-1688,1114,2268,1147,-7075,106,-3764,-1584,-1747,-2195
1731,-26,-1700,1122,2288,1158,-7113,86,-3753,-1576,-1728,-2180
1746,-31,-1714,1133,2311,1168,-7147,72,-3742,-1563,-1707,-2166
1757,-37,-1723,1139,2327,1178,-7178,60,-3731,-1548,-1687,-2152
1761,-41,-1728,1144,2336,1181,-7206,50,-3723,-1535,-1671,-2139
1764,-39,-1736,1154,2346,1181,-7227,42,-3715,-1527,-1656,-2124
1768,-34,-1749,1169,2359,1179,-7247,36,-3710,-1526,-1640,-2108
1768,-25,-1760,1185,2369,1173,-7269,25,-3709,-1532,-1625,-2093
1757,-18,-1759,1191,2362,1161,-7294,4,-3712,-1545,-1616,-2082
1746,-14,-1753,1192,2352,1152,-7316,-16,-3713,-1560,-1611,-2073
1737,-10,-1749,1192,2343,1145,-7334,-34,-3711,-1571,-1610,-2065
1728,-6,-1744,1191,2335,1138,-7351,-50,-3707,-1576,-1608,-2056
1720,-2,-1740,1190,2326,1132,-7368,-65,-3702,-1577,-1607,-2047
1704,-1,-1723,1177,2304,1123,-7387,-90,-3695,-1581,-1613,-2044
1690,0,-1708,1165,2283,1116,-7403,-117,-3686,-1582,-1621,-2042
1679,1,-1695,1154,2265,1112,-7414,-143,-3681,-1586,-1630,-2041
1669,2,-1684,1143,2249,1108,-7420,-170,-3684,-1595,-1643,-2041
1657,3,-1668,1129,2229,1102,-7423,-199,-3695,-1609,-1661,-2044
1647,4,-1655,1116,2211,1098,-7424,-220,-3701,-1614,-1673,-2044
1634,1,-1634,1095,2186,1095,-7424,-242,-3706,-1618,-1686,-2044
1621,-3,-1612,1073,2160,1092,-7423,-267,-3709,-1619,-1700,-2043
1616,-6,-1599,1057,2145,1093,-7419,-288,-3706,-1614,-1709,-2038
1608,-7,-1584,1040,2127,1091,-7415,-308,-3704,-1611,-1720,-2035
1602,-7,-1574,1028,2114,1090,-7412,-325,-3697,-1604,-1728,-2031
1597,-5,-1565,1018,2102,1086,-7407,-341,-3685,-1593,-1731,-2023
1590,-6,-1554,1006,2088,1084,-7400,-361,-3669,-1576,-1733,-2017
1580,-9,-1538,989,2068,1079,-7393,-384,-3653,-1562,-1739,-2012
1568,-10,-1522,974,2048,1073,-7383,-408,-3638,-1549,-1746,-2008
1562,-8,-1517,969,2039,1067,-7370,-426,-3622,-1532,-1746,-2003
1560,-6,-1516,968,2036,1064,-7356,-440,-3611,-1521,-1739,-1999
1555,-4,-1513,966,2031,1059,-7348,-458,-3605,-1519,-1734,-1998
1547,-1,-1509,965,2023,1051,-7345,-479,-3607,-1527,-1733,-2002
1531,5,-1501,964,2007,1034,-7352,-508,-3615,-1540,-1737,-2010
1512,16,-1497,971,1993,1013,-7359,-534,-3626,-1555,-1740,-2017
1488,28,-1488,976,1973,987,-7366,-561,-3640,-1574,-1743,-2027
1458,40,-1475,979,1946,956,-7375,-585,-3653,-1592,-1748,-2036
1421,54,-1459,983,1913,920,-7382,-601,-3660,-1602,-1752,-2041
1385,68,-1443,987,1881,885,-7382,-610,-3659,-1604,-1754,-2043
1353,75,-1426,987,1850,855,-7377,-621,-3656,-1610,-1759,-2046
1331,81,-1418,992,1833,834,-7367,-627,-3653,-1615,-1762,-2049
1314,84,-1411,997,1820,817,-7359,-629,-3653,-1623,-1765,-2056
1291,86,-1399,997,1798,798,-7353,-635,-3657,-1640,-1772,-2067
1273,87,-1389,999,1782,782,-7346,-640,-3661,-1656,-1776,-2079
1252,84,-1373,993,1758,767,-7339,-645,-3663,-1667,-1780,-2091
1223,84,-1350,984,1724,746,-7334,-653,-3667,-1677,-1786,-2102
1189,93,-1330,982,1690,716,-7328,-664,-3668,-1682,-1793,-2113
1158,107,-1318,988,1661,684,-7320,-667,-3667,-1678,-1794,-2122
1126,121,-1303,992,1630,652,-7311,-662,-3666,-1672,-1789,-2127
1087,135,-1278,987,1587,616,-7307,-660,-3663,-1664,-1787,-2130
1047,147,-1250,978,1541,581,-7302,-656,-3654,-1649,-1785,-2129
1012,159,-1227,971,1502,550,-7292,-645,-3638,-1632,-1779,-2124
982,173,-1208,967,1468,522,-7278,-633,-3617,-1612,-1772,-2118
960,188,-1197,967,1445,498,-7265,-621,-3594,-1590,-1761,-2113
934,200,-1178,960,1414,474,-7257,-618,-3575,-1576,-1757,-2112
909,216,-1162,956,1385,449,-7253,-623,-3557,-1562,-1755,-2111
887,236,-1153,958,1363,424,-7249,-634,-3538,-1547,-1751,-2110
869,261,-1152,968,1349,397,-7242,-638,-3512,-1525,-1741,-2104
853,287,-1154,980,1338,372,-7234,-634,-3482,-1498,-1726,-2096
843,309,-1157,990,1332,353,-7224,-623,-3452,-1469,-1709,-2087
827,326,-1149,990,1315,334,-7215,-619,-3425,-1447,-1697,-2081
806,345,-1138,988,1293,310,-7205,-618,-3400,-1427,-1687,-2073
787,366,-1131,990,1275,287,-7191,-612,-3370,-1404,-1673,-2062
762,385,-1118,988,1249,259,-7176,-612,-3343,-1388,-1661,-2056
736,407,-1106,988,1224,230,-7161,-616,-3317,-1378,-1651,-2051
713,428,-1098,991,1203,202,-7148,-620,-3292,-1367,-1636,-2042
689,448,-1089,993,1181,174,-7138,-622,-3271,-1352,-1622,-2032
663,464,-1075,991,1155,147,-7129,-626,-3247,-1336,-1614,-2023
640,477,-1062,987,1132,124,-7116,-627,-3217,-1315,-1604,-2012
627,490,-1060,994,1122,106,-7094,-618,-3176,-1280,-1588,-1996
615,505,-1063,1005,1118,88,-7066,-603,-3135,-1246,-1569,-1981
602,519,-1064,1014,1110,70,-7036,-586,-3096,-1215,-1553,-1967
586,528,-1059,1018,1097,52,-7007,-572,-3062,-1188,-1540,-1955
565,533,-1046,1015,1076,34,-6978,-568,-3035,-1169,-1530,-1948
547,537,-1037,1015,1058,18,-6950,-558,-3009,-1150,-1515,-1940
527,541,-1026,1015,1039,1,-6922,-548,-2983,-1130,-1499,-1935
503,545,-1012,1012,1014,-19,-6896,-547,-2959,-1117,-1486,-1935
473,547,-992,1005,981,-43,-6874,-556,-2938,-1111,-1476,-1936
442,551,-973,1002,948,-69,-6851,-562,-2915,-1100,-1467,-1934
411,554,-952,996,914,-93,-6829,-568,-2894,-1088,-1460,-1931
391,556,-943,998,894,-112,-6804,-568,-2870,-1071,-1450,-1925
378,557,-939,1003,883,-124,-6784,-563,-2846,-1054,-1436,-1923
364,558,-933,1006,869,-137,-6768,-560,-2822,-1037,-1425,-1924
353,564,-936,1018,863,-152,-6755,-557,-2800,-1023,-1417,-1925
338,573,-938,1031,854,-171,-6751,-565,-2786,-1019,-1415,-1931
318,585,-936,1043,838,-194,-6751,-578,-2775,-1021,-1418,-1940
301,596,-936,1055,826,-216,-6750,-586,-2764,-1023,-1418,-1946
287,611,-942,1073,821,-237,-6752,-595,-2756,-1027,-1416,-1949
271,627,-946,1089,811,-260,-6753,-611,-2753,-1039,-1416,-1951
247,639,-936,1092,788,-285,-6758,-636,-2756,-1054,-1420,-1956
218,645,-916,1084,755,-309,-6767,-667,-2760,-1068,-1427,-1964
191,647,-892,1069,720,-330,-6774,-701,-2762,-1082,-1438,-1975
168,649,-870,1055,689,-347,-6781,-737,-2762,-1095,-1452,-1989
148,650,-851,1041,663,-361,-6783,-768,-2757,-1101,-1465,-2001
121,650,-822,1018,625,-378,-6785,-799,-2753,-1112,-1484,-2014
93,649,-790,992,585,-396,-6786,-827,-2750,-1125,-1505,-2029
68,647,-760,966,548,-410,-6785,-855,-2747,-1141,-1526,-2047
46,644,-731,939,513,-422,-6786,-883,-2745,-1159,-1546,-2066
20,644,-700,912,476,-437,-6786,-912,-2743,-1180,-1569,-2084
-4,646,-673,889,442,-454,-6784,-941,-2738,-1193,-1586,-2098
-32,649,-641,863,402,-473,-6782,-980,-2736,-1207,-1603,-2115
-67,658,-608,841,357,-501,-6778,-1026,-2733,-1216,-1623,-2133
-101,673,-582,826,317,-533,-6771,-1064,-2722,-1215,-1635,-2144
-141,692,-552,812,271,-570,-6766,-1099,-2707,-1211,-1644,-2155
-182,713,-524,800,225,-610,-6755,-1130,-2682,-1197,-1648,-2164
-224,736,-498,793,180,-652,-6740,-1154,-2650,-1180,-1649,-2168
-270,759,-467,782,130,-697,-6724,-1174,-2617,-1167,-1651,-2175
-321,784,-434,772,74,-746,-6708,-1201,-2587,-1162,-1658,-2186
-372,810,-403,765,19,-796,-6693,-1228,-2561,-1159,-1668,-2198
-416,839,-383,768,-23,-843,-6673,-1248,-2533,-1151,-1671,-2208
-455,867,-366,774,-60,-886,-6654,-1262,-2502,-1141,-1671,-2216
-494,891,-348,778,-98,-927,-6634,-1274,-2472,-1130,-1669,-2224
-532,910,-327,777,-137,-964,-6612,-1284,-2440,-1118,-1667,-2234
-567,921,-300,769,-178,-995,-6588,-1300,-2409,-1110,-1669,-2247
-597,930,-279,764,-212,-1020,-6557,-1312,-2380,-1102,-1667,-2258
-628,935,-253,755,-250,-1043,-6526,-1327,-2356,-1099,-1667,-2270
-658,936,-224,741,-289,-1063,-6494,-1344,-2335,-1099,-1666,-2279
-686,931,-195,725,-328,-1079,-6464,-1358,-2316,-1101,-1666,-2290
-708,924,-169,711,-359,-1089,-6434,-1364,-2294,-1098,-1661,-2296
-725,914,-147,696,-386,-1093,-6407,-1370,-2268,-1088,-1653,-2299
-730,906,-138,693,-395,-1092,-6379,-1376,-2240,-1069,-1637,-2296
-724,893,-138,692,-391,-1079,-6351,-1382,-2212,-1046,-1613,-2290
-718,874,-133,685,-390,-1063,-6324,-1390,-2182,-1023,-1589,-2283
-704,854,-134,681,-380,-1041,-6297,-1391,-2147,-989,-1559,-2272
-689,836,-137,679,-367,-1018,-6272,-1395,-2116,-956,-1531,-2262
-676,820,-143,680,-355,-999,-6252,-1403,-2088,-926,-1504,-2253
-655,805,-155,685,-333,-975,-6232,-1405,-2058,-889,-1473,-2241
-626,789,-175,695,-299,-945,-6214,-1393,-2021,-846,-1433,-2224
-595,772,-195,702,-264,-913,-6192,-1376,-1979,-804,-1390,-2207
-572,748,-200,693,-245,-881,-6174,-1370,-1939,-767,-1352,-2193
-554,721,-195,674,-235,-851,-6160,-1376,-1903,-733,-1317,-2185
-538,695,-189,655,-227,-822,-6147,-1388,-1870,-700,-1286,-2179
-522,671,-184,635,-219,-796,-6138,-1407,-1838,-673,-1259,-2172
-501,648,-184,617,-204,-766,-6129,-1428,-1803,-648,-1232,-2165
-489,626,-175,593,-201,-743,-6120,-1457,-1770,-635,-1212,-2161
-478,609,-168,572,-197,-725,-6109,-1487,-1738,-631,-1195,-2161
-464,596,-170,558,-186,-707,-6097,-1514,-1708,-633,-1179,-2163
-450,589,-174,550,-172,-693,-6085,-1540,-1678,-635,-1161,-2165
-441,585,-177,541,-164,-685,-6077,-1565,-1650,-637,-1145,-2171
-436,586,-179,534,-159,-683,-6070,-1585,-1619,-640,-1129,-2176
-442,586,-170,518,-169,-686,-6062,-1608,-1589,-646,-1119,-2184
-452,583,-151,495,-189,-692,-6053,-1634,-1560,-651,-1113,-2196
-457,580,-138,475,-201,-693,-6042,-1654,-1529,-650,-1102,-2205
-466,577,-122,453,-219,-698,-6029,-1675,-1502,-654,-1092,-2217
-475,576,-106,433,-238,-704,-6013,-1692,-1471,-652,-1077,-2227
-479,575,-95,419,-249,-706,-5993,-1704,-1435,-641,-1058,-2233
-483,578,-88,409,-259,-711,-5972,-1715,-1393,-627,-1039,-2237
-496,583,-77,400,-277,-723,-5949,-1734,-1351,-613,-1023,-2244
-510,590,-64,392,-298,-738,-5927,-1755,-1307,-597,-1008,-2251
-515,598,-63,393,-305,-747,-5902,-1769,-1258,-570,-986,-2254
-509,603,-70,400,-298,-747,-5876,-1778,-1208,-543,-959,-2254
-501,604,-78,407,-290,-742,-5852,-1784,-1162,-518,-929,-2249
-493,604,-84,411,-283,-737,-5830,-1790,-1119,-495,-899,-2244
-487,601,-87,413,-280,-731,-5815,-1799,-1081,-479,-875,-2246
-474,598,-98,422,-266,-720,-5798,-1803,-1042,-458,-850,-2248
-458,589,-106,426,-252,-704,-5779,-1802,-1001,-440,-823,-2252
-449,579,-108,426,-246,-691,-5761,-1803,-964,-422,-798,-2258
-446,568,-103,422,-247,-681,-5745,-1805,-929,-405,-775,-2265
-443,557,-98,417,-249,-672,-5729,-1805,-895,-391,-753,-2270
-443,546,-92,412,-253,-664,-5719,-1808,-866,-382,-734,-2276
-438,538,-94,414,-247,-654,-5708,-1805,-835,-366,-708,-2275
-425,531,-103,422,-231,-640,-5695,-1793,-804,-347,-673,-2271
-419,525,-108,427,-222,-631,-5682,-1787,-774,-333,-641,-2269
-413,525,-118,438,-210,-626,-5669,-1786,-744,-318,-605,-2264
-412,525,-123,447,-203,-624,-5656,-1784,-712,-297,-570,-2258
-418,528,-123,453,-205,-628,-5643,-1778,-683,-278,-538,-2252
-424,535,-127,464,-204,-636,-5630,-1768,-655,-266,-505,-2248
-426,543,-134,476,-198,-641,-5616,-1755,-628,-254,-468,-2241
-429,550,-138,485,-196,-647,-5599,-1744,-602,-247,-431,-2236
-438,553,-133,483,-204,-654,-5585,-1742,-580,-248,-404,-2237
-450,557,-125,481,-216,-664,-5573,-1745,-559,-249,-382,-2239
-461,562,-118,479,-226,-674,-5557,-1756,-532,-246,-360,-2237
-468,566,-113,476,-234,-682,-5540,-1772,-501,-235,-335,-2233
-469,569,-113,475,-235,-685,-5523,-1788,-470,-224,-308,-2226
-474,569,-105,466,-244,-689,-5510,-1807,-449,-224,-289,-2222
-479,570,-98,458,-252,-693,-5493,-1820,-434,-229,-274,-2222
-484,571,-92,450,-261,-698,-5474,-1829,-421,-236,-258,-2220
-489,575,-88,445,-267,-704,-5454,-1837,-410,-242,-240,-2215
-496,579,-82,439,-276,-713,-5437,-1846,-402,-250,-224,-2207
-504,586,-77,435,-287,-725,-5420,-1854,-393,-256,-205,-2200
-524,592,-61,423,-312,-743,-5403,-1871,-385,-262,-193,-2195
-552,600,-36,407,-349,-768,-5381,-1890,-374,-269,-182,-2192
-575,607,-18,395,-376,-789,-5361,-1910,-362,-272,-167,-2187
-604,620,3,385,-411,-817,-5345,-1937,-355,-285,-155,-2185
-637,638,20,383,-445,-852,-5328,-1960,-345,-293,-141,-2178
-662,656,30,385,-468,-881,-5306,-1972,-332,-294,-122,-2166
-678,667,38,384,-486,-899,-5284,-1975,-319,-291,-102,-2155
-695,671,51,376,-506,-913,-5262,-1980,-306,-286,-86,-2143
-709,672,66,366,-525,-923,-5234,-1983,-290,-274,-72,-2129
-714,674,69,366,-531,-927,-5201,-1980,-266,-249,-50,-2109
-712,678,63,373,-526,-928,-5168,-1982,-238,-219,-25,-2087
-708,683,53,383,-516,-927,-5139,-1990,-211,-188,2,-2064
-701,685,43,394,-504,-924,-5109,-2000,-184,-159,29,-2045
-694,684,35,401,-494,-918,-5081,-2010,-156,-136,54,-2027
-678,681,20,413,-472,-905,-5052,-2012,-125,-108,87,-2008
-661,675,6,422,-450,-888,-5025,-2012,-94,-84,123,-1993
-644,668,-8,431,-430,-872,-5002,-2013,-68,-63,157,-1982
-631,663,-20,441,-411,-859,-4982,-2011,-42,-44,190,-1971
-616,662,-38,458,-388,-848,-4960,-2006,-16,-25,223,-1961
-602,660,-54,473,-366,-836,-4939,-2010,4,-14,253,-1951
-582,658,-76,491,-337,-821,-4916,-2011,24,-1,284,-1939
-555,653,-102,511,-299,-800,-4888,-2000,45,17,323,-1923
-535,645,-119,523,-273,-781,-4857,-1991,61,29,354,-1910
-513,638,-137,535,-245,-763,-4821,-1977,76,41,386,-1898
-497,631,-150,544,-225,-748,-4785,-1960,85,43,413,-1891
-490,624,-155,547,-215,-739,-4749,-1944,91,38,433,-1887
-482,616,-158,546,-207,-730,-4712,-1929,97,29,449,-1887
-469,605,-163,546,-194,-716,-4675,-1916,102,23,467,-1886
-457,593,-166,541,-184,-701,-4644,-1913,107,17,485,-1886
-456,577,-154,524,-190,-691,-4621,-1923,108,5,495,-1890
-459,562,-137,503,-203,-685,-4600,-1938,106,-5,502,-1898
-460,549,-124,484,-213,-679,-4578,-1951,105,-7,510,-1905
-460,539,-114,469,-221,-675,-4552,-1959,106,-2,520,-1914
-455,532,-112,460,-219,-668,-4522,-1962,108,10,532,-1923
-455,523,-101,444,-227,-664,-4494,-1969,109,15,536,-1934
-453,515,-93,428,-232,-659,-4467,-1976,110,24,539,-1944
-448,508,-88,414,-234,-652,-4441,-1980,115,37,545,-1950
-441,503,-86,404,-232,-645,-4419,-1988,126,51,556,-1954
-436,499,-82,391,-233,-639,-4403,-1999,137,64,567,-1959
-432,496,-78,381,-234,-634,-4389,-2005,151,79,582,-1961
-436,494,-66,364,-246,-635,-4375,-2011,164,88,593,-1964
-450,493,-46,344,-270,-642,-4357,-2021,179,91,597,-1966
-457,496,-35,333,-282,-648,-4337,-2028,196,98,603,-1966
-465,494,-19,316,-299,-650,-4316,-2040,215,101,607,-1967
-476,495,-3,301,-317,-656,-4290,-2050,241,112,614,-1962
-485,496,11,289,-333,-661,-4260,-2058,270,130,624,-1954
-493,493,27,273,-350,-663,-4231,-2068,302,151,634,-1946
-503,487,46,255,-369,-663,-4206,-2082,332,163,641,-1941
-511,486,60,243,-384,-665,-4183,-2094,359,165,643,-1937
-511,488,61,244,-384,-665,-4152,-2097,385,169,647,-1932
-503,492,51,253,-373,-659,-4117,-2100,412,173,656,-1928
-493,489,44,258,-361,-649,-4078,-2100,436,175,669,-1925
-483,486,38,263,-351,-638,-4040,-2099,458,175,685,-1923
-480,484,36,266,-347,-632,-4006,-2102,479,173,695,-1922
-469,483,25,277,-333,-623,-3971,-2102,498,176,709,-1920
-459,481,15,287,-319,-613,-3937,-2102,517,183,724,-1918
-454,476,12,292,-314,-605,-3903,-2102,536,192,738,-1919
-453,469,14,292,-315,-599,-3871,-2101,555,206,754,-1921
-452,465,12,296,-313,-596,-3838,-2098,577,224,771,-1920
-449,462,7,303,-308,-592,-3806,-2099,598,244,784,-1919
-439,463,-10,322,-289,-586,-3774,-2101,620,269,798,-1915
-419,464,-38,347,-257,-574,-3744,-2099,641,298,817,-1909
-402,462,-59,364,-232,-563,-3721,-2102,657,318,829,-1908
-386,461,-81,383,-207,-554,-3699,-2102,672,335,835,-1905
-368,456,-100,397,-182,-541,-3674,-2096,690,350,839,-1902
-357,450,-111,405,-167,-532,-3647,-2086,709,365,845,-1896
-349,448,-122,413,-154,-527,-3619,-2076,728,380,851,-1889
-338,447,-138,425,-136,-523,-3588,-2064,747,395,859,-1879
-329,451,-155,440,-119,-522,-3559,-2052,765,401,867,-1871
-332,456,-160,447,-117,-530,-3539,-2047,777,395,867,-1869
-346,463,-156,448,-129,-546,-3527,-2051,784,386,863,-1869
-359,468,-149,445,-142,-560,-3516,-2063,790,379,861,-1870
-371,469,-140,438,-155,-571,-3503,-2079,794,372,859,-1871
-378,473,-137,435,-162,-579,-3487,-2089,803,372,862,-1868
-391,476,-127,426,-177,-591,-3471,-2100,814,371,860,-1867
-401,481,-120,420,-189,-601,-3453,-2106,829,372,858,-1864
-407,487,-118,418,-194,-610,-3435,-2109,844,373,854,-1858
-409,497,-123,423,-192,-617,-3416,-2106,862,378,852,-1849
-414,509,-127,428,-192,-628,-3398,-2105,879,380,852,-1839
-419,522,-130,433,-194,-639,-3383,-2103,895,382,853,-1829
-431,529,-120,426,-209,-651,-3371,-2105,909,379,852,-1823
-452,533,-98,409,-237,-665,-3360,-2114,921,375,845,-1820
-465,534,-79,392,-259,-672,-3345,-2122,934,377,843,-1815
-481,530,-53,368,-286,-678,-3334,-2136,942,373,837,-1813
-495,527,-29,347,-311,-683,-3325,-2158,948,363,830,-1811
-506,524,-10,329,-331,-686,-3317,-2179,959,358,831,-1805
-514,516,13,306,-352,-685,-3310,-2195,976,365,836,-1796
-525,505,42,277,-378,-682,-3305,-2212,995,377,838,-1786
-538,495,70,251,-405,-682,-3299,-2232,1012,388,837,-1776
-543,491,85,238,-417,-682,-3288,-2244,1030,400,839,-1763
-540,489,89,234,-418,-677,-3272,-2248,1050,412,847,-1746
-534,487,89,233,-414,-671,-3254,-2250,1065,420,856,-1731
-529,486,88,235,-409,-667,-3236,-2254,1076,423,864,-1720
-531,488,92,236,-413,-670,-3222,-2261,1082,417,869,-1715
-530,489,91,240,-411,-670,-3207,-2262,1088,414,875,-1709
-528,486,93,240,-411,-668,-3192,-2264,1097,415,885,-1703
-528,478,100,234,-416,-665,-3176,-2271,1110,416,894,-1700
-533,472,111,226,-426,-665,-3162,-2275,1126,416,904,-1699
-535,465,118,221,-432,-663,-3147,-2275,1147,422,914,-1696
-532,452,123,214,-432,-654,-3133,-2275,1169,428,924,-1692
-518,440,117,215,-419,-639,-3114,-2270,1190,437,939,-1684
-493,426,100,221,-391,-614,-3096,-2257,1215,447,964,-1671
-474,410,91,221,-372,-592,-3084,-2248,1241,454,986,-1664
-454,395,78,223,-350,-570,-3074,-2239,1270,467,1011,-1657
-436,382,64,227,-329,-551,-3066,-2233,1296,476,1034,-1653
-419,366,55,226,-312,-530,-3058,-2230,1318,479,1050,-1654
-402,348,48,222,-295,-507,-3050,-2220,1343,486,1068,-1652
-383,332,34,222,-273,-484,-3039,-2201,1369,498,1087,-1649
-362,319,19,225,-248,-462,-3023,-2180,1392,509,1107,-1649
-351,307,12,223,-236,-446,-3006,-2166,1409,516,1121,-1653
-349,294,17,211,-237,-436,-2990,-2159,1422,520,1130,-1657
-347,278,25,196,-240,-424,-2973,-2152,1438,526,1137,-1658
-343,261,34,177,-243,-408,-2956,-2144,1456,527,1140,-1658
-329,241,36,161,-235,-384,-2935,-2128,1478,532,1145,-1655
-320,220,47,138,-236,-364,-2912,-2112,1504,535,1147,-1654
-312,199,58,114,-238,-343,-2882,-2091,1538,545,1148,-1651
-300,177,71,89,-239,-319,-2846,-2062,1576,560,1148,-1648
-287,156,80,65,-237,-295,-2803,-2024,1622,581,1152,-1645
-278,141,92,44,-239,-277,-2758,-1975,1674,606,1159,-1643
-274,132,103,27,-245,-267,-2709,-1910,1737,638,1169,-1641
-278,126,119,9,-259,-263,-2659,-1836,1806,670,1180,-1639
-291,123,142,-13,-284,-268,-2610,-1766,1878,701,1186,-1641
-300,123,160,-28,-303,-272,-2559,-1691,1963,747,1201,-1639
-310,123,179,-45,-324,-276,-2510,-1616,2055,804,1218,-1633
-313,122,193,-58,-337,-276,-2463,-1538,2155,872,1240,-1623
-304,119,196,-66,-335,-267,-2417,-1456,2268,948,1270,-1607
-291,113,197,-74,-329,-252,-2371,-1367,2393,1032,1306,-1587
-276,104,200,-84,-323,-235,-2326,-1278,2529,1124,1346,-1563
-256,96,196,-88,-308,-215,-2278,-1191,2673,1226,1391,-1531
-221,90,172,-78,-271,-187,-2227,-1101,2826,1346,1447,-1485
-174,83,137,-60,-218,-150,-2180,-1013,2985,1471,1512,-1431
-122,72,98,-40,-158,-108,-2142,-931,3146,1599,1580,-1372
-64,61,54,-19,-92,-62,-2114,-861,3310,1736,1651,-1308
-6,46,13,1,-26,-15,-2099,-809,3473,1876,1724,-1243
61,29,-39,26,52,40,-2089,-761,3641,2029,1812,-1171
133,7,-90,48,134,101,-2084,-716,3818,2196,1913,-1090
207,-20,-139,65,216,167,-2080,-667,4008,2379,2022,-1004
276,-45,-187,83,295,227,-2077,-610,4210,2570,2137,-915
346,-67,-241,107,378,286,-2074,-535,4428,2775,2262,-817
416,-86,-296,135,463,343,-2069,-445,4662,2986,2393,-713
491,-103,-360,168,557,403,-2060,-337,4913,3212,2537,-602
578,-121,-436,209,668,470,-2047,-207,5183,3449,2696,-483
662,-139,-508,247,773,536,-2034,-64,5467,3695,2858,-360
749,-151,-590,296,888,599,-2015,89,5762,3954,3026,-233
835,-158,-676,350,1005,659,-2001,245,6059,4220,3198,-102
920,-164,-762,405,1122,718,-1988,398,6355,4486,3372,28
1005,-165,-854,466,1242,774,-1977,548,6655,4766,3555,164
1097,-163,-953,535,1372,832,-1965,703,6966,5066,3755,311
1193,-161,-1056,605,1506,894,-1950,872,7288,5383,3968,466
1281,-158,-1152,670,1630,950,-1938,1048,7615,5707,4186,619
1357,-148,-1242,737,1742,993,-1929,1225,7947,6043,4407,774
1427,-127,-1337,814,1853,1025,-1920,1410,8292,6399,4636,937
1499,-103,-1435,894,1967,1057,-1904,1605,8650,6777,4876,1112
1578,-79,-1540,980,2090,1094,-1884,1811,9017,7173,5135,1296
1645,-50,-1637,1062,2200,1119,-1867,2016,9384,7576,5398,1482
1706,-13,-1735,1150,2304,1135,-1852,2222,9755,7988,5664,1673
1765,31,-1836,1245,2411,1146,-1838,2429,10139,8415,5941,1870
1823,80,-1942,1346,2519,1153,-1823,2630,10535,8854,6229,2074
1871,139,-2047,1452,2620,1146,-1816,2818,10935,9301,6525,2282
1908,210,-2152,1567,2713,1124,-1818,2996,11337,9760,6833,2500
1929,291,-2250,1683,2792,1086,-1829,3162,11733,10223,7146,2724
1931,382,-2339,1800,2851,1027,-1843,3305,12114,10671,7455,2946
1930,482,-2434,1926,2912,961,-1854,3439,12477,11105,7765,3165
1917,586,-2519,2049,2959,885,-1865,3555,12812,11504,8065,3379
1895,694,-2600,2172,2997,799,-1879,3643,13108,11856,8343,3581
1866,806,-2676,2294,3027,707,-1902,3696,13352,12154,8598,3770
1823,915,-2737,2405,3038,606,-1938,3707,13532,12381,8818,3938
1763,1024,-2780,2502,3026,494,-1985,3673,13645,12533,9000,4085
1688,1133,-2809,2593,2995,373,-2035,3602,13693,12608,9145,4214
1613,1245,-2841,2687,2966,248,-2084,3510,13684,12613,9259,4326
1534,1359,-2872,2783,2934,120,-2131,3403,13621,12549,9343,4422
1445,1472,-2894,2873,2888,-15,-2186,3283,13509,12422,9392,4497
1342,1588,-2905,2959,2827,-161,-2250,3147,13350,12236,9407,4554
1222,1708,-2905,3041,2747,-321,-2333,2985,13139,11992,9386,4591
1100,1834,-2909,3130,2668,-487,-2431,2806,12885,11707,9338,4613
975,1957,-2908,3216,2583,-654,-2547,2606,12594,11386,9265,4618
849,2076,-2902,3296,2496,-817,-2682,2385,12281,11051,9174,4615
727,2187,-2894,3370,2409,-973,-2840,2140,11953,10714,9069,4606
619,2290,-2893,3444,2336,-1113,-3022,1875,11618,10389,8962,4601
527,2383,-2897,3514,2277,-1236,-3235,1574,11270,10071,8852,4598
456,2466,-2913,3587,2239,-1339,-3483,1235,10905,9761,8743,4602
414,2537,-2946,3663,2233,-1414,-3768,865,10519,9457,8642,4615
381,2599,-2979,3732,2233,-1476,-4092,450,10105,9141,8538,4632
361,2653,-3018,3799,2245,-1525,-4449,-1,9663,8821,8433,4654
350,2697,-3055,3858,2262,-1560,-4841,-490,9191,8495,8325,4678
345,2730,-3086,3905,2278,-1585,-5264,-1017,8684,8156,8210,4696
344,2754,-3113,3943,2296,-1600,-5720,-1580,8143,7806,8088,4709
350,2773,-3140,3976,2318,-1608,-6207,-2176,7571,7440,7960,4715
354,2788,-3161,4002,2335,-1614,-6719,-2805,6969,7050,7821,4707
344,2795,-3159,4007,2327,-1624,-7245,-3464,6334,6627,7655,4675
315,2795,-3131,3988,2289,-1643,-7768,-4147,5669,6168,7453,4615
267,2795,-3082,3955,2225,-1673,-8275,-4840,4983,5670,7214,4523
192,2797,-3007,3905,2127,-1723,-8753,-5532,4279,5127,6930,4392
89,2801,-2907,3838,1992,-1794,-9193,-6212,3558,4543,6604,4222
-52,2802,-2764,3740,1804,-1888,-9599,-6889,2818,3917,6230,4008
-222,2801,-2590,3619,1576,-2000,-9979,-7562,2065,3263,5817,3756
-419,2798,-2387,3476,1310,-2128,-10338,-8225,1303,2583,5372,3473
-630,2790,-2162,3316,1021,-2264,-10677,-8884,534,1889,4904,3170
-856,2774,-1917,3136,707,-2403,-11002,-9542,-245,1184,4414,2851
-1095,2753,-1651,2938,371,-2549,-11312,-10197,-1041,462,3905,2515
-1355,2726,-1359,2720,4,-2704,-11608,-10855,-1867,-290,3372,2158
-1642,2696,-1038,2480,-401,-2877,-11884,-11530,-2730,-1074,2811,1781
-1938,2668,-709,2237,-818,-3056,-12138,-12214,-3630,-1883,2238,1393
-2247,2637,-366,1983,-1252,-3242,-12378,-12912,-4567,-2710,1651,994
-2565,2611,-18,1729,-1697,-3437,-12606,-13625,-5539,-3546,1055,590
-2892,2592,331,1480,-2147,-3643,-12816,-14345,-6545,-4386,453,183
-3236,2584,685,1236,-2614,-3868,-13008,-15071,-7585,-5236,-158,-234
-3606,2593,1049,997,-3104,-4122,-13181,-15801,-8653,-6101,-786,-661
-4002,2621,1416,769,-3614,-4405,-13330,-16521,-9734,-6969,-1426,-1097
-4409,2670,1775,562,-4126,-4709,-13454,-17204,-10805,-7820,-2065,-1536
-4822,2734,2124,373,-4635,-5028,-13554,-17833,-11841,-8638,-2692,-1971
-5244,2812,2467,197,-5147,-5362,-13632,-18392,-12819,-9410,-3301,-2398
-5669,2902,2799,38,-5653,-5706,-13689,-18867,-13713,-10113,-3884,-2812
-6091,3001,3120,-107,-6151,-6054,-13728,-19259,-14512,-10740,-4435,-3210
-6487,3102,3412,-231,-6611,-6385,-13748,-19562,-15205,-11278,-4940,-3585
-6848,3192,3679,-344,-7031,-6687,-13751,-19780,-15792,-11730,-5396,-3931
-7171,3268,3921,-449,-7409,-6954,-13739,-19917,-16270,-12093,-5802,-4241
-7452,3331,4136,-545,-7742,-7184,-13711,-19984,-16646,-12375,-6158,-4514
-7686,3381,4315,-624,-8018,-7374,-13669,-19982,-16931,-12586,-6462,-4754
-7875,3418,4462,-691,-8244,-7526,-13616,-19920,-17134,-12735,-6721,-4962
-8018,3443,4574,-743,-8415,-7640,-13550,-19803,-17258,-12819,-6937,-5141
-8108,3451,4651,-782,-8527,-7707,-13468,-19638,-17308,-12840,-7107,-5291
-8164,3442,4710,-822,-8605,-7739,-13374,-19441,-17296,-12818,-7243,-5417
-8180,3420,4744,-854,-8639,-7737,-13265,-19209,-17226,-12751,-7343,-5515
-8161,3385,4755,-880,-8633,-7702,-13150,-18948,-17104,-12646,-7408,-5589
-8112,3339,4748,-902,-8595,-7640,-13030,-18665,-16937,-12508,-7445,-5642
-8030,3282,4720,-919,-8521,-7549,-12900,-18356,-16726,-12338,-7452,-5674
-7913,3213,4671,-932,-8409,-7426,-12758,-18019,-16474,-12134,-7423,-5683
-7769,3129,4609,-946,-8269,-7275,-12602,-17653,-16180,-11900,-7364,-5670
-7612,3032,4550,-973,-8123,-7106,-12434,-17265,-15850,-11643,-7286,-5642
-7445,2925,4491,-1008,-7969,-6923,-12249,-16859,-15484,-11364,-7190,-5600
-7264,2815,4423,-1040,-7800,-6729,-12042,-16431,-15083,-11060,-7073,-5544
-7076,2704,4348,-1069,-7621,-6529,-11815,-15984,-14649,-10738,-6937,-5475
-6876,2592,4265,-1094,-7428,-6320,-11571,-15519,-14190,-10400,-6782,-5395
-6676,2476,4187,-1127,-7239,-6108,-11318,-15053,-13717,-10059,-6623,-5312
-6475,2360,4108,-1159,-7047,-5895,-11054,-14583,-13232,-9714,-6461,-5226
-6270,2247,4023,-1186,-6850,-5681,-10782,-14108,-12735,-9361,-6293,-5136
-6061,2137,3930,-1206,-6645,-5466,-10502,-13632,-12228,-9004,-6116,-5044
-5853,2028,3839,-1226,-6442,-5252,-10214,-13157,-11720,-8657,-5938,-4952
-5647,1920,3748,-1245,-6240,-5040,-9918,-12680,-11213,-8311,-5757,-4857
-5446,1811,3663,-1269,-6046,-4831,-9619,-12205,-10706,-7967,-5572,-4761
-5259,1706,3588,-1296,-5869,-4633,-9321,-11739,-10202,-7632,-5392,-4664
-5072,1609,3505,-1311,-5686,-4440,-9019,-11272,-9697,-7297,-5207,-4562
-4894,1516,3424,-1324,-5512,-4257,-8712,-10808,-9197,-6966,-5023,-4457
-4720,1429,3342,-1331,-5340,-4081,-8399,-10348,-8702,-6640,-4839,-4354
-4547,1345,3256,-1332,-5167,-3907,-8082,-9889,-8210,-6311,-4652,-4247
-4377,1260,3173,-1335,-4999,-3736,-7761,-9432,-7722,-5982,-4464,-4135
-4214,1174,3097,-1343,-4840,-3569,-7437,-8983,-7238,-5657,-4279,-4021
-4057,1089,3024,-1349,-4688,-3407,-7110,-8546,-6762,-5339,-4098,-3905
-3898,1012,2940,-1342,-4529,-3250,-6784,-8113,-6291,-5020,-3911,-3784
-3735,941,2844,-1323,-4359,-3095,-6462,-7682,-5827,-4703,-3719,-3658
-3577,875,2747,-1297,-4191,-2947,-6151,-7259,-5379,-4396,-3531,-3534
-3427,818,2647,-1263,-4029,-2811,-5850,-6847,-4946,-4101,-3346,-3414
-3289,768,2552,-1226,-3877,-2689,-5556,-6446,-4527,-3815,-3168,-3298
-3152,721,2453,-1185,-3725,-2569,-5258,-6045,-4117,-3527,-2987,-3183
-3022,675,2360,-1146,-3581,-2456,-4960,-5650,-3717,-3248,-2806,-3070
-2899,627,2276,-1114,-3447,-2346,-4663,-5261,-3328,-2978,-2630,-2960
-2787,579,2201,-1088,-3327,-2243,-4373,-4876,-2950,-2716,-2462,-2855
-2679,534,2127,-1061,-3211,-2146,-4083,-4487,-2582,-2464,-2301,-2757
-2575,491,2056,-1033,-3099,-2052,-3796,-4104,-2232,-2227,-2151,-2667
-2471,450,1982,-1003,-2984,-1960,-3513,-3729,-1896,-2005,-2012,-2584
-2356,408,1899,-969,-2858,-1861,-3235,-3359,-1574,-1796,-1874,-2507
-2247,362,1828,-945,-2741,-1762,-2967,-3007,-1275,-1606,-1751,-2440
-2136,316,1754,-920,-2621,-1661,-2709,-2672,-993,-1431,-1637,-2380
-2025,270,1683,-898,-2504,-1560,-2459,-2354,-730,-1271,-1533,-2328
-1925,225,1623,-883,-2399,-1467,-2221,-2055,-488,-1127,-1440,-2283
-1831,184,1565,-868,-2299,-1379,-1991,-1773,-261,-995,-1354,-2244
-1740,150,1506,-848,-2201,-1298,-1774,-1504,-52,-878,-1276,-2208
-1654,120,1450,-830,-2106,-1222,-1570,-1248,137,-775,-1204,-2176
-1582,90,1410,-824,-2032,-1154,-1381,-1016,307,-691,-1145,-2150
-1522,58,1386,-830,-1975,-1092,-1205,-809,458,-619,-1097,-2131
-1467,27,1366,-840,-1924,-1034,-1040,-621,596,-552,-1059,-2117
-1418,-1,1351,-852,-1879,-980,-888,-452,722,-494,-1027,-2106
-1373,-22,1335,-861,-1835,-933,-748,-302,837,-441,-1000,-2096
-1341,-40,1331,-875,-1808,-896,-627,-178,938,-400,-983,-2091
-1316,-51,1327,-887,-1785,-867,-520,-72,1028,-364,-971,-2089
-1291,-57,1318,-893,-1759,-842,-422,22,1109,-328,-961,-2086
-1264,-60,1305,-894,-1728,-817,-329,106,1183,-292,-951,-2080
-1239,-61,1293,-895,-1699,-794,-244,178,1250,-260,-944,-2075
-1217,-62,1283,-898,-1673,-773,-167,243,1311,-228,-938,-2066
-1200,-65,1280,-907,-1656,-754,-101,300,1369,-195,-932,-2055
-1194,-70,1290,-925,-1654,-741,-45,347,1421,-162,-933,-2044
-1186,-73,1294,-936,-1648,-729,9,393,1476,-122,-929,-2027
-1182,-77,1302,-951,-1647,-719,59,438,1527,-87,-927,-2010
-1179,-80,1310,-964,-1646,-710,108,483,1578,-56,-924,-1991
-1171,-84,1312,-973,-1639,-699,160,532,1631,-21,-914,-1965
-1161,-92,1314,-983,-1632,-684,214,580,1685,20,-899,-1936
-1152,-105,1321,-998,-1628,-668,267,627,1740,66,-885,-1907
-1138,-122,1326,-1015,-1621,-646,321,676,1801,120,-867,-1875
-1113,-141,1320,-1023,-1599,-616,378,735,1869,188,-840,-1837
-1078,-160,1302,-1023,-1563,-580,438,804,1945,267,-803,-1792
-1042,-181,1285,-1023,-1528,-543,497,876,2021,344,-760,-1748
-1004,-203,1264,-1021,-1489,-505,555,954,2096,416,-718,-1702
-966,-228,1247,-1021,-1453,-466,611,1033,2170,481,-680,-1661
-923,-253,1222,-1016,-1409,-423,668,1118,2249,551,-637,-1620
-878,-280,1197,-1010,-1364,-379,724,1202,2326,617,-592,-1581
-836,-309,1176,-1009,-1325,-336,777,1281,2398,675,-550,-1549
-802,-338,1163,-1013,-1296,-297,827,1357,2466,725,-509,-1522
-775,-363,1153,-1015,-1273,-267,877,1436,2531,772,-471,-1499
-751,-387,1144,-1017,-1255,-240,928,1515,2593,812,-438,-1479
-727,-405,1130,-1012,-1232,-216,982,1594,2652,847,-406,-1462
-692,-420,1102,-996,-1192,-187,1037,1682,2709,882,-371,-1443
-662,-439,1082,-988,-1163,-159,1087,1770,2761,904,-344,-1430
-634,-453,1060,-976,-1132,-135,1133,1855,2807,921,-323,-1421
-610,-462,1038,-961,-1103,-116,1175,1935,2843,930,-306,-1417
-595,-468,1023,-950,-1085,-106,1213,2005,2868,926,-296,-1421
-585,-474,1012,-943,-1074,-98,1242,2066,2887,919,-292,-1427
-575,-479,1003,-936,-1063,-91,1264,2120,2901,913,-288,-1434
-566,-483,993,-929,-1051,-84,1282,2170,2908,905,-285,-1442
-564,-486,992,-929,-1051,-83,1294,2212,2911,891,-290,-1455
-571,-489,1000,-936,-1062,-87,1305,2249,2913,878,-302,-1471
-579,-490,1009,-943,-1074,-92,1314,2279,2914,867,-318,-1489
-587,-489,1017,-950,-1084,-97,1320,2298,2911,855,-338,-1511
-591,-486,1019,-951,-1087,-101,1324,2312,2907,847,-355,-1532
-603,-478,1026,-955,-1100,-113,1323,2320,2902,841,-375,-1552
-620,-464,1034,-955,-1116,-132,1318,2330,2903,839,-395,-1566
-635,-450,1039,-955,-1128,-149,1311,2343,2909,841,-415,-1579
-646,-437,1043,-954,-1136,-163,1310,2354,2919,846,-429,-1589
-658,-427,1052,-960,-1148,-175,1309,2361,2927,852,-441,-1598
-668,-419,1062,-969,-1159,-183,1303,2365,2934,860,-452,-1605
-677,-416,1075,-982,-1172,-188,1293,2366,2942,868,-461,-1611
-696,-413,1100,-1004,-1199,-199,1281,2361,2951,875,-475,-1613
-709,-407,1114,-1015,-1215,-208,1276,2366,2964,891,-481,-1610
-724,-396,1127,-1023,-1232,-221,1270,2377,2976,903,-488,-1608
-739,-383,1136,-1026,-1246,-237,1264,2385,2987,916,-499,-1608
-746,-374,1142,-1028,-1252,-244,1262,2398,3003,936,-504,-1604
-747,-372,1147,-1034,-1255,-243,1260,2414,3025,963,-504,-1595
-747,-375,1155,-1044,-1258,-238,1258,2430,3055,997,-503,-1583
-741,-381,1159,-1053,-1256,-228,1257,2446,3090,1034,-501,-1570
-723,-387,1150,-1052,-1236,-209,1260,2467,3131,1077,-494,-1553
-696,-392,1130,-1042,-1204,-187,1269,2492,3177,1122,-479,-1532
-670,-398,1111,-1032,-1173,-165,1278,2522,3223,1165,-463,-1514
-645,-404,1091,-1021,-1143,-144,1286,2556,3269,1208,-446,-1497
-621,-411,1073,-1012,-1115,-123,1296,2592,3313,1246,-430,-1483
-591,-418,1048,-997,-1078,-98,1314,2634,3357,1285,-411,-1466
-560,-428,1023,-982,-1040,-72,1334,2680,3399,1323,-388,-1448
-532,-438,1001,-971,-1007,-48,1354,2726,3438,1353,-364,-1433
-512,-445,983,-959,-983,-31,1369,2775,3471,1372,-343,-1422
-495,-448,963,-943,-960,-20,1382,2827,3501,1388,-324,-1412
-481,-449,944,-926,-939,-12,1394,2875,3527,1399,-310,-1402
-468,-448,923,-906,-918,-7,1405,2914,3549,1407,-300,-1396
-441,-450,891,-881,-881,9,1419,2960,3568,1412,-288,-1390
-422,-457,872,-868,-856,25,1428,3003,3583,1407,-282,-1389
-403,-464,852,-855,-833,38,1431,3046,3593,1397,-280,-1390
-384,-473,835,-845,-811,54,1432,3085,3596,1385,-282,-1392
-370,-485,826,-843,-798,68,1431,3122,3590,1372,-289,-1397
-358,-496,818,-842,-787,81,1429,3159,3580,1362,-297,-1403
-346,-504,808,-837,-774,91,1428,3199,3570,1360,-302,-1404
-336,-511,799,-833,-764,100,1427,3239,3559,1361,-304,-1402
-332,-519,799,-836,-763,105,1421,3270,3544,1353,-310,-1402
-339,-526,810,-847,-777,104,1411,3290,3527,1340,-321,-1405
-351,-529,822,-857,-795,96,1400,3305,3512,1333,-332,-1405
-365,-530,836,-867,-814,86,1384,3317,3497,1328,-342,-1406
-376,-528,844,-873,-828,77,1369,3329,3483,1325,-351,-1407
-392,-525,858,-881,-849,63,1348,3331,3465,1312,-370,-1414
-414,-516,873,-888,-873,43,1327,3331,3449,1296,-395,-1426
-435,-504,885,-892,-895,21,1307,3332,3432,1280,-420,-1438
-447,-497,894,-898,-908,9,1290,3335,3416,1268,-444,-1451
-455,-495,907,-909,-920,3,1275,3333,3401,1260,-466,-1461
-462,-494,919,-922,-931,0,1260,3324,3389,1257,-484,-1467
-468,-494,933,-937,-942,-2,1244,3311,3379,1250,-501,-1472
-484,-494,957,-959,-966,-11,1223,3290,3368,1235,-524,-1480
-494,-492,973,-973,-981,-16,1203,3274,3358,1224,-539,-1485
-506,-492,992,-991,-998,-21,1182,3258,3352,1217,-552,-1488
-518,-490,1011,-1007,-1016,-28,1164,3248,3354,1220,-558,-1485
-520,-488,1019,-1016,-1020,-28,1155,3253,3367,1238,-553,-1471
-517,-487,1022,-1021,-1017,-23,1150,3265,3388,1263,-547,-1452
-518,-485,1029,-1027,-1019,-22,1144,3276,3413,1290,-542,-1435
-522,-482,1037,-1034,-1024,-23,1134,3286,3438,1315,-539,-1418
-518,-478,1034,-1031,-1017,-21,1124,3298,3464,1345,-531,-1400
-505,-473,1022,-1020,-997,-12,1119,3317,3491,1382,-516,-1375
-491,-472,1010,-1012,-979,-1,1112,3337,3517,1419,-498,-1347
-482,-472,1005,-1008,-967,7,1106,3358,3539,1453,-478,-1321
-481,-474,1006,-1009,-966,11,1105,3379,3556,1477,-462,-1301
-474,-476,1001,-1005,-958,18,1107,3405,3575,1507,-443,-1280
-463,-481,994,-1000,-945,30,1107,3433,3596,1541,-421,-1258
-453,-490,989,-1000,-936,43,1103,3463,3619,1576,-399,-1237
-447,-500,990,-1003,-933,54,1098,3494,3640,1610,-374,-1219
-440,-511,989,-1005,-929,64,1093,3529,3663,1647,-348,-1202
-431,-526,988,-1011,-925,79,1088,3564,3684,1676,-323,-1189
-418,-543,985,-1016,-917,98,1083,3598,3704,1700,-301,-1179
-393,-559,967,-1011,-892,123,1082,3640,3726,1725,-272,-1167
-373,-576,954,-1009,-873,144,1077,3673,3737,1741,-250,-1162
-354,-587,937,-1002,-853,162,1069,3699,3741,1754,-235,-1160
-340,-592,920,-991,-836,171,1060,3724,3738,1762,-224,-1157
-331,-597,908,-984,-826,177,1049,3746,3730,1763,-218,-1159
-322,-601,895,-977,-816,182,1036,3761,3717,1760,-217,-1165
-309,-605,878,-967,-801,189,1024,3777,3702,1754,-217,-1171
-294,-610,861,-959,-783,199,1013,3794,3687,1746,-218,-1177
-284,-618,854,-959,-775,208,999,3806,3669,1733,-226,-1185
-278,-630,855,-970,-776,218,984,3812,3647,1716,-240,-1198
-272,-640,857,-979,-776,225,972,3813,3630,1704,-256,-1210
-269,-644,855,-982,-775,228,961,3809,3616,1695,-271,-1222
-261,-645,845,-978,-765,232,953,3809,3607,1695,-281,-1230
-258,-642,840,-976,-761,231,945,3804,3595,1691,-294,-1239
-262,-631,833,-967,-759,221,938,3794,3584,1687,-313,-1250
-266,-614,823,-953,-755,206,931,3783,3575,1687,-330,-1261
-266,-596,808,-934,-744,195,925,3774,3570,1689,-342,-1270
-268,-578,796,-918,-735,183,921,3763,3566,1694,-354,-1278
-274,-560,788,-906,-732,169,920,3755,3564,1702,-361,-1284
-283,-546,789,-901,-736,155,917,3749,3562,1713,-367,-1291
-307,-534,807,-909,-761,134,909,3737,3561,1720,-378,-1300
-326,-522,822,-915,-780,116,903,3731,3567,1734,-385,-1306
-346,-515,842,-926,-803,102,897,3724,3575,1747,-390,-1311
-367,-505,860,-935,-825,85,894,3719,3583,1763,-395,-1315
-379,-492,868,-934,-834,72,892,3722,3598,1785,-395,-1311
-386,-481,871,-930,-836,65,892,3727,3615,1810,-391,-1302
-391,-470,873,-926,-837,59,892,3729,3634,1839,-386,-1289
-392,-463,875,-923,-836,57,892,3730,3656,1871,-378,-1274
-387,-454,867,-912,-824,59,899,3739,3679,1908,-364,-1255
-373,-440,845,-888,-797,62,909,3754,3705,1949,-345,-1230
-361,-421,819,-857,-769,61,916,3768,3733,1984,-325,-1204
-351,-401,793,-825,-744,58,923,3782,3761,2014,-304,-1178
-343,-386,773,-799,-724,55,934,3795,3786,2038,-287,-1155
-329,-374,749,-772,-698,58,953,3811,3811,2062,-272,-1132
-311,-367,725,-748,-670,66,976,3827,3834,2083,-255,-1110
-293,-365,704,-728,-644,77,999,3845,3858,2106,-240,-1089
-276,-367,688,-714,-623,89,1017,3868,3879,2123,-229,-1073
-258,-372,670,-699,-600,102,1034,3895,3900,2135,-220,-1057
-239,-377,652,-686,-578,116,1055,3922,3920,2146,-214,-1040
-219,-384,633,-673,-554,131,1081,3944,3940,2152,-211,-1026
-187,-392,603,-652,-515,153,1113,3972,3958,2160,-201,-1011
-159,-407,582,-643,-485,177,1143,3995,3972,2157,-196,-1001
-132,-421,561,-634,-456,200,1174,4018,3983,2150,-191,-991
-108,-434,541,-626,-430,219,1201,4042,3991,2136,-187,-985
-92,-445,527,-621,-413,231,1223,4062,3995,2117,-188,-983
-78,-453,512,-613,-396,240,1244,4083,3999,2098,-190,-982
-57,-456,485,-595,-368,250,1266,4110,4003,2082,-189,-979
-35,-457,456,-575,-336,261,1288,4144,4006,2069,-182,-975
-21,-462,439,-567,-318,269,1306,4172,4006,2052,-176,-974
-17,-469,435,-569,-315,272,1316,4192,4004,2029,-180,-978
-11,-478,433,-575,-311,279,1328,4211,4001,2009,-187,-983
-2,-490,430,-582,-304,291,1344,4233,4001,1995,-196,-987
12,-499,422,-585,-291,305,1365,4262,4007,1985,-202,-987
21,-509,420,-592,-283,317,1387,4285,4011,1974,-212,-990
27,-516,420,-600,-280,326,1408,4303,4012,1962,-225,-994
34,-521,418,-605,-274,335,1425,4321,4011,1950,-238,-1000
43,-523,414,-608,-264,344,1439,4335,4008,1940,-251,-1007
47,-522,413,-610,-259,349,1453,4340,4004,1928,-263,-1015
49,-519,413,-612,-257,352,1467,4341,4001,1919,-269,-1021
50,-515,414,-614,-255,353,1482,4346,3999,1916,-270,-1025
40,-509,424,-621,-266,348,1490,4348,3995,1911,-279,-1031
36,-496,425,-617,-267,342,1502,4359,3997,1914,-285,-1030
31,-485,427,-615,-269,337,1512,4370,4000,1915,-293,-1027
24,-473,432,-614,-274,330,1520,4374,4005,1914,-300,-1020
21,-460,432,-610,-274,326,1530,4380,4014,1920,-300,-1008
21,-451,432,-607,-271,326,1542,4392,4023,1930,-298,-994
22,-444,435,-607,-270,328,1556,4406,4033,1939,-294,-981
23,-442,440,-611,-271,333,1573,4425,4047,1950,-288,-966
30,-439,440,-611,-265,340,1595,4453,4066,1970,-275,-945
43,-438,433,-607,-250,353,1624,4488,4090,1997,-256,-921
62,-440,424,-603,-231,370,1655,4525,4116,2025,-237,-901
80,-444,415,-600,-213,387,1687,4565,4143,2052,-216,-885
89,-448,414,-601,-206,397,1715,4603,4165,2069,-202,-873
97,-445,407,-593,-197,401,1745,4640,4183,2084,-188,-863
106,-440,395,-580,-184,403,1771,4676,4198,2099,-177,-853
114,-436,383,-567,-172,405,1794,4712,4215,2118,-164,-838
118,-433,375,-558,-166,404,1811,4751,4233,2136,-152,-821
120,-431,369,-550,-162,401,1828,4798,4254,2158,-138,-801
122,-432,364,-545,-159,399,1843,4840,4274,2180,-125,-782
127,-438,359,-542,-155,402,1857,4876,4296,2199,-114,-765
144,-445,344,-533,-135,413,1873,4916,4323,2221,-92,-745
156,-458,338,-534,-125,425,1885,4948,4346,2238,-74,-729
169,-470,329,-533,-112,436,1899,4975,4367,2256,-61,-711
180,-480,320,-531,-100,446,1913,5001,4388,2275,-50,-694
185,-488,314,-529,-94,449,1923,5020,4404,2290,-45,-684
189,-491,304,-522,-86,449,1932,5040,4417,2300,-45,-681
198,-491,286,-509,-69,450,1943,5071,4425,2305,-45,-678
212,-490,264,-492,-47,454,1953,5108,4431,2312,-42,-675
224,-496,248,-484,-29,462,1961,5139,4433,2311,-43,-676
229,-501,242,-483,-23,466,1965,5164,4435,2309,-49,-679
231,-503,236,-479,-17,466,1968,5181,4437,2307,-54,-682
234,-501,226,-471,-9,464,1969,5190,4438,2300,-61,-687
241,-496,211,-458,6,463,1970,5202,4442,2299,-67,-690
246,-497,204,-455,14,467,1970,5214,4447,2299,-78,-695
249,-497,201,-455,19,469,1973,5223,4451,2303,-94,-702
253,-495,194,-450,27,472,1980,5234,4456,2309,-109,-707
264,-493,183,-443,43,479,1991,5251,4464,2321,-119,-705
275,-491,171,-436,59,486,2002,5270,4476,2332,-126,-702
283,-486,161,-429,73,491,2009,5289,4490,2344,-129,-696
289,-480,153,-422,84,494,2012,5309,4504,2358,-131,-690
280,-472,160,-424,75,485,2014,5324,4518,2367,-138,-686
271,-460,162,-420,69,475,2020,5347,4537,2382,-141,-679
262,-451,169,-422,61,466,2028,5373,4552,2391,-141,-674
254,-446,178,-427,51,460,2038,5396,4567,2399,-143,-669
247,-436,183,-427,44,452,2051,5417,4583,2409,-146,-662
238,-424,187,-424,38,441,2060,5436,4600,2418,-149,-655
227,-415,197,-426,25,430,2068,5448,4616,2422,-157,-651
216,-411,211,-434,11,422,2076,5455,4632,2424,-169,-646
211,-408,220,-439,2,418,2091,5468,4651,2435,-176,-637
212,-404,222,-438,4,418,2111,5491,4676,2456,-177,-622
214,-402,224,-438,4,418,2130,5518,4704,2475,-176,-608
220,-403,225,-439,8,423,2148,5548,4732,2495,-176,-592
224,-407,230,-443,8,429,2160,5578,4758,2511,-181,-579
230,-410,229,-443,13,434,2172,5615,4787,2529,-182,-563
236,-410,227,-440,17,437,2183,5655,4814,2547,-180,-549
238,-409,225,-435,20,437,2195,5693,4836,2558,-179,-539
237,-407,225,-431,18,433,2208,5725,4857,2569,-178,-530
238,-405,220,-423,20,432,2223,5759,4879,2585,-176,-516
243,-404,212,-414,27,433,2239,5794,4898,2602,-171,-499
253,-406,200,-404,40,438,2253,5828,4917,2622,-166,-485
279,-409,172,-385,74,456,2271,5869,4937,2647,-151,-465
304,-419,150,-374,103,478,2283,5903,4952,2665,-141,-448
331,-429,126,-362,136,500,2294,5934,4966,2684,-134,-430
359,-438,100,-348,170,523,2302,5968,4978,2704,-127,-410
381,-449,79,-340,197,543,2306,6002,4989,2724,-122,-393
399,-459,62,-333,220,559,2310,6036,5002,2746,-116,-378
417,-466,41,-322,244,574,2311,6069,5014,2770,-106,-364
436,-469,16,-307,272,587,2308,6096,5026,2795,-92,-350
449,-473,-2,-296,293,597,2298,6111,5033,2810,-83,-339
453,-479,-8,-296,299,602,2286,6119,5034,2816,-84,-333
455,-486,-11,-299,303,608,2276,6127,5037,2819,-90,-328
458,-494,-13,-304,308,615,2269,6133,5042,2822,-97,-325
468,-502,-21,-305,320,627,2265,6145,5050,2831,-100,-321
476,-513,-22,-314,328,640,2258,6157,5060,2839,-104,-321
483,-524,-20,-325,333,654,2249,6164,5070,2846,-112,-324
492,-535,-20,-336,339,668,2245,6170,5085,2852,-119,-330
505,-543,-23,-343,353,685,2247,6174,5099,2856,-127,-337
517,-549,-28,-347,365,700,2251,6177,5114,2861,-135,-344
526,-550,-32,-349,377,711,2254,6180,5132,2871,-138,-348
531,-547,-34,-350,382,716,2259,6184,5152,2885,-137,-347
521,-545,-21,-361,369,712,2260,6180,5167,2891,-143,-350
515,-539,-13,-367,361,708,2264,6186,5184,2902,-146,-350
507,-535,0,-377,348,705,2273,6202,5202,2913,-145,-349
497,-531,16,-388,332,700,2286,6221,5222,2924,-145,-347
493,-528,27,-397,322,699,2304,6241,5246,2941,-141,-339
491,-526,37,-405,315,701,2324,6260,5272,2960,-138,-329
486,-524,49,-413,305,700,2344,6275,5301,2975,-140,-320
481,-523,61,-421,293,698,2365,6287,5331,2994,-143,-307
484,-522,65,-423,291,701,2388,6303,5363,3017,-141,-291
494,-518,58,-415,303,707,2414,6325,5400,3042,-133,-268
502,-512,50,-405,312,709,2438,6346,5434,3058,-123,-245
508,-506,41,-393,320,708,2459,6364,5461,3067,-114,-225
511,-500,35,-382,324,705,2476,6376,5483,3073,-109,-212
515,-491,24,-365,333,700,2492,6390,5503,3081,-104,-200
520,-484,11,-348,344,697,2506,6409,5526,3093,-95,-187
524,-479,-1,-332,353,693,2517,6428,5546,3102,-86,-175
524,-476,-7,-320,356,688,2527,6450,5566,3111,-79,-166
524,-473,-14,-309,359,682,2536,6477,5590,3127,-70,-155
524,-473,-21,-299,362,677,2548,6503,5619,3147,-60,-143
527,-475,-27,-291,367,676,2559,6531,5647,3170,-49,-132
545,-479,-48,-275,392,686,2572,6568,5680,3200,-29,-114
560,-487,-64,-266,412,697,2586,6602,5711,3223,-11,-101
577,-494,-81,-255,434,707,2602,6635,5744,3250,7,-87
594,-499,-102,-240,460,718,2616,6671,5776,3277,27,-69
608,-500,-122,-224,482,723,2626,6705,5805,3303,42,-54
619,-498,-143,-206,504,726,2634,6734,5833,3324,56,-40
633,-495,-166,-186,530,730,2645,6764,5862,3347,74,-24
652,-494,-192,-167,560,740,2661,6801,5891,3374,97,-6
670,-499,-211,-156,586,754,2681,6836,5918,3398,116,10
681,-507,-217,-157,599,766,2695,6863,5939,3411,129,20
686,-511,-220,-158,606,772,2706,6885,5959,3424,142,29
689,-515,-222,-161,610,777,2711,6901,5977,3437,153,35
699,-517,-229,-159,623,786,2716,6918,5997,3452,168,40
706,-521,-232,-161,632,795,2719,6934,6013,3460,178,44
709,-523,-231,-166,635,801,2723,6948,6030,3469,186,50
714,-523,-232,-168,641,808,2730,6957,6048,3479,195,57
724,-521,-241,-163,655,816,2736,6966,6066,3489,204,65
737,-518,-252,-158,672,826,2742,6974,6084,3498,210,73
748,-513,-261,-152,687,834,2747,6986,6104,3511,216,80
760,-511,-268,-150,700,844,2748,7002,6123,3527,224,86
761,-513,-259,-161,696,850,2745,7011,6142,3541,225,88
769,-515,-257,-168,701,861,2744,7024,6165,3566,229,94
778,-520,-253,-178,704,874,2742,7039,6189,3591,236,104
782,-523,-245,-189,700,881,2742,7052,6211,3616,244,113
790,-523,-245,-192,706,889,2744,7068,6234,3646,258,124
802,-523,-250,-192,716,900,2746,7085,6258,3676,275,139
814,-526,-251,-197,723,912,2747,7103,6286,3707,292,156
825,-530,-252,-201,730,923,2748,7123,6318,3737,308,174
844,-533,-263,-197,749,939,2752,7150,6351,3770,328,194
875,-534,-289,-182,784,961,2761,7184,6386,3807,357,221
906,-536,-314,-168,820,984,2770,7214,6416,3839,386,248
933,-540,-336,-155,851,1004,2776,7240,6446,3868,417,274
956,-545,-353,-148,876,1023,2777,7263,6471,3893,444,294
981,-551,-375,-136,905,1043,2779,7289,6498,3923,474,315
1010,-556,-401,-120,941,1065,2780,7322,6529,3960,507,338
1034,-562,-424,-108,970,1083,2775,7356,6556,3992,536,357
1053,-570,-439,-100,992,1099,2762,7384,6576,4014,557,369
1070,-579,-454,-94,1011,1114,2748,7411,6596,4036,573,380
1087,-589,-467,-89,1031,1130,2736,7435,6616,4063,590,393
1104,-600,-481,-84,1051,1146,2728,7456,6637,4095,609,411
1136,-613,-508,-71,1089,1173,2730,7491,6668,4145,641,437
1170,-632,-532,-64,1127,1205,2734,7529,6702,4193,670,461
1204,-650,-556,-58,1165,1237,2742,7570,6738,4235,696,483
1235,-668,-578,-52,1201,1267,2748,7617,6774,4268,722,501
1259,-685,-593,-51,1226,1291,2751,7664,6805,4291,742,512
1282,-697,-609,-45,1252,1312,2757,7707,6836,4310,760,521
1308,-705,-634,-31,1287,1332,2766,7750,6867,4332,782,528
1338,-709,-665,-12,1328,1354,2773,7791,6898,4356,810,540
1363,-712,-691,4,1363,1371,2775,7827,6924,4378,835,550
1378,-714,-705,13,1382,1381,2774,7856,6943,4394,853,557
1389,-715,-717,21,1398,1388,2773,7884,6963,4410,868,564
1399,-715,-728,28,1414,1394,2770,7912,6986,4424,881,573
1412,-712,-743,39,1433,1401,2768,7943,7013,4441,897,585
1421,-710,-753,47,1448,1405,2763,7976,7039,4451,910,596
1426,-704,-762,54,1458,1405,2756,8006,7059,4455,918,607
1429,-693,-773,67,1469,1400,2746,8036,7078,4462,925,617
1436,-681,-789,82,1485,1396,2735,8066,7099,4472,936,629
1446,-673,-803,93,1503,1399,2722,8092,7119,4483,947,642
1456,-667,-814,101,1518,1402,2707,8117,7140,4501,958,656
1460,-663,-819,103,1525,1403,2691,8143,7161,4522,972,670
1449,-662,-804,90,1510,1397,2673,8156,7179,4540,979,681
1445,-659,-798,83,1504,1394,2662,8166,7197,4566,988,692
1445,-659,-792,75,1500,1395,2648,8173,7215,4590,996,707
1443,-663,-781,61,1492,1398,2633,8179,7236,4616,1004,725
1448,-668,-776,50,1492,1406,2623,8192,7261,4647,1020,750
1460,-678,-775,39,1499,1422,2617,8205,7289,4678,1043,779
1472,-687,-773,28,1505,1438,2610,8215,7315,4709,1063,807
1481,-695,-770,18,1508,1451,2605,8222,7341,4742,1079,831
1495,-699,-777,18,1521,1465,2606,8234,7370,4783,1098,858
1520,-700,-799,30,1552,1484,2611,8250,7398,4828,1121,888
1548,-701,-825,45,1586,1504,2613,8264,7423,4869,1146,917
1576,-699,-853,64,1622,1523,2611,8279,7447,4913,1173,946
1598,-695,-880,84,1654,1537,2610,8292,7471,4955,1198,973
1625,-690,-912,109,1691,1553,2613,8313,7495,5000,1225,1000
1656,-686,-948,137,1735,1572,2620,8336,7521,5044,1258,1027
1686,-684,-983,164,1778,1591,2627,8355,7543,5081,1292,1051
1711,-684,-1011,185,1812,1608,2631,8370,7561,5117,1323,1071
1736,-687,-1036,204,1845,1626,2638,8393,7584,5156,1353,1092
1762,-691,-1062,222,1878,1646,2647,8416,7608,5190,1380,1110
1786,-695,-1087,241,1911,1664,2656,8433,7632,5215,1402,1125
1820,-697,-1125,269,1958,1687,2666,8457,7658,5240,1430,1143
1850,-705,-1153,288,1996,1711,2675,8481,7678,5251,1451,1157
1877,-712,-1179,307,2031,1732,2682,8504,7694,5257,1465,1171
1905,-719,-1205,325,2068,1754,2688,8528,7715,5268,1484,1185
1929,-726,-1228,342,2099,1772,2689,8545,7734,5275,1501,1196
1954,-730,-1254,361,2132,1790,2691,8556,7751,5277,1517,1205
1981,-734,-1282,382,2169,1810,2696,8568,7767,5280,1536,1216
2012,-740,-1310,401,2208,1832,2702,8586,7783,5285,1561,1230
2039,-752,-1328,409,2239,1857,2702,8603,7801,5288,1586,1246
2060,-772,-1331,401,2254,1883,2693,8613,7814,5285,1604,1261
2078,-790,-1332,392,2268,1907,2683,8612,7824,5288,1621,1277
2095,-801,-1337,389,2283,1925,2672,8604,7829,5290,1632,1290
2112,-805,-1348,394,2302,1939,2662,8595,7829,5290,1644,1303
2124,-808,-1354,394,2314,1950,2651,8586,7830,5288,1654,1319
2132,-810,-1356,392,2322,1957,2641,8576,7831,5282,1662,1335
2141,-810,-1361,393,2331,1964,2633,8565,7832,5276,1666,1350
2153,-809,-1369,395,2346,1972,2627,8552,7832,5271,1669,1365
2167,-807,-1378,397,2361,1982,2622,8533,7829,5264,1670,1378
2178,-801,-1388,403,2376,1987,2617,8513,7824,5256,1672,1389
2189,-797,-1397,406,2389,1993,2609,8498,7817,5247,1676,1402
2187,-794,-1391,398,2384,1991,2597,8480,7806,5233,1673,1412
2189,-787,-1394,400,2387,1989,2591,8469,7801,5231,1674,1429
2192,-778,-1399,404,2393,1987,2585,8457,7800,5238,1680,1451
2196,-772,-1402,404,2397,1987,2580,8446,7802,5246,1687,1473
2202,-767,-1407,406,2404,1989,2582,8437,7807,5257,1699,1500
2206,-761,-1412,410,2410,1989,2586,8428,7811,5267,1709,1529
2204,-755,-1413,411,2408,1984,2591,8417,7813,5272,1710,1554
2197,-750,-1408,408,2400,1977,2595,8405,7811,5269,1704,1575
2195,-747,-1406,407,2398,1974,2604,8397,7809,5272,1701,1598
2205,-746,-1416,414,2410,1980,2616,8394,7809,5283,1707,1627
2217,-747,-1428,421,2427,1989,2625,8387,7804,5288,1718,1657
2233,-751,-1441,428,2447,2000,2634,8378,7793,5286,1729,1684
2245,-756,-1449,431,2460,2011,2639,8365,7780,5280,1738,1707
2255,-760,-1459,438,2475,2019,2645,8353,7765,5273,1745,1727
2267,-766,-1470,444,2490,2029,2651,8341,7747,5266,1753,1742
2276,-774,-1476,447,2502,2039,2656,8330,7730,5262,1758,1754
2280,-782,-1479,447,2507,2046,2659,8321,7714,5260,1761,1763
2286,-788,-1485,452,2516,2052,2658,8314,7702,5264,1766,1774
2299,-795,-1498,461,2535,2064,2656,8310,7695,5272,1773,1788
2317,-802,-1515,472,2560,2079,2657,8306,7691,5282,1780,1802
2346,-806,-1548,496,2602,2100,2664,8311,7689,5300,1797,1822
2371,-810,-1576,517,2638,2117,2668,8311,7684,5310,1815,1837
2395,-813,-1603,537,2673,2134,2670,8305,7680,5323,1833,1849
2425,-819,-1632,557,2713,2157,2673,8298,7677,5339,1851,1863
2448,-828,-1650,567,2741,2177,2672,8285,7667,5352,1867,1873
2461,-832,-1664,576,2759,2189,2673,8268,7654,5365,1883,1884
2475,-831,-1681,592,2779,2196,2677,8254,7637,5379,1903,1896
2493,-832,-1700,605,2804,2209,2679,8240,7617,5390,1926,1908
2508,-837,-1710,610,2820,2223,2676,8216,7592,5391,1944,1918
2514,-847,-1705,601,2820,2234,2667,8176,7561,5382,1954,1920
2519,-859,-1698,588,2817,2246,2657,8129,7529,5375,1959,1922
2526,-868,-1693,578,2817,2257,2644,8080,7501,5369,1960,1923
2536,-873,-1694,574,2824,2269,2630,8034,7472,5363,1961,1928
2542,-878,-1692,567,2825,2278,2617,7993,7444,5354,1959,1935
2542,-884,-1681,552,2817,2284,2604,7951,7413,5339,1947,1939
2544,-890,-1671,538,2810,2291,2591,7910,7380,5321,1931,1942
2547,-893,-1665,528,2807,2298,2577,7868,7348,5304,1916,1946
2545,-891,-1658,519,2800,2298,2564,7824,7316,5281,1897,1948
2539,-886,-1651,513,2790,2293,2547,7781,7280,5254,1876,1948
2532,-877,-1647,511,2782,2285,2528,7741,7243,5226,1855,1947
2511,-866,-1630,501,2756,2267,2505,7692,7200,5194,1825,1942
2492,-851,-1619,498,2736,2247,2485,7646,7159,5167,1798,1939
2478,-839,-1611,496,2720,2231,2467,7601,7120,5141,1780,1939
2465,-831,-1601,490,2705,2219,2451,7554,7084,5115,1765,1937
2457,-822,-1597,489,2697,2209,2437,7508,7051,5091,1754,1937
2447,-812,-1595,491,2690,2196,2416,7461,7016,5067,1745,1938
2435,-803,-1589,490,2678,2183,2392,7412,6980,5045,1734,1936
2421,-797,-1580,486,2663,2169,2368,7359,6943,5026,1721,1932
2410,-789,-1577,489,2655,2155,2350,7314,6912,5020,1715,1931
2407,-779,-1585,501,2660,2145,2341,7283,6891,5023,1720,1936
2407,-773,-1593,511,2666,2139,2336,7255,6870,5022,1729,1943
2408,-772,-1598,517,2672,2137,2333,7225,6846,5015,1737,1954
2403,-770,-1598,520,2670,2130,2323,7187,6814,5000,1738,1964
2395,-766,-1599,527,2668,2119,2306,7141,6775,4981,1737,1974
2389,-762,-1603,537,2668,2108,2284,7089,6731,4961,1736,1982
2378,-757,-1602,544,2663,2095,2260,7030,6683,4936,1733,1987
2360,-754,-1594,545,2647,2078,2236,6965,6633,4910,1726,1992
2342,-753,-1583,545,2630,2063,2213,6903,6581,4881,1718,1996
2329,-755,-1574,543,2618,2054,2194,6848,6530,4853,1708,2003
2318,-759,-1566,540,2606,2047,2179,6793,6477,4821,1695,2009
2320,-759,-1574,551,2614,2046,2168,6748,6423,4792,1688,2018
2321,-764,-1578,556,2618,2049,2151,6699,6365,4755,1679,2019
2324,-767,-1583,563,2624,2052,2131,6645,6303,4712,1662,2014
2333,-770,-1595,572,2637,2060,2109,6590,6240,4666,1644,2007
2339,-777,-1600,575,2645,2069,2086,6531,6172,4615,1622,1996
2341,-784,-1599,573,2645,2075,2066,6472,6105,4564,1596,1983
2343,-789,-1600,573,2645,2080,2052,6418,6042,4520,1572,1972
2348,-794,-1604,572,2649,2088,2037,6367,5980,4484,1553,1960
2349,-802,-1599,564,2645,2095,2019,6311,5918,4444,1529,1946
2338,-810,-1580,545,2622,2095,1996,6245,5851,4401,1498,1928
2318,-815,-1556,524,2590,2087,1972,6172,5782,4362,1468,1910
2296,-817,-1532,504,2557,2076,1946,6094,5712,4320,1438,1895
2281,-818,-1513,489,2533,2068,1921,6019,5642,4277,1410,1880
2267,-820,-1494,471,2509,2063,1900,5948,5575,4232,1382,1864
2249,-821,-1472,451,2480,2054,1878,5875,5510,4187,1350,1846
2232,-818,-1454,437,2454,2043,1855,5797,5441,4138,1316,1825
2219,-812,-1440,426,2434,2033,1833,5718,5368,4087,1282,1802
2208,-807,-1428,417,2417,2024,1814,5641,5297,4033,1248,1781
2197,-801,-1417,409,2401,2014,1794,5571,5229,3983,1214,1757
2186,-798,-1403,396,2384,2007,1774,5508,5158,3929,1180,1731
2162,-799,-1371,370,2345,1992,1750,5435,5076,3861,1133,1698
2133,-797,-1339,346,2304,1972,1729,5366,4993,3796,1088,1670
2103,-792,-1306,323,2262,1949,1710,5301,4911,3734,1048,1648
2070,-786,-1273,302,2218,1923,1690,5233,4826,3663,1004,1621
2039,-778,-1245,286,2180,1897,1671,5163,4743,3591,960,1594
2011,-772,-1217,269,2143,1873,1650,5086,4655,3519,913,1567
1981,-770,-1185,248,2104,1850,1628,5004,4566,3446,866,1538
1953,-771,-1150,224,2063,1830,1605,4918,4480,3374,818,1509
1930,-774,-1121,203,2030,1815,1586,4841,4395,3308,773,1480
1914,-773,-1103,193,2008,1801,1574,4772,4312,3250,733,1454
1895,-769,-1087,187,1987,1783,1561,4703,4230,3191,692,1427
1877,-763,-1073,183,1966,1764,1548,4632,4146,3133,653,1400
1854,-758,-1055,178,1941,1743,1534,4557,4057,3072,612,1373
1834,-757,-1037,169,1917,1726,1521,4481,3969,3011,575,1347
1815,-761,-1015,156,1891,1713,1507,4408,3883,2955,542,1324
1793,-766,-991,140,1861,1700,1490,4333,3797,2899,508,1298
1770,-771,-967,125,1830,1686,1470,4257,3711,2844,475,1273
1746,-773,-945,113,1800,1670,1452,4185,3629,2797,447,1249
1719,-773,-922,101,1768,1651,1436,4115,3550,2750,421,1228
1689,-774,-897,88,1732,1630,1420,4043,3469,2699,394,1207
1673,-778,-884,80,1712,1621,1409,3980,3389,2652,374,1190
1656,-789,-862,61,1687,1617,1399,3918,3305,2597,348,1169
1636,-801,-837,39,1658,1612,1390,3858,3221,2539,317,1146
1617,-810,-814,20,1629,1605,1378,3800,3134,2477,283,1121
1591,-817,-789,1,1595,1592,1360,3733,3037,2404,243,1094
1562,-819,-765,-15,1560,1575,1340,3652,2931,2327,199,1065
1534,-816,-746,-25,1528,1555,1322,3572,2823,2252,157,1039
1510,-813,-731,-32,1502,1537,1310,3505,2719,2186,122,1016
1483,-815,-707,-50,1468,1522,1300,3438,2617,2116,86,992
1445,-815,-672,-74,1419,1498,1283,3356,2511,2037,42,960
1402,-808,-641,-90,1370,1466,1263,3268,2403,1959,-6,925
1358,-793,-614,-100,1322,1428,1239,3181,2297,1886,-53,891
1318,-776,-592,-105,1281,1392,1216,3099,2197,1818,-99,858
1279,-767,-563,-120,1234,1361,1193,3023,2098,1748,-146,826
1239,-763,-527,-144,1183,1334,1172,2946,2002,1679,-197,793
1206,-760,-495,-167,1137,1311,1152,2866,1909,1614,-245,763
1179,-755,-470,-183,1102,1292,1135,2785,1818,1550,-292,732
1157,-753,-448,-199,1071,1277,1117,2704,1725,1486,-339,702
1134,-754,-419,-222,1035,1264,1095,2622,1631,1421,-386,672
1112,-757,-390,-247,999,1252,1070,2546,1539,1359,-430,643
1077,-758,-347,-280,946,1231,1039,2462,1443,1288,-482,611
1041,-756,-307,-308,895,1206,1010,2378,1347,1221,-533,582
1006,-754,-267,-337,844,1183,986,2295,1252,1157,-582,556
966,-754,-221,-370,785,1156,965,2212,1160,1095,-632,529
931,-754,-179,-401,734,1134,949,2132,1071,1035,-679,504
901,-756,-140,-431,688,1116,937,2054,982,978,-724,481
869,-759,-99,-462,638,1096,926,1975,889,921,-769,458
831,-758,-55,-493,584,1071,913,1895,793,858,-817,433
795,-752,-19,-514,536,1043,901,1820,699,801,-862,409
771,-743,1,-521,507,1019,897,1753,612,752,-901,392
747,-733,19,-527,479,997,897,1692,529,704,-937,378
723,-725,39,-534,451,975,896,1635,451,656,-969,367
695,-718,61,-543,419,950,891,1579,374,604,-1002,353
667,-708,81,-547,388,923,884,1521,297,548,-1037,334
640,-697,98,-548,361,897,875,1469,222,491,-1068,314
608,-688,121,-554,326,869,862,1415,147,436,-1097,294
573,-680,147,-562,286,838,844,1355,70,386,-1128,275
533,-668,171,-565,245,801,824,1291,-7,337,-1162,256
492,-651,192,-562,205,760,806,1223,-84,289,-1198,237
449,-638,217,-565,161,721,788,1154,-159,236,-1236,218
422,-631,232,-564,135,696,776,1098,-232,188,-1266,204
397,-633,252,-572,107,678,764,1044,-307,134,-1295,186
373,-639,276,-587,76,664,755,992,-380,81,-1324,168
356,-649,297,-603,52,658,749,945,-449,33,-1349,152
335,-662,323,-624,21,650,741,897,-520,-19,-1377,133
310,-671,349,-644,-12,638,734,847,-594,-74,-1406,112
288,-674,369,-656,-40,625,726,794,-674,-134,-1437,90
267,-671,380,-659,-62,608,716,742,-754,-194,-1465,69
244,-665,392,-662,-85,589,702,687,-834,-260,-1498,46
212,-659,413,-672,-121,563,682,625,-919,-334,-1540,17
178,-649,433,-679,-158,535,661,564,-1005,-402,-1583,-14
146,-634,447,-680,-190,504,640,508,-1090,-467,-1624,-46
119,-617,455,-677,-215,477,621,461,-1172,-528,-1662,-76
98,-606,464,-679,-237,457,603,421,-1247,-583,-1693,-106
73,-598,481,-689,-268,437,587,381,-1316,-635,-1725,-137
47,-588,498,-699,-298,416,573,338,-1381,-684,-1753,-167
25,-578,512,-708,-325,397,564,293,-1444,-729,-1781,-195
6,-569,525,-717,-349,382,556,245,-1504,-771,-1808,-222
-11,-561,538,-726,-371,367,545,197,-1560,-809,-1835,-247
-27,-554,550,-736,-392,355,531,151,-1612,-838,-1859,-268
-52,-550,578,-758,-430,339,512,93,-1666,-875,-1887,-290
-78,-543,603,-777,-466,320,497,32,-1719,-911,-1913,-308
-101,-537,627,-795,-500,303,483,-29,-1778,-948,-1937,-328
-131,-531,658,-817,-542,282,467,-91,-1838,-985,-1965,-350
-163,-521,686,-833,-584,255,456,-151,-1898,-1017,-1990,-366
-195,-510,714,-848,-624,228,452,-207,-1954,-1048,-2015,-380
-224,-503,743,-866,-665,205,450,-260,-2007,-1080,-2041,-393
-255,-499,776,-888,-708,182,449,-308,-2054,-1116,-2071,-405
-283,-495,806,-906,-746,161,448,-347,-2095,-1155,-2097,-417
-302,-488,823,-913,-770,144,449,-380,-2132,-1188,-2119,-421
-317,-481,834,-915,-787,128,447,-417,-2175,-1223,-2141,-428
-333,-474,847,-917,-805,112,446,-456,-2221,-1258,-2161,-436
-351,-470,863,-923,-827,96,445,-498,-2268,-1293,-2182,-447
-367,-469,880,-930,-847,83,444,-537,-2315,-1328,-2202,-460
-376,-470,890,-934,-859,75,446,-569,-2359,-1361,-2219,-475
-386,-475,905,-942,-874,68,447,-601,-2401,-1393,-2236,-493
-403,-483,927,-955,-897,59,446,-634,-2445,-1425,-2253,-513
-420,-488,946,-966,-920,48,445,-667,-2492,-1458,-2271,-534
-433,-490,958,-969,-935,38,442,-700,-2539,-1495,-2291,-555
-445,-490,966,-967,-946,26,437,-732,-2586,-1536,-2314,-576
-443,-487,955,-952,-936,22,434,-749,-2625,-1563,-2325,-588
-437,-488,945,-939,-924,23,430,-764,-2663,-1588,-2334,-597
-433,-492,938,-930,-914,25,427,-783,-2698,-1610,-2344,-606
-426,-497,928,-922,-902,30,427,-802,-2732,-1628,-2350,-613
-424,-506,928,-922,-898,34,425,-824,-2767,-1650,-2356,-623
-424,-517,932,-929,-900,38,423,-845,-2800,-1676,-2363,-634
-424,-528,937,-937,-902,44,424,-864,-2832,-1701,-2368,-642
-422,-539,939,-943,-901,51,422,-880,-2862,-1728,-2372,-649
-426,-547,945,-952,-907,53,415,-900,-2893,-1761,-2381,-659
-442,-552,960,-966,-927,45,401,-925,-2931,-1805,-2399,-676
-459,-553,973,-976,-947,33,385,-956,-2968,-1852,-2422,-695
-476,-551,984,-984,-965,22,368,-995,-3004,-1899,-2445,-715
-487,-547,989,-989,-975,13,349,-1038,-3037,-1945,-2469,-735
-494,-546,994,-996,-984,10,325,-1088,-3074,-1993,-2498,-756
-506,-544,1004,-1006,-999,3,297,-1146,-3112,-2044,-2533,-781
-517,-540,1011,-1014,-1012,-5,269,-1203,-3150,-2096,-2569,-804
-520,-538,1015,-1022,-1018,-5,245,-1256,-3188,-2143,-2603,-823
-520,-540,1020,-1033,-1022,0,225,-1309,-3224,-2187,-2635,-841
-521,-543,1029,-1048,-1031,5,207,-1360,-3261,-2227,-2666,-860
-526,-544,1040,-1062,-1042,6,191,-1406,-3295,-2263,-2693,-877
-546,-541,1063,-1081,-1072,-6,170,-1456,-3332,-2305,-2725,-897
-569,-531,1082,-1094,-1102,-24,151,-1507,-3366,-2344,-2755,-917
-594,-520,1104,-1106,-1135,-45,134,-1551,-3397,-2378,-2780,-934
-621,-512,1130,-1124,-1172,-65,119,-1589,-3424,-2408,-2806,-951
-642,-505,1152,-1137,-1201,-81,106,-1617,-3445,-2430,-2826,-965
-659,-499,1169,-1148,-1226,-94,96,-1641,-3463,-2447,-2843,-976
-675,-495,1188,-1160,-1250,-106,90,-1660,-3479,-2464,-2864,-988
-691,-492,1207,-1171,-1274,-118,86,-1675,-3493,-2479,-2885,-999
-702,-489,1220,-1179,-1291,-126,86,-1683,-3500,-2487,-2901,-1008
-705,-484,1223,-1176,-1295,-131,94,-1684,-3499,-2487,-2909,-1011
-705,-481,1222,-1172,-1295,-134,104,-1684,-3498,-2489,-2914,-1014
-702,-478,1220,-1167,-1292,-135,116,-1685,-3500,-2494,-2916,-1017
-701,-477,1219,-1162,-1291,-137,123,-1687,-3503,-2498,-2920,-1025
-702,-473,1216,-1154,-1289,-142,126,-1690,-3506,-2499,-2922,-1036
-699,-466,1206,-1138,-1280,-147,130,-1689,-3508,-2497,-2918,-1046
-696,-460,1194,-1122,-1270,-152,133,-1689,-3516,-2501,-2916,-1059
-699,-456,1190,-1111,-1268,-159,133,-1693,-3527,-2512,-2919,-1073
-704,-454,1190,-1105,-1272,-168,133,-1697,-3536,-2518,-2921,-1085
-707,-456,1190,-1100,-1272,-172,136,-1696,-3540,-2523,-2923,-1098
-709,-462,1191,-1100,-1274,-172,140,-1695,-3542,-2527,-2926,-1110
-699,-464,1178,-1087,-1257,-168,145,-1689,-3541,-2529,-2924,-1120
-692,-465,1164,-1074,-1242,-166,146,-1686,-3547,-2539,-2925,-1133
-686,-467,1153,-1063,-1229,-164,147,-1684,-3556,-2550,-2929,-1148
-678,-468,1138,-1049,-1213,-161,148,-1680,-3564,-2561,-2930,-1162
-677,-467,1129,-1038,-1204,-164,147,-1677,-3577,-2574,-2931,-1174
-683,-459,1120,-1024,-1200,-175,147,-1681,-3594,-2591,-2932,-1189
-686,-447,1105,-1003,-1191,-187,147,-1688,-3609,-2604,-2933,-1199
-685,-432,1084,-978,-1174,-197,150,-1691,-3622,-2610,-2928,-1206
-687,-422,1071,-961,-1165,-206,154,-1691,-3633,-2615,-2922,-1210
-698,-419,1076,-962,-1173,-216,154,-1696,-3647,-2628,-2921,-1217
-711,-415,1083,-964,-1185,-227,156,-1701,-3657,-2643,-2921,-1224
-723,-409,1088,-965,-1194,-238,165,-1703,-3665,-2661,-2923,-1233
-731,-401,1089,-962,-1199,-248,175,-1707,-3671,-2678,-2924,-1242
-739,-396,1093,-964,-1205,-255,186,-1713,-3673,-2689,-2922,-1247
-751,-395,1106,-976,-1221,-262,193,-1726,-3675,-2701,-2930,-1253
-761,-394,1120,-988,-1236,-267,198,-1746,-3680,-2718,-2941,-1258
-768,-393,1130,-999,-1247,-270,201,-1766,-3685,-2741,-2952,-1260
-777,-389,1138,-1006,-1258,-275,205,-1785,-3692,-2767,-2962,-1262
-786,-383,1147,-1014,-1271,-282,208,-1804,-3699,-2793,-2976,-1268
-793,-377,1154,-1020,-1281,-288,213,-1821,-3707,-2815,-2987,-1273
-813,-368,1171,-1031,-1306,-303,214,-1849,-3721,-2844,-3006,-1280
-832,-354,1182,-1034,-1327,-321,217,-1871,-3732,-2864,-3023,-1280
-846,-340,1190,-1036,-1343,-337,220,-1884,-3742,-2879,-3036,-1276
-865,-323,1196,-1034,-1362,-357,221,-1897,-3754,-2894,-3053,-1273
-881,-300,1195,-1023,-1374,-381,225,-1906,-3764,-2909,-3065,-1265
-894,-276,1190,-1008,-1381,-403,228,-1911,-3771,-2916,-3070,-1257
-910,-255,1189,-996,-1393,-425,228,-1919,-3776,-2923,-3075,-1249
-929,-239,1195,-993,-1412,-447,229,-1931,-3780,-2930,-3082,-1242
-945,-225,1202,-990,-1430,-465,237,-1937,-3779,-2930,-3084,-1230
-953,-212,1199,-981,-1436,-479,252,-1933,-3771,-2918,-3078,-1213
-957,-203,1195,-972,-1439,-488,269,-1924,-3760,-2909,-3067,-1192
-960,-196,1192,-965,-1441,-494,287,-1913,-3748,-2900,-3053,-1174
-968,-189,1193,-959,-1450,-505,299,-1906,-3740,-2895,-3041,-1161
-979,-184,1197,-956,-1462,-516,307,-1899,-3737,-2894,-3031,-1152
-985,-180,1198,-949,-1468,-525,315,-1887,-3735,-2892,-3015,-1144
-991,-180,1202,-947,-1476,-531,320,-1875,-3733,-2894,-2997,-1137
-1000,-182,1211,-949,-1490,-537,320,-1869,-3734,-2902,-2985,-1133
-1008,-186,1220,-951,-1501,-542,315,-1868,-3735,-2912,-2976,-1130
-1010,-193,1225,-952,-1507,-541,307,-1869,-3732,-2918,-2969,-1126
-1010,-203,1230,-955,-1511,-537,293,-1875,-3730,-2926,-2963,-1128
-1001,-204,1218,-941,-1496,-532,278,-1874,-3728,-2929,-2952,-1127
-989,-209,1206,-928,-1478,-523,263,-1865,-3726,-2928,-2940,-1125
-976,-217,1194,-918,-1460,-512,250,-1852,-3722,-2926,-2931,-1124
-960,-221,1178,-904,-1437,-501,240,-1837,-3717,-2923,-2925,-1123
-950,-226,1167,-894,-1421,-493,227,-1829,-3718,-2928,-2930,-1128
-947,-229,1162,-888,-1413,-490,212,-1830,-3721,-2936,-2942,-1139
-943,-232,1157,-882,-1405,-487,201,-1834,-3726,-2941,-2954,-1151
-936,-237,1150,-878,-1392,-480,193,-1836,-3732,-2942,-2961,-1160
-930,-242,1146,-877,-1384,-474,189,-1842,-3740,-2945,-2971,-1170
-935,-249,1154,-887,-1390,-474,178,-1854,-3754,-2953,-2989,-1184
-945,-250,1162,-894,-1399,-479,168,-1864,-3768,-2959,-3008,-1197
-951,-251,1167,-899,-1404,-483,159,-1870,-3778,-2966,-3026,-1209
-951,-249,1165,-899,-1400,-484,152,-1877,-3789,-2973,-3042,-1219
-948,-250,1162,-902,-1394,-481,147,-1886,-3800,-2982,-3054,-1227
-949,-250,1164,-908,-1395,-480,144,-1898,-3813,-2997,-3066,-1238
-948,-248,1163,-911,-1393,-480,147,-1906,-3823,-3010,-3075,-1246
-943,-245,1157,-913,-1385,-477,156,-1914,-3829,-3022,-3083,-1253
-936,-245,1153,-917,-1377,-470,166,-1923,-3836,-3034,-3088,-1260
-932,-247,1154,-926,-1375,-464,173,-1931,-3842,-3046,-3093,-1266
-928,-249,1156,-937,-1376,-458,179,-1940,-3845,-3053,-3097,-1271
-941,-249,1173,-955,-1396,-464,179,-1961,-3853,-3063,-3109,-1284
-955,-241,1184,-965,-1415,-477,178,-1982,-3857,-3065,-3122,-1293
-966,-229,1189,-966,-1427,-490,176,-1997,-3856,-3062,-3132,-1298
-979,-214,1191,-964,-1439,-506,171,-2014,-3856,-3068,-3145,-1306
-982,-198,1185,-955,-1439,-517,170,-2026,-3853,-3073,-3155,-1312
-982,-185,1176,-944,-1435,-525,172,-2036,-3848,-3075,-3161,-1316
-983,-174,1171,-937,-1435,-532,174,-2045,-3843,-3075,-3167,-1317
-989,-168,1174,-937,-1442,-539,175,-2058,-3837,-3073,-3174,-1318
-993,-163,1177,-936,-1448,-545,177,-2069,-3828,-3065,-3177,-1318
-990,-158,1171,-929,-1444,-547,187,-2070,-3814,-3049,-3171,-1312
-986,-156,1168,-923,-1441,-546,199,-2061,-3797,-3028,-3158,-1300
-981,-156,1165,-918,-1437,-544,209,-2047,-3780,-3004,-3142,-1287
-977,-158,1164,-916,-1435,-541,215,-2039,-3769,-2988,-3130,-1276
-974,-162,1164,-914,-1434,-538,221,-2033,-3758,-2975,-3117,-1266
-964,-167,1159,-907,-1424,-530,227,-2022,-3745,-2958,-3096,-1256
-956,-174,1156,-903,-1417,-523,231,-2012,-3732,-2946,-3077,-1246
-951,-180,1155,-899,-1414,-518,236,-2001,-3720,-2939,-3062,-1239
-949,-188,1157,-898,-1414,-514,240,-1986,-3711,-2931,-3047,-1233
-944,-200,1161,-899,-1413,-505,246,-1970,-3698,-2917,-3029,-1225
-941,-213,1168,-905,-1416,-497,252,-1956,-3683,-2903,-3012,-1214
-925,-226,1160,-900,-1399,-480,262,-1933,-3666,-2885,-2988,-1197
-904,-241,1150,-896,-1378,-459,273,-1910,-3651,-2871,-2963,-1181
-887,-255,1142,-893,-1361,-440,286,-1890,-3635,-2859,-2942,-1167
-866,-265,1126,-883,-1336,-422,299,-1871,-3619,-2849,-2921,-1154
-847,-275,1113,-876,-1314,-404,308,-1855,-3609,-2849,-2906,-1148
-833,-283,1102,-871,-1297,-391,317,-1843,-3601,-2854,-2894,-1146
-821,-287,1089,-862,-1280,-382,326,-1830,-3591,-2854,-2879,-1145
-810,-285,1072,-849,-1261,-376,333,-1815,-3579,-2846,-2858,-1139
-802,-283,1058,-838,-1245,-372,339,-1803,-3569,-2842,-2840,-1134
-802,-285,1056,-839,-1243,-372,340,-1797,-3563,-2844,-2828,-1132
-810,-282,1057,-841,-1249,-379,338,-1794,-3559,-2844,-2819,-1130
-820,-273,1056,-838,-1254,-392,333,-1796,-3554,-2840,-2811,-1128
-830,-262,1052,-833,-1257,-405,327,-1801,-3551,-2834,-2804,-1127
-838,-253,1050,-832,-1260,-415,321,-1805,-3550,-2826,-2797,-1125
-853,-247,1057,-840,-1274,-428,313,-1812,-3549,-2820,-2798,-1124
-865,-240,1062,-846,-1285,-439,307,-1820,-3546,-2807,-2799,-1119
-872,-234,1063,-851,-1290,-446,304,-1831,-3542,-2791,-2798,-1113
-876,-228,1062,-855,-1292,-451,305,-1842,-3539,-2776,-2797,-1109
-884,-220,1064,-860,-1298,-459,302,-1851,-3535,-2763,-2794,-1109
-892,-212,1067,-865,-1304,-466,296,-1849,-3527,-2746,-2786,-1107
-906,-209,1081,-880,-1323,-475,287,-1850,-3520,-2735,-2785,-1109
-916,-207,1092,-893,-1335,-479,282,-1849,-3512,-2719,-2782,-1109
-920,-206,1100,-904,-1344,-479,273,-1852,-3502,-2703,-2778,-1106
-932,-203,1114,-917,-1361,-485,261,-1860,-3493,-2688,-2776,-1103
-939,-199,1122,-925,-1371,-489,253,-1861,-3481,-2669,-2768,-1095
-940,-196,1126,-929,-1375,-488,246,-1858,-3469,-2651,-2757,-1086
-942,-195,1134,-936,-1381,-486,239,-1856,-3460,-2636,-2748,-1080
-949,-195,1146,-945,-1394,-487,230,-1855,-3451,-2622,-2745,-1076
-955,-190,1151,-945,-1401,-492,226,-1845,-3439,-2605,-2740,-1072
-948,-179,1139,-928,-1389,-492,229,-1824,-3422,-2576,-2725,-1063
-936,-167,1121,-907,-1370,-489,229,-1803,-3406,-2548,-2707,-1053
-928,-156,1106,-887,-1356,-490,228,-1787,-3390,-2520,-2689,-1045
-920,-149,1095,-872,-1344,-488,226,-1776,-3375,-2496,-2673,-1038
-911,-144,1084,-856,-1331,-484,226,-1765,-3361,-2478,-2663,-1033
-896,-135,1063,-831,-1308,-480,226,-1747,-3348,-2462,-2648,-1027
-882,-128,1043,-806,-1286,-475,224,-1731,-3338,-2448,-2631,-1020
-867,-125,1027,-788,-1267,-468,219,-1718,-3332,-2437,-2617,-1016
-851,-125,1011,-770,-1247,-458,213,-1701,-3327,-2426,-2605,-1014
-831,-127,993,-752,-1222,-446,213,-1679,-3318,-2410,-2590,-1008
-815,-130,977,-737,-1203,-436,216,-1660,-3306,-2394,-2577,-1002
-786,-136,951,-716,-1167,-416,225,-1632,-3291,-2373,-2558,-992
-753,-148,927,-702,-1130,-389,232,-1601,-3278,-2354,-2537,-985
-724,-164,909,-694,-1099,-363,240,-1571,-3266,-2333,-2524,-978
-694,-181,890,-686,-1067,-336,250,-1542,-3251,-2307,-2510,-971
-668,-201,879,-687,-1043,-309,256,-1521,-3237,-2283,-2498,-967
-645,-223,872,-692,-1023,-284,258,-1506,-3221,-2260,-2489,-965
-620,-243,861,-694,-998,-258,263,-1488,-3203,-2234,-2481,-964
-591,-263,845,-694,-968,-230,269,-1465,-3183,-2206,-2471,-962
-565,-284,834,-699,-942,-202,274,-1445,-3165,-2181,-2465,-964
-548,-308,835,-715,-930,-178,271,-1431,-3151,-2168,-2468,-974
-537,-327,839,-732,-925,-161,265,-1418,-3140,-2158,-2475,-987
-532,-339,841,-742,-921,-152,259,-1406,-3128,-2147,-2480,-1001
-528,-342,837,-745,-914,-150,253,-1392,-3117,-2133,-2481,-1013
-522,-342,829,-743,-903,-148,244,-1374,-3107,-2119,-2478,-1020
-523,-340,826,-744,-900,-150,229,-1357,-3097,-2108,-2478,-1024
-522,-335,821,-744,-894,-152,218,-1342,-3082,-2093,-2475,-1023
-517,-331,813,-742,-884,-151,211,-1327,-3064,-2077,-2468,-1020
-507,-329,803,-740,-869,-145,209,-1316,-3045,-2064,-2459,-1017
-499,-327,797,-743,-858,-138,210,-1309,-3030,-2055,-2449,-1014
-492,-325,791,-744,-848,-133,212,-1298,-3018,-2050,-2435,-1011
-495,-324,798,-755,-854,-133,212,-1289,-3010,-2050,-2427,-1011
-500,-319,803,-763,-860,-135,216,-1284,-3002,-2043,-2421,-1006
-499,-313,803,-765,-859,-135,220,-1281,-2997,-2033,-2415,-995
-501,-308,807,-771,-862,-135,222,-1282,-2990,-2026,-2413,-983
-500,-302,806,-771,-861,-135,229,-1282,-2978,-2014,-2411,-968
-494,-297,803,-770,-855,-130,239,-1281,-2962,-2001,-2407,-950
-488,-299,805,-776,-852,-120,251,-1282,-2949,-1988,-2404,-932
-489,-302,816,-787,-860,-115,265,-1285,-2935,-1973,-2404,-916
-489,-303,823,-795,-866,-109,283,-1283,-2920,-1948,-2404,-901
-475,-305,817,-792,-853,-96,308,-1275,-2899,-1913,-2396,-879
-454,-309,806,-787,-832,-75,329,-1267,-2873,-1877,-2384,-858
-432,-317,795,-783,-810,-53,347,-1260,-2849,-1844,-2370,-838
-412,-326,787,-782,-793,-30,363,-1256,-2830,-1813,-2354,-822
-392,-338,780,-782,-775,-7,376,-1257,-2812,-1784,-2340,-811
-367,-350,768,-778,-751,19,388,-1257,-2792,-1752,-2320,-801
-346,-364,760,-777,-733,44,398,-1259,-2772,-1724,-2299,-791
-328,-376,752,-776,-717,65,401,-1264,-2754,-1699,-2280,-784
-311,-386,742,-771,-701,82,399,-1267,-2735,-1675,-2259,-775
-289,-393,722,-757,-674,100,400,-1266,-2713,-1643,-2232,-759
-265,-399,699,-741,-645,119,404,-1267,-2691,-1614,-2204,-743
-229,-406,664,-717,-599,145,412,-1257,-2663,-1578,-2166,-722
-189,-419,631,-698,-552,177,417,-1246,-2638,-1547,-2128,-701
-154,-433,602,-683,-511,206,417,-1243,-2617,-1522,-2096,-681
-119,-443,569,-664,-468,233,418,-1236,-2597,-1494,-2064,-660
-91,-455,543,-651,-434,255,420,-1225,-2577,-1469,-2035,-640
-66,-466,522,-640,-404,275,423,-1212,-2557,-1444,-2007,-616
-39,-476,496,-626,-370,296,423,-1199,-2536,-1415,-1977,-589
-4,-485,461,-607,-325,321,421,-1184,-2510,-1380,-1943,-556
31,-496,430,-591,-281,348,416,-1171,-2482,-1346,-1911,-522
60,-512,410,-587,-248,375,408,-1166,-2456,-1320,-1883,-491
88,-529,392,-586,-218,402,406,-1157,-2429,-1294,-1859,-461
117,-545,374,-585,-186,430,405,-1145,-2398,-1265,-1833,-432
150,-562,354,-584,-150,461,401,-1130,-2364,-1235,-1803,-404
185,-579,334,-583,-112,494,400,-1109,-2325,-1201,-1764,-376
215,-598,320,-588,-81,526,398,-1091,-2287,-1171,-1731,-350
247,-612,302,-589,-47,556,402,-1067,-2249,-1142,-1698,-322
287,-626,278,-586,-3,592,412,-1035,-2208,-1106,-1662,-291
332,-641,251,-582,47,632,427,-998,-2161,-1065,-1620,-257
378,-654,223,-577,98,673,443,-958,-2114,-1026,-1580,-223
428,-666,192,-569,153,716,466,-915,-2064,-980,-1535,-187
465,-679,175,-572,190,752,493,-872,-2015,-937,-1493,-158
498,-692,164,-578,222,786,525,-826,-1959,-887,-1450,-128
536,-704,147,-580,260,821,561,-773,-1900,-836,-1403,-97
568,-712,133,-581,292,851,597,-724,-1840,-793,-1358,-66
601,-719,115,-579,328,882,637,-673,-1775,-747,-1309,-31
639,-726,95,-575,367,915,680,-620,-1706,-700,-1259,9
680,-739,76,-574,409,954,726,-570,-1638,-657,-1212,46
722,-756,59,-577,450,997,772,-524,-1569,-613,-1168,82
772,-774,34,-575,500,1044,819,-476,-1499,-560,-1121,120
838,-792,-7,-562,572,1102,871,-419,-1422,-494,-1064,165
915,-813,-57,-543,657,1170,926,-355,-1339,-425,-1000,212
994,-833,-112,-520,747,1238,980,-287,-1254,-356,-932,257
1073,-854,-166,-497,835,1305,1034,-219,-1167,-289,-863,304
1149,-879,-217,-478,919,1372,1086,-151,-1080,-225,-797,347
1232,-909,-271,-460,1010,1448,1134,-76,-989,-159,-730,390
1316,-943,-321,-446,1098,1525,1179,-1,-896,-93,-665,432
1392,-976,-367,-434,1178,1597,1220,73,-803,-27,-600,472
1461,-1005,-412,-419,1254,1661,1261,148,-710,38,-536,511
1532,-1033,-460,-401,1331,1725,1304,222,-618,101,-474,551
1602,-1062,-507,-384,1408,1789,1347,291,-531,163,-421,590
1678,-1087,-565,-357,1496,1854,1396,371,-442,233,-365,635
1758,-1115,-624,-331,1588,1923,1445,457,-351,303,-306,681
1836,-1144,-681,-308,1676,1992,1494,541,-262,369,-250,729
1921,-1174,-744,-282,1773,2065,1545,627,-171,436,-191,779
2005,-1212,-799,-265,1864,2143,1596,714,-78,509,-133,830
2086,-1251,-849,-254,1949,2220,1653,804,19,590,-72,883
2173,-1292,-902,-243,2042,2304,1709,895,119,676,-10,938
2273,-1337,-964,-227,2149,2398,1762,992,224,765,57,995
2375,-1382,-1027,-213,2257,2493,1809,1084,329,848,126,1053
2467,-1426,-1079,-205,2352,2583,1847,1162,425,919,192,1107
2555,-1466,-1132,-196,2444,2666,1880,1227,519,992,258,1162
2646,-1503,-1188,-182,2541,2750,1911,1286,615,1072,329,1222
2742,-1540,-1248,-166,2645,2839,1942,1342,715,1157,406,1288
2842,-1577,-1311,-150,2755,2931,1970,1390,815,1244,488,1357
2939,-1616,-1368,-139,2858,3022,1992,1420,913,1328,568,1425
3040,-1657,-1425,-131,2964,3118,2007,1434,1008,1411,649,1493
3147,-1701,-1484,-125,3075,3220,2016,1434,1100,1501,732,1564
3257,-1749,-1541,-123,3188,3327,2017,1420,1188,1596,818,1636
3370,-1802,-1595,-127,3301,3439,2013,1394,1271,1694,905,1709
3489,-1859,-1650,-133,3420,3558,2011,1366,1353,1795,996,1781
3599,-1919,-1693,-149,3524,3673,2007,1328,1432,1891,1083,1851
3703,-1973,-1734,-163,3624,3781,2006,1287,1518,1994,1172,1922
3809,-2023,-1782,-170,3729,3886,2011,1249,1609,2103,1266,1998
3912,-2074,-1826,-181,3830,3991,2023,1211,1703,2213,1360,2074
4022,-2127,-1874,-190,3938,4101,2042,1176,1803,2328,1459,2153
4139,-2179,-1930,-193,4056,4215,2061,1147,1909,2448,1562,2237
4255,-2232,-1986,-195,4173,4329,2077,1121,2019,2570,1665,2324
4368,-2283,-2040,-197,4286,4440,2089,1090,2129,2690,1763,2414
4478,-2329,-2099,-193,4401,4545,2096,1060,2238,2809,1860,2501
4597,-2370,-2172,-174,4529,4652,2103,1032,2346,2926,1965,2590
4718,-2408,-2250,-149,4663,4759,2104,997,2452,3036,2073,2680
4838,-2446,-2329,-123,4797,4865,2098,959,2554,3145,2179,2770
4956,-2487,-2405,-99,4927,4971,2088,918,2651,3255,2286,2860
5073,-2530,-2479,-77,5054,5078,2074,872,2744,3365,2391,2950
5198,-2576,-2559,-53,5189,5191,2060,832,2839,3479,2503,3046
5329,-2631,-2637,-34,5328,5315,2047,790,2932,3590,2617,3145
5463,-2694,-2712,-21,5465,5445,2030,743,3026,3706,2731,3247
5600,-2762,-2787,-11,5605,5581,2012,698,3125,3836,2849,3356
5746,-2836,-2866,-2,5753,5727,1994,652,3229,3976,2974,3472
5898,-2917,-2944,2,5904,5881,1971,598,3336,4121,3101,3591
6066,-3002,-3036,14,6074,6047,1949,539,3447,4272,3241,3717
6244,-3094,-3131,23,6253,6226,1921,464,3552,4420,3387,3846
6421,-3189,-3224,29,6431,6406,1885,366,3649,4560,3528,3974
6610,-3288,-3324,37,6621,6597,1843,251,3738,4692,3667,4101
6805,-3395,-3420,36,6812,6797,1788,113,3815,4818,3803,4221
7001,-3507,-3514,31,7004,7001,1722,-48,3883,4937,3936,4335
7201,-3620,-3611,26,7199,7208,1647,-227,3948,5053,4070,4449
7408,-3732,-3714,25,7404,7420,1561,-421,4007,5168,4204,4559
7615,-3844,-3816,24,7608,7632,1456,-637,4052,5279,4337,4664
7812,-3957,-3906,12,7798,7839,1323,-881,4079,5375,4464,4761
8002,-4067,-3990,-3,7980,8039,1166,-1149,4092,5467,4588,4857
8190,-4175,-4072,-18,8160,8237,992,-1434,4096,5558,4711,4953
8376,-4277,-4157,-28,8341,8430,806,-1732,4093,5649,4833,5049
8559,-4372,-4245,-32,8521,8616,612,-2034,4084,5735,4954,5146
8726,-4459,-4322,-40,8684,8786,415,-2348,4068,5813,5068,5239
8888,-4539,-4400,-44,8845,8949,221,-2669,4046,5892,5181,5330
9051,-4614,-4482,-43,9010,9110,24,-3001,4017,5965,5289,5416
9216,-4690,-4565,-44,9176,9273,-176,-3348,3980,6033,5395,5503
9376,-4766,-4642,-49,9336,9432,-388,-3711,3932,6090,5494,5588
9534,-4840,-4718,-54,9493,9588,-608,-4086,3875,6145,5596,5676
9678,-4912,-4781,-69,9632,9734,-841,-4475,3806,6193,5690,5763
9809,-4975,-4840,-80,9760,9866,-1085,-4873,3732,6241,5783,5853
9941,-5032,-4906,-82,9894,9993,-1339,-5273,3656,6293,5879,5949
10068,-5088,-4968,-87,10022,10116,-1605,-5676,3575,6342,5971,6047
10198,-5143,-5035,-88,10154,10240,-1881,-6082,3492,6396,6064,6148
10329,-5198,-5104,-87,10289,10365,-2169,-6489,3409,6452,6160,6252
10458,-5253,-5171,-88,10421,10487,-2469,-6902,3324,6509,6254,6355
10584,-5310,-5234,-93,10547,10609,-2778,-7323,3237,6562,6341,6455
10709,-5368,-5297,-96,10674,10730,-3089,-7740,3149,6614,6427,6553
10838,-5420,-5371,-87,10809,10849,-3395,-8146,3065,6670,6517,6653
10965,-5469,-5447,-75,10945,10966,-3698,-8544,2981,6717,6604,6748
11089,-5519,-5520,-63,11076,11079,-3998,-8932,2893,6758,6687,6838
11209,-5571,-5590,-54,11202,11193,-4293,-9305,2801,6797,6765,6924
11324,-5626,-5652,-49,11320,11303,-4583,-9660,2713,6834,6838,7005
11445,-5684,-5720,-42,11445,11420,-4861,-9994,2629,6874,6915,7084
11566,-5745,-5784,-39,11567,11538,-5129,-10311,2548,6912,6992,7160
11684,-5810,-5844,-37,11686,11658,-5388,-10614,2473,6946,7065,7233
11800,-5875,-5901,-38,11800,11776,-5635,-10894,2403,6979,7134,7304
11913,-5942,-5956,-39,11911,11893,-5866,-11152,2343,7014,7203,7374
12025,-6010,-6008,-43,12019,12011,-6084,-11391,2289,7046,7270,7442
12144,-6075,-6071,-37,12139,12132,-6290,-11607,2238,7078,7342,7515
12264,-6139,-6136,-27,12261,12254,-6491,-11808,2186,7108,7417,7591
12377,-6204,-6192,-24,12374,12371,-6692,-12009,2128,7134,7489,7664
12494,-6269,-6251,-18,12490,12491,-6893,-12209,2068,7163,7561,7737
12611,-6337,-6308,-17,12604,12613,-7098,-12416,2001,7185,7629,7802
12730,-6404,-6364,-15,12720,12736,-7309,-12629,1926,7202,7689,7864
12851,-6468,-6426,-9,12841,12860,-7524,-12840,1847,7214,7745,7926
12973,-6527,-6492,3,12965,12980,-7734,-13043,1764,7225,7804,7990
13087,-6582,-6552,13,13081,13094,-7934,-13245,1673,7225,7858,8050
13183,-6635,-6596,12,13174,13193,-8128,-13453,1570,7210,7899,8099
13266,-6682,-6630,7,13252,13280,-8313,-13658,1461,7192,7935,8143
13344,-6726,-6662,3,13325,13362,-8486,-13855,1352,7172,7965,8183
13422,-6768,-6696,-2,13400,13442,-8649,-14044,1242,7147,7989,8222
13503,-6810,-6730,-7,13477,13526,-8804,-14219,1133,7120,8011,8259
13577,-6857,-6753,-24,13543,13608,-8955,-14391,1026,7090,8026,8291
13653,-6904,-6776,-42,13610,13691,-9101,-14554,925,7069,8042,8327
13734,-6953,-6801,-61,13682,13779,-9241,-14711,828,7053,8061,8363
13816,-7000,-6829,-79,13757,13867,-9376,-14864,735,7042,8080,8398
13894,-7046,-6855,-97,13827,13952,-9508,-15009,647,7030,8100,8427
13972,-7090,-6881,-115,13898,14035,-9635,-15140,566,7023,8124,8457
14043,-7137,-6899,-141,13959,14116,-9757,-15265,488,7014,8146,8487
14114,-7183,-6917,-166,14019,14195,-9872,-15387,411,7011,8169,8518
14192,-7232,-6940,-189,14088,14281,-9977,-15500,342,7021,8204,8557
14269,-7284,-6959,-218,14154,14369,-10078,-15612,279,7040,8244,8599
14355,-7336,-6987,-241,14231,14464,-10177,-15723,220,7064,8292,8648
14451,-7391,-7024,-259,14320,14565,-10276,-15839,162,7090,8346,8698
14551,-7448,-7063,-277,14415,14673,-10380,-15963,99,7118,8399,8752
14649,-7507,-7099,-297,14505,14779,-10486,-16096,31,7144,8448,8806
14750,-7566,-7139,-315,14600,14887,-10596,-16233,-39,7169,8499,8861
14865,-7625,-7192,-322,14713,15004,-10708,-16369,-109,7198,8556,8923
14983,-7682,-7253,-324,14833,15122,-10829,-16510,-184,7227,8616,8988
15099,-7736,-7315,-322,14953,15237,-10955,-16652,-267,7253,8678,9052
15212,-7791,-7374,-321,15068,15349,-11082,-16795,-356,7272,8739,9114
15317,-7843,-7429,-320,15175,15455,-11208,-16940,-449,7282,8795,9171
15425,-7893,-7489,-313,15288,15560,-11326,-17074,-540,7296,8856,9231
15527,-7943,-7545,-308,15394,15661,-11437,-17196,-631,7308,8918,9290
15623,-7993,-7595,-306,15491,15757,-11544,-17306,-720,7320,8980,9349
15716,-8043,-7644,-305,15585,15852,-11651,-17407,-805,7338,9041,9407
15813,-8095,-7695,-302,15684,15950,-11757,-17501,-883,7367,9106,9467
15913,-8150,-7746,-300,15784,16051,-11858,-17589,-953,7410,9175,9530
16023,-8203,-7811,-287,15901,16156,-11952,-17664,-1013,7468,9254,9599
16142,-8258,-7882,-270,16028,16269,-12044,-17733,-1073,7524,9340,9670
16258,-8312,-7953,-253,16151,16380,-12141,-17808,-1136,7574,9422,9741
16375,-8360,-8029,-227,16279,16487,-12240,-17882,-1201,7626,9505,9815
16487,-8406,-8102,-202,16402,16589,-12344,-17955,-1268,7680,9589,9892
16595,-8453,-8171,-181,16519,16689,-12449,-18031,-1337,7735,9670,9969
16703,-8499,-8240,-159,16636,16789,-12554,-18101,-1405,7794,9755,10049
16815,-8547,-8310,-137,16756,16893,-12658,-18159,-1462,7864,9851,10136
16923,-8595,-8376,-118,16871,16995,-12762,-18209,-1503,7946,9953,10225
17015,-8641,-8427,-109,16965,17085,-12868,-18258,-1528,8034,10055,10314
17098,-8680,-8474,-100,17050,17166,-12975,-18298,-1534,8137,10161,10405
17179,-8713,-8525,-85,17137,17241,-13079,-18322,-1519,8259,10273,10502
17258,-8736,-8581,-60,17225,17309,-13181,-18336,-1485,8397,10393,10603
17334,-8749,-8645,-25,17317,17369,-13281,-18340,-1440,8545,10522,10710
17398,-8756,-8700,7,17396,17418,-13381,-18350,-1391,8692,10650,10816
17455,-8755,-8756,44,17470,17457,-13481,-18365,-1349,8831,10776,10922
17508,-8744,-8816,88,17544,17487,-13586,-18389,-1322,8959,10900,11027
17560,-8727,-8880,138,17620,17512,-13699,-18424,-1309,9078,11025,11136
17606,-8704,-8944,191,17693,17531,-13820,-18466,-1309,9190,11151,11247
17645,-8674,-9007,245,17759,17540,-13941,-18504,-1315,9300,11279,11362
17668,-8643,-9054,290,17805,17538,-14059,-18540,-1323,9406,11403,11477
17684,-8611,-9095,331,17843,17530,-14169,-18570,-1327,9514,11525,11591
17696,-8571,-9139,377,17880,17515,-14270,-18587,-1327,9626,11649,11708
17692,-8524,-9175,423,17900,17484,-14367,-18596,-1330,9735,11766,11820
17680,-8468,-9212,476,17917,17441,-14452,-18595,-1328,9837,11877,11925
17658,-8403,-9248,533,17926,17386,-14523,-18577,-1321,9933,11985,12023
17624,-8336,-9274,586,17921,17320,-14584,-18542,-1304,10023,12085,12112
17574,-8264,-9290,637,17899,17240,-14636,-18491,-1273,10108,12176,12193
17515,-8186,-9304,690,17869,17149,-14679,-18423,-1227,10198,12260,12269
17458,-8102,-9326,754,17846,17056,-14704,-18332,-1163,10296,12349,12345
17397,-8015,-9349,822,17821,16956,-14720,-18221,-1085,10392,12441,12417
17322,-7919,-9368,896,17784,16841,-14733,-18096,-997,10486,12530,12484
17229,-7815,-9379,971,17731,16708,-14743,-17958,-902,10576,12614,12545
17121,-7704,-9382,1048,17662,16560,-14753,-17814,-802,10661,12690,12599
17013,-7589,-9391,1133,17597,16409,-14765,-17659,-698,10747,12766,12651
16900,-7475,-9395,1216,17526,16255,-14777,-17498,-591,10835,12843,12704
16783,-7364,-9393,1294,17447,16100,-14784,-17332,-480,10929,12923,12757
16666,-7258,-9388,1368,17367,15948,-14789,-17163,-366,11029,13002,12814
16556,-7158,-9386,1442,17293,15804,-14792,-16986,-253,11136,13085,12875
16450,-7062,-9382,1513,17221,15666,-14792,-16807,-142,11240,13167,12939
16352,-6964,-9390,1594,17162,15531,-14786,-16615,-31,11349,13257,13010
16263,-6870,-9404,1678,17112,15405,-14779,-16421,73,11453,13352,13085
16171,-6779,-9411,1754,17057,15280,-14772,-16239,164,11543,13442,13157
16081,-6686,-9422,1835,17004,15154,-14767,-16062,244,11620,13526,13227
15981,-6588,-9428,1915,16942,15020,-14764,-15888,311,11678,13599,13288
15868,-6483,-9428,1996,16868,14874,-14761,-15714,369,11722,13660,13341
15753,-6372,-9429,2081,16792,14722,-14751,-15531,419,11759,13716,13390
15641,-6258,-9436,2171,16723,14572,-14734,-15338,466,11794,13774,13441
15527,-6144,-9439,2257,16649,14420,-14716,-15145,508,11827,13833,13493
15405,-6034,-9429,2330,16562,14267,-14701,-14963,536,11854,13888,13543
15287,-5930,-9416,2395,16474,14121,-14687,-14798,553,11878,13939,13590
15178,-5832,-9404,2456,16394,13986,-14673,-14648,553,11900,13990,13640
15076,-5741,-9391,2509,16319,13861,-14658,-14512,535,11918,14041,13694
14985,-5656,-9382,2558,16252,13747,-14635,-14383,506,11935,14093,13749
14891,-5576,-9363,2596,16177,13636,-14610,-14267,471,11949,14142,13801
14799,-5497,-9344,2632,16103,13526,-14578,-14160,434,11969,14191,13854
14706,-5416,-9326,2668,16029,13414,-14540,-14053,398,12000,14243,13905
14612,-5332,-9307,2703,15953,13301,-14489,-13943,373,12049,14299,13952
14515,-5252,-9283,2731,15872,13187,-14425,-13828,360,12111,14360,13995
14415,-5171,-9255,2756,15786,13072,-14353,-13705,356,12186,14426,14037
14298,-5089,-9212,2770,15678,12943,-14278,-13581,359,12264,14489,14073
14165,-5000,-9158,2781,15552,12799,-14199,-13450,368,12342,14545,14101
14025,-4904,-9106,2798,15423,12645,-14114,-13305,383,12422,14604,14127
13870,-4803,-9044,2812,15277,12478,-14025,-13152,400,12493,14657,14148
13709,-4699,-8978,2825,15124,12303,-13922,-12985,420,12561,14706,14164
13545,-4596,-8911,2838,14968,12127,-13809,-12807,439,12622,14748,14174
13377,-4495,-8838,2846,14806,11948,-13688,-12623,452,12663,14782,14174
13203,-4393,-8761,2853,14637,11764,-13562,-12439,451,12674,14799,14161
13030,-4293,-8685,2862,14468,11580,-13428,-12253,432,12650,14799,14136
12866,-4196,-8616,2875,14312,11405,-13277,-12060,397,12594,14782,14101
12710,-4111,-8547,2882,14159,11241,-13111,-11865,334,12486,14743,14047
12558,-4037,-8469,2878,14004,11086,-12929,-11671,234,12315,14673,13969
12402,-3972,-8382,2864,13841,10935,-12732,-11482,92,12076,14572,13869
12239,-3915,-8282,2838,13663,10783,-12527,-11304,-95,11772,14434,13747
12080,-3863,-8181,2809,13488,10637,-12311,-11130,-327,11417,14266,13607
11917,-3817,-8072,2774,13306,10493,-12088,-10964,-605,11009,14066,13447
11745,-3777,-7948,2726,13108,10346,-11854,-10805,-933,10545,13831,13265
11562,-3742,-7809,2666,12892,10195,-11608,-10651,-1309,10021,13562,13062
11372,-3711,-7661,2599,12667,10043,-11346,-10498,-1730,9438,13259,12838
11175,-3688,-7500,2519,12428,9891,-11069,-10349,-2193,8799,12919,12591
10977,-3664,-7336,2439,12187,9738,-10778,-10197,-2691,8119,12550,12322
10773,-3642,-7167,2353,11940,9584,-10478,-10040,-3218,7401,12153,12030
10549,-3615,-6980,2259,11666,9413,-10171,-9888,-3769,6651,11717,11710
10308,-3580,-6785,2165,11378,9227,-9855,-9729,-4332,5881,11253,11370
10050,-3541,-6575,2062,11068,9028,-9537,-9566,-4903,5092,10762,11008
9772,-3493,-6354,1957,10738,8810,-9216,-9401,-5474,4300,10244,10623
9479,-3431,-6130,1859,10396,8573,-8889,-9223,-6032,3520,9711,10223
9177,-3354,-5911,1772,10052,8322,-8558,-9026,-6559,2766,9170,9815
8864,-3267,-5688,1688,9697,8058,-8224,-8811,-7048,2039,8628,9397
8532,-3175,-5449,1595,9320,7778,-7890,-8582,-7498,1339,8080,8968
8186,-3073,-5205,1503,8929,7483,-7555,-8333,-7901,678,7531,8533
7833,-2960,-4963,1418,8535,7176,-7218,-8065,-8255,59,6988,8098
7476,-2839,-4723,1337,8139,6862,-6881,-7781,-8557,-517,6455,7666
7118,-2711,-4488,1262,7746,6543,-6545,-7484,-8810,-1051,5936,7242
6750,-2579,-4246,1181,7341,6215,-6212,-7183,-9023,-1551,5423,6822
6381,-2444,-4004,1102,6935,5884,-5884,-6875,-9195,-2015,4919,6408
6015,-2306,-3765,1024,6533,5553,-5553,-6557,-9328,-2444,4431,6001
5655,-2170,-3531,947,6137,5227,-5223,-6228,-9423,-2837,3960,5606
5297,-2035,-3297,869,5743,4903,-4898,-5896,-9488,-3204,3500,5217
4944,-1896,-3070,797,5357,4578,-4574,-5556,-9525,-3548,3055,4836
4586,-1756,-2839,722,4964,4250,-4253,-5216,-9537,-3872,2620,4460
4220,-1609,-2607,652,4565,3911,-3933,-4878,-9525,-4167,2196,4093
3861,-1457,-2387,592,4178,3572,-3613,-4530,-9487,-4430,1794,3740
3502,-1305,-2167,533,3791,3233,-3295,-4181,-9429,-4667,1410,3399
3152,-1152,-1958,485,3417,2898,-2977,-3832,-9351,-4880,1046,3072
2812,-998,-1761,445,3058,2569,-2656,-3480,-9254,-5075,700,2755
2479,-849,-1567,406,2706,2246,-2335,-3121,-9141,-5254,368,2450
2150,-702,-1376,369,2357,1927,-2017,-2764,-9017,-5413,49,2155
1828,-556,-1193,339,2019,1613,-1705,-2409,-8882,-5550,-256,1872
1522,-406,-1031,327,1706,1307,-1392,-2047,-8737,-5663,-538,1605
1227,-257,-882,326,1409,1008,-1079,-1677,-8582,-5754,-799,1351
940,-112,-739,328,1121,716,-767,-1303,-8421,-5831,-1041,1108
661,30,-601,335,842,431,-459,-927,-8258,-5902,-1273,871
384,169,-465,341,566,150,-159,-555,-8095,-5974,-1500,636
120,300,-338,352,305,-118,137,-183,-7931,-6039,-1714,407
-140,426,-210,359,45,-380,428,183,-7767,-6102,-1921,181
-399,548,-80,364,-214,-639,712,540,-7605,-6164,-2121,-43
-659,668,50,369,-474,-897,986,890,-7445,-6222,-2319,-266
-912,789,172,381,-724,-1150,1252,1237,-7286,-6273,-2511,-485
-1160,906,291,392,-968,-1397,1510,1573,-7128,-6322,-2700,-699
-1392,1021,396,411,-1193,-1632,1765,1907,-6970,-6367,-2877,-905
-1608,1128,492,431,-1401,-1850,2014,2242,-6811,-6407,-3040,-1101
-1823,1229,593,443,-1610,-2063,2256,2566,-6660,-6450,-3199,-1292
-2024,1324,686,456,-1806,-2261,2493,2886,-6511,-6486,-3346,-1474
-2217,1413,779,464,-1996,-2450,2718,3198,-6367,-6518,-3485,-1650
-2408,1499,871,469,-2185,-2635,2929,3498,-6225,-6543,-3619,-1820
-2594,1587,959,477,-2366,-2816,3125,3788,-6087,-6564,-3745,-1986
-2770,1673,1040,487,-2537,-2989,3311,4074,-5954,-6582,-3862,-2147
-2940,1756,1120,493,-2704,-3154,3487,4350,-5827,-6601,-3975,-2306
-3114,1833,1211,487,-2880,-3318,3655,4616,-5703,-6625,-4093,-2465
-3289,1910,1306,476,-3059,-3481,3815,4872,-5582,-6652,-4213,-2622
-3458,1985,1398,464,-3233,-3639,3966,5114,-5464,-6680,-4334,-2775
-3618,2056,1487,450,-3399,-3788,4109,5340,-5352,-6708,-4452,-2927
-3765,2124,1570,436,-3552,-3925,4247,5558,-5244,-6735,-4563,-3072
-3912,2191,1655,418,-3707,-4061,4374,5759,-5142,-6765,-4677,-3212
-4052,2259,1733,404,-3852,-4194,4495,5948,-5043,-6792,-4787,-3346
-4184,2327,1806,392,-3989,-4322,4610,6123,-4952,-6822,-4894,-3476
-4310,2393,1876,381,-4119,-4445,4725,6286,-4865,-6851,-4995,-3600
-4432,2457,1945,367,-4246,-4563,4833,6436,-4786,-6878,-5095,-3718
-4550,2519,2013,352,-4369,-4678,4937,6578,-4711,-6902,-5190,-3832
-4674,2579,2090,329,-4503,-4797,5033,6708,-4642,-6930,-5286,-3945
-4808,2641,2175,303,-4648,-4924,5124,6825,-4577,-6960,-5383,-4057
-4935,2705,2252,283,-4785,-5049,5213,6938,-4511,-6985,-5469,-4160
-5064,2765,2333,259,-4925,-5174,5298,7044,-4448,-7010,-5550,-4258
-5186,2825,2407,239,-5055,-5293,5382,7148,-4386,-7029,-5626,-4348
-5294,2882,2469,228,-5169,-5405,5469,7249,-4322,-7040,-5694,-4428
-5397,2933,2530,214,-5278,-5509,5553,7343,-4260,-7048,-5755,-4502
-5496,2980,2591,198,-5385,-5609,5631,7423,-4203,-7054,-5814,-4571
-5589,3023,2647,185,-5485,-5703,5709,7502,-4147,-7050,-5865,-4632
-5668,3066,2687,184,-5565,-5789,5791,7586,-4090,-7038,-5904,-4682
-5735,3104,2718,188,-5631,-5864,5871,7672,-4035,-7022,-5933,-4725
-5795,3137,2746,193,-5690,-5932,5943,7756,-3985,-7006,-5954,-4763
-5849,3169,2768,201,-5741,-5995,6009,7839,-3942,-6989,-5968,-4794
-5901,3197,2788,210,-5790,-6055,6066,7917,-3903,-6976,-5981,-4816
-5942,3224,2798,226,-5824,-6106,6121,8002,-3864,-6958,-5984,-4829
-5980,3247,2806,243,-5856,-6154,6172,8091,-3827,-6940,-5981,-4839
-6020,3269,2817,258,-5889,-6201,6219,8179,-3794,-6928,-5978,-4848
-6058,3289,2826,273,-5921,-6245,6262,8264,-3762,-6917,-5972,-4858
-6091,3306,2833,288,-5948,-6284,6303,8346,-3726,-6899,-5964,-4867
-6123,3321,2839,303,-5973,-6320,6336,8421,-3691,-6882,-5959,-4876
-6142,3336,2831,327,-5981,-6346,6362,8496,-3658,-6867,-5955,-4884
-6148,3348,2813,356,-5973,-6361,6381,8573,-3629,-6854,-5945,-4890
-6156,3358,2800,380,-5970,-6375,6394,8646,-3606,-6846,-5940,-4899
-6159,3369,2782,407,-5960,-6386,6405,8716,-3586,-6839,-5932,-4906
-6161,3378,2763,432,-5948,-6393,6408,8780,-3572,-6836,-5925,-4916
-6163,3387,2747,456,-5938,-6400,6404,8837,-3562,-6831,-5919,-4926
-6161,3396,2727,480,-5924,-6403,6400,8891,-3550,-6825,-5910,-4934
-6155,3405,2703,507,-5903,-6402,6396,8945,-3537,-6822,-5897,-4941
-6146,3415,2679,532,-5882,-6400,6391,8996,-3528,-6825,-5884,-4951
-6147,3422,2667,546,-5873,-6401,6378,9037,-3526,-6838,-5881,-4969
-6156,3430,2664,554,-5877,-6409,6356,9067,-3529,-6854,-5889,-4994
-6169,3440,2667,559,-5887,-6420,6326,9088,-3535,-6870,-5904,-5023
-6188,3451,2675,559,-5904,-6435,6289,9102,-3541,-6887,-5924,-5053
-6207,3461,2685,557,-5923,-6450,6252,9116,-3546,-6899,-5944,-5080
-6235,3472,2705,546,-5955,-6470,6211,9122,-3551,-6917,-5973,-5112
-6264,3484,2728,535,-5989,-6493,6173,9130,-3553,-6934,-6006,-5145
-6294,3500,2747,527,-6021,-6519,6141,9147,-3547,-6947,-6038,-5179
-6320,3519,2762,525,-6049,-6545,6112,9165,-3536,-6961,-6071,-5213
-6352,3541,2779,521,-6081,-6577,6081,9176,-3530,-6980,-6106,-5248
-6387,3568,2796,522,-6116,-6614,6052,9187,-3527,-6997,-6137,-5279
-6431,3595,2823,516,-6163,-6658,6026,9193,-3526,-7015,-6168,-5310
-6482,3621,2857,504,-6220,-6707,6005,9195,-3525,-7033,-6201,-5340
-6529,3648,2887,496,-6272,-6755,5991,9201,-3521,-7044,-6232,-5364
-6580,3672,2923,483,-6331,-6805,5981,9204,-3517,-7057,-6264,-5385
-6627,3694,2957,469,-6387,-6851,5982,9209,-3507,-7059,-6288,-5401
-6667,3713,2985,459,-6434,-6892,5993,9214,-3493,-7057,-6304,-5410
-6704,3729,3013,447,-6478,-6928,6010,9218,-3475,-7055,-6316,-5417
-6740,3741,3042,432,-6523,-6963,6031,9220,-3460,-7056,-6332,-5425
-6771,3751,3066,421,-6561,-6993,6056,9227,-3446,-7055,-6346,-5431
-6791,3764,3075,423,-6582,-7019,6091,9245,-3428,-7046,-6354,-5432
-6804,3778,3073,433,-6591,-7041,6129,9268,-3408,-7034,-6356,-5429
-6814,3791,3070,443,-6597,-7061,6172,9302,-3389,-7020,-6354,-5423
-6825,3800,3069,451,-6605,-7079,6222,9349,-3368,-7003,-6349,-5414
-6838,3808,3071,457,-6616,-7097,6275,9400,-3349,-6987,-6342,-5404
-6842,3814,3063,470,-6613,-7109,6329,9456,-3329,-6970,-6329,-5391
-6845,3819,3056,482,-6611,-7118,6380,9507,-3305,-6959,-6314,-5375
-6851,3821,3053,490,-6613,-7127,6426,9554,-3281,-6951,-6299,-5359
-6861,3821,3057,492,-6622,-7138,6467,9596,-3260,-6948,-6286,-5349
-6869,3818,3060,494,-6628,-7144,6507,9639,-3240,-6947,-6273,-5341
-6876,3813,3065,492,-6636,-7148,6544,9681,-3226,-6955,-6265,-5335
-6879,3810,3064,495,-6636,-7149,6582,9725,-3218,-6965,-6259,-5332
-6876,3807,3056,504,-6627,-7147,6616,9775,-3214,-6979,-6255,-5333
-6881,3806,3056,508,-6629,-7150,6639,9819,-3218,-7005,-6263,-5343
-6888,3812,3052,519,-6629,-7159,6657,9863,-3227,-7035,-6271,-5357
-6901,3822,3051,530,-6635,-7174,6667,9899,-3240,-7069,-6279,-5373
-6922,3835,3055,539,-6650,-7196,6670,9926,-3257,-7102,-6292,-5391
-6945,3850,3059,548,-6666,-7219,6672,9950,-3273,-7136,-6304,-5407
-6963,3865,3060,560,-6677,-7240,6679,9985,-3284,-7159,-6312,-5416
-6982,3884,3060,573,-6689,-7263,6688,10028,-3292,-7176,-6319,-5423
-7012,3902,3071,578,-6715,-7293,6695,10067,-3303,-7199,-6334,-5433
-7048,3920,3088,578,-6750,-7327,6697,10102,-3316,-7227,-6353,-5448
-7088,3944,3106,581,-6788,-7366,6701,10136,-3329,-7258,-6375,-5465
-7131,3971,3124,586,-6828,-7410,6711,10169,-3340,-7286,-6399,-5484
-7169,3996,3139,590,-6864,-7449,6728,10208,-3349,-7311,-6422,-5500
-7217,4018,3169,582,-6917,-7494,6746,10244,-3359,-7340,-6453,-5518
-7270,4046,3197,579,-6970,-7544,6768,10281,-3364,-7367,-6484,-5536
-7322,4077,3222,579,-7023,-7597,6791,10321,-3367,-7391,-6517,-5554
-7373,4112,3242,585,-7072,-7652,6818,10363,-3370,-7414,-6548,-5569
-7429,4148,3266,590,-7126,-7712,6846,10402,-3374,-7444,-6581,-5586
-7487,4189,3288,599,-7180,-7776,6878,10440,-3377,-7471,-6612,-5606
-7552,4228,3317,602,-7244,-7844,6913,10482,-3377,-7498,-6644,-5627
-7627,4271,3353,603,-7321,-7922,6951,10523,-3374,-7520,-6678,-5650
-7698,4315,3385,609,-7390,-7997,6995,10567,-3365,-7527,-6707,-5670
-7772,4354,3424,606,-7468,-8072,7037,10610,-3356,-7534,-6735,-5690
-7847,4394,3463,605,-7546,-8149,7079,10652,-3345,-7540,-6764,-5710
-7918,4436,3496,610,-7617,-8225,7127,10698,-3334,-7548,-6786,-5727
-7986,4477,3525,618,-7685,-8299,7178,10745,-3320,-7553,-6804,-5740
-8056,4519,3555,626,-7753,-8375,7227,10787,-3304,-7556,-6823,-5751
-8121,4559,3581,636,-7815,-8446,7276,10830,-3284,-7551,-6840,-5759
-8171,4596,3596,652,-7860,-8506,7330,10881,-3258,-7538,-6849,-5761
-8210,4629,3602,672,-7892,-8556,7385,10936,-3231,-7523,-6848,-5759
-8247,4659,3609,689,-7923,-8602,7441,10995,-3202,-7507,-6840,-5752
-8282,4687,3614,707,-7950,-8646,7499,11059,-3171,-7486,-6826,-5744
-8321,4715,3623,722,-7983,-8692,7554,11121,-3146,-7467,-6816,-5740
-8351,4742,3625,742,-8004,-8731,7609,11183,-3123,-7447,-6802,-5733
-8381,4769,3626,762,-8025,-8770,7660,11240,-3101,-7433,-6786,-5728
-8413,4796,3630,780,-8047,-8810,7702,11295,-3081,-7419,-6769,-5725
-8444,4820,3635,796,-8070,-8848,7739,11354,-3064,-7411,-6755,-5722
-8471,4842,3637,811,-8088,-8881,7778,11418,-3044,-7404,-6737,-5717
-8498,4862,3642,823,-8106,-8911,7817,11479,-3023,-7400,-6720,-5714
-8516,4878,3641,836,-8116,-8934,7857,11541,-3002,-7390,-6702,-5711
-8525,4891,3636,850,-8115,-8948,7899,11614,-2982,-7376,-6679,-5708
-8539,4901,3639,855,-8123,-8963,7940,11687,-2963,-7365,-6660,-5710
-8554,4917,3637,867,-8129,-8982,7982,11762,-2946,-7353,-6644,-5711
-8571,4935,3636,879,-8137,-9005,8018,11835,-2937,-7351,-6632,-5713
-8593,4955,3637,891,-8149,-9031,8049,11903,-2930,-7354,-6625,-5716
-8611,4974,3636,903,-8156,-9054,8078,11971,-2924,-7359,-6619,-5719
-8621,4992,3628,920,-8155,-9072,8106,12037,-2918,-7359,-6612,-5724
-8633,5013,3619,937,-8155,-9092,8131,12097,-2914,-7366,-6605,-5730
-8652,5031,3621,946,-8166,-9115,8151,12152,-2912,-7380,-6607,-5744
-8678,5046,3633,946,-8189,-9141,8166,12201,-2913,-7398,-6619,-5763
-8710,5066,3645,950,-8217,-9175,8177,12243,-2920,-7422,-6639,-5786
-8750,5094,3659,958,-8251,-9220,8183,12280,-2932,-7450,-6663,-5810
-8793,5127,3670,970,-8286,-9269,8189,12317,-2946,-7477,-6686,-5834
-8845,5157,3693,972,-8336,-9323,8195,12342,-2962,-7510,-6717,-5862
-8899,5187,3717,974,-8389,-9379,8199,12361,-2979,-7545,-6753,-5888
-8952,5217,3740,977,-8440,-9435,8199,12379,-2994,-7580,-6789,-5914
-9002,5245,3763,978,-8490,-9487,8202,12401,-3006,-7611,-6824,-5942
-9054,5272,3788,979,-8543,-9541,8211,12424,-3017,-7642,-6860,-5973
-9108,5302,3811,983,-8597,-9598,8226,12453,-3027,-7675,-6895,-6002
-9169,5330,3843,981,-8662,-9659,8240,12477,-3036,-7707,-6931,-6030
-9241,5357,3887,971,-8741,-9727,8256,12495,-3042,-7736,-6968,-6058
-9306,5384,3923,966,-8812,-9790,8279,12521,-3041,-7754,-6997,-6080
-9371,5410,3960,960,-8884,-9854,8302,12549,-3039,-7766,-7024,-6098
-9436,5438,3996,957,-8954,-9918,8328,12576,-3037,-7772,-7048,-6114
-9497,5464,4028,955,-9020,-9978,8357,12606,-3035,-7773,-7067,-6128
-9560,5490,4064,951,-9089,-10040,8384,12637,-3032,-7779,-7085,-6144
-9630,5516,4106,942,-9167,-10106,8409,12667,-3029,-7789,-7108,-6163
-9703,5545,4148,936,-9247,-10176,8432,12696,-3024,-7800,-7135,-6179
-9767,5579,4176,942,-9310,-10243,8457,12731,-3018,-7805,-7158,-6189
-9822,5614,4196,954,-9362,-10305,8485,12770,-3013,-7811,-7178,-6199
-9877,5647,4215,965,-9413,-10364,8516,12811,-3012,-7824,-7198,-6212
-9930,5679,4235,975,-9463,-10422,8549,12853,-3015,-7843,-7218,-6227
-9984,5711,4258,982,-9515,-10480,8581,12892,-3016,-7863,-7239,-6246
-10031,5742,4272,994,-9557,-10532,8614,12934,-3017,-7879,-7254,-6264
-10078,5771,4290,1003,-9599,-10583,8642,12971,-3024,-7901,-7270,-6286
-10132,5802,4313,1008,-9650,-10639,8663,13006,-3038,-7931,-7291,-6311
-10190,5836,4338,1014,-9704,-10700,8678,13039,-3054,-7962,-7316,-6339
-10244,5869,4359,1021,-9753,-10757,8691,13070,-3071,-7989,-7343,-6368
-10294,5899,4380,1028,-9798,-10810,8703,13096,-3090,-8015,-7371,-6400
-10337,5929,4393,1037,-9834,-10858,8715,13126,-3107,-8035,-7394,-6430
-10368,5955,4400,1049,-9856,-10895,8726,13163,-3118,-8051,-7408,-6457
-10402,5977,4413,1053,-9885,-10931,8734,13196,-3128,-8068,-7424,-6488
-10432,6000,4421,1061,-9907,-10966,8742,13233,-3136,-8081,-7440,-6522
-10461,6019,4433,1064,-9932,-10997,8750,13274,-3145,-8095,-7456,-6560
-10499,6036,4455,1058,-9970,-11034,8758,13317,-3155,-8111,-7476,-6601
-10544,6057,4480,1054,-10013,-11077,8768,13358,-3166,-8135,-7500,-6645
-10590,6085,4501,1057,-10055,-11126,8774,13399,-3181,-8165,-7528,-6690
-10640,6112,4525,1057,-10102,-11176,8777,13435,-3200,-8201,-7559,-6735
-10696,6133,4563,1043,-10163,-11227,8776,13464,-3227,-8243,-7600,-6785
-10759,6150,4610,1021,-10234,-11280,8774,13488,-3258,-8289,-7647,-6838
-10818,6165,4657,998,-10303,-11328,8774,13508,-3286,-8332,-7694,-6888
-10870,6174,4701,973,-10366,-11368,8774,13524,-3313,-8370,-7737,-6933
-10916,6184,4739,952,-10422,-11404,8775,13541,-3334,-8404,-7774,-6973
-10967,6194,4782,928,-10484,-11443,8774,13550,-3354,-8441,-7814,-7012
-11017,6207,4822,909,-10545,-11484,8776,13556,-3375,-8474,-7856,-7049
-11061,6221,4854,895,-10597,-11521,8781,13564,-3392,-8501,-7896,-7086
-11101,6235,4883,884,-10644,-11555,8790,13581,-3399,-8518,-7930,-7117
-11145,6250,4914,872,-10696,-11592,8799,13598,-3406,-8530,-7962,-7144
-11189,6266,4944,862,-10747,-11630,8810,13622,-3410,-8538,-7989,-7169
-11234,6279,4977,849,-10802,-11667,8822,13649,-3409,-8547,-8015,-7192
-11287,6292,5018,830,-10866,-11710,8837,13673,-3405,-8554,-8045,-7214
-11335,6308,5051,819,-10922,-11750,8854,13700,-3393,-8554,-8068,-7229
-11383,6322,5085,806,-10980,-11791,8867,13726,-3378,-8550,-8087,-7242
-11429,6337,5116,796,-11033,-11831,8880,13756,-3358,-8543,-8103,-7254
-11471,6353,5141,791,-11080,-11869,8900,13792,-3332,-8535,-8112,-7262
-11514,6367,5169,784,-11129,-11908,8923,13833,-3307,-8525,-8119,-7271
-11565,6382,5203,773,-11186,-11952,8948,13874,-3282,-8519,-8128,-7282
-11617,6397,5237,763,-11245,-11999,8969,13907,-3260,-8518,-8140,-7294
-11661,6416,5259,763,-11290,-12043,8988,13938,-3236,-8516,-8146,-7303
-11699,6437,5273,770,-11326,-12084,9006,13967,-3213,-8516,-8150,-7309
-11736,6454,5290,774,-11362,-12123,9030,13998,-3190,-8515,-8152,-7315
-11771,6468,5307,775,-11397,-12158,9057,14039,-3167,-8513,-8153,-7319
-11812,6482,5331,772,-11440,-12198,9081,14082,-3145,-8514,-8158,-7327
-11846,6499,5344,778,-11471,-12236,9105,14130,-3124,-8511,-8161,-7331
-11881,6516,5359,783,-11504,-12273,9130,14180,-3107,-8512,-8164,-7340
-11917,6531,5376,784,-11539,-12310,9154,14233,-3097,-8519,-8169,-7351
-11957,6546,5398,783,-11580,-12349,9174,14284,-3088,-8525,-8177,-7363
-11996,6561,5418,782,-11618,-12388,9191,14337,-3076,-8523,-8183,-7376
-12032,6575,5438,781,-11654,-12422,9209,14389,-3062,-8520,-8189,-7389
-12063,6590,5450,786,-11681,-12454,9228,14442,-3046,-8517,-8194,-7403
-12082,6607,5450,798,-11693,-12480,9248,14501,-3030,-8512,-8194,-7415
-12108,6624,5457,806,-11713,-12509,9264,14559,-3020,-8515,-8200,-7432
-12128,6641,5457,818,-11725,-12534,9281,14615,-3007,-8512,-8205,-7448
-12146,6658,5456,830,-11735,-12557,9296,14667,-2993,-8511,-8209,-7467
-12171,6678,5460,841,-11753,-12588,9310,14715,-2980,-8509,-8214,-7486
-12197,6699,5464,851,-11772,-12619,9326,14763,-2965,-8502,-8216,-7503
-12223,6723,5467,864,-11790,-12652,9345,14814,-2948,-8494,-8213,-7516
-12252,6746,5473,873,-11812,-12686,9367,14869,-2933,-8489,-8210,-7528
-12287,6767,5489,874,-11845,-12723,9383,14920,-2922,-8492,-8216,-7545
-12331,6787,5514,869,-11890,-12765,9396,14965,-2912,-8499,-8230,-7566
-12374,6809,5538,864,-11935,-12808,9406,15007,-2903,-8507,-8247,-7588
-12419,6830,5564,857,-11982,-12851,9417,15048,-2894,-8516,-8265,-7612
-12461,6853,5586,855,-12025,-12894,9430,15089,-2883,-8527,-8283,-7637
-12510,6875,5616,846,-12078,-12941,9439,15117,-2874,-8546,-8305,-7664
-12557,6900,5642,841,-12127,-12988,9446,15140,-2865,-8566,-8329,-7694
-12598,6927,5659,844,-12167,-13032,9456,15165,-2855,-8585,-8350,-7723
-12636,6955,5673,850,-12202,-13075,9471,15198,-2842,-8596,-8367,-7748
-12676,6982,5688,855,-12240,-13120,9490,15233,-2826,-8602,-8382,-7772
-12717,7010,5704,861,-12279,-13164,9507,15271,-2806,-8602,-8396,-7794
-12765,7038,5727,861,-12328,-13213,9520,15305,-2788,-8609,-8410,-7817
-12827,7067,5763,855,-12395,-13272,9528,15328,-2775,-8623,-8431,-7843
-12886,7096,5795,852,-12457,-13329,9541,15355,-2762,-8632,-8444,-7865
-12948,7123,5832,845,-12524,-13387,9555,15383,-2745,-8641,-8456,-7887
-13009,7150,5868,839,-12590,-13444,9570,15413,-2724,-8652,-8468,-7908
-13066,7178,5898,837,-12650,-13499,9584,15447,-2702,-8662,-8479,-7928
-13123,7207,5926,839,-12707,-13555,9598,15483,-2681,-8669,-8489,-7947
-13182,7235,5958,837,-12769,-13611,9614,15513,-2661,-8672,-8500,-7965
-13238,7261,5989,835,-12828,-13664,9631,15541,-2641,-8667,-8509,-7981
-13283,7285,6009,840,-12872,-13709,9652,15576,-2617,-8655,-8511,-7993
-13319,7310,6021,850,-12904,-13748,9675,15618,-2590,-8644,-8509,-8003
-13354,7333,6031,861,-12935,-13786,9693,15659,-2565,-8638,-8510,-8012
-13387,7354,6042,870,-12963,-13821,9710,15698,-2541,-8638,-8509,-8024
-13425,7374,6059,874,-13000,-13859,9727,15732,-2520,-8645,-8511,-8037
-13459,7396,6070,884,-13030,-13897,9743,15767,-2501,-8648,-8507,-8049
-13496,7419,6084,892,-13063,-13936,9757,15799,-2484,-8651,-8502,-8058
-13537,7441,6102,897,-13101,-13977,9769,15826,-2468,-8657,-8503,-8068
-13581,7464,6123,900,-13143,-14023,9778,15851,-2456,-8661,-8509,-8079
-13624,7488,6141,906,-13183,-14068,9787,15881,-2442,-8661,-8513,-8087
-13664,7511,6158,912,-13220,-14111,9798,15914,-2424,-8658,-8518,-8091
-13699,7537,6167,924,-13247,-14151,9812,15954,-2400,-8650,-8519,-8093
-13719,7561,6162,944,-13256,-14182,9826,16004,-2371,-8634,-8509,-8090
-13742,7581,6164,957,-13271,-14212,9838,16052,-2340,-8617,-8501,-8087
-13760,7602,6162,973,-13280,-14240,9854,16104,-2304,-8594,-8489,-8082
-13778,7621,6160,987,-13289,-14266,9871,16161,-2271,-8576,-8477,-8078
-13798,7638,6163,997,-13303,-14293,9889,16212,-2242,-8564,-8471,-8079
-13817,7655,6163,1008,-13315,-14318,9911,16257,-2211,-8548,-8465,-8077
-13832,7675,6157,1025,-13320,-14344,9934,16296,-2179,-8530,-8452,-8073
-13846,7696,6150,1043,-13325,-14369,9953,16329,-2149,-8516,-8437,-8071
-13871,7716,6154,1054,-13343,-14401,9964,16356,-2125,-8514,-8429,-8075
-13904,7737,6165,1059,-13372,-14438,9972,16383,-2103,-8517,-8429,-8084
-13936,7756,6177,1064,-13401,-14474,9985,16415,-2081,-8520,-8432,-8093
-13970,7775,6191,1065,-13433,-14510,10000,16447,-2060,-8521,-8437,-8102
-13998,7795,6199,1071,-13458,-14543,10019,16480,-2036,-8519,-8440,-8109
-14032,7815,6214,1072,-13491,-14579,10040,16510,-2010,-8521,-8449,-8116
-14067,7836,6227,1074,-13523,-14617,10064,16540,-1980,-8518,-8457,-8123
-14098,7859,6236,1080,-13551,-14653,10088,16570,-1947,-8510,-8467,-8129
-14125,7882,6240,1089,-13572,-14686,10112,16597,-1914,-8505,-8477,-8135
-14150,7902,6247,1095,-13595,-14715,10132,16617,-1882,-8505,-8490,-8144
-14175,7922,6253,1100,-13616,-14743,10153,16638,-1852,-8505,-8502,-8156
-14202,7941,6263,1103,-13642,-14772,10171,16662,-1830,-8512,-8518,-8173
-14238,7958,6283,1097,-13681,-14806,10187,16678,-1814,-8525,-8541,-8193
-14272,7977,6299,1097,-13715,-14839,10201,16694,-1800,-8537,-8558,-8213
-14310,7995,6321,1092,-13756,-14874,10215,16703,-1786,-8552,-8573,-8234
-14347,8011,6343,1085,-13797,-14907,10233,16710,-1769,-8561,-8585,-8250
-14377,8027,6359,1084,-13828,-14935,10254,16719,-1747,-8563,-8594,-8261
-14401,8041,6371,1083,-13854,-14958,10277,16735,-1720,-8558,-8600,-8271
-14425,8052,6385,1081,-13879,-14979,10300,16754,-1687,-8550,-8607,-8279
-14447,8066,6394,1083,-13900,-14999,10326,16772,-1652,-8538,-8615,-8286
-14460,8087,6388,1102,-13905,-15020,10358,16795,-1613,-8522,-8618,-8287
-14466,8113,6369,1133,-13897,-15040,10395,16819,-1570,-8501,-8615,-8286
-14472,8138,6350,1164,-13888,-15058,10430,16847,-1526,-8475,-8609,-8285
-14476,8159,6334,1190,-13881,-15074,10463,16878,-1478,-8446,-8601,-8285
-14485,8174,6327,1209,-13881,-15089,10491,16903,-1435,-8430,-8597,-8291
-14488,8190,6314,1232,-13874,-15101,10518,16932,-1396,-8421,-8593,-8299
-14492,8204,6303,1253,-13869,-15113,10544,16961,-1363,-8419,-8591,-8308
-14504,8219,6298,1271,-13873,-15131,10564,16984,-1337,-8421,-8593,-8321
-14522,8234,6299,1286,-13884,-15153,10576,16997,-1315,-8428,-8599,-8335
-14536,8247,6297,1301,-13892,-15173,10588,17010,-1284,-8426,-8600,-8344
-14548,8258,6295,1315,-13897,-15189,10604,17027,-1247,-8417,-8599,-8350
-14554,8267,6288,1332,-13896,-15202,10622,17046,-1206,-8400,-8596,-8356
-14545,8273,6270,1354,-13876,-15202,10644,17075,-1162,-8374,-8583,-8356
-14536,8275,6255,1371,-13859,-15199,10666,17101,-1122,-8351,-8573,-8356
-14522,8278,6234,1392,-13835,-15196,10688,17128,-1081,-8328,-8559,-8356
-14508,8281,6213,1412,-13811,-15191,10708,17156,-1042,-8305,-8542,-8353
-14495,8282,6196,1428,-13790,-15187,10725,17180,-1005,-8289,-8525,-8352
-14481,8285,6175,1446,-13766,-15182,10741,17199,-971,-8277,-8508,-8352
-14463,8289,6151,1468,-13737,-15176,10761,17219,-939,-8263,-8489,-8346
-14445,8294,6125,1490,-13708,-15171,10781,17243,-909,-8246,-8470,-8339
-14434,8296,6111,1501,-13690,-15168,10795,17262,-884,-8235,-8461,-8336
-14428,8293,6107,1501,-13683,-15165,10805,17267,-862,-8224,-8456,-8336
-14421,8289,6105,1499,-13676,-15159,10814,17265,-840,-8206,-8454,-8335
-14415,8287,6101,1498,-13670,-15156,10822,17259,-817,-8188,-8453,-8333
-14403,8288,6090,1503,-13654,-15150,10834,17260,-791,-8168,-8447,-8328
-14397,8288,6085,1502,-13647,-15147,10845,17257,-764,-8148,-8443,-8323
-14394,8291,6081,1502,-13642,-15148,10857,17254,-736,-8126,-8438,-8316
-14391,8297,6075,1504,-13637,-15150,10871,17256,-706,-8106,-8431,-8307
-14383,8305,6063,1513,-13623,-15149,10890,17263,-677,-8086,-8422,-8298
-14374,8313,6050,1521,-13610,-15148,10902,17262,-654,-8072,-8412,-8292
-14366,8322,6037,1529,-13597,-15147,10908,17254,-632,-8058,-8401,-8289
-14361,8329,6028,1534,-13588,-15147,10910,17240,-613,-8044,-8388,-8287
-14368,8338,6029,1533,-13594,-15154,10907,17218,-596,-8029,-8381,-8288
-14370,8351,6021,1542,-13592,-15162,10904,17197,-576,-8005,-8368,-8283
-14376,8363,6019,1546,-13596,-15171,10897,17171,-556,-7983,-8353,-8277
-14384,8375,6018,1550,-13602,-15180,10891,17146,-533,-7955,-8336,-8268
-14387,8385,6013,1558,-13602,-15186,10887,17123,-507,-7925,-8319,-8256
-14386,8393,6006,1565,-13598,-15186,10883,17100,-480,-7899,-8301,-8245
-14383,8397,6001,1570,-13594,-15183,10878,17078,-454,-7878,-8284,-8235
-14378,8399,5994,1575,-13587,-15177,10877,17062,-424,-7853,-8265,-8221
-14362,8400,5979,1587,-13567,-15164,10884,17055,-388,-7815,-8240,-8198
-14332,8398,5951,1604,-13529,-15138,10895,17048,-349,-7771,-8210,-8171
-14297,8392,5922,1621,-13487,-15107,10908,17040,-311,-7727,-8178,-8145
-14267,8388,5896,1638,-13450,-15081,10921,17031,-274,-7683,-8147,-8116
-14243,8383,5875,1651,-13421,-15059,10928,17015,-239,-7639,-8118,-8089
-14214,8380,5848,1670,-13383,-15035,10936,17000,-203,-7593,-8086,-8063
-14183,8373,5823,1686,-13346,-15007,10942,16982,-170,-7551,-8055,-8041
-14157,8366,5803,1698,-13315,-14983,10941,16958,-143,-7515,-8028,-8022
-14133,8357,5786,1708,-13287,-14961,10934,16932,-119,-7483,-8007,-8005
-14107,8350,5764,1721,-13254,-14937,10927,16912,-96,-7452,-7985,-7985
-14076,8341,5741,1734,-13217,-14911,10922,16891,-71,-7420,-7963,-7962
-14040,8331,5714,1748,-13174,-14881,10919,16869,-47,-7385,-7939,-7935
-13995,8323,5675,1773,-13116,-14846,10917,16851,-27,-7350,-7908,-7907
-13957,8315,5644,1791,-13068,-14818,10911,16825,-16,-7326,-7882,-7885
-13919,8306,5612,1808,-13020,-14789,10906,16798,-9,-7301,-7856,-7861
-13879,8295,5582,1823,-12971,-14758,10897,16770,0,-7274,-7827,-7835
-13841,8280,5555,1833,-12926,-14726,10883,16739,9,-7244,-7796,-7807
-13801,8266,5528,1843,-12879,-14694,10867,16706,18,-7215,-7764,-7779
-13758,8254,5496,1856,-12827,-14660,10852,16676,29,-7185,-7729,-7751
-13714,8242,5462,1871,-12773,-14628,10837,16647,39,-7154,-7692,-7722
-13676,8230,5435,1880,-12728,-14599,10814,16612,46,-7130,-7663,-7697
-13641,8215,5414,1882,-12689,-14569,10782,16569,48,-7111,-7638,-7674
-13603,8200,5390,1886,-12646,-14538,10751,16525,53,-7087,-7613,-7651
-13563,8185,5365,1891,-12602,-14506,10723,16480,60,-7058,-7585,-7625
-13520,8175,5333,1903,-12552,-14474,10694,16434,68,-7027,-7554,-7594
-13483,8163,5307,1909,-12509,-14444,10661,16378,71,-7004,-7528,-7566
-13447,8154,5282,1916,-12468,-14417,10629,16317,73,-6981,-7504,-7536
-13409,8144,5255,1924,-12426,-14387,10597,16255,77,-6957,-7478,-7506
-13368,8133,5225,1933,-12379,-14353,10568,16192,83,-6927,-7447,-7474
-13324,8118,5198,1937,-12333,-14315,10537,16120,83,-6897,-7415,-7441
-13275,8099,5169,1940,-12282,-14270,10507,16052,82,-6865,-7379,-7406
-13224,8075,5144,1937,-12234,-14220,10475,15986,84,-6831,-7341,-7373
-13183,8048,5132,1924,-12200,-14173,10440,15913,88,-6802,-7310,-7344
-13135,8021,5113,1916,-12159,-14122,10409,15844,96,-6763,-7272,-7313
-13085,7990,5097,1903,-12117,-14065,10379,15776,107,-6723,-7233,-7278
-13034,7958,5080,1891,-12074,-14007,10350,15709,119,-6685,-7193,-7239
-12979,7929,5057,1885,-12025,-13948,10320,15646,135,-6646,-7148,-7195
-12923,7901,5032,1882,-11974,-13889,10288,15582,149,-6610,-7103,-7151
-12872,7874,5011,1877,-11929,-13833,10256,15507,159,-6581,-7063,-7109
-12821,7846,4991,1871,-11884,-13776,10223,15424,166,-6551,-7026,-7068
-12762,7819,4962,1874,-11827,-13716,10191,15341,175,-6512,-6984,-7025
-12696,7795,4923,1885,-11759,-13652,10161,15262,183,-6469,-6940,-6980
-12629,7769,4884,1895,-11690,-13586,10128,15188,186,-6435,-6895,-6934
-12563,7743,4846,1905,-11621,-13522,10099,15117,189,-6401,-6850,-6888
-12503,7715,4814,1911,-11560,-13459,10066,15044,192,-6367,-6805,-6842
-12436,7686,4777,1919,-11491,-13392,10030,14975,192,-6330,-6755,-6795
-12366,7652,4741,1925,-11421,-13321,9987,14905,188,-6294,-6705,-6749
-12298,7614,4710,1924,-11354,-13248,9940,14831,183,-6253,-6654,-6701
-12233,7571,4685,1917,-11294,-13176,9893,14757,183,-6206,-6605,-6652
-12167,7529,4658,1912,-11231,-13103,9851,14689,187,-6156,-6554,-6601
-12100,7487,4630,1908,-11166,-13030,9814,14621,191,-6108,-6503,-6550
-12032,7447,4598,1907,-11098,-12958,9778,14553,195,-6060,-6453,-6500
-11953,7405,4555,1913,-11015,-12879,9741,14491,202,-6006,-6394,-6445
-11875,7360,4519,1911,-10936,-12799,9702,14421,207,-5955,-6338,-6392
-11794,7314,4477,1912,-10852,-12717,9663,14345,213,-5908,-6281,-6339
-11709,7270,4431,1916,-10763,-12633,9619,14266,218,-5865,-6226,-6288
-11627,7227,4388,1919,-10678,-12554,9564,14181,219,-5827,-6175,-6240
-11547,7188,4341,1926,-10591,-12478,9507,14092,216,-5789,-6126,-6192
-11459,7149,4288,1937,-10496,-12398,9452,14003,214,-5744,-6073,-6139
-11366,7106,4234,1945,-10396,-12312,9398,13915,209,-5700,-6017,-6084
-11277,7059,4188,1943,-10304,-12225,9341,13822,197,-5665,-5967,-6035
-11194,7010,4152,1934,-10224,-12143,9281,13724,181,-5637,-5924,-5993
-11110,6962,4114,1926,-10141,-12059,9220,13624,165,-5610,-5884,-5954
-11022,6913,4074,1918,-10055,-11972,9159,13524,148,-5578,-5845,-5914
-10928,6866,4027,1915,-9961,-11882,9099,13429,132,-5539,-5802,-5869
-10838,6816,3988,1904,-9874,-11791,9040,13328,118,-5502,-5761,-5825
-10748,6766,3949,1893,-9788,-11700,8976,13224,105,-5465,-5721,-5780
-10656,6716,3908,1883,-9699,-11608,8910,13121,92,-5425,-5680,-5734
-10558,6665,3865,1874,-9606,-11510,8844,13016,79,-5380,-5633,-5683
-10462,6613,3825,1862,-9515,-11412,8779,12907,66,-5332,-5583,-5630
-10368,6561,3786,1849,-9427,-11314,8715,12802,56,-5278,-5529,-5576
-10274,6507,3751,1832,-9341,-11214,8651,12704,50,-5221,-5475,-5519
-10191,6452,3729,1805,-9272,-11120,8587,12607,41,-5174,-5429,-5464
-10103,6400,3700,1786,-9195,-11025,8529,12519,34,-5127,-5378,-5405
-10015,6346,3671,1766,-9118,-10927,8470,12425,26,-5084,-5327,-5347
-9925,6292,3642,1745,-9040,-10828,8413,12320,21,-5041,-5277,-5289
-9829,6239,3606,1732,-8953,-10725,8355,12210,15,-4996,-5226,-5228
-9733,6186,3569,1719,-8865,-10622,8294,12098,8,-4951,-5173,-5167
-9641,6131,3538,1701,-8784,-10521,8233,11982,2,-4909,-5121,-5107
-9550,6074,3509,1682,-8706,-10419,8171,11865,-1,-4864,-5069,-5046
-9454,6021,3470,1672,-8617,-10317,8113,11757,1,-4813,-5011,-4982
-9353,5970,3423,1670,-8520,-10214,8058,11655,7,-4756,-4946,-4913
-9250,5917,3376,1666,-8421,-10107,8001,11549,8,-4700,-4881,-4843
-9145,5862,3328,1663,-8320,-9999,7943,11439,3,-4648,-4815,-4774
-9045,5805,3285,1655,-8226,-9893,7877,11318,-7,-4603,-4752,-4709
-8943,5749,3238,1652,-8127,-9786,7807,11200,-15,-4555,-4684,-4639
-8840,5691,3192,1647,-8029,-9679,7732,11087,-26,-4506,-4614,-4568
-8742,5631,3151,1639,-7937,-9574,7654,10971,-41,-4463,-4546,-4499
-8650,5573,3114,1630,-7851,-9474,7573,10849,-60,-4422,-4483,-4431
-8557,5513,3076,1619,-7764,-9372,7494,10725,-77,-4376,-4420,-4362
-8460,5450,3038,1607,-7674,-9266,7417,10599,-90,-4321,-4357,-4290
-8360,5385,2996,1597,-7579,-9157,7340,10475,-100,-4262,-4294,-4221
-8245,5319,2941,1594,-7466,-9038,7268,10362,-107,-4196,-4222,-4146
-8136,5250,2894,1585,-7362,-8921,7194,10245,-117,-4141,-4155,-4076
-8027,5182,2846,1576,-7257,-8805,7122,10130,-130,-4089,-4088,-4006
-7913,5111,2796,1566,-7148,-8683,7053,10020,-146,-4035,-4021,-3934
-7801,5039,2751,1552,-7042,-8563,6986,9911,-160,-3980,-3959,-3863
-7688,4967,2703,1538,-6935,-8443,6916,9800,-173,-3923,-3896,-3789
-7571,4898,2651,1529,-6821,-8320,6843,9691,-186,-3864,-3828,-3714
-7450,4828,2595,1522,-6702,-8196,6763,9579,-202,-3810,-3759,-3641
-7335,4758,2546,1508,-6591,-8074,6675,9454,-221,-3762,-3693,-3571
-7228,4686,2508,1485,-6494,-7957,6585,9323,-239,-3711,-3629,-3506
-7124,4617,2472,1462,-6399,-7843,6503,9191,-254,-3653,-3564,-3438
-7020,4549,2435,1439,-6303,-7729,6425,9059,-269,-3594,-3500,-3370
-6909,4482,2393,1421,-6200,-7611,6349,8933,-284,-3537,-3432,-3297
-6803,4412,2358,1394,-6105,-7495,6271,8802,-301,-3484,-3367,-3224
-6701,4343,2328,1364,-6015,-7381,6192,8671,-318,-3426,-3302,-3150
-6595,4275,2293,1337,-5919,-7264,6113,8544,-335,-3364,-3236,-3076
-6483,4209,2251,1317,-5815,-7144,6036,8417,-357,-3305,-3169,-3000
-6371,4144,2209,1297,-5711,-7025,5959,8288,-383,-3249,-3097,-2924
-6260,4080,2167,1277,-5608,-6907,5881,8161,-409,-3192,-3021,-2848
-6149,4015,2126,1256,-5506,-6789,5799,8031,-435,-3137,-2946,-2773
-6050,3950,2097,1228,-5419,-6678,5713,7893,-460,-3088,-2879,-2703
-5951,3893,2059,1211,-5328,-6572,5628,7757,-478,-3027,-2807,-2628
-5856,3840,2023,1196,-5240,-6471,5543,7618,-500,-2972,-2736,-2555
-5764,3787,1988,1181,-5155,-6371,5457,7479,-526,-2919,-2670,-2486
-5665,3734,1946,1171,-5062,-6268,5376,7344,-549,-2864,-2602,-2415
-5565,3678,1905,1159,-4968,-6161,5297,7209,-570,-2811,-2536,-2344
-5466,3618,1868,1143,-4878,-6053,5216,7067,-594,-2762,-2476,-2274
-5367,3557,1832,1126,-4790,-5944,5134,6925,-614,-2715,-2417,-2205
-5259,3493,1788,1113,-4690,-5828,5058,6791,-624,-2656,-2349,-2128
-5144,3429,1736,1105,-4580,-5706,4988,6663,-628,-2587,-2273,-2048
-5027,3365,1683,1099,-4469,-5584,4917,6541,-632,-2515,-2192,-1969
-4910,3301,1627,1096,-4355,-5462,4845,6426,-634,-2444,-2110,-1891
-4798,3239,1576,1091,-4248,-5345,4767,6308,-639,-2379,-2033,-1817
-4685,3179,1520,1091,-4138,-5228,4690,6194,-646,-2311,-1953,-1743
-4572,3115,1468,1087,-4029,-5110,4608,6078,-655,-2244,-1869,-1671
-4459,3047,1419,1077,-3924,-4989,4523,5961,-670,-2183,-1787,-1599
-4349,2976,1376,1063,-3824,-4869,4440,5847,-686,-2124,-1705,-1530
-4240,2907,1332,1049,-3723,-4751,4358,5737,-700,-2064,-1623,-1460
-4132,2837,1290,1035,-3625,-4634,4278,5621,-713,-2004,-1542,-1388
-4021,2768,1245,1022,-3523,-4515,4201,5500,-728,-1946,-1463,-1317
-3897,2701,1184,1021,-3401,-4390,4127,5386,-741,-1882,-1376,-1244
-3778,2634,1129,1015,-3286,-4267,4051,5267,-756,-1823,-1294,-1175
-3655,2567,1070,1012,-3166,-4143,3977,5153,-768,-1760,-1211,-1103
-3531,2500,1011,1008,-3045,-4017,3902,5041,-781,-1698,-1127,-1033
-3411,2433,956,1002,-2928,-3894,3823,4927,-800,-1640,-1045,-968
-3292,2368,901,996,-2812,-3773,3741,4806,-824,-1588,-964,-903
-3168,2301,843,989,-2690,-3646,3658,4685,-850,-1538,-884,-838
-3041,2231,786,980,-2567,-3516,3580,4568,-878,-1493,-805,-775
-2921,2159,738,964,-2454,-3389,3500,4442,-910,-1460,-735,-717
-2808,2085,701,938,-2353,-3264,3417,4306,-944,-1430,-673,-661
-2699,2012,666,910,-2256,-3142,3335,4167,-978,-1397,-615,-605
-2590,1939,631,883,-2158,-3021,3255,4028,-1012,-1364,-559,-549
-2476,1869,589,862,-2051,-2897,3176,3894,-1041,-1327,-499,-490
-2366,1798,554,835,-1952,-2775,3092,3759,-1069,-1293,-444,-434
-2259,1726,521,806,-1856,-2654,3004,3625,-1094,-1256,-391,-379
-2152,1657,486,780,-1758,-2535,2917,3496,-1117,-1214,-339,-327
-2041,1591,445,760,-1654,-2415,2834,3369,-1140,-1172,-285,-274
-1932,1526,405,740,-1552,-2298,2753,3243,-1163,-1131,-228,-219
-1828,1466,364,724,-1452,-2187,2673,3114,-1187,-1091,-169,-164
-1725,1409,322,710,-1353,-2078,2589,2979,-1216,-1053,-111,-110
-1633,1354,289,693,-1268,-1979,2505,2838,-1249,-1022,-62,-60
-1540,1304,249,684,-1177,-1883,2427,2707,-1275,-985,-8,-4
-1449,1253,212,673,-1090,-1788,2349,2581,-1300,-949,47,55
-1362,1204,178,661,-1008,-1696,2270,2455,-1329,-914,98,111
-1271,1153,140,652,-920,-1602,2192,2331,-1360,-880,150,167
-1181,1099,105,639,-836,-1505,2115,2205,-1390,-843,204,223
-1095,1040,80,617,-762,-1409,2039,2078,-1415,-801,256,281
-1011,981,57,594,-691,-1314,1965,1950,-1437,-758,306,339
-919,923,23,579,-608,-1215,1896,1827,-1457,-709,358,400
-819,868,-22,575,-513,-1112,1830,1711,-1474,-656,415,464
-721,813,-66,570,-420,-1012,1762,1596,-1491,-605,474,526
-624,756,-107,563,-331,-911,1694,1481,-1510,-556,533,589
-534,696,-140,548,-252,-813,1625,1362,-1533,-517,588,646
-437,635,-178,536,-165,-709,1562,1253,-1555,-473,647,703
-342,575,-216,525,-80,-608,1502,1149,-1575,-431,707,760
-252,517,-251,514,0,-512,1443,1043,-1595,-393,766,815
-165,459,-284,500,76,-418,1380,935,-1619,-359,823,866
-77,403,-318,489,154,-324,1320,832,-1642,-323,878,917
11,348,-355,481,233,-231,1261,729,-1667,-293,932,967
103,293,-397,475,319,-136,1202,627,-1693,-269,985,1016
210,237,-452,477,424,-29,1151,539,-1715,-236,1046,1070
314,178,-499,472,521,77,1101,451,-1736,-208,1101,1124
417,120,-549,469,621,183,1057,367,-1755,-180,1158,1177
518,65,-599,468,720,285,1009,288,-1776,-154,1215,1227
612,13,-645,464,812,380,954,209,-1799,-135,1269,1273
703,-37,-689,461,901,473,897,128,-1822,-115,1322,1320
792,-85,-734,460,992,564,843,49,-1845,-94,1377,1368
883,-133,-779,457,1083,656,788,-31,-1870,-72,1435,1418
969,-187,-813,443,1164,749,730,-119,-1900,-57,1486,1464
1047,-245,-836,418,1233,839,670,-207,-1935,-45,1529,1503
1122,-298,-858,394,1299,925,611,-291,-1972,-34,1569,1540
1195,-349,-880,373,1364,1007,549,-375,-2011,-26,1604,1572
1274,-398,-910,356,1439,1094,485,-459,-2049,-20,1639,1602
1348,-451,-931,331,1506,1180,416,-553,-2086,-17,1674,1632
1418,-503,-947,302,1565,1262,344,-653,-2120,-7,1707,1663
1486,-552,-964,277,1625,1342,273,-754,-2150,6,1742,1695
1557,-598,-985,255,1689,1422,208,-852,-2176,21,1779,1727
1629,-645,-1006,232,1753,1504,146,-949,-2206,38,1816,1756
1701,-691,-1028,211,1819,1586,90,-1042,-2236,54,1853,1787
1771,-732,-1051,194,1882,1663,36,-1129,-2267,69,1892,1818
1825,-770,-1061,170,1927,1727,-23,-1220,-2301,78,1920,1843
1881,-802,-1080,157,1979,1790,-78,-1304,-2331,94,1951,1871
1933,-831,-1097,146,2026,1847,-137,-1386,-2361,113,1982,1901
1979,-856,-1113,137,2069,1898,-196,-1470,-2393,129,2010,1930
2028,-878,-1133,134,2115,1949,-249,-1551,-2424,143,2040,1961
2076,-901,-1153,131,2161,1999,-297,-1628,-2452,155,2072,1993
2119,-923,-1169,126,2200,2045,-348,-1708,-2480,163,2098,2023
2159,-946,-1183,122,2236,2089,-397,-1790,-2504,171,2121,2050
2207,-968,-1206,124,2283,2138,-440,-1866,-2525,186,2146,2078
2269,-993,-1240,134,2347,2197,-480,-1935,-2541,207,2176,2111
2335,-1021,-1275,142,2414,2261,-519,-2001,-2557,228,2206,2140
2400,-1052,-1310,148,2479,2325,-556,-2065,-2571,251,2237,2168
2460,-1083,-1338,151,2537,2385,-594,-2130,-2586,267,2264,2192
2520,-1112,-1370,158,2597,2443,-630,-2193,-2606,279,2293,2212
2580,-1143,-1400,164,2656,2502,-664,-2254,-2631,284,2321,2229
2630,-1175,-1422,163,2703,2554,-703,-2315,-2655,285,2347,2245
2677,-1212,-1436,153,2742,2607,-747,-2378,-2680,287,2367,2259
2725,-1250,-1449,143,2782,2660,-791,-2438,-2705,288,2384,2270
2772,-1288,-1463,132,2821,2713,-832,-2501,-2729,291,2400,2280
2817,-1324,-1477,123,2860,2763,-868,-2564,-2749,296,2418,2291
2872,-1357,-1506,124,2915,2818,-901,-2615,-2764,310,2445,2306
2925,-1394,-1527,118,2964,2873,-935,-2667,-2781,319,2472,2319
2978,-1426,-1554,118,3017,2926,-965,-2717,-2800,326,2497,2335
3030,-1454,-1585,123,3072,2976,-996,-2765,-2821,329,2519,2352
3076,-1478,-1612,127,3121,3018,-1027,-2814,-2846,327,2535,2366
3120,-1498,-1642,135,3170,3059,-1056,-2858,-2872,325,2549,2377
3165,-1514,-1677,148,3223,3097,-1084,-2897,-2895,325,2564,2388
3210,-1528,-1713,163,3278,3134,-1109,-2933,-2917,328,2583,2401
3252,-1546,-1742,168,3324,3172,-1135,-2974,-2939,322,2599,2409
3288,-1571,-1757,160,3359,3213,-1162,-3021,-2963,311,2608,2412
3324,-1596,-1771,150,3392,3253,-1185,-3070,-2988,302,2614,2416
3354,-1615,-1784,142,3421,3287,-1207,-3124,-3014,293,2616,2418
3384,-1629,-1800,140,3452,3317,-1227,-3179,-3040,289,2620,2422
3405,-1642,-1809,133,3472,3342,-1246,-3233,-3065,283,2617,2423
3421,-1652,-1814,124,3486,3362,-1268,-3286,-3091,275,2610,2421
3435,-1660,-1818,116,3498,3379,-1288,-3334,-3114,266,2603,2417
3450,-1667,-1823,109,3510,3396,-1301,-3375,-3131,258,2599,2416
3465,-1678,-1824,97,3521,3417,-1315,-3416,-3149,249,2592,2413
3482,-1689,-1825,85,3533,3440,-1329,-3458,-3168,241,2587,2409
3496,-1699,-1824,73,3542,3459,-1345,-3499,-3189,230,2586,2406
3495,-1709,-1808,52,3530,3469,-1363,-3545,-3212,210,2577,2396
3497,-1713,-1799,39,3525,3478,-1377,-3581,-3232,201,2571,2392
3499,-1718,-1790,26,3520,3487,-1390,-3613,-3251,193,2565,2390
3500,-1720,-1782,17,3515,3493,-1404,-3647,-3268,184,2558,2389
3510,-1725,-1779,10,3519,3506,-1420,-3680,-3280,184,2554,2393
3524,-1734,-1777,2,3527,3525,-1438,-3712,-3287,186,2555,2402
3537,-1748,-1769,-13,3530,3546,-1458,-3747,-3294,187,2556,2409
3546,-1761,-1759,-28,3530,3563,-1478,-3786,-3298,188,2554,2416
3560,-1769,-1757,-34,3537,3580,-1494,-3818,-3299,194,2556,2426
3581,-1774,-1768,-28,3558,3599,-1500,-3838,-3298,205,2565,2440
3600,-1777,-1780,-20,3579,3615,-1501,-3852,-3300,215,2574,2454
3619,-1779,-1792,-11,3600,3630,-1504,-3861,-3303,225,2580,2463
3630,-1781,-1799,-4,3613,3639,-1511,-3870,-3308,235,2584,2470
3644,-1781,-1811,7,3630,3647,-1519,-3874,-3311,249,2590,2477
3662,-1785,-1824,17,3651,3661,-1524,-3879,-3313,259,2598,2482
3680,-1793,-1835,23,3671,3676,-1530,-3888,-3319,261,2602,2485
3692,-1801,-1841,26,3684,3687,-1542,-3900,-3327,256,2605,2485
3703,-1808,-1848,29,3696,3697,-1555,-3911,-3335,251,2608,2484
3717,-1818,-1857,32,3712,3708,-1568,-3926,-3343,245,2608,2482
3728,-1826,-1864,35,3725,3717,-1579,-3945,-3350,236,2606,2479
3752,-1837,-1884,45,3754,3736,-1583,-3954,-3351,237,2613,2483
3772,-1851,-1897,47,3777,3755,-1590,-3963,-3358,233,2616,2482
3790,-1862,-1912,52,3800,3770,-1599,-3975,-3367,229,2616,2480
3808,-1870,-1929,60,3823,3782,-1610,-3983,-3380,224,2616,2478
3820,-1879,-1940,61,3838,3792,-1622,-3992,-3393,215,2612,2471
3829,-1886,-1950,64,3851,3798,-1633,-4001,-3403,210,2611,2468
3843,-1890,-1967,72,3872,3807,-1642,-4004,-3410,211,2615,2469
3859,-1891,-1989,85,3898,3815,-1652,-3999,-3419,213,2622,2471
3870,-1893,-2003,91,3914,3821,-1663,-3994,-3432,210,2625,2471
3870,-1897,-2003,87,3914,3822,-1676,-3991,-3446,203,2622,2468
3869,-1900,-2004,83,3914,3822,-1688,-3988,-3458,196,2616,2466
3868,-1903,-2003,79,3913,3823,-1698,-3989,-3470,189,2609,2466
3875,-1905,-2010,79,3922,3828,-1707,-3989,-3476,185,2606,2468
3880,-1911,-2010,72,3925,3837,-1718,-3997,-3481,179,2601,2469
3883,-1919,-2005,60,3923,3844,-1730,-4009,-3490,167,2589,2465
3887,-1926,-2001,51,3923,3853,-1740,-4018,-3496,158,2579,2461
3894,-1931,-2000,44,3927,3863,-1749,-4022,-3499,154,2576,2459
3899,-1935,-1998,37,3929,3871,-1757,-4025,-3502,150,2575,2456
3899,-1935,-1995,34,3928,3874,-1768,-4030,-3509,143,2570,2450
3896,-1931,-1990,30,3922,3872,-1782,-4036,-3517,136,2562,2444
3879,-1926,-1973,21,3899,3860,-1801,-4053,-3532,121,2544,2433
3864,-1915,-1963,19,3883,3847,-1817,-4064,-3543,112,2528,2427
3852,-1906,-1954,18,3869,3836,-1833,-4073,-3553,108,2513,2421
3842,-1903,-1941,10,3854,3831,-1845,-4080,-3563,109,2496,2415
3838,-1902,-1932,3,3845,3830,-1855,-4083,-3571,113,2485,2416
3837,-1904,-1922,-6,3837,3834,-1865,-4084,-3576,113,2477,2419
3833,-1910,-1906,-21,3824,3838,-1875,-4084,-3577,109,2469,2421
3827,-1919,-1886,-40,3806,3842,-1886,-4088,-3578,103,2459,2421
3823,-1924,-1872,-52,3795,3845,-1893,-4090,-3577,105,2452,2421
3827,-1926,-1871,-53,3796,3850,-1891,-4084,-3573,115,2449,2427
3834,-1928,-1874,-52,3802,3858,-1886,-4075,-3567,129,2449,2434
3842,-1929,-1879,-47,3810,3864,-1881,-4065,-3560,144,2451,2441
3845,-1928,-1883,-42,3814,3866,-1879,-4062,-3552,158,2452,2448
3850,-1923,-1892,-30,3823,3866,-1877,-4060,-3540,176,2459,2458
3854,-1915,-1906,-13,3834,3863,-1873,-4056,-3528,196,2470,2470
3852,-1904,-1917,4,3840,3854,-1871,-4050,-3521,210,2481,2480
3842,-1891,-1923,20,3837,3837,-1871,-4041,-3517,220,2486,2486
3830,-1877,-1929,36,3832,3819,-1874,-4028,-3515,230,2487,2491
3823,-1872,-1932,45,3829,3809,-1875,-4015,-3515,235,2486,2494
3820,-1873,-1934,49,3827,3805,-1876,-4005,-3512,239,2480,2497
3830,-1873,-1950,63,3844,3810,-1876,-3988,-3504,254,2483,2503
3838,-1877,-1960,69,3855,3817,-1879,-3974,-3494,265,2483,2504
3847,-1882,-1970,75,3867,3824,-1881,-3962,-3483,273,2481,2503
3860,-1888,-1985,83,3885,3835,-1882,-3952,-3474,280,2479,2502
3868,-1893,-1994,87,3896,3843,-1884,-3940,-3467,283,2477,2497
3874,-1897,-2002,91,3904,3848,-1887,-3926,-3461,287,2476,2491
3883,-1898,-2016,100,3920,3853,-1890,-3912,-3458,294,2481,2486
3893,-1896,-2034,113,3938,3858,-1895,-3902,-3458,301,2490,2481
3897,-1894,-2044,120,3948,3858,-1904,-3904,-3459,305,2494,2476
3890,-1894,-2042,117,3942,3853,-1918,-3914,-3460,304,2489,2468
3883,-1895,-2036,111,3934,3849,-1931,-3923,-3461,308,2483,2462
3876,-1895,-2030,104,3926,3844,-1942,-3930,-3461,316,2475,2455
3873,-1894,-2030,102,3925,3841,-1949,-3936,-3459,327,2467,2450
3865,-1891,-2025,96,3916,3835,-1959,-3947,-3461,332,2458,2444
3851,-1888,-2013,86,3900,3824,-1972,-3961,-3465,332,2444,2436
3839,-1884,-2002,77,3886,3815,-1980,-3971,-3469,334,2429,2427
3832,-1878,-1998,74,3879,3807,-1986,-3975,-3472,339,2415,2420
3826,-1869,-1997,74,3875,3799,-1994,-3975,-3478,341,2401,2413
3817,-1860,-1992,73,3867,3788,-2002,-3970,-3483,337,2387,2402
3809,-1855,-1984,68,3857,3780,-2009,-3965,-3486,336,2374,2391
3791,-1853,-1961,50,3831,3768,-2021,-3975,-3495,326,2353,2373
3777,-1851,-1943,37,3810,3757,-2032,-3990,-3503,322,2333,2359
3760,-1848,-1923,23,3785,3745,-2045,-4010,-3513,316,2314,2344
3740,-1842,-1902,11,3758,3729,-2059,-4034,-3520,311,2292,2326
3727,-1835,-1889,6,3741,3716,-2072,-4050,-3518,311,2272,2312
3717,-1832,-1877,-1,3726,3708,-2082,-4058,-3509,315,2254,2304
3702,-1830,-1858,-12,3704,3697,-2089,-4065,-3499,317,2237,2296
3683,-1827,-1837,-23,3677,3683,-2099,-4071,-3494,316,2220,2288
3673,-1826,-1823,-30,3660,3674,-2108,-4071,-3485,322,2209,2284
3673,-1824,-1821,-28,3659,3673,-2113,-4064,-3468,340,2211,2286
3675,-1824,-1821,-26,3660,3674,-2113,-4050,-3446,361,2217,2292
3679,-1824,-1821,-24,3662,3677,-2108,-4035,-3424,382,2224,2295
3683,-1827,-1821,-23,3664,3681,-2104,-4025,-3406,400,2226,2299
3689,-1828,-1825,-17,3672,3686,-2103,-4016,-3389,418,2226,2302
3699,-1831,-1832,-11,3682,3695,-2107,-4004,-3373,437,2228,2305
3706,-1836,-1835,-9,3689,3703,-2111,-3993,-3360,454,2229,2307
3706,-1839,-1833,-8,3689,3704,-2114,-3987,-3349,466,2226,2305
3702,-1840,-1830,-8,3683,3702,-2115,-3979,-3337,479,2223,2307
3696,-1841,-1826,-8,3677,3698,-2117,-3970,-3326,491,2217,2309
3689,-1842,-1822,-8,3671,3694,-2121,-3961,-3318,497,2208,2309
3697,-1844,-1833,1,3684,3699,-2123,-3942,-3307,508,2208,2311
3701,-1847,-1839,6,3691,3703,-2128,-3929,-3299,516,2204,2311
3704,-1849,-1845,11,3698,3705,-2133,-3916,-3289,523,2203,2312
3711,-1853,-1855,17,3710,3711,-2138,-3900,-3279,529,2206,2315
3719,-1863,-1860,16,3720,3721,-2143,-3888,-3273,533,2207,2315
3727,-1870,-1867,18,3730,3729,-2148,-3878,-3269,534,2205,2312
3737,-1873,-1881,27,3747,3735,-2151,-3864,-3265,538,2207,2308
3752,-1876,-1897,36,3768,3746,-2154,-3847,-3259,546,2213,2305
3762,-1884,-1905,36,3781,3757,-2163,-3835,-3251,553,2215,2300
3762,-1894,-1900,26,3778,3762,-2178,-3832,-3247,553,2209,2290
3758,-1901,-1893,15,3771,3763,-2196,-3837,-3243,551,2198,2278
3755,-1908,-1885,4,3765,3765,-2215,-3843,-3239,546,2187,2265
3759,-1914,-1885,-2,3767,3771,-2229,-3842,-3236,539,2178,2253
3758,-1918,-1880,-10,3764,3774,-2243,-3838,-3233,529,2168,2238
3751,-1921,-1870,-22,3753,3772,-2257,-3839,-3229,523,2155,2220
3747,-1923,-1862,-31,3745,3771,-2272,-3847,-3222,520,2140,2203
3748,-1923,-1861,-36,3745,3773,-2287,-3863,-3211,518,2126,2188
3751,-1922,-1861,-39,3746,3776,-2305,-3882,-3198,518,2114,2175
3750,-1918,-1860,-41,3745,3774,-2324,-3900,-3186,517,2101,2162
3749,-1913,-1859,-43,3743,3772,-2343,-3913,-3178,515,2089,2150
3736,-1910,-1842,-56,3722,3763,-2361,-3936,-3171,512,2071,2136
3723,-1902,-1830,-63,3705,3752,-2374,-3957,-3161,514,2056,2126
3706,-1893,-1815,-70,3683,3736,-2385,-3976,-3152,510,2043,2120
3685,-1886,-1795,-82,3655,3720,-2392,-3996,-3142,503,2030,2115
3671,-1878,-1781,-89,3636,3707,-2393,-4010,-3131,506,2023,2115
3660,-1873,-1770,-95,3621,3698,-2394,-4017,-3119,514,2019,2117
3643,-1864,-1755,-101,3598,3681,-2397,-4022,-3109,517,2011,2115
3619,-1855,-1735,-108,3569,3660,-2404,-4028,-3099,520,1999,2111
3602,-1843,-1725,-108,3550,3641,-2407,-4025,-3085,528,1990,2111
3597,-1829,-1731,-94,3551,3627,-2402,-4013,-3063,549,1991,2118
3593,-1814,-1739,-78,3553,3614,-2401,-4000,-3040,567,1991,2126
3588,-1804,-1743,-67,3553,3603,-2406,-3989,-3019,580,1990,2132
3579,-1797,-1740,-62,3545,3591,-2412,-3982,-3004,586,1987,2136
3571,-1789,-1741,-53,3541,3578,-2416,-3973,-2989,590,1986,2139
3565,-1782,-1745,-42,3541,3568,-2421,-3961,-2974,594,1992,2142
3559,-1780,-1743,-38,3536,3560,-2429,-3948,-2961,600,1998,2144
3547,-1782,-1733,-41,3523,3551,-2441,-3938,-2949,602,1999,2144
3538,-1784,-1728,-40,3515,3544,-2455,-3928,-2936,608,1999,2146
3533,-1786,-1727,-37,3512,3539,-2467,-3920,-2919,616,1998,2147
3531,-1788,-1728,-33,3512,3536,-2479,-3915,-2900,623,1994,2145
3544,-1791,-1746,-19,3534,3545,-2486,-3902,-2878,636,2000,2146
3557,-1802,-1756,-15,3550,3559,-2494,-3891,-2858,642,2006,2144
3573,-1816,-1765,-14,3568,3578,-2501,-3879,-2838,647,2012,2142
3593,-1831,-1777,-12,3590,3599,-2510,-3863,-2820,654,2022,2144
3609,-1847,-1784,-16,3605,3620,-2524,-3847,-2807,657,2027,2142
3626,-1865,-1789,-23,3618,3642,-2546,-3835,-2799,658,2029,2138
3643,-1879,-1798,-25,3636,3663,-2568,-3825,-2789,662,2033,2138
3662,-1889,-1812,-21,3657,3683,-2586,-3814,-2777,669,2041,2142
3676,-1898,-1821,-21,3671,3699,-2604,-3808,-2767,673,2047,2145
3678,-1909,-1816,-33,3669,3709,-2625,-3809,-2763,675,2045,2143
3675,-1917,-1806,-47,3659,3715,-2649,-3812,-2757,680,2041,2141
3670,-1922,-1797,-58,3648,3716,-2678,-3814,-2753,682,2035,2137
3665,-1922,-1794,-64,3642,3716,-2704,-3815,-2751,679,2029,2136
3660,-1925,-1784,-77,3630,3718,-2730,-3817,-2753,672,2019,2135
3649,-1930,-1767,-95,3611,3717,-2756,-3825,-2757,659,2002,2131
3639,-1932,-1752,-111,3592,3714,-2781,-3833,-2757,652,1989,2127
3634,-1933,-1743,-123,3581,3714,-2803,-3837,-2752,651,1983,2127
3632,-1933,-1737,-132,3575,3716,-2821,-3841,-2746,650,1978,2128
3626,-1930,-1729,-140,3565,3712,-2837,-3845,-2740,652,1975,2129
3616,-1923,-1720,-147,3551,3704,-2853,-3848,-2733,657,1974,2129
3590,-1915,-1697,-162,3518,3684,-2871,-3860,-2732,653,1968,2126
3567,-1901,-1682,-166,3492,3660,-2884,-3872,-2726,652,1966,2126
3545,-1886,-1669,-169,3468,3637,-2897,-3882,-2719,652,1966,2127
3521,-1872,-1653,-173,3441,3613,-2912,-3890,-2711,654,1960,2127
3505,-1860,-1644,-174,3424,3595,-2924,-3894,-2701,658,1957,2129
3497,-1854,-1637,-177,3414,3586,-2932,-3899,-2691,661,1955,2130
3488,-1853,-1624,-186,3399,3579,-2937,-3909,-2680,662,1951,2129
3476,-1854,-1606,-199,3379,3571,-2940,-3923,-2670,665,1944,2125
3470,-1857,-1594,-208,3368,3568,-2940,-3931,-2659,673,1940,2125
3478,-1858,-1598,-206,3376,3573,-2932,-3930,-2643,688,1942,2132
3488,-1859,-1604,-200,3387,3579,-2923,-3925,-2626,702,1945,2138
3496,-1861,-1609,-196,3396,3583,-2914,-3918,-2607,718,1949,2145
3499,-1865,-1606,-199,3398,3586,-2907,-3913,-2593,729,1952,2149
3507,-1872,-1607,-200,3404,3594,-2897,-3904,-2582,738,1955,2154
3516,-1877,-1612,-197,3414,3602,-2887,-3891,-2576,744,1961,2157
3519,-1881,-1612,-195,3418,3604,-2882,-3881,-2573,748,1965,2158
3513,-1881,-1607,-194,3411,3598,-2884,-3878,-2570,748,1967,2156
3502,-1879,-1600,-193,3400,3587,-2891,-3881,-2564,747,1967,2153
3491,-1876,-1596,-190,3391,3576,-2902,-3890,-2555,749,1966,2151
3482,-1872,-1595,-183,3385,3566,-2914,-3906,-2548,754,1962,2146
3489,-1865,-1612,-163,3402,3565,-2917,-3910,-2535,767,1967,2146
3495,-1864,-1626,-149,3416,3566,-2917,-3914,-2523,773,1972,2142
3499,-1862,-1637,-136,3426,3566,-2914,-3919,-2513,772,1976,2138
3502,-1858,-1651,-120,3439,3565,-2914,-3924,-2506,770,1980,2136
3502,-1855,-1661,-107,3446,3562,-2919,-3929,-2500,769,1982,2131
3502,-1851,-1670,-96,3452,3558,-2926,-3931,-2496,771,1985,2125
3504,-1848,-1683,-83,3462,3557,-2931,-3932,-2493,777,1989,2120
3511,-1847,-1698,-71,3477,3560,-2939,-3933,-2491,787,1995,2115
3516,-1847,-1708,-63,3486,3563,-2954,-3937,-2490,794,2000,2108
3509,-1845,-1709,-61,3483,3557,-2973,-3946,-2495,793,1996,2095
3502,-1841,-1711,-58,3479,3549,-2989,-3958,-2501,792,1988,2079
3496,-1836,-1713,-54,3475,3542,-3002,-3970,-2506,793,1979,2064
3494,-1831,-1717,-50,3476,3538,-3008,-3972,-2503,801,1977,2055
3493,-1829,-1719,-50,3476,3537,-3012,-3969,-2497,810,1976,2047
3488,-1828,-1714,-56,3470,3534,-3013,-3970,-2491,816,1970,2036
3486,-1827,-1711,-62,3465,3533,-3014,-3975,-2487,819,1962,2023
3492,-1827,-1714,-65,3472,3540,-3015,-3979,-2486,819,1952,2010
3501,-1829,-1716,-70,3479,3549,-3021,-3988,-2486,816,1941,1998
3510,-1833,-1715,-80,3485,3561,-3028,-4000,-2487,810,1932,1983
3519,-1841,-1709,-94,3487,3575,-3032,-4010,-2486,804,1927,1969
3513,-1852,-1684,-124,3467,3581,-3039,-4027,-2481,795,1919,1954
3507,-1860,-1661,-151,3448,3585,-3045,-4044,-2476,790,1914,1943
3499,-1867,-1636,-178,3427,3588,-3050,-4061,-2474,785,1910,1931
3485,-1872,-1608,-205,3400,3585,-3056,-4080,-2474,778,1902,1919
3475,-1874,-1586,-225,3379,3582,-3060,-4095,-2470,775,1899,1914
3465,-1874,-1567,-242,3361,3578,-3065,-4107,-2465,774,1897,1912
3453,-1876,-1545,-260,3340,3573,-3071,-4125,-2463,768,1892,1906
3438,-1877,-1520,-280,3314,3566,-3075,-4144,-2462,762,1886,1899
3425,-1876,-1502,-292,3295,3558,-3074,-4154,-2457,766,1884,1895
3421,-1870,-1498,-291,3289,3552,-3068,-4159,-2449,778,1887,1897
3418,-1863,-1498,-286,3289,3547,-3065,-4167,-2444,787,1890,1895
3420,-1858,-1502,-278,3293,3545,-3062,-4171,-2438,796,1894,1892
3421,-1857,-1503,-274,3294,3545,-3062,-4172,-2431,803,1895,1890
3426,-1857,-1508,-267,3301,3548,-3064,-4171,-2423,809,1894,1886
3435,-1858,-1518,-256,3314,3554,-3065,-4166,-2418,815,1891,1882
3439,-1861,-1522,-250,3318,3556,-3065,-4159,-2415,817,1887,1878
3436,-1865,-1520,-247,3315,3554,-3064,-4155,-2413,816,1885,1872
3432,-1868,-1520,-243,3311,3551,-3064,-4153,-2410,812,1883,1868
3434,-1874,-1523,-237,3314,3553,-3064,-4157,-2406,810,1880,1866
3437,-1882,-1528,-233,3318,3557,-3065,-4169,-2404,807,1873,1863
3453,-1887,-1548,-216,3341,3567,-3064,-4171,-2399,812,1874,1864
3467,-1896,-1563,-205,3359,3578,-3065,-4173,-2398,813,1873,1864
3477,-1903,-1578,-194,3375,3585,-3067,-4174,-2400,814,1871,1863
3489,-1909,-1595,-180,3394,3592,-3068,-4180,-2399,813,1873,1863
3496,-1917,-1606,-173,3405,3598,-3072,-4191,-2397,811,1875,1862
3500,-1921,-1616,-165,3413,3599,-3076,-4204,-2397,809,1875,1859
3502,-1920,-1630,-153,3423,3597,-3078,-4215,-2398,810,1876,1858
3506,-1917,-1647,-137,3437,3594,-3078,-4219,-2402,811,1883,1858
3505,-1914,-1656,-128,3442,3589,-3080,-4225,-2410,807,1890,1854
3494,-1913,-1653,-129,3432,3578,-3088,-4237,-2423,799,1888,1846
3479,-1909,-1648,-131,3419,3564,-3095,-4247,-2436,794,1883,1837
3466,-1904,-1643,-134,3406,3551,-3101,-4256,-2448,791,1877,1829
3454,-1897,-1640,-133,3397,3539,-3103,-4261,-2457,793,1870,1826
3442,-1892,-1634,-138,3384,3528,-3107,-4269,-2466,793,1862,1823
3427,-1889,-1621,-149,3366,3517,-3111,-4282,-2476,789,1849,1818
3413,-1882,-1612,-156,3351,3505,-3112,-4292,-2487,784,1837,1812
3404,-1873,-1606,-159,3341,3495,-3111,-4297,-2497,780,1824,1807
3394,-1863,-1600,-163,3331,3485,-3108,-4300,-2502,775,1811,1803
3383,-1853,-1592,-168,3318,3474,-3110,-4301,-2503,774,1799,1801
3374,-1847,-1581,-177,3306,3468,-3112,-4300,-2503,781,1792,1800
3355,-1843,-1556,-198,3276,3456,-3115,-4308,-2503,787,1778,1797
3333,-1833,-1534,-211,3248,3439,-3116,-4315,-2501,799,1772,1796
3314,-1822,-1515,-222,3223,3424,-3119,-4324,-2498,809,1769,1797
3296,-1815,-1494,-236,3197,3411,-3121,-4337,-2494,817,1767,1798
3287,-1810,-1478,-248,3180,3405,-3118,-4348,-2486,830,1769,1804
3283,-1809,-1464,-259,3169,3406,-3113,-4355,-2476,845,1775,1813
3274,-1808,-1448,-272,3152,3403,-3109,-4367,-2466,855,1776,1818
3260,-1804,-1429,-283,3130,3393,-3108,-4385,-2459,858,1770,1817
3246,-1797,-1414,-289,3110,3382,-3108,-4404,-2450,865,1766,1816
3238,-1782,-1414,-280,3104,3369,-3104,-4418,-2441,872,1768,1820
3230,-1767,-1415,-268,3099,3356,-3101,-4430,-2436,873,1773,1823
3224,-1754,-1418,-256,3096,3344,-3100,-4445,-2436,868,1778,1826
3219,-1744,-1419,-247,3093,3335,-3099,-4462,-2438,860,1781,1826
3213,-1736,-1420,-237,3089,3326,-3093,-4472,-2440,854,1783,1825
3213,-1727,-1427,-223,3093,3320,-3082,-4472,-2439,853,1789,1826
3214,-1720,-1436,-208,3100,3316,-3072,-4471,-2440,858,1795,1825
3214,-1716,-1442,-196,3104,3312,-3066,-4474,-2442,863,1797,1821
3214,-1709,-1452,-181,3110,3306,-3063,-4477,-2439,867,1798,1817
3217,-1705,-1464,-164,3120,3303,-3057,-4475,-2432,871,1801,1815
3221,-1701,-1478,-147,3132,3300,-3049,-4471,-2425,872,1800,1814
3235,-1698,-1502,-123,3158,3303,-3039,-4459,-2415,880,1809,1815
3247,-1701,-1520,-108,3177,3310,-3034,-4452,-2409,882,1815,1812
3256,-1707,-1532,-98,3192,3316,-3029,-4448,-2402,884,1819,1807
3271,-1717,-1546,-91,3212,3328,-3021,-4442,-2395,885,1823,1800
3282,-1732,-1552,-92,3224,3341,-3016,-4438,-2392,887,1821,1791
3289,-1746,-1554,-96,3231,3351,-3015,-4437,-2392,888,1817,1782
3297,-1761,-1557,-101,3239,3362,-3014,-4434,-2394,890,1817,1772
3311,-1776,-1564,-104,3253,3376,-3012,-4426,-2397,894,1821,1764
3321,-1790,-1567,-110,3263,3389,-3011,-4420,-2400,891,1820,1754
3320,-1807,-1558,-127,3257,3396,-3013,-4420,-2408,880,1812,1738
3318,-1823,-1546,-146,3248,3403,-3016,-4423,-2416,868,1803,1721
3318,-1837,-1537,-163,3242,3410,-3019,-4427,-2422,859,1791,1704
3322,-1846,-1535,-172,3244,3417,-3018,-4429,-2425,859,1778,1689
3325,-1854,-1533,-182,3246,3424,-3015,-4428,-2431,859,1763,1674
3321,-1858,-1526,-194,3238,3423,-3016,-4430,-2443,848,1741,1658
3317,-1859,-1520,-203,3232,3421,-3020,-4436,-2458,833,1719,1641
3316,-1855,-1521,-205,3231,3419,-3025,-4447,-2473,823,1698,1627
3315,-1848,-1525,-204,3233,3416,-3030,-4464,-2487,815,1681,1613
3309,-1837,-1524,-203,3229,3407,-3036,-4484,-2499,807,1666,1601
3302,-1824,-1525,-200,3224,3396,-3041,-4500,-2508,803,1655,1592
3284,-1811,-1513,-205,3203,3378,-3052,-4524,-2519,794,1635,1581
3265,-1792,-1505,-204,3185,3357,-3059,-4544,-2526,791,1615,1573
3247,-1773,-1498,-202,3169,3337,-3063,-4562,-2528,794,1599,1568
3229,-1756,-1487,-203,3149,3317,-3062,-4579,-2528,796,1585,1565
3218,-1740,-1482,-201,3138,3304,-3058,-4597,-2526,797,1575,1565
3209,-1729,-1476,-201,3128,3295,-3052,-4616,-2522,800,1567,1566
3202,-1723,-1465,-208,3115,3290,-3048,-4638,-2518,806,1558,1565
3194,-1719,-1451,-217,3101,3286,-3045,-4660,-2510,816,1547,1564
3193,-1715,-1445,-220,3095,3286,-3038,-4673,-2498,830,1541,1564
3200,-1710,-1449,-214,3103,3290,-3028,-4675,-2483,846,1540,1568
3207,-1707,-1452,-209,3110,3295,-3016,-4671,-2470,857,1541,1570
3213,-1705,-1455,-204,3115,3299,-3001,-4667,-2461,862,1540,1568
3215,-1701,-1456,-198,3117,3298,-2989,-4667,-2455,861,1537,1562
3214,-1696,-1456,-192,3117,3295,-2983,-4666,-2451,856,1533,1554
3219,-1695,-1460,-184,3123,3297,-2978,-4659,-2449,853,1533,1549
3225,-1698,-1464,-178,3129,3302,-2975,-4651,-2450,850,1533,1541
3229,-1701,-1465,-175,3132,3305,-2971,-4644,-2452,848,1528,1533
3229,-1703,-1466,-169,3132,3303,-2966,-4637,-2454,848,1524,1524
3229,-1706,-1468,-164,3134,3303,-2959,-4628,-2457,852,1524,1515
3229,-1708,-1470,-158,3134,3301,-2949,-4620,-2459,852,1522,1507
3244,-1711,-1489,-142,3156,3309,-2930,-4604,-2454,855,1528,1507
3260,-1721,-1504,-132,3177,3323,-2913,-4589,-2449,854,1533,1509
3273,-1730,-1515,-126,3192,3334,-2901,-4577,-2445,854,1536,1510
3287,-1739,-1530,-117,3210,3345,-2892,-4564,-2444,852,1539,1510
3295,-1749,-1538,-115,3221,3355,-2889,-4559,-2448,844,1534,1506
3303,-1759,-1545,-113,3230,3363,-2890,-4558,-2453,833,1524,1499
3315,-1769,-1557,-110,3246,3376,-2891,-4555,-2457,826,1517,1492
3332,-1779,-1573,-104,3268,3392,-2889,-4546,-2461,825,1519,1487
3348,-1789,-1587,-100,3288,3408,-2887,-4541,-2466,825,1519,1479
3351,-1800,-1588,-107,3291,3417,-2890,-4542,-2475,819,1515,1467
3349,-1804,-1587,-110,3289,3419,-2895,-4548,-2484,812,1504,1456
3345,-1803,-1589,-109,3288,3416,-2901,-4556,-2495,804,1490,1446
3339,-1795,-1595,-101,3289,3407,-2905,-4563,-2503,795,1477,1437
3331,-1786,-1598,-94,3286,3397,-2910,-4571,-2507,788,1466,1429
3315,-1774,-1594,-91,3274,3381,-2918,-4581,-2512,777,1452,1420
3301,-1760,-1593,-85,3265,3365,-2925,-4588,-2513,768,1439,1413
3294,-1748,-1595,-79,3263,3355,-2933,-4596,-2511,765,1430,1406
3289,-1738,-1596,-74,3262,3348,-2944,-4605,-2508,764,1423,1400
3281,-1727,-1593,-73,3256,3338,-2958,-4617,-2507,764,1415,1393
3272,-1717,-1588,-74,3247,3328,-2969,-4623,-2506,765,1410,1389
3249,-1712,-1563,-91,3217,3313,-2982,-4632,-2510,756,1397,1381
3227,-1702,-1543,-102,3190,3294,-2992,-4636,-2512,748,1386,1374
3207,-1691,-1525,-111,3165,3276,-2996,-4637,-2511,744,1377,1369
3184,-1682,-1504,-123,3137,3257,-2994,-4637,-2509,742,1367,1364
3168,-1673,-1487,-132,3115,3242,-2990,-4634,-2504,743,1360,1361
3155,-1667,-1472,-142,3097,3231,-2986,-4628,-2499,744,1354,1362
3139,-1661,-1453,-155,3074,3218,-2983,-4623,-2493,747,1348,1364
3119,-1657,-1430,-170,3046,3202,-2976,-4620,-2482,751,1339,1366
3107,-1651,-1417,-178,3028,3190,-2965,-4615,-2467,758,1330,1373
3107,-1644,-1417,-175,3029,3187,-2950,-4606,-2447,771,1332,1386
3112,-1640,-1421,-171,3034,3187,-2934,-4596,-2428,780,1337,1399
3118,-1637,-1426,-168,3040,3188,-2920,-4589,-2411,786,1343,1409
3123,-1635,-1430,-164,3045,3189,-2910,-4584,-2399,788,1346,1413
3127,-1632,-1435,-159,3050,3189,-2899,-4576,-2388,790,1350,1415
3132,-1627,-1444,-148,3059,3188,-2885,-4564,-2377,797,1359,1419
3134,-1623,-1450,-141,3062,3185,-2875,-4555,-2369,798,1369,1424
3131,-1623,-1450,-138,3059,3181,-2869,-4552,-2362,790,1376,1424
3129,-1625,-1449,-137,3055,3178,-2868,-4551,-2355,783,1382,1421
3128,-1629,-1449,-137,3053,3178,-2867,-4554,-2348,777,1388,1419
3125,-1634,-1447,-137,3048,3177,-2872,-4559,-2344,765,1387,1414
3131,-1636,-1458,-127,3058,3180,-2875,-4552,-2339,764,1389,1411
3138,-1643,-1466,-122,3067,3187,-2878,-4541,-2335,758,1388,1405
3144,-1651,-1472,-119,3072,3194,-2881,-4531,-2331,755,1385,1395
3153,-1660,-1481,-115,3083,3204,-2883,-4522,-2322,763,1384,1387
3160,-1671,-1485,-115,3089,3215,-2890,-4517,-2313,768,1380,1376
3162,-1679,-1489,-114,3091,3220,-2898,-4516,-2309,769,1373,1366
3162,-1682,-1494,-109,3093,3221,-2905,-4513,-2308,771,1368,1360
3163,-1684,-1501,-103,3097,3223,-2910,-4507,-2310,773,1368,1355
3160,-1685,-1503,-100,3095,3221,-2918,-4504,-2315,771,1367,1347
3149,-1688,-1495,-106,3081,3216,-2929,-4508,-2325,760,1359,1335
3135,-1689,-1485,-111,3065,3207,-2942,-4514,-2333,749,1349,1324
3123,-1687,-1478,-114,3052,3199,-2956,-4518,-2339,737,1340,1314
3117,-1687,-1475,-117,3046,3196,-2966,-4519,-2341,729,1332,1308
3113,-1688,-1472,-121,3041,3195,-2976,-4521,-2344,723,1323,1303
3103,-1686,-1464,-127,3029,3189,-2989,-4526,-2348,713,1307,1295
3092,-1680,-1459,-129,3020,3179,-2998,-4531,-2351,704,1289,1286
3086,-1674,-1457,-129,3015,3172,-3001,-4535,-2350,694,1272,1276
3084,-1670,-1456,-130,3015,3170,-3001,-4538,-2349,684,1258,1266
3082,-1666,-1454,-132,3014,3168,-3003,-4542,-2350,673,1244,1253
3080,-1662,-1450,-136,3012,3166,-3005,-4543,-2349,665,1232,1241
3065,-1660,-1431,-151,2991,3157,-3008,-4552,-2348,654,1216,1227
3050,-1655,-1413,-163,2972,3145,-3011,-4563,-2347,641,1202,1211
3034,-1649,-1397,-173,2953,3132,-3015,-4576,-2348,627,1191,1195
3014,-1644,-1374,-187,2928,3117,-3022,-4593,-2353,611,1180,1180
2996,-1638,-1354,-199,2905,3102,-3026,-4602,-2352,606,1171,1172
2982,-1633,-1336,-209,2887,3090,-3026,-4605,-2347,607,1162,1166
2967,-1631,-1318,-221,2868,3079,-3027,-4605,-2340,606,1152,1158
2949,-1628,-1296,-234,2844,3065,-3027,-4607,-2331,601,1139,1148
2934,-1624,-1278,-243,2824,3052,-3025,-4608,-2323,599,1128,1140
2929,-1618,-1274,-240,2821,3044,-3015,-4607,-2314,606,1122,1138
2927,-1613,-1274,-236,2821,3039,-3004,-4604,-2303,612,1118,1140
2924,-1607,-1274,-229,2821,3032,-2994,-4599,-2290,616,1118,1144
2916,-1600,-1272,-223,2815,3020,-2989,-4591,-2277,615,1116,1145
2907,-1592,-1271,-215,2809,3008,-2986,-4581,-2266,612,1113,1145
2904,-1586,-1275,-205,2810,3000,-2983,-4568,-2258,606,1113,1144
2898,-1580,-1277,-197,2807,2991,-2980,-4557,-2254,598,1111,1143
2888,-1579,-1272,-195,2796,2981,-2980,-4547,-2251,586,1108,1139
2877,-1579,-1266,-196,2782,2972,-2980,-4532,-2249,573,1106,1136
2872,-1583,-1263,-198,2775,2969,-2978,-4513,-2245,567,1107,1138
2869,-1590,-1260,-201,2768,2969,-2975,-4498,-2238,563,1108,1142
2880,-1596,-1273,-195,2781,2977,-2967,-4476,-2225,568,1116,1151
2891,-1605,-1282,-193,2791,2989,-2961,-4458,-2210,575,1125,1160
2899,-1614,-1289,-193,2797,2997,-2957,-4444,-2197,582,1133,1170
2907,-1621,-1297,-191,2805,3005,-2954,-4427,-2185,590,1142,1180
2909,-1627,-1301,-192,2804,3008,-2954,-4412,-2179,593,1143,1185
2907,-1630,-1302,-193,2800,3006,-2955,-4398,-2176,591,1141,1188
2906,-1630,-1308,-191,2800,3005,-2957,-4384,-2174,590,1140,1191
2910,-1631,-1315,-187,2804,3007,-2957,-4368,-2171,594,1144,1195
2910,-1634,-1317,-190,2802,3008,-2954,-4354,-2170,594,1147,1198
2901,-1640,-1304,-205,2786,3006,-2956,-4344,-2173,589,1141,1193
2892,-1646,-1290,-220,2768,3003,-2959,-4336,-2178,580,1132,1185
2883,-1651,-1277,-236,2752,3001,-2962,-4331,-2179,573,1121,1178
2873,-1652,-1266,-247,2737,2996,-2965,-4329,-2176,572,1114,1174
2865,-1653,-1255,-257,2724,2992,-2968,-4329,-2170,575,1111,1170
2851,-1652,-1240,-269,2705,2983,-2971,-4337,-2163,576,1103,1165
2837,-1646,-1229,-277,2690,2972,-2972,-4342,-2156,575,1093,1162
2824,-1637,-1222,-279,2677,2959,-2971,-4342,-2148,572,1084,1160
2815,-1629,-1216,-281,2668,2950,-2973,-4344,-2146,566,1077,1157
2807,-1624,-1209,-286,2660,2944,-2980,-4351,-2149,555,1072,1152
2801,-1617,-1205,-287,2655,2938,-2986,-4356,-2153,544,1072,1149
2783,-1612,-1187,-298,2634,2925,-2996,-4368,-2157,528,1067,1141
2761,-1603,-1170,-306,2611,2907,-3003,-4374,-2157,515,1060,1135
2742,-1592,-1157,-309,2593,2891,-3008,-4377,-2155,507,1056,1132
2719,-1579,-1143,-311,2571,2869,-3018,-4383,-2150,499,1051,1131
2700,-1562,-1136,-305,2557,2847,-3025,-4389,-2144,494,1051,1130
2682,-1546,-1131,-298,2545,2827,-3029,-4393,-2138,491,1055,1129
2662,-1532,-1122,-295,2528,2806,-3033,-4397,-2132,489,1058,1128
2637,-1520,-1106,-297,2504,2784,-3038,-4402,-2126,490,1058,1125
2615,-1510,-1091,-299,2482,2764,-3036,-4401,-2120,499,1059,1126
2606,-1502,-1088,-295,2476,2754,-3029,-4388,-2111,517,1067,1133
2605,-1498,-1090,-289,2478,2752,-3022,-4370,-2105,532,1075,1140
2605,-1496,-1091,-285,2480,2750,-3013,-4352,-2096,545,1083,1149
2604,-1497,-1089,-285,2480,2751,-3006,-4340,-2085,556,1094,1159
2604,-1498,-1088,-284,2479,2750,-3001,-4334,-2073,565,1104,1167
2608,-1501,-1091,-280,2484,2754,-2997,-4327,-2058,576,1119,1178
2613,-1507,-1091,-281,2487,2760,-2994,-4318,-2045,582,1131,1188
2612,-1514,-1085,-287,2481,2762,-2992,-4310,-2036,587,1139,1192
2606,-1518,-1077,-291,2471,2759,-2991,-4302,-2025,591,1144,1194
2603,-1520,-1076,-290,2466,2756,-2991,-4294,-2015,592,1149,1195
2600,-1518,-1077,-285,2463,2750,-2993,-4295,-2007,590,1145,1191
2608,-1512,-1095,-267,2478,2749,-2995,-4287,-1996,591,1147,1189
2616,-1510,-1109,-255,2490,2750,-3001,-4273,-1984,591,1150,1185
2620,-1509,-1118,-247,2496,2750,-3003,-4257,-1974,590,1154,1182
2628,-1506,-1132,-235,2507,2751,-3002,-4240,-1962,591,1159,1181
2628,-1505,-1138,-229,2508,2748,-3001,-4227,-1952,593,1165,1176
2624,-1504,-1138,-228,2503,2742,-3001,-4221,-1946,592,1167,1170
2621,-1502,-1142,-224,2500,2736,-2997,-4211,-1940,593,1172,1166
2623,-1498,-1151,-215,2505,2733,-2991,-4199,-1935,592,1181,1163
2625,-1497,-1156,-213,2507,2733,-2988,-4193,-1935,582,1189,1157
2617,-1501,-1149,-221,2495,2729,-2992,-4196,-1943,562,1190,1146
2610,-1503,-1141,-228,2483,2724,-2997,-4198,-1951,546,1187,1137
2603,-1503,-1137,-233,2474,2719,-3000,-4195,-1956,532,1180,1129
2595,-1498,-1135,-232,2466,2711,-3003,-4188,-1958,522,1172,1120
2585,-1492,-1131,-233,2456,2700,-3009,-4183,-1961,511,1164,1109
2567,-1487,-1118,-241,2435,2686,-3012,-4184,-1963,498,1150,1096
2553,-1484,-1107,-249,2419,2676,-3013,-4187,-1964,487,1136,1084
2546,-1483,-1099,-256,2410,2672,-3012,-4189,-1964,477,1125,1075
2543,-1483,-1093,-264,2405,2673,-3006,-4191,-1966,466,1117,1069
2540,-1485,-1086,-273,2400,2674,-3003,-4192,-1968,456,1109,1063
2540,-1485,-1082,-279,2399,2678,-3002,-4191,-1968,448,1105,1056
2531,-1489,-1063,-297,2383,2677,-3007,-4197,-1968,436,1096,1046
2518,-1491,-1043,-314,2364,2672,-3011,-4203,-1967,425,1087,1037
2507,-1492,-1026,-329,2348,2669,-3015,-4207,-1966,411,1081,1029
2494,-1493,-1007,-346,2330,2664,-3021,-4214,-1966,393,1070,1020
2483,-1490,-993,-355,2316,2657,-3024,-4220,-1962,381,1061,1014
2472,-1484,-982,-360,2305,2649,-3024,-4221,-1954,374,1056,1012
2460,-1478,-971,-365,2293,2639,-3025,-4221,-1948,363,1048,1009
2444,-1469,-958,-368,2277,2623,-3029,-4224,-1947,349,1038,1006
2428,-1457,-950,-365,2264,2606,-3033,-4224,-1949,341,1029,1006
2423,-1441,-956,-350,2268,2592,-3029,-4218,-1948,345,1030,1011
2421,-1427,-965,-334,2275,2581,-3019,-4210,-1943,347,1034,1017
2420,-1417,-973,-320,2282,2574,-3006,-4200,-1934,349,1040,1023
2419,-1411,-975,-312,2285,2568,-2991,-4187,-1925,352,1043,1027
2414,-1409,-973,-309,2282,2561,-2979,-4177,-1916,356,1042,1028
2414,-1406,-975,-301,2285,2556,-2970,-4166,-1907,360,1045,1030
2413,-1404,-978,-294,2286,2551,-2966,-4158,-1900,362,1046,1030
2409,-1405,-976,-291,2283,2546,-2963,-4152,-1894,366,1046,1029
2402,-1407,-971,-291,2274,2539,-2957,-4143,-1885,374,1046,1028
2398,-1410,-968,-290,2268,2534,-2951,-4135,-1875,383,1046,1029
2394,-1414,-964,-290,2261,2531,-2947,-4131,-1869,384,1041,1028
2403,-1418,-975,-281,2272,2536,-2938,-4121,-1860,390,1041,1030
2412,-1422,-986,-272,2282,2541,-2933,-4111,-1853,393,1044,1030
2415,-1425,-992,-266,2285,2542,-2926,-4098,-1847,392,1046,1029
2421,-1426,-1003,-256,2292,2544,-2913,-4076,-1839,389,1049,1031
2422,-1427,-1009,-250,2293,2543,-2903,-4055,-1835,380,1046,1030
2419,-1425,-1013,-244,2290,2538,-2900,-4039,-1834,369,1039,1029
2419,-1423,-1020,-237,2291,2536,-2899,-4026,-1833,360,1034,1029
2427,-1421,-1035,-226,2301,2538,-2899,-4010,-1832,354,1036,1028
2434,-1422,-1045,-220,2310,2544,-2901,-3999,-1833,346,1037,1026
2433,-1427,-1041,-227,2303,2547,-2909,-3999,-1840,333,1034,1020
2428,-1435,-1032,-240,2290,2550,-2918,-4002,-1845,323,1031,1014
2423,-1441,-1021,-254,2277,2553,-2927,-4006,-1849,314,1030,1009
2419,-1446,-1013,-265,2266,2555,-2933,-4003,-1849,307,1032,1005
2414,-1452,-1003,-279,2255,2558,-2935,-3992,-1844,305,1035,1004
2403,-1458,-985,-300,2234,2558,-2941,-3981,-1837,303,1034,1002
2394,-1463,-970,-318,2218,2559,-2947,-3970,-1830,299,1032,999
2391,-1466,-961,-330,2210,2562,-2950,-3962,-1823,296,1027,996
2390,-1469,-955,-342,2206,2568,-2950,-3958,-1815,294,1022,993
2385,-1469,-947,-353,2199,2569,-2948,-3957,-1807,290,1019,991
2381,-1466,-941,-360,2193,2568,-2947,-3954,-1798,287,1021,990
2364,-1461,-925,-373,2174,2558,-2950,-3960,-1794,277,1015,986
2343,-1448,-910,-379,2151,2539,-2953,-3968,-1791,265,1007,980
2320,-1432,-898,-381,2131,2518,-2955,-3975,-1790,253,1000,976
2295,-1416,-882,-385,2106,2494,-2958,-3983,-1791,242,991,969
2275,-1398,-873,-383,2090,2472,-2956,-3987,-1791,236,983,964
2259,-1383,-865,-381,2078,2455,-2950,-3990,-1790,235,977,960
2242,-1370,-856,-381,2063,2438,-2944,-3995,-1789,239,968,956
2221,-1358,-841,-384,2043,2419,-2938,-4000,-1785,243,958,950
2205,-1349,-829,-386,2028,2403,-2929,-3998,-1778,250,951,947
2200,-1337,-832,-376,2030,2393,-2913,-3988,-1767,262,953,951
2199,-1327,-837,-364,2036,2386,-2896,-3975,-1761,268,957,955
2198,-1319,-841,-355,2041,2380,-2880,-3963,-1757,272,961,958
2195,-1312,-843,-346,2043,2372,-2869,-3954,-1755,274,963,958
2190,-1303,-846,-334,2045,2360,-2864,-3945,-1753,273,961,954
2190,-1291,-858,-314,2055,2349,-2858,-3934,-1748,271,963,953
2192,-1285,-867,-299,2064,2343,-2855,-3924,-1743,266,964,949
2195,-1284,-872,-289,2071,2341,-2854,-3913,-1740,256,963,946
2196,-1285,-874,-283,2074,2338,-2857,-3900,-1738,249,960,941
2196,-1287,-875,-278,2075,2335,-2860,-3882,-1735,246,958,937
2194,-1291,-873,-275,2073,2331,-2862,-3870,-1733,238,952,929
2203,-1293,-884,-264,2085,2334,-2859,-3857,-1730,231,949,923
2214,-1299,-895,-254,2100,2341,-2858,-3845,-1728,224,946,917
2220,-1306,-898,-252,2104,2345,-2858,-3836,-1723,220,943,911
2224,-1310,-903,-247,2108,2346,-2856,-3824,-1716,220,943,909
2225,-1315,-906,-244,2108,2345,-2856,-3816,-1713,217,941,903
2225,-1317,-909,-241,2107,2343,-2857,-3813,-1713,213,936,895
2229,-1319,-916,-235,2111,2343,-2857,-3809,-1710,214,935,886
2240,-1320,-931,-224,2124,2347,-2857,-3801,-1709,215,937,879
2247,-1322,-942,-217,2132,2351,-2856,-3792,-1714,212,936,873
2244,-1325,-939,-221,2125,2348,-2862,-3788,-1724,205,927,866
2234,-1323,-934,-225,2111,2339,-2869,-3784,-1730,200,917,860
2222,-1321,-929,-228,2096,2328,-2879,-3782,-1735,198,907,855
2212,-1318,-924,-232,2083,2319,-2888,-3780,-1737,196,898,850
2207,-1318,-919,-239,2074,2315,-2893,-3775,-1738,196,894,846
2194,-1317,-909,-248,2056,2306,-2898,-3775,-1741,192,886,842
2181,-1312,-902,-254,2041,2295,-2899,-3775,-1742,189,881,838
2172,-1305,-900,-255,2032,2287,-2897,-3773,-1741,187,878,835
2167,-1299,-899,-256,2027,2281,-2892,-3767,-1740,186,877,833
2155,-1291,-894,-258,2016,2271,-2889,-3765,-1741,181,875,830
2143,-1282,-889,-260,2004,2260,-2891,-3755,-1742,178,878,826
2123,-1278,-870,-275,1978,2247,-2898,-3749,-1748,167,874,819
2101,-1271,-851,-287,1952,2233,-2906,-3745,-1756,155,867,811
2080,-1262,-836,-295,1929,2217,-2913,-3744,-1762,146,859,801
2055,-1253,-816,-304,1901,2199,-2919,-3750,-1768,138,846,791
2032,-1240,-802,-308,1879,2180,-2921,-3758,-1771,133,833,787
2015,-1229,-793,-309,1863,2166,-2920,-3761,-1769,132,824,786
1999,-1222,-781,-314,1846,2155,-2919,-3760,-1765,131,818,785
1981,-1217,-764,-323,1824,2144,-2917,-3761,-1760,132,808,786
1965,-1211,-751,-328,1807,2133,-2912,-3762,-1752,137,798,788
1959,-1200,-754,-319,1807,2125,-2901,-3759,-1742,143,794,794
1956,-1190,-758,-310,1809,2120,-2889,-3753,-1729,152,795,803
1952,-1184,-759,-304,1808,2115,-2878,-3744,-1716,163,802,812
1946,-1180,-756,-301,1804,2110,-2868,-3736,-1707,170,807,819
1937,-1174,-752,-299,1796,2102,-2861,-3735,-1703,173,806,821
1932,-1168,-752,-292,1794,2095,-2853,-3727,-1700,176,805,823
1923,-1162,-749,-288,1787,2084,-2851,-3715,-1699,178,802,822
1911,-1158,-741,-287,1773,2073,-2850,-3706,-1701,179,795,820
1899,-1155,-731,-289,1759,2061,-2851,-3701,-1701,178,787,819
1889,-1153,-725,-289,1748,2052,-2850,-3696,-1697,183,783,820
1880,-1152,-718,-289,1737,2043,-2848,-3694,-1692,190,778,821
1884,-1149,-727,-278,1745,2041,-2843,-3686,-1684,198,781,825
1895,-1147,-741,-265,1760,2044,-2840,-3674,-1678,201,784,825
1902,-1146,-753,-254,1772,2045,-2837,-3666,-1673,201,782,824
1913,-1144,-768,-239,1788,2048,-2833,-3653,-1666,204,781,826
1923,-1145,-779,-231,1800,2052,-2830,-3636,-1661,204,779,829
1933,-1150,-787,-228,1810,2058,-2827,-3617,-1659,200,774,828
1945,-1154,-797,-222,1824,2065,-2822,-3598,-1659,194,770,826
1964,-1158,-816,-210,1848,2076,-2817,-3578,-1662,190,770,823
1982,-1163,-831,-204,1869,2088,-2816,-3562,-1668,178,768,818
1989,-1171,-832,-209,1873,2095,-2818,-3551,-1676,160,757,809
1989,-1175,-829,-214,1870,2094,-2818,-3540,-1681,149,744,802
1987,-1173,-829,-214,1868,2089,-2817,-3528,-1687,138,730,795
1986,-1171,-832,-213,1869,2084,-2816,-3515,-1692,132,717,791
1987,-1169,-834,-214,1871,2083,-2815,-3502,-1698,131,706,787
1982,-1171,-825,-224,1861,2079,-2818,-3495,-1705,130,693,779
1976,-1171,-819,-232,1853,2074,-2822,-3488,-1709,130,681,772
1970,-1168,-813,-239,1846,2069,-2821,-3481,-1710,136,670,767
1967,-1168,-809,-246,1842,2068,-2818,-3478,-1712,141,660,763
1961,-1170,-799,-259,1832,2066,-2815,-3479,-1718,137,651,757
1953,-1168,-790,-269,1821,2062,-2815,-3481,-1724,133,645,752
1934,-1167,-769,-286,1796,2051,-2821,-3491,-1730,126,635,745
1911,-1160,-750,-298,1768,2034,-2827,-3503,-1734,120,625,741
1888,-1150,-734,-306,1744,2016,-2832,-3510,-1735,115,619,740
1863,-1142,-713,-318,1713,1998,-2838,-3514,-1738,106,613,739
1839,-1132,-697,-324,1688,1980,-2844,-3515,-1738,97,609,740
1820,-1123,-685,-327,1669,1965,-2853,-3514,-1740,89,606,742
1805,-1118,-672,-333,1651,1956,-2864,-3513,-1743,82,601,744
1787,-1114,-656,-340,1630,1947,-2872,-3510,-1745,76,593,746
1770,-1107,-645,-342,1611,1935,-2875,-3507,-1742,77,587,751
1765,-1100,-646,-334,1609,1932,-2871,-3499,-1733,90,588,760
1766,-1095,-652,-323,1615,1933,-2866,-3490,-1723,106,594,770
1769,-1092,-658,-313,1622,1937,-2866,-3484,-1718,116,600,775
1772,-1091,-663,-304,1628,1940,-2872,-3484,-1718,119,604,776
1771,-1089,-665,-297,1629,1941,-2883,-3493,-1723,115,604,773
1773,-1088,-672,-286,1636,1943,-2893,-3497,-1730,111,610,773
1773,-1089,-673,-279,1637,1944,-2905,-3500,-1736,103,614,775
1768,-1093,-667,-280,1630,1944,-2918,-3503,-1741,95,615,777
1762,-1099,-659,-284,1620,1942,-2929,-3502,-1741,92,615,778
1761,-1107,-653,-288,1616,1946,-2938,-3494,-1735,93,618,781
1762,-1116,-648,-292,1613,1950,-2943,-3487,-1731,90,617,780
1772,-1122,-656,-285,1626,1957,-2940,-3472,-1725,94,618,784
1785,-1131,-664,-282,1639,1969,-2933,-3450,-1718,102,622,791
1792,-1140,-665,-283,1645,1975,-2922,-3432,-1710,106,622,794
1798,-1144,-670,-280,1651,1978,-2909,-3414,-1700,108,622,798
1800,-1147,-672,-279,1653,1977,-2904,-3400,-1690,104,618,796
1800,-1146,-674,-276,1653,1972,-2905,-3386,-1680,98,613,793
1800,-1144,-680,-271,1656,1967,-2908,-3370,-1670,96,612,789
1806,-1139,-691,-261,1665,1964,-2915,-3349,-1660,99,618,786
1810,-1135,-701,-254,1674,1961,-2927,-3331,-1653,96,623,783
1806,-1133,-700,-256,1668,1954,-2942,-3322,-1651,88,621,772
1798,-1129,-696,-259,1659,1943,-2956,-3317,-1652,81,614,758
1790,-1124,-692,-263,1649,1932,-2969,-3314,-1652,74,604,743
1781,-1119,-688,-267,1640,1921,-2979,-3311,-1650,72,595,731
1775,-1114,-685,-270,1633,1912,-2987,-3308,-1649,72,589,722
1764,-1109,-677,-278,1619,1901,-2999,-3313,-1651,62,577,712
1754,-1103,-672,-284,1608,1890,-3011,-3318,-1654,50,565,703
1747,-1097,-669,-288,1601,1881,-3021,-3320,-1654,40,553,694
1746,-1094,-667,-293,1598,1878,-3026,-3322,-1650,31,545,689
1746,-1094,-663,-302,1595,1879,-3031,-3326,-1648,22,537,683
1747,-1095,-661,-309,1594,1881,-3036,-3324,-1645,16,534,680
1737,-1097,-644,-326,1576,1877,-3046,-3327,-1644,2,525,672
1724,-1097,-627,-343,1555,1870,-3055,-3330,-1640,-10,513,665
1715,-1096,-615,-354,1543,1866,-3060,-3326,-1633,-17,506,662
1702,-1092,-602,-363,1525,1857,-3066,-3326,-1628,-23,496,658
1692,-1083,-596,-363,1515,1846,-3073,-3321,-1622,-21,491,658
1684,-1070,-596,-356,1510,1835,-3079,-3312,-1616,-10,491,663
1675,-1059,-596,-350,1504,1825,-3087,-3304,-1610,0,492,666
1661,-1050,-589,-348,1491,1811,-3093,-3302,-1601,7,491,669
1645,-1041,-580,-347,1474,1797,-3096,-3298,-1592,14,490,673
1637,-1029,-581,-337,1469,1785,-3094,-3291,-1586,23,493,681
1631,-1018,-586,-324,1469,1776,-3093,-3287,-1582,29,496,690
1626,-1008,-591,-311,1468,1767,-3095,-3284,-1581,33,499,698
1618,-998,-593,-299,1465,1756,-3100,-3282,-1583,34,500,704
1608,-992,-591,-291,1457,1746,-3103,-3283,-1585,32,499,708
1603,-987,-594,-281,1456,1740,-3097,-3276,-1585,39,503,712
1595,-984,-592,-274,1449,1732,-3092,-3266,-1586,47,508,716
1580,-983,-583,-274,1433,1721,-3089,-3255,-1587,55,512,719
1560,-980,-570,-275,1411,1704,-3091,-3245,-1584,61,513,720
1541,-974,-561,-271,1392,1686,-3092,-3234,-1577,64,513,722
1523,-970,-553,-269,1375,1670,-3093,-3225,-1571,66,512,724
1518,-965,-558,-257,1375,1661,-3088,-3208,-1556,76,518,729
1517,-961,-567,-243,1381,1655,-3084,-3187,-1539,89,527,738
1515,-957,-573,-233,1383,1649,-3082,-3168,-1524,94,534,743
1520,-956,-585,-221,1395,1649,-3078,-3146,-1511,98,543,749
1525,-958,-591,-215,1402,1651,-3075,-3124,-1501,104,552,755
1527,-961,-594,-213,1406,1652,-3076,-3106,-1494,106,558,757
1533,-960,-603,-206,1416,1653,-3079,-3091,-1487,106,567,761
1545,-958,-619,-194,1435,1657,-3085,-3077,-1482,106,577,765
1558,-957,-634,-184,1454,1663,-3094,-3069,-1478,103,585,766
1562,-960,-634,-187,1457,1665,-3112,-3074,-1480,92,586,763
1561,-963,-630,-194,1454,1663,-3136,-3088,-1483,83,582,761
1562,-967,-625,-202,1453,1665,-3159,-3104,-1486,79,577,757
1564,-971,-621,-211,1452,1667,-3180,-3115,-1489,79,574,753
1571,-977,-618,-222,1456,1675,-3198,-3120,-1488,85,577,750
1571,-986,-606,-240,1449,1679,-3216,-3127,-1485,91,576,744
1572,-993,-595,-257,1443,1685,-3231,-3132,-1481,101,571,734
1576,-1001,-586,-274,1441,1692,-3240,-3134,-1478,107,563,723
1578,-1004,-579,-286,1439,1696,-3245,-3136,-1479,107,551,711
1574,-1004,-569,-297,1431,1695,-3251,-3141,-1481,99,536,697
1570,-1003,-561,-307,1424,1693,-3256,-3142,-1481,88,520,685
1554,-1001,-540,-324,1401,1683,-3265,-3147,-1485,72,499,671
1528,-992,-518,-337,1370,1662,-3273,-3154,-1487,61,476,660
1507,-980,-504,-343,1347,1643,-3280,-3158,-1486,56,456,651
1486,-973,-486,-354,1322,1628,-3287,-3168,-1491,43,434,639
1470,-965,-473,-360,1303,1615,-3291,-3176,-1492,36,415,629
1455,-957,-463,-364,1287,1604,-3290,-3178,-1485,41,402,626
1437,-947,-453,-366,1267,1588,-3286,-3176,-1478,43,387,622
1416,-938,-440,-370,1245,1572,-3284,-3181,-1473,37,371,616
1398,-931,-430,-373,1225,1558,-3282,-3187,-1467,34,356,609
1390,-921,-432,-364,1221,1548,-3278,-3187,-1454,45,352,609
1386,-912,-440,-352,1223,1543,-3272,-3181,-1439,59,352,610
1384,-905,-448,-340,1226,1539,-3263,-3172,-1425,74,353,613
1380,-900,-453,-331,1225,1534,-3255,-3163,-1414,86,356,615
1368,-894,-451,-326,1216,1523,-3249,-3161,-1410,93,355,610
1361,-889,-455,-316,1214,1516,-3241,-3157,-1404,100,359,606
1356,-885,-460,-305,1213,1511,-3230,-3150,-1398,104,365,603
1353,-886,-462,-300,1212,1508,-3221,-3141,-1392,106,372,602
1348,-891,-459,-300,1206,1507,-3209,-3127,-1385,108,380,602
1345,-896,-458,-299,1204,1508,-3196,-3111,-1375,118,390,604
1344,-903,-457,-298,1202,1509,-3183,-3098,-1365,127,397,603
1352,-908,-466,-290,1214,1516,-3167,-3079,-1355,138,404,606
1365,-917,-476,-284,1231,1529,-3154,-3057,-1343,143,412,607
1373,-927,-480,-284,1239,1538,-3147,-3044,-1333,144,414,605
1385,-936,-487,-280,1252,1549,-3145,-3030,-1326,146,417,604
1396,-946,-492,-280,1263,1560,-3149,-3018,-1321,147,421,604
1405,-954,-494,-280,1272,1568,-3156,-3010,-1318,147,420,602
1413,-958,-499,-277,1281,1574,-3165,-3001,-1313,150,421,599
1423,-957,-510,-267,1296,1578,-3176,-2989,-1308,156,426,599
1430,-952,-520,-256,1307,1576,-3187,-2977,-1302,162,432,602
1426,-948,-517,-254,1303,1570,-3199,-2969,-1300,159,431,601
1417,-945,-508,-259,1292,1560,-3207,-2963,-1300,155,429,601
1409,-943,-499,-264,1281,1553,-3210,-2956,-1300,152,426,604
1405,-941,-490,-271,1273,1548,-3211,-2949,-1301,150,424,608
1403,-939,-485,-275,1268,1546,-3210,-2941,-1299,153,425,614
1393,-938,-470,-288,1251,1539,-3214,-2939,-1299,150,419,616
1382,-934,-458,-297,1236,1530,-3218,-2937,-1299,142,409,615
1373,-925,-451,-300,1225,1519,-3223,-2935,-1300,128,399,611
1366,-916,-447,-301,1217,1510,-3227,-2936,-1302,115,392,607
1358,-907,-442,-303,1208,1501,-3231,-2938,-1306,101,385,600
1350,-900,-437,-306,1198,1493,-3236,-2935,-1310,90,382,593
1334,-897,-420,-320,1175,1482,-3243,-2937,-1316,75,375,587
1311,-890,-400,-334,1145,1465,-3248,-2940,-1317,64,368,583
1296,-885,-386,-344,1124,1453,-3252,-2937,-1312,62,365,585
1278,-884,-368,-360,1098,1443,-3256,-2938,-1307,62,362,586
1263,-880,-354,-370,1077,1432,-3260,-2937,-1301,66,360,589
1251,-875,-347,-375,1062,1423,-3264,-2935,-1293,73,359,593
1237,-871,-337,-382,1045,1412,-3269,-2935,-1284,79,356,596
1217,-867,-322,-391,1020,1397,-3268,-2941,-1273,82,350,600
1197,-860,-310,-396,996,1380,-3261,-2944,-1260,88,344,605
1183,-848,-310,-389,986,1364,-3247,-2940,-1242,102,346,614
1173,-836,-315,-377,981,1350,-3233,-2933,-1225,113,351,622
1168,-827,-321,-367,981,1341,-3220,-2929,-1206,124,355,630
1167,-823,-328,-358,984,1337,-3208,-2927,-1190,138,357,635
1167,-823,-330,-355,985,1337,-3195,-2927,-1179,150,357,638
1169,-822,-337,-346,990,1336,-3181,-2923,-1172,164,361,644
1168,-823,-340,-341,992,1335,-3169,-2918,-1171,175,366,650
1164,-823,-339,-338,989,1331,-3159,-2914,-1175,180,368,651
1154,-821,-336,-334,981,1321,-3151,-2910,-1182,181,368,648
1145,-816,-336,-326,976,1309,-3142,-2905,-1184,181,370,648
1137,-810,-337,-316,972,1298,-3135,-2903,-1187,174,370,647
1138,-802,-350,-297,983,1291,-3126,-2896,-1187,168,371,648
1147,-796,-368,-276,1003,1290,-3119,-2885,-1186,166,372,649
1152,-792,-380,-261,1016,1289,-3116,-2875,-1184,166,370,648
1163,-789,-397,-243,1036,1291,-3112,-2863,-1183,170,368,646
1174,-788,-412,-229,1055,1295,-3109,-2857,-1182,172,366,640
1183,-789,-422,-219,1069,1299,-3108,-2852,-1185,168,364,631
1194,-791,-432,-212,1085,1306,-3106,-2843,-1189,162,365,622
1209,-796,-444,-205,1104,1316,-3105,-2830,-1192,163,369,615
1223,-803,-452,-203,1121,1329,-3106,-2818,-1197,165,373,608
1226,-812,-446,-214,1120,1335,-3112,-2812,-1201,162,371,597
1217,-818,-432,-228,1106,1332,-3116,-2807,-1206,158,367,586
1207,-819,-419,-239,1092,1325,-3114,-2802,-1209,158,366,578
1196,-819,-408,-248,1079,1318,-3109,-2796,-1211,157,364,570
1190,-818,-401,-256,1071,1313,-3105,-2784,-1211,159,364,565
1177,-815,-388,-267,1053,1304,-3104,-2776,-1215,156,356,559
1166,-811,-378,-275,1040,1295,-3101,-2769,-1220,150,348,552
1162,-808,-373,-281,1034,1293,-3098,-2765,-1224,142,340,547
1163,-806,-373,-285,1034,1294,-3092,-2766,-1227,132,333,543
1161,-802,-371,-290,1030,1293,-3086,-2773,-1230,120,325,537
1158,-797,-369,-293,1026,1292,-3081,-2774,-1232,109,319,535
1146,-794,-355,-305,1008,1286,-3081,-2777,-1235,95,308,533
1128,-791,-336,-320,982,1276,-3081,-2781,-1237,83,295,530
1113,-786,-322,-330,960,1266,-3077,-2780,-1235,83,287,532
1094,-782,-304,-343,934,1255,-3071,-2779,-1233,84,279,532
1080,-778,-290,-353,913,1247,-3061,-2775,-1227,94,276,535
1071,-778,-278,-362,898,1245,-3047,-2765,-1216,110,278,542
1062,-782,-263,-376,880,1246,-3037,-2758,-1206,122,279,547
1049,-789,-241,-396,855,1245,-3030,-2756,-1200,124,274,549
1035,-793,-222,-412,831,1241,-3021,-2752,-1193,128,269,550
1032,-793,-218,-413,825,1241,-3006,-2742,-1179,138,273,554
1031,-793,-218,-411,824,1243,-2991,-2731,-1163,151,282,562
1028,-791,-216,-409,820,1241,-2977,-2722,-1149,162,293,567
1024,-790,-215,-406,815,1238,-2965,-2714,-1137,171,302,569
1018,-787,-212,-403,809,1232,-2956,-2711,-1126,180,305,567
1021,-785,-220,-392,816,1232,-2945,-2704,-1112,194,311,565
1027,-784,-229,-381,825,1234,-2935,-2694,-1099,207,317,561
1030,-782,-236,-370,832,1233,-2926,-2683,-1090,212,320,556
1026,-780,-239,-361,832,1226,-2917,-2671,-1086,214,319,549
1024,-776,-244,-351,835,1219,-2905,-2656,-1082,216,317,546
1022,-775,-247,-343,836,1213,-2891,-2646,-1078,216,312,544
1028,-771,-261,-326,851,1210,-2876,-2635,-1073,218,311,543
1043,-771,-281,-308,876,1215,-2863,-2624,-1068,215,315,541
1055,-773,-295,-296,895,1220,-2851,-2620,-1063,208,316,540
1072,-777,-313,-283,919,1229,-2837,-2612,-1053,209,319,541
1086,-784,-324,-277,938,1238,-2824,-2600,-1044,206,321,540
1096,-792,-329,-276,950,1244,-2813,-2586,-1038,203,320,537
1105,-797,-337,-273,964,1250,-2803,-2573,-1033,200,320,531
1117,-798,-349,-265,982,1254,-2793,-2557,-1030,199,324,528
1127,-800,-359,-260,997,1258,-2785,-2540,-1029,196,331,526
1127,-804,-356,-266,997,1259,-2781,-2531,-1033,185,332,520
1120,-807,-346,-277,986,1253,-2779,-2531,-1042,169,327,510
1103,-802,-333,-285,969,1238,-2777,-2537,-1054,151,318,497
1086,-795,-321,-292,950,1221,-2776,-2543,-1066,132,306,483
1074,-790,-312,-299,937,1210,-2775,-2547,-1078,116,300,472
1057,-786,-295,-313,914,1197,-2775,-2556,-1089,101,288,459
1042,-781,-282,-323,896,1185,-2774,-2561,-1096,90,277,449
1034,-773,-277,-327,887,1177,-2771,-2560,-1097,85,267,443
1036,-768,-280,-327,890,1178,-2767,-2560,-1094,83,260,437
1041,-768,-280,-332,892,1185,-2764,-2560,-1091,81,252,432
1045,-767,-281,-336,894,1191,-2767,-2558,-1088,80,247,427
1041,-768,-271,-347,883,1193,-2774,-2561,-1086,76,239,421
1030,-768,-255,-362,863,1191,-2777,-2565,-1085,74,230,415
1022,-765,-245,-371,849,1189,-2777,-2558,-1086,76,225,411
1005,-761,-229,-382,826,1180,-2779,-2552,-1090,74,220,405
990,-756,-215,-390,804,1171,-2779,-2548,-1092,74,215,400
979,-750,-206,-393,789,1165,-2776,-2547,-1089,76,213,399
968,-745,-198,-396,775,1159,-2772,-2546,-1086,80,210,400
955,-742,-186,-402,757,1152,-2769,-2550,-1081,80,204,399
945,-739,-176,-406,742,1146,-2764,-2555,-1071,84,200,398
947,-737,-180,-400,745,1149,-2752,-2554,-1055,100,203,403
959,-735,-193,-389,760,1158,-2739,-2550,-1037,112,210,412
967,-731,-207,-374,774,1161,-2730,-2543,-1023,120,217,417
973,-726,-219,-360,786,1162,-2724,-2540,-1013,121,221,419
975,-722,-226,-348,791,1160,-2721,-2542,-1007,119,220,416
981,-717,-240,-331,805,1159,-2716,-2539,-998,122,224,415
987,-712,-254,-315,818,1158,-2710,-2533,-991,123,228,415
990,-709,-264,-300,828,1155,-2704,-2525,-986,126,229,415
991,-709,-269,-293,832,1153,-2698,-2520,-986,125,228,413
992,-711,-273,-287,836,1151,-2693,-2517,-990,120,225,410
990,-714,-273,-284,836,1147,-2689,-2517,-995,115,220,406
994,-714,-283,-273,848,1146,-2682,-2510,-994,119,218,403
1006,-715,-300,-258,868,1150,-2676,-2496,-989,127,222,400
1014,-717,-311,-249,881,1151,-2672,-2486,-988,126,220,393
1023,-718,-324,-238,898,1154,-2668,-2472,-988,122,219,389
1029,-720,-334,-232,910,1155,-2664,-2457,-990,117,215,384
1033,-723,-339,-229,917,1155,-2658,-2444,-990,114,209,378
1039,-726,-346,-225,927,1158,-2646,-2429,-988,114,205,372
1050,-728,-359,-219,944,1164,-2632,-2409,-984,121,205,368
1061,-730,-369,-214,959,1170,-2625,-2388,-980,128,204,363
1060,-732,-369,-217,959,1169,-2625,-2371,-978,128,198,357
1054,-732,-363,-223,952,1163,-2626,-2354,-975,129,189,349
1045,-729,-358,-227,943,1154,-2631,-2335,-970,129,182,342
1036,-724,-353,-230,934,1144,-2635,-2317,-962,130,177,335
1032,-719,-352,-230,931,1138,-2636,-2298,-953,133,175,330
1021,-715,-343,-237,918,1129,-2638,-2289,-948,130,167,325
1009,-708,-335,-241,904,1118,-2640,-2282,-945,127,160,322
1003,-702,-331,-244,897,1111,-2642,-2271,-942,125,156,321
1003,-698,-330,-245,896,1110,-2646,-2262,-943,124,152,320
1003,-696,-327,-249,893,1110,-2650,-2257,-948,120,147,315
1001,-692,-323,-252,889,1110,-2654,-2252,-952,116,144,307
991,-693,-307,-267,870,1106,-2658,-2252,-954,111,140,298
973,-691,-284,-284,842,1095,-2663,-2258,-959,107,133,287
959,-687,-268,-294,820,1087,-2663,-2261,-962,111,129,280
942,-683,-249,-307,796,1077,-2661,-2266,-961,115,125,274
930,-680,-233,-317,776,1070,-2658,-2270,-958,119,121,267
923,-676,-224,-321,765,1067,-2655,-2269,-956,121,118,260
919,-674,-216,-326,756,1067,-2653,-2265,-957,117,114,253
908,-670,-205,-331,742,1061,-2652,-2263,-960,110,103,244
896,-664,-195,-334,727,1052,-2645,-2258,-958,108,95,243
894,-657,-196,-327,726,1049,-2632,-2247,-951,111,97,250
899,-654,-201,-320,733,1053,-2615,-2236,-940,120,108,261
905,-653,-207,-314,740,1059,-2600,-2228,-928,129,121,272
909,-653,-210,-309,746,1063,-2587,-2218,-919,133,131,282
911,-655,-210,-307,747,1067,-2577,-2212,-913,134,136,288
921,-657,-220,-299,760,1076,-2567,-2202,-907,138,144,295
932,-658,-230,-290,774,1084,-2558,-2192,-899,141,152,302
936,-660,-237,-282,783,1087,-2552,-2181,-892,150,159,309
932,-657,-239,-276,782,1082,-2548,-2167,-882,168,166,312
928,-655,-242,-268,781,1076,-2544,-2151,-869,189,172,312
923,-652,-244,-262,780,1068,-2540,-2142,-856,207,172,308
922,-646,-255,-247,787,1061,-2534,-2129,-839,225,173,306
929,-643,-271,-231,803,1061,-2530,-2109,-819,243,180,310
932,-643,-280,-223,812,1060,-2530,-2098,-804,254,182,311
938,-642,-293,-212,825,1060,-2531,-2086,-792,265,183,314
941,-641,-304,-202,835,1058,-2538,-2077,-786,270,182,317
937,-637,-311,-193,836,1049,-2546,-2070,-783,273,178,318
931,-627,-320,-179,839,1035,-2550,-2063,-781,279,177,319
928,-614,-336,-160,847,1021,-2547,-2051,-778,288,181,323
927,-604,-350,-143,855,1010,-2541,-2035,-778,293,186,325
922,-603,-351,-142,852,1004,-2539,-2024,-781,292,185,324
915,-606,-346,-148,843,999,-2539,-2018,-787,290,181,321
911,-609,-341,-154,837,996,-2543,-2015,-793,287,174,315
906,-612,-336,-161,829,993,-2548,-2015,-796,288,170,309
904,-615,-333,-166,826,992,-2551,-2010,-793,291,171,307
897,-620,-321,-179,812,991,-2556,-2012,-793,288,166,303
890,-624,-310,-191,799,988,-2562,-2016,-790,284,159,301
887,-627,-303,-201,792,989,-2566,-2019,-786,283,153,299
890,-631,-301,-207,792,993,-2568,-2019,-779,282,148,297
893,-636,-294,-219,788,1000,-2569,-2024,-777,275,141,292
895,-642,-286,-231,784,1007,-2571,-2030,-776,269,134,285
889,-646,-271,-247,771,1008,-2574,-2039,-775,261,124,274
874,-645,-251,-263,748,1000,-2578,-2051,-775,252,113,263
864,-640,-239,-271,734,993,-2579,-2056,-772,246,106,256
852,-637,-223,-283,716,987,-2579,-2062,-769,237,97,246
842,-631,-211,-290,702,980,-2578,-2066,-764,234,88,239
834,-623,-204,-293,693,973,-2576,-2066,-754,236,87,239
824,-616,-194,-297,680,965,-2575,-2066,-744,240,85,240
810,-610,-180,-305,663,956,-2577,-2068,-735,245,78,240
799,-606,-167,-312,647,950,-2578,-2071,-725,250,71,240
797,-599,-168,-308,648,948,-2574,-2063,-713,262,71,244
803,-592,-177,-299,658,950,-2567,-2048,-701,274,75,248
807,-585,-185,-290,667,951,-2557,-2031,-692,283,82,253
811,-579,-192,-281,675,952,-2547,-2017,-687,287,89,258
809,-575,-194,-276,675,949,-2544,-2011,-685,286,90,261
811,-568,-204,-264,682,947,-2541,-2002,-682,287,94,265
811,-563,-209,-255,686,943,-2540,-1993,-683,286,97,269
807,-560,-211,-250,684,939,-2543,-1989,-687,286,101,272
802,-560,-210,-248,679,934,-2551,-1984,-689,287,103,271
799,-561,-209,-246,675,931,-2557,-1976,-684,291,103,271
799,-569,-206,-250,672,934,-2561,-1967,-676,294,100,272
808,-578,-211,-249,680,943,-2558,-1952,-667,301,102,275
825,-590,-222,-246,698,959,-2556,-1931,-656,311,110,279
840,-605,-227,-248,710,975,-2560,-1914,-645,319,113,281
860,-619,-240,-245,730,994,-2563,-1898,-634,325,118,280
878,-632,-251,-243,748,1011,-2565,-1888,-628,326,120,279
890,-643,-258,-242,760,1021,-2568,-1889,-629,321,117,275
899,-647,-267,-237,770,1026,-2568,-1892,-633,316,116,273
910,-650,-281,-227,785,1031,-2564,-1886,-639,314,119,274
920,-650,-296,-216,801,1034,-2561,-1875,-643,309,125,275
924,-651,-302,-213,806,1034,-2566,-1867,-651,297,129,272
922,-652,-301,-215,803,1030,-2574,-1862,-657,287,129,263
920,-652,-301,-216,802,1026,-2582,-1865,-660,283,125,255
918,-650,-302,-215,801,1020,-2586,-1874,-661,286,121,248
917,-643,-308,-209,805,1014,-2586,-1883,-659,290,118,244
910,-638,-306,-210,799,1004,-2589,-1896,-657,288,110,240
901,-632,-302,-211,792,993,-2593,-1906,-652,286,101,232
895,-625,-301,-212,787,985,-2597,-1911,-646,283,93,222
891,-617,-302,-210,786,977,-2596,-1912,-641,280,88,216
884,-610,-298,-211,779,969,-2595,-1910,-638,276,84,209
876,-603,-294,-213,772,960,-2596,-1905,-636,278,83,201
860,-597,-280,-223,753,947,-2600,-1907,-638,278,77,190
835,-592,-256,-239,722,930,-2606,-1915,-641,276,69,179
816,-587,-238,-252,698,917,-2609,-1918,-641,280,67,174
795,-584,-215,-268,670,904,-2612,-1923,-639,281,64,171
776,-580,-197,-279,647,892,-2612,-1927,-634,285,62,168
764,-578,-183,-289,631,886,-2606,-1928,-624,291,62,165
754,-576,-170,-297,616,881,-2600,-1927,-614,297,62,162
740,-576,-154,-309,597,875,-2596,-1927,-606,295,57,158
729,-575,-139,-318,581,870,-2593,-1928,-600,292,50,154
726,-569,-139,-313,579,867,-2586,-1922,-591,298,47,155
727,-560,-146,-302,585,864,-2576,-1909,-578,307,50,158
728,-551,-154,-289,592,862,-2564,-1892,-564,316,56,161
729,-544,-159,-279,597,860,-2554,-1877,-556,322,60,163
726,-539,-160,-273,596,857,-2548,-1868,-554,321,57,160
727,-532,-168,-260,603,854,-2541,-1854,-552,320,56,158
730,-529,-174,-250,609,854,-2537,-1840,-550,319,56,158
730,-528,-175,-246,610,855,-2537,-1831,-549,319,53,156
727,-527,-173,-243,607,851,-2540,-1828,-546,319,46,154
724,-526,-173,-238,605,848,-2543,-1824,-539,319,39,155
724,-528,-173,-235,604,847,-2547,-1823,-530,316,30,156
730,-530,-180,-228,613,850,-2550,-1819,-519,317,24,158
746,-536,-194,-219,632,862,-2552,-1810,-506,320,25,163
756,-546,-198,-220,640,872,-2555,-1803,-494,317,24,166
770,-558,-204,-221,653,886,-2554,-1792,-482,320,27,170
786,-574,-208,-226,666,904,-2553,-1780,-471,323,29,175
798,-591,-208,-235,672,919,-2556,-1769,-465,327,27,178
807,-603,-209,-241,678,929,-2559,-1760,-460,336,28,181
819,-612,-217,-240,690,939,-2565,-1749,-457,344,34,182
829,-618,-225,-239,701,946,-2571,-1741,-459,347,43,180
829,-626,-220,-247,697,947,-2584,-1741,-465,344,46,175
819,-630,-209,-258,682,939,-2602,-1747,-474,339,44,166
808,-631,-200,-266,668,929,-2617,-1750,-482,337,41,159
800,-632,-193,-273,657,923,-2626,-1751,-490,336,37,153
800,-633,-193,-276,657,922,-2630,-1744,-493,337,38,152
793,-635,-185,-284,647,917,-2633,-1742,-494,335,35,150
783,-632,-179,-289,636,908,-2634,-1742,-492,333,33,150
774,-626,-174,-291,627,899,-2635,-1740,-489,330,32,149
769,-620,-175,-289,625,893,-2635,-1737,-485,326,32,146
764,-612,-176,-287,622,887,-2637,-1737,-484,320,29,141
758,-603,-178,-282,620,879,-2641,-1736,-487,314,28,134
749,-595,-174,-282,612,872,-2649,-1738,-494,301,22,125
732,-587,-162,-288,594,859,-2659,-1747,-505,281,10,115
719,-577,-156,-287,582,848,-2666,-1753,-516,271,2,109
702,-567,-146,-290,564,835,-2671,-1761,-526,262,-8,104
684,-555,-136,-291,547,820,-2672,-1765,-530,257,-17,102
671,-545,-131,-289,536,810,-2670,-1764,-528,257,-21,102
659,-539,-121,-293,523,802,-2669,-1759,-523,263,-24,101
643,-535,-106,-301,504,793,-2670,-1757,-519,267,-31,97
630,-529,-95,-306,488,784,-2669,-1757,-513,270,-40,93
627,-523,-97,-301,489,782,-2662,-1756,-504,277,-45,92
631,-516,-105,-291,498,783,-2653,-1754,-492,287,-45,96
632,-509,-112,-281,504,781,-2646,-1752,-477,295,-45,101
631,-503,-115,-274,505,778,-2640,-1749,-465,304,-44,105
625,-498,-113,-270,500,772,-2635,-1746,-459,308,-47,106
624,-490,-119,-259,503,766,-2628,-1735,-454,314,-43,109
624,-487,-122,-252,506,764,-2622,-1727,-449,320,-37,113
621,-485,-121,-249,503,761,-2618,-1726,-445,325,-30,118
617,-487,-116,-250,496,758,-2613,-1727,-444,325,-24,122
618,-491,-113,-253,494,760,-2604,-1720,-438,328,-18,127
619,-498,-108,-257,491,763,-2591,-1711,-429,329,-12,131
627,-505,-111,-257,497,771,-2574,-1698,-417,329,-3,137
645,-512,-124,-250,517,785,-2555,-1677,-404,326,14,144
659,-518,-133,-246,531,796,-2543,-1662,-393,317,25,145
672,-518,-148,-234,548,802,-2533,-1644,-379,313,37,146
682,-518,-161,-224,562,805,-2525,-1623,-367,309,50,144
688,-517,-169,-216,570,805,-2521,-1608,-359,299,58,141
692,-511,-180,-204,578,801,-2519,-1599,-353,289,62,137
701,-503,-198,-187,594,799,-2515,-1590,-350,284,65,135
713,-498,-216,-171,613,800,-2514,-1583,-348,284,69,136
721,-501,-222,-169,621,805,-2516,-1585,-350,280,68,134
722,-508,-217,-178,617,808,-2522,-1589,-352,272,64,131
721,-515,-210,-188,610,809,-2528,-1588,-355,266,63,129
716,-519,-201,-198,600,807,-2534,-1587,-359,262,62,128
717,-526,-196,-207,596,810,-2541,-1580,-361,263,67,131
712,-534,-184,-223,585,811,-2552,-1576,-365,262,64,129
708,-541,-173,-238,574,812,-2562,-1574,-367,261,61,127
706,-548,-164,-250,566,815,-2568,-1569,-365,268,59,126
708,-554,-161,-259,564,819,-2569,-1563,-360,277,59,129
705,-560,-153,-271,557,822,-2568,-1561,-355,281,59,130
700,-563,-144,-282,548,821,-2569,-1559,-352,284,60,128
689,-567,-128,-298,531,818,-2575,-1561,-355,282,58,123
668,-570,-103,-318,501,806,-2583,-1569,-360,276,49,118
652,-569,-86,-331,481,797,-2587,-1572,-364,277,42,116
632,-566,-67,-345,455,784,-2590,-1576,-367,280,37,113
611,-562,-48,-356,431,769,-2592,-1581,-366,286,33,110
596,-558,-35,-365,414,759,-2594,-1585,-362,290,30,105
582,-554,-22,-373,398,751,-2598,-1591,-356,294,25,101
566,-551,-7,-381,380,741,-2601,-1598,-350,293,17,97
550,-546,6,-388,363,730,-2598,-1602,-342,294,8,93
541,-536,7,-383,358,721,-2586,-1596,-332,299,3,92
535,-520,-2,-367,363,709,-2572,-1589,-325,304,0,91
530,-500,-15,-346,370,696,-2563,-1588,-325,304,-2,88
523,-481,-28,-324,376,681,-2556,-1589,-326,300,-2,86
516,-465,-36,-307,379,668,-2551,-1590,-325,295,-4,83
516,-451,-51,-287,391,661,-2542,-1583,-320,296,2,83
517,-439,-65,-268,403,655,-2533,-1569,-314,297,12,86
516,-429,-76,-251,411,649,-2523,-1553,-307,301,22,91
512,-422,-82,-239,413,642,-2512,-1540,-301,302,30,93
513,-415,-92,-226,421,638,-2500,-1527,-293,301,37,96
516,-411,-103,-212,431,636,-2493,-1518,-283,299,38,95
525,-405,-122,-192,450,638,-2487,-1509,-269,308,41,100
544,-400,-149,-166,480,645,-2478,-1492,-250,323,51,110
556,-397,-169,-147,501,649,-2470,-1479,-236,326,54,115
567,-393,-189,-127,521,651,-2459,-1461,-224,327,58,119
578,-392,-206,-112,539,655,-2449,-1442,-214,327,63,121
587,-394,-217,-103,550,658,-2443,-1427,-207,329,64,121
595,-397,-226,-96,559,662,-2439,-1414,-203,330,63,120
604,-398,-238,-87,571,665,-2437,-1396,-198,333,65,121
616,-402,-249,-80,583,672,-2437,-1377,-194,333,69,123
619,-409,-248,-85,582,676,-2441,-1364,-196,327,71,123
618,-418,-240,-96,573,678,-2448,-1360,-202,318,66,117
618,-425,-235,-106,566,680,-2457,-1360,-211,309,59,110
618,-430,-228,-115,559,681,-2468,-1366,-219,303,53,101
622,-436,-227,-122,557,686,-2478,-1373,-226,301,53,95
620,-441,-217,-135,547,688,-2490,-1386,-235,295,48,88
615,-443,-208,-146,534,685,-2497,-1398,-242,289,41,81
612,-443,-201,-155,525,682,-2496,-1405,-247,281,38,76
614,-445,-198,-163,523,686,-2488,-1407,-248,275,35,73
616,-449,-191,-174,518,690,-2481,-1410,-248,269,30,68
618,-450,-187,-182,515,694,-2475,-1408,-246,266,29,63
614,-451,-177,-194,505,693,-2471,-1405,-245,263,26,57
597,-447,-158,-208,481,682,-2471,-1411,-248,255,16,48
585,-440,-148,-213,467,671,-2469,-1413,-249,248,11,41
571,-433,-134,-221,449,660,-2467,-1418,-250,241,6,33
556,-429,-119,-232,430,649,-2463,-1421,-246,243,5,27
547,-428,-105,-242,416,645,-2457,-1417,-238,249,7,24
539,-430,-90,-255,403,644,-2454,-1409,-232,248,9,21
524,-431,-71,-268,382,637,-2451,-1404,-227,247,9,18
506,-428,-53,-278,360,625,-2446,-1402,-220,251,7,17
494,-421,-46,-277,350,614,-2436,-1395,-208,264,13,22
490,-415,-48,-270,352,609,-2425,-1389,-193,285,23,30
492,-411,-53,-262,359,609,-2417,-1384,-182,306,33,40
494,-409,-58,-254,366,610,-2411,-1379,-176,322,43,49
491,-410,-55,-254,365,609,-2407,-1375,-172,329,47,55
494,-410,-60,-247,373,611,-2401,-1367,-166,339,52,60
496,-414,-60,-246,376,614,-2396,-1357,-160,349,57,65
492,-420,-52,-252,371,616,-2392,-1347,-155,360,60,72
483,-429,-38,-263,357,614,-2390,-1334,-154,369,59,74
478,-439,-27,-273,348,616,-2390,-1318,-153,375,56,74
476,-450,-17,-284,341,621,-2391,-1309,-154,375,53,72
477,-458,-15,-288,341,625,-2389,-1303,-153,371,52,72
489,-465,-24,-283,355,636,-2385,-1290,-151,362,60,76
498,-476,-26,-287,363,647,-2382,-1281,-151,348,65,76
511,-486,-32,-287,376,662,-2375,-1269,-149,336,72,75
523,-496,-38,-287,388,674,-2370,-1255,-147,325,78,76
528,-504,-40,-290,392,682,-2369,-1244,-145,315,81,78
532,-508,-43,-289,396,686,-2368,-1235,-144,310,83,80
541,-508,-55,-280,409,690,-2366,-1225,-143,309,86,82
553,-508,-70,-270,426,697,-2369,-1218,-146,307,91,82
558,-511,-75,-269,432,702,-2380,-1219,-153,299,93,78
557,-513,-73,-272,428,702,-2397,-1227,-161,289,90,72
555,-511,-75,-271,427,699,-2412,-1234,-166,281,86,66
554,-507,-79,-266,427,694,-2424,-1242,-168,274,80,60
556,-501,-87,-259,432,692,-2429,-1245,-166,272,78,55
553,-499,-86,-260,427,688,-2430,-1251,-164,266,70,46
551,-498,-84,-263,422,686,-2430,-1258,-162,257,59,38
552,-497,-85,-264,421,686,-2431,-1267,-163,244,46,30
556,-494,-89,-262,425,688,-2435,-1278,-165,233,36,24
558,-490,-92,-260,426,687,-2443,-1292,-170,221,24,18
558,-485,-94,-259,425,684,-2453,-1300,-178,213,14,13
551,-481,-87,-264,415,679,-2464,-1301,-187,201,4,9
533,-477,-69,-276,390,666,-2473,-1306,-195,193,-10,6
520,-471,-58,-281,373,654,-2477,-1308,-196,197,-16,9
510,-467,-46,-289,357,646,-2480,-1311,-194,196,-20,10
503,-464,-37,-295,347,642,-2479,-1314,-191,197,-23,13
500,-459,-35,-295,344,638,-2477,-1312,-184,204,-23,20
499,-454,-33,-295,342,636,-2472,-1310,-177,212,-24,27
496,-452,-27,-299,336,633,-2467,-1312,-170,219,-28,29
487,-449,-17,-304,325,627,-2461,-1314,-161,226,-32,30
483,-442,-15,-301,322,621,-2451,-1306,-150,236,-32,34
487,-434,-23,-291,331,619,-2440,-1297,-138,251,-27,42
493,-428,-32,-281,341,619,-2430,-1290,-128,266,-23,46
497,-425,-37,-274,349,620,-2419,-1282,-120,280,-19,49
494,-423,-34,-273,347,617,-2410,-1276,-116,287,-19,48
492,-415,-39,-263,349,610,-2402,-1265,-113,292,-18,44
490,-411,-42,-256,351,604,-2398,-1255,-112,291,-15,39
485,-408,-42,-251,348,598,-2401,-1253,-116,284,-12,32
474,-404,-37,-248,339,588,-2407,-1255,-121,278,-11,24
462,-400,-33,-245,328,575,-2407,-1253,-123,276,-12,19
453,-399,-30,-242,321,567,-2405,-1252,-122,273,-16,16
454,-400,-34,-237,324,566,-2402,-1250,-117,276,-15,16
468,-406,-48,-228,343,578,-2399,-1241,-104,289,-6,22
478,-416,-54,-226,353,589,-2398,-1239,-92,298,-1,25
489,-423,-64,-222,366,600,-2395,-1238,-81,303,1,27
499,-430,-73,-217,379,610,-2389,-1236,-72,308,3,28
502,-434,-79,-214,384,613,-2385,-1231,-63,310,1,27
504,-433,-87,-205,391,612,-2379,-1221,-53,314,1,26
511,-426,-106,-186,408,613,-2373,-1207,-43,321,7,27
524,-420,-130,-165,431,616,-2367,-1193,-34,329,17,27
530,-416,-145,-152,446,618,-2370,-1190,-32,330,23,26
528,-413,-149,-148,447,615,-2374,-1195,-35,327,22,24
524,-409,-150,-145,445,611,-2378,-1204,-43,322,16,22
517,-406,-148,-147,439,605,-2382,-1216,-51,308,7,18
512,-404,-145,-149,434,601,-2384,-1225,-57,297,2,17
499,-403,-134,-159,419,594,-2388,-1235,-63,283,-6,12
488,-401,-124,-168,405,586,-2392,-1242,-70,269,-16,7
478,-396,-117,-173,395,578,-2393,-1248,-75,258,-27,1
474,-393,-115,-176,391,574,-2391,-1250,-75,253,-32,-4
471,-392,-110,-183,386,574,-2388,-1255,-74,247,-39,-6
472,-392,-108,-188,386,575,-2383,-1257,-74,242,-43,-6
470,-394,-100,-199,379,577,-2380,-1259,-79,234,-49,-8
456,-396,-80,-217,357,570,-2380,-1267,-83,222,-58,-11
444,-393,-65,-229,339,562,-2381,-1271,-84,220,-58,-8
430,-390,-50,-240,319,552,-2383,-1276,-83,217,-58,-5
415,-382,-38,-246,301,539,-2382,-1281,-79,217,-57,-2
405,-374,-31,-248,290,528,-2377,-1281,-72,223,-54,4
398,-369,-24,-252,280,521,-2370,-1279,-65,228,-49,9
386,-366,-10,-261,263,512,-2365,-1277,-61,228,-49,12
372,-363,4,-269,244,502,-2358,-1274,-58,231,-53,15
365,-356,8,-268,237,493,-2350,-1270,-53,239,-55,20
363,-348,4,-260,239,487,-2340,-1266,-45,247,-52,27
363,-343,1,-254,241,483,-2332,-1258,-38,257,-46,34
365,-340,-3,-250,245,482,-2326,-1250,-32,267,-39,41
362,-337,-2,-246,243,478,-2323,-1246,-28,268,-35,44
363,-333,-7,-239,246,475,-2319,-1236,-25,269,-29,48
366,-334,-10,-235,250,476,-2317,-1225,-24,270,-21,49
366,-336,-10,-233,250,475,-2316,-1216,-27,273,-13,50
361,-339,-4,-235,242,471,-2320,-1209,-32,279,-9,49
356,-339,-2,-233,237,466,-2321,-1197,-33,292,-5,52
354,-342,-2,-231,235,464,-2320,-1189,-31,302,-5,54
358,-344,-8,-224,241,466,-2316,-1184,-29,311,-6,53
375,-348,-27,-209,264,477,-2308,-1171,-22,322,2,55
386,-354,-37,-203,277,486,-2301,-1163,-15,325,4,52
397,-359,-48,-194,292,494,-2292,-1158,-9,326,3,49
409,-365,-59,-188,305,503,-2284,-1153,-4,321,5,44
416,-370,-66,-183,315,509,-2277,-1148,-3,311,4,38
424,-373,-75,-177,326,515,-2272,-1143,-4,304,3,31
438,-375,-91,-165,345,524,-2266,-1136,-6,300,6,25
456,-378,-110,-154,370,537,-2261,-1126,-7,300,13,22
468,-384,-118,-152,383,548,-2258,-1120,-10,296,15,18
467,-388,-114,-157,381,550,-2260,-1119,-13,293,12,11
464,-389,-111,-161,376,548,-2259,-1116,-12,293,10,7
460,-387,-108,-163,373,545,-2257,-1113,-9,294,7,5
461,-384,-110,-161,375,543,-2253,-1104,-1,299,9,6
456,-385,-102,-171,366,542,-2254,-1099,3,295,4,6
454,-388,-94,-182,360,545,-2255,-1098,4,288,-1,4
455,-389,-91,-188,360,549,-2253,-1097,5,280,-7,4
463,-390,-94,-190,368,556,-2248,-1096,9,275,-11,6
469,-391,-95,-195,372,564,-2245,-1099,12,274,-15,6
474,-395,-91,-203,374,573,-2247,-1103,14,272,-17,4
476,-403,-80,-220,368,583,-2250,-1108,14,269,-18,-1
463,-413,-53,-249,343,585,-2256,-1117,11,260,-24,-9
452,-418,-32,-269,322,585,-2260,-1121,11,257,-26,-14
439,-423,-8,-292,298,584,-2265,-1127,8,249,-31,-21
427,-426,12,-310,277,581,-2269,-1133,6,241,-37,-29
416,-424,25,-320,261,576,-2265,-1133,7,240,-39,-31
404,-423,40,-332,244,571,-2259,-1131,12,246,-41,-31
387,-422,60,-345,220,562,-2253,-1131,19,252,-47,-33
372,-418,73,-353,201,551,-2248,-1133,29,258,-55,-35
367,-409,73,-347,198,544,-2238,-1130,42,266,-58,-31
370,-398,59,-331,210,540,-2225,-1121,60,280,-52,-19
377,-389,45,-315,224,540,-2210,-1110,80,299,-40,-5
384,-382,32,-300,237,540,-2191,-1098,101,316,-25,10
389,-380,24,-292,245,541,-2176,-1092,116,326,-18,19
402,-379,9,-279,264,549,-2163,-1082,129,333,-12,28
417,-382,-7,-267,284,559,-2150,-1069,141,337,-8,37
434,-388,-19,-259,302,572,-2140,-1059,153,342,-2,44
448,-396,-29,-254,317,584,-2130,-1049,165,343,5,49
464,-403,-43,-245,336,596,-2116,-1032,179,345,13,56
481,-409,-59,-234,358,608,-2101,-1014,196,353,24,67
505,-418,-78,-223,385,626,-2084,-992,214,362,33,77
546,-432,-110,-207,433,659,-2059,-962,234,378,53,89
586,-453,-135,-201,476,695,-2037,-934,252,392,72,102
627,-473,-162,-192,521,732,-2016,-906,272,408,93,116
668,-493,-188,-185,565,768,-2000,-880,290,424,114,128
701,-512,-208,-182,600,799,-1986,-858,304,440,134,137
733,-529,-227,-180,634,829,-1972,-839,317,457,154,146
763,-540,-251,-170,670,853,-1959,-822,330,474,178,157
792,-547,-277,-157,706,874,-1946,-805,339,488,204,167
815,-553,-296,-148,735,890,-1935,-792,345,492,224,171
829,-559,-305,-147,751,903,-1925,-782,352,495,239,172
844,-568,-313,-149,767,917,-1912,-772,362,506,254,174
862,-577,-322,-151,785,933,-1899,-762,373,519,268,176
886,-585,-338,-148,814,954,-1886,-750,385,533,285,179
907,-597,-346,-153,833,975,-1877,-743,394,537,297,179
924,-608,-350,-161,848,994,-1868,-740,402,541,305,179
940,-617,-356,-166,864,1012,-1857,-735,411,546,311,181
962,-626,-367,-167,887,1033,-1847,-731,419,548,315,183
983,-636,-374,-172,907,1055,-1842,-734,424,550,316,183
1001,-645,-380,-177,924,1075,-1841,-736,427,552,319,183
1013,-653,-381,-184,934,1090,-1839,-738,427,552,320,181
1011,-657,-370,-197,926,1094,-1839,-746,425,544,310,173
1012,-656,-367,-200,925,1096,-1836,-747,427,543,305,170
1008,-652,-362,-203,920,1093,-1831,-745,435,549,304,169
1000,-646,-357,-204,912,1086,-1821,-741,450,557,305,170
998,-638,-359,-198,912,1081,-1810,-732,466,565,311,174
1001,-630,-366,-189,919,1080,-1798,-720,481,573,317,180
1004,-625,-371,-182,925,1080,-1785,-711,496,579,319,187
1006,-620,-374,-176,929,1080,-1769,-705,509,583,322,191
1017,-615,-387,-163,945,1085,-1743,-694,523,591,329,199
1035,-609,-409,-144,971,1094,-1712,-676,539,606,341,211
1051,-605,-427,-127,994,1103,-1680,-657,557,618,353,224
1064,-602,-442,-113,1012,1110,-1652,-639,576,634,365,238
1072,-602,-450,-105,1022,1116,-1629,-629,589,643,373,247
1084,-602,-462,-95,1036,1123,-1603,-620,598,656,383,257
1096,-606,-470,-89,1049,1134,-1577,-610,610,669,396,270
1105,-612,-474,-87,1057,1144,-1550,-600,626,687,411,284
1112,-623,-473,-92,1059,1155,-1526,-593,643,703,423,294
1122,-637,-471,-100,1064,1171,-1503,-583,660,714,431,303
1133,-654,-467,-111,1067,1188,-1485,-579,672,718,435,309
1145,-669,-468,-118,1075,1206,-1469,-580,682,719,437,314
1166,-681,-481,-115,1097,1227,-1454,-574,691,726,445,321
1182,-692,-489,-114,1112,1244,-1444,-569,699,729,448,325
1200,-701,-501,-110,1131,1261,-1435,-561,707,735,454,329
1215,-707,-514,-104,1149,1275,-1427,-547,717,744,464,334
1228,-712,-524,-99,1164,1285,-1422,-534,724,748,471,338
1238,-715,-535,-94,1178,1294,-1414,-519,730,748,478,341
1249,-715,-547,-86,1193,1301,-1405,-503,735,749,485,344
1258,-714,-559,-77,1206,1305,-1400,-488,733,749,493,348
1256,-713,-560,-77,1205,1303,-1400,-481,726,742,495,351
1250,-717,-551,-86,1195,1301,-1405,-479,713,726,490,349
1247,-721,-544,-95,1189,1301,-1413,-477,700,707,482,346
1245,-723,-539,-102,1184,1302,-1423,-474,690,692,474,346
1248,-723,-542,-103,1188,1304,-1428,-466,682,686,471,351
1250,-726,-540,-109,1188,1307,-1429,-466,674,682,465,354
1253,-731,-536,-118,1188,1313,-1425,-470,668,678,459,357
1255,-735,-532,-127,1187,1317,-1417,-474,665,676,454,358
1259,-736,-532,-133,1189,1322,-1408,-476,666,677,451,360
1265,-739,-531,-139,1193,1328,-1402,-484,669,675,449,362
1272,-742,-533,-143,1199,1336,-1399,-493,673,668,450,364
1280,-745,-533,-149,1205,1345,-1398,-503,677,659,451,366
1279,-750,-523,-163,1197,1348,-1402,-519,677,648,445,365
1284,-752,-522,-169,1199,1354,-1405,-530,679,643,444,366
1286,-752,-519,-175,1200,1357,-1405,-536,682,643,446,369
1288,-750,-519,-176,1201,1358,-1403,-539,689,649,447,374
1295,-746,-525,-172,1211,1362,-1398,-535,700,660,453,383
1305,-744,-533,-168,1224,1369,-1392,-528,710,670,459,394
1311,-743,-536,-168,1230,1374,-1388,-524,717,674,462,404
1312,-740,-538,-166,1233,1374,-1386,-520,725,678,462,416
1318,-730,-550,-152,1246,1373,-1380,-509,741,691,469,435
1330,-716,-576,-126,1272,1373,-1368,-494,760,712,484,458
1347,-704,-604,-98,1303,1378,-1361,-482,774,728,503,478
1366,-693,-635,-70,1338,1384,-1360,-472,787,741,522,498
1380,-682,-660,-43,1366,1387,-1366,-469,797,750,536,513
1400,-672,-691,-14,1400,1394,-1375,-466,803,763,552,529
1420,-666,-720,13,1434,1404,-1391,-463,808,776,568,545
1440,-666,-742,32,1463,1417,-1414,-466,811,793,583,561
1455,-672,-755,41,1482,1430,-1443,-474,813,805,597,573
1472,-680,-768,49,1503,1445,-1478,-483,811,809,611,584
1492,-689,-784,59,1527,1463,-1517,-497,806,804,619,591
1514,-697,-802,71,1553,1480,-1561,-518,800,799,624,597
1546,-707,-830,88,1593,1506,-1604,-531,798,798,636,608
1573,-721,-847,94,1621,1531,-1648,-549,793,794,646,613
1601,-735,-867,104,1654,1556,-1689,-569,787,791,653,616
1627,-743,-890,117,1685,1576,-1729,-588,779,793,661,620
1642,-749,-904,127,1703,1586,-1772,-609,769,793,666,621
1652,-748,-918,140,1718,1588,-1815,-633,760,796,670,620
1665,-744,-939,159,1739,1592,-1851,-654,751,802,677,623
1683,-742,-962,177,1765,1599,-1882,-672,741,805,686,626
1693,-744,-974,184,1778,1604,-1913,-696,730,804,691,628
1695,-748,-973,182,1778,1606,-1943,-729,715,797,692,624
1697,-752,-972,178,1776,1608,-1967,-764,701,788,690,618
1698,-756,-970,173,1774,1610,-1984,-795,689,780,689,611
1703,-757,-974,173,1778,1613,-1997,-820,678,776,687,606
1704,-762,-971,165,1776,1617,-2005,-846,668,769,680,597
1704,-766,-965,155,1770,1620,-2008,-872,658,761,670,589
1708,-773,-961,145,1768,1627,-2006,-896,652,753,661,582
1716,-779,-961,138,1773,1638,-2002,-911,649,746,656,577
1723,-784,-960,130,1776,1648,-1997,-921,648,739,652,571
1728,-787,-958,122,1777,1657,-1994,-925,645,732,649,563
1731,-792,-953,112,1776,1665,-1995,-926,644,729,648,557
1724,-795,-938,96,1761,1666,-2001,-935,643,726,642,551
1722,-794,-932,88,1757,1669,-2007,-945,643,727,640,550
1720,-793,-926,80,1751,1670,-2012,-956,637,721,637,547
1711,-790,-915,72,1739,1667,-2016,-970,627,712,630,544
1702,-785,-906,65,1728,1662,-2015,-986,618,705,624,542
1693,-782,-896,58,1717,1659,-2016,-1005,607,691,619,538
1679,-778,-881,47,1699,1651,-2021,-1026,593,670,609,529
1659,-774,-861,35,1674,1639,-2024,-1050,575,647,592,517
1642,-767,-847,29,1656,1625,-2020,-1069,557,629,578,511
1633,-759,-844,31,1649,1617,-2010,-1082,544,618,570,509
1627,-755,-839,30,1644,1612,-2000,-1094,529,607,563,505
1619,-752,-833,28,1637,1606,-1989,-1105,513,591,556,499
1606,-751,-820,20,1622,1598,-1981,-1120,491,566,543,492
1593,-749,-810,15,1608,1588,-1972,-1131,466,543,532,484
1579,-745,-801,14,1595,1576,-1966,-1141,439,520,521,477
1560,-736,-793,16,1579,1556,-1964,-1156,408,489,508,466
1536,-726,-782,18,1556,1530,-1967,-1172,378,456,492,449
1508,-712,-771,23,1532,1501,-1973,-1184,352,431,475,432
1481,-698,-762,30,1509,1470,-1977,-1191,330,408,455,417
1457,-684,-756,38,1489,1442,-1978,-1196,312,386,435,404
1445,-671,-762,54,1485,1421,-1975,-1188,303,378,425,397
1428,-664,-757,60,1470,1402,-1975,-1180,294,365,413,391
1412,-658,-752,65,1456,1383,-1975,-1172,286,348,402,385
1392,-648,-747,71,1437,1360,-1975,-1167,276,333,394,377
1362,-637,-733,74,1407,1328,-1978,-1165,264,317,385,365
1329,-623,-719,77,1373,1293,-1979,-1162,255,307,376,354
1298,-606,-710,85,1345,1259,-1976,-1153,250,303,372,347
1271,-589,-704,96,1320,1227,-1967,-1139,248,303,373,345
1242,-575,-692,100,1290,1195,-1960,-1128,245,301,371,342
1206,-562,-674,98,1252,1161,-1959,-1122,239,293,363,335
1171,-548,-656,98,1214,1127,-1962,-1118,233,285,352,328
1139,-533,-641,99,1181,1094,-1965,-1115,228,276,339,318
1114,-515,-635,107,1157,1065,-1968,-1108,227,272,330,311
1084,-496,-626,113,1129,1033,-1973,-1104,225,267,320,303
1054,-475,-617,121,1102,999,-1977,-1100,224,262,309,296
1028,-451,-614,133,1081,967,-1983,-1096,225,255,298,287
1010,-429,-618,148,1071,942,-1986,-1088,228,251,293,282
993,-409,-619,159,1060,919,-1988,-1082,229,248,290,276
977,-391,-618,168,1047,898,-1990,-1072,230,245,292,271
957,-374,-612,172,1031,876,-1990,-1059,230,242,296,266
923,-357,-591,165,995,844,-1988,-1055,229,233,291,259
890,-336,-575,164,963,811,-1983,-1051,230,231,290,257
855,-316,-555,159,928,777,-1979,-1052,231,230,290,256
819,-295,-535,155,892,742,-1978,-1056,229,231,288,257
788,-272,-523,158,865,708,-1977,-1054,227,236,285,259
760,-252,-510,159,840,678,-1976,-1048,227,241,284,259
731,-236,-492,154,811,649,-1973,-1041,228,247,279,259
703,-223,-472,146,782,624,-1970,-1038,230,254,271,261
686,-214,-460,141,764,608,-1966,-1031,237,266,269,267
678,-203,-458,145,760,597,-1957,-1017,250,283,272,280
673,-195,-457,147,758,589,-1944,-999,264,300,277,292
668,-190,-454,147,755,583,-1923,-977,278,314,283,300
657,-186,-443,142,742,574,-1903,-958,290,322,285,302
647,-179,-437,142,732,563,-1881,-935,302,327,289,302
635,-171,-430,143,721,550,-1863,-911,313,327,295,299
619,-162,-422,145,705,533,-1848,-893,319,322,297,293
596,-150,-409,145,682,510,-1841,-883,318,311,291,283
568,-134,-398,151,656,480,-1839,-874,316,298,281,274
542,-116,-390,160,633,450,-1841,-872,312,284,269,265
515,-96,-384,173,611,418,-1838,-873,308,274,258,260
499,-74,-393,197,605,391,-1829,-866,310,275,258,260
476,-58,-391,211,588,364,-1826,-864,309,270,256,257
454,-43,-389,223,569,337,-1822,-862,308,266,253,252
431,-30,-386,234,551,312,-1818,-857,305,260,251,246
404,-19,-376,239,524,284,-1818,-855,299,253,243,235
374,-8,-365,243,495,255,-1819,-855,289,245,233,223
350,3,-359,250,473,229,-1818,-854,278,239,225,215
331,12,-358,259,457,208,-1817,-855,267,231,222,207
308,17,-348,259,433,187,-1821,-865,247,209,212,193
276,20,-327,250,396,161,-1831,-885,220,177,195,173
241,27,-306,243,357,131,-1846,-907,193,144,176,156
205,35,-285,236,318,99,-1862,-931,167,113,156,140
176,45,-271,234,288,72,-1878,-950,142,88,140,126
143,51,-249,224,251,45,-1896,-975,114,60,116,107
108,59,-225,212,212,15,-1912,-1005,83,32,89,84
74,69,-205,204,176,-14,-1923,-1032,52,2,59,60
46,81,-189,199,147,-41,-1928,-1055,23,-26,28,37
17,92,-171,191,117,-67,-1933,-1077,-7,-52,-3,12
-14,105,-150,183,84,-96,-1940,-1098,-36,-72,-29,-12
-46,119,-129,175,51,-125,-1949,-1118,-67,-92,-52,-34
-88,131,-95,156,2,-160,-1964,-1147,-101,-121,-83,-59
-127,148,-66,144,-41,-194,-1976,-1174,-130,-143,-112,-80
-169,164,-35,130,-88,-232,-1986,-1201,-155,-167,-140,-98
-214,185,-3,119,-136,-273,-1994,-1229,-179,-194,-169,-119
-254,209,21,115,-176,-313,-1999,-1253,-201,-221,-196,-138
-293,234,43,114,-215,-355,-2004,-1274,-221,-246,-221,-156
-337,260,69,112,-259,-399,-2013,-1294,-240,-269,-249,-175
-384,289,95,111,-306,-448,-2023,-1313,-257,-291,-277,-194
-425,318,114,117,-345,-494,-2022,-1325,-270,-304,-301,-211
-456,346,124,128,-372,-532,-2010,-1329,-277,-306,-316,-223
-482,368,135,135,-396,-564,-1996,-1329,-284,-309,-331,-236
-506,384,148,138,-420,-589,-1979,-1328,-291,-315,-347,-251
-530,393,167,132,-449,-611,-1959,-1332,-301,-325,-369,-270
-550,400,184,127,-474,-629,-1939,-1333,-311,-333,-389,-288
-567,403,201,120,-497,-641,-1916,-1327,-322,-343,-406,-307
-585,402,221,108,-523,-652,-1894,-1317,-336,-354,-422,-329
-605,397,245,93,-553,-663,-1875,-1304,-350,-368,-441,-353
-617,389,264,78,-575,-666,-1855,-1290,-363,-378,-459,-375
-620,375,278,63,-588,-659,-1837,-1280,-371,-387,-477,-394
-617,359,288,51,-593,-647,-1823,-1275,-376,-396,-492,-409
-599,343,281,50,-578,-625,-1807,-1261,-376,-399,-497,-419
-581,322,278,43,-565,-600,-1794,-1249,-375,-400,-500,-429
-559,300,271,38,-547,-571,-1782,-1230,-370,-392,-500,-434
-529,273,262,32,-522,-534,-1768,-1207,-359,-375,-493,-433
-500,244,256,21,-500,-495,-1757,-1189,-351,-362,-486,-433
-472,216,248,12,-478,-459,-1748,-1175,-343,-347,-480,-432
-442,193,235,9,-449,-423,-1739,-1158,-333,-328,-471,-429
-408,172,216,11,-415,-386,-1732,-1136,-322,-311,-458,-422
-379,149,204,7,-389,-352,-1729,-1122,-314,-304,-451,-416
-360,127,202,-6,-376,-325,-1731,-1120,-310,-306,-452,-416
-344,107,203,-19,-366,-301,-1731,-1121,-304,-304,-453,-415
-332,91,204,-31,-359,-281,-1730,-1121,-297,-300,-455,-416
-313,76,198,-38,-343,-259,-1727,-1119,-293,-296,-456,-416
-299,61,198,-50,-334,-239,-1724,-1117,-291,-297,-459,-418
-295,53,202,-62,-333,-231,-1720,-1114,-288,-297,-464,-421
-293,50,204,-70,-334,-227,-1717,-1113,-284,-297,-472,-427
-286,47,202,-74,-328,-221,-1711,-1112,-276,-298,-478,-432
-279,44,200,-81,-322,-214,-1706,-1110,-269,-299,-485,-438
-278,44,203,-88,-323,-213,-1704,-1104,-262,-298,-491,-446
-284,47,211,-98,-333,-219,-1702,-1096,-258,-299,-493,-455
-308,49,237,-120,-367,-237,-1700,-1097,-258,-310,-503,-468
-331,56,258,-137,-397,-257,-1692,-1095,-257,-318,-510,-480
-358,61,285,-157,-433,-278,-1684,-1095,-254,-324,-514,-492
-386,65,314,-180,-471,-301,-1674,-1095,-248,-325,-516,-502
-409,71,337,-196,-503,-321,-1666,-1088,-240,-321,-516,-509
-429,77,356,-209,-529,-338,-1659,-1073,-228,-313,-516,-515
-448,83,374,-221,-555,-356,-1651,-1058,-217,-307,-523,-519
-467,86,395,-236,-582,-371,-1639,-1044,-205,-300,-533,-522
-478,87,408,-247,-598,-379,-1623,-1026,-188,-283,-538,-521
-476,88,408,-248,-598,-379,-1603,-1003,-167,-258,-533,-511
-469,87,403,-245,-592,-375,-1586,-979,-147,-241,-526,-502
-463,87,398,-241,-585,-370,-1572,-955,-131,-232,-516,-494
-462,87,398,-240,-586,-370,-1563,-942,-122,-232,-512,-490
-459,90,392,-231,-581,-371,-1554,-930,-116,-231,-505,-486
-452,90,384,-223,-572,-366,-1543,-916,-109,-227,-495,-479
-447,88,379,-218,-565,-360,-1535,-901,-101,-222,-485,-472
-447,84,381,-218,-567,-357,-1531,-893,-94,-222,-479,-467
-449,80,384,-218,-571,-355,-1527,-882,-86,-221,-473,-462
-450,76,387,-219,-573,-352,-1520,-869,-75,-216,-467,-456
-453,75,388,-216,-576,-353,-1511,-856,-62,-213,-460,-450
-442,77,371,-199,-556,-346,-1498,-835,-47,-203,-446,-440
-430,73,360,-191,-539,-333,-1488,-819,-37,-201,-437,-432
-416,68,348,-182,-521,-320,-1479,-808,-32,-200,-431,-427
-404,66,334,-171,-502,-309,-1468,-796,-29,-201,-422,-423
-396,66,324,-161,-489,-302,-1464,-789,-29,-210,-418,-424
-392,69,314,-149,-477,-301,-1457,-782,-30,-221,-415,-428
-387,74,301,-135,-463,-299,-1448,-769,-30,-224,-412,-432
-382,78,290,-122,-450,-297,-1440,-752,-29,-222,-404,-433
-383,80,287,-117,-447,-299,-1434,-739,-31,-225,-402,-436
-393,80,295,-121,-458,-305,-1431,-733,-40,-239,-409,-445
-403,80,303,-125,-468,-311,-1428,-730,-50,-253,-418,-456
-412,77,314,-133,-480,-314,-1428,-728,-57,-263,-428,-462
-416,70,324,-144,-489,-312,-1427,-721,-58,-265,-431,-461
-420,60,339,-161,-501,-308,-1426,-714,-56,-266,-433,-460
-425,50,353,-177,-514,-304,-1423,-709,-54,-264,-437,-461
-428,44,362,-189,-522,-302,-1418,-702,-51,-260,-439,-462
-428,41,366,-195,-526,-300,-1410,-694,-48,-260,-441,-466
-431,43,367,-197,-529,-303,-1403,-687,-46,-266,-443,-469
-437,49,369,-197,-536,-311,-1397,-679,-45,-273,-444,-472
-447,58,372,-197,-547,-324,-1395,-670,-45,-277,-442,-474
-472,65,392,-209,-577,-345,-1402,-675,-48,-287,-448,-481
-493,73,408,-218,-603,-364,-1409,-681,-52,-296,-453,-487
-514,78,426,-231,-631,-382,-1416,-687,-56,-306,-458,-495
-538,84,447,-246,-663,-402,-1423,-694,-61,-316,-465,-503
-558,89,465,-258,-689,-418,-1429,-698,-62,-320,-467,-505
-575,92,481,-271,-712,-431,-1435,-701,-62,-325,-468,-504
-595,95,500,-285,-739,-446,-1442,-709,-60,-330,-471,-503
-616,97,522,-302,-769,-462,-1443,-716,-56,-328,-476,-502
-631,101,535,-311,-789,-474,-1438,-714,-48,-321,-480,-500
-635,106,535,-310,-792,-480,-1427,-703,-36,-310,-480,-496
-633,111,530,-306,-788,-482,-1415,-690,-25,-299,-478,-494
-628,112,525,-302,-782,-479,-1402,-676,-13,-283,-474,-492
-624,109,525,-305,-779,-475,-1392,-667,-2,-270,-472,-494
-613,103,520,-305,-770,-465,-1381,-655,10,-253,-465,-492
-597,94,514,-305,-755,-450,-1371,-638,24,-232,-452,-487
-583,83,511,-308,-743,-434,-1366,-622,33,-211,-440,-484
-576,75,512,-312,-739,-426,-1365,-607,39,-193,-430,-482
-571,69,512,-312,-735,-420,-1365,-591,45,-181,-422,-479
-562,63,508,-310,-726,-411,-1367,-577,49,-177,-418,-478
-552,58,503,-306,-714,-402,-1369,-565,53,-176,-417,-481
-529,53,485,-293,-686,-386,-1362,-542,60,-166,-407,-479
-507,44,471,-286,-661,-367,-1356,-519,65,-164,-398,-478
-485,37,454,-275,-633,-349,-1347,-496,72,-162,-391,-476
-461,31,435,-262,-603,-330,-1339,-472,79,-158,-383,-472
-443,23,424,-256,-582,-315,-1336,-454,81,-159,-381,-473
-431,20,413,-248,-564,-306,-1336,-439,80,-164,-382,-477
-414,19,397,-234,-541,-296,-1336,-425,79,-169,-380,-481
-394,19,375,-218,-511,-283,-1334,-409,78,-175,-374,-482
-378,16,361,-208,-489,-272,-1333,-397,77,-185,-370,-482
-371,9,360,-211,-482,-264,-1334,-392,72,-194,-371,-483
-368,3,361,-214,-479,-259,-1335,-393,66,-199,-374,-483
-366,-3,364,-220,-479,-255,-1335,-395,63,-204,-379,-484
-363,-9,366,-226,-477,-250,-1336,-395,63,-205,-384,-483
-364,-15,373,-235,-482,-247,-1339,-397,64,-210,-391,-485
-373,-19,384,-246,-494,-251,-1342,-407,64,-219,-402,-489
-383,-21,395,-257,-508,-256,-1343,-420,64,-228,-410,-495
-389,-25,404,-268,-518,-258,-1345,-433,63,-235,-415,-500
-397,-28,415,-280,-530,-260,-1350,-449,60,-246,-423,-505
-406,-32,428,-295,-545,-263,-1353,-464,56,-258,-431,-509
-419,-33,443,-309,-565,-269,-1355,-475,52,-269,-437,-512
-442,-35,468,-332,-598,-281,-1359,-490,46,-281,-449,-519
-457,-36,486,-348,-622,-289,-1359,-502,43,-286,-455,-523
-472,-37,503,-365,-645,-295,-1354,-511,44,-288,-456,-525
-487,-39,523,-383,-670,-301,-1348,-520,47,-291,-459,-529
-497,-38,534,-394,-687,-306,-1339,-525,52,-292,-460,-525
-506,-36,542,-401,-701,-310,-1327,-530,60,-290,-459,-517
-517,-35,554,-411,-718,-316,-1317,-534,66,-289,-461,-507
-531,-31,566,-418,-737,-325,-1311,-540,72,-286,-468,-498
-540,-23,568,-416,-747,-334,-1303,-538,80,-274,-470,-487
-539,-11,557,-402,-742,-340,-1287,-526,94,-252,-462,-469
-536,0,543,-385,-732,-343,-1270,-511,108,-237,-452,-452
-533,12,528,-366,-720,-347,-1253,-497,120,-227,-443,-437
-532,22,518,-352,-714,-352,-1240,-486,129,-220,-436,-427
-531,30,507,-337,-706,-356,-1228,-474,138,-213,-430,-422
-528,38,495,-321,-696,-359,-1218,-463,149,-203,-420,-417
-528,45,487,-308,-690,-363,-1211,-454,156,-195,-411,-413
-533,48,487,-301,-692,-370,-1210,-446,159,-189,-404,-411
-540,52,487,-293,-695,-378,-1214,-437,161,-181,-398,-411
-541,49,486,-290,-694,-379,-1216,-428,165,-178,-395,-410
-538,43,486,-288,-690,-375,-1216,-421,170,-175,-391,-409
-519,33,472,-281,-665,-358,-1209,-401,177,-162,-373,-403
-499,15,465,-283,-645,-336,-1205,-383,181,-154,-358,-399
-475,-8,458,-289,-621,-307,-1200,-366,186,-145,-347,-395
-446,-32,449,-294,-593,-276,-1195,-347,193,-137,-335,-391
-422,-56,443,-302,-569,-247,-1188,-327,201,-132,-326,-391
-402,-74,437,-307,-549,-224,-1179,-307,209,-128,-320,-391
-381,-88,425,-306,-524,-204,-1171,-286,216,-122,-314,-392
-360,-95,408,-298,-496,-187,-1161,-266,222,-116,-304,-395
-347,-100,398,-294,-479,-178,-1153,-253,225,-117,-299,-401
-346,-105,400,-298,-478,-175,-1150,-248,223,-128,-299,-412
-348,-107,402,-302,-479,-176,-1146,-244,221,-139,-303,-420
-350,-106,403,-304,-480,-178,-1142,-244,219,-149,-308,-427
-347,-104,400,-303,-476,-178,-1136,-244,221,-157,-308,-433
-348,-102,401,-306,-477,-179,-1129,-245,225,-165,-309,-441
-350,-99,404,-310,-482,-182,-1124,-250,227,-174,-314,-452
-351,-92,402,-310,-483,-186,-1121,-253,231,-186,-321,-463
-348,-82,394,-304,-477,-189,-1117,-253,238,-195,-327,-470
-344,-73,387,-299,-473,-191,-1117,-253,245,-199,-332,-474
-340,-63,381,-294,-469,-193,-1120,-254,252,-202,-336,-477
-335,-56,377,-293,-466,-192,-1124,-256,259,-206,-336,-476
-343,-52,388,-304,-482,-198,-1132,-270,259,-220,-344,-479
-350,-42,395,-308,-494,-206,-1138,-281,260,-233,-351,-480
-359,-32,402,-312,-508,-217,-1142,-291,260,-246,-356,-480
-371,-24,413,-319,-526,-228,-1145,-300,263,-256,-363,-477
-378,-15,420,-322,-539,-237,-1144,-305,272,-258,-366,-470
-384,-7,425,-324,-549,-244,-1145,-302,284,-256,-366,-463
-390,-5,435,-332,-561,-247,-1141,-300,298,-250,-369,-459
-394,-8,448,-345,-575,-246,-1134,-299,318,-236,-373,-456
-392,-12,454,-353,-579,-241,-1122,-292,347,-215,-374,-451
-383,-11,449,-350,-570,-234,-1101,-271,388,-182,-366,-441
-373,-14,444,-348,-561,-225,-1072,-241,434,-151,-355,-434
-360,-18,437,-345,-548,-214,-1040,-198,485,-122,-343,-428
-349,-23,431,-342,-536,-204,-1008,-145,539,-94,-335,-428
-335,-26,420,-334,-518,-193,-972,-76,599,-62,-326,-429
-318,-31,405,-323,-495,-180,-930,11,667,-21,-312,-428
-303,-38,393,-316,-475,-166,-883,107,743,28,-297,-426
-289,-48,385,-312,-459,-153,-834,201,826,81,-281,-422
-274,-60,375,-309,-440,-137,-784,300,919,139,-262,-416
-250,-76,360,-304,-412,-113,-731,406,1023,204,-236,-404
-217,-95,339,-297,-373,-81,-677,514,1136,273,-209,-391
-164,-116,297,-278,-308,-35,-617,634,1260,353,-169,-371
-107,-142,257,-263,-241,17,-561,750,1387,434,-125,-348
-48,-170,217,-250,-172,72,-512,854,1512,517,-79,-322
16,-197,170,-232,-96,130,-471,947,1637,612,-26,-295
80,-224,124,-215,-21,187,-439,1025,1760,715,30,-267
147,-250,75,-197,59,247,-415,1092,1881,823,92,-233
222,-276,18,-174,149,314,-396,1152,2003,935,166,-190
308,-306,-46,-149,250,389,-385,1205,2127,1053,250,-137
395,-339,-104,-131,349,469,-380,1247,2256,1179,340,-75
478,-377,-153,-124,438,549,-383,1280,2389,1314,431,-10
560,-410,-205,-112,528,626,-387,1317,2539,1468,531,63
644,-438,-260,-96,621,702,-392,1363,2708,1644,642,143
733,-462,-323,-73,722,779,-396,1423,2894,1837,764,228
816,-483,-382,-52,816,850,-401,1493,3094,2045,893,318
890,-499,-436,-31,901,914,-404,1572,3308,2265,1026,412
964,-509,-494,-4,989,972,-402,1667,3540,2497,1169,512
1045,-515,-561,31,1087,1034,-394,1770,3784,2738,1323,617
1128,-519,-633,70,1189,1096,-386,1875,4034,2987,1484,725
1213,-519,-709,114,1295,1156,-378,1984,4292,3248,1656,839
1305,-520,-790,161,1409,1222,-371,2100,4560,3522,1842,962
1397,-529,-862,197,1517,1292,-368,2214,4833,3807,2035,1091
1497,-537,-945,241,1636,1367,-361,2339,5121,4116,2245,1234
1601,-544,-1031,288,1761,1445,-349,2474,5424,4444,2469,1389
1702,-549,-1118,337,1884,1518,-331,2623,5743,4790,2706,1553
1807,-550,-1214,397,2016,1591,-304,2783,6077,5153,2958,1728
1909,-545,-1314,464,2149,1656,-271,2947,6422,5532,3223,1914
2004,-536,-1413,534,2277,1714,-238,3107,6775,5917,3496,2108
2094,-524,-1510,606,2400,1767,-201,3266,7130,6311,3774,2308
2184,-506,-1616,689,2530,1814,-163,3426,7489,6721,4064,2514
2279,-479,-1737,789,2673,1858,-125,3588,7854,7151,4369,2730
2369,-447,-1859,894,2813,1894,-94,3745,8220,7592,4682,2951
2452,-410,-1982,1004,2950,1922,-70,3891,8587,8037,4998,3176
2528,-367,-2105,1120,3082,1941,-58,4022,8952,8486,5317,3404
2601,-315,-2234,1246,3216,1951,-58,4140,9314,8944,5644,3635
2666,-256,-2365,1379,3347,1951,-70,4245,9671,9405,5978,3873
2720,-192,-2491,1513,3467,1940,-89,4335,10016,9857,6311,4111
2763,-124,-2609,1645,3574,1919,-117,4399,10339,10296,6639,4348
2799,-55,-2722,1775,3674,1891,-157,4431,10636,10710,6957,4582
2825,16,-2828,1901,3763,1857,-213,4429,10898,11082,7258,4804
2838,91,-2925,2024,3836,1811,-289,4387,11113,11391,7532,5012
2853,170,-3028,2155,3915,1762,-381,4318,11278,11637,7786,5205
2855,249,-3118,2275,3978,1707,-489,4219,11386,11812,8005,5374
2846,329,-3197,2389,4026,1644,-608,4102,11442,11921,8188,5523
2826,411,-3269,2498,4062,1573,-739,3968,11444,11963,8335,5652
2789,495,-3323,2596,4074,1490,-885,3810,11390,11933,8440,5754
2736,585,-3367,2690,4070,1393,-1044,3632,11287,11838,8508,5833
2670,684,-3406,2786,4052,1281,-1212,3444,11146,11690,8545,5894
2592,789,-3438,2881,4022,1159,-1393,3250,10970,11492,8552,5937
2495,899,-3456,2968,3971,1022,-1587,3038,10755,11243,8524,5960
2383,1008,-3456,3041,3896,875,-1795,2804,10507,10953,8462,5961
2263,1120,-3450,3111,3812,723,-2017,2554,10239,10646,8379,5953
2145,1232,-3443,3180,3729,573,-2262,2287,9955,10338,8286,5941
2039,1340,-3445,3250,3660,435,-2536,1993,9653,10036,8189,5928
1943,1440,-3447,3314,3596,309,-2844,1665,9329,9733,8089,5915
1849,1538,-3449,3376,3534,185,-3187,1298,8980,9429,7986,5903
1762,1636,-3456,3441,3480,67,-3566,894,8607,9128,7886,5895
1691,1729,-3473,3508,3443,-37,-3974,458,8208,8827,7787,5894
1633,1813,-3492,3570,3415,-126,-4408,-10,7787,8524,7688,5900
1583,1887,-3510,3625,3392,-203,-4870,-503,7349,8214,7589,5909
1539,1957,-3528,3675,3373,-273,-5360,-1024,6890,7898,7489,5920
1490,2018,-3531,3711,3341,-341,-5874,-1588,6399,7560,7374,5924
1448,2074,-3535,3744,3315,-401,-6396,-2180,5883,7212,7254,5925
1408,2121,-3532,3767,3285,-454,-6919,-2795,5341,6846,7121,5918
1365,2157,-3515,3772,3243,-502,-7432,-3429,4778,6456,6967,5894
1325,2182,-3490,3767,3200,-542,-7923,-4068,4202,6042,6790,5853
1278,2198,-3448,3745,3140,-581,-8383,-4701,3610,5595,6587,5786
1206,2208,-3376,3698,3043,-632,-8815,-5332,2998,5112,6347,5689
1101,2215,-3270,3629,2902,-705,-9218,-5958,2369,4588,6063,5555
969,2224,-3138,3544,2726,-797,-9586,-6562,1731,4032,5741,5382
816,2234,-2988,3449,2524,-905,-9913,-7138,1090,3455,5389,5179
640,2236,-2810,3331,2289,-1024,-10211,-7693,441,2852,5004,4943
439,2235,-2602,3191,2017,-1158,-10487,-8237,-224,2223,4590,4679
206,2234,-2366,3034,1705,-1313,-10744,-8781,-912,1566,4146,4386
-53,2239,-2112,2870,1363,-1491,-10982,-9328,-1635,880,3677,4069
-333,2250,-1842,2699,997,-1686,-11200,-9884,-2397,163,3183,3731
-636,2263,-1555,2520,604,-1900,-11397,-10443,-3200,-586,2663,3372
-956,2278,-1252,2332,189,-2126,-11579,-11005,-4044,-1369,2120,2995
-1285,2292,-944,2141,-235,-2358,-11745,-11573,-4930,-2176,1562,2608
-1618,2307,-633,1949,-664,-2593,-11896,-12157,-5858,-3003,996,2219
-1960,2327,-319,1760,-1101,-2838,-12032,-12758,-6826,-3847,420,1821
-2304,2357,-16,1585,-1532,-3092,-12147,-13356,-7827,-4698,-161,1417
-2667,2396,297,1409,-1984,-3364,-12248,-13952,-8853,-5560,-757,999
-3053,2449,617,1238,-2455,-3661,-12331,-14526,-9882,-6416,-1361,568
-3453,2519,934,1080,-2933,-3979,-12391,-15049,-10882,-7244,-1964,135
-3868,2601,1254,929,-3424,-4316,-12431,-15514,-11836,-8029,-2558,-299
-4285,2690,1568,786,-3911,-4657,-12451,-15912,-12723,-8759,-3135,-724
-4687,2785,1862,659,-4376,-4994,-12455,-16233,-13525,-9416,-3682,-1133
-5070,2883,2135,548,-4813,-5319,-12446,-16473,-14229,-9989,-4187,-1516
-5433,2976,2393,442,-5226,-5627,-12426,-16639,-14831,-10483,-4651,-1873
-5769,3055,2641,333,-5616,-5907,-12398,-16742,-15335,-10899,-5077,-2204
-6067,3123,2864,231,-5963,-6153,-12359,-16785,-15743,-11232,-5460,-2505
-6329,3181,3062,139,-6268,-6368,-12308,-16770,-16060,-11488,-5798,-2773
-6549,3228,3229,59,-6525,-6547,-12242,-16701,-16287,-11670,-6088,-3010
-6731,3264,3373,-15,-6741,-6692,-12166,-16586,-16436,-11794,-6338,-3220
-6881,3289,3499,-86,-6924,-6809,-12079,-16433,-16521,-11871,-6556,-3408
-6996,3308,3597,-144,-7064,-6895,-11983,-16243,-16546,-11904,-6741,-3572
-7072,3317,3670,-193,-7162,-6950,-11879,-16021,-16513,-11890,-6888,-3712
-7115,3315,3721,-236,-7221,-6973,-11765,-15776,-16428,-11834,-6999,-3825
-7127,3302,3756,-278,-7251,-6968,-11647,-15515,-16298,-11747,-7077,-3915
-7106,3276,3772,-316,-7245,-6931,-11520,-15235,-16121,-11625,-7121,-3979
-7064,3234,3786,-364,-7223,-6870,-11387,-14941,-15895,-11470,-7138,-4021
-6993,3185,3780,-405,-7170,-6784,-11233,-14617,-15617,-11267,-7120,-4037
-6897,3127,3759,-442,-7089,-6675,-11061,-14267,-15293,-11028,-7071,-4030
-6781,3060,3727,-478,-6987,-6546,-10870,-13894,-14929,-10763,-6999,-4005
-6639,2986,3678,-507,-6858,-6395,-10660,-13495,-14528,-10472,-6902,-3963
-6482,2904,3620,-534,-6712,-6230,-10433,-13072,-14099,-10162,-6785,-3908
-6316,2815,3562,-566,-6561,-6054,-10188,-12637,-13651,-9842,-6654,-3846
-6148,2720,3505,-600,-6409,-5873,-9929,-12195,-13187,-9517,-6515,-3779
-5969,2625,3438,-627,-6244,-5686,-9658,-11748,-12708,-9181,-6364,-3705
-5774,2529,3353,-641,-6056,-5487,-9374,-11294,-12214,-8831,-6199,-3622
-5571,2430,3261,-650,-5860,-5283,-9087,-10840,-11719,-8486,-6028,-3539
-5365,2328,3167,-656,-5660,-5076,-8798,-10390,-11227,-8146,-5855,-3452
-5160,2225,3073,-662,-5460,-4869,-8508,-9944,-10740,-7815,-5681,-3368
-4952,2123,2972,-659,-5255,-4662,-8217,-9500,-10256,-7489,-5508,-3285
-4740,2020,2867,-653,-5045,-4453,-7922,-9053,-9775,-7167,-5332,-3201
-4536,1915,2766,-648,-4843,-4249,-7629,-8608,-9302,-6854,-5158,-3116
-4342,1811,2672,-646,-4654,-4053,-7337,-8166,-8836,-6550,-4987,-3033
-4152,1707,2581,-644,-4470,-3861,-7040,-7726,-8374,-6254,-4818,-2950
-3964,1601,2489,-641,-4286,-3670,-6737,-7288,-7918,-5961,-4649,-2865
-3777,1496,2394,-635,-4103,-3481,-6434,-6860,-7472,-5670,-4482,-2779
-3581,1398,2283,-612,-3902,-3292,-6131,-6432,-7031,-5375,-4308,-2689
-3391,1300,2174,-590,-3708,-3108,-5835,-6011,-6602,-5093,-4135,-2600
-3207,1207,2064,-564,-3517,-2932,-5543,-5601,-6185,-4819,-3965,-2510
-3026,1119,1950,-533,-3325,-2761,-5254,-5195,-5779,-4552,-3795,-2417
-2858,1037,1844,-503,-3147,-2603,-4973,-4794,-5388,-4293,-3627,-2323
-2703,960,1744,-476,-2981,-2456,-4700,-4398,-5012,-4042,-3464,-2231
-2553,890,1642,-444,-2818,-2318,-4431,-4010,-4647,-3794,-3302,-2140
-2409,828,1539,-407,-2658,-2189,-4169,-3634,-4294,-3555,-3139,-2051
-2279,770,1445,-376,-2511,-2070,-3915,-3277,-3957,-3332,-2983,-1969
-2167,716,1368,-356,-2389,-1966,-3672,-2939,-3637,-3127,-2841,-1898
-2063,665,1298,-340,-2275,-1869,-3434,-2617,-3331,-2930,-2707,-1833
-1963,617,1230,-327,-2164,-1775,-3203,-2310,-3035,-2744,-2579,-1772
-1864,571,1166,-318,-2056,-1682,-2979,-2016,-2748,-2566,-2457,-1715
-1771,523,1110,-317,-1957,-1590,-2761,-1738,-2475,-2397,-2343,-1662
-1685,475,1065,-326,-1868,-1501,-2552,-1480,-2218,-2240,-2243,-1618
-1600,429,1023,-337,-1781,-1413,-2345,-1232,-1970,-2088,-2148,-1574
-1514,386,981,-348,-1693,-1326,-2140,-993,-1732,-1944,-2059,-1532
-1430,347,940,-359,-1606,-1241,-1940,-766,-1504,-1810,-1973,-1492
-1351,308,906,-374,-1527,-1158,-1744,-549,-1289,-1684,-1895,-1452
-1278,273,878,-391,-1454,-1080,-1555,-340,-1084,-1566,-1820,-1413
-1220,239,867,-420,-1404,-1012,-1374,-152,-890,-1463,-1753,-1380
-1165,210,857,-446,-1355,-949,-1197,22,-703,-1366,-1691,-1350
-1113,185,848,-469,-1310,-890,-1032,183,-529,-1274,-1637,-1325
-1071,163,847,-496,-1276,-838,-876,327,-366,-1191,-1591,-1303
-1031,147,845,-516,-1244,-792,-727,457,-215,-1114,-1547,-1280
-996,133,844,-533,-1215,-751,-585,577,-73,-1040,-1506,-1255
-967,120,849,-553,-1196,-715,-453,686,58,-971,-1470,-1233
-947,111,859,-572,-1186,-688,-330,784,177,-908,-1442,-1213
-928,107,864,-583,-1175,-666,-216,876,289,-846,-1413,-1193
-903,107,857,-580,-1151,-643,-108,965,395,-784,-1377,-1168
-876,108,845,-572,-1125,-620,-6,1046,490,-732,-1340,-1143
-851,110,832,-561,-1100,-601,85,1120,575,-683,-1305,-1117
-832,111,823,-550,-1082,-586,166,1190,655,-639,-1271,-1092
-812,115,808,-533,-1060,-573,239,1258,730,-598,-1237,-1066
-786,117,783,-508,-1028,-557,306,1329,800,-558,-1198,-1040
-757,115,758,-484,-995,-537,368,1395,866,-518,-1161,-1013
-727,106,734,-464,-962,-513,426,1457,932,-476,-1125,-985
-694,94,707,-444,-926,-486,480,1520,999,-433,-1086,-955
-655,78,676,-421,-883,-453,535,1586,1066,-386,-1045,-924
-611,57,641,-401,-834,-415,587,1650,1127,-343,-1006,-894
-551,33,592,-372,-765,-364,643,1722,1191,-296,-960,-863
-490,1,547,-352,-698,-307,695,1795,1251,-254,-916,-834
-428,-36,505,-337,-633,-248,743,1865,1308,-216,-875,-808
-365,-74,463,-324,-565,-186,789,1934,1361,-183,-834,-785
-308,-115,428,-318,-507,-128,834,2001,1409,-157,-797,-769
-255,-156,398,-317,-453,-71,874,2062,1456,-132,-764,-758
-201,-196,366,-315,-397,-13,915,2121,1501,-105,-731,-748
-142,-236,330,-312,-335,47,959,2181,1546,-78,-698,-740
-93,-272,302,-312,-284,98,999,2234,1587,-56,-667,-738
-60,-307,290,-326,-253,141,1032,2276,1619,-49,-644,-740
-32,-340,284,-344,-230,179,1062,2314,1648,-44,-626,-743
-8,-371,281,-363,-210,213,1090,2351,1675,-37,-613,-745
17,-397,276,-381,-188,246,1118,2389,1704,-25,-601,-743
36,-420,275,-400,-172,275,1144,2424,1732,-15,-593,-743
45,-437,281,-422,-167,293,1167,2450,1757,-14,-594,-748
51,-448,287,-442,-165,305,1192,2472,1780,-18,-598,-755
56,-457,295,-461,-164,317,1220,2494,1802,-23,-602,-763
59,-464,304,-482,-165,327,1249,2515,1823,-30,-606,-772
55,-465,319,-503,-175,329,1279,2534,1846,-39,-610,-783
45,-461,335,-521,-189,324,1311,2558,1872,-42,-610,-792
20,-454,365,-547,-224,307,1342,2573,1897,-46,-615,-800
-10,-437,391,-564,-259,281,1376,2589,1922,-45,-619,-807
-41,-415,416,-576,-294,251,1408,2604,1948,-46,-622,-814
-75,-393,443,-589,-334,218,1436,2616,1974,-48,-629,-823
-103,-373,467,-599,-367,190,1466,2629,2004,-48,-631,-828
-130,-352,489,-608,-399,163,1495,2642,2034,-48,-630,-829
-161,-331,514,-617,-437,133,1524,2651,2061,-52,-628,-827
-192,-313,541,-628,-476,103,1553,2658,2088,-62,-627,-825
-213,-297,560,-634,-504,81,1585,2670,2116,-67,-622,-821
-222,-282,564,-629,-514,66,1623,2691,2150,-60,-609,-811
-227,-270,566,-623,-520,56,1662,2717,2189,-47,-591,-801
-228,-260,564,-614,-522,50,1700,2744,2228,-26,-572,-790
-223,-255,560,-606,-518,50,1732,2770,2265,-3,-555,-779
-215,-253,552,-596,-510,52,1761,2798,2300,22,-537,-767
-198,-254,536,-581,-491,62,1791,2836,2333,48,-513,-752
-178,-259,520,-567,-470,77,1817,2873,2365,72,-490,-738
-158,-266,503,-553,-448,92,1837,2903,2396,93,-470,-725
-141,-272,485,-537,-427,104,1851,2934,2428,117,-447,-707
-123,-277,465,-519,-404,115,1866,2967,2464,145,-420,-687
-105,-285,445,-501,-380,128,1884,3001,2501,169,-396,-667
-73,-292,410,-473,-336,150,1906,3048,2539,199,-367,-644
-41,-304,379,-452,-295,175,1927,3096,2573,223,-340,-625
-13,-318,352,-435,-259,199,1945,3139,2604,244,-316,-610
21,-332,321,-416,-215,227,1961,3179,2629,265,-291,-598
53,-348,292,-400,-174,254,1973,3213,2648,277,-271,-591
81,-361,266,-386,-137,279,1981,3243,2665,286,-254,-587
109,-374,239,-372,-99,303,1991,3274,2679,297,-237,-583
141,-387,210,-358,-57,330,2003,3309,2693,310,-216,-578
172,-403,187,-350,-19,359,2011,3341,2704,314,-197,-572
195,-423,177,-356,4,386,2011,3365,2710,309,-185,-571
214,-441,170,-364,24,411,2012,3384,2711,304,-177,-573
232,-458,164,-373,42,434,2015,3399,2710,299,-173,-578
247,-470,159,-381,57,453,2021,3413,2708,294,-170,-585
256,-482,160,-394,65,469,2023,3425,2707,287,-170,-593
257,-492,169,-412,61,479,2020,3428,2704,276,-176,-605
259,-499,177,-428,59,488,2017,3429,2699,270,-184,-615
262,-502,179,-438,61,495,2018,3430,2696,267,-189,-622
265,-502,181,-446,63,502,2019,3431,2694,265,-190,-628
263,-497,184,-453,61,502,2021,3432,2692,266,-188,-633
257,-488,189,-458,53,497,2023,3435,2687,269,-186,-636
234,-476,209,-471,25,479,2023,3428,2678,266,-192,-644
208,-461,228,-481,-5,457,2028,3423,2674,267,-197,-652
185,-445,245,-489,-32,436,2034,3422,2672,271,-197,-657
157,-427,265,-496,-65,409,2040,3418,2672,275,-198,-661
134,-407,277,-496,-89,385,2049,3418,2674,285,-198,-662
115,-385,284,-491,-108,361,2058,3422,2680,300,-196,-658
95,-367,295,-489,-130,338,2066,3425,2687,315,-194,-653
73,-350,307,-488,-154,314,2070,3423,2691,327,-197,-653
55,-331,314,-481,-172,290,2072,3420,2695,340,-198,-651
47,-310,308,-463,-175,271,2080,3424,2702,364,-191,-643
40,-290,298,-442,-175,252,2091,3432,2712,388,-183,-633
35,-272,289,-421,-173,236,2100,3446,2721,407,-176,-625
33,-260,282,-405,-171,224,2106,3461,2728,418,-172,-620
31,-251,276,-391,-169,214,2112,3478,2737,428,-167,-614
34,-244,265,-374,-160,208,2121,3500,2744,442,-158,-607
42,-243,254,-361,-148,208,2128,3516,2749,459,-148,-600
48,-245,247,-352,-140,209,2136,3528,2754,474,-138,-593
55,-251,241,-345,-130,213,2144,3539,2760,489,-129,-586
68,-261,232,-340,-115,224,2153,3549,2765,505,-119,-577
85,-276,224,-337,-98,240,2163,3553,2771,521,-108,-566
118,-292,201,-327,-61,269,2179,3563,2777,544,-88,-552
155,-316,179,-321,-20,305,2195,3573,2781,569,-68,-541
191,-340,159,-318,18,341,2207,3584,2786,594,-48,-531
231,-363,134,-312,62,379,2218,3598,2797,621,-26,-522
265,-386,114,-308,100,415,2224,3611,2808,642,-8,-514
294,-403,95,-303,133,443,2228,3621,2821,657,8,-512
321,-415,72,-292,168,468,2235,3634,2832,677,24,-508
348,-421,44,-274,206,489,2245,3651,2842,701,45,-503
369,-422,19,-256,238,504,2255,3665,2846,718,63,-499
379,-428,9,-251,252,514,2261,3674,2844,727,75,-497
382,-432,5,-251,258,520,2264,3680,2844,735,84,-493
383,-434,3,-251,262,524,2266,3682,2845,745,88,-490
385,-433,-2,-249,267,526,2268,3687,2846,760,90,-489
387,-432,-6,-248,271,529,2268,3694,2844,773,93,-490
381,-429,-3,-250,267,525,2268,3694,2841,782,86,-495
376,-421,-5,-248,265,519,2269,3689,2838,789,78,-499
374,-412,-9,-244,267,515,2270,3682,2838,796,69,-502
376,-405,-15,-241,272,514,2271,3670,2840,803,61,-506
375,-399,-17,-243,272,513,2269,3654,2841,811,55,-512
373,-390,-17,-244,270,508,2267,3641,2845,821,52,-515
357,-382,-3,-255,249,496,2262,3619,2846,824,42,-523
339,-369,9,-262,228,478,2258,3597,2847,827,31,-531
323,-357,19,-268,210,462,2256,3578,2851,836,23,-534
304,-347,35,-279,185,446,2253,3560,2853,845,15,-536
287,-335,47,-286,164,428,2256,3545,2859,861,16,-535
270,-320,57,-288,145,410,2261,3534,2868,885,18,-532
253,-308,68,-293,125,393,2265,3526,2877,908,21,-526
235,-298,82,-300,102,375,2269,3517,2888,928,22,-521
224,-290,91,-303,88,365,2275,3508,2903,950,23,-514
226,-280,84,-295,91,360,2286,3507,2922,981,33,-501
230,-269,74,-282,100,357,2300,3507,2942,1007,49,-489
234,-260,65,-270,107,355,2313,3507,2960,1028,65,-480
237,-254,58,-261,112,352,2326,3507,2976,1042,81,-474
239,-247,52,-250,117,349,2337,3507,2989,1051,95,-471
249,-245,40,-236,131,354,2348,3511,3004,1065,113,-467
258,-243,28,-223,145,358,2356,3515,3014,1077,130,-466
267,-243,18,-211,157,362,2362,3518,3021,1089,147,-466
277,-246,9,-200,170,369,2367,3523,3030,1101,165,-465
291,-251,-4,-187,189,380,2374,3529,3040,1114,179,-462
307,-256,-19,-173,210,391,2385,3534,3047,1127,190,-459
334,-258,-49,-147,249,407,2402,3546,3054,1146,205,-454
365,-265,-79,-124,291,430,2419,3559,3059,1161,220,-446
397,-278,-105,-108,331,456,2439,3570,3061,1171,231,-440
435,-293,-134,-92,376,488,2459,3585,3064,1188,244,-432
471,-316,-154,-87,416,525,2478,3600,3070,1205,256,-424
505,-340,-170,-87,450,560,2495,3615,3076,1223,262,-417
538,-363,-186,-87,484,595,2512,3631,3085,1249,271,-407
570,-381,-205,-84,520,626,2526,3650,3098,1279,285,-396
597,-395,-222,-79,551,652,2536,3663,3109,1300,297,-385
614,-410,-228,-83,567,671,2539,3667,3116,1310,301,-379
625,-421,-232,-87,578,684,2541,3672,3122,1317,302,-374
631,-425,-236,-88,586,691,2543,3681,3131,1325,304,-370
637,-427,-241,-88,593,695,2546,3689,3139,1330,305,-365
641,-427,-245,-89,598,698,2547,3697,3147,1332,307,-360
638,-429,-240,-97,592,698,2546,3703,3157,1329,301,-362
635,-428,-238,-103,588,696,2549,3711,3172,1332,299,-363
634,-425,-237,-107,586,695,2556,3720,3190,1339,301,-362
634,-421,-239,-109,585,694,2567,3728,3204,1342,302,-361
634,-416,-241,-111,585,692,2580,3737,3213,1342,301,-361
633,-408,-244,-111,584,688,2593,3751,3223,1343,306,-359
619,-403,-231,-123,564,678,2602,3758,3228,1337,305,-361
604,-398,-217,-136,542,666,2616,3765,3235,1331,302,-360
591,-391,-207,-144,524,656,2632,3775,3246,1330,302,-355
574,-383,-194,-154,502,641,2648,3783,3259,1330,302,-348
561,-373,-185,-159,484,627,2670,3788,3275,1333,304,-337
550,-362,-180,-160,472,616,2696,3794,3292,1337,309,-323
542,-355,-176,-162,462,606,2721,3802,3310,1342,314,-308
531,-347,-167,-165,446,595,2746,3808,3330,1350,314,-292
521,-338,-163,-164,435,582,2771,3818,3352,1369,315,-274
520,-325,-172,-150,441,574,2803,3837,3381,1398,326,-251
526,-315,-185,-135,452,571,2833,3858,3406,1423,340,-229
534,-308,-199,-119,466,571,2861,3877,3429,1441,354,-208
538,-300,-210,-105,476,568,2885,3893,3449,1454,367,-190
540,-291,-219,-89,484,562,2907,3906,3467,1466,378,-175
548,-286,-233,-72,500,564,2930,3925,3484,1477,391,-162
559,-289,-243,-61,515,571,2952,3948,3502,1488,404,-149
565,-294,-246,-56,524,577,2972,3971,3519,1500,419,-135
572,-300,-249,-52,532,583,2992,3993,3538,1513,432,-121
581,-305,-256,-43,545,591,3015,4015,3556,1525,445,-107
587,-310,-262,-34,556,596,3037,4036,3576,1534,455,-97
602,-311,-279,-15,581,605,3061,4066,3600,1543,468,-85
617,-317,-293,-2,604,617,3083,4095,3621,1546,482,-75
635,-327,-305,7,627,634,3105,4117,3639,1546,492,-70
659,-338,-323,19,658,655,3127,4141,3658,1551,504,-64
680,-347,-338,29,685,673,3144,4167,3676,1554,517,-60
697,-353,-353,40,709,688,3158,4191,3691,1554,529,-59
716,-356,-372,55,737,701,3173,4216,3707,1559,543,-57
736,-355,-396,76,770,714,3190,4246,3721,1566,563,-53
756,-353,-419,95,800,725,3206,4273,3731,1567,582,-49
765,-353,-430,104,815,731,3217,4294,3736,1560,591,-50
769,-350,-438,112,825,733,3228,4315,3742,1555,599,-47
773,-346,-446,119,832,733,3242,4337,3750,1554,608,-40
776,-340,-456,128,841,732,3256,4363,3758,1556,618,-34
779,-333,-465,135,849,730,3271,4390,3767,1560,627,-29
776,-329,-465,134,846,727,3283,4410,3774,1555,629,-31
775,-328,-463,128,843,727,3297,4431,3782,1549,624,-33
775,-326,-462,123,841,727,3312,4457,3793,1547,618,-33
775,-323,-463,118,839,727,3328,4481,3802,1545,611,-33
776,-323,-461,110,837,730,3340,4501,3811,1540,604,-33
778,-322,-460,103,834,732,3350,4521,3823,1539,604,-30
769,-321,-447,87,817,727,3353,4531,3832,1532,598,-29
757,-318,-434,72,798,720,3364,4539,3843,1530,591,-25
750,-317,-422,57,783,716,3379,4550,3855,1534,586,-20
742,-320,-406,37,764,715,3393,4558,3866,1536,579,-20
740,-322,-397,22,753,717,3408,4567,3878,1540,573,-17
743,-326,-391,10,749,723,3424,4581,3892,1546,571,-9
747,-331,-385,-4,745,731,3438,4597,3905,1550,570,-1
743,-333,-375,-17,734,731,3451,4609,3917,1555,566,5
738,-330,-369,-23,725,727,3465,4624,3930,1562,562,11
743,-323,-378,-15,732,726,3483,4647,3950,1577,565,21
752,-316,-391,-4,746,728,3501,4674,3971,1595,570,32
763,-310,-407,10,762,731,3517,4703,3989,1613,575,41
769,-302,-421,25,776,731,3531,4730,4003,1631,580,48
775,-297,-432,38,787,730,3546,4757,4018,1651,583,54
788,-296,-447,53,807,737,3564,4790,4034,1672,591,63
801,-296,-463,68,827,745,3579,4822,4049,1685,600,70
810,-297,-475,80,842,752,3589,4850,4061,1691,609,77
816,-301,-482,89,852,756,3591,4873,4072,1692,614,83
824,-306,-490,99,865,764,3590,4895,4083,1696,617,92
834,-316,-496,104,877,776,3588,4914,4094,1698,615,98
856,-330,-511,115,905,798,3594,4941,4109,1708,622,109
880,-346,-527,123,933,824,3601,4970,4121,1714,631,117
899,-362,-537,128,956,846,3607,4996,4128,1708,636,122
922,-378,-551,136,982,870,3617,5025,4139,1709,647,128
940,-394,-559,138,1002,891,3622,5051,4151,1712,656,134
954,-409,-565,139,1016,908,3622,5074,4162,1719,662,138
971,-422,-575,143,1036,927,3621,5095,4173,1729,669,141
995,-435,-591,151,1063,950,3618,5119,4185,1746,680,147
1016,-447,-604,155,1087,970,3610,5144,4198,1760,690,150
1025,-461,-602,148,1092,984,3596,5162,4207,1766,691,146
1027,-472,-596,137,1089,993,3584,5178,4212,1769,687,139
1027,-481,-589,127,1085,998,3575,5194,4216,1769,679,130
1031,-488,-585,119,1085,1004,3569,5207,4220,1770,672,122
1038,-493,-587,115,1090,1012,3563,5219,4226,1774,668,118
1038,-495,-582,106,1085,1013,3556,5224,4230,1777,661,113
1038,-495,-580,101,1084,1013,3551,5226,4234,1782,653,108
1042,-494,-581,96,1086,1015,3545,5231,4239,1783,646,105
1050,-493,-585,93,1092,1020,3544,5236,4245,1781,640,104
1052,-489,-587,90,1095,1020,3544,5241,4248,1774,633,106
1055,-481,-591,90,1098,1018,3544,5252,4254,1774,629,112
1049,-476,-583,81,1088,1012,3542,5258,4260,1778,622,116
1038,-469,-572,70,1073,1001,3540,5264,4270,1783,616,122
1030,-461,-566,64,1063,992,3541,5275,4282,1794,615,133
1018,-452,-558,58,1049,980,3540,5283,4292,1803,612,140
1009,-442,-552,54,1039,969,3543,5295,4304,1816,613,149
1001,-434,-547,49,1030,960,3545,5308,4320,1835,618,160
988,-428,-537,41,1015,949,3547,5316,4336,1856,620,169
973,-422,-523,31,995,936,3549,5319,4352,1873,617,177
959,-416,-513,25,980,924,3553,5326,4371,1894,618,187
955,-408,-516,29,979,918,3566,5342,4395,1923,629,202
957,-402,-523,37,985,915,3579,5359,4416,1950,641,215
961,-400,-530,43,993,917,3590,5377,4433,1974,653,226
965,-401,-536,47,1000,921,3601,5398,4450,1999,665,236
967,-404,-537,47,1003,925,3612,5419,4466,2024,674,247
975,-410,-542,49,1011,934,3624,5445,4484,2050,686,257
982,-419,-545,49,1019,945,3633,5471,4498,2071,695,267
988,-429,-546,48,1023,955,3642,5495,4511,2091,701,275
991,-438,-546,47,1025,962,3650,5517,4523,2108,703,278
996,-445,-550,51,1031,969,3659,5540,4536,2124,703,279
1004,-453,-556,55,1040,979,3670,5557,4550,2140,701,280
1024,-459,-576,71,1067,995,3685,5578,4570,2164,706,286
1049,-468,-598,86,1097,1016,3698,5598,4590,2191,715,293
1071,-481,-612,93,1120,1037,3707,5615,4609,2216,720,298
1096,-494,-631,103,1149,1062,3716,5632,4629,2244,729,306
1117,-504,-646,111,1173,1081,3721,5648,4644,2266,735,311
1132,-510,-658,119,1190,1094,3725,5660,4659,2280,739,311
1149,-513,-675,132,1211,1105,3728,5673,4676,2290,745,312
1170,-515,-696,148,1239,1119,3730,5693,4695,2301,756,316
1193,-518,-717,161,1267,1135,3730,5711,4709,2308,765,319
1206,-520,-728,168,1283,1144,3730,5723,4720,2311,770,319
1215,-521,-735,172,1294,1149,3730,5733,4731,2317,776,319
1227,-522,-745,178,1308,1157,3732,5746,4745,2326,782,319
1240,-519,-758,187,1325,1163,3738,5760,4759,2335,789,322
1254,-514,-774,199,1344,1168,3747,5775,4776,2347,799,326
1261,-510,-780,203,1352,1168,3756,5783,4793,2359,808,331
1265,-505,-785,207,1358,1167,3770,5792,4811,2376,818,336
1274,-503,-792,210,1369,1171,3787,5804,4830,2396,828,342
1288,-505,-798,208,1382,1182,3806,5817,4849,2415,839,349
1300,-510,-800,202,1391,1192,3821,5830,4866,2432,849,354
1310,-514,-801,196,1398,1202,3831,5846,4884,2449,863,360
1312,-523,-788,176,1391,1210,3836,5858,4900,2460,871,361
1308,-530,-772,157,1378,1213,3842,5866,4918,2471,879,361
1304,-534,-758,141,1367,1215,3845,5875,4937,2483,888,362
1298,-536,-744,126,1353,1214,3844,5881,4955,2490,893,359
1293,-535,-735,117,1345,1212,3847,5890,4977,2501,895,361
1292,-533,-731,112,1342,1212,3852,5900,5001,2517,898,366
1289,-531,-727,108,1338,1212,3854,5911,5029,2536,904,375
1285,-531,-719,99,1330,1212,3856,5918,5057,2552,905,383
1286,-532,-716,94,1329,1216,3863,5926,5083,2571,907,389
1297,-530,-727,101,1345,1224,3878,5943,5113,2597,918,402
1312,-529,-741,110,1364,1235,3891,5964,5146,2625,934,416
1326,-530,-754,118,1383,1247,3901,5984,5178,2654,951,427
1343,-535,-765,121,1402,1263,3906,6003,5208,2680,967,438
1357,-543,-773,122,1416,1279,3909,6021,5234,2700,981,449
1378,-552,-786,126,1440,1300,3913,6043,5259,2727,1001,464
1396,-563,-797,129,1460,1319,3916,6064,5283,2754,1025,479
1410,-572,-804,130,1474,1334,3919,6082,5305,2778,1049,492
1421,-582,-810,131,1486,1347,3923,6103,5327,2803,1074,504
1436,-591,-820,135,1503,1362,3934,6129,5354,2832,1100,521
1451,-602,-830,138,1520,1378,3947,6151,5382,2858,1122,539
1478,-611,-852,151,1553,1400,3966,6180,5410,2886,1146,558
1508,-622,-878,164,1591,1426,3983,6212,5437,2910,1173,575
1532,-634,-896,172,1620,1447,4000,6242,5464,2934,1196,591
1559,-646,-916,181,1652,1471,4021,6279,5494,2967,1222,609
1582,-659,-931,186,1678,1492,4037,6315,5521,2992,1245,623
1601,-671,-943,188,1699,1510,4048,6349,5543,3005,1264,633
1620,-681,-956,193,1721,1528,4055,6382,5565,3017,1283,644
1644,-689,-977,203,1751,1547,4063,6419,5589,3031,1307,656
1666,-697,-995,212,1778,1564,4072,6458,5614,3045,1332,669
1678,-710,-997,206,1788,1579,4080,6491,5637,3056,1350,677
1684,-720,-995,200,1791,1587,4085,6517,5658,3070,1363,683
1688,-727,-995,196,1795,1592,4089,6541,5680,3083,1375,688
1695,-731,-1000,197,1802,1598,4094,6563,5702,3096,1386,693
1705,-737,-1007,198,1814,1608,4098,6586,5727,3109,1398,701
1712,-745,-1006,192,1818,1617,4098,6604,5750,3118,1409,709
1721,-752,-1010,189,1827,1627,4098,6623,5776,3133,1419,722
1735,-756,-1019,192,1842,1638,4102,6646,5803,3150,1431,740
1753,-759,-1035,200,1863,1652,4110,6667,5830,3166,1445,757
1766,-761,-1045,204,1878,1662,4117,6683,5854,3177,1459,773
1774,-759,-1054,210,1888,1667,4125,6698,5874,3191,1475,790
1775,-758,-1054,209,1888,1668,4128,6704,5888,3200,1483,803
1776,-756,-1054,209,1887,1668,4132,6706,5904,3212,1489,815
1781,-755,-1058,211,1892,1672,4138,6711,5923,3229,1500,830
1781,-752,-1058,211,1891,1673,4144,6714,5942,3243,1509,848
1783,-746,-1062,216,1894,1672,4151,6721,5963,3258,1522,868
1789,-738,-1071,225,1904,1674,4157,6733,5985,3272,1540,888
1796,-733,-1080,233,1913,1678,4161,6746,6007,3284,1559,907
1799,-726,-1084,238,1917,1678,4164,6757,6030,3298,1576,927
1801,-718,-1090,246,1922,1678,4170,6766,6056,3315,1593,945
1812,-705,-1110,266,1942,1679,4180,6777,6082,3335,1614,968
1825,-690,-1134,291,1967,1682,4195,6791,6109,3354,1637,989
1838,-676,-1157,316,1990,1683,4208,6806,6136,3375,1662,1010
1852,-664,-1179,338,2015,1688,4217,6821,6161,3394,1687,1028
1866,-656,-1198,357,2038,1693,4223,6835,6182,3410,1709,1043
1886,-648,-1223,379,2068,1703,4229,6859,6203,3433,1736,1061
1907,-648,-1242,393,2095,1718,4234,6888,6222,3453,1765,1079
1925,-655,-1253,399,2116,1735,4238,6917,6240,3470,1792,1096
1942,-665,-1260,399,2133,1753,4238,6942,6258,3487,1818,1111
1962,-677,-1267,398,2152,1774,4238,6965,6277,3504,1847,1128
1978,-688,-1274,398,2168,1792,4238,6985,6297,3519,1872,1143
2004,-698,-1292,407,2199,1814,4245,7011,6321,3542,1901,1161
2035,-712,-1311,414,2233,1842,4256,7037,6345,3567,1933,1180
2064,-729,-1326,416,2264,1871,4267,7054,6369,3594,1961,1199
2096,-746,-1345,420,2298,1902,4281,7072,6398,3629,1992,1220
2127,-765,-1360,421,2330,1932,4295,7090,6422,3656,2020,1239
2156,-783,-1376,421,2360,1961,4305,7106,6438,3674,2042,1254
2185,-796,-1396,428,2393,1986,4312,7122,6451,3693,2065,1270
2217,-806,-1423,441,2432,2011,4314,7141,6463,3713,2092,1289
2248,-817,-1447,450,2468,2036,4315,7160,6477,3732,2121,1309
2270,-833,-1458,446,2489,2059,4312,7173,6489,3749,2144,1325
2287,-848,-1465,440,2504,2078,4309,7183,6503,3767,2166,1339
2303,-860,-1472,436,2518,2094,4304,7189,6516,3790,2187,1352
2317,-867,-1482,436,2533,2107,4299,7189,6527,3810,2202,1364
2334,-871,-1498,441,2553,2119,4291,7190,6535,3827,2217,1374
2345,-876,-1507,440,2565,2129,4279,7184,6539,3834,2225,1380
2358,-882,-1515,437,2577,2141,4269,7180,6546,3837,2233,1388
2374,-891,-1523,431,2590,2157,4258,7180,6555,3841,2243,1398
2393,-901,-1532,426,2608,2177,4247,7184,6562,3847,2252,1408
2410,-910,-1540,420,2623,2195,4233,7185,6567,3853,2259,1415
2429,-917,-1549,416,2639,2213,4219,7189,6572,3864,2270,1424
2436,-923,-1547,404,2641,2223,4204,7182,6574,3869,2274,1432
2437,-925,-1542,394,2637,2227,4192,7173,6579,3875,2272,1440
2443,-926,-1542,389,2640,2233,4184,7168,6587,3885,2275,1449
2442,-925,-1537,381,2636,2235,4180,7161,6596,3892,2278,1456
2442,-921,-1535,380,2635,2235,4180,7158,6609,3905,2286,1467
2450,-917,-1541,383,2644,2241,4183,7161,6620,3926,2298,1478
2460,-914,-1549,388,2657,2249,4186,7162,6630,3946,2308,1488
2467,-912,-1552,389,2666,2257,4186,7156,6642,3969,2314,1497
2476,-910,-1557,393,2676,2265,4187,7149,6657,4000,2321,1510
2492,-905,-1573,408,2700,2276,4196,7147,6675,4037,2333,1529
2511,-899,-1593,426,2728,2289,4207,7150,6690,4066,2347,1547
2527,-895,-1608,441,2751,2300,4218,7155,6701,4086,2363,1563
2539,-891,-1622,456,2770,2308,4228,7161,6710,4097,2379,1577
2547,-887,-1632,469,2785,2313,4238,7170,6718,4104,2393,1590
2562,-882,-1650,489,2810,2322,4248,7186,6726,4114,2412,1604
2576,-878,-1669,510,2834,2330,4256,7197,6736,4127,2432,1616
2586,-873,-1684,528,2854,2335,4263,7202,6746,4143,2452,1629
2594,-870,-1696,544,2869,2338,4268,7203,6757,4163,2470,1644
2601,-868,-1708,560,2885,2340,4273,7203,6770,4186,2490,1663
2608,-867,-1718,573,2899,2343,4272,7195,6778,4200,2505,1680
2622,-865,-1738,593,2924,2351,4267,7188,6786,4215,2522,1699
2642,-866,-1760,611,2953,2363,4259,7179,6792,4231,2543,1720
2656,-869,-1775,623,2974,2372,4249,7164,6795,4244,2561,1734
2673,-870,-1794,639,2999,2382,4238,7154,6801,4258,2579,1747
2689,-875,-1811,650,3021,2393,4227,7148,6806,4270,2596,1757
2701,-879,-1822,656,3036,2402,4217,7142,6809,4278,2611,1767
2714,-882,-1835,664,3053,2410,4208,7134,6814,4286,2628,1778
2732,-885,-1853,674,3076,2422,4201,7127,6819,4297,2649,1789
2749,-887,-1870,684,3098,2433,4193,7117,6820,4305,2667,1797
2757,-893,-1874,680,3104,2441,4178,7096,6812,4302,2674,1799
2762,-903,-1872,671,3105,2449,4162,7071,6800,4293,2676,1799
2770,-911,-1872,663,3108,2459,4145,7047,6789,4286,2677,1803
2778,-915,-1876,660,3113,2466,4129,7026,6781,4285,2681,1809
2790,-917,-1886,662,3125,2475,4114,7008,6777,4291,2689,1816
2798,-921,-1889,657,3130,2483,4098,6988,6773,4292,2693,1820
2809,-924,-1894,655,3138,2492,4087,6970,6772,4296,2697,1823
2821,-926,-1903,655,3148,2501,4078,6954,6772,4299,2700,1828
2833,-925,-1913,659,3160,2508,4069,6933,6771,4299,2700,1833
2842,-924,-1921,660,3169,2514,4055,6906,6763,4296,2699,1838
2850,-921,-1929,663,3176,2517,4038,6880,6754,4295,2700,1843
2847,-917,-1928,662,3171,2512,4019,6850,6742,4293,2697,1846
2838,-909,-1925,662,3161,2502,4001,6820,6733,4293,2689,1851
2833,-896,-1929,671,3159,2490,3985,6792,6723,4295,2686,1858
2823,-884,-1929,677,3151,2475,3970,6761,6713,4291,2679,1864
2815,-871,-1932,685,3146,2461,3961,6735,6708,4292,2676,1872
2809,-860,-1935,694,3144,2450,3955,6714,6707,4299,2679,1885
2805,-854,-1936,699,3141,2442,3950,6692,6708,4308,2684,1896
2799,-853,-1931,696,3134,2437,3942,6665,6711,4317,2685,1904
2796,-855,-1925,693,3129,2436,3934,6641,6717,4329,2686,1913
2803,-856,-1932,698,3139,2440,3931,6623,6726,4343,2694,1926
2814,-858,-1941,706,3154,2448,3927,6604,6731,4352,2705,1940
2824,-861,-1949,712,3168,2457,3918,6579,6730,4357,2715,1951
2831,-866,-1953,714,3178,2465,3908,6550,6725,4361,2724,1962
2833,-873,-1950,710,3179,2470,3895,6515,6713,4359,2729,1969
2842,-882,-1953,711,3190,2483,3880,6484,6700,4354,2736,1976
2855,-893,-1956,709,3204,2499,3862,6454,6687,4346,2741,1982
2865,-906,-1955,704,3212,2514,3844,6424,6672,4336,2746,1988
2868,-918,-1948,696,3213,2525,3827,6395,6657,4323,2751,1992
2872,-928,-1944,690,3216,2535,3812,6369,6641,4314,2754,1998
2875,-938,-1940,685,3217,2543,3797,6339,6622,4302,2754,2000
2886,-944,-1947,690,3231,2555,3783,6311,6602,4295,2761,2004
2902,-951,-1958,695,3250,2571,3769,6284,6583,4291,2773,2012
2911,-959,-1961,694,3259,2583,3752,6251,6563,4283,2783,2020
2920,-963,-1967,699,3270,2591,3736,6218,6541,4274,2795,2030
2923,-966,-1970,701,3275,2596,3719,6182,6518,4265,2805,2035
2923,-968,-1970,701,3275,2598,3698,6144,6493,4254,2810,2039
2925,-968,-1973,704,3277,2600,3678,6107,6469,4243,2816,2042
2934,-968,-1983,711,3289,2606,3662,6075,6447,4240,2828,2047
2943,-969,-1995,718,3302,2613,3648,6042,6428,4241,2842,2055
2944,-969,-1997,719,3302,2614,3628,6002,6409,4238,2849,2062
2936,-967,-1992,716,3291,2607,3603,5957,6388,4231,2848,2067
2926,-962,-1988,714,3280,2597,3575,5912,6364,4220,2844,2070
2917,-957,-1985,714,3270,2587,3546,5866,6338,4205,2837,2073
2911,-951,-1987,716,3264,2579,3517,5820,6313,4191,2830,2076
2899,-946,-1980,711,3249,2568,3484,5768,6285,4171,2817,2075
2887,-940,-1975,709,3235,2555,3447,5715,6256,4151,2803,2072
2878,-933,-1973,707,3225,2545,3410,5665,6227,4133,2791,2070
2872,-929,-1971,706,3217,2538,3374,5619,6199,4116,2784,2073
2863,-923,-1968,703,3207,2527,3338,5572,6171,4097,2780,2078
2854,-917,-1965,702,3197,2517,3303,5529,6143,4079,2779,2084
2839,-914,-1951,690,3176,2505,3267,5479,6113,4060,2775,2087
2817,-908,-1934,680,3150,2486,3234,5425,6083,4043,2766,2087
2800,-899,-1925,676,3132,2468,3205,5376,6057,4035,2759,2089
2779,-891,-1909,669,3107,2448,3172,5324,6030,4025,2749,2087
2759,-881,-1897,665,3086,2428,3139,5272,6003,4015,2737,2087
2744,-872,-1889,664,3072,2411,3108,5221,5977,4004,2727,2088
2728,-862,-1879,662,3055,2394,3078,5169,5947,3993,2715,2089
2708,-854,-1864,657,3034,2375,3051,5115,5917,3978,2698,2092
2689,-846,-1850,652,3014,2357,3025,5066,5891,3966,2683,2097
2680,-836,-1848,657,3008,2344,3003,5021,5866,3962,2677,2106
2678,-827,-1850,665,3011,2337,2981,4977,5838,3957,2675,2117
2677,-820,-1853,672,3014,2331,2956,4929,5808,3950,2674,2125
2677,-814,-1856,678,3018,2327,2928,4879,5776,3944,2670,2130
2673,-809,-1853,682,3017,2321,2899,4826,5741,3937,2662,2129
2673,-804,-1856,689,3021,2317,2871,4779,5706,3931,2661,2129
2672,-800,-1855,693,3022,2314,2842,4734,5671,3923,2661,2130
2665,-795,-1851,696,3016,2305,2811,4684,5636,3911,2658,2129
2650,-787,-1843,699,3004,2289,2773,4629,5601,3893,2652,2123
2634,-776,-1836,705,2990,2271,2736,4573,5567,3872,2647,2115
2618,-767,-1829,709,2976,2253,2704,4512,5533,3847,2641,2106
2608,-756,-1831,720,2973,2240,2679,4456,5498,3824,2640,2100
2602,-744,-1838,736,2975,2227,2654,4405,5462,3803,2644,2095
2592,-734,-1839,746,2971,2213,2624,4348,5423,3779,2643,2087
2586,-725,-1846,760,2972,2203,2594,4293,5385,3756,2643,2080
2582,-719,-1851,770,2973,2195,2560,4235,5342,3729,2639,2073
2575,-714,-1853,775,2969,2187,2523,4175,5299,3702,2632,2066
2568,-711,-1855,781,2966,2180,2487,4115,5256,3681,2625,2060
2566,-709,-1859,786,2966,2177,2451,4061,5215,3663,2624,2055
2564,-711,-1861,787,2966,2177,2414,4007,5171,3643,2620,2052
2553,-716,-1850,777,2950,2173,2375,3948,5122,3615,2610,2045
2535,-720,-1833,762,2924,2163,2332,3887,5067,3582,2593,2036
2517,-723,-1819,750,2901,2153,2292,3823,5012,3552,2575,2025
2500,-723,-1806,740,2878,2142,2252,3757,4958,3525,2554,2013
2485,-724,-1794,731,2858,2133,2213,3694,4908,3501,2536,2005
2464,-726,-1773,713,2827,2121,2170,3626,4856,3475,2514,1995
2442,-723,-1756,700,2798,2105,2125,3557,4801,3448,2490,1984
2421,-719,-1740,689,2771,2090,2082,3488,4746,3415,2467,1974
2404,-719,-1722,674,2745,2081,2043,3419,4689,3381,2445,1965
2383,-720,-1699,654,2713,2069,2005,3351,4630,3344,2423,1957
2362,-717,-1677,637,2682,2055,1967,3289,4570,3306,2404,1947
2334,-715,-1647,616,2641,2037,1926,3223,4508,3262,2379,1930
2297,-708,-1613,595,2592,2009,1881,3154,4446,3216,2348,1909
2263,-697,-1585,580,2549,1981,1835,3090,4388,3177,2321,1890
2225,-685,-1552,564,2500,1950,1786,3023,4329,3137,2293,1869
2188,-671,-1523,552,2455,1918,1742,2953,4273,3105,2264,1852
2157,-657,-1501,544,2420,1890,1700,2882,4221,3081,2239,1838
2128,-645,-1478,537,2385,1863,1659,2812,4166,3054,2212,1826
2095,-631,-1454,529,2348,1833,1620,2739,4110,3020,2180,1812
2067,-618,-1434,524,2317,1806,1582,2669,4054,2983,2147,1800
2049,-603,-1427,529,2301,1785,1549,2608,4004,2956,2121,1793
2034,-589,-1422,536,2290,1765,1517,2551,3956,2929,2103,1788
2014,-574,-1414,542,2274,1741,1485,2493,3907,2899,2086,1782
1993,-561,-1406,547,2257,1717,1455,2434,3853,2861,2067,1772
1967,-548,-1392,548,2233,1690,1429,2373,3799,2818,2045,1760
1944,-535,-1383,553,2216,1664,1410,2318,3746,2782,2031,1747
1919,-523,-1370,555,2194,1637,1390,2261,3688,2747,2018,1731
1890,-514,-1353,552,2167,1609,1366,2202,3627,2707,2003,1715
1861,-508,-1332,545,2138,1584,1338,2138,3564,2664,1981,1697
1836,-503,-1315,539,2114,1562,1310,2076,3500,2623,1959,1681
1813,-502,-1296,531,2089,1543,1282,2010,3435,2582,1934,1664
1795,-500,-1285,528,2074,1527,1258,1951,3372,2544,1916,1650
1786,-498,-1281,529,2068,1516,1233,1899,3311,2508,1903,1635
1772,-499,-1272,525,2055,1506,1205,1842,3250,2467,1886,1618
1763,-499,-1267,524,2047,1498,1179,1787,3191,2428,1869,1599
1752,-500,-1259,520,2036,1489,1151,1729,3128,2387,1849,1573
1736,-500,-1248,514,2019,1477,1120,1668,3061,2341,1823,1545
1720,-497,-1238,510,2002,1464,1090,1607,2995,2294,1796,1518
1705,-491,-1232,511,1988,1449,1064,1553,2931,2253,1773,1495
1688,-485,-1224,511,1971,1434,1038,1500,2868,2212,1750,1473
1664,-485,-1203,498,1939,1418,1007,1441,2800,2164,1719,1445
1636,-487,-1174,477,1899,1402,972,1380,2728,2113,1680,1415
1609,-487,-1148,459,1861,1385,934,1318,2655,2064,1640,1386
1582,-486,-1124,444,1825,1367,897,1253,2580,2020,1600,1357
1559,-480,-1106,435,1794,1349,863,1191,2507,1977,1563,1329
1527,-475,-1079,420,1751,1326,826,1124,2432,1923,1520,1299
1493,-465,-1053,407,1707,1298,789,1055,2358,1869,1474,1269
1463,-454,-1032,399,1668,1272,751,987,2287,1817,1428,1241
1434,-441,-1014,394,1633,1246,717,920,2216,1757,1383,1212
1406,-430,-995,386,1597,1221,682,852,2144,1695,1339,1182
1374,-418,-973,378,1557,1193,650,787,2072,1637,1298,1155
1336,-411,-938,357,1505,1165,617,719,1997,1576,1254,1126
1290,-403,-897,333,1443,1131,586,647,1922,1517,1207,1097
1249,-391,-864,317,1390,1097,556,579,1850,1466,1164,1070
1203,-379,-827,298,1333,1060,526,510,1779,1417,1121,1044
1162,-365,-796,284,1282,1025,500,442,1712,1372,1079,1019
1129,-350,-775,279,1245,994,476,380,1650,1330,1040,996
1100,-339,-755,272,1211,969,451,316,1592,1289,1002,975
1066,-329,-728,260,1171,941,422,245,1533,1244,960,950
1033,-318,-703,250,1132,912,394,171,1473,1198,917,922
1009,-305,-691,250,1109,889,376,106,1415,1157,879,897
992,-292,-685,254,1095,869,364,50,1357,1118,848,878
976,-283,-676,255,1080,853,355,0,1299,1075,819,860
962,-279,-665,250,1065,840,345,-50,1240,1030,791,840
942,-278,-646,239,1042,826,330,-105,1176,982,759,813
925,-275,-631,231,1024,811,316,-155,1115,941,731,787
904,-272,-613,221,1001,795,301,-203,1054,902,708,761
878,-270,-589,208,971,775,283,-253,994,859,682,734
845,-265,-563,194,936,749,259,-303,933,810,653,701
815,-260,-539,183,903,724,235,-348,873,764,625,670
785,-255,-515,171,871,699,210,-392,811,717,596,639
763,-248,-502,168,849,677,187,-432,753,670,570,611
748,-241,-496,169,838,661,165,-469,697,630,549,586
729,-237,-483,164,819,644,145,-509,641,590,523,559
715,-234,-475,162,806,630,128,-547,590,554,499,535
699,-232,-463,156,788,617,112,-583,538,516,474,512
680,-231,-448,147,766,602,98,-622,481,471,446,487
661,-229,-434,140,744,587,85,-661,421,423,417,462
645,-226,-424,136,727,573,74,-698,364,379,393,440
626,-220,-413,134,706,555,62,-735,307,335,369,418
599,-216,-392,123,673,534,44,-783,247,286,339,392
568,-214,-365,108,634,512,23,-839,189,237,307,363
541,-211,-342,94,598,492,1,-896,130,190,274,335
516,-209,-321,82,566,474,-20,-952,70,144,239,309
494,-205,-304,72,538,458,-37,-1005,14,101,208,284
466,-203,-277,55,500,439,-54,-1064,-43,52,171,257
437,-202,-249,36,460,421,-67,-1120,-99,5,133,232
412,-202,-223,17,423,405,-75,-1172,-153,-38,98,208
392,-201,-202,2,394,393,-79,-1220,-210,-80,63,184
370,-197,-182,-12,364,379,-86,-1269,-271,-124,28,157
350,-192,-163,-22,337,364,-96,-1315,-329,-164,-4,134
322,-189,-136,-41,298,346,-108,-1363,-386,-206,-35,108
288,-186,-101,-65,250,324,-121,-1415,-441,-249,-73,80
258,-180,-72,-82,210,302,-132,-1460,-493,-285,-106,58
224,-173,-42,-100,166,277,-144,-1503,-545,-325,-139,37
191,-164,-13,-115,124,251,-155,-1543,-595,-365,-171,16
162,-157,13,-129,87,229,-164,-1577,-642,-400,-200,-2
135,-154,40,-146,51,210,-170,-1611,-689,-436,-228,-20
107,-153,71,-167,11,191,-173,-1649,-736,-468,-260,-39
78,-152,100,-185,-27,170,-173,-1686,-781,-496,-293,-59
57,-145,115,-190,-50,151,-168,-1716,-820,-514,-320,-75
45,-136,119,-186,-60,135,-163,-1741,-856,-531,-342,-91
32,-127,123,-182,-70,119,-157,-1763,-890,-546,-362,-106
15,-118,129,-178,-84,99,-155,-1783,-925,-564,-381,-120
-10,-108,140,-176,-106,73,-158,-1808,-962,-590,-402,-138
-27,-96,141,-167,-117,49,-160,-1831,-1000,-616,-420,-155
-44,-85,143,-158,-128,26,-164,-1856,-1037,-642,-437,-171
-65,-75,150,-153,-145,2,-168,-1884,-1073,-666,-453,-187
-89,-69,161,-153,-166,-22,-171,-1912,-1111,-695,-472,-205
-107,-66,171,-155,-183,-40,-175,-1939,-1149,-725,-489,-221
-123,-68,184,-162,-201,-54,-181,-1968,-1187,-758,-510,-237
-134,-70,191,-164,-212,-63,-186,-1994,-1220,-791,-528,-251
-135,-76,192,-166,-212,-64,-194,-2013,-1251,-822,-537,-262
-140,-83,199,-174,-220,-66,-206,-2037,-1282,-857,-550,-276
-141,-90,201,-178,-221,-64,-216,-2059,-1311,-887,-562,-289
-143,-97,207,-185,-226,-62,-226,-2083,-1342,-912,-572,-301
-151,-103,217,-196,-239,-65,-238,-2108,-1374,-937,-584,-311
-161,-105,226,-203,-251,-71,-249,-2133,-1407,-957,-596,-321
-167,-102,227,-201,-256,-77,-258,-2154,-1438,-968,-605,-330
-174,-95,227,-198,-262,-85,-267,-2173,-1471,-981,-612,-340
-192,-89,238,-203,-283,-99,-277,-2195,-1504,-1002,-625,-355
-214,-84,257,-215,-311,-115,-286,-2216,-1537,-1025,-641,-373
-238,-79,278,-228,-341,-131,-298,-2236,-1571,-1050,-660,-393
-260,-74,298,-240,-371,-145,-311,-2255,-1604,-1072,-682,-413
-277,-68,314,-250,-394,-156,-324,-2274,-1635,-1094,-702,-434
-301,-67,341,-271,-429,-168,-338,-2300,-1668,-1125,-726,-457
-321,-68,368,-293,-462,-176,-350,-2328,-1700,-1154,-750,-479
-338,-70,392,-313,-491,-181,-360,-2355,-1729,-1186,-774,-499
-347,-72,410,-329,-510,-181,-366,-2381,-1755,-1214,-795,-519
-354,-75,425,-344,-527,-179,-374,-2410,-1784,-1246,-815,-541
-358,-75,437,-355,-539,-177,-383,-2432,-1811,-1279,-833,-561
-370,-76,456,-371,-561,-180,-394,-2454,-1842,-1309,-851,-582
-393,-72,482,-387,-595,-195,-405,-2478,-1870,-1338,-875,-602
-414,-64,501,-397,-622,-211,-411,-2498,-1893,-1360,-895,-617
-438,-56,524,-408,-654,-230,-419,-2522,-1917,-1386,-919,-634
-464,-46,545,-418,-686,-251,-428,-2550,-1944,-1415,-941,-652
-487,-35,563,-423,-714,-272,-437,-2578,-1971,-1440,-959,-666
-509,-25,580,-429,-741,-292,-447,-2605,-1997,-1463,-977,-677
-531,-19,600,-438,-767,-310,-457,-2629,-2023,-1484,-999,-690
-549,-15,616,-446,-790,-325,-463,-2646,-2043,-1499,-1020,-702
-557,-9,620,-444,-797,-335,-461,-2652,-2055,-1503,-1034,-708
-556,-5,617,-438,-793,-339,-453,-2653,-2063,-1501,-1040,-712
-554,-5,615,-436,-790,-339,-441,-2651,-2071,-1496,-1042,-712
-551,-11,616,-438,-787,-336,-433,-2650,-2079,-1491,-1045,-709
-553,-19,625,-447,-793,-335,-431,-2655,-2090,-1492,-1054,-709
-550,-26,624,-448,-789,-332,-429,-2654,-2104,-1491,-1059,-707
-546,-33,624,-450,-784,-328,-425,-2649,-2119,-1496,-1060,-707
-548,-39,625,-452,-785,-330,-427,-2646,-2133,-1505,-1063,-710
-556,-44,631,-456,-793,-337,-434,-2646,-2147,-1516,-1067,-714
-566,-45,637,-457,-801,-347,-439,-2645,-2158,-1527,-1072,-714
-577,-46,641,-457,-809,-358,-440,-2646,-2171,-1542,-1080,-713
-583,-42,636,-448,-809,-369,-438,-2644,-2181,-1555,-1086,-710
-581,-39,622,-434,-797,-374,-431,-2633,-2186,-1560,-1086,-706
-582,-37,614,-425,-792,-380,-425,-2626,-2192,-1565,-1090,-705
-578,-35,601,-412,-779,-382,-417,-2618,-2196,-1568,-1091,-705
-573,-34,589,-402,-767,-382,-414,-2611,-2203,-1574,-1094,-707
-575,-33,583,-395,-764,-386,-416,-2610,-2214,-1584,-1101,-714
-576,-30,576,-388,-760,-390,-419,-2614,-2228,-1594,-1109,-723
-572,-26,564,-377,-748,-390,-421,-2618,-2239,-1604,-1113,-729
-569,-23,555,-368,-740,-390,-426,-2622,-2251,-1611,-1112,-733
-573,-22,556,-367,-743,-393,-437,-2632,-2266,-1624,-1117,-742
-583,-19,562,-370,-754,-400,-452,-2649,-2285,-1641,-1128,-757
-593,-15,567,-372,-765,-408,-463,-2665,-2303,-1657,-1138,-771
-602,-13,573,-375,-775,-413,-473,-2677,-2317,-1671,-1147,-780
-606,-9,576,-376,-780,-415,-479,-2681,-2329,-1678,-1151,-786
-614,-11,588,-387,-795,-417,-485,-2688,-2342,-1687,-1159,-792
-623,-13,602,-400,-811,-418,-488,-2693,-2355,-1695,-1170,-799
-630,-13,614,-411,-824,-418,-490,-2697,-2366,-1701,-1180,-805
-631,-15,621,-420,-831,-414,-493,-2703,-2376,-1705,-1188,-808
-633,-18,634,-433,-842,-409,-498,-2712,-2388,-1712,-1197,-811
-631,-25,645,-448,-850,-400,-501,-2716,-2399,-1716,-1205,-815
-631,-35,663,-470,-862,-388,-504,-2722,-2409,-1722,-1214,-823
-640,-43,688,-497,-887,-384,-508,-2734,-2420,-1730,-1229,-834
-645,-48,707,-516,-904,-379,-510,-2739,-2426,-1731,-1237,-840
-655,-51,729,-536,-926,-379,-512,-2743,-2430,-1730,-1245,-848
-665,-51,748,-553,-947,-382,-514,-2743,-2432,-1726,-1254,-856
-673,-49,762,-563,-963,-385,-517,-2738,-2432,-1721,-1261,-861
-684,-44,775,-571,-979,-392,-519,-2734,-2433,-1717,-1267,-864
-700,-36,791,-579,-1000,-405,-522,-2735,-2435,-1717,-1277,-866
-716,-29,805,-585,-1020,-418,-523,-2739,-2436,-1715,-1288,-868
-722,-22,808,-584,-1026,-425,-520,-2739,-2432,-1706,-1291,-867
-720,-17,805,-579,-1022,-426,-516,-2734,-2425,-1697,-1287,-864
-719,-13,801,-573,-1018,-428,-511,-2728,-2420,-1688,-1282,-860
-716,-13,797,-570,-1013,-428,-507,-2725,-2417,-1681,-1276,-859
-720,-12,798,-568,-1016,-433,-504,-2725,-2417,-1681,-1278,-862
-718,-11,792,-561,-1009,-434,-499,-2718,-2417,-1681,-1277,-866
-714,-14,787,-557,-1002,-434,-495,-2708,-2419,-1682,-1276,-869
-710,-23,785,-558,-997,-430,-492,-2701,-2419,-1682,-1276,-869
-710,-34,789,-563,-999,-427,-490,-2694,-2417,-1683,-1276,-868
-710,-47,794,-570,-1001,-424,-487,-2683,-2411,-1681,-1273,-866
-706,-63,798,-579,-1001,-416,-483,-2672,-2403,-1677,-1272,-864
-696,-78,793,-582,-991,-406,-481,-2663,-2396,-1672,-1268,-863
-676,-92,777,-575,-966,-390,-479,-2649,-2389,-1659,-1257,-856
-663,-104,765,-570,-950,-379,-480,-2641,-2386,-1652,-1250,-854
-648,-112,749,-560,-929,-369,-480,-2629,-2383,-1646,-1242,-851
-632,-121,733,-551,-908,-359,-478,-2614,-2378,-1639,-1230,-845
-621,-130,723,-547,-894,-351,-477,-2601,-2372,-1629,-1221,-841
-610,-138,712,-542,-880,-343,-477,-2590,-2364,-1617,-1212,-837
-595,-144,697,-534,-860,-333,-475,-2578,-2358,-1605,-1199,-832
-578,-149,681,-525,-839,-322,-475,-2569,-2356,-1598,-1186,-826
-571,-156,677,-525,-832,-316,-479,-2567,-2358,-1599,-1177,-821
-572,-160,681,-530,-836,-315,-486,-2570,-2358,-1606,-1173,-819
-575,-160,684,-534,-841,-318,-491,-2572,-2355,-1614,-1171,-818
-576,-159,686,-535,-844,-320,-494,-2576,-2354,-1621,-1174,-817
-573,-157,683,-534,-840,-318,-493,-2576,-2349,-1619,-1172,-811
-576,-158,691,-542,-847,-318,-492,-2579,-2345,-1617,-1177,-809
-581,-157,699,-549,-856,-319,-491,-2586,-2346,-1619,-1187,-811
-584,-154,705,-555,-863,-320,-489,-2592,-2347,-1623,-1195,-816
-586,-149,708,-558,-866,-320,-483,-2594,-2347,-1627,-1200,-822
-591,-145,715,-564,-874,-322,-477,-2596,-2346,-1630,-1206,-829
-598,-137,720,-566,-882,-327,-470,-2594,-2347,-1631,-1210,-834
-607,-131,730,-574,-894,-330,-468,-2595,-2352,-1637,-1214,-839
-623,-126,747,-586,-917,-339,-469,-2601,-2356,-1643,-1223,-845
-636,-117,757,-590,-932,-348,-470,-2604,-2355,-1640,-1228,-847
-653,-108,771,-598,-952,-358,-475,-2606,-2356,-1639,-1235,-852
-668,-99,783,-603,-970,-368,-478,-2608,-2354,-1643,-1240,-853
-680,-90,790,-604,-983,-376,-478,-2607,-2347,-1644,-1240,-851
-691,-81,797,-605,-994,-384,-478,-2604,-2335,-1641,-1240,-847
-705,-73,805,-607,-1009,-394,-479,-2608,-2324,-1637,-1244,-847
-715,-64,808,-604,-1018,-403,-481,-2619,-2313,-1632,-1250,-848
-715,-51,796,-588,-1009,-407,-479,-2623,-2302,-1620,-1249,-844
-704,-38,772,-564,-986,-406,-474,-2619,-2288,-1601,-1242,-835
-690,-28,748,-541,-961,-402,-472,-2612,-2272,-1584,-1232,-823
-676,-21,726,-521,-938,-396,-470,-2604,-2257,-1575,-1222,-814
-667,-16,709,-506,-920,-393,-468,-2597,-2247,-1569,-1218,-809
-655,-11,689,-487,-899,-389,-463,-2584,-2237,-1556,-1210,-804
-646,-8,674,-473,-883,-387,-459,-2570,-2229,-1546,-1201,-802
-642,-7,664,-463,-873,-387,-455,-2556,-2223,-1539,-1195,-803
-641,-9,661,-459,-871,-389,-453,-2547,-2217,-1536,-1191,-807
-640,-11,657,-455,-868,-391,-452,-2539,-2208,-1532,-1187,-811
-639,-15,655,-453,-865,-392,-450,-2535,-2198,-1527,-1185,-814
-630,-20,647,-449,-854,-388,-444,-2528,-2188,-1522,-1182,-815
-610,-30,630,-441,-829,-373,-436,-2511,-2176,-1513,-1170,-814
-595,-40,621,-439,-813,-363,-433,-2500,-2169,-1512,-1163,-816
-578,-47,607,-431,-792,-353,-430,-2487,-2161,-1511,-1154,-815
-562,-51,592,-422,-771,-345,-428,-2476,-2154,-1511,-1145,-814
-549,-58,583,-419,-756,-337,-428,-2469,-2150,-1513,-1141,-816
-534,-66,574,-416,-740,-327,-426,-2462,-2143,-1508,-1135,-813
-517,-73,562,-412,-721,-315,-422,-2449,-2135,-1500,-1123,-807
-498,-80,550,-408,-701,-301,-420,-2433,-2128,-1497,-1109,-802
-488,-87,548,-411,-693,-293,-421,-2423,-2129,-1499,-1101,-801
-487,-93,554,-419,-696,-290,-423,-2419,-2132,-1500,-1098,-804
-485,-97,556,-424,-697,-288,-424,-2415,-2130,-1498,-1097,-805
-484,-97,558,-425,-698,-288,-424,-2410,-2127,-1494,-1097,-805
-477,-94,551,-420,-688,-285,-420,-2401,-2121,-1488,-1094,-800
-474,-93,550,-419,-686,-284,-420,-2399,-2116,-1488,-1098,-800
-471,-91,549,-419,-683,-281,-419,-2399,-2111,-1489,-1106,-799
-463,-93,546,-420,-675,-273,-416,-2399,-2106,-1490,-1114,-797
-449,-98,540,-420,-661,-258,-410,-2399,-2102,-1489,-1119,-794
-439,-102,538,-423,-652,-246,-402,-2401,-2100,-1489,-1123,-793
-431,-106,537,-426,-646,-235,-396,-2398,-2100,-1486,-1126,-791
-424,-114,542,-436,-644,-222,-395,-2396,-2101,-1486,-1129,-791
-428,-123,558,-453,-656,-215,-398,-2403,-2105,-1490,-1139,-797
-426,-130,566,-463,-660,-206,-403,-2409,-2106,-1488,-1144,-801
-432,-133,578,-475,-671,-204,-409,-2416,-2103,-1484,-1147,-800
-440,-134,588,-482,-682,-206,-413,-2421,-2094,-1475,-1148,-799
-445,-130,592,-483,-687,-207,-413,-2421,-2083,-1464,-1147,-794
-454,-124,596,-482,-694,-214,-412,-2421,-2070,-1453,-1145,-790
-471,-114,604,-482,-711,-229,-411,-2427,-2059,-1445,-1145,-784
-490,-104,613,-481,-729,-246,-408,-2433,-2051,-1437,-1147,-776
-499,-95,613,-476,-735,-255,-397,-2432,-2039,-1422,-1145,-767
-497,-89,604,-466,-727,-254,-382,-2420,-2025,-1405,-1135,-753
-494,-87,597,-460,-720,-251,-366,-2404,-2012,-1392,-1125,-740
-488,-88,591,-457,-713,-245,-353,-2386,-1999,-1383,-1114,-728
-486,-92,590,-459,-711,-239,-343,-2375,-1989,-1381,-1106,-718
-480,-93,583,-456,-703,-233,-336,-2366,-1981,-1375,-1093,-708
-474,-96,576,-453,-695,-227,-330,-2358,-1978,-1369,-1079,-700
-471,-97,571,-448,-690,-226,-328,-2351,-1976,-1368,-1068,-692
-472,-96,567,-444,-689,-229,-328,-2344,-1974,-1367,-1060,-686
-470,-95,560,-438,-684,-230,-327,-2330,-1968,-1362,-1050,-678
-466,-96,552,-433,-677,-229,-328,-2317,-1960,-1358,-1043,-671
-459,-93,537,-420,-664,-230,-327,-2302,-1953,-1351,-1035,-665
-440,-88,511,-398,-635,-225,-325,-2281,-1943,-1341,-1018,-656
-425,-87,490,-383,-612,-219,-327,-2266,-1936,-1338,-1005,-651
-406,-85,467,-366,-585,-211,-325,-2251,-1929,-1331,-990,-648
-385,-88,446,-353,-558,-200,-324,-2235,-1924,-1325,-978,-646
-366,-94,430,-346,-536,-187,-327,-2223,-1920,-1328,-970,-647
-349,-99,415,-339,-514,-176,-327,-2211,-1916,-1333,-962,-650
-333,-98,398,-327,-493,-170,-326,-2196,-1910,-1330,-952,-653
-321,-98,384,-317,-476,-165,-324,-2181,-1905,-1325,-939,-654
-315,-103,383,-320,-471,-161,-326,-2170,-1904,-1327,-930,-657
-316,-110,392,-331,-478,-159,-329,-2162,-1905,-1330,-925,-662
-319,-116,402,-342,-486,-159,-329,-2151,-1903,-1327,-922,-665
-325,-120,414,-353,-497,-161,-328,-2143,-1898,-1321,-922,-669
-327,-121,419,-358,-501,-163,-326,-2136,-1893,-1311,-922,-672
-335,-123,432,-368,-514,-167,-327,-2137,-1890,-1305,-926,-676
-342,-126,445,-380,-526,-168,-330,-2141,-1887,-1302,-931,-679
-344,-130,454,-389,-532,-166,-334,-2145,-1883,-1302,-936,-681
-339,-132,455,-392,-528,-159,-337,-2150,-1879,-1302,-939,-678
-334,-131,453,-391,-522,-154,-339,-2159,-1876,-1306,-944,-674
-327,-130,450,-389,-515,-147,-339,-2162,-1871,-1305,-947,-669
-322,-131,451,-392,-511,-139,-339,-2163,-1868,-1301,-948,-666
-327,-133,464,-403,-521,-137,-339,-2167,-1866,-1305,-956,-667
-329,-130,468,-404,-524,-137,-332,-2168,-1861,-1306,-958,-662
-333,-127,473,-406,-531,-139,-324,-2170,-1856,-1309,-960,-658
-339,-120,476,-404,-536,-143,-315,-2173,-1847,-1307,-958,-652
-339,-114,476,-400,-535,-145,-301,-2172,-1832,-1297,-947,-641
-341,-111,478,-400,-538,-146,-287,-2171,-1819,-1289,-935,-635
-348,-110,485,-403,-547,-150,-280,-2174,-1808,-1287,-931,-634
-357,-105,492,-404,-557,-158,-274,-2174,-1799,-1285,-933,-635
-357,-98,485,-395,-553,-162,-263,-2167,-1786,-1278,-930,-631
-343,-94,467,-379,-532,-157,-251,-2154,-1772,-1268,-922,-623
-328,-92,449,-365,-510,-148,-241,-2146,-1760,-1262,-912,-616
-313,-93,435,-354,-491,-140,-236,-2140,-1750,-1253,-902,-610
-306,-97,429,-351,-483,-135,-237,-2140,-1744,-1241,-897,-608
-296,-100,419,-345,-470,-129,-238,-2137,-1739,-1227,-891,-606
-288,-102,409,-337,-458,-125,-243,-2135,-1738,-1220,-883,-608
-286,-104,403,-333,-453,-126,-249,-2135,-1737,-1217,-877,-610
-288,-105,402,-330,-454,-129,-257,-2137,-1736,-1214,-875,-613
-287,-107,398,-327,-451,-131,-264,-2138,-1736,-1212,-876,-615
-284,-113,395,-327,-449,-129,-273,-2140,-1737,-1213,-880,-618
-279,-120,390,-327,-443,-123,-280,-2139,-1735,-1209,-882,-616
-262,-127,375,-320,-422,-109,-284,-2129,-1732,-1199,-876,-612
-246,-139,366,-320,-407,-94,-285,-2119,-1730,-1192,-872,-607
-228,-147,351,-315,-386,-78,-280,-2106,-1726,-1183,-866,-602
-209,-155,334,-309,-364,-61,-273,-2092,-1724,-1170,-859,-597
-197,-160,322,-304,-349,-50,-269,-2081,-1724,-1160,-856,-596
-187,-160,308,-295,-334,-44,-269,-2072,-1727,-1152,-852,-596
-174,-155,288,-278,-312,-38,-268,-2060,-1729,-1143,-844,-596
-160,-151,267,-263,-290,-31,-266,-2049,-1731,-1134,-834,-595
-154,-148,257,-255,-280,-28,-268,-2045,-1738,-1130,-830,-597
-156,-145,255,-254,-280,-29,-274,-2048,-1746,-1136,-833,-604
-159,-141,254,-252,-281,-31,-279,-2051,-1751,-1144,-834,-608
-161,-138,253,-252,-282,-32,-282,-2054,-1753,-1149,-831,-611
-162,-135,251,-250,-280,-32,-280,-2054,-1751,-1148,-826,-610
-170,-133,260,-257,-290,-36,-281,-2061,-1750,-1152,-825,-609
-179,-130,268,-263,-301,-41,-287,-2069,-1751,-1162,-828,-611
-181,-128,272,-266,-304,-40,-294,-2077,-1752,-1172,-830,-613
-179,-126,273,-268,-302,-37,-302,-2081,-1753,-1181,-830,-611
-178,-125,274,-270,-301,-34,-313,-2088,-1754,-1194,-830,-608
-176,-123,276,-271,-299,-31,-325,-2097,-1757,-1209,-830,-607
-179,-123,284,-278,-305,-30,-336,-2108,-1759,-1219,-831,-605
-195,-121,304,-292,-327,-40,-346,-2125,-1761,-1223,-839,-602
-207,-116,318,-299,-343,-49,-351,-2136,-1760,-1216,-843,-595
-224,-112,337,-310,-366,-61,-358,-2148,-1762,-1215,-848,-590
-242,-107,356,-321,-391,-75,-366,-2161,-1764,-1217,-854,-586
-256,-101,371,-327,-409,-87,-368,-2167,-1765,-1216,-855,-578
-267,-99,388,-338,-427,-95,-369,-2170,-1766,-1214,-857,-571
-282,-98,408,-351,-451,-106,-372,-2176,-1770,-1216,-863,-567
-301,-95,430,-364,-478,-120,-377,-2186,-1775,-1217,-873,-565
-310,-93,442,-370,-492,-128,-378,-2190,-1776,-1209,-873,-561
-308,-91,442,-369,-491,-129,-375,-2190,-1772,-1194,-867,-552
-305,-89,440,-365,-489,-130,-372,-2189,-1768,-1179,-860,-546
-302,-88,438,-363,-487,-129,-365,-2184,-1765,-1168,-852,-539
-303,-90,442,-365,-491,-131,-360,-2182,-1766,-1164,-847,-536
-297,-93,438,-362,-485,-127,-354,-2175,-1768,-1160,-837,-531
-287,-99,432,-362,-476,-118,-346,-2169,-1767,-1153,-825,-528
-279,-106,429,-362,-470,-111,-340,-2166,-1766,-1143,-815,-526
-276,-113,429,-364,-470,-107,-336,-2168,-1767,-1134,-810,-524
-274,-118,426,-363,-467,-104,-333,-2163,-1766,-1124,-803,-520
-272,-122,423,-361,-466,-103,-328,-2159,-1767,-1119,-798,-514
-269,-126,417,-357,-460,-100,-323,-2157,-1769,-1120,-791,-505
-255,-129,398,-344,-439,-91,-317,-2148,-1766,-1117,-778,-493
-245,-135,387,-338,-425,-83,-317,-2144,-1763,-1115,-768,-489
-232,-140,371,-330,-407,-72,-318,-2141,-1758,-1111,-759,-485
-216,-147,355,-322,-386,-59,-316,-2139,-1753,-1110,-752,-482
-204,-153,343,-317,-369,-49,-316,-2138,-1751,-1112,-749,-483
-194,-156,330,-309,-353,-41,-315,-2134,-1749,-1115,-746,-483
-181,-157,312,-298,-332,-32,-311,-2124,-1749,-1120,-741,-481
-169,-156,295,-286,-311,-25,-309,-2113,-1752,-1127,-735,-480
-169,-158,292,-285,-307,-25,-309,-2108,-1760,-1141,-734,-483
-180,-161,303,-295,-321,-29,-309,-2108,-1773,-1158,-738,-489
-191,-166,317,-309,-336,-34,-311,-2108,-1785,-1171,-743,-496
-203,-171,333,-324,-353,-38,-316,-2110,-1796,-1180,-748,-502
-211,-175,344,-335,-364,-41,-319,-2111,-1804,-1184,-752,-507
-226,-177,361,-350,-384,-49,-327,-2118,-1814,-1189,-758,-512
-241,-177,378,-363,-403,-59,-332,-2130,-1826,-1198,-767,-520
-251,-177,391,-374,-418,-64,-333,-2142,-1835,-1211,-777,-527
-255,-178,398,-381,-424,-65,-332,-2154,-1842,-1221,-783,-531
-257,-179,405,-388,-429,-65,-332,-2170,-1849,-1234,-788,-536
-257,-178,408,-393,-431,-64,-335,-2186,-1855,-1246,-792,-541
-257,-179,415,-400,-436,-62,-341,-2203,-1863,-1257,-797,-546
-273,-176,435,-413,-460,-72,-352,-2225,-1872,-1270,-808,-555
-286,-167,444,-415,-475,-84,-361,-2242,-1880,-1279,-812,-560
-298,-156,452,-416,-490,-97,-369,-2256,-1886,-1290,-813,-563
-310,-144,459,-414,-503,-111,-374,-2269,-1889,-1296,-814,-566
-316,-131,459,-406,-509,-122,-376,-2278,-1887,-1293,-812,-565
-323,-121,462,-402,-517,-131,-379,-2287,-1885,-1286,-813,-566
-333,-112,470,-402,-531,-141,-381,-2301,-1883,-1287,-822,-570
-345,-105,480,-404,-548,-153,-381,-2315,-1881,-1292,-837,-574
-351,-97,483,-401,-556,-160,-376,-2322,-1877,-1291,-848,-574
-350,-90,479,-393,-554,-163,-369,-2326,-1870,-1284,-851,-566
-348,-85,475,-386,-553,-165,-366,-2332,-1866,-1277,-850,-559
-346,-80,470,-377,-550,-167,-362,-2336,-1862,-1272,-845,-551
-350,-74,468,-371,-553,-174,-360,-2339,-1862,-1273,-842,-545
-348,-68,460,-360,-549,-177,-354,-2335,-1862,-1271,-834,-536
-346,-65,454,-351,-544,-179,-349,-2328,-1867,-1269,-824,-528
-346,-62,449,-342,-542,-183,-343,-2324,-1873,-1271,-816,-523
-352,-58,448,-336,-546,-192,-340,-2323,-1881,-1275,-810,-520
-359,-54,447,-330,-550,-200,-337,-2321,-1887,-1277,-806,-516
-365,-52,447,-326,-555,-207,-333,-2320,-1891,-1279,-805,-511
-367,-49,441,-317,-551,-212,-328,-2321,-1896,-1284,-808,-508
-354,-44,418,-296,-527,-209,-320,-2314,-1900,-1285,-804,-502
-347,-43,404,-284,-512,-208,-314,-2312,-1906,-1288,-802,-500
-339,-43,389,-273,-496,-203,-312,-2314,-1911,-1289,-798,-497
-327,-46,375,-264,-477,-195,-314,-2319,-1917,-1286,-795,-494
-318,-50,365,-259,-463,-188,-320,-2328,-1926,-1282,-796,-496
-311,-53,356,-255,-451,-182,-327,-2335,-1934,-1277,-798,-500
-301,-53,340,-245,-432,-177,-335,-2341,-1941,-1270,-798,-504
-291,-50,323,-232,-412,-172,-347,-2345,-1950,-1269,-796,-511
-288,-49,316,-228,-405,-172,-362,-2356,-1963,-1279,-800,-523
-297,-48,321,-232,-412,-179,-379,-2370,-1978,-1293,-813,-539
-306,-46,326,-236,-419,-185,-395,-2382,-1993,-1305,-826,-555
-312,-45,329,-239,-423,-190,-408,-2392,-2009,-1320,-840,-567
-314,-41,327,-238,-422,-193,-419,-2395,-2020,-1329,-849,-573
-323,-37,333,-243,-431,-201,-432,-2397,-2028,-1338,-857,-577
-337,-30,340,-246,-443,-213,-442,-2397,-2032,-1343,-866,-577
-344,-23,343,-246,-449,-222,-451,-2399,-2036,-1346,-875,-577
-346,-18,342,-246,-448,-225,-458,-2405,-2038,-1349,-882,-574
-348,-16,344,-249,-450,-227,-465,-2413,-2041,-1355,-887,-572
-353,-14,349,-254,-456,-229,-467,-2418,-2044,-1359,-891,-572
-360,-14,361,-265,-468,-232,-462,-2419,-2046,-1363,-895,-574
-378,-17,386,-285,-497,-241,-457,-2428,-2049,-1374,-904,-578
-394,-13,402,-296,-519,-252,-452,-2433,-2051,-1378,-909,-577
-413,-8,421,-308,-545,-265,-450,-2440,-2055,-1385,-916,-580
-431,-3,439,-318,-570,-279,-449,-2450,-2060,-1398,-923,-587
-445,5,449,-321,-587,-291,-450,-2462,-2064,-1413,-925,-591
-459,12,461,-325,-606,-303,-455,-2473,-2069,-1423,-929,-594
-475,15,479,-336,-631,-314,-462,-2485,-2074,-1428,-936,-599
-489,16,495,-345,-652,-322,-465,-2498,-2079,-1431,-945,-606
-495,21,500,-345,-661,-327,-462,-2504,-2084,-1427,-952,-607
-495,28,497,-337,-662,-331,-454,-2504,-2084,-1419,-952,-603
-494,31,496,-333,-663,-331,-447,-2505,-2081,-1413,-952,-598
-493,31,498,-332,-665,-329,-441,-2508,-2077,-1405,-952,-592
-494,28,503,-335,-673,-328,-438,-2517,-2073,-1400,-953,-590
-493,30,501,-329,-672,-328,-430,-2520,-2067,-1391,-951,-588
-490,30,498,-322,-671,-327,-423,-2521,-2062,-1384,-945,-585
-489,28,499,-320,-673,-326,-420,-2526,-2064,-1386,-942,-586
-492,24,503,-321,-679,-327,-421,-2533,-2070,-1391,-943,-591
-492,21,504,-319,-683,-327,-422,-2533,-2074,-1394,-941,-595
-493,20,503,-315,-683,-329,-423,-2530,-2078,-1396,-938,-599
-490,19,497,-308,-679,-329,-423,-2528,-2084,-1400,-938,-604
-473,17,478,-293,-656,-321,-421,-2520,-2085,-1398,-930,-605
-459,10,466,-286,-639,-310,-421,-2518,-2088,-1402,-928,-610
-444,2,453,-281,-621,-298,-420,-2513,-2091,-1403,-925,-613
-430,-8,443,-278,-604,-286,-418,-2507,-2094,-1407,-921,-615
-422,-16,437,-279,-594,-279,-417,-2506,-2102,-1417,-922,-621
-418,-20,432,-278,-587,-278,-416,-2508,-2107,-1422,-922,-625
-414,-21,423,-272,-577,-279,-416,-2507,-2111,-1421,-920,-625
-407,-21,410,-264,-561,-277,-418,-2503,-2117,-1421,-916,-624
-404,-25,407,-266,-555,-275,-421,-2504,-2127,-1428,-917,-627
-408,-33,415,-277,-560,-275,-425,-2509,-2139,-1441,-923,-634
-413,-38,422,-288,-566,-277,-427,-2513,-2146,-1453,-933,-642
-418,-41,428,-296,-570,-280,-425,-2513,-2149,-1461,-942,-648
-417,-44,428,-300,-566,-279,-419,-2507,-2149,-1465,-948,-652
-421,-48,435,-310,-571,-279,-416,-2505,-2153,-1475,-960,-658
-428,-51,445,-323,-580,-282,-416,-2509,-2159,-1490,-974,-667
-434,-52,453,-333,-587,-284,-418,-2516,-2168,-1503,-988,-676
-433,-50,452,-335,-583,-283,-420,-2525,-2179,-1517,-1000,-686
-432,-46,450,-334,-579,-282,-425,-2534,-2192,-1529,-1013,-697
-433,-40,448,-332,-577,-284,-429,-2539,-2202,-1538,-1021,-706
-438,-33,450,-333,-580,-288,-431,-2543,-2211,-1545,-1027,-714
-452,-28,463,-342,-598,-298,-437,-2554,-2222,-1556,-1041,-725
-461,-20,468,-344,-606,-304,-439,-2557,-2228,-1566,-1047,-733
-470,-14,476,-348,-618,-310,-442,-2559,-2232,-1575,-1053,-738
-481,-8,487,-353,-633,-318,-445,-2559,-2235,-1582,-1058,-742
-490,-1,494,-355,-643,-323,-446,-2557,-2239,-1586,-1060,-744
-495,2,500,-359,-653,-325,-445,-2558,-2243,-1588,-1061,-745
-504,3,512,-367,-668,-328,-444,-2561,-2247,-1590,-1062,-747
-515,4,527,-376,-686,-332,-442,-2569,-2252,-1594,-1066,-748
-520,5,535,-380,-697,-333,-436,-2573,-2254,-1592,-1065,-745
-518,10,531,-374,-695,-332,-426,-2574,-2252,-1590,-1060,-737
-518,15,528,-367,-695,-334,-418,-2573,-2249,-1585,-1053,-729
-518,20,525,-360,-695,-336,-412,-2570,-2247,-1578,-1045,-723
-523,23,527,-356,-702,-340,-406,-2573,-2250,-1579,-1042,-721
-524,27,524,-349,-703,-343,-399,-2575,-2251,-1579,-1039,-720
-524,28,523,-344,-704,-344,-395,-2574,-2250,-1578,-1033,-717
-529,27,527,-344,-712,-348,-395,-2574,-2248,-1577,-1028,-714
-540,28,536,-346,-727,-357,-399,-2577,-2247,-1580,-1025,-714
-551,30,542,-344,-739,-367,-405,-2580,-2246,-1583,-1024,-714
-559,31,546,-343,-749,-376,-410,-2582,-2246,-1583,-1023,-713
-565,33,546,-337,-753,-385,-413,-2585,-2246,-1583,-1023,-711
-553,37,526,-318,-733,-382,-414,-2577,-2244,-1582,-1018,-707
-542,37,511,-305,-716,-379,-417,-2570,-2245,-1589,-1017,-704
-530,37,494,-290,-696,-375,-415,-2560,-2246,-1595,-1014,-700
-519,35,478,-279,-678,-370,-408,-2548,-2245,-1595,-1008,-695
-511,32,468,-272,-665,-367,-399,-2539,-2247,-1599,-1006,-695
-505,31,459,-265,-654,-366,-389,-2533,-2248,-1601,-1007,-697
-500,31,448,-257,-642,-367,-377,-2524,-2247,-1595,-1005,-698
-495,34,437,-247,-630,-369,-367,-2510,-2247,-1588,-999,-699
-497,34,434,-245,-627,-374,-361,-2500,-2251,-1590,-999,-704
-506,31,443,-254,-637,-380,-361,-2497,-2262,-1596,-1005,-713
-514,29,451,-262,-646,-386,-364,-2497,-2274,-1598,-1011,-722
-522,26,459,-271,-654,-392,-367,-2499,-2283,-1599,-1015,-730
-523,24,462,-277,-655,-392,-370,-2502,-2288,-1599,-1013,-735
-528,20,470,-287,-662,-393,-377,-2511,-2294,-1604,-1018,-741
-534,19,478,-296,-669,-397,-384,-2522,-2297,-1609,-1025,-748
-540,22,484,-301,-675,-402,-393,-2530,-2301,-1619,-1031,-754
-542,24,486,-304,-676,-403,-400,-2533,-2302,-1631,-1033,-758
-543,26,489,-307,-676,-403,-408,-2538,-2306,-1643,-1038,-761
-546,29,492,-311,-679,-403,-417,-2545,-2311,-1650,-1043,-765
-553,32,501,-318,-689,-406,-428,-2553,-2316,-1656,-1046,-768
-573,35,524,-335,-717,-418,-442,-2571,-2324,-1669,-1058,-775
-590,41,540,-344,-738,-428,-450,-2584,-2327,-1674,-1064,-777
-605,45,558,-355,-760,-436,-455,-2596,-2325,-1679,-1067,-782
-622,50,576,-366,-784,-446,-456,-2608,-2320,-1682,-1069,-786
-635,55,589,-373,-802,-454,-453,-2616,-2310,-1679,-1067,-785
-644,58,601,-380,-817,-457,-449,-2621,-2302,-1674,-1063,-781
-655,58,616,-390,-835,-461,-449,-2631,-2298,-1676,-1064,-780
-669,62,630,-397,-856,-469,-450,-2642,-2298,-1680,-1072,-781
-676,68,634,-396,-865,-474,-449,-2648,-2297,-1676,-1077,-780
-674,76,626,-384,-859,-476,-447,-2648,-2296,-1669,-1078,-779
-667,82,614,-372,-849,-473,-447,-2646,-2298,-1665,-1078,-779
-659,83,604,-362,-838,-467,-448,-2641,-2300,-1658,-1074,-778
-654,81,600,-359,-833,-463,-449,-2641,-2303,-1655,-1072,-777
-645,81,590,-350,-822,-457,-449,-2640,-2304,-1656,-1067,-776
-636,79,579,-341,-810,-451,-448,-2636,-2307,-1656,-1060,-776
-632,78,572,-335,-804,-449,-447,-2630,-2309,-1655,-1053,-777
-632,76,569,-332,-803,-450,-445,-2624,-2311,-1651,-1047,-778
-632,75,565,-327,-801,-452,-444,-2616,-2312,-1648,-1042,-780
-628,72,559,-323,-796,-452,-446,-2611,-2313,-1645,-1037,-782
-625,69,553,-318,-790,-452,-448,-2607,-2313,-1643,-1035,-782
-611,66,535,-307,-770,-445,-445,-2596,-2309,-1631,-1028,-777
-596,56,525,-304,-754,-434,-440,-2587,-2305,-1621,-1026,-773
-576,45,511,-301,-732,-418,-430,-2578,-2299,-1609,-1022,-767
-555,33,495,-297,-707,-400,-421,-2566,-2292,-1596,-1015,-762
-542,26,485,-295,-692,-391,-420,-2555,-2288,-1588,-1011,-759
-529,21,474,-290,-676,-384,-420,-2546,-2285,-1584,-1010,-758
-515,18,460,-283,-656,-375,-419,-2538,-2283,-1580,-1004,-755
-502,15,448,-277,-640,-367,-418,-2524,-2279,-1574,-992,-750
-499,12,447,-280,-636,-365,-420,-2515,-2282,-1576,-983,-750
-507,11,457,-289,-648,-371,-429,-2513,-2291,-1586,-983,-756
-515,11,466,-296,-657,-377,-439,-2513,-2300,-1594,-986,-764
-520,14,470,-299,-662,-382,-452,-2516,-2309,-1600,-991,-772
-521,18,471,-299,-663,-385,-465,-2518,-2317,-1601,-993,-776
-528,21,478,-304,-671,-391,-478,-2527,-2323,-1608,-1001,-781
-539,28,487,-308,-683,-400,-489,-2538,-2328,-1617,-1012,-785
-546,35,492,-309,-692,-408,-498,-2546,-2328,-1621,-1021,-788
-550,43,494,-307,-694,-413,-505,-2548,-2324,-1618,-1026,-792
-554,49,496,-307,-698,-416,-511,-2551,-2324,-1619,-1031,-796
-554,48,502,-313,-701,-413,-517,-2551,-2324,-1616,-1031,-796
-554,43,513,-325,-708,-406,-520,-2548,-2324,-1607,-1027,-795
-568,36,538,-347,-734,-408,-525,-2551,-2323,-1606,-1033,-796
-580,35,556,-360,-754,-412,-528,-2551,-2318,-1603,-1036,-795
-594,33,575,-374,-775,-416,-530,-2552,-2314,-1607,-1040,-795
-607,31,594,-389,-797,-421,-531,-2554,-2311,-1614,-1044,-796
-616,31,606,-396,-812,-425,-529,-2550,-2306,-1617,-1044,-795
-622,30,615,-403,-822,-425,-528,-2548,-2300,-1622,-1044,-791
-627,25,629,-414,-835,-424,-528,-2550,-2297,-1632,-1049,-789
-637,21,645,-427,-853,-426,-527,-2554,-2294,-1640,-1059,-790
-645,24,652,-429,-863,-433,-520,-2552,-2285,-1636,-1065,-786
-647,33,646,-419,-862,-440,-507,-2542,-2270,-1622,-1066,-779
-645,39,639,-408,-856,-443,-494,-2531,-2255,-1610,-1065,-771
-642,45,631,-399,-849,-445,-484,-2521,-2243,-1602,-1062,-765
-644,49,628,-393,-849,-450,-478,-2517,-2234,-1598,-1064,-760
-644,56,621,-382,-846,-457,-473,-2513,-2225,-1592,-1064,-758
-643,63,612,-370,-839,-462,-469,-2510,-2218,-1589,-1061,-759
-643,67,608,-363,-837,-467,-466,-2507,-2215,-1590,-1056,-761
-650,69,610,-361,-844,-475,-464,-2503,-2213,-1592,-1052,-763
-657,71,613,-360,-851,-484,-462,-2496,-2209,-1588,-1046,-764
-663,71,616,-360,-857,-491,-461,-2491,-2205,-1586,-1042,-766
-668,70,618,-359,-863,-497,-459,-2489,-2205,-1586,-1041,-769
-661,71,606,-349,-851,-497,-454,-2478,-2202,-1580,-1029,-768
-656,68,599,-343,-843,-495,-453,-2471,-2202,-1579,-1019,-770
-649,66,589,-336,-831,-491,-451,-2465,-2203,-1580,-1010,-770
-640,61,579,-331,-820,-485,-449,-2455,-2203,-1577,-1000,-769
-637,56,575,-330,-815,-483,-454,-2450,-2205,-1577,-994,-771
-636,54,572,-328,-812,-482,-461,-2447,-2209,-1579,-989,-778
-631,53,562,-321,-801,-480,-467,-2442,-2211,-1580,-982,-784
-622,53,548,-312,-786,-474,-472,-2434,-2213,-1581,-975,-790
-615,48,542,-312,-777,-467,-481,-2430,-2215,-1581,-973,-797
-615,39,548,-323,-780,-460,-492,-2428,-2217,-1587,-978,-809
-614,30,553,-333,-782,-452,-500,-2429,-2219,-1591,-988,-821
-614,23,559,-343,-785,-445,-506,-2434,-2221,-1596,-1000,-832
-611,19,559,-348,-782,-439,-512,-2435,-2217,-1594,-1008,-836
-613,17,564,-355,-785,-436,-518,-2436,-2213,-1600,-1017,-840
-620,19,569,-360,-791,-438,-524,-2438,-2212,-1611,-1032,-845
-625,25,570,-359,-793,-443,-530,-2436,-2211,-1624,-1047,-851
-627,34,566,-354,-790,-446,-534,-2430,-2208,-1631,-1058,-856
-629,42,562,-348,-787,-449,-537,-2426,-2205,-1637,-1067,-861
-631,49,560,-346,-786,-451,-540,-2423,-2202,-1641,-1075,-865
-633,55,561,-345,-786,-452,-543,-2421,-2200,-1645,-1082,-868
-645,57,574,-355,-802,-458,-549,-2428,-2199,-1656,-1096,-875
-653,63,581,-359,-810,-464,-552,-2427,-2193,-1659,-1103,-877
-663,68,591,-364,-822,-471,-552,-2423,-2187,-1660,-1103,-877
-677,71,605,-372,-839,-479,-551,-2418,-2182,-1659,-1104,-876
-686,76,614,-377,-851,-487,-549,-2413,-2175,-1653,-1103,-870
-694,78,623,-382,-862,-492,-548,-2408,-2169,-1645,-1101,-864
-705,79,636,-390,-877,-498,-550,-2407,-2166,-1641,-1103,-862
-719,81,651,-398,-897,-508,-553,-2406,-2165,-1640,-1110,-862
-725,84,656,-399,-905,-514,-555,-2400,-2165,-1635,-1114,-861
-722,89,649,-389,-899,-515,-551,-2389,-2164,-1628,-1112,-858
-717,91,644,-382,-895,-515,-549,-2377,-2162,-1622,-1108,-855
-716,96,639,-373,-892,-518,-548,-2365,-2159,-1618,-1103,-851
-719,101,638,-367,-895,-525,-549,-2360,-2158,-1618,-1101,-846
-717,108,630,-354,-891,-531,-547,-2353,-2155,-1616,-1097,-838
-711,113,619,-341,-882,-533,-546,-2343,-2152,-1613,-1092,-831
-705,118,608,-327,-873,-535,-545,-2336,-2147,-1608,-1089,-823
-705,124,602,-316,-872,-542,-546,-2335,-2144,-1605,-1088,-816
-706,128,597,-306,-872,-549,-549,-2334,-2141,-1604,-1087,-809
-705,133,590,-296,-869,-555,-547,-2331,-2135,-1603,-1085,-801
-700,136,580,-285,-861,-557,-539,-2326,-2130,-1596,-1081,-793
-681,138,556,-265,-835,-549,-523,-2312,-2120,-1578,-1069,-778
-665,135,539,-254,-815,-540,-509,-2299,-2108,-1566,-1057,-765
-647,131,522,-243,-793,-529,-494,-2287,-2092,-1551,-1042,-754
-624,123,502,-234,-766,-511,-483,-2274,-2073,-1538,-1026,-743
-602,112,488,-230,-742,-492,-474,-2262,-2059,-1532,-1011,-737
-582,101,474,-228,-720,-473,-467,-2249,-2050,-1527,-996,-732
-556,88,457,-226,-692,-450,-458,-2232,-2043,-1520,-979,-727
-528,76,438,-221,-659,-424,-448,-2211,-2036,-1514,-962,-722
-507,64,424,-221,-635,-403,-442,-2196,-2034,-1512,-948,-719
-495,51,423,-230,-625,-387,-441,-2188,-2035,-1510,-941,-718
-484,38,423,-240,-616,-370,-440,-2180,-2034,-1506,-936,-715
-472,25,421,-249,-604,-353,-438,-2172,-2032,-1504,-933,-711
-459,17,415,-252,-589,-337,-434,-2161,-2027,-1500,-927,-706
-450,9,413,-259,-579,-324,-430,-2151,-2018,-1493,-921,-703
-445,2,415,-268,-574,-313,-426,-2144,-2008,-1487,-918,-701
-435,-3,412,-272,-562,-300,-422,-2136,-1999,-1486,-917,-699
-419,-8,402,-272,-542,-283,-414,-2122,-1988,-1479,-913,-695
-401,-15,393,-274,-521,-263,-402,-2108,-1978,-1468,-907,-689
-382,-22,383,-275,-498,-242,-393,-2095,-1968,-1458,-898,-683
-362,-28,372,-275,-475,-220,-385,-2082,-1960,-1448,-887,-678
-356,-34,374,-283,-470,-208,-381,-2076,-1951,-1442,-881,-676
-349,-33,369,-282,-460,-201,-372,-2066,-1934,-1426,-870,-670
-344,-30,364,-278,-452,-196,-364,-2055,-1917,-1412,-861,-665
-339,-29,361,-277,-446,-191,-355,-2049,-1901,-1401,-856,-660
-330,-28,355,-273,-434,-183,-340,-2041,-1880,-1385,-847,-649
-320,-29,349,-271,-425,-174,-322,-2030,-1855,-1364,-833,-636
-315,-33,350,-274,-422,-167,-303,-2021,-1831,-1342,-822,-624
-312,-37,354,-279,-424,-162,-280,-2013,-1810,-1320,-814,-611
-303,-39,350,-277,-416,-154,-255,-1999,-1788,-1293,-803,-597
-283,-41,334,-266,-394,-140,-228,-1977,-1765,-1265,-786,-577
-262,-45,318,-256,-372,-125,-205,-1955,-1746,-1244,-770,-556
-240,-51,304,-249,-351,-108,-186,-1938,-1729,-1224,-756,-535
-218,-62,293,-247,-332,-89,-173,-1929,-1718,-1208,-746,-520
-191,-74,278,-242,-307,-65,-158,-1920,-1708,-1188,-733,-505
-161,-88,261,-238,-279,-39,-146,-1908,-1696,-1169,-714,-490
-135,-101,248,-235,-257,-17,-140,-1895,-1680,-1148,-696,-476
-119,-113,242,-237,-246,-2,-142,-1883,-1667,-1132,-683,-464
-106,-124,238,-239,-239,10,-147,-1870,-1654,-1117,-671,-454
-94,-133,234,-240,-231,20,-152,-1857,-1640,-1108,-661,-445
-79,-144,227,-241,-219,35,-156,-1849,-1630,-1105,-655,-437
-50,-153,206,-231,-188,56,-155,-1832,-1622,-1098,-640,-425
-25,-164,189,-227,-163,77,-154,-1813,-1615,-1095,-627,-415
0,-172,171,-219,-136,95,-149,-1793,-1604,-1089,-612,-405
25,-179,151,-210,-107,114,-142,-1769,-1596,-1082,-597,-397
48,-188,136,-205,-83,132,-138,-1750,-1592,-1080,-587,-393
73,-197,118,-199,-55,153,-135,-1735,-1586,-1075,-580,-389
103,-203,95,-188,-20,175,-131,-1716,-1577,-1062,-571,-382
133,-206,68,-173,19,196,-128,-1694,-1567,-1048,-556,-376
158,-211,48,-163,49,214,-126,-1676,-1565,-1046,-547,-371
172,-218,41,-164,64,228,-130,-1666,-1567,-1052,-543,-368
181,-223,38,-167,74,237,-135,-1657,-1568,-1057,-540,-365
188,-228,36,-169,82,245,-141,-1648,-1566,-1061,-541,-363
201,-232,28,-168,98,257,-143,-1639,-1562,-1060,-541,-362
207,-238,28,-173,105,266,-145,-1634,-1560,-1059,-545,-362
207,-244,35,-182,102,270,-146,-1634,-1560,-1060,-552,-364
207,-247,39,-187,103,274,-145,-1634,-1560,-1064,-561,-365
208,-247,38,-188,108,277,-140,-1635,-1558,-1069,-570,-365
208,-246,38,-188,110,278,-135,-1638,-1558,-1076,-581,-366
205,-244,39,-189,110,278,-133,-1638,-1556,-1080,-587,-367
201,-244,42,-192,109,279,-129,-1636,-1553,-1084,-591,-369
186,-245,59,-204,91,273,-131,-1644,-1554,-1096,-604,-377
174,-243,70,-210,78,268,-135,-1652,-1551,-1105,-614,-382
159,-241,82,-217,61,259,-141,-1659,-1549,-1113,-622,-387
141,-238,98,-226,41,250,-145,-1666,-1546,-1122,-631,-389
128,-237,108,-232,28,245,-144,-1668,-1540,-1121,-633,-384
122,-238,115,-236,20,245,-140,-1667,-1534,-1117,-629,-378
117,-241,123,-243,12,248,-136,-1668,-1529,-1113,-629,-376
111,-246,133,-252,2,250,-133,-1669,-1521,-1110,-632,-375
115,-253,135,-257,3,260,-126,-1663,-1509,-1101,-629,-371
133,-258,121,-250,23,277,-115,-1651,-1493,-1086,-621,-361
155,-266,105,-243,48,299,-108,-1638,-1479,-1068,-609,-352
178,-273,88,-235,73,321,-103,-1628,-1468,-1050,-593,-344
198,-279,74,-229,95,339,-101,-1624,-1463,-1037,-580,-339
222,-286,57,-220,121,360,-95,-1622,-1460,-1018,-565,-333
248,-295,40,-214,148,384,-89,-1617,-1457,-998,-545,-326
271,-307,28,-213,169,406,-85,-1612,-1454,-980,-526,-320
289,-315,20,-213,184,423,-82,-1606,-1453,-968,-511,-316
305,-322,11,-212,200,437,-77,-1592,-1451,-958,-496,-312
321,-325,0,-206,216,448,-72,-1575,-1446,-949,-482,-305
332,-321,-14,-194,231,450,-71,-1562,-1439,-937,-472,-297
355,-311,-45,-167,265,456,-68,-1543,-1429,-916,-451,-284
377,-306,-70,-148,295,464,-72,-1528,-1420,-904,-435,-272
398,-300,-96,-128,325,471,-79,-1518,-1408,-891,-423,-261
420,-293,-124,-105,357,477,-89,-1509,-1395,-877,-411,-249
441,-288,-148,-87,386,484,-101,-1503,-1383,-866,-403,-241
459,-281,-172,-67,414,487,-117,-1499,-1376,-856,-398,-238
479,-271,-200,-43,445,490,-135,-1493,-1369,-842,-391,-231
504,-266,-231,-21,482,499,-157,-1486,-1363,-827,-381,-221
529,-266,-255,-5,515,511,-185,-1487,-1363,-822,-374,-214
546,-271,-267,-3,534,523,-221,-1497,-1368,-827,-371,-213
560,-277,-276,-2,550,534,-263,-1509,-1372,-832,-366,-213
576,-285,-283,-4,566,547,-307,-1520,-1375,-832,-357,-210
597,-296,-295,-4,589,567,-354,-1527,-1377,-824,-348,-202
617,-308,-303,-8,608,587,-406,-1538,-1380,-819,-344,-195
630,-318,-307,-13,621,602,-466,-1556,-1384,-820,-349,-192
643,-327,-312,-17,634,617,-528,-1578,-1391,-822,-356,-189
659,-337,-319,-20,651,636,-586,-1601,-1397,-825,-362,-188
675,-348,-326,-24,667,655,-643,-1627,-1408,-831,-366,-186
686,-355,-330,-27,679,669,-700,-1651,-1417,-838,-370,-184
694,-360,-333,-29,689,681,-756,-1672,-1426,-841,-371,-179
689,-365,-323,-40,681,684,-812,-1702,-1440,-850,-379,-178
685,-363,-320,-43,677,685,-860,-1727,-1452,-858,-383,-173
677,-358,-317,-42,672,680,-905,-1749,-1461,-861,-383,-166
664,-352,-309,-43,660,672,-946,-1770,-1467,-858,-380,-159
652,-342,-306,-40,651,662,-979,-1788,-1469,-847,-374,-147
643,-334,-304,-36,644,656,-1005,-1805,-1470,-836,-365,-133
630,-328,-297,-37,632,647,-1032,-1824,-1470,-829,-359,-123
616,-324,-286,-42,616,640,-1057,-1845,-1469,-824,-356,-112
612,-322,-284,-42,612,639,-1076,-1861,-1465,-813,-352,-100
621,-320,-296,-33,625,648,-1084,-1871,-1459,-801,-341,-85
634,-321,-307,-26,641,660,-1082,-1875,-1453,-792,-332,-72
647,-324,-317,-22,655,674,-1077,-1877,-1448,-787,-323,-62
654,-328,-322,-21,662,682,-1073,-1882,-1448,-787,-318,-55
661,-327,-330,-15,670,687,-1069,-1886,-1450,-787,-311,-49
669,-327,-339,-9,679,692,-1070,-1888,-1452,-788,-302,-43
673,-327,-344,-6,683,694,-1077,-1895,-1457,-794,-296,-40
670,-325,-345,-3,679,689,-1088,-1905,-1465,-803,-293,-41
666,-320,-347,2,675,681,-1097,-1914,-1476,-810,-292,-41
667,-318,-352,7,675,678,-1106,-1920,-1486,-819,-292,-41
669,-318,-355,10,675,676,-1115,-1925,-1493,-829,-293,-39
684,-319,-371,21,693,682,-1119,-1919,-1495,-828,-282,-32
696,-326,-378,22,703,691,-1126,-1919,-1501,-830,-274,-26
709,-334,-382,20,712,701,-1136,-1923,-1511,-832,-269,-23
725,-347,-387,16,724,716,-1149,-1926,-1523,-834,-264,-22
735,-362,-383,5,726,729,-1168,-1934,-1538,-843,-261,-26
740,-373,-377,-5,723,735,-1187,-1945,-1554,-858,-264,-31
742,-380,-374,-11,721,738,-1202,-1956,-1571,-869,-267,-34
747,-386,-373,-15,723,742,-1214,-1962,-1589,-878,-266,-37
746,-394,-363,-26,715,743,-1226,-1971,-1610,-893,-270,-45
732,-405,-338,-49,689,738,-1238,-1983,-1635,-912,-282,-58
714,-412,-311,-71,660,729,-1249,-1997,-1658,-933,-296,-74
694,-416,-286,-90,630,717,-1261,-2014,-1679,-950,-314,-92
674,-417,-264,-105,604,703,-1271,-2023,-1697,-962,-329,-109
650,-416,-239,-121,573,685,-1283,-2032,-1714,-976,-346,-127
620,-410,-212,-136,537,662,-1295,-2046,-1733,-997,-369,-147
585,-399,-186,-146,498,631,-1305,-2059,-1752,-1017,-393,-167
550,-384,-164,-151,462,599,-1314,-2069,-1768,-1035,-416,-184
515,-367,-144,-155,428,566,-1324,-2081,-1783,-1060,-440,-202
480,-351,-123,-160,394,534,-1340,-2091,-1798,-1089,-463,-223
442,-333,-101,-164,357,499,-1355,-2095,-1811,-1113,-479,-242
386,-310,-65,-173,299,449,-1369,-2106,-1825,-1137,-502,-265
329,-281,-36,-174,245,395,-1378,-2110,-1831,-1149,-521,-283
273,-252,-8,-175,192,342,-1382,-2105,-1833,-1156,-536,-299
214,-224,25,-178,134,288,-1387,-2098,-1838,-1167,-551,-312
158,-193,50,-175,83,234,-1391,-2089,-1844,-1181,-564,-323
110,-165,71,-171,40,186,-1399,-2080,-1849,-1194,-577,-334
64,-140,92,-168,-2,142,-1411,-2076,-1856,-1210,-595,-346
18,-120,118,-171,-47,101,-1422,-2076,-1860,-1224,-615,-357
-25,-101,141,-174,-90,63,-1427,-2072,-1862,-1227,-631,-363
-55,-84,154,-170,-116,35,-1421,-2060,-1861,-1219,-636,-363
-80,-73,166,-170,-140,13,-1410,-2045,-1858,-1212,-636,-362
-102,-65,179,-172,-163,-5,-1399,-2025,-1853,-1203,-632,-362
-128,-58,197,-177,-192,-26,-1393,-2006,-1848,-1196,-630,-360
-151,-48,209,-176,-216,-47,-1387,-1985,-1842,-1188,-626,-356
-166,-39,214,-171,-230,-64,-1379,-1962,-1834,-1178,-619,-350
-180,-32,219,-168,-244,-77,-1371,-1940,-1826,-1169,-609,-344
-196,-24,226,-164,-262,-94,-1364,-1919,-1817,-1159,-599,-340
-214,-14,232,-159,-280,-114,-1356,-1895,-1805,-1148,-588,-334
-225,-2,231,-149,-291,-130,-1348,-1873,-1792,-1135,-578,-327
-233,9,228,-137,-297,-144,-1339,-1857,-1780,-1124,-571,-321
-225,19,209,-115,-283,-148,-1324,-1834,-1766,-1109,-555,-311
-216,21,198,-105,-273,-145,-1310,-1814,-1754,-1102,-541,-304
-208,22,188,-96,-264,-142,-1295,-1797,-1744,-1096,-531,-300
-197,24,175,-85,-252,-139,-1279,-1777,-1734,-1086,-522,-296
-193,25,170,-80,-249,-139,-1266,-1753,-1724,-1081,-516,-292
-193,25,169,-79,-252,-142,-1255,-1732,-1714,-1074,-510,-289
-188,24,165,-77,-249,-140,-1245,-1710,-1702,-1070,-503,-285
-181,24,158,-72,-242,-138,-1238,-1689,-1692,-1067,-493,-281
-183,26,159,-72,-246,-143,-1240,-1675,-1685,-1069,-487,-281
-202,29,173,-80,-269,-160,-1250,-1671,-1682,-1077,-490,-285
-225,36,190,-86,-297,-182,-1265,-1670,-1681,-1084,-496,-291
-252,47,206,-91,-325,-208,-1282,-1673,-1681,-1089,-505,-300
-277,58,220,-95,-351,-233,-1299,-1672,-1679,-1091,-513,-305
-307,69,238,-101,-382,-261,-1317,-1672,-1678,-1093,-523,-312
-341,82,259,-109,-418,-292,-1335,-1677,-1680,-1098,-539,-321
-374,97,277,-113,-450,-324,-1349,-1681,-1683,-1106,-555,-331
-403,115,288,-112,-476,-355,-1357,-1682,-1685,-1115,-570,-341
-433,134,299,-109,-500,-386,-1362,-1684,-1690,-1126,-586,-352
-465,155,311,-107,-528,-421,-1370,-1687,-1699,-1135,-600,-366
-500,175,325,-105,-558,-456,-1378,-1690,-1712,-1143,-612,-382
-548,195,353,-114,-606,-499,-1391,-1702,-1730,-1160,-633,-401
-595,220,374,-115,-649,-545,-1399,-1713,-1746,-1176,-652,-416
-639,244,393,-114,-688,-589,-1408,-1724,-1762,-1198,-670,-429
-681,263,415,-118,-728,-628,-1417,-1741,-1780,-1227,-690,-443
-718,282,433,-120,-762,-663,-1426,-1759,-1797,-1251,-708,-454
-755,299,451,-122,-795,-697,-1438,-1780,-1811,-1268,-724,-463
-793,314,474,-128,-833,-732,-1453,-1807,-1825,-1283,-743,-474
-833,329,498,-135,-874,-767,-1467,-1837,-1841,-1300,-766,-486
-870,344,518,-139,-910,-801,-1476,-1859,-1853,-1313,-790,-497
-898,363,528,-132,-933,-833,-1479,-1875,-1862,-1319,-808,-504
-922,380,534,-125,-953,-861,-1485,-1894,-1876,-1331,-827,-516
-947,396,543,-119,-975,-888,-1492,-1912,-1893,-1347,-844,-530
-975,411,556,-117,-1002,-918,-1499,-1931,-1913,-1365,-862,-547
-1002,424,570,-117,-1031,-945,-1505,-1946,-1932,-1383,-880,-566
-1024,434,582,-117,-1055,-967,-1510,-1955,-1952,-1400,-894,-585
-1045,440,595,-120,-1079,-986,-1514,-1963,-1974,-1414,-910,-604
-1070,447,613,-125,-1110,-1008,-1518,-1973,-1995,-1426,-926,-621
-1095,458,627,-126,-1139,-1033,-1524,-1980,-2017,-1439,-943,-638
-1117,468,639,-125,-1165,-1055,-1528,-1987,-2039,-1453,-960,-651
-1138,479,648,-122,-1188,-1077,-1527,-1997,-2060,-1468,-978,-665
-1145,491,642,-108,-1193,-1091,-1520,-1999,-2074,-1473,-985,-673
-1153,501,640,-98,-1200,-1104,-1516,-2003,-2087,-1480,-993,-685
-1162,511,638,-89,-1208,-1117,-1513,-2010,-2101,-1489,-1002,-700
-1166,519,634,-79,-1211,-1126,-1511,-2015,-2117,-1501,-1012,-715
-1175,527,635,-73,-1221,-1138,-1510,-2020,-2138,-1522,-1024,-734
-1188,536,638,-68,-1234,-1154,-1511,-2023,-2160,-1545,-1037,-754
-1199,546,640,-61,-1245,-1169,-1508,-2020,-2178,-1564,-1048,-775
-1205,552,640,-56,-1251,-1179,-1501,-2010,-2193,-1582,-1053,-796
-1215,553,649,-61,-1264,-1186,-1492,-2005,-2208,-1608,-1064,-820
-1235,550,673,-78,-1294,-1199,-1491,-2009,-2227,-1641,-1083,-849
-1256,546,699,-98,-1326,-1212,-1493,-2018,-2246,-1673,-1106,-878
-1277,544,724,-116,-1356,-1224,-1493,-2029,-2267,-1705,-1133,-905
-1292,541,743,-131,-1378,-1233,-1489,-2036,-2284,-1728,-1159,-925
-1306,535,764,-150,-1401,-1239,-1483,-2042,-2297,-1746,-1183,-942
-1321,528,789,-172,-1425,-1244,-1477,-2050,-2305,-1760,-1207,-955
-1329,517,810,-195,-1443,-1242,-1467,-2057,-2309,-1768,-1228,-969
-1331,507,824,-214,-1452,-1236,-1451,-2057,-2310,-1767,-1244,-979
-1329,497,836,-231,-1457,-1228,-1433,-2056,-2307,-1762,-1257,-985
-1325,485,846,-248,-1459,-1216,-1414,-2054,-2301,-1755,-1265,-989
-1317,474,852,-262,-1455,-1201,-1396,-2047,-2292,-1742,-1268,-992
-1317,459,871,-288,-1466,-1190,-1381,-2045,-2282,-1737,-1276,-996
-1313,448,881,-304,-1468,-1178,-1369,-2041,-2268,-1724,-1279,-997
-1308,438,889,-319,-1467,-1166,-1365,-2033,-2253,-1712,-1278,-995
-1305,427,900,-337,-1470,-1154,-1367,-2025,-2239,-1701,-1278,-995
-1295,415,905,-351,-1465,-1138,-1367,-2013,-2219,-1684,-1273,-990
-1282,401,907,-364,-1456,-1117,-1363,-2000,-2194,-1663,-1264,-980
-1271,388,912,-379,-1450,-1099,-1357,-1993,-2169,-1644,-1257,-970
-1265,376,919,-392,-1449,-1085,-1353,-1993,-2147,-1631,-1255,-965
-1255,367,920,-400,-1441,-1070,-1345,-1989,-2126,-1616,-1251,-962
-1240,361,911,-399,-1424,-1055,-1330,-1977,-2103,-1594,-1240,-955
-1231,359,903,-394,-1411,-1046,-1312,-1957,-2080,-1572,-1225,-945
-1226,360,897,-389,-1403,-1041,-1294,-1937,-2058,-1554,-1209,-936
-1222,356,895,-390,-1399,-1035,-1279,-1921,-2040,-1543,-1198,-932
-1217,350,893,-390,-1393,-1027,-1263,-1905,-2026,-1536,-1191,-928
-1209,342,889,-390,-1386,-1017,-1246,-1887,-2013,-1526,-1181,-923
-1206,335,889,-391,-1384,-1009,-1229,-1866,-2002,-1516,-1172,-919
-1211,328,896,-396,-1392,-1008,-1211,-1847,-1993,-1511,-1166,-916
-1216,321,902,-399,-1401,-1008,-1195,-1825,-1984,-1506,-1160,-913
-1216,314,903,-400,-1404,-1004,-1178,-1802,-1975,-1502,-1156,-908
-1216,305,905,-402,-1406,-999,-1159,-1779,-1964,-1500,-1152,-905
-1199,296,890,-392,-1387,-984,-1135,-1747,-1949,-1489,-1137,-895
-1182,285,877,-385,-1369,-967,-1114,-1718,-1935,-1482,-1123,-886
-1166,274,865,-380,-1353,-951,-1097,-1697,-1920,-1471,-1110,-877
-1147,263,851,-372,-1334,-934,-1083,-1679,-1910,-1459,-1097,-869
-1135,251,845,-371,-1323,-920,-1071,-1667,-1904,-1453,-1088,-865
-1126,241,840,-370,-1317,-911,-1062,-1657,-1899,-1444,-1080,-861
-1118,235,833,-365,-1308,-904,-1054,-1641,-1893,-1430,-1068,-855
-1106,232,821,-357,-1294,-896,-1044,-1614,-1886,-1409,-1052,-845
-1096,227,813,-353,-1284,-889,-1034,-1588,-1878,-1394,-1040,-837
-1098,223,819,-359,-1291,-889,-1029,-1568,-1872,-1389,-1035,-834
-1102,222,823,-363,-1297,-893,-1024,-1552,-1863,-1385,-1033,-832
-1102,223,824,-364,-1298,-895,-1021,-1538,-1853,-1380,-1034,-831
-1097,226,818,-360,-1291,-895,-1020,-1524,-1844,-1377,-1036,-829
-1094,231,814,-357,-1287,-897,-1024,-1515,-1838,-1380,-1040,-829
-1099,236,819,-361,-1293,-904,-1031,-1511,-1833,-1387,-1050,-830
-1102,240,824,-367,-1297,-909,-1040,-1509,-1830,-1397,-1060,-830
-1098,241,826,-372,-1294,-907,-1048,-1507,-1827,-1412,-1069,-828
-1090,239,827,-381,-1289,-900,-1053,-1507,-1825,-1428,-1074,-827
-1088,240,832,-390,-1289,-898,-1054,-1507,-1824,-1437,-1079,-826
-1087,243,836,-396,-1290,-898,-1051,-1502,-1821,-1440,-1080,-825
-1101,248,853,-411,-1308,-909,-1051,-1505,-1820,-1449,-1087,-829
-1114,258,864,-419,-1323,-922,-1048,-1511,-1820,-1454,-1091,-831
-1128,269,875,-425,-1338,-937,-1047,-1515,-1818,-1458,-1093,-835
-1148,281,889,-431,-1359,-956,-1047,-1522,-1814,-1461,-1099,-839
-1163,296,896,-432,-1372,-973,-1045,-1530,-1810,-1461,-1103,-839
-1175,310,899,-429,-1381,-988,-1044,-1537,-1805,-1459,-1107,-840
-1189,320,907,-432,-1394,-1002,-1046,-1548,-1802,-1460,-1114,-843
-1207,325,923,-442,-1415,-1014,-1047,-1560,-1800,-1464,-1124,-846
-1220,328,936,-450,-1432,-1022,-1042,-1568,-1793,-1462,-1131,-846
-1223,333,935,-447,-1432,-1026,-1032,-1567,-1782,-1455,-1130,-839
-1221,336,930,-443,-1428,-1024,-1021,-1560,-1771,-1446,-1124,-829
-1220,338,925,-437,-1424,-1023,-1008,-1553,-1760,-1432,-1115,-820
-1220,338,924,-435,-1423,-1021,-994,-1549,-1753,-1422,-1108,-814
-1221,338,922,-431,-1423,-1022,-982,-1541,-1751,-1415,-1105,-810
-1222,341,917,-423,-1421,-1024,-973,-1527,-1749,-1404,-1100,-805
-1228,343,915,-415,-1424,-1029,-967,-1515,-1750,-1394,-1095,-802
-1238,346,917,-411,-1433,-1037,-966,-1505,-1754,-1387,-1092,-804
-1249,347,921,-408,-1444,-1046,-965,-1493,-1756,-1383,-1089,-806
-1259,348,925,-405,-1455,-1054,-966,-1479,-1756,-1382,-1086,-809
-1268,347,929,-403,-1464,-1061,-967,-1467,-1753,-1383,-1086,-814
-1263,348,917,-389,-1454,-1060,-963,-1451,-1746,-1382,-1079,-816
-1256,342,909,-382,-1445,-1053,-960,-1434,-1738,-1384,-1075,-820
-1246,333,903,-378,-1436,-1043,-955,-1418,-1729,-1383,-1073,-823
-1231,325,891,-370,-1419,-1030,-950,-1402,-1719,-1382,-1069,-826
-1218,316,882,-365,-1405,-1017,-945,-1387,-1711,-1385,-1066,-829
-1206,308,874,-361,-1392,-1007,-939,-1374,-1707,-1386,-1064,-832
-1194,303,862,-352,-1377,-997,-930,-1356,-1700,-1379,-1056,-833
-1179,300,847,-340,-1358,-989,-922,-1334,-1694,-1370,-1041,-827
-1165,296,835,-332,-1341,-978,-917,-1316,-1693,-1366,-1029,-823
-1157,288,834,-335,-1335,-969,-918,-1307,-1697,-1371,-1023,-823
-1151,281,834,-338,-1331,-962,-920,-1300,-1700,-1377,-1021,-826
-1145,278,832,-338,-1325,-957,-922,-1292,-1702,-1379,-1018,-827
-1135,276,825,-335,-1313,-949,-922,-1284,-1702,-1376,-1014,-827
-1122,273,817,-334,-1298,-938,-922,-1275,-1704,-1377,-1011,-827
-1116,272,817,-337,-1293,-933,-924,-1269,-1708,-1379,-1012,-830
-1115,278,815,-335,-1290,-935,-927,-1265,-1710,-1377,-1013,-829
-1115,285,813,-332,-1288,-939,-929,-1257,-1715,-1376,-1017,-829
-1114,292,811,-331,-1284,-941,-928,-1254,-1721,-1380,-1022,-829
-1114,297,812,-334,-1284,-943,-927,-1252,-1726,-1382,-1025,-830
-1114,301,815,-338,-1284,-943,-927,-1246,-1726,-1381,-1024,-831
-1122,299,831,-356,-1300,-945,-932,-1252,-1727,-1387,-1028,-840
-1130,299,845,-370,-1313,-949,-936,-1258,-1726,-1391,-1032,-848
-1139,302,857,-382,-1327,-954,-939,-1262,-1725,-1393,-1036,-855
-1152,304,873,-396,-1345,-962,-941,-1264,-1721,-1393,-1042,-860
-1159,304,885,-410,-1358,-964,-934,-1260,-1711,-1383,-1043,-858
-1162,298,898,-426,-1369,-962,-924,-1254,-1697,-1369,-1038,-851
-1167,291,913,-444,-1382,-958,-916,-1250,-1683,-1356,-1036,-845
-1177,285,929,-462,-1400,-959,-910,-1249,-1670,-1341,-1037,-840
-1184,284,939,-470,-1412,-963,-904,-1246,-1659,-1322,-1036,-835
-1180,286,933,-467,-1406,-960,-895,-1239,-1649,-1302,-1029,-827
-1172,285,926,-463,-1396,-954,-887,-1234,-1638,-1284,-1022,-818
-1170,286,921,-458,-1392,-953,-879,-1230,-1628,-1269,-1016,-810
-1169,287,916,-453,-1389,-954,-874,-1228,-1621,-1262,-1014,-805
-1166,287,909,-446,-1383,-952,-870,-1224,-1615,-1258,-1016,-802
-1157,286,898,-437,-1370,-946,-865,-1215,-1607,-1254,-1011,-798
-1149,281,890,-431,-1360,-939,-860,-1205,-1598,-1249,-1005,-794
-1147,275,888,-431,-1359,-935,-857,-1197,-1590,-1246,-1001,-791
-1144,268,888,-431,-1357,-930,-855,-1187,-1582,-1242,-997,-785
-1139,259,886,-432,-1352,-921,-851,-1176,-1570,-1235,-990,-778
-1134,249,885,-433,-1348,-913,-847,-1169,-1556,-1231,-986,-771
-1117,242,870,-423,-1328,-899,-841,-1157,-1541,-1222,-976,-763
-1100,233,855,-414,-1306,-883,-838,-1149,-1535,-1218,-971,-760
-1085,227,841,-403,-1287,-872,-836,-1143,-1534,-1217,-970,-760
-1069,223,825,-391,-1266,-860,-836,-1138,-1535,-1217,-968,-760
-1063,220,818,-384,-1257,-855,-839,-1133,-1535,-1215,-965,-763
-1060,216,816,-381,-1253,-852,-842,-1129,-1532,-1209,-961,-767
-1052,211,810,-377,-1244,-845,-844,-1124,-1529,-1196,-955,-768
-1041,209,800,-369,-1230,-837,-844,-1113,-1527,-1181,-941,-765
-1035,205,798,-368,-1225,-832,-845,-1103,-1529,-1173,-928,-761
-1038,200,807,-377,-1232,-831,-851,-1101,-1537,-1172,-922,-764
-1040,194,816,-386,-1239,-829,-855,-1103,-1545,-1175,-919,-769
-1040,190,823,-393,-1243,-826,-858,-1105,-1549,-1175,-917,-770
-1036,187,825,-398,-1241,-820,-860,-1103,-1550,-1171,-914,-767
-1029,182,827,-405,-1238,-812,-862,-1096,-1547,-1169,-913,-762
-1027,181,830,-411,-1238,-810,-863,-1090,-1545,-1173,-917,-762
-1026,186,829,-411,-1237,-811,-857,-1077,-1541,-1176,-921,-762
-1020,190,824,-410,-1229,-808,-847,-1058,-1532,-1173,-923,-758
-1008,192,816,-408,-1216,-800,-838,-1041,-1524,-1167,-924,-754
-996,191,810,-411,-1204,-790,-832,-1026,-1516,-1159,-924,-750
-983,190,803,-412,-1190,-779,-825,-1008,-1508,-1149,-921,-744
-983,190,810,-423,-1195,-777,-824,-1002,-1503,-1148,-923,-743
-986,193,815,-430,-1199,-779,-820,-997,-1498,-1147,-926,-740
-986,194,818,-437,-1202,-778,-814,-992,-1490,-1146,-928,-734
-992,197,826,-446,-1210,-781,-810,-991,-1483,-1149,-931,-730
-996,201,829,-449,-1215,-785,-801,-988,-1471,-1146,-929,-724
-999,204,831,-453,-1218,-786,-791,-980,-1454,-1137,-922,-716
-1002,202,839,-463,-1224,-785,-783,-972,-1436,-1128,-919,-710
-1008,196,850,-477,-1235,-784,-776,-969,-1418,-1120,-920,-706
-1012,194,856,-483,-1241,-784,-765,-962,-1397,-1108,-916,-697
-1008,199,847,-475,-1232,-784,-747,-949,-1370,-1090,-904,-683
-1003,206,833,-462,-1219,-784,-731,-937,-1347,-1075,-889,-670
-998,212,820,-449,-1207,-785,-716,-925,-1328,-1062,-875,-660
-998,213,815,-442,-1203,-786,-708,-915,-1312,-1055,-864,-651
-999,215,811,-436,-1201,-788,-705,-908,-1299,-1050,-855,-643
-994,215,801,-427,-1192,-786,-702,-898,-1289,-1044,-844,-634
-991,213,795,-420,-1186,-785,-700,-889,-1281,-1040,-833,-628
-996,214,793,-414,-1188,-790,-698,-882,-1272,-1035,-824,-623
-1006,217,795,-409,-1196,-800,-698,-873,-1261,-1031,-817,-619
-1013,220,794,-401,-1201,-809,-698,-864,-1250,-1026,-810,-614
-1016,217,793,-398,-1204,-812,-697,-858,-1239,-1024,-806,-611
-1010,216,783,-387,-1193,-809,-693,-846,-1223,-1010,-792,-602
-1003,210,777,-381,-1186,-803,-690,-831,-1205,-995,-778,-593
-994,201,771,-378,-1177,-794,-682,-816,-1189,-981,-766,-586
-975,192,757,-370,-1157,-778,-673,-799,-1176,-970,-751,-579
-958,185,744,-361,-1138,-765,-671,-785,-1167,-962,-738,-576
-946,182,732,-351,-1123,-756,-671,-775,-1160,-958,-728,-575
-929,182,714,-335,-1102,-747,-670,-763,-1155,-956,-718,-574
-908,183,690,-314,-1072,-736,-668,-744,-1146,-951,-704,-570
-892,188,670,-294,-1049,-731,-668,-725,-1136,-948,-690,-566
-888,192,663,-285,-1043,-733,-670,-711,-1131,-952,-685,-565
-889,195,663,-283,-1044,-736,-673,-700,-1126,-956,-684,-565
-890,197,665,-282,-1046,-739,-677,-694,-1122,-959,-685,-564
-889,198,666,-283,-1046,-740,-682,-688,-1115,-956,-684,-561
-884,193,670,-290,-1046,-734,-688,-680,-1109,-951,-681,-559
-884,188,679,-302,-1051,-730,-698,-678,-1105,-957,-684,-562
-879,182,684,-313,-1051,-723,-706,-674,-1101,-964,-689,-563
-871,177,686,-321,-1046,-713,-713,-667,-1096,-969,-693,-561
-862,171,688,-330,-1040,-702,-718,-660,-1091,-972,-694,-559
-853,164,692,-342,-1036,-691,-720,-655,-1087,-975,-695,-556
-845,157,696,-354,-1032,-679,-720,-647,-1082,-974,-694,-554
-850,151,713,-375,-1046,-676,-723,-644,-1078,-972,-697,-556
-857,151,724,-388,-1056,-679,-728,-642,-1071,-965,-699,-559
-860,155,729,-393,-1060,-681,-732,-640,-1062,-957,-700,-562
-868,161,736,-398,-1068,-688,-737,-645,-1057,-954,-704,-564
-872,169,737,-398,-1070,-694,-742,-651,-1049,-950,-709,-564
-875,176,736,-397,-1070,-697,-746,-657,-1038,-945,-709,-564
-876,178,739,-400,-1071,-697,-749,-664,-1027,-939,-710,-566
-880,179,744,-405,-1075,-698,-749,-674,-1015,-934,-714,-569
-880,179,745,-408,-1075,-696,-745,-678,-1000,-925,-715,-569
-869,180,735,-401,-1060,-688,-735,-672,-978,-906,-710,-563
-853,177,723,-395,-1042,-675,-724,-660,-954,-889,-701,-557
-836,174,708,-387,-1021,-661,-712,-643,-926,-866,-689,-549
-819,169,694,-378,-1000,-647,-699,-620,-895,-844,-680,-541
-800,163,679,-369,-978,-630,-682,-589,-858,-819,-671,-533
-772,152,658,-360,-947,-605,-659,-546,-811,-786,-657,-525
-743,136,642,-355,-918,-577,-630,-491,-760,-751,-641,-515
-719,118,631,-354,-897,-551,-599,-428,-702,-712,-625,-504
-698,102,622,-352,-878,-529,-568,-354,-638,-671,-608,-494
-674,86,609,-348,-855,-504,-533,-268,-565,-624,-587,-484
-648,69,595,-344,-830,-477,-495,-178,-485,-573,-567,-475
-607,53,565,-328,-785,-441,-447,-72,-394,-510,-537,-459
-565,34,536,-315,-739,-404,-398,42,-292,-442,-502,-441
-524,15,509,-304,-695,-366,-350,157,-182,-369,-467,-426
-476,-4,476,-289,-643,-323,-301,276,-63,-292,-424,-410
-430,-23,444,-275,-592,-282,-254,390,59,-213,-379,-391
-382,-40,410,-260,-539,-241,-210,494,184,-128,-331,-369
-326,-58,369,-242,-475,-193,-168,593,312,-32,-275,-343
-261,-78,321,-221,-400,-138,-129,685,439,74,-209,-309
-194,-101,276,-205,-325,-79,-97,767,564,178,-139,-269
-134,-127,240,-199,-260,-22,-75,832,687,281,-70,-227
-71,-155,205,-196,-194,39,-61,885,814,397,6,-181
1,-186,164,-192,-118,108,-53,927,951,526,92,-128
80,-215,116,-184,-32,181,-52,968,1101,674,189,-64
162,-245,66,-175,58,257,-55,1014,1266,842,298,12
239,-270,17,-165,143,326,-59,1066,1445,1027,412,93
314,-285,-39,-146,233,389,-61,1132,1640,1227,535,178
390,-296,-101,-120,328,449,-64,1213,1849,1437,666,267
467,-304,-165,-92,424,508,-68,1300,2069,1658,808,359
540,-308,-229,-60,518,563,-73,1395,2300,1891,958,457
614,-308,-298,-24,616,615,-75,1505,2544,2136,1117,560
677,-307,-356,7,699,660,-75,1617,2797,2383,1273,662
739,-302,-418,43,783,701,-70,1736,3061,2643,1435,771
807,-295,-487,86,876,745,-65,1858,3334,2914,1610,888
880,-293,-557,128,974,795,-62,1980,3614,3199,1796,1015
963,-289,-638,179,1084,850,-55,2110,3908,3509,1999,1156
1055,-288,-727,235,1205,913,-47,2248,4215,3836,2217,1308
1145,-285,-817,293,1326,974,-35,2395,4534,4177,2443,1469
1231,-277,-907,358,1443,1026,-18,2551,4864,4529,2673,1635
1316,-260,-1008,437,1566,1073,5,2720,5208,4894,2912,1807
1408,-233,-1125,535,1705,1118,37,2909,5569,5283,3171,1992
1503,-205,-1248,639,1849,1162,69,3109,5942,5693,3443,2188
1599,-177,-1374,746,1996,1208,99,3314,6321,6115,3729,2393
1692,-147,-1499,856,2140,1250,126,3518,6705,6549,4027,2604
1776,-109,-1625,973,2278,1280,154,3721,7094,6993,4334,2822
1858,-63,-1757,1100,2418,1303,181,3930,7493,7452,4650,3043
1931,-12,-1888,1232,2552,1316,203,4139,7902,7921,4973,3266
1993,48,-2016,1367,2676,1315,218,4342,8314,8395,5301,3493
2042,115,-2140,1505,2790,1301,225,4534,8722,8869,5633,3721
2084,189,-2264,1649,2899,1277,225,4710,9117,9328,5963,3950
2118,267,-2384,1792,2999,1245,220,4862,9488,9761,6283,4174
2155,349,-2512,1943,3107,1211,215,5000,9836,10166,6596,4393
2182,433,-2631,2088,3202,1169,208,5114,10149,10527,6889,4600
2195,521,-2741,2229,3282,1115,190,5192,10409,10824,7153,4787
2199,612,-2844,2367,3351,1052,160,5227,10607,11053,7385,4956
2183,703,-2927,2490,3395,977,113,5216,10732,11203,7576,5098
2149,798,-2995,2604,3416,887,54,5170,10783,11272,7725,5215
2100,900,-3055,2715,3421,782,-12,5099,10766,11265,7837,5307
2041,1007,-3109,2824,3417,667,-84,5012,10690,11187,7915,5379
1967,1116,-3148,2923,3393,541,-164,4903,10560,11044,7954,5426
1872,1225,-3165,3005,3339,402,-263,4760,10374,10836,7946,5445
1758,1340,-3169,3081,3265,247,-378,4588,10139,10574,7899,5443
1635,1460,-3167,3155,3182,83,-510,4390,9860,10268,7821,5426
1509,1584,-3165,3230,3096,-85,-661,4170,9546,9927,7719,5394
1384,1706,-3161,3303,3011,-252,-829,3930,9211,9568,7601,5351
1255,1827,-3151,3368,2918,-419,-1018,3665,8865,9202,7465,5299
1137,1945,-3148,3435,2838,-576,-1228,3379,8518,8847,7325,5251
1037,2056,-3156,3505,2777,-716,-1463,3073,8167,8513,7186,5211
954,2159,-3171,3573,2733,-838,-1729,2737,7807,8199,7050,5179
883,2251,-3187,3635,2698,-944,-2033,2364,7432,7895,6921,5155
828,2334,-3209,3695,2677,-1033,-2379,1951,7037,7598,6802,5141
774,2406,-3220,3740,2651,-1113,-2766,1491,6615,7295,6681,5132
729,2472,-3233,3784,2632,-1183,-3187,992,6167,6987,6561,5129
692,2535,-3251,3829,2621,-1246,-3640,455,5693,6670,6443,5132
655,2591,-3262,3867,2607,-1302,-4123,-122,5186,6340,6319,5133
625,2642,-3274,3901,2598,-1350,-4629,-731,4655,6001,6191,5133
599,2685,-3282,3930,2589,-1390,-5151,-1365,4101,5648,6056,5129
570,2716,-3275,3943,2569,-1425,-5680,-2023,3523,5277,5907,5114
530,2736,-3245,3934,2525,-1459,-6206,-2700,2926,4883,5733,5083
482,2747,-3199,3910,2466,-1493,-6713,-3382,2314,4460,5532,5027
430,2753,-3146,3880,2399,-1527,-7191,-4058,1689,4006,5305,4946
358,2757,-3070,3834,2303,-1572,-7636,-4727,1045,3510,5044,4831
254,2758,-2961,3766,2164,-1638,-8046,-5388,388,2976,4745,4676
122,2754,-2819,3675,1983,-1719,-8422,-6039,-279,2410,4408,4482
-37,2743,-2646,3559,1764,-1815,-8771,-6680,-957,1819,4036,4252
-212,2729,-2454,3429,1520,-1921,-9096,-7308,-1643,1211,3643,3994
-404,2707,-2238,3280,1248,-2032,-9403,-7935,-2342,582,3227,3713
-613,2681,-2003,3115,951,-2154,-9699,-8566,-3060,-69,2789,3414
-840,2655,-1751,2939,631,-2288,-9987,-9200,-3807,-739,2327,3097
-1078,2628,-1488,2756,295,-2429,-10259,-9842,-4584,-1430,1846,2764
-1328,2600,-1214,2565,-57,-2579,-10517,-10497,-5396,-2152,1344,2415
-1578,2576,-946,2379,-406,-2731,-10760,-11157,-6241,-2892,834,2062
-1830,2549,-673,2188,-760,-2885,-10998,-11828,-7124,-3653,318,1706
-2094,2524,-390,1991,-1129,-3047,-11228,-12517,-8039,-4426,-209,1344
-2369,2507,-106,1797,-1507,-3223,-11445,-13211,-8982,-5205,-741,974
-2668,2499,192,1598,-1909,-3421,-11650,-13913,-9957,-5999,-1285,588
-2989,2503,501,1399,-2335,-3642,-11837,-14615,-10954,-6800,-1840,189
-3332,2524,815,1206,-2778,-3889,-12003,-15300,-11956,-7598,-2401,-221
-3692,2559,1130,1021,-3234,-4157,-12145,-15944,-12940,-8376,-2962,-635
-4070,2609,1449,841,-3703,-4446,-12263,-16532,-13884,-9121,-3518,-1049
-4462,2668,1774,662,-4185,-4752,-12362,-17055,-14771,-9824,-4070,-1464
-4858,2741,2089,497,-4662,-5069,-12442,-17497,-15579,-10463,-4603,-1870
-5244,2823,2387,348,-5121,-5386,-12507,-17850,-16292,-11024,-5104,-2256
-5613,2912,2660,220,-5551,-5695,-12553,-18115,-16903,-11501,-5567,-2616
-5950,3000,2905,106,-5940,-5982,-12583,-18297,-17412,-11902,-5987,-2944
-6255,3078,3129,0,-6292,-6241,-12602,-18409,-17826,-12226,-6367,-3245
-6522,3149,3323,-91,-6598,-6471,-12610,-18457,-18146,-12476,-6702,-3515
-6746,3211,3485,-168,-6853,-6664,-12604,-18444,-18378,-12659,-6992,-3755
-6928,3261,3618,-235,-7060,-6821,-12581,-18378,-18531,-12785,-7239,-3966
-7077,3300,3731,-294,-7230,-6948,-12542,-18260,-18610,-12858,-7446,-4150
-7194,3330,3823,-346,-7365,-7048,-12487,-18093,-18622,-12879,-7611,-4307
-7289,3347,3907,-401,-7478,-7123,-12422,-17896,-18582,-12864,-7749,-4443
-7352,3353,3971,-450,-7557,-7169,-12342,-17670,-18491,-12808,-7857,-4553
-7379,3347,4012,-490,-7595,-7182,-12247,-17416,-18349,-12713,-7929,-4636
-7373,3325,4039,-532,-7602,-7161,-12140,-17140,-18163,-12583,-7969,-4694
-7329,3286,4044,-569,-7569,-7103,-12013,-16837,-17928,-12410,-7969,-4722
-7250,3232,4030,-601,-7500,-7012,-11867,-16506,-17647,-12199,-7936,-4723
-7146,3164,4005,-635,-7408,-6893,-11695,-16148,-17321,-11954,-7876,-4703
-7025,3086,3973,-670,-7300,-6756,-11500,-15766,-16953,-11678,-7791,-4664
-6880,2999,3927,-699,-7166,-6596,-11280,-15351,-16547,-11369,-7682,-4605
-6710,2909,3858,-713,-7002,-6417,-11034,-14907,-16107,-11032,-7546,-4528
-6522,2812,3777,-722,-6819,-6222,-10770,-14442,-15640,-10681,-7394,-4442
-6326,2711,3691,-728,-6628,-6018,-10495,-13962,-15152,-10323,-7228,-4348
-6128,2607,3604,-734,-6435,-5811,-10208,-13473,-14651,-9960,-7049,-4249
-5923,2499,3514,-738,-6237,-5597,-9914,-12978,-14142,-9594,-6863,-4146
-5712,2392,3414,-734,-6030,-5379,-9617,-12476,-13625,-9225,-6667,-4037
-5501,2282,3316,-731,-5824,-5160,-9316,-11972,-13106,-8860,-6466,-3927
-5292,2171,3220,-730,-5624,-4942,-9009,-11471,-12585,-8504,-6265,-3817
-5084,2058,3124,-729,-5425,-4725,-8700,-10973,-12069,-8158,-6065,-3710
-4875,1946,3025,-726,-5223,-4507,-8387,-10476,-11556,-7815,-5862,-3603
-4672,1836,2927,-721,-5027,-4296,-8073,-9987,-11051,-7480,-5664,-3496
-4465,1731,2818,-706,-4823,-4087,-7757,-9497,-10552,-7145,-5462,-3384
-4258,1625,2708,-692,-4617,-3877,-7441,-9012,-10062,-6820,-5262,-3273
-4055,1520,2600,-678,-4417,-3672,-7126,-8534,-9581,-6504,-5066,-3164
-3847,1417,2482,-658,-4207,-3467,-6809,-8058,-9105,-6189,-4869,-3054
-3645,1316,2368,-641,-4004,-3268,-6502,-7590,-8642,-5882,-4676,-2945
-3450,1218,2257,-624,-3806,-3076,-6202,-7129,-8190,-5585,-4486,-2839
-3260,1126,2143,-603,-3611,-2893,-5909,-6678,-7749,-5295,-4294,-2734
-3073,1039,2028,-581,-3416,-2715,-5620,-6238,-7319,-5010,-4100,-2627
-2898,956,1921,-563,-3234,-2550,-5339,-5813,-6901,-4738,-3909,-2519
-2742,876,1831,-555,-3075,-2399,-5068,-5405,-6496,-4479,-3727,-2415
-2599,804,1746,-548,-2926,-2263,-4798,-5008,-6101,-4224,-3552,-2313
-2464,739,1663,-539,-2784,-2137,-4527,-4622,-5716,-3977,-3382,-2214
-2336,684,1579,-526,-2645,-2023,-4258,-4247,-5343,-3739,-3217,-2119
-2216,636,1497,-510,-2511,-1919,-3992,-3880,-4983,-3511,-3060,-2030
-2113,594,1429,-502,-2397,-1829,-3734,-3526,-4635,-3295,-2916,-1949
-2015,558,1361,-491,-2286,-1747,-3479,-3182,-4296,-3085,-2781,-1872
-1919,527,1293,-478,-2174,-1668,-3227,-2849,-3969,-2880,-2652,-1799
-1822,497,1224,-464,-2060,-1589,-2976,-2531,-3654,-2684,-2527,-1729
-1731,469,1162,-454,-1954,-1514,-2730,-2226,-3354,-2501,-2409,-1665
-1645,443,1105,-446,-1854,-1444,-2487,-1929,-3065,-2325,-2294,-1604
-1574,417,1065,-449,-1775,-1382,-2251,-1650,-2789,-2166,-2189,-1548
-1511,395,1030,-452,-1705,-1327,-2022,-1387,-2523,-2013,-2092,-1496
-1449,378,994,-450,-1634,-1275,-1798,-1138,-2271,-1868,-1998,-1444
-1393,362,964,-451,-1571,-1225,-1582,-907,-2034,-1735,-1911,-1395
-1340,349,935,-449,-1511,-1179,-1370,-685,-1804,-1603,-1825,-1344
-1288,334,910,-448,-1454,-1131,-1158,-472,-1583,-1473,-1742,-1294
-1240,316,892,-453,-1406,-1083,-957,-276,-1377,-1355,-1668,-1250
-1198,293,885,-465,-1369,-1035,-768,-99,-1184,-1247,-1605,-1211
-1158,273,878,-474,-1334,-990,-590,69,-998,-1140,-1546,-1170
-1112,259,859,-469,-1288,-944,-419,237,-818,-1032,-1483,-1124
-1063,246,834,-457,-1237,-896,-258,395,-652,-934,-1421,-1079
-1017,234,812,-444,-1190,-850,-109,540,-500,-848,-1364,-1035
-978,224,793,-431,-1152,-810,26,674,-362,-774,-1312,-992
-944,213,779,-419,-1119,-772,147,797,-237,-711,-1265,-955
-903,201,758,-403,-1080,-729,260,915,-124,-649,-1215,-919
-865,186,742,-392,-1046,-686,364,1026,-20,-593,-1167,-887
-831,171,729,-382,-1017,-647,456,1125,73,-542,-1122,-859
-800,156,716,-371,-991,-610,533,1219,159,-494,-1081,-832
-767,143,699,-357,-961,-573,605,1308,240,-450,-1040,-806
-732,127,678,-344,-928,-534,670,1388,313,-416,-1003,-783
-684,111,644,-321,-878,-489,732,1467,384,-375,-962,-759
-631,92,606,-300,-822,-438,785,1542,450,-333,-921,-736
-582,71,572,-283,-771,-390,830,1611,509,-295,-885,-715
-528,50,532,-263,-712,-340,874,1679,565,-258,-846,-695
-477,27,495,-249,-658,-292,914,1745,617,-221,-808,-676
-430,0,465,-243,-610,-245,949,1808,667,-187,-774,-659
-381,-29,434,-239,-560,-198,984,1870,714,-156,-740,-643
-329,-59,401,-237,-506,-146,1017,1938,760,-123,-703,-626
-278,-91,371,-240,-455,-97,1044,2004,806,-89,-665,-609
-238,-128,356,-258,-420,-52,1064,2063,848,-62,-636,-601
-203,-165,348,-282,-391,-10,1084,2116,887,-38,-612,-597
-168,-201,340,-307,-363,31,1106,2165,921,-19,-593,-595
-135,-232,329,-329,-334,67,1130,2213,954,-2,-578,-595
-103,-258,314,-346,-302,99,1157,2263,989,13,-562,-593
-83,-279,309,-366,-284,121,1184,2304,1023,18,-552,-595
-68,-291,301,-380,-267,133,1212,2344,1056,25,-544,-597
-52,-298,288,-387,-246,144,1245,2384,1091,30,-538,-597
-36,-300,273,-390,-223,152,1278,2420,1123,34,-535,-597
-23,-303,262,-395,-204,159,1303,2448,1147,33,-536,-602
-11,-303,250,-397,-185,164,1326,2478,1171,36,-535,-605
-11,-300,251,-405,-182,161,1348,2502,1191,39,-540,-611
-19,-293,255,-411,-187,150,1373,2523,1215,46,-546,-614
-29,-284,261,-416,-194,138,1402,2543,1241,57,-545,-615
-46,-275,277,-426,-214,121,1433,2559,1267,65,-546,-615
-66,-263,292,-432,-234,102,1464,2577,1296,78,-547,-613
-85,-249,305,-433,-252,83,1496,2597,1329,99,-547,-611
-105,-235,320,-434,-274,62,1523,2614,1364,117,-551,-610
-129,-222,340,-438,-301,41,1547,2626,1397,129,-561,-611
-151,-209,359,-439,-327,22,1568,2640,1430,140,-570,-612
-167,-193,366,-429,-342,5,1596,2663,1465,155,-569,-607
-177,-177,369,-415,-350,-8,1627,2687,1500,173,-565,-599
-185,-163,372,-400,-358,-18,1656,2709,1530,191,-556,-593
-193,-152,375,-386,-367,-26,1683,2730,1561,215,-543,-587
-204,-140,381,-373,-379,-36,1706,2749,1592,240,-528,-579
-210,-127,379,-353,-384,-43,1729,2774,1625,269,-507,-567
-214,-116,377,-333,-387,-50,1750,2800,1658,293,-486,-555
-220,-108,378,-319,-394,-54,1767,2824,1688,315,-466,-543
-224,-105,381,-309,-402,-56,1777,2851,1717,336,-447,-529
-223,-103,378,-296,-402,-53,1788,2880,1745,360,-428,-515
-215,-103,370,-283,-394,-45,1798,2904,1770,378,-415,-506
-193,-103,348,-260,-367,-28,1811,2934,1797,401,-394,-494
-165,-108,321,-239,-333,-4,1826,2969,1826,425,-366,-481
-137,-117,299,-227,-302,21,1838,3002,1853,446,-340,-469
-105,-126,272,-211,-265,48,1848,3034,1882,468,-310,-454
-73,-137,246,-200,-228,76,1854,3064,1907,483,-283,-443
-44,-150,224,-194,-195,103,1859,3091,1930,493,-260,-436
-11,-165,200,-189,-157,133,1863,3118,1952,501,-238,-425
27,-179,170,-181,-113,165,1869,3151,1974,510,-213,-413
64,-195,142,-177,-69,197,1874,3183,1994,515,-189,-402
92,-214,127,-186,-40,224,1872,3205,2007,515,-172,-396
115,-234,118,-199,-16,249,1864,3222,2014,514,-160,-390
137,-252,109,-213,6,272,1855,3235,2018,514,-153,-384
158,-269,99,-226,29,293,1849,3248,2024,516,-146,-375
179,-285,89,-239,52,313,1848,3266,2034,522,-138,-364
188,-299,92,-260,58,325,1849,3279,2042,529,-136,-356
195,-311,94,-279,64,333,1852,3293,2050,533,-137,-351
203,-321,94,-296,73,343,1856,3309,2059,538,-138,-349
211,-329,93,-309,83,350,1861,3327,2069,544,-138,-348
212,-331,94,-319,86,350,1865,3343,2080,545,-143,-353
209,-329,95,-325,85,344,1871,3358,2089,546,-147,-359
194,-329,113,-343,66,332,1878,3364,2096,543,-155,-368
172,-327,135,-360,39,314,1884,3365,2105,539,-165,-377
149,-317,151,-368,15,293,1891,3367,2115,539,-172,-381
125,-310,171,-378,-13,272,1897,3370,2127,545,-178,-385
106,-302,186,-382,-34,254,1909,3374,2142,557,-182,-385
95,-294,194,-381,-46,242,1922,3378,2159,569,-181,-381
85,-290,203,-382,-59,234,1934,3382,2176,578,-179,-376
72,-286,216,-384,-77,224,1946,3384,2193,581,-179,-374
63,-284,226,-383,-90,218,1958,3386,2212,587,-180,-374
65,-282,224,-375,-89,221,1975,3395,2235,598,-175,-370
69,-280,220,-364,-86,224,1989,3404,2257,611,-167,-364
68,-275,218,-353,-88,222,2001,3413,2276,623,-159,-356
63,-271,220,-343,-95,218,2014,3421,2291,630,-152,-351
53,-265,224,-334,-108,209,2026,3424,2302,634,-147,-350
49,-258,221,-318,-112,204,2040,3433,2314,644,-138,-348
44,-254,221,-306,-117,200,2056,3444,2324,655,-127,-346
39,-251,222,-297,-125,196,2072,3457,2336,665,-118,-345
32,-247,224,-288,-134,190,2087,3471,2348,674,-109,-343
27,-237,218,-270,-137,181,2099,3486,2363,691,-98,-340
25,-230,211,-254,-136,176,2110,3494,2379,706,-88,-335
38,-224,190,-231,-117,181,2123,3509,2398,726,-74,-325
59,-222,165,-209,-88,194,2131,3528,2415,749,-57,-314
78,-223,145,-193,-64,207,2136,3544,2428,770,-43,-306
102,-226,121,-177,-34,225,2139,3563,2443,790,-24,-295
127,-230,99,-165,-4,244,2142,3581,2455,804,-6,-287
149,-237,81,-157,23,262,2141,3600,2465,813,9,-281
171,-243,63,-151,49,279,2140,3623,2476,828,27,-274
196,-248,41,-143,81,298,2139,3649,2491,848,50,-264
223,-256,21,-139,113,319,2137,3671,2504,864,72,-255
242,-267,13,-146,132,337,2131,3685,2511,872,85,-252
254,-277,10,-157,144,350,2124,3696,2516,881,93,-251
266,-283,4,-163,159,360,2119,3706,2522,890,101,-251
277,-286,-3,-167,174,368,2117,3715,2527,898,107,-252
292,-291,-13,-171,194,380,2117,3725,2534,904,115,-253
299,-299,-11,-185,200,389,2116,3730,2543,905,116,-255
305,-306,-9,-199,206,396,2113,3733,2553,908,116,-259
312,-312,-8,-210,213,404,2111,3736,2564,918,115,-263
322,-317,-11,-219,224,414,2109,3739,2574,931,114,-263
328,-323,-9,-230,231,422,2104,3741,2584,941,111,-264
330,-327,-7,-240,233,426,2099,3746,2595,954,112,-265
320,-329,7,-255,220,422,2095,3748,2603,960,111,-268
303,-327,25,-269,199,410,2094,3748,2610,962,108,-271
288,-323,38,-277,181,398,2093,3751,2616,965,108,-271
267,-320,56,-289,156,384,2090,3749,2624,968,104,-271
250,-314,70,-294,136,370,2092,3748,2635,974,102,-265
236,-305,76,-291,122,356,2096,3749,2647,985,105,-256
221,-293,80,-284,108,341,2098,3749,2657,994,106,-248
203,-283,89,-280,89,324,2099,3750,2669,1004,107,-242
190,-277,96,-277,74,313,2105,3755,2684,1018,108,-236
191,-269,88,-261,77,310,2120,3769,2703,1040,114,-225
199,-261,71,-239,91,312,2137,3788,2723,1065,126,-211
207,-253,54,-216,104,313,2151,3808,2743,1089,142,-196
214,-247,40,-196,116,316,2162,3824,2763,1106,160,-180
218,-243,30,-180,122,316,2170,3835,2782,1121,177,-166
226,-241,18,-163,132,320,2180,3851,2802,1144,197,-149
231,-241,9,-150,139,323,2189,3867,2823,1168,217,-134
232,-241,6,-141,139,323,2193,3878,2842,1188,233,-125
230,-243,5,-135,136,322,2193,3885,2858,1203,244,-121
232,-245,1,-127,138,323,2195,3895,2873,1219,255,-117
234,-248,-1,-122,139,324,2196,3898,2884,1234,263,-115
244,-248,-15,-108,154,328,2200,3905,2899,1254,276,-108
260,-247,-36,-90,178,337,2204,3912,2913,1274,291,-100
274,-247,-54,-75,198,344,2204,3914,2925,1287,300,-94
294,-247,-76,-59,227,354,2205,3917,2938,1303,311,-88
313,-249,-96,-47,253,366,2205,3920,2951,1315,322,-82
332,-253,-112,-40,277,379,2204,3921,2962,1322,330,-80
352,-257,-129,-32,303,393,2204,3922,2970,1331,339,-80
374,-259,-150,-23,333,408,2203,3928,2978,1347,355,-76
399,-265,-168,-19,364,427,2203,3935,2985,1358,373,-72
420,-277,-175,-27,384,447,2201,3939,2986,1364,385,-75
435,-287,-178,-37,399,463,2197,3941,2987,1372,393,-78
450,-294,-183,-45,415,478,2193,3941,2990,1383,397,-80
466,-299,-190,-50,433,491,2193,3941,2997,1396,399,-80
484,-300,-203,-50,456,504,2194,3944,3005,1409,404,-78
494,-300,-208,-55,468,510,2192,3943,3012,1415,406,-77
503,-298,-215,-58,481,516,2191,3943,3021,1423,408,-72
512,-295,-221,-59,494,521,2195,3948,3033,1433,413,-63
524,-292,-231,-59,511,529,2204,3956,3048,1440,417,-53
533,-288,-238,-59,523,535,2217,3965,3062,1445,420,-46
541,-281,-248,-55,536,537,2227,3981,3075,1457,424,-39
538,-274,-248,-56,535,532,2232,3994,3086,1466,424,-35
527,-260,-246,-53,527,519,2238,3999,3096,1477,419,-31
519,-245,-249,-44,525,506,2244,4006,3109,1493,418,-25
507,-232,-246,-40,514,492,2251,4010,3123,1516,418,-17
494,-219,-243,-34,504,478,2259,4015,3139,1542,418,-8
485,-208,-243,-26,497,466,2265,4022,3156,1564,419,-1
475,-200,-239,-23,487,457,2269,4026,3171,1579,420,2
460,-194,-229,-23,469,445,2268,4023,3183,1588,416,3
443,-187,-221,-19,451,430,2266,4019,3195,1599,409,5
438,-179,-225,-7,448,423,2269,4022,3210,1616,407,13
437,-172,-234,9,452,420,2273,4028,3224,1630,407,22
435,-165,-242,25,454,414,2279,4033,3237,1642,409,30
430,-158,-249,41,453,407,2285,4040,3248,1651,412,39
424,-153,-253,54,450,399,2289,4044,3258,1654,411,44
427,-148,-267,73,458,397,2296,4052,3268,1661,415,53
434,-146,-281,91,470,400,2300,4059,3279,1674,419,61
441,-144,-295,107,481,402,2304,4066,3292,1690,425,71
444,-142,-307,122,489,401,2307,4075,3308,1707,433,81
451,-138,-323,142,503,401,2314,4088,3327,1723,440,91
459,-136,-339,158,517,404,2319,4100,3342,1735,443,99
476,-134,-363,180,544,411,2327,4117,3362,1751,452,111
504,-135,-394,202,582,428,2338,4140,3385,1768,466,123
529,-138,-419,219,615,444,2346,4156,3405,1780,475,130
557,-139,-449,238,653,461,2358,4172,3425,1794,489,139
582,-145,-470,249,684,479,2374,4191,3447,1809,504,146
601,-151,-484,253,707,494,2392,4209,3465,1818,518,150
619,-156,-497,256,729,507,2410,4229,3481,1823,532,151
638,-157,-514,264,754,519,2430,4254,3499,1833,551,156
652,-155,-530,272,776,526,2447,4280,3518,1840,569,164
659,-155,-534,271,785,529,2460,4299,3528,1838,578,167
660,-154,-533,265,787,529,2472,4315,3535,1834,582,168
660,-153,-531,260,788,528,2483,4329,3542,1834,586,170
660,-151,-530,254,790,526,2495,4345,3552,1839,589,174
665,-149,-532,251,796,528,2509,4369,3565,1845,593,180
662,-148,-526,243,793,527,2522,4389,3576,1852,592,182
661,-144,-524,238,793,525,2536,4410,3589,1865,592,186
665,-141,-526,236,799,527,2553,4431,3607,1882,593,193
673,-141,-530,233,808,534,2573,4450,3624,1899,596,200
683,-145,-532,228,817,545,2593,4461,3639,1907,596,205
695,-149,-536,225,830,559,2612,4474,3652,1915,603,212
701,-155,-533,216,833,569,2628,4482,3663,1916,607,216
700,-157,-526,208,827,571,2641,4485,3672,1912,606,217
699,-153,-527,210,828,571,2654,4492,3684,1913,609,221
691,-148,-522,210,819,565,2663,4498,3697,1914,612,224
683,-142,-518,212,811,557,2674,4507,3714,1924,620,231
680,-139,-517,215,808,556,2686,4519,3734,1937,633,241
678,-139,-513,214,804,557,2699,4531,3755,1948,647,251
668,-138,-505,212,791,552,2712,4538,3777,1956,656,259
655,-135,-496,211,776,543,2725,4545,3800,1964,662,267
652,-131,-499,219,776,539,2744,4559,3826,1984,672,279
657,-128,-510,232,785,541,2767,4578,3850,2001,685,292
663,-127,-519,243,795,545,2794,4600,3873,2013,698,303
669,-126,-529,254,803,548,2822,4619,3897,2022,711,314
669,-125,-535,263,806,547,2847,4634,3920,2026,722,323
673,-121,-547,278,816,547,2873,4657,3947,2035,739,334
677,-118,-558,291,825,547,2899,4686,3972,2045,755,343
677,-115,-567,303,829,543,2926,4717,3997,2058,767,352
673,-111,-572,311,828,537,2950,4749,4022,2072,778,364
674,-111,-578,319,832,536,2974,4787,4049,2089,791,380
681,-117,-584,322,840,542,2998,4822,4072,2100,801,394
695,-122,-597,329,857,554,3022,4859,4095,2109,814,407
717,-130,-615,337,882,571,3047,4897,4118,2119,833,420
737,-142,-626,337,903,591,3068,4932,4137,2123,847,431
762,-152,-644,344,931,612,3090,4967,4156,2129,864,442
786,-162,-660,348,958,633,3114,5001,4175,2136,882,453
806,-172,-672,349,980,651,3137,5036,4197,2146,901,464
828,-180,-686,352,1004,669,3162,5071,4221,2161,923,476
854,-187,-705,358,1035,691,3190,5111,4247,2184,950,492
880,-194,-723,365,1065,711,3212,5149,4271,2201,974,505
895,-200,-729,364,1081,723,3226,5178,4287,2205,989,510
903,-204,-730,360,1087,730,3236,5200,4299,2200,996,509
907,-205,-729,356,1092,733,3245,5217,4309,2193,997,507
911,-204,-730,356,1096,734,3254,5237,4320,2188,997,508
918,-200,-736,360,1106,736,3266,5263,4334,2190,1000,513
919,-197,-734,359,1107,734,3276,5286,4347,2189,996,515
918,-194,-731,357,1106,731,3285,5311,4362,2192,993,517
920,-189,-733,360,1109,729,3293,5338,4379,2200,991,520
924,-181,-740,368,1117,725,3300,5365,4399,2210,992,526
929,-174,-748,376,1125,724,3302,5386,4417,2218,995,530
934,-168,-755,384,1134,723,3303,5406,4436,2229,1002,533
932,-165,-752,382,1130,720,3300,5423,4454,2234,1005,535
922,-163,-741,375,1115,712,3297,5436,4470,2237,1006,538
916,-161,-735,372,1106,707,3297,5454,4488,2246,1012,544
904,-158,-726,368,1091,698,3297,5469,4504,2255,1014,549
893,-154,-718,366,1077,687,3301,5484,4522,2267,1015,555
883,-149,-713,366,1065,678,3310,5502,4542,2287,1020,565
872,-146,-706,365,1053,669,3316,5521,4562,2308,1026,577
861,-145,-698,361,1038,661,3319,5537,4583,2327,1028,588
853,-143,-693,360,1027,654,3328,5556,4608,2348,1029,600
852,-138,-699,369,1029,650,3346,5584,4639,2378,1037,617
857,-133,-712,382,1040,649,3369,5617,4671,2406,1050,632
861,-127,-725,396,1050,648,3390,5651,4700,2432,1064,646
866,-121,-738,410,1061,647,3409,5683,4724,2454,1077,658
867,-116,-746,420,1066,643,3427,5710,4745,2470,1088,668
875,-111,-762,436,1081,644,3443,5739,4765,2488,1104,679
886,-109,-778,450,1099,649,3458,5765,4784,2507,1120,690
897,-111,-789,458,1113,656,3469,5786,4804,2528,1135,700
902,-114,-795,462,1120,660,3476,5805,4823,2546,1148,707
906,-115,-800,466,1126,662,3482,5824,4842,2563,1161,711
913,-119,-805,469,1134,667,3487,5840,4861,2577,1172,713
928,-122,-820,478,1155,679,3495,5861,4882,2593,1188,719
953,-128,-841,489,1187,698,3504,5884,4907,2610,1212,727
974,-137,-855,494,1211,717,3508,5903,4931,2622,1234,734
995,-141,-874,503,1239,733,3515,5927,4955,2636,1256,743
1014,-146,-890,511,1264,748,3523,5952,4975,2646,1277,752
1028,-148,-903,518,1283,759,3528,5974,4995,2656,1296,759
1040,-147,-917,527,1302,766,3531,5996,5016,2669,1313,766
1054,-143,-937,541,1326,773,3536,6025,5039,2685,1332,777
1071,-142,-955,553,1351,784,3540,6055,5063,2702,1350,787
1080,-145,-960,552,1362,794,3539,6077,5083,2711,1363,793
1083,-149,-959,547,1364,800,3538,6095,5102,2718,1370,799
1086,-152,-959,543,1367,806,3537,6109,5119,2723,1374,805
1088,-154,-958,539,1369,811,3534,6121,5138,2727,1373,809
1094,-155,-962,539,1375,818,3531,6138,5157,2736,1375,814
1094,-159,-956,530,1371,823,3529,6153,5176,2748,1374,817
1097,-164,-953,524,1372,832,3527,6168,5194,2766,1374,821
1107,-169,-956,521,1380,844,3528,6184,5213,2786,1373,826
1119,-170,-964,524,1393,856,3531,6200,5233,2806,1374,834
1130,-174,-968,523,1403,869,3532,6216,5252,2829,1377,842
1141,-180,-971,521,1412,883,3536,6239,5273,2857,1384,852
1147,-190,-964,509,1411,897,3540,6260,5295,2877,1388,861
1148,-199,-953,495,1404,907,3545,6278,5317,2895,1390,866
1153,-206,-948,487,1403,918,3553,6299,5343,2918,1401,875
1155,-214,-939,477,1398,926,3560,6318,5368,2937,1410,882
1157,-217,-934,471,1396,933,3564,6333,5392,2954,1418,889
1160,-218,-933,471,1396,937,3569,6352,5417,2972,1431,898
1161,-219,-931,470,1395,940,3573,6370,5441,2991,1445,909
1160,-222,-925,465,1390,942,3577,6384,5466,3008,1453,918
1160,-224,-922,462,1387,944,3582,6397,5492,3027,1462,928
1167,-221,-931,471,1397,947,3591,6418,5524,3056,1479,944
1178,-215,-947,486,1414,950,3601,6442,5560,3093,1501,965
1190,-208,-965,504,1433,952,3613,6468,5597,3131,1525,985
1202,-202,-985,523,1454,954,3623,6493,5632,3167,1550,1002
1212,-198,-1000,536,1470,956,3629,6510,5660,3199,1571,1014
1225,-190,-1024,558,1494,959,3637,6533,5688,3236,1594,1028
1238,-185,-1044,576,1515,961,3643,6557,5717,3273,1618,1044
1249,-185,-1059,587,1533,967,3645,6580,5744,3307,1641,1061
1258,-187,-1069,595,1546,972,3642,6600,5770,3336,1663,1078
1270,-190,-1082,602,1563,979,3641,6624,5800,3367,1687,1096
1285,-196,-1095,609,1583,990,3643,6646,5831,3398,1708,1113
1309,-204,-1116,619,1614,1010,3649,6672,5867,3434,1733,1129
1342,-215,-1143,631,1656,1037,3659,6705,5909,3471,1765,1146
1372,-230,-1163,635,1690,1065,3668,6735,5948,3502,1794,1159
1405,-245,-1185,640,1728,1095,3677,6768,5986,3532,1826,1175
1435,-262,-1202,640,1761,1125,3683,6800,6020,3557,1855,1189
1458,-279,-1212,636,1785,1150,3684,6829,6051,3576,1880,1201
1476,-288,-1224,637,1806,1166,3683,6857,6079,3594,1900,1211
1494,-292,-1241,645,1830,1180,3683,6885,6107,3610,1921,1224
1512,-295,-1258,654,1855,1194,3681,6910,6134,3620,1943,1237
1526,-301,-1267,654,1871,1206,3673,6928,6156,3625,1958,1245
1533,-306,-1270,652,1878,1213,3665,6942,6175,3633,1972,1253
1542,-308,-1276,653,1889,1221,3659,6955,6193,3641,1982,1259
1552,-308,-1286,657,1902,1228,3654,6968,6210,3651,1990,1265
1569,-307,-1301,666,1923,1239,3654,6984,6231,3666,1998,1276
1577,-307,-1307,668,1933,1245,3655,6999,6255,3681,2004,1289
1584,-305,-1313,671,1940,1249,3659,7013,6283,3701,2012,1303
1592,-301,-1322,678,1951,1253,3666,7028,6316,3726,2027,1318
1604,-296,-1334,687,1966,1259,3675,7046,6348,3753,2044,1334
1617,-296,-1342,690,1978,1268,3680,7064,6380,3779,2059,1347
1630,-296,-1349,692,1990,1279,3687,7086,6414,3809,2077,1361
1639,-302,-1346,685,1992,1290,3693,7104,6448,3840,2094,1374
1640,-304,-1339,677,1987,1293,3697,7116,6480,3864,2106,1385
1643,-300,-1339,678,1987,1295,3700,7130,6512,3891,2121,1398
1640,-297,-1333,675,1979,1292,3699,7141,6542,3919,2136,1408
1636,-291,-1329,675,1973,1288,3697,7153,6571,3945,2153,1421
1636,-283,-1331,680,1973,1285,3694,7170,6603,3970,2174,1437
1638,-279,-1331,681,1972,1285,3689,7189,6638,3995,2194,1456
1635,-278,-1324,676,1966,1286,3684,7208,6674,4024,2212,1478
1637,-279,-1319,672,1962,1290,3682,7226,6711,4060,2230,1499
1648,-279,-1326,677,1975,1299,3685,7249,6749,4104,2254,1523
1667,-279,-1342,687,1998,1314,3691,7273,6786,4148,2284,1550
1688,-282,-1358,695,2023,1333,3695,7297,6822,4194,2316,1574
1710,-287,-1373,703,2048,1352,3697,7321,6855,4237,2347,1594
1728,-294,-1385,707,2068,1370,3696,7338,6884,4273,2374,1611
1753,-300,-1404,718,2098,1392,3696,7358,6914,4308,2405,1630
1778,-307,-1424,728,2129,1415,3694,7380,6943,4336,2435,1648
1798,-315,-1438,734,2153,1435,3692,7399,6969,4358,2464,1663
1816,-325,-1448,736,2172,1454,3690,7417,6991,4375,2490,1675
1835,-337,-1460,739,2194,1475,3688,7437,7017,4396,2519,1691
1854,-348,-1473,744,2216,1494,3684,7454,7045,4419,2545,1708
1879,-356,-1496,758,2249,1515,3680,7471,7073,4444,2573,1728
1912,-363,-1529,778,2294,1540,3677,7494,7101,4469,2606,1750
1940,-372,-1555,793,2330,1563,3672,7513,7130,4493,2634,1770
1970,-379,-1586,812,2372,1585,3671,7535,7163,4521,2664,1791
2000,-387,-1615,829,2412,1608,3671,7556,7194,4548,2693,1810
2027,-396,-1639,843,2447,1629,3672,7574,7221,4573,2719,1828
2053,-401,-1667,861,2483,1646,3675,7596,7248,4602,2745,1847
2081,-405,-1699,882,2523,1664,3677,7620,7276,4631,2775,1866
2110,-410,-1730,902,2563,1683,3677,7642,7303,4658,2807,1884
2130,-416,-1748,911,2588,1697,3672,7654,7324,4675,2834,1897
2140,-421,-1758,917,2602,1703,3664,7659,7341,4688,2854,1910
2148,-422,-1769,924,2614,1707,3650,7664,7358,4703,2873,1926
2154,-420,-1780,933,2626,1707,3635,7670,7374,4718,2893,1944
2167,-417,-1798,948,2646,1711,3622,7679,7392,4730,2917,1964
2174,-418,-1806,952,2656,1714,3611,7684,7409,4735,2936,1983
2181,-420,-1811,953,2663,1719,3602,7687,7425,4742,2955,2002
2188,-421,-1816,954,2671,1724,3597,7691,7440,4752,2972,2021
2202,-423,-1827,958,2686,1734,3592,7695,7455,4767,2988,2041
2217,-425,-1836,959,2700,1746,3583,7696,7468,4781,3000,2057
2232,-425,-1847,964,2716,1756,3571,7695,7478,4791,3010,2071
2243,-426,-1852,964,2726,1765,3556,7692,7485,4801,3019,2084
2248,-427,-1850,958,2726,1771,3538,7682,7492,4812,3023,2097
2261,-427,-1856,960,2737,1782,3524,7676,7505,4829,3033,2117
2272,-427,-1859,958,2746,1792,3512,7671,7520,4848,3046,2138
2284,-426,-1865,959,2757,1803,3501,7669,7539,4869,3063,2160
2300,-424,-1875,964,2773,1815,3494,7670,7562,4893,3084,2183
2313,-422,-1884,968,2787,1826,3487,7671,7582,4914,3108,2206
2321,-419,-1887,969,2794,1832,3479,7666,7597,4934,3127,2227
2327,-415,-1891,971,2799,1836,3472,7658,7611,4955,3142,2249
2340,-408,-1905,982,2817,1843,3471,7656,7626,4978,3164,2273
2360,-398,-1930,1004,2847,1851,3472,7655,7637,4998,3190,2298
2377,-387,-1954,1026,2874,1857,3471,7651,7645,5016,3215,2319
2392,-374,-1980,1051,2902,1860,3470,7644,7652,5034,3239,2338
2404,-362,-2002,1074,2925,1860,3468,7631,7658,5042,3258,2354
2420,-351,-2030,1100,2955,1864,3465,7622,7664,5052,3279,2369
2434,-343,-2054,1122,2982,1868,3457,7613,7665,5063,3301,2384
2444,-338,-2071,1139,3000,1870,3443,7603,7663,5073,3322,2399
2449,-337,-2082,1150,3013,1871,3430,7593,7663,5080,3342,2413
2454,-336,-2094,1161,3025,1872,3422,7585,7667,5092,3362,2430
2459,-336,-2104,1171,3037,1873,3415,7575,7673,5105,3381,2446
2467,-336,-2120,1185,3054,1877,3411,7569,7682,5122,3401,2464
2486,-337,-2145,1205,3085,1887,3405,7568,7690,5141,3425,2483
2502,-342,-2163,1217,3108,1899,3393,7563,7694,5154,3441,2498
2521,-345,-2186,1234,3138,1912,3382,7559,7696,5167,3457,2513
2536,-346,-2208,1252,3163,1920,3368,7554,7697,5180,3476,2527
2545,-346,-2225,1266,3182,1925,3354,7543,7694,5188,3492,2536
2555,-345,-2243,1281,3201,1929,3342,7526,7691,5196,3505,2544
2569,-342,-2266,1301,3226,1935,3333,7511,7690,5210,3522,2555
2580,-336,-2288,1321,3249,1938,3322,7497,7688,5221,3538,2565
2584,-334,-2298,1331,3260,1938,3306,7479,7681,5222,3548,2571
2585,-336,-2301,1332,3263,1939,3287,7460,7671,5220,3553,2573
2590,-338,-2305,1333,3270,1944,3270,7444,7661,5218,3554,2575
2595,-340,-2310,1335,3277,1948,3253,7429,7652,5217,3557,2579
2607,-344,-2318,1336,3291,1959,3236,7416,7644,5217,3562,2584
2612,-351,-2315,1328,3292,1967,3213,7394,7629,5206,3559,2584
2615,-355,-2312,1321,3292,1971,3190,7369,7613,5195,3555,2584
2620,-360,-2310,1312,3294,1979,3169,7341,7598,5189,3551,2585
2632,-367,-2310,1304,3302,1992,3150,7311,7586,5188,3548,2587
2644,-376,-2308,1293,3309,2006,3129,7273,7572,5181,3544,2585
2657,-383,-2307,1283,3316,2019,3109,7237,7560,5175,3543,2584
2662,-390,-2299,1269,3314,2028,3085,7199,7545,5161,3540,2584
2659,-396,-2283,1250,3300,2030,3061,7153,7529,5144,3530,2583
2660,-399,-2273,1237,3294,2033,3041,7111,7513,5134,3525,2587
2655,-400,-2259,1223,3281,2030,3016,7064,7494,5122,3520,2589
2649,-397,-2248,1213,3269,2025,2992,7017,7478,5114,3518,2594
2646,-394,-2240,1205,3262,2022,2970,6972,7466,5111,3520,2606
2643,-393,-2229,1196,3253,2020,2951,6929,7458,5109,3522,2619
2633,-393,-2213,1182,3236,2014,2936,6885,7451,5106,3523,2627
2623,-393,-2197,1169,3218,2009,2925,6839,7444,5103,3522,2636
2621,-390,-2193,1167,3215,2006,2918,6798,7437,5107,3524,2649
2625,-383,-2201,1176,3223,2005,2913,6761,7429,5111,3530,2664
2629,-376,-2209,1186,3231,2004,2906,6722,7416,5111,3535,2675
2628,-369,-2215,1195,3234,2000,2894,6679,7399,5106,3540,2680
2621,-364,-2214,1199,3230,1993,2874,6630,7377,5095,3542,2678
2620,-358,-2221,1209,3234,1989,2853,6586,7353,5087,3545,2676
2620,-356,-2226,1217,3237,1988,2830,6543,7326,5080,3550,2676
2618,-358,-2226,1219,3236,1989,2804,6495,7294,5069,3550,2674
2613,-366,-2221,1214,3230,1991,2776,6444,7260,5055,3547,2673
2612,-373,-2219,1212,3228,1996,2752,6397,7226,5043,3541,2676
2612,-384,-2216,1208,3226,2003,2730,6349,7191,5028,3535,2678
2616,-394,-2220,1209,3232,2012,2706,6304,7157,5012,3530,2681
2631,-404,-2233,1215,3251,2028,2683,6267,7126,4998,3531,2687
2644,-417,-2241,1216,3265,2044,2660,6227,7094,4977,3529,2689
2660,-429,-2254,1221,3285,2063,2640,6189,7062,4960,3530,2689
2677,-440,-2268,1227,3304,2079,2621,6151,7030,4947,3532,2688
2686,-448,-2276,1232,3316,2090,2597,6108,6995,4931,3532,2687
2695,-455,-2285,1236,3327,2099,2572,6061,6958,4913,3530,2685
2710,-463,-2296,1241,3344,2113,2548,6016,6921,4898,3532,2688
2726,-472,-2308,1245,3361,2127,2523,5970,6883,4878,3535,2691
2735,-482,-2309,1240,3367,2138,2494,5917,6841,4849,3535,2688
2736,-494,-2299,1227,3360,2145,2462,5860,6796,4816,3531,2681
2735,-507,-2286,1210,3350,2151,2428,5799,6748,4783,3527,2673
2730,-517,-2270,1191,3334,2153,2396,5736,6698,4748,3521,2664
2726,-522,-2259,1179,3323,2152,2368,5678,6650,4716,3516,2657
2712,-527,-2237,1160,3298,2144,2336,5613,6600,4680,3502,2645
2697,-529,-2216,1142,3272,2135,2304,5545,6552,4645,3484,2632
2686,-533,-2197,1124,3251,2128,2272,5477,6505,4609,3464,2620
2681,-536,-2184,1110,3238,2127,2242,5408,6457,4570,3443,2610
2671,-537,-2167,1095,3219,2120,2211,5334,6405,4524,3418,2599
2657,-534,-2150,1082,3196,2108,2177,5260,6351,4481,3393,2585
2636,-532,-2124,1062,3164,2093,2140,5181,6293,4437,3364,2570
2600,-527,-2086,1037,3115,2067,2099,5095,6235,4391,3327,2551
2568,-518,-2056,1019,3072,2040,2062,5017,6182,4357,3296,2536
2534,-507,-2026,1003,3029,2012,2030,4940,6131,4322,3264,2522
2502,-494,-2001,992,2990,1984,2003,4863,6081,4287,3233,2507
2474,-479,-1981,985,2959,1957,1978,4789,6033,4252,3205,2494
2447,-466,-1961,978,2927,1933,1951,4715,5984,4215,3177,2481
2417,-457,-1937,967,2892,1909,1925,4636,5931,4172,3146,2466
2387,-449,-1911,954,2854,1886,1904,4555,5877,4129,3114,2451
2363,-438,-1895,950,2828,1864,1885,4481,5825,4095,3088,2441
2345,-426,-1887,952,2812,1847,1867,4412,5773,4062,3068,2433
2327,-416,-1879,954,2795,1829,1848,4343,5720,4025,3049,2423
2307,-406,-1869,955,2775,1811,1829,4272,5663,3984,3029,2410
2283,-400,-1852,950,2750,1792,1808,4194,5602,3936,3003,2394
2266,-395,-1843,950,2733,1778,1788,4121,5538,3892,2982,2380
2247,-390,-1833,949,2716,1763,1768,4053,5473,3849,2960,2365
2226,-385,-1821,947,2695,1746,1746,3985,5408,3807,2939,2350
2201,-382,-1805,942,2669,1726,1721,3916,5343,3767,2915,2333
2177,-376,-1791,940,2645,1706,1694,3845,5278,3722,2893,2312
2153,-371,-1779,939,2622,1686,1666,3768,5206,3669,2867,2287
2130,-363,-1771,942,2603,1665,1640,3689,5131,3613,2841,2262
2119,-358,-1771,950,2597,1652,1617,3616,5056,3566,2820,2241
2104,-356,-1765,950,2584,1640,1588,3539,4978,3513,2795,2215
2094,-357,-1761,950,2576,1632,1554,3460,4900,3461,2769,2188
2086,-362,-1753,943,2566,1629,1518,3377,4820,3404,2741,2161
2072,-370,-1737,929,2546,1624,1482,3290,4736,3347,2710,2132
2058,-377,-1721,915,2527,1618,1448,3206,4652,3294,2679,2105
2048,-383,-1709,904,2512,1615,1417,3126,4569,3244,2651,2079
2040,-390,-1697,892,2498,1613,1386,3050,4485,3184,2624,2053
2023,-397,-1674,871,2471,1606,1351,2969,4399,3116,2591,2022
1998,-404,-1643,845,2433,1594,1312,2883,4311,3050,2552,1991
1975,-411,-1613,819,2397,1583,1274,2797,4225,2986,2510,1959
1951,-416,-1584,794,2361,1571,1240,2710,4138,2923,2466,1927
1928,-415,-1560,777,2329,1556,1210,2626,4054,2863,2426,1897
1898,-411,-1532,758,2289,1535,1178,2536,3969,2801,2383,1867
1866,-404,-1503,740,2248,1510,1148,2446,3888,2742,2338,1836
1838,-397,-1479,725,2213,1489,1118,2362,3811,2681,2293,1804
1815,-388,-1460,715,2185,1469,1089,2279,3732,2618,2247,1771
1790,-378,-1441,705,2155,1448,1058,2194,3649,2553,2201,1737
1763,-367,-1419,694,2122,1424,1027,2111,3564,2489,2156,1703
1728,-358,-1388,676,2078,1397,996,2031,3477,2420,2112,1670
1683,-351,-1344,647,2019,1364,965,1944,3388,2351,2061,1633
1640,-343,-1304,623,1964,1332,937,1860,3302,2293,2015,1600
1595,-338,-1259,593,1905,1301,912,1774,3215,2234,1966,1567
1550,-333,-1215,565,1846,1269,889,1687,3131,2171,1916,1532
1510,-325,-1178,543,1795,1239,869,1602,3051,2107,1870,1498
1470,-320,-1139,518,1743,1210,850,1520,2971,2043,1825,1466
1426,-317,-1095,489,1685,1180,831,1434,2889,1983,1778,1433
1382,-315,-1051,461,1627,1150,814,1349,2807,1925,1729,1400
1347,-310,-1019,442,1583,1124,802,1272,2727,1875,1683,1372
1318,-304,-994,429,1547,1100,793,1200,2649,1831,1643,1348
1291,-303,-968,413,1512,1081,779,1127,2568,1782,1604,1323
1267,-303,-943,397,1480,1065,764,1052,2486,1728,1563,1298
1241,-304,-916,380,1444,1047,746,974,2408,1672,1521,1271
1219,-301,-897,371,1417,1029,732,902,2334,1623,1486,1246
1198,-299,-879,362,1390,1013,719,830,2260,1573,1449,1221
1175,-300,-857,350,1360,995,707,757,2182,1516,1409,1195
1144,-298,-829,336,1320,971,688,684,2101,1456,1365,1169
1113,-296,-803,324,1281,946,665,615,2023,1399,1325,1143
1086,-296,-778,311,1246,925,640,542,1948,1342,1283,1117
1064,-299,-757,300,1217,909,618,470,1875,1285,1244,1094
1053,-302,-746,295,1201,900,601,402,1801,1233,1215,1074
1033,-308,-725,281,1172,886,581,328,1725,1177,1181,1050
1011,-311,-704,270,1143,869,562,256,1650,1122,1150,1026
988,-314,-682,258,1111,852,543,185,1572,1065,1121,1000
958,-316,-655,243,1072,829,519,113,1492,1005,1089,970
926,-315,-629,230,1033,804,494,44,1415,948,1059,940
898,-310,-610,223,1000,778,470,-17,1341,899,1032,911
870,-305,-591,217,968,754,449,-73,1266,848,1004,880
838,-305,-561,199,926,730,424,-136,1187,789,972,846
803,-311,-523,171,877,709,397,-205,1103,725,933,809
772,-320,-486,142,831,693,372,-277,1020,661,890,772
742,-324,-452,116,788,676,349,-345,940,601,848,737
717,-327,-425,96,753,662,329,-409,863,544,808,705
685,-328,-390,70,709,643,310,-479,786,483,760,668
651,-325,-358,49,665,620,292,-550,710,419,710,631
623,-319,-334,33,631,600,275,-619,634,354,660,593
600,-311,-315,23,604,583,260,-688,559,293,614,556
574,-302,-295,11,574,564,244,-761,481,230,567,519
546,-289,-274,1,542,540,230,-830,405,172,522,486
512,-277,-247,-13,503,514,219,-899,331,113,477,452
467,-265,-209,-35,449,480,207,-973,259,55,426,417
425,-249,-175,-53,400,446,196,-1038,192,3,381,387
377,-236,-135,-75,342,410,184,-1102,126,-47,336,359
330,-221,-96,-95,287,373,168,-1165,61,-96,293,329
290,-207,-65,-111,241,342,156,-1223,-1,-141,253,303
255,-197,-34,-128,199,315,147,-1278,-61,-184,214,279
218,-191,1,-150,152,291,133,-1335,-119,-229,174,256
184,-189,37,-175,106,270,119,-1394,-177,-276,131,229
160,-187,61,-191,75,256,108,-1450,-235,-316,91,203
145,-184,75,-199,56,246,99,-1500,-289,-351,56,181
131,-183,89,-208,39,239,89,-1548,-342,-387,22,157
118,-187,105,-220,19,234,80,-1594,-395,-422,-11,136
99,-193,129,-240,-10,227,70,-1642,-451,-456,-47,113
86,-199,146,-254,-32,222,66,-1684,-503,-486,-78,92
71,-207,165,-269,-55,217,62,-1726,-555,-517,-104,71
52,-212,185,-282,-82,207,56,-1769,-608,-552,-130,49
29,-215,206,-295,-113,193,47,-1812,-665,-592,-159,24
9,-216,222,-303,-140,178,41,-1850,-716,-626,-187,2
-10,-218,237,-311,-164,164,35,-1886,-764,-656,-216,-18
-24,-219,245,-313,-181,152,32,-1924,-812,-686,-245,-38
-27,-219,242,-307,-183,147,30,-1957,-861,-712,-265,-56
-37,-222,248,-309,-196,138,24,-1994,-911,-745,-291,-79
-47,-222,253,-308,-207,127,17,-2029,-959,-779,-315,-99
-58,-223,259,-309,-221,116,9,-2061,-1007,-815,-338,-120
-74,-226,271,-316,-241,102,-3,-2098,-1058,-855,-364,-144
-90,-229,284,-323,-261,89,-16,-2135,-1111,-892,-391,-167
-104,-228,293,-326,-277,75,-27,-2167,-1164,-921,-415,-188
-114,-229,301,-329,-289,65,-39,-2196,-1216,-954,-436,-205
-126,-235,316,-340,-307,56,-57,-2233,-1270,-995,-460,-224
-146,-239,338,-356,-335,42,-73,-2272,-1322,-1036,-489,-244
-166,-240,358,-370,-361,26,-88,-2307,-1371,-1073,-516,-262
-184,-240,377,-382,-384,12,-102,-2342,-1417,-1111,-543,-281
-196,-239,389,-389,-399,0,-114,-2374,-1462,-1150,-568,-302
-213,-239,408,-402,-420,-12,-128,-2411,-1506,-1191,-598,-327
-230,-237,427,-416,-443,-26,-142,-2452,-1549,-1230,-631,-355
-250,-233,446,-427,-465,-42,-158,-2495,-1589,-1269,-663,-380
-265,-229,462,-438,-484,-55,-170,-2536,-1625,-1302,-691,-404
-281,-226,480,-451,-504,-67,-179,-2576,-1660,-1331,-717,-428
-299,-220,499,-463,-525,-81,-186,-2614,-1694,-1358,-738,-449
-322,-216,523,-480,-553,-96,-192,-2654,-1728,-1382,-756,-467
-354,-211,556,-503,-595,-119,-202,-2701,-1768,-1413,-782,-485
-379,-204,582,-520,-626,-137,-209,-2743,-1805,-1437,-801,-500
-406,-199,609,-539,-660,-154,-217,-2784,-1843,-1461,-818,-513
-434,-190,635,-555,-695,-175,-226,-2822,-1877,-1484,-836,-526
-459,-181,656,-565,-723,-194,-233,-2851,-1907,-1509,-851,-535
-482,-172,675,-576,-751,-211,-240,-2875,-1937,-1532,-865,-542
-507,-164,696,-587,-781,-230,-250,-2905,-1966,-1556,-881,-549
-532,-157,718,-599,-812,-247,-260,-2937,-1994,-1577,-901,-558
-548,-152,731,-606,-833,-259,-263,-2963,-2017,-1590,-917,-564
-556,-146,735,-606,-842,-265,-259,-2982,-2037,-1598,-925,-567
-564,-141,738,-605,-851,-272,-256,-3000,-2059,-1614,-934,-572
-573,-135,740,-602,-860,-280,-252,-3017,-2081,-1634,-941,-582
-588,-129,748,-603,-878,-292,-251,-3037,-2103,-1657,-954,-596
-595,-125,748,-597,-884,-299,-251,-3053,-2122,-1677,-967,-610
-600,-123,747,-593,-890,-304,-252,-3070,-2143,-1697,-974,-623
-610,-122,752,-593,-903,-311,-256,-3086,-2163,-1714,-982,-634
-625,-122,762,-597,-923,-322,-262,-3102,-2186,-1727,-994,-647
-637,-126,771,-602,-940,-328,-267,-3114,-2207,-1736,-1005,-660
-647,-130,780,-607,-956,-334,-271,-3128,-2226,-1746,-1015,-672
-654,-134,785,-610,-967,-338,-273,-3140,-2243,-1757,-1026,-681
-647,-139,778,-605,-961,-333,-271,-3142,-2258,-1761,-1031,-687
-643,-147,776,-605,-959,-327,-272,-3147,-2275,-1773,-1040,-697
-636,-154,769,-603,-952,-319,-271,-3153,-2290,-1781,-1046,-702
-627,-161,762,-601,-943,-311,-271,-3159,-2303,-1790,-1051,-706
-624,-165,759,-600,-941,-308,-271,-3171,-2317,-1804,-1057,-713
-624,-162,753,-593,-938,-311,-269,-3184,-2334,-1819,-1064,-721
-621,-155,740,-579,-928,-315,-270,-3195,-2355,-1834,-1069,-730
-619,-145,726,-563,-918,-322,-277,-3205,-2379,-1848,-1072,-738
-624,-138,722,-557,-919,-330,-288,-3220,-2408,-1871,-1080,-750
-635,-131,725,-555,-928,-343,-301,-3239,-2441,-1897,-1093,-765
-643,-123,726,-552,-933,-354,-311,-3258,-2473,-1917,-1106,-779
-647,-119,728,-553,-937,-360,-319,-3277,-2503,-1931,-1118,-789
-645,-117,727,-553,-933,-360,-325,-3292,-2526,-1940,-1126,-793
-647,-121,735,-564,-938,-359,-335,-3311,-2545,-1955,-1139,-799
-649,-128,748,-580,-946,-355,-343,-3328,-2562,-1971,-1154,-802
-651,-138,763,-600,-955,-350,-349,-3344,-2578,-1987,-1169,-807
-651,-148,779,-620,-964,-343,-353,-3358,-2593,-1998,-1183,-814
-655,-159,797,-641,-976,-338,-360,-3377,-2611,-2012,-1198,-824
-661,-166,817,-662,-991,-337,-370,-3396,-2630,-2027,-1212,-834
-675,-170,840,-682,-1013,-343,-384,-3417,-2650,-2043,-1226,-844
-701,-171,872,-707,-1050,-359,-397,-3444,-2671,-2065,-1248,-855
-721,-169,895,-723,-1076,-373,-407,-3466,-2688,-2079,-1265,-863
-741,-167,918,-739,-1103,-387,-418,-3484,-2704,-2095,-1282,-874
-762,-162,940,-752,-1131,-404,-423,-3499,-2718,-2109,-1298,-885
-778,-156,954,-759,-1150,-418,-422,-3509,-2726,-2115,-1310,-894
-791,-152,968,-766,-1167,-429,-421,-3519,-2734,-2117,-1322,-903
-807,-150,986,-778,-1190,-440,-420,-3532,-2742,-2124,-1336,-912
-821,-151,1004,-791,-1212,-448,-418,-3546,-2752,-2137,-1351,-920
-828,-149,1014,-796,-1224,-454,-415,-3553,-2758,-2144,-1362,-923
-827,-147,1013,-793,-1223,-454,-408,-3552,-2759,-2145,-1367,-921
-825,-147,1013,-793,-1223,-452,-397,-3550,-2761,-2149,-1373,-919
-824,-147,1013,-792,-1224,-451,-388,-3548,-2764,-2154,-1378,-920
-828,-148,1020,-794,-1232,-452,-384,-3552,-2773,-2168,-1385,-927
-829,-148,1020,-791,-1234,-454,-378,-3554,-2781,-2178,-1390,-932
-828,-148,1018,-788,-1233,-452,-374,-3552,-2788,-2188,-1393,-934
-832,-149,1020,-786,-1238,-454,-373,-3552,-2797,-2200,-1396,-937
-845,-147,1028,-787,-1253,-465,-377,-3557,-2806,-2211,-1401,-940
-857,-144,1033,-784,-1264,-474,-385,-3564,-2816,-2222,-1407,-944
-866,-142,1035,-781,-1273,-482,-392,-3575,-2826,-2240,-1413,-951
-873,-143,1037,-779,-1280,-488,-399,-3588,-2838,-2260,-1420,-958
-868,-144,1027,-769,-1270,-484,-406,-3595,-2848,-2268,-1420,-961
-868,-149,1024,-767,-1268,-482,-415,-3607,-2861,-2277,-1423,-967
-865,-152,1018,-763,-1263,-478,-420,-3617,-2874,-2285,-1426,-972
-860,-157,1010,-758,-1254,-473,-423,-3623,-2884,-2290,-1428,-977
-859,-165,1010,-760,-1253,-468,-429,-3631,-2894,-2296,-1433,-985
-858,-172,1009,-763,-1251,-463,-435,-3638,-2902,-2301,-1438,-993
-852,-180,1005,-764,-1244,-455,-441,-3639,-2910,-2309,-1441,-1001
-844,-186,998,-763,-1234,-447,-448,-3635,-2921,-2320,-1441,-1009
-845,-191,999,-766,-1234,-445,-457,-3635,-2935,-2342,-1445,-1020
-853,-196,1009,-777,-1246,-448,-473,-3639,-2953,-2364,-1455,-1036
-862,-201,1021,-789,-1259,-451,-490,-3642,-2969,-2379,-1466,-1053
-871,-207,1033,-802,-1272,-453,-508,-3649,-2984,-2394,-1478,-1069
-874,-209,1038,-808,-1277,-454,-522,-3654,-2993,-2401,-1485,-1082
-881,-212,1048,-819,-1288,-457,-536,-3663,-3004,-2411,-1497,-1095
-887,-216,1059,-832,-1299,-459,-547,-3673,-3013,-2425,-1513,-1111
-891,-218,1067,-842,-1306,-460,-552,-3679,-3019,-2434,-1526,-1125
-892,-217,1069,-846,-1307,-460,-552,-3677,-3023,-2437,-1532,-1137
-894,-214,1071,-849,-1309,-463,-553,-3678,-3028,-2441,-1538,-1145
-899,-208,1074,-850,-1314,-470,-555,-3678,-3034,-2446,-1543,-1152
-910,-198,1080,-851,-1325,-483,-560,-3676,-3040,-2452,-1549,-1161
-935,-186,1098,-859,-1353,-507,-571,-3683,-3049,-2468,-1563,-1174
-957,-170,1108,-858,-1374,-530,-580,-3688,-3055,-2479,-1573,-1184
-978,-157,1122,-861,-1396,-551,-588,-3695,-3062,-2488,-1585,-1194
-999,-144,1136,-864,-1419,-573,-594,-3703,-3069,-2495,-1599,-1203
-1014,-131,1144,-863,-1434,-590,-596,-3705,-3072,-2497,-1611,-1210
-1027,-120,1151,-861,-1447,-605,-594,-3708,-3077,-2500,-1623,-1217
-1042,-111,1161,-863,-1464,-619,-594,-3715,-3083,-2510,-1637,-1224
-1057,-103,1173,-865,-1481,-633,-592,-3722,-3088,-2520,-1654,-1232
-1066,-93,1176,-861,-1489,-644,-587,-3721,-3088,-2521,-1664,-1238
-1066,-83,1170,-849,-1485,-649,-575,-3714,-3081,-2519,-1666,-1241
-1067,-74,1164,-839,-1482,-653,-560,-3704,-3074,-2518,-1665,-1244
-1066,-68,1160,-830,-1478,-656,-547,-3693,-3069,-2516,-1665,-1248
-1067,-66,1160,-827,-1479,-657,-540,-3689,-3068,-2515,-1669,-1254
-1061,-66,1154,-821,-1471,-651,-531,-3681,-3066,-2511,-1670,-1258
-1051,-68,1147,-815,-1459,-642,-522,-3670,-3063,-2509,-1666,-1261
-1044,-72,1145,-814,-1454,-634,-515,-3660,-3058,-2507,-1663,-1264
-1045,-75,1149,-816,-1457,-632,-513,-3648,-3052,-2502,-1662,-1266
-1046,-78,1151,-818,-1459,-630,-512,-3634,-3044,-2494,-1660,-1267
-1042,-84,1152,-820,-1457,-623,-508,-3621,-3038,-2488,-1660,-1267
-1034,-90,1146,-817,-1448,-613,-504,-3610,-3034,-2484,-1660,-1267
-1013,-93,1126,-804,-1421,-598,-500,-3593,-3027,-2479,-1651,-1260
-999,-98,1114,-798,-1404,-585,-503,-3582,-3022,-2482,-1644,-1254
-984,-105,1102,-792,-1386,-571,-502,-3571,-3017,-2484,-1636,-1246
-971,-110,1091,-787,-1371,-560,-502,-3560,-3016,-2481,-1626,-1239
-964,-115,1085,-786,-1363,-553,-502,-3554,-3017,-2480,-1620,-1233
-958,-118,1079,-783,-1355,-548,-501,-3550,-3018,-2478,-1616,-1229
-949,-119,1067,-776,-1342,-542,-496,-3542,-3016,-2471,-1608,-1221
-937,-119,1051,-766,-1323,-535,-489,-3531,-3012,-2458,-1596,-1211
-929,-121,1042,-761,-1312,-529,-487,-3523,-3008,-2449,-1588,-1205
-927,-126,1042,-764,-1312,-527,-491,-3520,-3009,-2446,-1589,-1205
-924,-130,1041,-767,-1310,-524,-495,-3518,-3013,-2444,-1595,-1205
-922,-133,1038,-769,-1307,-522,-498,-3516,-3017,-2445,-1601,-1206
-914,-135,1030,-766,-1297,-517,-499,-3510,-3019,-2445,-1605,-1205
-916,-136,1032,-768,-1299,-520,-503,-3505,-3021,-2450,-1613,-1208
-922,-134,1035,-772,-1306,-526,-504,-3501,-3025,-2455,-1623,-1215
-928,-133,1038,-775,-1312,-533,-502,-3497,-3026,-2460,-1632,-1222
-933,-130,1039,-775,-1316,-539,-500,-3492,-3025,-2465,-1640,-1231
-939,-127,1042,-776,-1322,-547,-499,-3490,-3022,-2471,-1647,-1242
-945,-124,1046,-779,-1329,-554,-497,-3488,-3018,-2472,-1650,-1251
-949,-126,1052,-785,-1335,-555,-496,-3488,-3017,-2475,-1653,-1260
-964,-129,1070,-801,-1357,-563,-500,-3496,-3017,-2482,-1664,-1271
-974,-130,1083,-813,-1372,-569,-501,-3497,-3013,-2478,-1665,-1276
-982,-136,1099,-828,-1388,-571,-503,-3499,-3011,-2475,-1666,-1278
-988,-143,1114,-844,-1402,-569,-507,-3504,-3011,-2475,-1671,-1280
-987,-150,1122,-855,-1407,-562,-509,-3508,-3005,-2472,-1672,-1277
-985,-159,1131,-868,-1412,-554,-510,-3510,-2996,-2466,-1674,-1272
-987,-167,1145,-883,-1422,-548,-510,-3508,-2987,-2456,-1679,-1268
-993,-173,1159,-897,-1436,-547,-509,-3504,-2980,-2445,-1687,-1265
-997,-173,1166,-902,-1444,-548,-504,-3491,-2969,-2426,-1687,-1258
-994,-169,1163,-898,-1440,-546,-496,-3473,-2955,-2403,-1679,-1248
-991,-165,1159,-892,-1434,-544,-487,-3456,-2939,-2384,-1669,-1238
-983,-164,1153,-888,-1425,-538,-477,-3440,-2926,-2366,-1659,-1227
-981,-161,1151,-883,-1422,-536,-473,-3431,-2915,-2356,-1651,-1220
-978,-151,1141,-869,-1413,-539,-469,-3425,-2902,-2344,-1639,-1214
-978,-139,1130,-851,-1404,-545,-463,-3421,-2890,-2330,-1627,-1206
-981,-129,1125,-840,-1402,-552,-459,-3417,-2880,-2319,-1617,-1202
-986,-123,1126,-834,-1406,-559,-458,-3412,-2872,-2315,-1611,-1201
-991,-119,1128,-831,-1410,-564,-458,-3401,-2863,-2308,-1605,-1198
-995,-117,1130,-827,-1413,-569,-460,-3393,-2854,-2303,-1601,-1195
-997,-114,1129,-822,-1414,-573,-462,-3386,-2847,-2300,-1600,-1192
-988,-112,1117,-809,-1400,-569,-455,-3365,-2836,-2287,-1593,-1188
-985,-111,1111,-801,-1394,-569,-449,-3344,-2826,-2275,-1588,-1190
-980,-110,1103,-792,-1385,-568,-441,-3321,-2813,-2259,-1582,-1189
-970,-111,1091,-782,-1371,-563,-435,-3300,-2804,-2246,-1575,-1186
-962,-113,1083,-776,-1360,-557,-431,-3285,-2799,-2240,-1570,-1187
-954,-115,1073,-768,-1349,-553,-426,-3270,-2795,-2231,-1563,-1190
-939,-116,1057,-757,-1329,-544,-419,-3253,-2790,-2220,-1554,-1192
-919,-120,1036,-745,-1303,-531,-411,-3233,-2784,-2204,-1541,-1191
-902,-126,1023,-740,-1284,-517,-409,-3220,-2776,-2191,-1529,-1192
-897,-132,1020,-742,-1279,-511,-414,-3214,-2772,-2184,-1523,-1200
-891,-137,1017,-745,-1274,-506,-417,-3208,-2765,-2175,-1517,-1205
-884,-142,1012,-747,-1268,-499,-418,-3204,-2755,-2167,-1515,-1208
-871,-146,1002,-746,-1253,-488,-416,-3197,-2742,-2157,-1510,-1208
-863,-153,999,-752,-1246,-479,-413,-3194,-2730,-2152,-1506,-1210
-859,-158,1000,-760,-1245,-473,-409,-3192,-2717,-2146,-1505,-1212
-854,-160,998,-764,-1240,-468,-405,-3191,-2703,-2138,-1504,-1213
-846,-158,988,-761,-1228,-464,-402,-3189,-2690,-2130,-1501,-1213
-839,-153,978,-757,-1217,-461,-403,-3188,-2680,-2123,-1500,-1213
-836,-147,972,-753,-1210,-463,-404,-3184,-2668,-2113,-1495,-1211
-838,-138,966,-749,-1207,-469,-404,-3178,-2657,-2102,-1490,-1209
-851,-128,973,-751,-1220,-482,-404,-3181,-2650,-2098,-1494,-1212
-860,-116,972,-748,-1225,-494,-405,-3178,-2644,-2089,-1496,-1210
-869,-109,977,-750,-1234,-504,-410,-3174,-2638,-2080,-1498,-1209
-879,-104,985,-755,-1244,-512,-418,-3172,-2632,-2072,-1501,-1208
-880,-99,985,-755,-1244,-514,-424,-3168,-2624,-2062,-1501,-1205
-881,-96,984,-754,-1243,-515,-429,-3165,-2616,-2051,-1500,-1200
-887,-91,987,-754,-1248,-520,-435,-3166,-2609,-2045,-1502,-1194
-896,-87,994,-756,-1258,-528,-441,-3167,-2604,-2040,-1506,-1190
-900,-83,994,-753,-1260,-533,-442,-3165,-2596,-2029,-1506,-1185
-895,-79,985,-743,-1250,-531,-436,-3155,-2582,-2009,-1499,-1172
-886,-78,976,-735,-1238,-525,-432,-3144,-2567,-1990,-1490,-1159
-876,-81,968,-729,-1226,-516,-429,-3131,-2551,-1971,-1480,-1145
-871,-85,965,-727,-1220,-509,-425,-3119,-2537,-1958,-1473,-1135
-861,-86,955,-718,-1207,-501,-416,-3101,-2519,-1938,-1462,-1124
-848,-92,946,-712,-1192,-489,-405,-3080,-2499,-1914,-1446,-1112
-834,-103,942,-712,-1181,-472,-397,-3060,-2481,-1891,-1429,-1100
-822,-120,943,-720,-1173,-454,-392,-3044,-2464,-1871,-1414,-1091
-807,-135,942,-724,-1164,-435,-388,-3028,-2448,-1855,-1401,-1084
-793,-148,939,-727,-1153,-417,-383,-3014,-2432,-1844,-1392,-1080
-779,-161,936,-729,-1142,-400,-378,-3004,-2418,-1837,-1386,-1078
-755,-168,917,-718,-1115,-381,-370,-2985,-2405,-1827,-1374,-1074
-739,-176,907,-712,-1097,-367,-366,-2966,-2395,-1820,-1363,-1073
-722,-182,895,-705,-1079,-353,-359,-2946,-2382,-1813,-1351,-1072
-702,-191,882,-698,-1056,-336,-354,-2925,-2367,-1805,-1336,-1070
-683,-202,874,-698,-1039,-318,-353,-2908,-2355,-1801,-1325,-1070
-668,-210,867,-698,-1024,-305,-354,-2893,-2345,-1796,-1316,-1071
-653,-214,856,-691,-1006,-294,-356,-2879,-2336,-1788,-1303,-1071
-636,-214,839,-679,-983,-285,-361,-2866,-2328,-1778,-1289,-1071
-622,-215,827,-672,-966,-277,-371,-2862,-2328,-1775,-1280,-1075
-619,-217,829,-675,-964,-275,-386,-2865,-2334,-1777,-1277,-1083
-622,-214,832,-676,-968,-281,-399,-2866,-2337,-1774,-1274,-1089
-627,-210,834,-676,-972,-289,-408,-2865,-2337,-1767,-1271,-1093
-626,-203,829,-670,-968,-294,-412,-2858,-2334,-1755,-1266,-1093
-629,-198,830,-669,-970,-300,-416,-2856,-2332,-1748,-1265,-1094
-633,-194,834,-673,-976,-307,-422,-2857,-2330,-1746,-1269,-1096
-635,-193,838,-677,-979,-309,-430,-2860,-2327,-1746,-1275,-1096
-630,-195,838,-682,-976,-305,-437,-2861,-2323,-1747,-1279,-1095
-622,-201,838,-690,-971,-296,-445,-2864,-2318,-1749,-1283,-1094
-614,-206,837,-697,-966,-287,-453,-2868,-2314,-1753,-1285,-1092
-608,-212,839,-706,-963,-279,-462,-2870,-2310,-1754,-1286,-1090
-616,-216,852,-722,-978,-280,-472,-2879,-2311,-1760,-1293,-1091
-620,-215,857,-729,-985,-283,-479,-2884,-2310,-1760,-1294,-1090
-629,-213,864,-735,-996,-290,-486,-2887,-2306,-1756,-1294,-1086
-642,-209,873,-742,-1011,-300,-493,-2890,-2298,-1750,-1293,-1080
-648,-204,875,-743,-1017,-306,-494,-2889,-2284,-1737,-1286,-1073
-652,-202,877,-745,-1021,-309,-493,-2882,-2267,-1719,-1274,-1062
-659,-202,884,-751,-1030,-312,-493,-2879,-2250,-1703,-1267,-1053
-667,-202,892,-758,-1041,-316,-491,-2879,-2231,-1687,-1262,-1043
-666,-200,888,-755,-1038,-315,-483,-2871,-2208,-1666,-1253,-1030
-652,-197,869,-740,-1016,-306,-468,-2853,-2183,-1642,-1238,-1013
-635,-190,845,-719,-988,-298,-455,-2835,-2164,-1625,-1223,-999
-620,-179,817,-692,-959,-293,-444,-2819,-2148,-1612,-1209,-988
-609,-168,794,-667,-935,-292,-438,-2809,-2134,-1603,-1201,-984
-597,-156,768,-639,-909,-290,-432,-2798,-2123,-1593,-1193,-983
-583,-147,742,-612,-881,-286,-429,-2787,-2112,-1581,-1183,-982
-573,-141,723,-592,-861,-282,-426,-2777,-2101,-1571,-1174,-980
-571,-138,714,-579,-852,-283,-425,-2771,-2092,-1562,-1167,-979
-570,-135,706,-566,-845,-284,-428,-2762,-2082,-1554,-1164,-975
-566,-136,700,-558,-838,-281,-433,-2753,-2073,-1547,-1162,-972
-561,-141,696,-552,-831,-276,-435,-2745,-2064,-1538,-1162,-968
-544,-147,678,-539,-806,-262,-431,-2728,-2053,-1520,-1155,-959
-530,-153,666,-530,-789,-251,-431,-2716,-2044,-1511,-1151,-954
-512,-160,650,-518,-766,-237,-430,-2705,-2033,-1501,-1145,-949
-491,-169,634,-509,-742,-220,-431,-2693,-2024,-1487,-1137,-943
-473,-178,621,-502,-721,-205,-433,-2686,-2020,-1479,-1132,-942
-456,-183,606,-492,-700,-193,-433,-2682,-2016,-1476,-1128,-943
-435,-184,584,-476,-673,-182,-432,-2678,-2010,-1469,-1119,-941
-414,-184,562,-459,-645,-171,-431,-2671,-2004,-1466,-1107,-938
-399,-186,548,-451,-628,-163,-434,-2670,-2002,-1473,-1098,-936
-393,-192,548,-455,-626,-158,-439,-2672,-2004,-1487,-1096,-939
-387,-196,549,-460,-624,-155,-445,-2676,-2006,-1500,-1099,-941
-381,-200,548,-464,-622,-150,-451,-2678,-2006,-1510,-1104,-944
-371,-203,545,-467,-615,-144,-452,-2675,-2003,-1510,-1104,-943
-364,-209,547,-477,-614,-136,-455,-2677,-1999,-1510,-1106,-943
-356,-218,553,-491,-615,-125,-462,-2681,-1994,-1511,-1108,-945
-349,-225,556,-504,-614,-115,-469,-2679,-1989,-1509,-1107,-946
-338,-231,556,-512,-608,-103,-475,-2675,-1982,-1507,-1102,-945
-328,-237,556,-522,-603,-91,-478,-2673,-1976,-1506,-1098,-944
-318,-243,557,-534,-598,-78,-481,-2670,-1970,-1503,-1093,-944
-310,-250,561,-546,-596,-66,-484,-2664,-1962,-1491,-1086,-942
-317,-256,579,-568,-613,-63,-494,-2664,-1959,-1485,-1088,-944
-321,-258,590,-582,-624,-62,-501,-2662,-1954,-1480,-1088,-943
-327,-256,598,-592,-633,-63,-508,-2661,-1948,-1480,-1087,-942
-340,-250,610,-600,-649,-71,-515,-2665,-1941,-1478,-1085,-940
-350,-242,615,-602,-659,-79,-516,-2664,-1930,-1469,-1076,-934
-357,-236,620,-605,-666,-84,-516,-2662,-1918,-1456,-1066,-926
-365,-234,628,-611,-676,-86,-515,-2663,-1909,-1443,-1061,-921
-376,-233,639,-619,-690,-90,-512,-2665,-1898,-1429,-1061,-920
-380,-232,644,-621,-695,-90,-506,-2659,-1881,-1411,-1054,-915
-374,-229,635,-613,-683,-84,-494,-2648,-1861,-1392,-1042,-905
-366,-227,625,-603,-669,-78,-486,-2639,-1845,-1377,-1030,-893
-359,-225,615,-592,-657,-73,-480,-2630,-1834,-1368,-1020,-882
-359,-222,611,-584,-653,-73,-481,-2629,-1826,-1370,-1014,-878
-356,-220,604,-574,-644,-72,-486,-2630,-1820,-1376,-1010,-874
-348,-223,596,-566,-632,-64,-492,-2628,-1813,-1381,-1003,-871
-342,-229,593,-562,-624,-56,-497,-2623,-1808,-1388,-996,-871
-344,-235,598,-562,-627,-55,-504,-2620,-1807,-1398,-992,-871
-346,-239,601,-562,-629,-54,-510,-2617,-1807,-1406,-990,-870
-346,-244,601,-558,-627,-53,-513,-2617,-1806,-1410,-989,-867
-344,-248,600,-554,-624,-51,-520,-2618,-1805,-1411,-989,-864
-329,-252,585,-541,-603,-41,-521,-2606,-1802,-1402,-976,-854
-314,-263,575,-536,-586,-26,-523,-2596,-1800,-1394,-965,-846
-296,-273,563,-530,-565,-10,-523,-2586,-1797,-1385,-955,-840
-276,-284,550,-525,-542,8,-523,-2574,-1794,-1372,-946,-835
-261,-296,543,-525,-528,24,-524,-2564,-1790,-1361,-939,-832
-250,-306,538,-526,-518,35,-526,-2556,-1788,-1350,-934,-829
-239,-310,528,-522,-505,43,-527,-2550,-1784,-1339,-927,-825
-226,-312,514,-514,-489,51,-529,-2541,-1780,-1327,-917,-819
-221,-313,508,-511,-483,52,-531,-2534,-1775,-1319,-910,-812
-222,-319,513,-520,-488,54,-532,-2530,-1771,-1317,-911,-807
-221,-325,517,-529,-492,58,-527,-2531,-1769,-1312,-913,-803
-220,-327,519,-536,-495,58,-522,-2537,-1770,-1308,-915,-800
-218,-324,514,-535,-492,57,-519,-2541,-1770,-1304,-913,-794
-217,-323,513,-538,-492,57,-521,-2550,-1769,-1302,-910,-788
-216,-323,514,-544,-494,58,-525,-2563,-1769,-1304,-910,-788
-213,-322,512,-547,-492,59,-530,-2574,-1769,-1306,-913,-789
-207,-319,505,-546,-485,61,-535,-2580,-1768,-1309,-913,-788
-202,-314,499,-544,-478,63,-541,-2584,-1769,-1319,-917,-788
-199,-308,495,-542,-474,61,-548,-2588,-1773,-1335,-923,-793
-201,-302,494,-542,-476,57,-553,-2590,-1776,-1347,-926,-797
-218,-297,510,-553,-498,44,-562,-2601,-1781,-1359,-933,-805
-234,-287,520,-557,-514,28,-570,-2607,-1783,-1364,-939,-810
-248,-279,530,-561,-530,15,-577,-2614,-1785,-1367,-945,-816
-264,-273,544,-569,-549,2,-580,-2622,-1787,-1373,-955,-824
-278,-264,554,-571,-563,-11,-582,-2626,-1785,-1381,-963,-828
-293,-254,562,-571,-578,-27,-587,-2630,-1783,-1391,-968,-831
-313,-245,576,-575,-599,-44,-598,-2637,-1786,-1403,-975,-833
-336,-237,592,-580,-624,-64,-608,-2646,-1790,-1409,-981,-836
-351,-228,600,-578,-638,-78,-614,-2652,-1788,-1406,-982,-837
-356,-219,596,-568,-638,-87,-617,-2648,-1781,-1392,-976,-835
-355,-215,591,-561,-634,-89,-618,-2642,-1774,-1382,-971,-832
-352,-212,585,-552,-627,-89,-621,-2635,-1768,-1373,-966,-828
-350,-214,584,-551,-625,-87,-626,-2635,-1761,-1364,-963,-825
-346,-217,581,-548,-620,-82,-634,-2633,-1753,-1356,-957,-819
-339,-222,576,-546,-612,-74,-643,-2629,-1745,-1347,-949,-812
-335,-228,574,-545,-608,-68,-653,-2628,-1742,-1342,-942,-806
-336,-232,576,-546,-610,-67,-663,-2628,-1741,-1343,-939,-803
-343,-234,581,-548,-618,-70,-670,-2626,-1742,-1348,-939,-802
-346,-237,583,-549,-623,-71,-673,-2625,-1744,-1354,-940,-804
-349,-239,584,-548,-626,-72,-676,-2631,-1747,-1364,-945,-809
-339,-236,567,-533,-609,-67,-674,-2632,-1749,-1367,-943,-809
-331,-236,554,-522,-595,-62,-675,-2636,-1754,-1377,-945,-813
-320,-238,542,-514,-581,-54,-674,-2641,-1761,-1388,-947,-820
-306,-243,530,-508,-564,-41,-673,-2643,-1771,-1394,-944,-827
-297,-249,523,-506,-554,-32,-677,-2647,-1784,-1402,-945,-837
-292,-252,518,-505,-547,-27,-683,-2653,-1795,-1410,-946,-845
-284,-255,509,-500,-536,-20,-689,-2656,-1807,-1418,-946,-851
-271,-256,496,-493,-519,-10,-696,-2656,-1820,-1425,-945,-857
-265,-257,489,-488,-511,-7,-706,-2659,-1837,-1434,-946,-864
-272,-257,495,-493,-519,-13,-719,-2666,-1855,-1445,-950,-873
-282,-255,504,-498,-531,-21,-729,-2671,-1870,-1452,-954,-882
-292,-252,511,-502,-542,-31,-736,-2673,-1883,-1460,-958,-892
-299,-246,515,-502,-549,-40,-739,-2670,-1893,-1465,-958,-898
-308,-243,521,-505,-559,-49,-744,-2670,-1901,-1472,-958,-902
-318,-239,531,-511,-572,-60,-748,-2672,-1909,-1478,-963,-903
-325,-235,537,-514,-580,-69,-750,-2673,-1916,-1482,-970,-904
-325,-227,533,-508,-576,-74,-752,-2673,-1918,-1487,-976,-905
-324,-221,530,-503,-573,-79,-752,-2679,-1921,-1495,-980,-907
-321,-217,526,-500,-568,-80,-752,-2690,-1926,-1501,-982,-908
-316,-215,522,-498,-561,-79,-752,-2698,-1932,-1507,-980,-909
-323,-214,532,-505,-572,-85,-757,-2712,-1939,-1515,-985,-912
-330,-207,535,-503,-577,-95,-762,-2723,-1945,-1515,-988,-912
-338,-200,539,-502,-585,-105,-768,-2736,-1954,-1515,-992,-913
-348,-195,546,-504,-596,-115,-773,-2750,-1962,-1517,-999,-914
-354,-190,550,-503,-603,-123,-773,-2758,-1966,-1512,-1001,-913
-360,-190,557,-508,-610,-126,-773,-2766,-1966,-1505,-1001,-911
-368,-196,572,-521,-626,-128,-774,-2778,-1965,-1499,-1002,-910
-377,-204,590,-538,-643,-127,-772,-2796,-1965,-1494,-1006,-909
-379,-210,599,-547,-650,-124,-767,-2812,-1964,-1486,-1008,-904
-373,-214,597,-547,-644,-116,-760,-2821,-1958,-1477,-1005,-896
-368,-216,594,-546,-638,-110,-755,-2827,-1956,-1473,-1001,-888
-366,-218,593,-546,-635,-106,-751,-2833,-1955,-1476,-1000,-882
-368,-218,595,-546,-638,-107,-751,-2841,-1955,-1484,-1002,-880
-372,-215,594,-542,-639,-110,-751,-2844,-1953,-1487,-1001,-880
-373,-213,591,-537,-637,-111,-747,-2843,-1952,-1484,-997,-881
-375,-213,590,-535,-637,-110,-744,-2843,-1951,-1479,-995,-883
-379,-212,591,-534,-640,-113,-741,-2843,-1951,-1477,-996,-886
-385,-209,591,-530,-643,-118,-737,-2842,-1950,-1472,-996,-890
-390,-205,588,-525,-645,-123,-730,-2840,-1944,-1468,-992,-893
-395,-202,586,-520,-646,-128,-724,-2842,-1940,-1466,-991,-895
-383,-202,570,-508,-629,-120,-711,-2837,-1935,-1459,-981,-895
-375,-206,562,-504,-618,-111,-700,-2832,-1932,-1456,-973,-896
-365,-214,556,-504,-607,-98,-689,-2825,-1929,-1454,-967,-894
-351,-222,547,-502,-593,-83,-680,-2815,-1924,-1450,-962,-891
-341,-232,544,-506,-584,-69,-676,-2808,-1918,-1443,-958,-889
-333,-240,540,-508,-577,-59,-672,-2803,-1909,-1434,-953,-887
-322,-245,532,-506,-565,-47,-669,-2797,-1899,-1418,-944,-882
-306,-252,521,-503,-547,-31,-666,-2785,-1893,-1402,-934,-876
-294,-261,517,-506,-538,-17,-664,-2777,-1895,-1397,-928,-874
-293,-270,525,-518,-543,-9,-669,-2779,-1905,-1402,-932,-879
-296,-275,533,-527,-551,-8,-680,-2786,-1920,-1412,-944,-886
-299,-276,539,-531,-558,-9,-696,-2797,-1937,-1427,-959,-897
-298,-274,537,-529,-557,-10,-708,-2806,-1949,-1439,-973,-906
-301,-270,538,-529,-561,-14,-718,-2813,-1958,-1458,-988,-918
-312,-263,545,-530,-574,-26,-729,-2820,-1967,-1483,-1006,-932
-322,-253,548,-527,-584,-40,-738,-2826,-1976,-1509,-1023,-945
-329,-240,546,-518,-588,-54,-744,-2829,-1983,-1531,-1036,-956
-333,-227,541,-509,-589,-66,-752,-2833,-1990,-1551,-1050,-968
-336,-217,539,-502,-589,-74,-763,-2842,-1999,-1576,-1061,-982
-339,-207,536,-494,-589,-84,-775,-2853,-2007,-1600,-1067,-994
-354,-201,549,-501,-608,-98,-790,-2871,-2017,-1625,-1081,-1008
-368,-192,558,-502,-624,-115,-800,-2886,-2025,-1643,-1091,-1017
-382,-182,568,-504,-640,-131,-807,-2899,-2032,-1658,-1102,-1024
-398,-174,581,-508,-659,-148,-810,-2910,-2037,-1669,-1111,-1028
-411,-167,590,-510,-673,-162,-807,-2917,-2037,-1672,-1115,-1027
-422,-159,598,-511,-686,-175,-801,-2918,-2033,-1666,-1114,-1024
-440,-151,611,-515,-706,-193,-795,-2918,-2028,-1655,-1112,-1022
-460,-145,629,-523,-730,-210,-785,-2919,-2023,-1642,-1114,-1022
-471,-141,639,-527,-743,-221,-774,-2920,-2014,-1625,-1111,-1020
-470,-136,635,-521,-739,-224,-760,-2917,-2004,-1606,-1101,-1013
-464,-131,627,-513,-729,-223,-748,-2915,-1996,-1588,-1091,-1006
-459,-125,618,-502,-719,-224,-741,-2913,-1990,-1573,-1081,-998
-457,-120,613,-495,-713,-226,-736,-2914,-1986,-1564,-1074,-994
-456,-112,604,-484,-706,-230,-729,-2913,-1981,-1555,-1068,-990
-452,-104,593,-471,-696,-233,-722,-2909,-1974,-1539,-1059,-982
-450,-100,586,-461,-689,-235,-719,-2905,-1967,-1523,-1051,-976
-453,-98,584,-458,-689,-239,-716,-2904,-1962,-1510,-1046,-972
-456,-96,584,-455,-690,-242,-712,-2902,-1958,-1499,-1042,-968
-457,-93,579,-449,-687,-246,-709,-2899,-1957,-1490,-1039,-962
-460,-88,572,-439,-684,-252,-707,-2897,-1960,-1488,-1040,-959
-450,-80,550,-417,-662,-251,-701,-2888,-1960,-1485,-1032,-954
-441,-78,535,-404,-645,-247,-697,-2883,-1959,-1488,-1027,-950
-432,-80,522,-394,-630,-241,-692,-2883,-1957,-1489,-1024,-946
-419,-81,503,-381,-608,-233,-689,-2881,-1959,-1488,-1020,-941
-411,-82,490,-371,-593,-228,-688,-2878,-1963,-1491,-1015,-940
-407,-82,480,-363,-584,-226,-687,-2874,-1965,-1497,-1010,-940
-405,-81,471,-355,-577,-227,-685,-2865,-1963,-1499,-1001,-939
-400,-82,461,-348,-566,-223,-682,-2854,-1958,-1499,-988,-937
-398,-89,460,-351,-565,-218,-680,-2848,-1957,-1503,-979,-938
-404,-102,474,-368,-578,-214,-683,-2845,-1960,-1513,-977,-943
-409,-115,489,-387,-592,-209,-687,-2839,-1964,-1517,-977,-950
-415,-129,505,-407,-606,-204,-694,-2833,-1968,-1520,-979,-957
-415,-138,513,-421,-612,-198,-703,-2828,-1969,-1519,-981,-963
-415,-149,523,-436,-619,-190,-716,-2827,-1972,-1520,-986,-972
-418,-157,533,-450,-629,-187,-731,-2835,-1978,-1525,-999,-986
-420,-160,539,-458,-635,-186,-744,-2847,-1986,-1529,-1013,-996
-418,-160,539,-461,-634,-183,-750,-2855,-1993,-1535,-1026,-1003
-414,-158,536,-460,-631,-181,-754,-2861,-1998,-1540,-1035,-1008
-411,-157,535,-461,-629,-179,-754,-2861,-2000,-1545,-1041,-1014
-409,-155,537,-464,-630,-177,-753,-2855,-1998,-1547,-1043,-1021
-421,-157,555,-480,-652,-183,-754,-2859,-1997,-1551,-1051,-1030
-433,-154,570,-492,-671,-191,-751,-2861,-1993,-1553,-1056,-1033
-444,-152,586,-503,-690,-198,-747,-2863,-1988,-1553,-1060,-1034
-460,-149,605,-516,-714,-209,-743,-2866,-1985,-1553,-1065,-1033
-472,-144,619,-524,-732,-218,-741,-2867,-1980,-1550,-1068,-1033
-480,-140,628,-528,-744,-224,-740,-2868,-1975,-1549,-1069,-1031
-490,-135,639,-533,-759,-232,-738,-2872,-1973,-1550,-1073,-1028
-505,-129,654,-539,-778,-243,-736,-2880,-1973,-1554,-1080,-1029
-514,-124,662,-541,-791,-250,-729,-2888,-1972,-1554,-1083,-1030
-514,-115,658,-532,-788,-253,-718,-2886,-1965,-1543,-1078,-1025
-512,-109,652,-523,-783,-254,-707,-2879,-1955,-1531,-1071,-1018
-509,-104,647,-515,-777,-252,-695,-2867,-1946,-1520,-1063,-1011
-509,-100,643,-507,-775,-252,-685,-2857,-1939,-1508,-1058,-1007
-509,-92,637,-496,-771,-256,-676,-2849,-1935,-1498,-1054,-1004
-506,-86,628,-483,-763,-256,-668,-2840,-1931,-1488,-1044,-1000
-508,-80,623,-473,-761,-260,-664,-2833,-1928,-1482,-1034,-998
-514,-77,623,-468,-765,-265,-663,-2828,-1927,-1472,-1029,-998
-515,-77,622,-463,-764,-266,-666,-2821,-1926,-1463,-1026,-999
-512,-78,617,-458,-759,-263,-670,-2814,-1923,-1452,-1021,-1000
-511,-77,612,-451,-754,-264,-677,-2809,-1919,-1446,-1018,-1000
-498,-76,593,-435,-731,-257,-681,-2799,-1912,-1438,-1009,-997
-486,-80,580,-427,-713,-248,-688,-2795,-1907,-1433,-1004,-996
-475,-83,568,-419,-697,-241,-692,-2792,-1903,-1424,-1002,-994
-462,-86,553,-410,-678,-233,-693,-2787,-1899,-1414,-996,-991
-456,-88,545,-405,-667,-230,-696,-2782,-1896,-1410,-990,-989
-454,-88,537,-400,-659,-231,-700,-2780,-1895,-1407,-986,-989
-449,-87,527,-393,-647,-232,-700,-2778,-1894,-1396,-978,-983
-441,-86,514,-384,-631,-229,-701,-2771,-1893,-1383,-967,-975
-438,-84,506,-379,-623,-232,-708,-2768,-1895,-1377,-960,-970
-445,-83,510,-383,-629,-239,-718,-2768,-1901,-1380,-960,-970
-452,-81,513,-386,-635,-248,-730,-2769,-1905,-1385,-966,-973
-457,-78,514,-386,-637,-255,-740,-2767,-1908,-1391,-975,-975
-459,-73,509,-382,-634,-262,-745,-2760,-1909,-1392,-983,-977
-461,-68,506,-380,-633,-269,-752,-2754,-1910,-1393,-991,-980
-466,-65,507,-381,-637,-276,-764,-2755,-1914,-1397,-1004,-987
-469,-61,507,-382,-638,-282,-778,-2757,-1918,-1403,-1016,-992
-469,-59,506,-382,-638,-285,-788,-2759,-1920,-1409,-1024,-997
-470,-59,508,-386,-641,-286,-792,-2765,-1923,-1419,-1031,-1002
-473,-62,516,-396,-649,-287,-792,-2766,-1925,-1426,-1035,-1007
-476,-66,525,-408,-657,-286,-789,-2760,-1923,-1420,-1033,-1007
-490,-72,548,-429,-683,-291,-791,-2762,-1923,-1415,-1037,-1008
-501,-74,565,-443,-703,-297,-793,-2763,-1922,-1410,-1043,-1009
-512,-76,580,-456,-723,-303,-797,-2765,-1921,-1406,-1047,-1010
-527,-76,600,-471,-747,-311,-800,-2770,-1918,-1404,-1051,-1009
-538,-75,614,-481,-766,-319,-796,-2773,-1912,-1394,-1050,-1005
-548,-74,627,-490,-783,-325,-791,-2775,-1905,-1380,-1048,-999
-560,-75,644,-503,-804,-331,-788,-2781,-1899,-1371,-1050,-993
-575,-76,664,-516,-828,-339,-787,-2795,-1895,-1367,-1056,-988
-585,-73,674,-521,-843,-346,-783,-2805,-1890,-1359,-1057,-981
-582,-65,667,-511,-838,-349,-775,-2810,-1884,-1349,-1050,-970
-575,-58,656,-499,-827,-347,-767,-2809,-1877,-1342,-1042,-958
-570,-52,647,-488,-819,-346,-759,-2803,-1867,-1334,-1035,-947
-572,-47,645,-481,-819,-350,-753,-2796,-1860,-1327,-1032,-935
-572,-41,640,-472,-817,-352,-749,-2788,-1856,-1322,-1033,-928
-566,-37,631,-461,-807,-351,-746,-2778,-1855,-1318,-1032,-922
-563,-37,627,-457,-803,-347,-744,-2771,-1855,-1316,-1029,-917
-564,-41,631,-458,-806,-345,-744,-2769,-1855,-1317,-1025,-913
-569,-42,634,-459,-811,-346,-747,-2764,-1856,-1316,-1023,-912
-573,-43,636,-458,-815,-348,-754,-2760,-1854,-1314,-1021,-911
-579,-41,636,-454,-818,-353,-763,-2761,-1851,-1319,-1023,-911
-573,-35,620,-436,-803,-352,-770,-2754,-1845,-1319,-1018,-906
-570,-33,610,-425,-792,-352,-781,-2751,-1841,-1319,-1013,-900
-567,-32,601,-416,-783,-351,-790,-2748,-1836,-1318,-1010,-896
-559,-31,587,-403,-767,-347,-793,-2740,-1829,-1316,-1008,-893
-557,-30,578,-395,-759,-347,-794,-2732,-1825,-1316,-1007,-893
-556,-30,572,-389,-753,-348,-793,-2723,-1821,-1315,-1006,-893
-550,-30,562,-381,-741,-346,-791,-2711,-1815,-1313,-1001,-892
-541,-30,550,-372,-725,-341,-788,-2700,-1808,-1306,-989,-888
-534,-34,542,-368,-715,-336,-790,-2695,-1802,-1303,-980,-889
-537,-40,549,-376,-720,-336,-796,-2697,-1802,-1305,-982,-896
-541,-46,557,-386,-728,-337,-800,-2698,-1804,-1310,-988,-902
-544,-51,564,-394,-733,-338,-802,-2698,-1803,-1315,-993,-906
-540,-55,564,-398,-730,-335,-802,-2692,-1798,-1314,-993,-908
-535,-61,566,-404,-728,-329,-807,-2687,-1790,-1313,-995,-913
-534,-67,572,-413,-731,-327,-814,-2687,-1786,-1313,-1004,-922
-532,-72,577,-421,-733,-324,-817,-2685,-1784,-1311,-1014,-930
-530,-73,579,-425,-734,-323,-821,-2683,-1779,-1308,-1024,-936
-529,-72,580,-428,-734,-322,-827,-2680,-1774,-1304,-1032,-940
-532,-70,586,-433,-740,-326,-836,-2677,-1771,-1303,-1040,-946
-540,-65,594,-437,-751,-334,-846,-2672,-1769,-1305,-1045,-951
-562,-61,617,-452,-781,-349,-860,-2676,-1773,-1315,-1056,-960
-584,-51,635,-459,-808,-368,-868,-2678,-1773,-1318,-1061,-964
-604,-41,651,-465,-833,-386,-871,-2678,-1770,-1319,-1063,-968
-625,-32,668,-473,-858,-402,-872,-2680,-1767,-1327,-1067,-974
-640,-22,679,-475,-876,-416,-869,-2678,-1761,-1330,-1067,-975
-653,-12,688,-476,-892,-428,-864,-2677,-1753,-1330,-1065,-973
-667,-5,699,-479,-908,-438,-860,-2682,-1748,-1328,-1068,-972
-681,2,710,-483,-925,-449,-855,-2693,-1742,-1325,-1073,-970
-692,10,716,-481,-937,-459,-847,-2703,-1733,-1318,-1074,-966
-690,18,709,-472,-932,-459,-831,-2704,-1718,-1303,-1067,-958
-683,21,700,-464,-922,-454,-817,-2703,-1706,-1292,-1057,-949
-673,22,689,-455,-908,-446,-804,-2698,-1698,-1284,-1045,-937
-663,19,682,-452,-897,-435,-792,-2692,-1696,-1280,-1035,-926
-654,16,675,-448,-887,-425,-779,-2683,-1695,-1276,-1026,-915
-641,12,665,-443,-872,-412,-764,-2669,-1695,-1271,-1013,-905
-630,5,658,-441,-861,-400,-750,-2658,-1693,-1270,-1000,-899
-625,-1,655,-441,-855,-393,-736,-2650,-1691,-1270,-992,-896
-625,-3,653,-439,-854,-392,-727,-2643,-1687,-1269,-986,-896
-625,-4,650,-435,-852,-392,-726,-2635,-1683,-1265,-981,-896
-621,-6,644,-430,-847,-390,-727,-2625,-1677,-1263,-978,-896
-606,-7,625,-416,-823,-381,-720,-2603,-1665,-1251,-966,-889
-593,-12,613,-410,-807,-371,-716,-2582,-1657,-1246,-956,-884
-583,-18,604,-405,-794,-363,-712,-2562,-1650,-1245,-946,-882
-570,-24,592,-400,-778,-353,-710,-2538,-1643,-1240,-935,-877
-561,-31,586,-398,-767,-345,-710,-2518,-1639,-1242,-928,-876
-557,-36,582,-398,-762,-342,-712,-2500,-1633,-1243,-919,-873
-552,-36,574,-392,-753,-342,-712,-2481,-1624,-1240,-907,-867
-541,-36,559,-381,-735,-337,-710,-2464,-1617,-1235,-895,-863
-533,-38,549,-375,-722,-333,-710,-2454,-1615,-1236,-886,-864
-534,-44,552,-381,-724,-332,-715,-2453,-1619,-1243,-884,-868
-537,-48,558,-387,-730,-334,-719,-2453,-1621,-1246,-886,-872
-537,-55,562,-396,-732,-331,-726,-2458,-1622,-1245,-890,-876
-534,-61,564,-402,-731,-326,-734,-2462,-1622,-1243,-894,-877
-533,-65,565,-407,-730,-323,-741,-2467,-1621,-1242,-897,-879
-537,-68,572,-416,-738,-325,-748,-2475,-1620,-1248,-905,-885
-541,-67,576,-420,-742,-327,-751,-2484,-1622,-1254,-913,-892
-540,-64,573,-419,-740,-328,-752,-2489,-1623,-1261,-919,-897
-539,-64,572,-421,-738,-326,-753,-2492,-1621,-1262,-921,-899
-540,-66,577,-428,-743,-325,-757,-2494,-1619,-1262,-921,-902
-540,-68,582,-436,-746,-321,-761,-2489,-1620,-1262,-917,-903
-550,-73,600,-454,-765,-323,-768,-2491,-1624,-1269,-924,-907
-559,-75,615,-468,-782,-326,-773,-2492,-1624,-1271,-929,-907
-565,-77,627,-481,-795,-326,-777,-2494,-1624,-1272,-934,-907
-574,-79,643,-495,-812,-329,-782,-2502,-1624,-1273,-944,-909
-580,-79,654,-504,-824,-331,-785,-2507,-1624,-1270,-951,-911
-581,-80,662,-512,-831,-330,-788,-2509,-1626,-1268,-958,-913
-583,-81,670,-519,-838,-329,-789,-2513,-1626,-1268,-966,-917
-587,-81,679,-527,-848,-331,-786,-2520,-1621,-1271,-976,-924
-588,-78,681,-526,-850,-333,-777,-2521,-1613,-1267,-982,-929
-579,-70,669,-513,-837,-332,-761,-2513,-1599,-1251,-978,-925
-567,-63,654,-499,-821,-328,-749,-2502,-1584,-1237,-969,-920
-553,-60,640,-486,-803,-321,-738,-2490,-1569,-1224,-956,-913
-541,-58,629,-477,-788,-315,-729,-2479,-1556,-1215,-945,-907
-531,-54,616,-464,-773,-312,-721,-2468,-1541,-1203,-932,-901
-516,-50,598,-447,-751,-306,-713,-2454,-1522,-1187,-915,-894
-501,-48,582,-432,-730,-299,-704,-2442,-1502,-1172,-900,-888
-490,-46,568,-419,-714,-295,-695,-2432,-1483,-1159,-888,-882
-482,-46,558,-408,-701,-292,-685,-2419,-1464,-1145,-877,-875
-471,-48,546,-398,-686,-286,-673,-2404,-1444,-1132,-864,-866
-460,-53,535,-390,-670,-278,-659,-2391,-1425,-1123,-853,-858
-433,-58,508,-372,-634,-259,-641,-2366,-1402,-1108,-831,-846
-404,-68,483,-358,-597,-236,-623,-2339,-1380,-1094,-807,-831
-376,-81,461,-348,-563,-211,-602,-2313,-1356,-1077,-786,-816
-341,-95,433,-335,-520,-181,-580,-2289,-1335,-1059,-765,-799
-308,-112,410,-327,-481,-150,-564,-2267,-1319,-1044,-744,-785
-277,-127,388,-321,-445,-121,-547,-2248,-1307,-1025,-727,-772
-247,-140,363,-311,-408,-94,-529,-2225,-1295,-1002,-708,-757
-213,-152,335,-298,-366,-64,-511,-2197,-1284,-978,-687,-741
-181,-166,310,-290,-327,-34,-496,-2172,-1275,-962,-666,-725
-158,-182,300,-294,-304,-7,-488,-2157,-1271,-951,-654,-716
-139,-196,290,-296,-284,16,-481,-2145,-1263,-940,-644,-711
-118,-207,277,-296,-260,39,-476,-2135,-1254,-929,-637,-708
-91,-217,259,-291,-230,65,-474,-2125,-1246,-921,-631,-705
-66,-226,242,-289,-201,91,-473,-2115,-1238,-919,-626,-701
-48,-236,235,-292,-184,112,-476,-2111,-1229,-921,-626,-700
-29,-243,225,-294,-164,133,-478,-2107,-1219,-924,-626,-696
-9,-249,214,-293,-143,153,-478,-2098,-1208,-926,-624,-690
10,-252,202,-292,-122,172,-474,-2089,-1196,-926,-620,-684
26,-256,195,-294,-107,188,-467,-2075,-1182,-920,-613,-677
40,-258,189,-295,-93,202,-460,-2057,-1167,-907,-600,-668
41,-261,196,-306,-98,208,-452,-2046,-1156,-899,-592,-666
39,-258,202,-311,-103,208,-442,-2037,-1146,-891,-585,-662
38,-253,205,-314,-107,207,-436,-2028,-1135,-883,-577,-658
28,-245,213,-318,-119,198,-435,-2027,-1127,-876,-573,-656
22,-235,216,-316,-126,189,-435,-2030,-1120,-869,-569,-648
20,-226,214,-312,-127,183,-433,-2034,-1114,-862,-567,-638
18,-219,215,-310,-130,178,-428,-2039,-1109,-854,-568,-629
15,-217,219,-312,-136,176,-422,-2042,-1103,-843,-572,-621
18,-217,219,-313,-135,178,-412,-2037,-1095,-827,-573,-611
34,-216,205,-303,-117,187,-394,-2024,-1081,-800,-565,-597
55,-217,186,-292,-92,202,-370,-2006,-1065,-772,-553,-581
77,-220,167,-280,-66,217,-344,-1990,-1049,-744,-537,-563
97,-224,151,-270,-43,231,-321,-1979,-1035,-719,-521,-547
116,-228,135,-261,-21,245,-302,-1971,-1020,-697,-509,-534
140,-236,117,-252,6,264,-287,-1962,-1003,-675,-494,-520
162,-248,104,-249,29,285,-278,-1956,-987,-657,-479,-509
181,-263,97,-251,46,306,-274,-1953,-976,-647,-467,-504
198,-277,90,-253,62,325,-271,-1945,-969,-642,-459,-500
216,-293,84,-256,78,345,-268,-1935,-962,-635,-454,-496
231,-308,80,-262,91,363,-265,-1927,-956,-631,-453,-493
257,-322,63,-256,120,387,-260,-1917,-947,-620,-446,-487
284,-338,49,-255,148,414,-258,-1915,-940,-614,-441,-486
306,-354,39,-255,170,437,-259,-1918,-935,-611,-439,-488
330,-367,24,-251,197,460,-257,-1919,-931,-610,-436,-488
351,-380,13,-251,219,482,-257,-1916,-932,-613,-439,-493
371,-392,2,-249,241,502,-256,-1911,-934,-616,-441,-498
390,-401,-11,-245,264,520,-255,-1900,-933,-614,-438,-501
411,-407,-27,-236,290,537,-257,-1888,-935,-609,-426,-499
428,-415,-36,-235,308,552,-261,-1882,-942,-609,-415,-498
434,-425,-32,-244,310,563,-267,-1882,-954,-614,-412,-501
437,-433,-26,-253,308,570,-273,-1885,-962,-618,-412,-503
438,-438,-22,-258,306,574,-277,-1888,-963,-615,-412,-503
442,-438,-24,-257,311,577,-277,-1888,-961,-611,-409,-499
451,-439,-30,-254,321,584,-276,-1889,-960,-611,-406,-496
458,-442,-32,-255,327,591,-278,-1891,-961,-612,-407,-496
467,-443,-37,-255,335,598,-286,-1891,-960,-612,-409,-498
481,-446,-44,-253,349,610,-295,-1892,-956,-610,-409,-499
498,-450,-53,-251,366,624,-300,-1895,-949,-608,-407,-500
516,-455,-62,-250,383,640,-303,-1898,-940,-606,-404,-500
537,-462,-72,-250,402,659,-303,-1896,-930,-601,-396,-496
545,-470,-68,-260,404,670,-309,-1898,-924,-602,-395,-497
552,-475,-66,-267,406,678,-317,-1902,-918,-602,-397,-498
560,-477,-69,-268,413,685,-327,-1908,-914,-601,-399,-500
564,-477,-69,-269,415,688,-337,-1917,-909,-599,-401,-503
573,-476,-74,-268,424,694,-342,-1925,-900,-588,-396,-501
585,-478,-82,-266,436,704,-340,-1927,-887,-571,-386,-493
596,-482,-85,-269,445,714,-337,-1923,-872,-550,-376,-479
603,-488,-84,-275,449,723,-338,-1922,-851,-530,-367,-463
612,-490,-88,-276,457,731,-338,-1922,-829,-512,-358,-445
628,-487,-106,-263,480,740,-338,-1919,-807,-490,-345,-423
645,-482,-126,-247,505,748,-337,-1914,-784,-466,-329,-400
660,-477,-147,-230,530,755,-338,-1904,-763,-440,-312,-380
672,-473,-164,-216,550,761,-343,-1893,-745,-414,-295,-362
684,-469,-182,-201,569,765,-356,-1888,-731,-393,-279,-346
699,-462,-206,-178,597,771,-374,-1884,-720,-375,-258,-330
714,-456,-231,-156,624,777,-398,-1884,-712,-358,-234,-314
724,-450,-251,-137,645,780,-433,-1888,-706,-342,-211,-300
736,-448,-269,-121,665,785,-476,-1895,-701,-329,-187,-286
750,-447,-290,-104,688,794,-525,-1906,-696,-316,-164,-273
763,-446,-309,-88,710,801,-579,-1925,-692,-308,-147,-263
787,-443,-342,-60,748,815,-632,-1938,-688,-297,-125,-249
812,-443,-373,-36,786,831,-687,-1951,-686,-291,-104,-237
836,-445,-401,-16,821,847,-744,-1968,-686,-289,-87,-227
862,-446,-432,7,858,865,-802,-1981,-682,-284,-69,-217
880,-446,-455,25,885,875,-860,-1994,-679,-285,-54,-210
892,-445,-473,41,905,882,-916,-2005,-677,-289,-43,-207
906,-443,-493,58,927,888,-967,-2014,-675,-291,-31,-203
921,-439,-516,77,952,895,-1014,-2018,-674,-286,-16,-198
930,-433,-533,93,969,897,-1061,-2027,-677,-286,-4,-194
929,-431,-535,96,970,894,-1115,-2048,-686,-295,-3,-196
926,-429,-535,98,968,890,-1166,-2068,-697,-300,-7,-197
925,-426,-536,101,969,887,-1215,-2082,-705,-301,-12,-194
926,-425,-538,101,971,887,-1256,-2092,-710,-298,-15,-187
931,-429,-537,97,974,893,-1288,-2097,-711,-292,-17,-179
935,-433,-533,90,974,899,-1317,-2106,-711,-289,-24,-173
941,-436,-534,86,979,906,-1341,-2114,-710,-287,-34,-169
948,-436,-536,86,985,912,-1363,-2120,-710,-287,-44,-166
953,-433,-539,87,991,915,-1381,-2129,-713,-289,-54,-164
955,-429,-540,87,993,915,-1398,-2144,-721,-292,-66,-166
955,-423,-541,88,994,913,-1412,-2156,-725,-291,-74,-168
943,-421,-526,76,976,906,-1429,-2177,-729,-292,-87,-173
930,-417,-510,64,958,898,-1446,-2198,-729,-292,-101,-179
922,-416,-498,53,945,894,-1463,-2213,-725,-290,-110,-183
909,-412,-482,41,925,885,-1477,-2225,-722,-290,-119,-186
899,-408,-470,33,911,878,-1485,-2230,-716,-284,-123,-185
891,-404,-461,25,900,873,-1486,-2232,-710,-273,-122,-185
882,-405,-445,11,884,869,-1485,-2239,-704,-267,-123,-190
868,-407,-425,-6,863,864,-1484,-2255,-702,-268,-129,-199
858,-409,-408,-22,845,860,-1483,-2271,-699,-272,-139,-206
857,-409,-404,-26,843,860,-1477,-2281,-692,-271,-143,-208
858,-408,-404,-27,844,861,-1471,-2288,-684,-275,-144,-209
857,-405,-403,-28,843,859,-1466,-2296,-679,-277,-146,-211
847,-401,-396,-30,833,850,-1466,-2305,-679,-276,-150,-210
833,-397,-386,-33,818,837,-1468,-2317,-681,-275,-156,-209
826,-397,-380,-36,810,832,-1468,-2326,-685,-272,-160,-209
818,-403,-368,-46,797,829,-1470,-2333,-688,-270,-165,-209
805,-411,-351,-61,777,824,-1476,-2343,-693,-274,-175,-210
788,-416,-333,-74,754,814,-1481,-2349,-695,-284,-187,-211
767,-416,-318,-81,730,798,-1481,-2351,-695,-294,-199,-214
743,-414,-303,-86,703,778,-1480,-2354,-696,-307,-212,-220
727,-405,-303,-76,692,759,-1478,-2344,-695,-316,-218,-223
710,-396,-304,-65,682,739,-1480,-2329,-694,-330,-225,-227
688,-384,-304,-53,667,713,-1481,-2315,-696,-345,-234,-233
666,-368,-307,-35,653,684,-1479,-2299,-699,-356,-240,-237
634,-351,-302,-23,628,649,-1477,-2285,-703,-365,-247,-244
597,-334,-293,-13,596,609,-1477,-2275,-706,-371,-256,-252
560,-313,-287,2,567,568,-1478,-2263,-708,-377,-263,-259
528,-289,-287,21,544,529,-1475,-2246,-708,-378,-265,-263
493,-266,-284,38,517,487,-1476,-2232,-709,-377,-268,-269
448,-245,-267,44,474,441,-1485,-2226,-715,-380,-278,-281
400,-223,-247,48,428,392,-1497,-2225,-724,-386,-289,-296
356,-200,-230,53,385,346,-1511,-2229,-734,-391,-301,-308
315,-176,-216,61,347,302,-1526,-2234,-740,-391,-308,-316
278,-156,-201,64,311,263,-1543,-2235,-743,-386,-312,-323
241,-139,-179,59,269,227,-1561,-2238,-744,-386,-321,-331
206,-126,-157,52,230,196,-1575,-2240,-743,-383,-328,-337
179,-112,-139,47,199,169,-1586,-2242,-740,-380,-331,-343
156,-98,-125,44,173,146,-1593,-2242,-733,-371,-330,-346
137,-85,-112,41,151,126,-1600,-2244,-723,-358,-328,-349
122,-71,-102,39,133,109,-1605,-2241,-710,-342,-322,-350
94,-56,-80,29,100,84,-1609,-2244,-700,-333,-322,-353
66,-38,-58,21,67,57,-1612,-2245,-687,-323,-317,-353
42,-22,-39,14,38,33,-1613,-2244,-672,-308,-308,-349
17,-8,-15,1,6,11,-1617,-2246,-658,-294,-302,-348
-5,6,5,-8,-21,-10,-1619,-2245,-640,-278,-294,-344
-25,23,19,-11,-42,-30,-1620,-2242,-623,-259,-281,-340
-45,37,38,-20,-67,-49,-1621,-2243,-606,-241,-269,-338
-70,48,62,-34,-98,-69,-1620,-2249,-588,-228,-261,-339
-92,61,80,-42,-123,-88,-1617,-2255,-566,-214,-253,-338
-104,80,82,-34,-131,-106,-1609,-2252,-537,-193,-238,-332
-109,94,78,-24,-129,-116,-1597,-2242,-505,-170,-220,-326
-110,104,75,-18,-126,-121,-1586,-2225,-474,-151,-200,-319
-118,113,75,-13,-129,-131,-1578,-2208,-450,-135,-181,-313
-130,124,78,-9,-137,-144,-1572,-2190,-429,-121,-166,-312
-137,133,75,0,-138,-155,-1565,-2170,-405,-102,-146,-312
-144,139,74,7,-140,-164,-1559,-2160,-385,-83,-125,-315
-157,142,80,8,-151,-175,-1558,-2160,-369,-70,-109,-322
-177,145,91,6,-170,-192,-1561,-2162,-356,-56,-98,-331
-199,146,104,2,-192,-210,-1567,-2162,-341,-40,-90,-339
-227,146,122,-5,-221,-231,-1577,-2171,-329,-29,-86,-345
-247,149,129,-2,-239,-250,-1584,-2175,-316,-14,-75,-347
-267,149,137,-2,-257,-267,-1591,-2177,-305,0,-64,-349
-287,149,145,-1,-276,-285,-1600,-2180,-296,11,-59,-356
-303,153,144,8,-286,-302,-1609,-2183,-290,22,-55,-366
-324,159,147,16,-302,-324,-1624,-2195,-291,28,-54,-381
-352,167,155,23,-326,-352,-1642,-2214,-298,26,-60,-401
-379,177,160,32,-348,-381,-1662,-2236,-308,17,-69,-423
-399,186,159,44,-362,-404,-1679,-2257,-320,8,-76,-441
-420,195,162,53,-379,-427,-1697,-2278,-333,-7,-85,-459
-453,202,179,52,-413,-457,-1719,-2306,-352,-33,-102,-483
-489,210,201,46,-454,-489,-1741,-2341,-374,-61,-123,-508
-523,217,223,38,-493,-518,-1763,-2380,-399,-89,-147,-533
-554,225,243,32,-529,-545,-1786,-2418,-423,-115,-172,-559
-582,232,263,24,-563,-567,-1808,-2457,-444,-138,-192,-584
-613,236,291,7,-604,-590,-1830,-2499,-463,-160,-217,-608
-640,242,316,-7,-641,-610,-1854,-2536,-481,-180,-243,-628
-663,249,338,-20,-672,-628,-1874,-2569,-499,-201,-269,-649
-686,258,358,-32,-702,-645,-1890,-2602,-518,-227,-294,-669
-709,267,381,-45,-734,-662,-1904,-2635,-538,-253,-319,-692
-730,277,402,-59,-762,-677,-1915,-2660,-554,-272,-337,-713
-759,283,437,-84,-805,-695,-1927,-2692,-572,-296,-361,-737
-791,293,470,-106,-848,-717,-1939,-2725,-588,-316,-385,-759
-822,309,499,-122,-887,-742,-1951,-2756,-605,-337,-406,-780
-857,326,531,-140,-931,-771,-1968,-2787,-626,-364,-427,-802
-890,343,560,-154,-971,-799,-1982,-2811,-644,-387,-445,-824
-919,360,586,-167,-1006,-825,-1994,-2832,-661,-404,-459,-843
-950,374,615,-184,-1044,-851,-2004,-2854,-677,-418,-472,-863
-987,389,648,-201,-1089,-883,-2011,-2881,-692,-429,-487,-882
-1021,407,674,-211,-1128,-915,-2015,-2907,-704,-435,-501,-899
-1044,427,686,-209,-1149,-943,-2013,-2922,-709,-433,-505,-907
-1063,449,690,-201,-1164,-970,-2009,-2930,-708,-429,-505,-912
-1080,468,693,-192,-1176,-996,-2001,-2932,-706,-425,-504,-918
-1097,483,697,-185,-1189,-1020,-1993,-2932,-704,-423,-506,-926
-1114,495,703,-181,-1203,-1042,-1986,-2935,-706,-424,-510,-937
-1124,501,706,-177,-1211,-1057,-1973,-2937,-710,-425,-509,-949
-1135,500,714,-180,-1223,-1069,-1956,-2942,-716,-424,-511,-961
-1151,498,727,-187,-1242,-1083,-1940,-2950,-722,-423,-514,-976
-1172,495,744,-196,-1268,-1101,-1926,-2958,-727,-423,-517,-991
-1196,492,762,-205,-1296,-1121,-1913,-2965,-727,-424,-517,-1004
-1216,484,780,-216,-1322,-1135,-1902,-2974,-725,-427,-520,-1016
-1221,474,784,-219,-1328,-1138,-1888,-2977,-719,-422,-511,-1021
-1220,459,785,-224,-1329,-1133,-1876,-2980,-711,-413,-496,-1022
-1219,441,790,-232,-1333,-1126,-1867,-2990,-701,-403,-480,-1021
-1209,420,788,-239,-1326,-1110,-1860,-3001,-688,-383,-460,-1017
-1196,394,788,-250,-1317,-1089,-1854,-3008,-675,-362,-440,-1014
-1185,370,789,-261,-1312,-1069,-1847,-3009,-657,-337,-418,-1010
-1172,349,785,-267,-1301,-1049,-1839,-3003,-633,-305,-390,-1001
-1150,327,774,-270,-1280,-1022,-1830,-2987,-605,-271,-357,-987
-1128,303,766,-278,-1262,-992,-1816,-2968,-575,-239,-325,-974
-1118,276,775,-299,-1261,-967,-1806,-2954,-549,-213,-298,-965
-1112,251,788,-323,-1268,-946,-1797,-2943,-524,-192,-275,-958
-1103,228,797,-343,-1269,-923,-1786,-2934,-498,-177,-254,-952
-1090,208,802,-361,-1264,-897,-1775,-2927,-475,-168,-234,-948
-1077,191,806,-376,-1258,-873,-1763,-2920,-456,-163,-214,-944
-1071,178,815,-394,-1260,-856,-1752,-2919,-441,-165,-201,-944
-1064,170,820,-406,-1259,-841,-1739,-2919,-429,-168,-188,-942
-1053,163,822,-416,-1253,-823,-1724,-2916,-415,-169,-173,-938
-1039,156,824,-428,-1245,-802,-1709,-2912,-400,-169,-158,-934
-1030,149,830,-442,-1243,-785,-1696,-2911,-387,-168,-145,-933
-1023,147,836,-454,-1242,-773,-1685,-2911,-374,-165,-131,-934
-1027,143,855,-476,-1257,-766,-1675,-2919,-364,-169,-124,-939
-1037,143,876,-496,-1277,-766,-1662,-2928,-351,-168,-119,-943
-1047,146,896,-514,-1296,-769,-1647,-2933,-331,-160,-112,-944
-1064,148,921,-535,-1324,-776,-1632,-2939,-312,-152,-110,-946
-1080,154,942,-550,-1349,-786,-1612,-2940,-290,-140,-107,-946
-1095,163,958,-559,-1369,-798,-1592,-2937,-263,-125,-102,-944
-1110,168,976,-571,-1391,-808,-1573,-2932,-233,-112,-94,-942
-1130,172,999,-585,-1419,-823,-1552,-2924,-203,-97,-89,-942
-1150,183,1014,-590,-1442,-841,-1531,-2915,-177,-81,-85,-939
-1159,200,1010,-575,-1445,-859,-1508,-2902,-150,-61,-75,-929
-1161,219,994,-551,-1437,-875,-1490,-2890,-123,-43,-62,-918
-1161,238,975,-523,-1424,-890,-1477,-2882,-95,-29,-47,-909
-1159,253,956,-497,-1410,-902,-1465,-2875,-71,-24,-33,-904
-1156,261,941,-477,-1399,-910,-1455,-2869,-52,-22,-26,-903
-1146,264,924,-459,-1381,-911,-1443,-2855,-33,-18,-12,-900
-1139,261,912,-447,-1369,-910,-1434,-2841,-14,-12,3,-899
-1134,254,906,-441,-1362,-908,-1429,-2833,2,-5,18,-900
-1131,244,904,-440,-1360,-907,-1422,-2828,18,1,32,-903
-1128,236,899,-436,-1355,-907,-1410,-2821,36,8,49,-904
-1126,227,895,-432,-1352,-908,-1394,-2820,53,9,63,-906
-1116,221,880,-421,-1336,-904,-1373,-2813,70,12,82,-906
-1099,211,864,-411,-1314,-893,-1354,-2804,86,16,102,-909
-1083,197,851,-406,-1294,-880,-1339,-2800,101,15,119,-914
-1059,181,834,-402,-1267,-859,-1325,-2795,116,14,138,-918
-1037,162,823,-404,-1245,-838,-1309,-2787,127,9,153,-924
-1021,146,816,-408,-1229,-821,-1289,-2778,135,-1,164,-930
-1005,135,806,-408,-1211,-806,-1267,-2766,144,-7,176,-934
-986,128,791,-402,-1188,-791,-1247,-2747,156,-2,193,-934
-968,120,779,-401,-1167,-775,-1230,-2729,165,3,210,-935
-962,113,780,-408,-1163,-766,-1220,-2723,166,0,220,-941
-964,109,786,-417,-1167,-763,-1213,-2728,166,-1,224,-948
-965,107,791,-426,-1170,-761,-1207,-2737,165,-2,226,-955
-968,108,795,-431,-1173,-761,-1200,-2746,164,-4,224,-962
-970,111,799,-437,-1176,-760,-1190,-2754,163,-8,221,-969
-979,115,810,-446,-1188,-765,-1181,-2764,163,-11,212,-979
-990,124,818,-451,-1198,-773,-1173,-2773,170,-9,208,-987
-997,133,822,-454,-1204,-778,-1163,-2780,182,-4,206,-994
-1002,143,825,-455,-1208,-783,-1152,-2786,195,1,204,-1004
-1014,155,833,-459,-1220,-792,-1142,-2792,207,1,205,-1013
-1029,168,844,-463,-1237,-805,-1133,-2796,218,-1,214,-1018
-1053,177,866,-478,-1266,-820,-1131,-2806,225,-12,220,-1022
-1074,184,890,-494,-1296,-833,-1131,-2817,234,-24,226,-1026
-1091,189,910,-509,-1320,-842,-1134,-2826,242,-34,236,-1029
-1110,192,933,-526,-1348,-852,-1136,-2837,246,-50,245,-1037
-1126,199,949,-536,-1370,-863,-1133,-2847,253,-63,258,-1044
-1136,206,959,-541,-1385,-870,-1124,-2855,264,-68,278,-1049
-1147,211,972,-548,-1402,-878,-1113,-2860,280,-67,297,-1052
-1163,215,989,-559,-1426,-889,-1098,-2865,298,-63,313,-1057
-1175,219,1002,-564,-1445,-898,-1080,-2869,317,-54,326,-1058
-1176,227,999,-557,-1446,-903,-1057,-2872,336,-36,341,-1055
-1174,236,990,-543,-1441,-908,-1038,-2875,350,-25,355,-1053
-1173,246,981,-528,-1437,-915,-1022,-2876,362,-15,371,-1052
-1172,253,973,-516,-1434,-920,-1007,-2880,373,-9,386,-1053
-1172,258,968,-506,-1433,-926,-993,-2886,385,1,398,-1054
-1164,259,957,-493,-1423,-925,-974,-2886,401,20,415,-1052
-1153,256,945,-482,-1410,-919,-955,-2878,420,41,436,-1047
-1145,253,937,-473,-1401,-916,-938,-2864,437,61,458,-1041
-1141,252,928,-462,-1393,-918,-924,-2851,452,78,477,-1036
-1134,250,917,-450,-1382,-917,-910,-2837,471,94,496,-1029
-1130,246,909,-441,-1375,-917,-893,-2819,491,105,514,-1020
-1119,245,890,-423,-1355,-914,-871,-2791,511,119,539,-1009
-1103,241,869,-404,-1329,-906,-849,-2757,533,141,568,-996
-1090,235,853,-392,-1309,-900,-831,-2731,556,163,597,-986
-1076,230,835,-377,-1287,-892,-812,-2708,579,184,629,-976
-1067,224,823,-369,-1272,-887,-795,-2691,593,195,656,-971
-1061,215,818,-366,-1262,-881,-778,-2678,604,202,678,-970
-1050,204,809,-363,-1246,-871,-760,-2664,616,209,700,-970
-1037,196,798,-359,-1229,-860,-745,-2646,630,218,725,-967
-1030,188,794,-359,-1219,-852,-731,-2630,643,223,749,-964
-1035,180,802,-368,-1224,-850,-723,-2624,647,216,762,-969
-1044,177,810,-374,-1233,-855,-718,-2623,647,206,769,-976
-1051,178,814,-376,-1238,-860,-714,-2623,652,201,778,-984
-1055,180,817,-378,-1239,-862,-709,-2615,661,203,789,-989
-1053,181,814,-377,-1234,-859,-701,-2598,674,212,804,-990
-1054,180,820,-385,-1236,-855,-697,-2592,684,216,813,-990
-1052,178,823,-392,-1235,-848,-694,-2594,693,222,823,-985
-1044,176,822,-396,-1228,-837,-686,-2598,705,230,832,-977
-1033,174,818,-400,-1217,-823,-675,-2603,719,236,840,-968
-1025,170,819,-408,-1211,-809,-668,-2611,729,236,845,-963
-1019,170,820,-414,-1207,-800,-663,-2616,734,237,849,-958
-1024,169,832,-428,-1219,-797,-663,-2623,733,232,848,-959
-1031,168,847,-444,-1235,-796,-663,-2632,733,227,842,-960
-1035,169,857,-456,-1245,-794,-664,-2640,734,229,839,-958
-1046,171,872,-470,-1263,-798,-667,-2651,737,235,835,-957
-1052,173,883,-480,-1276,-799,-668,-2659,748,250,834,-952
-1053,175,888,-486,-1281,-798,-664,-2666,760,264,838,-945
-1053,177,891,-492,-1285,-796,-658,-2670,772,273,842,-939
-1057,178,898,-498,-1294,-797,-653,-2673,781,278,840,-935
-1062,183,902,-500,-1302,-802,-647,-2670,791,288,841,-930
-1058,192,891,-488,-1294,-804,-636,-2660,805,304,850,-920
-1045,199,874,-474,-1277,-800,-625,-2651,824,319,864,-910
-1030,199,859,-464,-1258,-790,-615,-2650,847,328,877,-900
-1015,196,847,-458,-1243,-779,-609,-2655,867,333,886,-894
-1003,190,841,-456,-1232,-769,-602,-2662,886,339,893,-889
-986,182,830,-452,-1215,-755,-590,-2659,907,348,904,-884
-971,171,823,-452,-1201,-740,-579,-2654,927,354,914,-880
-962,159,824,-457,-1196,-730,-571,-2650,945,361,919,-876
-959,146,831,-467,-1199,-724,-566,-2643,959,365,923,-876
-955,132,837,-477,-1201,-716,-560,-2634,974,371,928,-875
-947,114,842,-488,-1198,-703,-553,-2625,991,374,930,-875
-930,98,836,-490,-1182,-686,-544,-2608,1011,382,936,-875
-910,84,826,-489,-1162,-668,-533,-2591,1031,390,944,-875
-895,71,818,-489,-1146,-653,-518,-2578,1050,394,948,-873
-878,60,808,-485,-1127,-640,-500,-2563,1065,398,953,-870
-865,47,803,-487,-1115,-626,-481,-2548,1079,397,956,-870
-857,35,803,-493,-1109,-616,-466,-2536,1090,392,955,-876
-847,25,799,-495,-1099,-606,-457,-2526,1103,388,956,-882
-832,18,789,-492,-1082,-594,-452,-2514,1115,387,961,-887
-823,13,781,-490,-1071,-586,-452,-2506,1127,384,967,-891
-825,9,786,-496,-1075,-586,-458,-2508,1134,375,967,-899
-833,7,794,-503,-1086,-590,-463,-2511,1141,369,965,-907
-843,9,802,-509,-1098,-598,-462,-2509,1152,370,967,-911
-853,15,807,-511,-1109,-608,-460,-2502,1165,375,970,-910
-863,23,810,-510,-1118,-618,-460,-2496,1178,380,975,-906
-883,29,826,-520,-1141,-633,-464,-2500,1188,383,974,-904
-904,34,844,-532,-1167,-649,-466,-2505,1199,385,973,-902
-922,38,860,-544,-1190,-661,-467,-2507,1214,388,974,-898
-935,41,873,-555,-1207,-668,-467,-2503,1228,395,976,-892
-946,44,884,-564,-1222,-674,-469,-2501,1237,393,974,-889
-957,50,892,-569,-1234,-683,-472,-2501,1242,389,970,-889
-976,55,910,-582,-1259,-695,-478,-2509,1247,384,963,-891
-1000,61,932,-596,-1290,-712,-484,-2522,1254,379,955,-891
-1019,69,946,-603,-1312,-727,-487,-2534,1262,376,951,-890
-1042,77,965,-613,-1339,-743,-490,-2548,1269,373,948,-891
-1061,85,980,-620,-1362,-759,-489,-2555,1281,375,950,-887
-1075,92,990,-624,-1378,-770,-485,-2555,1298,383,959,-876
-1088,98,1000,-627,-1393,-780,-483,-2555,1315,383,967,-866
-1101,102,1012,-634,-1410,-790,-483,-2561,1328,377,972,-855
-1110,104,1023,-640,-1424,-796,-484,-2570,1337,369,974,-844
-1112,111,1021,-634,-1423,-799,-482,-2574,1351,368,981,-828
-1106,116,1013,-625,-1414,-798,-478,-2570,1365,367,992,-812
-1099,120,1004,-616,-1403,-795,-473,-2562,1379,366,1005,-798
-1088,119,996,-610,-1390,-787,-466,-2553,1395,372,1020,-788
-1079,114,992,-609,-1380,-778,-459,-2544,1408,379,1032,-779
-1063,110,981,-602,-1363,-765,-449,-2532,1421,389,1048,-769
-1051,106,973,-597,-1348,-755,-440,-2521,1431,394,1064,-762
-1044,102,970,-595,-1341,-749,-431,-2512,1440,398,1075,-756
-1040,99,969,-592,-1337,-746,-426,-2504,1448,402,1082,-752
-1035,98,963,-587,-1329,-743,-420,-2497,1455,407,1088,-749
-1027,95,956,-580,-1318,-738,-418,-2497,1460,403,1088,-750
-1011,97,936,-562,-1293,-730,-415,-2495,1470,403,1089,-749
-990,97,912,-542,-1263,-718,-411,-2486,1482,405,1095,-749
-975,95,896,-530,-1241,-709,-408,-2478,1495,406,1097,-751
-956,89,880,-519,-1217,-695,-403,-2465,1509,410,1103,-751
-939,79,869,-515,-1198,-680,-398,-2452,1521,410,1107,-751
-927,71,861,-513,-1184,-669,-395,-2442,1532,414,1111,-749
-914,63,853,-510,-1169,-657,-392,-2434,1545,423,1118,-747
-894,54,838,-505,-1146,-639,-391,-2428,1556,433,1130,-743
-871,44,823,-500,-1121,-618,-394,-2427,1564,439,1141,-741
-854,29,819,-507,-1107,-598,-399,-2429,1572,438,1147,-742
-843,11,823,-521,-1103,-580,-401,-2431,1582,439,1149,-744
-833,-4,825,-533,-1098,-563,-402,-2431,1594,444,1151,-745
-822,-17,826,-544,-1092,-547,-404,-2428,1605,451,1154,-743
-807,-31,825,-554,-1082,-527,-406,-2418,1619,468,1162,-739
-800,-45,832,-569,-1083,-512,-406,-2409,1633,483,1166,-736
-795,-55,837,-583,-1084,-501,-400,-2396,1649,498,1168,-735
-786,-61,836,-590,-1079,-489,-386,-2378,1669,509,1170,-733
-774,-65,830,-592,-1069,-477,-363,-2353,1693,520,1175,-731
-766,-65,824,-592,-1060,-468,-336,-2323,1720,530,1180,-731
-756,-65,816,-591,-1051,-460,-305,-2284,1753,540,1187,-730
-751,-71,820,-601,-1052,-450,-270,-2241,1793,551,1189,-729
-751,-78,830,-617,-1060,-443,-226,-2187,1845,575,1189,-727
-749,-85,838,-630,-1066,-434,-174,-2115,1911,609,1198,-720
-749,-96,853,-650,-1077,-424,-118,-2031,1988,647,1209,-713
-745,-107,862,-666,-1082,-411,-59,-1938,2081,691,1223,-702
-738,-115,864,-675,-1080,-398,-2,-1841,2184,742,1241,-689
-733,-121,867,-682,-1079,-388,50,-1742,2294,800,1261,-672
-731,-128,872,-690,-1082,-381,98,-1642,2413,866,1285,-652
-726,-131,872,-691,-1079,-374,150,-1536,2544,945,1314,-628
-711,-129,855,-677,-1057,-364,208,-1424,2686,1038,1351,-593
-686,-129,828,-657,-1022,-346,263,-1314,2837,1140,1398,-551
-654,-132,798,-637,-981,-323,311,-1212,2992,1246,1451,-505
-616,-138,765,-616,-933,-293,346,-1124,3142,1351,1507,-460
-577,-147,733,-597,-884,-261,372,-1050,3287,1456,1563,-413
-530,-154,692,-571,-824,-226,396,-980,3439,1577,1633,-360
-477,-168,650,-548,-758,-183,414,-915,3598,1711,1715,-299
-421,-188,611,-532,-693,-135,426,-858,3764,1858,1810,-231
-359,-212,570,-517,-622,-80,431,-801,3940,2022,1918,-157
-288,-236,519,-495,-538,-20,432,-740,4128,2205,2036,-75
-214,-257,463,-468,-449,40,431,-674,4326,2397,2160,13
-133,-271,393,-427,-345,99,435,-588,4538,2605,2294,109
-45,-282,314,-379,-232,161,441,-484,4764,2827,2441,209
36,-291,239,-332,-125,218,445,-371,5002,3058,2593,313
123,-296,154,-277,-8,274,453,-243,5254,3304,2757,423
211,-301,70,-223,109,332,462,-98,5516,3558,2926,535
298,-307,-13,-171,224,390,470,57,5785,3820,3099,650
390,-312,-100,-117,345,451,478,220,6063,4091,3284,770
489,-317,-194,-59,475,516,486,391,6347,4373,3479,897
587,-320,-289,2,605,581,494,566,6636,4661,3684,1032
677,-323,-376,55,723,640,501,740,6931,4957,3896,1171
762,-326,-456,105,834,697,511,914,7238,5268,4116,1316
849,-325,-542,160,949,753,520,1091,7557,5596,4344,1467
936,-318,-633,222,1067,807,531,1277,7886,5937,4580,1622
1025,-306,-732,293,1192,859,545,1476,8229,6294,4824,1782
1108,-289,-830,366,1311,904,556,1680,8580,6662,5073,1947
1189,-264,-932,447,1432,944,566,1891,8946,7046,5331,2120
1273,-234,-1044,539,1561,983,578,2104,9320,7442,5601,2302
1356,-195,-1162,640,1693,1015,591,2312,9700,7848,5880,2491
1428,-145,-1281,749,1818,1034,602,2518,10087,8262,6166,2685
1495,-85,-1404,868,1941,1042,617,2732,10490,8696,6464,2887
1545,-15,-1521,990,2050,1034,629,2941,10898,9141,6768,3090
1576,71,-1635,1120,2144,1002,638,3143,11309,9594,7076,3297
1599,169,-1752,1260,2234,957,644,3337,11718,10051,7390,3510
1610,269,-1859,1397,2310,901,642,3507,12111,10490,7697,3724
1619,370,-1966,1533,2384,844,635,3646,12477,10902,7993,3936
1627,469,-2070,1667,2456,787,631,3757,12813,11275,8275,4141
1625,568,-2165,1796,2517,723,627,3834,13109,11600,8534,4335
1608,670,-2247,1918,2558,646,615,3867,13351,11866,8762,4512
1577,772,-2317,2034,2583,560,593,3857,13528,12062,8955,4675
1540,881,-2387,2154,2604,464,567,3818,13638,12188,9118,4822
1494,993,-2453,2274,2616,358,531,3754,13680,12236,9247,4950
1433,1107,-2507,2387,2611,241,485,3668,13655,12210,9342,5053
1358,1220,-2546,2492,2588,115,431,3562,13567,12114,9401,5134
1264,1336,-2570,2588,2541,-27,369,3433,13419,11948,9422,5190
1162,1455,-2590,2685,2488,-177,300,3285,13217,11725,9412,5227
1047,1572,-2597,2772,2417,-334,212,3111,12963,11452,9371,5246
922,1687,-2590,2849,2330,-497,101,2908,12664,11138,9299,5246
790,1796,-2573,2916,2232,-661,-33,2683,12330,10795,9202,5229
664,1900,-2556,2979,2138,-818,-182,2444,11979,10442,9093,5207
543,1997,-2538,3036,2047,-967,-350,2188,11620,10093,8975,5185
441,2091,-2536,3102,1978,-1101,-537,1920,11259,9763,8862,5167
358,2181,-2548,3175,1932,-1220,-757,1630,10892,9452,8757,5156
286,2264,-2564,3246,1896,-1327,-1021,1298,10511,9153,8651,5149
236,2341,-2596,3323,1885,-1414,-1324,929,10110,8868,8556,5154
201,2408,-2633,3395,1887,-1485,-1666,520,9684,8586,8463,5164
175,2465,-2667,3458,1893,-1542,-2046,70,9233,8298,8370,5173
159,2514,-2703,3517,1907,-1587,-2461,-422,8756,8001,8277,5183
156,2555,-2743,3571,1931,-1617,-2909,-951,8248,7691,8183,5193
160,2587,-2779,3616,1959,-1636,-3386,-1515,7709,7362,8081,5199
158,2610,-2800,3644,1971,-1653,-3895,-2120,7135,7007,7961,5193
146,2628,-2802,3655,1965,-1671,-4428,-2759,6531,6629,7819,5173
124,2639,-2789,3650,1942,-1692,-4967,-3421,5905,6229,7654,5135
90,2646,-2758,3629,1899,-1717,-5495,-4097,5260,5797,7460,5076
45,2649,-2711,3595,1838,-1746,-5997,-4774,4602,5328,7231,4988
-32,2650,-2629,3534,1732,-1795,-6470,-5456,3931,4814,6954,4857
-142,2654,-2517,3456,1584,-1867,-6907,-6133,3241,4254,6632,4685
-278,2657,-2376,3356,1401,-1955,-7314,-6801,2531,3646,6266,4472
-434,2653,-2209,3235,1186,-2053,-7695,-7463,1808,3003,5860,4222
-615,2643,-2010,3088,933,-2162,-8057,-8121,1074,2335,5417,3939
-813,2630,-1791,2925,655,-2280,-8403,-8772,332,1652,4950,3632
-1030,2607,-1543,2737,346,-2405,-8740,-9428,-421,956,4459,3305
-1268,2581,-1272,2532,7,-2541,-9065,-10092,-1191,243,3945,2960
-1516,2557,-992,2323,-345,-2686,-9371,-10761,-1985,-486,3415,2601
-1780,2532,-695,2102,-719,-2840,-9659,-11442,-2808,-1237,2866,2227
-2050,2505,-393,1878,-1101,-2998,-9932,-12135,-3660,-2003,2306,1843
-2329,2481,-86,1654,-1491,-3164,-10198,-12844,-4547,-2787,1738,1454
-2619,2459,231,1425,-1897,-3339,-10459,-13570,-5469,-3586,1159,1060
-2928,2441,561,1191,-2324,-3530,-10709,-14312,-6426,-4397,568,658
-3257,2433,900,960,-2770,-3741,-10935,-15058,-7412,-5220,-34,252
-3597,2439,1235,742,-3220,-3970,-11129,-15793,-8426,-6049,-640,-160
-3954,2461,1569,536,-3683,-4220,-11298,-16511,-9455,-6879,-1251,-582
-4333,2498,1908,338,-4163,-4497,-11446,-17201,-10482,-7702,-1866,-1016
-4726,2547,2249,148,-4654,-4793,-11569,-17841,-11481,-8500,-2476,-1453
-5131,2606,2590,-34,-5153,-5104,-11663,-18416,-12430,-9258,-3077,-1889
-5533,2678,2913,-194,-5638,-5423,-11728,-18902,-13301,-9951,-3651,-2311
-5931,2761,3221,-337,-6110,-5747,-11774,-19298,-14083,-10578,-4195,-2711
-6314,2845,3511,-465,-6559,-6063,-11804,-19608,-14768,-11124,-4698,-3084
-6671,2922,3782,-585,-6978,-6358,-11816,-19836,-15352,-11580,-5155,-3423
-6990,2988,4025,-694,-7353,-6621,-11809,-19981,-15830,-11946,-5559,-3726
-7269,3041,4241,-792,-7683,-6850,-11789,-20055,-16208,-12229,-5914,-3993
-7497,3084,4416,-870,-7952,-7039,-11760,-20057,-16493,-12432,-6215,-4224
-7672,3114,4550,-929,-8158,-7184,-11723,-19997,-16696,-12567,-6468,-4424
-7808,3130,4661,-983,-8321,-7294,-11677,-19889,-16828,-12655,-6684,-4600
-7899,3134,4739,-1025,-8433,-7366,-11619,-19731,-16887,-12686,-6859,-4746
-7950,3119,4795,-1065,-8503,-7398,-11551,-19531,-16883,-12666,-6993,-4867
-7962,3088,4830,-1103,-8533,-7394,-11473,-19294,-16826,-12604,-7089,-4965
-7934,3046,4838,-1132,-8518,-7354,-11386,-19022,-16716,-12500,-7149,-5039
-7867,2993,4819,-1152,-8458,-7281,-11290,-18717,-16559,-12355,-7168,-5088
-7768,2929,4782,-1170,-8366,-7178,-11184,-18388,-16360,-12180,-7153,-5116
-7650,2849,4742,-1198,-8258,-7050,-11069,-18046,-16122,-11981,-7118,-5128
-7513,2758,4697,-1232,-8134,-6901,-10935,-17683,-15848,-11753,-7059,-5122
-7358,2662,4640,-1263,-7991,-6735,-10777,-17292,-15534,-11498,-6977,-5098
-7189,2562,4575,-1294,-7832,-6556,-10597,-16876,-15178,-11214,-6873,-5058
-7001,2456,4499,-1323,-7654,-6358,-10393,-16432,-14782,-10903,-6746,-5005
-6807,2344,4426,-1360,-7474,-6151,-10173,-15975,-14358,-10580,-6610,-4945
-6610,2231,4350,-1396,-7290,-5940,-9937,-15509,-13908,-10249,-6465,-4879
-6404,2119,4267,-1428,-7096,-5723,-9683,-15033,-13437,-9911,-6311,-4805
-6193,2009,4177,-1454,-6893,-5502,-9417,-14550,-12954,-9568,-6145,-4722
-5983,1902,4087,-1477,-6692,-5283,-9144,-14063,-12462,-9223,-5973,-4636
-5775,1802,3993,-1494,-6490,-5068,-8863,-13570,-11964,-8880,-5798,-4544
-5575,1703,3905,-1512,-6296,-4860,-8577,-13077,-11467,-8545,-5626,-4451
-5384,1609,3821,-1529,-6113,-4660,-8283,-12594,-10969,-8214,-5458,-4356
-5193,1520,3731,-1538,-5926,-4463,-7983,-12116,-10469,-7884,-5286,-4259
-5009,1433,3645,-1545,-5746,-4274,-7684,-11647,-9971,-7558,-5112,-4160
-4828,1351,3557,-1547,-5569,-4090,-7382,-11183,-9471,-7230,-4934,-4058
-4647,1269,3466,-1545,-5389,-3906,-7073,-10722,-8969,-6897,-4751,-3950
-4470,1186,3377,-1544,-5214,-3726,-6757,-10262,-8472,-6569,-4570,-3840
-4301,1105,3294,-1544,-5049,-3553,-6435,-9807,-7979,-6247,-4389,-3726
-4139,1028,3210,-1538,-4887,-3390,-6109,-9353,-7486,-5924,-4206,-3606
-3974,956,3116,-1520,-4718,-3229,-5778,-8892,-6993,-5594,-4015,-3478
-3810,888,3016,-1494,-4546,-3074,-5447,-8428,-6507,-5270,-3820,-3346
-3652,821,2919,-1468,-4379,-2924,-5124,-7969,-6030,-4952,-3627,-3213
-3500,757,2823,-1441,-4218,-2782,-4808,-7518,-5566,-4640,-3436,-3081
-3357,695,2732,-1412,-4066,-2649,-4499,-7084,-5118,-4336,-3251,-2951
-3217,637,2637,-1378,-3912,-2522,-4193,-6661,-4682,-4033,-3064,-2822
-3082,581,2545,-1344,-3765,-2401,-3893,-6249,-4257,-3739,-2883,-2696
-2958,525,2461,-1313,-3630,-2289,-3600,-5843,-3843,-3455,-2706,-2575
-2846,475,2383,-1283,-3506,-2190,-3313,-5438,-3441,-3179,-2534,-2460
-2737,427,2306,-1252,-3385,-2096,-3027,-5034,-3052,-2912,-2366,-2351
-2633,378,2234,-1225,-3271,-2005,-2741,-4638,-2678,-2661,-2204,-2247
-2529,331,2160,-1196,-3153,-1915,-2453,-4250,-2315,-2417,-2045,-2144
-2425,285,2086,-1166,-3036,-1827,-2170,-3867,-1967,-2186,-1886,-2045
-2330,238,2022,-1145,-2932,-1743,-1892,-3494,-1640,-1972,-1739,-1957
-2233,191,1958,-1125,-2824,-1658,-1619,-3128,-1327,-1766,-1597,-1872
-2140,147,1897,-1106,-2722,-1576,-1359,-2777,-1032,-1568,-1465,-1791
-2054,104,1844,-1092,-2629,-1500,-1113,-2444,-756,-1388,-1347,-1715
-1971,66,1791,-1078,-2537,-1426,-877,-2130,-497,-1222,-1236,-1647
-1886,30,1735,-1062,-2442,-1352,-650,-1831,-256,-1071,-1131,-1585
-1803,-6,1684,-1050,-2351,-1277,-437,-1552,-36,-937,-1034,-1532
-1732,-44,1650,-1052,-2279,-1207,-243,-1298,162,-825,-951,-1493
-1668,-84,1627,-1065,-2218,-1139,-61,-1061,343,-730,-880,-1463
-1604,-120,1604,-1076,-2158,-1072,111,-837,510,-650,-819,-1438
-1544,-148,1578,-1081,-2098,-1011,272,-631,664,-581,-766,-1418
-1490,-166,1550,-1080,-2040,-959,424,-442,803,-521,-718,-1401
-1447,-181,1533,-1085,-1997,-914,560,-278,928,-476,-685,-1392
-1408,-190,1516,-1088,-1956,-874,686,-135,1040,-441,-660,-1387
-1372,-190,1494,-1083,-1915,-841,799,-10,1139,-414,-641,-1384
-1339,-183,1470,-1071,-1874,-813,905,99,1228,-392,-624,-1379
-1312,-172,1449,-1060,-1839,-791,997,190,1304,-379,-611,-1374
-1287,-161,1430,-1050,-1808,-770,1077,267,1372,-367,-600,-1367
-1268,-153,1421,-1049,-1788,-750,1146,330,1435,-358,-591,-1359
-1258,-146,1420,-1054,-1779,-736,1204,379,1495,-348,-587,-1351
-1242,-139,1413,-1055,-1763,-717,1260,425,1556,-330,-581,-1339
-1228,-135,1412,-1060,-1752,-699,1314,466,1619,-307,-575,-1325
-1214,-134,1410,-1066,-1741,-680,1371,512,1687,-272,-566,-1305
-1194,-136,1404,-1071,-1724,-656,1428,565,1757,-229,-552,-1281
-1171,-140,1396,-1074,-1704,-630,1482,617,1826,-186,-535,-1255
-1151,-146,1389,-1078,-1687,-605,1535,664,1896,-141,-519,-1228
-1128,-152,1379,-1078,-1666,-581,1589,712,1969,-93,-504,-1201
-1097,-159,1356,-1069,-1631,-552,1645,769,2046,-38,-482,-1171
-1059,-166,1326,-1054,-1588,-520,1706,835,2123,23,-453,-1138
-1021,-176,1295,-1038,-1543,-488,1766,904,2198,86,-420,-1105
-983,-190,1266,-1025,-1500,-455,1829,973,2272,150,-384,-1075
-951,-206,1244,-1017,-1465,-426,1887,1039,2344,211,-350,-1047
-914,-224,1215,-1004,-1423,-394,1943,1111,2413,273,-315,-1018
-879,-244,1189,-992,-1383,-364,1998,1186,2479,332,-279,-986
-846,-268,1167,-986,-1348,-334,2050,1263,2544,392,-244,-955
-817,-294,1151,-983,-1318,-306,2096,1348,2609,452,-211,-925
-789,-320,1134,-980,-1288,-278,2143,1438,2675,511,-179,-896
-759,-347,1117,-977,-1257,-251,2188,1528,2738,563,-151,-871
-727,-371,1094,-968,-1220,-224,2232,1622,2798,613,-124,-850
-688,-396,1064,-956,-1174,-191,2274,1723,2856,658,-94,-831
-655,-423,1045,-953,-1138,-160,2312,1817,2906,688,-73,-823
-621,-450,1026,-950,-1102,-128,2352,1907,2952,713,-53,-817
-591,-476,1010,-950,-1071,-98,2387,1989,2992,729,-36,-814
-568,-499,1001,-954,-1048,-74,2418,2063,3027,740,-24,-813
-548,-517,991,-955,-1027,-54,2444,2130,3058,746,-15,-814
-526,-529,977,-951,-1002,-35,2464,2191,3082,752,-4,-818
-508,-538,966,-948,-982,-20,2477,2245,3101,754,7,-825
-502,-546,968,-955,-978,-11,2481,2287,3111,745,12,-835
-507,-550,979,-967,-989,-11,2486,2322,3112,730,11,-847
-515,-550,991,-978,-1001,-13,2491,2352,3109,711,5,-862
-524,-546,1002,-986,-1015,-20,2489,2378,3100,690,-5,-878
-535,-534,1009,-989,-1027,-31,2484,2405,3093,671,-13,-890
-556,-521,1027,-998,-1053,-48,2479,2425,3083,648,-25,-904
-576,-506,1043,-1006,-1078,-66,2476,2442,3073,628,-36,-915
-593,-488,1053,-1008,-1096,-83,2476,2452,3065,608,-51,-925
-607,-464,1055,-1001,-1108,-101,2480,2459,3060,591,-66,-934
-622,-437,1056,-992,-1120,-123,2484,2463,3054,576,-82,-942
-635,-410,1054,-982,-1128,-142,2487,2466,3052,566,-93,-948
-649,-388,1059,-979,-1142,-160,2486,2464,3053,559,-103,-953
-670,-369,1073,-984,-1167,-181,2482,2453,3060,558,-116,-957
-684,-351,1078,-983,-1181,-196,2480,2446,3076,566,-121,-957
-700,-333,1086,-984,-1197,-212,2477,2442,3092,574,-126,-956
-711,-317,1089,-981,-1208,-227,2479,2444,3112,588,-126,-949
-716,-301,1084,-973,-1209,-236,2488,2454,3137,609,-122,-938
-719,-289,1079,-965,-1208,-244,2495,2466,3164,634,-115,-925
-722,-281,1076,-961,-1208,-249,2504,2478,3192,662,-110,-914
-721,-277,1070,-956,-1203,-250,2518,2494,3224,690,-103,-900
-711,-273,1055,-944,-1186,-246,2537,2518,3263,728,-87,-878
-697,-269,1032,-926,-1161,-240,2556,2546,3304,770,-63,-854
-680,-267,1009,-907,-1134,-233,2577,2575,3342,812,-39,-831
-660,-271,985,-892,-1104,-219,2600,2608,3379,848,-16,-809
-643,-281,971,-884,-1082,-206,2621,2644,3412,876,3,-789
-620,-293,951,-874,-1052,-187,2645,2690,3448,913,30,-764
-596,-309,932,-866,-1023,-166,2665,2741,3483,953,59,-738
-574,-328,918,-863,-998,-144,2683,2796,3514,986,83,-713
-555,-346,906,-860,-976,-124,2699,2852,3544,1015,105,-691
-537,-359,890,-850,-952,-110,2714,2905,3572,1043,125,-670
-521,-372,876,-841,-931,-97,2730,2954,3598,1066,140,-654
-499,-386,857,-828,-903,-79,2743,3005,3622,1084,154,-640
-465,-403,831,-814,-862,-51,2758,3062,3648,1107,178,-625
-436,-427,815,-811,-832,-21,2771,3112,3669,1124,200,-613
-403,-452,799,-809,-799,12,2786,3161,3684,1136,224,-603
-371,-478,786,-811,-769,47,2796,3207,3690,1143,245,-597
-342,-503,777,-816,-744,79,2798,3247,3692,1144,259,-596
-318,-522,768,-817,-722,106,2799,3288,3693,1144,271,-596
-292,-535,754,-812,-695,129,2802,3332,3692,1144,282,-596
-268,-543,738,-804,-669,149,2806,3371,3688,1141,294,-597
-255,-548,732,-802,-658,160,2806,3402,3680,1130,299,-603
-255,-548,735,-803,-660,161,2800,3427,3670,1119,296,-615
-259,-543,739,-803,-666,156,2796,3449,3659,1109,290,-628
-265,-534,742,-801,-673,148,2791,3466,3641,1094,278,-643
-269,-524,743,-798,-677,140,2786,3481,3623,1078,268,-655
-280,-514,753,-802,-692,129,2779,3485,3603,1052,253,-670
-293,-502,763,-806,-708,116,2772,3482,3584,1029,233,-685
-301,-491,769,-809,-718,107,2768,3477,3571,1009,214,-698
-302,-481,771,-810,-721,103,2764,3470,3560,990,195,-706
-306,-468,773,-810,-726,97,2756,3457,3548,967,176,-714
-311,-455,774,-810,-730,89,2747,3443,3537,949,163,-720
-319,-445,781,-816,-741,81,2740,3429,3523,933,151,-728
-333,-436,795,-827,-759,71,2735,3409,3508,918,135,-736
-341,-426,801,-832,-769,63,2734,3397,3501,919,129,-733
-354,-418,812,-842,-785,53,2730,3386,3496,925,127,-729
-365,-410,822,-850,-799,43,2724,3375,3492,936,126,-722
-371,-403,826,-854,-805,38,2718,3368,3490,953,131,-710
-377,-398,831,-860,-813,33,2710,3365,3490,972,141,-697
-387,-396,840,-869,-825,27,2701,3361,3491,991,148,-685
-393,-395,848,-877,-834,24,2692,3359,3496,1016,155,-673
-390,-393,843,-874,-828,26,2693,3368,3508,1051,171,-655
-378,-391,828,-863,-810,33,2700,3387,3529,1091,194,-633
-365,-390,811,-852,-790,40,2709,3411,3554,1134,219,-611
-353,-389,795,-839,-770,47,2717,3436,3577,1174,241,-590
-346,-390,785,-829,-758,51,2724,3461,3597,1204,259,-578
-334,-389,766,-812,-737,56,2738,3497,3619,1239,281,-565
-323,-387,749,-795,-717,60,2754,3538,3642,1275,305,-553
-317,-387,735,-779,-702,61,2771,3579,3666,1311,328,-542
-314,-387,726,-767,-693,61,2783,3619,3688,1343,349,-532
-310,-387,716,-754,-682,60,2791,3657,3708,1371,369,-521
-307,-389,708,-743,-674,60,2798,3685,3727,1394,386,-513
-297,-396,698,-734,-659,68,2806,3710,3745,1415,401,-505
-277,-408,683,-725,-634,87,2817,3744,3762,1436,423,-492
-260,-423,675,-724,-616,105,2827,3777,3775,1455,439,-483
-241,-437,664,-720,-596,124,2841,3811,3785,1474,457,-474
-225,-451,656,-718,-579,141,2854,3845,3788,1493,476,-468
-214,-462,652,-719,-568,155,2863,3875,3785,1506,488,-469
-206,-469,646,-715,-557,163,2871,3901,3781,1522,499,-470
-193,-473,634,-707,-540,174,2879,3926,3777,1542,512,-469
-179,-476,621,-698,-521,185,2886,3953,3772,1559,525,-468
-170,-483,618,-699,-513,195,2891,3976,3767,1567,533,-472
-169,-487,621,-704,-514,199,2889,3993,3761,1570,534,-478
-173,-486,624,-706,-518,197,2883,4003,3751,1571,532,-487
-180,-479,627,-704,-525,189,2876,4003,3737,1570,526,-497
-184,-469,624,-698,-525,182,2872,4002,3723,1574,524,-505
-194,-463,631,-701,-537,173,2868,3994,3710,1579,521,-513
-204,-454,636,-702,-548,163,2866,3986,3700,1589,516,-519
-212,-440,635,-697,-552,151,2867,3981,3693,1603,511,-527
-213,-427,628,-688,-550,144,2870,3977,3688,1614,506,-533
-214,-416,623,-683,-547,139,2867,3967,3681,1617,498,-539
-214,-406,619,-679,-545,135,2861,3954,3674,1619,492,-544
-217,-399,620,-680,-549,130,2854,3938,3665,1619,487,-549
-229,-392,632,-689,-565,120,2846,3920,3656,1616,475,-556
-234,-384,634,-691,-572,112,2839,3907,3653,1622,467,-556
-242,-377,639,-694,-581,104,2832,3894,3651,1628,459,-556
-247,-368,641,-694,-587,95,2827,3879,3650,1636,453,-554
-247,-360,636,-690,-586,90,2828,3864,3650,1647,449,-553
-247,-356,635,-689,-587,87,2829,3853,3654,1662,446,-551
-249,-354,637,-692,-591,84,2829,3842,3661,1679,441,-549
-247,-353,636,-693,-591,83,2826,3830,3668,1700,436,-544
-236,-350,623,-684,-576,87,2828,3827,3681,1732,438,-534
-220,-348,604,-670,-554,94,2834,3833,3697,1766,447,-522
-205,-347,588,-658,-535,101,2841,3841,3717,1798,458,-511
-190,-349,574,-650,-516,110,2847,3854,3741,1831,472,-497
-174,-355,563,-645,-498,121,2853,3868,3765,1857,482,-485
-151,-363,544,-635,-470,139,2861,3888,3790,1879,493,-472
-127,-371,525,-626,-442,158,2868,3909,3811,1896,505,-459
-110,-377,511,-617,-421,169,2874,3927,3827,1910,516,-447
-100,-381,500,-608,-406,176,2882,3944,3842,1920,525,-439
-87,-383,486,-596,-388,183,2895,3963,3857,1931,534,-432
-72,-388,471,-585,-367,194,2911,3983,3873,1943,542,-424
-52,-393,452,-571,-340,209,2927,4008,3891,1958,555,-414
-21,-399,422,-550,-298,231,2943,4041,3910,1976,577,-401
3,-405,398,-533,-265,250,2956,4070,3923,1987,597,-392
27,-409,374,-516,-232,268,2970,4096,3935,1999,615,-381
49,-416,354,-502,-202,286,2982,4119,3946,2010,633,-369
68,-424,340,-494,-179,305,2990,4138,3954,2017,647,-361
89,-432,323,-485,-154,324,2997,4156,3964,2030,661,-353
110,-435,302,-470,-125,341,3005,4175,3976,2046,679,-343
128,-434,281,-453,-98,354,3010,4195,3984,2060,696,-335
138,-435,270,-445,-84,363,3014,4208,3989,2070,710,-328
143,-440,269,-446,-80,370,3019,4221,3993,2079,718,-324
148,-445,269,-449,-76,380,3028,4237,3999,2087,721,-319
151,-450,271,-454,-75,388,3042,4254,4006,2092,721,-316
158,-454,269,-456,-70,397,3059,4273,4016,2100,723,-310
159,-458,274,-464,-73,404,3071,4286,4026,2103,720,-309
158,-459,278,-470,-77,407,3083,4298,4034,2105,716,-310
156,-453,277,-468,-78,404,3094,4310,4043,2108,711,-309
155,-444,273,-462,-77,401,3107,4322,4053,2110,707,-306
150,-434,271,-458,-80,394,3124,4330,4062,2113,704,-302
142,-421,271,-453,-86,383,3145,4340,4075,2124,706,-294
128,-408,278,-453,-100,368,3168,4352,4087,2137,708,-285
107,-398,293,-460,-126,349,3186,4355,4096,2145,706,-278
89,-386,305,-464,-147,331,3205,4362,4106,2158,705,-266
67,-374,320,-470,-172,311,3219,4368,4115,2169,700,-258
46,-359,332,-471,-194,289,3234,4377,4124,2182,695,-249
29,-342,336,-465,-209,267,3250,4388,4138,2200,695,-233
16,-327,339,-460,-219,250,3263,4393,4153,2214,694,-218
1,-314,344,-456,-232,232,3274,4394,4169,2226,690,-205
-16,-298,348,-450,-246,211,3292,4394,4187,2238,685,-192
-23,-283,343,-437,-246,195,3320,4406,4212,2260,686,-174
-20,-270,327,-417,-233,187,3352,4429,4243,2290,697,-151
-13,-259,311,-399,-216,184,3384,4463,4274,2318,712,-129
-5,-251,294,-381,-198,182,3414,4500,4304,2347,726,-106
-1,-245,283,-368,-187,178,3436,4530,4329,2372,736,-86
7,-237,266,-349,-169,176,3459,4562,4354,2400,750,-64
16,-230,248,-331,-150,175,3480,4595,4376,2426,765,-44
25,-226,232,-314,-131,175,3495,4630,4396,2443,780,-28
27,-219,220,-299,-121,169,3510,4665,4415,2453,793,-17
28,-209,206,-280,-110,159,3527,4699,4434,2460,805,-6
29,-202,194,-264,-100,151,3544,4727,4453,2459,812,5
33,-194,178,-246,-86,146,3559,4753,4470,2454,817,13
51,-191,152,-224,-56,153,3574,4789,4485,2450,827,20
68,-197,137,-215,-35,165,3587,4825,4495,2440,831,22
90,-206,120,-206,-8,183,3599,4864,4505,2431,836,25
115,-220,103,-203,20,206,3607,4901,4516,2424,840,28
138,-238,94,-207,42,232,3611,4933,4524,2415,843,29
163,-257,83,-211,65,260,3614,4964,4528,2405,846,29
191,-273,68,-211,94,288,3620,4997,4530,2397,853,32
218,-287,51,-208,122,314,3624,5032,4532,2390,865,38
236,-303,47,-217,136,337,3627,5058,4532,2379,871,44
245,-322,54,-235,137,357,3628,5078,4528,2368,870,48
254,-340,61,-252,137,375,3627,5094,4522,2360,867,49
260,-353,67,-267,136,390,3628,5106,4516,2355,862,50
269,-363,67,-277,140,404,3633,5121,4515,2356,862,53
273,-376,76,-294,135,418,3636,5135,4516,2355,860,55
278,-388,83,-310,132,432,3639,5150,4519,2357,857,58
285,-397,87,-322,133,447,3646,5170,4527,2367,857,66
296,-406,86,-331,139,463,3658,5194,4538,2379,860,78
303,-411,86,-338,143,475,3669,5213,4550,2384,863,90
306,-411,86,-342,143,481,3678,5229,4561,2389,868,100
301,-408,91,-346,135,480,3682,5243,4571,2391,872,107
280,-400,107,-354,109,463,3684,5251,4580,2386,869,110
260,-384,115,-352,89,443,3692,5265,4595,2388,872,114
240,-372,127,-352,67,425,3697,5276,4613,2393,873,120
221,-361,140,-356,44,407,3704,5288,4635,2398,872,129
207,-354,151,-358,27,394,3715,5306,4663,2412,876,141
197,-351,161,-363,13,387,3725,5331,4692,2430,883,155
188,-349,173,-370,-2,381,3731,5354,4717,2441,889,166
179,-348,184,-375,-16,374,3735,5374,4741,2453,891,175
177,-342,183,-369,-17,368,3745,5400,4769,2473,894,187
182,-335,175,-357,-9,365,3760,5431,4800,2496,901,201
184,-331,170,-349,-4,362,3776,5464,4829,2514,908,216
185,-327,166,-342,0,358,3792,5494,4855,2529,912,231
180,-324,168,-340,-5,350,3805,5517,4877,2543,912,242
181,-319,162,-329,0,345,3818,5545,4902,2562,916,254
185,-315,153,-319,9,342,3832,5579,4929,2579,922,268
186,-312,148,-311,14,337,3845,5616,4956,2590,926,284
185,-310,144,-306,16,332,3855,5654,4983,2602,929,299
186,-309,140,-301,20,329,3864,5693,5011,2620,933,316
187,-308,133,-295,26,327,3870,5726,5039,2638,936,331
191,-303,121,-282,38,323,3874,5757,5066,2659,940,349
206,-298,98,-263,64,328,3878,5793,5092,2682,953,369
215,-294,81,-249,83,329,3877,5824,5116,2696,961,384
226,-287,59,-230,105,331,3880,5857,5140,2711,972,401
233,-277,37,-209,126,327,3883,5891,5157,2721,981,414
234,-264,20,-189,139,318,3882,5919,5169,2723,983,424
234,-252,5,-171,150,309,3878,5945,5182,2725,986,433
240,-246,-11,-158,165,309,3872,5972,5196,2733,994,443
248,-245,-23,-149,180,313,3866,5998,5207,2742,1005,451
247,-246,-24,-150,181,313,3860,6021,5213,2745,1012,456
239,-251,-13,-161,168,310,3852,6041,5217,2747,1014,457
233,-259,-2,-174,157,312,3848,6060,5221,2751,1015,458
233,-268,7,-187,151,318,3846,6076,5224,2758,1013,458
238,-275,8,-193,154,326,3847,6095,5230,2772,1014,458
238,-280,14,-201,150,330,3843,6108,5237,2781,1010,457
235,-278,15,-201,146,327,3837,6118,5245,2789,1003,455
237,-273,9,-194,151,326,3829,6132,5252,2797,997,454
246,-265,-5,-181,166,328,3821,6149,5262,2809,992,450
258,-260,-19,-169,182,334,3813,6163,5276,2821,986,446
274,-257,-35,-157,202,344,3803,6174,5292,2834,981,443
286,-255,-46,-150,217,352,3787,6181,5305,2844,975,439
285,-253,-43,-151,213,352,3767,6178,5316,2847,962,432
286,-249,-43,-149,213,351,3751,6179,5330,2850,950,426
284,-247,-39,-152,209,351,3737,6182,5345,2849,938,420
287,-249,-36,-156,208,356,3725,6184,5359,2851,925,416
296,-251,-39,-156,215,365,3715,6189,5376,2858,917,414
308,-257,-41,-160,224,378,3705,6194,5391,2866,911,415
319,-270,-35,-172,228,395,3696,6198,5407,2873,902,417
331,-287,-27,-190,230,416,3689,6204,5426,2882,893,420
348,-304,-26,-202,241,439,3688,6217,5450,2903,891,425
371,-317,-32,-206,262,464,3691,6237,5478,2931,895,431
393,-330,-40,-210,282,487,3692,6260,5509,2962,905,436
414,-341,-49,-211,303,508,3693,6283,5540,2993,917,439
428,-351,-52,-215,316,523,3695,6300,5567,3022,930,441
441,-355,-61,-211,332,534,3697,6318,5594,3058,948,447
454,-358,-71,-205,349,543,3699,6341,5622,3094,969,456
463,-358,-80,-197,362,547,3701,6366,5650,3126,991,464
465,-355,-87,-190,369,545,3701,6396,5676,3158,1011,471
468,-352,-95,-181,378,544,3703,6431,5704,3192,1032,482
476,-352,-104,-174,391,548,3705,6466,5730,3223,1052,493
489,-353,-120,-162,411,556,3708,6503,5756,3252,1071,504
514,-354,-148,-142,447,572,3712,6547,5787,3289,1099,522
535,-357,-169,-129,476,587,3710,6579,5820,3322,1126,539
558,-362,-192,-115,507,604,3711,6612,5853,3354,1151,556
580,-369,-211,-105,534,622,3715,6646,5883,3380,1175,573
597,-378,-224,-100,556,639,3720,6677,5910,3405,1197,589
620,-391,-239,-96,581,661,3726,6711,5940,3436,1220,607
646,-399,-262,-85,614,684,3734,6753,5970,3468,1245,625
675,-406,-289,-70,652,706,3740,6793,5999,3496,1271,643
695,-415,-305,-64,676,726,3745,6825,6026,3519,1291,656
710,-429,-309,-69,690,745,3746,6846,6050,3545,1305,666
724,-443,-313,-74,702,764,3745,6863,6075,3573,1318,675
737,-454,-318,-77,714,781,3742,6878,6100,3603,1331,684
751,-459,-328,-73,731,795,3735,6896,6127,3636,1348,694
755,-459,-334,-69,738,799,3721,6910,6154,3662,1360,702
759,-455,-342,-60,745,799,3705,6920,6182,3683,1368,712
764,-449,-352,-49,756,801,3692,6931,6209,3699,1375,723
774,-443,-366,-37,771,805,3687,6944,6236,3712,1383,738
782,-442,-373,-32,781,812,3684,6957,6259,3722,1392,752
789,-440,-379,-28,789,817,3682,6973,6281,3737,1407,770
794,-438,-381,-27,792,820,3683,6989,6301,3751,1422,789
786,-435,-372,-34,779,816,3680,6996,6319,3761,1431,807
785,-430,-371,-33,777,813,3680,7009,6343,3783,1447,828
784,-426,-368,-35,772,811,3679,7026,6370,3805,1464,850
784,-422,-366,-36,770,811,3679,7044,6398,3826,1479,870
789,-418,-369,-35,773,813,3679,7065,6430,3848,1496,893
792,-414,-370,-35,775,815,3682,7085,6463,3868,1513,915
792,-410,-368,-37,771,814,3681,7102,6493,3883,1528,932
789,-403,-366,-37,766,809,3681,7117,6520,3894,1536,945
794,-395,-375,-28,774,808,3686,7142,6548,3914,1547,960
812,-389,-395,-13,799,817,3695,7175,6581,3945,1563,981
832,-387,-415,-1,825,830,3704,7211,6615,3978,1579,1000
854,-387,-433,9,851,846,3712,7244,6647,4012,1597,1017
870,-391,-444,13,869,860,3719,7272,6677,4044,1613,1031
892,-396,-460,19,894,878,3728,7304,6707,4079,1635,1049
916,-403,-477,24,922,899,3738,7340,6739,4116,1661,1069
939,-413,-491,27,947,921,3751,7380,6770,4149,1686,1089
957,-424,-501,26,967,940,3757,7416,6794,4176,1705,1103
977,-434,-513,28,989,959,3761,7452,6819,4197,1722,1115
999,-444,-528,32,1015,979,3764,7486,6845,4218,1739,1127
1026,-456,-547,39,1047,1003,3764,7515,6872,4241,1755,1138
1066,-468,-578,53,1096,1036,3763,7547,6899,4272,1781,1154
1102,-483,-604,62,1139,1069,3757,7573,6922,4302,1802,1168
1140,-495,-635,77,1187,1100,3753,7601,6946,4332,1827,1185
1180,-506,-670,96,1239,1132,3745,7632,6973,4363,1854,1204
1216,-516,-701,113,1286,1161,3734,7665,6999,4390,1883,1224
1248,-521,-732,133,1330,1184,3727,7698,7027,4419,1912,1245
1278,-522,-765,157,1373,1203,3724,7738,7058,4453,1944,1266
1305,-520,-799,184,1415,1218,3723,7777,7090,4486,1979,1285
1329,-520,-826,206,1451,1232,3718,7807,7116,4510,2009,1301
1342,-517,-846,224,1474,1237,3707,7831,7139,4530,2034,1316
1350,-507,-866,246,1493,1234,3693,7852,7162,4549,2057,1328
1356,-496,-885,269,1510,1230,3681,7870,7186,4567,2079,1340
1369,-486,-910,295,1536,1231,3677,7891,7213,4590,2104,1353
1380,-477,-930,316,1557,1232,3674,7911,7240,4609,2123,1364
1388,-468,-947,336,1574,1230,3670,7929,7263,4626,2139,1374
1398,-457,-966,357,1592,1229,3667,7947,7287,4644,2155,1385
1413,-448,-988,379,1616,1232,3668,7967,7314,4666,2172,1399
1428,-441,-1008,397,1638,1237,3669,7988,7341,4688,2189,1412
1440,-432,-1027,416,1658,1240,3670,8013,7367,4712,2205,1425
1449,-427,-1037,426,1669,1243,3670,8038,7394,4738,2224,1439
1449,-426,-1034,423,1664,1242,3666,8053,7421,4760,2237,1450
1454,-426,-1035,423,1667,1246,3664,8067,7449,4783,2256,1467
1460,-430,-1032,417,1666,1253,3658,8078,7473,4800,2272,1485
1466,-435,-1029,409,1666,1261,3649,8088,7496,4816,2291,1507
1476,-437,-1031,406,1671,1271,3641,8102,7522,4832,2315,1533
1485,-442,-1031,400,1675,1283,3632,8116,7548,4849,2338,1558
1490,-449,-1026,389,1672,1292,3623,8126,7571,4862,2357,1581
1493,-455,-1018,377,1666,1299,3619,8135,7594,4877,2374,1604
1501,-458,-1019,372,1670,1308,3624,8147,7620,4905,2396,1627
1516,-456,-1034,380,1688,1319,3630,8164,7648,4934,2425,1655
1534,-451,-1054,393,1711,1330,3631,8184,7675,4961,2457,1682
1556,-448,-1076,406,1738,1343,3630,8209,7705,4992,2489,1710
1576,-445,-1097,419,1764,1355,3630,8235,7735,5026,2516,1739
1599,-441,-1125,438,1797,1369,3636,8262,7764,5064,2544,1766
1621,-435,-1153,459,1831,1380,3642,8289,7792,5100,2577,1791
1639,-431,-1177,476,1858,1389,3645,8315,7817,5131,2607,1815
1652,-427,-1196,490,1879,1394,3645,8341,7841,5156,2632,1835
1665,-423,-1216,507,1902,1398,3643,8368,7867,5183,2657,1857
1676,-419,-1236,524,1924,1401,3642,8391,7893,5212,2683,1881
1691,-417,-1258,541,1949,1408,3640,8414,7917,5243,2708,1905
1724,-418,-1297,569,1998,1427,3643,8443,7939,5274,2739,1935
1755,-422,-1330,591,2043,1448,3637,8462,7952,5293,2765,1960
1784,-425,-1363,615,2086,1467,3628,8476,7963,5307,2788,1983
1814,-430,-1395,636,2129,1486,3615,8490,7972,5321,2811,2004
1839,-438,-1419,651,2164,1505,3600,8504,7976,5327,2826,2023
1863,-446,-1443,666,2198,1523,3585,8518,7979,5333,2840,2042
1891,-453,-1470,684,2237,1544,3572,8534,7981,5341,2858,2063
1920,-461,-1497,701,2276,1565,3558,8551,7984,5348,2876,2085
1941,-471,-1513,710,2303,1583,3540,8561,7986,5352,2890,2106
1954,-485,-1516,705,2316,1600,3516,8563,7985,5352,2897,2123
1966,-502,-1514,696,2325,1618,3496,8559,7984,5352,2900,2138
1977,-519,-1509,684,2331,1637,3477,8557,7985,5357,2904,2154
1992,-535,-1509,676,2343,1657,3464,8562,7991,5370,2914,2175
2002,-549,-1505,666,2348,1674,3450,8564,7996,5382,2920,2192
2009,-556,-1502,659,2352,1685,3433,8560,7998,5390,2924,2207
2018,-560,-1504,658,2360,1695,3415,8556,8000,5401,2930,2223
2033,-561,-1513,662,2376,1709,3401,8550,8003,5415,2940,2239
2046,-560,-1520,665,2390,1720,3388,8539,8002,5430,2951,2254
2055,-557,-1527,669,2400,1727,3378,8528,8002,5450,2964,2271
2060,-549,-1532,674,2406,1730,3367,8517,8005,5472,2981,2289
2052,-541,-1523,670,2393,1722,3353,8496,8007,5493,2994,2304
2049,-532,-1520,669,2388,1719,3341,8479,8010,5519,3009,2322
2046,-523,-1518,669,2383,1715,3330,8468,8007,5535,3022,2337
2048,-515,-1519,670,2383,1715,3320,8463,8004,5550,3033,2355
2057,-508,-1527,676,2392,1720,3314,8464,8010,5571,3047,2382
2069,-503,-1536,680,2404,1729,3307,8464,8021,5587,3061,2411
2077,-501,-1540,680,2410,1737,3299,8460,8032,5596,3072,2439
2082,-498,-1542,679,2412,1741,3293,8451,8040,5600,3077,2464
2092,-493,-1552,685,2425,1748,3291,8444,8045,5609,3085,2490
2110,-486,-1574,701,2449,1758,3293,8440,8048,5625,3098,2517
2129,-481,-1596,716,2475,1769,3290,8434,8051,5643,3112,2544
2146,-480,-1614,726,2497,1781,3282,8424,8050,5658,3127,2569
2158,-481,-1625,731,2512,1791,3267,8410,8043,5660,3136,2586
2174,-483,-1642,740,2533,1803,3252,8399,8034,5664,3143,2601
2189,-484,-1658,750,2553,1814,3240,8387,8023,5671,3152,2615
2199,-488,-1667,754,2566,1822,3228,8371,8011,5678,3160,2625
2202,-494,-1671,755,2572,1826,3217,8357,7995,5680,3164,2631
2207,-500,-1676,757,2580,1832,3210,8351,7981,5682,3167,2639
2212,-507,-1680,758,2586,1837,3206,8343,7966,5685,3172,2645
2215,-513,-1685,760,2593,1841,3201,8328,7954,5688,3177,2652
2228,-517,-1702,772,2615,1849,3194,8318,7950,5699,3189,2663
2238,-521,-1714,782,2632,1855,3180,8301,7946,5704,3196,2670
2249,-524,-1731,795,2652,1862,3166,8283,7941,5707,3203,2675
2265,-529,-1749,807,2677,1872,3152,8267,7936,5709,3207,2678
2275,-536,-1759,814,2692,1879,3136,8246,7926,5705,3207,2676
2284,-541,-1769,821,2707,1886,3119,8223,7912,5699,3204,2673
2300,-546,-1786,833,2729,1896,3103,8204,7894,5694,3206,2673
2317,-550,-1804,847,2754,1907,3088,8192,7876,5690,3211,2675
2330,-558,-1813,851,2770,1919,3070,8175,7856,5680,3210,2674
2338,-572,-1810,842,2774,1931,3044,8145,7831,5665,3199,2668
2345,-584,-1807,834,2778,1941,3012,8104,7803,5646,3184,2658
2349,-593,-1804,828,2780,1948,2978,8058,7775,5626,3170,2646
2356,-598,-1807,829,2786,1953,2947,8015,7749,5608,3160,2639
2357,-603,-1802,823,2784,1957,2915,7971,7721,5587,3147,2634
2358,-608,-1796,816,2781,1960,2887,7932,7692,5565,3132,2629
2359,-607,-1795,815,2781,1960,2859,7898,7664,5544,3118,2626
2367,-603,-1803,822,2791,1962,2834,7868,7638,5527,3107,2624
2378,-603,-1810,825,2803,1970,2807,7837,7613,5509,3095,2623
2391,-607,-1813,824,2813,1981,2777,7808,7588,5492,3087,2622
2400,-610,-1814,821,2819,1990,2747,7774,7561,5474,3081,2622
2392,-606,-1803,814,2806,1984,2711,7721,7527,5444,3065,2619
2385,-596,-1800,816,2799,1975,2680,7665,7491,5417,3052,2622
2377,-588,-1793,815,2787,1967,2651,7612,7454,5393,3044,2625
2365,-582,-1780,807,2771,1958,2623,7562,7419,5375,3035,2628
2357,-580,-1767,797,2756,1954,2601,7515,7385,5360,3032,2634
2352,-583,-1753,783,2741,1956,2582,7469,7354,5349,3030,2641
2349,-592,-1735,763,2727,1963,2562,7420,7326,5343,3026,2648
2346,-602,-1717,742,2712,1971,2543,7370,7301,5337,3020,2656
2349,-610,-1707,728,2706,1981,2524,7324,7279,5335,3018,2663
2358,-615,-1706,722,2710,1993,2505,7283,7257,5329,3018,2670
2363,-620,-1705,718,2713,2002,2487,7235,7231,5314,3016,2674
2367,-624,-1702,712,2713,2008,2467,7179,7199,5296,3010,2675
2365,-627,-1697,705,2707,2010,2442,7118,7162,5272,2998,2669
2367,-628,-1699,706,2709,2012,2419,7063,7127,5247,2990,2666
2372,-628,-1706,710,2717,2016,2397,7014,7093,5222,2985,2664
2375,-628,-1712,715,2722,2017,2372,6964,7058,5198,2978,2662
2370,-626,-1712,717,2719,2011,2346,6915,7019,5174,2970,2658
2361,-621,-1712,721,2713,2000,2322,6869,6980,5155,2960,2654
2350,-616,-1712,725,2706,1987,2299,6821,6937,5134,2949,2652
2341,-608,-1717,735,2703,1974,2277,6772,6892,5110,2934,2652
2344,-600,-1735,753,2717,1968,2263,6733,6849,5095,2929,2657
2346,-599,-1744,762,2724,1965,2247,6693,6804,5076,2922,2660
2350,-601,-1754,769,2733,1967,2231,6649,6759,5057,2916,2665
2353,-604,-1761,774,2740,1968,2211,6602,6712,5035,2911,2668
2351,-610,-1760,771,2737,1968,2189,6549,6660,5006,2904,2667
2346,-614,-1758,769,2733,1965,2167,6490,6607,4973,2894,2664
2343,-615,-1760,771,2731,1961,2146,6432,6553,4942,2885,2661
2342,-616,-1764,775,2732,1959,2124,6373,6495,4911,2880,2657
2335,-620,-1758,770,2723,1956,2102,6309,6436,4875,2872,2651
2319,-630,-1736,751,2697,1950,2074,6239,6374,4831,2857,2639
2302,-639,-1711,730,2669,1945,2045,6171,6310,4785,2836,2623
2287,-650,-1687,708,2641,1941,2015,6105,6245,4742,2811,2606
2274,-656,-1668,692,2619,1936,1985,6043,6182,4705,2788,2592
2257,-659,-1646,676,2592,1927,1947,5974,6118,4666,2762,2578
2237,-659,-1623,660,2563,1914,1907,5898,6051,4625,2730,2563
2216,-658,-1600,646,2533,1901,1868,5821,5980,4583,2694,2547
2197,-654,-1580,634,2506,1886,1831,5748,5904,4540,2658,2530
2176,-646,-1561,626,2480,1869,1798,5676,5826,4495,2621,2512
2156,-638,-1544,619,2455,1853,1768,5604,5746,4446,2583,2490
2138,-630,-1527,610,2432,1838,1740,5535,5666,4396,2549,2468
2107,-624,-1494,591,2389,1816,1707,5458,5584,4339,2505,2442
2080,-619,-1464,572,2352,1798,1677,5386,5506,4288,2465,2419
2052,-619,-1430,547,2311,1783,1648,5311,5428,4234,2426,2398
2024,-617,-1396,524,2271,1766,1619,5231,5353,4177,2383,2379
1998,-612,-1367,505,2234,1748,1591,5146,5279,4123,2342,2364
1969,-610,-1334,482,2193,1730,1563,5055,5201,4069,2303,2349
1939,-613,-1294,451,2148,1716,1536,4963,5123,4013,2263,2330
1911,-620,-1254,417,2103,1704,1512,4873,5049,3961,2224,2312
1888,-621,-1225,395,2069,1692,1491,4792,4983,3920,2193,2296
1869,-614,-1209,388,2047,1676,1477,4719,4919,3880,2168,2284
1849,-602,-1197,386,2026,1655,1465,4650,4850,3834,2144,2270
1826,-588,-1188,387,2005,1631,1449,4579,4775,3782,2119,2252
1798,-574,-1173,386,1977,1602,1425,4504,4693,3722,2089,2230
1772,-561,-1161,387,1951,1574,1405,4432,4608,3660,2060,2207
1748,-551,-1148,384,1927,1551,1390,4361,4523,3595,2032,2185
1723,-548,-1129,374,1897,1530,1375,4288,4435,3527,2006,2161
1694,-548,-1104,359,1862,1507,1356,4212,4343,3459,1977,2134
1664,-548,-1080,344,1825,1484,1336,4138,4252,3398,1947,2106
1636,-552,-1055,326,1789,1465,1316,4061,4160,3342,1912,2079
1613,-559,-1031,308,1758,1451,1294,3981,4068,3289,1874,2051
1602,-565,-1023,302,1745,1444,1278,3910,3981,3241,1843,2026
1590,-574,-1011,290,1728,1438,1262,3841,3897,3187,1811,1998
1580,-581,-1002,283,1714,1431,1252,3778,3818,3136,1781,1976
1571,-587,-997,279,1705,1426,1240,3718,3740,3084,1752,1956
1558,-593,-986,272,1688,1417,1223,3653,3657,3026,1718,1932
1539,-600,-970,259,1665,1406,1201,3586,3574,2962,1681,1907
1523,-603,-958,252,1646,1394,1184,3520,3490,2900,1645,1884
1508,-605,-949,248,1629,1383,1171,3457,3406,2838,1613,1861
1485,-606,-932,238,1603,1367,1156,3391,3317,2771,1576,1834
1450,-605,-902,221,1560,1342,1134,3322,3224,2700,1533,1802
1413,-603,-871,203,1515,1315,1106,3254,3132,2633,1490,1771
1378,-601,-839,184,1470,1290,1075,3183,3038,2565,1444,1737
1348,-601,-811,165,1432,1271,1046,3110,2944,2493,1397,1701
1316,-603,-775,140,1388,1252,1017,3037,2848,2418,1348,1664
1279,-605,-733,109,1336,1230,990,2959,2750,2338,1294,1622
1242,-603,-693,82,1286,1207,959,2876,2646,2252,1236,1578
1210,-600,-659,59,1243,1186,928,2791,2541,2164,1176,1532
1176,-596,-623,36,1199,1165,902,2706,2437,2081,1118,1487
1141,-592,-584,11,1151,1142,879,2628,2337,2005,1062,1442
1110,-589,-548,-14,1108,1124,857,2554,2241,1933,1007,1399
1068,-583,-502,-44,1051,1096,830,2469,2145,1852,945,1356
1027,-569,-465,-62,1001,1064,804,2386,2050,1776,887,1316
984,-555,-426,-82,947,1029,779,2305,1958,1702,832,1281
941,-544,-385,-105,892,997,753,2230,1870,1630,780,1249
904,-533,-349,-125,845,969,732,2162,1789,1569,735,1222
868,-527,-310,-149,795,944,710,2094,1711,1511,690,1199
826,-521,-266,-178,738,915,687,2021,1630,1453,644,1175
778,-513,-218,-207,675,881,664,1945,1547,1396,594,1150
736,-503,-180,-229,621,847,645,1877,1466,1339,547,1125
701,-489,-154,-238,580,815,629,1816,1385,1287,504,1105
672,-479,-132,-248,545,789,611,1752,1304,1236,462,1084
646,-474,-109,-261,511,768,594,1683,1224,1184,421,1063
618,-474,-82,-279,474,748,575,1612,1144,1127,378,1039
594,-472,-60,-293,442,729,560,1547,1068,1074,338,1018
572,-472,-42,-304,415,711,546,1492,996,1022,302,999
548,-474,-20,-319,382,694,534,1438,926,967,266,981
517,-476,7,-337,343,671,520,1379,856,910,229,960
484,-475,33,-352,303,645,507,1322,788,855,192,940
450,-474,57,-365,263,619,494,1261,717,798,154,921
416,-471,80,-377,224,591,482,1199,645,740,114,901
396,-469,88,-378,205,572,475,1146,575,688,82,884
375,-472,103,-388,180,557,465,1093,501,634,45,865
354,-475,118,-397,156,543,455,1041,427,578,7,843
338,-479,128,-404,138,531,444,991,351,515,-30,817
319,-481,140,-412,117,518,428,937,268,447,-71,786
297,-480,153,-418,94,501,410,881,183,381,-116,756
276,-478,164,-422,72,485,395,833,102,326,-157,730
259,-480,176,-429,53,473,385,791,21,274,-193,707
240,-487,196,-446,27,465,375,741,-61,218,-228,682
212,-496,229,-472,-14,452,359,680,-144,157,-267,653
177,-502,266,-500,-62,434,343,618,-222,101,-302,625
139,-503,302,-524,-112,410,328,557,-298,47,-336,596
108,-500,331,-542,-153,389,314,500,-372,-5,-367,567
75,-499,362,-562,-196,369,300,446,-446,-57,-399,537
37,-492,395,-580,-244,341,288,392,-516,-108,-434,505
2,-482,424,-594,-288,313,279,339,-583,-158,-470,474
-26,-475,449,-606,-324,292,270,287,-650,-206,-502,446
-49,-470,473,-620,-355,277,264,235,-717,-251,-533,420
-70,-467,497,-636,-386,264,261,185,-780,-293,-561,395
-93,-464,524,-654,-420,249,258,134,-838,-332,-586,368
-127,-462,565,-682,-471,227,249,71,-899,-380,-622,334
-160,-456,601,-703,-516,204,239,14,-959,-424,-657,302
-194,-447,635,-723,-562,177,227,-38,-1019,-471,-694,271
-232,-435,670,-740,-611,145,212,-93,-1076,-517,-733,239
-262,-422,696,-749,-647,118,200,-148,-1131,-556,-768,212
-286,-412,719,-760,-678,97,189,-202,-1186,-593,-805,185
-309,-408,747,-776,-711,79,181,-255,-1241,-633,-844,159
-335,-405,777,-795,-746,61,175,-308,-1296,-672,-888,130
-352,-401,797,-807,-770,47,170,-355,-1349,-706,-927,103
-358,-397,804,-809,-777,41,165,-397,-1399,-737,-961,81
-364,-391,810,-809,-784,33,157,-438,-1448,-767,-992,61
-371,-387,817,-811,-791,25,150,-476,-1492,-793,-1019,41
-383,-389,832,-821,-807,17,144,-513,-1536,-825,-1048,20
-394,-390,845,-830,-821,10,143,-541,-1578,-857,-1076,0
-403,-395,858,-842,-834,6,143,-565,-1620,-885,-1100,-17
-414,-401,873,-855,-849,2,140,-590,-1663,-911,-1122,-32
-429,-407,891,-870,-870,-6,133,-622,-1709,-942,-1144,-48
-446,-412,908,-883,-891,-16,123,-655,-1756,-975,-1166,-65
-462,-419,926,-898,-913,-24,114,-688,-1803,-1008,-1189,-81
-478,-427,944,-914,-935,-32,111,-721,-1850,-1040,-1213,-92
-481,-432,944,-916,-936,-33,111,-743,-1893,-1061,-1228,-98
-488,-435,947,-918,-943,-38,106,-772,-1940,-1093,-1244,-109
-496,-434,947,-916,-949,-47,102,-804,-1987,-1121,-1260,-123
-502,-434,945,-913,-952,-53,94,-837,-2032,-1147,-1273,-140
-509,-440,950,-919,-962,-56,84,-872,-2078,-1177,-1290,-160
-515,-446,953,-924,-970,-59,75,-904,-2126,-1207,-1310,-179
-515,-450,950,-924,-971,-59,70,-929,-2172,-1234,-1327,-195
-512,-454,943,-921,-966,-57,65,-950,-2217,-1261,-1340,-208
-515,-457,942,-921,-970,-59,57,-975,-2263,-1295,-1356,-223
-523,-463,951,-931,-985,-62,49,-1005,-2314,-1337,-1378,-244
-530,-471,961,-943,-999,-63,42,-1033,-2363,-1375,-1400,-265
-535,-478,970,-954,-1011,-63,34,-1059,-2405,-1405,-1421,-282
-536,-486,975,-963,-1017,-60,28,-1080,-2440,-1425,-1435,-293
-539,-495,985,-977,-1028,-57,26,-1100,-2472,-1440,-1449,-304
-546,-502,998,-992,-1043,-57,28,-1125,-2505,-1454,-1465,-316
-554,-504,1009,-1002,-1057,-61,31,-1150,-2537,-1467,-1483,-325
-558,-504,1016,-1010,-1066,-63,32,-1175,-2568,-1480,-1500,-331
-562,-504,1022,-1016,-1073,-65,28,-1203,-2600,-1502,-1518,-338
-570,-500,1029,-1021,-1083,-70,25,-1233,-2634,-1529,-1534,-344
-581,-493,1037,-1024,-1094,-81,22,-1260,-2665,-1555,-1546,-348
-606,-483,1059,-1034,-1125,-102,11,-1298,-2698,-1582,-1566,-356
-628,-470,1074,-1038,-1148,-122,-1,-1334,-2724,-1600,-1585,-365
-651,-456,1088,-1040,-1170,-144,-18,-1366,-2749,-1617,-1602,-373
-682,-438,1107,-1043,-1201,-173,-32,-1395,-2770,-1635,-1617,-379
-712,-417,1123,-1041,-1229,-204,-40,-1418,-2782,-1642,-1625,-381
-742,-396,1138,-1037,-1256,-234,-44,-1439,-2792,-1640,-1627,-377
-774,-377,1157,-1039,-1287,-264,-48,-1462,-2800,-1637,-1628,-373
-807,-362,1181,-1045,-1322,-293,-53,-1486,-2804,-1633,-1632,-369
-835,-347,1199,-1048,-1350,-319,-55,-1504,-2807,-1625,-1632,-364
-851,-335,1207,-1045,-1362,-335,-53,-1513,-2811,-1614,-1627,-357
-862,-327,1214,-1045,-1372,-345,-53,-1520,-2818,-1605,-1621,-353
-875,-322,1224,-1048,-1385,-355,-55,-1528,-2828,-1596,-1615,-347
-892,-319,1239,-1055,-1404,-367,-59,-1544,-2841,-1597,-1614,-345
-906,-315,1250,-1059,-1419,-379,-66,-1563,-2855,-1604,-1615,-345
-916,-312,1256,-1060,-1428,-387,-71,-1577,-2870,-1609,-1610,-347
-928,-307,1261,-1059,-1439,-399,-79,-1590,-2885,-1617,-1605,-351
-945,-300,1269,-1058,-1456,-416,-87,-1601,-2901,-1628,-1605,-357
-959,-292,1272,-1053,-1468,-432,-94,-1605,-2914,-1636,-1604,-364
-967,-286,1269,-1045,-1473,-443,-97,-1604,-2925,-1645,-1605,-370
-973,-280,1265,-1037,-1477,-453,-98,-1605,-2938,-1659,-1610,-379
-965,-275,1248,-1020,-1462,-454,-97,-1600,-2948,-1669,-1612,-385
-959,-275,1237,-1010,-1454,-452,-100,-1599,-2959,-1685,-1618,-396
-954,-275,1227,-1001,-1447,-451,-105,-1604,-2971,-1701,-1628,-412
-943,-278,1214,-993,-1435,-445,-108,-1607,-2982,-1713,-1638,-427
-933,-284,1206,-990,-1426,-436,-113,-1614,-2994,-1724,-1654,-445
-923,-291,1198,-987,-1418,-428,-115,-1622,-3008,-1736,-1673,-463
-913,-292,1185,-978,-1406,-423,-113,-1628,-3021,-1748,-1691,-482
-901,-289,1167,-963,-1390,-419,-108,-1632,-3035,-1762,-1709,-502
-894,-287,1156,-953,-1380,-417,-108,-1643,-3050,-1782,-1732,-525
-895,-293,1161,-959,-1387,-416,-114,-1659,-3071,-1809,-1761,-554
-898,-297,1168,-967,-1397,-416,-119,-1676,-3092,-1836,-1789,-583
-904,-300,1176,-975,-1408,-419,-122,-1692,-3111,-1856,-1814,-609
-907,-300,1180,-979,-1415,-421,-123,-1708,-3126,-1866,-1837,-633
-912,-302,1189,-988,-1425,-422,-125,-1724,-3141,-1874,-1857,-660
-918,-307,1202,-1002,-1438,-422,-133,-1741,-3157,-1886,-1883,-688
-922,-308,1211,-1012,-1447,-423,-143,-1754,-3176,-1900,-1911,-715
-925,-304,1214,-1014,-1451,-425,-152,-1765,-3198,-1912,-1940,-739
-928,-301,1217,-1017,-1454,-427,-161,-1777,-3219,-1924,-1965,-763
-933,-299,1226,-1025,-1461,-429,-168,-1785,-3237,-1932,-1985,-786
-941,-301,1240,-1040,-1474,-430,-176,-1789,-3252,-1938,-2002,-808
-964,-305,1272,-1067,-1509,-440,-188,-1798,-3267,-1953,-2025,-833
-987,-303,1297,-1085,-1538,-452,-197,-1804,-3282,-1965,-2047,-853
-1007,-300,1318,-1098,-1562,-465,-207,-1813,-3295,-1978,-2067,-870
-1029,-293,1338,-1109,-1587,-481,-217,-1823,-3304,-1991,-2088,-886
-1045,-284,1348,-1111,-1601,-494,-222,-1826,-3308,-2001,-2105,-897
-1057,-273,1352,-1107,-1609,-506,-222,-1827,-3313,-2012,-2121,-907
-1070,-262,1358,-1103,-1618,-518,-224,-1832,-3323,-2030,-2139,-919
-1082,-258,1367,-1105,-1629,-526,-227,-1837,-3333,-2046,-2156,-929
-1089,-255,1373,-1106,-1635,-531,-224,-1832,-3337,-2050,-2170,-934
-1089,-251,1370,-1099,-1631,-532,-217,-1821,-3335,-2044,-2175,-933
-1089,-249,1366,-1092,-1626,-531,-210,-1813,-3331,-2038,-2177,-933
-1088,-246,1361,-1084,-1620,-532,-202,-1807,-3332,-2032,-2182,-931
-1095,-244,1365,-1081,-1625,-537,-195,-1805,-3338,-2031,-2189,-930
-1103,-242,1368,-1078,-1633,-544,-193,-1806,-3350,-2035,-2197,-928
-1108,-241,1370,-1074,-1636,-548,-192,-1809,-3361,-2038,-2201,-921
-1113,-242,1372,-1072,-1641,-552,-192,-1816,-3373,-2044,-2206,-917
-1123,-242,1377,-1070,-1651,-561,-194,-1824,-3386,-2054,-2210,-916
-1131,-242,1381,-1068,-1660,-569,-195,-1830,-3396,-2061,-2212,-917
-1134,-244,1381,-1067,-1662,-571,-198,-1842,-3403,-2067,-2213,-917
-1136,-247,1381,-1065,-1665,-574,-201,-1855,-3408,-2072,-2216,-916
-1127,-248,1367,-1054,-1650,-571,-202,-1860,-3411,-2074,-2210,-912
-1122,-252,1361,-1050,-1644,-568,-201,-1863,-3415,-2078,-2205,-906
-1118,-258,1358,-1051,-1641,-565,-199,-1862,-3422,-2082,-2204,-897
-1108,-267,1351,-1051,-1631,-555,-196,-1854,-3429,-2088,-2202,-888
-1102,-274,1347,-1053,-1626,-550,-192,-1845,-3438,-2095,-2203,-884
-1099,-274,1340,-1049,-1621,-551,-188,-1837,-3448,-2100,-2206,-879
-1095,-267,1326,-1036,-1611,-556,-188,-1833,-3457,-2101,-2210,-874
-1088,-254,1304,-1015,-1593,-562,-195,-1834,-3466,-2104,-2211,-869
-1085,-239,1285,-994,-1580,-572,-208,-1842,-3478,-2113,-2213,-869
-1091,-225,1277,-983,-1580,-587,-232,-1857,-3493,-2131,-2223,-876
-1097,-212,1269,-973,-1580,-601,-256,-1876,-3509,-2152,-2238,-885
-1099,-202,1263,-965,-1579,-610,-280,-1894,-3524,-2168,-2254,-894
-1098,-192,1254,-957,-1573,-616,-297,-1904,-3531,-2175,-2265,-897
-1098,-188,1252,-958,-1573,-619,-309,-1906,-3534,-2179,-2274,-901
-1101,-185,1256,-962,-1577,-622,-316,-1905,-3534,-2185,-2284,-908
-1102,-180,1256,-964,-1579,-626,-320,-1900,-3535,-2193,-2298,-916
-1101,-175,1254,-963,-1577,-627,-321,-1893,-3537,-2205,-2315,-926
-1097,-173,1253,-965,-1573,-625,-318,-1888,-3538,-2219,-2330,-934
-1093,-173,1255,-969,-1571,-621,-311,-1886,-3540,-2234,-2345,-943
-1086,-179,1258,-979,-1568,-611,-301,-1881,-3538,-2246,-2356,-953
-1088,-191,1277,-1001,-1581,-603,-294,-1883,-3536,-2257,-2374,-964
-1089,-198,1290,-1017,-1589,-596,-284,-1882,-3526,-2258,-2386,-971
-1089,-203,1301,-1029,-1595,-592,-272,-1882,-3516,-2260,-2396,-978
-1094,-203,1311,-1037,-1604,-593,-256,-1882,-3505,-2266,-2406,-984
-1097,-202,1317,-1041,-1609,-594,-236,-1876,-3492,-2264,-2411,-985
-1097,-203,1323,-1045,-1611,-591,-217,-1868,-3479,-2261,-2412,-986
-1097,-207,1331,-1052,-1615,-588,-202,-1867,-3470,-2261,-2417,-992
-1098,-210,1339,-1059,-1620,-585,-187,-1872,-3465,-2262,-2425,-999
-1098,-210,1341,-1059,-1620,-584,-163,-1872,-3456,-2253,-2428,-1003
-1092,-206,1332,-1049,-1609,-582,-132,-1860,-3439,-2230,-2424,-1004
-1087,-201,1324,-1037,-1599,-582,-101,-1849,-3421,-2206,-2418,-1006
-1082,-198,1316,-1027,-1591,-581,-68,-1840,-3402,-2179,-2410,-1008
-1080,-197,1314,-1022,-1587,-580,-36,-1832,-3382,-2153,-2401,-1010
-1076,-196,1308,-1013,-1580,-579,-3,-1821,-3360,-2125,-2390,-1012
-1070,-195,1300,-1003,-1571,-577,35,-1807,-3338,-2099,-2377,-1014
-1069,-195,1297,-997,-1568,-576,73,-1797,-3322,-2081,-2367,-1020
-1073,-194,1298,-993,-1572,-581,104,-1792,-3310,-2074,-2361,-1030
-1079,-193,1299,-988,-1578,-587,128,-1783,-3300,-2067,-2356,-1039
-1083,-191,1298,-983,-1582,-593,147,-1771,-3293,-2062,-2353,-1045
-1087,-191,1298,-978,-1586,-597,162,-1761,-3290,-2065,-2356,-1050
-1076,-188,1281,-962,-1569,-593,179,-1746,-3285,-2065,-2355,-1048
-1065,-190,1268,-951,-1555,-586,193,-1738,-3284,-2065,-2356,-1044
-1057,-193,1258,-944,-1545,-580,207,-1734,-3281,-2064,-2357,-1037
-1045,-198,1247,-938,-1532,-570,222,-1721,-3273,-2057,-2356,-1027
-1034,-208,1241,-938,-1522,-558,234,-1703,-3261,-2048,-2356,-1019
-1025,-213,1233,-935,-1513,-550,240,-1686,-3246,-2037,-2354,-1010
-1016,-213,1219,-926,-1500,-545,242,-1667,-3230,-2022,-2349,-999
-1006,-209,1202,-911,-1483,-542,244,-1646,-3215,-2009,-2340,-988
-1000,-205,1189,-902,-1473,-542,245,-1627,-3203,-2004,-2336,-979
-1006,-205,1192,-905,-1480,-546,243,-1614,-3195,-2001,-2339,-974
-1014,-206,1200,-913,-1492,-551,241,-1599,-3184,-1997,-2341,-968
-1018,-210,1206,-923,-1499,-552,241,-1582,-3173,-1998,-2342,-962
-1016,-215,1209,-931,-1501,-548,239,-1566,-3163,-2002,-2340,-956
-1018,-223,1219,-948,-1509,-544,235,-1551,-3154,-2011,-2338,-950
-1027,-233,1239,-971,-1528,-544,226,-1543,-3147,-2025,-2345,-950
-1035,-241,1256,-992,-1544,-544,217,-1534,-3140,-2038,-2353,-949
-1040,-245,1266,-1006,-1553,-544,206,-1525,-3130,-2049,-2361,-949
-1043,-248,1275,-1018,-1560,-543,189,-1524,-3119,-2055,-2367,-950
-1047,-253,1286,-1034,-1570,-542,165,-1529,-3109,-2060,-2371,-950
-1049,-260,1298,-1050,-1577,-537,140,-1534,-3097,-2061,-2369,-950
-1060,-268,1321,-1075,-1599,-538,113,-1550,-3091,-2068,-2375,-954
-1070,-270,1337,-1090,-1614,-541,91,-1566,-3084,-2069,-2379,-956
-1080,-268,1349,-1100,-1627,-546,69,-1581,-3075,-2060,-2379,-956
-1094,-263,1362,-1109,-1643,-557,44,-1602,-3064,-2044,-2380,-958
-1104,-256,1370,-1111,-1653,-566,20,-1621,-3049,-2025,-2379,-957
-1111,-249,1374,-1111,-1658,-572,0,-1633,-3034,-2006,-2374,-953
-1119,-242,1378,-1111,-1665,-580,-19,-1641,-3016,-1986,-2366,-948
-1128,-235,1384,-1110,-1673,-589,-42,-1650,-2999,-1966,-2361,-943
-1129,-229,1382,-1104,-1670,-591,-68,-1656,-2979,-1941,-2353,-934
-1118,-225,1368,-1091,-1652,-585,-89,-1656,-2954,-1911,-2341,-919
-1105,-224,1356,-1081,-1634,-575,-105,-1654,-2931,-1884,-2329,-905
-1092,-226,1346,-1073,-1617,-564,-119,-1652,-2910,-1863,-2314,-892
-1080,-231,1338,-1067,-1603,-552,-135,-1655,-2892,-1846,-2297,-881
-1069,-232,1328,-1058,-1588,-543,-153,-1662,-2874,-1829,-2280,-872
-1055,-230,1310,-1039,-1566,-535,-169,-1667,-2856,-1812,-2258,-865
-1040,-228,1291,-1020,-1543,-527,-186,-1673,-2843,-1804,-2236,-861
-1026,-225,1271,-999,-1520,-520,-206,-1682,-2831,-1803,-2218,-861
-1013,-220,1251,-977,-1498,-515,-229,-1689,-2819,-1804,-2201,-863
-1001,-217,1232,-957,-1478,-510,-252,-1695,-2806,-1805,-2185,-865
-990,-218,1217,-942,-1461,-504,-277,-1702,-2795,-1805,-2175,-870
-968,-217,1191,-920,-1430,-492,-302,-1699,-2782,-1795,-2161,-870
-949,-222,1173,-908,-1407,-477,-330,-1695,-2769,-1782,-2147,-869
-932,-229,1160,-900,-1388,-463,-356,-1692,-2754,-1763,-2135,-866
-914,-236,1145,-892,-1367,-449,-381,-1685,-2739,-1742,-2120,-863
-899,-243,1135,-888,-1352,-436,-410,-1683,-2730,-1730,-2110,-863
-889,-246,1125,-883,-1341,-430,-440,-1686,-2724,-1722,-2102,-863
-882,-243,1112,-872,-1329,-429,-468,-1687,-2715,-1709,-2090,-863
-869,-239,1094,-857,-1310,-425,-492,-1678,-2701,-1692,-2073,-862
-857,-238,1079,-848,-1294,-419,-510,-1663,-2685,-1677,-2055,-860
-852,-241,1077,-850,-1291,-416,-531,-1653,-2673,-1670,-2042,-863
-853,-242,1078,-854,-1294,-417,-552,-1647,-2664,-1665,-2033,-866
-852,-245,1080,-860,-1297,-416,-573,-1646,-2654,-1664,-2028,-864
-844,-250,1078,-866,-1292,-408,-591,-1651,-2641,-1661,-2023,-862
-836,-256,1076,-872,-1286,-399,-607,-1662,-2629,-1661,-2022,-860
-832,-258,1075,-878,-1286,-395,-619,-1673,-2615,-1662,-2023,-860
-828,-257,1071,-878,-1281,-393,-631,-1681,-2598,-1659,-2023,-856
-818,-255,1060,-874,-1269,-387,-638,-1683,-2578,-1656,-2021,-847
-806,-252,1047,-868,-1253,-380,-642,-1681,-2559,-1655,-2020,-835
-796,-248,1035,-862,-1239,-375,-644,-1679,-2541,-1653,-2018,-822
-788,-245,1026,-857,-1228,-370,-647,-1680,-2525,-1651,-2015,-809
-794,-243,1033,-865,-1237,-374,-656,-1701,-2516,-1662,-2023,-803
-800,-237,1035,-866,-1243,-380,-665,-1723,-2507,-1670,-2031,-793
-805,-231,1036,-865,-1246,-386,-675,-1738,-2499,-1673,-2035,-781
-810,-227,1040,-867,-1252,-390,-690,-1754,-2492,-1676,-2042,-773
-810,-226,1040,-868,-1250,-389,-703,-1765,-2481,-1675,-2047,-766
-804,-230,1039,-872,-1245,-381,-710,-1773,-2465,-1670,-2048,-758
-800,-238,1046,-883,-1245,-371,-715,-1780,-2447,-1663,-2050,-750
-803,-247,1059,-898,-1255,-366,-723,-1788,-2429,-1653,-2051,-744
-804,-252,1066,-906,-1259,-362,-727,-1790,-2412,-1635,-2047,-737
-795,-252,1059,-901,-1246,-356,-728,-1782,-2391,-1610,-2035,-726
-784,-252,1049,-894,-1230,-347,-729,-1772,-2371,-1583,-2019,-715
-771,-252,1038,-885,-1212,-338,-733,-1763,-2354,-1557,-2000,-705
-761,-251,1027,-876,-1197,-331,-739,-1760,-2342,-1540,-1986,-698
-752,-250,1016,-866,-1181,-325,-747,-1761,-2332,-1528,-1975,-694
-739,-246,1000,-851,-1160,-319,-754,-1758,-2322,-1515,-1962,-689
-729,-243,986,-837,-1142,-315,-761,-1752,-2312,-1499,-1947,-683
-722,-241,977,-828,-1130,-311,-768,-1747,-2303,-1486,-1937,-678
-716,-243,972,-823,-1121,-306,-776,-1742,-2294,-1477,-1929,-675
-710,-246,967,-818,-1113,-301,-786,-1739,-2284,-1467,-1919,-674
-708,-247,964,-813,-1108,-300,-798,-1741,-2277,-1459,-1911,-674
-691,-246,945,-797,-1084,-290,-800,-1732,-2267,-1441,-1894,-670
-674,-248,928,-783,-1060,-279,-800,-1722,-2256,-1428,-1875,-666
-659,-249,910,-768,-1038,-269,-803,-1716,-2244,-1413,-1861,-664
-640,-251,890,-754,-1012,-256,-804,-1707,-2230,-1397,-1843,-659
-622,-259,878,-747,-992,-241,-806,-1696,-2216,-1385,-1825,-654
-606,-269,867,-744,-974,-225,-807,-1685,-2202,-1370,-1807,-648
-590,-276,855,-738,-956,-211,-805,-1672,-2188,-1351,-1786,-640
-571,-285,841,-733,-935,-195,-802,-1655,-2174,-1329,-1760,-630
-553,-294,830,-730,-917,-179,-797,-1641,-2159,-1309,-1736,-621
-545,-303,827,-733,-911,-169,-797,-1634,-2149,-1301,-1720,-620
-539,-310,825,-735,-907,-162,-798,-1632,-2137,-1289,-1706,-622
-533,-314,822,-736,-903,-158,-803,-1629,-2124,-1270,-1690,-625
-527,-316,817,-734,-898,-154,-811,-1621,-2111,-1246,-1673,-626
-520,-323,816,-739,-893,-145,-819,-1612,-2097,-1221,-1654,-625
-515,-334,821,-750,-895,-135,-828,-1608,-2085,-1200,-1641,-627
-508,-344,825,-762,-895,-124,-834,-1610,-2071,-1180,-1629,-629
-500,-353,827,-772,-893,-111,-838,-1610,-2055,-1157,-1616,-630
-491,-360,828,-781,-889,-100,-839,-1610,-2041,-1138,-1605,-631
-487,-361,829,-785,-888,-95,-840,-1609,-2029,-1118,-1594,-634
-488,-355,827,-784,-889,-98,-839,-1605,-2014,-1093,-1579,-635
-503,-347,839,-790,-907,-111,-843,-1612,-2004,-1076,-1572,-640
-519,-334,847,-791,-924,-127,-844,-1622,-1999,-1064,-1566,-642
-535,-319,854,-789,-940,-145,-844,-1632,-1995,-1056,-1557,-643
-556,-302,863,-788,-960,-167,-846,-1646,-1991,-1051,-1552,-644
-569,-284,864,-780,-970,-185,-846,-1657,-1983,-1044,-1543,-637
-579,-267,861,-770,-974,-199,-844,-1670,-1974,-1031,-1529,-624
-588,-253,861,-763,-980,-213,-847,-1684,-1964,-1016,-1515,-609
-598,-241,864,-760,-988,-224,-848,-1700,-1953,-1005,-1506,-595
-601,-234,864,-757,-989,-230,-841,-1709,-1937,-993,-1496,-579
-596,-226,854,-746,-977,-230,-826,-1711,-1918,-977,-1481,-556
-589,-215,839,-729,-962,-232,-810,-1706,-1897,-962,-1463,-533
-582,-205,824,-712,-946,-234,-794,-1695,-1873,-946,-1443,-512
-577,-199,814,-701,-933,-234,-778,-1683,-1850,-930,-1423,-492
-567,-198,804,-692,-918,-229,-760,-1672,-1829,-917,-1405,-473
-550,-200,789,-682,-895,-218,-742,-1658,-1810,-902,-1386,-455
-535,-202,775,-672,-873,-208,-727,-1644,-1792,-887,-1367,-437
-526,-205,766,-664,-858,-202,-718,-1630,-1776,-876,-1351,-419
-517,-209,759,-659,-844,-195,-714,-1618,-1762,-865,-1334,-403
-506,-217,751,-655,-830,-186,-712,-1608,-1747,-850,-1318,-386
-495,-226,746,-654,-817,-176,-709,-1598,-1729,-835,-1303,-367
-474,-234,728,-644,-789,-159,-704,-1575,-1707,-811,-1280,-345
-451,-247,712,-637,-762,-138,-705,-1556,-1693,-793,-1262,-330
-432,-256,697,-629,-738,-122,-710,-1543,-1687,-785,-1246,-319
-414,-264,680,-620,-714,-107,-718,-1526,-1685,-780,-1230,-309
-402,-276,674,-620,-701,-93,-731,-1505,-1686,-782,-1220,-300
-389,-293,671,-627,-691,-76,-741,-1482,-1686,-785,-1212,-293
-375,-308,664,-630,-678,-57,-746,-1466,-1688,-785,-1200,-285
-359,-319,653,-629,-661,-40,-751,-1455,-1691,-785,-1184,-275
-347,-328,643,-627,-647,-27,-762,-1449,-1698,-789,-1173,-267
-342,-339,644,-634,-646,-17,-775,-1440,-1710,-796,-1170,-261
-339,-348,644,-640,-646,-8,-788,-1429,-1720,-802,-1171,-255
-333,-356,641,-643,-642,1,-800,-1424,-1728,-808,-1177,-253
-326,-360,634,-641,-635,8,-811,-1423,-1734,-813,-1184,-252
-317,-366,628,-642,-627,19,-819,-1425,-1737,-819,-1189,-250
-313,-374,629,-650,-628,29,-826,-1434,-1739,-829,-1199,-251
-308,-380,628,-655,-626,37,-833,-1442,-1743,-844,-1209,-253
-300,-382,622,-655,-619,45,-841,-1449,-1747,-861,-1220,-256
-294,-382,616,-654,-613,50,-847,-1453,-1750,-875,-1230,-261
-290,-382,614,-656,-611,54,-852,-1454,-1753,-885,-1239,-270
-285,-382,612,-658,-609,58,-855,-1453,-1752,-888,-1244,-280
-294,-384,626,-672,-626,54,-863,-1463,-1751,-892,-1253,-293
-306,-381,640,-683,-645,45,-869,-1475,-1746,-889,-1262,-304
-316,-377,652,-692,-662,37,-876,-1488,-1741,-884,-1268,-313
-330,-371,667,-702,-682,24,-885,-1501,-1736,-883,-1277,-322
-344,-357,673,-700,-696,7,-889,-1506,-1728,-877,-1285,-329
-354,-340,675,-693,-705,-11,-886,-1502,-1714,-869,-1292,-332
-365,-326,680,-689,-716,-27,-880,-1499,-1698,-860,-1303,-335
-379,-318,693,-694,-733,-41,-872,-1494,-1683,-851,-1317,-338
-390,-309,704,-698,-748,-54,-863,-1485,-1665,-839,-1332,-340
-392,-299,702,-690,-747,-62,-852,-1476,-1646,-826,-1341,-337
-390,-290,699,-683,-743,-66,-845,-1464,-1631,-814,-1348,-331
-385,-288,698,-680,-737,-64,-837,-1450,-1619,-804,-1353,-324
-382,-291,703,-684,-737,-61,-831,-1434,-1607,-792,-1353,-318
-379,-296,710,-690,-738,-56,-826,-1415,-1595,-779,-1352,-314
-371,-303,713,-696,-733,-46,-817,-1392,-1584,-761,-1346,-308
-365,-311,716,-701,-729,-37,-809,-1369,-1576,-747,-1342,-303
-362,-316,719,-703,-728,-33,-805,-1348,-1568,-732,-1340,-301
-361,-319,720,-703,-725,-31,-800,-1326,-1556,-710,-1333,-297
-357,-321,717,-699,-718,-27,-794,-1306,-1542,-690,-1323,-293
-353,-323,712,-693,-710,-24,-788,-1292,-1535,-679,-1316,-294
-339,-323,693,-679,-686,-14,-781,-1271,-1531,-662,-1300,-290
-322,-330,678,-670,-663,1,-778,-1251,-1530,-651,-1283,-288
-309,-339,668,-666,-645,15,-776,-1233,-1529,-640,-1266,-285
-297,-345,654,-659,-626,26,-775,-1213,-1527,-627,-1246,-280
-294,-346,646,-651,-617,28,-777,-1197,-1522,-618,-1229,-277
-299,-343,640,-644,-616,21,-777,-1185,-1515,-613,-1216,-275
-306,-335,632,-631,-614,10,-775,-1178,-1506,-608,-1204,-272
-309,-325,617,-614,-605,0,-770,-1174,-1500,-607,-1190,-270
-315,-313,605,-596,-601,-13,-768,-1177,-1498,-614,-1176,-269
-329,-303,603,-588,-609,-30,-774,-1187,-1500,-627,-1166,-270
-343,-296,605,-585,-621,-46,-784,-1198,-1502,-636,-1158,-271
-353,-292,607,-584,-630,-57,-798,-1210,-1504,-646,-1153,-271
-359,-288,607,-582,-634,-64,-811,-1220,-1502,-658,-1148,-270
-362,-285,605,-580,-637,-70,-820,-1231,-1500,-669,-1141,-269
-370,-283,609,-582,-645,-77,-830,-1243,-1501,-684,-1139,-271
-375,-278,610,-581,-651,-85,-840,-1250,-1507,-697,-1142,-275
-377,-272,606,-577,-652,-91,-845,-1251,-1515,-709,-1145,-278
-378,-264,602,-572,-651,-97,-847,-1250,-1526,-724,-1151,-280
-380,-257,600,-569,-654,-103,-846,-1247,-1540,-743,-1158,-282
-381,-251,599,-567,-656,-108,-843,-1241,-1555,-758,-1164,-285
-393,-249,614,-579,-676,-116,-843,-1245,-1572,-777,-1177,-292
-405,-248,630,-593,-696,-123,-843,-1256,-1585,-791,-1189,-296
-413,-246,641,-602,-711,-129,-847,-1270,-1595,-799,-1196,-296
-423,-244,655,-613,-728,-134,-853,-1289,-1604,-808,-1203,-294
-426,-238,660,-615,-735,-138,-854,-1304,-1608,-814,-1206,-288
-426,-235,662,-618,-737,-137,-851,-1316,-1607,-816,-1206,-279
-426,-236,671,-626,-743,-133,-849,-1331,-1607,-821,-1206,-272
-432,-238,685,-639,-756,-133,-846,-1350,-1607,-828,-1209,-270
-438,-237,696,-647,-768,-135,-844,-1369,-1606,-829,-1211,-267
-437,-232,696,-644,-766,-135,-838,-1378,-1598,-825,-1206,-259
-435,-225,692,-638,-761,-136,-830,-1381,-1593,-828,-1200,-254
-433,-218,687,-630,-756,-137,-825,-1382,-1592,-838,-1198,-255
-431,-214,686,-626,-753,-137,-821,-1385,-1593,-855,-1201,-260
-431,-210,685,-622,-751,-139,-822,-1394,-1594,-874,-1209,-268
-427,-207,680,-614,-744,-138,-822,-1405,-1594,-888,-1213,-274
-428,-204,679,-609,-743,-141,-822,-1415,-1595,-902,-1218,-279
-436,-200,683,-605,-749,-149,-822,-1424,-1596,-915,-1224,-287
-445,-198,688,-603,-756,-157,-824,-1428,-1595,-927,-1232,-296
-450,-200,693,-604,-762,-161,-825,-1427,-1590,-935,-1239,-304
-456,-207,700,-609,-769,-163,-826,-1432,-1587,-943,-1250,-312
-449,-214,695,-605,-761,-156,-823,-1432,-1585,-944,-1255,-316
-441,-225,692,-606,-752,-145,-820,-1433,-1586,-946,-1257,-319
-436,-235,691,-607,-747,-137,-815,-1431,-1584,-950,-1259,-320
-429,-242,681,-600,-735,-131,-810,-1424,-1579,-954,-1260,-321
-424,-248,675,-596,-727,-125,-807,-1416,-1576,-965,-1266,-325
-420,-256,671,-594,-722,-121,-807,-1409,-1576,-980,-1273,-330
-417,-262,665,-591,-717,-117,-806,-1399,-1576,-993,-1278,-335
-412,-267,657,-586,-708,-112,-805,-1385,-1580,-1008,-1280,-339
-411,-272,654,-586,-706,-110,-807,-1373,-1588,-1030,-1284,-343
-422,-276,663,-593,-720,-116,-812,-1366,-1600,-1056,-1293,-352
-436,-278,674,-601,-737,-124,-818,-1362,-1614,-1079,-1299,-361
-449,-281,686,-611,-754,-131,-822,-1359,-1628,-1095,-1305,-370
-459,-282,695,-619,-768,-137,-825,-1356,-1640,-1108,-1309,-379
-466,-284,701,-626,-778,-139,-829,-1353,-1650,-1125,-1313,-388
-479,-283,713,-636,-797,-148,-834,-1355,-1661,-1146,-1319,-397
-493,-277,722,-641,-813,-159,-835,-1355,-1669,-1164,-1326,-404
-500,-269,723,-640,-819,-167,-834,-1354,-1674,-1177,-1333,-413
-503,-260,719,-637,-820,-173,-828,-1357,-1679,-1187,-1341,-420
-509,-247,717,-632,-824,-182,-819,-1360,-1682,-1198,-1348,-427
-513,-234,711,-624,-823,-190,-807,-1361,-1686,-1209,-1352,-435
-526,-223,719,-627,-838,-204,-797,-1367,-1693,-1231,-1364,-446
-543,-211,730,-633,-858,-219,-785,-1372,-1700,-1250,-1377,-455
-559,-203,745,-642,-880,-232,-772,-1377,-1705,-1265,-1386,-464
-579,-199,767,-659,-908,-246,-761,-1385,-1710,-1281,-1396,-474
-591,-198,784,-674,-927,-252,-748,-1390,-1712,-1292,-1404,-481
-597,-199,797,-687,-940,-253,-736,-1390,-1711,-1293,-1405,-483
-603,-200,811,-701,-954,-255,-730,-1389,-1708,-1294,-1405,-482
-614,-200,827,-715,-972,-260,-728,-1390,-1705,-1295,-1409,-481
-624,-198,839,-724,-986,-267,-719,-1390,-1702,-1295,-1412,-478
-622,-192,836,-719,-983,-270,-701,-1379,-1695,-1285,-1408,-468
-618,-186,828,-711,-974,-271,-681,-1364,-1686,-1275,-1400,-457
-614,-180,822,-703,-967,-273,-664,-1351,-1678,-1265,-1387,-445
-614,-175,819,-697,-964,-277,-650,-1341,-1674,-1258,-1375,-434
-618,-166,815,-688,-964,-286,-638,-1333,-1676,-1257,-1367,-425
-620,-155,805,-673,-957,-296,-625,-1322,-1680,-1261,-1357,-415
-621,-149,800,-663,-953,-302,-614,-1313,-1688,-1268,-1347,-408
-626,-146,800,-657,-955,-309,-604,-1308,-1698,-1276,-1340,-405
-633,-144,803,-653,-960,-318,-595,-1303,-1710,-1286,-1336,-403
-641,-141,804,-648,-964,-327,-591,-1304,-1724,-1299,-1335,-401
-650,-141,809,-646,-971,-336,-590,-1310,-1738,-1317,-1338,-404
-647,-141,800,-634,-962,-337,-583,-1310,-1748,-1328,-1334,-403
-638,-146,791,-627,-947,-330,-574,-1306,-1755,-1336,-1331,-403
-630,-158,789,-626,-938,-321,-563,-1301,-1759,-1342,-1332,-403
-618,-170,782,-624,-924,-307,-550,-1292,-1759,-1343,-1329,-403
-607,-185,780,-628,-914,-293,-542,-1285,-1762,-1349,-1330,-406
-603,-196,780,-630,-910,-285,-538,-1279,-1770,-1362,-1335,-415
-603,-201,778,-626,-907,-284,-539,-1273,-1778,-1370,-1340,-421
-599,-203,771,-619,-899,-282,-544,-1266,-1787,-1375,-1343,-424
-593,-211,766,-618,-892,-274,-550,-1264,-1798,-1385,-1350,-432
-594,-223,774,-628,-898,-267,-556,-1269,-1810,-1400,-1361,-446
-598,-232,783,-638,-908,-264,-558,-1273,-1823,-1415,-1376,-461
-601,-239,790,-646,-915,-261,-556,-1275,-1836,-1426,-1392,-476
-600,-242,789,-648,-915,-257,-553,-1271,-1849,-1432,-1405,-488
-597,-242,784,-645,-912,-254,-549,-1263,-1859,-1438,-1416,-497
-601,-241,786,-647,-918,-256,-545,-1260,-1870,-1448,-1434,-510
-605,-236,786,-647,-922,-258,-541,-1253,-1881,-1456,-1450,-523
-603,-232,781,-645,-920,-257,-539,-1244,-1894,-1463,-1465,-537
-599,-225,774,-640,-916,-256,-542,-1238,-1908,-1470,-1479,-552
-597,-220,772,-641,-916,-255,-549,-1235,-1921,-1475,-1494,-567
-594,-218,771,-645,-915,-251,-553,-1225,-1929,-1477,-1504,-578
-601,-219,785,-661,-931,-252,-560,-1222,-1938,-1487,-1520,-592
-610,-217,799,-676,-949,-256,-566,-1221,-1945,-1496,-1537,-603
-617,-214,811,-688,-963,-260,-571,-1218,-1952,-1500,-1551,-612
-629,-211,828,-704,-984,-267,-577,-1222,-1964,-1509,-1569,-622
-637,-210,842,-719,-999,-270,-582,-1226,-1973,-1518,-1583,-629
-642,-209,854,-732,-1011,-272,-585,-1228,-1983,-1526,-1591,-633
-651,-208,868,-746,-1027,-277,-588,-1228,-1990,-1536,-1601,-637
-665,-204,886,-760,-1048,-288,-590,-1229,-1996,-1544,-1615,-643
-675,-202,900,-771,-1064,-295,-586,-1228,-2000,-1547,-1627,-646
-672,-200,900,-773,-1061,-294,-571,-1218,-1996,-1541,-1629,-639
-663,-202,897,-773,-1053,-287,-552,-1205,-1991,-1533,-1627,-631
-654,-204,895,-774,-1044,-279,-534,-1192,-1991,-1528,-1625,-626
-648,-209,897,-778,-1041,-273,-516,-1179,-1994,-1526,-1624,-623
-644,-216,901,-784,-1039,-267,-499,-1169,-1998,-1527,-1626,-623
-636,-220,898,-781,-1030,-261,-484,-1156,-2002,-1524,-1625,-623
-634,-221,897,-778,-1027,-261,-475,-1143,-2008,-1526,-1626,-623
-637,-220,897,-772,-1027,-266,-473,-1133,-2016,-1528,-1630,-617
-639,-217,894,-763,-1025,-272,-474,-1123,-2026,-1533,-1635,-608
-641,-213,889,-751,-1021,-279,-468,-1109,-2035,-1530,-1638,-598
-645,-209,884,-739,-1020,-287,-458,-1095,-2041,-1528,-1645,-591
-636,-204,866,-717,-1001,-288,-440,-1073,-2043,-1520,-1644,-580
-621,-204,844,-695,-975,-281,-423,-1049,-2049,-1520,-1643,-571
-607,-204,825,-675,-953,-276,-411,-1029,-2055,-1526,-1644,-568
-593,-203,803,-654,-928,-269,-399,-1006,-2059,-1531,-1642,-566
-585,-204,789,-639,-912,-266,-392,-983,-2066,-1540,-1642,-568
-579,-204,775,-624,-899,-264,-384,-963,-2071,-1552,-1647,-571
-572,-201,758,-607,-883,-263,-370,-946,-2072,-1557,-1648,-571
-564,-198,740,-589,-866,-261,-351,-928,-2067,-1552,-1643,-567
-559,-195,726,-574,-853,-261,-336,-914,-2065,-1554,-1638,-564
-564,-195,725,-572,-857,-263,-328,-908,-2070,-1566,-1644,-567
-576,-194,731,-574,-869,-271,-327,-906,-2080,-1579,-1652,-572
-593,-189,740,-577,-887,-285,-330,-909,-2093,-1589,-1661,-577
-612,-182,748,-578,-905,-301,-334,-909,-2106,-1595,-1671,-582
-625,-179,756,-585,-920,-309,-339,-904,-2115,-1599,-1676,-583
-640,-181,772,-600,-941,-315,-344,-903,-2123,-1605,-1687,-585
-651,-180,783,-611,-956,-319,-345,-903,-2133,-1612,-1699,-587
-656,-181,791,-622,-966,-319,-343,-902,-2142,-1623,-1708,-589
-659,-182,796,-633,-972,-316,-339,-903,-2151,-1639,-1715,-590
-665,-178,803,-641,-981,-319,-336,-907,-2158,-1658,-1722,-592
-669,-171,806,-646,-987,-322,-331,-906,-2162,-1674,-1726,-594
-681,-168,821,-661,-1005,-328,-331,-910,-2167,-1692,-1736,-596
-694,-164,838,-676,-1025,-335,-329,-911,-2171,-1703,-1745,-597
-704,-160,851,-689,-1042,-342,-325,-907,-2171,-1706,-1748,-595
-719,-153,868,-703,-1064,-353,-321,-904,-2167,-1707,-1751,-593
-730,-144,879,-709,-1078,-363,-311,-896,-2160,-1700,-1750,-589
-735,-131,880,-707,-1083,-373,-300,-888,-2153,-1696,-1753,-583
-742,-115,882,-702,-1088,-386,-291,-883,-2148,-1696,-1763,-580
-755,-97,885,-695,-1098,-405,-285,-881,-2144,-1699,-1777,-579
-764,-79,884,-684,-1102,-421,-279,-881,-2140,-1696,-1792,-577
-761,-61,870,-664,-1090,-431,-267,-878,-2136,-1687,-1800,-573
-753,-46,853,-642,-1071,-435,-252,-873,-2134,-1675,-1802,-569
-745,-33,837,-621,-1053,-440,-235,-867,-2132,-1659,-1804,-566
-740,-21,824,-602,-1039,-446,-220,-861,-2131,-1649,-1805,-564
-738,-11,814,-585,-1028,-454,-210,-856,-2134,-1642,-1810,-565
-729,-4,799,-566,-1010,-455,-197,-846,-2139,-1635,-1810,-566
-723,-1,788,-551,-997,-458,-184,-836,-2145,-1630,-1809,-569
-725,2,785,-540,-993,-465,-173,-830,-2149,-1627,-1809,-571
-730,3,784,-531,-994,-474,-166,-823,-2150,-1625,-1808,-575
-732,5,780,-519,-990,-482,-157,-815,-2149,-1623,-1807,-577
-736,7,775,-506,-988,-490,-150,-808,-2148,-1624,-1810,-580
-729,10,758,-484,-970,-494,-139,-790,-2143,-1617,-1806,-582
-717,8,739,-464,-948,-489,-130,-769,-2141,-1614,-1799,-584
-702,-1,725,-452,-928,-479,-125,-759,-2140,-1612,-1794,-588
-679,-17,708,-443,-902,-458,-120,-748,-2135,-1606,-1784,-590
-663,-35,700,-443,-886,-440,-115,-737,-2132,-1600,-1774,-594
-654,-54,700,-449,-881,-425,-109,-724,-2132,-1602,-1769,-601
-643,-69,695,-450,-872,-410,-103,-710,-2133,-1605,-1764,-610
-629,-79,682,-445,-857,-396,-98,-694,-2134,-1608,-1757,-617
-621,-86,672,-440,-847,-387,-97,-681,-2139,-1617,-1751,-626
-624,-93,674,-445,-853,-384,-102,-676,-2153,-1638,-1752,-643
-628,-99,678,-451,-862,-382,-109,-672,-2168,-1656,-1756,-663
-629,-102,678,-455,-866,-380,-114,-664,-2181,-1667,-1759,-680
-631,-100,674,-456,-868,-379,-121,-656,-2191,-1670,-1762,-692
-631,-98,670,-456,-869,-377,-130,-649,-2200,-1672,-1764,-701
-635,-95,671,-461,-876,-378,-141,-651,-2211,-1681,-1774,-713
-641,-88,670,-463,-882,-382,-151,-655,-2221,-1693,-1785,-725
-642,-80,665,-462,-882,-384,-161,-656,-2228,-1707,-1797,-733
-639,-71,657,-461,-877,-383,-166,-658,-2235,-1720,-1808,-735
-637,-63,652,-462,-875,-382,-165,-659,-2241,-1734,-1820,-735
-636,-54,648,-464,-873,-381,-158,-655,-2245,-1745,-1831,-732
-641,-50,656,-476,-883,-383,-156,-654,-2250,-1757,-1848,-732
-648,-39,661,-482,-892,-390,-155,-653,-2256,-1766,-1866,-729
-650,-28,660,-483,-893,-395,-149,-647,-2259,-1772,-1879,-723
-653,-17,662,-486,-897,-401,-143,-642,-2262,-1781,-1890,-721
-651,-8,660,-486,-893,-403,-133,-634,-2264,-1784,-1898,-718
-646,-1,656,-485,-886,-401,-117,-621,-2262,-1780,-1899,-714
-641,4,654,-486,-880,-399,-97,-606,-2257,-1776,-1898,-710
-638,10,653,-485,-876,-400,-74,-594,-2251,-1773,-1899,-708
-633,17,648,-480,-868,-401,-44,-579,-2241,-1765,-1899,-703
-617,23,630,-465,-844,-395,-6,-555,-2226,-1749,-1892,-693
-595,26,609,-449,-813,-383,30,-526,-2213,-1735,-1882,-679
-569,24,588,-435,-780,-367,65,-496,-2201,-1723,-1872,-666
-544,17,571,-426,-750,-348,98,-468,-2191,-1712,-1862,-655
-519,7,556,-419,-721,-327,127,-446,-2183,-1700,-1854,-644
-485,-8,535,-410,-683,-298,150,-421,-2175,-1683,-1839,-631
-452,-27,516,-404,-645,-267,169,-400,-2169,-1670,-1824,-618
-425,-43,502,-398,-616,-242,184,-381,-2162,-1658,-1809,-603
-404,-57,490,-391,-592,-223,203,-359,-2154,-1645,-1796,-588
-386,-70,477,-382,-569,-207,223,-336,-2145,-1633,-1782,-572
-370,-84,468,-377,-550,-191,241,-315,-2136,-1625,-1772,-557
-343,-96,445,-361,-515,-170,259,-288,-2122,-1611,-1756,-537
-309,-109,418,-343,-474,-143,278,-259,-2106,-1595,-1734,-512
-280,-123,394,-328,-437,-118,297,-233,-2090,-1582,-1714,-488
-247,-136,366,-311,-396,-91,316,-209,-2078,-1573,-1697,-464
-222,-148,345,-297,-365,-70,329,-191,-2070,-1572,-1682,-444
-204,-156,329,-286,-343,-55,340,-180,-2067,-1579,-1673,-428
-188,-161,311,-272,-321,-42,353,-165,-2067,-1588,-1665,-412
-166,-166,288,-256,-292,-26,369,-144,-2066,-1593,-1654,-395
-145,-170,267,-242,-266,-11,384,-129,-2065,-1598,-1642,-379
-132,-178,259,-240,-254,4,392,-121,-2069,-1609,-1634,-369
-121,-189,256,-245,-246,19,398,-120,-2074,-1620,-1631,-361
-110,-198,253,-250,-239,33,405,-119,-2078,-1630,-1629,-357
-100,-202,247,-250,-230,45,414,-116,-2080,-1635,-1628,-355
-87,-204,237,-248,-217,56,425,-103,-2076,-1635,-1626,-351
-81,-206,235,-253,-214,65,437,-93,-2075,-1640,-1627,-348
-73,-206,230,-256,-208,73,450,-82,-2073,-1643,-1625,-345
-65,-206,225,-258,-201,81,462,-72,-2069,-1641,-1617,-342
-56,-204,220,-260,-194,89,473,-65,-2064,-1637,-1603,-338
-51,-199,216,-262,-189,93,480,-62,-2062,-1640,-1589,-337
-44,-191,207,-259,-180,97,484,-53,-2061,-1644,-1573,-335
-46,-182,208,-262,-183,94,489,-49,-2059,-1650,-1563,-338
-54,-168,209,-260,-190,83,494,-44,-2054,-1649,-1555,-340
-54,-152,201,-251,-185,76,504,-35,-2044,-1640,-1543,-338
-53,-139,194,-246,-180,73,513,-29,-2038,-1637,-1531,-336
-46,-129,186,-239,-170,73,524,-21,-2031,-1636,-1517,-328
-40,-117,176,-230,-160,73,534,-12,-2027,-1636,-1501,-318
-37,-110,173,-227,-155,73,546,-9,-2025,-1636,-1490,-310
-35,-108,174,-230,-153,75,555,-14,-2024,-1640,-1485,-306
-29,-107,172,-229,-147,80,566,-17,-2023,-1642,-1482,-301
-15,-102,157,-217,-127,86,581,-13,-2017,-1638,-1475,-290
2,-97,138,-200,-101,94,597,-6,-2014,-1638,-1468,-279
19,-92,118,-182,-74,102,614,3,-2013,-1638,-1463,-269
35,-90,100,-167,-50,109,633,14,-2014,-1640,-1457,-261
46,-88,86,-153,-31,114,653,24,-2015,-1645,-1453,-258
64,-85,64,-133,-3,120,672,38,-2015,-1644,-1447,-254
82,-88,46,-117,24,131,687,55,-2015,-1641,-1439,-251
98,-95,34,-109,45,143,700,72,-2015,-1641,-1431,-251
111,-104,26,-105,61,153,709,87,-2014,-1644,-1422,-250
124,-116,20,-102,76,165,719,103,-2010,-1643,-1411,-247
137,-132,18,-105,88,180,727,116,-2008,-1642,-1402,-245
159,-148,8,-104,110,200,738,136,-2004,-1637,-1388,-242
184,-167,-6,-101,138,225,750,159,-2002,-1635,-1371,-240
204,-182,-16,-98,159,244,761,178,-2004,-1639,-1361,-242
225,-194,-30,-92,183,261,774,193,-2009,-1645,-1351,-244
243,-209,-39,-91,201,279,786,205,-2014,-1659,-1345,-251
261,-226,-45,-94,217,297,797,217,-2018,-1673,-1341,-258
278,-240,-54,-94,234,315,809,230,-2019,-1679,-1334,-261
303,-253,-71,-89,261,336,823,239,-2018,-1680,-1324,-263
329,-265,-88,-83,289,358,835,247,-2018,-1680,-1314,-265
346,-281,-92,-90,302,378,843,247,-2021,-1686,-1309,-268
360,-297,-93,-99,311,396,849,240,-2030,-1696,-1311,-272
376,-308,-98,-104,323,413,856,232,-2040,-1708,-1315,-275
391,-315,-108,-103,339,428,866,226,-2047,-1717,-1316,-275
410,-321,-121,-100,358,445,878,228,-2047,-1721,-1310,-272
427,-329,-129,-103,372,463,889,228,-2046,-1726,-1308,-269
447,-336,-141,-103,392,483,900,230,-2044,-1730,-1305,-264
472,-340,-160,-96,421,505,906,235,-2041,-1732,-1302,-257
495,-338,-183,-84,450,522,910,237,-2038,-1729,-1295,-248
511,-331,-204,-70,473,532,913,238,-2038,-1722,-1286,-236
527,-322,-226,-54,497,540,914,245,-2038,-1716,-1272,-222
532,-314,-236,-47,506,543,911,251,-2038,-1715,-1261,-210
530,-303,-242,-41,507,539,914,253,-2038,-1713,-1253,-199
530,-291,-252,-30,514,536,919,259,-2036,-1706,-1241,-184
526,-279,-256,-24,514,531,925,263,-2031,-1694,-1229,-168
525,-268,-266,-14,520,528,936,271,-2020,-1677,-1212,-148
530,-258,-277,-4,531,530,947,280,-2011,-1657,-1189,-126
534,-253,-285,1,539,534,952,285,-2004,-1641,-1165,-105
536,-253,-286,-1,543,541,948,281,-1999,-1628,-1147,-85
542,-254,-291,0,550,549,940,276,-1994,-1614,-1129,-65
557,-249,-310,13,574,560,933,278,-1984,-1595,-1106,-42
576,-246,-333,30,603,574,926,283,-1975,-1579,-1083,-20
597,-245,-355,45,632,589,916,289,-1969,-1573,-1062,0
621,-248,-376,57,663,608,899,289,-1965,-1576,-1044,15
644,-254,-394,66,690,628,871,283,-1967,-1586,-1030,26
670,-257,-417,81,723,647,837,279,-1969,-1591,-1013,38
694,-258,-441,99,755,662,799,271,-1972,-1596,-997,52
711,-259,-460,113,780,673,757,257,-1978,-1604,-983,65
722,-258,-472,125,795,676,709,239,-1987,-1611,-969,76
731,-254,-486,140,809,676,657,219,-1997,-1618,-957,87
741,-251,-500,155,825,677,605,196,-2009,-1628,-948,99
761,-245,-528,181,857,682,560,180,-2018,-1631,-934,115
788,-240,-560,210,895,692,521,170,-2025,-1631,-917,134
808,-236,-585,233,925,699,484,157,-2034,-1633,-904,152
831,-233,-612,257,957,707,450,148,-2047,-1636,-888,172
853,-234,-634,275,986,717,420,141,-2066,-1643,-872,192
874,-237,-653,289,1011,728,396,138,-2085,-1650,-856,213
896,-239,-672,305,1038,739,376,138,-2100,-1652,-838,236
922,-241,-696,322,1071,753,362,139,-2113,-1650,-818,261
947,-242,-719,340,1103,767,349,138,-2123,-1652,-798,284
962,-247,-728,345,1119,777,334,132,-2136,-1662,-786,300
971,-256,-727,340,1125,787,320,126,-2147,-1668,-780,312
981,-265,-725,333,1131,798,307,121,-2157,-1677,-780,320
993,-275,-724,326,1138,811,294,114,-2164,-1692,-784,326
1007,-285,-724,319,1149,828,286,107,-2167,-1706,-788,331
1012,-295,-717,306,1149,838,280,95,-2172,-1723,-799,333
1015,-302,-707,293,1145,847,275,85,-2177,-1736,-812,334
1017,-309,-698,280,1142,856,270,77,-2188,-1752,-825,331
1020,-314,-693,270,1142,864,265,68,-2208,-1774,-839,325
1017,-312,-687,263,1137,865,254,57,-2232,-1801,-853,316
1009,-305,-681,260,1129,860,240,49,-2260,-1824,-862,306
992,-299,-666,249,1109,850,224,35,-2294,-1852,-875,291
968,-290,-647,238,1081,834,209,18,-2330,-1875,-892,275
947,-284,-629,225,1056,822,198,2,-2363,-1891,-902,262
924,-283,-604,205,1024,812,185,-16,-2398,-1909,-914,249
904,-283,-581,185,995,804,174,-35,-2432,-1926,-926,237
888,-285,-562,168,971,800,166,-54,-2465,-1950,-940,228
869,-287,-541,149,945,795,159,-77,-2494,-1977,-954,218
849,-291,-517,127,914,789,156,-102,-2519,-1999,-970,208
831,-294,-497,109,888,782,161,-123,-2537,-2013,-987,197
824,-293,-494,106,879,780,170,-135,-2549,-2021,-996,190
820,-291,-495,108,876,778,183,-139,-2561,-2026,-999,185
814,-286,-497,112,871,771,197,-138,-2575,-2029,-1001,183
801,-281,-494,114,860,760,212,-135,-2590,-2034,-1003,182
780,-275,-483,113,837,741,223,-134,-2609,-2041,-1006,182
760,-264,-479,120,820,719,235,-125,-2625,-2040,-1004,185
738,-253,-474,128,801,694,248,-111,-2637,-2036,-999,188
711,-239,-466,134,775,664,262,-97,-2648,-2033,-994,187
679,-223,-456,144,747,629,275,-80,-2659,-2037,-994,183
649,-202,-452,159,724,591,291,-58,-2667,-2039,-995,178
616,-179,-447,176,698,550,303,-42,-2673,-2047,-1001,171
592,-158,-450,197,685,515,313,-26,-2676,-2053,-1004,164
577,-143,-455,215,678,491,318,-8,-2682,-2066,-1004,156
560,-134,-451,225,665,468,320,7,-2693,-2090,-1005,145
548,-126,-451,234,657,450,322,23,-2704,-2112,-1004,135
536,-120,-449,243,649,433,319,37,-2717,-2134,-1003,124
522,-112,-446,250,639,413,317,51,-2728,-2155,-1003,111
509,-100,-447,262,631,392,316,65,-2736,-2169,-999,101
496,-81,-455,282,629,367,315,83,-2742,-2181,-991,95
484,-62,-462,302,627,342,309,100,-2748,-2194,-985,88
465,-48,-457,309,613,317,298,111,-2757,-2211,-984,80
446,-35,-449,312,595,293,290,120,-2765,-2222,-985,76
430,-21,-444,316,582,271,286,127,-2767,-2224,-985,76
415,-5,-441,323,571,250,285,134,-2764,-2223,-985,80
402,12,-442,333,565,229,285,144,-2761,-2215,-982,87
385,28,-434,335,549,207,284,153,-2761,-2208,-984,91
368,46,-430,340,536,185,284,164,-2758,-2195,-985,96
355,64,-429,346,528,166,287,177,-2755,-2179,-982,102
347,82,-432,355,525,151,294,193,-2752,-2165,-977,109
337,100,-434,362,520,135,299,208,-2749,-2155,-972,117
328,116,-435,368,515,121,301,223,-2745,-2142,-963,125
311,130,-426,365,497,104,301,231,-2745,-2134,-959,130
287,146,-412,360,472,82,303,238,-2747,-2130,-960,132
265,164,-403,360,451,59,309,253,-2747,-2124,-957,134
237,182,-388,357,422,32,314,265,-2753,-2124,-958,132
208,201,-375,356,395,4,318,272,-2759,-2130,-958,130
184,220,-366,359,372,-21,322,278,-2763,-2134,-956,131
158,236,-354,358,346,-45,326,282,-2762,-2137,-954,133
129,250,-337,353,315,-71,328,284,-2758,-2138,-954,135
103,264,-324,351,287,-95,330,288,-2755,-2141,-952,136
84,280,-321,359,272,-116,340,301,-2753,-2142,-945,143
70,295,-323,371,263,-133,353,314,-2752,-2143,-936,152
52,310,-322,381,249,-154,363,320,-2756,-2147,-928,160
27,328,-319,392,229,-182,368,321,-2766,-2146,-921,168
-6,350,-310,404,199,-219,371,314,-2781,-2148,-918,172
-34,371,-308,420,179,-252,380,311,-2794,-2147,-911,176
-61,390,-304,433,156,-284,387,306,-2808,-2148,-902,179
-97,409,-293,444,124,-322,385,295,-2827,-2155,-898,181
-139,430,-278,453,85,-365,378,282,-2848,-2169,-899,180
-178,452,-267,464,50,-408,374,272,-2866,-2177,-900,180
-218,472,-254,475,14,-451,374,266,-2881,-2182,-904,180
-252,492,-247,488,-14,-488,378,264,-2892,-2183,-907,183
-278,507,-242,500,-36,-518,378,265,-2901,-2182,-905,188
-307,518,-231,505,-64,-548,376,263,-2912,-2189,-906,188
-330,529,-224,513,-83,-573,376,263,-2924,-2199,-905,189
-352,538,-218,520,-103,-596,371,266,-2941,-2215,-905,187
-374,546,-208,523,-125,-619,362,266,-2961,-2239,-912,182
-393,554,-200,526,-143,-638,354,263,-2985,-2268,-922,175
-406,562,-198,534,-154,-655,345,260,-3008,-2291,-928,166
-418,570,-197,541,-162,-669,336,259,-3031,-2315,-933,154
-439,580,-187,543,-183,-691,320,252,-3062,-2344,-945,134
-467,594,-174,545,-210,-719,299,236,-3100,-2380,-963,108
-495,612,-161,549,-238,-749,280,218,-3142,-2417,-987,82
-523,630,-148,552,-265,-779,266,206,-3181,-2451,-1010,60
-547,646,-137,555,-287,-804,258,201,-3216,-2478,-1029,42
-575,657,-116,545,-319,-829,247,187,-3251,-2511,-1055,24
-602,667,-93,535,-351,-852,230,162,-3289,-2549,-1084,8
-631,679,-71,524,-384,-876,211,133,-3330,-2586,-1111,-7
-657,690,-50,514,-414,-899,193,103,-3369,-2621,-1137,-22
-685,701,-27,501,-446,-922,175,70,-3409,-2654,-1165,-38
-715,713,-2,489,-480,-948,161,40,-3447,-2685,-1194,-56
-760,729,33,471,-532,-986,145,11,-3484,-2720,-1225,-78
-813,748,72,452,-592,-1032,132,-14,-3521,-2753,-1261,-104
-864,771,106,441,-646,-1079,128,-28,-3556,-2781,-1295,-127
-915,791,142,425,-703,-1125,126,-41,-3591,-2805,-1333,-153
-963,812,174,413,-755,-1169,127,-55,-3624,-2824,-1370,-180
-1007,832,202,404,-802,-1210,133,-66,-3656,-2843,-1405,-203
-1047,846,231,390,-847,-1244,141,-75,-3684,-2864,-1439,-227
-1085,853,263,371,-893,-1274,149,-88,-3709,-2882,-1473,-251
-1118,859,292,353,-935,-1299,158,-101,-3729,-2891,-1503,-274
-1138,865,307,346,-958,-1317,172,-106,-3740,-2888,-1524,-292
-1148,870,313,343,-970,-1327,193,-103,-3749,-2885,-1539,-304
-1155,868,321,336,-981,-1331,218,-95,-3756,-2885,-1547,-313
-1155,860,328,326,-987,-1327,243,-84,-3758,-2878,-1548,-319
-1154,849,337,313,-994,-1320,266,-72,-3754,-2868,-1548,-321
-1140,835,335,306,-985,-1304,294,-51,-3743,-2848,-1539,-317
-1120,817,331,298,-970,-1280,323,-26,-3729,-2826,-1525,-311
-1097,795,327,289,-954,-1252,350,2,-3713,-2806,-1508,-300
-1074,773,323,279,-938,-1225,373,33,-3695,-2786,-1491,-286
-1048,751,316,273,-916,-1194,392,64,-3675,-2763,-1470,-269
-1020,730,305,270,-891,-1164,408,91,-3660,-2745,-1454,-255
-982,714,281,279,-851,-1130,427,116,-3643,-2726,-1434,-240
-939,699,249,295,-801,-1093,445,143,-3625,-2703,-1408,-226
-899,682,223,306,-757,-1058,461,163,-3607,-2682,-1384,-212
-856,666,193,319,-709,-1020,484,190,-3586,-2659,-1357,-197
-818,650,168,329,-667,-986,505,221,-3565,-2640,-1332,-183
-790,636,151,335,-637,-959,526,254,-3549,-2628,-1310,-173
-767,625,135,343,-610,-938,547,286,-3537,-2620,-1290,-165
-743,619,114,356,-579,-919,569,317,-3529,-2617,-1269,-159
-722,612,97,366,-552,-901,586,342,-3523,-2618,-1250,-157
-712,605,91,368,-541,-890,596,358,-3520,-2619,-1237,-160
-711,600,94,364,-541,-886,601,367,-3520,-2616,-1230,-165
-717,598,98,362,-546,-889,604,372,-3521,-2614,-1226,-171
-723,599,102,360,-551,-894,610,372,-3524,-2616,-1225,-179
-724,597,103,358,-550,-893,620,377,-3526,-2614,-1221,-187
-732,592,115,346,-562,-895,630,378,-3531,-2615,-1225,-198
-741,587,126,334,-575,-898,640,378,-3534,-2617,-1232,-211
-749,588,132,328,-583,-903,649,379,-3534,-2618,-1236,-224
-757,593,135,326,-590,-912,658,380,-3531,-2616,-1236,-235
-768,598,140,324,-600,-922,667,382,-3530,-2613,-1234,-245
-775,603,142,322,-606,-929,678,388,-3528,-2609,-1227,-252
-789,607,153,314,-622,-940,685,391,-3530,-2609,-1222,-258
-811,614,169,304,-647,-959,690,391,-3531,-2609,-1222,-263
-824,623,175,302,-661,-972,701,397,-3528,-2601,-1216,-260
-839,633,182,300,-676,-988,715,403,-3523,-2591,-1210,-256
-851,644,186,301,-687,-1002,732,415,-3514,-2574,-1203,-250
-859,655,186,304,-693,-1013,749,430,-3504,-2556,-1192,-239
-865,662,188,305,-699,-1021,766,446,-3494,-2539,-1180,-227
-874,667,194,301,-710,-1029,782,455,-3487,-2526,-1171,-215
-881,671,200,297,-719,-1036,798,460,-3481,-2515,-1165,-202
-882,681,194,306,-717,-1042,818,470,-3473,-2501,-1157,-186
-880,692,183,320,-708,-1047,840,485,-3465,-2483,-1144,-165
-874,700,172,331,-697,-1048,860,501,-3458,-2464,-1128,-143
-865,705,160,342,-683,-1044,877,515,-3453,-2449,-1109,-119
-860,711,151,353,-674,-1045,889,526,-3449,-2442,-1091,-98
-852,722,134,372,-657,-1047,901,541,-3446,-2434,-1072,-76
-843,731,116,391,-639,-1046,913,558,-3447,-2433,-1058,-60
-835,738,102,407,-623,-1045,923,577,-3448,-2434,-1045,-46
-830,744,91,421,-613,-1047,933,600,-3446,-2432,-1033,-37
-826,753,79,437,-601,-1049,939,625,-3441,-2425,-1021,-28
-823,759,70,450,-591,-1052,941,642,-3440,-2421,-1015,-24
-814,763,56,465,-575,-1049,944,658,-3439,-2416,-1011,-20
-796,763,37,481,-548,-1037,944,675,-3438,-2408,-1002,-14
-781,759,24,490,-528,-1026,940,687,-3437,-2397,-996,-9
-760,755,6,502,-501,-1010,938,701,-3434,-2384,-986,-3
-742,749,-9,511,-478,-996,938,711,-3429,-2376,-978,0
-732,745,-17,516,-465,-989,941,721,-3424,-2371,-970,1
-725,745,-27,524,-453,-986,948,733,-3420,-2364,-963,2
-714,747,-42,538,-435,-982,953,747,-3420,-2357,-954,0
-702,750,-58,551,-417,-978,956,756,-3425,-2356,-949,-4
-698,748,-63,554,-411,-976,953,763,-3435,-2363,-951,-11
-695,745,-64,553,-409,-973,950,772,-3444,-2373,-959,-18
-691,740,-65,550,-407,-969,950,782,-3450,-2377,-965,-21
-684,734,-66,545,-402,-960,955,792,-3455,-2378,-967,-22
-672,726,-71,542,-392,-947,961,803,-3458,-2380,-964,-20
-667,718,-67,533,-392,-939,964,807,-3463,-2388,-967,-18
-661,713,-66,527,-390,-931,969,814,-3464,-2392,-971,-14
-652,709,-71,524,-383,-921,978,824,-3463,-2392,-971,-9
-638,704,-78,524,-370,-908,990,835,-3461,-2388,-967,-1
-626,698,-83,520,-361,-894,1000,840,-3462,-2384,-963,5
-612,691,-87,515,-350,-879,1008,845,-3464,-2380,-956,9
-605,682,-83,503,-350,-866,1016,847,-3466,-2378,-950,11
-608,678,-72,490,-361,-864,1017,838,-3470,-2379,-952,11
-611,682,-69,488,-367,-866,1016,828,-3476,-2379,-953,11
-621,688,-63,485,-378,-874,1013,814,-3485,-2381,-959,8
-630,697,-60,487,-388,-885,1012,802,-3497,-2383,-966,6
-637,708,-61,492,-392,-895,1015,796,-3507,-2384,-968,4
-644,717,-61,496,-398,-904,1021,790,-3511,-2381,-969,3
-655,723,-55,494,-410,-914,1028,782,-3511,-2376,-973,5
-665,728,-47,491,-422,-923,1036,777,-3508,-2365,-975,10
-670,737,-51,499,-423,-932,1050,782,-3498,-2340,-967,22
-671,748,-61,513,-417,-939,1069,793,-3484,-2309,-951,36
-672,759,-72,526,-410,-946,1089,806,-3468,-2284,-933,50
-670,767,-83,540,-401,-951,1111,821,-3452,-2267,-917,63
-671,771,-89,548,-397,-955,1132,834,-3441,-2259,-906,71
-668,775,-99,558,-386,-956,1152,855,-3427,-2249,-892,78
-664,775,-106,565,-378,-954,1169,882,-3414,-2242,-875,84
-659,771,-112,568,-370,-949,1188,913,-3403,-2238,-860,89
-657,767,-114,570,-365,-946,1204,942,-3392,-2237,-846,91
-653,760,-117,571,-359,-941,1220,967,-3385,-2238,-832,91
-649,753,-119,571,-354,-934,1237,984,-3384,-2246,-822,88
-636,744,-128,575,-338,-922,1259,1005,-3381,-2250,-810,90
-614,733,-144,581,-311,-901,1286,1037,-3371,-2247,-790,96
-595,718,-154,581,-290,-879,1310,1063,-3362,-2242,-774,100
-572,706,-170,587,-262,-858,1333,1089,-3353,-2236,-756,103
-550,697,-187,595,-235,-838,1353,1112,-3349,-2232,-738,105
-530,686,-201,600,-211,-818,1367,1128,-3354,-2236,-724,102
-511,678,-215,606,-188,-801,1378,1141,-3358,-2240,-708,103
-489,674,-236,619,-159,-784,1389,1158,-3361,-2238,-687,108
-469,673,-257,634,-131,-770,1398,1178,-3363,-2231,-663,114
-456,668,-266,637,-116,-759,1401,1190,-3368,-2227,-645,120
-454,663,-264,633,-116,-754,1396,1195,-3374,-2217,-632,124
-456,664,-263,633,-117,-756,1390,1196,-3383,-2209,-623,127
-457,667,-264,635,-117,-759,1387,1196,-3393,-2206,-615,127
-453,672,-271,642,-110,-760,1390,1200,-3398,-2201,-606,125
-455,674,-268,640,-114,-762,1390,1202,-3402,-2199,-603,118
-457,676,-265,637,-119,-764,1391,1205,-3404,-2192,-604,110
-456,678,-264,637,-120,-764,1395,1210,-3405,-2181,-606,103
-450,679,-266,636,-117,-760,1403,1214,-3401,-2170,-608,97
-447,677,-263,631,-118,-756,1410,1217,-3398,-2161,-612,90
-444,676,-258,624,-122,-753,1417,1222,-3394,-2145,-612,85
-449,673,-244,611,-136,-753,1423,1222,-3391,-2131,-611,81
-461,672,-225,595,-159,-759,1429,1219,-3388,-2124,-615,77
-465,673,-214,587,-171,-761,1439,1220,-3380,-2111,-613,75
-470,672,-202,577,-185,-763,1445,1220,-3373,-2096,-611,74
-473,670,-191,567,-195,-762,1451,1220,-3366,-2080,-608,76
-471,669,-185,561,-200,-759,1458,1221,-3357,-2068,-605,80
-469,666,-178,553,-205,-755,1468,1223,-3348,-2057,-602,84
-473,663,-166,542,-217,-754,1477,1222,-3342,-2049,-600,89
-480,664,-155,536,-229,-759,1487,1225,-3334,-2041,-599,98
-481,670,-156,540,-230,-764,1500,1236,-3324,-2027,-591,112
-476,677,-164,550,-221,-764,1514,1253,-3313,-2010,-579,132
-472,682,-172,559,-213,-765,1528,1273,-3305,-1994,-569,150
-468,687,-179,569,-205,-766,1545,1292,-3297,-1987,-558,166
-468,690,-182,574,-202,-768,1564,1305,-3287,-1984,-552,179
-460,689,-191,582,-190,-764,1585,1318,-3275,-1977,-540,192
-451,686,-200,587,-177,-756,1603,1334,-3263,-1970,-526,202
-445,683,-205,591,-167,-752,1618,1347,-3253,-1965,-511,211
-441,678,-210,594,-160,-748,1624,1358,-3247,-1964,-500,218
-435,672,-215,596,-149,-741,1629,1370,-3240,-1960,-490,223
-429,664,-220,597,-140,-733,1634,1380,-3233,-1957,-485,227
-416,656,-232,602,-121,-720,1639,1392,-3226,-1955,-476,233
-394,648,-253,614,-89,-701,1644,1409,-3218,-1957,-461,239
-377,638,-267,619,-66,-684,1647,1422,-3213,-1964,-450,241
-357,628,-284,626,-39,-667,1647,1434,-3205,-1965,-436,244
-336,616,-301,631,-11,-645,1644,1444,-3198,-1965,-423,248
-313,600,-314,631,15,-620,1645,1456,-3194,-1966,-413,248
-289,585,-329,633,43,-595,1648,1475,-3188,-1963,-402,248
-264,573,-346,637,73,-571,1650,1500,-3180,-1953,-386,253
-246,566,-361,644,96,-555,1649,1518,-3174,-1948,-371,256
-240,563,-366,645,104,-550,1642,1523,-3178,-1959,-362,254
-241,563,-366,645,103,-551,1626,1517,-3188,-1975,-358,249
-243,567,-368,648,104,-554,1611,1511,-3197,-1988,-356,244
-243,572,-370,653,105,-557,1597,1508,-3205,-2000,-355,241
-238,577,-378,660,112,-556,1590,1514,-3207,-2004,-351,241
-236,580,-379,661,112,-557,1587,1521,-3205,-2008,-351,239
-234,583,-379,661,112,-555,1585,1523,-3202,-2002,-354,240
-231,588,-380,663,112,-555,1578,1523,-3201,-1994,-355,243
-225,593,-384,666,116,-554,1570,1523,-3202,-1987,-353,248
-225,600,-385,669,113,-558,1564,1522,-3206,-1979,-348,252
-230,612,-384,674,105,-568,1558,1524,-3208,-1972,-342,256
-243,623,-376,673,88,-582,1552,1520,-3209,-1967,-335,257
-261,633,-360,667,61,-600,1547,1506,-3209,-1965,-332,256
-273,643,-353,667,45,-614,1544,1501,-3205,-1953,-324,257
-286,652,-342,663,26,-627,1537,1497,-3200,-1941,-318,257
-297,660,-333,660,9,-639,1529,1493,-3196,-1930,-313,257
-305,665,-326,657,-4,-648,1521,1493,-3190,-1917,-305,259
-314,667,-316,650,-19,-655,1513,1496,-3180,-1903,-296,263
-327,670,-303,642,-38,-665,1505,1498,-3171,-1891,-292,267
-336,673,-295,638,-52,-674,1499,1500,-3161,-1881,-290,271
-335,678,-300,644,-48,-677,1498,1504,-3148,-1868,-282,282
-324,681,-314,654,-32,-672,1498,1510,-3135,-1856,-268,295
-310,679,-327,661,-14,-662,1500,1515,-3121,-1845,-250,308
-297,679,-341,669,5,-653,1505,1525,-3106,-1831,-230,323
-290,679,-350,675,17,-649,1509,1532,-3093,-1823,-213,336
-277,681,-367,687,38,-643,1517,1545,-3082,-1822,-194,349
-267,683,-383,699,58,-637,1520,1559,-3073,-1824,-174,360
-261,684,-393,707,72,-635,1520,1567,-3066,-1825,-155,368
-258,683,-400,712,81,-633,1518,1570,-3058,-1828,-140,373
-256,686,-409,720,92,-634,1520,1575,-3051,-1835,-128,375
-256,689,-414,726,98,-636,1522,1573,-3047,-1845,-125,374
-256,694,-425,737,109,-640,1521,1570,-3043,-1847,-124,374
-246,699,-445,754,132,-637,1519,1574,-3039,-1844,-118,375
-240,698,-455,761,147,-633,1516,1577,-3038,-1848,-115,372
-230,697,-467,768,164,-625,1517,1585,-3033,-1847,-107,371
-220,692,-477,773,181,-616,1518,1593,-3027,-1844,-99,370
-212,684,-482,772,192,-605,1518,1596,-3022,-1842,-94,365
-201,676,-489,771,206,-592,1522,1603,-3014,-1836,-86,361
-185,670,-503,777,228,-577,1528,1617,-3001,-1823,-74,360
-168,664,-517,784,250,-562,1535,1636,-2986,-1809,-58,361
-160,655,-518,779,257,-551,1535,1651,-2978,-1801,-46,359
-164,648,-509,769,249,-549,1530,1661,-2976,-1799,-39,354
-170,647,-504,765,242,-551,1528,1671,-2973,-1795,-35,351
-174,644,-498,759,234,-552,1528,1685,-2966,-1791,-33,348
-170,638,-496,754,234,-545,1528,1701,-2956,-1788,-29,348
-167,626,-485,739,227,-535,1525,1705,-2951,-1793,-28,345
-162,613,-476,724,223,-522,1522,1709,-2945,-1793,-27,345
-148,599,-474,713,229,-502,1521,1720,-2929,-1782,-19,351
-126,586,-480,707,244,-478,1529,1739,-2900,-1763,-2,363
-103,573,-487,703,263,-453,1541,1767,-2866,-1742,14,374
-82,565,-495,702,279,-433,1553,1809,-2824,-1720,32,383
-68,559,-498,699,287,-419,1567,1863,-2773,-1696,50,388
-65,558,-494,694,284,-414,1584,1921,-2714,-1668,65,390
-59,561,-500,699,290,-411,1605,1992,-2645,-1628,86,397
-56,566,-501,702,291,-411,1626,2069,-2569,-1584,106,403
-52,571,-505,707,294,-411,1652,2153,-2483,-1530,127,409
-40,573,-515,714,307,-404,1683,2243,-2386,-1469,151,418
-24,570,-524,718,323,-390,1714,2331,-2279,-1402,174,428
-5,562,-531,717,339,-372,1746,2414,-2166,-1327,196,438
14,551,-537,714,356,-352,1780,2496,-2044,-1240,220,449
46,537,-552,715,387,-322,1822,2586,-1909,-1136,257,466
87,521,-576,721,430,-284,1865,2680,-1771,-1025,303,489
132,505,-605,730,480,-244,1904,2773,-1633,-910,355,513
181,489,-638,742,536,-202,1935,2856,-1495,-785,415,544
231,469,-670,751,592,-156,1955,2921,-1356,-654,480,582
295,448,-715,769,666,-101,1973,2977,-1214,-507,561,630
366,422,-762,785,747,-37,1989,3024,-1065,-343,653,688
441,391,-811,799,832,32,1997,3062,-910,-165,753,756
520,359,-862,814,921,104,1998,3104,-742,27,866,832
604,329,-920,834,1017,180,1999,3161,-558,235,988,915
687,303,-982,860,1116,252,2004,3233,-363,454,1118,1000
775,285,-1056,900,1226,321,2009,3320,-152,686,1260,1092
871,272,-1145,952,1351,394,2013,3425,76,934,1419,1195
962,258,-1227,999,1468,463,2013,3535,313,1188,1583,1301
1054,246,-1312,1049,1588,532,2013,3653,563,1457,1756,1413
1146,235,-1397,1099,1707,600,2012,3777,823,1736,1936,1529
1230,225,-1477,1147,1818,662,2007,3905,1092,2019,2120,1648
1315,219,-1561,1200,1932,722,2002,4031,1363,2303,2308,1769
1406,216,-1652,1259,2054,785,1996,4155,1636,2592,2508,1895
1499,215,-1748,1322,2181,847,1990,4281,1915,2895,2723,2031
1586,214,-1837,1382,2299,905,1982,4409,2202,3212,2949,2177
1671,213,-1923,1438,2412,962,1973,4544,2498,3547,3184,2330
1759,213,-2012,1497,2530,1020,1966,4689,2810,3901,3432,2493
1846,217,-2103,1560,2648,1075,1962,4845,3139,4280,3692,2667
1937,229,-2205,1634,2775,1127,1960,5017,3483,4685,3968,2851
2023,244,-2305,1709,2898,1175,1956,5188,3836,5103,4254,3041
2108,266,-2408,1791,3022,1217,1951,5365,4201,5534,4548,3239
2188,296,-2515,1881,3144,1250,1948,5549,4578,5976,4851,3445
2261,336,-2622,1976,3261,1272,1950,5737,4964,6432,5166,3658
2323,384,-2726,2075,3368,1281,1951,5923,5355,6897,5489,3873
2373,443,-2830,2182,3468,1275,1948,6111,5758,7383,5820,4094
2411,513,-2930,2292,3557,1255,1940,6297,6172,7879,6156,4321
2430,593,-3022,2404,3628,1215,1927,6475,6590,8379,6493,4549
2445,681,-3117,2524,3699,1167,1914,6648,7005,8881,6838,4782
2452,769,-3206,2638,3761,1114,1898,6799,7401,9364,7177,5011
2454,859,-3290,2752,3816,1056,1886,6925,7771,9816,7504,5234
2448,954,-3372,2868,3865,988,1878,7028,8109,10222,7814,5447
2426,1054,-3444,2979,3898,908,1873,7105,8406,10572,8099,5645
2389,1153,-3501,3081,3910,818,1868,7147,8653,10855,8349,5825
2336,1257,-3547,3179,3905,714,1862,7152,8839,11066,8562,5982
2276,1367,-3594,3282,3898,601,1856,7128,8963,11206,8741,6120
2210,1480,-3640,3387,3884,482,1851,7079,9027,11271,8885,6237
2129,1595,-3674,3486,3854,351,1847,7009,9039,11259,8989,6331
2034,1711,-3697,3578,3808,211,1846,6930,9003,11179,9052,6401
1920,1827,-3701,3659,3736,58,1844,6838,8925,11040,9073,6443
1796,1943,-3699,3737,3654,-102,1843,6738,8809,10853,9063,6467
1662,2058,-3685,3807,3558,-268,1834,6617,8643,10608,9018,6468
1518,2169,-3659,3867,3446,-438,1810,6465,8431,10314,8940,6452
1370,2272,-3622,3915,3325,-604,1761,6281,8180,9989,8836,6425
1229,2367,-3585,3959,3209,-761,1689,6070,7907,9652,8720,6395
1100,2452,-3550,3998,3102,-903,1591,5835,7620,9313,8591,6363
993,2527,-3528,4039,3018,-1024,1473,5581,7330,8986,8459,6334
918,2593,-3528,4089,2969,-1118,1328,5312,7037,8676,8337,6314
860,2649,-3536,4137,2936,-1194,1147,5008,6734,8373,8217,6299
826,2698,-3560,4191,2930,-1248,930,4669,6417,8080,8104,6294
814,2736,-3593,4244,2945,-1281,675,4293,6079,7790,7998,6297
816,2763,-3629,4291,2970,-1297,383,3878,5714,7494,7892,6302
833,2781,-3669,4335,3008,-1298,56,3430,5322,7194,7786,6309
869,2790,-3719,4377,3066,-1279,-304,2949,4897,6879,7680,6317
914,2790,-3765,4412,3126,-1248,-693,2434,4434,6540,7566,6320
954,2778,-3794,4425,3172,-1213,-1106,1881,3932,6164,7431,6310
983,2759,-3802,4419,3196,-1181,-1542,1298,3393,5752,7270,6283
1002,2736,-3795,4399,3203,-1152,-1995,697,2826,5310,7084,6237
1007,2712,-3771,4366,3190,-1132,-2456,79,2230,4832,6868,6164
1000,2689,-3734,4324,3161,-1121,-2913,-549,1614,4326,6626,6062
968,2662,-3667,4258,3095,-1124,-3358,-1187,976,3784,6345,5929
906,2636,-3571,4172,2989,-1147,-3778,-1828,324,3206,6025,5758
819,2609,-3445,4065,2847,-1186,-4170,-2464,-339,2597,5663,5552
708,2582,-3297,3942,2674,-1242,-4529,-3087,-1008,1959,5261,5310
568,2556,-3118,3798,2462,-1317,-4863,-3702,-1688,1294,4823,5036
402,2533,-2917,3642,2217,-1411,-5179,-4310,-2383,610,4357,4734
208,2514,-2692,3471,1938,-1527,-5482,-4917,-3105,-99,3862,4405
-19,2500,-2440,3287,1619,-1667,-5774,-5531,-3861,-842,3335,4050
-259,2492,-2180,3101,1286,-1821,-6054,-6149,-4655,-1615,2788,3679
-520,2486,-1903,2905,927,-1990,-6327,-6779,-5498,-2420,2220,3293
-797,2484,-1616,2706,552,-2172,-6589,-7417,-6382,-3242,1641,2902
-1080,2486,-1328,2510,170,-2361,-6841,-8062,-7298,-4064,1063,2514
-1375,2490,-1033,2312,-223,-2560,-7089,-8718,-8250,-4885,484,2128
-1683,2498,-731,2112,-631,-2771,-7336,-9389,-9237,-5707,-99,1739
-2004,2516,-427,1919,-1048,-2997,-7579,-10067,-10251,-6527,-686,1349
-2331,2544,-131,1741,-1464,-3234,-7813,-10742,-11286,-7334,-1269,959
-2664,2584,157,1577,-1879,-3484,-8034,-11408,-12336,-8130,-1843,569
-3011,2636,445,1422,-2303,-3751,-8242,-12057,-13390,-8917,-2411,180
-3364,2698,727,1278,-2728,-4029,-8433,-12669,-14423,-9682,-2970,-203
-3725,2768,1008,1143,-3157,-4319,-8604,-13231,-15410,-10406,-3514,-579
-4080,2846,1273,1025,-3572,-4610,-8752,-13724,-16324,-11063,-4029,-939
-4428,2927,1527,916,-3974,-4898,-8879,-14142,-17147,-11647,-4510,-1276
-4764,3007,1769,817,-4361,-5179,-8983,-14479,-17872,-12159,-4957,-1593
-5087,3091,1994,732,-4727,-5453,-9070,-14735,-18495,-12597,-5367,-1891
-5387,3179,2191,668,-5059,-5713,-9142,-14912,-19014,-12957,-5733,-2161
-5657,3263,2363,619,-5355,-5952,-9204,-15023,-19435,-13238,-6054,-2398
-5891,3342,2503,588,-5605,-6163,-9257,-15075,-19762,-13447,-6331,-2606
-6079,3410,2608,573,-5801,-6336,-9299,-15063,-20004,-13592,-6562,-2785
-6234,3460,2702,552,-5967,-6474,-9334,-15005,-20171,-13688,-6758,-2943
-6351,3494,2773,534,-6094,-6576,-9354,-14906,-20265,-13737,-6918,-3078
-6434,3514,2827,518,-6184,-6646,-9362,-14774,-20296,-13742,-7046,-3193
-6488,3519,2868,500,-6247,-6686,-9357,-14610,-20271,-13710,-7145,-3290
-6508,3512,2890,483,-6275,-6695,-9338,-14410,-20190,-13638,-7210,-3366
-6489,3492,2889,472,-6260,-6669,-9300,-14174,-20057,-13524,-7237,-3417
-6433,3456,2869,461,-6208,-6607,-9245,-13915,-19877,-13375,-7230,-3445
-6350,3403,2841,442,-6133,-6516,-9176,-13640,-19657,-13202,-7201,-3458
-6245,3338,2807,417,-6038,-6401,-9090,-13350,-19398,-13001,-7151,-3458
-6116,3264,2760,393,-5918,-6263,-8986,-13040,-19100,-12769,-7077,-3445
-5963,3178,2704,366,-5776,-6102,-8859,-12706,-18762,-12507,-6978,-3418
-5784,3083,2634,340,-5608,-5916,-8710,-12349,-18384,-12217,-6855,-3376
-5596,2982,2562,311,-5432,-5721,-8548,-11979,-17974,-11907,-6719,-3323
-5401,2882,2484,285,-5247,-5521,-8371,-11590,-17534,-11578,-6570,-3259
-5199,2783,2401,264,-5054,-5317,-8175,-11182,-17068,-11236,-6408,-3186
-4994,2684,2313,245,-4856,-5110,-7960,-10764,-16585,-10887,-6236,-3105
-4789,2586,2227,225,-4659,-4905,-7734,-10340,-16090,-10535,-6059,-3022
-4586,2487,2143,205,-4465,-4700,-7498,-9906,-15584,-10171,-5875,-2936
-4389,2386,2067,178,-4281,-4498,-7257,-9470,-15074,-9809,-5691,-2850
-4206,2286,2003,145,-4114,-4306,-7012,-9044,-14565,-9456,-5513,-2770
-4023,2189,1934,119,-3944,-4117,-6756,-8619,-14053,-9104,-5329,-2688
-3849,2096,1869,94,-3783,-3937,-6494,-8199,-13543,-8754,-5145,-2605
-3677,2005,1800,74,-3621,-3759,-6226,-7789,-13034,-8407,-4958,-2521
-3500,1920,1719,67,-3449,-3584,-5954,-7387,-12526,-8062,-4768,-2432
-3325,1835,1635,65,-3275,-3410,-5680,-6992,-12024,-7720,-4578,-2340
-3157,1752,1554,63,-3109,-3242,-5406,-6601,-11528,-7380,-4389,-2243
-2994,1672,1471,66,-2946,-3082,-5129,-6210,-11039,-7039,-4199,-2138
-2830,1600,1374,85,-2773,-2925,-4850,-5819,-10557,-6699,-4007,-2027
-2664,1534,1266,117,-2593,-2774,-4569,-5427,-10084,-6363,-3807,-1909
-2502,1471,1156,154,-2414,-2627,-4289,-5036,-9621,-6032,-3605,-1789
-2344,1411,1043,195,-2236,-2485,-4006,-4643,-9169,-5708,-3404,-1671
-2194,1351,936,234,-2069,-2350,-3725,-4254,-8725,-5393,-3206,-1557
-2044,1295,822,280,-1897,-2217,-3444,-3867,-8289,-5084,-3006,-1440
-1900,1240,711,327,-1730,-2089,-3162,-3483,-7860,-4777,-2803,-1321
-1763,1185,606,369,-1574,-1966,-2883,-3101,-7438,-4475,-2602,-1202
-1637,1130,510,407,-1430,-1851,-2603,-2720,-7026,-4179,-2407,-1086
-1518,1080,416,446,-1293,-1743,-2325,-2339,-6625,-3891,-2214,-974
-1407,1034,327,485,-1164,-1643,-2048,-1964,-6237,-3616,-2031,-869
-1300,991,240,525,-1039,-1549,-1771,-1593,-5859,-3354,-1853,-767
-1188,952,146,572,-905,-1452,-1493,-1224,-5491,-3102,-1673,-668
-1088,913,66,608,-789,-1364,-1225,-872,-5143,-2873,-1508,-578
-998,881,-10,646,-682,-1286,-964,-530,-4812,-2659,-1353,-495
-912,850,-79,679,-581,-1211,-711,-202,-4502,-2462,-1210,-422
-830,818,-138,704,-489,-1136,-469,103,-4216,-2287,-1082,-360
-750,787,-195,727,-399,-1063,-237,390,-3952,-2129,-965,-306
-668,760,-253,751,-308,-991,-14,664,-3704,-1983,-854,-258
-586,733,-308,772,-217,-918,201,922,-3470,-1851,-750,-214
-511,703,-350,781,-140,-847,403,1159,-3254,-1734,-659,-178
-448,677,-379,782,-77,-785,589,1372,-3059,-1633,-583,-151
-392,659,-407,787,-21,-734,761,1567,-2883,-1544,-517,-130
-341,647,-432,793,32,-688,922,1744,-2721,-1469,-461,-114
-287,634,-458,797,87,-640,1076,1908,-2569,-1403,-409,-99
-239,618,-472,791,131,-594,1218,2052,-2430,-1345,-367,-87
-196,605,-482,781,169,-551,1347,2180,-2301,-1290,-330,-77
-151,594,-494,774,209,-509,1463,2292,-2184,-1240,-296,-70
-103,582,-508,766,254,-465,1569,2389,-2076,-1197,-265,-62
-57,570,-519,755,294,-421,1662,2472,-1979,-1161,-238,-53
-17,561,-528,746,331,-383,1744,2542,-1890,-1126,-214,-45
15,556,-533,735,358,-354,1815,2601,-1809,-1094,-193,-38
31,554,-526,718,367,-337,1878,2647,-1736,-1070,-183,-32
51,555,-527,709,384,-321,1938,2692,-1663,-1041,-170,-23
67,558,-529,702,398,-309,1992,2731,-1594,-1013,-158,-12
81,562,-532,698,412,-299,2042,2768,-1523,-977,-142,2
100,564,-542,698,435,-285,2092,2810,-1449,-931,-117,20
121,567,-556,702,459,-272,2141,2853,-1380,-877,-91,37
134,568,-564,703,475,-263,2186,2894,-1314,-824,-67,55
145,569,-572,704,489,-256,2227,2935,-1248,-773,-44,75
163,567,-589,711,513,-243,2271,2985,-1179,-715,-14,99
192,558,-613,719,548,-220,2319,3044,-1106,-654,23,129
223,543,-635,723,584,-190,2362,3103,-1032,-594,62,160
254,522,-655,724,618,-159,2402,3165,-956,-528,102,193
281,495,-668,716,644,-125,2440,3226,-878,-459,142,227
314,467,-687,714,678,-87,2482,3295,-799,-386,186,260
346,441,-709,717,713,-53,2526,3364,-723,-313,231,294
371,418,-728,720,741,-24,2571,3434,-654,-247,273,326
388,395,-742,722,761,-2,2615,3503,-594,-190,307,353
405,376,-760,730,782,17,2656,3571,-537,-136,339,374
423,359,-781,741,806,37,2692,3633,-481,-85,370,394
444,339,-803,752,833,60,2729,3695,-424,-30,402,412
477,319,-834,769,874,91,2771,3765,-365,28,441,433
505,293,-855,775,905,123,2810,3829,-314,71,474,446
533,269,-875,782,936,154,2848,3888,-271,106,504,455
557,250,-896,792,964,179,2880,3942,-240,130,530,459
570,238,-909,801,980,193,2904,3994,-220,143,548,457
580,227,-918,807,991,206,2927,4045,-204,151,563,451
593,215,-926,810,1004,220,2946,4097,-189,163,578,445
603,204,-932,811,1013,233,2964,4147,-177,174,594,441
603,197,-925,805,1007,238,2978,4187,-173,175,606,432
594,191,-910,792,990,236,2986,4214,-178,162,609,416
584,190,-896,782,973,231,2994,4231,-183,148,607,403
573,195,-884,777,958,223,2997,4241,-187,134,598,392
565,206,-879,778,948,213,3002,4254,-186,127,590,386
554,214,-866,770,931,204,3002,4260,-186,113,575,378
543,223,-852,761,915,194,2996,4262,-185,98,555,368
535,233,-840,754,901,186,2985,4265,-182,87,535,360
533,242,-832,747,895,183,2969,4269,-180,76,517,353
532,250,-822,738,888,182,2950,4268,-179,67,500,345
529,259,-813,730,881,178,2932,4266,-176,65,488,342
525,269,-802,721,872,174,2916,4264,-169,68,479,341
511,279,-783,706,850,161,2899,4250,-161,70,467,339
499,297,-773,704,838,145,2882,4235,-150,76,462,340
483,317,-764,704,823,125,2858,4216,-138,79,458,342
469,336,-755,704,809,106,2833,4201,-120,90,457,345
460,350,-749,703,801,93,2813,4193,-93,112,468,353
456,357,-742,698,797,87,2796,4187,-63,139,485,365
451,360,-734,691,790,83,2781,4180,-36,164,497,375
445,364,-727,685,784,77,2769,4176,-8,195,506,386
448,366,-729,686,790,78,2765,4184,25,237,520,403
460,366,-740,694,809,85,2766,4202,65,288,542,426
478,361,-754,700,833,100,2771,4225,108,338,569,449
497,351,-766,702,856,118,2777,4253,152,389,598,473
510,340,-774,702,872,133,2781,4276,194,436,624,494
529,329,-788,707,896,151,2785,4296,234,484,651,513
552,315,-805,714,924,173,2788,4318,276,530,679,533
575,297,-820,716,950,199,2791,4345,318,570,706,549
592,278,-828,714,968,221,2788,4377,359,607,730,561
609,258,-836,711,984,243,2785,4414,397,646,751,573
626,238,-843,708,1000,265,2782,4448,430,678,769,582
645,218,-854,707,1019,289,2781,4483,461,708,783,592
673,200,-876,716,1051,317,2787,4526,494,741,806,607
693,182,-890,719,1071,340,2793,4566,521,767,825,619
714,168,-907,726,1095,362,2801,4605,545,789,844,629
736,154,-925,733,1119,383,2804,4638,567,807,864,636
751,142,-937,737,1134,399,2801,4666,581,824,879,639
765,131,-947,740,1148,414,2796,4692,592,837,893,639
782,121,-960,746,1164,430,2791,4717,599,841,909,640
796,113,-971,751,1178,443,2784,4741,602,833,924,640
800,104,-968,745,1176,450,2777,4760,602,813,934,636
795,94,-955,731,1160,452,2767,4774,597,787,934,624
787,89,-942,720,1144,450,2756,4782,587,762,931,608
777,89,-931,712,1127,442,2739,4780,578,737,924,590
767,95,-925,712,1114,430,2722,4775,572,716,922,574
748,104,-912,707,1090,412,2701,4764,565,692,915,555
729,115,-900,704,1067,391,2683,4754,561,668,905,537
714,127,-892,704,1050,373,2669,4747,562,652,895,523
703,138,-886,704,1038,359,2658,4738,566,644,889,513
692,148,-878,702,1025,345,2644,4724,567,637,884,505
682,158,-871,700,1013,333,2629,4711,570,633,883,498
670,167,-860,694,999,319,2615,4698,573,629,882,493
644,177,-835,680,966,297,2598,4677,579,622,877,486
621,192,-820,676,942,273,2584,4661,591,627,877,484
603,204,-806,670,923,255,2570,4647,608,636,879,486
589,213,-794,664,908,241,2559,4631,630,650,882,494
581,222,-787,663,901,232,2552,4617,656,676,889,507
572,228,-779,659,893,224,2544,4603,685,708,898,520
561,232,-765,649,879,216,2536,4585,714,736,904,531
549,234,-752,639,866,209,2527,4569,743,762,908,547
546,236,-746,635,863,208,2524,4563,777,799,921,567
551,237,-750,637,871,212,2526,4562,813,840,943,591
557,237,-755,639,881,219,2529,4561,846,880,965,614
563,237,-759,641,890,225,2535,4564,880,923,986,635
563,236,-759,640,892,227,2540,4566,914,962,1003,654
567,236,-765,644,901,232,2544,4575,946,1001,1023,674
572,235,-771,647,909,238,2548,4588,974,1038,1042,693
576,229,-772,645,914,245,2547,4601,999,1074,1062,710
578,221,-770,639,913,252,2545,4615,1023,1105,1079,725
581,213,-771,636,915,260,2542,4637,1052,1135,1099,740
585,208,-775,637,919,266,2541,4657,1082,1159,1117,752
593,201,-781,638,927,276,2542,4677,1110,1180,1136,762
614,193,-800,648,952,294,2543,4706,1132,1198,1161,775
630,182,-812,652,968,311,2542,4735,1148,1208,1182,784
649,174,-829,659,989,327,2540,4765,1162,1217,1200,791
669,166,-847,669,1011,345,2536,4796,1173,1224,1218,797
686,157,-859,673,1028,361,2526,4816,1176,1223,1232,798
700,150,-871,679,1042,372,2516,4828,1176,1220,1246,799
714,149,-888,691,1060,381,2507,4840,1175,1221,1263,801
729,148,-905,704,1079,390,2498,4853,1175,1222,1280,801
736,146,-913,710,1087,394,2487,4858,1172,1216,1293,799
733,142,-907,705,1079,393,2473,4859,1165,1205,1299,795
728,141,-901,701,1071,390,2459,4857,1157,1194,1303,793
724,141,-897,699,1065,387,2444,4854,1149,1182,1304,790
726,144,-901,704,1068,385,2430,4849,1143,1175,1304,789
722,142,-893,698,1060,383,2417,4838,1138,1165,1301,790
717,138,-882,688,1051,383,2407,4821,1131,1158,1296,790
717,136,-877,682,1047,384,2400,4803,1125,1156,1289,791
719,135,-875,681,1049,385,2398,4784,1123,1159,1285,794
720,135,-872,677,1049,387,2394,4759,1123,1160,1283,799
721,135,-868,674,1048,387,2391,4736,1125,1160,1282,802
718,136,-862,670,1045,385,2385,4713,1125,1157,1284,804
702,139,-843,659,1024,373,2375,4680,1121,1149,1279,801
689,145,-831,653,1009,360,2367,4651,1120,1152,1281,801
676,150,-818,647,994,349,2358,4625,1122,1163,1286,802
664,155,-805,640,980,339,2351,4601,1128,1181,1291,802
657,160,-799,637,973,332,2347,4582,1140,1205,1300,804
652,162,-791,632,967,328,2338,4569,1156,1232,1310,808
641,162,-776,621,952,322,2325,4554,1176,1261,1318,811
625,162,-757,606,930,313,2314,4535,1196,1289,1325,814
613,169,-749,604,917,301,2307,4519,1217,1319,1335,818
610,179,-754,613,920,294,2307,4509,1242,1352,1350,825
611,189,-764,625,928,290,2307,4502,1265,1383,1368,833
619,197,-780,639,944,291,2305,4499,1284,1413,1385,839
625,201,-792,649,957,294,2299,4494,1298,1437,1399,843
636,206,-808,663,974,299,2297,4493,1313,1462,1416,847
649,208,-826,676,995,308,2296,4496,1331,1487,1434,849
662,209,-843,688,1015,317,2295,4503,1349,1511,1451,849
670,210,-857,699,1029,322,2291,4510,1367,1536,1464,848
675,214,-871,712,1040,323,2286,4521,1384,1563,1477,850
680,216,-884,723,1052,325,2282,4532,1399,1586,1488,854
690,216,-901,735,1069,331,2278,4543,1415,1608,1497,857
711,215,-928,755,1100,345,2278,4561,1436,1636,1512,865
729,210,-948,767,1124,358,2278,4576,1455,1655,1523,872
750,201,-968,776,1150,376,2278,4589,1473,1671,1532,879
773,188,-985,782,1177,398,2277,4598,1488,1684,1539,884
793,174,-998,784,1197,417,2272,4596,1494,1687,1540,881
808,164,-1009,787,1214,431,2265,4587,1499,1688,1540,878
824,158,-1025,796,1234,443,2260,4581,1506,1694,1544,879
842,155,-1043,808,1257,454,2253,4579,1511,1700,1553,882
854,154,-1057,818,1273,459,2245,4575,1513,1695,1556,884
858,151,-1059,819,1276,461,2237,4569,1511,1683,1554,882
858,150,-1059,818,1275,460,2233,4563,1511,1675,1550,883
857,150,-1057,818,1272,457,2227,4558,1514,1669,1549,885
859,151,-1058,819,1273,456,2222,4556,1521,1666,1552,890
857,150,-1052,814,1266,454,2218,4550,1529,1662,1549,892
849,153,-1043,809,1254,446,2212,4539,1536,1658,1542,893
842,160,-1039,811,1246,436,2204,4524,1542,1658,1536,892
844,170,-1045,819,1250,430,2199,4512,1553,1662,1535,892
845,183,-1053,831,1255,424,2195,4501,1564,1667,1536,890
845,198,-1062,845,1260,414,2193,4493,1573,1670,1538,888
842,215,-1068,857,1262,402,2192,4484,1579,1675,1541,889
823,233,-1061,862,1245,379,2189,4468,1582,1675,1536,889
808,255,-1061,874,1235,356,2191,4453,1590,1684,1536,895
793,274,-1058,882,1223,335,2198,4440,1600,1695,1536,903
780,287,-1052,884,1211,320,2208,4429,1613,1710,1539,911
775,296,-1050,886,1206,313,2218,4421,1627,1725,1545,923
776,299,-1048,886,1206,314,2224,4414,1640,1737,1550,935
774,299,-1042,880,1202,316,2227,4406,1655,1750,1553,946
769,299,-1032,871,1192,315,2233,4401,1671,1765,1554,956
771,298,-1031,869,1193,319,2245,4402,1689,1786,1558,967
781,301,-1043,879,1209,326,2261,4412,1710,1810,1568,981
789,306,-1054,889,1223,331,2277,4425,1731,1833,1581,996
796,309,-1065,899,1236,336,2292,4438,1749,1853,1597,1011
799,311,-1070,904,1242,337,2302,4440,1761,1864,1608,1019
803,314,-1079,913,1251,340,2316,4445,1776,1878,1621,1026
809,313,-1087,919,1261,346,2335,4454,1796,1898,1638,1036
817,307,-1093,922,1272,356,2351,4462,1818,1919,1657,1047
825,299,-1097,920,1280,367,2361,4468,1840,1936,1673,1056
833,291,-1102,921,1290,378,2371,4478,1866,1955,1690,1067
844,280,-1108,919,1301,393,2384,4491,1893,1972,1706,1079
857,268,-1115,918,1315,409,2399,4504,1921,1988,1719,1092
883,258,-1136,928,1347,433,2421,4527,1953,2008,1742,1106
902,249,-1151,934,1370,451,2442,4545,1983,2018,1759,1116
921,241,-1168,942,1394,467,2464,4562,2014,2031,1775,1126
943,232,-1186,951,1421,486,2486,4581,2045,2047,1791,1136
960,222,-1198,953,1439,503,2503,4600,2072,2056,1805,1144
974,215,-1210,958,1457,515,2520,4618,2096,2063,1816,1150
990,215,-1230,973,1480,524,2541,4640,2120,2070,1829,1156
1005,220,-1252,993,1505,529,2564,4665,2140,2075,1842,1164
1017,223,-1269,1006,1523,533,2585,4679,2158,2073,1851,1171
1019,224,-1273,1010,1527,532,2599,4681,2172,2066,1852,1171
1018,226,-1276,1014,1528,528,2612,4680,2185,2055,1847,1168
1016,229,-1278,1016,1527,523,2625,4681,2195,2046,1841,1163
1019,232,-1284,1022,1533,522,2643,4692,2206,2042,1837,1159
1021,230,-1282,1018,1533,524,2660,4701,2216,2034,1830,1151
1020,228,-1278,1012,1529,524,2675,4704,2223,2023,1821,1140
1019,230,-1278,1012,1529,522,2690,4701,2232,2015,1813,1131
1021,234,-1282,1016,1533,520,2705,4698,2243,2005,1804,1122
1022,236,-1282,1015,1534,519,2717,4698,2254,1994,1795,1114
1024,236,-1280,1011,1533,521,2729,4702,2266,1985,1788,1109
1026,231,-1274,1002,1531,526,2742,4715,2284,1984,1786,1107
1020,223,-1256,982,1515,528,2751,4722,2302,1984,1777,1105
1017,217,-1243,968,1504,530,2761,4727,2322,1991,1770,1105
1010,215,-1228,954,1489,527,2770,4729,2336,1993,1763,1102
997,216,-1212,942,1470,518,2781,4731,2344,1990,1751,1098
987,221,-1202,937,1457,509,2795,4740,2355,1992,1741,1098
982,225,-1196,932,1449,504,2812,4751,2366,1999,1730,1099
976,228,-1188,927,1440,499,2829,4757,2377,2007,1716,1100
969,233,-1181,924,1431,492,2844,4759,2391,2018,1701,1101
970,240,-1186,930,1434,488,2863,4763,2412,2039,1693,1106
982,250,-1205,949,1455,491,2885,4772,2437,2063,1690,1114
993,263,-1225,970,1476,491,2906,4779,2458,2084,1685,1120
1003,275,-1245,991,1496,491,2924,4787,2479,2108,1680,1128
1012,283,-1261,1007,1513,493,2936,4795,2500,2134,1675,1133
1025,292,-1283,1028,1537,497,2949,4805,2521,2158,1672,1137
1038,302,-1307,1052,1561,500,2963,4819,2542,2180,1674,1144
1046,310,-1324,1071,1578,500,2974,4833,2560,2196,1679,1148
1049,319,-1338,1089,1589,498,2979,4842,2575,2211,1680,1148
1056,323,-1353,1105,1603,500,2981,4846,2591,2226,1676,1147
1062,327,-1367,1120,1617,502,2982,4848,2607,2242,1668,1147
1069,327,-1378,1131,1629,507,2982,4851,2623,2260,1657,1148
1090,325,-1403,1150,1659,522,2985,4866,2641,2282,1653,1154
1110,318,-1421,1161,1684,540,2987,4882,2654,2297,1648,1159
1134,309,-1441,1173,1714,561,2991,4899,2667,2313,1644,1166
1160,299,-1464,1185,1746,583,2998,4919,2683,2336,1643,1174
1183,287,-1481,1192,1773,606,3005,4940,2701,2358,1641,1182
1207,275,-1497,1197,1798,628,3015,4960,2719,2380,1640,1190
1229,265,-1515,1205,1824,648,3029,4986,2740,2405,1646,1200
1251,257,-1534,1215,1852,666,3046,5016,2761,2434,1657,1208
1267,247,-1544,1215,1868,682,3060,5040,2777,2453,1664,1211
1273,232,-1539,1203,1869,695,3064,5056,2787,2462,1665,1208
1280,215,-1531,1187,1868,709,3064,5067,2798,2477,1667,1209
1287,199,-1524,1171,1867,724,3065,5080,2812,2497,1673,1215
1297,187,-1521,1159,1872,738,3067,5097,2830,2521,1682,1225
1302,176,-1516,1147,1871,747,3067,5112,2846,2540,1689,1235
1301,171,-1508,1135,1865,750,3065,5123,2861,2554,1696,1241
1299,174,-1507,1133,1863,747,3062,5135,2876,2566,1703,1246
1302,181,-1514,1139,1869,745,3062,5148,2892,2578,1712,1251
1306,187,-1521,1143,1877,744,3065,5159,2908,2589,1721,1253
1310,194,-1528,1148,1884,743,3068,5171,2924,2600,1729,1254
1309,201,-1530,1149,1885,739,3067,5182,2939,2612,1739,1257
1296,206,-1517,1139,1867,727,3061,5183,2953,2617,1739,1257
1288,214,-1512,1136,1859,718,3060,5187,2970,2625,1742,1258
1281,222,-1508,1135,1852,709,3058,5193,2986,2633,1745,1259
1274,228,-1501,1130,1843,702,3056,5199,3004,2639,1747,1261
1272,231,-1498,1126,1840,700,3057,5213,3026,2650,1755,1267
1276,232,-1497,1123,1843,702,3059,5229,3054,2668,1764,1274
1280,230,-1496,1119,1845,707,3059,5244,3087,2688,1771,1283
1280,229,-1490,1112,1842,708,3063,5257,3121,2712,1773,1292
1280,230,-1488,1110,1841,708,3071,5274,3158,2743,1780,1304
1291,232,-1498,1117,1855,714,3083,5295,3198,2777,1794,1316
1305,232,-1510,1126,1873,723,3093,5316,3234,2802,1809,1324
1317,232,-1519,1133,1888,731,3100,5339,3266,2821,1825,1331
1325,231,-1525,1138,1898,737,3103,5361,3295,2839,1839,1338
1337,229,-1536,1146,1914,745,3104,5387,3325,2863,1855,1347
1354,226,-1550,1155,1934,758,3104,5421,3355,2889,1871,1356
1365,221,-1557,1161,1948,768,3104,5458,3382,2909,1887,1362
1369,218,-1560,1164,1952,771,3107,5491,3406,2928,1899,1362
1374,214,-1563,1167,1958,776,3110,5521,3430,2947,1912,1363
1380,210,-1567,1172,1966,783,3110,5540,3457,2968,1922,1365
1388,205,-1574,1177,1976,790,3112,5552,3485,2989,1929,1367
1412,201,-1596,1194,2008,807,3116,5573,3516,3015,1944,1373
1433,192,-1612,1203,2033,827,3114,5590,3543,3032,1956,1376
1456,184,-1630,1213,2061,846,3111,5604,3569,3049,1965,1379
1479,178,-1650,1226,2090,865,3108,5619,3595,3070,1975,1383
1496,171,-1663,1233,2110,880,3104,5632,3620,3092,1982,1385
1511,166,-1676,1241,2130,894,3100,5647,3645,3113,1987,1388
1531,162,-1694,1252,2155,910,3100,5667,3670,3136,1996,1393
1556,155,-1715,1263,2186,931,3101,5696,3698,3160,2011,1403
1576,146,-1728,1266,2208,951,3098,5722,3722,3179,2022,1412
1586,136,-1729,1261,2216,965,3094,5743,3742,3195,2026,1419
1592,131,-1731,1257,2220,974,3088,5762,3757,3209,2026,1425
1594,131,-1734,1259,2224,975,3076,5778,3769,3221,2022,1428
1597,136,-1742,1267,2232,975,3064,5792,3785,3236,2022,1430
1599,138,-1746,1269,2236,976,3051,5799,3807,3253,2024,1433
1602,139,-1748,1268,2239,979,3038,5800,3831,3271,2024,1432
1608,137,-1752,1267,2246,985,3026,5801,3857,3293,2023,1433
1619,138,-1762,1271,2260,993,3020,5806,3883,3315,2023,1433
1626,142,-1771,1276,2271,996,3018,5811,3907,3333,2025,1434
1629,147,-1778,1281,2278,996,3018,5816,3931,3350,2030,1434
1629,152,-1781,1284,2281,994,3016,5824,3955,3367,2034,1434
1617,155,-1769,1275,2264,984,3009,5826,3974,3379,2032,1430
1609,157,-1761,1268,2254,979,3006,5834,3999,3397,2034,1428
1605,155,-1753,1259,2246,978,3005,5841,4026,3418,2040,1427
1600,152,-1743,1248,2237,977,3000,5847,4054,3440,2045,1431
1600,151,-1739,1243,2234,978,2993,5860,4086,3465,2055,1439
1602,146,-1735,1236,2233,983,2991,5881,4122,3493,2071,1450
1605,138,-1727,1224,2229,990,2992,5907,4161,3521,2086,1463
1607,128,-1720,1212,2225,997,2995,5929,4197,3548,2101,1475
1614,122,-1719,1208,2228,1005,3002,5951,4234,3579,2117,1489
1629,119,-1731,1214,2245,1016,3014,5977,4276,3621,2141,1511
1647,115,-1746,1223,2266,1029,3021,5999,4318,3660,2167,1532
1669,110,-1762,1232,2290,1045,3025,6018,4358,3693,2192,1552
1687,102,-1775,1238,2309,1060,3027,6034,4394,3720,2215,1570
1708,97,-1792,1249,2334,1076,3030,6052,4430,3748,2240,1587
1733,93,-1815,1264,2363,1092,3031,6075,4468,3779,2269,1607
1753,90,-1835,1280,2389,1105,3028,6097,4503,3809,2299,1625
1767,89,-1851,1293,2407,1112,3020,6116,4534,3836,2326,1641
1778,89,-1865,1307,2423,1118,3011,6140,4567,3865,2352,1657
1793,87,-1881,1319,2442,1128,3006,6168,4604,3897,2380,1675
1813,79,-1897,1329,2465,1144,3004,6193,4646,3928,2408,1694
1845,72,-1926,1346,2505,1169,3007,6227,4692,3965,2446,1718
1875,59,-1946,1353,2538,1196,3006,6259,4734,3998,2481,1741
1905,48,-1968,1364,2572,1223,3005,6291,4773,4026,2515,1766
1937,39,-1995,1378,2612,1251,3005,6321,4810,4050,2548,1789
1965,31,-2018,1389,2646,1275,3000,6344,4840,4065,2575,1806
1991,25,-2041,1402,2679,1296,2994,6364,4866,4076,2600,1822
2019,23,-2068,1418,2716,1317,2988,6387,4892,4090,2625,1837
2049,21,-2099,1437,2758,1340,2983,6412,4919,4110,2654,1854
2073,18,-2121,1450,2790,1360,2974,6434,4947,4130,2679,1871
2087,13,-2129,1450,2805,1375,2962,6454,4974,4149,2698,1887
2099,8,-2136,1449,2819,1389,2952,6476,5003,4171,2715,1905
2114,4,-2144,1449,2835,1404,2946,6498,5032,4195,2731,1921
2133,-2,-2156,1451,2857,1423,2942,6523,5063,4223,2749,1936
2147,-8,-2162,1448,2872,1440,2935,6544,5096,4250,2767,1950
2157,-12,-2165,1445,2881,1451,2922,6556,5129,4279,2783,1961
2167,-13,-2170,1444,2893,1461,2906,6565,5162,4313,2796,1972
2181,-14,-2180,1447,2910,1475,2888,6571,5197,4352,2810,1985
2195,-18,-2186,1445,2924,1489,2871,6571,5230,4388,2826,1999
2204,-21,-2190,1443,2933,1499,2851,6570,5259,4416,2844,2012
2210,-22,-2190,1439,2938,1506,2828,6571,5289,4437,2864,2025
2202,-23,-2178,1428,2926,1503,2808,6568,5314,4449,2875,2033
2199,-21,-2173,1423,2920,1501,2797,6570,5340,4470,2888,2047
2195,-19,-2167,1418,2913,1498,2785,6577,5368,4494,2904,2063
2190,-18,-2159,1412,2905,1494,2771,6584,5397,4518,2917,2079
2190,-16,-2159,1412,2905,1493,2759,6592,5428,4540,2931,2096
2192,-14,-2160,1413,2906,1493,2743,6599,5455,4557,2945,2114
2190,-13,-2158,1412,2903,1490,2722,6603,5478,4568,2955,2128
2186,-11,-2155,1411,2897,1485,2698,6601,5500,4577,2961,2142
2192,-16,-2156,1410,2901,1491,2677,6605,5525,4592,2974,2160
2212,-22,-2170,1416,2923,1507,2661,6617,5555,4616,2996,2186
2236,-30,-2187,1424,2949,1526,2649,6633,5588,4641,3024,2214
2260,-38,-2204,1432,2975,1545,2638,6649,5618,4662,3053,2241
2276,-43,-2217,1439,2993,1556,2622,6657,5644,4681,3079,2267
2287,-43,-2229,1449,3007,1561,2604,6664,5671,4703,3106,2293
2299,-43,-2243,1460,3023,1566,2582,6673,5699,4728,3136,2321
2309,-46,-2252,1467,3034,1571,2558,6682,5723,4745,3164,2345
2312,-49,-2255,1470,3038,1573,2533,6688,5744,4756,3188,2366
2318,-53,-2259,1472,3044,1577,2511,6697,5768,4772,3210,2389
2326,-59,-2264,1474,3051,1583,2491,6707,5795,4791,3233,2411
2333,-66,-2266,1473,3058,1590,2471,6713,5821,4809,3252,2431
2353,-73,-2281,1480,3081,1606,2458,6727,5847,4835,3278,2454
2372,-86,-2291,1479,3101,1625,2446,6740,5870,4855,3302,2475
2395,-100,-2301,1477,3123,1648,2436,6752,5893,4875,3325,2493
2423,-114,-2317,1480,3152,1674,2430,6767,5915,4895,3347,2510
2448,-127,-2331,1481,3179,1698,2423,6777,5933,4911,3366,2526
2472,-136,-2349,1488,3208,1720,2410,6786,5948,4927,3382,2542
2503,-142,-2376,1501,3247,1743,2392,6794,5961,4944,3399,2559
2538,-145,-2409,1521,3294,1769,2372,6804,5972,4961,3419,2574
2568,-146,-2439,1540,3334,1790,2351,6810,5980,4971,3437,2584
2584,-146,-2457,1551,3357,1801,2328,6805,5985,4977,3452,2591
2596,-145,-2472,1561,3376,1810,2308,6796,5991,4986,3467,2598
2612,-144,-2490,1572,3400,1821,2288,6781,5999,4995,3479,2606
2634,-144,-2513,1586,3431,1837,2268,6763,6009,5004,3494,2615
2653,-145,-2532,1597,3457,1852,2246,6742,6020,5010,3506,2625
2665,-145,-2545,1604,3474,1861,2221,6719,6030,5011,3518,2637
2674,-140,-2559,1614,3490,1865,2198,6698,6039,5009,3528,2648
2686,-136,-2576,1627,3511,1872,2180,6679,6046,5008,3539,2658
2699,-133,-2592,1638,3530,1880,2163,6661,6050,5009,3550,2666
2709,-131,-2604,1646,3545,1887,2144,6646,6050,5007,3562,2672
2720,-132,-2613,1650,3560,1897,2127,6629,6046,5009,3575,2676
2718,-136,-2607,1642,3555,1899,2107,6600,6042,5007,3581,2674
2714,-133,-2604,1642,3551,1896,2089,6571,6040,5014,3591,2674
2708,-129,-2600,1641,3544,1891,2068,6545,6038,5023,3601,2677
2699,-127,-2591,1635,3532,1885,2049,6520,6037,5030,3610,2681
2695,-126,-2585,1632,3526,1883,2035,6497,6040,5037,3623,2690
2697,-130,-2580,1625,3523,1888,2022,6474,6044,5043,3638,2702
2697,-138,-2568,1612,3515,1894,2008,6451,6051,5053,3651,2717
2693,-146,-2553,1597,3502,1898,1992,6426,6057,5064,3659,2733
2699,-154,-2547,1588,3501,1908,1979,6407,6065,5079,3666,2753
2717,-161,-2553,1587,3516,1926,1972,6399,6074,5097,3678,2773
2737,-169,-2562,1588,3534,1944,1969,6394,6080,5108,3691,2792
2754,-176,-2569,1589,3549,1961,1966,6388,6082,5119,3705,2812
2768,-183,-2572,1587,3559,1974,1960,6373,6078,5122,3712,2827
2779,-185,-2578,1590,3569,1983,1952,6352,6069,5121,3718,2838
2789,-182,-2588,1599,3581,1988,1942,6331,6058,5117,3725,2847
2796,-179,-2596,1607,3589,1989,1933,6312,6045,5110,3733,2853
2800,-180,-2598,1608,3593,1993,1921,6291,6033,5104,3742,2859
2808,-184,-2602,1608,3599,1999,1910,6272,6026,5106,3756,2867
2817,-188,-2605,1608,3606,2007,1897,6251,6022,5109,3770,2875
2824,-194,-2608,1607,3612,2014,1885,6223,6014,5109,3782,2882
2847,-198,-2627,1617,3639,2031,1877,6202,6005,5115,3800,2891
2868,-208,-2641,1621,3662,2050,1863,6184,5993,5113,3814,2896
2888,-219,-2654,1623,3683,2068,1844,6169,5979,5114,3826,2900
2912,-230,-2669,1626,3709,2089,1827,6156,5966,5116,3839,2907
2929,-242,-2678,1625,3727,2107,1812,6139,5950,5113,3848,2913
2941,-249,-2686,1626,3741,2118,1802,6117,5934,5104,3853,2918
2948,-250,-2697,1634,3754,2121,1795,6098,5920,5097,3860,2922
2954,-248,-2710,1645,3767,2122,1787,6082,5907,5091,3870,2925
2955,-247,-2717,1650,3774,2121,1776,6064,5890,5083,3876,2925
2951,-252,-2713,1645,3769,2120,1762,6038,5867,5068,3875,2918
2947,-258,-2708,1638,3764,2120,1748,6010,5844,5059,3870,2911
2940,-262,-2700,1631,3756,2118,1729,5978,5817,5046,3861,2903
2937,-267,-2696,1625,3752,2119,1707,5942,5788,5030,3852,2894
2934,-275,-2688,1614,3746,2123,1685,5901,5759,5012,3843,2886
2929,-284,-2677,1601,3736,2126,1663,5856,5729,4993,3832,2880
2926,-291,-2668,1590,3729,2130,1644,5812,5703,4977,3821,2876
2930,-301,-2663,1580,3729,2140,1628,5766,5677,4960,3812,2871
2938,-312,-2661,1569,3734,2155,1606,5710,5649,4935,3800,2861
2943,-321,-2656,1560,3735,2166,1577,5653,5617,4907,3788,2850
2946,-327,-2652,1552,3734,2174,1545,5599,5583,4880,3778,2843
2935,-333,-2633,1533,3715,2174,1512,5538,5545,4844,3761,2834
2924,-334,-2619,1521,3698,2170,1485,5479,5509,4812,3746,2826
2912,-334,-2604,1510,3681,2164,1462,5420,5477,4786,3735,2819
2895,-333,-2585,1496,3658,2154,1438,5360,5448,4765,3724,2814
2884,-332,-2570,1485,3641,2149,1415,5304,5422,4748,3717,2813
2874,-330,-2559,1477,3628,2143,1387,5249,5397,4731,3711,2816
2861,-329,-2543,1467,3609,2136,1355,5193,5370,4712,3700,2819
2845,-328,-2523,1453,3587,2126,1325,5136,5344,4690,3685,2821
2833,-323,-2512,1447,3571,2117,1301,5083,5318,4670,3672,2825
2829,-315,-2513,1453,3570,2110,1285,5033,5290,4651,3662,2829
2895,-340,-2550,1460,3640,2171,1243,4958,5237,4593,3626,2807
2934,-350,-2574,1469,3682,2204,1207,4887,5189,4551,3596,2792
2948,-351,-2584,1475,3698,2213,1174,4821,5141,4519,3570,2779
2949,-344,-2589,1482,3702,2209,1147,4761,5095,4493,3551,2767
2944,-336,-2591,1490,3700,2198,1125,4712,5051,4478,3540,2759
2933,-329,-2585,1490,3688,2184,1104,4667,5009,4464,3533,2753
2916,-325,-2570,1484,3667,2168,1085,4622,4967,4444,3526,2747
2900,-323,-2556,1477,3646,2153,1067,4576,4923,4420,3515,2739
2885,-323,-2542,1469,3627,2141,1045,4528,4879,4395,3503,2731
2871,-326,-2526,1458,3605,2130,1022,4479,4838,4369,3486,2722
2868,-329,-2523,1454,3600,2127,1004,4444,4799,4348,3476,2715
2864,-335,-2516,1448,3592,2125,983,4410,4756,4319,3464,2706
2859,-340,-2509,1441,3583,2122,961,4373,4713,4288,3449,2697
2860,-348,-2506,1435,3581,2126,937,4329,4670,4260,3435,2690
2861,-362,-2498,1422,3575,2133,911,4283,4625,4229,3420,2682
2857,-376,-2485,1406,3562,2137,890,4239,4580,4199,3406,2674
2850,-387,-2472,1392,3548,2139,872,4194,4533,4173,3396,2671
2845,-394,-2464,1383,3538,2138,856,4148,4483,4147,3389,2668
2833,-398,-2453,1375,3521,2132,835,4090,4426,4111,3379,2662
2809,-402,-2431,1358,3490,2119,806,4021,4365,4067,3356,2648
2781,-403,-2405,1341,3453,2102,775,3945,4300,4025,3331,2632
2751,-397,-2383,1332,3418,2079,742,3868,4232,3983,3302,2613
2723,-389,-2366,1326,3387,2057,710,3801,4166,3938,3273,2589
2698,-383,-2348,1319,3358,2039,674,3738,4100,3891,3244,2562
2674,-381,-2327,1306,3328,2024,637,3670,4034,3844,3210,2533
2653,-377,-2310,1296,3303,2011,602,3600,3971,3798,3176,2504
2634,-374,-2294,1287,3280,1999,570,3528,3909,3752,3142,2477
2617,-372,-2276,1275,3257,1991,541,3452,3846,3704,3106,2450
2599,-374,-2253,1258,3231,1983,515,3375,3782,3653,3069,2423
2577,-375,-2227,1238,3200,1972,492,3307,3720,3607,3035,2399
2540,-376,-2184,1206,3148,1952,470,3235,3656,3557,2993,2371
2504,-373,-2146,1182,3100,1929,452,3166,3595,3517,2955,2346
2471,-371,-2110,1156,3056,1909,432,3098,3532,3475,2920,2321
2435,-367,-2071,1130,3008,1885,410,3026,3467,3427,2882,2296
2401,-359,-2039,1112,2965,1859,390,2955,3405,3381,2850,2273
2369,-351,-2009,1095,2926,1835,372,2887,3345,3332,2819,2253
2336,-346,-1976,1074,2884,1811,355,2813,3282,3279,2782,2230
2299,-342,-1938,1050,2836,1785,339,2733,3217,3226,2741,2208
2264,-335,-1905,1031,2792,1757,325,2650,3153,3179,2701,2187
2240,-324,-1886,1023,2764,1734,314,2574,3091,3136,2669,2172
2221,-316,-1871,1017,2743,1716,304,2505,3028,3091,2641,2158
2203,-309,-1857,1012,2723,1699,296,2443,2965,3043,2614,2144
2182,-302,-1841,1006,2699,1679,284,2379,2901,2996,2586,2131
2161,-294,-1827,1002,2676,1659,270,2315,2838,2954,2562,2118
2144,-287,-1816,1000,2656,1640,254,2251,2774,2913,2543,2106
2123,-281,-1803,998,2634,1620,233,2181,2705,2867,2524,2091
2097,-274,-1786,992,2604,1594,207,2106,2631,2819,2502,2072
2069,-268,-1767,987,2571,1568,181,2032,2558,2768,2479,2051
2044,-263,-1751,983,2542,1544,157,1961,2485,2714,2452,2028
2015,-257,-1734,979,2510,1517,132,1887,2412,2655,2418,2004
1996,-249,-1729,986,2492,1494,110,1821,2338,2602,2391,1982
1976,-248,-1717,983,2468,1476,88,1754,2260,2545,2363,1955
1955,-252,-1699,973,2440,1460,68,1684,2181,2484,2331,1926
1935,-258,-1680,961,2412,1447,47,1610,2099,2425,2297,1899
1909,-268,-1653,941,2374,1433,24,1531,2014,2372,2259,1869
1880,-278,-1621,917,2331,1417,2,1456,1931,2315,2219,1838
1856,-290,-1592,893,2293,1406,-19,1386,1849,2259,2181,1808
1837,-303,-1566,871,2261,1401,-41,1322,1772,2207,2145,1778
1814,-316,-1537,845,2223,1392,-66,1256,1692,2153,2104,1746
1779,-328,-1494,810,2169,1376,-97,1186,1609,2095,2056,1709
1739,-335,-1451,777,2112,1355,-131,1113,1524,2038,2003,1672
1703,-344,-1410,744,2059,1338,-164,1037,1440,1981,1950,1637
1671,-350,-1373,714,2011,1321,-196,961,1357,1927,1900,1608
1635,-353,-1335,684,1961,1301,-229,882,1269,1865,1849,1577
1594,-354,-1292,652,1905,1278,-264,801,1177,1799,1792,1542
1557,-354,-1253,622,1853,1256,-296,723,1091,1739,1738,1507
1522,-352,-1218,596,1807,1235,-323,647,1008,1683,1689,1473
1489,-349,-1184,570,1763,1216,-347,573,929,1627,1645,1440
1454,-343,-1150,546,1719,1193,-371,503,851,1569,1602,1406
1421,-335,-1119,526,1678,1171,-391,433,773,1513,1563,1371
1374,-325,-1077,499,1620,1138,-417,352,691,1450,1517,1332
1327,-311,-1038,477,1565,1102,-438,272,611,1393,1476,1296
1284,-295,-1003,459,1516,1067,-457,198,532,1335,1437,1262
1238,-280,-965,439,1462,1031,-475,124,456,1272,1397,1227
1197,-264,-933,424,1417,997,-489,53,383,1211,1361,1192
1161,-252,-902,408,1375,969,-502,-13,312,1152,1326,1161
1125,-245,-866,386,1332,943,-515,-79,238,1091,1285,1127
1087,-242,-826,360,1282,917,-529,-149,165,1028,1236,1090
1052,-239,-788,335,1237,894,-544,-218,94,972,1187,1056
1023,-234,-761,319,1204,872,-554,-278,27,922,1143,1028
995,-230,-735,305,1170,850,-564,-336,-44,869,1100,999
964,-224,-708,292,1134,825,-576,-393,-115,817,1058,968
930,-218,-679,279,1094,796,-592,-455,-183,769,1018,936
895,-208,-655,271,1056,764,-611,-524,-250,726,981,904
867,-201,-635,265,1025,737,-630,-590,-317,684,951,874
839,-199,-612,255,991,714,-648,-648,-380,641,921,846
807,-198,-584,241,951,688,-665,-701,-438,595,890,818
771,-193,-557,231,909,656,-685,-751,-496,546,857,788
736,-185,-535,225,869,623,-703,-800,-557,497,820,758
705,-181,-513,219,832,594,-721,-852,-618,447,779,725
685,-174,-506,224,813,572,-732,-893,-675,404,746,699
667,-172,-496,223,792,555,-743,-931,-734,358,712,673
653,-174,-486,220,774,543,-756,-970,-794,309,675,644
643,-178,-478,217,758,534,-768,-1009,-854,260,637,616
627,-184,-462,207,734,524,-780,-1051,-915,209,597,586
608,-189,-443,195,705,511,-794,-1095,-979,157,557,558
591,-191,-429,188,681,499,-809,-1137,-1044,106,519,530
577,-190,-420,185,662,488,-825,-1177,-1108,57,486,504
560,-191,-405,176,636,476,-845,-1219,-1177,6,450,475
535,-196,-378,156,599,462,-873,-1271,-1253,-58,407,438
510,-201,-349,133,559,449,-900,-1329,-1329,-121,362,401
490,-209,-322,109,525,442,-924,-1390,-1402,-180,318,365
470,-214,-296,87,492,434,-944,-1447,-1470,-235,280,332
447,-218,-268,64,455,424,-965,-1499,-1535,-289,242,298
419,-223,-234,35,412,411,-986,-1554,-1598,-343,200,262
395,-226,-205,10,376,400,-1004,-1608,-1657,-391,157,230
375,-225,-182,-9,346,389,-1020,-1659,-1710,-437,115,200
352,-221,-159,-26,315,375,-1036,-1707,-1763,-482,76,171
330,-217,-137,-43,285,361,-1050,-1753,-1817,-527,36,145
309,-214,-114,-60,257,348,-1064,-1797,-1872,-570,1,120
273,-208,-79,-85,211,324,-1082,-1847,-1930,-623,-42,89
233,-196,-47,-103,164,293,-1096,-1894,-1983,-669,-79,63
193,-183,-13,-122,117,261,-1109,-1938,-2032,-710,-111,44
150,-172,25,-144,65,228,-1122,-1982,-2081,-756,-145,24
114,-163,57,-164,22,200,-1132,-2026,-2129,-796,-177,3
82,-158,88,-184,-17,178,-1143,-2071,-2174,-834,-207,-18
48,-155,124,-209,-61,155,-1154,-2120,-2219,-872,-238,-36
9,-152,163,-235,-110,128,-1164,-2172,-2260,-916,-271,-55
-25,-149,197,-257,-153,104,-1172,-2221,-2298,-953,-300,-73
-44,-148,216,-270,-176,90,-1181,-2261,-2330,-980,-322,-82
-57,-149,233,-282,-193,82,-1190,-2297,-2362,-1006,-340,-90
-71,-150,248,-292,-210,73,-1195,-2329,-2395,-1034,-359,-102
-88,-150,264,-302,-230,60,-1198,-2363,-2431,-1067,-382,-118
-107,-148,280,-309,-251,44,-1200,-2394,-2466,-1100,-407,-133
-123,-146,293,-315,-269,31,-1202,-2418,-2497,-1128,-425,-147
-138,-148,308,-324,-287,21,-1208,-2442,-2529,-1154,-443,-165
-153,-154,327,-337,-309,12,-1215,-2467,-2564,-1182,-464,-184
-171,-156,344,-347,-332,0,-1223,-2489,-2597,-1207,-483,-202
-186,-158,359,-355,-351,-11,-1234,-2512,-2629,-1231,-499,-214
-199,-163,373,-364,-368,-18,-1247,-2541,-2663,-1256,-518,-226
-198,-168,373,-364,-368,-17,-1252,-2562,-2693,-1273,-529,-234
-196,-175,375,-367,-368,-13,-1259,-2586,-2724,-1292,-540,-246
-194,-182,376,-370,-368,-8,-1265,-2610,-2751,-1307,-549,-257
-185,-188,371,-369,-359,0,-1269,-2630,-2776,-1316,-555,-268
-179,-197,370,-372,-355,8,-1269,-2646,-2800,-1327,-563,-281
-177,-202,371,-374,-355,12,-1267,-2660,-2823,-1340,-574,-298
-177,-202,369,-371,-355,10,-1265,-2671,-2846,-1358,-585,-315
-178,-197,363,-363,-352,6,-1266,-2681,-2869,-1379,-596,-331
-183,-193,363,-360,-356,-1,-1273,-2693,-2896,-1406,-610,-349
-199,-191,377,-368,-377,-14,-1286,-2713,-2926,-1436,-628,-370
-221,-189,395,-379,-405,-30,-1301,-2739,-2954,-1461,-649,-389
-242,-185,412,-388,-431,-46,-1314,-2772,-2981,-1486,-673,-410
-257,-183,425,-396,-450,-57,-1328,-2805,-3007,-1509,-698,-433
-270,-187,442,-411,-471,-64,-1341,-2834,-3035,-1536,-722,-455
-290,-191,466,-431,-501,-73,-1354,-2867,-3062,-1563,-748,-480
-306,-194,486,-448,-526,-82,-1368,-2903,-3090,-1593,-774,-501
-315,-198,500,-461,-542,-85,-1380,-2937,-3118,-1625,-800,-519
-323,-201,512,-473,-557,-87,-1390,-2967,-3144,-1655,-823,-535
-334,-203,526,-485,-575,-93,-1396,-2992,-3168,-1683,-844,-550
-345,-203,537,-494,-590,-100,-1402,-3011,-3191,-1706,-859,-562
-366,-203,561,-512,-621,-113,-1413,-3034,-3218,-1732,-882,-578
-387,-200,580,-525,-649,-128,-1422,-3054,-3242,-1754,-902,-590
-406,-196,598,-536,-676,-143,-1431,-3071,-3262,-1773,-920,-600
-429,-193,620,-551,-706,-158,-1445,-3094,-3283,-1796,-942,-611
-448,-188,637,-560,-730,-173,-1456,-3116,-3303,-1818,-965,-623
-466,-182,651,-568,-753,-188,-1467,-3134,-3323,-1837,-984,-633
-484,-180,671,-581,-779,-200,-1480,-3152,-3340,-1852,-1000,-643
-503,-180,691,-596,-805,-211,-1492,-3180,-3351,-1861,-1017,-652
-517,-177,705,-604,-824,-221,-1501,-3207,-3356,-1861,-1031,-658
-522,-169,703,-599,-826,-229,-1498,-3220,-3357,-1859,-1040,-658
-527,-159,701,-591,-828,-238,-1490,-3224,-3362,-1863,-1047,-657
-535,-151,702,-587,-834,-247,-1483,-3228,-3370,-1870,-1051,-658
-543,-149,708,-589,-842,-254,-1481,-3238,-3381,-1881,-1060,-664
-552,-147,715,-592,-852,-260,-1481,-3250,-3393,-1892,-1073,-673
-554,-146,715,-590,-852,-263,-1480,-3253,-3403,-1900,-1082,-679
-559,-146,718,-591,-856,-266,-1481,-3253,-3413,-1913,-1091,-688
-566,-147,723,-593,-862,-271,-1486,-3256,-3427,-1933,-1103,-701
-574,-147,728,-594,-870,-277,-1496,-3264,-3443,-1958,-1115,-716
-581,-147,732,-595,-876,-283,-1505,-3271,-3457,-1979,-1126,-732
-590,-148,738,-597,-884,-290,-1511,-3283,-3474,-2001,-1138,-751
-586,-148,729,-589,-874,-290,-1513,-3288,-3488,-2015,-1143,-768
-579,-151,721,-583,-861,-285,-1513,-3290,-3502,-2028,-1146,-781
-577,-151,714,-577,-855,-286,-1513,-3289,-3512,-2040,-1150,-793
-574,-148,704,-565,-845,-289,-1511,-3286,-3521,-2050,-1155,-805
-577,-145,700,-559,-843,-295,-1514,-3287,-3538,-2064,-1167,-818
-583,-140,697,-551,-843,-305,-1518,-3289,-3557,-2082,-1182,-832
-588,-132,689,-539,-841,-316,-1525,-3287,-3573,-2096,-1194,-843
-588,-124,678,-525,-834,-323,-1532,-3281,-3587,-2108,-1200,-852
-592,-120,674,-518,-833,-330,-1537,-3280,-3602,-2122,-1205,-860
-603,-122,686,-526,-848,-337,-1543,-3288,-3623,-2142,-1214,-873
-613,-127,699,-538,-864,-341,-1549,-3297,-3644,-2162,-1226,-886
-623,-132,714,-550,-882,-345,-1553,-3305,-3665,-2178,-1239,-897
-634,-135,727,-560,-898,-350,-1559,-3314,-3682,-2194,-1252,-908
-642,-139,740,-572,-913,-353,-1568,-3324,-3696,-2210,-1262,-918
-655,-142,758,-586,-934,-359,-1578,-3340,-3712,-2234,-1278,-933
-671,-139,772,-595,-955,-369,-1587,-3357,-3727,-2263,-1295,-948
-682,-136,783,-601,-970,-377,-1598,-3376,-3741,-2288,-1311,-961
-689,-134,792,-608,-983,-382,-1611,-3402,-3754,-2312,-1324,-970
-697,-133,804,-618,-997,-385,-1624,-3430,-3766,-2333,-1337,-978
-704,-132,815,-627,-1010,-388,-1638,-3453,-3776,-2344,-1345,-984
-722,-130,837,-644,-1038,-399,-1655,-3483,-3787,-2357,-1360,-992
-741,-123,856,-655,-1064,-415,-1669,-3510,-3797,-2369,-1376,-999
-758,-114,871,-662,-1087,-431,-1680,-3533,-3803,-2386,-1392,-1006
-777,-107,890,-675,-1113,-445,-1692,-3553,-3809,-2404,-1408,-1013
-788,-102,904,-684,-1130,-454,-1701,-3565,-3812,-2420,-1420,-1018
-798,-96,915,-691,-1145,-463,-1710,-3570,-3815,-2433,-1433,-1020
-813,-89,930,-699,-1165,-476,-1721,-3576,-3820,-2444,-1448,-1021
-833,-82,950,-710,-1192,-493,-1733,-3585,-3824,-2455,-1464,-1024
-852,-72,965,-716,-1214,-511,-1739,-3590,-3825,-2463,-1476,-1026
-858,-62,967,-712,-1220,-523,-1735,-3590,-3821,-2467,-1483,-1024
-860,-54,965,-706,-1220,-529,-1729,-3586,-3816,-2470,-1486,-1020
-867,-47,968,-704,-1225,-539,-1723,-3577,-3809,-2473,-1486,-1018
-877,-40,973,-703,-1235,-551,-1719,-3566,-3805,-2477,-1487,-1018
-889,-34,978,-701,-1245,-564,-1714,-3558,-3805,-2481,-1490,-1021
-897,-29,981,-698,-1251,-574,-1706,-3549,-3806,-2480,-1490,-1025
-906,-28,987,-699,-1261,-583,-1698,-3541,-3811,-2481,-1492,-1031
-917,-27,994,-700,-1272,-593,-1697,-3539,-3817,-2484,-1497,-1039
-922,-30,997,-701,-1277,-597,-1699,-3536,-3821,-2487,-1505,-1047
-922,-33,995,-699,-1275,-597,-1698,-3531,-3822,-2484,-1509,-1051
-922,-37,993,-697,-1273,-596,-1693,-3527,-3822,-2481,-1512,-1052
-911,-38,976,-682,-1254,-590,-1684,-3516,-3817,-2474,-1506,-1047
-897,-43,958,-670,-1233,-580,-1677,-3506,-3818,-2477,-1502,-1044
-883,-50,943,-661,-1213,-568,-1672,-3493,-3819,-2481,-1500,-1046
-865,-58,925,-651,-1190,-552,-1666,-3473,-3817,-2481,-1496,-1047
-852,-68,915,-648,-1175,-537,-1664,-3458,-3813,-2483,-1494,-1052
-841,-79,907,-647,-1163,-524,-1666,-3448,-3809,-2489,-1495,-1058
-827,-88,895,-643,-1146,-508,-1667,-3437,-3806,-2491,-1494,-1062
-810,-93,877,-633,-1123,-493,-1665,-3419,-3803,-2493,-1489,-1062
-799,-94,862,-622,-1106,-484,-1665,-3404,-3801,-2496,-1484,-1063
-803,-93,861,-620,-1109,-487,-1674,-3398,-3808,-2510,-1488,-1074
-817,-88,867,-621,-1122,-498,-1683,-3396,-3818,-2528,-1498,-1088
-832,-83,875,-623,-1138,-509,-1689,-3392,-3827,-2543,-1508,-1102
-843,-76,879,-623,-1149,-519,-1691,-3386,-3832,-2551,-1518,-1113
-850,-71,883,-624,-1157,-524,-1689,-3380,-3833,-2552,-1525,-1125
-861,-68,893,-631,-1172,-531,-1687,-3383,-3836,-2555,-1538,-1137
-870,-64,903,-638,-1185,-537,-1685,-3388,-3836,-2552,-1549,-1147
-879,-57,908,-639,-1195,-545,-1680,-3391,-3836,-2548,-1559,-1154
-884,-48,911,-638,-1202,-552,-1672,-3393,-3835,-2543,-1569,-1161
-891,-40,916,-639,-1210,-559,-1667,-3396,-3835,-2537,-1581,-1166
-895,-34,919,-641,-1216,-564,-1664,-3397,-3834,-2528,-1587,-1171
-909,-29,936,-652,-1238,-575,-1668,-3406,-3834,-2524,-1600,-1180
-926,-20,950,-658,-1259,-591,-1669,-3415,-3833,-2519,-1614,-1189
-940,-8,958,-658,-1275,-607,-1667,-3417,-3830,-2513,-1625,-1197
-959,3,974,-664,-1298,-625,-1664,-3416,-3823,-2506,-1635,-1202
-977,12,989,-670,-1321,-643,-1655,-3411,-3809,-2491,-1641,-1203
-992,17,1005,-680,-1341,-656,-1647,-3405,-3795,-2476,-1642,-1202
-1005,17,1024,-694,-1363,-665,-1644,-3403,-3781,-2467,-1644,-1202
-1021,14,1046,-712,-1387,-673,-1644,-3407,-3766,-2461,-1649,-1203
-1031,10,1064,-726,-1404,-678,-1642,-3407,-3748,-2451,-1650,-1203
-1030,7,1067,-730,-1404,-676,-1636,-3397,-3725,-2436,-1642,-1197
-1021,0,1066,-733,-1396,-667,-1628,-3379,-3704,-2429,-1633,-1190
-1012,-8,1064,-737,-1387,-657,-1620,-3358,-3685,-2427,-1623,-1185
-1006,-15,1064,-741,-1381,-649,-1615,-3339,-3671,-2423,-1615,-1181
-1004,-21,1064,-743,-1377,-645,-1610,-3322,-3660,-2417,-1609,-1179
-998,-25,1059,-739,-1367,-640,-1603,-3303,-3650,-2408,-1601,-1175
-996,-27,1054,-735,-1360,-639,-1599,-3284,-3641,-2401,-1593,-1171
-999,-27,1052,-731,-1359,-642,-1597,-3267,-3629,-2392,-1586,-1169
-1006,-26,1052,-728,-1361,-648,-1599,-3253,-3616,-2384,-1582,-1169
-1008,-27,1048,-723,-1357,-650,-1601,-3245,-3604,-2377,-1578,-1167
-1010,-28,1044,-717,-1354,-652,-1607,-3243,-3593,-2373,-1576,-1165
-1000,-25,1024,-699,-1332,-649,-1610,-3236,-3577,-2364,-1566,-1160
-986,-27,1004,-683,-1308,-640,-1614,-3224,-3560,-2355,-1555,-1155
-974,-31,987,-671,-1288,-630,-1619,-3212,-3546,-2349,-1547,-1152
-958,-35,968,-658,-1264,-618,-1620,-3193,-3534,-2340,-1537,-1148
-946,-41,954,-650,-1246,-607,-1624,-3174,-3527,-2331,-1530,-1147
-937,-45,942,-642,-1233,-600,-1631,-3159,-3525,-2323,-1525,-1149
-926,-45,925,-628,-1214,-594,-1637,-3146,-3522,-2316,-1521,-1153
-911,-47,907,-615,-1194,-584,-1640,-3132,-3514,-2306,-1514,-1153
-901,-50,896,-608,-1181,-576,-1644,-3121,-3503,-2294,-1504,-1151
-900,-57,900,-614,-1184,-572,-1652,-3116,-3494,-2286,-1500,-1152
-900,-64,908,-623,-1192,-568,-1663,-3115,-3487,-2278,-1502,-1155
-901,-71,916,-632,-1200,-565,-1676,-3117,-3483,-2271,-1504,-1157
-901,-77,923,-641,-1207,-561,-1689,-3116,-3476,-2261,-1506,-1158
-894,-84,928,-651,-1209,-551,-1699,-3109,-3465,-2249,-1504,-1157
-893,-93,941,-666,-1220,-545,-1710,-3101,-3452,-2236,-1506,-1158
-893,-98,951,-678,-1230,-540,-1720,-3093,-3439,-2220,-1508,-1161
-891,-99,958,-686,-1236,-538,-1729,-3081,-3427,-2200,-1510,-1165
-888,-97,960,-689,-1239,-536,-1734,-3066,-3413,-2179,-1509,-1165
-883,-92,960,-690,-1239,-534,-1740,-3051,-3402,-2162,-1507,-1165
-877,-85,956,-686,-1235,-533,-1745,-3033,-3389,-2146,-1502,-1163
-883,-78,965,-692,-1248,-540,-1752,-3025,-3378,-2137,-1504,-1164
-893,-69,975,-696,-1264,-551,-1759,-3020,-3371,-2128,-1508,-1165
-901,-54,979,-693,-1274,-565,-1768,-3016,-3366,-2123,-1512,-1165
-916,-37,986,-691,-1290,-583,-1777,-3020,-3363,-2123,-1518,-1167
-927,-20,989,-685,-1301,-600,-1786,-3024,-3359,-2119,-1520,-1168
-936,-5,991,-680,-1309,-613,-1793,-3022,-3352,-2114,-1518,-1167
-944,4,996,-680,-1318,-622,-1800,-3021,-3341,-2109,-1514,-1163
-953,10,1005,-684,-1329,-630,-1808,-3023,-3327,-2100,-1512,-1157
-960,15,1010,-687,-1336,-635,-1812,-3021,-3307,-2081,-1505,-1148
-955,18,1005,-682,-1328,-632,-1810,-3010,-3280,-2051,-1492,-1132
-946,20,996,-675,-1314,-625,-1803,-2995,-3255,-2022,-1475,-1116
-936,20,986,-668,-1299,-617,-1801,-2984,-3232,-2000,-1458,-1101
-928,19,978,-663,-1286,-610,-1801,-2980,-3215,-1984,-1442,-1088
-925,20,970,-655,-1277,-609,-1800,-2979,-3201,-1974,-1428,-1078
-916,22,955,-642,-1257,-603,-1798,-2969,-3187,-1959,-1408,-1065
-905,19,942,-632,-1238,-594,-1798,-2955,-3171,-1940,-1384,-1051
-898,14,933,-627,-1225,-587,-1797,-2941,-3157,-1916,-1358,-1038
-894,9,928,-624,-1216,-582,-1793,-2923,-3141,-1884,-1331,-1026
-887,3,919,-619,-1203,-574,-1785,-2905,-3122,-1849,-1306,-1013
-881,-4,911,-615,-1191,-567,-1777,-2891,-3102,-1824,-1285,-1002
-865,-7,888,-598,-1163,-556,-1768,-2869,-3078,-1798,-1260,-987
-845,-11,864,-581,-1131,-542,-1760,-2847,-3055,-1779,-1235,-975
-824,-20,842,-570,-1101,-525,-1752,-2831,-3035,-1764,-1217,-966
-798,-31,818,-559,-1067,-502,-1744,-2813,-3013,-1745,-1195,-956
-779,-45,804,-557,-1044,-482,-1739,-2798,-2993,-1727,-1177,-950
-767,-57,795,-557,-1030,-469,-1738,-2784,-2976,-1714,-1163,-944
-756,-64,784,-554,-1014,-459,-1736,-2768,-2962,-1705,-1150,-939
-742,-69,768,-545,-994,-449,-1729,-2749,-2948,-1695,-1134,-932
-732,-73,756,-540,-981,-442,-1722,-2735,-2935,-1685,-1118,-923
-734,-80,760,-546,-985,-441,-1723,-2728,-2924,-1681,-1111,-917
-742,-84,768,-554,-997,-447,-1728,-2725,-2916,-1678,-1109,-914
-748,-87,774,-561,-1005,-450,-1734,-2722,-2909,-1674,-1106,-911
-750,-89,777,-564,-1010,-452,-1741,-2722,-2901,-1668,-1103,-909
-749,-91,778,-568,-1012,-452,-1748,-2722,-2892,-1658,-1097,-906
-753,-93,786,-575,-1022,-455,-1759,-2725,-2882,-1649,-1095,-904
-755,-94,791,-580,-1029,-457,-1767,-2725,-2868,-1639,-1092,-897
-750,-94,789,-580,-1027,-454,-1772,-2721,-2849,-1628,-1087,-889
-741,-95,786,-581,-1021,-448,-1777,-2721,-2832,-1623,-1081,-883
-731,-99,786,-584,-1016,-439,-1782,-2727,-2818,-1626,-1078,-882
-718,-106,786,-590,-1009,-426,-1783,-2730,-2806,-1625,-1071,-882
-714,-116,799,-607,-1017,-416,-1783,-2734,-2794,-1627,-1067,-880
-710,-125,813,-623,-1025,-407,-1782,-2737,-2781,-1620,-1063,-875
-704,-131,821,-634,-1027,-397,-1782,-2733,-2765,-1608,-1056,-867
-697,-137,830,-646,-1030,-387,-1783,-2732,-2749,-1599,-1050,-860
-684,-143,831,-652,-1023,-372,-1778,-2727,-2729,-1582,-1041,-848
-668,-146,829,-654,-1011,-357,-1771,-2715,-2703,-1562,-1027,-838
-656,-150,829,-658,-1004,-344,-1767,-2704,-2681,-1547,-1016,-830
-652,-151,835,-664,-1005,-337,-1763,-2698,-2661,-1538,-1013,-824
-648,-150,838,-667,-1003,-332,-1761,-2696,-2642,-1528,-1014,-818
-640,-141,828,-655,-990,-329,-1754,-2689,-2619,-1509,-1007,-807
-633,-128,816,-638,-976,-330,-1742,-2679,-2594,-1489,-994,-795
-626,-117,802,-623,-961,-329,-1729,-2668,-2570,-1468,-980,-786
-622,-107,792,-609,-950,-331,-1720,-2663,-2552,-1454,-969,-781
-621,-98,785,-599,-942,-332,-1713,-2662,-2539,-1443,-961,-775
-614,-93,775,-588,-929,-328,-1706,-2657,-2525,-1432,-949,-765
-607,-92,767,-581,-917,-322,-1704,-2649,-2513,-1423,-938,-757
-607,-89,762,-574,-911,-322,-1705,-2640,-2500,-1411,-929,-749
-611,-83,757,-565,-908,-327,-1710,-2628,-2489,-1396,-921,-746
-615,-79,752,-557,-905,-332,-1716,-2611,-2475,-1374,-909,-742
-617,-79,747,-551,-901,-332,-1720,-2597,-2461,-1355,-898,-736
-605,-81,728,-537,-879,-324,-1717,-2577,-2444,-1334,-879,-724
-589,-86,708,-524,-853,-311,-1715,-2556,-2427,-1315,-860,-712
-571,-95,689,-515,-829,-295,-1712,-2538,-2413,-1298,-844,-703
-546,-108,666,-505,-796,-273,-1709,-2517,-2399,-1282,-825,-693
-524,-122,647,-499,-769,-252,-1709,-2497,-2388,-1274,-810,-685
-506,-136,632,-495,-747,-234,-1711,-2481,-2379,-1272,-796,-681
-489,-147,615,-489,-725,-220,-1713,-2467,-2369,-1268,-781,-677
-467,-155,592,-476,-696,-204,-1714,-2452,-2357,-1259,-762,-672
-447,-163,570,-465,-669,-190,-1714,-2437,-2343,-1253,-740,-668
-438,-169,559,-461,-655,-184,-1717,-2428,-2330,-1254,-725,-668
-433,-171,549,-455,-648,-184,-1724,-2422,-2318,-1252,-712,-668
-427,-171,538,-447,-637,-184,-1730,-2418,-2305,-1248,-700,-667
-418,-171,524,-437,-622,-181,-1733,-2413,-2291,-1244,-685,-662
-407,-171,511,-429,-607,-176,-1736,-2407,-2274,-1238,-671,-654
-405,-171,510,-429,-606,-178,-1740,-2406,-2257,-1234,-664,-647
-408,-169,511,-430,-610,-183,-1739,-2404,-2241,-1229,-658,-640
-407,-165,509,-428,-609,-186,-1735,-2401,-2226,-1220,-650,-630
-408,-158,508,-425,-609,-192,-1728,-2398,-2209,-1208,-638,-620
-412,-149,508,-421,-613,-202,-1727,-2395,-2195,-1201,-626,-609
-416,-138,508,-417,-617,-211,-1730,-2393,-2181,-1193,-612,-597
-427,-132,521,-424,-634,-222,-1735,-2402,-2175,-1189,-604,-591
-442,-124,537,-432,-654,-235,-1739,-2412,-2168,-1185,-599,-588
-455,-113,549,-435,-672,-249,-1740,-2415,-2161,-1181,-593,-583
-475,-99,564,-439,-695,-269,-1744,-2415,-2154,-1181,-588,-581
-490,-85,574,-439,-712,-286,-1744,-2409,-2146,-1178,-579,-576
-498,-73,579,-436,-720,-296,-1745,-2398,-2136,-1171,-568,-568
-506,-65,588,-438,-731,-303,-1746,-2388,-2124,-1164,-559,-558
-517,-58,600,-443,-747,-312,-1746,-2380,-2108,-1154,-555,-547
-524,-51,606,-443,-755,-318,-1744,-2375,-2088,-1138,-552,-534
-521,-39,597,-430,-746,-320,-1739,-2367,-2063,-1117,-544,-518
-517,-27,584,-413,-734,-323,-1737,-2358,-2042,-1097,-534,-503
-513,-15,572,-397,-723,-325,-1733,-2350,-2023,-1082,-524,-491
-511,-3,560,-381,-713,-328,-1729,-2342,-2007,-1065,-514,-482
-511,5,552,-369,-706,-331,-1729,-2334,-1993,-1049,-503,-477
-506,11,540,-357,-694,-330,-1729,-2318,-1977,-1027,-486,-468
-503,15,531,-348,-686,-329,-1730,-2299,-1961,-1005,-467,-458
-504,18,527,-343,-683,-330,-1732,-2281,-1948,-986,-453,-448
-507,22,521,-336,-681,-333,-1735,-2266,-1936,-976,-443,-443
-509,29,511,-324,-675,-338,-1738,-2252,-1924,-966,-434,-438
-511,36,501,-312,-669,-344,-1739,-2242,-1914,-963,-429,-434
-503,42,480,-294,-650,-344,-1735,-2227,-1902,-958,-419,-426
-489,40,460,-281,-628,-334,-1734,-2209,-1892,-956,-406,-419
-476,32,447,-277,-611,-322,-1737,-2193,-1887,-955,-395,-415
-459,21,433,-275,-591,-305,-1740,-2177,-1883,-949,-382,-408
-443,2,427,-282,-577,-284,-1745,-2165,-1883,-942,-371,-402
-429,-18,426,-294,-568,-265,-1753,-2161,-1882,-937,-362,-397
-416,-35,422,-303,-558,-248,-1759,-2157,-1878,-936,-352,-391
-399,-50,414,-307,-543,-231,-1760,-2146,-1871,-934,-335,-384
-385,-66,409,-313,-532,-214,-1759,-2132,-1865,-932,-316,-376
-379,-85,418,-331,-535,-202,-1761,-2116,-1861,-937,-303,-371
-379,-100,430,-348,-544,-195,-1762,-2103,-1857,-942,-295,-371
-380,-110,438,-360,-551,-193,-1760,-2095,-1852,-941,-289,-373
-380,-115,442,-366,-555,-192,-1757,-2093,-1846,-938,-288,-376
-375,-119,441,-367,-552,-189,-1759,-2098,-1841,-935,-290,-381
-375,-120,444,-369,-556,-191,-1766,-2111,-1839,-936,-300,-392
-377,-115,441,-364,-556,-197,-1769,-2121,-1835,-934,-311,-401
-374,-105,433,-352,-550,-202,-1770,-2124,-1830,-931,-320,-406
-368,-96,422,-339,-539,-205,-1770,-2126,-1825,-931,-325,-407
-364,-86,415,-328,-532,-209,-1771,-2129,-1823,-933,-328,-408
-364,-74,410,-317,-529,-217,-1771,-2129,-1820,-932,-327,-403
-377,-63,419,-317,-543,-231,-1776,-2133,-1820,-938,-332,-402
-394,-51,433,-319,-563,-250,-1782,-2136,-1818,-942,-336,-401
-406,-40,442,-319,-576,-263,-1789,-2135,-1817,-942,-334,-397
-420,-28,454,-321,-593,-278,-1798,-2136,-1818,-944,-336,-394
-432,-16,463,-320,-604,-291,-1802,-2134,-1817,-940,-335,-389
-442,-6,470,-319,-613,-300,-1800,-2131,-1814,-930,-331,-381
-453,1,482,-325,-626,-309,-1796,-2130,-1811,-919,-328,-374
-468,5,500,-336,-645,-318,-1795,-2134,-1808,-909,-328,-371
-479,8,513,-344,-659,-325,-1793,-2134,-1802,-896,-326,-368
-477,13,512,-342,-655,-323,-1784,-2122,-1793,-878,-317,-359
-473,15,509,-340,-647,-319,-1775,-2108,-1783,-861,-304,-351
-471,17,508,-340,-643,-316,-1771,-2096,-1775,-845,-290,-344
-471,19,507,-339,-641,-315,-1769,-2088,-1767,-834,-279,-339
-475,21,509,-340,-643,-316,-1767,-2084,-1762,-831,-272,-336
-474,26,503,-334,-637,-317,-1761,-2075,-1755,-829,-261,-334
-475,30,498,-329,-634,-318,-1759,-2064,-1749,-832,-251,-332
-478,31,496,-328,-634,-320,-1760,-2055,-1746,-837,-244,-329
-480,26,499,-333,-637,-317,-1758,-2049,-1744,-838,-238,-325
-481,20,501,-337,-640,-314,-1753,-2044,-1737,-833,-230,-319
-485,12,506,-346,-647,-311,-1749,-2041,-1728,-829,-224,-311
-482,7,502,-345,-643,-306,-1741,-2031,-1717,-815,-213,-298
-471,-4,493,-346,-631,-292,-1732,-2019,-1708,-808,-202,-286
-463,-15,488,-348,-624,-280,-1725,-2014,-1703,-812,-196,-282
-453,-22,477,-344,-613,-271,-1716,-2010,-1700,-816,-190,-277
-451,-27,472,-342,-610,-268,-1708,-2006,-1699,-823,-188,-274
-451,-33,471,-343,-611,-265,-1702,-2001,-1701,-830,-191,-274
-451,-36,467,-341,-611,-266,-1697,-1996,-1705,-836,-191,-273
-452,-31,457,-330,-607,-271,-1690,-1983,-1710,-841,-188,-272
-452,-25,447,-317,-603,-278,-1680,-1971,-1718,-848,-185,-272
-457,-24,446,-314,-607,-283,-1676,-1971,-1726,-863,-188,-278
-464,-23,449,-314,-616,-291,-1676,-1979,-1731,-874,-193,-285
-469,-20,448,-311,-620,-298,-1678,-1993,-1735,-880,-199,-292
-471,-16,445,-305,-620,-304,-1681,-2007,-1737,-886,-203,-300
-470,-10,440,-298,-617,-309,-1684,-2015,-1738,-891,-207,-309
-476,-9,446,-300,-625,-315,-1686,-2026,-1743,-899,-218,-320
-480,-10,454,-307,-634,-319,-1687,-2037,-1746,-905,-230,-328
-482,-12,462,-314,-640,-320,-1684,-2044,-1747,-911,-241,-333
-478,-18,469,-323,-641,-314,-1679,-2051,-1748,-914,-250,-335
-473,-27,479,-337,-645,-306,-1673,-2060,-1747,-913,-257,-336
-468,-36,489,-350,-647,-298,-1665,-2066,-1742,-909,-261,-337
-474,-44,510,-372,-665,-298,-1662,-2080,-1741,-911,-270,-341
-484,-48,532,-391,-685,-302,-1659,-2093,-1740,-910,-277,-347
-490,-50,547,-404,-697,-305,-1657,-2102,-1741,-910,-282,-354
-503,-51,568,-420,-718,-313,-1661,-2115,-1748,-918,-292,-363
-520,-47,588,-432,-741,-327,-1664,-2129,-1754,-925,-299,-368
-536,-40,603,-439,-759,-342,-1665,-2145,-1761,-931,-305,-372
-550,-35,617,-447,-776,-354,-1667,-2161,-1766,-940,-311,-375
-568,-30,635,-457,-797,-368,-1669,-2179,-1772,-951,-319,-376
-584,-22,647,-462,-814,-384,-1672,-2195,-1775,-957,-325,-375
-591,-12,646,-456,-816,-393,-1670,-2200,-1771,-953,-323,-368
-588,-8,640,-451,-809,-393,-1666,-2200,-1767,-947,-317,-360
-584,-7,635,-448,-802,-389,-1660,-2198,-1764,-943,-308,-349
-584,-3,630,-443,-797,-390,-1656,-2197,-1761,-938,-300,-339
-588,1,627,-439,-797,-394,-1654,-2198,-1758,-935,-296,-329
-583,6,613,-426,-784,-393,-1648,-2197,-1754,-932,-291,-319
-575,9,597,-412,-767,-388,-1641,-2195,-1752,-930,-286,-311
-569,10,585,-402,-755,-385,-1634,-2202,-1752,-930,-285,-307
-567,9,576,-395,-747,-382,-1632,-2215,-1757,-936,-289,-306
-562,8,566,-387,-737,-378,-1631,-2225,-1763,-946,-297,-306
-560,6,558,-381,-731,-375,-1629,-2237,-1771,-954,-307,-306
-550,4,541,-368,-714,-368,-1621,-2242,-1773,-957,-310,-301
-533,-2,523,-356,-692,-354,-1613,-2242,-1776,-962,-307,-297
-520,-11,510,-351,-676,-340,-1610,-2249,-1779,-969,-308,-298
-506,-20,497,-344,-658,-326,-1607,-2252,-1780,-974,-306,-300
-497,-29,490,-342,-649,-316,-1608,-2256,-1782,-975,-305,-307
-494,-35,487,-341,-647,-311,-1613,-2265,-1784,-975,-309,-313
-488,-39,480,-335,-640,-306,-1617,-2275,-1785,-976,-316,-319
-479,-40,468,-324,-628,-301,-1619,-2281,-1788,-979,-319,-323
-473,-37,456,-311,-618,-302,-1620,-2286,-1794,-985,-320,-328
-478,-32,455,-304,-623,-310,-1624,-2297,-1804,-1000,-326,-338
-488,-26,459,-300,-633,-322,-1628,-2310,-1814,-1017,-334,-351
-496,-20,463,-296,-643,-332,-1629,-2319,-1823,-1032,-343,-362
-504,-13,467,-293,-653,-342,-1629,-2324,-1831,-1042,-351,-370
-506,-9,469,-291,-657,-345,-1627,-2326,-1838,-1050,-358,-376
-512,-8,480,-298,-670,-350,-1629,-2334,-1849,-1065,-370,-384
-516,-6,487,-302,-678,-354,-1634,-2346,-1860,-1077,-381,-393
-516,-1,490,-302,-681,-356,-1641,-2363,-1874,-1090,-389,-401
-514,3,491,-303,-682,-356,-1647,-2378,-1890,-1104,-396,-408
-511,5,494,-306,-683,-355,-1653,-2392,-1909,-1123,-407,-416
-508,10,494,-306,-680,-354,-1657,-2400,-1928,-1142,-418,-421
-516,18,502,-310,-691,-362,-1661,-2414,-1948,-1163,-432,-430
-529,28,514,-315,-707,-375,-1664,-2431,-1964,-1182,-447,-440
-539,41,519,-315,-717,-388,-1666,-2448,-1978,-1197,-460,-448
-555,51,531,-321,-734,-403,-1673,-2472,-1995,-1219,-476,-459
-569,64,539,-322,-748,-419,-1681,-2498,-2010,-1242,-491,-469
-581,76,545,-323,-758,-432,-1691,-2519,-2015,-1261,-502,-476
-595,85,555,-328,-771,-444,-1700,-2539,-2015,-1276,-513,-482
-611,89,570,-338,-789,-455,-1708,-2559,-2012,-1286,-526,-488
-627,96,582,-345,-806,-468,-1710,-2574,-2006,-1287,-538,-492
-634,103,582,-342,-808,-476,-1704,-2577,-1994,-1279,-542,-489
-633,107,576,-338,-801,-476,-1695,-2575,-1983,-1273,-542,-486
-629,106,571,-336,-792,-471,-1687,-2573,-1975,-1272,-541,-483
-626,104,567,-335,-785,-467,-1679,-2569,-1970,-1270,-540,-478
-626,102,565,-333,-782,-465,-1670,-2570,-1967,-1269,-542,-476
-621,100,557,-328,-771,-461,-1658,-2565,-1965,-1266,-542,-472
-615,95,550,-323,-761,-454,-1650,-2560,-1965,-1263,-542,-471
-610,88,545,-322,-753,-446,-1644,-2558,-1965,-1257,-541,-470
-609,83,541,-319,-749,-443,-1641,-2556,-1964,-1247,-542,-470
-608,82,533,-310,-743,-444,-1638,-2556,-1962,-1237,-543,-471
-610,84,526,-300,-740,-449,-1635,-2565,-1964,-1234,-549,-474
-606,90,507,-278,-725,-454,-1632,-2569,-1965,-1233,-553,-480
-597,96,485,-256,-705,-454,-1632,-2565,-1968,-1230,-550,-485
-589,97,468,-240,-690,-452,-1634,-2564,-1974,-1232,-549,-494
-577,97,449,-224,-671,-447,-1632,-2563,-1981,-1236,-548,-501
-566,93,436,-214,-657,-440,-1632,-2565,-1989,-1241,-546,-510
-557,87,428,-210,-648,-434,-1634,-2567,-1998,-1245,-546,-519
-546,83,417,-203,-636,-427,-1635,-2561,-2004,-1248,-545,-524
-531,80,401,-193,-618,-419,-1636,-2551,-2010,-1250,-540,-526
-520,79,390,-185,-606,-413,-1639,-2542,-2014,-1253,-536,-528
-520,75,392,-188,-610,-413,-1647,-2542,-2025,-1265,-540,-537
-526,74,400,-194,-622,-418,-1655,-2546,-2038,-1278,-551,-552
-533,76,406,-198,-633,-426,-1661,-2547,-2051,-1290,-562,-566
-536,80,410,-199,-640,-432,-1663,-2548,-2064,-1304,-575,-580
-537,83,412,-200,-644,-435,-1661,-2546,-2077,-1316,-584,-591
-544,84,423,-210,-659,-440,-1660,-2547,-2089,-1328,-596,-602
-549,86,432,-218,-670,-444,-1655,-2549,-2098,-1335,-607,-611
-548,88,437,-223,-675,-444,-1651,-2548,-2105,-1340,-617,-618
-544,90,438,-227,-675,-442,-1645,-2547,-2110,-1343,-626,-626
-541,90,443,-234,-677,-438,-1640,-2548,-2115,-1348,-635,-635
-539,94,446,-238,-679,-437,-1637,-2549,-2118,-1352,-640,-643
-545,96,459,-249,-692,-440,-1634,-2554,-2121,-1361,-646,-653
-555,97,476,-264,-711,-445,-1630,-2561,-2122,-1367,-653,-659
-560,99,487,-272,-721,-447,-1625,-2564,-2117,-1368,-653,-660
-565,98,499,-284,-732,-447,-1621,-2568,-2113,-1370,-656,-660
-568,99,507,-291,-738,-446,-1613,-2568,-2104,-1363,-658,-658
-569,98,514,-298,-742,-443,-1603,-2563,-2096,-1356,-660,-656
-574,94,526,-309,-750,-441,-1593,-2563,-2092,-1353,-664,-656
-580,88,541,-324,-762,-440,-1584,-2569,-2092,-1356,-672,-660
-585,82,553,-336,-770,-437,-1576,-2576,-2090,-1356,-679,-665
-581,81,550,-335,-763,-432,-1564,-2573,-2083,-1347,-678,-661
-574,81,541,-327,-749,-426,-1551,-2564,-2075,-1335,-675,-651
-570,85,531,-317,-737,-424,-1540,-2550,-2070,-1327,-673,-641
-565,86,520,-307,-723,-421,-1530,-2536,-2070,-1322,-672,-636
-563,85,515,-302,-716,-419,-1528,-2527,-2072,-1321,-676,-634
-558,84,505,-293,-703,-415,-1528,-2516,-2072,-1314,-675,-630
-556,82,497,-285,-694,-413,-1533,-2507,-2075,-1309,-677,-629
-558,79,494,-281,-691,-413,-1537,-2502,-2079,-1309,-681,-633
-565,77,495,-279,-695,-418,-1541,-2500,-2084,-1313,-689,-639
-574,78,495,-275,-699,-426,-1546,-2496,-2086,-1314,-695,-643
-583,77,497,-273,-706,-433,-1550,-2493,-2087,-1315,-699,-648
-587,77,491,-264,-705,-437,-1550,-2489,-2086,-1310,-698,-649
-582,74,481,-254,-695,-434,-1549,-2480,-2086,-1304,-692,-649
-576,66,475,-252,-689,-427,-1549,-2469,-2089,-1305,-690,-650
-563,58,464,-247,-674,-415,-1546,-2456,-2088,-1307,-684,-650
-549,47,454,-244,-660,-400,-1545,-2445,-2089,-1312,-680,-653
-539,36,450,-246,-654,-389,-1544,-2440,-2090,-1321,-681,-660
-532,31,445,-244,-648,-382,-1541,-2435,-2089,-1324,-682,-663
-520,29,433,-237,-635,-375,-1536,-2427,-2085,-1323,-679,-663
-507,27,421,-230,-622,-366,-1531,-2420,-2084,-1325,-673,-661
-503,24,421,-233,-622,-364,-1530,-2420,-2089,-1336,-673,-662
-506,23,426,-239,-631,-366,-1532,-2421,-2094,-1349,-676,-664
-509,25,432,-244,-639,-369,-1536,-2422,-2101,-1357,-681,-666
-512,29,436,-247,-646,-375,-1543,-2425,-2109,-1361,-688,-668
-514,34,438,-248,-651,-380,-1548,-2425,-2116,-1361,-691,-667
-523,38,451,-259,-667,-389,-1557,-2432,-2124,-1368,-699,-668
-534,43,465,-270,-685,-399,-1566,-2440,-2132,-1375,-705,-672
-542,48,477,-279,-699,-408,-1571,-2444,-2139,-1380,-710,-674
-546,53,485,-287,-708,-413,-1570,-2447,-2143,-1383,-711,-675
-551,57,496,-297,-718,-418,-1569,-2452,-2146,-1385,-712,-676
-553,59,505,-307,-726,-420,-1569,-2451,-2151,-1386,-711,-679
-559,58,522,-325,-740,-421,-1575,-2453,-2159,-1396,-713,-685
-572,58,543,-343,-762,-429,-1583,-2461,-2169,-1406,-721,-692
-580,61,556,-354,-774,-434,-1589,-2467,-2175,-1406,-723,-695
-590,63,571,-366,-788,-441,-1593,-2479,-2181,-1405,-728,-700
-598,70,578,-369,-795,-449,-1594,-2493,-2187,-1404,-737,-703
-603,78,579,-366,-797,-457,-1595,-2506,-2188,-1402,-746,-705
-610,85,582,-365,-801,-465,-1596,-2512,-2185,-1398,-755,-706
-620,90,589,-366,-810,-475,-1599,-2515,-2180,-1396,-767,-709
-629,92,596,-370,-818,-481,-1602,-2515,-2174,-1395,-780,-713
-629,95,593,-365,-813,-482,-1600,-2511,-2165,-1389,-786,-712
-623,95,583,-357,-799,-478,-1598,-2505,-2157,-1387,-786,-710
-617,97,573,-347,-786,-475,-1598,-2500,-2151,-1389,-784,-710
-614,99,563,-336,-775,-474,-1599,-2496,-2149,-1393,-783,-712
-614,99,558,-329,-769,-475,-1602,-2500,-2152,-1401,-787,-716
-611,101,546,-316,-758,-475,-1604,-2503,-2152,-1404,-787,-719
-610,100,539,-307,-751,-474,-1605,-2506,-2154,-1408,-783,-722
-612,94,539,-306,-751,-473,-1605,-2506,-2157,-1411,-779,-721
-617,84,546,-312,-758,-471,-1605,-2507,-2162,-1414,-777,-722
-621,74,553,-317,-766,-468,-1603,-2506,-2164,-1416,-776,-721
-628,62,563,-327,-777,-467,-1603,-2504,-2165,-1419,-774,-719
-624,50,564,-331,-776,-458,-1600,-2494,-2161,-1414,-768,-717
-610,38,555,-328,-761,-442,-1597,-2478,-2154,-1405,-759,-713
-601,28,550,-327,-753,-431,-1595,-2466,-2147,-1399,-752,-712
-590,23,538,-318,-739,-422,-1593,-2455,-2140,-1390,-743,-710
-580,21,526,-308,-727,-416,-1595,-2446,-2135,-1385,-736,-710
-573,21,515,-298,-717,-413,-1597,-2436,-2132,-1383,-732,-711
-564,24,501,-285,-703,-410,-1598,-2424,-2130,-1381,-726,-707
-551,26,483,-271,-685,-404,-1599,-2411,-2128,-1375,-716,-699
-540,28,470,-261,-671,-398,-1601,-2402,-2124,-1370,-707,-693
-537,25,470,-264,-671,-394,-1607,-2401,-2124,-1372,-705,-693
-540,22,477,-272,-680,-394,-1614,-2401,-2126,-1375,-708,-696
-545,22,484,-280,-690,-396,-1621,-2398,-2128,-1380,-714,-702
-551,24,490,-285,-699,-400,-1629,-2394,-2130,-1387,-722,-710
-552,26,492,-289,-702,-401,-1633,-2388,-2131,-1388,-729,-718
-558,27,501,-300,-714,-404,-1636,-2385,-2134,-1388,-739,-727
-567,29,512,-310,-727,-409,-1640,-2385,-2137,-1393,-749,-736
-572,30,519,-319,-736,-411,-1645,-2385,-2140,-1400,-757,-742
-573,30,525,-329,-741,-409,-1648,-2383,-2140,-1408,-762,-747
-577,29,535,-341,-750,-409,-1655,-2381,-2138,-1416,-768,-753
-583,33,542,-348,-758,-412,-1663,-2375,-2138,-1422,-773,-759
-596,35,557,-362,-776,-419,-1672,-2372,-2143,-1431,-782,-766
-617,41,578,-377,-804,-434,-1681,-2378,-2149,-1442,-795,-774
-637,50,595,-386,-828,-450,-1688,-2385,-2150,-1448,-802,-777
-662,59,616,-398,-857,-469,-1698,-2394,-2150,-1454,-809,-779
-681,67,632,-407,-880,-483,-1705,-2401,-2147,-1455,-812,-778
-690,71,643,-414,-892,-489,-1712,-2404,-2142,-1452,-809,-772
-699,72,655,-424,-905,-492,-1717,-2404,-2137,-1445,-804,-764
-713,73,672,-435,-923,-499,-1720,-2407,-2130,-1437,-801,-757
-721,72,684,-445,-936,-502,-1719,-2407,-2120,-1429,-801,-749
-719,73,683,-442,-932,-500,-1710,-2394,-2107,-1416,-797,-738
-710,75,673,-433,-918,-494,-1700,-2374,-2094,-1404,-790,-726
-701,78,661,-421,-902,-490,-1690,-2358,-2081,-1392,-783,-717
-694,82,649,-407,-889,-489,-1686,-2350,-2072,-1383,-779,-710
-692,84,642,-398,-881,-491,-1688,-2350,-2065,-1381,-780,-708
-683,88,627,-382,-864,-489,-1689,-2344,-2056,-1377,-776,-704
-676,90,614,-367,-850,-489,-1691,-2337,-2049,-1372,-770,-700
-674,94,604,-353,-841,-493,-1696,-2332,-2045,-1376,-767,-701
-675,93,600,-345,-838,-497,-1703,-2328,-2043,-1378,-764,-703
-674,91,595,-338,-834,-500,-1709,-2324,-2037,-1375,-758,-704
-674,88,593,-333,-832,-503,-1714,-2320,-2031,-1371,-754,-705
-670,86,584,-324,-824,-504,-1714,-2309,-2020,-1361,-748,-702
-659,85,569,-310,-806,-501,-1711,-2290,-2004,-1347,-736,-697
-654,82,560,-302,-796,-499,-1710,-2277,-1989,-1337,-729,-694
-643,78,548,-292,-781,-494,-1708,-2263,-1972,-1327,-722,-690
-634,72,540,-287,-771,-488,-1709,-2250,-1957,-1319,-716,-687
-627,64,536,-288,-764,-482,-1713,-2241,-1945,-1317,-714,-686
-619,60,530,-285,-756,-477,-1718,-2228,-1934,-1311,-711,-683
-610,59,518,-277,-744,-472,-1719,-2207,-1919,-1299,-702,-678
-598,55,508,-272,-731,-463,-1717,-2183,-1908,-1290,-693,-674
-592,46,509,-280,-729,-453,-1719,-2165,-1904,-1289,-688,-674
-589,34,517,-294,-734,-443,-1722,-2157,-1900,-1288,-688,-679
-587,24,525,-308,-740,-434,-1724,-2154,-1895,-1282,-688,-683
-587,17,533,-321,-748,-428,-1728,-2152,-1889,-1272,-688,-686
-583,13,535,-329,-749,-420,-1731,-2149,-1884,-1262,-688,-687
-586,8,546,-343,-760,-416,-1739,-2151,-1883,-1261,-696,-691
-591,7,555,-356,-772,-415,-1748,-2157,-1885,-1264,-705,-696
-595,8,562,-364,-781,-414,-1756,-2160,-1889,-1270,-714,-702
-594,9,565,-370,-784,-411,-1762,-2161,-1894,-1279,-721,-705
-596,9,571,-379,-790,-407,-1769,-2163,-1896,-1287,-727,-708
-598,11,577,-387,-797,-406,-1773,-2161,-1895,-1291,-729,-708
-609,13,591,-400,-815,-411,-1778,-2160,-1894,-1299,-732,-708
-628,19,610,-414,-841,-423,-1786,-2163,-1895,-1309,-738,-710
-643,27,623,-421,-860,-435,-1794,-2163,-1895,-1315,-740,-710
-663,36,639,-429,-883,-451,-1802,-2164,-1895,-1324,-743,-708
-683,50,652,-430,-904,-472,-1808,-2161,-1890,-1329,-744,-703
-699,65,659,-426,-919,-490,-1809,-2149,-1879,-1327,-738,-696
-712,76,666,-424,-930,-504,-1811,-2134,-1868,-1326,-736,-688
-728,83,678,-427,-948,-519,-1815,-2123,-1856,-1328,-738,-683
-745,91,692,-430,-967,-535,-1817,-2117,-1845,-1327,-743,-678
-751,96,696,-428,-971,-543,-1813,-2109,-1830,-1316,-742,-667
-747,96,695,-424,-966,-541,-1803,-2096,-1811,-1301,-738,-653
-741,90,695,-425,-960,-536,-1793,-2085,-1793,-1286,-734,-641
-736,84,697,-426,-956,-531,-1787,-2076,-1776,-1274,-731,-634
-738,78,703,-430,-959,-530,-1784,-2067,-1763,-1266,-730,-631
-731,72,700,-428,-951,-525,-1776,-2045,-1750,-1255,-722,-625
-722,63,697,-427,-941,-516,-1766,-2022,-1739,-1251,-714,-618
-718,54,699,-429,-938,-511,-1756,-2000,-1729,-1248,-705,-612
-718,45,703,-433,-940,-509,-1749,-1979,-1720,-1245,-699,-609
-715,36,704,-435,-938,-505,-1742,-1955,-1708,-1235,-695,-605
-715,27,707,-439,-939,-502,-1736,-1933,-1694,-1221,-693,-603
-709,22,700,-433,-931,-498,-1732,-1912,-1680,-1210,-689,-602
-693,17,683,-421,-908,-487,-1732,-1892,-1670,-1202,-681,-601
-680,7,672,-417,-893,-474,-1733,-1875,-1664,-1197,-675,-602
-661,-3,657,-411,-871,-457,-1732,-1858,-1659,-1192,-665,-601
-648,-13,647,-408,-857,-443,-1737,-1843,-1654,-1185,-653,-599
-642,-21,643,-409,-851,-435,-1745,-1834,-1650,-1182,-644,-601
-634,-28,636,-408,-843,-425,-1757,-1828,-1646,-1177,-634,-601
-622,-33,624,-404,-829,-413,-1766,-1820,-1641,-1165,-622,-597
-609,-36,610,-397,-813,-403,-1773,-1810,-1633,-1151,-609,-590
-608,-36,606,-395,-811,-401,-1782,-1807,-1629,-1143,-601,-588
-612,-34,605,-395,-815,-405,-1794,-1814,-1630,-1140,-598,-591
-620,-27,604,-393,-821,-412,-1805,-1823,-1632,-1141,-599,-596
-627,-18,601,-389,-826,-422,-1819,-1831,-1636,-1148,-602,-600
-630,-8,595,-382,-825,-428,-1830,-1829,-1637,-1147,-599,-600
-635,-4,596,-385,-831,-432,-1839,-1829,-1638,-1148,-600,-600
-638,-2,599,-391,-835,-432,-1843,-1828,-1637,-1147,-604,-598
-635,-5,602,-400,-836,-426,-1847,-1827,-1635,-1147,-608,-595
-628,-11,605,-411,-833,-415,-1851,-1827,-1634,-1147,-611,-593
-623,-17,609,-423,-833,-405,-1856,-1826,-1633,-1150,-614,-593
-620,-18,613,-431,-832,-400,-1861,-1819,-1630,-1151,-616,-595
-626,-16,623,-442,-842,-403,-1868,-1811,-1628,-1155,-619,-600
-643,-10,640,-454,-864,-416,-1874,-1807,-1625,-1158,-626,-606
-656,0,651,-459,-879,-429,-1879,-1799,-1618,-1154,-628,-609
-672,9,665,-466,-896,-444,-1885,-1793,-1615,-1154,-634,-613
-688,21,676,-468,-912,-460,-1886,-1788,-1612,-1152,-637,-613
-701,34,683,-466,-923,-475,-1887,-1781,-1608,-1148,-637,-609
-715,45,693,-468,-937,-490,-1889,-1775,-1603,-1143,-639,-605
-729,50,708,-476,-954,-501,-1888,-1771,-1596,-1138,-641,-604
-742,54,722,-483,-969,-511,-1885,-1766,-1585,-1129,-641,-601
-746,64,721,-476,-969,-519,-1877,-1752,-1568,-1111,-633,-592
-739,72,709,-462,-955,-519,-1869,-1732,-1550,-1096,-618,-579
-729,77,696,-449,-938,-515,-1861,-1706,-1534,-1086,-602,-565
-719,79,685,-437,-922,-511,-1853,-1677,-1521,-1078,-586,-552
-712,77,680,-433,-912,-505,-1844,-1655,-1510,-1072,-574,-540
-697,73,667,-424,-894,-494,-1833,-1634,-1496,-1061,-559,-525
-683,68,656,-415,-876,-484,-1821,-1615,-1485,-1056,-543,-510
-677,65,650,-409,-868,-479,-1811,-1598,-1478,-1053,-530,-496
-675,62,646,-404,-865,-479,-1803,-1582,-1474,-1051,-519,-482
-672,59,640,-397,-859,-477,-1797,-1566,-1469,-1045,-508,-466
-664,52,634,-391,-851,-471,-1794,-1553,-1462,-1039,-496,-451
-647,45,617,-380,-829,-458,-1788,-1533,-1447,-1024,-479,-431
-620,37,592,-363,-796,-438,-1780,-1504,-1426,-1001,-454,-410
-597,27,573,-353,-769,-419,-1774,-1478,-1409,-986,-432,-395
-572,19,550,-338,-739,-399,-1765,-1452,-1394,-974,-411,-383
-550,10,530,-327,-713,-382,-1756,-1429,-1380,-964,-392,-371
-530,-1,515,-321,-692,-363,-1747,-1409,-1366,-951,-377,-360
-510,-11,499,-314,-670,-346,-1738,-1390,-1353,-938,-361,-349
-485,-19,478,-303,-641,-325,-1729,-1368,-1341,-923,-343,-337
-458,-28,456,-293,-610,-303,-1718,-1344,-1328,-909,-324,-326
-437,-42,446,-294,-591,-280,-1710,-1327,-1319,-902,-310,-317
-419,-59,442,-303,-578,-257,-1704,-1313,-1308,-896,-298,-307
-397,-75,434,-309,-559,-231,-1697,-1301,-1292,-886,-285,-295
-371,-87,420,-308,-534,-206,-1690,-1289,-1274,-873,-272,-281
-342,-96,399,-301,-501,-179,-1682,-1274,-1251,-851,-254,-265
-319,-106,389,-304,-480,-156,-1676,-1264,-1229,-829,-237,-250
-295,-119,380,-309,-459,-130,-1666,-1255,-1207,-805,-223,-234
-270,-129,369,-312,-434,-104,-1648,-1244,-1186,-779,-209,-218
-244,-136,354,-312,-407,-80,-1628,-1234,-1162,-750,-193,-203
-221,-144,344,-314,-385,-57,-1609,-1224,-1141,-724,-176,-188
-197,-150,332,-315,-361,-34,-1593,-1210,-1121,-704,-154,-174
-178,-158,326,-321,-343,-14,-1578,-1196,-1103,-693,-136,-165
-169,-165,330,-333,-339,-1,-1567,-1188,-1085,-687,-125,-162
-158,-167,327,-337,-329,10,-1557,-1173,-1066,-680,-111,-158
-151,-171,330,-346,-326,19,-1546,-1158,-1051,-673,-99,-155
-143,-173,330,-352,-319,27,-1533,-1142,-1035,-663,-87,-149
-131,-177,327,-355,-307,40,-1517,-1124,-1015,-646,-71,-138
-119,-183,326,-361,-297,53,-1504,-1111,-994,-628,-56,-129
-114,-188,329,-369,-294,61,-1495,-1104,-975,-615,-48,-121
-111,-189,330,-372,-292,66,-1486,-1098,-958,-603,-42,-114
-103,-186,321,-365,-279,70,-1473,-1085,-937,-582,-33,-101
-90,-182,305,-352,-258,77,-1458,-1066,-911,-556,-21,-83
-76,-183,292,-343,-240,87,-1443,-1043,-886,-525,-6,-64
-63,-187,282,-339,-224,99,-1430,-1023,-866,-494,7,-46
-54,-194,278,-338,-214,109,-1422,-1008,-855,-470,15,-32
-41,-197,265,-329,-196,120,-1416,-993,-847,-446,23,-21
-28,-200,252,-320,-178,130,-1412,-984,-840,-424,30,-11
-17,-205,241,-311,-163,139,-1408,-975,-829,-404,35,-4
-11,-210,235,-307,-155,145,-1403,-964,-818,-387,36,2
-6,-213,227,-300,-146,151,-1396,-948,-807,-370,38,9
0,-218,220,-294,-137,156,-1389,-933,-794,-357,40,17
15,-224,205,-285,-118,169,-1377,-916,-777,-341,47,26
45,-234,180,-271,-82,194,-1364,-893,-758,-324,62,37
69,-247,163,-264,-55,217,-1357,-873,-741,-314,72,44
92,-255,142,-253,-27,236,-1349,-851,-725,-303,83,53
116,-262,120,-241,1,255,-1345,-834,-712,-296,94,60
136,-270,104,-234,25,272,-1342,-824,-704,-296,105,66
153,-274,88,-224,45,284,-1338,-812,-699,-293,117,73
171,-275,68,-211,69,294,-1331,-796,-692,-286,134,81
190,-276,47,-197,94,306,-1321,-778,-684,-280,152,90
204,-281,37,-194,108,316,-1310,-766,-678,-277,166,97
210,-289,38,-200,110,323,-1296,-754,-671,-275,176,102
218,-297,37,-206,114,332,-1280,-740,-663,-270,187,109
228,-304,36,-212,120,341,-1263,-728,-654,-261,195,115
243,-311,30,-214,133,353,-1243,-715,-646,-248,205,122
247,-319,35,-225,132,359,-1226,-708,-640,-241,207,123
247,-324,42,-235,127,360,-1212,-707,-634,-241,206,120
250,-328,46,-243,125,363,-1198,-705,-628,-239,205,117
258,-333,46,-248,131,370,-1185,-701,-622,-236,208,116
266,-339,47,-255,136,379,-1174,-699,-619,-234,211,114
274,-345,50,-263,139,387,-1167,-694,-614,-231,216,112
277,-353,59,-277,135,394,-1165,-690,-610,-233,219,106
269,-357,76,-294,119,391,-1167,-697,-607,-235,214,97
264,-356,86,-301,111,388,-1165,-699,-601,-229,215,96
260,-356,95,-309,102,386,-1162,-700,-594,-224,214,97
261,-355,99,-312,101,387,-1158,-697,-586,-221,212,102
268,-355,97,-313,109,394,-1151,-691,-573,-216,217,113
278,-360,98,-317,116,406,-1149,-688,-562,-211,224,127
285,-368,104,-326,118,418,-1150,-691,-557,-210,227,140
294,-376,108,-335,122,432,-1151,-698,-552,-208,228,154
310,-381,100,-332,139,448,-1150,-701,-544,-199,234,171
331,-382,83,-321,165,465,-1144,-698,-531,-186,245,190
349,-382,67,-308,189,479,-1140,-693,-519,-179,259,205
364,-380,52,-295,210,490,-1137,-690,-509,-173,272,218
372,-378,41,-285,224,496,-1137,-690,-501,-167,282,230
387,-375,23,-269,247,506,-1136,-683,-490,-149,296,243
403,-375,5,-254,270,518,-1136,-675,-476,-128,314,260
418,-376,-12,-240,293,529,-1139,-670,-465,-110,329,278
431,-377,-27,-228,312,540,-1148,-666,-456,-97,337,293
444,-379,-43,-215,332,550,-1161,-661,-447,-83,347,309
460,-383,-60,-202,355,562,-1179,-660,-441,-72,356,323
483,-386,-86,-184,388,580,-1197,-654,-432,-57,366,337
519,-390,-125,-158,438,605,-1215,-640,-423,-37,384,352
549,-395,-157,-137,479,628,-1237,-631,-417,-21,401,364
582,-398,-194,-111,526,650,-1260,-620,-410,-2,419,378
613,-400,-231,-86,572,672,-1290,-615,-407,13,433,390
643,-405,-263,-66,613,693,-1326,-620,-405,23,446,400
674,-410,-296,-46,655,715,-1369,-630,-401,32,460,411
705,-408,-333,-21,700,734,-1417,-642,-398,41,478,422
733,-404,-371,7,743,749,-1470,-661,-400,45,496,433
749,-397,-396,26,770,754,-1527,-688,-410,38,505,438
753,-391,-409,37,781,752,-1584,-720,-424,26,506,439
755,-384,-420,46,788,748,-1638,-752,-440,16,503,439
758,-378,-428,52,795,746,-1689,-785,-457,9,497,439
768,-377,-438,56,807,751,-1737,-810,-470,8,496,441
772,-378,-439,51,809,755,-1783,-834,-480,5,490,439
773,-377,-437,46,807,754,-1827,-854,-490,5,484,435
773,-372,-438,45,807,752,-1869,-874,-500,6,476,432
781,-370,-442,43,813,756,-1909,-897,-507,4,470,431
787,-371,-442,38,816,761,-1948,-926,-516,-3,461,428
791,-368,-442,36,817,762,-1987,-955,-526,-10,451,428
788,-363,-437,31,810,759,-2022,-982,-534,-16,443,428
775,-356,-424,24,792,747,-2054,-1014,-540,-19,432,425
768,-347,-418,23,782,737,-2081,-1040,-543,-13,427,425
753,-335,-407,20,764,722,-2104,-1061,-550,-10,424,424
737,-323,-396,18,744,705,-2122,-1080,-555,-7,422,425
727,-312,-390,20,733,693,-2133,-1094,-556,-1,424,429
719,-305,-383,18,722,686,-2143,-1111,-555,3,425,432
706,-299,-371,13,704,676,-2153,-1131,-555,6,419,432
692,-293,-359,9,686,665,-2159,-1150,-554,3,408,432
685,-286,-357,13,680,658,-2158,-1163,-551,1,402,435
686,-277,-365,24,685,655,-2155,-1170,-546,2,401,441
688,-272,-372,34,690,655,-2156,-1175,-543,0,402,444
690,-270,-376,40,695,657,-2156,-1182,-541,0,404,445
688,-274,-373,37,691,659,-2157,-1192,-542,-3,402,443
691,-278,-375,39,695,665,-2152,-1198,-543,-3,402,444
693,-286,-372,35,695,672,-2143,-1202,-545,-4,403,445
691,-300,-362,22,688,680,-2136,-1207,-551,-9,402,445
689,-319,-347,4,677,690,-2131,-1216,-562,-23,395,442
692,-341,-335,-14,672,706,-2131,-1227,-575,-38,386,440
697,-364,-325,-32,670,723,-2136,-1246,-592,-55,373,438
705,-383,-320,-42,673,738,-2144,-1266,-614,-74,356,431
722,-401,-327,-44,691,759,-2151,-1277,-639,-90,345,424
735,-422,-326,-54,700,778,-2157,-1289,-664,-109,331,414
749,-443,-326,-63,711,798,-2161,-1300,-685,-125,319,405
760,-465,-324,-73,718,816,-2165,-1311,-705,-140,308,391
767,-485,-316,-87,719,831,-2171,-1324,-726,-156,292,372
769,-497,-311,-95,718,837,-2175,-1333,-745,-171,278,352
769,-500,-312,-93,721,835,-2175,-1333,-762,-186,267,336
763,-496,-314,-86,720,826,-2174,-1328,-779,-199,258,322
743,-486,-306,-84,702,804,-2175,-1332,-799,-222,243,302
712,-472,-290,-84,671,771,-2183,-1344,-823,-252,221,277
675,-452,-273,-82,636,731,-2194,-1359,-847,-280,197,251
636,-427,-257,-78,600,688,-2206,-1370,-867,-304,172,227
599,-401,-244,-72,567,645,-2215,-1376,-880,-320,151,207
553,-373,-222,-71,522,595,-2224,-1385,-893,-343,127,186
501,-343,-195,-74,470,542,-2231,-1393,-904,-364,103,167
451,-313,-169,-76,420,490,-2237,-1399,-915,-382,81,150
407,-284,-147,-77,376,442,-2240,-1407,-929,-399,61,135
362,-258,-121,-83,329,396,-2244,-1416,-946,-417,40,120
318,-231,-96,-89,282,351,-2251,-1419,-962,-432,23,107
272,-205,-69,-97,234,306,-2263,-1418,-979,-448,5,94
220,-179,-36,-108,176,256,-2276,-1423,-995,-468,-18,79
177,-154,-10,-115,130,214,-2285,-1426,-1007,-480,-37,70
136,-132,16,-125,85,175,-2294,-1429,-1018,-489,-53,63
96,-110,40,-131,42,136,-2306,-1429,-1023,-495,-67,60
64,-87,54,-131,10,103,-2319,-1426,-1022,-499,-78,59
36,-68,67,-132,-19,75,-2331,-1424,-1018,-496,-88,59
7,-52,84,-136,-50,48,-2339,-1424,-1010,-487,-101,60
-23,-34,99,-137,-81,19,-2341,-1421,-997,-473,-112,61
-42,-15,102,-128,-97,-4,-2338,-1410,-980,-455,-114,63
-47,2,90,-110,-93,-16,-2334,-1399,-965,-444,-114,67
-47,15,78,-94,-85,-22,-2330,-1390,-952,-438,-113,69
-47,26,66,-78,-79,-28,-2324,-1378,-937,-429,-109,72
-54,36,61,-66,-80,-37,-2317,-1367,-922,-421,-108,74
-52,43,50,-52,-72,-40,-2303,-1352,-904,-410,-103,77
-49,48,39,-39,-62,-40,-2287,-1335,-886,-397,-95,81
-50,50,35,-30,-59,-42,-2274,-1320,-870,-385,-90,84
-57,51,36,-26,-64,-47,-2263,-1309,-857,-375,-89,88
-63,52,37,-22,-68,-52,-2252,-1297,-842,-365,-87,91
-67,51,38,-18,-71,-56,-2241,-1285,-826,-358,-88,95
-69,49,35,-12,-70,-57,-2229,-1270,-809,-347,-87,100
-61,48,24,0,-56,-53,-2217,-1248,-788,-330,-79,108
-56,40,22,1,-51,-46,-2207,-1232,-771,-317,-75,112
-47,29,19,1,-43,-36,-2197,-1217,-753,-306,-70,116
-40,17,19,-1,-37,-26,-2188,-1200,-740,-294,-64,118
-42,6,27,-8,-43,-23,-2180,-1186,-732,-285,-62,115
-48,-1,36,-14,-53,-26,-2173,-1173,-726,-279,-62,111
-55,-4,42,-16,-60,-31,-2167,-1160,-723,-276,-60,109
-62,-5,46,-15,-67,-38,-2165,-1150,-723,-280,-56,105
-76,-5,58,-18,-84,-51,-2168,-1148,-728,-290,-57,98
-99,-2,75,-24,-111,-71,-2178,-1154,-739,-307,-64,87
-125,6,92,-28,-139,-97,-2189,-1166,-753,-326,-73,72
-157,18,110,-28,-172,-128,-2195,-1180,-767,-341,-84,56
-185,36,120,-21,-197,-161,-2199,-1189,-780,-351,-92,46
-217,53,134,-17,-228,-195,-2210,-1204,-796,-368,-105,32
-249,72,148,-14,-260,-231,-2226,-1226,-815,-388,-121,17
-281,90,162,-11,-291,-266,-2244,-1248,-836,-410,-139,1
-313,110,175,-7,-322,-301,-2259,-1269,-862,-436,-159,-17
-347,129,192,-7,-357,-337,-2273,-1292,-893,-469,-186,-36
-381,151,206,-6,-390,-374,-2285,-1313,-926,-502,-215,-57
-419,171,226,-8,-430,-413,-2297,-1336,-959,-538,-246,-81
-472,194,259,-19,-489,-463,-2313,-1367,-991,-574,-282,-106
-520,219,286,-24,-540,-511,-2330,-1398,-1022,-604,-313,-125
-569,242,315,-33,-594,-558,-2353,-1433,-1056,-639,-344,-146
-617,267,342,-40,-645,-604,-2377,-1470,-1087,-672,-374,-166
-659,289,365,-46,-690,-645,-2394,-1498,-1112,-700,-398,-180
-696,306,389,-56,-733,-679,-2406,-1523,-1134,-727,-418,-193
-732,318,415,-71,-776,-708,-2417,-1550,-1154,-752,-440,-209
-766,331,441,-85,-817,-738,-2427,-1574,-1170,-769,-461,-225
-793,349,453,-86,-845,-765,-2431,-1591,-1183,-780,-479,-241
-811,368,456,-79,-859,-787,-2427,-1600,-1193,-787,-494,-255
-827,385,457,-73,-872,-806,-2423,-1607,-1205,-798,-511,-272
-845,404,460,-65,-886,-829,-2419,-1614,-1215,-809,-526,-287
-870,423,469,-61,-909,-856,-2418,-1620,-1222,-817,-544,-301
-888,440,472,-53,-923,-878,-2415,-1620,-1227,-820,-557,-310
-908,455,478,-48,-939,-899,-2416,-1621,-1235,-827,-569,-320
-930,470,487,-44,-959,-923,-2422,-1624,-1246,-839,-583,-333
-961,488,502,-40,-987,-954,-2432,-1628,-1258,-854,-599,-349
-994,509,514,-33,-1015,-989,-2445,-1632,-1272,-873,-616,-366
-1025,527,528,-27,-1043,-1022,-2458,-1640,-1288,-896,-636,-385
-1051,545,535,-17,-1063,-1051,-2468,-1650,-1304,-918,-655,-406
-1063,561,530,1,-1064,-1069,-2473,-1651,-1316,-932,-666,-426
-1078,571,533,10,-1074,-1086,-2475,-1650,-1328,-950,-680,-448
-1089,579,534,19,-1080,-1099,-2474,-1648,-1341,-968,-695,-471
-1099,580,539,22,-1087,-1107,-2473,-1647,-1357,-987,-715,-494
-1115,578,553,16,-1105,-1117,-2472,-1652,-1377,-1011,-740,-521
-1131,576,568,10,-1123,-1127,-2469,-1660,-1398,-1037,-765,-550
-1141,571,578,5,-1135,-1132,-2462,-1667,-1418,-1060,-786,-578
-1148,564,587,-2,-1144,-1133,-2451,-1670,-1437,-1078,-800,-601
-1159,553,605,-18,-1163,-1134,-2440,-1673,-1456,-1097,-818,-624
-1173,536,631,-42,-1189,-1133,-2432,-1674,-1476,-1117,-838,-647
-1181,518,653,-66,-1209,-1128,-2422,-1674,-1492,-1132,-857,-666
-1185,500,671,-88,-1224,-1119,-2410,-1674,-1502,-1141,-876,-677
-1179,484,679,-103,-1226,-1105,-2396,-1667,-1507,-1140,-887,-681
-1174,464,690,-123,-1231,-1089,-2386,-1665,-1510,-1142,-897,-683
-1167,446,700,-143,-1235,-1073,-2380,-1670,-1512,-1143,-906,-686
-1153,428,703,-157,-1229,-1053,-2374,-1673,-1511,-1138,-911,-688
-1134,413,699,-167,-1216,-1031,-2364,-1671,-1504,-1121,-910,-686
-1117,397,698,-180,-1205,-1009,-2355,-1666,-1493,-1099,-906,-680
-1102,383,698,-193,-1197,-990,-2345,-1654,-1479,-1076,-898,-671
-1088,367,701,-209,-1192,-970,-2334,-1640,-1463,-1055,-887,-662
-1084,352,716,-233,-1200,-957,-2324,-1636,-1450,-1043,-885,-656
-1078,341,723,-250,-1202,-945,-2312,-1629,-1435,-1028,-879,-650
-1075,330,735,-270,-1209,-936,-2302,-1626,-1422,-1018,-876,-647
-1074,318,751,-293,-1220,-927,-2291,-1626,-1408,-1009,-876,-643
-1071,305,763,-314,-1227,-916,-2278,-1623,-1393,-997,-873,-640
-1069,293,778,-336,-1237,-907,-2265,-1617,-1378,-985,-870,-639
-1074,281,799,-362,-1254,-902,-2256,-1615,-1365,-975,-873,-641
-1081,271,820,-385,-1274,-900,-2250,-1616,-1355,-970,-882,-645
-1086,269,830,-396,-1284,-901,-2244,-1615,-1344,-962,-888,-648
-1086,270,831,-398,-1285,-903,-2237,-1604,-1331,-952,-890,-648
-1083,268,831,-400,-1283,-899,-2227,-1587,-1317,-943,-887,-648
-1075,262,830,-404,-1277,-891,-2215,-1567,-1302,-936,-884,-649
-1075,258,834,-408,-1279,-888,-2202,-1554,-1288,-931,-882,-650
-1070,255,830,-406,-1273,-884,-2184,-1539,-1277,-922,-875,-647
-1063,251,826,-403,-1265,-877,-2163,-1520,-1265,-915,-863,-644
-1060,247,824,-402,-1262,-873,-2142,-1501,-1255,-908,-851,-642
-1059,240,826,-405,-1262,-869,-2123,-1484,-1247,-909,-840,-643
-1055,232,827,-406,-1260,-863,-2104,-1468,-1240,-911,-831,-643
-1049,221,826,-408,-1255,-853,-2085,-1453,-1231,-913,-823,-644
-1039,210,822,-408,-1245,-841,-2064,-1437,-1222,-912,-816,-643
-1019,198,807,-401,-1222,-822,-2040,-1413,-1212,-902,-802,-640
-1006,184,801,-401,-1209,-806,-2020,-1393,-1205,-894,-793,-639
-994,175,791,-395,-1194,-794,-2002,-1374,-1195,-883,-785,-637
-982,169,780,-387,-1178,-784,-1984,-1357,-1184,-874,-775,-637
-974,163,772,-382,-1167,-777,-1965,-1346,-1172,-868,-765,-639
-970,163,762,-371,-1157,-776,-1948,-1336,-1159,-864,-754,-639
-963,170,744,-351,-1139,-777,-1935,-1322,-1149,-859,-742,-639
-955,178,724,-331,-1120,-778,-1925,-1301,-1142,-856,-729,-639
-953,183,716,-321,-1112,-780,-1921,-1283,-1139,-860,-719,-642
-959,184,720,-323,-1117,-785,-1922,-1268,-1136,-863,-713,-647
-967,187,725,-325,-1125,-792,-1920,-1254,-1133,-863,-707,-651
-977,192,731,-327,-1134,-801,-1920,-1241,-1129,-862,-706,-655
-981,199,731,-325,-1135,-807,-1918,-1223,-1123,-858,-704,-657
-987,202,738,-330,-1142,-812,-1917,-1211,-1118,-859,-708,-659
-995,206,747,-338,-1153,-818,-1918,-1202,-1113,-863,-715,-661
-996,210,750,-341,-1154,-819,-1919,-1195,-1109,-870,-722,-662
-989,213,745,-341,-1145,-813,-1915,-1189,-1106,-879,-728,-663
-983,216,744,-343,-1139,-809,-1911,-1188,-1105,-890,-735,-665
-979,218,744,-346,-1136,-805,-1908,-1188,-1106,-901,-741,-667
-979,220,750,-354,-1139,-802,-1909,-1191,-1110,-912,-745,-670
-992,223,768,-369,-1159,-809,-1913,-1206,-1118,-930,-756,-680
-1003,229,780,-378,-1174,-818,-1917,-1221,-1124,-944,-761,-686
-1017,236,794,-387,-1193,-829,-1921,-1238,-1131,-959,-766,-692
-1030,243,808,-396,-1211,-839,-1923,-1252,-1139,-971,-775,-700
-1040,251,816,-400,-1224,-849,-1924,-1261,-1146,-975,-784,-706
-1050,256,828,-408,-1239,-856,-1927,-1268,-1151,-974,-791,-708
-1065,258,845,-421,-1261,-865,-1931,-1276,-1151,-966,-798,-709
-1082,259,864,-434,-1286,-875,-1935,-1285,-1151,-955,-807,-711
-1091,263,872,-439,-1300,-883,-1939,-1289,-1145,-939,-812,-708
-1092,268,869,-434,-1300,-886,-1939,-1286,-1136,-926,-810,-702
-1093,273,865,-428,-1299,-890,-1933,-1275,-1128,-919,-805,-696
-1095,279,860,-419,-1299,-896,-1925,-1264,-1122,-916,-801,-690
-1101,285,859,-413,-1304,-904,-1918,-1259,-1118,-915,-801,-689
-1103,289,853,-404,-1303,-910,-1910,-1252,-1111,-909,-797,-684
-1101,291,845,-393,-1298,-912,-1906,-1246,-1105,-904,-793,-678
-1101,293,837,-383,-1294,-915,-1903,-1239,-1102,-902,-789,-672
-1103,294,832,-375,-1295,-920,-1900,-1230,-1098,-897,-786,-668
-1105,296,825,-364,-1293,-926,-1897,-1215,-1087,-884,-780,-662
-1108,298,818,-354,-1292,-933,-1895,-1204,-1073,-870,-775,-655
-1109,303,807,-338,-1288,-941,-1893,-1194,-1061,-858,-773,-648
-1097,308,781,-312,-1264,-940,-1889,-1178,-1051,-843,-765,-639
-1088,309,762,-294,-1246,-939,-1889,-1168,-1044,-837,-759,-635
-1076,308,743,-278,-1226,-934,-1889,-1155,-1036,-829,-752,-634
-1060,299,727,-268,-1206,-921,-1887,-1141,-1028,-825,-744,-634
-1046,287,719,-267,-1191,-908,-1883,-1131,-1023,-824,-741,-638
-1033,275,710,-266,-1177,-895,-1879,-1123,-1022,-828,-740,-646
-1016,264,699,-262,-1158,-879,-1875,-1112,-1021,-833,-736,-654
-997,252,687,-260,-1137,-861,-1871,-1097,-1020,-841,-730,-661
-984,240,683,-265,-1124,-845,-1869,-1088,-1020,-854,-726,-668
-976,226,687,-275,-1119,-832,-1871,-1084,-1024,-868,-727,-678
-969,215,690,-285,-1115,-820,-1871,-1077,-1025,-876,-727,-686
-964,206,695,-295,-1113,-810,-1872,-1071,-1026,-882,-728,-694
-954,200,695,-300,-1104,-798,-1873,-1063,-1025,-884,-727,-698
-948,191,700,-312,-1101,-787,-1874,-1058,-1023,-884,-731,-702
-942,183,707,-326,-1100,-775,-1873,-1055,-1019,-882,-737,-707
-937,179,711,-335,-1096,-765,-1870,-1052,-1016,-880,-742,-712
-927,179,708,-337,-1085,-755,-1865,-1053,-1014,-876,-746,-716
-917,180,703,-337,-1071,-744,-1862,-1057,-1012,-864,-747,-719
-906,185,696,-333,-1056,-736,-1859,-1058,-1007,-846,-744,-718
-899,192,689,-329,-1046,-731,-1856,-1058,-998,-828,-739,-716
-907,201,697,-334,-1054,-738,-1852,-1066,-994,-822,-744,-715
-915,214,699,-331,-1059,-748,-1843,-1074,-988,-817,-744,-712
-926,230,703,-327,-1068,-761,-1836,-1083,-981,-819,-744,-710
-940,246,708,-323,-1080,-777,-1830,-1095,-973,-824,-744,-709
-949,261,708,-317,-1086,-789,-1825,-1104,-966,-826,-741,-707
-959,272,714,-317,-1096,-799,-1818,-1111,-957,-823,-738,-705
-972,279,726,-322,-1115,-811,-1812,-1123,-950,-819,-737,-703
-986,285,739,-329,-1134,-822,-1808,-1139,-941,-815,-740,-702
-990,288,743,-330,-1141,-825,-1798,-1146,-928,-805,-740,-700
-986,292,738,-325,-1138,-824,-1784,-1142,-911,-793,-737,-696
-982,295,734,-320,-1136,-823,-1772,-1135,-897,-782,-733,-695
-978,297,729,-314,-1133,-822,-1762,-1131,-889,-777,-729,-697
-976,297,729,-313,-1136,-821,-1754,-1133,-888,-783,-731,-701
-970,297,722,-306,-1131,-819,-1742,-1129,-884,-782,-732,-704
-965,299,714,-297,-1126,-818,-1732,-1121,-878,-779,-731,-706
-964,299,710,-291,-1127,-819,-1725,-1114,-874,-777,-730,-706
-965,295,711,-290,-1131,-819,-1721,-1107,-874,-781,-729,-708
-966,292,711,-288,-1135,-821,-1717,-1096,-871,-781,-724,-707
-965,287,710,-286,-1136,-820,-1710,-1082,-863,-776,-719,-704
-961,283,704,-280,-1132,-817,-1701,-1064,-853,-766,-714,-698
-942,278,683,-265,-1107,-805,-1688,-1037,-839,-745,-699,-686
-925,270,668,-256,-1086,-792,-1676,-1013,-825,-729,-688,-676
-906,262,650,-245,-1062,-777,-1660,-990,-811,-717,-676,-665
-886,254,633,-236,-1037,-761,-1643,-968,-799,-707,-662,-654
-872,244,622,-233,-1019,-748,-1627,-951,-791,-699,-653,-646
-859,236,612,-229,-1002,-736,-1617,-937,-785,-692,-648,-642
-845,233,595,-219,-979,-727,-1609,-922,-778,-681,-642,-637
-829,231,576,-205,-952,-716,-1601,-905,-770,-670,-637,-634
-820,228,565,-200,-935,-710,-1593,-894,-767,-670,-635,-637
-820,223,567,-205,-933,-707,-1589,-888,-770,-677,-639,-645
-824,219,572,-212,-935,-707,-1586,-884,-776,-686,-645,-655
-828,216,577,-219,-937,-708,-1587,-885,-782,-696,-651,-662
-827,212,578,-225,-934,-704,-1588,-886,-788,-702,-657,-668
-828,203,588,-240,-936,-698,-1594,-893,-792,-710,-666,-675
-830,194,599,-256,-941,-693,-1599,-899,-794,-717,-677,-681
-827,186,605,-269,-940,-683,-1602,-903,-792,-719,-685,-685
-818,179,606,-278,-931,-672,-1601,-902,-785,-715,-690,-687
-810,171,608,-289,-925,-660,-1600,-904,-777,-712,-691,-688
-804,167,609,-297,-919,-651,-1595,-908,-766,-704,-688,-686
-801,165,612,-305,-917,-646,-1585,-911,-750,-694,-680,-684
-811,167,625,-317,-932,-652,-1575,-917,-738,-693,-680,-686
-817,174,630,-319,-939,-660,-1561,-918,-728,-693,-679,-685
-825,182,635,-321,-947,-669,-1551,-920,-722,-694,-681,-685
-836,194,640,-320,-960,-683,-1544,-922,-717,-691,-683,-685
-843,206,640,-315,-965,-694,-1535,-919,-710,-685,-681,-682
-847,214,643,-314,-972,-701,-1523,-916,-701,-683,-681,-681
-852,213,654,-324,-986,-703,-1513,-918,-692,-680,-685,-681
-860,212,668,-335,-1002,-707,-1505,-919,-683,-677,-692,-680
-860,210,673,-341,-1009,-705,-1492,-913,-670,-664,-692,-673
-846,205,667,-340,-1000,-693,-1470,-900,-652,-647,-682,-660
-827,195,660,-341,-986,-674,-1449,-885,-635,-631,-669,-647
-809,186,653,-341,-973,-657,-1429,-873,-620,-616,-656,-634
-799,179,650,-341,-967,-646,-1413,-866,-608,-606,-645,-625
-787,176,641,-335,-957,-637,-1399,-854,-594,-594,-635,-614
-776,173,631,-328,-947,-628,-1388,-837,-581,-583,-624,-602
-770,169,627,-324,-942,-622,-1380,-821,-571,-573,-615,-592
-768,164,627,-325,-943,-618,-1381,-811,-565,-566,-608,-586
-764,157,626,-324,-942,-612,-1385,-802,-559,-561,-602,-580
-758,152,623,-322,-937,-605,-1387,-795,-551,-558,-597,-578
-752,147,616,-317,-930,-599,-1388,-788,-542,-559,-594,-578
-733,145,595,-300,-903,-586,-1385,-773,-531,-556,-579,-575
-717,141,577,-287,-880,-573,-1385,-766,-523,-555,-567,-574
-700,138,557,-272,-855,-561,-1385,-761,-515,-551,-553,-570
-680,134,537,-257,-826,-545,-1386,-755,-505,-541,-536,-564
-666,128,523,-249,-807,-534,-1387,-749,-495,-530,-518,-557
-652,123,510,-240,-787,-522,-1385,-742,-481,-513,-501,-550
-635,120,492,-227,-761,-510,-1385,-737,-471,-500,-486,-547
-618,119,472,-212,-735,-499,-1386,-736,-464,-494,-471,-545
-608,117,461,-205,-718,-492,-1392,-743,-464,-497,-463,-548
-605,113,459,-205,-712,-489,-1402,-756,-471,-504,-465,-556
-602,111,457,-204,-707,-487,-1411,-770,-477,-508,-472,-565
-601,111,454,-202,-702,-487,-1418,-780,-480,-508,-482,-574
-595,111,449,-199,-692,-484,-1418,-783,-479,-502,-489,-580
-595,110,450,-202,-691,-484,-1413,-785,-475,-502,-498,-586
-600,111,456,-206,-697,-489,-1408,-790,-468,-503,-508,-589
-604,113,460,-210,-700,-493,-1405,-794,-460,-501,-519,-588
-605,115,462,-212,-702,-496,-1402,-798,-450,-498,-528,-586
-605,115,466,-217,-703,-496,-1399,-803,-444,-500,-536,-585
-603,115,469,-222,-703,-494,-1399,-807,-439,-503,-545,-586
-602,111,475,-232,-707,-489,-1399,-806,-435,-506,-554,-589
-613,108,495,-251,-727,-493,-1400,-811,-431,-510,-568,-592
-616,107,504,-261,-736,-492,-1397,-809,-423,-506,-576,-590
-618,104,514,-274,-745,-489,-1393,-806,-418,-501,-580,-586
-621,100,526,-288,-756,-487,-1387,-803,-414,-493,-582,-582
-621,99,533,-297,-762,-484,-1383,-797,-409,-484,-580,-579
-622,98,539,-305,-768,-481,-1378,-789,-400,-474,-574,-577
-623,94,548,-317,-778,-477,-1369,-783,-389,-465,-572,-576
-626,90,559,-330,-789,-473,-1354,-773,-374,-452,-573,-576
