aVF,aVL,aVR,I,II,III,V1,V2,V3,V4,V5,V6
-9,-837,846,-1075,-612,580,2290,5121,-60,1032,-2879,2050
1,-849,840,-1069,-602,576,2300,5122,-72,1047,-2858,2066
-11,-875,870,-1098,-629,565,2298,5110,-97,1049,-2844,2069
-15,-889,881,-1108,-637,551,2303,5103,-119,1059,-2824,2076
-32,-910,912,-1135,-665,533,2304,5093,-148,1058,-2814,2072
-42,-915,921,-1140,-673,510,2311,5091,-171,1064,-2801,2072
-33,-905,899,-1115,-647,490,2323,5101,-184,1081,-2777,2079
-25,-909,892,-1111,-629,481,2326,5102,-206,1090,-2761,2078
-24,-918,899,-1122,-626,473,2321,5092,-235,1094,-2760,2073
-7,-901,865,-1088,-583,461,2334,5092,-247,1120,-2758,2085
35,-859,784,-1010,-493,451,2360,5109,-242,1169,-2745,2115
62,-834,737,-966,-436,446,2371,5121,-248,1198,-2738,2133
48,-848,771,-1003,-459,443,2352,5112,-280,1185,-2753,2125
4,-894,868,-1106,-546,445,2315,5087,-330,1145,-2790,2094
-45,-944,974,-1218,-643,449,2285,5063,-380,1109,-2832,2060
-52,-960,1006,-1259,-662,462,2283,5065,-406,1108,-2848,2049
-47,-966,1016,-1280,-661,479,2287,5073,-422,1113,-2854,2040
-47,-974,1032,-1306,-667,498,2283,5072,-444,1106,-2863,2027
-66,-992,1077,-1359,-707,512,2265,5052,-475,1078,-2884,2004
-96,-1008,1130,-1415,-760,521,2241,5021,-508,1044,-2913,1976
-114,-1012,1158,-1447,-790,532,2219,4991,-535,1019,-2941,1952
-100,-984,1122,-1414,-757,544,2217,4980,-545,1026,-2947,1950
-71,-942,1056,-1353,-697,557,2224,4981,-542,1051,-2939,1960
-60,-917,1022,-1323,-670,570,2221,4977,-544,1067,-2938,1966
-42,-891,979,-1284,-633,586,2219,4977,-544,1090,-2933,1976
-36,-882,966,-1276,-625,605,2200,4969,-552,1096,-2934,1980
-53,-899,998,-1314,-663,625,2167,4949,-572,1087,-2948,1975
-65,-917,1025,-1348,-694,647,2136,4939,-588,1087,-2955,1973
-71,-935,1044,-1375,-717,670,2113,4942,-599,1092,-2952,1973
-97,-975,1105,-1443,-781,692,2073,4937,-622,1073,-2955,1958
-153,-1030,1209,-1548,-894,702,2019,4919,-659,1033,-2971,1928
-199,-1053,1272,-1604,-972,696,1984,4913,-681,1019,-2979,1910
-201,-1025,1238,-1559,-957,680,1986,4937,-672,1050,-2963,1923
-166,-956,1126,-1434,-864,660,2022,4987,-636,1118,-2921,1963
-112,-880,987,-1285,-741,643,2072,5045,-592,1191,-2868,2014
-88,-837,913,-1202,-682,626,2104,5081,-570,1228,-2836,2046
-71,-805,858,-1137,-639,609,2132,5107,-556,1256,-2814,2070
-45,-770,791,-1061,-580,593,2169,5132,-538,1289,-2790,2100
1,-724,693,-958,-488,581,2222,5170,-508,1342,-2750,2142
57,-674,583,-843,-379,570,2281,5217,-473,1401,-2709,2183
109,-641,494,-754,-288,566,2331,5259,-445,1446,-2681,2213
129,-650,479,-742,-265,568,2349,5276,-443,1451,-2678,2217
128,-686,513,-780,-288,573,2348,5276,-460,1435,-2690,2205
140,-726,539,-816,-296,588,2352,5281,-476,1427,-2694,2198
141,-777,586,-875,-325,604,2350,5280,-495,1413,-2703,2186
151,-816,614,-913,-334,618,2357,5288,-503,1412,-2708,2181
178,-837,608,-918,-308,632,2373,5309,-499,1424,-2699,2184
195,-858,615,-933,-296,641,2383,5322,-501,1424,-2701,2178
192,-876,638,-958,-309,636,2388,5321,-512,1418,-2718,2163
195,-858,620,-933,-289,614,2409,5323,-511,1436,-2728,2162
221,-807,547,-851,-217,587,2447,5339,-491,1474,-2720,2178
240,-766,494,-791,-164,564,2471,5347,-479,1495,-2715,2184
225,-755,505,-795,-175,542,2464,5330,-492,1480,-2728,2169
184,-761,559,-840,-232,517,2436,5292,-524,1437,-2756,2139
143,-754,602,-871,-283,487,2411,5255,-553,1399,-2785,2113
150,-704,554,-813,-241,462,2418,5251,-551,1408,-2788,2117
181,-634,461,-713,-155,444,2442,5265,-530,1440,-2774,2139
213,-570,373,-620,-71,432,2465,5282,-505,1471,-2752,2165
226,-523,321,-563,-25,422,2474,5287,-489,1493,-2733,2189
228,-492,295,-533,-5,416,2473,5282,-481,1510,-2716,2209
234,-463,267,-503,18,415,2472,5274,-474,1528,-2698,2233
269,-412,187,-423,95,421,2484,5283,-455,1570,-2664,2274
314,-356,89,-327,189,431,2497,5298,-432,1614,-2625,2315
338,-321,33,-272,241,440,2497,5304,-419,1641,-2600,2342
364,-296,-18,-225,291,458,2496,5317,-404,1668,-2571,2371
372,-303,-21,-230,295,484,2486,5322,-397,1681,-2546,2391
348,-346,44,-303,234,512,2463,5311,-406,1677,-2537,2396
318,-401,125,-393,156,542,2439,5298,-425,1669,-2535,2397
289,-463,210,-490,76,577,2409,5289,-449,1653,-2532,2395
244,-558,343,-638,-46,620,2354,5270,-495,1605,-2544,2375
174,-682,532,-843,-223,664,2278,5232,-565,1524,-2579,2333
111,-790,696,-1019,-380,699,2213,5197,-632,1457,-2614,2300
84,-853,779,-1109,-458,726,2174,5184,-676,1427,-2631,2288
92,-878,791,-1128,-466,748,2158,5193,-697,1429,-2625,2291
109,-893,784,-1126,-455,767,2151,5207,-708,1436,-2612,2294
100,-928,825,-1171,-495,778,2130,5205,-732,1421,-2617,2284
88,-962,869,-1216,-538,785,2111,5197,-755,1407,-2626,2281
92,-974,877,-1224,-546,787,2106,5195,-764,1414,-2624,2295
129,-965,831,-1181,-496,793,2118,5212,-753,1446,-2598,2329
188,-946,756,-1114,-412,806,2140,5242,-725,1492,-2559,2375
248,-936,688,-1058,-330,825,2162,5272,-692,1530,-2522,2417
281,-961,682,-1067,-308,849,2161,5281,-677,1534,-2510,2434
294,-1000,710,-1109,-320,867,2149,5277,-675,1520,-2515,2438
318,-1021,710,-1121,-306,881,2145,5283,-664,1515,-2510,2449
335,-1042,717,-1138,-299,891,2142,5289,-652,1507,-2505,2459
367,-1048,692,-1124,-261,901,2151,5308,-628,1517,-2491,2483
418,-1032,626,-1068,-180,911,2173,5345,-591,1543,-2463,2521
461,-1018,569,-1022,-111,919,2193,5380,-559,1562,-2438,2550
490,-1013,535,-995,-65,923,2209,5406,-533,1574,-2423,2569
530,-992,472,-939,9,928,2243,5438,-496,1607,-2406,2597
594,-957,371,-849,125,941,2291,5481,-450,1650,-2380,2634
645,-952,313,-809,204,968,2325,5512,-420,1666,-2365,2655
655,-995,344,-859,197,1002,2329,5513,-421,1634,-2380,2643
627,-1075,449,-984,116,1038,2305,5487,-451,1571,-2425,2604
584,-1157,570,-1121,13,1068,2271,5453,-490,1509,-2482,2557
578,-1202,618,-1185,-15,1099,2256,5443,-510,1485,-2515,2530
590,-1233,634,-1220,-12,1135,2250,5447,-518,1473,-2535,2514
602,-1272,658,-1265,-13,1179,2242,5452,-527,1456,-2549,2497
598,-1326,714,-1342,-48,1223,2226,5448,-545,1428,-2568,2473
586,-1385,782,-1431,-97,1268,2212,5439,-564,1400,-2591,2448
581,-1432,835,-1502,-132,1310,2205,5434,-581,1381,-2609,2430
608,-1443,820,-1503,-101,1350,2229,5451,-575,1401,-2601,2435
658,-1433,762,-1463,-28,1391,2266,5483,-553,1442,-2575,2453
693,-1435,733,-1450,15,1432,2290,5507,-539,1467,-2559,2465
737,-1437,696,-1430,69,1477,2317,5533,-523,1491,-2540,2482
769,-1454,687,-1440,94,1524,2336,5553,-514,1503,-2527,2495
776,-1489,721,-1488,74,1565,2341,5559,-516,1501,-2525,2500
784,-1518,749,-1530,58,1601,2347,5566,-516,1500,-2522,2505
801,-1543,764,-1559,55,1639,2352,5577,-515,1495,-2514,2509
805,-1591,815,-1626,19,1680,2341,5577,-529,1461,-2513,2497
781,-1655,910,-1733,-65,1713,2313,5564,-558,1407,-2529,2467
764,-1683,961,-1785,-115,1724,2301,5558,-574,1375,-2541,2449
787,-1647,907,-1724,-70,1716,2319,5581,-563,1387,-2536,2457
845,-1560,765,-1571,57,1696,2362,5625,-532,1427,-2513,2487
915,-1458,594,-1386,213,1672,2409,5673,-498,1465,-2483,2520
950,-1382,484,-1259,304,1639,2434,5696,-486,1468,-2471,2535
972,-1318,397,-1155,371,1604,2452,5710,-479,1470,-2463,2551
1005,-1252,296,-1041,455,1573,2476,5729,-463,1491,-2441,2584
1064,-1177,158,-895,583,1552,2515,5767,-433,1533,-2395,2641
1138,-1103,2,-738,732,1539,2560,5818,-396,1586,-2334,2715
1208,-1044,-135,-603,867,1533,2598,5869,-365,1630,-2274,2786
1248,-1028,-201,-544,935,1534,2614,5898,-358,1637,-2236,2826
1263,-1038,-218,-535,955,1536,2617,5911,-363,1625,-2216,2844
1285,-1042,-249,-513,990,1539,2625,5930,-362,1625,-2192,2860
1294,-1054,-260,-510,1005,1539,2626,5939,-366,1623,-2175,2870
1315,-1057,-292,-488,1041,1542,2628,5950,-368,1630,-2158,2884
1355,-1042,-360,-430,1116,1547,2636,5964,-363,1646,-2132,2911
1383,-1025,-417,-379,1176,1543,2636,5967,-362,1658,-2105,2938
1391,-1002,-460,-335,1214,1525,2628,5957,-366,1668,-2086,2965
1414,-953,-539,-250,1287,1501,2635,5956,-354,1705,-2060,3008
1465,-885,-664,-123,1409,1486,2656,5974,-326,1768,-2019,3069
1501,-839,-749,-38,1495,1479,2665,5990,-304,1813,-1983,3120
1493,-839,-741,-47,1489,1474,2645,5981,-307,1817,-1971,3141
1448,-878,-654,-135,1406,1474,2603,5953,-331,1792,-1985,3138
1389,-928,-538,-250,1295,1475,2557,5924,-360,1766,-2016,3128
1364,-953,-481,-310,1244,1482,2532,5919,-369,1772,-2032,3135
1352,-971,-441,-353,1214,1496,2510,5922,-372,1776,-2039,3139
1336,-1000,-385,-415,1170,1517,2481,5917,-384,1761,-2045,3128
1307,-1045,-298,-508,1096,1541,2443,5898,-407,1726,-2061,3104
1271,-1092,-201,-608,1010,1562,2404,5870,-434,1685,-2084,3081
1245,-1124,-129,-682,946,1582,2374,5845,-456,1654,-2105,3067
1254,-1118,-129,-681,953,1599,2372,5837,-458,1654,-2106,3079
1290,-1084,-183,-626,1011,1616,2386,5840,-447,1671,-2090,3106
1312,-1060,-214,-592,1045,1630,2389,5830,-448,1675,-2083,3123
1341,-1035,-254,-552,1088,1647,2390,5822,-448,1685,-2069,3144
1362,-1029,-268,-540,1107,1670,2377,5804,-456,1690,-2059,3161
1362,-1048,-237,-574,1081,1694,2349,5770,-480,1678,-2064,3167
1363,-1069,-208,-608,1057,1718,2314,5735,-506,1667,-2070,3170
1376,-1093,-189,-637,1047,1749,2276,5705,-528,1657,-2070,3172
1383,-1149,-137,-708,1010,1796,2216,5669,-562,1625,-2074,3160
1373,-1229,-45,-820,937,1845,2135,5618,-613,1574,-2093,3131
1381,-1286,2,-888,904,1888,2070,5581,-650,1551,-2103,3116
1432,-1296,-43,-861,964,1926,2041,5579,-654,1578,-2085,3136
1523,-1265,-171,-752,1104,1960,2035,5606,-629,1642,-2041,3188
1627,-1222,-327,-615,1273,1994,2036,5644,-592,1714,-1982,3252
1690,-1203,-420,-537,1374,2014,2013,5662,-572,1751,-1940,3296
1730,-1190,-484,-482,1441,2020,1980,5672,-563,1769,-1910,3330
1768,-1166,-560,-412,1516,2017,1953,5685,-554,1790,-1880,3365
1820,-1124,-668,-308,1622,2010,1941,5709,-538,1820,-1841,3406
1878,-1073,-790,-191,1742,1999,1933,5738,-520,1849,-1799,3448
1920,-1030,-889,-94,1837,1983,1921,5762,-511,1862,-1763,3481
1926,-1025,-915,-70,1860,1967,1887,5763,-524,1839,-1751,3489
1906,-1049,-885,-104,1831,1954,1839,5744,-557,1796,-1760,3480
1891,-1070,-862,-131,1808,1942,1792,5726,-588,1758,-1769,3475
1858,-1101,-810,-184,1755,1925,1735,5701,-625,1715,-1788,3461
1826,-1125,-766,-228,1708,1905,1687,5682,-659,1686,-1804,3450
1814,-1132,-754,-239,1696,1889,1660,5681,-679,1678,-1809,3452
1794,-1143,-730,-262,1671,1872,1637,5679,-698,1674,-1813,3451
1758,-1153,-688,-295,1623,1846,1617,5674,-715,1671,-1824,3444
1734,-1133,-686,-283,1610,1810,1616,5678,-713,1692,-1829,3449
1738,-1082,-739,-214,1651,1774,1634,5695,-693,1735,-1816,3469
1734,-1044,-769,-170,1671,1745,1638,5703,-683,1758,-1805,3485
1690,-1041,-722,-201,1613,1715,1617,5687,-698,1740,-1813,3478
1617,-1066,-615,-291,1495,1687,1574,5646,-737,1691,-1841,3449
1538,-1096,-494,-394,1363,1661,1529,5594,-786,1633,-1881,3415
1497,-1094,-443,-430,1303,1640,1505,5560,-819,1603,-1907,3399
1476,-1077,-425,-434,1277,1625,1490,5541,-842,1585,-1925,3392
1451,-1064,-400,-445,1244,1611,1472,5526,-865,1561,-1942,3385
1407,-1063,-344,-486,1177,1595,1445,5505,-894,1525,-1968,3372
1353,-1061,-279,-532,1097,1572,1418,5482,-923,1489,-1998,3358
1311,-1042,-243,-546,1044,1547,1405,5469,-934,1477,-2020,3355
1306,-986,-284,-485,1067,1522,1424,5482,-916,1506,-2017,3379
1334,-911,-378,-375,1146,1506,1463,5515,-881,1555,-1995,3422
1350,-849,-448,-290,1202,1490,1502,5542,-848,1592,-1975,3459
1374,-786,-529,-196,1270,1479,1548,5571,-814,1630,-1947,3497
1388,-742,-585,-131,1315,1472,1586,5586,-792,1644,-1929,3522
1380,-730,-588,-121,1310,1470,1607,5576,-794,1629,-1930,3522
1374,-730,-582,-125,1301,1476,1619,5559,-808,1606,-1935,3514
1371,-737,-576,-132,1293,1485,1621,5538,-833,1570,-1943,3499
1339,-766,-520,-188,1234,1489,1597,5493,-886,1491,-1971,3460
1266,-816,-404,-297,1106,1476,1551,5422,-964,1380,-2029,3397
1187,-842,-308,-376,988,1441,1510,5351,-1040,1287,-2090,3342
1142,-823,-292,-371,948,1396,1494,5305,-1093,1237,-2128,3314
1131,-769,-345,-297,975,1348,1500,5281,-1128,1224,-2141,3308
1133,-712,-415,-209,1023,1305,1511,5268,-1157,1222,-2141,3308
1095,-694,-405,-201,991,1260,1497,5237,-1204,1193,-2161,3288
1029,-693,-349,-236,910,1207,1471,5197,-1261,1148,-2193,3258
956,-690,-288,-272,820,1145,1448,5160,-1316,1105,-2232,3228
898,-677,-250,-286,756,1085,1443,5138,-1360,1080,-2263,3204
858,-661,-231,-287,716,1034,1449,5126,-1397,1062,-2285,3183
821,-660,-199,-305,669,994,1455,5114,-1434,1038,-2306,3161
763,-692,-112,-383,571,962,1440,5084,-1487,985,-2344,3122
685,-747,19,-505,431,931,1409,5041,-1552,917,-2391,3077
623,-792,126,-604,317,904,1386,5008,-1607,867,-2425,3043
552,-837,244,-712,189,873,1356,4972,-1663,821,-2459,3005
485,-869,345,-799,76,835,1331,4941,-1713,788,-2490,2972
445,-883,403,-846,9,805,1324,4928,-1751,781,-2507,2951
412,-904,462,-898,-54,786,1328,4917,-1784,784,-2518,2934
380,-934,530,-963,-122,776,1342,4905,-1811,797,-2526,2922
376,-941,548,-980,-138,771,1383,4909,-1819,838,-2520,2928
414,-922,499,-934,-79,780,1450,4937,-1803,904,-2500,2951
456,-918,462,-907,-26,804,1509,4963,-1792,955,-2488,2962
463,-953,496,-953,-43,834,1542,4968,-1803,967,-2502,2951
437,-1020,596,-1065,-126,866,1550,4953,-1834,945,-2538,2925
398,-1095,717,-1195,-230,897,1545,4925,-1875,916,-2583,2895
389,-1138,775,-1262,-271,928,1558,4913,-1901,912,-2605,2881
389,-1165,806,-1301,-289,958,1574,4905,-1925,916,-2614,2870
371,-1199,860,-1360,-333,981,1582,4889,-1956,911,-2624,2850
321,-1244,957,-1454,-425,994,1571,4856,-2001,885,-2646,2820
253,-1292,1072,-1561,-542,996,1547,4813,-2057,852,-2677,2785
198,-1327,1160,-1643,-632,1000,1524,4771,-2112,827,-2702,2758
182,-1328,1175,-1653,-648,1007,1522,4745,-2149,832,-2708,2752
198,-1304,1131,-1607,-603,1018,1534,4733,-2169,854,-2698,2760
203,-1289,1105,-1579,-579,1027,1537,4717,-2194,859,-2697,2757
214,-1269,1069,-1541,-544,1036,1538,4705,-2215,866,-2694,2752
211,-1265,1061,-1533,-538,1046,1524,4683,-2243,862,-2700,2731
178,-1289,1110,-1581,-591,1051,1494,4644,-2281,835,-2721,2693
140,-1317,1168,-1638,-654,1054,1466,4606,-2318,807,-2739,2657
107,-1341,1217,-1686,-709,1056,1437,4573,-2352,779,-2751,2627
58,-1384,1301,-1770,-799,1057,1387,4535,-2398,727,-2770,2581
-20,-1453,1439,-1907,-944,1054,1316,4483,-2463,650,-2806,2516
-86,-1505,1549,-2015,-1064,1045,1261,4439,-2519,595,-2838,2465
-101,-1517,1568,-2036,-1090,1041,1243,4425,-2544,587,-2846,2445
-74,-1492,1508,-1979,-1035,1038,1254,4439,-2544,615,-2832,2450
-31,-1448,1416,-1889,-950,1031,1271,4461,-2536,647,-2807,2464
-21,-1427,1379,-1851,-922,1016,1268,4460,-2547,648,-2800,2464
-22,-1413,1363,-1833,-918,995,1261,4447,-2567,640,-2801,2463
-9,-1389,1324,-1793,-888,977,1270,4440,-2579,644,-2798,2473
32,-1348,1242,-1713,-811,964,1296,4451,-2575,673,-2781,2504
97,-1295,1126,-1603,-695,959,1334,4475,-2559,716,-2749,2546
163,-1242,1010,-1493,-578,954,1378,4500,-2539,754,-2711,2588
197,-1212,950,-1437,-520,943,1402,4509,-2536,762,-2686,2609
196,-1201,945,-1430,-521,921,1411,4502,-2550,744,-2677,2614
199,-1177,924,-1403,-508,894,1427,4505,-2557,735,-2660,2624
188,-1153,918,-1385,-514,858,1437,4504,-2569,724,-2649,2630
181,-1121,899,-1353,-507,822,1449,4504,-2577,719,-2639,2638
195,-1071,842,-1284,-460,787,1467,4516,-2578,726,-2620,2655
203,-1022,792,-1220,-421,752,1477,4521,-2583,727,-2606,2668
197,-981,765,-1176,-406,713,1482,4512,-2596,720,-2600,2676
192,-917,714,-1099,-373,663,1505,4506,-2598,734,-2592,2696
206,-825,616,-974,-297,608,1545,4514,-2582,771,-2571,2733
213,-750,543,-875,-240,563,1575,4515,-2577,785,-2558,2760
183,-720,550,-861,-261,526,1573,4490,-2602,755,-2567,2759
118,-733,635,-926,-358,495,1540,4438,-2658,690,-2603,2728
35,-764,756,-1026,-490,467,1490,4370,-2728,613,-2655,2682
-15,-777,825,-1080,-565,450,1454,4323,-2782,566,-2687,2655
-44,-791,873,-1120,-613,450,1424,4291,-2821,536,-2701,2639
-76,-826,944,-1190,-678,464,1386,4260,-2858,504,-2715,2620
-129,-887,1061,-1308,-787,482,1336,4220,-2900,460,-2744,2589
-189,-958,1196,-1445,-914,502,1281,4174,-2945,414,-2781,2553
-238,-1017,1306,-1556,-1016,524,1233,4131,-2985,381,-2815,2523
-252,-1039,1345,-1596,-1049,543,1207,4108,-3005,381,-2832,2513
-230,-1039,1323,-1582,-1017,572,1197,4108,-3007,406,-2830,2521
-211,-1054,1319,-1589,-1000,608,1183,4105,-3013,420,-2838,2517
-181,-1072,1307,-1593,-970,653,1173,4111,-3019,434,-2852,2511
-161,-1109,1322,-1628,-967,702,1156,4109,-3031,433,-2877,2495
-171,-1167,1388,-1711,-1018,743,1129,4092,-3055,409,-2913,2467
-185,-1224,1456,-1796,-1073,779,1108,4078,-3077,383,-2939,2444
-185,-1277,1505,-1864,-1107,819,1092,4073,-3096,357,-2953,2430
-195,-1344,1576,-1957,-1163,860,1062,4067,-3124,314,-2966,2408
-229,-1428,1688,-2088,-1263,893,1016,4049,-3165,253,-2989,2372
-255,-1492,1771,-2187,-1338,917,988,4041,-3196,216,-3003,2349
-239,-1511,1767,-2196,-1327,935,998,4063,-3203,226,-2988,2356
-184,-1486,1678,-2121,-1235,949,1042,4110,-3182,273,-2950,2391
-111,-1441,1551,-2005,-1104,959,1101,4167,-3150,330,-2903,2434
-71,-1412,1473,-1934,-1029,956,1143,4204,-3134,356,-2880,2455
-49,-1390,1420,-1882,-982,944,1176,4230,-3126,374,-2869,2468
-25,-1355,1352,-1814,-925,924,1213,4258,-3116,405,-2858,2487
16,-1301,1247,-1707,-830,901,1257,4297,-3098,450,-2840,2511
74,-1236,1115,-1575,-707,880,1305,4345,-3073,495,-2818,2540
128,-1178,995,-1455,-593,863,1345,4390,-3054,526,-2802,2567
154,-1151,933,-1394,-537,846,1357,4410,-3056,522,-2803,2578
141,-1144,931,-1387,-547,817,1346,4408,-3078,491,-2821,2573
134,-1130,917,-1366,-543,789,1339,4408,-3095,467,-2830,2574
117,-1131,928,-1372,-563,765,1328,4401,-3116,441,-2843,2569
99,-1130,940,-1377,-584,740,1319,4397,-3137,425,-2862,2565
99,-1109,916,-1344,-568,716,1316,4405,-3149,420,-2874,2567
93,-1084,896,-1312,-559,688,1312,4407,-3163,411,-2891,2566
74,-1060,890,-1290,-567,653,1306,4398,-3182,397,-2916,2563
66,-1008,849,-1226,-544,611,1322,4397,-3183,409,-2933,2577
87,-929,753,-1108,-466,573,1363,4413,-3159,454,-2928,2611
108,-872,682,-1022,-403,552,1393,4430,-3134,492,-2917,2639
100,-866,692,-1024,-414,549,1394,4424,-3132,491,-2923,2638
61,-903,776,-1105,-496,556,1370,4392,-3156,453,-2950,2612
10,-954,891,-1217,-606,567,1340,4350,-3188,410,-2988,2578
-5,-979,942,-1269,-649,586,1334,4333,-3201,397,-3004,2562
2,-998,967,-1300,-660,618,1331,4327,-3208,393,-3010,2552
5,-1032,1011,-1354,-687,658,1316,4314,-3225,372,-3020,2535
-14,-1084,1095,-1447,-753,697,1283,4285,-3259,324,-3042,2512
-60,-1139,1209,-1561,-858,720,1236,4243,-3305,262,-3078,2480
-111,-1181,1315,-1662,-961,731,1187,4204,-3351,202,-3120,2449
-142,-1190,1367,-1705,-1014,734,1157,4181,-3382,169,-3152,2433
-143,-1171,1360,-1690,-1007,738,1144,4176,-3397,159,-3168,2434
-157,-1160,1373,-1693,-1022,737,1129,4166,-3417,141,-3189,2427
-165,-1143,1372,-1684,-1024,736,1116,4161,-3434,125,-3207,2421
-176,-1136,1383,-1687,-1035,737,1097,4150,-3455,98,-3230,2410
-209,-1152,1437,-1736,-1091,737,1060,4119,-3488,54,-3265,2387
-240,-1172,1492,-1787,-1146,739,1024,4089,-3522,18,-3292,2369
-258,-1191,1530,-1826,-1181,746,996,4068,-3550,-8,-3306,2356
-280,-1231,1593,-1895,-1235,763,959,4048,-3581,-43,-3321,2337
-319,-1297,1695,-2006,-1327,782,909,4019,-3622,-93,-3346,2306
-346,-1340,1761,-2079,-1388,792,874,4002,-3648,-116,-3364,2287
-329,-1330,1728,-2049,-1355,792,874,4020,-3639,-90,-3356,2301
-274,-1275,1610,-1932,-1239,784,903,4070,-3600,-24,-3321,2342
-202,-1199,1453,-1776,-1087,772,945,4140,-3544,60,-3271,2397
-165,-1150,1357,-1676,-1000,751,970,4193,-3504,121,-3236,2437
-149,-1123,1303,-1620,-954,729,985,4233,-3478,163,-3215,2466
-130,-1100,1249,-1567,-908,710,1002,4269,-3456,204,-3198,2497
-97,-1070,1175,-1495,-839,694,1024,4309,-3432,247,-3177,2533
-53,-1037,1086,-1412,-752,683,1046,4350,-3412,282,-3152,2565
-18,-1023,1024,-1360,-691,677,1062,4385,-3400,299,-3134,2585
-16,-1050,1036,-1383,-700,677,1060,4400,-3406,282,-3137,2583
-46,-1113,1117,-1476,-777,679,1044,4393,-3432,242,-3159,2564
-68,-1171,1183,-1557,-838,685,1041,4398,-3450,220,-3171,2555
-98,-1232,1262,-1649,-911,690,1034,4401,-3468,202,-3184,2545
-120,-1278,1319,-1715,-966,690,1033,4409,-3480,198,-3197,2538
-113,-1293,1318,-1724,-961,692,1050,4434,-3474,218,-3199,2544
-106,-1292,1301,-1711,-945,686,1071,4463,-3460,250,-3197,2554
-108,-1282,1288,-1695,-938,671,1093,4489,-3440,284,-3197,2565
-89,-1243,1228,-1630,-885,653,1132,4525,-3406,344,-3187,2590
-32,-1172,1099,-1499,-760,643,1194,4580,-3350,429,-3160,2629
24,-1110,983,-1383,-645,640,1250,4636,-3298,497,-3136,2654
38,-1080,945,-1340,-609,634,1282,4671,-3267,525,-3131,2654
9,-1078,979,-1365,-649,621,1291,4684,-3258,522,-3148,2633
-41,-1078,1039,-1409,-721,598,1294,4693,-3256,510,-3178,2607
-67,-1040,1037,-1386,-735,568,1319,4731,-3233,527,-3189,2598
-80,-982,1004,-1329,-719,536,1356,4795,-3194,559,-3183,2594
-106,-931,991,-1290,-725,502,1389,4866,-3157,581,-3178,2578
-160,-892,1018,-1285,-777,458,1412,4934,-3128,583,-3190,2543
-242,-862,1082,-1309,-872,402,1429,4997,-3100,579,-3220,2495
-326,-829,1143,-1329,-966,344,1452,5072,-3063,589,-3253,2441
-385,-773,1157,-1302,-1012,286,1498,5170,-3002,632,-3275,2397
-416,-704,1128,-1235,-1012,237,1564,5291,-2919,704,-3278,2373
-463,-656,1137,-1207,-1049,191,1620,5409,-2832,772,-3285,2351
-505,-618,1149,-1187,-1085,153,1674,5536,-2732,853,-3289,2338
-548,-604,1184,-1198,-1137,128,1720,5668,-2627,927,-3295,2325
-606,-625,1267,-1263,-1232,115,1752,5790,-2529,985,-3310,2298
-660,-650,1350,-1332,-1325,105,1784,5914,-2425,1052,-3314,2277
-696,-672,1412,-1384,-1393,101,1821,6051,-2309,1134,-3296,2268
-736,-711,1492,-1460,-1475,105,1845,6183,-2194,1210,-3270,2251
-797,-769,1612,-1575,-1599,104,1847,6290,-2094,1267,-3256,2218
-849,-807,1702,-1658,-1696,94,1854,6382,-1998,1331,-3238,2195
-856,-800,1703,-1653,-1705,82,1879,6470,-1895,1417,-3200,2203
-816,-754,1617,-1566,-1623,74,1914,6545,-1788,1517,-3141,2242
-747,-694,1487,-1440,-1493,74,1946,6592,-1689,1612,-3072,2296
-694,-660,1398,-1361,-1401,78,1949,6587,-1622,1676,-3019,2339
-647,-641,1331,-1308,-1327,86,1931,6527,-1583,1720,-2977,2381
-585,-615,1240,-1234,-1225,99,1908,6424,-1559,1762,-2931,2432
-495,-576,1107,-1125,-1077,120,1887,6289,-1544,1815,-2871,2501
-385,-533,950,-997,-898,150,1859,6119,-1543,1867,-2795,2581
-273,-505,805,-888,-726,191,1818,5900,-1559,1911,-2713,2667
-179,-520,719,-846,-604,248,1742,5614,-1610,1928,-2636,2742
-110,-574,695,-871,-540,314,1634,5257,-1698,1921,-2570,2807
-22,-628,652,-883,-450,391,1514,4854,-1804,1918,-2494,2884
66,-699,626,-917,-371,482,1378,4389,-1937,1905,-2425,2968
164,-778,594,-951,-281,584,1239,3871,-2088,1887,-2362,3064
290,-846,526,-954,-147,699,1109,3314,-2252,1872,-2292,3176
420,-918,458,-957,-12,820,971,2708,-2445,1841,-2223,3291
539,-995,407,-974,105,940,822,2053,-2665,1803,-2150,3403
669,-1052,326,-956,249,1055,679,1370,-2889,1789,-2054,3534
832,-1080,186,-879,454,1176,552,682,-3108,1805,-1924,3686
1002,-1123,56,-817,657,1314,413,-28,-3345,1808,-1784,3836
1145,-1207,-4,-828,794,1464,241,-782,-3621,1771,-1656,3972
1262,-1329,2,-908,870,1624,44,-1573,-3933,1710,-1535,4110
1373,-1466,31,-1012,925,1793,-157,-2382,-4263,1652,-1405,4264
1526,-1579,-4,-1058,1050,1977,-339,-3172,-4583,1630,-1245,4453
1702,-1676,-76,-1067,1215,2168,-522,-3942,-4901,1628,-1061,4665
1872,-1773,-142,-1080,1372,2357,-726,-4702,-5225,1624,-863,4888
2024,-1879,-181,-1117,1497,2541,-962,-5465,-5559,1611,-661,5114
2172,-1985,-214,-1158,1616,2724,-1227,-6229,-5896,1607,-449,5352
2336,-2077,-278,-1170,1767,2911,-1516,-6990,-6226,1624,-217,5615
2538,-2138,-410,-1115,1988,3102,-1816,-7739,-6537,1680,48,5916
2782,-2170,-614,-995,2284,3303,-2128,-8471,-6832,1767,345,6253
3023,-2220,-798,-900,2566,3513,-2471,-9209,-7136,1845,644,6591
3278,-2271,-996,-798,2865,3734,-2833,-9941,-7442,1923,951,6936
3538,-2342,-1181,-718,3160,3969,-3221,-10674,-7757,1987,1261,7284
3785,-2444,-1323,-690,3418,4216,-3638,-11427,-8090,2028,1563,7625
4042,-2555,-1467,-666,3683,4472,-4072,-12190,-8433,2061,1870,7968
4316,-2664,-1631,-630,3975,4738,-4524,-12955,-8781,2091,2190,8316
4584,-2787,-1778,-616,4251,5007,-5014,-13737,-9147,2092,2505,8652
4829,-2922,-1891,-634,4489,5266,-5545,-14547,-9544,2063,2800,8966
5078,-3026,-2040,-608,4755,5505,-6076,-15359,-9939,2045,3093,9288
5368,-3079,-2282,-487,5109,5734,-6573,-16136,-10308,2070,3410,9641
5708,-3096,-2612,-285,5556,5970,-7034,-16866,-10639,2143,3753,10022
6088,-3115,-2980,-61,6056,6232,-7472,-17548,-10937,2244,4113,10417
6457,-3183,-3289,92,6508,6516,-7914,-18209,-11226,2332,4463,10796
6823,-3281,-3564,201,6936,6816,-8355,-18843,-11499,2420,4807,11166
7200,-3387,-3841,306,7374,7127,-8784,-19436,-11746,2528,5162,11543
7603,-3490,-4147,432,7847,7452,-9196,-19975,-11957,2668,5534,11934
8019,-3592,-4466,567,8339,7783,-9599,-20465,-12137,2835,5917,12332
8419,-3700,-4762,684,8803,8106,-10006,-20918,-12297,3012,6299,12724
8777,-3829,-4995,744,9199,8416,-10434,-21352,-12455,3170,6662,13090
9087,-3982,-5154,741,9512,8708,-10886,-21778,-12622,3301,6996,13426
9392,-4120,-5322,755,9829,8988,-11333,-22174,-12779,3431,7328,13755
9676,-4260,-5466,753,10116,9256,-11784,-22556,-12937,3546,7646,14062
9952,-4395,-5604,751,10392,9516,-12228,-22921,-13092,3654,7958,14358
10245,-4515,-5773,781,10701,9779,-12645,-23247,-13234,3770,8271,14659
10533,-4644,-5928,798,10996,10045,-13046,-23544,-13365,3875,8573,14953
10799,-4782,-6049,787,11254,10305,-13426,-23811,-13488,3968,8850,15226
11057,-4903,-6180,795,11512,10550,-13761,-24029,-13584,4063,9105,15483
11317,-4993,-6341,845,11791,10777,-14035,-24179,-13643,4164,9338,15717
11544,-5094,-6460,862,12020,10993,-14281,-24276,-13687,4226,9524,15894
11700,-5230,-6470,783,12127,11185,-14527,-24340,-13733,4223,9634,15991
11779,-5395,-6375,615,12113,11350,-14772,-24367,-13778,4162,9667,16006
11791,-5560,-6213,405,12010,11470,-14999,-24347,-13812,4063,9632,15958
11781,-5675,-6081,248,11911,11543,-15174,-24249,-13807,3962,9559,15875
11726,-5750,-5945,116,11780,11563,-15309,-24082,-13775,3841,9443,15745
11598,-5804,-5758,-34,11566,11520,-15422,-23869,-13739,3669,9259,15546
11375,-5834,-5503,-214,11244,11398,-15517,-23620,-13706,3430,8992,15270
11066,-5832,-5196,-405,10829,11198,-15584,-23336,-13675,3130,8638,14916
10700,-5782,-4883,-568,10372,10928,-15612,-23004,-13639,2787,8215,14501
10295,-5673,-4594,-675,9905,10593,-15581,-22612,-13588,2428,7738,14042
9868,-5516,-4333,-730,9443,10210,-15487,-22157,-13521,2060,7222,13544
9383,-5361,-4014,-825,8904,9789,-15355,-21667,-13464,1648,6649,12991
8865,-5194,-3677,-925,8331,9338,-15176,-21135,-13410,1212,6037,12406
8311,-5025,-3309,-1045,7713,8859,-14958,-20574,-13367,745,5392,11785
7709,-4867,-2883,-1212,7026,8354,-14721,-20006,-13350,234,4709,11125
7097,-4702,-2455,-1376,6332,7837,-14456,-19418,-13348,-294,4014,10452
6503,-4526,-2058,-1515,5671,7322,-14160,-18803,-13351,-829,3323,9780
5916,-4363,-1656,-1667,5011,6818,-13854,-18178,-13379,-1397,2627,9102
5320,-4222,-1222,-1859,4324,6322,-13543,-17558,-13438,-2009,1914,8410
4744,-4067,-822,-2020,3675,5828,-13197,-16923,-13502,-2621,1200,7733
4230,-3867,-526,-2086,3136,5345,-12792,-16245,-13538,-3186,518,7097
3780,-3632,-329,-2065,2707,4881,-12330,-15521,-13532,-3685,-119,6507
3382,-3386,-190,-2001,2350,4444,-11832,-14764,-13482,-4122,-706,5955
2984,-3173,-16,-1985,1970,4030,-11333,-14010,-13417,-4528,-1266,5418
2590,-2978,178,-1999,1580,3632,-10836,-13261,-13328,-4891,-1799,4899
2225,-2781,344,-1995,1227,3254,-10329,-12506,-13198,-5186,-2287,4418
1900,-2577,468,-1961,930,2899,-9809,-11741,-13025,-5399,-2717,3985
1619,-2372,552,-1904,688,2576,-9287,-10972,-12813,-5542,-3088,3599
1363,-2188,639,-1863,461,2285,-8776,-10215,-12575,-5641,-3414,3247
1108,-2051,774,-1888,203,2029,-8291,-9489,-12329,-5720,-3712,2913
846,-1960,967,-1984,-98,1801,-7838,-8801,-12084,-5786,-3992,2590
619,-1874,1134,-2064,-358,1602,-7396,-8127,-11819,-5812,-4229,2300
406,-1801,1304,-2156,-611,1423,-6973,-7475,-11546,-5817,-4437,2035
212,-1733,1461,-2241,-841,1262,-6561,-6839,-11260,-5797,-4615,1800
62,-1652,1563,-2280,-1007,1124,-6147,-6204,-10953,-5737,-4750,1606
-67,-1575,1648,-2307,-1146,1004,-5742,-5586,-10641,-5654,-4856,1439
-190,-1506,1736,-2339,-1282,895,-5348,-4989,-10324,-5550,-4942,1293
-284,-1422,1778,-2328,-1370,797,-4947,-4403,-9993,-5409,-5000,1181
-332,-1313,1748,-2248,-1378,713,-4534,-3816,-9639,-5230,-5016,1115
-365,-1219,1714,-2172,-1373,650,-4143,-3247,-9293,-5055,-5008,1064
-418,-1171,1742,-2165,-1424,604,-3795,-2723,-8979,-4919,-5003,1002
-496,-1169,1836,-2227,-1534,572,-3493,-2246,-8700,-4821,-5006,927
-583,-1187,1956,-2315,-1669,546,-3221,-1799,-8443,-4737,-5012,855
-632,-1186,2012,-2344,-1736,530,-2945,-1350,-8179,-4621,-4994,807
-646,-1175,2016,-2328,-1745,529,-2672,-903,-7909,-4485,-4957,781
-652,-1175,2020,-2314,-1749,538,-2420,-474,-7649,-4355,-4911,760
-668,-1194,2046,-2325,-1775,551,-2190,-72,-7405,-4238,-4864,744
-690,-1228,2088,-2353,-1817,565,-1976,302,-7179,-4124,-4819,738
-696,-1263,2111,-2368,-1835,589,-1765,660,-6961,-4005,-4762,752
-669,-1276,2077,-2328,-1794,616,-1550,1013,-6740,-3869,-4686,789
-606,-1263,1976,-2225,-1685,646,-1330,1361,-6513,-3717,-4590,844
-553,-1266,1899,-2148,-1599,677,-1130,1676,-6306,-3585,-4501,894
-490,-1276,1818,-2073,-1504,715,-939,1972,-6110,-3459,-4410,941
-431,-1298,1752,-2017,-1422,756,-759,2248,-5930,-3346,-4321,982
-398,-1347,1737,-2015,-1392,793,-603,2490,-5773,-3259,-4251,1008
-368,-1402,1733,-2026,-1373,830,-460,2712,-5630,-3182,-4189,1032
-322,-1457,1713,-2028,-1331,874,-326,2928,-5494,-3106,-4125,1058
-281,-1523,1712,-2052,-1306,920,-212,3136,-5373,-3051,-4068,1072
-266,-1606,1756,-2121,-1329,959,-120,3325,-5274,-3024,-4031,1065
-254,-1664,1781,-2164,-1341,979,-19,3511,-5174,-2983,-3992,1071
-209,-1665,1720,-2116,-1276,981,110,3715,-5052,-2901,-3930,1108
-135,-1609,1575,-1976,-1133,966,265,3936,-4904,-2785,-3844,1169
-55,-1516,1394,-1792,-964,930,433,4163,-4743,-2661,-3747,1237
-18,-1436,1273,-1659,-862,876,580,4363,-4599,-2573,-3672,1284
-15,-1368,1204,-1573,-820,809,712,4540,-4470,-2512,-3619,1315
-22,-1290,1138,-1486,-784,732,842,4712,-4343,-2455,-3572,1346
-19,-1198,1054,-1380,-730,653,972,4885,-4213,-2389,-3522,1384
-9,-1102,962,-1269,-667,579,1099,5054,-4084,-2324,-3470,1423
-9,-1014,893,-1181,-624,506,1216,5211,-3965,-2274,-3421,1454
-36,-955,883,-1154,-640,438,1310,5350,-3866,-2252,-3387,1467
-104,-927,949,-1198,-732,367,1377,5470,-3794,-2259,-3376,1458
-165,-890,1000,-1229,-809,298,1440,5597,-3722,-2264,-3362,1451
-233,-862,1069,-1278,-903,233,1496,5717,-3657,-2277,-3354,1437
-300,-839,1144,-1334,-1001,175,1550,5832,-3596,-2290,-3353,1420
-349,-805,1189,-1361,-1065,126,1610,5954,-3529,-2295,-3349,1406
-399,-773,1237,-1393,-1132,82,1665,6068,-3471,-2311,-3353,1385
-459,-750,1304,-1441,-1219,40,1711,6165,-3427,-2341,-3374,1358
-509,-714,1345,-1462,-1279,0,1764,6258,-3382,-2359,-3394,1340
-528,-655,1330,-1428,-1283,-32,1832,6357,-3329,-2358,-3401,1339
-546,-611,1325,-1409,-1292,-50,1884,6441,-3295,-2374,-3412,1327
-596,-613,1396,-1468,-1372,-58,1904,6492,-3296,-2430,-3446,1285
-678,-653,1533,-1595,-1517,-59,1897,6515,-3328,-2519,-3498,1221
-772,-706,1690,-1740,-1683,-58,1884,6522,-3374,-2618,-3554,1157
-833,-731,1781,-1820,-1782,-54,1886,6541,-3407,-2689,-3587,1118
-865,-739,1821,-1851,-1827,-43,1899,6572,-3430,-2741,-3602,1091
-894,-752,1858,-1881,-1867,-26,1906,6604,-3454,-2793,-3612,1062
-937,-781,1920,-1935,-1933,-10,1897,6620,-3487,-2862,-3630,1021
-993,-814,1995,-1997,-2014,-1,1877,6625,-3527,-2938,-3655,974
-1040,-835,2044,-2031,-2072,3,1858,6625,-3567,-3005,-3682,930
-1059,-826,2030,-2002,-2069,2,1854,6636,-3595,-3048,-3700,902
-1041,-786,1946,-1903,-1994,4,1872,6669,-3604,-3061,-3698,894
-1036,-759,1886,-1827,-1944,0,1885,6693,-3615,-3082,-3704,882
-1027,-733,1820,-1747,-1888,-5,1902,6721,-3619,-3095,-3704,874
-1015,-720,1766,-1684,-1838,-4,1918,6747,-3619,-3110,-3700,864
-1020,-740,1759,-1673,-1831,4,1925,6756,-3628,-3142,-3707,836
-1023,-766,1758,-1670,-1827,14,1933,6761,-3634,-3165,-3715,812
-1011,-788,1739,-1653,-1802,25,1949,6773,-3628,-3175,-3709,805
-998,-826,1738,-1661,-1790,45,1957,6787,-3624,-3190,-3700,799
-1007,-895,1791,-1727,-1829,67,1949,6790,-3631,-3227,-3704,782
-1017,-954,1838,-1783,-1865,79,1949,6796,-3626,-3252,-3712,772
-995,-972,1815,-1767,-1835,82,1981,6831,-3590,-3236,-3702,789
-936,-950,1721,-1681,-1734,81,2039,6894,-3528,-3185,-3669,833
-851,-918,1596,-1568,-1596,89,2112,6971,-3454,-3121,-3620,887
-791,-918,1532,-1520,-1515,102,2168,7030,-3397,-3084,-3584,922
-756,-935,1515,-1518,-1484,110,2213,7072,-3351,-3064,-3563,942
-721,-945,1496,-1512,-1452,114,2258,7115,-3306,-3045,-3548,959
-677,-935,1453,-1479,-1398,113,2312,7164,-3257,-3020,-3534,982
-628,-907,1390,-1424,-1327,105,2368,7221,-3207,-2996,-3517,1009
-590,-875,1339,-1377,-1272,90,2419,7274,-3165,-2985,-3501,1034
-577,-862,1334,-1375,-1265,73,2450,7312,-3139,-2999,-3495,1045
-604,-877,1401,-1442,-1332,52,2457,7324,-3137,-3047,-3512,1037
-627,-880,1455,-1494,-1388,30,2465,7337,-3135,-3095,-3521,1034
-661,-882,1518,-1553,-1457,3,2467,7343,-3144,-3152,-3530,1025
-694,-874,1572,-1599,-1520,-25,2468,7349,-3156,-3200,-3536,1018
-703,-839,1575,-1594,-1532,-53,2482,7371,-3153,-3224,-3525,1025
-714,-794,1571,-1578,-1540,-84,2501,7397,-3148,-3245,-3511,1030
-740,-749,1578,-1570,-1566,-120,2521,7416,-3149,-3273,-3506,1026
-755,-683,1554,-1525,-1564,-161,2554,7442,-3145,-3283,-3498,1032
-738,-588,1464,-1416,-1496,-197,2612,7486,-3122,-3266,-3472,1064
-716,-503,1377,-1315,-1426,-220,2666,7530,-3105,-3257,-3446,1093
-730,-461,1365,-1291,-1430,-237,2690,7552,-3114,-3287,-3445,1096
-786,-458,1431,-1342,-1513,-254,2685,7551,-3149,-3349,-3469,1072
-865,-478,1538,-1434,-1639,-271,2664,7536,-3200,-3426,-3513,1035
-919,-481,1597,-1480,-1715,-282,2653,7536,-3240,-3476,-3541,1010
-954,-471,1620,-1491,-1754,-290,2647,7547,-3271,-3507,-3555,997
-997,-474,1661,-1520,-1810,-296,2628,7550,-3310,-3548,-3570,977
-1062,-500,1741,-1587,-1906,-303,2587,7534,-3363,-3609,-3597,936
-1151,-544,1858,-1689,-2041,-315,2534,7503,-3427,-3679,-3640,878
-1231,-594,1969,-1789,-2167,-320,2489,7474,-3484,-3736,-3684,823
-1285,-634,2042,-1856,-2250,-316,2465,7458,-3523,-3765,-3715,787
-1296,-660,2054,-1870,-2263,-297,2466,7461,-3538,-3763,-3722,776
-1317,-704,2094,-1914,-2302,-275,2462,7455,-3556,-3772,-3737,765
-1333,-751,2131,-1958,-2334,-251,2457,7451,-3574,-3776,-3748,754
-1345,-805,2169,-2007,-2365,-222,2448,7444,-3596,-3786,-3757,740
-1380,-878,2249,-2096,-2439,-200,2430,7418,-3631,-3816,-3778,713
-1415,-951,2331,-2186,-2515,-181,2409,7389,-3666,-3844,-3798,689
-1431,-1015,2387,-2254,-2560,-159,2394,7369,-3694,-3863,-3806,672
-1444,-1089,2453,-2336,-2610,-131,2375,7352,-3725,-3889,-3809,649
-1476,-1182,2558,-2459,-2699,-105,2345,7325,-3770,-3925,-3820,614
-1504,-1254,2641,-2554,-2770,-93,2331,7301,-3809,-3943,-3829,589
-1492,-1269,2630,-2549,-2752,-94,2351,7304,-3819,-3920,-3815,592
-1432,-1229,2522,-2444,-2638,-102,2406,7338,-3799,-3857,-3775,621
-1339,-1160,2354,-2283,-2461,-107,2479,7394,-3760,-3773,-3714,663
-1269,-1107,2229,-2162,-2329,-117,2534,7437,-3730,-3716,-3665,687
-1232,-1064,2150,-2080,-2249,-143,2575,7462,-3716,-3684,-3634,698
-1200,-1010,2069,-1992,-2172,-178,2617,7488,-3703,-3650,-3604,717
-1160,-942,1969,-1883,-2077,-217,2668,7523,-3682,-3606,-3566,747
-1105,-864,1846,-1752,-1957,-251,2722,7569,-3655,-3556,-3520,784
-1054,-795,1740,-1640,-1850,-279,2770,7615,-3632,-3515,-3474,820
-1026,-757,1688,-1586,-1795,-299,2802,7647,-3623,-3508,-3441,840
-1031,-761,1714,-1614,-1816,-311,2807,7656,-3637,-3541,-3433,839
-1026,-768,1732,-1637,-1823,-311,2811,7671,-3650,-3572,-3424,842
-1026,-781,1763,-1674,-1844,-307,2808,7682,-3670,-3609,-3422,839
-1036,-789,1800,-1711,-1876,-311,2802,7688,-3695,-3649,-3429,832
-1033,-771,1798,-1706,-1873,-320,2807,7704,-3713,-3669,-3424,830
-1037,-745,1796,-1695,-1876,-335,2812,7717,-3732,-3688,-3419,826
-1065,-724,1821,-1706,-1913,-360,2808,7714,-3758,-3716,-3425,816
-1100,-683,1832,-1694,-1946,-400,2813,7708,-3780,-3731,-3433,813
-1108,-614,1788,-1625,-1926,-438,2840,7716,-3784,-3720,-3426,828
-1108,-555,1744,-1564,-1900,-461,2861,7727,-3789,-3715,-3417,837
-1137,-539,1771,-1577,-1943,-474,2859,7717,-3811,-3743,-3424,819
-1194,-565,1866,-1664,-2049,-474,2834,7687,-3854,-3802,-3452,779
-1258,-615,1989,-1785,-2180,-463,2803,7645,-3908,-3871,-3491,727
-1286,-648,2057,-1856,-2249,-439,2789,7621,-3949,-3912,-3515,691
-1283,-664,2074,-1882,-2265,-406,2786,7615,-3975,-3933,-3522,670
-1280,-692,2100,-1919,-2286,-366,2779,7610,-3999,-3956,-3526,650
-1291,-736,2153,-1986,-2334,-325,2761,7596,-4031,-3993,-3537,623
-1321,-792,2234,-2077,-2412,-290,2738,7575,-4065,-4038,-3562,591
-1346,-842,2301,-2155,-2478,-256,2721,7562,-4093,-4075,-3584,567
-1344,-868,2315,-2181,-2489,-223,2721,7567,-4104,-4082,-3592,558
-1300,-862,2253,-2134,-2421,-186,2745,7591,-4094,-4058,-3581,565
-1264,-865,2206,-2102,-2367,-149,2766,7606,-4088,-4044,-3578,564
-1222,-865,2149,-2062,-2301,-112,2791,7623,-4083,-4028,-3570,566
-1184,-867,2094,-2023,-2239,-80,2812,7639,-4083,-4020,-3558,573
-1169,-894,2088,-2033,-2223,-51,2820,7637,-4099,-4032,-3556,568
-1153,-931,2090,-2055,-2211,-16,2826,7631,-4118,-4044,-3555,563
-1117,-969,2073,-2063,-2171,30,2834,7634,-4130,-4048,-3548,563
-1077,-1025,2070,-2093,-2139,86,2827,7640,-4145,-4059,-3541,555
-1058,-1103,2110,-2167,-2147,142,2795,7636,-4171,-4085,-3545,529
-1036,-1166,2134,-2217,-2142,186,2769,7636,-4189,-4098,-3548,502
-979,-1179,2074,-2179,-2057,218,2772,7666,-4175,-4066,-3530,498
-886,-1145,1932,-2056,-1893,242,2808,7725,-4127,-3991,-3485,521
-772,-1090,1751,-1892,-1689,264,2858,7797,-4064,-3900,-3424,557
-688,-1051,1618,-1770,-1538,275,2887,7849,-4020,-3840,-3378,578
-639,-1025,1536,-1692,-1443,272,2892,7879,-3995,-3812,-3356,584
-599,-987,1454,-1606,-1354,255,2897,7906,-3973,-3791,-3337,589
-559,-927,1352,-1493,-1254,224,2912,7939,-3945,-3761,-3312,603
-508,-850,1225,-1352,-1130,191,2936,7980,-3909,-3721,-3270,630
-460,-777,1106,-1220,-1014,158,2958,8017,-3874,-3682,-3223,658
-430,-731,1036,-1140,-945,133,2966,8038,-3851,-3667,-3190,667
-439,-721,1041,-1135,-951,109,2954,8032,-3852,-3685,-3188,645
-439,-704,1033,-1118,-945,87,2952,8031,-3851,-3706,-3189,622
-447,-691,1039,-1112,-955,64,2956,8030,-3850,-3730,-3198,599
-463,-675,1052,-1111,-975,38,2963,8031,-3851,-3743,-3210,579
-458,-642,1027,-1075,-958,17,2982,8047,-3840,-3728,-3205,575
-447,-609,999,-1038,-937,1,3003,8065,-3825,-3706,-3191,575
-449,-588,995,-1026,-940,-12,3021,8073,-3813,-3688,-3182,572
-445,-556,975,-997,-930,-26,3051,8080,-3794,-3657,-3173,577
-414,-490,895,-905,-862,-43,3100,8100,-3758,-3603,-3150,598
-378,-423,810,-812,-789,-55,3144,8117,-3730,-3567,-3128,607
-373,-391,789,-785,-779,-61,3155,8103,-3734,-3578,-3132,582
-402,-395,838,-829,-839,-66,3132,8059,-3768,-3632,-3165,526
-455,-414,924,-907,-940,-76,3090,7997,-3819,-3702,-3213,460
-488,-409,966,-941,-998,-88,3054,7949,-3856,-3747,-3247,413
-495,-392,966,-937,-1009,-89,3025,7917,-3877,-3770,-3263,387
-504,-388,980,-952,-1031,-84,2984,7886,-3901,-3798,-3280,360
-528,-408,1031,-1006,-1086,-72,2929,7846,-3929,-3837,-3303,324
-567,-445,1110,-1089,-1169,-60,2867,7798,-3961,-3879,-3335,284
-597,-480,1177,-1162,-1237,-44,2810,7757,-3990,-3910,-3367,249
-605,-496,1199,-1190,-1259,-27,2771,7730,-4004,-3917,-3387,233
-575,-483,1152,-1152,-1209,-6,2759,7728,-3995,-3891,-3383,246
-558,-482,1128,-1136,-1181,14,2749,7724,-3989,-3877,-3382,257
-538,-485,1103,-1120,-1149,35,2742,7723,-3981,-3864,-3375,270
-518,-493,1081,-1109,-1118,59,2734,7722,-3978,-3853,-3367,280
-520,-526,1104,-1143,-1131,82,2716,7703,-3988,-3858,-3371,276
-524,-566,1135,-1185,-1150,105,2701,7680,-3999,-3863,-3376,265
-512,-607,1150,-1217,-1146,139,2695,7667,-4004,-3858,-3375,253
-499,-669,1184,-1274,-1153,184,2674,7647,-4017,-3872,-3380,228
-513,-761,1276,-1389,-1216,230,2623,7609,-4053,-3921,-3402,182
-535,-842,1363,-1493,-1280,261,2575,7566,-4087,-3963,-3426,140
-524,-877,1373,-1515,-1271,282,2559,7546,-4096,-3962,-3428,128
-474,-865,1297,-1447,-1178,296,2577,7556,-4072,-3911,-3401,150
-400,-827,1174,-1331,-1038,308,2615,7588,-4029,-3838,-3354,187
-350,-806,1092,-1253,-942,314,2644,7609,-3998,-3792,-3319,210
-326,-802,1054,-1217,-893,314,2664,7617,-3982,-3768,-3302,216
-297,-792,1009,-1173,-837,312,2689,7628,-3968,-3743,-3288,219
-252,-765,933,-1097,-751,310,2727,7650,-3946,-3707,-3268,227
-193,-722,829,-993,-638,307,2772,7685,-3916,-3665,-3238,243
-140,-680,735,-897,-538,300,2815,7720,-3889,-3627,-3208,262
-113,-660,691,-849,-488,292,2843,7740,-3877,-3618,-3189,273
-132,-675,730,-882,-526,278,2845,7732,-3889,-3646,-3196,262
-150,-684,763,-906,-561,261,2844,7723,-3902,-3673,-3203,258
-184,-689,810,-939,-617,233,2832,7705,-3923,-3712,-3216,250
-234,-683,864,-971,-688,190,2810,7685,-3951,-3752,-3235,235
-265,-651,874,-956,-720,143,2796,7679,-3968,-3773,-3240,228
-294,-613,877,-935,-746,98,2785,7677,-3981,-3793,-3238,219
-329,-583,895,-930,-787,55,2768,7665,-3999,-3816,-3249,198
-353,-542,892,-907,-808,16,2766,7658,-4007,-3814,-3260,184
-346,-474,830,-826,-769,-18,2795,7673,-3990,-3771,-3248,198
-323,-418,765,-753,-718,-32,2828,7693,-3972,-3732,-3227,218
-327,-407,770,-757,-731,-31,2837,7690,-3980,-3736,-3221,215
-361,-440,850,-843,-816,-18,2819,7661,-4018,-3778,-3238,186
-414,-497,971,-972,-940,-2,2788,7618,-4073,-3837,-3270,144
-441,-534,1044,-1057,-1014,21,2775,7588,-4115,-3867,-3288,118
-442,-556,1076,-1104,-1043,52,2773,7574,-4143,-3877,-3291,107
-451,-586,1121,-1165,-1085,85,2764,7554,-4171,-3894,-3296,96
-480,-635,1203,-1263,-1163,117,2741,7519,-4210,-3930,-3311,78
-530,-701,1321,-1397,-1279,147,2706,7467,-4260,-3980,-3342,51
-575,-767,1433,-1526,-1385,180,2674,7415,-4309,-4022,-3372,27
-601,-812,1502,-1611,-1448,213,2656,7373,-4344,-4041,-3388,15
-587,-818,1491,-1616,-1430,244,2659,7354,-4351,-4025,-3377,24
-585,-824,1492,-1627,-1427,267,2653,7328,-4362,-4020,-3378,28
-580,-824,1480,-1625,-1412,285,2646,7305,-4372,-4018,-3382,33
-568,-819,1457,-1609,-1383,303,2639,7285,-4379,-4018,-3382,39
-575,-835,1472,-1631,-1391,319,2618,7253,-4394,-4032,-3385,36
-582,-858,1493,-1660,-1403,337,2595,7219,-4406,-4042,-3384,33
-572,-879,1493,-1671,-1388,363,2574,7196,-4408,-4040,-3368,33
-561,-913,1506,-1697,-1381,394,2544,7173,-4415,-4049,-3351,24
-579,-975,1574,-1776,-1429,421,2490,7134,-4441,-4087,-3350,-2
-601,-1025,1633,-1840,-1474,435,2439,7091,-4463,-4121,-3358,-23
-583,-1034,1612,-1821,-1439,445,2417,7075,-4457,-4110,-3346,-13
-515,-1002,1500,-1713,-1311,458,2431,7090,-4417,-4051,-3304,27
-416,-950,1336,-1555,-1128,475,2469,7127,-4352,-3968,-3242,86
-341,-922,1220,-1445,-993,491,2497,7156,-4293,-3906,-3192,136
-296,-917,1159,-1386,-917,499,2513,7170,-4248,-3863,-3155,172
-253,-908,1097,-1324,-842,502,2532,7185,-4202,-3816,-3113,207
-204,-886,1018,-1243,-753,500,2562,7208,-4154,-3760,-3062,247
-140,-853,915,-1139,-638,499,2598,7240,-4104,-3703,-3000,290
-81,-827,824,-1048,-537,500,2628,7265,-4064,-3661,-2944,323
-40,-824,776,-1003,-478,504,2639,7271,-4045,-3651,-2904,334
-42,-859,810,-1039,-503,505,2623,7246,-4056,-3679,-2892,316
-39,-893,841,-1075,-524,510,2612,7224,-4067,-3702,-2880,302
-40,-932,881,-1121,-556,517,2604,7201,-4078,-3724,-2871,292
-44,-965,921,-1165,-591,520,2598,7177,-4091,-3747,-2867,284
-27,-965,907,-1153,-576,518,2603,7168,-4090,-3748,-2848,287
-5,-944,870,-1114,-543,507,2605,7161,-4087,-3747,-2830,284
7,-918,841,-1080,-524,489,2599,7145,-4089,-3751,-2826,271
22,-872,790,-1019,-489,463,2607,7133,-4080,-3736,-2823,266
65,-794,679,-899,-395,437,2643,7146,-4045,-3687,-2800,293
117,-719,565,-781,-293,423,2682,7171,-4004,-3640,-2763,328
135,-682,524,-740,-263,415,2700,7178,-3979,-3624,-2739,346
116,-681,557,-773,-306,409,2695,7167,-3974,-3638,-2735,341
79,-697,625,-841,-384,406,2680,7147,-3978,-3664,-2747,322
71,-686,637,-856,-405,407,2684,7144,-3962,-3663,-2746,317
103,-652,586,-814,-357,422,2706,7161,-3925,-3632,-2724,332
143,-623,530,-771,-298,447,2730,7179,-3884,-3600,-2693,352
175,-606,493,-749,-257,477,2743,7187,-3847,-3581,-2667,370
188,-597,480,-748,-243,502,2747,7185,-3814,-3572,-2650,381
205,-585,458,-737,-218,529,2754,7184,-3781,-3560,-2635,391
240,-559,401,-693,-158,558,2773,7189,-3737,-3531,-2613,412
313,-511,280,-590,-28,598,2812,7211,-3677,-3475,-2572,451
376,-483,188,-518,77,643,2840,7219,-3626,-3431,-2539,486
437,-468,108,-462,174,696,2858,7223,-3581,-3394,-2511,516
493,-466,42,-420,260,750,2865,7221,-3541,-3367,-2485,538
512,-490,39,-436,281,796,2848,7192,-3523,-3372,-2481,538
508,-521,61,-472,270,827,2821,7148,-3517,-3394,-2490,530
502,-545,78,-497,262,849,2795,7106,-3514,-3414,-2497,523
487,-587,121,-549,231,873,2758,7064,-3521,-3444,-2509,503
439,-668,234,-673,132,899,2697,7009,-3548,-3497,-2538,461
380,-754,364,-809,13,914,2634,6952,-3577,-3545,-2574,416
345,-805,435,-881,-49,920,2592,6921,-3584,-3557,-2592,394
344,-817,434,-877,-42,918,2575,6918,-3565,-3534,-2586,399
361,-812,400,-839,-2,913,2576,6936,-3528,-3489,-2557,421
351,-830,418,-851,-16,903,2566,6946,-3496,-3456,-2534,437
310,-874,495,-920,-91,887,2542,6936,-3478,-3445,-2527,438
275,-918,569,-987,-161,872,2521,6925,-3460,-3430,-2521,441
261,-953,617,-1031,-201,864,2510,6918,-3438,-3405,-2508,447
271,-982,636,-1052,-207,867,2504,6917,-3413,-3378,-2489,453
287,-1014,655,-1076,-210,875,2495,6914,-3389,-3358,-2473,455
293,-1064,705,-1134,-241,889,2474,6901,-3377,-3357,-2466,445
263,-1142,820,-1255,-341,898,2433,6865,-3386,-3383,-2483,414
241,-1205,913,-1352,-421,904,2402,6837,-3390,-3402,-2496,389
219,-1264,1003,-1447,-499,908,2375,6816,-3389,-3418,-2504,368
199,-1316,1085,-1534,-573,911,2349,6799,-3385,-3430,-2511,351
208,-1337,1109,-1562,-588,915,2338,6800,-3366,-3420,-2501,347
228,-1340,1103,-1561,-576,918,2330,6806,-3341,-3402,-2484,346
242,-1337,1098,-1558,-568,915,2316,6809,-3317,-3385,-2470,342
266,-1314,1062,-1522,-534,908,2314,6817,-3284,-3350,-2452,353
323,-1254,956,-1417,-430,903,2341,6841,-3228,-3283,-2414,391
390,-1195,839,-1305,-312,907,2370,6868,-3171,-3222,-2374,430
424,-1173,790,-1264,-262,917,2374,6872,-3135,-3202,-2358,443
421,-1195,820,-1305,-289,934,2352,6851,-3123,-3220,-2371,423
397,-1244,896,-1395,-359,958,2313,6815,-3125,-3260,-2403,387
395,-1279,934,-1451,-390,990,2285,6792,-3118,-3277,-2420,369
418,-1301,930,-1469,-374,1031,2268,6784,-3098,-3274,-2411,368
442,-1332,932,-1498,-361,1081,2247,6774,-3079,-3275,-2396,370
448,-1380,966,-1557,-380,1132,2212,6752,-3071,-3292,-2389,361
431,-1436,1029,-1641,-433,1175,2164,6718,-3071,-3320,-2396,343
412,-1480,1081,-1710,-480,1209,2114,6680,-3075,-3348,-2408,328
404,-1496,1092,-1730,-491,1233,2076,6649,-3070,-3357,-2414,326
434,-1472,1025,-1673,-425,1256,2069,6642,-3041,-3331,-2391,349
454,-1456,976,-1633,-377,1277,2063,6628,-3013,-3310,-2365,370
476,-1446,930,-1597,-329,1303,2059,6617,-2984,-3288,-2337,391
504,-1441,884,-1565,-277,1336,2054,6607,-2956,-3267,-2310,413
512,-1462,885,-1580,-269,1370,2037,6583,-2940,-3267,-2303,422
517,-1488,895,-1605,-269,1406,2015,6562,-2927,-3267,-2304,426
535,-1505,884,-1609,-246,1442,1998,6553,-2907,-3256,-2297,432
553,-1528,882,-1621,-229,1479,1974,6546,-2889,-3253,-2286,434
545,-1573,929,-1682,-263,1511,1935,6527,-2888,-3277,-2287,420
530,-1605,973,-1730,-299,1528,1902,6503,-2888,-3299,-2289,408
550,-1586,934,-1689,-257,1530,1897,6501,-2866,-3281,-2272,420
616,-1518,801,-1552,-122,1529,1923,6530,-2815,-3222,-2229,460
719,-1427,611,-1361,75,1535,1968,6578,-2744,-3145,-2171,515
807,-1356,458,-1209,236,1541,2004,6614,-2684,-3090,-2126,563
860,-1308,364,-1110,335,1537,2026,6630,-2637,-3061,-2099,600
905,-1255,274,-1011,425,1523,2050,6646,-2590,-3028,-2071,643
955,-1191,169,-895,528,1503,2082,6670,-2532,-2982,-2036,697
1020,-1122,46,-763,651,1487,2117,6702,-2466,-2928,-1991,754
1075,-1062,-58,-650,756,1470,2147,6731,-2404,-2883,-1946,802
1102,-1026,-112,-586,810,1449,2161,6747,-2355,-2856,-1911,833
1084,-1029,-80,-606,775,1423,2149,6735,-2331,-2859,-1899,838
1074,-1033,-58,-621,752,1402,2139,6725,-2307,-2854,-1881,846
1061,-1042,-28,-645,721,1383,2126,6711,-2287,-2845,-1863,854
1037,-1055,16,-682,675,1360,2111,6693,-2272,-2837,-1851,860
1035,-1050,19,-679,670,1340,2112,6693,-2243,-2809,-1830,882
1039,-1037,7,-663,679,1320,2113,6697,-2212,-2776,-1811,908
1029,-1026,12,-659,669,1295,2103,6693,-2183,-2747,-1801,928
1019,-1002,2,-639,667,1262,2097,6687,-2144,-2705,-1788,954
1037,-949,-65,-563,723,1232,2111,6697,-2083,-2634,-1756,1002
1067,-900,-139,-485,791,1214,2122,6713,-2021,-2570,-1713,1047
1065,-888,-144,-480,793,1203,2108,6712,-1981,-2545,-1686,1067
1027,-920,-70,-557,717,1200,2067,6691,-1965,-2554,-1683,1059
972,-979,48,-682,601,1205,2014,6655,-1963,-2582,-1702,1034
945,-1022,122,-767,533,1221,1977,6633,-1951,-2587,-1713,1017
947,-1043,142,-801,522,1243,1956,6630,-1927,-2572,-1708,1012
946,-1067,168,-839,505,1267,1927,6625,-1907,-2565,-1705,1003
934,-1106,219,-904,465,1295,1882,6613,-1896,-2575,-1712,983
906,-1156,296,-994,397,1321,1833,6594,-1890,-2593,-1727,960
878,-1197,364,-1070,336,1343,1793,6583,-1877,-2597,-1739,945
863,-1213,392,-1101,311,1356,1772,6583,-1850,-2576,-1737,945
888,-1188,339,-1052,366,1371,1777,6607,-1802,-2526,-1709,970
908,-1169,297,-1012,413,1387,1776,6621,-1760,-2486,-1686,988
928,-1153,257,-974,457,1404,1766,6626,-1724,-2457,-1666,1000
946,-1141,222,-942,497,1423,1746,6623,-1698,-2441,-1650,1010
938,-1156,240,-963,485,1441,1707,6597,-1691,-2448,-1649,1006
923,-1181,275,-1001,455,1461,1663,6563,-1694,-2463,-1652,999
914,-1197,294,-1022,441,1478,1625,6537,-1692,-2467,-1642,999
904,-1218,319,-1048,421,1494,1586,6513,-1694,-2475,-1626,997
877,-1263,385,-1118,362,1515,1532,6481,-1709,-2495,-1620,982
854,-1301,439,-1175,314,1532,1488,6451,-1717,-2498,-1612,976
876,-1297,407,-1145,352,1549,1477,6450,-1695,-2455,-1582,999
947,-1245,276,-1017,488,1564,1501,6481,-1640,-2363,-1520,1057
1052,-1165,84,-830,686,1582,1548,6535,-1567,-2245,-1431,1139
1144,-1101,-78,-673,855,1599,1584,6578,-1498,-2144,-1342,1222
1207,-1061,-188,-567,968,1611,1599,6597,-1444,-2074,-1275,1291
1268,-1017,-298,-459,1078,1617,1612,6614,-1389,-2007,-1220,1356
1340,-960,-433,-325,1213,1619,1633,6637,-1331,-1936,-1165,1426
1432,-895,-596,-168,1378,1627,1665,6668,-1268,-1862,-1094,1504
1519,-838,-745,-26,1531,1637,1695,6696,-1207,-1797,-1017,1575
1584,-807,-847,67,1636,1646,1706,6708,-1163,-1758,-950,1631
1599,-819,-855,69,1646,1649,1683,6690,-1149,-1760,-914,1658
1616,-833,-862,67,1657,1655,1652,6672,-1142,-1762,-880,1681
1626,-851,-858,55,1655,1657,1616,6651,-1137,-1768,-854,1698
1625,-876,-835,25,1633,1657,1573,6624,-1140,-1779,-840,1707
1643,-884,-846,27,1647,1658,1542,6611,-1135,-1774,-818,1724
1666,-891,-862,33,1669,1664,1518,6603,-1128,-1764,-793,1743
1676,-907,-854,16,1665,1667,1494,6587,-1128,-1758,-777,1754
1681,-908,-854,13,1664,1659,1482,6567,-1129,-1743,-766,1768
1708,-867,-916,78,1720,1640,1493,6561,-1113,-1699,-745,1798
1746,-814,-997,163,1797,1623,1505,6559,-1096,-1656,-719,1823
1755,-790,-1019,189,1815,1608,1495,6532,-1101,-1651,-715,1821
1730,-803,-968,139,1763,1597,1458,6480,-1133,-1679,-734,1791
1686,-841,-871,42,1668,1593,1405,6411,-1182,-1717,-762,1753
1669,-865,-815,-19,1619,1599,1366,6355,-1218,-1724,-770,1737
1688,-874,-809,-37,1629,1622,1339,6318,-1236,-1704,-754,1743
1708,-891,-797,-64,1635,1652,1306,6279,-1254,-1689,-735,1746
1717,-920,-762,-115,1619,1685,1257,6233,-1279,-1688,-724,1736
1709,-961,-699,-192,1573,1715,1197,6173,-1314,-1699,-729,1717
1707,-995,-649,-255,1542,1747,1138,6116,-1345,-1707,-738,1700
1722,-1007,-641,-275,1549,1775,1094,6070,-1364,-1695,-740,1695
1774,-974,-717,-206,1639,1800,1075,6054,-1357,-1646,-710,1710
1817,-939,-788,-139,1718,1816,1049,6037,-1355,-1606,-685,1716
1855,-905,-856,-73,1794,1831,1020,6019,-1358,-1576,-667,1723
1887,-871,-919,-8,1862,1841,990,6003,-1363,-1553,-650,1737
1883,-863,-923,1,1867,1844,943,5970,-1388,-1554,-645,1742
1860,-866,-900,-14,1840,1841,890,5929,-1421,-1562,-637,1747
1846,-869,-887,-21,1828,1843,844,5894,-1449,-1560,-613,1758
1833,-888,-862,-45,1807,1854,792,5863,-1481,-1563,-580,1761
1793,-935,-785,-121,1733,1865,719,5819,-1530,-1597,-562,1737
1742,-973,-707,-191,1652,1861,649,5769,-1579,-1630,-553,1709
1725,-966,-709,-178,1646,1848,611,5737,-1604,-1627,-528,1706
1751,-913,-801,-72,1728,1830,606,5732,-1597,-1579,-476,1737
1805,-836,-945,85,1863,1813,617,5745,-1571,-1505,-407,1790
1844,-782,-1054,202,1963,1799,617,5750,-1552,-1450,-347,1837
1852,-758,-1100,257,2000,1785,599,5735,-1548,-1421,-306,1868
1858,-736,-1141,306,2032,1768,579,5719,-1547,-1397,-270,1894
1876,-714,-1193,363,2077,1756,562,5707,-1541,-1364,-233,1920
1915,-690,-1267,432,2150,1758,549,5704,-1527,-1315,-187,1944
1953,-683,-1322,477,2210,1768,532,5699,-1515,-1273,-142,1964
1969,-705,-1325,467,2219,1783,503,5683,-1517,-1254,-108,1975
1932,-768,-1233,364,2129,1790,447,5639,-1547,-1274,-101,1964
1895,-829,-1140,261,2039,1795,393,5595,-1579,-1294,-98,1954
1860,-891,-1048,157,1950,1802,346,5551,-1610,-1314,-100,1946
1822,-952,-952,48,1856,1808,301,5506,-1640,-1333,-111,1940
1813,-985,-911,-5,1819,1814,275,5484,-1651,-1327,-104,1952
1822,-998,-905,-24,1816,1820,257,5474,-1651,-1311,-83,1975
1825,-1007,-895,-44,1807,1821,239,5460,-1653,-1297,-63,1995
1835,-1000,-907,-39,1817,1816,233,5446,-1648,-1268,-42,2024
1878,-956,-986,34,1895,1811,257,5447,-1619,-1206,-4,2078
1943,-904,-1092,130,2005,1816,285,5456,-1586,-1145,45,2136
1983,-880,-1146,172,2063,1824,294,5446,-1570,-1123,81,2167
1988,-887,-1131,149,2054,1832,285,5415,-1578,-1142,95,2174
1968,-910,-1075,87,2001,1836,265,5372,-1598,-1169,94,2172
1964,-910,-1058,68,1985,1835,257,5342,-1606,-1168,105,2186
1991,-881,-1101,108,2030,1838,264,5334,-1596,-1141,136,2219
2012,-858,-1135,141,2067,1842,268,5324,-1589,-1121,169,2246
2015,-851,-1134,141,2069,1847,255,5303,-1592,-1121,197,2260
1989,-864,-1088,100,2023,1847,227,5261,-1606,-1144,210,2261
1959,-877,-1040,59,1973,1844,198,5214,-1622,-1170,214,2257
1940,-872,-1023,54,1952,1838,178,5169,-1630,-1184,219,2255
1958,-833,-1079,121,2005,1834,180,5146,-1613,-1167,244,2271
1966,-804,-1117,172,2039,1830,174,5122,-1596,-1156,267,2290
1976,-790,-1144,206,2068,1838,165,5101,-1574,-1142,291,2317
1995,-792,-1166,228,2099,1861,159,5081,-1552,-1131,318,2343
1991,-825,-1135,196,2080,1889,139,5040,-1548,-1142,327,2349
1973,-868,-1081,141,2036,1914,113,4986,-1555,-1155,326,2340
1962,-904,-1043,104,2008,1938,89,4939,-1561,-1161,331,2333
1953,-948,-999,56,1975,1967,53,4895,-1571,-1178,336,2321
1920,-1021,-902,-47,1891,1997,-8,4839,-1601,-1229,325,2289
1878,-1096,-793,-158,1793,2021,-70,4775,-1638,-1280,304,2256
1871,-1136,-755,-201,1765,2045,-104,4730,-1656,-1290,301,2249
1913,-1132,-809,-155,1831,2071,-105,4714,-1647,-1254,329,2275
1986,-1104,-918,-56,1953,2099,-86,4719,-1619,-1189,381,2319
2051,-1084,-1008,21,2057,2127,-76,4719,-1598,-1138,429,2356
2089,-1083,-1053,55,2113,2148,-83,4700,-1596,-1114,459,2377
2128,-1069,-1109,102,2177,2161,-89,4678,-1595,-1094,486,2398
2180,-1036,-1195,179,2268,2170,-91,4662,-1593,-1068,514,2424
2251,-989,-1315,287,2396,2181,-88,4653,-1593,-1039,547,2455
2327,-944,-1436,392,2526,2196,-87,4646,-1599,-1015,579,2482
2388,-917,-1523,461,2625,2213,-100,4630,-1620,-1014,601,2494
2396,-926,-1520,445,2628,2219,-143,4584,-1667,-1049,596,2480
2397,-930,-1515,428,2624,2217,-183,4539,-1716,-1083,592,2467
2387,-935,-1499,405,2607,2208,-218,4493,-1764,-1114,586,2456
2365,-942,-1467,369,2570,2193,-251,4445,-1814,-1146,572,2444
2360,-927,-1474,373,2570,2174,-267,4416,-1850,-1158,566,2443
2360,-903,-1495,392,2583,2154,-273,4401,-1879,-1159,563,2447
2347,-888,-1494,391,2572,2132,-278,4383,-1912,-1167,552,2442
2334,-868,-1497,398,2564,2107,-269,4365,-1944,-1171,541,2444
2346,-816,-1556,463,2610,2079,-231,4363,-1956,-1147,548,2468
2369,-765,-1626,535,2670,2060,-189,4369,-1966,-1122,561,2497
2362,-751,-1627,538,2663,2046,-171,4355,-1998,-1135,555,2504
2315,-784,-1540,452,2571,2039,-180,4314,-2063,-1196,521,2475
2243,-849,-1395,307,2424,2037,-208,4252,-2154,-1287,462,2417
2182,-906,-1270,182,2297,2038,-232,4193,-2248,-1369,406,2360
2145,-949,-1182,92,2211,2047,-248,4146,-2334,-1434,361,2307
2106,-1004,-1081,-13,2115,2064,-269,4097,-2421,-1503,316,2248
2052,-1077,-946,-152,1987,2084,-301,4037,-2514,-1583,262,2180
1979,-1160,-783,-315,1828,2098,-339,3965,-2611,-1669,200,2107
1909,-1227,-638,-455,1683,2105,-373,3891,-2697,-1745,143,2046
1859,-1266,-543,-541,1586,2107,-393,3826,-2765,-1791,98,2009
1862,-1257,-548,-529,1591,2113,-384,3792,-2799,-1788,84,2008
1862,-1244,-555,-511,1596,2113,-378,3757,-2822,-1778,79,2010
1859,-1229,-562,-490,1600,2110,-375,3723,-2841,-1766,77,2010
1859,-1214,-573,-468,1608,2109,-375,3690,-2857,-1756,80,2009
1833,-1223,-536,-493,1569,2105,-392,3637,-2885,-1774,66,1991
1796,-1244,-477,-539,1507,2100,-414,3573,-2921,-1801,42,1963
1773,-1262,-438,-570,1468,2101,-428,3522,-2949,-1820,23,1938
1760,-1291,-399,-608,1436,2115,-443,3484,-2971,-1840,10,1913
1733,-1354,-313,-699,1365,2141,-477,3443,-3003,-1881,-15,1870
1702,-1419,-225,-793,1289,2164,-507,3405,-3028,-1915,-44,1831
1707,-1437,-221,-800,1294,2177,-506,3400,-3024,-1909,-52,1821
1759,-1395,-325,-695,1402,2181,-468,3431,-2987,-1858,-30,1840
1838,-1313,-498,-518,1573,2173,-406,3484,-2931,-1787,12,1874
1897,-1233,-649,-358,1716,2153,-349,3533,-2880,-1735,49,1896
1920,-1174,-745,-250,1800,2122,-305,3563,-2844,-1714,63,1894
1941,-1118,-835,-147,1877,2089,-261,3590,-2812,-1700,65,1885
1971,-1055,-942,-30,1970,2057,-209,3626,-2776,-1679,65,1878
2018,-986,-1072,106,2092,2031,-151,3676,-2732,-1649,74,1876
2055,-925,-1184,223,2193,2004,-100,3728,-2692,-1625,84,1874
2072,-888,-1251,294,2250,1978,-66,3769,-2664,-1621,85,1864
2042,-899,-1222,267,2211,1953,-62,3781,-2664,-1654,59,1829
2010,-916,-1184,230,2164,1930,-59,3791,-2666,-1688,33,1797
1972,-940,-1131,177,2103,1908,-60,3795,-2672,-1725,4,1762
1925,-979,-1054,97,2018,1891,-69,3787,-2684,-1764,-34,1716
1901,-1007,-1007,44,1969,1884,-66,3792,-2685,-1782,-57,1673
1888,-1034,-969,-4,1931,1884,-58,3806,-2679,-1789,-77,1634
1864,-1069,-910,-72,1872,1884,-51,3814,-2675,-1802,-110,1592
1839,-1094,-858,-129,1816,1878,-35,3818,-2664,-1808,-150,1556
1845,-1087,-865,-127,1820,1874,8,3835,-2631,-1779,-177,1542
1873,-1076,-895,-108,1854,1884,54,3859,-2592,-1743,-193,1534
1878,-1098,-866,-150,1833,1902,80,3864,-2570,-1740,-224,1509
1851,-1158,-764,-267,1741,1927,83,3844,-2574,-1775,-277,1461
1802,-1242,-615,-432,1604,1955,74,3808,-2595,-1832,-351,1398
1771,-1303,-506,-555,1506,1982,80,3785,-2604,-1869,-416,1349
1777,-1335,-461,-615,1476,2016,105,3791,-2589,-1880,-453,1320
1788,-1368,-421,-671,1453,2055,130,3803,-2570,-1887,-480,1290
1792,-1404,-371,-735,1420,2092,147,3811,-2560,-1908,-509,1251
1772,-1444,-296,-816,1355,2116,151,3804,-2563,-1950,-551,1201
1755,-1470,-238,-876,1304,2133,161,3802,-2564,-1989,-591,1152
1752,-1476,-218,-895,1289,2146,188,3814,-2554,-2005,-621,1114
1798,-1445,-286,-829,1366,2168,249,3858,-2514,-1977,-620,1109
1845,-1422,-350,-769,1442,2194,315,3904,-2471,-1950,-614,1111
1886,-1404,-406,-716,1510,2219,377,3949,-2432,-1929,-611,1115
1930,-1383,-470,-654,1584,2242,439,3995,-2395,-1914,-607,1120
1942,-1384,-483,-639,1606,2259,486,4026,-2378,-1927,-620,1106
1930,-1398,-462,-654,1589,2266,527,4045,-2375,-1958,-645,1077
1919,-1409,-447,-663,1575,2271,569,4067,-2376,-1992,-671,1045
1901,-1430,-416,-687,1548,2276,600,4087,-2385,-2036,-703,1002
1853,-1481,-327,-770,1462,2279,606,4090,-2417,-2109,-754,937
1788,-1530,-223,-861,1354,2268,608,4082,-2453,-2185,-816,868
1750,-1537,-189,-878,1310,2246,632,4095,-2466,-2223,-863,822
1757,-1498,-245,-805,1356,2222,684,4136,-2449,-2217,-886,804
1796,-1436,-355,-682,1459,2202,755,4197,-2412,-2183,-889,807
1824,-1388,-439,-586,1537,2184,824,4251,-2378,-2161,-896,802
1816,-1369,-456,-556,1544,2160,875,4280,-2364,-2168,-922,774
1806,-1348,-473,-527,1550,2133,927,4307,-2350,-2171,-940,744
1812,-1319,-511,-480,1578,2110,990,4342,-2326,-2156,-944,721
1846,-1278,-588,-400,1652,2099,1066,4391,-2290,-2128,-933,711
1883,-1236,-667,-320,1727,2087,1143,4440,-2254,-2105,-920,702
1901,-1212,-709,-279,1765,2076,1209,4480,-2230,-2106,-920,680
1879,-1234,-663,-327,1717,2068,1247,4493,-2232,-2148,-949,629
1858,-1263,-611,-387,1664,2066,1284,4507,-2238,-2191,-982,577
1836,-1294,-556,-450,1609,2066,1317,4521,-2244,-2230,-1017,532
1802,-1330,-483,-531,1533,2061,1347,4531,-2256,-2276,-1064,486
1785,-1344,-450,-570,1496,2054,1388,4556,-2256,-2304,-1103,450
1777,-1341,-442,-582,1482,2042,1438,4591,-2249,-2321,-1128,421
1753,-1335,-420,-603,1447,2019,1484,4618,-2246,-2342,-1158,389
1723,-1315,-407,-608,1414,1983,1532,4638,-2246,-2357,-1193,360
1716,-1261,-450,-554,1435,1941,1602,4667,-2230,-2341,-1215,347
1726,-1209,-508,-489,1477,1912,1676,4699,-2211,-2325,-1229,333
1711,-1197,-501,-496,1459,1896,1724,4706,-2214,-2346,-1261,296
1657,-1234,-406,-593,1357,1886,1741,4683,-2248,-2408,-1317,233
1578,-1297,-259,-741,1204,1879,1739,4642,-2301,-2492,-1394,155
1513,-1350,-136,-865,1076,1874,1742,4609,-2346,-2559,-1466,84
1484,-1379,-77,-928,1016,1878,1762,4598,-2373,-2596,-1517,33
1461,-1407,-21,-987,961,1886,1777,4589,-2397,-2632,-1567,-16
1432,-1445,48,-1061,894,1896,1779,4575,-2431,-2682,-1624,-72
1388,-1492,141,-1154,801,1903,1772,4547,-2480,-2750,-1693,-139
1343,-1536,232,-1242,709,1907,1765,4516,-2530,-2814,-1759,-204
1308,-1561,294,-1297,644,1905,1766,4494,-2569,-2860,-1814,-256
1316,-1548,274,-1270,662,1908,1792,4497,-2584,-2868,-1842,-285
1320,-1535,258,-1246,674,1907,1817,4496,-2599,-2879,-1872,-316
1319,-1528,251,-1229,678,1907,1839,4491,-2616,-2895,-1901,-351
1327,-1522,238,-1209,692,1914,1862,4486,-2633,-2905,-1920,-381
1318,-1542,265,-1232,667,1926,1866,4463,-2660,-2934,-1950,-424
1301,-1575,314,-1278,625,1942,1862,4431,-2691,-2977,-1987,-475
1300,-1608,346,-1312,604,1967,1862,4407,-2715,-3017,-2014,-525
1304,-1649,379,-1353,586,2000,1858,4386,-2741,-3061,-2039,-582
1285,-1717,463,-1446,520,2037,1837,4355,-2782,-3127,-2079,-657
1251,-1782,557,-1544,437,2060,1818,4318,-2826,-3192,-2129,-732
1242,-1801,581,-1564,419,2069,1826,4305,-2847,-3216,-2160,-780
1276,-1769,508,-1486,494,2070,1872,4326,-2838,-3190,-2159,-790
1341,-1705,374,-1348,632,2072,1943,4364,-2809,-3138,-2131,-775
1405,-1654,254,-1228,759,2080,2012,4395,-2784,-3094,-2101,-761
1440,-1634,192,-1168,830,2090,2065,4407,-2776,-3074,-2086,-763
1474,-1617,137,-1116,894,2100,2119,4414,-2768,-3054,-2075,-765
1523,-1595,62,-1049,982,2116,2186,4431,-2750,-3021,-2063,-755
1592,-1570,-36,-965,1099,2144,2262,4456,-2727,-2977,-2047,-735
1665,-1550,-132,-886,1217,2176,2338,4478,-2705,-2932,-2031,-712
1717,-1544,-193,-842,1297,2205,2397,4490,-2695,-2907,-2022,-700
1714,-1575,-162,-884,1280,2220,2424,4474,-2715,-2922,-2041,-718
1703,-1603,-125,-929,1253,2228,2445,4455,-2741,-2942,-2063,-737
1682,-1630,-79,-980,1211,2228,2461,4429,-2772,-2971,-2088,-758
1640,-1661,-8,-1052,1140,2216,2466,4392,-2812,-3009,-2124,-789
1613,-1674,30,-1091,1098,2203,2478,4368,-2843,-3030,-2154,-813
1598,-1680,51,-1114,1076,2192,2493,4350,-2868,-3043,-2178,-834
1577,-1694,87,-1153,1038,2183,2503,4323,-2899,-3061,-2203,-860
1553,-1698,117,-1182,1002,2165,2521,4295,-2927,-3068,-2227,-879
1554,-1663,84,-1145,1022,2139,2562,4281,-2936,-3045,-2238,-875
1568,-1617,28,-1085,1066,2115,2601,4275,-2948,-3022,-2244,-867
1558,-1604,29,-1086,1055,2097,2615,4253,-2982,-3039,-2271,-883
1512,-1629,106,-1162,968,2081,2595,4204,-3044,-3098,-2330,-931
1441,-1673,228,-1281,833,2062,2556,4141,-3122,-3174,-2408,-997
1385,-1700,318,-1366,729,2041,2527,4091,-3186,-3225,-2478,-1051
1360,-1698,348,-1392,684,2022,2514,4066,-3230,-3247,-2523,-1089
1341,-1695,370,-1410,650,2008,2507,4046,-3267,-3259,-2551,-1122
1312,-1707,418,-1455,590,1996,2492,4016,-3307,-3284,-2574,-1159
1262,-1736,502,-1534,493,1983,2468,3973,-3356,-3328,-2603,-1203
1214,-1769,588,-1616,394,1975,2444,3927,-3402,-3367,-2635,-1248
1179,-1799,658,-1683,317,1973,2426,3883,-3442,-3391,-2662,-1288
1191,-1803,652,-1681,321,1985,2436,3864,-3454,-3376,-2665,-1311
1206,-1816,652,-1688,323,2007,2444,3844,-3465,-3371,-2671,-1342
1224,-1838,657,-1703,326,2036,2447,3821,-3480,-3380,-2686,-1381
1249,-1855,648,-1705,343,2067,2450,3799,-3495,-3395,-2702,-1413
1247,-1890,683,-1747,313,2092,2439,3763,-3522,-3427,-2730,-1447
1230,-1936,742,-1811,260,2115,2426,3719,-3553,-3457,-2758,-1474
1225,-1980,786,-1863,225,2143,2423,3685,-3576,-3479,-2775,-1490
1223,-2030,834,-1921,192,2179,2414,3653,-3602,-3507,-2790,-1510
1198,-2108,930,-2030,113,2216,2383,3606,-3651,-3569,-2822,-1550
1156,-2186,1043,-2151,13,2243,2344,3548,-3707,-3637,-2865,-1595
1142,-2225,1087,-2200,-21,2261,2327,3511,-3739,-3665,-2896,-1619
1169,-2214,1041,-2155,34,2274,2345,3502,-3740,-3646,-2902,-1615
1227,-2168,929,-2044,155,2283,2384,3513,-3718,-3601,-2889,-1592
1273,-2128,836,-1951,256,2288,2414,3514,-3704,-3575,-2882,-1581
1282,-2107,799,-1908,295,2280,2421,3491,-3710,-3582,-2895,-1593
1287,-2080,761,-1860,333,2263,2425,3464,-3719,-3592,-2915,-1608
1296,-2039,705,-1794,387,2240,2435,3438,-3727,-3596,-2936,-1611
1327,-1983,614,-1695,476,2220,2455,3423,-3730,-3589,-2941,-1597
1353,-1929,531,-1603,558,2197,2476,3405,-3738,-3585,-2937,-1585
1367,-1892,477,-1543,611,2175,2492,3380,-3753,-3591,-2931,-1583
1341,-1898,509,-1569,579,2154,2486,3334,-3790,-3628,-2946,-1604
1317,-1902,538,-1594,549,2133,2480,3293,-3826,-3662,-2956,-1626
1299,-1901,556,-1608,529,2113,2477,3261,-3859,-3688,-2963,-1645
1269,-1899,587,-1630,491,2083,2471,3228,-3892,-3718,-2976,-1670
1259,-1870,573,-1606,495,2047,2478,3215,-3908,-3731,-2977,-1685
1261,-1825,531,-1553,524,2011,2489,3213,-3917,-3736,-2969,-1694
1257,-1783,500,-1508,540,1973,2491,3205,-3930,-3748,-2966,-1708
1251,-1735,464,-1457,556,1929,2497,3193,-3939,-3756,-2967,-1716
1269,-1657,376,-1352,621,1883,2521,3192,-3930,-3735,-2955,-1701
1306,-1581,272,-1236,710,1852,2547,3200,-3915,-3709,-2934,-1679
1320,-1550,236,-1197,736,1837,2551,3190,-3920,-3715,-2929,-1674
1298,-1572,290,-1252,678,1835,2526,3153,-3952,-3760,-2947,-1695
1249,-1628,404,-1371,562,1840,2478,3095,-4007,-3833,-2988,-1732
1210,-1672,496,-1466,466,1845,2435,3042,-4058,-3897,-3027,-1766
1203,-1687,526,-1500,434,1854,2409,3008,-4089,-3936,-3047,-1784
1193,-1706,563,-1541,396,1867,2384,2975,-4120,-3979,-3067,-1805
1172,-1737,620,-1604,338,1882,2351,2937,-4153,-4029,-3093,-1834
1124,-1785,721,-1706,234,1891,2307,2885,-4192,-4091,-3134,-1871
1071,-1832,824,-1809,126,1899,2269,2829,-4232,-4148,-3180,-1907
1027,-1865,903,-1885,42,1904,2244,2776,-4264,-4190,-3223,-1933
1015,-1861,911,-1890,27,1908,2245,2747,-4269,-4199,-3239,-1936
995,-1858,927,-1899,3,1907,2246,2721,-4273,-4211,-3251,-1942
968,-1862,956,-1922,-34,1906,2244,2693,-4281,-4231,-3264,-1956
949,-1861,972,-1932,-54,1908,2250,2672,-4284,-4242,-3269,-1970
915,-1882,1023,-1979,-108,1913,2246,2640,-4296,-4262,-3282,-1996
870,-1914,1094,-2046,-181,1918,2237,2602,-4311,-4287,-3298,-2025
841,-1941,1145,-2096,-230,1928,2233,2574,-4320,-4304,-3306,-2046
825,-1976,1189,-2145,-265,1950,2222,2550,-4329,-4330,-3313,-2071
795,-2039,1276,-2241,-337,1981,2188,2517,-4357,-4386,-3337,-2111
758,-2112,1378,-2354,-425,2010,2148,2476,-4392,-4448,-3373,-2153
753,-2155,1419,-2404,-449,2039,2131,2454,-4408,-4469,-3396,-2174
792,-2152,1369,-2363,-385,2063,2145,2459,-4395,-4437,-3390,-2162
860,-2119,1262,-2264,-262,2085,2183,2485,-4360,-4376,-3356,-2123
922,-2091,1165,-2175,-151,2103,2216,2508,-4325,-4322,-3315,-2084
948,-2087,1130,-2143,-106,2112,2227,2510,-4308,-4300,-3295,-2072
972,-2080,1094,-2111,-62,2116,2234,2512,-4296,-4285,-3286,-2074
1000,-2064,1047,-2064,-8,2114,2245,2520,-4283,-4268,-3285,-2077
1042,-2036,975,-1994,71,2112,2260,2540,-4266,-4246,-3277,-2069
1088,-2008,899,-1922,156,2111,2270,2560,-4250,-4230,-3266,-2057
1126,-1998,851,-1881,215,2116,2266,2571,-4247,-4232,-3255,-2059
1121,-2028,885,-1922,191,2119,2232,2555,-4271,-4269,-3262,-2091
1112,-2062,929,-1973,156,2120,2194,2538,-4301,-4309,-3271,-2130
1103,-2091,969,-2019,123,2118,2159,2525,-4327,-4338,-3276,-2165
1078,-2121,1027,-2078,66,2107,2122,2509,-4353,-4365,-3284,-2196
1066,-2128,1049,-2098,42,2090,2100,2505,-4367,-4377,-3278,-2211
1063,-2116,1043,-2088,40,2067,2086,2512,-4372,-4382,-3264,-2217
1047,-2104,1052,-2088,20,2037,2072,2516,-4376,-4387,-3256,-2229
1027,-2083,1056,-2080,0,2001,2068,2520,-4374,-4381,-3249,-2236
1036,-2029,999,-2010,39,1963,2095,2540,-4345,-4338,-3225,-2219
1067,-1966,912,-1914,111,1938,2127,2572,-4310,-4288,-3187,-2191
1078,-1935,879,-1876,134,1922,2139,2590,-4288,-4265,-3158,-2176
1051,-1943,921,-1915,82,1910,2123,2582,-4293,-4280,-3150,-2184
999,-1971,1008,-1997,-18,1896,2094,2559,-4316,-4316,-3159,-2205
957,-1986,1072,-2055,-95,1883,2071,2542,-4336,-4339,-3165,-2216
952,-1977,1074,-2057,-106,1881,2069,2548,-4337,-4332,-3149,-2207
955,-1974,1072,-2058,-108,1890,2068,2558,-4333,-4322,-3124,-2193
947,-1988,1096,-2089,-134,1905,2056,2557,-4332,-4325,-3101,-2184
918,-2018,1155,-2153,-197,1918,2035,2538,-4339,-4337,-3089,-2181
888,-2050,1217,-2219,-262,1932,2013,2513,-4350,-4346,-3080,-2178
871,-2070,1252,-2259,-298,1950,2001,2495,-4355,-4346,-3067,-2167
902,-2057,1204,-2220,-247,1977,2016,2507,-4335,-4313,-3033,-2134
938,-2042,1150,-2177,-189,2007,2033,2522,-4312,-4283,-2999,-2102
970,-2034,1105,-2142,-137,2038,2048,2537,-4290,-4256,-2972,-2075
1008,-2025,1051,-2101,-75,2072,2064,2557,-4266,-4229,-2940,-2050
1020,-2040,1048,-2109,-63,2105,2065,2563,-4256,-4224,-2917,-2039
1011,-2075,1083,-2153,-90,2134,2055,2557,-4256,-4228,-2898,-2035
1002,-2109,1119,-2198,-116,2162,2050,2554,-4254,-4224,-2878,-2026
992,-2154,1166,-2255,-149,2195,2043,2556,-4253,-4223,-2860,-2022
958,-2233,1272,-2373,-238,2232,2015,2545,-4272,-4252,-2859,-2040
901,-2317,1404,-2511,-358,2255,1979,2526,-4299,-4291,-2874,-2064
865,-2361,1476,-2582,-424,2262,1961,2525,-4309,-4299,-2876,-2066
870,-2352,1455,-2554,-400,2259,1972,2549,-4291,-4265,-2852,-2041
906,-2305,1366,-2455,-309,2250,2003,2590,-4252,-4207,-2807,-2001
935,-2261,1287,-2365,-231,2235,2029,2626,-4214,-4160,-2765,-1964
933,-2242,1267,-2331,-213,2213,2039,2642,-4190,-4133,-2740,-1939
928,-2230,1257,-2309,-203,2192,2051,2657,-4168,-4105,-2715,-1910
937,-2212,1228,-2270,-173,2173,2073,2676,-4137,-4066,-2684,-1872
966,-2186,1172,-2209,-111,2161,2101,2706,-4096,-4015,-2643,-1830
999,-2164,1116,-2151,-48,2151,2124,2737,-4055,-3970,-2603,-1794
1026,-2155,1080,-2116,-3,2146,2131,2760,-4025,-3950,-2572,-1770
1013,-2185,1124,-2161,-39,2139,2104,2751,-4026,-3974,-2573,-1780
999,-2215,1168,-2206,-75,2130,2065,2737,-4035,-4001,-2580,-1798
994,-2237,1196,-2237,-97,2123,2025,2723,-4040,-4021,-2586,-1814
983,-2263,1234,-2278,-130,2114,1983,2705,-4046,-4039,-2597,-1831
996,-2267,1225,-2275,-115,2109,1962,2706,-4033,-4024,-2589,-1833
1028,-2251,1178,-2234,-64,2104,1959,2725,-4003,-3990,-2567,-1824
1057,-2234,1133,-2194,-16,2099,1961,2744,-3972,-3958,-2544,-1816
1090,-2209,1076,-2143,41,2093,1972,2767,-3935,-3922,-2521,-1804
1155,-2149,952,-2024,165,2087,2009,2809,-3874,-3851,-2480,-1769
1244,-2078,793,-1876,328,2094,2055,2865,-3801,-3766,-2423,-1726
1314,-2040,687,-1787,442,2112,2082,2907,-3745,-3713,-2375,-1704
1350,-2046,659,-1780,481,2140,2081,2925,-3718,-3701,-2351,-1711
1360,-2080,685,-1828,467,2172,2064,2926,-3713,-3719,-2349,-1732
1381,-2105,691,-1856,473,2208,2056,2930,-3706,-3728,-2346,-1743
1436,-2102,636,-1825,543,2250,2064,2950,-3685,-3717,-2324,-1735
1493,-2099,578,-1792,616,2296,2073,2974,-3663,-3705,-2294,-1726
1534,-2105,544,-1781,664,2339,2071,2994,-3649,-3702,-2266,-1722
1542,-2117,549,-1799,663,2367,2054,3000,-3646,-3715,-2256,-1730
1540,-2119,556,-1811,654,2381,2036,3002,-3644,-3728,-2255,-1738
1538,-2105,545,-1800,658,2388,2030,3007,-3640,-3732,-2251,-1740
1574,-2057,465,-1718,733,2397,2055,3036,-3611,-3700,-2223,-1719
1602,-2015,398,-1648,795,2406,2079,3061,-3583,-3667,-2193,-1698
1613,-1988,364,-1609,824,2413,2091,3075,-3562,-3646,-2172,-1690
1624,-1964,333,-1572,852,2422,2098,3088,-3545,-3631,-2150,-1686
1612,-1966,353,-1587,830,2432,2091,3083,-3547,-3647,-2147,-1705
1586,-1989,408,-1636,777,2444,2075,3063,-3561,-3678,-2156,-1739
1568,-2012,455,-1680,735,2462,2057,3042,-3577,-3712,-2165,-1767
1556,-2043,506,-1731,693,2486,2031,3022,-3597,-3754,-2171,-1789
1524,-2105,607,-1834,607,2516,1980,2987,-3636,-3820,-2189,-1827
1475,-2172,730,-1955,495,2536,1922,2939,-3682,-3893,-2223,-1872
1453,-2200,789,-2007,444,2545,1886,2908,-3708,-3930,-2245,-1897
1475,-2181,754,-1965,486,2549,1882,2905,-3702,-3922,-2237,-1889
1532,-2129,653,-1857,595,2552,1902,2930,-3672,-3881,-2202,-1861
1586,-2086,562,-1761,697,2558,1923,2956,-3642,-3847,-2165,-1836
1604,-2072,535,-1729,731,2556,1928,2962,-3629,-3842,-2151,-1828
1615,-2054,510,-1694,760,2544,1932,2967,-3616,-3841,-2142,-1816
1630,-2026,470,-1646,801,2527,1944,2979,-3596,-3825,-2128,-1794
1668,-1990,396,-1568,879,2518,1967,3008,-3562,-3787,-2095,-1757
1707,-1961,326,-1499,957,2513,1988,3041,-3527,-3748,-2055,-1720
1728,-1949,289,-1464,999,2505,1996,3066,-3499,-3724,-2023,-1694
1699,-1981,343,-1520,946,2493,1973,3060,-3496,-3741,-2022,-1701
1660,-2022,414,-1593,875,2480,1941,3047,-3503,-3762,-2031,-1719
1619,-2057,478,-1660,807,2461,1906,3033,-3509,-3779,-2039,-1735
1565,-2100,562,-1744,716,2438,1865,3013,-3521,-3803,-2053,-1754
1532,-2124,606,-1791,664,2418,1841,3008,-3521,-3806,-2052,-1760
1520,-2136,615,-1807,649,2405,1831,3015,-3508,-3796,-2039,-1757
1503,-2152,632,-1832,623,2393,1820,3016,-3498,-3792,-2032,-1756
1483,-2159,645,-1849,598,2373,1814,3011,-3487,-3787,-2029,-1749
1486,-2130,600,-1803,626,2347,1836,3014,-3456,-3758,-2018,-1721
1513,-2087,518,-1724,693,2329,1873,3029,-3416,-3725,-1995,-1689
1520,-2074,487,-1700,712,2319,1892,3027,-3395,-3725,-1987,-1681
1491,-2102,536,-1757,654,2316,1884,3002,-3398,-3762,-1999,-1705
1440,-2156,635,-1864,546,2317,1861,2963,-3416,-3814,-2027,-1742
1399,-2203,718,-1956,456,2321,1846,2930,-3428,-3847,-2050,-1769
1398,-2220,733,-1983,437,2334,1852,2922,-3418,-3850,-2050,-1775
1405,-2240,745,-2009,427,2356,1856,2919,-3408,-3855,-2049,-1786
1409,-2272,774,-2053,402,2385,1853,2909,-3407,-3873,-2055,-1807
1400,-2320,833,-2127,351,2418,1839,2883,-3419,-3902,-2077,-1836
1405,-2353,866,-2172,326,2450,1837,2867,-3426,-3912,-2097,-1850
1432,-2352,844,-2158,353,2476,1854,2868,-3418,-3892,-2106,-1841
1474,-2334,792,-2111,412,2502,1879,2879,-3400,-3861,-2096,-1822
1502,-2331,771,-2094,441,2529,1890,2875,-3390,-3844,-2087,-1810
1520,-2343,776,-2103,448,2560,1891,2858,-3391,-3835,-2086,-1806
1547,-2353,772,-2104,468,2596,1896,2838,-3393,-3819,-2083,-1797
1561,-2379,796,-2133,462,2634,1892,2807,-3400,-3809,-2084,-1793
1587,-2392,797,-2138,481,2670,1901,2787,-3392,-3784,-2069,-1780
1630,-2393,769,-2115,531,2709,1921,2787,-3373,-3747,-2041,-1762
1650,-2421,791,-2143,534,2750,1922,2778,-3371,-3742,-2030,-1772
1628,-2488,892,-2248,458,2788,1888,2745,-3400,-3784,-2053,-1824
1579,-2556,1022,-2375,346,2808,1839,2697,-3445,-3839,-2096,-1884
1550,-2580,1086,-2427,291,2810,1809,2664,-3475,-3861,-2120,-1918
1561,-2543,1047,-2372,332,2798,1806,2658,-3478,-3837,-2107,-1920
1603,-2469,939,-2246,440,2780,1823,2670,-3466,-3786,-2070,-1904
1650,-2404,834,-2128,550,2769,1839,2681,-3455,-3743,-2030,-1891
1665,-2372,792,-2075,597,2759,1837,2672,-3459,-3726,-2006,-1895
1675,-2346,758,-2033,634,2747,1836,2665,-3463,-3710,-1983,-1896
1691,-2306,703,-1968,689,2729,1850,2670,-3456,-3678,-1949,-1882
1732,-2248,602,-1861,791,2712,1883,2694,-3436,-3628,-1895,-1845
1785,-2178,477,-1731,917,2696,1923,2725,-3413,-3575,-1827,-1794
1835,-2118,363,-1615,1032,2682,1955,2754,-3396,-3533,-1760,-1747
1847,-2092,318,-1570,1074,2664,1964,2760,-3400,-3525,-1720,-1720
1859,-2065,271,-1523,1118,2645,1972,2763,-3408,-3526,-1692,-1693
1880,-2029,205,-1458,1179,2626,1981,2769,-3417,-3529,-1666,-1664
1895,-2004,154,-1411,1223,2609,1983,2769,-3431,-3537,-1653,-1643
1929,-1968,72,-1337,1301,2597,1993,2783,-3437,-3527,-1637,-1617
1983,-1928,-34,-1245,1406,2595,2009,2808,-3435,-3509,-1614,-1584
2028,-1903,-115,-1180,1487,2599,2015,2824,-3437,-3498,-1594,-1557
2061,-1880,-184,-1125,1550,2596,2017,2833,-3441,-3487,-1575,-1534
2105,-1829,-291,-1025,1646,2582,2037,2853,-3428,-3453,-1543,-1499
2163,-1768,-422,-904,1764,2572,2065,2886,-3405,-3412,-1502,-1466
2194,-1738,-494,-842,1824,2566,2075,2904,-3394,-3400,-1478,-1454
2182,-1750,-478,-867,1796,2560,2054,2894,-3412,-3431,-1484,-1468
2137,-1793,-400,-954,1703,2555,2010,2861,-3454,-3490,-1513,-1498
2089,-1828,-323,-1034,1609,2544,1970,2829,-3495,-3539,-1538,-1524
2066,-1832,-300,-1057,1567,2530,1946,2817,-3520,-3560,-1544,-1539
2039,-1831,-278,-1075,1523,2513,1921,2805,-3543,-3581,-1549,-1557
1998,-1839,-231,-1115,1453,2493,1885,2784,-3576,-3618,-1565,-1587
1935,-1862,-145,-1190,1343,2470,1835,2747,-3624,-3673,-1599,-1631
1872,-1893,-50,-1275,1229,2455,1783,2704,-3675,-3726,-1644,-1681
1819,-1919,31,-1346,1131,2443,1740,2666,-3718,-3766,-1686,-1723
1808,-1908,36,-1341,1114,2437,1725,2653,-3734,-3760,-1696,-1730
1803,-1891,30,-1323,1109,2431,1715,2645,-3741,-3744,-1692,-1725
1792,-1876,36,-1314,1093,2423,1701,2636,-3747,-3728,-1685,-1720
1788,-1855,28,-1289,1093,2415,1694,2632,-3746,-3705,-1671,-1711
1763,-1851,60,-1303,1054,2407,1674,2615,-3755,-3699,-1670,-1714
1724,-1866,125,-1350,985,2400,1644,2585,-3775,-3708,-1682,-1725
1694,-1880,181,-1390,930,2398,1617,2559,-3798,-3714,-1693,-1737
1667,-1901,241,-1436,876,2404,1583,2538,-3826,-3724,-1703,-1759
1617,-1957,359,-1544,768,2415,1525,2505,-3872,-3764,-1731,-1804
1540,-2026,515,-1686,620,2417,1459,2463,-3923,-3810,-1770,-1858
1478,-2065,625,-1776,513,2407,1419,2438,-3953,-3819,-1787,-1885
1452,-2060,654,-1784,486,2391,1411,2439,-3953,-3783,-1774,-1879
1457,-2023,619,-1728,521,2373,1424,2460,-3934,-3723,-1738,-1852
1461,-1990,586,-1677,556,2356,1434,2479,-3915,-3676,-1702,-1830
1433,-1985,612,-1684,531,2334,1428,2478,-3913,-3661,-1686,-1827
1404,-1984,641,-1697,503,2314,1426,2472,-3918,-3650,-1675,-1826
1390,-1974,645,-1689,501,2297,1437,2473,-3918,-3630,-1662,-1818
1404,-1951,607,-1644,546,2288,1462,2489,-3910,-3593,-1638,-1801
1425,-1933,566,-1603,597,2285,1491,2507,-3902,-3552,-1613,-1784
1434,-1930,549,-1587,624,2284,1511,2516,-3903,-3529,-1593,-1776
1397,-1965,617,-1656,563,2276,1498,2492,-3935,-3549,-1601,-1798
1346,-2006,703,-1741,478,2262,1477,2458,-3978,-3578,-1615,-1827
1294,-2042,783,-1821,397,2242,1455,2427,-4022,-3605,-1626,-1857
1225,-2081,883,-1917,290,2214,1429,2387,-4073,-3638,-1649,-1897
1172,-2097,944,-1973,218,2180,1415,2361,-4111,-3650,-1660,-1926
1142,-2098,966,-1994,186,2151,1410,2350,-4136,-3650,-1658,-1941
1113,-2106,995,-2025,148,2127,1404,2335,-4159,-3653,-1658,-1954
1084,-2111,1021,-2053,110,2103,1404,2318,-4179,-3650,-1662,-1962
1078,-2081,989,-2019,126,2072,1428,2318,-4178,-3616,-1656,-1948
1097,-2030,912,-1943,186,2044,1463,2331,-4168,-3567,-1637,-1923
1102,-2005,877,-1911,208,2025,1483,2332,-4175,-3542,-1627,-1912
1077,-2022,915,-1956,160,2016,1476,2311,-4207,-3553,-1637,-1927
1028,-2065,1004,-2053,60,2010,1448,2273,-4257,-3590,-1665,-1963
984,-2098,1079,-2132,-29,2001,1423,2235,-4303,-3622,-1693,-1994
974,-2095,1084,-2141,-48,1993,1415,2223,-4328,-3619,-1701,-2004
965,-2082,1079,-2135,-61,1980,1408,2217,-4350,-3614,-1706,-2009
948,-2072,1085,-2136,-86,1964,1389,2206,-4380,-3628,-1715,-2017
905,-2071,1127,-2167,-152,1939,1356,2180,-4423,-3667,-1737,-2038
858,-2063,1166,-2190,-219,1908,1323,2149,-4467,-3707,-1763,-2064
823,-2039,1177,-2181,-258,1875,1299,2126,-4506,-3735,-1785,-2086
830,-1973,1105,-2088,-213,1843,1300,2127,-4521,-3731,-1780,-2084
848,-1899,1013,-1976,-146,1814,1304,2132,-4530,-3726,-1768,-2078
860,-1836,939,-1881,-95,1788,1305,2127,-4537,-3725,-1759,-2069
880,-1773,857,-1781,-31,1770,1313,2125,-4538,-3716,-1740,-2052
878,-1738,825,-1730,-14,1754,1310,2105,-4549,-3727,-1735,-2046
851,-1724,839,-1724,-43,1736,1296,2073,-4571,-3752,-1747,-2052
825,-1711,853,-1718,-68,1719,1281,2047,-4588,-3769,-1757,-2057
804,-1709,873,-1723,-94,1712,1263,2029,-4603,-3781,-1758,-2066
761,-1741,949,-1787,-170,1713,1224,2006,-4630,-3811,-1767,-2095
696,-1787,1063,-1886,-285,1707,1174,1977,-4663,-3843,-1788,-2131
649,-1805,1129,-1934,-355,1694,1142,1965,-4675,-3836,-1794,-2146
641,-1779,1113,-1899,-342,1676,1137,1982,-4657,-3788,-1770,-2129
663,-1724,1039,-1807,-271,1657,1151,2020,-4618,-3714,-1722,-2092
683,-1673,971,-1723,-204,1638,1166,2057,-4583,-3647,-1671,-2058
667,-1657,975,-1711,-210,1617,1164,2069,-4570,-3613,-1643,-2048
645,-1649,995,-1717,-229,1596,1162,2075,-4567,-3588,-1623,-2043
628,-1636,1007,-1715,-240,1573,1165,2085,-4564,-3562,-1602,-2037
629,-1616,994,-1694,-224,1555,1176,2105,-4554,-3529,-1576,-2024
635,-1600,979,-1675,-202,1542,1188,2126,-4543,-3501,-1549,-2010
636,-1597,983,-1680,-198,1533,1194,2143,-4537,-3486,-1526,-2002
600,-1632,1061,-1760,-268,1523,1177,2134,-4553,-3505,-1523,-2019
562,-1673,1147,-1849,-347,1514,1159,2124,-4575,-3529,-1521,-2043
534,-1701,1210,-1916,-403,1504,1150,2123,-4589,-3544,-1510,-2060
498,-1726,1274,-1981,-468,1484,1140,2118,-4607,-3564,-1508,-2079
485,-1725,1291,-1999,-487,1463,1142,2124,-4615,-3568,-1502,-2091
492,-1704,1264,-1975,-464,1441,1153,2139,-4617,-3559,-1489,-2094
493,-1681,1241,-1952,-448,1415,1158,2147,-4625,-3556,-1481,-2102
492,-1652,1212,-1920,-433,1383,1165,2147,-4632,-3548,-1478,-2104
514,-1587,1124,-1826,-363,1345,1195,2157,-4619,-3514,-1466,-2084
561,-1510,997,-1696,-250,1316,1237,2179,-4596,-3472,-1444,-2051
591,-1463,915,-1617,-182,1297,1261,2186,-4592,-3461,-1433,-2036
583,-1461,916,-1621,-193,1285,1259,2167,-4614,-3486,-1443,-2045
547,-1490,973,-1683,-262,1276,1242,2134,-4651,-3528,-1467,-2069
511,-1518,1028,-1741,-330,1269,1234,2106,-4683,-3558,-1487,-2085
512,-1526,1025,-1746,-335,1274,1249,2104,-4694,-3557,-1483,-2081
524,-1536,1012,-1743,-325,1291,1265,2108,-4702,-3553,-1474,-2075
528,-1560,1019,-1762,-334,1313,1269,2108,-4713,-3555,-1465,-2076
504,-1594,1064,-1812,-387,1326,1259,2093,-4731,-3568,-1468,-2086
470,-1625,1115,-1862,-450,1331,1247,2072,-4751,-3582,-1477,-2101
443,-1641,1145,-1887,-493,1333,1236,2050,-4768,-3587,-1484,-2112
454,-1621,1102,-1840,-463,1338,1243,2047,-4765,-3561,-1468,-2103
471,-1597,1050,-1782,-420,1346,1251,2048,-4757,-3531,-1448,-2093
477,-1584,1022,-1747,-400,1353,1253,2043,-4753,-3512,-1433,-2094
485,-1569,992,-1710,-376,1362,1259,2039,-4747,-3492,-1418,-2093
469,-1571,1006,-1714,-397,1366,1248,2017,-4756,-3494,-1418,-2108
427,-1585,1059,-1751,-460,1360,1222,1979,-4781,-3517,-1432,-2134
383,-1587,1104,-1775,-518,1345,1196,1943,-4807,-3542,-1443,-2151
342,-1589,1148,-1799,-573,1330,1167,1914,-4836,-3571,-1448,-2165
280,-1620,1245,-1879,-676,1319,1120,1879,-4880,-3621,-1460,-2193
198,-1668,1381,-1995,-817,1304,1066,1838,-4928,-3674,-1479,-2224
140,-1689,1469,-2063,-911,1285,1034,1820,-4957,-3699,-1485,-2232
127,-1663,1465,-2038,-912,1263,1040,1834,-4956,-3681,-1463,-2208
153,-1601,1387,-1942,-839,1240,1076,1872,-4927,-3626,-1417,-2160
184,-1533,1301,-1836,-755,1215,1115,1913,-4895,-3573,-1368,-2113
183,-1488,1270,-1784,-730,1181,1134,1931,-4882,-3549,-1339,-2086
178,-1442,1245,-1736,-712,1143,1149,1940,-4876,-3532,-1314,-2068
184,-1385,1196,-1667,-672,1102,1170,1950,-4868,-3510,-1287,-2049
218,-1318,1109,-1565,-587,1072,1199,1972,-4853,-3478,-1249,-2022
266,-1252,1009,-1457,-484,1049,1225,1995,-4837,-3445,-1209,-1988
311,-1199,923,-1367,-394,1031,1242,2012,-4830,-3425,-1175,-1959
310,-1183,919,-1357,-389,1008,1228,2000,-4856,-3454,-1178,-1961
289,-1173,938,-1368,-413,974,1205,1979,-4896,-3501,-1201,-1977
266,-1160,954,-1374,-437,934,1184,1960,-4936,-3539,-1223,-1993
221,-1159,1002,-1410,-496,890,1161,1934,-4978,-3579,-1250,-2015
189,-1150,1026,-1425,-532,849,1151,1920,-5008,-3597,-1265,-2024
170,-1133,1026,-1419,-544,812,1151,1918,-5026,-3601,-1270,-2023
139,-1124,1045,-1432,-578,773,1145,1908,-5047,-3617,-1281,-2028
95,-1116,1075,-1451,-627,728,1136,1888,-5075,-3639,-1298,-2035
72,-1079,1054,-1418,-629,679,1141,1880,-5087,-3634,-1302,-2025
73,-1027,994,-1350,-591,638,1156,1886,-5084,-3613,-1292,-2003
51,-1007,987,-1337,-603,605,1152,1877,-5094,-3621,-1293,-2001
-11,-1031,1064,-1410,-699,577,1116,1842,-5126,-3669,-1318,-2026
-100,-1089,1201,-1546,-854,557,1059,1790,-5174,-3741,-1361,-2071
-185,-1147,1336,-1680,-1005,543,1008,1739,-5218,-3803,-1404,-2115
-235,-1174,1404,-1748,-1088,533,983,1714,-5237,-3836,-1425,-2140
-280,-1191,1458,-1799,-1159,522,964,1699,-5248,-3864,-1440,-2165
-335,-1209,1524,-1860,-1245,507,941,1681,-5261,-3897,-1459,-2198
-413,-1235,1623,-1947,-1368,484,909,1650,-5281,-3940,-1492,-2235
-490,-1257,1717,-2027,-1486,462,882,1617,-5299,-3980,-1527,-2264
-550,-1264,1781,-2076,-1573,442,867,1587,-5311,-4007,-1555,-2284
-565,-1231,1762,-2043,-1575,427,880,1580,-5300,-3994,-1557,-2283
-564,-1190,1719,-1988,-1549,418,899,1581,-5284,-3972,-1551,-2275
-568,-1159,1696,-1953,-1540,412,909,1579,-5274,-3956,-1547,-2265
-565,-1126,1663,-1908,-1517,410,916,1583,-5262,-3938,-1533,-2243
-579,-1115,1671,-1905,-1534,409,910,1575,-5263,-3944,-1522,-2230
-615,-1124,1721,-1942,-1591,408,892,1554,-5278,-3971,-1523,-2233
-645,-1135,1768,-1978,-1641,409,873,1534,-5296,-4000,-1522,-2242
-667,-1151,1812,-2014,-1685,417,853,1518,-5315,-4029,-1515,-2253
-706,-1196,1902,-2100,-1768,431,818,1495,-5352,-4076,-1516,-2279
-760,-1256,2022,-2214,-1880,443,778,1461,-5394,-4124,-1526,-2312
-791,-1283,2084,-2267,-1937,446,760,1446,-5416,-4134,-1526,-2327
-776,-1260,2050,-2222,-1899,443,775,1459,-5409,-4102,-1500,-2310
-726,-1201,1946,-2106,-1789,437,813,1495,-5379,-4041,-1451,-2266
-664,-1143,1829,-1982,-1663,437,849,1535,-5344,-3981,-1397,-2216
-632,-1112,1769,-1914,-1595,432,864,1551,-5324,-3948,-1362,-2184
-608,-1086,1722,-1858,-1540,423,877,1562,-5306,-3918,-1336,-2158
-577,-1055,1663,-1791,-1473,414,894,1577,-5286,-3885,-1314,-2131
-528,-1008,1570,-1691,-1372,403,921,1602,-5260,-3843,-1286,-2096
-478,-955,1468,-1582,-1265,387,954,1629,-5233,-3800,-1248,-2058
-445,-907,1388,-1492,-1184,362,981,1653,-5209,-3767,-1205,-2024
-452,-892,1380,-1473,-1178,332,986,1657,-5207,-3766,-1178,-2012
-471,-886,1391,-1473,-1193,299,982,1653,-5215,-3777,-1161,-2011
-482,-872,1387,-1459,-1195,266,978,1650,-5223,-3787,-1142,-2010
-510,-867,1406,-1467,-1224,227,966,1635,-5239,-3802,-1135,-2015
-529,-850,1404,-1454,-1234,186,961,1622,-5247,-3799,-1121,-2009
-536,-821,1378,-1418,-1223,147,965,1617,-5243,-3779,-1095,-1990
-562,-798,1376,-1404,-1241,100,963,1606,-5242,-3763,-1077,-1972
-603,-777,1390,-1403,-1281,47,956,1589,-5244,-3746,-1067,-1956
-623,-728,1358,-1352,-1278,-9,969,1583,-5228,-3702,-1050,-1925
-614,-664,1280,-1264,-1226,-53,994,1591,-5200,-3647,-1026,-1892
-617,-628,1243,-1221,-1211,-85,1003,1588,-5186,-3621,-1015,-1880
-657,-633,1286,-1260,-1274,-110,988,1561,-5200,-3633,-1025,-1895
-720,-664,1379,-1351,-1387,-131,963,1523,-5226,-3658,-1049,-1923
-778,-691,1462,-1432,-1491,-149,948,1494,-5243,-3665,-1068,-1939
-794,-685,1472,-1443,-1518,-159,958,1491,-5235,-3631,-1064,-1927
-805,-671,1469,-1440,-1533,-168,968,1497,-5219,-3596,-1054,-1910
-827,-660,1481,-1449,-1566,-181,971,1505,-5209,-3576,-1045,-1901
-875,-658,1527,-1486,-1637,-203,963,1501,-5207,-3576,-1047,-1904
-935,-652,1583,-1527,-1723,-234,949,1493,-5208,-3582,-1058,-1913
-989,-635,1623,-1548,-1793,-268,937,1489,-5203,-3578,-1065,-1916
-1005,-585,1591,-1499,-1788,-298,947,1508,-5179,-3540,-1049,-1894
-1008,-528,1539,-1430,-1761,-323,962,1531,-5148,-3493,-1025,-1866
-1019,-479,1503,-1377,-1747,-348,973,1548,-5124,-3460,-1011,-1848
-1020,-427,1454,-1311,-1717,-370,993,1572,-5096,-3425,-994,-1831
-1038,-394,1442,-1282,-1722,-390,1003,1586,-5079,-3412,-987,-1825
-1073,-388,1472,-1297,-1764,-404,1000,1583,-5075,-3421,-998,-1833
-1105,-389,1505,-1316,-1804,-413,999,1581,-5073,-3429,-1010,-1841
-1138,-397,1546,-1345,-1848,-420,991,1581,-5074,-3441,-1012,-1848
-1202,-432,1646,-1430,-1952,-431,958,1567,-5097,-3483,-1025,-1878
-1301,-480,1792,-1552,-2107,-458,905,1536,-5138,-3544,-1054,-1925
-1389,-502,1900,-1631,-2229,-498,864,1509,-5170,-3585,-1080,-1964
-1443,-484,1933,-1632,-2277,-544,847,1501,-5179,-3592,-1088,-1984
-1468,-445,1917,-1586,-2273,-587,846,1509,-5170,-3574,-1079,-1987
-1489,-417,1908,-1552,-2270,-621,843,1517,-5162,-3564,-1071,-1986
-1543,-427,1970,-1591,-2337,-656,816,1504,-5175,-3583,-1085,-2001
-1612,-447,2056,-1653,-2430,-695,782,1482,-5195,-3608,-1109,-2017
-1672,-457,2126,-1699,-2507,-736,758,1463,-5212,-3617,-1126,-2026
-1710,-453,2159,-1711,-2545,-775,748,1457,-5218,-3608,-1128,-2026
-1734,-443,2173,-1707,-2562,-809,750,1462,-5217,-3591,-1121,-2021
-1758,-439,2194,-1714,-2585,-841,752,1473,-5213,-3571,-1112,-2022
-1817,-470,2286,-1792,-2680,-874,735,1467,-5224,-3581,-1125,-2048
-1888,-510,2397,-1891,-2799,-911,712,1454,-5240,-3601,-1148,-2078
-1952,-540,2491,-1973,-2902,-949,695,1445,-5254,-3617,-1169,-2099
-2022,-573,2595,-2065,-3017,-989,676,1430,-5273,-3637,-1199,-2122
-2072,-589,2660,-2121,-3095,-1027,670,1424,-5282,-3642,-1220,-2133
-2094,-589,2680,-2139,-3127,-1056,679,1432,-5277,-3630,-1229,-2130
-2109,-595,2700,-2160,-3155,-1077,689,1436,-5271,-3619,-1238,-2127
-2121,-600,2716,-2179,-3181,-1094,703,1433,-5263,-3601,-1248,-2119
-2102,-577,2671,-2140,-3146,-1108,737,1438,-5238,-3554,-1246,-2092
-2046,-537,2572,-2054,-3053,-1106,783,1456,-5203,-3493,-1229,-2054
-2002,-520,2510,-2008,-2992,-1094,808,1460,-5185,-3467,-1219,-2029
-1998,-543,2526,-2041,-3011,-1081,801,1435,-5196,-3486,-1232,-2030
-2031,-592,2605,-2132,-3097,-1073,770,1386,-5232,-3535,-1266,-2052
-2074,-636,2689,-2224,-3192,-1071,736,1331,-5275,-3588,-1308,-2076
-2088,-653,2718,-2259,-3231,-1067,715,1293,-5304,-3618,-1335,-2086
-2098,-664,2738,-2285,-3261,-1061,690,1261,-5332,-3641,-1352,-2095
-2121,-688,2781,-2334,-3314,-1052,654,1228,-5365,-3663,-1365,-2108
-2165,-728,2864,-2420,-3406,-1044,606,1189,-5402,-3687,-1380,-2126
-2210,-773,2952,-2512,-3501,-1033,559,1154,-5439,-3705,-1395,-2140
-2245,-806,3020,-2581,-3575,-1021,521,1126,-5467,-3712,-1409,-2146
-2245,-795,3009,-2567,-3570,-1014,513,1125,-5464,-3684,-1401,-2128
-2233,-766,2969,-2521,-3538,-1011,518,1138,-5450,-3648,-1389,-2105
-2231,-740,2941,-2485,-3518,-1012,521,1147,-5440,-3621,-1384,-2090
-2216,-705,2893,-2429,-3475,-1010,530,1164,-5423,-3589,-1373,-2075
-2216,-686,2877,-2404,-3461,-1009,528,1169,-5414,-3573,-1369,-2071
-2236,-683,2896,-2413,-3484,-1010,517,1162,-5414,-3566,-1373,-2074
-2251,-679,2910,-2417,-3497,-1010,510,1160,-5411,-3555,-1370,-2073
-2254,-680,2917,-2419,-3497,-1000,505,1166,-5404,-3544,-1358,-2074
-2274,-706,2965,-2464,-3535,-986,485,1164,-5412,-3562,-1355,-2098
-2318,-741,3046,-2536,-3608,-985,459,1153,-5429,-3595,-1369,-2133
-2339,-744,3071,-2550,-3630,-992,459,1160,-5426,-3598,-1371,-2149
-2317,-701,3006,-2472,-3561,-1003,495,1194,-5390,-3554,-1345,-2130
-2259,-621,2867,-2320,-3419,-1017,554,1249,-5330,-3477,-1295,-2087
-2194,-537,2718,-2159,-3266,-1031,615,1304,-5266,-3405,-1242,-2047
-2166,-484,2635,-2063,-3182,-1051,653,1332,-5220,-3368,-1212,-2031
-2147,-441,2572,-1986,-3117,-1073,688,1349,-5182,-3341,-1192,-2020
-2124,-399,2505,-1908,-3048,-1093,725,1367,-5141,-3310,-1170,-1999
-2076,-351,2409,-1807,-2944,-1102,767,1396,-5094,-3264,-1134,-1966
-2020,-309,2308,-1708,-2832,-1103,802,1429,-5044,-3211,-1090,-1930
-1973,-279,2230,-1632,-2743,-1103,829,1457,-5000,-3163,-1046,-1898
-1970,-286,2231,-1634,-2737,-1109,826,1462,-4979,-3151,-1023,-1891
-1989,-304,2266,-1667,-2771,-1123,811,1455,-4969,-3152,-1013,-1893
-2006,-314,2291,-1689,-2797,-1141,801,1455,-4954,-3147,-1001,-1889
-2039,-330,2339,-1731,-2853,-1166,783,1451,-4944,-3151,-998,-1895
-2064,-328,2360,-1744,-2887,-1198,776,1460,-4929,-3141,-994,-1899
-2068,-305,2341,-1717,-2881,-1228,777,1477,-4910,-3125,-988,-1900
-2074,-285,2328,-1698,-2882,-1257,773,1484,-4901,-3125,-996,-1906
-2086,-261,2318,-1679,-2891,-1291,766,1481,-4896,-3127,-1018,-1909
-2077,-210,2261,-1612,-2857,-1327,777,1486,-4878,-3101,-1034,-1892
-2037,-146,2161,-1507,-2773,-1350,800,1507,-4849,-3056,-1031,-1864
-2003,-111,2097,-1447,-2719,-1355,807,1519,-4833,-3035,-1037,-1854
-1997,-120,2106,-1467,-2733,-1347,785,1508,-4841,-3058,-1065,-1872
-2015,-160,2170,-1544,-2800,-1333,746,1479,-4866,-3105,-1105,-1904
-2037,-197,2237,-1621,-2871,-1322,709,1448,-4892,-3142,-1141,-1932
-2024,-199,2232,-1626,-2871,-1308,694,1439,-4900,-3148,-1154,-1938
-2006,-188,2209,-1611,-2855,-1297,685,1434,-4903,-3151,-1163,-1939
-1993,-184,2198,-1607,-2849,-1284,669,1426,-4909,-3162,-1170,-1944
-2006,-196,2227,-1639,-2885,-1276,638,1404,-4926,-3188,-1186,-1958
-2029,-211,2268,-1680,-2935,-1271,605,1378,-4946,-3214,-1198,-1972
-2044,-217,2293,-1703,-2967,-1264,584,1364,-4961,-3220,-1197,-1974
-2030,-189,2254,-1660,-2935,-1260,591,1375,-4953,-3191,-1172,-1949
-2011,-149,2196,-1594,-2885,-1260,604,1394,-4937,-3157,-1142,-1917
-2012,-114,2163,-1547,-2862,-1270,605,1403,-4930,-3142,-1124,-1893
-2007,-71,2116,-1484,-2824,-1281,607,1413,-4921,-3125,-1104,-1867
-2021,-44,2104,-1453,-2819,-1293,599,1411,-4923,-3120,-1092,-1848
-2060,-39,2138,-1467,-2861,-1309,581,1391,-4937,-3129,-1096,-1838
-2098,-35,2170,-1480,-2899,-1325,565,1374,-4953,-3136,-1100,-1827
-2127,-38,2199,-1494,-2926,-1331,545,1358,-4969,-3148,-1099,-1819
-2175,-71,2278,-1562,-2998,-1331,504,1328,-5002,-3186,-1103,-1831
-2243,-129,2400,-1674,-3112,-1330,456,1282,-5048,-3236,-1121,-1862
-2284,-170,2477,-1745,-3177,-1324,434,1249,-5076,-3252,-1129,-1882
-2268,-172,2457,-1727,-3139,-1308,449,1249,-5071,-3218,-1109,-1870
-2204,-146,2362,-1640,-3019,-1281,497,1279,-5037,-3144,-1064,-1828
-2120,-115,2241,-1534,-2868,-1247,554,1322,-4991,-3063,-1006,-1775
-2064,-108,2172,-1480,-2773,-1217,594,1344,-4961,-3014,-970,-1736
-2017,-99,2110,-1431,-2687,-1195,633,1363,-4936,-2978,-943,-1702
-1966,-78,2032,-1363,-2591,-1181,677,1387,-4907,-2939,-916,-1665
-1900,-40,1922,-1266,-2464,-1170,729,1423,-4872,-2894,-885,-1628
-1829,3,1803,-1160,-2329,-1160,779,1460,-4837,-2851,-855,-1600
-1774,33,1712,-1083,-2226,-1154,818,1487,-4815,-2827,-840,-1584
-1767,25,1708,-1090,-2214,-1156,822,1483,-4820,-2846,-850,-1589
-1792,-1,1752,-1142,-2258,-1168,803,1462,-4843,-2883,-867,-1603
-1819,-27,1799,-1196,-2306,-1182,779,1440,-4869,-2914,-876,-1618
-1860,-67,1875,-1279,-2386,-1196,748,1409,-4900,-2948,-893,-1646
-1882,-105,1928,-1347,-2440,-1199,723,1385,-4924,-2966,-905,-1679
-1875,-132,1944,-1383,-2451,-1189,708,1375,-4938,-2966,-912,-1713
-1873,-163,1969,-1427,-2474,-1180,691,1360,-4954,-2969,-931,-1755
-1884,-188,2005,-1474,-2515,-1181,681,1342,-4969,-2966,-958,-1790
-1884,-179,1995,-1468,-2521,-1197,696,1333,-4964,-2934,-966,-1796
-1866,-146,1945,-1420,-2487,-1214,724,1339,-4946,-2885,-953,-1782
-1863,-139,1937,-1416,-2495,-1222,733,1333,-4938,-2860,-946,-1780
-1896,-175,2012,-1495,-2582,-1223,714,1305,-4954,-2877,-959,-1804
-1954,-237,2139,-1627,-2721,-1222,675,1258,-4987,-2921,-993,-1849
-2016,-289,2263,-1748,-2861,-1227,634,1212,-5019,-2960,-1036,-1895
-2043,-301,2311,-1791,-2926,-1233,615,1195,-5027,-2962,-1060,-1920
-2053,-294,2326,-1799,-2959,-1238,605,1191,-5028,-2956,-1072,-1937
-2068,-288,2345,-1809,-2995,-1244,591,1189,-5031,-2950,-1075,-1950
-2098,-293,2392,-1843,-3058,-1252,572,1183,-5037,-2949,-1078,-1965
-2128,-303,2444,-1883,-3123,-1254,558,1183,-5039,-2943,-1080,-1978
-2135,-311,2470,-1903,-3153,-1242,555,1197,-5029,-2923,-1076,-1982
-2096,-284,2414,-1843,-3094,-1222,582,1238,-4994,-2866,-1048,-1961
-2037,-243,2323,-1749,-2997,-1197,622,1290,-4947,-2800,-1006,-1928
-1986,-214,2252,-1675,-2917,-1171,660,1338,-4906,-2747,-966,-1897
-1922,-187,2167,-1593,-2815,-1134,705,1388,-4863,-2696,-916,-1857
-1868,-184,2114,-1547,-2739,-1089,736,1422,-4834,-2666,-873,-1823
-1837,-205,2107,-1546,-2706,-1045,757,1440,-4820,-2654,-847,-1805
-1806,-229,2100,-1548,-2672,-1001,780,1459,-4804,-2644,-824,-1791
-1765,-257,2083,-1545,-2622,-948,803,1486,-4783,-2633,-800,-1777
-1739,-313,2111,-1592,-2611,-888,807,1505,-4776,-2644,-785,-1782
-1744,-385,2180,-1677,-2647,-840,796,1512,-4782,-2667,-781,-1803
-1741,-425,2209,-1715,-2650,-809,797,1530,-4774,-2666,-768,-1812
-1705,-417,2155,-1666,-2575,-790,827,1573,-4739,-2626,-734,-1792
-1638,-371,2031,-1548,-2435,-777,877,1635,-4683,-2559,-682,-1747
-1563,-327,1901,-1428,-2285,-759,925,1697,-4625,-2494,-626,-1697
-1522,-321,1843,-1383,-2208,-740,949,1734,-4586,-2462,-594,-1665
-1496,-326,1813,-1365,-2160,-724,965,1758,-4555,-2447,-574,-1641
-1466,-323,1770,-1335,-2103,-712,986,1784,-4520,-2424,-552,-1611
-1419,-308,1700,-1280,-2018,-699,1014,1818,-4480,-2390,-518,-1572
-1366,-289,1622,-1220,-1927,-684,1040,1854,-4443,-2355,-486,-1534
-1319,-281,1562,-1179,-1854,-668,1059,1882,-4413,-2331,-462,-1504
-1316,-307,1581,-1215,-1864,-659,1056,1886,-4409,-2346,-462,-1500
-1336,-343,1634,-1282,-1915,-659,1045,1877,-4415,-2375,-474,-1509
-1346,-363,1664,-1323,-1945,-664,1040,1873,-4416,-2388,-478,-1512
-1358,-387,1700,-1373,-1983,-667,1038,1865,-4418,-2395,-483,-1517
-1346,-398,1701,-1391,-1982,-663,1054,1875,-4407,-2380,-474,-1508
-1307,-386,1652,-1360,-1931,-655,1090,1906,-4379,-2343,-448,-1484
-1267,-370,1599,-1324,-1878,-648,1128,1939,-4349,-2309,-427,-1463
-1227,-349,1544,-1284,-1824,-644,1167,1970,-4321,-2277,-414,-1448
-1161,-301,1435,-1189,-1718,-638,1228,2013,-4273,-2214,-394,-1417
-1062,-230,1273,-1044,-1555,-625,1306,2075,-4205,-2122,-357,-1369
-982,-176,1147,-932,-1428,-611,1369,2129,-4151,-2050,-326,-1334
-945,-156,1098,-893,-1381,-602,1401,2155,-4126,-2020,-317,-1324
-943,-164,1112,-914,-1399,-595,1410,2158,-4128,-2022,-328,-1337
-949,-173,1135,-940,-1428,-592,1412,2157,-4135,-2025,-345,-1352
-926,-154,1101,-908,-1397,-586,1427,2175,-4128,-2002,-339,-1344
-900,-133,1059,-866,-1359,-579,1436,2196,-4117,-1977,-323,-1333
-886,-128,1045,-853,-1346,-568,1426,2205,-4117,-1970,-310,-1334
-902,-152,1089,-896,-1390,-555,1394,2186,-4139,-1995,-320,-1352
-935,-188,1161,-963,-1461,-545,1348,2147,-4177,-2036,-345,-1381
-975,-224,1239,-1033,-1540,-538,1298,2096,-4226,-2084,-379,-1414
-991,-238,1271,-1057,-1572,-529,1263,2054,-4264,-2109,-405,-1435
-1001,-251,1293,-1072,-1591,-516,1229,2012,-4300,-2130,-427,-1452
-1032,-283,1357,-1128,-1650,-504,1182,1959,-4344,-2164,-460,-1478
-1058,-313,1412,-1175,-1700,-491,1138,1915,-4382,-2188,-482,-1496
-1099,-357,1497,-1251,-1777,-477,1091,1866,-4423,-2222,-507,-1518
-1159,-417,1615,-1359,-1889,-467,1038,1812,-4468,-2268,-541,-1544
-1209,-475,1720,-1458,-1984,-451,993,1773,-4502,-2300,-568,-1562
-1238,-532,1805,-1543,-2052,-424,956,1752,-4523,-2316,-582,-1571
-1271,-612,1916,-1662,-2139,-385,913,1732,-4549,-2340,-599,-1596
-1322,-706,2059,-1812,-2259,-349,862,1703,-4584,-2373,-625,-1636
-1350,-770,2149,-1909,-2330,-321,831,1687,-4601,-2380,-639,-1661
-1335,-779,2140,-1902,-2305,-303,826,1701,-4590,-2346,-626,-1653
-1280,-736,2040,-1804,-2194,-294,846,1738,-4557,-2281,-593,-1615
-1209,-677,1906,-1672,-2049,-287,868,1783,-4519,-2216,-551,-1566
-1170,-640,1827,-1593,-1964,-289,872,1806,-4498,-2177,-533,-1535
-1137,-604,1755,-1521,-1888,-296,873,1824,-4481,-2144,-523,-1507
-1094,-558,1661,-1428,-1791,-304,879,1842,-4461,-2104,-511,-1477
-1022,-498,1524,-1299,-1648,-305,894,1868,-4434,-2048,-475,-1439
-938,-437,1374,-1161,-1489,-299,909,1896,-4407,-1991,-424,-1397
-861,-389,1243,-1045,-1349,-290,918,1918,-4384,-1946,-372,-1361
-817,-384,1186,-1009,-1281,-276,906,1917,-4385,-1941,-338,-1348
-791,-405,1172,-1018,-1255,-256,886,1904,-4398,-1959,-318,-1349
-749,-424,1141,-1016,-1207,-227,874,1896,-4404,-1970,-295,-1348
-718,-453,1129,-1032,-1181,-199,861,1886,-4406,-1977,-274,-1351
-675,-468,1092,-1024,-1131,-172,859,1891,-4394,-1961,-243,-1343
-606,-465,1012,-974,-1036,-139,871,1916,-4362,-1918,-195,-1320
-542,-461,935,-926,-947,-109,884,1945,-4327,-1872,-149,-1295
-493,-445,863,-874,-872,-95,901,1973,-4288,-1821,-105,-1264
-428,-395,742,-766,-754,-92,936,2012,-4230,-1741,-48,-1215
-333,-321,568,-606,-582,-84,987,2065,-4154,-1634,31,-1150
-251,-267,429,-483,-442,-69,1023,2107,-4085,-1547,104,-1098
-206,-257,374,-444,-383,-48,1024,2119,-4044,-1504,151,-1073
-191,-283,388,-476,-389,-21,997,2107,-4029,-1496,172,-1064
-188,-319,424,-528,-418,6,961,2086,-4026,-1496,180,-1059
-155,-327,404,-523,-389,37,940,2087,-4005,-1465,208,-1031
-121,-334,383,-516,-358,69,914,2089,-3982,-1433,242,-1000
-104,-355,395,-540,-361,99,868,2077,-3972,-1420,265,-977
-118,-394,456,-607,-415,124,799,2045,-3980,-1434,269,-970
-154,-439,545,-697,-502,138,717,1999,-4000,-1460,259,-971
-190,-475,625,-772,-582,147,635,1955,-4019,-1475,248,-969
-193,-479,641,-783,-598,158,572,1929,-4022,-1457,253,-950
-173,-469,619,-758,-570,176,526,1915,-4018,-1421,272,-921
-164,-465,615,-750,-561,190,479,1895,-4024,-1393,281,-903
-153,-452,598,-724,-541,200,440,1881,-4030,-1365,292,-883
-160,-450,612,-727,-553,206,394,1856,-4046,-1360,293,-876
-194,-474,676,-779,-615,210,336,1812,-4080,-1380,273,-891
-230,-500,745,-837,-681,214,278,1768,-4118,-1405,245,-918
-260,-526,807,-889,-737,222,221,1731,-4156,-1436,217,-951
-308,-572,905,-978,-829,230,148,1688,-4209,-1496,183,-997
-380,-630,1038,-1099,-959,229,66,1632,-4271,-1570,143,-1052
-435,-657,1122,-1167,-1046,217,5,1594,-4316,-1611,117,-1086
-447,-633,1111,-1137,-1039,199,-18,1591,-4326,-1603,118,-1088
-427,-571,1027,-1035,-963,176,-11,1614,-4308,-1561,143,-1064
-390,-502,920,-913,-860,157,7,1649,-4278,-1509,185,-1032
-384,-464,872,-851,-817,137,8,1665,-4267,-1486,212,-1023
-387,-440,848,-817,-797,118,1,1671,-4264,-1476,228,-1025
-382,-413,811,-772,-764,102,0,1680,-4258,-1467,239,-1027
-356,-377,744,-703,-698,91,13,1699,-4243,-1451,252,-1021
-320,-339,663,-624,-615,85,37,1724,-4223,-1429,267,-1006
-293,-309,600,-563,-552,76,59,1748,-4209,-1418,276,-995
-308,-312,610,-573,-567,59,56,1744,-4222,-1449,259,-1012
-349,-329,660,-620,-626,34,34,1719,-4256,-1504,221,-1045
-385,-335,692,-648,-671,4,18,1697,-4285,-1548,183,-1075
-434,-341,740,-687,-736,-36,-5,1667,-4317,-1593,139,-1108
-477,-326,760,-695,-780,-85,-22,1642,-4345,-1621,106,-1131
-498,-288,737,-658,-781,-136,-23,1631,-4358,-1621,89,-1143
-522,-252,719,-627,-789,-187,-18,1621,-4367,-1615,74,-1157
-554,-220,715,-606,-811,-240,-8,1609,-4376,-1602,57,-1173
-567,-162,668,-542,-794,-297,24,1608,-4367,-1560,54,-1173
-544,-89,571,-433,-721,-340,74,1620,-4343,-1494,69,-1157
-526,-39,504,-360,-671,-368,109,1621,-4333,-1449,81,-1153
-539,-32,514,-367,-695,-389,115,1599,-4346,-1444,73,-1180
-584,-56,589,-438,-783,-407,98,1554,-4381,-1477,41,-1242
-637,-82,676,-516,-884,-429,81,1503,-4422,-1517,-8,-1318
-652,-76,693,-528,-915,-445,87,1471,-4445,-1523,-41,-1372
-648,-62,685,-517,-915,-452,103,1451,-4462,-1510,-58,-1403
-649,-61,694,-524,-930,-453,113,1430,-4482,-1502,-65,-1423
-672,-77,743,-568,-986,-455,113,1401,-4511,-1510,-76,-1439
-705,-98,807,-625,-1057,-459,109,1372,-4542,-1523,-90,-1454
-732,-112,858,-668,-1116,-462,104,1343,-4571,-1534,-104,-1464
-733,-91,848,-645,-1115,-470,121,1337,-4582,-1513,-98,-1450
-722,-51,806,-587,-1083,-480,149,1344,-4582,-1481,-85,-1426
-727,-22,792,-555,-1080,-493,169,1344,-4587,-1465,-81,-1414
-726,7,770,-516,-1065,-501,188,1348,-4590,-1450,-75,-1403
-742,24,776,-503,-1081,-513,194,1340,-4604,-1454,-80,-1402
-790,27,827,-528,-1145,-536,187,1315,-4630,-1479,-103,-1415
-844,36,875,-547,-1209,-567,179,1289,-4655,-1505,-129,-1428
-887,49,908,-552,-1255,-595,174,1271,-4677,-1533,-152,-1439
-941,36,975,-598,-1329,-613,156,1248,-4711,-1587,-184,-1465
-1017,6,1081,-681,-1443,-635,123,1214,-4757,-1664,-228,-1504
-1076,0,1143,-720,-1516,-663,108,1188,-4789,-1714,-262,-1531
-1089,33,1119,-675,-1499,-689,124,1195,-4789,-1711,-270,-1529
-1066,89,1035,-576,-1417,-707,166,1228,-4763,-1668,-255,-1505
-1030,136,945,-479,-1323,-713,212,1272,-4728,-1620,-231,-1478
-1028,141,933,-464,-1303,-715,233,1294,-4715,-1609,-228,-1472
-1046,125,959,-490,-1322,-718,246,1304,-4710,-1610,-236,-1476
-1061,107,985,-518,-1340,-721,263,1316,-4701,-1602,-240,-1476
-1060,94,988,-529,-1332,-717,292,1338,-4682,-1574,-232,-1465
-1046,80,980,-534,-1309,-705,326,1360,-4660,-1538,-215,-1450
-1036,54,988,-560,-1300,-690,358,1377,-4640,-1509,-197,-1439
-1060,-9,1067,-658,-1363,-674,366,1371,-4641,-1514,-200,-1447
-1115,-94,1198,-807,-1482,-665,358,1346,-4661,-1546,-221,-1474
-1167,-169,1317,-943,-1592,-660,347,1320,-4684,-1578,-243,-1500
-1237,-249,1459,-1097,-1730,-665,321,1283,-4714,-1622,-276,-1539
-1306,-310,1582,-1228,-1857,-681,297,1250,-4743,-1661,-308,-1578
-1357,-343,1658,-1309,-1941,-703,280,1229,-4767,-1687,-327,-1609
-1411,-371,1734,-1387,-2029,-730,256,1205,-4793,-1718,-350,-1638
-1474,-395,1818,-1468,-2129,-765,227,1172,-4822,-1746,-380,-1665
-1525,-388,1859,-1500,-2195,-811,217,1144,-4835,-1744,-401,-1672
-1550,-350,1846,-1476,-2209,-859,228,1133,-4830,-1717,-403,-1665
-1583,-332,1860,-1483,-2247,-897,225,1115,-4838,-1715,-415,-1678
-1644,-353,1945,-1563,-2353,-927,192,1072,-4879,-1762,-451,-1726
-1729,-405,2087,-1700,-2514,-950,132,1007,-4944,-1846,-511,-1802
-1819,-462,2239,-1847,-2686,-973,70,938,-5018,-1933,-582,-1882
-1873,-484,2321,-1924,-2788,-991,33,895,-5070,-1983,-630,-1939
-1913,-496,2378,-1975,-2863,-1006,10,867,-5113,-2021,-664,-1984
-1954,-520,2449,-2042,-2949,-1012,-12,842,-5154,-2062,-696,-2028
-2009,-560,2551,-2140,-3064,-1016,-43,809,-5198,-2112,-743,-2076
-2071,-601,2660,-2240,-3188,-1022,-74,777,-5239,-2159,-794,-2115
-2118,-632,2744,-2317,-3283,-1023,-94,753,-5267,-2187,-833,-2140
-2126,-628,2755,-2320,-3304,-1020,-88,751,-5270,-2181,-848,-2147
-2108,-605,2721,-2280,-3275,-1011,-69,765,-5260,-2159,-846,-2145
-2102,-593,2710,-2262,-3268,-1002,-56,776,-5251,-2145,-850,-2149
-2088,-579,2687,-2234,-3246,-989,-37,793,-5233,-2121,-843,-2150
-2088,-580,2695,-2235,-3252,-974,-26,799,-5220,-2104,-836,-2152
-2115,-604,2750,-2282,-3305,-963,-33,786,-5219,-2104,-840,-2164
-2138,-629,2803,-2329,-3352,-949,-45,767,-5221,-2110,-852,-2181
-2150,-653,2842,-2365,-3381,-929,-58,751,-5222,-2120,-870,-2200
-2170,-701,2913,-2437,-3435,-901,-86,729,-5237,-2155,-901,-2232
-2208,-770,3022,-2549,-3525,-872,-128,693,-5269,-2211,-952,-2273
-2229,-816,3088,-2616,-3573,-848,-153,665,-5287,-2240,-987,-2291
-2202,-813,3058,-2588,-3525,-828,-145,664,-5277,-2221,-991,-2277
-2134,-771,2945,-2477,-3393,-809,-107,686,-5243,-2166,-970,-2242
-2049,-716,2801,-2337,-3229,-791,-62,717,-5200,-2105,-940,-2202
-1998,-681,2711,-2248,-3123,-783,-39,728,-5174,-2077,-928,-2182
-1960,-652,2638,-2173,-3038,-783,-28,728,-5158,-2068,-928,-2171
-1918,-611,2549,-2081,-2940,-791,-13,727,-5143,-2054,-932,-2152
-1860,-554,2428,-1958,-2810,-800,9,734,-5125,-2029,-923,-2122
-1793,-494,2293,-1823,-2666,-807,32,748,-5106,-2004,-903,-2090
-1731,-445,2175,-1709,-2539,-812,49,753,-5095,-1991,-880,-2070
-1702,-436,2127,-1669,-2481,-813,41,733,-5109,-2009,-877,-2075
-1694,-458,2131,-1685,-2474,-809,20,696,-5139,-2039,-890,-2096
-1675,-476,2120,-1689,-2450,-800,5,669,-5165,-2049,-900,-2113
-1663,-499,2121,-1705,-2442,-793,-9,646,-5191,-2058,-919,-2135
-1639,-506,2095,-1693,-2409,-788,-11,642,-5203,-2052,-932,-2150
-1594,-487,2021,-1633,-2332,-784,2,662,-5193,-2027,-924,-2149
-1553,-465,1951,-1574,-2262,-784,18,687,-5174,-1999,-910,-2146
-1527,-440,1893,-1521,-2210,-794,38,713,-5150,-1968,-896,-2140
-1489,-387,1797,-1426,-2128,-813,83,752,-5105,-1907,-871,-2115
-1428,-308,1655,-1283,-2001,-832,148,809,-5040,-1819,-832,-2075
-1382,-250,1551,-1180,-1909,-844,201,860,-4985,-1755,-804,-2053
-1376,-238,1536,-1168,-1904,-850,226,882,-4959,-1737,-804,-2059
-1409,-261,1597,-1228,-1975,-856,224,879,-4961,-1756,-826,-2085
-1461,-291,1686,-1314,-2080,-867,212,863,-4978,-1790,-857,-2117
-1484,-294,1720,-1344,-2129,-875,216,867,-4983,-1800,-866,-2131
-1502,-283,1737,-1353,-2162,-887,223,877,-4986,-1803,-864,-2142
-1534,-280,1777,-1383,-2219,-900,223,880,-4999,-1814,-862,-2157
-1590,-297,1862,-1455,-2323,-914,206,865,-5026,-1841,-866,-2177
-1662,-323,1972,-1549,-2452,-931,179,840,-5055,-1870,-875,-2198
-1727,-343,2070,-1630,-2569,-946,155,819,-5082,-1891,-883,-2220
-1764,-328,2107,-1647,-2625,-965,156,816,-5090,-1887,-877,-2221
-1783,-291,2102,-1621,-2640,-986,172,826,-5084,-1867,-857,-2205
-1824,-266,2132,-1626,-2692,-1014,181,827,-5084,-1865,-848,-2192
-1857,-243,2155,-1627,-2733,-1035,192,833,-5077,-1862,-835,-2175
-1892,-238,2200,-1654,-2789,-1046,193,832,-5073,-1868,-829,-2165
-1945,-255,2282,-1720,-2879,-1055,178,813,-5084,-1892,-840,-2169
-1994,-269,2355,-1777,-2961,-1067,161,795,-5092,-1912,-852,-2170
-2025,-279,2403,-1814,-3011,-1070,144,785,-5096,-1926,-858,-2169
-2056,-310,2472,-1879,-3075,-1062,107,768,-5112,-1965,-871,-2188
-2102,-361,2574,-1978,-3169,-1052,54,733,-5143,-2022,-905,-2223
-2130,-388,2630,-2031,-3218,-1050,15,709,-5161,-2056,-937,-2245
-2111,-369,2590,-1988,-3172,-1051,8,716,-5149,-2042,-946,-2239
-2054,-312,2471,-1866,-3047,-1054,31,748,-5109,-1989,-924,-2207
-1978,-244,2320,-1716,-2887,-1055,62,792,-5058,-1923,-881,-2164
-1935,-205,2228,-1624,-2788,-1062,76,818,-5020,-1884,-848,-2139
-1904,-180,2161,-1558,-2712,-1070,82,836,-4990,-1850,-821,-2121
-1860,-154,2078,-1481,-2619,-1074,93,862,-4955,-1802,-794,-2098
-1794,-119,1961,-1375,-2487,-1069,112,901,-4913,-1743,-758,-2065
-1713,-85,1828,-1259,-2335,-1058,132,945,-4868,-1688,-715,-2027
-1639,-67,1717,-1169,-2203,-1041,142,984,-4831,-1646,-678,-2001
-1601,-88,1679,-1153,-2144,-1023,130,1006,-4812,-1639,-662,-2003
-1600,-138,1707,-1200,-2154,-1010,104,1013,-4810,-1653,-662,-2021
-1598,-185,1731,-1244,-2163,-998,83,1022,-4804,-1663,-655,-2037
-1615,-245,1786,-1316,-2205,-989,55,1024,-4801,-1682,-658,-2065
-1626,-297,1830,-1377,-2238,-980,34,1032,-4794,-1694,-662,-2093
-1616,-328,1833,-1397,-2230,-968,30,1057,-4773,-1685,-656,-2101
-1610,-352,1838,-1414,-2229,-962,32,1081,-4758,-1677,-653,-2094
-1615,-374,1853,-1437,-2242,-960,33,1091,-4753,-1674,-664,-2087
-1606,-368,1831,-1418,-2224,-965,48,1102,-4742,-1660,-674,-2068
-1574,-338,1766,-1354,-2163,-967,78,1122,-4717,-1625,-668,-2040
-1557,-332,1744,-1337,-2143,-959,90,1130,-4706,-1612,-665,-2028
-1582,-375,1820,-1419,-2218,-942,71,1106,-4726,-1642,-686,-2046
-1643,-460,1976,-1584,-2372,-918,28,1053,-4775,-1707,-733,-2089
-1718,-557,2163,-1777,-2556,-891,-25,988,-4837,-1786,-794,-2140
-1757,-622,2284,-1906,-2673,-859,-61,946,-4881,-1838,-837,-2172
-1776,-669,2372,-2002,-2756,-823,-91,919,-4913,-1879,-866,-2196
-1794,-714,2457,-2095,-2836,-784,-121,893,-4945,-1920,-895,-2222
-1817,-765,2555,-2201,-2929,-744,-152,863,-4975,-1957,-928,-2253
-1845,-814,2657,-2308,-3027,-708,-182,832,-5001,-1988,-960,-2287
-1866,-846,2735,-2388,-3103,-677,-198,808,-5017,-2003,-984,-2315
-1855,-839,2742,-2395,-3110,-651,-188,806,-5010,-1982,-988,-2319
-1817,-807,2695,-2348,-3061,-625,-162,820,-4983,-1939,-971,-2306
-1795,-782,2670,-2320,-3037,-605,-145,824,-4960,-1911,-959,-2303
-1767,-749,2627,-2274,-2995,-590,-132,830,-4938,-1884,-946,-2300
-1747,-720,2594,-2237,-2963,-579,-131,829,-4924,-1877,-943,-2301
-1750,-712,2600,-2240,-2971,-571,-144,813,-4923,-1894,-957,-2315
-1754,-712,2613,-2251,-2982,-562,-153,802,-4922,-1909,-969,-2332
-1749,-720,2620,-2262,-2981,-545,-155,803,-4917,-1916,-969,-2348
-1756,-759,2666,-2319,-3013,-519,-167,803,-4923,-1942,-973,-2378
-1789,-825,2761,-2426,-3093,-495,-193,792,-4945,-1986,-996,-2418
-1816,-869,2824,-2495,-3146,-486,-207,791,-4955,-2014,-1023,-2447
-1808,-861,2795,-2467,-3113,-491,-189,823,-4934,-2005,-1033,-2451
-1768,-809,2688,-2358,-3006,-508,-142,885,-4882,-1963,-1021,-2429
-1716,-739,2548,-2213,-2868,-531,-81,966,-4812,-1905,-988,-2399
-1703,-688,2464,-2119,-2793,-571,-32,1037,-4749,-1861,-967,-2387
-1720,-637,2411,-2044,-2758,-632,13,1107,-4685,-1820,-955,-2384
-1741,-569,2343,-1950,-2715,-708,68,1188,-4612,-1771,-943,-2379
-1747,-482,2242,-1821,-2641,-788,134,1284,-4527,-1714,-927,-2375
-1740,-388,2123,-1676,-2547,-865,204,1395,-4433,-1652,-902,-2377
-1739,-304,2020,-1548,-2467,-940,271,1513,-4339,-1599,-880,-2390
-1767,-256,1986,-1491,-2455,-1011,320,1617,-4260,-1573,-876,-2424
-1823,-238,2010,-1493,-2501,-1080,355,1708,-4196,-1567,-889,-2475
-1868,-219,2025,-1489,-2535,-1141,397,1807,-4122,-1550,-900,-2521
-1926,-215,2071,-1516,-2600,-1200,437,1907,-4040,-1532,-922,-2572
-1978,-206,2109,-1535,-2658,-1256,486,2020,-3940,-1487,-942,-2614
-2000,-176,2098,-1507,-2665,-1305,554,2157,-3813,-1399,-937,-2629
-2015,-140,2078,-1470,-2662,-1350,625,2299,-3672,-1297,-918,-2630
-2029,-106,2061,-1436,-2663,-1392,696,2437,-3526,-1192,-897,-2619
-2020,-46,1997,-1355,-2619,-1431,782,2579,-3363,-1064,-866,-2591
-1972,44,1868,-1212,-2506,-1461,883,2735,-3179,-914,-816,-2547
-1920,118,1754,-1089,-2403,-1475,969,2886,-2998,-781,-767,-2509
-1898,152,1710,-1040,-2366,-1477,1023,3012,-2839,-679,-735,-2493
-1904,153,1729,-1057,-2392,-1474,1046,3105,-2704,-599,-721,-2494
-1926,143,1775,-1099,-2447,-1471,1057,3173,-2582,-522,-714,-2497
-1919,160,1765,-1084,-2444,-1464,1081,3237,-2452,-419,-685,-2475
-1893,185,1728,-1047,-2412,-1448,1097,3280,-2329,-315,-642,-2442
-1868,193,1707,-1032,-2389,-1418,1085,3277,-2236,-241,-602,-2415
-1856,177,1723,-1057,-2400,-1381,1043,3217,-2178,-204,-577,-2400
-1856,151,1758,-1100,-2430,-1343,981,3110,-2150,-193,-566,-2387
-1842,127,1777,-1131,-2440,-1298,913,2964,-2141,-184,-555,-2362
-1788,126,1731,-1102,-2378,-1240,856,2789,-2138,-150,-519,-2308
-1693,139,1629,-1026,-2251,-1165,807,2582,-2144,-100,-455,-2231
-1601,131,1550,-979,-2139,-1079,740,2317,-2182,-66,-390,-2153
-1492,122,1454,-921,-2005,-983,661,2006,-2237,-34,-311,-2065
-1379,94,1370,-882,-1874,-873,559,1640,-2320,-13,-226,-1979
-1278,36,1327,-890,-1777,-754,428,1207,-2440,-16,-146,-1898
-1169,-30,1283,-903,-1673,-627,282,722,-2585,-21,-58,-1805
-1046,-96,1223,-906,-1548,-493,127,192,-2750,-30,43,-1697
-932,-184,1192,-942,-1447,-353,-51,-399,-2956,-69,142,-1596
-838,-295,1203,-1021,-1386,-215,-251,-1052,-3206,-136,226,-1513
-728,-386,1177,-1062,-1288,-82,-440,-1739,-3468,-185,315,-1423
-572,-431,1058,-1011,-1098,47,-599,-2433,-3717,-186,430,-1304
-376,-436,858,-879,-825,174,-731,-3126,-3953,-146,573,-1149
-155,-434,626,-722,-514,310,-855,-3824,-4187,-91,737,-969
43,-467,450,-627,-256,451,-1008,-4558,-4448,-60,898,-788
227,-521,310,-568,-31,595,-1179,-5324,-4732,-37,1064,-597
416,-576,165,-508,200,742,-1357,-6108,-5031,-15,1241,-387
628,-630,-4,-432,463,902,-1532,-6896,-5337,6,1429,-161
857,-692,-182,-355,741,1077,-1710,-7678,-5647,28,1628,76
1077,-770,-336,-304,996,1256,-1905,-8460,-5965,46,1831,315
1263,-883,-419,-324,1182,1437,-2142,-9251,-6302,39,2029,541
1420,-1028,-442,-404,1305,1619,-2420,-10050,-6655,14,2222,755
1589,-1165,-483,-467,1448,1805,-2718,-10836,-7001,6,2433,988
1749,-1303,-514,-536,1577,1987,-3045,-11623,-7345,3,2650,1241
1920,-1424,-570,-576,1728,2167,-3397,-12401,-7686,24,2881,1519
2129,-1522,-686,-562,1943,2358,-3762,-13163,-8014,74,3133,1824
2360,-1623,-818,-538,2182,2570,-4147,-13920,-8341,130,3396,2137
2603,-1729,-955,-513,2431,2794,-4554,-14678,-8673,195,3665,2451
2876,-1813,-1142,-442,2732,3027,-4960,-15425,-8995,285,3951,2782
3191,-1873,-1392,-312,3102,3275,-5362,-16157,-9302,401,4262,3141
3507,-1947,-1627,-203,3461,3536,-5791,-16897,-9621,501,4576,3501
3792,-2057,-1792,-164,3753,3803,-6269,-17671,-9972,557,4875,3845
4044,-2194,-1896,-185,3981,4069,-6795,-18477,-10353,576,5158,4170
4281,-2331,-1983,-218,4188,4328,-7349,-19299,-10749,583,5436,4490
4550,-2431,-2139,-181,4464,4586,-7892,-20103,-11128,626,5738,4833
4839,-2515,-2331,-109,4776,4848,-8425,-20885,-11491,688,6056,5186
5133,-2605,-2520,-45,5090,5120,-8954,-21650,-11850,747,6377,5539
5422,-2719,-2683,-14,5384,5405,-9485,-22397,-12203,798,6692,5884
5721,-2854,-2835,-4,5678,5711,-10007,-23112,-12535,864,7006,6226
6045,-2998,-3003,10,6000,6040,-10510,-23783,-12836,959,7329,6568
6406,-3126,-3226,71,6385,6383,-10985,-24394,-13093,1101,7672,6928
6800,-3241,-3499,174,6827,6738,-11439,-24943,-13312,1278,8032,7303
7171,-3368,-3737,245,7231,7085,-11898,-25457,-13516,1452,8379,7663
7532,-3493,-3968,313,7624,7421,-12353,-25932,-13702,1631,8733,8015
7868,-3631,-4164,349,7979,7748,-12814,-26381,-13878,1801,9088,8356
8164,-3797,-4295,324,8265,8064,-13289,-26817,-14060,1946,9425,8680
8448,-3970,-4408,282,8532,8374,-13764,-27231,-14240,2083,9751,8997
8730,-4144,-4520,239,8799,8680,-14235,-27615,-14412,2219,10075,9306
8996,-4342,-4594,154,9029,8989,-14712,-27975,-14588,2330,10385,9590
9237,-4568,-4615,16,9209,9297,-15193,-28319,-14774,2416,10674,9848
9485,-4779,-4660,-96,9410,9597,-15639,-28615,-14933,2522,10959,10107
9770,-4942,-4789,-120,9692,9887,-16021,-28832,-15041,2672,11255,10379
10083,-5062,-4989,-69,10039,10166,-16339,-28967,-15095,2859,11556,10659
10397,-5160,-5212,13,10403,10427,-16607,-29028,-15102,3049,11840,10921
10651,-5266,-5366,43,10680,10654,-16855,-29046,-15093,3196,12070,11128
10849,-5366,-5470,45,10886,10836,-17078,-29013,-15067,3315,12243,11281
11005,-5438,-5559,55,11053,10971,-17265,-28919,-15010,3418,12370,11388
11128,-5476,-5649,89,11198,11060,-17415,-28758,-14922,3505,12449,11448
11211,-5485,-5728,136,11308,11102,-17527,-28535,-14808,3565,12474,11453
11225,-5473,-5759,165,11339,11083,-17606,-28261,-14680,3581,12435,11390
11142,-5455,-5697,137,11243,10994,-17671,-27953,-14552,3529,12312,11252
10951,-5423,-5539,54,11010,10825,-17714,-27611,-14432,3403,12093,11036
10695,-5345,-5364,-10,10723,10582,-17708,-27214,-14303,3230,11804,10759
10364,-5239,-5140,-87,10352,10270,-17660,-26774,-14176,3002,11438,10415
9984,-5100,-4901,-151,9939,9905,-17562,-26287,-14048,2736,11010,10013
9584,-4919,-4683,-172,9524,9499,-17408,-25742,-13915,2444,10541,9568
9138,-4718,-4440,-197,9064,9052,-17212,-25161,-13788,2111,10024,9071
8641,-4508,-4155,-244,8539,8567,-16979,-24559,-13674,1737,9457,8526
8114,-4269,-3870,-270,7996,8044,-16698,-23929,-13558,1350,8858,7960
7584,-3999,-3615,-256,7470,7502,-16368,-23269,-13436,963,8247,7393
7037,-3748,-3324,-277,6908,6963,-16020,-22603,-13335,534,7609,6802
6452,-3545,-2949,-386,6264,6434,-15679,-21957,-13278,32,6930,6172
5833,-3388,-2496,-578,5546,5916,-15343,-21330,-13266,-538,6208,5506
5200,-3250,-2009,-805,4795,5404,-14993,-20710,-13286,-1152,5457,4823
4607,-3087,-1588,-971,4114,4906,-14595,-20062,-13302,-1762,4718,4153
4045,-2912,-1211,-1100,3484,4423,-14157,-19389,-13311,-2355,3993,3493
3498,-2743,-841,-1228,2868,3958,-13698,-18704,-13318,-2927,3283,2840
2960,-2591,-465,-1372,2254,3513,-13229,-18016,-13314,-3465,2593,2201
2440,-2452,-90,-1525,1654,3095,-12755,-17324,-13288,-3946,1934,1585
1963,-2320,249,-1659,1106,2711,-12270,-16621,-13229,-4347,1323,1005
1550,-2170,509,-1729,654,2363,-11761,-15898,-13121,-4647,781,479
1205,-2012,695,-1745,297,2057,-11236,-15156,-12967,-4863,310,11
877,-1879,891,-1786,-54,1783,-10724,-14429,-12790,-5033,-118,-430
584,-1754,1064,-1818,-365,1539,-10218,-13708,-12587,-5152,-494,-835
313,-1647,1234,-1862,-660,1323,-9725,-13002,-12367,-5234,-826,-1207
43,-1575,1440,-1953,-976,1130,-9254,-12325,-12137,-5290,-1127,-1549
-198,-1518,1636,-2049,-1266,967,-8793,-11659,-11884,-5302,-1389,-1855
-396,-1469,1797,-2128,-1503,836,-8338,-10993,-11604,-5269,-1604,-2130
-574,-1444,1965,-2229,-1729,733,-7908,-10339,-11319,-5218,-1789,-2393
-748,-1448,2161,-2367,-1971,649,-7508,-9709,-11035,-5154,-1953,-2642
-889,-1438,2311,-2468,-2159,575,-7109,-9087,-10732,-5046,-2079,-2849
-964,-1383,2351,-2466,-2229,511,-6693,-8456,-10394,-4874,-2150,-2994
-980,-1289,2294,-2374,-2196,456,-6263,-7819,-10028,-4654,-2172,-3078
-960,-1177,2185,-2237,-2103,409,-5837,-7187,-9650,-4411,-2157,-3120
-956,-1090,2116,-2143,-2047,364,-5446,-6592,-9288,-4186,-2139,-3156
-962,-1020,2074,-2080,-2017,318,-5081,-6030,-8941,-3979,-2120,-3186
-951,-946,2010,-2000,-1961,275,-4727,-5487,-8598,-3773,-2089,-3201
-915,-863,1910,-1891,-1865,239,-4380,-4955,-8255,-3559,-2043,-3196
-853,-781,1782,-1763,-1734,214,-4043,-4433,-7918,-3341,-1982,-3173
-786,-713,1661,-1649,-1605,197,-3723,-3929,-7593,-3135,-1912,-3139
-743,-684,1598,-1598,-1531,185,-3439,-3462,-7297,-2957,-1845,-3109
-734,-690,1599,-1612,-1523,170,-3186,-3041,-7035,-2814,-1790,-3086
-713,-697,1586,-1614,-1498,159,-2941,-2638,-6783,-2672,-1728,-3051
-693,-721,1585,-1636,-1484,156,-2708,-2264,-6548,-2540,-1670,-3017
-663,-746,1572,-1647,-1455,157,-2479,-1912,-6324,-2407,-1610,-2981
-607,-753,1511,-1612,-1378,163,-2248,-1568,-6105,-2268,-1538,-2932
-553,-754,1442,-1566,-1298,162,-2026,-1246,-5897,-2134,-1467,-2880
-513,-754,1386,-1526,-1236,152,-1816,-957,-5707,-2011,-1404,-2825
-470,-733,1301,-1451,-1154,131,-1604,-686,-5519,-1881,-1339,-2757
-409,-683,1168,-1323,-1029,105,-1387,-422,-5327,-1737,-1264,-2677
-360,-655,1068,-1231,-934,88,-1193,-182,-5153,-1615,-1197,-2615
-349,-678,1058,-1231,-925,83,-1041,15,-5017,-1542,-1157,-2588
-375,-744,1127,-1312,-994,88,-925,173,-4914,-1512,-1144,-2595
-418,-823,1227,-1422,-1095,94,-824,311,-4824,-1495,-1144,-2612
-432,-872,1270,-1472,-1139,104,-710,465,-4718,-1454,-1130,-2609
-423,-902,1272,-1482,-1141,121,-593,630,-4600,-1403,-1106,-2593
-419,-934,1283,-1498,-1152,142,-486,790,-4486,-1357,-1080,-2582
-442,-974,1331,-1546,-1205,156,-398,933,-4384,-1325,-1066,-2589
-490,-1009,1402,-1606,-1291,154,-324,1062,-4292,-1300,-1065,-2613
-548,-1027,1469,-1652,-1379,139,-256,1188,-4204,-1276,-1073,-2646
-589,-1010,1488,-1644,-1425,116,-175,1323,-4107,-1237,-1075,-2672
-609,-959,1454,-1579,-1421,88,-82,1470,-4000,-1189,-1066,-2687
-651,-916,1453,-1541,-1453,54,-5,1604,-3904,-1161,-1070,-2711
-689,-869,1448,-1501,-1479,22,66,1738,-3809,-1133,-1072,-2729
-733,-833,1464,-1481,-1521,-5,129,1864,-3721,-1116,-1074,-2747
-807,-821,1535,-1516,-1620,-35,178,1970,-3653,-1123,-1092,-2783
-890,-814,1622,-1567,-1735,-66,227,2070,-3592,-1136,-1116,-2823
-966,-806,1703,-1614,-1838,-93,280,2173,-3530,-1147,-1134,-2857
-1049,-821,1815,-1699,-1968,-112,320,2267,-3480,-1175,-1153,-2903
-1157,-862,1980,-1838,-2147,-130,336,2344,-3450,-1229,-1191,-2967
-1258,-888,2122,-1953,-2306,-156,357,2424,-3417,-1268,-1224,-3024
-1314,-866,2172,-1976,-2372,-185,405,2531,-3361,-1267,-1232,-3053
-1322,-806,2137,-1919,-2349,-213,479,2661,-3286,-1233,-1217,-3055
-1307,-734,2065,-1830,-2285,-236,560,2799,-3208,-1189,-1188,-3041
-1319,-693,2051,-1802,-2276,-260,621,2913,-3153,-1172,-1175,-3039
-1348,-673,2073,-1813,-2302,-285,671,3008,-3120,-1171,-1176,-3044
-1368,-648,2080,-1813,-2312,-312,726,3099,-3089,-1170,-1178,-3041
-1364,-604,2044,-1771,-2277,-339,790,3195,-3054,-1153,-1169,-3022
-1340,-542,1967,-1691,-2201,-369,856,3297,-3019,-1124,-1143,-2993
-1312,-482,1886,-1609,-2119,-399,918,3392,-2991,-1093,-1112,-2966
-1297,-452,1845,-1574,-2073,-421,962,3468,-2979,-1079,-1096,-2952
-1303,-456,1857,-1596,-2076,-438,991,3521,-2985,-1081,-1104,-2954
-1291,-457,1844,-1598,-2051,-448,1025,3579,-2988,-1072,-1106,-2946
-1287,-468,1845,-1615,-2041,-460,1049,3624,-2996,-1068,-1108,-2940
-1282,-476,1841,-1625,-2028,-475,1073,3663,-3004,-1055,-1109,-2931
-1254,-465,1792,-1590,-1971,-489,1112,3716,-2999,-1018,-1093,-2909
-1222,-454,1737,-1550,-1909,-502,1151,3767,-2991,-977,-1072,-2890
-1196,-454,1697,-1525,-1861,-512,1189,3808,-2985,-940,-1056,-2877
-1156,-440,1628,-1469,-1787,-521,1242,3846,-2968,-894,-1042,-2857
-1086,-398,1498,-1352,-1653,-528,1312,3889,-2936,-833,-1027,-2826
-1021,-366,1383,-1249,-1534,-530,1368,3917,-2915,-795,-1028,-2807
-995,-374,1348,-1225,-1496,-529,1388,3910,-2920,-801,-1051,-2805
-1007,-423,1392,-1279,-1538,-524,1380,3874,-2951,-841,-1083,-2816
-1045,-490,1479,-1372,-1626,-520,1363,3824,-2990,-891,-1118,-2830
-1058,-530,1517,-1414,-1666,-514,1365,3793,-3009,-910,-1131,-2830
-1058,-556,1528,-1426,-1681,-505,1373,3777,-3014,-920,-1132,-2829
-1066,-584,1552,-1448,-1710,-495,1374,3763,-3020,-931,-1136,-2837
-1092,-619,1602,-1493,-1771,-489,1364,3741,-3031,-949,-1149,-2856
-1131,-653,1667,-1545,-1849,-487,1347,3712,-3044,-971,-1167,-2876
-1158,-670,1706,-1570,-1903,-484,1339,3692,-3050,-981,-1180,-2891
-1154,-655,1685,-1534,-1896,-479,1356,3693,-3034,-960,-1178,-2887
-1111,-607,1596,-1432,-1818,-466,1397,3721,-2997,-909,-1154,-2862
-1082,-565,1531,-1352,-1767,-455,1435,3747,-2962,-873,-1136,-2845
-1048,-521,1460,-1268,-1706,-440,1481,3784,-2922,-839,-1116,-2826
-1015,-487,1404,-1203,-1656,-417,1526,3826,-2883,-815,-1094,-2811
-1008,-478,1402,-1192,-1658,-392,1564,3862,-2852,-807,-1081,-2808
-1007,-474,1412,-1193,-1671,-369,1603,3900,-2822,-796,-1067,-2812
-1002,-465,1416,-1190,-1677,-346,1640,3946,-2788,-781,-1048,-2816
-1012,-473,1452,-1221,-1712,-322,1661,3988,-2768,-788,-1038,-2832
-1050,-505,1541,-1304,-1799,-303,1662,4016,-2771,-822,-1049,-2863
-1085,-522,1610,-1366,-1870,-294,1671,4047,-2771,-843,-1062,-2887
-1077,-496,1594,-1344,-1853,-287,1703,4104,-2750,-826,-1056,-2885
-1029,-427,1493,-1237,-1751,-286,1756,4188,-2706,-775,-1028,-2858
-960,-333,1345,-1083,-1603,-292,1820,4288,-2648,-710,-980,-2815
-926,-254,1246,-972,-1509,-314,1870,4376,-2604,-672,-943,-2785
-922,-190,1188,-900,-1461,-351,1907,4453,-2574,-651,-922,-2765
-916,-124,1126,-824,-1408,-392,1943,4523,-2549,-631,-911,-2744
-894,-51,1038,-726,-1326,-430,1986,4594,-2521,-604,-902,-2717
-852,20,929,-615,-1216,-458,2032,4671,-2486,-570,-890,-2683
-811,74,837,-526,-1118,-480,2072,4741,-2454,-541,-880,-2652
-788,88,800,-500,-1068,-490,2088,4787,-2443,-541,-884,-2642
-796,64,829,-542,-1084,-499,2079,4797,-2461,-577,-919,-2662
-796,43,844,-572,-1085,-506,2067,4798,-2483,-609,-964,-2691
-809,15,877,-617,-1106,-520,2047,4785,-2512,-648,-1019,-2730
-826,-10,908,-658,-1131,-541,2028,4766,-2542,-685,-1066,-2764
-824,-20,903,-662,-1119,-558,2020,4759,-2560,-696,-1088,-2779
-821,-41,908,-679,-1114,-567,2011,4751,-2571,-699,-1105,-2787
-829,-82,943,-729,-1139,-570,1997,4739,-2579,-702,-1129,-2792
-830,-114,963,-761,-1149,-571,1998,4733,-2571,-685,-1156,-2787
-802,-127,934,-746,-1109,-564,2022,4743,-2541,-643,-1175,-2767
-775,-161,928,-758,-1086,-541,2035,4748,-2518,-618,-1193,-2751
-784,-244,1009,-861,-1147,-505,2019,4727,-2520,-630,-1218,-2753
-827,-370,1169,-1044,-1284,-460,1981,4682,-2544,-669,-1251,-2771
-891,-510,1363,-1258,-1459,-416,1934,4621,-2582,-716,-1289,-2801
-923,-617,1497,-1410,-1573,-370,1907,4577,-2604,-732,-1304,-2818
-931,-698,1581,-1512,-1639,-319,1887,4546,-2614,-738,-1302,-2826
-942,-776,1667,-1612,-1707,-269,1859,4511,-2628,-751,-1302,-2838
-963,-857,1768,-1725,-1794,-220,1824,4469,-2650,-775,-1308,-2857
-999,-937,1885,-1849,-1901,-176,1790,4423,-2677,-806,-1322,-2882
-1030,-1001,1983,-1951,-1992,-137,1765,4383,-2699,-827,-1332,-2903
-1036,-1032,2024,-1992,-2028,-101,1763,4363,-2702,-821,-1327,-2909
-1002,-1028,1992,-1964,-1990,-59,1788,4370,-2680,-786,-1297,-2898
-979,-1027,1974,-1948,-1968,-21,1813,4374,-2661,-759,-1275,-2899
-957,-1018,1951,-1926,-1943,13,1838,4377,-2642,-737,-1259,-2904
-942,-1014,1939,-1914,-1930,44,1853,4378,-2632,-736,-1252,-2917
-958,-1025,1974,-1946,-1967,66,1850,4362,-2639,-767,-1263,-2945
-980,-1031,2009,-1977,-2010,79,1840,4343,-2649,-804,-1279,-2976
-996,-1025,2025,-1987,-2034,87,1829,4330,-2656,-835,-1289,-3006
-1024,-1028,2061,-2017,-2080,90,1804,4317,-2670,-877,-1302,-3048
-1076,-1048,2137,-2085,-2167,85,1759,4299,-2698,-937,-1328,-3108
-1121,-1045,2180,-2118,-2226,68,1730,4292,-2715,-978,-1353,-3162
-1124,-990,2128,-2052,-2194,39,1735,4311,-2704,-978,-1354,-3182
-1084,-892,1989,-1899,-2074,7,1769,4358,-2667,-941,-1329,-3166
-1017,-783,1809,-1712,-1908,-17,1819,4423,-2616,-889,-1286,-3126
-969,-709,1683,-1584,-1791,-35,1853,4472,-2579,-855,-1256,-3092
-948,-658,1605,-1503,-1723,-58,1876,4507,-2553,-829,-1241,-3063
-925,-601,1522,-1415,-1650,-88,1902,4546,-2524,-785,-1222,-3026
-891,-534,1414,-1302,-1553,-121,1937,4594,-2489,-721,-1187,-2978
-841,-461,1285,-1171,-1430,-149,1977,4648,-2449,-645,-1135,-2922
-795,-396,1168,-1052,-1318,-178,2011,4699,-2411,-574,-1080,-2867
-770,-365,1106,-992,-1257,-200,2025,4730,-2391,-531,-1039,-2828
-781,-371,1118,-1004,-1269,-223,2016,4733,-2396,-526,-1025,-2816
-785,-377,1123,-1012,-1270,-242,2009,4736,-2405,-524,-1012,-2811
-797,-396,1148,-1040,-1291,-259,1997,4729,-2421,-532,-1007,-2815
-808,-415,1173,-1068,-1312,-275,1986,4720,-2437,-532,-1004,-2815
-792,-417,1157,-1057,-1286,-283,1991,4726,-2438,-510,-990,-2796
-773,-416,1134,-1039,-1255,-291,2000,4730,-2435,-487,-978,-2779
-766,-416,1127,-1033,-1242,-303,2007,4724,-2434,-471,-978,-2768
-753,-392,1091,-991,-1206,-327,2025,4719,-2424,-436,-976,-2746
-715,-337,1002,-894,-1119,-350,2064,4731,-2391,-371,-954,-2700
-676,-296,927,-816,-1041,-361,2097,4745,-2360,-321,-928,-2661
-670,-293,926,-813,-1035,-366,2105,4739,-2348,-312,-921,-2650
-697,-326,995,-881,-1098,-366,2092,4716,-2351,-331,-929,-2664
-736,-372,1089,-975,-1187,-362,2073,4688,-2358,-352,-942,-2691
-743,-385,1120,-1006,-1212,-355,2071,4681,-2347,-346,-935,-2705
-725,-372,1101,-985,-1188,-347,2081,4695,-2321,-320,-914,-2706
-710,-354,1079,-959,-1165,-341,2088,4712,-2294,-299,-895,-2704
-710,-342,1079,-952,-1165,-339,2082,4721,-2274,-296,-886,-2702
-718,-339,1095,-963,-1183,-334,2067,4722,-2259,-306,-889,-2701
-718,-336,1102,-966,-1189,-321,2053,4725,-2241,-316,-894,-2695
-693,-313,1062,-924,-1147,-305,2050,4739,-2208,-307,-890,-2675
-629,-265,958,-824,-1036,-277,2063,4774,-2157,-275,-869,-2641
-576,-232,878,-749,-948,-246,2066,4800,-2114,-260,-861,-2626
-517,-200,791,-670,-851,-211,2069,4826,-2072,-244,-856,-2622
-463,-175,714,-601,-764,-175,2068,4850,-2031,-231,-852,-2623
-438,-174,689,-584,-732,-142,2057,4863,-2001,-234,-857,-2637
-417,-185,678,-583,-711,-106,2051,4873,-1974,-242,-865,-2654
-387,-197,655,-575,-676,-65,2049,4892,-1946,-250,-869,-2673
-368,-228,663,-600,-670,-20,2032,4906,-1932,-278,-876,-2702
-386,-287,732,-685,-729,18,1991,4907,-1937,-330,-897,-2747
-414,-333,797,-758,-792,37,1961,4908,-1937,-366,-916,-2780
-410,-340,791,-759,-788,49,1964,4929,-1916,-357,-915,-2781
-371,-313,716,-691,-715,59,1993,4968,-1875,-313,-892,-2755
-316,-273,610,-594,-611,69,2034,5014,-1829,-261,-859,-2716
-292,-260,563,-553,-567,74,2052,5035,-1805,-243,-850,-2697
-301,-258,561,-552,-577,61,2054,5036,-1797,-246,-862,-2695
-312,-247,553,-541,-584,40,2061,5037,-1786,-240,-875,-2687
-304,-221,513,-498,-557,19,2081,5051,-1762,-211,-874,-2664
-275,-185,442,-428,-496,2,2110,5073,-1731,-169,-858,-2631
-246,-149,372,-359,-434,-15,2136,5091,-1702,-131,-838,-2599
-235,-133,343,-331,-413,-34,2147,5093,-1686,-113,-829,-2578
-265,-149,387,-371,-466,-59,2132,5068,-1696,-127,-846,-2582
-288,-156,415,-396,-503,-86,2117,5046,-1708,-141,-865,-2591
-321,-168,460,-433,-558,-118,2094,5012,-1729,-163,-892,-2611
-360,-176,508,-470,-617,-155,2072,4978,-1747,-175,-917,-2631
-375,-162,510,-462,-629,-190,2068,4966,-1746,-157,-922,-2634
-382,-147,505,-446,-630,-221,2072,4966,-1736,-128,-919,-2631
-392,-142,514,-448,-642,-245,2076,4963,-1727,-97,-922,-2627
-388,-129,501,-429,-629,-262,2096,4962,-1706,-50,-923,-2616
-351,-93,432,-356,-556,-272,2137,4974,-1670,20,-906,-2588
-310,-70,372,-299,-487,-267,2170,4980,-1643,71,-890,-2568
-299,-92,388,-322,-486,-249,2171,4955,-1646,76,-898,-2577
-316,-157,475,-421,-552,-220,2142,4904,-1676,39,-928,-2607
-352,-240,599,-556,-655,-188,2098,4841,-1718,-13,-970,-2645
-363,-293,666,-635,-703,-155,2072,4801,-1744,-39,-991,-2662
-350,-323,687,-667,-703,-120,2057,4777,-1758,-45,-994,-2669
-336,-355,708,-701,-702,-80,2036,4755,-1773,-56,-999,-2682
-340,-399,760,-765,-734,-41,2004,4724,-1795,-85,-1018,-2706
-371,-452,846,-859,-807,-11,1968,4685,-1822,-128,-1048,-2737
-405,-497,928,-945,-879,14,1933,4649,-1846,-166,-1072,-2765
-427,-517,972,-991,-917,32,1909,4627,-1860,-187,-1083,-2779
-415,-507,954,-976,-892,54,1904,4626,-1855,-182,-1072,-2774
-416,-507,959,-983,-892,75,1893,4616,-1855,-190,-1069,-2777
-414,-499,952,-979,-883,93,1885,4613,-1853,-194,-1068,-2781
-412,-492,947,-976,-874,112,1876,4614,-1850,-197,-1066,-2785
-436,-506,988,-1018,-916,126,1858,4603,-1860,-218,-1078,-2799
-464,-521,1034,-1066,-963,138,1840,4591,-1876,-243,-1091,-2814
-476,-531,1059,-1095,-988,154,1826,4588,-1892,-267,-1098,-2831
-493,-561,1107,-1154,-1032,179,1803,4584,-1919,-315,-1113,-2867
-536,-627,1216,-1276,-1135,207,1764,4566,-1966,-385,-1147,-2924
-581,-686,1320,-1389,-1236,226,1728,4547,-2008,-439,-1180,-2970
-590,-702,1342,-1419,-1260,236,1718,4554,-2024,-449,-1187,-2982
-557,-677,1280,-1364,-1200,243,1734,4588,-2008,-416,-1163,-2961
-499,-630,1171,-1262,-1094,248,1765,4639,-1975,-359,-1121,-2931
-468,-602,1106,-1202,-1035,245,1779,4675,-1953,-325,-1091,-2919
-462,-594,1086,-1183,-1023,234,1782,4697,-1944,-305,-1077,-2919
-451,-582,1055,-1154,-1001,220,1793,4725,-1931,-280,-1065,-2906
-427,-548,989,-1086,-946,198,1819,4765,-1904,-236,-1043,-2873
-381,-491,878,-971,-847,173,1856,4819,-1866,-177,-1007,-2826
-328,-434,760,-851,-737,149,1891,4872,-1825,-121,-967,-2779
-290,-397,675,-764,-658,128,1911,4911,-1795,-80,-937,-2746
-284,-388,651,-736,-642,102,1908,4922,-1784,-69,-930,-2733
-266,-372,608,-690,-603,79,1912,4934,-1768,-44,-915,-2716
-248,-362,571,-651,-566,61,1916,4938,-1751,-17,-897,-2701
-222,-354,529,-609,-521,48,1922,4938,-1733,11,-883,-2684
-160,-326,432,-516,-414,48,1938,4947,-1702,59,-860,-2652
-88,-299,327,-419,-294,57,1956,4958,-1667,110,-833,-2616
-29,-282,247,-346,-199,67,1968,4960,-1634,159,-812,-2587
32,-254,154,-256,-93,73,1990,4965,-1592,223,-790,-2552
115,-198,13,-117,61,79,2030,4985,-1532,310,-753,-2502
196,-153,-113,4,203,93,2058,5005,-1480,381,-714,-2457
235,-152,-150,36,258,113,2056,5002,-1457,412,-693,-2432
228,-191,-99,-20,224,132,2027,4973,-1461,402,-696,-2428
187,-248,5,-124,131,144,1978,4923,-1486,358,-724,-2446
157,-285,80,-196,65,155,1937,4879,-1509,315,-747,-2461
138,-310,133,-248,20,168,1900,4842,-1527,280,-760,-2471
104,-347,214,-329,-54,183,1857,4800,-1553,239,-781,-2489
42,-394,336,-444,-175,189,1805,4747,-1588,188,-814,-2515
-46,-444,486,-582,-333,182,1748,4683,-1631,130,-858,-2548
-134,-482,626,-707,-485,171,1694,4622,-1672,82,-895,-2575
-200,-485,710,-773,-586,151,1664,4583,-1693,66,-912,-2585
-226,-443,710,-753,-606,131,1664,4578,-1685,90,-899,-2568
-257,-400,714,-737,-632,107,1667,4578,-1676,111,-888,-2551
-272,-356,700,-709,-637,93,1675,4584,-1668,131,-873,-2531
-276,-317,679,-680,-631,90,1678,4585,-1661,146,-859,-2518
-290,-304,694,-692,-655,97,1668,4567,-1668,139,-865,-2526
-304,-299,714,-712,-683,107,1659,4547,-1677,132,-874,-2537
-304,-289,712,-714,-688,121,1660,4540,-1681,132,-871,-2545
-304,-297,725,-736,-702,143,1653,4534,-1689,119,-863,-2565
-327,-336,788,-811,-765,168,1626,4521,-1714,85,-864,-2599
-349,-371,843,-876,-821,187,1607,4518,-1728,68,-862,-2619
-330,-373,821,-865,-798,207,1616,4544,-1714,95,-838,-2603
-269,-341,717,-775,-692,228,1653,4598,-1670,162,-787,-2553
-182,-297,574,-649,-541,255,1704,4667,-1612,241,-717,-2486
-122,-280,481,-572,-441,277,1739,4719,-1566,294,-659,-2428
-92,-289,444,-548,-398,292,1758,4746,-1538,321,-621,-2385
-66,-301,410,-526,-358,304,1773,4763,-1514,347,-590,-2346
-28,-308,358,-488,-298,317,1790,4779,-1493,376,-563,-2315
25,-312,289,-435,-216,336,1802,4797,-1476,403,-539,-2296
74,-320,226,-389,-140,353,1809,4813,-1463,427,-520,-2288
101,-352,210,-389,-109,370,1800,4817,-1463,432,-509,-2293
88,-418,269,-462,-155,382,1767,4795,-1483,412,-519,-2318
79,-474,315,-519,-189,390,1733,4776,-1502,393,-530,-2343
57,-527,373,-583,-238,388,1695,4754,-1524,368,-549,-2371
31,-570,427,-638,-288,377,1659,4734,-1547,348,-569,-2391
28,-584,432,-642,-289,363,1643,4734,-1553,355,-565,-2390
29,-585,422,-629,-278,346,1633,4739,-1552,366,-553,-2379
22,-583,423,-621,-280,323,1618,4737,-1552,371,-546,-2365
29,-563,393,-583,-251,299,1616,4736,-1543,394,-535,-2338
72,-512,301,-483,-158,282,1644,4757,-1504,461,-501,-2288
124,-468,209,-390,-59,278,1675,4784,-1461,531,-457,-2239
150,-466,191,-375,-27,288,1683,4795,-1433,571,-427,-2212
145,-503,244,-434,-63,306,1666,4782,-1427,578,-417,-2213
125,-555,329,-526,-131,327,1637,4755,-1433,566,-419,-2227
133,-576,357,-560,-143,349,1627,4745,-1424,575,-403,-2223
169,-570,332,-543,-101,375,1631,4752,-1400,602,-371,-2202
209,-567,307,-528,-58,408,1631,4757,-1377,625,-339,-2183
237,-584,313,-548,-43,449,1616,4752,-1362,636,-314,-2174
242,-610,351,-596,-65,483,1589,4735,-1356,638,-298,-2176
244,-632,388,-640,-88,514,1564,4716,-1351,643,-285,-2174
259,-635,393,-653,-83,543,1553,4707,-1337,662,-264,-2159
311,-611,333,-605,-10,580,1567,4723,-1302,712,-220,-2123
345,-598,300,-582,33,614,1571,4731,-1273,748,-188,-2095
376,-587,271,-564,70,647,1573,4741,-1245,783,-161,-2068
402,-584,253,-559,97,682,1570,4753,-1223,808,-140,-2047
398,-604,287,-604,68,713,1546,4746,-1222,799,-145,-2049
381,-627,335,-660,22,735,1518,4733,-1230,775,-157,-2062
369,-642,367,-700,-10,755,1491,4727,-1238,754,-157,-2071
352,-669,413,-757,-56,776,1456,4724,-1252,724,-155,-2087
309,-722,510,-864,-152,796,1405,4706,-1285,670,-171,-2124
259,-761,597,-954,-246,800,1360,4689,-1314,626,-195,-2160
245,-754,600,-957,-261,793,1345,4695,-1320,618,-207,-2176
277,-703,512,-868,-184,786,1358,4727,-1302,646,-206,-2172
340,-632,371,-729,-51,782,1386,4772,-1267,688,-194,-2154
379,-583,274,-632,38,773,1397,4802,-1241,705,-194,-2143
388,-553,226,-580,74,755,1395,4814,-1227,705,-202,-2142
398,-527,177,-528,111,737,1395,4824,-1214,712,-207,-2137
424,-493,106,-454,175,721,1408,4841,-1191,738,-195,-2121
468,-449,4,-352,271,707,1428,4864,-1161,777,-165,-2092
507,-408,-90,-255,361,691,1440,4883,-1131,810,-132,-2062
531,-390,-147,-196,416,676,1436,4890,-1110,828,-104,-2043
519,-409,-130,-211,397,661,1408,4871,-1111,817,-100,-2047
518,-425,-129,-213,398,650,1385,4859,-1108,819,-93,-2052
512,-448,-115,-226,388,640,1359,4845,-1104,828,-92,-2062
505,-475,-95,-246,373,631,1337,4833,-1095,845,-95,-2069
529,-485,-122,-223,411,633,1333,4842,-1066,888,-82,-2058
569,-495,-162,-192,469,646,1335,4856,-1033,936,-62,-2038
601,-512,-186,-176,511,660,1332,4863,-1008,978,-45,-2019
638,-514,-226,-141,568,670,1343,4871,-979,1039,-24,-1993
705,-483,-327,-44,685,681,1380,4897,-930,1131,14,-1950
778,-451,-432,54,810,699,1415,4929,-883,1212,55,-1906
818,-455,-465,79,864,721,1424,4939,-861,1251,80,-1885
825,-493,-427,32,849,748,1407,4924,-870,1246,89,-1885
810,-547,-350,-54,793,773,1375,4891,-895,1221,86,-1895
818,-570,-323,-88,784,798,1358,4872,-908,1220,96,-1887
848,-567,-344,-73,822,822,1356,4870,-908,1239,125,-1860
869,-561,-358,-63,849,841,1349,4870,-910,1249,155,-1837
869,-562,-345,-78,843,854,1332,4861,-923,1241,174,-1829
846,-569,-302,-117,800,858,1305,4836,-951,1216,176,-1840
825,-568,-269,-145,765,860,1279,4807,-983,1190,173,-1860
825,-544,-281,-129,772,862,1264,4785,-1006,1179,175,-1872
868,-489,-367,-44,855,872,1269,4787,-1009,1195,200,-1860
903,-444,-435,22,920,885,1266,4786,-1015,1207,223,-1849
934,-400,-500,85,980,897,1264,4788,-1021,1226,246,-1834
959,-362,-553,136,1026,907,1259,4792,-1022,1244,269,-1816
953,-353,-548,129,1013,916,1239,4784,-1033,1241,277,-1808
938,-357,-524,101,979,926,1216,4775,-1043,1241,281,-1797
928,-358,-508,81,956,938,1197,4777,-1040,1254,298,-1777
914,-380,-469,32,913,958,1165,4778,-1040,1256,315,-1762
876,-439,-370,-79,815,984,1110,4765,-1062,1226,318,-1765
835,-497,-271,-190,716,1006,1053,4744,-1085,1199,308,-1772
832,-517,-250,-221,695,1026,1021,4742,-1085,1205,304,-1759
876,-493,-320,-161,766,1043,1019,4762,-1060,1247,317,-1723
945,-441,-446,-45,894,1058,1032,4794,-1022,1304,348,-1673
999,-408,-536,37,988,1071,1030,4808,-1000,1332,373,-1634
1025,-401,-573,66,1029,1081,1008,4801,-998,1331,382,-1610
1042,-397,-601,88,1060,1085,982,4790,-999,1327,393,-1587
1067,-386,-641,123,1106,1087,960,4782,-996,1333,409,-1559
1112,-367,-712,185,1186,1094,948,4786,-987,1350,433,-1528
1161,-354,-779,241,1267,1106,938,4791,-979,1368,459,-1503
1196,-368,-807,253,1314,1126,914,4787,-981,1375,476,-1499
1198,-423,-760,190,1289,1148,869,4764,-1004,1359,469,-1524
1207,-474,-724,136,1277,1172,830,4748,-1023,1360,467,-1546
1207,-526,-679,76,1252,1190,791,4733,-1037,1369,474,-1555
1193,-570,-627,17,1214,1192,756,4717,-1049,1381,485,-1550
1201,-588,-623,8,1222,1191,741,4719,-1044,1418,514,-1523
1219,-604,-630,8,1244,1197,739,4727,-1030,1460,550,-1490
1227,-633,-615,-15,1245,1205,738,4726,-1020,1495,578,-1463
1244,-656,-614,-26,1259,1215,748,4726,-1004,1540,603,-1434
1290,-650,-670,21,1331,1227,777,4738,-968,1615,644,-1385
1343,-647,-730,69,1410,1248,799,4751,-930,1683,689,-1341
1362,-680,-719,44,1416,1271,792,4740,-915,1712,714,-1322
1337,-749,-627,-59,1340,1291,754,4702,-927,1697,712,-1328
1285,-830,-494,-198,1217,1304,696,4645,-958,1661,692,-1347
1256,-885,-411,-287,1142,1317,646,4600,-977,1651,683,-1350
1263,-912,-389,-317,1130,1338,610,4576,-977,1666,694,-1336
1273,-937,-374,-343,1124,1360,571,4556,-970,1683,705,-1325
1276,-967,-345,-382,1103,1385,525,4534,-964,1695,709,-1321
1272,-1002,-304,-433,1069,1410,475,4510,-961,1702,711,-1319
1277,-1027,-282,-466,1053,1437,433,4492,-951,1720,721,-1311
1302,-1025,-307,-450,1081,1461,414,4489,-927,1764,748,-1291
1369,-985,-411,-358,1189,1490,425,4512,-879,1842,800,-1250
1423,-953,-494,-284,1274,1516,434,4530,-835,1906,841,-1214
1474,-919,-575,-211,1356,1539,440,4547,-790,1963,880,-1174
1517,-884,-650,-143,1429,1559,439,4560,-751,2012,922,-1132
1527,-867,-675,-119,1445,1567,418,4551,-735,2035,951,-1104
1526,-853,-685,-107,1446,1571,393,4535,-728,2050,968,-1082
1536,-832,-714,-78,1467,1577,374,4529,-719,2068,990,-1056
1547,-822,-735,-60,1484,1589,343,4523,-716,2077,1013,-1037
1536,-838,-707,-92,1455,1604,289,4506,-733,2061,1026,-1033
1520,-845,-685,-114,1427,1609,247,4489,-746,2054,1040,-1023
1536,-806,-741,-52,1474,1602,238,4499,-731,2087,1079,-986
1589,-723,-879,94,1601,1591,261,4539,-684,2162,1146,-925
1667,-627,-1055,275,1771,1585,297,4593,-621,2257,1230,-855
1726,-561,-1183,405,1897,1584,318,4628,-570,2326,1302,-801
1757,-523,-1253,477,1966,1582,321,4638,-534,2368,1354,-760
1783,-489,-1314,542,2027,1578,322,4644,-502,2411,1400,-710
1817,-442,-1397,630,2108,1568,334,4655,-464,2467,1452,-645
1867,-384,-1505,742,2218,1560,356,4673,-422,2531,1511,-571
1916,-331,-1607,848,2323,1552,379,4686,-386,2584,1566,-505
1945,-299,-1667,912,2387,1544,384,4681,-370,2606,1607,-456
1927,-303,-1644,896,2364,1526,359,4641,-383,2587,1616,-438
1913,-303,-1629,889,2350,1507,329,4601,-398,2567,1621,-428
1896,-309,-1604,871,2327,1489,290,4552,-420,2543,1619,-428
1874,-318,-1570,846,2295,1469,248,4495,-447,2516,1608,-433
1874,-306,-1580,862,2307,1450,218,4452,-461,2509,1613,-421
1881,-289,-1601,890,2331,1430,188,4414,-474,2507,1623,-403
1880,-281,-1606,901,2337,1412,152,4370,-491,2501,1627,-390
1889,-263,-1630,932,2363,1393,127,4329,-502,2509,1630,-370
1932,-213,-1720,1027,2454,1377,128,4306,-490,2553,1649,-327
1988,-162,-1823,1131,2562,1370,130,4293,-474,2603,1679,-276
2013,-144,-1863,1170,2607,1366,108,4265,-477,2623,1696,-243
2002,-164,-1828,1133,2577,1364,57,4213,-504,2604,1693,-234
1965,-203,-1749,1055,2499,1359,-9,4148,-548,2568,1672,-239
1947,-217,-1715,1022,2463,1352,-58,4100,-579,2558,1663,-231
1956,-212,-1727,1032,2475,1351,-92,4076,-596,2572,1678,-206
1961,-212,-1731,1033,2479,1354,-130,4056,-612,2587,1698,-181
1950,-225,-1708,1008,2454,1357,-181,4030,-638,2586,1713,-165
1916,-250,-1650,951,2390,1353,-245,3991,-672,2573,1714,-157
1878,-274,-1589,892,2320,1349,-308,3951,-707,2560,1711,-149
1849,-284,-1553,859,2273,1342,-358,3918,-733,2559,1715,-133
1858,-263,-1586,893,2298,1342,-390,3908,-738,2586,1741,-100
1860,-258,-1596,900,2303,1350,-434,3886,-753,2592,1755,-82
1867,-263,-1601,897,2306,1368,-479,3861,-771,2585,1764,-72
1883,-279,-1605,886,2315,1400,-525,3838,-787,2576,1773,-61
1873,-317,-1560,828,2276,1431,-584,3799,-816,2553,1769,-59
1853,-356,-1505,763,2222,1456,-643,3757,-854,2527,1757,-57
1846,-383,-1475,722,2195,1482,-694,3725,-885,2510,1755,-45
1842,-415,-1442,676,2167,1513,-749,3695,-919,2484,1759,-36
1814,-474,-1357,577,2090,1545,-823,3651,-970,2431,1754,-47
1785,-534,-1272,478,2012,1576,-894,3603,-1019,2387,1746,-59
1797,-557,-1261,454,2012,1609,-932,3578,-1044,2387,1757,-52
1855,-543,-1335,511,2099,1646,-933,3580,-1039,2430,1789,-26
1940,-506,-1457,617,2238,1685,-909,3601,-1015,2496,1834,9
1998,-487,-1534,682,2329,1716,-896,3610,-1004,2538,1865,31
2017,-491,-1549,690,2353,1734,-899,3596,-1015,2548,1875,39
2030,-489,-1562,702,2373,1743,-898,3580,-1028,2554,1881,50
2051,-471,-1599,741,2413,1744,-886,3572,-1035,2572,1894,75
2090,-438,-1669,813,2489,1744,-865,3575,-1036,2606,1923,109
2130,-402,-1743,889,2568,1742,-843,3579,-1038,2640,1957,142
2158,-379,-1792,942,2623,1737,-831,3573,-1051,2658,1984,160
2147,-389,-1770,925,2604,1728,-844,3541,-1087,2641,1983,150
2138,-391,-1758,921,2594,1712,-857,3512,-1121,2625,1981,141
2125,-394,-1740,911,2578,1694,-872,3478,-1154,2607,1976,134
2109,-401,-1717,895,2555,1675,-888,3442,-1188,2595,1967,129
2117,-388,-1739,923,2579,1659,-896,3424,-1210,2606,1971,141
2133,-368,-1774,964,2616,1644,-904,3411,-1228,2624,1979,158
2137,-358,-1789,984,2632,1628,-921,3393,-1251,2636,1975,174
2142,-339,-1814,1016,2654,1606,-932,3376,-1269,2655,1967,196
2174,-292,-1895,1103,2732,1587,-924,3375,-1266,2700,1976,238
2219,-252,-1980,1187,2820,1581,-918,3380,-1262,2740,1992,275
2237,-252,-1997,1198,2844,1587,-937,3364,-1282,2739,1990,289
2219,-294,-1937,1129,2793,1598,-983,3326,-1328,2697,1968,281
2182,-355,-1839,1020,2702,1611,-1045,3272,-1391,2633,1934,261
2167,-395,-1784,954,2655,1628,-1095,3231,-1445,2587,1914,250
2184,-404,-1790,948,2668,1647,-1129,3204,-1483,2567,1910,247
2199,-403,-1806,954,2687,1661,-1161,3173,-1521,2548,1904,239
2196,-404,-1803,945,2681,1667,-1199,3133,-1564,2523,1894,223
2173,-413,-1769,910,2640,1667,-1240,3084,-1612,2493,1876,201
2157,-423,-1742,878,2607,1674,-1275,3039,-1653,2472,1862,189
2158,-417,-1749,879,2610,1684,-1295,3003,-1680,2467,1859,193
2197,-373,-1830,954,2685,1695,-1291,2986,-1683,2494,1879,218
2222,-332,-1893,1016,2740,1699,-1292,2962,-1689,2508,1891,235
2244,-294,-1952,1073,2790,1704,-1294,2934,-1702,2514,1901,247
2273,-265,-2007,1122,2841,1719,-1299,2905,-1722,2519,1915,257
2276,-269,-2004,1110,2837,1739,-1316,2858,-1756,2506,1914,256
2267,-290,-1971,1069,2806,1762,-1330,2806,-1794,2493,1909,250
2262,-308,-1945,1035,2781,1783,-1335,2767,-1824,2492,1915,250
2253,-340,-1903,982,2744,1811,-1345,2733,-1855,2485,1923,249
2219,-401,-1806,875,2655,1839,-1376,2695,-1901,2452,1915,231
2179,-457,-1707,771,2560,1857,-1407,2655,-1947,2419,1893,216
2174,-470,-1688,750,2543,1869,-1413,2639,-1968,2417,1881,227
2210,-430,-1762,828,2617,1870,-1390,2649,-1961,2450,1895,268
2277,-364,-1894,963,2749,1871,-1351,2673,-1936,2502,1934,326
2330,-323,-1987,1057,2847,1877,-1329,2677,-1919,2528,1966,372
2352,-313,-2019,1091,2884,1881,-1326,2656,-1917,2525,1977,399
2380,-302,-2058,1130,2930,1887,-1316,2636,-1912,2529,1990,429
2423,-279,-2125,1197,3006,1892,-1295,2628,-1896,2551,2009,469
2490,-241,-2232,1302,3125,1901,-1263,2640,-1867,2586,2037,517
2563,-202,-2346,1411,3252,1913,-1229,2658,-1832,2620,2066,563
2619,-178,-2430,1492,3349,1921,-1199,2674,-1803,2642,2090,599
2626,-180,-2440,1505,3364,1914,-1192,2667,-1796,2632,2096,613
2633,-174,-2458,1531,3385,1899,-1184,2662,-1792,2624,2106,627
2634,-169,-2471,1551,3400,1882,-1178,2657,-1791,2613,2114,639
2633,-172,-2474,1559,3405,1868,-1173,2649,-1795,2596,2114,645
2660,-160,-2519,1604,3457,1864,-1154,2656,-1792,2593,2124,657
2700,-147,-2580,1660,3530,1868,-1128,2665,-1789,2591,2135,663
2732,-145,-2620,1694,3582,1876,-1102,2666,-1799,2570,2130,653
2767,-137,-2670,1738,3642,1882,-1068,2661,-1808,2546,2116,644
2831,-103,-2773,1833,3758,1892,-1010,2670,-1798,2552,2114,660
2904,-75,-2878,1923,3878,1914,-953,2681,-1786,2562,2114,682
2941,-90,-2904,1931,3923,1943,-922,2666,-1800,2539,2090,682
2936,-149,-2841,1849,3879,1975,-923,2622,-1846,2475,2037,648
2898,-236,-2716,1706,3770,2005,-952,2557,-1915,2389,1966,592
2865,-312,-2606,1578,3676,2034,-977,2499,-1978,2317,1903,539
2849,-374,-2525,1477,3610,2067,-996,2458,-2029,2267,1858,496
2822,-446,-2423,1355,3524,2102,-1025,2418,-2082,2212,1814,446
2773,-528,-2287,1201,3400,2131,-1066,2369,-2145,2146,1761,382
2698,-618,-2117,1018,3235,2151,-1113,2314,-2211,2072,1695,306
2623,-700,-1954,845,3075,2167,-1152,2266,-2270,2010,1627,224
2567,-765,-1826,706,2951,2187,-1171,2233,-2312,1974,1566,149
2559,-795,-1780,643,2913,2217,-1162,2231,-2326,1976,1529,102
2546,-829,-1725,572,2866,2247,-1157,2226,-2342,1970,1488,64
2540,-856,-1681,514,2830,2277,-1155,2224,-2356,1962,1452,38
2546,-878,-1656,472,2815,2312,-1150,2232,-2363,1960,1427,18
2534,-914,-1598,398,2765,2344,-1152,2233,-2377,1944,1396,-11
2510,-950,-1530,320,2701,2368,-1155,2233,-2392,1929,1364,-44
2492,-968,-1485,271,2656,2382,-1149,2242,-2399,1926,1341,-73
2471,-985,-1441,224,2610,2393,-1145,2256,-2410,1915,1321,-109
2430,-1027,-1352,133,2521,2405,-1155,2259,-2440,1880,1287,-165
2384,-1064,-1265,48,2430,2408,-1158,2258,-2466,1842,1248,-217
2372,-1059,-1256,46,2414,2403,-1136,2278,-2467,1836,1227,-240
2405,-1005,-1344,143,2493,2394,-1082,2327,-2438,1867,1231,-231
2467,-923,-1490,300,2631,2382,-1009,2396,-2392,1922,1252,-205
2511,-860,-1602,424,2734,2368,-947,2450,-2355,1960,1264,-192
2521,-825,-1653,490,2774,2348,-903,2479,-2337,1971,1252,-207
2530,-800,-1696,546,2809,2330,-858,2503,-2320,1979,1236,-231
2547,-775,-1748,609,2856,2315,-804,2533,-2298,1996,1222,-252
2580,-750,-1817,687,2926,2308,-743,2572,-2268,2022,1220,-268
2610,-732,-1877,753,2988,2301,-684,2613,-2238,2046,1219,-278
2623,-733,-1902,784,3017,2294,-638,2647,-2217,2044,1211,-289
2591,-772,-1845,736,2960,2281,-624,2652,-2221,2000,1176,-317
2560,-807,-1792,694,2909,2264,-612,2660,-2225,1959,1139,-346
2526,-841,-1738,650,2854,2244,-598,2667,-2228,1922,1102,-379
2485,-875,-1675,600,2788,2219,-583,2672,-2231,1891,1061,-415
2470,-885,-1661,596,2773,2197,-552,2694,-2220,1884,1035,-439
2470,-886,-1670,613,2783,2177,-515,2722,-2205,1882,1010,-457
2462,-892,-1663,613,2777,2159,-484,2742,-2197,1869,974,-481
2460,-886,-1672,629,2784,2137,-444,2765,-2182,1866,933,-497
2487,-843,-1745,710,2853,2112,-377,2807,-2144,1891,903,-492
2525,-794,-1831,801,2937,2093,-304,2858,-2101,1916,882,-484
2530,-777,-1850,823,2953,2075,-254,2888,-2083,1905,847,-496
2498,-798,-1790,765,2892,2062,-231,2892,-2094,1857,791,-532
2440,-838,-1684,660,2781,2047,-222,2878,-2125,1789,721,-585
2399,-856,-1615,592,2706,2031,-202,2876,-2147,1740,665,-632
2390,-847,-1602,577,2688,2022,-167,2896,-2154,1718,631,-665
2378,-843,-1582,553,2663,2018,-135,2920,-2162,1692,599,-700
2349,-856,-1526,492,2603,2017,-117,2937,-2183,1652,559,-744
2295,-893,-1420,382,2492,2018,-112,2937,-2219,1593,500,-797
2238,-938,-1304,258,2373,2024,-109,2938,-2258,1535,437,-851
2195,-977,-1207,152,2275,2038,-93,2943,-2289,1498,377,-896
2198,-984,-1190,120,2261,2063,-44,2975,-2293,1505,343,-916
2203,-997,-1168,83,2244,2094,5,3002,-2297,1510,303,-941
2212,-1011,-1150,48,2233,2129,50,3025,-2306,1504,257,-972
2224,-1023,-1139,21,2229,2164,90,3046,-2315,1492,214,-1003
2208,-1052,-1085,-44,2178,2192,113,3050,-2337,1451,158,-1043
2182,-1087,-1016,-121,2111,2216,130,3045,-2364,1404,106,-1084
2167,-1112,-969,-176,2066,2240,151,3043,-2388,1366,67,-1121
2155,-1142,-923,-230,2025,2266,162,3041,-2418,1322,34,-1159
2125,-1197,-838,-324,1946,2296,151,3027,-2466,1253,-11,-1216
2091,-1247,-755,-411,1867,2316,145,3009,-2514,1185,-66,-1274
2091,-1255,-751,-417,1864,2330,169,3017,-2537,1162,-108,-1312
2133,-1218,-838,-328,1952,2338,230,3057,-2527,1188,-124,-1319
2206,-1156,-982,-183,2098,2347,311,3117,-2496,1235,-121,-1306
2265,-1116,-1093,-72,2215,2359,380,3165,-2473,1259,-128,-1302
2288,-1105,-1140,-22,2266,2363,430,3188,-2464,1253,-158,-1314
2301,-1098,-1176,19,2302,2361,476,3205,-2458,1245,-190,-1325
2315,-1087,-1217,68,2344,2353,525,3224,-2448,1244,-218,-1333
2343,-1072,-1280,135,2411,2351,579,3251,-2435,1251,-235,-1340
2373,-1066,-1336,191,2474,2353,631,3277,-2422,1251,-255,-1362
2392,-1083,-1357,209,2507,2361,671,3295,-2418,1223,-294,-1405
2369,-1145,-1293,140,2455,2370,679,3287,-2440,1153,-370,-1473
2350,-1209,-1230,69,2406,2381,688,3282,-2459,1090,-443,-1532
2327,-1269,-1165,-2,2353,2387,700,3279,-2473,1041,-503,-1584
2294,-1326,-1092,-77,2287,2382,713,3275,-2486,999,-561,-1634
2289,-1354,-1072,-100,2274,2378,748,3290,-2482,990,-600,-1665
2304,-1367,-1086,-92,2296,2377,796,3315,-2463,995,-624,-1683
2313,-1379,-1090,-93,2307,2373,843,3333,-2446,998,-650,-1699
2321,-1374,-1107,-77,2325,2361,899,3348,-2426,1006,-671,-1702
2356,-1331,-1186,5,2401,2342,977,3373,-2390,1036,-676,-1685
2407,-1282,-1283,98,2499,2332,1056,3404,-2355,1063,-674,-1676
2433,-1268,-1316,124,2536,2332,1109,3414,-2345,1048,-692,-1697
2423,-1298,-1266,63,2493,2340,1133,3401,-2362,991,-734,-1740
2385,-1357,-1156,-60,2391,2353,1142,3374,-2393,921,-793,-1791
2359,-1400,-1071,-157,2313,2366,1163,3356,-2414,875,-846,-1830
2356,-1412,-1038,-200,2284,2377,1198,3358,-2419,855,-877,-1850
2344,-1419,-1001,-243,2246,2381,1225,3361,-2427,829,-898,-1871
2314,-1432,-939,-307,2180,2382,1238,3352,-2448,783,-921,-1902
2262,-1459,-840,-406,2074,2379,1236,3324,-2479,725,-959,-1942
2211,-1488,-740,-505,1969,2380,1232,3292,-2514,669,-1008,-1983
2171,-1502,-667,-577,1887,2380,1234,3262,-2545,623,-1056,-2018
2171,-1477,-674,-568,1887,2383,1258,3256,-2558,609,-1082,-2033
2170,-1450,-681,-558,1886,2385,1279,3247,-2577,588,-1109,-2053
2171,-1422,-694,-540,1891,2388,1298,3235,-2599,562,-1138,-2077
2176,-1383,-723,-503,1908,2385,1316,3225,-2618,538,-1163,-2099
2148,-1356,-710,-501,1877,2369,1322,3194,-2655,493,-1203,-2132
2107,-1335,-681,-512,1827,2346,1323,3149,-2704,437,-1249,-2166
2080,-1312,-670,-507,1799,2331,1331,3109,-2753,385,-1287,-2196
2063,-1307,-654,-516,1775,2332,1333,3074,-2802,327,-1321,-2235
2031,-1344,-587,-584,1708,2348,1318,3031,-2865,247,-1372,-2294
1999,-1389,-513,-661,1637,2367,1305,2987,-2922,181,-1426,-2352
2005,-1400,-513,-663,1642,2386,1320,2969,-2952,164,-1458,-2382
2052,-1370,-601,-578,1734,2402,1365,2978,-2952,191,-1460,-2388
2121,-1315,-737,-443,1874,2413,1424,3008,-2935,238,-1446,-2385
2170,-1275,-841,-337,1979,2418,1467,3025,-2931,256,-1446,-2398
2182,-1265,-880,-295,2017,2416,1488,3017,-2951,237,-1468,-2429
2186,-1260,-905,-264,2041,2408,1502,3000,-2977,209,-1499,-2457
2190,-1249,-938,-225,2071,2395,1515,2983,-3000,186,-1533,-2479
2211,-1233,-992,-168,2125,2387,1529,2971,-3019,171,-1560,-2494
2231,-1226,-1035,-125,2173,2383,1538,2957,-3044,153,-1581,-2510
2236,-1240,-1040,-122,2184,2381,1531,2930,-3083,112,-1607,-2541
2192,-1295,-955,-208,2102,2372,1493,2872,-3153,26,-1663,-2603
2152,-1354,-868,-298,2021,2368,1454,2816,-3227,-63,-1725,-2669
2112,-1420,-771,-400,1934,2367,1418,2763,-3299,-147,-1783,-2735
2065,-1495,-656,-522,1828,2368,1386,2708,-3371,-224,-1839,-2802
2040,-1547,-583,-602,1765,2369,1373,2672,-3426,-269,-1873,-2847
2026,-1580,-537,-653,1726,2365,1373,2648,-3471,-299,-1891,-2877
2004,-1613,-479,-714,1673,2357,1373,2620,-3515,-332,-1911,-2906
1983,-1632,-434,-758,1628,2342,1381,2589,-3552,-354,-1933,-2925
1987,-1611,-450,-736,1641,2319,1414,2574,-3562,-339,-1939,-2922
2006,-1575,-495,-687,1681,2298,1452,2566,-3567,-316,-1935,-2916
2002,-1559,-492,-683,1674,2278,1465,2539,-3593,-327,-1947,-2936
1968,-1574,-427,-744,1604,2261,1446,2485,-3648,-382,-1986,-2990
1913,-1610,-319,-847,1492,2247,1408,2413,-3720,-461,-2052,-3060
1878,-1629,-246,-916,1416,2238,1381,2352,-3781,-522,-2116,-3114
1881,-1620,-240,-924,1409,2238,1373,2315,-3819,-548,-2159,-3142
1886,-1610,-237,-926,1407,2242,1366,2288,-3851,-567,-2193,-3167
1876,-1610,-211,-951,1379,2244,1353,2258,-3888,-592,-2226,-3199
1844,-1619,-156,-1001,1317,2240,1334,2216,-3931,-621,-2262,-3236
1813,-1624,-108,-1042,1261,2235,1316,2176,-3967,-647,-2289,-3263
1794,-1611,-95,-1046,1237,2228,1311,2146,-3992,-657,-2309,-3275
1821,-1558,-170,-963,1303,2225,1330,2143,-3992,-634,-2316,-3265
1848,-1509,-243,-883,1368,2226,1347,2136,-3990,-616,-2332,-3256
1875,-1470,-312,-811,1431,2232,1363,2125,-3983,-598,-2347,-3242
1907,-1436,-382,-739,1498,2245,1381,2118,-3972,-577,-2348,-3218
1907,-1429,-398,-721,1509,2254,1382,2095,-3970,-576,-2356,-3206
1888,-1438,-381,-733,1486,2260,1373,2063,-3972,-584,-2369,-3203
1876,-1455,-366,-748,1470,2273,1369,2037,-3969,-586,-2376,-3199
1869,-1492,-337,-786,1448,2302,1359,2014,-3967,-600,-2381,-3203
1842,-1567,-252,-885,1377,2342,1327,1981,-3983,-644,-2400,-3228
1806,-1643,-156,-993,1292,2374,1295,1944,-4000,-688,-2424,-3255
1797,-1677,-131,-1024,1273,2394,1287,1929,-3998,-696,-2432,-3262
1826,-1656,-198,-959,1342,2402,1313,1941,-3968,-664,-2411,-3239
1882,-1604,-322,-836,1466,2405,1364,1975,-3919,-604,-2369,-3197
1927,-1564,-421,-738,1568,2407,1409,2003,-3875,-557,-2337,-3164
1946,-1554,-463,-700,1613,2410,1436,2011,-3847,-535,-2327,-3147
1964,-1549,-494,-673,1650,2415,1461,2015,-3820,-511,-2320,-3132
1985,-1537,-534,-637,1696,2416,1490,2021,-3791,-487,-2313,-3112
2021,-1517,-593,-585,1763,2420,1523,2033,-3761,-461,-2294,-3086
2057,-1502,-646,-541,1826,2426,1549,2040,-3738,-444,-2275,-3067
2086,-1503,-672,-528,1865,2435,1555,2029,-3734,-451,-2270,-3061
2066,-1537,-615,-591,1816,2433,1525,1979,-3767,-504,-2297,-3086
2045,-1559,-565,-645,1769,2422,1494,1928,-3808,-552,-2323,-3109
2023,-1575,-519,-692,1724,2404,1464,1880,-3844,-591,-2346,-3125
1995,-1588,-468,-741,1671,2381,1429,1826,-3882,-631,-2373,-3141
1997,-1575,-471,-738,1672,2361,1406,1787,-3909,-648,-2384,-3143
2015,-1545,-505,-703,1704,2340,1386,1756,-3926,-652,-2385,-3138
2025,-1514,-531,-672,1724,2313,1362,1721,-3945,-657,-2392,-3139
2038,-1474,-570,-627,1755,2284,1347,1688,-3956,-648,-2398,-3135
2080,-1405,-667,-523,1842,2254,1359,1675,-3940,-606,-2384,-3111
2134,-1333,-778,-407,1947,2233,1375,1675,-3917,-560,-2359,-3086
2161,-1299,-825,-359,1989,2220,1370,1662,-3910,-547,-2352,-3092
2158,-1315,-792,-397,1958,2222,1339,1628,-3928,-572,-2371,-3124
2133,-1362,-708,-489,1879,2233,1298,1583,-3959,-617,-2407,-3160
2125,-1394,-657,-547,1831,2246,1274,1558,-3976,-633,-2431,-3174
2149,-1396,-671,-541,1850,2263,1277,1564,-3966,-609,-2424,-3160
2176,-1393,-696,-522,1879,2281,1289,1583,-3944,-573,-2407,-3141
2193,-1398,-703,-519,1889,2298,1298,1602,-3921,-542,-2393,-3130
2181,-1417,-671,-551,1854,2309,1296,1608,-3905,-531,-2395,-3130
2161,-1440,-630,-590,1810,2318,1292,1611,-3894,-527,-2405,-3133
2147,-1456,-603,-614,1779,2327,1297,1618,-3881,-520,-2413,-3132
2166,-1440,-642,-572,1816,2341,1330,1648,-3847,-486,-2396,-3111
2175,-1435,-663,-549,1834,2355,1363,1673,-3817,-464,-2387,-3095
2174,-1445,-660,-551,1833,2374,1387,1691,-3794,-452,-2390,-3089
2176,-1465,-651,-563,1830,2402,1402,1701,-3775,-446,-2397,-3084
2144,-1509,-586,-629,1768,2425,1393,1686,-3777,-469,-2421,-3098
2091,-1568,-484,-728,1669,2442,1370,1655,-3794,-508,-2455,-3123
2038,-1623,-388,-822,1575,2458,1348,1624,-3813,-541,-2484,-3146
1983,-1684,-283,-926,1474,2476,1317,1592,-3836,-578,-2509,-3179
1901,-1773,-124,-1085,1320,2493,1259,1546,-3879,-640,-2549,-3237
1801,-1856,49,-1250,1145,2493,1195,1492,-3928,-705,-2604,-3304
1728,-1888,144,-1330,1041,2476,1151,1456,-3955,-737,-2649,-3352
1700,-1863,138,-1305,1034,2450,1140,1448,-3953,-725,-2673,-3371
1707,-1799,59,-1208,1098,2419,1152,1463,-3929,-687,-2679,-3370
1713,-1741,-12,-1120,1158,2389,1162,1479,-3903,-657,-2684,-3371
1699,-1706,-37,-1079,1172,2360,1164,1480,-3886,-649,-2701,-3385
1699,-1673,-75,-1033,1204,2338,1177,1485,-3862,-632,-2715,-3388
1726,-1634,-143,-964,1272,2329,1202,1502,-3827,-595,-2716,-3367
1782,-1587,-247,-866,1383,2329,1235,1532,-3784,-542,-2700,-3330
1838,-1540,-349,-771,1492,2329,1262,1562,-3743,-493,-2682,-3295
1882,-1509,-423,-705,1572,2328,1274,1583,-3711,-463,-2675,-3270
1878,-1519,-407,-727,1561,2321,1253,1578,-3710,-479,-2696,-3271
1867,-1535,-378,-762,1535,2312,1225,1568,-3721,-502,-2719,-3277
1856,-1555,-345,-803,1504,2304,1195,1553,-3739,-531,-2745,-3284
1838,-1586,-293,-863,1457,2298,1160,1533,-3764,-567,-2778,-3300
1847,-1602,-282,-886,1454,2299,1139,1529,-3777,-579,-2800,-3310
1874,-1611,-297,-888,1479,2308,1132,1536,-3779,-580,-2815,-3313
1898,-1632,-296,-908,1491,2323,1125,1541,-3784,-584,-2837,-3316
1927,-1645,-307,-914,1515,2338,1131,1548,-3784,-576,-2854,-3308
1992,-1627,-385,-854,1606,2356,1168,1578,-3756,-525,-2846,-3270
2079,-1597,-496,-766,1734,2384,1218,1628,-3711,-453,-2816,-3223
2144,-1592,-560,-724,1816,2415,1251,1667,-3677,-402,-2792,-3198
2175,-1622,-553,-753,1827,2448,1259,1686,-3662,-385,-2788,-3200
2181,-1673,-500,-826,1792,2482,1252,1689,-3661,-391,-2801,-3221
2194,-1706,-472,-869,1777,2510,1259,1699,-3652,-382,-2805,-3233
2234,-1702,-509,-844,1824,2533,1288,1733,-3623,-343,-2780,-3220
2271,-1693,-549,-812,1871,2552,1315,1770,-3591,-303,-2744,-3205
2294,-1689,-570,-796,1896,2568,1327,1799,-3567,-279,-2714,-3195
2290,-1697,-555,-810,1880,2576,1320,1812,-3555,-273,-2705,-3198
2281,-1708,-533,-829,1858,2583,1308,1823,-3547,-269,-2703,-3200
2281,-1712,-529,-830,1852,2593,1305,1838,-3532,-256,-2702,-3193
2317,-1688,-590,-770,1915,2609,1325,1875,-3495,-212,-2685,-3159
2342,-1675,-632,-727,1958,2626,1340,1908,-3457,-170,-2671,-3123
2351,-1674,-646,-710,1972,2641,1344,1934,-3425,-137,-2659,-3095
2358,-1681,-650,-706,1978,2661,1341,1957,-3400,-111,-2643,-3072
2330,-1720,-590,-764,1919,2679,1313,1956,-3396,-116,-2646,-3069
2282,-1780,-489,-863,1819,2697,1270,1939,-3409,-139,-2662,-3080
2238,-1839,-392,-959,1725,2717,1226,1922,-3426,-162,-2676,-3091
2197,-1906,-290,-1064,1630,2744,1181,1904,-3449,-193,-2689,-3107
2139,-1999,-146,-1214,1496,2775,1117,1873,-3493,-249,-2718,-3144
2069,-2085,4,-1365,1350,2795,1054,1831,-3543,-310,-2759,-3189
2028,-2125,82,-1438,1271,2802,1018,1809,-3574,-336,-2786,-3210
2033,-2110,60,-1408,1290,2802,1018,1819,-3574,-317,-2785,-3194
2073,-2062,-29,-1313,1378,2803,1045,1855,-3547,-265,-2756,-3154
2112,-2021,-108,-1230,1458,2807,1069,1891,-3515,-216,-2722,-3114
2124,-2006,-133,-1201,1484,2808,1076,1909,-3494,-183,-2703,-3091
2136,-1989,-158,-1171,1512,2809,1081,1925,-3474,-149,-2686,-3069
2159,-1954,-210,-1113,1564,2802,1089,1941,-3448,-113,-2668,-3041
2196,-1896,-300,-1015,1652,2789,1104,1965,-3415,-67,-2643,-3004
2234,-1827,-401,-902,1748,2767,1122,1993,-3380,-18,-2615,-2966
2261,-1768,-482,-810,1823,2743,1136,2018,-3353,16,-2593,-2938
2252,-1750,-486,-797,1823,2721,1130,2021,-3350,12,-2593,-2930
2248,-1737,-493,-786,1829,2705,1130,2030,-3347,11,-2585,-2921
2248,-1725,-502,-775,1838,2691,1135,2045,-3340,17,-2573,-2913
2241,-1724,-494,-783,1832,2679,1138,2056,-3334,21,-2566,-2918
2260,-1711,-527,-756,1870,2676,1160,2081,-3315,44,-2551,-2912
2299,-1687,-589,-702,1940,2679,1192,2117,-3287,76,-2531,-2893
2328,-1667,-640,-660,1995,2677,1221,2146,-3261,104,-2513,-2865
2351,-1641,-693,-612,2048,2667,1255,2173,-3232,143,-2491,-2827
2402,-1583,-804,-505,2157,2655,1312,2213,-3183,211,-2453,-2767
2474,-1520,-942,-377,2297,2654,1375,2260,-3132,283,-2406,-2703
2523,-1490,-1024,-307,2384,2659,1413,2286,-3104,318,-2377,-2665
2537,-1506,-1025,-324,2392,2672,1419,2284,-3103,310,-2374,-2660
2528,-1555,-971,-399,2348,2693,1403,2262,-3118,277,-2390,-2675
2532,-1596,-936,-456,2326,2718,1394,2246,-3126,260,-2400,-2686
2569,-1614,-958,-460,2361,2751,1400,2252,-3115,269,-2389,-2682
2610,-1635,-981,-464,2402,2790,1403,2259,-3101,277,-2380,-2682
2642,-1670,-978,-494,2419,2835,1389,2254,-3098,263,-2390,-2699
2647,-1720,-935,-561,2391,2872,1353,2230,-3111,223,-2430,-2730
2642,-1769,-881,-632,2349,2904,1310,2200,-3130,177,-2477,-2760
2637,-1804,-839,-686,2315,2928,1269,2173,-3150,139,-2515,-2782
2667,-1807,-866,-671,2351,2956,1251,2167,-3148,135,-2524,-2782
2698,-1811,-889,-659,2386,2987,1236,2160,-3143,133,-2531,-2787
2721,-1816,-904,-651,2409,3014,1223,2153,-3137,130,-2542,-2795
2746,-1811,-931,-628,2444,3037,1215,2153,-3129,136,-2545,-2791
2746,-1817,-921,-635,2437,3051,1201,2141,-3130,130,-2553,-2786
2732,-1827,-892,-656,2408,3058,1188,2123,-3138,118,-2564,-2784
2728,-1834,-878,-665,2397,3071,1185,2112,-3143,118,-2564,-2778
2729,-1856,-854,-690,2383,3096,1180,2108,-3149,118,-2559,-2771
2715,-1921,-773,-780,2320,3138,1153,2093,-3174,93,-2566,-2779
2688,-2001,-664,-898,2231,3180,1122,2068,-3206,64,-2579,-2789
2684,-2044,-616,-951,2197,3211,1118,2062,-3219,67,-2571,-2774
2714,-2037,-654,-913,2243,3229,1147,2085,-3204,113,-2535,-2730
2767,-1996,-749,-815,2343,3239,1202,2129,-3167,188,-2473,-2666
2813,-1962,-830,-731,2428,3247,1253,2169,-3131,255,-2411,-2609
2823,-1953,-849,-706,2449,3246,1286,2188,-3111,289,-2373,-2576
2826,-1949,-859,-691,2459,3241,1317,2204,-3092,319,-2351,-2545
2837,-1938,-882,-664,2483,3235,1351,2224,-3068,354,-2335,-2511
2871,-1915,-941,-605,2547,3235,1391,2253,-3037,398,-2307,-2470
2909,-1892,-1003,-545,2615,3236,1428,2279,-3007,436,-2274,-2431
2937,-1882,-1044,-510,2662,3238,1451,2297,-2989,458,-2241,-2401
2920,-1905,-1007,-550,2628,3230,1440,2286,-3003,437,-2238,-2400
2899,-1919,-973,-583,2593,3214,1422,2274,-3025,409,-2245,-2404
2875,-1921,-951,-601,2564,3188,1407,2266,-3047,382,-2255,-2410
2837,-1924,-913,-631,2515,3152,1387,2253,-3074,352,-2274,-2421
2822,-1906,-920,-619,2510,3118,1377,2253,-3087,347,-2280,-2418
2826,-1872,-960,-574,2540,3088,1374,2263,-3093,358,-2275,-2409
2825,-1846,-989,-543,2559,3060,1363,2264,-3107,361,-2279,-2408
2820,-1817,-1017,-511,2574,3029,1351,2261,-3121,368,-2292,-2409
2836,-1759,-1093,-428,2635,2994,1360,2275,-3114,407,-2296,-2391
2872,-1700,-1191,-329,2724,2974,1375,2300,-3097,445,-2294,-2370
2889,-1676,-1234,-291,2763,2966,1367,2309,-3099,444,-2299,-2368
2870,-1694,-1198,-334,2725,2964,1326,2290,-3129,404,-2318,-2389
2824,-1738,-1109,-430,2632,2963,1264,2252,-3179,342,-2351,-2425
2787,-1771,-1039,-505,2558,2964,1210,2217,-3225,294,-2381,-2456
2786,-1774,-1034,-515,2551,2970,1178,2201,-3255,273,-2389,-2467
2784,-1769,-1037,-514,2549,2972,1150,2185,-3287,251,-2391,-2476
2772,-1769,-1023,-528,2529,2974,1119,2161,-3332,213,-2395,-2493
2735,-1787,-965,-580,2463,2971,1079,2122,-3390,152,-2413,-2527
2687,-1813,-889,-650,2379,2968,1039,2074,-3449,88,-2441,-2574
2639,-1830,-821,-706,2299,2960,1006,2026,-3501,42,-2476,-2620
2622,-1814,-817,-698,2283,2952,1000,1999,-3528,34,-2495,-2642
2603,-1802,-806,-696,2263,2946,996,1970,-3551,26,-2512,-2655
2580,-1807,-774,-718,2226,2949,987,1936,-3575,12,-2528,-2663
2564,-1815,-746,-740,2198,2959,980,1907,-3595,4,-2534,-2665
2524,-1846,-671,-806,2123,2967,962,1867,-3625,-19,-2549,-2672
2471,-1889,-570,-899,2022,2974,939,1825,-3656,-48,-2572,-2684
2435,-1927,-492,-971,1949,2986,922,1792,-3677,-65,-2589,-2690
2413,-1965,-427,-1036,1894,3008,904,1770,-3694,-84,-2600,-2696
2379,-2029,-325,-1141,1807,3037,867,1743,-3721,-122,-2617,-2715
2338,-2090,-219,-1248,1713,3056,831,1712,-3749,-157,-2639,-2736
2333,-2106,-193,-1271,1697,3068,825,1704,-3753,-151,-2640,-2732
2376,-2066,-273,-1188,1783,3073,855,1733,-3720,-93,-2605,-2692
2449,-1988,-419,-1035,1933,3070,906,1784,-3665,-6,-2547,-2628
2520,-1910,-565,-883,2081,3062,951,1836,-3611,69,-2492,-2562
2557,-1857,-652,-788,2168,3047,976,1867,-3573,115,-2457,-2514
2592,-1806,-735,-697,2250,3028,999,1897,-3538,158,-2426,-2471
2636,-1751,-833,-595,2347,3011,1032,1932,-3499,206,-2397,-2428
2703,-1692,-959,-472,2478,3006,1073,1976,-3454,262,-2354,-2382
2780,-1641,-1088,-352,2617,3009,1119,2018,-3409,319,-2304,-2332
2841,-1606,-1188,-263,2725,3012,1154,2049,-3372,360,-2256,-2293
2849,-1611,-1196,-262,2737,3005,1159,2048,-3361,356,-2235,-2284
2847,-1627,-1186,-280,2728,2998,1155,2038,-3357,343,-2222,-2288
2844,-1650,-1169,-308,2714,2994,1149,2022,-3357,328,-2216,-2298
2827,-1684,-1128,-360,2674,2989,1133,1994,-3368,301,-2225,-2319
2827,-1707,-1116,-385,2664,2989,1122,1975,-3373,286,-2228,-2331
2844,-1724,-1125,-392,2679,2997,1113,1964,-3374,276,-2223,-2337
2851,-1750,-1118,-416,2675,3006,1098,1944,-3381,253,-2226,-2350
2848,-1765,-1109,-434,2664,3003,1083,1915,-3392,232,-2240,-2363
2864,-1741,-1158,-387,2702,2988,1090,1893,-3388,235,-2247,-2361
2897,-1698,-1240,-306,2773,2975,1107,1879,-3380,244,-2247,-2354
2907,-1684,-1270,-279,2794,2968,1104,1849,-3389,225,-2259,-2362
2877,-1711,-1215,-336,2731,2964,1070,1795,-3425,168,-2293,-2389
2815,-1759,-1105,-444,2609,2955,1017,1727,-3477,91,-2344,-2427
2761,-1793,-1015,-528,2507,2945,972,1668,-3525,31,-2393,-2459
2745,-1792,-996,-542,2477,2940,948,1634,-3556,3,-2421,-2472
2741,-1785,-996,-538,2469,2940,929,1607,-3582,-10,-2444,-2482
2737,-1783,-987,-543,2454,2945,905,1581,-3614,-29,-2471,-2500
2714,-1790,-951,-573,2409,2946,875,1548,-3653,-60,-2513,-2531
2690,-1794,-915,-599,2365,2945,848,1514,-3690,-87,-2555,-2565
2679,-1786,-905,-600,2347,2945,833,1490,-3715,-94,-2583,-2588
2709,-1737,-978,-517,2413,2946,846,1499,-3710,-60,-2579,-2590
2740,-1682,-1057,-426,2484,2943,863,1514,-3697,-28,-2571,-2589
2765,-1637,-1121,-351,2541,2942,880,1526,-3685,-7,-2563,-2585
2797,-1598,-1186,-278,2606,2950,898,1538,-3670,12,-2549,-2574
2798,-1586,-1196,-261,2615,2954,891,1527,-3672,6,-2550,-2576
2775,-1597,-1159,-290,2577,2956,862,1496,-3689,-25,-2564,-2590
2750,-1611,-1116,-325,2535,2958,827,1468,-3709,-56,-2577,-2606
2724,-1638,-1062,-376,2486,2967,786,1444,-3733,-89,-2591,-2628
2676,-1700,-950,-490,2385,2983,725,1413,-3775,-140,-2615,-2666
2610,-1772,-811,-629,2253,2991,659,1373,-3823,-197,-2648,-2709
2568,-1814,-727,-711,2176,2994,621,1353,-3852,-216,-2664,-2729
2572,-1812,-732,-707,2189,2996,621,1360,-3849,-187,-2649,-2716
2611,-1781,-802,-639,2269,3001,649,1387,-3827,-134,-2611,-2687
2647,-1753,-866,-580,2342,3004,672,1409,-3809,-91,-2575,-2661
2649,-1749,-870,-577,2353,2998,673,1408,-3813,-82,-2562,-2651
2645,-1746,-867,-580,2354,2988,669,1401,-3825,-80,-2559,-2641
2652,-1733,-885,-563,2377,2977,670,1394,-3833,-75,-2558,-2625
2684,-1705,-944,-510,2443,2971,678,1396,-3837,-66,-2550,-2608
2722,-1671,-1013,-446,2519,2965,689,1399,-3844,-61,-2542,-2598
2753,-1645,-1069,-396,2580,2958,694,1398,-3855,-66,-2539,-2593
2738,-1657,-1040,-428,2554,2945,669,1368,-3890,-105,-2562,-2612
2714,-1671,-1002,-468,2514,2926,639,1332,-3929,-147,-2590,-2636
2690,-1679,-972,-497,2479,2904,609,1298,-3969,-182,-2619,-2658
2652,-1688,-926,-537,2423,2872,572,1257,-4015,-223,-2655,-2679
2629,-1676,-919,-537,2402,2838,549,1230,-4050,-243,-2676,-2685
2624,-1650,-944,-505,2414,2807,534,1214,-4077,-245,-2686,-2685
2614,-1626,-962,-478,2417,2775,521,1198,-4100,-247,-2704,-2687
2606,-1594,-992,-437,2428,2741,519,1181,-4118,-243,-2725,-2682
2629,-1526,-1088,-328,2503,2705,550,1182,-4114,-209,-2727,-2649
2681,-1447,-1225,-183,2625,2683,594,1198,-4095,-158,-2706,-2603
2720,-1401,-1316,-88,2707,2676,620,1201,-4087,-130,-2691,-2577
2724,-1396,-1331,-72,2714,2675,623,1185,-4095,-136,-2698,-2577
2696,-1416,-1290,-109,2662,2671,609,1157,-4118,-163,-2721,-2595
2670,-1423,-1263,-127,2620,2662,603,1137,-4138,-181,-2738,-2610
2681,-1408,-1297,-89,2644,2664,616,1141,-4141,-176,-2733,-2609
2697,-1396,-1331,-52,2672,2673,634,1152,-4140,-171,-2724,-2606
2704,-1400,-1341,-41,2679,2689,644,1163,-4144,-175,-2720,-2609
2682,-1425,-1301,-77,2632,2699,637,1159,-4162,-196,-2730,-2623
2650,-1452,-1247,-124,2570,2705,623,1150,-4183,-218,-2744,-2642
2624,-1468,-1209,-153,2525,2709,613,1141,-4203,-227,-2758,-2661
2637,-1450,-1245,-111,2555,2717,626,1156,-4202,-201,-2754,-2663
2654,-1427,-1286,-63,2592,2725,639,1174,-4201,-173,-2751,-2666
2660,-1409,-1312,-30,2613,2729,644,1183,-4211,-160,-2759,-2674
2672,-1388,-1344,10,2644,2734,642,1189,-4222,-156,-2764,-2675
2656,-1389,-1326,-1,2622,2735,620,1171,-4247,-181,-2781,-2684
2615,-1405,-1266,-49,2558,2727,583,1137,-4288,-222,-2810,-2707
2575,-1415,-1211,-92,2497,2716,547,1103,-4327,-258,-2835,-2731
2536,-1429,-1153,-141,2437,2706,508,1072,-4367,-302,-2857,-2759
2475,-1470,-1045,-242,2328,2697,451,1032,-4422,-370,-2888,-2802
2398,-1517,-915,-362,2196,2681,389,989,-4480,-445,-2930,-2845
2356,-1522,-860,-408,2136,2658,356,967,-4516,-481,-2956,-2863
2368,-1475,-912,-347,2184,2634,359,977,-4519,-465,-2953,-2844
2423,-1396,-1038,-216,2309,2614,389,1014,-4494,-408,-2924,-2799
2483,-1322,-1164,-89,2439,2601,424,1056,-4463,-349,-2888,-2749
2511,-1281,-1226,-28,2503,2586,444,1078,-4446,-314,-2866,-2713
2537,-1251,-1276,19,2560,2575,465,1096,-4429,-284,-2847,-2680
2570,-1219,-1335,72,2625,2566,490,1118,-4405,-254,-2830,-2647
2621,-1176,-1425,155,2724,2559,524,1149,-4373,-211,-2805,-2610
2673,-1130,-1519,242,2825,2550,558,1182,-4343,-171,-2777,-2577
2713,-1102,-1585,300,2899,2543,584,1205,-4322,-151,-2753,-2557
2705,-1120,-1559,267,2880,2535,585,1196,-4327,-168,-2755,-2561
2684,-1152,-1507,207,2833,2526,578,1180,-4341,-194,-2764,-2568
2656,-1188,-1447,142,2777,2516,569,1163,-4356,-221,-2773,-2577
2609,-1235,-1357,50,2686,2501,551,1138,-4380,-263,-2797,-2597
2578,-1264,-1301,-6,2629,2486,541,1119,-4399,-295,-2815,-2616
2563,-1277,-1280,-27,2605,2471,538,1107,-4413,-318,-2825,-2629
2541,-1292,-1249,-56,2568,2454,530,1086,-4434,-345,-2844,-2649
2515,-1303,-1218,-81,2528,2435,525,1059,-4456,-366,-2871,-2674
2514,-1287,-1240,-52,2538,2416,544,1044,-4458,-357,-2888,-2680
2535,-1262,-1291,4,2582,2408,571,1042,-4452,-333,-2890,-2668
2534,-1267,-1290,3,2576,2410,575,1024,-4465,-334,-2899,-2666
2493,-1312,-1206,-78,2487,2413,544,982,-4507,-376,-2929,-2688
2422,-1384,-1067,-214,2341,2418,493,922,-4569,-441,-2979,-2728
2357,-1449,-938,-339,2204,2424,443,867,-4630,-493,-3031,-2764
2332,-1485,-877,-400,2140,2441,411,836,-4671,-511,-3063,-2782
2316,-1520,-827,-453,2089,2466,377,813,-4710,-526,-3088,-2798
2300,-1563,-767,-517,2031,2497,335,787,-4753,-546,-3114,-2822
2269,-1618,-680,-608,1946,2529,285,751,-4803,-576,-3146,-2858
2233,-1664,-594,-693,1859,2553,238,713,-4850,-600,-3174,-2895
2203,-1687,-538,-743,1797,2567,203,681,-4886,-606,-3188,-2920
2212,-1664,-566,-709,1817,2578,199,673,-4895,-576,-3173,-2914
2226,-1631,-606,-661,1849,2586,202,668,-4899,-541,-3149,-2898
2236,-1608,-632,-628,1870,2597,203,659,-4906,-512,-3128,-2888
2258,-1582,-671,-588,1909,2614,206,652,-4915,-482,-3103,-2881
2258,-1576,-669,-588,1907,2629,198,628,-4934,-475,-3093,-2889
2236,-1585,-631,-623,1868,2638,180,588,-4965,-489,-3099,-2906
2221,-1590,-603,-650,1841,2646,166,550,-4995,-504,-3105,-2917
2211,-1599,-577,-678,1820,2658,153,516,-5025,-521,-3109,-2930
2183,-1636,-504,-756,1757,2672,122,472,-5070,-556,-3125,-2960
2138,-1681,-408,-855,1670,2679,82,420,-5122,-594,-3153,-2994
2116,-1692,-371,-891,1637,2674,61,385,-5155,-605,-3167,-3002
2136,-1652,-428,-830,1696,2661,72,385,-5162,-573,-3154,-2977
2186,-1581,-547,-707,1817,2644,109,408,-5148,-515,-3122,-2932
2237,-1518,-661,-591,1937,2629,150,432,-5128,-463,-3088,-2889
2253,-1488,-706,-543,1986,2611,169,435,-5122,-441,-3078,-2869
2261,-1468,-734,-511,2020,2590,182,433,-5121,-427,-3078,-2859
2278,-1439,-781,-461,2070,2568,199,436,-5115,-401,-3076,-2845
2315,-1396,-863,-377,2157,2547,222,451,-5101,-357,-3063,-2827
2355,-1346,-956,-281,2252,2521,246,471,-5084,-307,-3043,-2807
2382,-1306,-1027,-204,2323,2493,262,492,-5068,-268,-3019,-2786
2368,-1308,-1016,-209,2310,2463,251,494,-5076,-269,-3014,-2785
2345,-1322,-987,-234,2279,2436,232,493,-5091,-279,-3016,-2789
2321,-1332,-960,-254,2247,2405,214,493,-5104,-286,-3018,-2791
2279,-1350,-908,-295,2184,2368,194,483,-5124,-300,-3030,-2797
2250,-1348,-890,-301,2152,2328,190,482,-5137,-295,-3031,-2792
2240,-1336,-900,-281,2149,2295,202,494,-5137,-273,-3017,-2778
2223,-1332,-897,-274,2133,2265,217,504,-5137,-255,-3003,-2770
2197,-1326,-885,-273,2102,2231,240,514,-5132,-235,-2996,-2764
2190,-1288,-923,-218,2116,2191,290,540,-5103,-192,-2977,-2738
2211,-1238,-1000,-131,2172,2164,349,582,-5065,-148,-2948,-2699
2219,-1219,-1032,-94,2190,2153,382,605,-5049,-146,-2935,-2683
2197,-1248,-984,-143,2134,2157,382,593,-5064,-190,-2950,-2702
2154,-1311,-879,-255,2025,2174,359,556,-5098,-257,-2986,-2743
2119,-1367,-788,-353,1930,2194,340,521,-5130,-308,-3023,-2776
2121,-1388,-768,-381,1908,2219,339,506,-5145,-328,-3042,-2783
2128,-1392,-769,-385,1904,2240,338,496,-5155,-344,-3054,-2784
2124,-1398,-755,-400,1883,2256,327,479,-5171,-370,-3066,-2788
2090,-1417,-697,-454,1812,2263,303,446,-5198,-418,-3090,-2802
2042,-1442,-617,-527,1721,2268,273,409,-5230,-471,-3123,-2823
1994,-1460,-544,-592,1633,2268,240,373,-5261,-517,-3162,-2847
1983,-1443,-541,-587,1619,2273,231,360,-5273,-527,-3178,-2852
1977,-1426,-543,-579,1614,2280,224,348,-5283,-534,-3187,-2851
1959,-1418,-523,-592,1586,2284,208,331,-5302,-550,-3197,-2854
1945,-1409,-507,-603,1566,2291,189,319,-5323,-568,-3202,-2855
1911,-1427,-445,-660,1504,2300,153,292,-5359,-608,-3219,-2870
1859,-1461,-349,-753,1408,2306,105,253,-5403,-662,-3246,-2897
1811,-1491,-263,-836,1322,2310,64,219,-5442,-710,-3268,-2922
1766,-1519,-182,-915,1244,2313,24,197,-5477,-749,-3283,-2948
1703,-1571,-60,-1036,1126,2316,-35,170,-5523,-804,-3309,-2990
1623,-1627,82,-1172,986,2306,-100,133,-5577,-872,-3351,-3039
1566,-1646,162,-1242,903,2284,-143,115,-5615,-909,-3380,-3067
1552,-1615,147,-1215,911,2254,-148,130,-5625,-899,-3379,-3063
1574,-1549,59,-1115,994,2222,-122,172,-5609,-853,-3351,-3032
1605,-1487,-35,-1012,1086,2194,-87,224,-5586,-802,-3318,-2996
1610,-1455,-76,-965,1126,2167,-68,259,-5575,-778,-3305,-2976
1616,-1427,-115,-921,1165,2141,-47,290,-5564,-758,-3298,-2956
1633,-1387,-178,-853,1226,2111,-17,326,-5543,-719,-3281,-2924
1677,-1328,-288,-738,1337,2085,26,377,-5507,-658,-3238,-2873
1730,-1264,-415,-609,1464,2059,70,429,-5465,-594,-3179,-2818
1775,-1211,-523,-499,1573,2035,108,474,-5428,-542,-3118,-2771
1772,-1202,-542,-475,1589,2008,116,486,-5419,-535,-3088,-2754
1752,-1207,-529,-482,1572,1978,110,479,-5427,-545,-3075,-2749
1730,-1213,-516,-489,1552,1948,100,465,-5438,-557,-3064,-2741
1687,-1226,-474,-519,1498,1909,82,439,-5455,-575,-3060,-2744
1655,-1216,-466,-510,1473,1864,76,425,-5460,-572,-3047,-2738
1641,-1188,-493,-465,1481,1820,84,426,-5450,-552,-3023,-2720
1617,-1163,-507,-431,1472,1774,89,427,-5440,-535,-3003,-2701
1584,-1137,-509,-404,1449,1724,94,426,-5430,-521,-2990,-2683
1567,-1087,-552,-334,1463,1670,120,438,-5405,-491,-2971,-2654
1571,-1030,-619,-245,1504,1630,154,463,-5375,-455,-2946,-2623
1554,-1012,-624,-222,1490,1604,167,472,-5367,-458,-2940,-2617
1496,-1043,-536,-296,1385,1586,151,452,-5389,-505,-2966,-2640
1401,-1099,-384,-431,1211,1564,113,409,-5433,-577,-3010,-2677
1304,-1142,-240,-552,1042,1534,77,365,-5472,-634,-3050,-2708
1249,-1147,-174,-597,951,1510,63,345,-5486,-653,-3064,-2712
1209,-1138,-135,-616,889,1488,53,333,-5492,-663,-3070,-2710
1173,-1128,-99,-633,831,1470,36,319,-5500,-678,-3076,-2714
1123,-1135,-32,-684,744,1456,11,296,-5517,-706,-3097,-2728
1074,-1147,41,-742,654,1447,-12,274,-5532,-735,-3131,-2742
1039,-1150,92,-781,589,1442,-27,260,-5538,-752,-3170,-2750
1041,-1113,66,-744,601,1435,-18,267,-5520,-732,-3186,-2732
1051,-1064,21,-688,631,1425,-3,278,-5494,-708,-3194,-2707
1051,-1021,-9,-645,647,1413,5,284,-5472,-695,-3207,-2687
1065,-975,-55,-591,684,1408,17,297,-5444,-678,-3210,-2663
1065,-953,-64,-579,688,1408,20,298,-5431,-675,-3213,-2650
1046,-949,-38,-602,660,1405,19,288,-5427,-679,-3213,-2647
1035,-936,-30,-607,648,1400,23,283,-5423,-677,-3198,-2642
1029,-920,-34,-602,650,1394,26,285,-5417,-676,-3176,-2640
1004,-933,8,-646,610,1392,9,282,-5426,-695,-3161,-2656
960,-960,83,-721,537,1384,-14,274,-5440,-717,-3159,-2680
942,-958,98,-737,522,1373,-13,279,-5437,-706,-3145,-2682
971,-910,18,-657,602,1359,19,311,-5405,-653,-3102,-2650
1034,-833,-129,-512,751,1347,71,363,-5351,-577,-3037,-2594
1100,-759,-277,-368,902,1336,117,414,-5300,-515,-2975,-2542
1127,-715,-358,-287,983,1316,139,441,-5271,-493,-2942,-2514
1144,-674,-427,-215,1050,1290,156,458,-5253,-484,-2923,-2493
1161,-627,-504,-133,1121,1259,178,475,-5232,-471,-2902,-2469
1189,-571,-602,-29,1214,1227,206,503,-5203,-443,-2874,-2437
1218,-519,-696,69,1304,1198,237,535,-5170,-414,-2842,-2404
1226,-487,-750,130,1354,1167,258,561,-5142,-398,-2813,-2380
1183,-500,-709,99,1305,1131,251,563,-5139,-427,-2810,-2386
1123,-529,-634,34,1221,1094,235,555,-5151,-474,-2822,-2406
1065,-559,-557,-31,1136,1060,224,549,-5163,-517,-2837,-2428
992,-600,-455,-120,1025,1024,206,533,-5186,-567,-2864,-2456
936,-621,-388,-171,946,987,195,524,-5203,-601,-2888,-2473
905,-622,-364,-180,910,953,192,524,-5210,-619,-2898,-2478
875,-624,-337,-191,873,925,186,516,-5220,-638,-2908,-2485
845,-625,-309,-203,833,896,179,503,-5229,-651,-2919,-2495
837,-596,-330,-163,839,865,199,502,-5218,-628,-2920,-2488
855,-555,-387,-90,884,845,235,517,-5191,-587,-2910,-2469
859,-540,-399,-67,889,835,257,523,-5177,-566,-2910,-2462
827,-569,-330,-127,815,834,249,507,-5186,-581,-2928,-2478
767,-628,-200,-250,679,835,219,475,-5208,-616,-2962,-2514
707,-688,-67,-375,542,839,189,444,-5224,-644,-2997,-2553
685,-717,-2,-436,474,850,179,439,-5218,-638,-3009,-2573
677,-736,41,-477,429,866,173,442,-5206,-627,-3017,-2583
667,-758,89,-525,381,884,159,443,-5197,-628,-3026,-2593
639,-792,167,-601,300,899,134,434,-5195,-641,-3046,-2609
603,-827,252,-683,210,910,107,420,-5196,-653,-3072,-2624
574,-844,312,-738,143,916,86,410,-5193,-657,-3095,-2631
579,-816,292,-711,152,916,90,423,-5167,-631,-3095,-2616
588,-773,252,-661,178,908,100,443,-5134,-599,-3089,-2592
585,-737,229,-629,187,897,106,455,-5105,-574,-3085,-2572
593,-703,196,-590,210,893,117,469,-5074,-544,-3068,-2548
586,-695,202,-596,200,897,114,469,-5055,-534,-3062,-2539
561,-711,247,-644,152,905,95,453,-5050,-541,-3073,-2547
544,-726,281,-685,119,915,75,437,-5047,-550,-3083,-2557
537,-741,303,-717,101,930,55,424,-5043,-560,-3087,-2567
512,-782,367,-793,45,949,18,400,-5053,-593,-3103,-2595
461,-832,462,-895,-48,954,-28,363,-5076,-638,-3132,-2632
425,-849,507,-942,-96,946,-54,337,-5086,-650,-3144,-2648
428,-808,455,-884,-53,923,-46,337,-5068,-614,-3128,-2637
458,-724,329,-747,59,888,-13,356,-5026,-552,-3096,-2607
494,-631,187,-593,186,848,22,380,-4979,-496,-3056,-2576
502,-567,101,-495,257,808,37,384,-4948,-469,-3032,-2560
511,-517,28,-414,320,775,54,387,-4915,-446,-3011,-2542
531,-468,-54,-326,397,749,83,404,-4871,-408,-2984,-2514
575,-418,-163,-218,508,736,125,439,-4812,-353,-2944,-2470
633,-375,-279,-110,633,736,171,483,-4749,-288,-2896,-2418
691,-353,-372,-30,740,748,208,523,-4693,-234,-2850,-2371
705,-374,-379,-34,763,759,215,532,-4666,-225,-2832,-2357
704,-409,-356,-67,753,768,211,525,-4655,-235,-2832,-2361
705,-440,-339,-93,747,776,206,514,-4650,-248,-2838,-2365
690,-481,-294,-142,711,780,192,494,-4654,-272,-2855,-2374
686,-504,-277,-161,699,779,184,480,-4653,-283,-2864,-2372
693,-507,-288,-148,712,773,184,479,-4644,-274,-2858,-2359
691,-513,-285,-146,707,763,181,473,-4636,-266,-2851,-2353
679,-520,-269,-154,686,749,177,456,-4630,-260,-2852,-2358
685,-494,-299,-110,706,727,191,446,-4609,-231,-2846,-2348
709,-447,-367,-28,761,704,215,453,-4577,-187,-2829,-2326
714,-423,-388,7,772,686,221,449,-4557,-165,-2824,-2318
683,-439,-331,-39,704,673,199,420,-4563,-182,-2840,-2335
626,-480,-220,-138,583,660,160,372,-4587,-225,-2868,-2364
575,-510,-124,-221,474,647,129,329,-4609,-256,-2895,-2387
567,-503,-108,-227,448,639,125,314,-4609,-252,-2899,-2391
579,-483,-123,-205,455,638,131,310,-4595,-236,-2888,-2385
594,-467,-138,-187,464,643,135,311,-4577,-220,-2871,-2379
590,-464,-121,-200,439,645,129,301,-4563,-220,-2864,-2381
578,-463,-94,-222,404,645,120,287,-4553,-230,-2865,-2388
569,-453,-83,-228,382,641,112,278,-4541,-241,-2871,-2391
598,-407,-144,-163,435,639,127,292,-4510,-223,-2857,-2368
638,-365,-217,-93,504,648,147,311,-4475,-201,-2840,-2340
670,-345,-261,-58,549,666,161,321,-4450,-194,-2835,-2327
709,-333,-307,-26,604,693,178,336,-4426,-186,-2835,-2321
727,-350,-305,-46,613,726,183,335,-4415,-192,-2851,-2333
721,-394,-254,-118,575,760,177,316,-4420,-219,-2882,-2357
716,-443,-201,-192,540,797,173,297,-4426,-247,-2909,-2376
719,-496,-155,-264,515,840,169,287,-4432,-276,-2925,-2396
704,-572,-69,-379,454,887,140,269,-4455,-330,-2944,-2436
662,-652,45,-513,357,916,93,241,-4490,-397,-2971,-2486
635,-690,104,-584,308,927,62,226,-4511,-434,-2983,-2513
645,-671,67,-550,350,923,63,235,-4504,-427,-2968,-2504
689,-608,-47,-437,465,912,87,268,-4472,-384,-2929,-2469
737,-535,-175,-307,594,896,114,307,-4432,-338,-2879,-2431
751,-489,-242,-234,658,873,126,327,-4408,-318,-2849,-2411
755,-446,-293,-174,706,846,138,340,-4388,-305,-2827,-2396
760,-393,-356,-98,761,810,156,355,-4364,-284,-2807,-2372
784,-322,-456,15,852,773,180,378,-4333,-250,-2776,-2337
812,-240,-568,145,953,731,204,406,-4299,-219,-2742,-2300
831,-168,-663,258,1036,688,224,435,-4267,-199,-2709,-2270
813,-138,-677,291,1039,647,218,440,-4260,-220,-2696,-2265
780,-136,-649,278,1003,615,198,435,-4265,-253,-2692,-2275
757,-148,-615,253,967,598,174,430,-4272,-283,-2687,-2284
718,-187,-539,183,891,588,139,413,-4292,-326,-2695,-2298
687,-226,-471,120,824,583,113,401,-4312,-361,-2702,-2302
666,-257,-420,75,774,580,99,400,-4330,-382,-2702,-2298
635,-298,-347,8,701,577,83,396,-4352,-406,-2711,-2307
599,-343,-266,-65,618,574,67,384,-4379,-426,-2729,-2325
589,-359,-239,-84,586,571,71,380,-4389,-418,-2736,-2328
611,-356,-260,-57,607,577,88,390,-4383,-395,-2726,-2318
620,-374,-246,-68,595,591,89,386,-4389,-398,-2722,-2323
594,-430,-159,-154,510,608,62,356,-4419,-438,-2738,-2356
541,-513,-16,-295,369,626,15,310,-4464,-501,-2771,-2406
490,-591,120,-429,234,644,-30,267,-4507,-552,-2807,-2452
478,-633,180,-490,175,665,-49,250,-4524,-564,-2819,-2477
478,-662,216,-527,143,687,-57,244,-4527,-564,-2823,-2493
477,-689,249,-562,111,708,-67,240,-4530,-568,-2827,-2515
454,-721,310,-620,47,719,-87,226,-4537,-587,-2844,-2551
423,-752,373,-680,-23,724,-105,211,-4542,-606,-2870,-2595
401,-767,412,-715,-69,726,-111,207,-4537,-608,-2892,-2630
419,-740,367,-667,-31,728,-84,231,-4502,-568,-2888,-2630
453,-696,287,-586,42,730,-44,267,-4456,-514,-2872,-2607
472,-657,226,-522,95,726,-14,298,-4413,-474,-2856,-2577
498,-617,156,-453,159,726,14,333,-4369,-436,-2828,-2540
504,-604,130,-432,184,731,26,352,-4341,-421,-2809,-2515
485,-614,152,-460,161,735,18,354,-4331,-429,-2806,-2505
465,-625,173,-489,139,739,3,354,-4328,-446,-2806,-2497
447,-635,193,-517,121,744,-18,353,-4330,-468,-2805,-2489
408,-670,255,-590,62,750,-57,341,-4349,-519,-2817,-2504
348,-716,351,-693,-32,749,-102,317,-4378,-583,-2842,-2535
306,-733,397,-744,-80,740,-123,307,-4392,-615,-2857,-2547
309,-705,354,-704,-38,729,-110,324,-4381,-599,-2843,-2523
348,-641,241,-593,74,717,-71,362,-4347,-548,-2804,-2473
397,-575,116,-473,201,709,-28,404,-4310,-497,-2757,-2421
412,-544,62,-422,257,701,-7,423,-4294,-480,-2735,-2391
420,-529,32,-398,292,697,0,434,-4283,-472,-2722,-2369
438,-517,-3,-371,335,701,8,447,-4270,-457,-2711,-2344
485,-494,-75,-311,421,715,31,471,-4245,-428,-2685,-2309
547,-464,-169,-231,531,733,62,502,-4214,-390,-2646,-2266
608,-442,-252,-161,630,754,90,530,-4185,-361,-2608,-2232
637,-458,-263,-165,660,779,93,535,-4179,-362,-2592,-2224
657,-491,-246,-197,662,806,87,534,-4181,-373,-2586,-2226
686,-515,-247,-209,681,833,88,538,-4177,-375,-2573,-2216
699,-537,-232,-229,678,847,84,536,-4174,-383,-2566,-2209
723,-532,-254,-205,705,850,95,545,-4160,-369,-2548,-2190
776,-502,-327,-131,784,856,121,573,-4126,-329,-2513,-2155
831,-472,-403,-52,866,862,146,604,-4086,-287,-2478,-2113
882,-439,-475,26,940,863,169,635,-4039,-238,-2446,-2063
953,-376,-598,157,1061,859,215,682,-3970,-156,-2400,-1992
1053,-296,-767,332,1233,863,277,746,-3884,-51,-2333,-1906
1142,-245,-896,459,1369,879,326,800,-3812,30,-2273,-1838
1192,-243,-938,495,1422,904,348,831,-3768,68,-2233,-1802
1214,-277,-918,465,1413,934,356,844,-3746,76,-2210,-1788
1225,-316,-883,421,1390,962,366,851,-3729,82,-2193,-1778
1268,-332,-904,427,1423,997,394,876,-3699,112,-2158,-1756
1316,-351,-930,435,1466,1039,424,900,-3667,144,-2119,-1732
1354,-384,-932,415,1486,1085,442,911,-3648,160,-2090,-1721
1361,-439,-884,346,1453,1127,439,899,-3649,143,-2082,-1725
1352,-509,-806,246,1390,1169,422,871,-3664,110,-2089,-1736
1339,-575,-729,148,1326,1207,402,841,-3682,73,-2105,-1750
1355,-612,-711,107,1322,1247,398,829,-3683,63,-2106,-1752
1378,-641,-708,80,1334,1287,397,819,-3679,59,-2103,-1754
1381,-678,-679,28,1315,1320,383,797,-3683,43,-2108,-1770
1387,-706,-659,-11,1306,1350,363,776,-3687,28,-2112,-1787
1374,-748,-609,-82,1266,1377,326,741,-3704,-7,-2127,-1815
1335,-805,-517,-190,1181,1398,276,692,-3731,-53,-2156,-1855
1297,-854,-435,-287,1105,1414,234,651,-3753,-91,-2182,-1894
1268,-896,-369,-367,1046,1430,198,625,-3766,-119,-2203,-1931
1226,-955,-272,-480,959,1450,150,599,-3788,-165,-2235,-1982
1172,-1021,-155,-611,851,1466,95,569,-3815,-227,-2286,-2043
1146,-1056,-97,-679,803,1479,68,556,-3821,-255,-2327,-2086
1171,-1040,-143,-644,858,1491,82,577,-3792,-224,-2331,-2092
1241,-985,-271,-527,999,1507,133,628,-3732,-144,-2300,-2066
1329,-923,-423,-387,1168,1529,197,690,-3660,-53,-2258,-2029
1391,-892,-517,-306,1280,1553,247,735,-3604,7,-2232,-2007
1438,-867,-591,-240,1368,1569,289,775,-3553,57,-2212,-1985
1484,-830,-675,-158,1463,1576,337,821,-3495,116,-2187,-1952
1548,-777,-793,-40,1592,1583,395,880,-3426,190,-2145,-1906
1622,-715,-930,98,1739,1587,453,944,-3356,262,-2092,-1858
1686,-656,-1053,226,1870,1587,500,1004,-3295,321,-2033,-1814
1706,-633,-1098,280,1918,1579,518,1039,-3263,339,-1995,-1796
1704,-628,-1103,296,1925,1569,523,1059,-3247,337,-1975,-1792
1710,-629,-1111,311,1937,1566,530,1079,-3234,338,-1958,-1781
1700,-647,-1085,292,1915,1565,529,1090,-3231,331,-1952,-1767
1698,-657,-1076,290,1908,1562,537,1109,-3225,334,-1944,-1742
1715,-652,-1100,319,1935,1563,557,1139,-3211,351,-1922,-1712
1727,-653,-1113,337,1950,1565,572,1157,-3201,365,-1898,-1688
1727,-652,-1114,346,1948,1558,580,1161,-3198,376,-1881,-1665
1746,-627,-1159,399,1986,1549,603,1174,-3178,412,-1857,-1623
1795,-586,-1247,491,2071,1549,641,1201,-3146,464,-1820,-1570
1832,-570,-1297,538,2122,1559,668,1219,-3132,487,-1796,-1533
1831,-591,-1270,508,2094,1570,669,1211,-3148,466,-1794,-1525
1800,-638,-1186,420,2009,1579,649,1181,-3186,418,-1813,-1539
1768,-683,-1103,333,1922,1587,629,1149,-3224,376,-1835,-1553
1778,-693,-1095,319,1913,1600,632,1142,-3239,368,-1835,-1549
1804,-685,-1122,337,1938,1614,642,1147,-3243,370,-1831,-1543
1829,-678,-1146,353,1960,1627,645,1148,-3246,366,-1834,-1542
1831,-679,-1139,342,1947,1633,632,1135,-3258,351,-1842,-1545
1824,-680,-1124,325,1923,1633,609,1116,-3275,335,-1842,-1545
1821,-672,-1124,324,1914,1630,582,1099,-3286,330,-1830,-1537
1856,-630,-1194,392,1977,1631,572,1105,-3271,364,-1792,-1508
1905,-580,-1288,482,2067,1635,567,1118,-3246,406,-1749,-1475
1941,-547,-1355,542,2132,1644,549,1123,-3228,432,-1715,-1449
1986,-518,-1426,602,2207,1661,530,1129,-3210,457,-1678,-1423
2013,-517,-1453,615,2242,1685,499,1119,-3201,463,-1649,-1408
2014,-541,-1431,580,2230,1708,457,1093,-3206,448,-1639,-1405
2016,-569,-1407,540,2218,1734,417,1066,-3210,432,-1635,-1404
2024,-606,-1382,495,2211,1770,377,1045,-3214,417,-1629,-1407
2014,-675,-1308,397,2161,1815,318,1017,-3232,383,-1631,-1429
1978,-765,-1187,254,2064,1855,249,975,-3258,338,-1645,-1459
1954,-826,-1107,158,2003,1884,203,945,-3269,321,-1647,-1466
1966,-835,-1118,159,2028,1900,190,946,-3250,347,-1626,-1447
2008,-801,-1200,236,2121,1908,202,971,-3207,410,-1585,-1410
2059,-761,-1298,328,2231,1917,220,1004,-3157,477,-1543,-1373
2085,-753,-1338,360,2285,1929,222,1018,-3121,514,-1527,-1359
2105,-749,-1367,382,2328,1940,222,1023,-3091,544,-1522,-1349
2126,-729,-1414,427,2383,1940,230,1030,-3057,583,-1513,-1331
2165,-687,-1500,513,2474,1935,247,1050,-3012,637,-1489,-1304
2213,-640,-1599,611,2580,1933,263,1069,-2965,691,-1458,-1271
2256,-601,-1684,695,2671,1932,267,1078,-2924,732,-1429,-1243
2263,-600,-1695,705,2687,1931,236,1060,-2910,731,-1424,-1239
2244,-615,-1665,676,2657,1923,184,1022,-2919,705,-1438,-1251
2229,-624,-1643,659,2633,1912,127,983,-2933,681,-1450,-1266
2199,-637,-1601,625,2584,1895,61,934,-2957,640,-1476,-1291
2184,-634,-1590,624,2565,1876,3,898,-2975,611,-1498,-1308
2198,-615,-1624,663,2593,1866,-38,885,-2978,609,-1505,-1309
2215,-600,-1655,698,2620,1861,-76,871,-2976,614,-1509,-1306
2231,-589,-1679,725,2641,1858,-111,853,-2975,623,-1519,-1299
2268,-558,-1745,794,2702,1856,-122,846,-2956,659,-1518,-1270
2334,-511,-1855,903,2813,1864,-114,856,-2919,716,-1495,-1227
2386,-489,-1925,968,2887,1880,-122,855,-2897,747,-1477,-1200
2397,-508,-1910,949,2876,1897,-160,830,-2906,730,-1481,-1207
2368,-554,-1830,868,2796,1906,-224,785,-2940,676,-1508,-1239
2326,-596,-1740,782,2701,1904,-294,739,-2980,622,-1543,-1276
2324,-603,-1725,770,2683,1906,-343,721,-2999,598,-1557,-1297
2340,-601,-1736,781,2695,1915,-388,714,-3010,579,-1560,-1315
2355,-609,-1738,779,2701,1930,-435,708,-3023,554,-1558,-1336
2349,-637,-1700,736,2667,1946,-493,689,-3048,514,-1567,-1374
2337,-674,-1648,677,2621,1965,-547,669,-3073,476,-1588,-1426
2335,-707,-1609,631,2592,1988,-587,656,-3089,452,-1611,-1472
2370,-713,-1636,646,2632,2017,-593,668,-3081,463,-1614,-1488
2420,-707,-1691,687,2701,2049,-583,691,-3059,489,-1602,-1484
2450,-711,-1717,703,2740,2075,-579,707,-3043,506,-1592,-1478
2480,-705,-1752,732,2785,2094,-574,728,-3026,527,-1573,-1460
2482,-706,-1754,733,2789,2099,-584,735,-3024,528,-1563,-1452
2448,-716,-1712,698,2741,2086,-612,721,-3041,504,-1575,-1460
2411,-718,-1674,672,2695,2066,-642,702,-3065,470,-1597,-1469
2379,-720,-1643,650,2657,2049,-668,687,-3089,431,-1618,-1478
2327,-744,-1571,586,2578,2032,-709,661,-3132,370,-1647,-1501
2242,-774,-1459,490,2452,1998,-762,620,-3186,296,-1687,-1534
2165,-770,-1390,446,2360,1946,-795,592,-3223,252,-1711,-1552
2124,-712,-1410,497,2354,1882,-792,591,-3229,258,-1709,-1540
2116,-618,-1499,618,2414,1815,-766,613,-3208,302,-1684,-1504
2120,-524,-1600,746,2491,1755,-736,641,-3178,352,-1652,-1468
2095,-473,-1629,797,2501,1705,-729,645,-3167,367,-1643,-1463
2070,-448,-1632,815,2493,1670,-728,638,-3167,369,-1646,-1474
2056,-426,-1641,834,2496,1644,-723,634,-3168,374,-1651,-1483
2066,-396,-1684,881,2536,1627,-706,645,-3159,390,-1650,-1476
2089,-356,-1748,949,2599,1613,-683,665,-3143,410,-1642,-1457
2104,-324,-1797,1002,2645,1597,-662,686,-3129,423,-1634,-1434
2079,-322,-1775,988,2616,1575,-662,687,-3135,402,-1641,-1428
2024,-333,-1711,937,2539,1541,-674,673,-3159,361,-1661,-1437
1970,-337,-1655,897,2466,1503,-684,662,-3183,323,-1677,-1446
1899,-352,-1570,830,2361,1462,-701,639,-3217,272,-1702,-1464
1836,-357,-1504,781,2273,1420,-714,615,-3252,225,-1733,-1479
1795,-343,-1478,772,2224,1380,-715,599,-3279,193,-1760,-1487
1751,-331,-1446,758,2169,1341,-717,579,-3304,159,-1794,-1501
1701,-322,-1406,736,2104,1300,-714,552,-3330,128,-1831,-1521
1671,-288,-1409,758,2079,1257,-687,536,-3337,126,-1853,-1524
1672,-233,-1463,829,2109,1221,-642,538,-3326,148,-1855,-1510
1666,-201,-1486,864,2113,1197,-613,531,-3323,154,-1858,-1508
1631,-218,-1430,813,2043,1187,-611,498,-3344,118,-1884,-1532
1569,-265,-1315,702,1918,1181,-633,441,-3388,49,-1931,-1578
1495,-314,-1188,582,1775,1169,-660,376,-3440,-22,-1982,-1630
1451,-330,-1122,525,1695,1156,-667,331,-3474,-64,-2013,-1663
1417,-335,-1079,491,1637,1142,-666,297,-3501,-91,-2035,-1687
1379,-344,-1026,448,1570,1130,-666,263,-3528,-118,-2058,-1717
1323,-368,-942,374,1472,1116,-677,220,-3564,-157,-2093,-1757
1259,-398,-843,288,1360,1101,-698,174,-3603,-203,-2136,-1805
1204,-421,-762,217,1268,1089,-716,133,-3635,-242,-2180,-1853
1191,-414,-752,214,1252,1086,-707,119,-3641,-248,-2203,-1882
1205,-396,-781,245,1281,1092,-681,129,-3627,-236,-2213,-1900
1209,-392,-786,251,1290,1102,-658,143,-3613,-225,-2220,-1919
1225,-388,-804,265,1316,1120,-632,170,-3590,-201,-2210,-1928
1230,-407,-788,243,1313,1143,-616,192,-3572,-189,-2199,-1943
1204,-450,-719,168,1255,1163,-615,194,-3569,-200,-2201,-1972
1171,-497,-639,85,1187,1178,-617,195,-3571,-215,-2202,-2001
1139,-546,-558,0,1119,1194,-619,202,-3573,-233,-2197,-2032
1094,-627,-434,-135,1014,1222,-638,202,-3590,-277,-2204,-2084
1033,-729,-273,-308,875,1251,-672,187,-3622,-339,-2231,-2153
994,-798,-168,-421,788,1271,-690,179,-3646,-383,-2255,-2204
1003,-806,-173,-420,806,1282,-679,193,-3645,-388,-2255,-2224
1050,-767,-262,-332,905,1284,-645,230,-3620,-358,-2231,-2222
1112,-720,-374,-223,1029,1290,-607,277,-3586,-316,-2197,-2217
1143,-704,-423,-178,1088,1293,-592,303,-3567,-301,-2186,-2232
1157,-698,-446,-156,1119,1292,-589,319,-3559,-299,-2192,-2248
1177,-682,-485,-118,1162,1286,-589,331,-3555,-293,-2202,-2251
1216,-650,-559,-46,1241,1282,-586,347,-3547,-279,-2200,-2241
1265,-610,-649,42,1336,1278,-581,364,-3537,-264,-2189,-2229
1307,-577,-727,117,1417,1273,-582,373,-3532,-261,-2180,-2225
1312,-577,-735,124,1425,1266,-602,356,-3548,-293,-2193,-2247
1293,-594,-704,92,1390,1254,-634,324,-3575,-338,-2220,-2283
1284,-604,-688,75,1371,1245,-661,300,-3593,-366,-2239,-2311
1264,-620,-657,43,1333,1233,-686,274,-3609,-392,-2264,-2337
1259,-621,-655,41,1323,1222,-693,256,-3613,-400,-2292,-2353
1276,-600,-698,83,1356,1211,-680,252,-3601,-384,-2314,-2356
1286,-573,-738,127,1383,1193,-665,246,-3585,-370,-2331,-2354
1287,-549,-767,162,1395,1172,-650,237,-3568,-353,-2337,-2347
1309,-507,-835,234,1446,1154,-613,243,-3531,-308,-2318,-2314
1359,-450,-945,344,1545,1148,-558,269,-3477,-239,-2276,-2260
1398,-423,-1013,405,1607,1155,-523,285,-3437,-194,-2243,-2223
1395,-441,-993,378,1584,1166,-524,269,-3431,-200,-2242,-2221
1358,-492,-905,283,1491,1177,-551,227,-3454,-251,-2266,-2251
1309,-547,-800,173,1379,1185,-582,178,-3489,-310,-2302,-2288
1288,-575,-750,119,1325,1194,-596,146,-3511,-345,-2324,-2311
1278,-596,-718,82,1290,1207,-608,120,-3529,-375,-2338,-2329
1256,-625,-665,25,1234,1217,-632,87,-3551,-408,-2349,-2351
1201,-669,-563,-73,1124,1216,-673,36,-3585,-457,-2373,-2385
1124,-718,-434,-194,984,1204,-725,-28,-3629,-516,-2411,-2428
1049,-762,-310,-307,849,1190,-776,-96,-3677,-575,-2456,-2472
1007,-774,-252,-355,781,1177,-805,-145,-3707,-605,-2486,-2498
987,-771,-229,-369,752,1169,-827,-180,-3725,-622,-2503,-2509
957,-779,-185,-404,704,1160,-860,-222,-3750,-649,-2526,-2522
941,-779,-163,-419,681,1155,-891,-256,-3776,-670,-2545,-2530
921,-793,-123,-455,645,1157,-928,-293,-3808,-702,-2568,-2547
885,-825,-48,-526,575,1158,-976,-339,-3848,-745,-2601,-2575
858,-854,13,-585,522,1164,-1019,-376,-3880,-778,-2630,-2600
848,-880,55,-630,494,1178,-1053,-396,-3895,-794,-2641,-2613
825,-929,132,-712,435,1197,-1097,-411,-3909,-818,-2649,-2631
772,-993,252,-833,327,1206,-1154,-435,-3930,-860,-2668,-2661
724,-1031,340,-914,245,1200,-1198,-446,-3940,-882,-2683,-2679
712,-1024,346,-911,241,1187,-1212,-430,-3928,-863,-2678,-2673
735,-981,280,-836,309,1173,-1196,-393,-3896,-815,-2655,-2648
774,-932,191,-741,402,1164,-1172,-349,-3858,-762,-2624,-2620
778,-910,161,-704,433,1149,-1166,-325,-3837,-738,-2607,-2609
769,-895,153,-686,440,1129,-1164,-310,-3823,-725,-2596,-2603
768,-872,126,-650,464,1108,-1150,-290,-3801,-704,-2581,-2587
793,-838,63,-583,528,1096,-1122,-254,-3766,-666,-2549,-2558
835,-804,-19,-504,615,1096,-1085,-207,-3727,-622,-2507,-2525
880,-780,-95,-437,699,1104,-1052,-160,-3691,-585,-2467,-2498
900,-794,-108,-436,724,1120,-1044,-136,-3676,-585,-2448,-2496
895,-833,-73,-485,698,1136,-1050,-128,-3676,-607,-2452,-2514
892,-866,-47,-524,679,1150,-1053,-122,-3673,-626,-2458,-2527
876,-909,3,-587,633,1161,-1064,-129,-3675,-650,-2471,-2541
873,-940,28,-626,612,1174,-1069,-132,-3668,-658,-2476,-2544
894,-947,5,-618,638,1188,-1062,-122,-3648,-649,-2468,-2537
911,-946,-19,-604,661,1195,-1054,-115,-3625,-640,-2462,-2533
916,-938,-39,-590,671,1189,-1047,-119,-3604,-633,-2464,-2533
934,-895,-103,-523,719,1169,-1022,-119,-3570,-599,-2460,-2523
979,-819,-226,-397,824,1148,-981,-104,-3522,-537,-2445,-2501
1017,-759,-324,-297,907,1134,-958,-97,-3487,-497,-2441,-2491
1020,-738,-346,-275,916,1123,-966,-114,-3479,-497,-2465,-2504
997,-751,-305,-317,864,1119,-996,-151,-3495,-530,-2513,-2535
968,-777,-245,-381,796,1121,-1027,-192,-3514,-569,-2569,-2570
970,-776,-241,-388,787,1126,-1036,-203,-3511,-569,-2599,-2582
981,-763,-259,-372,799,1130,-1039,-199,-3498,-552,-2612,-2583
988,-752,-270,-362,804,1135,-1048,-189,-3482,-537,-2612,-2581
974,-761,-240,-391,768,1138,-1075,-194,-3479,-543,-2614,-2589
945,-777,-187,-439,709,1137,-1111,-208,-3487,-561,-2618,-2601
918,-781,-148,-469,660,1129,-1144,-222,-3494,-572,-2616,-2607
920,-750,-173,-433,675,1118,-1155,-223,-3484,-550,-2596,-2592
947,-702,-239,-356,735,1110,-1152,-212,-3463,-513,-2564,-2568
964,-668,-282,-304,774,1106,-1159,-208,-3448,-494,-2542,-2558
993,-634,-336,-243,829,1109,-1160,-197,-3431,-472,-2517,-2548
1014,-622,-362,-216,862,1121,-1169,-191,-3424,-466,-2501,-2546
1012,-638,-337,-240,847,1135,-1185,-196,-3427,-480,-2500,-2553
1015,-657,-313,-265,836,1154,-1195,-193,-3424,-485,-2494,-2556
1033,-678,-305,-280,847,1182,-1196,-178,-3413,-481,-2475,-2553
1040,-719,-267,-328,832,1216,-1212,-168,-3414,-494,-2457,-2561
1024,-774,-193,-408,778,1242,-1245,-173,-3430,-526,-2454,-2583
1017,-800,-159,-442,758,1255,-1262,-169,-3436,-536,-2448,-2595
1049,-779,-213,-387,821,1260,-1248,-137,-3415,-505,-2424,-2580
1113,-717,-341,-254,957,1258,-1206,-81,-3369,-440,-2384,-2543
1191,-644,-495,-97,1119,1258,-1157,-18,-3317,-374,-2335,-2503
1227,-606,-575,-13,1202,1251,-1132,22,-3288,-350,-2309,-2492
1234,-578,-615,38,1241,1231,-1122,46,-3273,-345,-2300,-2496
1230,-548,-650,86,1267,1201,-1111,66,-3257,-339,-2298,-2498
1231,-512,-694,143,1302,1169,-1094,93,-3235,-319,-2286,-2488
1237,-476,-746,206,1346,1141,-1074,124,-3211,-291,-2263,-2470
1232,-455,-771,240,1362,1114,-1063,147,-3194,-274,-2241,-2455
1191,-478,-719,193,1304,1092,-1079,142,-3203,-294,-2243,-2464
1124,-532,-608,86,1187,1073,-1111,116,-3230,-340,-2267,-2492
1066,-584,-509,-14,1082,1060,-1138,95,-3253,-378,-2290,-2519
999,-646,-390,-133,957,1048,-1167,70,-3279,-423,-2322,-2554
941,-699,-289,-236,849,1037,-1184,51,-3297,-451,-2352,-2581
909,-728,-237,-290,791,1028,-1180,51,-3299,-452,-2362,-2586
879,-752,-189,-339,736,1018,-1169,56,-3295,-446,-2366,-2587
840,-772,-135,-391,669,1002,-1161,54,-3292,-443,-2377,-2592
819,-760,-128,-391,645,978,-1139,58,-3277,-419,-2383,-2581
829,-715,-185,-328,684,955,-1106,75,-3248,-374,-2372,-2549
836,-681,-223,-286,708,940,-1089,87,-3229,-347,-2363,-2524
810,-687,-187,-320,661,930,-1103,72,-3239,-366,-2374,-2526
758,-723,-94,-413,559,926,-1139,35,-3269,-414,-2399,-2549
703,-767,12,-521,446,927,-1178,-10,-3302,-465,-2429,-2577
686,-784,52,-566,403,936,-1195,-33,-3316,-478,-2437,-2587
686,-786,61,-580,393,947,-1203,-46,-3320,-474,-2434,-2595
683,-791,77,-600,378,960,-1216,-61,-3327,-484,-2438,-2611
666,-813,122,-651,335,976,-1241,-88,-3342,-514,-2461,-2638
640,-846,188,-721,272,992,-1273,-120,-3360,-552,-2505,-2676
620,-872,239,-775,225,1008,-1302,-145,-3372,-582,-2550,-2711
629,-863,227,-764,241,1021,-1305,-144,-3358,-579,-2578,-2728
663,-831,165,-702,308,1035,-1291,-119,-3326,-558,-2590,-2734
688,-806,119,-655,358,1045,-1275,-86,-3291,-541,-2607,-2746
715,-768,57,-588,421,1046,-1249,-34,-3243,-508,-2610,-2751
723,-734,17,-536,457,1037,-1229,25,-3194,-479,-2609,-2761
698,-713,23,-523,442,1012,-1213,78,-3150,-462,-2615,-2778
667,-686,27,-504,424,978,-1192,144,-3101,-436,-2616,-2796
643,-652,18,-470,420,941,-1163,231,-3042,-402,-2607,-2810
602,-640,47,-475,379,906,-1143,325,-2990,-376,-2596,-2836
536,-656,129,-534,285,870,-1131,417,-2945,-356,-2592,-2871
484,-661,186,-569,217,835,-1094,531,-2876,-304,-2579,-2895
478,-634,163,-529,232,806,-1021,681,-2767,-203,-2550,-2897
513,-578,71,-423,320,784,-925,862,-2622,-65,-2505,-2879
564,-516,-43,-299,432,767,-825,1056,-2462,82,-2451,-2849
584,-482,-97,-233,482,747,-753,1229,-2313,198,-2413,-2836
582,-461,-116,-201,493,720,-698,1386,-2171,293,-2386,-2831
578,-433,-141,-160,506,685,-646,1539,-2021,394,-2355,-2817
590,-385,-199,-85,551,648,-589,1697,-1854,517,-2307,-2790
611,-321,-282,16,617,607,-526,1858,-1676,655,-2242,-2752
625,-252,-362,118,676,557,-469,2005,-1498,792,-2168,-2713
608,-210,-386,163,676,506,-442,2114,-1347,891,-2104,-2686
570,-192,-363,159,632,459,-442,2180,-1223,958,-2053,-2666
552,-173,-362,171,614,424,-452,2217,-1114,1026,-1994,-2632
534,-164,-352,169,592,399,-482,2212,-1028,1076,-1942,-2598
537,-148,-370,188,601,384,-516,2175,-956,1121,-1890,-2563
577,-114,-442,255,673,384,-547,2112,-891,1173,-1826,-2516
630,-85,-524,325,759,398,-588,2005,-845,1221,-1758,-2462
682,-61,-600,386,841,416,-638,1846,-824,1264,-1695,-2397
753,-15,-717,489,963,435,-679,1645,-810,1323,-1622,-2302
858,54,-890,643,1147,463,-712,1412,-800,1401,-1527,-2180
971,95,-1045,767,1324,516,-767,1127,-819,1459,-1429,-2061
1064,86,-1129,809,1440,592,-863,773,-882,1476,-1342,-1963
1135,33,-1149,778,1500,685,-996,349,-990,1457,-1268,-1886
1202,-36,-1149,725,1544,786,-1149,-136,-1134,1430,-1199,-1813
1305,-87,-1203,720,1649,901,-1291,-654,-1288,1421,-1110,-1719
1428,-137,-1278,729,1781,1030,-1431,-1209,-1460,1416,-1011,-1613
1547,-202,-1335,718,1900,1167,-1580,-1811,-1662,1393,-914,-1508
1647,-291,-1348,661,1976,1308,-1748,-2464,-1893,1347,-828,-1407
1738,-397,-1337,578,2031,1456,-1922,-3151,-2145,1301,-748,-1303
1841,-507,-1333,499,2099,1614,-2090,-3852,-2406,1267,-659,-1184
1983,-590,-1396,482,2237,1781,-2239,-4547,-2656,1269,-543,-1033
2162,-653,-1516,518,2438,1958,-2377,-5242,-2900,1295,-398,-857
2339,-723,-1625,543,2631,2138,-2520,-5961,-3159,1316,-247,-677
2537,-787,-1762,592,2857,2326,-2658,-6685,-3423,1346,-75,-481
2735,-863,-1886,624,3072,2520,-2806,-7420,-3701,1367,99,-283
2913,-963,-1967,614,3247,2714,-2977,-8167,-3999,1367,269,-87
3094,-1061,-2051,607,3425,2907,-3157,-8904,-4295,1375,453,122
3291,-1151,-2160,624,3630,3101,-3346,-9623,-4579,1401,662,347
3486,-1248,-2259,631,3828,3296,-3569,-10346,-4870,1421,882,570
3668,-1355,-2334,615,4000,3485,-3836,-11087,-5172,1434,1101,797
3865,-1430,-2458,654,4215,3660,-4124,-11833,-5464,1476,1338,1060
4103,-1449,-2677,795,4520,3820,-4417,-12563,-5732,1567,1609,1373
4375,-1424,-2975,1019,4902,3972,-4717,-13276,-5985,1691,1915,1720
4663,-1388,-3301,1269,5312,4124,-5041,-13985,-6239,1814,2241,2078
4929,-1389,-3567,1453,5667,4283,-5415,-14720,-6521,1896,2552,2418
5193,-1424,-3798,1593,5997,4460,-5822,-15469,-6819,1952,2852,2752
5468,-1472,-4026,1721,6332,4652,-6251,-16225,-7122,2000,3148,3094
5766,-1520,-4279,1867,6699,4858,-6697,-16978,-7419,2058,3456,3457
6072,-1564,-4543,2022,7079,5066,-7169,-17733,-7717,2118,3773,3827
6367,-1614,-4792,2162,7441,5270,-7674,-18503,-8023,2166,4089,4189
6624,-1693,-4972,2236,7732,5470,-8218,-19296,-8353,2182,4388,4526
6852,-1806,-5090,2246,7963,5673,-8785,-20100,-8701,2182,4663,4842
7102,-1927,-5223,2258,8217,5899,-9337,-20881,-9034,2202,4940,5166
7358,-2073,-5336,2239,8463,6149,-9885,-21640,-9357,2225,5218,5493
7638,-2223,-5467,2228,8737,6421,-10416,-22357,-9655,2270,5508,5830
7955,-2362,-5647,2255,9068,6714,-10923,-23014,-9915,2351,5823,6186
8278,-2500,-5832,2285,9408,7015,-11420,-23631,-10150,2453,6146,6548
8594,-2639,-6010,2308,9738,7315,-11911,-24212,-10364,2571,6467,6912
8921,-2750,-6223,2371,10097,7609,-12379,-24742,-10545,2725,6795,7289
9264,-2829,-6483,2485,10499,7897,-12824,-25213,-10691,2914,7138,7676
9588,-2925,-6708,2564,10864,8188,-13278,-25652,-10828,3095,7476,8044
9868,-3067,-6838,2547,11137,8484,-13758,-26087,-10982,3236,7794,8376
10102,-3250,-6883,2445,11322,8781,-14260,-26521,-11156,3335,8082,8672
10306,-3441,-6888,2311,11460,9067,-14767,-26943,-11338,3416,8347,8948
10532,-3603,-6945,2229,11648,9350,-15241,-27315,-11500,3523,8619,9227
10764,-3751,-7022,2172,11853,9630,-15691,-27641,-11644,3643,8895,9502
10990,-3905,-7086,2103,12045,9910,-16120,-27925,-11773,3759,9161,9758
11186,-4078,-7102,1989,12186,10184,-16534,-28177,-11896,3856,9395,9979
11354,-4266,-7076,1838,12279,10448,-16921,-28387,-12007,3935,9591,10165
11511,-4449,-7043,1688,12360,10701,-17268,-28535,-12095,4009,9754,10323
11672,-4602,-7046,1582,12468,10935,-17556,-28603,-12142,4098,9895,10459
11829,-4721,-7078,1520,12593,11142,-17792,-28592,-12146,4192,10010,10568
11929,-4831,-7063,1433,12648,11303,-18009,-28528,-12133,4248,10069,10627
11990,-4911,-7038,1362,12670,11414,-18191,-28402,-12096,4282,10083,10637
11993,-4971,-6977,1282,12630,11468,-18345,-28227,-12043,4280,10045,10583
11920,-5019,-6849,1165,12495,11461,-18478,-28012,-11986,4229,9937,10461
11794,-5034,-6705,1063,12314,11391,-18575,-27746,-11913,4144,9769,10282
11623,-5003,-6560,992,12102,11255,-18628,-27422,-11828,4017,9538,10044
11382,-4951,-6368,905,11813,11053,-18649,-27051,-11746,3827,9232,9729
11054,-4884,-6105,782,11420,10778,-18642,-26646,-11672,3575,8844,9340
10679,-4767,-5846,696,10999,10433,-18582,-26194,-11591,3300,8405,8914
10301,-4584,-5652,698,10619,10036,-18447,-25674,-11485,3031,7946,8478
9924,-4349,-5512,772,10277,9602,-18236,-25085,-11353,2767,7474,8031
9540,-4096,-5385,865,9940,9147,-17965,-24442,-11206,2496,6985,7558
9106,-3876,-5177,883,9516,8676,-17669,-23788,-11078,2175,6453,7034
8638,-3671,-4921,858,9037,8190,-17347,-23126,-10966,1821,5888,6477
8157,-3461,-4660,830,8546,7691,-16998,-22454,-10864,1449,5303,5910
7678,-3240,-4415,821,8068,7184,-16625,-21774,-10774,1055,4708,5343
7211,-3012,-4188,825,7609,6680,-16233,-21092,-10704,632,4106,4775
6742,-2797,-3949,812,7141,6184,-15829,-20419,-10660,167,3494,4199
6251,-2625,-3647,726,6616,5704,-15429,-19761,-10654,-350,2864,3606
5740,-2499,-3280,565,6033,5243,-15032,-19118,-10677,-900,2213,2998
5245,-2387,-2914,394,5463,4807,-14616,-18465,-10695,-1424,1576,2404
4751,-2301,-2524,187,4877,4395,-14189,-17808,-10705,-1911,956,1826
4284,-2223,-2152,-14,4320,4012,-13744,-17140,-10691,-2336,373,1278
3872,-2131,-1848,-160,3846,3663,-13277,-16455,-10638,-2682,-154,776
3492,-2035,-1578,-282,3414,3339,-12813,-15771,-10557,-2973,-643,304
3128,-1935,-1325,-391,3006,3033,-12356,-15097,-10452,-3213,-1101,-140
2801,-1801,-1141,-430,2667,2737,-11887,-14422,-10307,-3377,-1511,-534
2526,-1629,-1043,-387,2419,2459,-11402,-13738,-10119,-3465,-1858,-871
2269,-1465,-953,-344,2188,2206,-10929,-13062,-9914,-3524,-2160,-1179
1998,-1340,-805,-365,1908,1978,-10488,-12416,-9715,-3586,-2444,-1486
1718,-1256,-604,-449,1585,1778,-10078,-11801,-9524,-3648,-2715,-1794
1444,-1192,-385,-556,1255,1601,-9688,-11205,-9329,-3689,-2968,-2085
1220,-1111,-232,-608,1000,1451,-9294,-10601,-9105,-3673,-3165,-2328
1036,-1027,-120,-629,799,1329,-8902,-9997,-8860,-3615,-3315,-2530
868,-964,-1,-668,603,1232,-8526,-9410,-8609,-3542,-3440,-2707
700,-929,149,-745,387,1157,-8169,-8849,-8362,-3467,-3553,-2872
538,-915,315,-847,163,1097,-7829,-8309,-8119,-3385,-3658,-3025
397,-898,458,-931,-30,1048,-7497,-7783,-7874,-3281,-3745,-3156
307,-860,529,-952,-143,1015,-7158,-7258,-7610,-3133,-3794,-3246
269,-809,537,-923,-178,1004,-6821,-6733,-7329,-2962,-3805,-3301
242,-778,555,-913,-212,1008,-6507,-6230,-7056,-2804,-3806,-3348
244,-755,549,-893,-210,1030,-6206,-5742,-6786,-2650,-3791,-3382
258,-751,550,-891,-205,1065,-5924,-5277,-6527,-2509,-3770,-3414
262,-774,588,-931,-230,1103,-5666,-4849,-6287,-2384,-3752,-3450
275,-802,619,-971,-245,1143,-5416,-4438,-6052,-2250,-3717,-3472
309,-828,625,-993,-227,1185,-5173,-4038,-5817,-2102,-3656,-3475
343,-877,652,-1045,-223,1235,-4951,-3661,-5595,-1964,-3586,-3479
361,-953,718,-1141,-254,1283,-4752,-3312,-5390,-1841,-3522,-3497
395,-1009,746,-1198,-248,1320,-4547,-2973,-5177,-1698,-3451,-3500
472,-1014,675,-1157,-146,1344,-4319,-2627,-4945,-1523,-3356,-3464
588,-972,516,-1026,41,1356,-4075,-2277,-4697,-1322,-3240,-3392
721,-911,319,-856,266,1360,-3828,-1937,-4447,-1119,-3113,-3299
824,-881,179,-745,434,1359,-3606,-1634,-4218,-947,-3003,-3217
903,-870,78,-674,560,1352,-3404,-1360,-4007,-796,-2908,-3147
980,-856,-24,-599,686,1338,-3207,-1101,-3799,-650,-2816,-3078
1069,-834,-152,-501,837,1325,-3008,-843,-3589,-496,-2716,-2997
1163,-802,-295,-386,1001,1308,-2814,-588,-3381,-343,-2610,-2906
1243,-768,-428,-275,1148,1280,-2629,-340,-3180,-202,-2507,-2818
1283,-763,-494,-228,1224,1248,-2472,-118,-3003,-96,-2424,-2750
1283,-789,-490,-247,1225,1212,-2344,75,-2852,-22,-2362,-2703
1275,-811,-483,-265,1218,1172,-2225,262,-2708,50,-2299,-2656
1238,-842,-438,-312,1167,1124,-2123,430,-2582,101,-2257,-2622
1193,-862,-394,-352,1109,1071,-2029,588,-2471,140,-2231,-2598
1164,-855,-392,-344,1088,1016,-1928,751,-2360,186,-2205,-2575
1136,-839,-398,-325,1072,965,-1833,908,-2256,223,-2185,-2555
1099,-819,-395,-310,1043,913,-1743,1050,-2165,248,-2178,-2542
1071,-771,-428,-251,1044,857,-1643,1192,-2076,281,-2177,-2523
1065,-690,-513,-137,1091,802,-1526,1345,-1979,333,-2170,-2497
1049,-619,-572,-46,1114,756,-1421,1490,-1894,362,-2170,-2487
989,-587,-546,-39,1050,715,-1343,1607,-1841,347,-2187,-2505
887,-588,-441,-107,904,677,-1293,1696,-1817,299,-2225,-2551
762,-597,-301,-204,719,635,-1256,1770,-1809,244,-2277,-2607
666,-583,-211,-253,585,603,-1205,1859,-1790,220,-2313,-2644
593,-559,-150,-277,487,586,-1155,1955,-1767,207,-2339,-2673
518,-542,-79,-312,381,575,-1118,2043,-1753,183,-2367,-2709
421,-539,32,-384,234,562,-1098,2113,-1758,137,-2411,-2757
307,-540,163,-472,63,541,-1087,2171,-1777,81,-2472,-2812
199,-535,284,-550,-97,520,-1078,2227,-1798,33,-2535,-2866
120,-502,351,-575,-201,499,-1050,2296,-1804,16,-2583,-2900
78,-446,357,-543,-238,485,-1002,2377,-1795,29,-2608,-2911
27,-402,385,-534,-294,469,-960,2446,-1792,33,-2635,-2925
-8,-355,392,-510,-324,458,-918,2513,-1789,40,-2654,-2933
-37,-322,408,-502,-355,453,-888,2569,-1795,35,-2672,-2946
-80,-320,466,-541,-421,453,-875,2602,-1814,11,-2699,-2975
-116,-326,525,-588,-483,455,-861,2629,-1830,-8,-2721,-3006
-135,-337,569,-627,-521,464,-846,2662,-1839,-17,-2732,-3038
-152,-375,636,-699,-572,484,-850,2690,-1856,-43,-2747,-3082
-184,-443,745,-819,-660,505,-877,2701,-1887,-88,-2778,-3139
-201,-491,816,-901,-712,515,-895,2715,-1904,-111,-2804,-3176
-177,-487,791,-883,-671,511,-881,2755,-1888,-81,-2797,-3175
-112,-439,680,-778,-544,496,-835,2824,-1840,-7,-2751,-3143
-23,-372,523,-631,-371,480,-775,2907,-1779,79,-2685,-3103
40,-334,417,-536,-249,459,-734,2969,-1731,134,-2637,-3082
82,-312,346,-474,-165,430,-699,3016,-1690,173,-2603,-3063
118,-289,276,-412,-85,394,-658,3062,-1644,216,-2566,-3031
167,-253,179,-323,20,355,-602,3115,-1587,274,-2519,-2986
233,-212,57,-212,153,323,-537,3175,-1523,337,-2463,-2934
297,-180,-55,-114,276,296,-476,3230,-1459,390,-2408,-2888
332,-183,-106,-78,339,274,-433,3268,-1409,414,-2369,-2862
329,-220,-85,-112,327,251,-404,3287,-1378,414,-2353,-2859
335,-256,-75,-138,327,236,-369,3314,-1339,424,-2334,-2854
327,-302,-42,-184,301,224,-341,3333,-1306,426,-2325,-2857
318,-338,-17,-218,278,208,-309,3351,-1273,431,-2318,-2853
330,-346,-41,-200,300,193,-263,3384,-1230,460,-2294,-2828
340,-341,-74,-168,326,176,-219,3416,-1186,493,-2269,-2796
339,-331,-99,-137,337,153,-180,3439,-1146,520,-2255,-2765
350,-292,-162,-63,381,127,-130,3470,-1096,563,-2241,-2726
394,-222,-287,73,487,108,-62,3516,-1031,623,-2214,-2679
440,-161,-401,196,588,104,-3,3560,-977,663,-2187,-2648
456,-138,-443,244,619,112,28,3583,-950,668,-2179,-2649
439,-145,-418,226,583,124,36,3585,-947,645,-2190,-2673
400,-165,-357,175,507,137,38,3579,-956,614,-2213,-2699
384,-154,-343,174,479,149,61,3599,-952,611,-2222,-2704
376,-128,-352,199,471,161,93,3631,-940,622,-2226,-2702
357,-106,-342,207,444,172,114,3659,-936,626,-2236,-2709
317,-95,-298,183,380,178,120,3674,-948,612,-2257,-2728
261,-96,-224,131,287,183,117,3677,-974,581,-2291,-2759
210,-90,-162,91,205,188,117,3679,-1001,553,-2325,-2788
180,-55,-148,102,171,187,133,3695,-1014,549,-2346,-2799
178,7,-189,166,192,184,167,3733,-1009,567,-2350,-2792
161,54,-200,200,185,179,191,3764,-1014,570,-2366,-2798
145,95,-205,226,176,176,212,3794,-1023,570,-2383,-2810
120,115,-183,219,144,176,223,3816,-1041,555,-2403,-2833
73,101,-105,152,62,179,216,3814,-1079,512,-2442,-2872
33,75,-24,75,-17,191,208,3807,-1121,467,-2479,-2910
13,45,38,8,-67,212,202,3811,-1158,440,-2501,-2939
-13,-5,124,-88,-138,237,180,3811,-1202,404,-2520,-2973
-63,-79,256,-230,-253,257,137,3794,-1260,350,-2550,-3018
-104,-138,362,-345,-344,266,101,3779,-1310,316,-2577,-3054
-103,-155,380,-372,-348,270,95,3790,-1330,330,-2579,-3065
-60,-135,317,-319,-269,272,116,3827,-1321,386,-2553,-3051
7,-93,205,-220,-141,271,151,3880,-1292,459,-2514,-3025
51,-69,133,-159,-55,261,174,3917,-1270,504,-2494,-3013
76,-60,94,-128,-3,245,189,3940,-1253,534,-2486,-3004
108,-50,44,-90,61,231,211,3965,-1225,577,-2465,-2979
160,-38,-29,-36,153,227,247,3997,-1183,639,-2428,-2936
234,-28,-124,32,273,236,293,4035,-1131,708,-2379,-2885
307,-31,-206,84,384,253,334,4067,-1083,761,-2328,-2837
344,-61,-228,79,430,264,343,4076,-1057,777,-2289,-2808
336,-115,-181,12,399,261,326,4056,-1058,755,-2267,-2805
332,-158,-150,-36,380,255,306,4038,-1059,732,-2242,-2804
311,-201,-103,-95,338,240,276,4012,-1068,695,-2228,-2811
281,-231,-61,-140,293,214,245,3986,-1077,657,-2223,-2819
269,-234,-62,-138,287,185,230,3980,-1072,636,-2213,-2816
260,-233,-71,-128,286,159,223,3980,-1062,622,-2204,-2808
241,-240,-60,-135,263,135,218,3977,-1056,608,-2204,-2802
229,-226,-75,-111,262,106,232,3982,-1039,617,-2204,-2785
244,-180,-148,-26,316,79,271,4005,-1005,651,-2192,-2753
258,-142,-209,46,360,62,303,4027,-978,670,-2187,-2733
239,-146,-191,37,328,55,310,4029,-974,654,-2205,-2741
182,-190,-94,-51,217,53,294,4009,-994,610,-2245,-2776
102,-245,39,-170,67,48,271,3984,-1025,557,-2296,-2822
45,-268,120,-234,-34,42,268,3980,-1042,531,-2325,-2849
12,-269,156,-252,-90,38,279,3993,-1046,525,-2329,-2855
-22,-266,191,-268,-145,36,288,4007,-1052,517,-2328,-2855
-66,-272,246,-303,-221,35,288,4009,-1066,498,-2333,-2860
-119,-276,311,-343,-308,27,285,4005,-1086,472,-2346,-2870
-170,-260,353,-356,-379,9,280,3999,-1108,451,-2362,-2884
-198,-206,336,-303,-393,-18,287,4003,-1118,452,-2369,-2887
-192,-124,257,-193,-342,-42,306,4023,-1112,474,-2360,-2869
-194,-55,198,-104,-309,-64,316,4032,-1113,489,-2360,-2852
-180,11,127,-10,-256,-74,325,4042,-1112,510,-2353,-2832
-163,63,67,66,-207,-75,326,4048,-1114,524,-2347,-2819
-167,88,54,92,-202,-75,307,4035,-1131,516,-2359,-2823
-169,105,45,109,-196,-70,285,4021,-1149,507,-2369,-2826
-154,120,23,132,-168,-56,271,4019,-1161,506,-2363,-2818
-140,109,26,121,-158,-30,249,4015,-1177,492,-2351,-2814
-149,66,82,51,-195,0,211,4000,-1206,457,-2351,-2827
-146,27,121,-5,-213,31,183,3988,-1231,441,-2350,-2833
-97,22,79,14,-145,66,185,4001,-1229,472,-2330,-2812
-5,53,-42,109,6,102,209,4037,-1200,544,-2280,-2767
105,100,-197,237,192,136,242,4082,-1159,621,-2215,-2714
186,119,-297,308,322,166,255,4105,-1136,664,-2166,-2680
238,114,-343,327,398,192,250,4109,-1130,683,-2138,-2662
279,104,-373,330,455,210,243,4104,-1130,696,-2121,-2646
330,101,-422,351,532,229,244,4106,-1119,718,-2101,-2625
393,103,-488,388,626,250,255,4119,-1096,753,-2069,-2596
447,103,-543,415,705,266,267,4133,-1070,790,-2034,-2567
471,76,-541,386,726,280,262,4133,-1055,807,-2010,-2555
454,20,-470,293,671,286,238,4107,-1062,791,-2010,-2566
440,-22,-416,222,629,285,220,4083,-1069,775,-2010,-2578
412,-63,-348,142,565,275,197,4049,-1086,747,-2024,-2597
378,-96,-284,72,498,258,176,4015,-1102,717,-2045,-2614
366,-99,-270,57,477,236,172,4002,-1103,709,-2052,-2620
358,-95,-268,55,465,215,172,3997,-1098,707,-2056,-2625
343,-92,-256,47,439,191,174,3993,-1091,702,-2065,-2628
338,-67,-278,78,442,163,200,4000,-1067,721,-2068,-2615
365,-12,-360,169,504,138,249,4027,-1022,766,-2051,-2580
390,31,-427,243,553,122,295,4060,-979,798,-2030,-2550
376,35,-416,240,523,108,315,4075,-956,796,-2026,-2544
325,3,-332,166,419,97,306,4064,-959,761,-2040,-2557
253,-44,-212,59,278,85,280,4039,-978,710,-2068,-2581
215,-67,-149,6,197,83,273,4035,-979,689,-2080,-2590
201,-80,-122,-14,158,92,281,4048,-966,690,-2079,-2593
187,-100,-87,-45,113,107,288,4064,-950,695,-2074,-2597
156,-135,-22,-103,39,123,281,4069,-942,686,-2074,-2606
107,-177,69,-184,-62,133,264,4058,-944,665,-2086,-2626
60,-208,146,-248,-151,139,243,4042,-949,637,-2103,-2651
34,-210,174,-259,-192,140,231,4028,-947,620,-2116,-2666
43,-182,138,-208,-164,146,234,4027,-932,623,-2115,-2666
39,-169,130,-185,-161,152,231,4016,-923,613,-2124,-2676
39,-160,122,-164,-153,164,232,4008,-914,612,-2128,-2684
34,-162,130,-163,-157,178,228,3999,-908,611,-2130,-2694
1,-186,189,-211,-211,187,210,3977,-917,591,-2150,-2717
-31,-214,250,-264,-264,198,194,3958,-927,573,-2176,-2741
-40,-236,284,-297,-283,218,180,3954,-928,569,-2196,-2759
-51,-268,328,-343,-306,242,155,3954,-931,557,-2208,-2779
-81,-315,408,-425,-366,261,114,3945,-943,531,-2218,-2809
-102,-339,455,-470,-397,267,89,3946,-942,531,-2214,-2827
-76,-309,400,-413,-327,266,97,3977,-910,572,-2183,-2818
-8,-232,255,-265,-169,259,133,4031,-852,647,-2128,-2779
83,-130,61,-70,36,248,182,4096,-783,732,-2060,-2721
150,-52,-84,76,193,235,215,4145,-727,793,-2002,-2672
198,0,-188,175,309,223,237,4181,-684,838,-1959,-2637
254,50,-296,275,433,218,265,4217,-641,889,-1921,-2604
327,110,-434,401,586,213,304,4261,-590,951,-1883,-2563
415,186,-603,557,768,208,351,4316,-532,1020,-1835,-2515
498,259,-765,707,941,199,395,4369,-474,1080,-1786,-2468
554,304,-875,803,1059,190,425,4407,-431,1113,-1748,-2431
574,315,-913,828,1102,179,433,4418,-410,1117,-1731,-2414
601,325,-959,858,1153,173,443,4433,-388,1131,-1710,-2397
619,324,-986,869,1184,169,448,4440,-374,1136,-1696,-2390
637,319,-1008,874,1209,168,455,4443,-363,1138,-1686,-2393
675,327,-1064,912,1267,172,473,4458,-344,1154,-1673,-2393
705,333,-1109,940,1310,174,486,4472,-327,1166,-1672,-2394
711,325,-1115,935,1310,172,488,4474,-317,1166,-1692,-2395
712,331,-1128,943,1309,159,501,4480,-298,1180,-1710,-2380
732,363,-1182,997,1347,144,535,4501,-262,1223,-1705,-2343
748,385,-1221,1034,1371,136,559,4519,-231,1254,-1691,-2316
731,369,-1186,998,1323,133,554,4514,-226,1245,-1695,-2321
676,318,-1078,890,1201,132,522,4485,-245,1200,-1722,-2351
596,259,-932,752,1036,122,472,4441,-280,1136,-1769,-2393
536,230,-836,668,918,107,433,4413,-303,1097,-1801,-2423
499,219,-778,623,840,97,404,4401,-313,1078,-1816,-2439
465,198,-712,566,760,99,368,4383,-326,1057,-1829,-2457
421,161,-619,482,657,106,321,4353,-347,1020,-1849,-2486
353,116,-494,371,516,103,265,4311,-376,969,-1883,-2526
277,79,-368,266,371,91,214,4272,-402,927,-1920,-2565
222,71,-293,215,275,74,184,4248,-412,912,-1942,-2587
209,97,-292,236,258,62,181,4247,-401,926,-1940,-2586
193,117,-282,248,235,53,177,4243,-394,930,-1942,-2590
186,143,-289,275,231,46,177,4238,-386,938,-1940,-2593
182,167,-298,303,232,40,173,4232,-383,945,-1935,-2597
159,170,-268,291,198,37,152,4211,-393,936,-1944,-2610
141,165,-236,271,166,40,131,4189,-401,932,-1950,-2621
143,158,-225,264,163,57,117,4177,-400,944,-1938,-2621
147,126,-192,226,149,90,95,4165,-400,948,-1920,-2624
132,59,-109,131,92,133,56,4141,-414,930,-1913,-2640
127,1,-46,54,55,174,23,4118,-421,917,-1910,-2648
164,-16,-71,64,106,213,16,4120,-404,939,-1889,-2629
243,11,-184,160,245,249,37,4147,-360,1003,-1844,-2583
345,62,-345,304,432,283,73,4186,-299,1090,-1786,-2524
419,100,-468,413,574,304,94,4207,-250,1153,-1747,-2482
461,125,-547,483,667,312,99,4205,-220,1187,-1728,-2456
500,149,-623,550,755,316,100,4197,-194,1211,-1712,-2432
555,178,-720,633,868,326,110,4197,-161,1248,-1687,-2400
626,206,-834,726,1002,345,129,4207,-121,1295,-1653,-2362
696,226,-939,807,1128,367,146,4215,-85,1335,-1621,-2328
743,217,-993,835,1204,393,146,4210,-68,1342,-1602,-2311
753,174,-973,791,1205,417,126,4181,-75,1317,-1606,-2316
769,133,-962,754,1216,443,110,4157,-79,1301,-1603,-2316
771,85,-928,697,1199,463,93,4133,-83,1290,-1599,-2321
767,43,-893,643,1178,478,85,4115,-81,1287,-1592,-2325
789,23,-904,634,1201,495,93,4119,-60,1310,-1570,-2314
813,12,-923,637,1230,507,104,4131,-33,1338,-1550,-2298
821,2,-924,627,1234,511,110,4139,-9,1358,-1541,-2282
833,13,-946,646,1254,505,125,4149,24,1391,-1533,-2254
873,58,-1028,727,1330,496,156,4173,72,1447,-1508,-2204
917,94,-1101,796,1401,497,178,4193,115,1485,-1481,-2165
930,97,-1106,796,1405,503,177,4191,133,1477,-1478,-2156
911,63,-1040,724,1338,513,158,4168,129,1432,-1498,-2175
874,17,-943,624,1239,522,135,4137,114,1382,-1532,-2201
864,0,-898,578,1191,531,130,4128,119,1367,-1551,-2206
875,1,-892,569,1182,543,135,4140,140,1372,-1552,-2195
884,-4,-878,552,1167,560,130,4153,159,1370,-1551,-2187
873,-29,-824,496,1112,577,103,4145,162,1341,-1561,-2188
840,-64,-738,412,1021,587,59,4122,150,1294,-1582,-2197
802,-94,-652,332,928,592,12,4096,134,1255,-1597,-2202
775,-99,-605,295,869,588,-18,4085,132,1244,-1593,-2187
783,-72,-627,326,880,585,-22,4099,154,1268,-1557,-2142
784,-62,-626,331,873,589,-30,4109,173,1281,-1525,-2104
793,-63,-623,329,871,605,-37,4119,187,1291,-1499,-2075
800,-78,-608,309,862,629,-50,4124,193,1291,-1485,-2063
779,-123,-538,235,799,653,-75,4113,181,1272,-1493,-2074
752,-178,-454,145,725,678,-97,4099,165,1256,-1502,-2090
735,-231,-385,68,669,707,-112,4094,152,1248,-1502,-2103
714,-298,-301,-29,602,741,-139,4083,131,1230,-1502,-2124
672,-386,-177,-166,496,774,-187,4057,91,1186,-1516,-2159
636,-455,-82,-270,416,796,-226,4031,57,1154,-1530,-2187
642,-470,-84,-272,429,807,-236,4031,54,1171,-1516,-2181
687,-436,-177,-182,531,812,-218,4061,84,1235,-1469,-2143
759,-377,-324,-38,686,815,-185,4111,134,1320,-1403,-2087
803,-337,-425,62,794,812,-169,4147,173,1377,-1353,-2046
822,-314,-486,124,858,801,-166,4167,198,1411,-1320,-2017
838,-286,-550,191,923,784,-159,4182,224,1444,-1290,-1987
866,-249,-636,279,1009,768,-144,4198,255,1484,-1254,-1951
915,-204,-751,390,1129,761,-117,4223,294,1540,-1204,-1906
964,-171,-854,486,1240,761,-92,4244,331,1594,-1156,-1868
993,-163,-911,534,1307,764,-86,4248,351,1621,-1123,-1851
980,-187,-895,512,1297,762,-108,4222,343,1614,-1121,-1858
978,-203,-896,506,1303,760,-125,4199,336,1609,-1117,-1860
969,-224,-883,485,1295,760,-149,4173,327,1594,-1121,-1865
962,-244,-870,466,1287,760,-170,4149,319,1580,-1131,-1870
984,-236,-912,499,1333,763,-169,4148,330,1593,-1123,-1859
1014,-219,-967,548,1392,767,-161,4153,349,1616,-1106,-1839
1031,-201,-1007,586,1430,763,-158,4151,365,1636,-1098,-1820
1044,-159,-1061,649,1473,741,-146,4154,387,1664,-1090,-1794
1073,-80,-1164,768,1558,708,-115,4172,426,1711,-1072,-1749
1095,-5,-1252,873,1626,675,-87,4191,459,1746,-1051,-1710
1081,28,-1257,895,1613,646,-86,4186,467,1743,-1046,-1695
1034,18,-1182,833,1524,627,-111,4163,454,1712,-1059,-1704
973,-18,-1064,725,1395,617,-147,4130,431,1673,-1083,-1724
948,-30,-1003,671,1327,615,-165,4117,425,1667,-1086,-1726
957,-18,-997,669,1317,621,-169,4124,435,1686,-1068,-1712
966,-5,-992,669,1307,627,-179,4130,447,1702,-1045,-1694
964,-1,-965,648,1276,632,-197,4129,452,1710,-1025,-1680
948,-9,-912,603,1217,637,-218,4118,449,1706,-1018,-1671
943,-16,-871,566,1175,649,-235,4105,448,1707,-1012,-1659
957,-3,-873,571,1174,661,-235,4103,463,1732,-996,-1634
1008,41,-945,645,1246,675,-213,4123,499,1787,-961,-1592
1048,75,-997,699,1299,689,-201,4133,529,1830,-935,-1559
1086,103,-1046,747,1351,706,-196,4141,559,1867,-907,-1526
1121,116,-1081,777,1393,729,-197,4145,583,1891,-879,-1495
1126,97,-1059,748,1380,753,-211,4130,588,1889,-868,-1479
1124,69,-1024,705,1355,777,-228,4110,583,1877,-867,-1473
1132,47,-1011,682,1354,801,-244,4093,577,1867,-860,-1468
1137,13,-986,644,1345,829,-273,4070,559,1841,-859,-1478
1117,-47,-916,558,1291,858,-321,4031,517,1786,-874,-1506
1098,-95,-861,492,1250,876,-362,3993,476,1739,-894,-1529
1115,-96,-894,517,1292,885,-375,3981,457,1735,-898,-1525
1170,-52,-1012,629,1419,888,-360,3996,464,1768,-881,-1494
1245,11,-1173,784,1588,889,-333,4027,485,1820,-845,-1446
1295,50,-1284,889,1707,888,-319,4045,496,1849,-814,-1407
1313,64,-1339,939,1768,882,-314,4047,499,1860,-796,-1380
1328,78,-1391,988,1825,873,-303,4054,508,1877,-775,-1356
1351,98,-1457,1049,1895,863,-283,4068,528,1908,-746,-1334
1395,123,-1547,1131,1995,864,-253,4093,560,1952,-706,-1313
1444,141,-1634,1204,2095,872,-222,4118,594,2000,-665,-1290
1473,132,-1673,1227,2148,885,-208,4132,613,2023,-635,-1278
1464,86,-1636,1174,2124,897,-223,4118,608,2012,-632,-1286
1464,43,-1608,1128,2110,913,-240,4102,601,2002,-628,-1289
1457,1,-1570,1075,2083,924,-262,4083,587,1985,-629,-1295
1445,-36,-1531,1025,2050,930,-281,4066,573,1976,-630,-1296
1461,-52,-1538,1018,2065,942,-283,4067,573,1991,-618,-1291
1487,-63,-1556,1021,2092,957,-282,4072,577,2010,-609,-1294
1499,-77,-1555,1008,2096,969,-287,4067,577,2020,-608,-1302
1512,-70,-1572,1020,2111,969,-283,4063,586,2044,-601,-1286
1546,-24,-1646,1096,2176,958,-261,4072,614,2096,-575,-1237
1580,19,-1714,1165,2237,952,-247,4083,638,2139,-544,-1190
1584,20,-1707,1156,2227,956,-262,4070,635,2139,-529,-1173
1550,-23,-1616,1059,2135,967,-304,4029,600,2101,-538,-1191
1491,-86,-1478,919,1994,977,-359,3975,551,2052,-566,-1226
1455,-122,-1388,829,1902,986,-398,3936,513,2028,-583,-1244
1449,-129,-1358,797,1869,998,-421,3917,494,2029,-579,-1242
1447,-133,-1334,772,1842,1010,-448,3903,474,2028,-569,-1237
1433,-146,-1290,729,1796,1023,-485,3884,446,2015,-569,-1240
1411,-169,-1227,667,1732,1037,-527,3858,415,1996,-577,-1245
1399,-192,-1177,613,1684,1059,-561,3837,392,1987,-583,-1244
1409,-194,-1172,607,1682,1080,-579,3830,386,2004,-577,-1230
1453,-164,-1235,667,1749,1103,-574,3850,405,2054,-547,-1197
1481,-141,-1276,709,1792,1120,-568,3866,424,2105,-518,-1170
1512,-119,-1323,755,1842,1138,-557,3888,446,2161,-481,-1141
1542,-107,-1361,790,1888,1162,-551,3907,467,2214,-442,-1107
1545,-125,-1345,771,1880,1184,-564,3906,474,2241,-421,-1086
1538,-151,-1314,737,1857,1205,-581,3898,477,2259,-409,-1073
1542,-171,-1301,720,1855,1227,-595,3896,484,2274,-390,-1064
1544,-200,-1281,693,1848,1252,-619,3889,487,2277,-371,-1072
1525,-254,-1217,621,1800,1277,-665,3862,470,2254,-373,-1108
1512,-298,-1170,567,1766,1297,-707,3830,454,2239,-381,-1142
1537,-298,-1206,599,1815,1311,-718,3815,460,2266,-369,-1142
1599,-249,-1328,720,1946,1316,-696,3824,492,2329,-322,-1099
1679,-173,-1498,891,2121,1312,-658,3850,540,2412,-247,-1028
1738,-113,-1631,1026,2258,1303,-636,3860,576,2470,-180,-968
1773,-70,-1721,1121,2350,1289,-630,3852,597,2507,-127,-922
1810,-24,-1816,1220,2445,1272,-622,3845,619,2549,-78,-870
1868,34,-1943,1348,2575,1260,-604,3849,651,2606,-20,-803
1954,97,-2102,1500,2745,1262,-580,3866,690,2673,49,-728
2048,157,-2265,1652,2920,1270,-558,3887,729,2739,120,-654
2124,196,-2387,1762,3056,1280,-553,3898,761,2787,182,-593
2154,196,-2424,1788,3103,1286,-572,3884,770,2801,217,-555
2186,200,-2465,1819,3153,1292,-588,3875,780,2826,256,-512
2206,196,-2485,1830,3179,1295,-611,3860,785,2842,292,-472
2220,190,-2494,1832,3194,1296,-636,3838,783,2851,318,-435
2254,204,-2541,1871,3244,1299,-654,3826,789,2872,350,-391
2286,223,-2590,1914,3294,1299,-676,3810,790,2893,378,-353
2298,239,-2614,1937,3314,1291,-710,3781,778,2904,390,-328
2305,270,-2646,1974,3335,1271,-738,3753,767,2921,400,-299
2333,327,-2722,2056,3397,1251,-743,3744,775,2962,422,-253
2361,364,-2776,2110,3445,1247,-755,3737,780,2990,448,-214
2356,353,-2747,2076,3415,1254,-797,3707,759,2977,455,-201
2305,303,-2632,1956,3297,1261,-869,3650,706,2929,438,-214
2221,233,-2462,1787,3119,1261,-958,3575,632,2863,403,-244
2155,189,-2334,1663,2981,1257,-1033,3518,571,2822,383,-262
2114,159,-2245,1575,2887,1263,-1095,3481,520,2799,378,-272
2074,120,-2150,1477,2789,1276,-1156,3445,470,2774,374,-288
2019,64,-2022,1346,2660,1292,-1229,3397,412,2735,357,-315
1947,-7,-1865,1188,2501,1307,-1314,3337,347,2688,327,-343
1882,-75,-1719,1040,2355,1324,-1397,3281,285,2651,291,-362
1836,-127,-1608,927,2246,1344,-1463,3242,239,2637,260,-367
1836,-150,-1575,886,2220,1374,-1499,3232,220,2660,255,-353
1835,-184,-1533,834,2189,1409,-1532,3223,207,2685,261,-342
1848,-215,-1510,798,2181,1452,-1559,3220,203,2721,286,-324
1870,-243,-1502,776,2192,1496,-1580,3221,205,2765,325,-297
1868,-281,-1463,727,2166,1529,-1611,3205,197,2791,353,-273
1861,-310,-1430,690,2142,1551,-1643,3183,185,2810,375,-248
1867,-323,-1429,687,2150,1568,-1666,3167,176,2827,398,-222
1876,-344,-1425,678,2158,1590,-1697,3149,161,2824,413,-209
1864,-386,-1382,630,2129,1610,-1751,3115,126,2787,410,-215
1848,-414,-1352,603,2106,1616,-1801,3078,95,2754,402,-218
1872,-394,-1412,667,2171,1614,-1823,3069,93,2762,417,-193
1944,-328,-1568,827,2332,1612,-1816,3088,121,2816,461,-139
2053,-236,-1788,1048,2561,1614,-1791,3125,169,2896,531,-72
2145,-165,-1971,1230,2754,1618,-1776,3149,206,2955,594,-20
2212,-121,-2103,1359,2896,1622,-1772,3155,232,2995,642,18
2281,-80,-2235,1487,3039,1627,-1765,3160,260,3038,689,60
2358,-27,-2385,1633,3199,1628,-1753,3170,289,3081,735,109
2454,43,-2569,1813,3393,1630,-1734,3189,324,3131,785,167
2544,109,-2744,1982,3576,1629,-1715,3202,355,3175,832,223
2616,150,-2873,2104,3714,1632,-1709,3204,372,3199,868,266
2636,153,-2911,2137,3756,1627,-1728,3179,364,3186,876,285
2653,154,-2940,2162,3788,1620,-1752,3151,354,3174,888,304
2653,145,-2941,2160,3790,1611,-1783,3115,345,3160,901,321
2637,133,-2918,2137,3762,1594,-1814,3073,334,3147,913,343
2640,138,-2929,2146,3768,1579,-1830,3046,337,3157,943,384
2647,144,-2941,2154,3776,1568,-1850,3019,340,3170,977,422
2640,138,-2923,2132,3753,1558,-1882,2980,334,3174,998,446
2639,140,-2916,2122,3740,1548,-1911,2938,333,3188,1015,477
2666,171,-2962,2163,3779,1542,-1922,2907,351,3229,1047,529
2695,196,-3001,2195,3815,1542,-1942,2876,368,3263,1078,572
2688,181,-2960,2144,3772,1549,-1994,2824,361,3256,1082,580
2648,127,-2844,2017,3657,1562,-2075,2748,330,3211,1053,555
2591,60,-2697,1859,3509,1575,-2168,2662,283,3149,1005,517
2567,30,-2617,1770,3427,1588,-2235,2600,252,3115,979,504
2581,39,-2614,1759,3424,1602,-2276,2570,248,3116,982,515
2602,59,-2628,1765,3437,1616,-2310,2549,249,3128,994,524
2617,83,-2640,1775,3445,1625,-2347,2527,245,3133,1009,526
2617,104,-2636,1772,3434,1627,-2385,2499,237,3128,1020,528
2627,131,-2651,1788,3444,1632,-2415,2477,232,3134,1037,542
2666,178,-2716,1852,3509,1644,-2425,2473,244,3169,1068,575
2751,250,-2857,1986,3657,1670,-2406,2498,280,3239,1124,631
2832,306,-2982,2100,3793,1703,-2388,2521,313,3303,1176,687
2910,355,-3099,2207,3924,1738,-2372,2541,348,3363,1229,741
2983,392,-3206,2302,4048,1776,-2361,2556,379,3412,1279,785
3023,397,-3252,2337,4110,1812,-2367,2555,394,3435,1310,808
3047,381,-3266,2341,4143,1848,-2376,2554,406,3452,1332,825
3072,360,-3281,2343,4179,1887,-2380,2561,422,3476,1360,845
3088,317,-3268,2315,4191,1932,-2395,2562,425,3482,1384,851
3071,239,-3190,2223,4140,1975,-2433,2538,397,3451,1385,833
3037,166,-3102,2128,4071,2002,-2479,2504,362,3414,1374,813
3026,131,-3079,2104,4062,2016,-2507,2484,345,3411,1376,818
3047,137,-3129,2157,4123,2022,-2511,2481,352,3442,1395,846
3087,165,-3220,2252,4223,2024,-2507,2487,367,3483,1425,882
3106,173,-3269,2304,4281,2024,-2519,2477,366,3494,1443,904
3090,155,-3255,2297,4273,2017,-2551,2442,346,3474,1442,908
3070,135,-3235,2284,4256,2007,-2581,2400,325,3452,1440,913
3055,122,-3223,2279,4246,1994,-2608,2361,305,3432,1443,918
3046,126,-3232,2299,4253,1973,-2628,2327,289,3418,1455,924
3034,138,-3244,2324,4257,1945,-2648,2289,273,3400,1459,926
3010,136,-3226,2318,4231,1916,-2678,2239,247,3362,1446,919
2955,106,-3145,2249,4139,1886,-2730,2166,201,3296,1418,898
2908,86,-3080,2197,4062,1853,-2772,2102,162,3243,1410,895
2858,69,-3011,2141,3978,1818,-2812,2040,127,3202,1408,898
2810,53,-2943,2084,3892,1784,-2843,1987,99,3176,1409,903
2796,58,-2927,2075,3863,1760,-2849,1965,95,3181,1429,925
2799,69,-2931,2080,3856,1744,-2844,1960,105,3200,1458,957
2792,76,-2919,2071,3832,1726,-2838,1955,115,3211,1483,990
2793,100,-2930,2086,3826,1704,-2821,1952,131,3233,1504,1029
2832,154,-3008,2165,3890,1690,-2781,1964,168,3284,1539,1086
2888,200,-3094,2242,3970,1694,-2744,1978,200,3328,1577,1138
2910,211,-3111,2249,3982,1701,-2731,1970,208,3342,1598,1165
2890,185,-3048,2177,3914,1708,-2745,1936,190,3325,1597,1163
2845,138,-2942,2062,3800,1713,-2771,1884,152,3292,1580,1145
2822,112,-2879,1990,3733,1723,-2788,1844,123,3277,1575,1144
2830,111,-2873,1972,3726,1738,-2794,1821,107,3281,1589,1156
2837,109,-2868,1957,3720,1754,-2807,1799,90,3277,1605,1161
2826,96,-2835,1916,3687,1767,-2837,1767,63,3247,1610,1149
2790,74,-2772,1850,3619,1772,-2883,1725,30,3203,1604,1128
2750,57,-2711,1790,3553,1772,-2929,1684,-3,3161,1589,1108
2727,60,-2690,1772,3526,1770,-2955,1656,-23,3140,1580,1102
2749,101,-2753,1836,3588,1774,-2946,1658,-16,3156,1596,1121
2767,134,-2806,1890,3643,1781,-2933,1658,-8,3169,1611,1142
2792,162,-2863,1945,3707,1795,-2918,1662,-1,3184,1630,1166
2817,182,-2913,1992,3767,1814,-2906,1664,-1,3190,1649,1187
2814,169,-2905,1979,3772,1835,-2911,1642,-22,3166,1648,1186
2805,136,-2873,1938,3757,1865,-2923,1605,-54,3128,1632,1172
2811,96,-2849,1901,3759,1907,-2931,1571,-86,3094,1618,1156
2819,32,-2804,1834,3748,1965,-2949,1536,-123,3053,1600,1127
2799,-70,-2695,1701,3676,2028,-2994,1480,-181,2986,1562,1076
2765,-167,-2576,1564,3587,2076,-3041,1414,-242,2924,1520,1026
2753,-220,-2525,1504,3558,2107,-3064,1369,-281,2901,1500,1003
2774,-223,-2557,1533,3605,2123,-3058,1348,-292,2916,1505,1004
2816,-200,-2636,1611,3695,2134,-3036,1343,-284,2947,1524,1016
2837,-198,-2670,1644,3740,2143,-3029,1325,-284,2953,1529,1015
2830,-220,-2654,1628,3732,2147,-3037,1290,-296,2937,1516,1001
2825,-235,-2642,1619,3726,2145,-3040,1258,-299,2935,1506,994
2836,-232,-2664,1643,3750,2141,-3027,1241,-288,2959,1512,999
2875,-213,-2728,1704,3819,2143,-2999,1243,-263,3001,1531,1012
2920,-188,-2801,1774,3897,2143,-2968,1250,-233,3040,1550,1027
2954,-175,-2851,1820,3948,2141,-2950,1250,-209,3057,1562,1035
2948,-194,-2825,1793,3921,2133,-2956,1229,-207,3037,1552,1019
2947,-204,-2812,1778,3903,2122,-2957,1216,-206,3019,1543,1003
2942,-219,-2789,1753,3874,2110,-2961,1204,-209,2995,1525,979
2935,-234,-2760,1721,3839,2098,-2965,1191,-213,2975,1499,951
2961,-228,-2786,1740,3860,2093,-2948,1198,-200,2986,1489,939
3002,-211,-2835,1779,3906,2093,-2916,1215,-176,3013,1489,938
3035,-195,-2874,1811,3940,2090,-2885,1230,-154,3040,1486,937
3074,-161,-2937,1869,3993,2080,-2842,1249,-127,3074,1485,946
3145,-92,-3064,1993,4111,2070,-2773,1284,-81,3129,1501,978
3228,-28,-3199,2118,4242,2074,-2701,1323,-38,3169,1521,1006
3277,-3,-3259,2165,4301,2084,-2652,1342,-22,3163,1520,1003
3283,-24,-3230,2123,4273,2098,-2635,1336,-34,3115,1495,969
3250,-69,-3139,2024,4181,2105,-2637,1308,-69,3046,1447,916
3229,-96,-3080,1958,4119,2110,-2626,1292,-92,2998,1405,873
3230,-105,-3060,1930,4100,2121,-2597,1294,-102,2964,1372,841
3225,-123,-3027,1890,4071,2135,-2572,1297,-114,2925,1338,805
3200,-154,-2963,1819,4009,2148,-2563,1291,-138,2869,1296,759
3147,-205,-2853,1708,3902,2157,-2569,1268,-171,2802,1242,706
3092,-258,-2742,1594,3794,2169,-2573,1244,-204,2746,1191,656
3047,-296,-2656,1509,3712,2178,-2567,1229,-227,2709,1146,613
3042,-298,-2647,1500,3710,2191,-2536,1242,-228,2705,1123,589
3031,-304,-2630,1484,3700,2204,-2507,1252,-232,2689,1094,558
3017,-306,-2617,1475,3693,2212,-2481,1261,-237,2668,1064,523
3000,-303,-2606,1472,3686,2215,-2456,1270,-244,2646,1040,492
2948,-318,-2544,1425,3622,2206,-2445,1264,-267,2607,1002,444
2885,-339,-2466,1364,3542,2192,-2440,1256,-295,2560,959,392
2838,-354,-2411,1323,3486,2184,-2434,1257,-319,2514,919,341
2794,-382,-2346,1268,3427,2186,-2434,1259,-346,2456,877,280
2728,-441,-2231,1160,3319,2191,-2448,1251,-389,2378,822,198
2661,-498,-2116,1055,3209,2192,-2455,1240,-428,2311,761,116
2631,-513,-2081,1031,3177,2188,-2428,1255,-440,2295,720,58
2644,-483,-2135,1098,3232,2180,-2367,1304,-419,2334,705,37
2692,-427,-2250,1222,3348,2175,-2286,1377,-374,2404,714,42
2730,-391,-2335,1313,3437,2174,-2215,1444,-331,2459,722,46
2738,-377,-2368,1354,3469,2166,-2160,1492,-300,2495,715,40
2743,-358,-2403,1400,3499,2150,-2104,1538,-267,2530,706,40
2752,-331,-2450,1458,3538,2130,-2041,1586,-228,2572,704,47
2786,-294,-2531,1544,3615,2118,-1964,1643,-179,2623,716,62
2826,-262,-2612,1626,3694,2111,-1884,1697,-131,2667,727,72
2854,-250,-2660,1671,3742,2108,-1815,1739,-93,2689,722,65
2840,-278,-2627,1634,3707,2104,-1776,1751,-84,2676,688,26
2828,-307,-2593,1594,3672,2100,-1742,1760,-83,2659,659,-20
2807,-339,-2546,1543,3621,2092,-1714,1764,-88,2632,627,-74
2770,-371,-2482,1478,3548,2073,-1689,1764,-98,2596,582,-132
2757,-384,-2459,1453,3517,2057,-1653,1783,-96,2576,539,-172
2757,-392,-2453,1439,3507,2049,-1611,1809,-86,2560,497,-205
2752,-410,-2430,1407,3480,2044,-1573,1826,-80,2537,453,-243
2752,-412,-2426,1397,3470,2033,-1524,1844,-70,2526,415,-270
2783,-372,-2493,1461,3527,2017,-1453,1878,-40,2544,402,-268
2832,-325,-2585,1545,3612,2009,-1382,1924,-4,2569,404,-260
2863,-309,-2624,1573,3651,2013,-1335,1955,15,2561,389,-270
2864,-328,-2596,1531,3625,2022,-1312,1964,10,2519,354,-302
2845,-360,-2534,1458,3563,2029,-1300,1961,-9,2466,307,-344
2844,-366,-2515,1431,3543,2033,-1276,1971,-17,2436,275,-370
2872,-345,-2553,1460,3581,2041,-1234,2003,-9,2431,267,-376
2899,-331,-2581,1480,3613,2055,-1193,2040,-1,2425,264,-386
2908,-329,-2581,1472,3616,2068,-1161,2073,4,2413,255,-404
2892,-341,-2541,1430,3576,2074,-1143,2094,2,2388,229,-434
2870,-353,-2498,1386,3532,2079,-1128,2114,-3,2358,195,-470
2857,-347,-2483,1374,3514,2079,-1102,2141,-1,2338,160,-503
2875,-307,-2533,1430,3561,2078,-1051,2192,22,2346,146,-520
2874,-273,-2561,1468,3582,2071,-1004,2235,39,2343,129,-541
2862,-243,-2576,1496,3589,2059,-962,2268,51,2330,109,-563
2842,-219,-2578,1512,3582,2046,-926,2297,60,2310,92,-586
2784,-228,-2512,1463,3507,2030,-910,2303,51,2268,60,-621
2709,-258,-2409,1376,3395,2016,-902,2295,27,2211,20,-663
2642,-294,-2310,1290,3293,2011,-896,2287,2,2151,-20,-709
2572,-346,-2192,1181,3176,2013,-906,2277,-32,2079,-63,-766
2472,-430,-2015,1013,3001,2017,-939,2254,-84,1985,-124,-847
2365,-514,-1830,840,2814,2013,-968,2228,-133,1899,-197,-930
2294,-568,-1712,733,2696,2011,-965,2223,-158,1858,-256,-990
2268,-582,-1680,709,2664,2011,-928,2246,-152,1865,-290,-1023
2274,-570,-1705,742,2691,2012,-871,2288,-130,1895,-303,-1040
2272,-569,-1709,753,2698,2013,-824,2321,-119,1906,-326,-1066
2248,-588,-1673,723,2662,2010,-794,2333,-123,1886,-373,-1108
2235,-599,-1653,709,2643,2007,-764,2342,-123,1868,-426,-1148
2238,-597,-1663,724,2654,2003,-726,2358,-113,1857,-472,-1181
2269,-582,-1713,772,2708,2008,-682,2385,-92,1856,-505,-1205
2313,-568,-1777,829,2779,2019,-640,2416,-68,1860,-532,-1224
2348,-569,-1814,857,2825,2032,-608,2439,-51,1855,-560,-1246
2336,-603,-1772,809,2786,2035,-600,2437,-57,1823,-600,-1284
2329,-634,-1737,767,2754,2037,-584,2439,-57,1800,-626,-1313
2321,-665,-1702,725,2721,2037,-563,2442,-53,1780,-646,-1343
2310,-698,-1662,677,2682,2036,-537,2444,-49,1759,-670,-1379
2329,-707,-1676,679,2698,2039,-496,2459,-36,1758,-684,-1406
2361,-701,-1717,710,2740,2040,-455,2477,-22,1756,-697,-1427
2385,-697,-1747,731,2771,2038,-420,2483,-15,1745,-719,-1452
2411,-680,-1792,768,2811,2030,-380,2483,-6,1739,-742,-1470
2461,-633,-1890,862,2904,2018,-316,2499,26,1763,-745,-1464
2522,-588,-1995,957,3008,2017,-249,2520,57,1785,-738,-1452
2554,-583,-2030,979,3046,2025,-202,2521,63,1765,-750,-1463
2547,-618,-1985,920,3005,2035,-182,2492,38,1701,-786,-1504
2510,-671,-1891,817,2912,2038,-182,2441,-11,1610,-841,-1569
2480,-698,-1829,752,2846,2032,-174,2399,-59,1533,-896,-1630
2473,-700,-1815,738,2828,2025,-151,2377,-91,1482,-938,-1677
2468,-706,-1799,718,2810,2025,-128,2359,-123,1435,-972,-1720
2447,-728,-1751,668,2762,2027,-114,2335,-161,1378,-1000,-1764
2402,-759,-1670,591,2676,2020,-106,2306,-204,1313,-1033,-1811
2356,-787,-1591,518,2592,2013,-97,2280,-248,1254,-1067,-1852
2321,-796,-1541,477,2535,2003,-77,2265,-280,1212,-1098,-1881
2325,-763,-1571,518,2558,1992,-36,2276,-287,1206,-1107,-1886
2323,-731,-1594,555,2574,1980,0,2286,-294,1196,-1124,-1894
2325,-699,-1620,593,2594,1972,34,2295,-300,1188,-1143,-1905
2331,-669,-1649,633,2620,1968,67,2304,-302,1185,-1154,-1918
2313,-664,-1629,625,2598,1965,86,2294,-315,1163,-1174,-1948
2284,-667,-1587,597,2554,1961,101,2275,-333,1137,-1196,-1984
2263,-663,-1563,586,2527,1956,121,2264,-347,1121,-1206,-2009
2246,-666,-1536,569,2502,1960,134,2256,-361,1097,-1210,-2032
2209,-702,-1456,494,2427,1970,123,2234,-391,1050,-1225,-2071
2164,-741,-1366,412,2340,1976,109,2204,-425,1005,-1249,-2113
2147,-745,-1341,396,2316,1975,115,2183,-442,991,-1261,-2135
2175,-713,-1396,459,2374,1979,149,2182,-435,1012,-1251,-2130
2226,-661,-1496,564,2479,1984,199,2195,-413,1051,-1221,-2108
2255,-631,-1553,627,2539,1987,234,2194,-400,1071,-1204,-2100
2247,-633,-1541,623,2528,1984,246,2164,-408,1060,-1213,-2117
2229,-639,-1515,606,2501,1976,254,2125,-421,1040,-1237,-2141
2211,-639,-1498,600,2480,1962,264,2088,-430,1017,-1267,-2161
2202,-625,-1503,617,2478,1944,280,2063,-433,1002,-1289,-2174
2188,-609,-1507,635,2473,1918,297,2043,-436,991,-1305,-2186
2169,-609,-1491,627,2449,1899,310,2024,-443,978,-1320,-2200
2116,-649,-1402,544,2355,1882,303,1986,-471,936,-1357,-2231
2072,-684,-1329,474,2277,1867,301,1957,-496,900,-1388,-2254
2031,-716,-1262,408,2205,1851,297,1930,-517,864,-1416,-2270
1986,-747,-1193,340,2127,1831,285,1901,-541,825,-1446,-2286
1971,-754,-1179,325,2106,1815,285,1887,-551,806,-1466,-2290
1972,-750,-1193,335,2114,1801,289,1882,-553,798,-1484,-2295
1964,-748,-1196,334,2109,1784,288,1869,-558,785,-1515,-2309
1958,-734,-1212,350,2113,1760,294,1852,-557,783,-1548,-2314
1979,-684,-1292,431,2176,1730,328,1852,-536,818,-1558,-2290
2014,-629,-1390,527,2262,1709,365,1862,-508,860,-1554,-2264
2024,-612,-1424,554,2287,1696,375,1852,-503,863,-1563,-2264
2000,-639,-1380,500,2238,1692,354,1814,-527,819,-1592,-2297
1953,-694,-1285,393,2139,1693,308,1755,-571,746,-1641,-2350
1924,-734,-1223,318,2075,1697,269,1702,-610,688,-1689,-2398
1927,-756,-1212,290,2066,1712,243,1662,-637,652,-1724,-2433
1936,-789,-1195,250,2057,1741,212,1618,-667,613,-1761,-2471
1938,-844,-1147,175,2023,1781,170,1564,-707,562,-1803,-2515
1910,-919,-1050,57,1938,1816,118,1492,-759,497,-1858,-2563
1875,-995,-944,-69,1843,1849,74,1416,-810,442,-1908,-2609
1850,-1056,-861,-168,1769,1880,45,1346,-851,408,-1946,-2651
1869,-1078,-860,-185,1781,1917,43,1303,-868,411,-1956,-2677
1885,-1097,-859,-199,1790,1950,42,1256,-882,414,-1965,-2702
1904,-1109,-864,-204,1807,1981,43,1211,-895,418,-1966,-2718
1937,-1114,-889,-190,1846,2018,43,1170,-904,419,-1960,-2727
1947,-1133,-878,-208,1847,2048,23,1114,-931,397,-1973,-2748
1948,-1151,-854,-234,1833,2073,-5,1053,-967,370,-1995,-2771
1958,-1157,-853,-235,1842,2094,-24,1004,-999,357,-2004,-2780
1976,-1169,-851,-241,1855,2124,-40,967,-1031,351,-1996,-2783
1977,-1209,-803,-296,1826,2161,-69,927,-1072,331,-1990,-2802
1970,-1246,-749,-351,1789,2189,-95,887,-1111,309,-1999,-2834
1987,-1237,-766,-327,1815,2201,-95,873,-1127,321,-2004,-2864
2040,-1174,-871,-209,1924,2199,-66,888,-1115,373,-1995,-2871
2113,-1081,-1027,-36,2081,2190,-18,922,-1082,450,-1964,-2855
2166,-1008,-1143,97,2198,2178,23,950,-1055,513,-1937,-2841
2180,-971,-1185,156,2238,2163,46,962,-1043,551,-1926,-2835
2182,-944,-1205,195,2257,2145,63,971,-1032,585,-1916,-2821
2182,-919,-1224,230,2273,2124,79,983,-1017,619,-1902,-2797
2191,-888,-1257,279,2304,2104,98,1001,-999,650,-1884,-2768
2193,-863,-1280,316,2322,2081,113,1018,-983,673,-1867,-2741
2180,-863,-1265,311,2306,2063,117,1028,-970,679,-1856,-2723
2126,-913,-1160,211,2201,2049,97,1015,-979,650,-1865,-2729
2072,-970,-1051,102,2093,2040,79,1004,-986,626,-1872,-2734
2024,-1033,-943,-10,1989,2037,62,997,-988,607,-1875,-2737
1976,-1099,-835,-125,1886,2036,46,992,-989,592,-1880,-2740
1963,-1140,-787,-185,1844,2042,47,1008,-973,607,-1867,-2727
1974,-1170,-776,-214,1843,2056,56,1036,-944,638,-1847,-2708
1982,-1202,-760,-249,1835,2070,60,1059,-916,666,-1835,-2696
1997,-1222,-764,-264,1845,2082,70,1077,-886,700,-1827,-2677
2041,-1205,-836,-209,1920,2089,105,1107,-839,763,-1800,-2632
2098,-1175,-933,-131,2019,2099,145,1145,-790,825,-1757,-2579
2121,-1170,-971,-110,2056,2105,167,1161,-765,845,-1729,-2547
2099,-1199,-931,-163,2011,2106,165,1151,-766,819,-1726,-2547
2049,-1249,-841,-265,1914,2104,152,1121,-788,770,-1743,-2571
2011,-1281,-782,-334,1845,2102,147,1097,-805,738,-1759,-2595
2006,-1285,-784,-344,1839,2104,155,1092,-806,730,-1759,-2603
2002,-1292,-783,-358,1831,2112,158,1087,-803,722,-1757,-2608
1984,-1313,-754,-398,1797,2122,152,1075,-804,705,-1758,-2618
1941,-1351,-682,-478,1718,2130,132,1048,-810,673,-1776,-2637
1892,-1394,-598,-567,1627,2137,108,1015,-817,647,-1801,-2658
1851,-1425,-532,-636,1555,2144,94,985,-820,640,-1821,-2670
1848,-1416,-542,-626,1560,2151,103,976,-804,666,-1815,-2658
1838,-1403,-548,-615,1559,2151,110,964,-790,682,-1809,-2649
1820,-1387,-545,-607,1546,2144,111,949,-781,688,-1809,-2644
1801,-1369,-541,-596,1534,2136,109,938,-772,688,-1809,-2637
1756,-1374,-487,-632,1471,2124,95,914,-775,670,-1822,-2646
1701,-1388,-410,-689,1388,2111,79,886,-783,645,-1841,-2664
1660,-1397,-351,-730,1326,2103,69,869,-787,628,-1857,-2676
1626,-1411,-291,-773,1269,2101,50,857,-792,609,-1870,-2690
1578,-1450,-191,-859,1175,2105,9,835,-816,572,-1895,-2722
1527,-1483,-92,-939,1082,2101,-26,814,-840,540,-1926,-2752
1521,-1474,-80,-934,1075,2096,-28,819,-841,546,-1935,-2757
1571,-1417,-170,-828,1175,2095,9,859,-812,599,-1916,-2732
1663,-1334,-328,-659,1346,2102,70,923,-760,677,-1876,-2688
1750,-1266,-468,-513,1502,2113,124,982,-712,742,-1844,-2654
1806,-1226,-548,-425,1598,2119,156,1021,-681,778,-1829,-2641
1863,-1193,-625,-344,1691,2129,189,1057,-652,814,-1811,-2624
1934,-1160,-717,-254,1803,2145,230,1099,-621,852,-1785,-2597
2026,-1119,-840,-139,1949,2168,279,1155,-585,895,-1744,-2556
2121,-1078,-969,-20,2100,2190,329,1215,-544,945,-1690,-2508
2202,-1048,-1076,76,2227,2208,366,1270,-507,984,-1633,-2468
2239,-1051,-1109,100,2274,2216,372,1297,-495,983,-1602,-2458
2271,-1050,-1144,127,2319,2218,375,1320,-490,977,-1577,-2456
2292,-1048,-1173,150,2352,2211,370,1332,-489,968,-1563,-2461
2293,-1045,-1185,160,2359,2190,364,1333,-493,956,-1562,-2471
2318,-1025,-1239,208,2409,2173,376,1345,-482,966,-1552,-2468
2360,-1001,-1318,274,2487,2167,397,1361,-463,987,-1539,-2459
2396,-987,-1382,322,2550,2165,410,1369,-445,1002,-1536,-2455
2436,-969,-1454,378,2620,2163,423,1374,-424,1023,-1540,-2448
2502,-920,-1585,492,2746,2162,459,1393,-382,1063,-1534,-2422
2582,-870,-1729,613,2889,2172,498,1420,-334,1105,-1517,-2390
2626,-858,-1798,658,2958,2187,513,1426,-306,1116,-1512,-2379
2619,-892,-1771,607,2928,2202,498,1410,-300,1097,-1526,-2394
2576,-949,-1681,499,2833,2212,468,1378,-312,1058,-1560,-2426
2537,-991,-1608,411,2751,2219,449,1354,-319,1031,-1587,-2451
2521,-1011,-1578,366,2714,2230,447,1348,-312,1028,-1591,-2464
2496,-1038,-1532,307,2660,2243,438,1338,-309,1019,-1593,-2486
2451,-1080,-1446,211,2567,2255,411,1317,-318,991,-1602,-2517
2380,-1137,-1318,79,2429,2263,369,1279,-338,947,-1623,-2550
2310,-1191,-1189,-52,2292,2273,327,1244,-356,910,-1641,-2573
2259,-1227,-1096,-145,2192,2284,296,1219,-362,890,-1649,-2582
2261,-1218,-1097,-145,2191,2301,289,1225,-341,912,-1629,-2567
2269,-1202,-1109,-131,2203,2320,279,1230,-319,935,-1611,-2551
2286,-1184,-1130,-108,2227,2343,267,1232,-301,958,-1595,-2534
2314,-1161,-1165,-71,2270,2370,258,1235,-284,979,-1576,-2513
2322,-1158,-1159,-73,2272,2394,240,1222,-280,980,-1573,-2508
2320,-1166,-1131,-95,2255,2420,216,1201,-281,968,-1584,-2515
2333,-1176,-1117,-107,2258,2453,197,1186,-276,954,-1598,-2523
2346,-1193,-1097,-127,2258,2489,175,1176,-272,934,-1611,-2538
2334,-1243,-1020,-204,2204,2526,135,1159,-282,901,-1634,-2566
2307,-1297,-925,-294,2130,2553,99,1143,-292,876,-1658,-2592
2306,-1311,-899,-312,2118,2567,93,1151,-278,893,-1662,-2592
2342,-1276,-963,-235,2193,2569,121,1187,-235,956,-1637,-2559
2408,-1212,-1088,-96,2329,2567,168,1243,-176,1039,-1593,-2510
2464,-1161,-1191,19,2443,2564,205,1289,-128,1101,-1555,-2472
2483,-1142,-1230,70,2491,2554,223,1312,-99,1131,-1539,-2456
2497,-1123,-1265,117,2532,2537,237,1331,-69,1161,-1522,-2443
2521,-1098,-1318,180,2591,2521,255,1356,-31,1198,-1498,-2425
2563,-1069,-1394,260,2678,2510,279,1393,13,1245,-1455,-2398
2606,-1052,-1461,323,2758,2508,302,1430,57,1287,-1406,-2369
2638,-1066,-1488,339,2804,2516,314,1457,91,1310,-1365,-2351
2620,-1130,-1416,254,2751,2523,294,1452,94,1284,-1359,-2361
2596,-1199,-1335,158,2686,2530,268,1440,91,1249,-1361,-2377
2566,-1267,-1250,57,2613,2531,236,1422,85,1211,-1370,-2399
2518,-1332,-1150,-53,2517,2519,196,1394,71,1164,-1395,-2433
2491,-1367,-1101,-110,2468,2502,170,1377,68,1130,-1415,-2459
2479,-1382,-1087,-134,2451,2483,154,1369,71,1103,-1428,-2478
2459,-1395,-1066,-163,2421,2459,141,1356,70,1074,-1441,-2498
2435,-1395,-1053,-179,2393,2428,142,1346,77,1061,-1450,-2512
2439,-1358,-1104,-129,2425,2392,172,1351,104,1084,-1444,-2503
2468,-1313,-1185,-56,2492,2372,209,1367,138,1118,-1426,-2482
2483,-1305,-1214,-42,2514,2369,224,1370,155,1124,-1422,-2474
2469,-1340,-1169,-108,2465,2380,213,1356,149,1097,-1439,-2485
2433,-1397,-1078,-220,2371,2395,187,1327,126,1051,-1476,-2508
2415,-1435,-1022,-295,2312,2412,173,1310,113,1025,-1505,-2517
2432,-1439,-1034,-302,2321,2433,177,1319,120,1033,-1506,-2508
2452,-1433,-1056,-295,2340,2454,182,1333,131,1049,-1493,-2499
2459,-1433,-1060,-303,2337,2473,179,1344,135,1052,-1486,-2504
2445,-1447,-1028,-342,2298,2489,168,1339,128,1035,-1496,-2529
2434,-1462,-996,-380,2261,2509,156,1328,118,1013,-1518,-2560
2432,-1460,-990,-388,2249,2528,147,1313,110,998,-1546,-2588
2472,-1416,-1067,-310,2321,2546,160,1316,120,1010,-1554,-2588
2511,-1367,-1149,-224,2396,2562,173,1312,128,1018,-1562,-2577
2551,-1314,-1235,-131,2477,2575,187,1311,140,1036,-1558,-2553
2602,-1250,-1342,-14,2580,2589,206,1320,161,1071,-1528,-2514
2636,-1203,-1417,72,2652,2602,215,1323,174,1096,-1497,-2478
2671,-1169,-1480,143,2717,2623,220,1323,188,1123,-1473,-2446
2727,-1132,-1567,234,2814,2653,229,1336,212,1161,-1443,-2415
2791,-1100,-1658,327,2921,2691,234,1354,236,1193,-1410,-2397
2835,-1098,-1700,367,2982,2732,222,1362,241,1192,-1390,-2402
2862,-1101,-1721,392,3019,2762,212,1361,239,1182,-1379,-2408
2911,-1074,-1797,474,3109,2785,229,1378,256,1205,-1355,-2386
2995,-1010,-1945,629,3270,2802,275,1419,299,1268,-1307,-2330
3098,-922,-2138,830,3475,2812,339,1476,356,1351,-1238,-2253
3176,-850,-2291,995,3637,2813,388,1523,403,1414,-1174,-2186
3204,-811,-2363,1083,3712,2800,409,1540,423,1436,-1140,-2150
3214,-778,-2410,1149,3757,2776,419,1546,430,1443,-1119,-2129
3217,-746,-2452,1210,3795,2745,428,1549,432,1447,-1102,-2110
3231,-716,-2501,1273,3845,2721,440,1558,435,1453,-1076,-2087
3240,-705,-2528,1307,3875,2703,443,1562,431,1454,-1048,-2071
3228,-721,-2505,1288,3857,2688,429,1553,414,1433,-1027,-2072
3156,-779,-2380,1170,3731,2660,379,1507,364,1370,-1041,-2107
3072,-844,-2236,1032,3582,2628,319,1452,306,1297,-1065,-2149
2983,-913,-2082,883,3424,2595,255,1390,243,1222,-1099,-2194
2883,-986,-1913,718,3246,2557,189,1321,177,1143,-1145,-2245
2808,-1034,-1792,600,3115,2521,136,1271,123,1089,-1178,-2282
2752,-1065,-1703,511,3017,2487,95,1237,81,1056,-1195,-2309
2691,-1100,-1607,413,2910,2454,58,1199,42,1029,-1214,-2337
2634,-1123,-1524,330,2813,2418,37,1164,15,1021,-1234,-2360
2609,-1104,-1512,320,2783,2378,50,1146,16,1056,-1240,-2363
2605,-1066,-1542,349,2793,2342,78,1146,28,1103,-1234,-2355
2584,-1053,-1526,330,2762,2314,93,1132,26,1118,-1242,-2360
2535,-1078,-1445,242,2667,2295,84,1096,3,1092,-1275,-2384
2465,-1129,-1317,106,2527,2282,58,1043,-39,1046,-1329,-2419
2411,-1168,-1218,-4,2416,2275,39,999,-74,1022,-1375,-2437
2396,-1182,-1182,-52,2373,2279,38,978,-91,1025,-1395,-2436
2383,-1202,-1145,-104,2332,2292,36,959,-105,1022,-1408,-2435
2357,-1234,-1083,-179,2265,2306,25,935,-123,1007,-1419,-2441
2301,-1281,-978,-291,2152,2313,-3,899,-155,969,-1442,-2462
2241,-1328,-870,-403,2034,2319,-41,856,-194,928,-1475,-2492
2188,-1358,-788,-483,1940,2320,-75,816,-227,899,-1510,-2518
2174,-1347,-788,-479,1928,2322,-81,806,-232,907,-1514,-2516
2166,-1333,-797,-465,1928,2326,-81,805,-229,923,-1499,-2505
2163,-1321,-810,-447,1935,2336,-79,806,-223,939,-1470,-2492
2170,-1302,-841,-410,1963,2348,-70,810,-214,956,-1433,-2473
2151,-1300,-831,-409,1946,2353,-70,798,-217,951,-1413,-2464
2116,-1307,-797,-428,1906,2352,-71,779,-229,935,-1402,-2460
2096,-1306,-785,-427,1890,2354,-66,767,-236,927,-1389,-2453
2090,-1314,-779,-425,1889,2370,-66,762,-242,914,-1376,-2458
2074,-1354,-731,-472,1855,2398,-88,747,-265,875,-1377,-2493
2048,-1397,-669,-528,1806,2419,-114,726,-290,836,-1384,-2538
2052,-1397,-681,-507,1826,2428,-113,728,-290,837,-1371,-2560
2102,-1344,-790,-385,1942,2429,-79,759,-258,887,-1330,-2547
2178,-1256,-960,-198,2117,2420,-23,811,-202,966,-1270,-2506
2241,-1175,-1111,-29,2270,2404,26,859,-148,1030,-1217,-2463
2268,-1126,-1192,71,2352,2382,55,882,-112,1065,-1187,-2436
2295,-1087,-1263,158,2427,2364,86,901,-79,1101,-1157,-2404
2333,-1047,-1344,249,2513,2348,123,922,-42,1144,-1123,-2361
2390,-999,-1453,365,2631,2337,165,950,2,1194,-1078,-2311
2452,-949,-1567,483,2754,2327,206,975,44,1238,-1033,-2265
2503,-917,-1653,569,2850,2319,237,992,75,1267,-997,-2231
2511,-930,-1648,562,2854,2311,239,982,78,1255,-986,-2222
2513,-956,-1623,531,2839,2307,231,969,73,1232,-982,-2220
2509,-987,-1587,489,2811,2301,217,950,64,1204,-986,-2225
2490,-1023,-1529,426,2756,2290,192,918,43,1161,-1006,-2242
2494,-1043,-1508,397,2739,2283,177,895,28,1134,-1020,-2253
2510,-1052,-1509,387,2743,2279,165,876,18,1120,-1022,-2257
2510,-1066,-1488,357,2721,2271,144,846,0,1102,-1029,-2265
2503,-1073,-1464,329,2690,2254,125,814,-17,1092,-1041,-2263
2522,-1045,-1501,362,2715,2235,133,796,-13,1113,-1040,-2234
2564,-1006,-1571,424,2778,2227,150,791,0,1142,-1025,-2198
2589,-997,-1592,431,2794,2230,147,775,-4,1141,-1019,-2185
2577,-1023,-1540,365,2738,2237,118,740,-31,1103,-1034,-2202
2543,-1067,-1447,259,2639,2245,75,695,-71,1046,-1067,-2235
2518,-1093,-1384,184,2567,2250,50,664,-99,1015,-1090,-2252
2531,-1086,-1390,178,2567,2262,53,658,-101,1021,-1081,-2243
2548,-1079,-1402,177,2575,2281,61,655,-99,1024,-1063,-2231
2553,-1081,-1395,157,2563,2301,57,643,-106,1012,-1051,-2231
2528,-1094,-1350,108,2508,2310,39,615,-125,982,-1057,-2245
2489,-1103,-1296,56,2439,2310,15,582,-143,953,-1072,-2260
2455,-1102,-1261,26,2389,2308,-1,554,-150,940,-1087,-2266
2456,-1064,-1300,72,2413,2306,8,551,-131,963,-1080,-2247
2450,-1027,-1334,116,2431,2301,14,542,-117,981,-1077,-2229
2438,-998,-1355,150,2439,2297,14,525,-111,983,-1083,-2217
2436,-974,-1385,187,2462,2303,12,507,-109,977,-1090,-2210
2414,-978,-1371,180,2445,2313,-8,471,-129,941,-1114,-2223
2375,-1002,-1321,137,2394,2324,-44,420,-164,886,-1152,-2251
2343,-1029,-1275,98,2352,2341,-79,372,-203,830,-1189,-2279
2315,-1072,-1220,42,2308,2368,-116,327,-247,769,-1219,-2312
2266,-1155,-1103,-79,2210,2404,-172,273,-308,684,-1256,-2367
2203,-1249,-961,-223,2086,2436,-235,208,-373,600,-1305,-2428
2163,-1307,-877,-305,2018,2457,-277,161,-417,557,-1340,-2465
2162,-1312,-884,-290,2035,2464,-286,142,-433,558,-1348,-2474
2185,-1276,-954,-207,2111,2458,-271,142,-430,587,-1337,-2463
2199,-1236,-1019,-125,2177,2440,-263,142,-430,604,-1322,-2453
2182,-1216,-1028,-95,2185,2412,-273,123,-446,596,-1321,-2458
2166,-1195,-1038,-65,2192,2379,-280,101,-460,593,-1319,-2458
2164,-1163,-1071,-14,2224,2348,-276,86,-466,604,-1311,-2448
2188,-1124,-1135,61,2291,2326,-260,85,-464,627,-1291,-2430
2222,-1088,-1204,136,2368,2309,-241,87,-459,649,-1270,-2410
2253,-1067,-1254,186,2428,2300,-225,88,-455,655,-1252,-2396
2250,-1091,-1223,151,2409,2295,-234,65,-473,622,-1261,-2409
2248,-1119,-1189,110,2387,2294,-250,39,-494,582,-1273,-2424
2251,-1142,-1164,75,2372,2291,-267,15,-511,549,-1278,-2434
2247,-1166,-1130,34,2346,2285,-287,-11,-531,519,-1287,-2448
2269,-1166,-1145,38,2367,2281,-292,-23,-539,514,-1289,-2456
2311,-1152,-1195,75,2424,2281,-286,-21,-533,525,-1285,-2459
2348,-1136,-1241,108,2473,2279,-278,-22,-524,535,-1280,-2456
2381,-1106,-1296,157,2524,2266,-263,-23,-506,559,-1271,-2435
2436,-1036,-1414,273,2631,2243,-223,-10,-464,611,-1245,-2389
2507,-946,-1567,424,2769,2220,-178,10,-417,673,-1211,-2345
2545,-881,-1663,522,2848,2194,-157,13,-389,701,-1196,-2332
2539,-855,-1674,536,2840,2168,-162,-7,-386,690,-1210,-2358
2503,-862,-1623,488,2769,2146,-183,-42,-402,655,-1252,-2401
2472,-865,-1580,448,2709,2127,-195,-64,-410,640,-1290,-2421
2473,-847,-1592,460,2706,2118,-190,-63,-397,657,-1300,-2407
2479,-831,-1606,473,2708,2116,-184,-56,-380,679,-1291,-2380
2477,-831,-1597,461,2690,2121,-190,-57,-369,685,-1276,-2358
2448,-849,-1544,409,2625,2123,-208,-75,-372,669,-1270,-2349
2412,-870,-1483,351,2550,2123,-230,-98,-379,648,-1265,-2343
2384,-882,-1437,310,2492,2124,-242,-118,-383,637,-1259,-2330
2399,-861,-1469,346,2517,2132,-225,-115,-365,656,-1231,-2295
2417,-842,-1504,383,2546,2145,-205,-114,-348,669,-1207,-2259
2425,-829,-1523,406,2559,2155,-191,-117,-340,667,-1191,-2233
2437,-817,-1547,432,2579,2169,-180,-124,-337,659,-1178,-2213
2425,-835,-1519,406,2550,2186,-188,-156,-351,625,-1181,-2214
2390,-870,-1451,342,2481,2200,-205,-207,-376,577,-1196,-2229
2351,-903,-1384,280,2410,2208,-219,-253,-400,533,-1211,-2246
2308,-942,-1308,210,2332,2216,-242,-296,-428,484,-1229,-2271
2243,-1011,-1181,86,2207,2229,-293,-352,-476,405,-1266,-2319
2164,-1090,-1033,-58,2059,2237,-356,-421,-534,317,-1320,-2377
2118,-1135,-951,-136,1978,2243,-398,-475,-573,263,-1360,-2418
2117,-1133,-962,-119,1991,2244,-412,-501,-583,259,-1364,-2423
2153,-1093,-1048,-29,2078,2244,-404,-502,-571,289,-1339,-2404
2188,-1057,-1128,55,2162,2244,-399,-505,-562,309,-1316,-2391
2184,-1047,-1143,78,2177,2233,-412,-530,-573,301,-1317,-2400
2177,-1035,-1156,99,2189,2217,-425,-559,-585,294,-1324,-2407
2174,-1007,-1190,145,2218,2191,-427,-582,-591,299,-1325,-2405
2192,-957,-1264,231,2288,2163,-416,-593,-586,317,-1315,-2393
2216,-898,-1353,333,2373,2132,-399,-597,-575,334,-1302,-2379
2234,-846,-1427,418,2443,2101,-382,-599,-567,343,-1289,-2370
2211,-832,-1422,425,2433,2066,-387,-618,-577,324,-1296,-2381
2182,-822,-1407,422,2411,2029,-395,-637,-591,305,-1300,-2392
2154,-804,-1400,429,2396,1987,-402,-653,-605,290,-1301,-2397
2112,-786,-1379,426,2361,1935,-416,-676,-623,272,-1308,-2407
2094,-745,-1405,470,2373,1884,-414,-687,-628,277,-1304,-2406
2103,-691,-1468,547,2426,1843,-403,-686,-621,299,-1287,-2392
2110,-651,-1516,604,2467,1810,-395,-690,-616,317,-1275,-2377
2113,-612,-1558,656,2499,1776,-386,-695,-611,339,-1270,-2358
2137,-546,-1648,758,2577,1739,-356,-686,-588,388,-1259,-2320
2181,-469,-1768,888,2686,1708,-322,-666,-559,435,-1240,-2278
2200,-421,-1832,959,2739,1682,-310,-661,-546,444,-1236,-2259
2179,-419,-1809,943,2707,1661,-327,-681,-560,415,-1257,-2267
2131,-450,-1726,864,2616,1645,-366,-717,-591,367,-1297,-2292
2090,-485,-1644,783,2527,1639,-400,-751,-620,326,-1339,-2316
2085,-506,-1612,745,2497,1649,-418,-767,-634,309,-1363,-2327
2087,-537,-1576,698,2467,1673,-439,-785,-648,285,-1383,-2342
2084,-586,-1517,624,2418,1707,-467,-810,-670,244,-1409,-2368
2063,-658,-1415,505,2328,1746,-506,-847,-704,185,-1450,-2410
2039,-739,-1301,372,2227,1792,-546,-888,-739,127,-1497,-2458
2018,-808,-1200,256,2137,1833,-580,-925,-769,81,-1542,-2504
2029,-837,-1171,215,2117,1871,-593,-941,-777,69,-1561,-2532
2035,-857,-1146,183,2098,1901,-607,-959,-785,55,-1577,-2556
2032,-878,-1111,142,2065,1927,-626,-982,-800,35,-1597,-2583
2035,-893,-1089,115,2046,1952,-642,-999,-811,17,-1614,-2603
2012,-926,-1023,46,1983,1974,-673,-1030,-832,-23,-1648,-2633
1971,-973,-927,-51,1888,1992,-714,-1073,-864,-77,-1694,-2668
1936,-1011,-848,-132,1810,2008,-752,-1112,-895,-129,-1735,-2700
1912,-1051,-779,-207,1746,2032,-791,-1142,-925,-176,-1764,-2733
1876,-1114,-676,-319,1653,2061,-843,-1177,-969,-231,-1793,-2780
1833,-1180,-566,-437,1553,2085,-889,-1211,-1010,-277,-1822,-2826
1825,-1202,-536,-473,1528,2101,-898,-1217,-1023,-272,-1831,-2842
1860,-1167,-610,-400,1605,2105,-865,-1186,-999,-213,-1809,-2826
1927,-1096,-753,-257,1748,2105,-804,-1128,-951,-123,-1759,-2789
1990,-1035,-884,-127,1882,2106,-744,-1070,-904,-47,-1704,-2757
2011,-1009,-940,-71,1938,2100,-703,-1036,-877,-10,-1668,-2743
2025,-988,-986,-23,1984,2089,-663,-1008,-853,23,-1631,-2728
2042,-961,-1043,36,2038,2074,-617,-978,-825,60,-1588,-2707
2075,-928,-1123,115,2120,2065,-561,-941,-794,104,-1536,-2678
2115,-897,-1209,198,2211,2059,-501,-904,-763,146,-1482,-2645
2147,-877,-1277,261,2283,2054,-449,-874,-740,179,-1434,-2617
2132,-891,-1266,250,2272,2039,-428,-870,-742,174,-1415,-2612
2107,-904,-1244,233,2247,2016,-418,-873,-750,156,-1408,-2612
2081,-908,-1231,228,2227,1986,-412,-878,-760,134,-1407,-2611
2041,-918,-1197,206,2183,1950,-417,-891,-778,102,-1420,-2616
2019,-916,-1193,210,2170,1919,-413,-893,-787,84,-1427,-2613
2014,-906,-1211,234,2183,1896,-405,-891,-790,78,-1425,-2605
1999,-906,-1206,236,2172,1874,-406,-906,-800,63,-1430,-2604
1975,-904,-1192,233,2149,1846,-409,-933,-816,46,-1445,-2606
1974,-866,-1233,288,2177,1812,-393,-953,-817,55,-1446,-2587
2003,-817,-1313,376,2248,1792,-371,-962,-808,70,-1432,-2560
2021,-799,-1346,410,2281,1788,-368,-987,-814,54,-1429,-2555
2007,-827,-1298,359,2236,1795,-394,-1037,-845,2,-1448,-2580
1964,-881,-1192,251,2134,1803,-439,-1105,-894,-69,-1483,-2620
1925,-922,-1099,157,2041,1808,-480,-1169,-940,-127,-1517,-2653
1921,-931,-1071,128,2014,1817,-498,-1204,-964,-151,-1528,-2661
1926,-931,-1059,114,2003,1828,-513,-1230,-981,-168,-1532,-2659
1920,-936,-1029,85,1972,1837,-534,-1256,-1002,-191,-1539,-2659
1895,-949,-971,31,1909,1841,-567,-1291,-1030,-225,-1556,-2666
1869,-962,-912,-25,1844,1846,-601,-1328,-1061,-261,-1575,-2676
1852,-959,-878,-54,1803,1847,-626,-1360,-1090,-290,-1593,-2683
1879,-916,-926,-1,1845,1852,-630,-1369,-1095,-286,-1593,-2670
1911,-869,-986,62,1899,1858,-636,-1376,-1098,-280,-1593,-2656
1937,-828,-1034,112,1941,1865,-646,-1385,-1105,-283,-1598,-2652
1968,-789,-1087,165,1992,1876,-656,-1390,-1112,-287,-1599,-2654
1974,-777,-1090,167,1992,1887,-683,-1410,-1134,-317,-1612,-2671
1954,-784,-1050,129,1949,1894,-720,-1440,-1165,-361,-1631,-2693
1930,-793,-1008,90,1903,1897,-752,-1465,-1192,-398,-1643,-2704
1906,-811,-961,42,1854,1905,-783,-1484,-1218,-434,-1651,-2715
1855,-859,-859,-62,1752,1913,-830,-1509,-1255,-484,-1669,-2745
1778,-916,-727,-189,1615,1907,-878,-1540,-1291,-534,-1699,-2784
1717,-935,-650,-253,1526,1885,-897,-1550,-1302,-546,-1713,-2798
1693,-907,-664,-223,1524,1853,-879,-1531,-1281,-510,-1698,-2778
1700,-846,-743,-128,1587,1818,-838,-1490,-1235,-445,-1658,-2736
1711,-796,-817,-41,1650,1790,-802,-1450,-1189,-394,-1619,-2701
1695,-780,-834,-13,1658,1765,-782,-1432,-1165,-376,-1601,-2685
1680,-768,-847,9,1664,1741,-764,-1421,-1148,-365,-1587,-2672
1678,-748,-884,54,1696,1717,-739,-1408,-1126,-344,-1567,-2658
1701,-715,-959,134,1769,1700,-708,-1383,-1093,-308,-1533,-2639
1734,-678,-1048,226,1858,1686,-678,-1353,-1056,-266,-1494,-2614
1759,-655,-1116,295,1929,1673,-660,-1327,-1025,-237,-1458,-2590
1739,-676,-1095,276,1909,1659,-671,-1330,-1016,-244,-1451,-2592
1710,-708,-1053,236,1869,1645,-686,-1339,-1016,-254,-1448,-2598
1687,-744,-1013,194,1834,1638,-697,-1346,-1014,-257,-1439,-2601
1656,-792,-951,129,1777,1633,-707,-1360,-1013,-265,-1442,-2613
1648,-824,-927,100,1760,1633,-702,-1359,-1001,-256,-1440,-2617
1659,-837,-938,106,1778,1634,-690,-1349,-984,-237,-1429,-2607
1663,-849,-940,105,1783,1631,-681,-1349,-972,-222,-1419,-2593
1663,-854,-944,109,1786,1622,-670,-1354,-959,-204,-1412,-2574
1689,-819,-1010,180,1847,1604,-637,-1349,-928,-161,-1392,-2535
1746,-767,-1119,289,1955,1598,-594,-1334,-889,-109,-1362,-2489
1791,-748,-1181,344,2023,1608,-570,-1334,-871,-90,-1344,-2467
1807,-774,-1166,315,2019,1631,-575,-1359,-883,-114,-1349,-2477
1790,-820,-1094,233,1954,1647,-605,-1403,-917,-172,-1374,-2506
1766,-844,-1034,173,1892,1647,-637,-1446,-953,-228,-1401,-2529
1770,-825,-1042,185,1893,1639,-653,-1468,-973,-256,-1407,-2531
1779,-798,-1062,209,1905,1631,-667,-1483,-992,-277,-1406,-2534
1779,-783,-1058,209,1895,1627,-689,-1503,-1019,-299,-1407,-2551
1753,-788,-1009,165,1837,1621,-726,-1538,-1056,-333,-1424,-2581
1718,-801,-943,105,1763,1616,-770,-1580,-1097,-371,-1448,-2613
1686,-805,-889,58,1697,1608,-807,-1616,-1133,-393,-1469,-2632
1689,-769,-910,90,1707,1598,-813,-1624,-1143,-376,-1463,-2628
1698,-729,-944,132,1729,1590,-814,-1627,-1146,-358,-1453,-2627
1706,-705,-961,153,1740,1593,-819,-1629,-1151,-349,-1444,-2637
1723,-686,-984,176,1761,1605,-820,-1623,-1151,-333,-1427,-2641
1711,-692,-955,148,1730,1614,-830,-1633,-1164,-336,-1422,-2651
1670,-717,-882,79,1651,1617,-847,-1658,-1189,-353,-1432,-2668
1630,-740,-814,17,1577,1616,-855,-1680,-1212,-368,-1440,-2682
1594,-766,-748,-45,1508,1620,-866,-1698,-1235,-390,-1446,-2698
1540,-826,-634,-162,1397,1634,-900,-1730,-1269,-438,-1464,-2732
1473,-901,-491,-307,1258,1647,-944,-1773,-1311,-498,-1496,-2777
1435,-946,-411,-389,1183,1658,-968,-1799,-1336,-531,-1522,-2803
1446,-943,-430,-372,1207,1668,-960,-1795,-1329,-517,-1521,-2796
1496,-910,-518,-289,1305,1682,-927,-1770,-1295,-464,-1494,-2766
1552,-880,-612,-204,1412,1700,-890,-1746,-1257,-409,-1458,-2731
1582,-878,-653,-172,1467,1717,-872,-1743,-1234,-378,-1435,-2710
1612,-879,-690,-146,1520,1736,-854,-1743,-1214,-354,-1414,-2691
1652,-873,-745,-102,1592,1754,-831,-1738,-1189,-329,-1392,-2665
1714,-855,-836,-25,1704,1777,-804,-1719,-1158,-300,-1363,-2635
1779,-830,-938,62,1825,1796,-784,-1700,-1132,-275,-1334,-2609
1830,-809,-1021,134,1925,1808,-777,-1688,-1113,-268,-1309,-2591
1833,-824,-1021,129,1937,1810,-805,-1706,-1121,-303,-1310,-2598
1821,-846,-1000,103,1924,1805,-845,-1734,-1140,-353,-1320,-2618
1809,-865,-982,82,1913,1798,-884,-1761,-1158,-402,-1334,-2641
1784,-891,-943,42,1877,1785,-923,-1795,-1183,-451,-1357,-2671
1777,-897,-943,41,1880,1772,-943,-1817,-1196,-473,-1370,-2687
1791,-882,-982,80,1920,1758,-954,-1828,-1194,-480,-1375,-2693
1796,-864,-1014,114,1948,1738,-965,-1843,-1192,-488,-1386,-2702
1794,-837,-1048,156,1971,1707,-971,-1862,-1185,-485,-1401,-2704
1814,-776,-1135,256,2042,1668,-946,-1867,-1154,-447,-1400,-2679
1854,-705,-1250,380,2144,1639,-903,-1858,-1112,-392,-1379,-2642
1865,-669,-1299,437,2180,1615,-875,-1864,-1086,-367,-1361,-2623
1833,-681,-1254,398,2123,1597,-877,-1897,-1090,-387,-1363,-2632
1771,-727,-1143,292,1999,1583,-905,-1949,-1116,-435,-1383,-2662
1713,-767,-1039,193,1882,1570,-934,-1997,-1142,-475,-1407,-2688
1695,-774,-1008,166,1839,1562,-943,-2017,-1146,-483,-1409,-2693
1689,-776,-991,151,1812,1563,-946,-2028,-1140,-480,-1403,-2693
1686,-790,-964,122,1780,1574,-952,-2040,-1139,-489,-1400,-2703
1669,-820,-905,61,1717,1589,-968,-2065,-1146,-517,-1414,-2727
1655,-852,-847,-1,1656,1609,-982,-2091,-1153,-545,-1438,-2753
1657,-876,-813,-42,1622,1636,-988,-2111,-1155,-563,-1461,-2774
1701,-862,-857,-6,1668,1667,-967,-2106,-1133,-545,-1456,-2770
1747,-839,-913,45,1725,1695,-943,-2092,-1100,-520,-1443,-2756
1781,-822,-951,80,1762,1719,-927,-2080,-1070,-504,-1436,-2744
1820,-798,-1002,128,1813,1742,-910,-2064,-1035,-491,-1424,-2728
1835,-792,-1011,136,1821,1762,-913,-2065,-1017,-506,-1424,-2727
1823,-804,-978,105,1785,1775,-931,-2082,-1013,-543,-1438,-2737
1806,-813,-944,75,1748,1782,-947,-2093,-1011,-573,-1447,-2744
1787,-826,-905,39,1707,1789,-963,-2097,-1011,-605,-1452,-2751
1743,-869,-815,-50,1617,1798,-999,-2117,-1034,-666,-1471,-2783
1675,-924,-688,-171,1489,1797,-1047,-2156,-1071,-740,-1512,-2834
1628,-943,-622,-228,1418,1785,-1075,-2183,-1096,-783,-1548,-2869
1627,-911,-653,-184,1444,1766,-1070,-2186,-1091,-778,-1559,-2867
1660,-848,-753,-74,1540,1748,-1037,-2167,-1061,-736,-1540,-2830
1703,-788,-860,38,1649,1736,-1001,-2145,-1022,-689,-1510,-2784
1719,-762,-908,88,1701,1727,-984,-2145,-998,-670,-1499,-2756
1736,-744,-949,129,1749,1720,-969,-2148,-978,-652,-1490,-2731
1760,-715,-1010,189,1817,1710,-947,-2149,-955,-622,-1478,-2704
1804,-666,-1111,290,1924,1697,-915,-2135,-922,-575,-1452,-2672
1855,-612,-1225,403,2046,1684,-883,-2116,-885,-523,-1414,-2635
1900,-574,-1317,491,2148,1676,-862,-2100,-852,-482,-1377,-2608
1901,-579,-1322,493,2162,1667,-870,-2107,-844,-476,-1366,-2614
1886,-602,-1296,462,2146,1659,-886,-2119,-847,-480,-1369,-2637
1874,-630,-1268,426,2127,1655,-899,-2126,-850,-483,-1375,-2659
1847,-672,-1210,361,2079,1652,-916,-2136,-858,-491,-1393,-2682
1841,-702,-1184,325,2064,1654,-922,-2129,-854,-480,-1406,-2694
1858,-714,-1199,330,2091,1661,-916,-2108,-838,-458,-1404,-2694
1869,-721,-1212,335,2110,1662,-916,-2096,-826,-445,-1399,-2688
1875,-719,-1227,347,2126,1655,-918,-2092,-820,-434,-1396,-2674
1906,-684,-1299,419,2194,1644,-904,-2081,-800,-399,-1383,-2638
1958,-630,-1408,528,2299,1636,-880,-2060,-775,-358,-1357,-2598
1985,-602,-1464,583,2351,1631,-872,-2056,-771,-352,-1346,-2585
1970,-623,-1426,544,2310,1633,-892,-2082,-801,-390,-1364,-2605
1926,-681,-1321,433,2204,1642,-930,-2129,-854,-453,-1401,-2644
1884,-737,-1215,323,2097,1654,-966,-2179,-909,-507,-1439,-2685
1879,-763,-1177,278,2060,1672,-984,-2208,-942,-532,-1455,-2706
1888,-782,-1157,250,2044,1696,-1000,-2233,-971,-552,-1465,-2716
1890,-805,-1127,212,2016,1721,-1021,-2260,-1002,-577,-1476,-2729
1872,-836,-1065,148,1954,1739,-1052,-2298,-1038,-617,-1500,-2756
1848,-866,-999,82,1886,1754,-1086,-2340,-1074,-660,-1531,-2785
1835,-880,-961,45,1844,1767,-1112,-2378,-1103,-689,-1560,-2804
1866,-852,-1006,92,1889,1782,-1110,-2392,-1103,-676,-1564,-2791
1904,-816,-1069,156,1950,1797,-1102,-2397,-1094,-658,-1561,-2770
1930,-790,-1109,198,1990,1812,-1099,-2407,-1088,-656,-1564,-2755
1962,-768,-1154,242,2039,1833,-1096,-2410,-1076,-654,-1559,-2738
1973,-772,-1152,236,2044,1857,-1109,-2424,-1076,-671,-1563,-2735
1959,-799,-1103,185,2002,1879,-1134,-2452,-1091,-705,-1582,-2747
1940,-826,-1051,132,1956,1896,-1161,-2478,-1108,-741,-1603,-2761
1916,-860,-990,70,1903,1913,-1196,-2503,-1130,-786,-1628,-2783
1869,-929,-873,-54,1797,1937,-1257,-2544,-1176,-860,-1672,-2828
1797,-1014,-716,-213,1649,1953,-1332,-2600,-1235,-950,-1736,-2887
1741,-1066,-610,-317,1546,1955,-1384,-2642,-1278,-1006,-1786,-2927
1723,-1070,-592,-330,1528,1949,-1398,-2652,-1292,-1018,-1806,-2933
1738,-1045,-638,-279,1575,1943,-1381,-2637,-1284,-998,-1799,-2917
1760,-1022,-688,-228,1630,1941,-1359,-2619,-1274,-977,-1782,-2900
1748,-1030,-675,-239,1619,1935,-1358,-2623,-1281,-982,-1779,-2901
1734,-1044,-653,-260,1601,1930,-1358,-2634,-1290,-990,-1780,-2904
1740,-1049,-661,-256,1616,1929,-1351,-2641,-1295,-989,-1775,-2896
1778,-1040,-715,-212,1681,1939,-1335,-2632,-1290,-975,-1756,-2876
1828,-1025,-789,-151,1768,1953,-1318,-2617,-1282,-959,-1728,-2854
1877,-1017,-854,-100,1847,1968,-1306,-2605,-1278,-950,-1698,-2836
1887,-1043,-845,-122,1851,1979,-1319,-2615,-1298,-970,-1689,-2840
1886,-1078,-818,-161,1834,1989,-1336,-2629,-1324,-990,-1684,-2849
1891,-1106,-803,-189,1829,1998,-1345,-2638,-1345,-1001,-1674,-2853
1882,-1135,-772,-229,1803,1998,-1360,-2658,-1374,-1019,-1676,-2870
1889,-1142,-779,-228,1812,1995,-1364,-2667,-1394,-1021,-1671,-2886
1913,-1125,-826,-186,1859,1988,-1352,-2661,-1399,-1004,-1655,-2894
1931,-1103,-870,-142,1898,1973,-1336,-2655,-1402,-986,-1641,-2901
1943,-1071,-917,-91,1936,1951,-1318,-2653,-1403,-963,-1636,-2903
1976,-1002,-1021,22,2023,1919,-1281,-2638,-1387,-913,-1624,-2883
2033,-917,-1164,172,2153,1894,-1231,-2605,-1357,-849,-1602,-2848
2078,-858,-1266,276,2247,1880,-1199,-2582,-1336,-810,-1585,-2828
2088,-840,-1291,302,2265,1872,-1196,-2581,-1336,-810,-1583,-2836
2071,-855,-1256,266,2225,1870,-1211,-2597,-1348,-828,-1595,-2862
2054,-869,-1220,231,2185,1869,-1219,-2607,-1353,-837,-1600,-2881
2069,-852,-1246,256,2206,1871,-1203,-2590,-1334,-815,-1578,-2870
2089,-830,-1282,293,2238,1875,-1184,-2563,-1303,-784,-1543,-2848
2100,-819,-1298,310,2251,1882,-1172,-2536,-1272,-761,-1509,-2831
2094,-828,-1276,287,2226,1892,-1170,-2519,-1249,-757,-1488,-2827
2084,-848,-1239,249,2189,1908,-1169,-2502,-1227,-753,-1471,-2828
2082,-866,-1213,219,2165,1930,-1165,-2484,-1198,-740,-1448,-2826
2118,-855,-1253,253,2210,1959,-1140,-2447,-1150,-696,-1407,-2806
2157,-836,-1306,301,2266,1985,-1118,-2412,-1105,-655,-1373,-2790
2175,-823,-1330,326,2289,2001,-1112,-2394,-1079,-642,-1361,-2783
2189,-807,-1355,354,2310,2013,-1109,-2380,-1057,-639,-1354,-2771
2178,-815,-1332,333,2284,2025,-1119,-2385,-1050,-659,-1362,-2771
2146,-843,-1268,273,2215,2034,-1142,-2407,-1059,-695,-1383,-2782
2123,-868,-1216,222,2162,2047,-1166,-2426,-1073,-732,-1405,-2792
2109,-893,-1174,178,2122,2064,-1195,-2443,-1091,-775,-1421,-2800
2076,-940,-1093,93,2043,2081,-1243,-2472,-1125,-842,-1441,-2824
2019,-990,-985,-11,1932,2082,-1297,-2512,-1170,-920,-1471,-2861
1984,-1000,-939,-48,1877,2070,-1325,-2539,-1201,-968,-1490,-2883
1992,-958,-990,15,1917,2049,-1317,-2539,-1202,-971,-1490,-2875
2038,-887,-1108,143,2028,2032,-1285,-2519,-1181,-949,-1470,-2844
2094,-824,-1230,267,2148,2025,-1252,-2499,-1156,-930,-1439,-2816
2116,-797,-1282,321,2201,2018,-1240,-2500,-1148,-934,-1418,-2811
2129,-782,-1313,353,2234,2009,-1234,-2510,-1145,-939,-1399,-2808
2148,-760,-1357,399,2281,1999,-1225,-2525,-1141,-931,-1373,-2790
2188,-726,-1436,477,2366,1993,-1202,-2528,-1128,-904,-1332,-2754
2236,-689,-1525,563,2463,1990,-1174,-2528,-1112,-872,-1284,-2713
2283,-666,-1599,630,2551,1994,-1154,-2530,-1098,-842,-1239,-2676
2289,-683,-1595,619,2561,1996,-1167,-2551,-1105,-843,-1217,-2665
2280,-707,-1569,589,2546,1993,-1192,-2578,-1119,-856,-1206,-2666
2279,-722,-1559,575,2549,1990,-1213,-2599,-1131,-869,-1195,-2665
2263,-742,-1531,547,2529,1980,-1237,-2624,-1146,-890,-1199,-2671
2262,-743,-1537,553,2542,1968,-1248,-2633,-1149,-895,-1200,-2668
2282,-727,-1580,595,2594,1961,-1243,-2626,-1140,-883,-1190,-2649
2296,-715,-1615,628,2636,1953,-1234,-2622,-1129,-869,-1178,-2628
2297,-699,-1638,656,2662,1936,-1218,-2623,-1115,-848,-1167,-2608
2315,-660,-1702,726,2725,1915,-1178,-2613,-1084,-799,-1145,-2572
2359,-613,-1797,821,2825,1909,-1127,-2589,-1042,-738,-1109,-2528
2388,-599,-1845,862,2882,1917,-1096,-2580,-1017,-710,-1084,-2505
2379,-628,-1809,817,2857,1931,-1102,-2599,-1021,-732,-1087,-2514
2338,-686,-1711,711,2766,1944,-1137,-2641,-1045,-784,-1112,-2545
2290,-732,-1616,614,2672,1946,-1180,-2690,-1074,-838,-1145,-2581
2273,-734,-1595,596,2647,1943,-1214,-2720,-1090,-873,-1165,-2610
2257,-724,-1585,592,2628,1933,-1253,-2750,-1106,-914,-1188,-2648
2226,-723,-1551,565,2581,1921,-1303,-2786,-1128,-967,-1217,-2701
2164,-747,-1458,483,2473,1906,-1364,-2839,-1162,-1035,-1259,-2768
2085,-783,-1336,372,2332,1889,-1429,-2899,-1201,-1106,-1309,-2835
2011,-817,-1218,265,2196,1875,-1495,-2954,-1235,-1168,-1361,-2893
1976,-823,-1168,222,2130,1868,-1541,-2983,-1247,-1197,-1390,-2923
1958,-816,-1144,205,2092,1865,-1574,-3000,-1248,-1217,-1406,-2942
1936,-822,-1105,169,2040,1867,-1606,-3019,-1250,-1237,-1420,-2964
1928,-821,-1085,151,2010,1873,-1633,-3034,-1249,-1244,-1425,-2982
1901,-831,-1036,108,1948,1873,-1671,-3060,-1256,-1260,-1437,-3005
1854,-857,-953,31,1849,1869,-1719,-3095,-1269,-1281,-1456,-3032
1816,-883,-878,-39,1763,1869,-1760,-3120,-1274,-1290,-1466,-3054
1790,-918,-808,-112,1688,1881,-1795,-3132,-1274,-1296,-1470,-3075
1751,-990,-689,-240,1573,1907,-1843,-3150,-1289,-1330,-1483,-3108
1694,-1083,-534,-405,1423,1933,-1895,-3178,-1310,-1375,-1505,-3143
1664,-1150,-433,-516,1328,1958,-1916,-3186,-1308,-1379,-1512,-3153
1685,-1172,-430,-531,1335,1983,-1892,-3156,-1268,-1326,-1491,-3130
1744,-1153,-509,-464,1424,2006,-1835,-3098,-1201,-1240,-1448,-3081
1815,-1125,-610,-374,1537,2028,-1768,-3032,-1127,-1159,-1396,-3029
1853,-1123,-655,-339,1594,2043,-1719,-2990,-1071,-1115,-1363,-3000
1883,-1124,-689,-312,1639,2054,-1672,-2956,-1016,-1077,-1337,-2975
1916,-1113,-741,-267,1701,2058,-1616,-2919,-959,-1033,-1308,-2945
1965,-1086,-826,-187,1798,2062,-1552,-2876,-898,-983,-1272,-2905
2020,-1047,-932,-86,1915,2060,-1491,-2836,-841,-938,-1230,-2856
2067,-1010,-1027,7,2021,2054,-1444,-2811,-794,-910,-1189,-2806
2066,-1003,-1048,30,2046,2036,-1432,-2817,-780,-924,-1170,-2779
2042,-1005,-1037,28,2037,2008,-1434,-2841,-785,-957,-1164,-2764
2022,-999,-1039,38,2039,1979,-1437,-2863,-789,-992,-1161,-2749
1987,-998,-1021,31,2018,1944,-1444,-2890,-796,-1032,-1172,-2741
1962,-975,-1033,59,2025,1902,-1442,-2903,-793,-1055,-1176,-2725
1954,-930,-1084,128,2067,1858,-1429,-2901,-781,-1063,-1165,-2704
1941,-885,-1128,190,2101,1813,-1418,-2900,-772,-1073,-1156,-2693
1922,-842,-1163,245,2124,1767,-1404,-2905,-763,-1084,-1155,-2688
1925,-778,-1240,341,2187,1723,-1368,-2897,-734,-1060,-1142,-2663
1957,-707,-1347,461,2288,1696,-1320,-2873,-693,-1014,-1111,-2623
1978,-677,-1402,518,2346,1691,-1287,-2861,-669,-991,-1089,-2598
1969,-702,-1367,477,2321,1704,-1285,-2876,-672,-1009,-1090,-2604
1935,-764,-1267,368,2234,1728,-1309,-2912,-697,-1054,-1112,-2637
1897,-823,-1162,256,2139,1749,-1334,-2950,-724,-1098,-1136,-2670
1895,-850,-1124,209,2110,1775,-1335,-2964,-726,-1106,-1133,-2677
1907,-867,-1106,180,2102,1805,-1328,-2972,-718,-1103,-1115,-2673
1911,-890,-1073,138,2077,1836,-1326,-2984,-712,-1106,-1094,-2672
1892,-921,-1009,68,2014,1858,-1338,-3009,-717,-1125,-1087,-2681
1865,-948,-939,-3,1941,1873,-1359,-3040,-730,-1156,-1093,-2697
1844,-954,-895,-45,1888,1880,-1383,-3069,-744,-1186,-1105,-2710
1861,-921,-928,-8,1911,1886,-1391,-3078,-743,-1191,-1105,-2704
1893,-881,-984,48,1959,1898,-1394,-3080,-739,-1193,-1101,-2691
1916,-858,-1014,75,1984,1915,-1404,-3086,-741,-1205,-1099,-2681
1947,-836,-1053,108,2019,1937,-1411,-3084,-738,-1206,-1082,-2664
1954,-833,-1050,101,2011,1954,-1426,-3093,-745,-1216,-1073,-2658
1932,-850,-1000,50,1952,1964,-1448,-3118,-766,-1240,-1077,-2668
1906,-868,-946,-3,1888,1969,-1465,-3140,-786,-1258,-1077,-2679
1882,-891,-894,-57,1827,1976,-1481,-3157,-800,-1274,-1068,-2693
1839,-939,-799,-155,1726,1984,-1516,-3181,-825,-1308,-1070,-2724
1776,-1002,-672,-282,1590,1986,-1561,-3213,-854,-1349,-1086,-2765
1735,-1033,-602,-348,1510,1978,-1585,-3227,-859,-1355,-1094,-2782
1740,-1010,-636,-307,1530,1961,-1579,-3214,-831,-1310,-1078,-2762
1779,-949,-744,-189,1624,1939,-1552,-3179,-778,-1235,-1033,-2718
1822,-882,-864,-60,1729,1913,-1529,-3143,-724,-1165,-980,-2674
1829,-845,-921,10,1771,1880,-1529,-3130,-692,-1131,-949,-2659
1825,-821,-955,57,1791,1847,-1538,-3126,-673,-1107,-928,-2653
1825,-793,-999,114,1822,1811,-1542,-3119,-651,-1079,-909,-2640
1841,-749,-1075,203,1887,1776,-1538,-3099,-620,-1034,-878,-2613
1866,-703,-1164,304,1968,1742,-1528,-3072,-582,-981,-838,-2574
1889,-668,-1239,388,2040,1715,-1518,-3043,-544,-935,-794,-2531
1877,-680,-1233,387,2037,1696,-1524,-3035,-526,-922,-773,-2514
1853,-717,-1190,343,2001,1686,-1534,-3033,-517,-923,-763,-2510
1838,-755,-1156,305,1978,1685,-1536,-3023,-505,-920,-752,-2506
1815,-805,-1101,245,1936,1686,-1541,-3020,-500,-925,-751,-2507
1806,-836,-1075,215,1923,1686,-1537,-3004,-489,-915,-741,-2501
1819,-846,-1091,227,1953,1689,-1518,-2973,-469,-883,-719,-2488
1831,-854,-1107,238,1981,1693,-1500,-2943,-452,-852,-703,-2476
1842,-857,-1123,251,2008,1695,-1478,-2916,-434,-816,-692,-2458
1883,-832,-1193,317,2090,1702,-1423,-2873,-393,-744,-669,-2413
1958,-788,-1313,426,2227,1721,-1347,-2811,-336,-645,-630,-2350
2023,-767,-1396,495,2331,1752,-1284,-2758,-292,-572,-599,-2297
2055,-788,-1401,482,2360,1792,-1254,-2731,-276,-547,-591,-2277
2060,-838,-1346,407,2330,1836,-1252,-2725,-284,-559,-599,-2284
2056,-879,-1287,335,2290,1870,-1255,-2725,-298,-575,-607,-2295
2082,-884,-1292,327,2311,1904,-1244,-2709,-297,-568,-593,-2286
2118,-882,-1314,335,2349,1940,-1231,-2689,-294,-562,-576,-2271
2147,-888,-1320,326,2370,1979,-1229,-2676,-299,-571,-572,-2263
2151,-903,-1290,286,2350,2008,-1242,-2679,-316,-600,-582,-2267
2145,-917,-1253,243,2318,2030,-1257,-2688,-338,-634,-593,-2274
2142,-910,-1239,228,2301,2041,-1269,-2697,-361,-658,-597,-2281
2167,-860,-1299,292,2353,2042,-1262,-2688,-362,-646,-579,-2270
2202,-795,-1384,383,2427,2038,-1248,-2671,-350,-626,-552,-2249
2223,-747,-1438,443,2472,2036,-1239,-2662,-341,-619,-530,-2231
2256,-708,-1498,501,2527,2045,-1225,-2645,-325,-607,-502,-2207
2272,-696,-1516,514,2543,2059,-1220,-2640,-316,-609,-487,-2196
2266,-710,-1489,482,2515,2074,-1232,-2649,-318,-629,-490,-2203
2266,-730,-1464,448,2493,2095,-1246,-2658,-318,-651,-495,-2214
2276,-758,-1442,411,2479,2125,-1256,-2660,-317,-674,-496,-2229
2271,-819,-1375,325,2426,2164,-1282,-2669,-329,-721,-506,-2261
2245,-900,-1269,200,2333,2199,-1316,-2689,-348,-777,-529,-2301
2237,-954,-1210,126,2284,2227,-1328,-2687,-348,-796,-536,-2318
2273,-961,-1243,146,2326,2249,-1299,-2652,-316,-762,-514,-2298
2345,-931,-1351,241,2442,2269,-1237,-2592,-259,-691,-465,-2250
2428,-896,-1476,351,2576,2291,-1160,-2520,-193,-610,-405,-2192
2480,-893,-1540,400,2650,2311,-1100,-2473,-146,-558,-361,-2151
2531,-901,-1591,433,2715,2338,-1047,-2438,-108,-514,-324,-2113
2597,-902,-1664,486,2806,2368,-989,-2406,-67,-461,-282,-2070
2691,-879,-1789,590,2950,2399,-914,-2362,-15,-388,-224,-2014
2796,-837,-1945,726,3123,2426,-834,-2312,41,-311,-157,-1949
2899,-796,-2098,860,3293,2452,-758,-2264,91,-244,-92,-1886
2964,-789,-2179,924,3391,2474,-708,-2239,115,-217,-52,-1850
3005,-793,-2225,956,3451,2489,-674,-2229,123,-212,-27,-1830
3048,-789,-2281,1001,3519,2501,-642,-2219,127,-204,-4,-1811
3072,-791,-2312,1025,3559,2506,-623,-2222,120,-209,6,-1802
3102,-775,-2365,1076,3618,2505,-602,-2220,115,-207,19,-1792
3143,-737,-2452,1163,3709,2498,-579,-2210,118,-192,40,-1777
3171,-695,-2529,1245,3783,2482,-567,-2205,119,-187,51,-1773
3181,-651,-2587,1317,3835,2456,-561,-2205,120,-186,48,-1774
3201,-582,-2681,1428,3916,2422,-538,-2196,137,-162,53,-1753
3244,-494,-2813,1576,4038,2392,-503,-2173,171,-116,77,-1710
3266,-428,-2901,1680,4116,2366,-483,-2158,194,-87,100,-1679
3245,-409,-2898,1692,4105,2345,-489,-2168,194,-93,101,-1674
3191,-423,-2826,1634,4025,2326,-515,-2196,173,-125,82,-1690
3128,-440,-2741,1566,3930,2305,-542,-2227,148,-156,60,-1709
3094,-430,-2710,1551,3890,2288,-552,-2238,142,-163,55,-1713
3065,-423,-2680,1535,3852,2277,-566,-2244,142,-173,50,-1718
3024,-437,-2615,1479,3781,2273,-593,-2256,131,-205,31,-1739
2958,-477,-2498,1372,3659,2272,-639,-2284,105,-262,-10,-1776
2881,-526,-2360,1244,3514,2268,-693,-2318,75,-326,-62,-1814
2813,-568,-2237,1130,3385,2268,-743,-2346,52,-374,-112,-1844
2791,-576,-2194,1091,3338,2275,-764,-2350,55,-378,-137,-1850
2794,-566,-2194,1093,3337,2286,-769,-2343,71,-359,-142,-1845
2790,-559,-2184,1086,3325,2294,-783,-2345,81,-348,-148,-1846
2799,-540,-2200,1102,3337,2301,-795,-2344,98,-331,-145,-1837
2799,-532,-2197,1099,3331,2309,-812,-2351,108,-323,-146,-1831
2786,-545,-2162,1061,3295,2320,-830,-2365,109,-323,-157,-1833
2782,-561,-2134,1026,3271,2336,-842,-2373,114,-319,-162,-1830
2787,-582,-2113,992,3257,2359,-851,-2376,120,-314,-155,-1824
2775,-633,-2048,910,3203,2389,-881,-2387,109,-333,-152,-1834
2743,-707,-1941,784,3108,2418,-925,-2414,82,-373,-162,-1857
2731,-760,-1879,704,3058,2443,-956,-2436,64,-397,-170,-1868
2763,-763,-1912,721,3101,2461,-956,-2434,71,-389,-162,-1852
2831,-731,-2019,812,3218,2478,-930,-2412,97,-360,-139,-1815
2911,-697,-2142,916,3354,2498,-899,-2389,124,-330,-109,-1774
2949,-695,-2194,952,3415,2510,-890,-2392,129,-333,-103,-1756
2964,-701,-2215,963,3442,2509,-892,-2412,122,-346,-109,-1748
2977,-695,-2247,990,3473,2497,-893,-2440,110,-356,-116,-1737
3007,-671,-2316,1056,3542,2483,-886,-2462,103,-351,-110,-1717
3051,-640,-2406,1140,3635,2474,-877,-2480,101,-337,-90,-1690
3095,-618,-2488,1214,3722,2468,-876,-2499,98,-330,-63,-1667
3102,-634,-2497,1214,3737,2464,-901,-2542,74,-357,-51,-1668
3083,-670,-2459,1169,3701,2455,-942,-2600,35,-401,-54,-1682
3062,-700,-2426,1133,3669,2441,-982,-2655,0,-437,-57,-1694
3022,-739,-2364,1070,3603,2421,-1028,-2715,-39,-480,-71,-1711
2986,-767,-2315,1024,3550,2399,-1066,-2767,-67,-503,-80,-1715
2972,-781,-2301,1010,3533,2384,-1092,-2805,-82,-508,-78,-1705
2955,-800,-2277,985,3507,2372,-1121,-2841,-92,-511,-76,-1694
2930,-819,-2243,953,3469,2359,-1150,-2876,-100,-512,-83,-1682
2926,-809,-2256,970,3475,2343,-1161,-2897,-91,-491,-88,-1655
2953,-777,-2318,1034,3534,2336,-1153,-2900,-70,-449,-82,-1614
2970,-769,-2344,1058,3562,2342,-1163,-2911,-61,-430,-77,-1587
2947,-801,-2286,998,3507,2352,-1203,-2943,-79,-453,-92,-1588
2890,-856,-2169,884,3388,2357,-1268,-2991,-121,-503,-123,-1617
2828,-900,-2054,776,3267,2355,-1330,-3041,-167,-552,-160,-1652
2807,-903,-2018,749,3226,2355,-1366,-3068,-195,-571,-172,-1672
2805,-888,-2018,758,3222,2358,-1392,-3081,-213,-578,-174,-1684
2803,-870,-2019,770,3219,2363,-1419,-3087,-229,-588,-176,-1703
2784,-866,-1990,752,3185,2367,-1442,-3100,-248,-604,-190,-1731
2763,-868,-1950,722,3141,2375,-1456,-3109,-265,-614,-211,-1762
2749,-860,-1928,712,3116,2382,-1458,-3105,-270,-609,-231,-1778
2769,-812,-1981,779,3162,2384,-1438,-3076,-252,-568,-228,-1762
2804,-743,-2068,883,3242,2383,-1413,-3039,-222,-521,-206,-1730
2823,-682,-2134,968,3299,2377,-1404,-3019,-203,-496,-191,-1708
2849,-614,-2214,1066,3368,2369,-1401,-3008,-190,-486,-178,-1687
2855,-563,-2260,1132,3403,2358,-1418,-3015,-191,-502,-175,-1680
2833,-537,-2253,1145,3384,2342,-1453,-3043,-207,-536,-192,-1692
2810,-520,-2239,1149,3360,2330,-1488,-3068,-221,-567,-215,-1710
2796,-513,-2225,1145,3343,2329,-1523,-3086,-234,-594,-233,-1730
2768,-541,-2165,1088,3285,2337,-1574,-3110,-259,-637,-253,-1768
2712,-587,-2061,989,3180,2336,-1632,-3149,-297,-691,-275,-1820
2665,-604,-1997,937,3108,2320,-1666,-3176,-322,-716,-276,-1849
2653,-572,-2018,974,3116,2291,-1667,-3174,-318,-692,-245,-1838
2676,-508,-2108,1077,3193,2261,-1646,-3145,-289,-636,-189,-1797
2716,-450,-2210,1185,3290,2243,-1620,-3109,-254,-581,-127,-1753
2724,-430,-2243,1220,3319,2227,-1617,-3096,-241,-568,-94,-1734
2713,-417,-2251,1233,3318,2200,-1618,-3091,-236,-571,-77,-1730
2703,-390,-2274,1266,3328,2162,-1609,-3086,-226,-572,-69,-1726
2717,-343,-2340,1339,3380,2125,-1583,-3073,-207,-555,-54,-1713
2751,-292,-2431,1432,3464,2097,-1543,-3053,-182,-528,-38,-1700
2788,-248,-2518,1516,3546,2073,-1499,-3035,-160,-506,-34,-1695
2790,-236,-2539,1535,3561,2047,-1480,-3039,-162,-525,-57,-1707
2770,-238,-2523,1520,3536,2016,-1479,-3058,-181,-568,-82,-1723
2758,-233,-2520,1518,3525,1985,-1478,-3069,-196,-604,-89,-1721
2732,-237,-2496,1496,3489,1950,-1485,-3087,-215,-640,-95,-1719
2717,-234,-2490,1491,3473,1919,-1489,-3097,-225,-658,-92,-1713
2730,-219,-2522,1519,3501,1900,-1481,-3095,-223,-656,-80,-1704
2743,-211,-2547,1539,3524,1887,-1475,-3096,-222,-655,-73,-1700
2746,-201,-2563,1554,3534,1868,-1470,-3108,-226,-658,-72,-1693
2759,-156,-2623,1622,3581,1835,-1447,-3113,-217,-638,-60,-1666
2796,-86,-2733,1741,3676,1804,-1408,-3105,-195,-604,-32,-1626
2821,-43,-2802,1814,3738,1787,-1381,-3109,-190,-602,-14,-1605
2804,-52,-2776,1791,3708,1778,-1386,-3143,-215,-648,-23,-1617
2746,-96,-2675,1693,3601,1771,-1416,-3201,-264,-729,-58,-1656
2668,-143,-2549,1579,3465,1754,-1451,-3261,-319,-814,-105,-1699
2615,-155,-2484,1528,3385,1734,-1469,-3298,-352,-862,-129,-1719
2567,-155,-2434,1497,3321,1711,-1483,-3322,-372,-888,-141,-1729
2504,-160,-2363,1449,3232,1685,-1505,-3347,-395,-917,-154,-1744
2412,-183,-2246,1358,3094,1654,-1540,-3387,-431,-961,-182,-1772
2302,-211,-2105,1248,2928,1616,-1582,-3437,-476,-1023,-228,-1814
2191,-229,-1972,1150,2768,1572,-1617,-3486,-521,-1085,-284,-1860
2106,-213,-1899,1116,2664,1524,-1630,-3520,-549,-1119,-324,-1887
2039,-180,-1861,1117,2597,1477,-1632,-3545,-566,-1136,-348,-1900
1965,-160,-1803,1096,2510,1434,-1638,-3577,-586,-1157,-373,-1925
1903,-136,-1760,1087,2441,1396,-1638,-3602,-598,-1167,-388,-1951
1834,-134,-1689,1046,2350,1366,-1651,-3632,-613,-1188,-408,-1987
1750,-163,-1572,952,2218,1347,-1679,-3672,-637,-1223,-440,-2036
1679,-206,-1454,849,2093,1342,-1703,-3703,-659,-1252,-474,-2083
1626,-259,-1346,747,1987,1355,-1720,-3722,-677,-1281,-503,-2127
1566,-340,-1202,601,1852,1379,-1749,-3744,-709,-1332,-539,-2184
1489,-442,-1022,417,1681,1403,-1788,-3776,-752,-1397,-585,-2250
1432,-520,-885,276,1551,1421,-1805,-3796,-782,-1437,-619,-2298
1420,-551,-841,229,1515,1436,-1781,-3786,-782,-1428,-624,-2312
1444,-542,-874,260,1553,1444,-1725,-3752,-760,-1386,-604,-2297
1472,-516,-928,314,1609,1442,-1667,-3716,-735,-1343,-575,-2277
1461,-514,-920,311,1597,1427,-1635,-3709,-732,-1337,-569,-2279
1436,-518,-892,288,1563,1406,-1613,-3714,-734,-1340,-575,-2292
1419,-518,-877,276,1544,1385,-1588,-3719,-731,-1338,-581,-2304
1426,-508,-898,293,1565,1373,-1558,-3715,-722,-1326,-579,-2312
1454,-492,-945,331,1618,1368,-1527,-3707,-712,-1314,-567,-2316
1482,-486,-985,357,1666,1369,-1500,-3705,-709,-1314,-559,-2324
1477,-515,-955,311,1645,1371,-1497,-3731,-733,-1352,-577,-2350
1449,-558,-890,233,1586,1366,-1504,-3772,-773,-1408,-613,-2383
1433,-583,-856,188,1556,1356,-1501,-3804,-805,-1452,-640,-2402
1411,-604,-819,143,1518,1341,-1500,-3838,-838,-1494,-660,-2420
1403,-604,-817,136,1513,1320,-1486,-3861,-862,-1514,-664,-2422
1422,-577,-868,181,1560,1300,-1456,-3864,-871,-1509,-653,-2409
1446,-548,-927,234,1614,1283,-1423,-3862,-875,-1494,-643,-2390
1472,-523,-982,283,1667,1272,-1388,-3861,-876,-1466,-639,-2370
1520,-475,-1082,377,1764,1262,-1332,-3849,-857,-1409,-625,-2330
1598,-408,-1229,515,1910,1261,-1260,-3823,-820,-1330,-589,-2275
1668,-370,-1339,611,2026,1275,-1202,-3807,-791,-1279,-555,-2234
1701,-378,-1365,621,2061,1298,-1176,-3818,-792,-1276,-546,-2228
1697,-423,-1317,557,2020,1322,-1181,-3853,-818,-1308,-561,-2249
1670,-468,-1245,479,1947,1333,-1200,-3894,-853,-1345,-580,-2273
1664,-478,-1229,463,1926,1338,-1203,-3911,-871,-1350,-576,-2275
1672,-476,-1238,473,1931,1345,-1197,-3916,-879,-1340,-556,-2268
1676,-488,-1230,463,1922,1360,-1199,-3924,-892,-1337,-538,-2268
1660,-520,-1180,413,1872,1378,-1217,-3946,-914,-1352,-536,-2281
1630,-560,-1109,344,1799,1393,-1245,-3974,-942,-1378,-549,-2303
1599,-592,-1044,285,1730,1404,-1274,-4002,-969,-1410,-570,-2327
1592,-590,-1035,286,1715,1409,-1289,-4017,-985,-1425,-585,-2335
1596,-570,-1054,319,1727,1410,-1300,-4025,-998,-1439,-598,-2334
1579,-561,-1041,322,1704,1405,-1325,-4045,-1021,-1468,-618,-2341
1568,-550,-1034,330,1691,1404,-1344,-4062,-1039,-1485,-627,-2346
1548,-556,-1001,309,1654,1408,-1366,-4085,-1064,-1511,-641,-2360
1506,-580,-927,249,1577,1409,-1397,-4122,-1104,-1550,-672,-2384
1468,-599,-863,198,1510,1408,-1421,-4157,-1143,-1581,-700,-2405
1442,-610,-818,164,1465,1410,-1441,-4182,-1177,-1603,-714,-2421
1406,-642,-742,95,1393,1417,-1474,-4207,-1222,-1641,-727,-2445
1346,-693,-622,-17,1277,1420,-1521,-4240,-1278,-1697,-752,-2477
1294,-720,-536,-90,1188,1410,-1551,-4267,-1321,-1735,-770,-2493
1278,-700,-533,-78,1181,1392,-1550,-4272,-1335,-1733,-766,-2482
1296,-642,-602,6,1244,1368,-1526,-4256,-1325,-1700,-736,-2445
1326,-575,-695,112,1332,1344,-1497,-4235,-1308,-1657,-695,-2401
1325,-534,-731,162,1361,1314,-1482,-4233,-1304,-1640,-666,-2372
1310,-503,-743,189,1365,1280,-1476,-4243,-1310,-1638,-650,-2351
1300,-468,-768,226,1381,1245,-1472,-4256,-1317,-1637,-638,-2331
1314,-423,-828,294,1436,1215,-1463,-4257,-1315,-1626,-621,-2306
1340,-378,-903,371,1508,1193,-1451,-4254,-1307,-1610,-599,-2282
1365,-344,-966,432,1572,1175,-1442,-4252,-1297,-1596,-574,-2267
1359,-345,-968,430,1574,1159,-1454,-4269,-1305,-1609,-566,-2270
1328,-366,-925,385,1529,1138,-1478,-4298,-1325,-1639,-571,-2279
1304,-378,-900,358,1500,1115,-1495,-4319,-1340,-1658,-567,-2277
1264,-393,-857,316,1447,1084,-1513,-4343,-1360,-1680,-572,-2278
1230,-394,-836,298,1413,1049,-1521,-4357,-1374,-1691,-576,-2275
1217,-376,-854,320,1418,1014,-1515,-4350,-1375,-1686,-574,-2263
1201,-360,-867,337,1417,981,-1511,-4341,-1374,-1686,-575,-2252
1177,-348,-868,343,1401,946,-1506,-4336,-1374,-1686,-579,-2242
1169,-311,-907,390,1420,908,-1480,-4323,-1359,-1657,-568,-2215
1187,-252,-994,484,1488,874,-1437,-4296,-1328,-1608,-538,-2172
1189,-213,-1041,538,1518,845,-1412,-4281,-1311,-1586,-513,-2145
1148,-223,-996,499,1457,822,-1415,-4297,-1323,-1607,-512,-2149
1071,-273,-870,378,1316,805,-1441,-4338,-1358,-1657,-536,-2182
981,-335,-719,232,1150,791,-1475,-4386,-1399,-1709,-575,-2224
926,-368,-628,147,1048,782,-1495,-4415,-1422,-1731,-599,-2254
888,-395,-560,81,971,783,-1515,-4438,-1440,-1746,-616,-2281
851,-434,-476,-3,884,794,-1542,-4466,-1464,-1769,-637,-2315
797,-495,-353,-127,759,810,-1585,-4512,-1501,-1811,-673,-2358
740,-561,-219,-262,627,830,-1636,-4568,-1543,-1859,-715,-2401
702,-619,-112,-373,524,858,-1681,-4620,-1582,-1897,-750,-2437
706,-641,-80,-409,500,891,-1701,-4644,-1597,-1901,-762,-2449
739,-638,-102,-393,532,926,-1706,-4647,-1595,-1885,-758,-2444
759,-638,-108,-388,546,956,-1719,-4657,-1595,-1880,-758,-2441
786,-625,-132,-363,576,981,-1726,-4661,-1592,-1872,-753,-2434
799,-621,-135,-357,585,1002,-1739,-4673,-1596,-1876,-753,-2435
791,-637,-98,-391,552,1021,-1761,-4698,-1608,-1892,-763,-2445
791,-653,-70,-418,532,1043,-1774,-4713,-1611,-1895,-772,-2450
806,-666,-62,-429,536,1072,-1778,-4716,-1606,-1890,-775,-2452
816,-701,-30,-472,521,1110,-1789,-4716,-1608,-1899,-783,-2462
808,-754,36,-548,472,1145,-1809,-4722,-1617,-1924,-794,-2478
813,-776,55,-572,463,1165,-1815,-4716,-1614,-1931,-792,-2477
860,-747,-23,-496,548,1176,-1791,-4685,-1584,-1898,-765,-2448
944,-678,-180,-342,710,1182,-1742,-4633,-1534,-1835,-716,-2402
1043,-600,-363,-164,901,1191,-1686,-4576,-1477,-1768,-660,-2356
1102,-556,-475,-56,1018,1193,-1657,-4544,-1443,-1736,-629,-2338
1135,-527,-549,16,1093,1186,-1641,-4525,-1422,-1720,-615,-2331
1159,-497,-616,85,1157,1169,-1624,-4506,-1403,-1702,-602,-2320
1189,-452,-706,177,1241,1146,-1598,-4477,-1380,-1670,-579,-2296
1223,-402,-806,281,1334,1120,-1568,-4442,-1354,-1631,-545,-2262
1246,-364,-883,360,1405,1094,-1544,-4409,-1331,-1601,-514,-2232
1238,-368,-888,365,1407,1074,-1545,-4393,-1326,-1607,-503,-2221
1205,-400,-840,314,1356,1056,-1563,-4393,-1339,-1638,-510,-2226
1175,-428,-799,271,1313,1037,-1584,-4394,-1356,-1668,-517,-2230
1125,-461,-733,208,1239,1008,-1617,-4409,-1382,-1709,-533,-2240
1079,-483,-679,159,1175,975,-1645,-4427,-1409,-1745,-547,-2248
1056,-489,-662,145,1151,950,-1661,-4434,-1429,-1769,-555,-2248
1036,-506,-635,117,1123,934,-1676,-4441,-1446,-1794,-568,-2252
1012,-528,-595,76,1083,921,-1690,-4453,-1463,-1821,-592,-2260
1007,-523,-599,81,1083,904,-1683,-4456,-1466,-1820,-606,-2250
1036,-486,-664,148,1146,891,-1653,-4440,-1448,-1791,-594,-2218
1060,-458,-710,195,1194,884,-1629,-4427,-1437,-1774,-579,-2194
1048,-470,-678,163,1165,883,-1625,-4438,-1449,-1793,-585,-2198
1011,-513,-587,70,1079,886,-1636,-4465,-1479,-1834,-609,-2221
968,-561,-482,-37,980,894,-1647,-4493,-1510,-1873,-638,-2246
964,-575,-446,-75,952,907,-1637,-4491,-1519,-1872,-641,-2247
978,-575,-442,-83,957,924,-1621,-4474,-1516,-1862,-631,-2239
985,-580,-425,-103,950,943,-1610,-4461,-1516,-1862,-626,-2235
967,-591,-376,-148,904,951,-1610,-4463,-1525,-1881,-638,-2238
927,-599,-309,-202,831,944,-1618,-4475,-1541,-1908,-661,-2245
885,-587,-259,-232,768,924,-1622,-4483,-1554,-1925,-682,-2246
870,-538,-275,-192,767,898,-1606,-4472,-1545,-1907,-683,-2229
879,-465,-342,-102,816,873,-1573,-4445,-1521,-1870,-663,-2196
875,-396,-393,-25,846,843,-1547,-4419,-1502,-1845,-647,-2171
879,-316,-465,74,896,810,-1517,-4381,-1479,-1821,-628,-2146
874,-242,-526,162,931,775,-1492,-4346,-1460,-1810,-615,-2131
846,-190,-545,208,924,737,-1476,-4322,-1450,-1817,-617,-2131
815,-140,-562,253,914,699,-1460,-4294,-1438,-1822,-622,-2135
793,-92,-590,303,917,665,-1444,-4253,-1420,-1824,-621,-2139
759,-73,-580,311,886,640,-1446,-4212,-1411,-1849,-627,-2158
696,-81,-518,267,802,612,-1464,-4179,-1417,-1894,-647,-2195
639,-75,-478,247,736,575,-1468,-4134,-1412,-1920,-667,-2227
615,-31,-512,304,743,533,-1440,-4058,-1378,-1904,-672,-2241
624,45,-613,426,815,488,-1382,-3951,-1316,-1853,-665,-2246
648,123,-733,562,910,450,-1307,-3826,-1238,-1794,-653,-2253
637,166,-783,630,936,408,-1250,-3712,-1171,-1762,-665,-2281
604,193,-794,660,920,361,-1199,-3605,-1108,-1741,-694,-2314
573,221,-809,692,909,313,-1141,-3491,-1037,-1710,-727,-2341
564,256,-852,747,930,272,-1071,-3357,-950,-1657,-750,-2355
575,296,-918,820,981,241,-998,-3208,-846,-1584,-750,-2359
593,330,-984,889,1037,217,-936,-3055,-736,-1503,-730,-2365
586,333,-993,898,1037,196,-901,-2921,-638,-1441,-713,-2393
554,313,-952,857,989,174,-888,-2802,-551,-1397,-705,-2435
531,296,-919,824,952,156,-878,-2680,-459,-1342,-685,-2466
488,268,-853,759,880,132,-876,-2569,-369,-1289,-668,-2497
451,246,-797,705,819,110,-872,-2459,-271,-1223,-645,-2517
443,242,-785,691,806,95,-859,-2346,-159,-1137,-609,-2513
440,237,-773,676,798,85,-852,-2245,-46,-1049,-576,-2499
431,230,-752,653,780,75,-852,-2171,55,-969,-552,-2490
445,246,-774,673,806,66,-840,-2118,158,-876,-520,-2467
493,290,-855,751,894,64,-813,-2079,268,-762,-466,-2420
542,315,-915,802,969,76,-805,-2077,355,-668,-412,-2375
557,296,-898,772,971,98,-832,-2131,404,-623,-377,-2348
542,246,-817,680,910,122,-890,-2244,413,-613,-359,-2336
519,200,-731,587,840,140,-959,-2402,397,-609,-342,-2322
532,192,-720,569,844,158,-1016,-2580,379,-582,-299,-2284
567,203,-750,593,891,179,-1077,-2784,354,-544,-238,-2229
606,203,-774,606,936,213,-1159,-3032,310,-514,-174,-2169
642,176,-770,585,961,263,-1268,-3337,241,-501,-115,-2108
686,138,-763,555,989,328,-1390,-3693,151,-492,-54,-2038
750,103,-783,545,1048,405,-1513,-4091,49,-469,21,-1946
857,96,-876,605,1183,492,-1616,-4514,-50,-413,125,-1822
997,105,-1020,710,1375,591,-1707,-4967,-157,-346,250,-1680
1127,95,-1137,785,1542,697,-1810,-5471,-293,-308,367,-1545
1264,78,-1257,858,1715,811,-1916,-6014,-449,-286,485,-1405
1392,37,-1347,895,1862,936,-2034,-6601,-632,-288,600,-1269
1504,-40,-1387,876,1965,1073,-2168,-7234,-846,-322,703,-1140
1627,-131,-1427,848,2074,1226,-2306,-7894,-1077,-365,809,-1004
1770,-231,-1479,822,2205,1397,-2448,-8572,-1323,-408,927,-856
1906,-357,-1500,758,2309,1580,-2612,-9279,-1594,-468,1050,-711
2026,-509,-1479,648,2375,1769,-2793,-10013,-1892,-545,1168,-571
2166,-641,-1500,579,2482,1957,-2960,-10741,-2185,-590,1302,-406
2356,-725,-1618,608,2687,2144,-3097,-11437,-2451,-580,1474,-196
2594,-759,-1833,732,2987,2329,-3217,-12100,-2692,-525,1684,51
2859,-774,-2093,899,3336,2519,-3342,-12744,-2919,-452,1919,320
3104,-814,-2305,1016,3638,2710,-3504,-13406,-3160,-394,2155,593
3342,-863,-2500,1113,3925,2902,-3697,-14080,-3405,-335,2401,888
3587,-900,-2712,1230,4227,3089,-3916,-14761,-3647,-263,2664,1214
3851,-908,-2969,1394,4570,3267,-4154,-15438,-3882,-170,2952,1566
4123,-899,-3250,1585,4936,3438,-4417,-16116,-4117,-67,3265,1927
4389,-889,-3524,1771,5292,3603,-4709,-16801,-4359,31,3590,2292
4627,-912,-3736,1892,5589,3771,-5045,-17506,-4625,95,3904,2644
4841,-967,-3891,1955,5832,3941,-5419,-18234,-4918,127,4203,2985
5070,-1022,-4060,2026,6095,4122,-5811,-18965,-5214,159,4507,3334
5292,-1091,-4209,2074,6339,4305,-6234,-19715,-5522,181,4803,3676
5525,-1153,-4373,2137,6601,4492,-6675,-20475,-5833,212,5100,4023
5784,-1197,-4584,2244,6913,4683,-7128,-21242,-6144,256,5409,4380
6048,-1241,-4798,2352,7229,4878,-7603,-22025,-6466,294,5719,4733
6307,-1299,-4993,2440,7530,5078,-8094,-22822,-6800,323,6020,5080
6589,-1351,-5218,2551,7867,5291,-8569,-23605,-7121,374,6323,5439
6915,-1396,-5494,2701,8266,5528,-9017,-24349,-7417,461,6644,5813
7249,-1484,-5735,2802,8650,5800,-9463,-25068,-7706,546,6968,6175
7558,-1640,-5883,2794,8953,6103,-9925,-25774,-8001,607,7274,6508
7836,-1851,-5946,2693,9181,6423,-10405,-26465,-8302,648,7558,6815
8105,-2085,-5978,2557,9382,6753,-10891,-27128,-8592,694,7828,7114
8409,-2294,-6070,2478,9648,7093,-11354,-27728,-8841,785,8118,7433
8727,-2487,-6193,2430,9943,7434,-11807,-28272,-9057,906,8424,7754
9037,-2677,-6312,2382,10232,7770,-12268,-28780,-9258,1035,8734,8062
9320,-2873,-6398,2310,10480,8093,-12747,-29272,-9455,1154,9032,8351
9581,-3063,-6468,2231,10704,8402,-13235,-29746,-9650,1261,9316,8627
9837,-3231,-6558,2180,10938,8694,-13727,-30196,-9835,1366,9597,8907
10102,-3355,-6700,2194,11212,8965,-14205,-30610,-9997,1489,9886,9204
10374,-3454,-6877,2247,11514,9226,-14669,-30988,-10141,1615,10178,9505
10615,-3568,-7007,2259,11764,9478,-15131,-31345,-10284,1720,10448,9780
10850,-3688,-7127,2261,12001,9730,-15566,-31657,-10410,1825,10709,10038
11066,-3827,-7208,2225,12200,9981,-15974,-31922,-10519,1920,10953,10271
11244,-3992,-7227,2129,12331,10224,-16353,-32144,-10615,1996,11162,10471
11403,-4157,-7228,2023,12437,10454,-16689,-32304,-10686,2060,11341,10644
11544,-4307,-7226,1925,12527,10658,-16986,-32393,-10730,2108,11491,10783
11638,-4459,-7176,1794,12554,10830,-17260,-32421,-10763,2113,11590,10864
11665,-4613,-7058,1617,12490,10956,-17520,-32400,-10788,2071,11619,10878
11657,-4727,-6944,1469,12404,11029,-17736,-32316,-10781,2020,11590,10841
11646,-4776,-6893,1407,12358,11051,-17888,-32151,-10726,1988,11527,10772
11620,-4763,-6888,1418,12334,11019,-17978,-31908,-10628,1966,11430,10673
11551,-4705,-6884,1460,12280,10925,-18022,-31599,-10502,1919,11283,10526
11378,-4641,-6781,1440,12091,10754,-18049,-31258,-10383,1789,11045,10294
11117,-4557,-6609,1387,11798,10507,-18042,-30873,-10268,1597,10724,9985
10795,-4440,-6409,1338,11447,10196,-17987,-30435,-10143,1369,10345,9619
10435,-4291,-6203,1305,11065,9834,-17877,-29944,-10012,1120,9923,9207
10047,-4116,-5993,1286,10662,9434,-17723,-29408,-9883,850,9466,8754
9621,-3936,-5750,1247,10213,9003,-17536,-28843,-9767,543,8967,8255
9140,-3779,-5430,1140,9677,8550,-17334,-28267,-9680,178,8418,7699
8606,-3639,-5040,973,9059,8072,-17113,-27688,-9620,-232,7820,7094
8069,-3484,-4659,821,8445,7581,-16852,-27085,-9563,-649,7204,6474
7517,-3330,-4264,656,7813,7082,-16566,-26474,-9517,-1084,6567,5841
6969,-3162,-3886,512,7197,6578,-16253,-25850,-9479,-1525,5923,5209
6450,-2970,-3561,417,6634,6078,-15911,-25208,-9441,-1963,5288,4592
5940,-2776,-3244,327,6085,5587,-15554,-24562,-9418,-2419,4650,3981
5434,-2588,-2924,230,5537,5106,-15182,-23919,-9409,-2890,4007,3374
4961,-2382,-2655,179,5044,4639,-14774,-23259,-9385,-3333,3383,2793
4541,-2155,-2459,189,4636,4199,-14328,-22568,-9330,-3720,2799,2251
4146,-1951,-2262,183,4245,3797,-13877,-21865,-9260,-4082,2244,1728
3744,-1796,-2008,106,3810,3429,-13446,-21177,-9189,-4428,1707,1211
3341,-1683,-1711,-27,3347,3096,-13031,-20503,-9110,-4747,1194,706
2957,-1586,-1416,-168,2897,2791,-12617,-19833,-9007,-5016,720,232
2633,-1460,-1211,-229,2549,2513,-12186,-19139,-8855,-5201,313,-184
2354,-1319,-1063,-242,2268,2261,-11752,-18439,-8670,-5327,-39,-558
2090,-1192,-917,-261,1998,2034,-11334,-17756,-8469,-5428,-356,-908
1822,-1088,-743,-312,1707,1823,-10940,-17101,-8259,-5512,-645,-1239
1551,-999,-549,-386,1402,1625,-10562,-16472,-8036,-5576,-909,-1549
1300,-909,-376,-443,1124,1443,-10188,-15853,-7795,-5608,-1146,-1829
1098,-797,-272,-439,924,1281,-9801,-15224,-7522,-5584,-1338,-2060
945,-676,-228,-387,796,1147,-9404,-14587,-7222,-5513,-1485,-2246
797,-582,-162,-367,658,1036,-9023,-13970,-6921,-5428,-1612,-2416
678,-504,-109,-348,546,952,-8646,-13363,-6613,-5321,-1715,-2558
575,-450,-49,-348,442,893,-8281,-12775,-6305,-5208,-1797,-2683
468,-425,41,-386,313,847,-7940,-12215,-6007,-5097,-1864,-2801
379,-403,115,-414,207,810,-7611,-11669,-5709,-4970,-1903,-2900
318,-370,147,-406,148,780,-7287,-11129,-5408,-4825,-1908,-2972
262,-349,184,-409,88,754,-6988,-10612,-5118,-4689,-1894,-3029
198,-349,247,-442,6,729,-6719,-10127,-4848,-4571,-1877,-3079
159,-332,266,-435,-30,703,-6455,-9657,-4576,-4435,-1846,-3103
178,-278,188,-337,37,682,-6179,-9183,-4288,-4258,-1787,-3087
248,-197,27,-167,193,670,-5893,-8710,-3985,-4051,-1708,-3041
347,-117,-163,22,385,669,-5615,-8254,-3688,-3844,-1623,-2987
420,-80,-286,137,517,673,-5370,-7844,-3424,-3677,-1558,-2950
472,-75,-357,195,599,677,-5152,-7473,-3186,-3533,-1506,-2922
525,-76,-425,246,679,679,-4939,-7123,-2957,-3384,-1445,-2889
592,-74,-511,310,779,684,-4732,-6790,-2733,-3227,-1369,-2850
667,-73,-605,378,891,690,-4535,-6473,-2520,-3075,-1284,-2812
736,-84,-681,425,985,696,-4357,-6183,-2325,-2945,-1211,-2784
769,-130,-687,400,1009,699,-4217,-5936,-2165,-2862,-1172,-2780
760,-206,-620,306,955,693,-4109,-5731,-2038,-2814,-1158,-2794
748,-281,-551,211,899,683,-4009,-5539,-1918,-2765,-1135,-2802
720,-369,-451,85,811,675,-3921,-5366,-1811,-2721,-1112,-2813
698,-457,-356,-39,728,670,-3834,-5200,-1706,-2671,-1088,-2820
699,-521,-304,-119,691,670,-3736,-5020,-1587,-2604,-1050,-2813
699,-572,-262,-185,659,664,-3635,-4838,-1463,-2529,-1009,-2808
688,-611,-216,-247,617,649,-3531,-4664,-1337,-2449,-972,-2807
686,-612,-214,-254,610,620,-3405,-4484,-1193,-2346,-928,-2788
707,-568,-276,-190,660,583,-3254,-4288,-1026,-2213,-863,-2741
719,-523,-325,-135,695,547,-3112,-4097,-867,-2093,-793,-2695
692,-510,-300,-150,655,514,-3000,-3933,-733,-2015,-742,-2673
630,-527,-206,-232,545,485,-2919,-3796,-625,-1980,-714,-2677
552,-546,-91,-328,412,455,-2853,-3673,-533,-1960,-704,-2688
505,-530,-41,-357,342,429,-2779,-3534,-433,-1919,-680,-2680
477,-492,-30,-345,312,408,-2705,-3389,-334,-1874,-646,-2666
444,-460,-8,-343,271,393,-2644,-3257,-252,-1852,-619,-2664
381,-442,59,-378,182,373,-2600,-3149,-194,-1863,-611,-2676
288,-424,154,-432,55,338,-2568,-3057,-154,-1894,-623,-2700
192,-396,242,-473,-70,297,-2542,-2974,-124,-1929,-642,-2728
120,-335,271,-451,-138,253,-2499,-2878,-82,-1944,-651,-2744
77,-244,241,-368,-147,208,-2444,-2767,-29,-1947,-651,-2748
17,-163,234,-307,-183,157,-2398,-2666,14,-1967,-667,-2763
-37,-81,220,-238,-209,109,-2351,-2560,59,-1983,-678,-2775
-99,-14,226,-193,-253,63,-2310,-2462,95,-2007,-690,-2791
-188,26,282,-197,-349,13,-2288,-2386,110,-2053,-724,-2818
-279,58,346,-212,-450,-35,-2268,-2318,122,-2100,-763,-2847
-354,86,394,-218,-529,-77,-2243,-2245,139,-2136,-796,-2872
-426,87,464,-257,-622,-104,-2228,-2180,148,-2186,-826,-2909
-513,56,577,-346,-751,-125,-2230,-2130,140,-2255,-868,-2962
-579,35,658,-408,-846,-146,-2218,-2075,144,-2305,-901,-3001
-598,52,650,-385,-849,-167,-2168,-1994,179,-2299,-902,-3004
-567,103,557,-284,-762,-184,-2084,-1887,243,-2250,-872,-2975
-514,164,430,-156,-638,-198,-1984,-1768,322,-2186,-824,-2936
-487,191,363,-91,-571,-214,-1901,-1670,387,-2144,-794,-2909
-473,195,330,-66,-536,-230,-1833,-1587,444,-2111,-774,-2882
-451,201,288,-36,-489,-245,-1767,-1511,503,-2073,-755,-2848
-404,219,208,27,-401,-256,-1690,-1430,569,-2018,-723,-2805
-337,238,107,103,-286,-257,-1609,-1347,641,-1955,-682,-2757
-270,248,17,163,-179,-256,-1535,-1273,707,-1903,-645,-2717
-222,223,-18,163,-122,-244,-1484,-1224,751,-1882,-625,-2703
-202,163,11,96,-126,-229,-1461,-1205,772,-1893,-633,-2715
-172,112,23,47,-112,-213,-1440,-1190,791,-1903,-640,-2725
-158,59,54,-18,-123,-204,-1433,-1192,800,-1925,-657,-2745
-146,15,79,-72,-131,-202,-1430,-1200,808,-1938,-672,-2764
-115,-3,63,-81,-100,-201,-1423,-1197,829,-1929,-671,-2769
-90,-16,48,-86,-74,-204,-1419,-1192,851,-1917,-669,-2770
-80,-24,47,-98,-68,-216,-1417,-1195,870,-1906,-676,-2770
-65,-2,12,-65,-36,-240,-1399,-1193,902,-1869,-677,-2753
-25,58,-84,35,53,-267,-1360,-1173,957,-1801,-661,-2719
10,109,-164,119,128,-286,-1324,-1150,1012,-1746,-643,-2696
7,121,-165,127,124,-299,-1311,-1146,1045,-1727,-638,-2702
-28,94,-94,61,49,-303,-1316,-1160,1057,-1738,-646,-2730
-77,53,5,-30,-53,-300,-1323,-1178,1060,-1753,-662,-2768
-90,44,37,-54,-87,-290,-1307,-1169,1084,-1737,-659,-2786
-85,56,31,-37,-84,-278,-1282,-1142,1119,-1707,-645,-2786
-88,74,26,-16,-87,-269,-1261,-1111,1153,-1689,-633,-2780
-113,81,54,-21,-127,-267,-1256,-1094,1169,-1700,-634,-2788
-156,84,104,-44,-193,-270,-1258,-1090,1174,-1727,-646,-2812
-189,97,132,-45,-238,-271,-1250,-1081,1182,-1748,-658,-2833
-189,138,98,17,-219,-268,-1216,-1055,1207,-1734,-651,-2829
-152,206,2,137,-134,-259,-1159,-1009,1250,-1696,-623,-2801
-130,260,-68,230,-75,-249,-1109,-970,1285,-1672,-604,-2779
-110,317,-140,328,-15,-245,-1058,-922,1322,-1649,-587,-2758
-104,369,-193,407,22,-248,-1010,-872,1357,-1637,-576,-2745
-128,395,-193,434,6,-257,-977,-837,1377,-1652,-585,-2749
-155,413,-183,448,-18,-265,-946,-805,1391,-1673,-595,-2758
-172,424,-178,460,-31,-265,-918,-767,1402,-1693,-598,-2764
-204,405,-130,422,-83,-259,-911,-735,1397,-1733,-603,-2782
-269,353,-17,317,-199,-256,-930,-721,1370,-1799,-625,-2816
-337,315,83,228,-307,-269,-947,-710,1346,-1847,-647,-2838
-371,321,102,220,-340,-293,-938,-681,1349,-1846,-651,-2833
-372,364,52,281,-304,-324,-904,-634,1376,-1807,-638,-2806
-354,420,-31,371,-233,-355,-859,-576,1415,-1758,-615,-2771
-371,446,-49,396,-229,-393,-837,-539,1435,-1740,-606,-2753
-416,453,-21,376,-273,-440,-830,-521,1440,-1737,-612,-2745
-454,461,0,359,-309,-486,-824,-513,1441,-1732,-625,-2735
-468,477,-10,367,-310,-525,-809,-504,1448,-1717,-633,-2715
-453,502,-60,406,-263,-553,-787,-487,1463,-1693,-623,-2682
-432,527,-113,447,-210,-577,-769,-469,1479,-1669,-605,-2645
-430,531,-126,447,-197,-602,-767,-461,1485,-1661,-593,-2620
-464,510,-78,389,-249,-634,-778,-472,1477,-1676,-594,-2614
-491,494,-41,344,-289,-666,-782,-477,1476,-1683,-585,-2604
-531,472,15,282,-350,-700,-789,-493,1468,-1696,-580,-2600
-572,453,71,223,-413,-738,-791,-510,1461,-1707,-574,-2597
-588,455,82,209,-429,-770,-776,-512,1468,-1692,-553,-2582
-600,460,87,202,-439,-800,-761,-514,1480,-1667,-531,-2559
-618,464,101,190,-459,-831,-750,-520,1496,-1638,-512,-2533
-618,494,72,225,-440,-864,-727,-518,1526,-1586,-484,-2491
-579,554,-25,328,-348,-889,-686,-495,1579,-1504,-439,-2429
-533,603,-116,420,-258,-897,-652,-470,1629,-1438,-394,-2377
-521,609,-127,432,-244,-896,-643,-468,1655,-1415,-372,-2355
-544,571,-59,362,-306,-886,-662,-491,1654,-1432,-375,-2364
-587,513,49,255,-408,-872,-694,-527,1639,-1468,-396,-2390
-605,478,111,195,-463,-853,-709,-547,1635,-1480,-404,-2407
-612,459,145,166,-492,-834,-716,-552,1638,-1481,-405,-2419
-631,433,200,118,-543,-816,-733,-561,1632,-1499,-416,-2442
-674,388,297,31,-638,-797,-765,-582,1613,-1544,-445,-2481
-740,332,428,-86,-771,-784,-805,-608,1584,-1603,-488,-2532
-811,282,558,-198,-907,-777,-840,-629,1558,-1654,-531,-2579
-863,265,635,-253,-994,-776,-857,-635,1546,-1684,-561,-2611
-883,279,649,-246,-1018,-775,-857,-625,1551,-1696,-575,-2626
-915,291,676,-248,-1057,-779,-866,-625,1550,-1721,-601,-2651
-940,310,688,-238,-1083,-783,-869,-620,1554,-1736,-621,-2672
-968,323,707,-235,-1115,-787,-871,-609,1562,-1746,-633,-2689
-1013,314,766,-276,-1185,-788,-878,-607,1564,-1768,-652,-2712
-1047,292,824,-325,-1246,-776,-878,-595,1573,-1784,-667,-2732
-1054,268,856,-358,-1271,-746,-866,-564,1596,-1786,-671,-2747
-1056,224,901,-415,-1303,-703,-860,-528,1612,-1800,-676,-2771
-1079,161,985,-512,-1373,-663,-866,-506,1614,-1833,-694,-2809
-1094,123,1033,-569,-1415,-640,-861,-478,1624,-1844,-709,-2834
-1069,141,985,-525,-1366,-631,-827,-421,1665,-1805,-699,-2827
-1007,212,844,-384,-1230,-637,-766,-332,1738,-1730,-661,-2786
-930,306,664,-203,-1058,-652,-695,-228,1826,-1642,-608,-2728
-882,380,533,-69,-938,-677,-644,-139,1901,-1578,-564,-2682
-862,438,445,26,-864,-713,-606,-69,1963,-1526,-528,-2646
-844,500,354,125,-791,-758,-565,-4,2026,-1465,-485,-2608
-807,569,238,244,-688,-797,-510,66,2096,-1388,-429,-2560
-749,635,103,374,-558,-823,-449,138,2170,-1311,-363,-2508
-686,693,-29,498,-425,-843,-393,204,2238,-1246,-295,-2458
-643,725,-114,571,-338,-861,-365,248,2284,-1214,-241,-2426
-636,727,-132,580,-320,-884,-366,260,2302,-1216,-209,-2416
-620,734,-165,604,-285,-905,-365,268,2319,-1215,-179,-2403
-612,731,-178,607,-269,-925,-374,265,2329,-1221,-159,-2392
-604,723,-186,604,-255,-940,-382,264,2344,-1222,-142,-2376
-570,728,-230,635,-201,-946,-374,281,2376,-1195,-115,-2342
-534,731,-273,663,-147,-946,-359,302,2410,-1162,-84,-2303
-513,730,-295,675,-116,-951,-341,317,2437,-1132,-58,-2264
-487,750,-340,718,-69,-963,-309,333,2470,-1085,-29,-2215
-436,797,-437,813,30,-973,-256,359,2519,-1017,14,-2150
-389,834,-516,890,114,-975,-212,377,2560,-969,51,-2095
-382,833,-516,889,118,-973,-196,371,2575,-967,62,-2069
-419,796,-435,811,38,-972,-212,339,2564,-1007,43,-2075
-476,749,-321,704,-79,-975,-245,293,2540,-1058,6,-2097
-498,733,-272,662,-128,-970,-259,269,2535,-1077,-13,-2103
-488,738,-275,668,-123,-954,-262,264,2545,-1072,-17,-2095
-480,741,-274,672,-121,-935,-269,263,2552,-1072,-20,-2090
-496,733,-237,643,-160,-922,-290,254,2548,-1094,-33,-2100
-534,720,-174,595,-231,-917,-320,237,2534,-1132,-57,-2122
-572,713,-117,555,-298,-916,-349,222,2517,-1166,-79,-2141
-592,736,-109,567,-321,-921,-359,224,2514,-1175,-86,-2142
-581,788,-162,638,-284,-924,-351,248,2531,-1161,-70,-2120
-587,824,-183,678,-279,-929,-351,261,2538,-1162,-63,-2111
-592,853,-200,711,-276,-929,-353,271,2539,-1167,-55,-2106
-605,864,-192,715,-295,-925,-367,271,2528,-1189,-51,-2113
-652,845,-122,658,-377,-924,-405,250,2494,-1242,-67,-2138
-705,811,-34,578,-476,-921,-450,221,2450,-1306,-93,-2168
-747,774,45,503,-560,-911,-492,200,2405,-1367,-118,-2194
-800,721,150,399,-670,-901,-544,176,2351,-1446,-150,-2232
-884,643,307,244,-833,-898,-609,141,2279,-1543,-194,-2286
-959,580,439,114,-973,-902,-654,112,2215,-1614,-232,-2330
-987,562,478,77,-1019,-908,-661,111,2182,-1638,-245,-2342
-968,585,428,127,-973,-913,-635,139,2179,-1616,-227,-2323
-922,625,333,217,-879,-915,-593,185,2193,-1577,-194,-2294
-900,643,285,261,-831,-921,-567,217,2197,-1563,-180,-2281
-898,651,266,278,-815,-936,-553,236,2195,-1564,-182,-2274
-897,669,239,306,-793,-960,-535,255,2198,-1561,-188,-2264
-876,704,176,371,-734,-985,-508,283,2213,-1543,-181,-2244
-833,754,75,469,-633,-1006,-475,319,2240,-1506,-162,-2214
-786,807,-32,574,-525,-1028,-444,351,2268,-1470,-140,-2184
-754,841,-105,642,-449,-1047,-432,369,2282,-1456,-128,-2171
-752,847,-118,653,-432,-1069,-442,367,2278,-1470,-139,-2183
-738,861,-153,683,-393,-1088,-446,376,2281,-1468,-145,-2193
-725,867,-178,701,-361,-1100,-456,381,2283,-1461,-154,-2206
-707,872,-205,721,-323,-1108,-464,384,2288,-1440,-160,-2216
-666,894,-272,779,-245,-1111,-458,400,2310,-1392,-147,-2213
-629,918,-337,837,-170,-1115,-449,414,2337,-1335,-129,-2208
-609,943,-384,883,-119,-1129,-443,417,2362,-1281,-118,-2201
-586,988,-453,958,-52,-1152,-424,425,2398,-1213,-101,-2178
-540,1060,-572,1084,63,-1174,-383,453,2449,-1128,-70,-2136
-493,1116,-674,1188,167,-1183,-347,483,2492,-1058,-37,-2101
-476,1124,-697,1208,197,-1176,-340,491,2509,-1030,-24,-2088
-499,1090,-636,1145,143,-1166,-363,474,2500,-1039,-30,-2096
-548,1036,-529,1037,41,-1157,-402,445,2477,-1067,-49,-2112
-571,1004,-469,976,-13,-1143,-425,433,2468,-1073,-52,-2110
-571,983,-441,944,-32,-1120,-436,438,2465,-1069,-39,-2099
-575,955,-402,900,-63,-1093,-456,437,2453,-1076,-33,-2105
-603,909,-320,816,-138,-1069,-496,420,2427,-1103,-46,-2138
-653,848,-200,696,-255,-1049,-552,388,2386,-1145,-82,-2192
-698,790,-88,585,-364,-1026,-602,360,2346,-1186,-122,-2242
-715,760,-30,527,-419,-1003,-629,350,2326,-1201,-148,-2264
-691,760,-44,538,-400,-974,-627,369,2334,-1178,-146,-2249
-680,756,-40,534,-403,-951,-624,387,2341,-1158,-144,-2230
-663,758,-46,539,-397,-928,-611,411,2352,-1135,-135,-2205
-648,756,-49,541,-393,-905,-598,433,2358,-1118,-126,-2183
-657,733,-7,498,-436,-885,-601,435,2347,-1127,-132,-2174
-672,709,42,450,-487,-869,-610,433,2334,-1146,-137,-2170
-675,694,67,423,-515,-854,-617,441,2328,-1158,-131,-2164
-684,668,107,379,-556,-837,-634,456,2317,-1182,-125,-2169
-718,621,192,291,-643,-824,-668,462,2295,-1224,-134,-2188
-748,593,253,231,-710,-823,-692,475,2287,-1250,-144,-2196
-735,608,223,261,-687,-824,-682,516,2310,-1230,-129,-2175
-676,663,106,376,-575,-823,-643,579,2362,-1170,-85,-2124
-591,736,-56,533,-414,-818,-586,656,2431,-1090,-20,-2056
-530,780,-168,636,-301,-812,-542,714,2487,-1037,30,-2002
-494,797,-231,691,-235,-805,-512,750,2522,-1006,61,-1965
-462,815,-292,743,-172,-802,-485,780,2551,-979,84,-1929
-431,842,-364,810,-100,-809,-455,807,2581,-947,110,-1885
-398,877,-446,888,-20,-820,-428,833,2609,-912,148,-1835
-377,898,-505,943,39,-831,-414,849,2627,-890,188,-1792
-389,885,-497,930,32,-841,-424,843,2623,-900,210,-1774
-452,829,-397,828,-68,-857,-464,806,2589,-952,198,-1786
-519,777,-297,728,-171,-878,-506,767,2549,-1003,178,-1799
-600,725,-181,617,-292,-908,-550,721,2504,-1059,149,-1819
-684,684,-72,520,-412,-947,-591,676,2460,-1104,122,-1840
-744,673,-16,478,-479,-989,-614,651,2434,-1126,114,-1843
-801,679,23,458,-532,-1039,-633,634,2413,-1141,113,-1838
-864,692,62,443,-591,-1097,-651,613,2392,-1150,105,-1833
-910,732,60,472,-611,-1159,-650,598,2384,-1131,101,-1814
-916,806,-12,571,-560,-1217,-617,604,2403,-1078,116,-1776
-908,873,-88,668,-497,-1260,-585,612,2422,-1030,134,-1747
-928,904,-97,695,-500,-1294,-581,600,2418,-1020,132,-1744
-983,896,-30,644,-578,-1324,-605,568,2389,-1048,108,-1765
-1047,864,71,555,-686,-1344,-639,533,2350,-1083,74,-1792
-1075,851,122,512,-738,-1350,-654,523,2327,-1096,61,-1802
-1070,848,130,504,-741,-1340,-660,526,2311,-1095,67,-1804
-1060,837,143,487,-746,-1319,-676,527,2287,-1103,72,-1811
-1062,812,182,444,-778,-1297,-703,516,2253,-1127,66,-1829
-1084,779,250,376,-842,-1281,-735,497,2213,-1155,46,-1853
-1108,755,312,317,-905,-1271,-759,485,2177,-1167,28,-1877
-1116,760,329,308,-927,-1268,-763,489,2161,-1152,26,-1888
-1093,794,287,358,-891,-1263,-747,518,2167,-1107,51,-1879
-1086,816,272,381,-882,-1259,-738,542,2169,-1072,72,-1869
-1072,836,252,406,-867,-1250,-729,571,2172,-1041,93,-1851
-1056,844,240,417,-856,-1232,-728,593,2172,-1026,105,-1836
-1067,829,278,380,-894,-1216,-744,596,2157,-1043,94,-1838
-1087,810,328,332,-947,-1205,-763,589,2138,-1073,75,-1845
-1099,800,358,303,-980,-1196,-779,584,2121,-1099,67,-1852
-1112,776,403,254,-1024,-1180,-807,572,2094,-1137,62,-1874
-1147,728,491,161,-1111,-1164,-855,547,2054,-1196,46,-1913
-1177,692,558,90,-1179,-1156,-892,526,2021,-1232,34,-1937
-1162,700,534,108,-1156,-1148,-890,539,2025,-1214,56,-1921
-1096,750,417,217,-1036,-1138,-847,593,2070,-1142,115,-1872
-996,813,249,368,-859,-1115,-778,671,2137,-1048,195,-1811
-917,850,128,471,-726,-1091,-721,738,2198,-979,260,-1761
-862,866,48,532,-636,-1072,-676,784,2246,-934,306,-1719
-806,891,-43,607,-537,-1060,-628,823,2291,-887,349,-1672
-734,930,-164,712,-406,-1048,-574,858,2335,-833,395,-1619
-644,977,-313,840,-244,-1031,-519,892,2378,-779,444,-1563
-557,1020,-456,963,-87,-1015,-467,921,2418,-732,495,-1516
-493,1037,-551,1037,24,-998,-436,937,2444,-710,536,-1491
-468,1015,-569,1034,57,-983,-433,928,2448,-719,553,-1490
-442,996,-590,1036,95,-969,-429,920,2457,-720,571,-1481
-436,969,-585,1016,101,-963,-436,903,2460,-730,578,-1475
-442,944,-568,990,92,-966,-448,880,2461,-743,574,-1474
-426,939,-592,1005,125,-967,-448,874,2473,-737,576,-1463
-402,937,-627,1031,171,-964,-440,875,2492,-722,584,-1449
-383,934,-653,1049,207,-962,-435,874,2511,-702,587,-1437
-349,950,-711,1102,272,-961,-418,882,2545,-659,600,-1414
-281,997,-833,1217,403,-956,-378,910,2606,-580,639,-1367
-207,1042,-955,1332,537,-944,-343,941,2667,-506,684,-1322
-170,1061,-1010,1384,601,-935,-331,951,2702,-471,709,-1300
-175,1048,-989,1364,585,-931,-344,937,2710,-477,711,-1303
-206,1014,-920,1297,518,-928,-368,911,2704,-499,697,-1316
-215,1002,-891,1272,491,-923,-378,902,2708,-496,701,-1315
-208,1009,-894,1280,497,-916,-379,911,2722,-475,720,-1308
-212,1008,-877,1269,480,-909,-392,918,2729,-465,737,-1312
-242,987,-813,1214,415,-904,-422,909,2718,-480,736,-1333
-295,948,-705,1118,305,-902,-464,883,2690,-518,718,-1366
-349,907,-594,1017,190,-897,-508,855,2656,-560,697,-1399
-386,881,-515,949,109,-890,-537,838,2630,-584,679,-1422
-389,880,-495,936,88,-877,-542,845,2622,-582,680,-1426
-411,866,-442,893,33,-867,-555,844,2603,-597,674,-1435
-435,848,-384,844,-28,-857,-571,845,2581,-613,667,-1442
-463,818,-312,777,-100,-841,-594,844,2560,-632,662,-1448
-513,762,-193,662,-219,-824,-629,829,2530,-664,646,-1464
-564,697,-66,535,-343,-803,-665,811,2503,-693,633,-1481
-599,638,38,427,-442,-777,-698,800,2485,-710,631,-1491
-634,569,149,307,-544,-746,-742,790,2469,-732,632,-1505
-692,485,297,153,-686,-722,-804,768,2442,-774,621,-1536
-751,429,415,37,-808,-719,-860,750,2421,-805,608,-1560
-772,433,433,26,-837,-733,-884,757,2433,-791,619,-1552
-747,493,346,123,-766,-756,-876,793,2478,-732,655,-1513
-690,577,201,273,-633,-777,-852,846,2543,-651,706,-1460
-649,637,95,381,-536,-792,-843,883,2600,-592,742,-1422
-628,673,30,446,-477,-807,-849,904,2646,-552,759,-1398
-603,706,-38,510,-414,-819,-851,925,2693,-507,779,-1369
-560,744,-131,595,-321,-824,-843,957,2750,-448,812,-1328
-497,788,-252,702,-195,-821,-824,1002,2814,-378,859,-1277
-434,823,-366,798,-73,-813,-800,1049,2881,-312,910,-1225
-394,831,-431,844,3,-802,-787,1081,2936,-271,957,-1189
-397,803,-418,814,-2,-797,-797,1082,2966,-265,982,-1176
-395,778,-413,792,4,-790,-809,1081,2994,-260,1010,-1163
-404,747,-392,756,-9,-787,-826,1069,3011,-264,1031,-1155
-417,717,-367,718,-27,-786,-846,1051,3021,-269,1046,-1150
-404,708,-388,725,4,-782,-850,1047,3042,-255,1073,-1135
-385,706,-422,746,47,-778,-849,1045,3065,-237,1100,-1120
-375,705,-444,760,75,-779,-850,1036,3084,-228,1116,-1111
-362,727,-488,804,119,-792,-841,1031,3111,-206,1126,-1094
-327,785,-588,908,214,-814,-813,1044,3156,-159,1143,-1059
-292,838,-679,1004,303,-829,-794,1061,3195,-119,1157,-1027
-295,855,-691,1023,312,-845,-802,1056,3210,-114,1157,-1016
-339,835,-621,962,237,-861,-838,1032,3198,-140,1144,-1025
-403,793,-506,857,118,-875,-886,997,3175,-175,1123,-1039
-437,773,-439,797,49,-881,-916,981,3166,-186,1118,-1035
-442,771,-417,780,28,-879,-935,981,3172,-179,1128,-1019
-446,764,-386,753,0,-871,-962,981,3177,-176,1138,-1007
-463,740,-326,696,-57,-859,-1004,972,3170,-191,1137,-1005
-495,708,-241,617,-142,-850,-1056,953,3154,-216,1124,-1008
-519,681,-168,550,-214,-839,-1104,937,3141,-234,1114,-1002
-521,682,-144,534,-241,-830,-1137,935,3142,-227,1115,-979
-480,720,-200,596,-186,-817,-1147,959,3167,-191,1137,-934
-450,754,-243,647,-147,-807,-1166,975,3183,-171,1148,-902
-417,797,-298,711,-100,-801,-1185,992,3197,-157,1159,-872
-382,837,-355,775,-49,-792,-1203,1007,3209,-149,1176,-839
-367,852,-368,794,-40,-781,-1229,1009,3211,-152,1189,-812
-353,860,-376,803,-36,-767,-1254,1011,3211,-149,1205,-789
-326,870,-403,829,-9,-746,-1275,1021,3216,-135,1223,-773
-304,866,-414,835,6,-722,-1301,1032,3215,-130,1236,-772
-311,836,-374,789,-32,-701,-1343,1031,3199,-147,1233,-784
-323,817,-344,758,-65,-693,-1373,1034,3189,-149,1235,-777
-303,846,-398,816,-18,-697,-1368,1067,3205,-105,1268,-733
-245,923,-542,965,115,-710,-1335,1129,3249,-21,1330,-659
-168,1024,-732,1162,294,-728,-1288,1207,3308,79,1408,-571
-117,1099,-873,1310,426,-748,-1258,1267,3352,145,1475,-500
-94,1147,-961,1404,504,-771,-1241,1305,3377,181,1527,-445
-69,1188,-1047,1491,584,-788,-1221,1339,3399,218,1576,-391
-22,1230,-1156,1595,695,-793,-1194,1376,3426,268,1632,-330
49,1273,-1291,1716,841,-784,-1158,1419,3458,330,1701,-265
121,1301,-1413,1819,980,-765,-1123,1458,3489,393,1772,-205
172,1296,-1480,1862,1069,-738,-1105,1485,3505,434,1833,-167
174,1252,-1458,1820,1067,-719,-1118,1483,3493,437,1862,-157
174,1213,-1439,1783,1065,-704,-1137,1480,3478,439,1889,-144
157,1172,-1399,1730,1039,-699,-1169,1468,3454,434,1905,-134
129,1135,-1351,1674,999,-705,-1203,1451,3427,429,1912,-131
123,1127,-1351,1669,1006,-713,-1221,1449,3411,448,1933,-121
126,1132,-1370,1685,1031,-724,-1235,1447,3400,470,1957,-106
121,1139,-1380,1695,1043,-740,-1253,1437,3386,487,1974,-89
123,1165,-1413,1733,1076,-763,-1261,1431,3383,517,1986,-62
161,1220,-1507,1831,1170,-780,-1246,1445,3404,577,2010,-20
214,1266,-1603,1923,1275,-779,-1234,1461,3425,632,2039,21
242,1271,-1630,1942,1316,-764,-1250,1453,3424,645,2056,42
232,1233,-1575,1876,1275,-745,-1293,1418,3397,620,2054,41
195,1178,-1470,1766,1181,-730,-1352,1365,3355,579,2037,28
180,1147,-1409,1701,1129,-715,-1394,1324,3325,564,2029,26
190,1135,-1391,1678,1121,-695,-1424,1296,3305,569,2038,40
195,1120,-1364,1647,1102,-674,-1458,1265,3286,570,2051,60
180,1095,-1306,1589,1048,-658,-1506,1226,3261,555,2062,77
144,1059,-1215,1502,957,-648,-1560,1178,3233,528,2063,88
109,1027,-1130,1422,868,-639,-1610,1134,3211,505,2065,102
89,1022,-1085,1386,816,-636,-1644,1104,3201,505,2074,127
108,1051,-1114,1423,838,-630,-1653,1098,3209,534,2106,171
119,1067,-1123,1439,841,-621,-1668,1086,3209,556,2134,205
129,1083,-1132,1454,843,-611,-1681,1074,3206,574,2160,234
134,1094,-1133,1461,836,-603,-1699,1061,3196,581,2179,253
107,1080,-1078,1414,771,-600,-1733,1028,3164,556,2177,252
70,1054,-1004,1348,687,-597,-1775,988,3119,513,2161,245
46,1030,-946,1294,624,-588,-1812,953,3077,478,2152,245
20,990,-875,1221,551,-570,-1857,918,3030,434,2147,237
-27,922,-757,1098,434,-550,-1924,870,2969,373,2138,213
-73,861,-650,989,327,-538,-1983,823,2915,330,2135,198
-79,847,-635,972,309,-530,-2007,804,2895,340,2157,219
-38,881,-717,1053,390,-527,-1994,818,2911,403,2206,272
30,943,-857,1191,529,-526,-1963,852,2949,489,2274,343
77,993,-967,1301,636,-533,-1945,873,2980,552,2331,404
100,1029,-1041,1378,706,-547,-1947,879,2997,592,2376,454
132,1074,-1136,1475,796,-565,-1945,886,3021,644,2428,513
186,1138,-1274,1613,932,-581,-1932,904,3056,716,2494,584
270,1218,-1459,1794,1120,-589,-1911,933,3102,805,2576,659
363,1296,-1652,1978,1321,-591,-1893,961,3145,886,2661,731
435,1352,-1803,2119,1482,-594,-1893,974,3175,937,2732,786
457,1372,-1869,2180,1553,-605,-1920,959,3180,946,2774,814
480,1392,-1937,2242,1626,-616,-1947,947,3188,962,2820,840
491,1404,-1982,2283,1677,-629,-1985,929,3190,977,2862,862
489,1408,-2004,2303,1703,-645,-2030,902,3184,987,2896,883
504,1420,-2051,2343,1755,-654,-2063,888,3185,1011,2944,920
522,1422,-2087,2371,1803,-652,-2091,876,3189,1041,2994,961
530,1404,-2090,2362,1819,-643,-2123,852,3185,1061,3035,998
534,1391,-2089,2353,1829,-637,-2150,821,3181,1087,3072,1040
553,1395,-2116,2374,1866,-631,-2163,793,3187,1127,3118,1093
567,1379,-2114,2361,1878,-613,-2184,761,3178,1146,3158,1132
539,1316,-2019,2254,1797,-589,-2233,702,3140,1120,3169,1138
467,1209,-1831,2056,1624,-564,-2314,613,3069,1051,3149,1112
371,1083,-1594,1811,1399,-540,-2410,509,2980,970,3107,1067
300,982,-1403,1613,1220,-515,-2486,423,2904,921,3078,1035
264,910,-1271,1472,1100,-484,-2541,362,2847,905,3072,1020
238,838,-1146,1335,990,-445,-2589,308,2796,894,3073,1010
208,762,-1009,1187,868,-405,-2643,252,2740,874,3072,996
167,694,-868,1041,733,-376,-2698,193,2679,843,3061,975
132,653,-757,932,623,-360,-2742,141,2621,820,3048,959
119,651,-708,891,567,-355,-2764,110,2585,826,3047,965
150,695,-748,939,598,-352,-2752,114,2581,874,3077,999
174,736,-779,979,620,-351,-2741,119,2583,920,3106,1030
205,778,-821,1028,653,-348,-2726,130,2590,969,3139,1065
240,819,-871,1082,695,-341,-2713,145,2597,1015,3175,1100
253,838,-879,1095,696,-336,-2716,142,2589,1039,3200,1119
260,849,-878,1098,688,-330,-2728,128,2572,1051,3219,1126
277,866,-898,1120,701,-325,-2738,116,2553,1060,3243,1135
287,872,-908,1130,706,-317,-2759,101,2528,1050,3269,1143
271,850,-869,1090,663,-310,-2802,76,2491,1019,3283,1137
248,831,-834,1056,619,-313,-2841,53,2461,1003,3295,1137
259,849,-874,1100,652,-320,-2851,53,2457,1029,3327,1162
311,908,-1004,1232,773,-328,-2831,74,2481,1089,3383,1212
386,987,-1181,1409,945,-336,-2799,104,2519,1162,3452,1273
431,1046,-1314,1545,1068,-353,-2783,117,2542,1209,3508,1318
436,1081,-1386,1626,1128,-382,-2786,108,2543,1224,3543,1345
430,1118,-1451,1703,1176,-420,-2794,90,2538,1232,3573,1365
432,1163,-1534,1798,1244,-459,-2800,75,2539,1246,3604,1390
454,1212,-1643,1912,1344,-488,-2806,67,2541,1267,3639,1420
484,1252,-1749,2019,1448,-507,-2815,60,2541,1284,3669,1451
500,1265,-1815,2080,1517,-517,-2840,45,2531,1281,3687,1473
478,1237,-1799,2058,1506,-525,-2888,8,2496,1245,3686,1474
465,1207,-1788,2038,1504,-526,-2934,-25,2461,1215,3692,1476
450,1166,-1761,1998,1490,-520,-2975,-61,2423,1184,3696,1477
429,1124,-1723,1951,1465,-516,-3007,-95,2388,1159,3700,1484
432,1112,-1734,1953,1487,-515,-3019,-104,2374,1163,3723,1510
443,1116,-1764,1978,1526,-519,-3021,-100,2373,1181,3754,1543
447,1124,-1785,1998,1553,-527,-3018,-94,2377,1202,3781,1577
463,1152,-1833,2047,1604,-540,-2991,-84,2395,1243,3815,1623
514,1216,-1947,2163,1721,-552,-2936,-60,2435,1314,3873,1691
576,1280,-2067,2282,1848,-553,-2882,-33,2472,1376,3938,1755
609,1314,-2120,2334,1908,-552,-2850,-27,2485,1399,3981,1791
604,1315,-2099,2314,1892,-553,-2842,-48,2471,1381,3995,1798
576,1302,-2037,2257,1831,-558,-2852,-87,2439,1347,3982,1789
571,1316,-2021,2246,1814,-563,-2848,-113,2419,1342,3975,1795
590,1350,-2047,2277,1839,-564,-2835,-123,2413,1363,3987,1818
602,1380,-2059,2296,1849,-566,-2830,-136,2404,1384,4006,1836
594,1390,-2029,2273,1815,-566,-2840,-164,2384,1388,4017,1837
557,1379,-1950,2205,1729,-571,-2862,-209,2352,1374,4012,1820
518,1366,-1868,2134,1638,-575,-2882,-258,2316,1357,4005,1800
494,1367,-1817,2093,1576,-579,-2891,-302,2286,1351,4002,1791
509,1398,-1836,2120,1587,-576,-2880,-323,2276,1370,4018,1802
505,1416,-1826,2119,1565,-579,-2881,-351,2254,1370,4020,1804
493,1428,-1806,2109,1531,-583,-2893,-382,2226,1359,4013,1801
482,1431,-1780,2090,1495,-581,-2915,-418,2193,1342,4004,1792
451,1400,-1707,2019,1414,-572,-2952,-472,2144,1302,3977,1765
423,1353,-1623,1930,1328,-552,-2990,-531,2090,1256,3944,1736
416,1298,-1557,1851,1270,-515,-3018,-579,2046,1220,3923,1717
413,1225,-1481,1753,1208,-464,-3049,-623,2002,1181,3904,1694
386,1120,-1354,1601,1098,-412,-3100,-675,1938,1116,3870,1651
346,1025,-1228,1457,981,-376,-3151,-728,1877,1057,3829,1610
338,977,-1183,1399,942,-352,-3174,-758,1843,1042,3810,1595
376,974,-1232,1434,998,-328,-3163,-759,1841,1072,3825,1611
444,1000,-1343,1531,1118,-306,-3132,-744,1853,1123,3864,1647
490,1016,-1423,1600,1203,-294,-3112,-743,1851,1152,3893,1671
505,1016,-1456,1626,1238,-292,-3103,-759,1837,1163,3907,1681
517,1022,-1492,1659,1275,-297,-3091,-774,1827,1180,3921,1694
534,1043,-1550,1715,1333,-309,-3064,-781,1827,1201,3941,1713
569,1074,-1634,1795,1420,-316,-3030,-779,1831,1222,3967,1738
603,1096,-1709,1863,1502,-319,-3000,-778,1833,1226,3986,1756
623,1093,-1742,1885,1547,-315,-2986,-787,1821,1206,3989,1758
604,1050,-1695,1828,1514,-309,-2996,-818,1785,1154,3964,1733
592,1014,-1662,1785,1495,-304,-3003,-845,1748,1107,3944,1710
583,982,-1632,1745,1479,-299,-3011,-875,1711,1066,3920,1684
571,956,-1604,1712,1464,-300,-3018,-904,1676,1032,3891,1656
591,968,-1642,1746,1511,-304,-3004,-910,1663,1028,3879,1647
626,1002,-1716,1820,1593,-311,-2976,-902,1667,1043,3881,1651
660,1044,-1793,1900,1674,-324,-2942,-892,1679,1070,3885,1661
703,1110,-1901,2018,1781,-345,-2889,-873,1707,1119,3896,1686
781,1209,-2076,2203,1955,-363,-2804,-832,1763,1200,3929,1741
869,1310,-2258,2393,2139,-374,-2717,-782,1824,1281,3974,1802
920,1376,-2368,2513,2250,-384,-2652,-753,1866,1323,4005,1839
929,1403,-2395,2551,2275,-395,-2613,-749,1884,1327,4011,1850
910,1410,-2374,2543,2248,-409,-2589,-760,1890,1315,3995,1847
908,1436,-2388,2573,2256,-422,-2551,-754,1913,1330,3987,1860
929,1480,-2444,2643,2306,-430,-2502,-727,1953,1368,3997,1891
947,1508,-2481,2689,2340,-429,-2462,-701,1989,1392,4011,1921
950,1507,-2475,2688,2335,-415,-2440,-684,2015,1397,4023,1940
930,1478,-2418,2633,2279,-397,-2436,-680,2025,1386,4022,1944
902,1441,-2346,2563,2206,-379,-2437,-679,2031,1373,4015,1943
879,1417,-2292,2513,2149,-365,-2426,-670,2046,1376,4005,1943
885,1418,-2293,2516,2147,-348,-2392,-636,2080,1404,4005,1954
868,1403,-2255,2481,2102,-336,-2369,-613,2104,1411,3984,1945
835,1378,-2191,2421,2029,-327,-2361,-601,2117,1402,3952,1917
797,1343,-2113,2345,1944,-317,-2366,-598,2118,1374,3917,1877
728,1285,-1979,2215,1800,-313,-2395,-624,2090,1318,3867,1822
644,1217,-1823,2063,1631,-314,-2431,-666,2048,1250,3811,1766
564,1162,-1682,1929,1475,-322,-2463,-705,2006,1186,3762,1714
480,1106,-1537,1790,1315,-334,-2500,-747,1954,1111,3714,1654
376,1027,-1350,1609,1114,-347,-2553,-803,1884,1012,3650,1572
268,963,-1173,1443,918,-373,-2595,-858,1814,925,3579,1492
200,947,-1085,1368,809,-407,-2602,-882,1776,888,3531,1442
184,980,-1099,1394,804,-442,-2570,-867,1777,908,3518,1430
203,1038,-1172,1475,863,-472,-2511,-825,1808,958,3528,1440
208,1079,-1216,1527,896,-501,-2458,-789,1835,989,3530,1444
182,1100,-1210,1531,875,-541,-2414,-774,1849,996,3516,1434
155,1127,-1209,1543,858,-587,-2367,-761,1863,1004,3499,1424
143,1163,-1236,1581,871,-629,-2310,-740,1887,1025,3491,1420
160,1210,-1302,1653,931,-662,-2244,-705,1919,1059,3496,1423
184,1255,-1376,1729,1002,-689,-2175,-666,1954,1095,3500,1424
194,1278,-1416,1769,1043,-711,-2120,-633,1979,1108,3489,1411
160,1263,-1377,1733,1003,-738,-2092,-623,1978,1080,3453,1374
134,1245,-1344,1700,972,-759,-2062,-609,1976,1047,3421,1338
101,1218,-1297,1652,929,-777,-2034,-597,1967,1004,3388,1300
58,1185,-1234,1591,869,-797,-2011,-593,1950,953,3347,1254
37,1167,-1210,1567,849,-813,-1976,-581,1942,920,3317,1208
22,1154,-1196,1554,839,-826,-1936,-566,1938,896,3288,1164
-7,1137,-1163,1525,807,-845,-1905,-559,1927,867,3246,1118
-32,1135,-1148,1519,789,-869,-1872,-554,1923,849,3199,1080
-29,1167,-1195,1575,829,-895,-1818,-534,1943,859,3170,1061
-13,1195,-1247,1633,880,-908,-1769,-509,1965,859,3146,1035
-28,1184,-1227,1616,861,-912,-1745,-503,1964,821,3104,981
-90,1130,-1114,1507,747,-917,-1749,-522,1934,745,3037,903
-184,1056,-947,1350,573,-928,-1771,-556,1882,651,2952,810
-262,1005,-817,1230,434,-940,-1780,-575,1837,582,2877,725
-313,977,-734,1158,342,-948,-1772,-577,1806,539,2813,657
-364,948,-648,1082,247,-953,-1767,-577,1773,493,2746,590
-427,907,-536,982,126,-957,-1771,-585,1731,428,2671,513
-504,856,-400,857,-22,-961,-1784,-605,1683,352,2587,429
-577,815,-275,746,-161,-968,-1794,-621,1642,289,2511,350
-633,804,-196,686,-258,-983,-1785,-622,1620,260,2452,290
-638,839,-214,720,-257,-994,-1740,-589,1634,278,2426,268
-644,876,-231,755,-258,-1006,-1692,-556,1654,297,2398,250
-648,915,-254,795,-254,-1019,-1640,-516,1680,322,2374,236
-641,946,-279,830,-241,-1020,-1578,-467,1715,357,2360,229
-651,945,-255,812,-273,-1012,-1522,-429,1741,377,2342,212
-663,926,-212,768,-317,-994,-1469,-392,1758,383,2320,190
-662,908,-184,735,-342,-969,-1411,-346,1775,389,2305,169
-656,877,-150,691,-368,-935,-1360,-300,1787,382,2291,141
-670,820,-71,598,-435,-898,-1331,-270,1780,343,2264,91
-691,770,5,514,-504,-874,-1298,-248,1772,304,2231,44
-679,765,1,512,-497,-860,-1242,-206,1786,300,2216,25
-627,808,-93,604,-401,-854,-1154,-141,1825,332,2224,38
-551,879,-241,750,-253,-853,-1047,-64,1877,383,2249,69
-495,931,-353,862,-140,-855,-951,4,1920,410,2266,90
-469,958,-410,920,-83,-863,-874,54,1948,413,2260,92
-451,988,-465,979,-32,-880,-799,102,1976,415,2243,92
-425,1037,-547,1069,44,-906,-718,154,2010,429,2228,96
-383,1098,-660,1188,151,-931,-629,214,2053,457,2226,105
-347,1155,-763,1298,249,-959,-544,269,2094,480,2231,109
-332,1191,-825,1368,305,-988,-479,311,2123,480,2227,101
-365,1184,-796,1347,268,-1021,-448,321,2125,445,2199,68
-398,1175,-766,1326,232,-1053,-420,334,2128,412,2176,35
-439,1162,-725,1294,182,-1088,-398,345,2129,373,2147,-2
-494,1148,-666,1249,111,-1131,-383,351,2129,328,2107,-45
-527,1155,-651,1246,83,-1173,-356,373,2144,308,2079,-73
-551,1170,-652,1260,72,-1213,-320,407,2164,296,2060,-93
-580,1180,-641,1260,48,-1250,-285,438,2179,280,2033,-118
-604,1201,-644,1278,36,-1291,-240,473,2199,281,2005,-137
-599,1252,-705,1352,82,-1329,-168,529,2245,318,1998,-135
-577,1295,-773,1424,143,-1349,-95,592,2293,357,2000,-133
-582,1292,-764,1414,134,-1352,-46,633,2320,357,1989,-151
-622,1236,-666,1307,42,-1342,-22,646,2319,318,1956,-192
-686,1148,-510,1140,-106,-1324,-15,642,2299,263,1908,-245
-737,1074,-380,998,-228,-1303,0,646,2287,222,1869,-286
-766,1021,-291,897,-307,-1279,26,663,2287,198,1844,-311
-807,967,-188,785,-405,-1260,44,677,2283,168,1813,-337
-870,906,-55,649,-537,-1248,52,682,2267,124,1773,-372
-959,842,109,488,-707,-1249,47,670,2241,69,1720,-421
-1045,794,255,351,-862,-1256,48,656,2215,23,1666,-469
-1112,778,349,268,-970,-1270,63,646,2201,1,1622,-499
-1132,813,347,285,-983,-1287,107,659,2212,19,1606,-497
-1153,850,344,304,-996,-1305,148,662,2220,24,1585,-498
-1173,886,340,322,-1007,-1320,188,657,2221,20,1560,-506
-1184,918,331,343,-1008,-1329,226,647,2218,13,1540,-515
-1221,926,370,317,-1059,-1339,247,615,2199,-17,1508,-535
-1269,923,431,269,-1131,-1351,258,579,2176,-53,1476,-557
-1310,924,478,236,-1189,-1365,271,553,2159,-77,1453,-572
-1352,913,534,189,-1254,-1373,278,531,2143,-99,1435,-592
-1417,870,645,88,-1369,-1379,270,503,2113,-141,1405,-633
-1484,821,760,-19,-1488,-1385,267,476,2083,-176,1368,-675
-1510,803,799,-52,-1530,-1389,292,477,2076,-171,1347,-694
-1490,826,749,3,-1480,-1393,344,506,2096,-124,1354,-682
-1440,867,649,105,-1379,-1392,409,555,2135,-54,1385,-651
-1406,878,591,161,-1316,-1386,458,593,2164,-5,1411,-627
-1409,855,602,149,-1324,-1384,485,608,2174,10,1416,-622
-1417,833,617,135,-1339,-1388,508,620,2180,11,1412,-625
-1422,823,616,142,-1341,-1402,534,636,2191,13,1411,-631
-1411,828,584,178,-1314,-1416,563,660,2208,23,1424,-637
-1402,835,552,215,-1289,-1435,586,681,2222,27,1438,-644
-1412,824,558,214,-1302,-1455,591,685,2221,8,1441,-662
-1470,775,651,129,-1404,-1480,563,658,2192,-49,1411,-706
-1523,725,741,43,-1503,-1503,534,634,2162,-99,1376,-748
-1574,671,836,-50,-1604,-1520,505,612,2129,-149,1338,-787
-1632,612,943,-156,-1718,-1537,478,589,2093,-199,1303,-824
-1665,580,1001,-213,-1783,-1554,469,585,2071,-223,1290,-844
-1680,565,1027,-239,-1814,-1568,473,592,2058,-235,1291,-854
-1696,553,1053,-265,-1847,-1583,483,598,2045,-252,1289,-861
-1707,568,1048,-253,-1855,-1610,513,610,2046,-251,1290,-855
-1687,632,967,-160,-1792,-1648,575,645,2075,-205,1312,-824
-1652,709,860,-42,-1700,-1680,644,691,2109,-153,1343,-792
-1639,753,809,15,-1662,-1703,687,717,2119,-136,1354,-787
-1657,761,827,2,-1688,-1720,697,714,2098,-164,1336,-815
-1696,759,876,-38,-1749,-1742,684,693,2058,-220,1298,-857
-1715,788,876,-27,-1764,-1770,677,683,2022,-259,1269,-884
-1697,848,807,52,-1707,-1791,688,697,2003,-273,1262,-888
-1670,905,732,133,-1638,-1802,703,718,1985,-282,1262,-888
-1650,944,682,186,-1591,-1806,710,734,1961,-300,1261,-895
-1652,961,674,196,-1585,-1807,705,738,1930,-329,1248,-912
-1654,969,676,194,-1586,-1802,702,744,1903,-353,1232,-931
-1643,984,657,212,-1562,-1791,713,760,1889,-360,1217,-942
-1592,1025,570,294,-1466,-1772,746,800,1901,-334,1223,-932
-1552,1053,505,352,-1391,-1751,770,834,1911,-312,1225,-923
-1517,1065,462,387,-1334,-1723,792,863,1919,-294,1226,-916
-1484,1061,434,402,-1287,-1686,814,890,1927,-280,1230,-909
-1484,1025,472,351,-1306,-1650,818,895,1914,-297,1215,-919
-1508,972,547,266,-1366,-1620,812,888,1890,-328,1187,-941
-1530,920,620,183,-1423,-1591,810,883,1864,-359,1161,-968
-1556,859,706,85,-1492,-1560,800,873,1828,-405,1131,-1002
-1612,768,853,-72,-1621,-1531,766,846,1771,-480,1081,-1056
-1684,676,1015,-240,-1772,-1513,729,811,1712,-553,1022,-1110
-1727,626,1106,-332,-1857,-1506,719,796,1677,-583,981,-1142
-1726,627,1104,-329,-1852,-1505,743,807,1670,-570,971,-1146
-1696,659,1043,-266,-1789,-1508,789,835,1683,-533,985,-1139
-1685,681,1011,-229,-1759,-1517,820,849,1688,-515,988,-1147
-1710,685,1033,-240,-1790,-1541,830,836,1678,-521,970,-1175
-1736,696,1051,-244,-1821,-1573,838,820,1671,-521,946,-1200
-1751,729,1036,-214,-1824,-1613,854,810,1671,-508,925,-1205
-1747,785,977,-138,-1786,-1657,879,812,1682,-481,916,-1192
-1741,851,906,-48,-1740,-1708,905,816,1696,-458,915,-1175
-1743,903,857,18,-1714,-1756,923,814,1704,-451,915,-1168
-1787,914,890,1,-1771,-1805,916,788,1694,-475,899,-1182
-1823,920,918,-15,-1821,-1846,913,768,1689,-487,891,-1188
-1860,922,950,-36,-1874,-1885,910,752,1686,-498,892,-1188
-1910,922,996,-67,-1945,-1931,904,732,1681,-513,891,-1190
-1940,943,1001,-57,-1975,-1978,909,726,1690,-509,904,-1182
-1962,972,988,-29,-1988,-2022,915,727,1703,-499,918,-1171
-1995,993,993,-17,-2019,-2068,918,722,1707,-494,922,-1161
-2023,1020,988,6,-2041,-2114,937,720,1718,-469,929,-1139
-2019,1074,922,88,-1998,-2153,988,740,1757,-406,959,-1092
-1999,1126,842,178,-1937,-2179,1045,771,1804,-341,1001,-1043
-2009,1140,832,196,-1940,-2198,1079,787,1832,-315,1023,-1022
-2056,1113,901,135,-2020,-2212,1084,781,1834,-329,1016,-1034
-2129,1063,1020,25,-2149,-2226,1070,759,1816,-365,984,-1068
-2189,1029,1109,-54,-2249,-2240,1064,745,1804,-386,953,-1097
-2215,1018,1145,-83,-2290,-2246,1074,752,1809,-381,936,-1111
-2232,1001,1177,-112,-2320,-2239,1081,764,1812,-384,923,-1127
-2254,965,1236,-173,-2372,-2222,1075,768,1805,-405,909,-1150
-2298,917,1330,-265,-2460,-2210,1058,758,1787,-441,883,-1178
-2340,877,1414,-345,-2539,-2200,1046,752,1767,-473,858,-1199
-2363,856,1464,-391,-2583,-2189,1046,758,1754,-485,840,-1208
-2341,867,1437,-363,-2544,-2169,1069,791,1766,-459,846,-1191
-2323,873,1422,-348,-2516,-2147,1081,818,1776,-438,849,-1177
-2308,874,1415,-341,-2495,-2125,1080,842,1779,-423,852,-1164
-2290,873,1408,-337,-2471,-2098,1071,866,1779,-412,861,-1150
-2300,844,1458,-389,-2504,-2073,1044,868,1760,-431,856,-1153
-2328,800,1542,-474,-2572,-2050,1009,859,1730,-464,846,-1167
-2352,755,1623,-558,-2635,-2026,977,855,1701,-493,840,-1181
-2377,705,1709,-650,-2702,-1999,934,850,1666,-529,833,-1200
-2423,632,1837,-785,-2812,-1973,870,836,1613,-586,812,-1237
-2483,570,1968,-915,-2934,-1965,806,815,1562,-637,783,-1279
-2515,557,2021,-962,-2986,-1973,771,818,1538,-644,767,-1301
-2505,595,1978,-910,-2946,-1988,774,850,1547,-603,771,-1292
-2460,661,1871,-797,-2842,-2001,803,906,1579,-528,797,-1261
-2427,715,1788,-708,-2762,-2016,823,954,1606,-470,826,-1233
-2427,744,1760,-673,-2741,-2039,827,980,1617,-439,844,-1216
-2429,772,1734,-640,-2725,-2065,833,1006,1627,-410,860,-1197
-2418,804,1689,-592,-2687,-2087,846,1037,1642,-382,872,-1180
-2378,844,1605,-513,-2606,-2098,868,1079,1664,-347,890,-1164
-2334,882,1516,-431,-2519,-2107,885,1120,1685,-318,908,-1149
-2306,914,1448,-367,-2456,-2123,889,1151,1699,-303,927,-1137
-2331,918,1461,-375,-2484,-2158,867,1154,1689,-320,928,-1145
-2357,925,1467,-376,-2509,-2196,849,1157,1681,-331,931,-1155
-2381,928,1475,-380,-2534,-2232,835,1159,1676,-338,935,-1169
-2414,916,1506,-409,-2581,-2262,822,1157,1670,-345,935,-1183
-2415,914,1494,-403,-2579,-2277,824,1172,1682,-325,948,-1183
-2394,913,1460,-380,-2547,-2279,836,1198,1706,-294,966,-1175
-2379,901,1443,-376,-2531,-2275,849,1221,1730,-270,971,-1170
-2358,891,1418,-364,-2506,-2266,873,1245,1762,-238,969,-1153
-2301,907,1332,-296,-2417,-2249,926,1283,1816,-172,986,-1109
-2222,922,1228,-215,-2300,-2214,984,1331,1876,-95,1021,-1060
-2171,904,1186,-197,-2243,-2173,1024,1364,1914,-51,1045,-1035
-2156,847,1220,-256,-2261,-2128,1039,1372,1923,-46,1045,-1042
-2169,770,1305,-362,-2330,-2084,1035,1362,1913,-67,1025,-1071
-2175,715,1364,-437,-2377,-2047,1037,1360,1908,-74,1009,-1094
-2155,694,1365,-450,-2367,-2013,1054,1383,1926,-52,1013,-1093
-2142,676,1372,-465,-2365,-1983,1066,1408,1945,-37,1017,-1090
-2141,655,1398,-495,-2382,-1954,1065,1427,1958,-36,1023,-1092
-2161,628,1452,-547,-2431,-1934,1054,1436,1964,-41,1027,-1095
-2179,610,1497,-588,-2472,-1916,1047,1446,1974,-36,1036,-1091
-2184,618,1507,-588,-2480,-1904,1054,1463,1992,-9,1054,-1079
-2152,671,1435,-504,-2408,-1897,1085,1501,2031,49,1094,-1046
-2130,731,1369,-419,-2347,-1901,1107,1533,2064,96,1131,-1013
-2124,797,1314,-338,-2303,-1919,1118,1559,2090,130,1162,-979
-2118,867,1255,-251,-2256,-1941,1123,1584,2115,162,1193,-939
-2138,913,1245,-213,-2260,-1966,1109,1596,2125,172,1204,-915
-2172,942,1266,-207,-2293,-1991,1088,1601,2126,174,1197,-902
-2196,969,1279,-198,-2315,-2010,1067,1615,2130,181,1193,-891
-2218,984,1299,-201,-2340,-2022,1039,1634,2133,183,1194,-886
-2258,970,1367,-255,-2410,-2031,993,1644,2119,160,1187,-902
-2308,952,1443,-318,-2492,-2047,949,1652,2104,138,1176,-919
-2323,969,1449,-311,-2506,-2066,937,1682,2115,155,1184,-908
-2286,1026,1360,-213,-2421,-2082,964,1744,2162,222,1221,-862
-2210,1104,1208,-61,-2269,-2088,1018,1826,2233,320,1280,-798
-2138,1165,1076,69,-2134,-2090,1074,1904,2302,405,1337,-743
-2102,1200,1003,140,-2062,-2099,1117,1963,2356,465,1374,-710
-2071,1234,933,210,-1997,-2115,1158,2017,2406,523,1403,-680
-2031,1275,847,295,-1914,-2131,1199,2072,2458,584,1434,-644
-1970,1319,733,401,-1799,-2137,1244,2134,2513,649,1476,-600
-1908,1357,623,501,-1686,-2139,1286,2197,2565,708,1520,-554
-1860,1369,552,557,-1609,-2134,1316,2252,2609,745,1557,-522
-1858,1332,572,520,-1622,-2128,1319,2277,2627,743,1563,-519
-1854,1286,600,472,-1639,-2114,1319,2298,2640,742,1566,-514
-1852,1233,636,413,-1662,-2096,1310,2313,2650,742,1569,-507
-1868,1175,695,336,-1712,-2086,1293,2318,2654,733,1568,-506
-1870,1136,720,294,-1730,-2079,1286,2336,2667,741,1580,-498
-1863,1105,729,267,-1732,-2068,1282,2360,2686,759,1599,-487
-1872,1065,763,218,-1760,-2061,1273,2380,2703,774,1611,-476
-1882,1031,795,174,-1788,-2056,1266,2397,2721,795,1616,-461
-1862,1029,768,189,-1756,-2049,1284,2427,2757,837,1629,-430
-1821,1030,716,223,-1694,-2027,1307,2462,2794,878,1643,-401
-1805,1003,721,200,-1686,-2001,1308,2475,2810,887,1637,-397
-1831,946,803,105,-1759,-1980,1283,2462,2799,861,1610,-421
-1884,878,923,-23,-1874,-1967,1244,2433,2771,818,1572,-456
-1921,834,1005,-110,-1954,-1957,1220,2416,2754,798,1547,-477
-1923,820,1025,-135,-1970,-1941,1217,2426,2758,808,1545,-475
-1922,811,1039,-152,-1979,-1924,1213,2447,2767,816,1549,-469
-1926,794,1068,-184,-2001,-1903,1199,2465,2773,816,1554,-468
-1940,768,1116,-235,-2043,-1880,1181,2479,2777,813,1554,-472
-1945,749,1150,-272,-2071,-1857,1169,2499,2787,822,1559,-472
-1937,756,1146,-264,-2064,-1840,1167,2533,2810,852,1574,-460
-1882,810,1046,-160,-1962,-1824,1195,2597,2865,923,1614,-418
-1825,866,944,-53,-1856,-1807,1222,2659,2919,992,1652,-377
-1767,909,852,39,-1758,-1782,1246,2720,2969,1055,1686,-343
-1695,942,756,128,-1647,-1743,1271,2783,3022,1118,1726,-310
-1642,945,708,166,-1579,-1695,1288,2830,3064,1163,1754,-285
-1595,930,682,178,-1531,-1643,1302,2872,3101,1202,1779,-259
-1540,921,642,203,-1468,-1591,1322,2923,3147,1249,1817,-224
-1487,907,606,221,-1409,-1538,1340,2980,3194,1291,1867,-188
-1455,862,623,184,-1399,-1481,1342,3030,3225,1313,1909,-168
-1433,810,655,132,-1404,-1428,1348,3071,3256,1339,1947,-148
-1380,790,622,143,-1346,-1377,1381,3133,3312,1401,2000,-104
-1291,819,503,244,-1206,-1337,1445,3223,3397,1504,2077,-30
-1178,883,324,407,-1009,-1307,1528,3333,3501,1628,2173,61
-1078,935,168,547,-837,-1279,1601,3430,3597,1732,2261,142
-1010,958,74,625,-728,-1255,1653,3500,3675,1804,2332,202
-947,972,-8,688,-631,-1230,1701,3564,3755,1876,2404,261
-872,985,-101,757,-518,-1199,1761,3634,3844,1962,2487,328
-774,1001,-221,846,-372,-1155,1835,3717,3946,2063,2585,404
-666,1003,-337,922,-224,-1098,1912,3802,4049,2164,2685,477
-561,979,-425,962,-95,-1026,1974,3875,4140,2245,2770,534
-497,908,-426,912,-53,-951,1998,3913,4198,2277,2816,556
-433,836,-425,859,-13,-875,2016,3950,4247,2304,2857,576
-369,763,-424,807,29,-798,2033,3989,4294,2335,2899,601
-317,682,-401,734,46,-724,2050,4027,4335,2359,2934,624
-250,620,-412,695,97,-651,2079,4080,4384,2401,2979,662
-174,566,-440,674,165,-576,2115,4143,4438,2458,3030,709
-112,506,-445,634,209,-505,2148,4198,4485,2508,3074,751
-58,448,-444,589,242,-438,2182,4245,4530,2561,3116,791
16,416,-486,591,319,-373,2231,4299,4592,2643,3173,848
101,388,-541,604,411,-301,2276,4357,4656,2735,3234,910
153,324,-526,547,436,-224,2294,4392,4700,2794,3278,954
165,221,-429,409,379,-145,2278,4399,4716,2814,3298,976
149,99,-286,227,273,-70,2243,4390,4717,2813,3302,982
153,-2,-182,88,207,6,2217,4397,4732,2841,3316,998
199,-69,-154,21,220,91,2209,4435,4774,2909,3355,1035
252,-132,-137,-35,244,178,2206,4482,4824,2987,3402,1073
294,-201,-103,-104,251,264,2200,4530,4876,3062,3449,1100
318,-288,-33,-209,222,351,2189,4567,4922,3124,3483,1116
357,-380,26,-310,209,452,2187,4608,4973,3190,3523,1149
421,-463,50,-379,237,565,2204,4661,5039,3274,3580,1211
541,-512,-16,-365,363,693,2259,4746,5133,3401,3671,1312
675,-565,-93,-346,505,834,2321,4834,5232,3536,3768,1418
820,-630,-171,-334,654,989,2388,4924,5330,3672,3863,1522
984,-696,-267,-310,827,1157,2461,5027,5437,3817,3963,1632
1135,-789,-324,-329,966,1333,2522,5124,5539,3949,4058,1735
1285,-900,-364,-371,1093,1518,2578,5222,5645,4087,4163,1838
1456,-1009,-427,-397,1249,1716,2641,5336,5766,4245,4291,1954
1639,-1129,-492,-428,1415,1926,2701,5461,5895,4409,4432,2072
1802,-1280,-506,-514,1534,2143,2737,5581,6015,4549,4565,2177
1950,-1438,-499,-621,1628,2352,2767,5693,6136,4682,4690,2283
2127,-1566,-550,-669,1781,2559,2821,5818,6278,4847,4831,2415
2352,-1657,-686,-636,2021,2770,2903,5969,6448,5049,4998,2577
2613,-1731,-875,-557,2322,2992,3002,6136,6636,5266,5185,2754
2869,-1829,-1035,-514,2601,3225,3091,6294,6818,5462,5370,2925
3096,-1964,-1128,-542,2815,3462,3161,6429,6978,5623,5537,3079
3329,-2103,-1223,-571,3034,3703,3236,6562,7136,5779,5705,3235
3581,-2242,-1337,-589,3279,3956,3322,6697,7295,5937,5877,3397
3873,-2378,-1494,-577,3579,4232,3420,6843,7465,6106,6065,3569
4184,-2523,-1661,-564,3899,4525,3520,6992,7640,6283,6262,3750
4491,-2685,-1807,-577,4201,4825,3612,7135,7809,6453,6459,3931
4753,-2878,-1875,-663,4422,5116,3675,7248,7950,6584,6635,4091
5012,-3067,-1946,-744,4642,5401,3737,7359,8086,6715,6817,4255
5277,-3254,-2024,-819,4872,5689,3804,7474,8226,6855,7005,4426
5536,-3447,-2090,-907,5089,5977,3871,7591,8366,6996,7187,4595
5818,-3619,-2201,-950,5351,6267,3956,7732,8524,7164,7381,4782
6120,-3774,-2347,-958,5650,6559,4050,7896,8700,7354,7588,4984
6419,-3929,-2492,-966,5948,6851,4141,8067,8881,7550,7796,5187
6728,-4077,-2651,-959,6261,7146,4238,8245,9072,7760,8004,5399
7071,-4199,-2870,-896,6636,7449,4364,8442,9290,8005,8234,5641
7439,-4324,-3111,-820,7043,7773,4502,8651,9517,8263,8476,5892
7790,-4498,-3285,-820,7394,8119,4623,8841,9724,8488,8700,6120
8105,-4723,-3370,-914,7661,8478,4711,9001,9900,8661,8893,6313
8395,-4977,-3402,-1062,7875,8841,4774,9136,10051,8799,9061,6482
8695,-5218,-3456,-1188,8111,9205,4842,9267,10197,8947,9231,6652
9034,-5431,-3576,-1249,8416,9578,4929,9416,10359,9124,9420,6841
9376,-5646,-3698,-1312,8725,9956,5013,9559,10517,9292,9605,7023
9701,-5873,-3789,-1403,9001,10334,5084,9683,10658,9439,9775,7186
9992,-6110,-3838,-1528,9227,10697,5139,9782,10782,9568,9928,7326
10262,-6340,-3872,-1660,9428,11043,5186,9864,10897,9691,10075,7458
10528,-6544,-3928,-1759,9641,11369,5241,9940,11012,9818,10225,7600
10820,-6701,-4058,-1778,9921,11683,5321,10030,11143,9969,10398,7771
11097,-6848,-4183,-1794,10187,11980,5400,10106,11265,10111,10565,7941
11355,-6996,-4289,-1824,10429,12266,5477,10167,11372,10238,10717,8094
11612,-7146,-4392,-1856,10668,12551,5560,10216,11464,10349,10860,8238
11835,-7315,-4443,-1936,10850,12825,5632,10231,11522,10420,10978,8362
12027,-7493,-4456,-2047,10986,13084,5697,10220,11552,10456,11079,8474
12216,-7662,-4477,-2145,11126,13333,5761,10195,11565,10475,11174,8584
12394,-7822,-4496,-2239,11257,13566,5822,10157,11565,10476,11262,8681
12539,-7996,-4471,-2370,11337,13783,5866,10096,11537,10451,11333,8753
12658,-8161,-4430,-2506,11390,13975,5910,10012,11501,10422,11392,8818
12798,-8287,-4450,-2573,11498,14151,5978,9928,11478,10427,11462,8903
12981,-8363,-4563,-2545,11695,14319,6075,9845,11474,10473,11554,9011
13186,-8407,-4733,-2457,11945,14478,6186,9746,11476,10535,11658,9131
13378,-8455,-4885,-2383,12174,14626,6280,9602,11452,10574,11749,9238
13533,-8532,-4973,-2370,12337,14766,6343,9396,11392,10571,11816,9325
13686,-8614,-5053,-2366,12491,14905,6390,9146,11308,10554,11872,9409
13850,-8688,-5153,-2344,12667,15043,6430,8858,11209,10536,11928,9500
14039,-8756,-5285,-2296,12880,15193,6464,8537,11098,10519,11993,9601
14242,-8831,-5424,-2249,13108,15354,6491,8180,10972,10496,12061,9706
14445,-8929,-5539,-2233,13320,15531,6502,7777,10823,10449,12126,9808
14607,-9079,-5563,-2313,13443,15713,6471,7302,10628,10352,12167,9882
14762,-9237,-5571,-2409,13552,15899,6416,6771,10403,10236,12207,9948
14916,-9397,-5577,-2508,13659,16085,6344,6177,10148,10101,12241,10011
15059,-9561,-5566,-2622,13748,16270,6247,5512,9861,9950,12259,10068
15224,-9701,-5602,-2690,13883,16456,6144,4800,9557,9810,12278,10138
15401,-9822,-5668,-2726,14046,16640,6025,4040,9235,9674,12301,10217
15565,-9937,-5725,-2765,14196,16817,5872,3221,8888,9528,12316,10294
15725,-10034,-5793,-2786,14351,16982,5693,2354,8525,9389,12323,10378
15910,-10093,-5923,-2743,14564,17145,5515,1469,8170,9289,12345,10488
16115,-10146,-6077,-2680,14806,17320,5326,579,7818,9205,12389,10608
16292,-10236,-6163,-2688,14986,17507,5104,-331,7449,9096,12432,10713
16434,-10375,-6162,-2789,15083,17708,4847,-1257,7059,8953,12463,10793
16556,-10552,-6102,-2954,15128,17925,4575,-2184,6659,8794,12480,10855
16697,-10726,-6063,-3104,15199,18156,4320,-3079,6272,8662,12504,10927
16878,-10880,-6081,-3203,15335,18403,4090,-3928,5910,8568,12548,11018
17064,-11036,-6100,-3302,15475,18659,3864,-4751,5553,8482,12598,11109
17231,-11206,-6088,-3431,15581,18911,3621,-5565,5186,8383,12643,11182
17363,-11380,-6034,-3590,15634,19145,3352,-6381,4807,8269,12671,11234
17483,-11540,-5982,-3737,15681,19362,3063,-7190,4427,8157,12693,11283
17609,-11677,-5958,-3850,15750,19568,2758,-7981,4059,8065,12716,11340
17779,-11774,-6019,-3879,15903,19775,2455,-8730,3722,8019,12764,11426
17949,-11872,-6079,-3909,16054,19981,2126,-9472,3388,7965,12811,11514
18112,-11977,-6126,-3950,16192,20186,1770,-10216,3044,7894,12857,11598
18285,-12079,-6186,-3980,16344,20392,1399,-10957,2695,7820,12916,11685
18438,-12203,-6207,-4049,16456,20596,995,-11717,2324,7718,12964,11758
18580,-12342,-6203,-4144,16542,20798,567,-12491,1932,7602,12998,11817
18730,-12476,-6213,-4226,16644,20998,129,-13253,1540,7490,13033,11875
18892,-12619,-6228,-4309,16757,21207,-323,-14000,1153,7379,13072,11931
19043,-12789,-6208,-4432,16838,21421,-801,-14742,757,7251,13102,11970
19184,-12955,-6185,-4555,16911,21621,-1292,-15480,359,7128,13129,12010
19359,-13075,-6244,-4591,17061,21809,-1762,-16187,-19,7046,13178,12079
19584,-13138,-6412,-4516,17317,21986,-2202,-16853,-370,7013,13258,12182
19847,-13162,-6660,-4360,17652,22158,-2619,-17483,-706,7011,13362,12308
20107,-13190,-6902,-4211,17982,22327,-3043,-18108,-1050,7000,13466,12433
20336,-13243,-7090,-4115,18255,22489,-3497,-18750,-1416,6954,13551,12542
20565,-13300,-7275,-4022,18528,22651,-3956,-19391,-1786,6901,13634,12650
20803,-13344,-7483,-3905,18823,22808,-4412,-20019,-2149,6861,13721,12759
21059,-13374,-7725,-3757,19153,22966,-4863,-20616,-2498,6838,13822,12873
21313,-13402,-7967,-3606,19483,23121,-5314,-21190,-2832,6817,13925,12982
21554,-13436,-8190,-3473,19793,23272,-5770,-21746,-3158,6797,14029,13084
21744,-13506,-8326,-3422,20012,23415,-6257,-22303,-3495,6751,14115,13174
21914,-13569,-8450,-3373,20211,23540,-6752,-22837,-3825,6710,14202,13273
22064,-13613,-8571,-3316,20396,23644,-7249,-23344,-4148,6671,14294,13375
22178,-13648,-8664,-3272,20538,23720,-7748,-23829,-4477,6616,14373,13462
22291,-13649,-8787,-3186,20701,23777,-8224,-24272,-4794,6563,14449,13546
22398,-13622,-8930,-3069,20874,23816,-8675,-24679,-5105,6501,14521,13626
22478,-13584,-9053,-2959,21015,23835,-9114,-25066,-5425,6420,14576,13699
22538,-13530,-9170,-2843,21140,23834,-9533,-25430,-5754,6330,14617,13771
22605,-13436,-9331,-2671,21298,23815,-9915,-25756,-6070,6254,14663,13861
22670,-13327,-9502,-2484,21460,23789,-10281,-26046,-6386,6172,14715,13954
22681,-13246,-9588,-2372,21529,23750,-10668,-26332,-6731,6043,14744,14016
22623,-13196,-9572,-2351,21483,23691,-11086,-26620,-7112,5857,14745,14041
22511,-13156,-9489,-2381,21356,23605,-11524,-26900,-7516,5636,14720,14045
22378,-13083,-9416,-2383,21220,23486,-11951,-27144,-7910,5431,14691,14061
22256,-12959,-9404,-2310,21130,23342,-12347,-27331,-8274,5258,14678,14095
22123,-12821,-9394,-2229,21034,23184,-12729,-27483,-8626,5086,14660,14128
21973,-12687,-9362,-2165,20911,23018,-13104,-27612,-8975,4900,14638,14154
21788,-12567,-9280,-2143,20730,22838,-13476,-27733,-9328,4687,14596,14165
21593,-12450,-9186,-2133,20534,22654,-13832,-27834,-9673,4475,14549,14170
21400,-12326,-9102,-2110,20345,22465,-14160,-27899,-9992,4286,14508,14182
21238,-12170,-9082,-2023,20219,22274,-14443,-27908,-10265,4151,14496,14216
21064,-12013,-9052,-1942,20077,22073,-14705,-27886,-10514,4024,14488,14249
20869,-11864,-8994,-1885,19902,21861,-14949,-27843,-10749,3891,14470,14269
20677,-11711,-8945,-1818,19734,21644,-15168,-27768,-10958,3767,14451,14286
20459,-11576,-8854,-1792,19521,21421,-15369,-27678,-11152,3636,14417,14291
20224,-11455,-8734,-1794,19277,21192,-15548,-27572,-11330,3507,14374,14291
19996,-11330,-8627,-1784,19048,20964,-15696,-27434,-11483,3389,14332,14290
19769,-11214,-8512,-1785,18814,20738,-15822,-27268,-11619,3267,14291,14274
19512,-11125,-8343,-1841,18525,20509,-15946,-27094,-11757,3120,14236,14226
19226,-11037,-8146,-1916,18199,20258,-16060,-26914,-11890,2965,14168,14162
18958,-10907,-8010,-1922,17926,19989,-16135,-26702,-11991,2846,14113,14113
18735,-10731,-7966,-1836,17746,19717,-16160,-26447,-12047,2771,14082,14085
18547,-10533,-7980,-1697,17630,19453,-16146,-26157,-12065,2719,14067,14071
18354,-10346,-7979,-1576,17501,19191,-16122,-25857,-12072,2657,14046,14049
18117,-10194,-7899,-1531,17291,18922,-16107,-25574,-12093,2558,13989,13998
17866,-10046,-7802,-1500,17062,18644,-16083,-25295,-12121,2441,13909,13931
17611,-9894,-7704,-1467,16829,18360,-16039,-25009,-12147,2318,13821,13856
17371,-9731,-7633,-1409,16627,18080,-15967,-24706,-12161,2202,13737,13780
17139,-9565,-7572,-1341,16437,17800,-15872,-24386,-12164,2094,13655,13701
16897,-9408,-7493,-1291,16230,17522,-15770,-24062,-12161,1980,13567,13611
16615,-9291,-7336,-1319,15943,17242,-15679,-23754,-12171,1828,13452,13494
16328,-9181,-7164,-1361,15644,16964,-15574,-23439,-12174,1680,13334,13370
16045,-9068,-7000,-1395,15353,16688,-15452,-23110,-12165,1548,13223,13241
15755,-8959,-6824,-1438,15050,16410,-15322,-22778,-12150,1423,13107,13104
15490,-8830,-6692,-1439,14792,16138,-15166,-22425,-12111,1329,13009,12977
15250,-8686,-6600,-1403,14577,15874,-14990,-22054,-12050,1262,12925,12861
15007,-8543,-6502,-1371,14355,15609,-14803,-21680,-11977,1207,12842,12744
14760,-8387,-6412,-1325,14135,15335,-14596,-21298,-11887,1166,12755,12630
14534,-8185,-6388,-1204,13973,15048,-14347,-20893,-11763,1165,12683,12539
14320,-7954,-6403,-1038,13843,14751,-14073,-20466,-11613,1185,12620,12452
14068,-7737,-6365,-917,13651,14441,-13802,-20043,-11464,1184,12540,12343
13756,-7548,-6237,-875,13359,14113,-13549,-19635,-11327,1149,12431,12202
13396,-7371,-6049,-880,12994,13762,-13307,-19235,-11195,1104,12304,12034
13025,-7170,-5872,-863,12627,13391,-13057,-18821,-11045,1081,12172,11855
12676,-6927,-5759,-776,12317,13007,-12784,-18377,-10864,1095,12053,11681
12318,-6669,-5650,-676,12002,12609,-12509,-17921,-10668,1115,11930,11493
11936,-6418,-5511,-599,11652,12201,-12242,-17461,-10465,1122,11788,11286
11529,-6183,-5331,-561,11255,11786,-11981,-17004,-10255,1117,11622,11063
11118,-5957,-5139,-535,10847,11375,-11717,-16539,-10030,1120,11442,10833
10728,-5723,-4977,-485,10472,10971,-11438,-16054,-9780,1143,11255,10604
10396,-5454,-4910,-348,10199,10583,-11124,-15525,-9491,1206,11077,10389
10080,-5186,-4858,-200,9946,10204,-10798,-14978,-9185,1265,10886,10162
9754,-4921,-4794,-64,9678,9818,-10462,-14418,-8875,1305,10675,9916
9424,-4655,-4731,74,9407,9428,-10113,-13842,-8558,1329,10454,9660
9064,-4410,-4615,163,9082,9030,-9766,-13270,-8251,1318,10207,9383
8675,-4176,-4461,219,8711,8618,-9416,-12701,-7956,1273,9931,9085
8273,-3930,-4308,284,8334,8187,-9062,-12127,-7669,1205,9628,8767
7851,-3677,-4143,345,7937,7737,-8717,-11555,-7397,1101,9297,8419
7385,-3443,-3916,352,7469,7268,-8398,-10996,-7153,950,8935,8026
6882,-3210,-3651,332,6954,6775,-8085,-10447,-6924,780,8547,7605
6386,-2936,-3434,370,6477,6257,-7744,-9877,-6678,633,8150,7180
5915,-2609,-3296,496,6070,5720,-7368,-9276,-6408,515,7749,6760
5458,-2250,-3205,675,5706,5169,-6968,-8653,-6122,402,7338,6334
4984,-1898,-3090,832,5317,4611,-6569,-8031,-5840,259,6902,5886
4463,-1579,-2897,915,4845,4042,-6183,-7431,-5580,79,6432,5408
3924,-1268,-2676,975,4343,3465,-5800,-6837,-5325,-102,5949,4924
3383,-950,-2462,1044,3847,2881,-5412,-6240,-5064,-269,5466,4445
2861,-624,-2273,1134,3382,2304,-5017,-5637,-4792,-417,4993,3971
2341,-304,-2081,1219,2917,1731,-4625,-5039,-4514,-554,4522,3497
1813,1,-1866,1279,2432,1162,-4243,-4455,-4239,-693,4055,3018
1246,265,-1569,1258,1868,593,-3900,-3910,-3987,-860,3570,2520
684,519,-1268,1227,1304,35,-3574,-3380,-3739,-1019,3096,2030
142,769,-982,1205,765,-507,-3262,-2866,-3493,-1167,2639,1552
-395,1003,-684,1164,219,-1035,-2968,-2377,-3255,-1307,2191,1084
-892,1245,-433,1159,-267,-1539,-2676,-1897,-3009,-1416,1770,640
-1346,1488,-223,1182,-699,-2015,-2389,-1430,-2762,-1503,1378,223
-1779,1711,-14,1192,-1117,-2459,-2121,-994,-2529,-1585,1003,-176
-2186,1919,187,1196,-1514,-2874,-1870,-593,-2308,-1656,649,-553
-2541,2140,325,1250,-1836,-3260,-1612,-208,-2080,-1692,333,-889
-2849,2359,419,1330,-2099,-3608,-1362,163,-1855,-1707,52,-1193
-3155,2533,557,1351,-2391,-3923,-1148,490,-1662,-1749,-220,-1497
-3481,2655,770,1285,-2749,-4211,-977,762,-1513,-1830,-495,-1802
-3823,2742,1035,1161,-3154,-4483,-842,986,-1400,-1937,-769,-2104
-4148,2833,1280,1052,-3537,-4743,-720,1186,-1299,-2040,-1025,-2385
-4426,2946,1456,1002,-3844,-4982,-599,1379,-1199,-2120,-1248,-2636
-4680,3050,1618,956,-4128,-5196,-491,1555,-1108,-2197,-1456,-2875
-4924,3129,1797,882,-4417,-5384,-402,1703,-1032,-2284,-1658,-3108
-5174,3175,2013,761,-4738,-5552,-332,1821,-974,-2384,-1864,-3335
-5412,3211,2228,633,-5051,-5703,-270,1925,-921,-2480,-2058,-3544
-5628,3251,2416,528,-5332,-5841,-210,2022,-869,-2554,-2234,-3731
-5788,3330,2508,512,-5513,-5969,-129,2136,-800,-2584,-2373,-3881
-5930,3413,2578,514,-5668,-6087,-50,2244,-735,-2610,-2501,-4017
-6066,3480,2657,502,-5824,-6193,18,2337,-681,-2643,-2630,-4145
-6180,3543,2715,501,-5953,-6284,79,2426,-631,-2672,-2745,-4257
-6307,3581,2810,460,-6114,-6370,118,2495,-600,-2718,-2863,-4372
-6445,3599,2933,388,-6300,-6455,141,2549,-586,-2779,-2984,-4488
-6565,3618,3037,331,-6461,-6533,165,2605,-574,-2833,-3089,-4593
-6669,3629,3129,278,-6601,-6601,189,2666,-563,-2880,-3172,-4692
-6780,3614,3253,187,-6766,-6661,199,2720,-564,-2936,-3247,-4798
-6896,3594,3385,89,-6938,-6727,211,2770,-568,-2983,-3317,-4898
-6971,3610,3438,69,-7028,-6796,253,2843,-551,-2987,-3365,-4969
-6995,3676,3388,154,-7011,-6869,330,2950,-504,-2943,-3380,-5001
-6979,3781,3259,317,-6915,-6948,428,3086,-427,-2858,-3365,-4995
-6961,3885,3126,483,-6811,-7030,521,3230,-341,-2765,-3341,-4973
-6979,3958,3059,585,-6774,-7120,587,3354,-272,-2698,-3334,-4959
-7006,4031,3001,682,-6746,-7220,653,3479,-205,-2637,-3330,-4940
-7030,4112,2930,793,-6705,-7326,719,3610,-132,-2574,-3324,-4910
-7032,4207,2824,936,-6626,-7429,790,3753,-52,-2503,-3305,-4870
-7031,4297,2720,1075,-6544,-7530,858,3895,25,-2440,-3277,-4833
-7043,4370,2646,1182,-6490,-7627,912,4025,91,-2396,-3249,-4815
-7102,4397,2665,1196,-6528,-7724,931,4121,128,-2400,-3251,-4834
-7176,4409,2715,1179,-6596,-7820,937,4206,153,-2414,-3268,-4864
-7244,4419,2761,1162,-6658,-7909,944,4289,179,-2424,-3287,-4888
-7325,4417,2833,1119,-6746,-7995,946,4359,196,-2443,-3322,-4916
-7393,4435,2874,1108,-6805,-8080,957,4433,218,-2451,-3354,-4932
-7441,4466,2884,1125,-6831,-8156,977,4508,241,-2451,-3384,-4944
-7489,4491,2903,1130,-6865,-8223,996,4573,256,-2460,-3425,-4969
-7534,4519,2917,1139,-6894,-8284,1021,4629,271,-2472,-3476,-5004
-7552,4578,2877,1202,-6873,-8341,1071,4695,303,-2458,-3522,-5025
-7546,4648,2805,1293,-6815,-8383,1132,4771,345,-2430,-3552,-5033
-7558,4684,2787,1323,-6808,-8410,1178,4828,371,-2430,-3587,-5051
-7609,4679,2852,1268,-6885,-8428,1194,4858,368,-2473,-3642,-5092
-7691,4655,2971,1163,-7021,-8448,1189,4864,346,-2546,-3714,-5153
-7773,4644,3078,1075,-7150,-8472,1189,4867,326,-2612,-3786,-5215
-7815,4668,3111,1058,-7206,-8489,1211,4893,324,-2646,-3834,-5261
-7843,4694,3129,1051,-7245,-8494,1239,4923,326,-2674,-3873,-5300
-7872,4709,3159,1029,-7295,-8488,1264,4952,327,-2703,-3913,-5338
-7923,4703,3233,964,-7389,-8481,1272,4963,313,-2752,-3972,-5387
-7980,4686,3322,881,-7498,-8469,1270,4963,292,-2807,-4045,-5443
-8028,4675,3394,815,-7590,-8454,1273,4965,277,-2851,-4119,-5495
-8039,4700,3393,822,-7610,-8440,1300,4990,286,-2855,-4172,-5523
-8040,4727,3378,841,-7613,-8420,1329,5018,300,-2847,-4213,-5543
-8043,4739,3378,841,-7627,-8395,1350,5036,306,-2846,-4251,-5567
-8030,4750,3361,854,-7619,-8361,1370,5053,312,-2841,-4279,-5586
-8035,4737,3384,825,-7648,-8327,1372,5057,307,-2850,-4312,-5608
-8062,4705,3444,761,-7715,-8300,1356,5048,294,-2869,-4351,-5632
-8086,4678,3494,709,-7772,-8279,1336,5046,283,-2883,-4380,-5648
-8104,4650,3537,661,-7821,-8259,1309,5048,270,-2904,-4402,-5669
-8142,4598,3623,572,-7907,-8241,1263,5039,243,-2949,-4436,-5712
-8199,4540,3730,465,-8019,-8238,1215,5025,211,-3002,-4479,-5757
-8233,4521,3775,428,-8073,-8251,1196,5035,204,-3014,-4503,-5773
-8223,4562,3716,500,-8026,-8280,1215,5081,230,-2975,-4495,-5751
-8182,4646,3580,654,-7905,-8323,1265,5156,285,-2902,-4459,-5703
-8141,4739,3436,819,-7777,-8376,1321,5236,344,-2832,-4417,-5657
-8136,4803,3357,923,-7715,-8438,1361,5295,387,-2797,-4397,-5635
-8135,4860,3288,1015,-7661,-8503,1406,5351,429,-2769,-4383,-5619
-8124,4921,3207,1118,-7592,-8567,1459,5415,478,-2733,-4363,-5597
-8095,4988,3102,1242,-7493,-8626,1520,5489,533,-2688,-4330,-5566
-8059,5052,2993,1365,-7387,-8681,1584,5569,592,-2640,-4292,-5534
-8034,5103,2907,1464,-7303,-8735,1642,5647,644,-2604,-4253,-5508
-8049,5116,2901,1484,-7299,-8791,1669,5696,671,-2611,-4241,-5510
-8072,5119,2913,1485,-7313,-8845,1681,5737,688,-2631,-4240,-5521
-8091,5125,2919,1492,-7319,-8897,1692,5777,705,-2646,-4241,-5532
-8127,5122,2951,1475,-7355,-8953,1694,5806,714,-2667,-4255,-5551
-8154,5132,2962,1479,-7372,-9008,1702,5843,730,-2674,-4268,-5563
-8171,5155,2953,1504,-7369,-9060,1713,5890,752,-2676,-4273,-5568
-8199,5169,2964,1509,-7389,-9111,1719,5926,769,-2684,-4282,-5583
-8233,5180,2987,1503,-7422,-9158,1732,5951,783,-2692,-4303,-5605
-8244,5219,2961,1546,-7409,-9203,1768,5985,815,-2674,-4320,-5603
-8233,5275,2898,1624,-7358,-9239,1813,6028,854,-2649,-4334,-5584
-8233,5308,2871,1661,-7341,-9263,1835,6052,873,-2655,-4363,-5581
-8263,5306,2912,1629,-7389,-9276,1824,6043,859,-2703,-4414,-5611
-8314,5287,2991,1558,-7480,-9287,1792,6011,821,-2776,-4481,-5661
-8360,5284,3052,1509,-7557,-9301,1765,5982,784,-2837,-4544,-5709
-8368,5320,3037,1536,-7558,-9311,1761,5980,769,-2858,-4579,-5736
-8357,5360,2999,1580,-7533,-9307,1765,5984,763,-2868,-4601,-5757
-8347,5384,2978,1603,-7521,-9290,1764,5984,755,-2883,-4625,-5788
-8359,5391,2995,1589,-7549,-9274,1755,5971,745,-2906,-4658,-5834
-8379,5395,3023,1564,-7589,-9258,1744,5953,737,-2928,-4700,-5883
-8390,5404,3034,1556,-7611,-9239,1740,5935,736,-2940,-4740,-5919
-8358,5444,2969,1618,-7555,-9212,1766,5945,760,-2913,-4753,-5917
-8319,5481,2900,1682,-7491,-9179,1795,5959,791,-2877,-4762,-5905
-8295,5495,2865,1710,-7458,-9141,1813,5966,816,-2850,-4776,-5899
-8270,5500,2837,1726,-7430,-9099,1827,5973,841,-2820,-4783,-5889
-8280,5477,2869,1686,-7463,-9064,1823,5958,848,-2815,-4797,-5889
-8328,5433,2958,1595,-7559,-9044,1800,5920,834,-2834,-4819,-5901
-8387,5384,3059,1494,-7669,-9031,1775,5873,812,-2858,-4841,-5912
-8449,5324,3174,1376,-7790,-9018,1744,5821,780,-2895,-4866,-5929
-8536,5232,3344,1203,-7963,-9004,1690,5753,723,-2967,-4902,-5969
-8647,5132,3544,1005,-8172,-9004,1625,5674,652,-3053,-4948,-6019
-8737,5071,3684,874,-8326,-9021,1582,5616,600,-3100,-4979,-6050
-8779,5061,3724,845,-8380,-9044,1580,5593,584,-3094,-4978,-6052
-8776,5087,3683,893,-8351,-9065,1608,5602,601,-3047,-4953,-6034
-8764,5118,3630,954,-8307,-9087,1635,5619,627,-3000,-4929,-6021
-8786,5127,3633,963,-8322,-9121,1640,5617,638,-2990,-4937,-6034
-8815,5137,3644,967,-8348,-9164,1637,5611,641,-2987,-4960,-6053
-8836,5161,3634,995,-8354,-9214,1636,5609,646,-2975,-4976,-6062
-8833,5205,3581,1066,-8315,-9265,1642,5623,660,-2949,-4972,-6053
-8820,5257,3512,1152,-8259,-9317,1652,5650,683,-2922,-4962,-6041
-8807,5299,3454,1223,-8209,-9364,1656,5681,707,-2906,-4955,-6037
-8833,5299,3477,1213,-8239,-9409,1638,5691,710,-2928,-4977,-6058
-8871,5289,3524,1180,-8293,-9457,1616,5698,704,-2952,-5009,-6081
-8906,5287,3559,1161,-8336,-9507,1599,5710,701,-2968,-5031,-6094
-8952,5282,3611,1127,-8398,-9562,1580,5718,694,-2989,-5053,-6110
-8980,5302,3621,1138,-8419,-9620,1577,5741,698,-2988,-5059,-6116
-8984,5344,3585,1194,-8393,-9674,1587,5779,713,-2973,-5054,-6112
-8989,5381,3555,1242,-8372,-9722,1598,5817,732,-2957,-5052,-6102
-8996,5417,3530,1285,-8355,-9768,1615,5852,755,-2935,-5052,-6085
-8979,5481,3455,1379,-8289,-9811,1657,5895,799,-2883,-5039,-6051
-8934,5559,3339,1510,-8177,-9842,1714,5943,850,-2824,-5011,-6009
-8904,5610,3264,1594,-8104,-9862,1757,5974,880,-2793,-4986,-5985
-8911,5625,3265,1602,-8105,-9877,1776,5977,884,-2800,-4982,-5986
-8943,5615,3315,1560,-8157,-9887,1781,5963,871,-2830,-4996,-6003
-8970,5615,3352,1533,-8197,-9897,1789,5949,858,-2850,-5011,-6017
-8960,5648,3318,1575,-8165,-9900,1811,5959,866,-2843,-5004,-6018
-8940,5688,3266,1633,-8115,-9898,1829,5972,875,-2839,-4989,-6020
-8925,5716,3231,1670,-8080,-9888,1834,5977,878,-2842,-4978,-6033
-8938,5718,3248,1656,-8099,-9876,1819,5960,868,-2861,-4986,-6061
-8962,5706,3291,1615,-8144,-9861,1796,5930,849,-2886,-5008,-6094
-8985,5695,3330,1577,-8186,-9843,1771,5894,828,-2908,-5035,-6123
-8976,5716,3304,1605,-8163,-9824,1769,5876,827,-2897,-5042,-6132
-8964,5746,3266,1646,-8132,-9809,1765,5860,828,-2887,-5045,-6136
-8973,5768,3255,1664,-8133,-9802,1753,5838,824,-2886,-5052,-6149
-8976,5789,3239,1686,-8127,-9792,1744,5826,824,-2875,-5052,-6159
-8996,5782,3267,1660,-8161,-9775,1727,5808,815,-2878,-5063,-6182
-9033,5747,3340,1586,-8238,-9754,1706,5783,801,-2892,-5084,-6214
-9065,5707,3410,1511,-8310,-9728,1693,5770,792,-2901,-5095,-6242
-9084,5658,3477,1433,-8373,-9691,1682,5770,787,-2906,-5095,-6268
-9116,5579,3586,1307,-8471,-9646,1651,5766,768,-2932,-5102,-6310
-9165,5491,3721,1158,-8597,-9609,1611,5751,739,-2972,-5127,-6362
-9191,5439,3796,1073,-8670,-9586,1590,5751,729,-2983,-5145,-6390
-9173,5441,3773,1090,-8646,-9572,1604,5783,749,-2944,-5134,-6378
-9116,5479,3675,1182,-8547,-9560,1648,5841,795,-2867,-5094,-6335
-9045,5519,3561,1285,-8428,-9545,1697,5904,850,-2788,-5045,-6286
-9006,5531,3506,1331,-8368,-9536,1727,5940,886,-2743,-5016,-6257
-8974,5545,3458,1373,-8317,-9536,1753,5966,916,-2708,-4995,-6231
-8940,5573,3393,1436,-8253,-9547,1781,5995,951,-2667,-4971,-6197
-8887,5620,3291,1536,-8151,-9560,1817,6038,999,-2613,-4935,-6153
-8827,5672,3177,1648,-8036,-9576,1853,6089,1053,-2559,-4893,-6112
-8777,5714,3082,1740,-7939,-9592,1882,6139,1104,-2519,-4855,-6080
-8771,5715,3071,1750,-7926,-9611,1882,6168,1135,-2514,-4834,-6072
-8783,5702,3092,1728,-7945,-9634,1871,6187,1157,-2518,-4818,-6072
-8791,5692,3106,1712,-7957,-9655,1864,6209,1183,-2509,-4796,-6071
-8817,5669,3151,1669,-8000,-9680,1856,6224,1204,-2502,-4783,-6077
-8834,5660,3173,1649,-8021,-9705,1868,6251,1238,-2479,-4764,-6070
-8834,5664,3164,1659,-8009,-9727,1896,6290,1282,-2448,-4740,-6049
-8846,5668,3169,1660,-8015,-9754,1918,6322,1320,-2431,-4727,-6034
-8870,5678,3182,1658,-8033,-9790,1933,6343,1353,-2425,-4724,-6024
-8882,5723,3146,1712,-8011,-9838,1957,6365,1394,-2403,-4715,-6003
-8879,5793,3073,1808,-7955,-9891,1979,6391,1437,-2381,-4696,-5976
-8905,5845,3048,1859,-7950,-9947,1972,6396,1455,-2400,-4694,-5974
-8977,5856,3110,1824,-8035,-10003,1930,6371,1440,-2464,-4723,-6006
-9079,5837,3234,1727,-8182,-10055,1866,6325,1402,-2556,-4778,-6062
-9177,5815,3359,1629,-8327,-10100,1807,6277,1366,-2641,-4838,-6118
-9233,5820,3414,1594,-8399,-10132,1776,6256,1352,-2686,-4873,-6152
-9271,5833,3445,1582,-8445,-10155,1752,6246,1343,-2719,-4898,-6177
-9314,5844,3483,1564,-8499,-10177,1723,6234,1329,-2757,-4923,-6207
-9378,5847,3548,1522,-8586,-10206,1689,6209,1304,-2804,-4959,-6246
-9448,5853,3619,1479,-8683,-10240,1659,6181,1280,-2840,-4995,-6285
-9511,5870,3670,1457,-8762,-10276,1641,6160,1265,-2855,-5023,-6316
-9532,5925,3640,1515,-8760,-10308,1654,6169,1275,-2829,-5025,-6322
-9536,5991,3581,1599,-8729,-10336,1676,6188,1293,-2795,-5018,-6320
-9541,6050,3531,1673,-8705,-10360,1695,6204,1310,-2763,-5014,-6318
-9533,6112,3463,1761,-8660,-10379,1721,6229,1332,-2725,-5001,-6304
-9535,6151,3426,1814,-8643,-10392,1736,6242,1344,-2705,-4996,-6294
-9547,6166,3423,1828,-8656,-10396,1742,6246,1351,-2698,-5001,-6290
-9546,6177,3408,1848,-8652,-10391,1753,6260,1364,-2682,-5000,-6283
-9534,6184,3386,1870,-8634,-10378,1766,6282,1380,-2668,-4989,-6275
-9539,6160,3410,1840,-8659,-10360,1755,6292,1380,-2681,-4992,-6288
-9570,6124,3469,1779,-8723,-10353,1727,6287,1371,-2709,-5010,-6314
-9582,6122,3476,1776,-8738,-10359,1715,6295,1382,-2708,-5018,-6326
-9552,6168,3391,1866,-8663,-10372,1730,6333,1426,-2665,-5001,-6308
-9485,6243,3239,2019,-8518,-10382,1767,6392,1492,-2594,-4962,-6266
-9410,6316,3082,2174,-8363,-10388,1804,6452,1563,-2526,-4918,-6218
-9373,6354,2997,2256,-8281,-10398,1816,6484,1610,-2493,-4895,-6189
-9351,6382,2940,2312,-8226,-10413,1819,6503,1646,-2472,-4881,-6166
-9333,6418,2878,2376,-8169,-10438,1832,6520,1683,-2451,-4869,-6143
-9300,6469,2789,2467,-8084,-10465,1864,6547,1725,-2421,-4853,-6118
-9263,6522,2694,2562,-7991,-10492,1903,6583,1769,-2394,-4833,-6096
-9240,6566,2623,2635,-7923,-10523,1932,6612,1808,-2383,-4824,-6085
-9268,6570,2644,2619,-7949,-10561,1923,6609,1816,-2418,-4853,-6098
-9324,6560,2708,2564,-8023,-10609,1897,6592,1808,-2470,-4898,-6119
-9385,6556,2771,2512,-8100,-10665,1869,6575,1799,-2520,-4939,-6138
-9465,6545,2863,2437,-8208,-10728,1830,6549,1779,-2583,-4985,-6170
-9536,6547,2933,2384,-8296,-10792,1795,6532,1763,-2629,-5022,-6197
-9589,6567,2969,2366,-8350,-10854,1769,6529,1755,-2656,-5047,-6211
-9649,6590,3010,2347,-8414,-10922,1745,6525,1747,-2682,-5075,-6228
-9717,6619,3054,2331,-8485,-10997,1726,6516,1739,-2705,-5115,-6249
-9764,6678,3050,2367,-8511,-11075,1732,6523,1753,-2696,-5152,-6255
-9782,6753,3001,2445,-8489,-11141,1757,6554,1785,-2667,-5173,-6251
-9807,6800,2989,2481,-8499,-11192,1773,6583,1809,-2652,-5188,-6254
-9866,6810,3049,2445,-8579,-11237,1766,6592,1811,-2669,-5210,-6266
-9955,6801,3159,2365,-8715,-11287,1741,6583,1796,-2706,-5239,-6279
-10044,6800,3260,2296,-8845,-11339,1714,6568,1776,-2739,-5267,-6293
-10095,6831,3293,2296,-8906,-11384,1705,6570,1771,-2748,-5278,-6300
-10137,6867,3309,2313,-8950,-11425,1697,6576,1770,-2762,-5291,-6309
-10189,6893,3344,2311,-9014,-11464,1681,6574,1759,-2794,-5313,-6330
-10264,6900,3421,2271,-9122,-11504,1647,6551,1735,-2847,-5355,-6370
-10350,6905,3508,2223,-9244,-11548,1606,6516,1700,-2904,-5411,-6424
-10430,6926,3571,2203,-9345,-11597,1564,6479,1666,-2953,-5468,-6479
-10474,6989,3555,2265,-9370,-11651,1540,6463,1655,-2964,-5502,-6508
-10501,7059,3514,2348,-9366,-11697,1519,6454,1653,-2968,-5528,-6526
-10530,7108,3493,2405,-9376,-11731,1496,6442,1649,-2979,-5562,-6548
-10542,7152,3459,2466,-9366,-11750,1480,6436,1653,-2980,-5589,-6570
-10567,7168,3465,2483,-9391,-11762,1457,6419,1651,-2991,-5621,-6599
-10615,7156,3520,2446,-9463,-11771,1424,6393,1639,-3014,-5663,-6634
-10662,7137,3581,2401,-9538,-11777,1394,6371,1628,-3031,-5699,-6663
-10708,7114,3643,2351,-9611,-11781,1362,6353,1614,-3055,-5730,-6692
-10778,7065,3756,2250,-9734,-11788,1307,6322,1578,-3114,-5770,-6741
-10879,7002,3912,2107,-9904,-11807,1241,6275,1527,-3191,-5823,-6803
-10962,6970,4020,2016,-10031,-11837,1195,6243,1493,-3231,-5864,-6848
-11003,6988,4036,2017,-10066,-11876,1183,6244,1493,-3218,-5875,-6866
-11007,7037,3983,2084,-10030,-11914,1197,6273,1519,-3174,-5865,-6868
-11001,7086,3921,2156,-9979,-11947,1214,6310,1554,-3133,-5850,-6871
-11027,7109,3918,2168,-9989,-11986,1211,6326,1571,-3128,-5862,-6895
-11062,7131,3924,2173,-10010,-12034,1202,6335,1581,-3133,-5889,-6925
-11090,7167,3911,2197,-10014,-12088,1197,6346,1594,-3136,-5920,-6944
-11099,7222,3860,2260,-9979,-12144,1204,6370,1617,-3124,-5940,-6947
-11099,7288,3789,2342,-9924,-12203,1217,6402,1648,-3106,-5952,-6940
-11100,7353,3721,2421,-9871,-12263,1229,6438,1680,-3087,-5956,-6928
-11130,7388,3714,2439,-9879,-12323,1223,6457,1697,-3092,-5976,-6931
-11168,7414,3722,2442,-9904,-12384,1214,6476,1711,-3101,-5999,-6942
-11190,7450,3706,2468,-9901,-12440,1215,6505,1735,-3095,-6011,-6949
-11222,7478,3708,2477,-9918,-12497,1213,6530,1753,-3098,-6026,-6961
-11241,7520,3685,2513,-9911,-12554,1219,6562,1775,-3093,-6033,-6968
-11244,7584,3624,2591,-9868,-12613,1230,6603,1806,-3081,-6038,-6973
-11256,7656,3565,2674,-9834,-12683,1237,6638,1832,-3075,-6055,-6985
-11277,7739,3504,2766,-9807,-12763,1243,6663,1855,-3069,-6083,-6997
-11281,7854,3395,2914,-9736,-12852,1267,6699,1893,-3039,-6094,-6983
-11261,7991,3241,3107,-9621,-12935,1305,6749,1947,-2988,-6081,-6949
-11253,8097,3132,3252,-9546,-13005,1328,6787,1985,-2964,-6075,-6933
-11280,8152,3109,3306,-9552,-13061,1317,6794,1989,-2989,-6097,-6956
-11341,8175,3153,3296,-9627,-13115,1281,6777,1963,-3051,-6148,-7007
-11416,8201,3208,3282,-9719,-13178,1243,6754,1925,-3117,-6205,-7064
-11467,8259,3208,3326,-9761,-13244,1227,6754,1905,-3154,-6238,-7103
-11517,8317,3207,3373,-9801,-13306,1212,6762,1893,-3181,-6260,-7136
-11587,8355,3245,3381,-9880,-13366,1184,6765,1876,-3214,-6287,-7176
-11694,8368,3346,3331,-10026,-13432,1137,6749,1847,-3266,-6327,-7229
-11823,8368,3482,3249,-10211,-13502,1082,6723,1810,-3326,-6377,-7287
-11955,8374,3614,3173,-10396,-13576,1032,6699,1778,-3376,-6428,-7342
-12054,8414,3680,3165,-10513,-13651,1011,6699,1772,-3391,-6462,-7377
-12140,8465,3722,3178,-10606,-13723,1006,6714,1783,-3386,-6489,-7403
-12235,8501,3788,3165,-10721,-13792,1003,6730,1793,-3384,-6521,-7432
-12320,8537,3842,3160,-10820,-13854,1005,6755,1810,-3374,-6544,-7456
-12424,8555,3932,3116,-10955,-13917,996,6766,1818,-3381,-6577,-7490
-12553,8554,4067,3029,-11136,-13986,973,6761,1812,-3410,-6627,-7538
-12679,8554,4196,2946,-11309,-14055,953,6758,1807,-3439,-6682,-7587
-12793,8556,4311,2872,-11463,-14119,933,6763,1805,-3467,-6732,-7637
-12919,8538,4456,2763,-11644,-14180,896,6766,1792,-3514,-6781,-7700
-13064,8512,4626,2631,-11853,-14251,847,6758,1768,-3571,-6834,-7773
-13184,8521,4736,2561,-12004,-14331,817,6765,1762,-3596,-6872,-7829
-13257,8585,4741,2597,-12052,-14421,822,6805,1787,-3571,-6886,-7852
-13297,8695,4666,2715,-12025,-14523,849,6870,1833,-3518,-6881,-7853
-13332,8820,4571,2856,-11979,-14634,881,6945,1885,-3465,-6869,-7847
-13395,8920,4526,2947,-11985,-14750,894,7002,1921,-3440,-6873,-7858
-13458,9012,4489,3026,-11996,-14864,904,7055,1948,-3422,-6885,-7875
-13508,9106,4436,3117,-11988,-14974,920,7109,1977,-3396,-6894,-7885
-13535,9212,4345,3241,-11938,-15078,942,7173,2015,-3360,-6886,-7881
-13552,9327,4237,3383,-11870,-15184,969,7246,2061,-3321,-6862,-7865
-13577,9436,4140,3514,-11815,-15293,997,7320,2109,-3284,-6831,-7850
-13636,9507,4115,3572,-11831,-15400,1003,7377,2142,-3274,-6818,-7856
-13709,9553,4127,3591,-11881,-15502,999,7425,2171,-3269,-6814,-7871
-13765,9595,4129,3614,-11914,-15589,1004,7480,2211,-3251,-6804,-7875
-13828,9619,4153,3612,-11966,-15668,1007,7528,2248,-3237,-6800,-7883
-13874,9651,4153,3632,-11992,-15741,1020,7584,2294,-3208,-6790,-7886
-13898,9699,4117,3688,-11980,-15808,1042,7651,2350,-3169,-6771,-7884
-13924,9744,4088,3738,-11974,-15872,1059,7712,2403,-3139,-6762,-7891
-13957,9793,4064,3788,-11977,-15940,1070,7762,2450,-3112,-6765,-7904
-13972,9872,3994,3890,-11939,-16015,1099,7818,2511,-3058,-6758,-7895
-13967,9974,3885,4033,-11861,-16087,1141,7885,2585,-2985,-6737,-7866
-13981,10049,3823,4127,-11829,-16151,1165,7939,2641,-2940,-6727,-7848
-14034,10083,3846,4137,-11882,-16210,1161,7963,2667,-2942,-6742,-7858
-14117,10086,3931,4085,-11995,-16265,1134,7968,2668,-2976,-6776,-7884
-14202,10093,4019,4034,-12113,-16321,1109,7973,2669,-2999,-6810,-7902
-14250,10135,4036,4054,-12160,-16373,1109,8005,2692,-2977,-6817,-7894
-14281,10184,4030,4094,-12181,-16415,1114,8047,2720,-2940,-6810,-7881
-14313,10223,4037,4119,-12211,-16449,1111,8084,2742,-2914,-6804,-7877
-14369,10247,4083,4107,-12285,-16487,1097,8104,2755,-2905,-6812,-7886
-14441,10268,4146,4082,-12380,-16531,1078,8116,2764,-2902,-6827,-7901
-14509,10298,4199,4068,-12467,-16578,1063,8131,2777,-2889,-6841,-7915
-14542,10360,4182,4123,-12482,-16623,1077,8170,2815,-2839,-6830,-7914
-14554,10429,4137,4201,-12465,-16657,1106,8223,2870,-2770,-6805,-7904
-14578,10484,4116,4252,-12471,-16690,1134,8272,2926,-2710,-6783,-7891
-14593,10544,4079,4316,-12461,-16721,1163,8325,2986,-2651,-6757,-7864
-14625,10590,4072,4352,-12481,-16755,1178,8362,3034,-2611,-6746,-7843
-14683,10621,4104,4350,-12543,-16798,1177,8381,3069,-2592,-6749,-7832
-14743,10657,4129,4356,-12602,-16847,1176,8400,3100,-2579,-6746,-7822
-14794,10692,4146,4367,-12648,-16893,1170,8422,3129,-2573,-6734,-7818
-14858,10697,4204,4330,-12730,-16930,1141,8433,3137,-2600,-6729,-7840
-14942,10679,4302,4252,-12851,-16967,1097,8430,3128,-2647,-6742,-7879
-15003,10688,4350,4224,-12923,-17010,1069,8437,3130,-2674,-6754,-7905
-15018,10746,4300,4294,-12898,-17058,1076,8472,3161,-2651,-6745,-7901
-14988,10838,4172,4439,-12791,-17102,1109,8531,3218,-2589,-6713,-7874
-14932,10926,4020,4596,-12650,-17129,1147,8597,3282,-2521,-6664,-7839
-14902,10974,3934,4684,-12570,-17149,1163,8640,3332,-2478,-6630,-7816
-14880,11009,3871,4747,-12511,-17168,1173,8669,3374,-2445,-6608,-7796
-14857,11049,3800,4819,-12446,-17192,1190,8699,3417,-2412,-6592,-7762
-14816,11102,3697,4920,-12347,-17214,1216,8740,3462,-2370,-6567,-7715
-14768,11157,3587,5029,-12239,-17235,1244,8789,3510,-2328,-6533,-7668
-14731,11197,3504,5108,-12157,-17254,1264,8833,3552,-2296,-6498,-7632
-14735,11194,3506,5103,-12159,-17271,1260,8853,3573,-2300,-6483,-7625
-14766,11168,3557,5050,-12211,-17292,1247,8858,3581,-2320,-6481,-7633
-14794,11146,3602,5003,-12258,-17312,1238,8866,3589,-2333,-6478,-7635
-14840,11116,3675,4933,-12336,-17338,1221,8865,3588,-2352,-6486,-7641
-14878,11096,3731,4881,-12397,-17364,1210,8870,3591,-2357,-6490,-7638
-14896,11096,3748,4869,-12420,-17389,1209,8889,3605,-2349,-6480,-7626
-14919,11102,3767,4859,-12449,-17420,1203,8907,3617,-2344,-6472,-7619
-14947,11114,3786,4854,-12481,-17455,1197,8920,3626,-2341,-6471,-7615
-14947,11155,3748,4907,-12457,-17489,1214,8945,3657,-2308,-6467,-7593
-14909,11222,3650,5017,-12370,-17513,1253,8989,3710,-2247,-6450,-7552
-14877,11270,3577,5100,-12303,-17526,1285,9030,3757,-2200,-6429,-7518
-14878,11285,3573,5113,-12305,-17536,1296,9052,3782,-2185,-6413,-7500
-14907,11272,3624,5073,-12363,-17544,1293,9061,3793,-2196,-6410,-7496
-14934,11256,3677,5029,-12422,-17547,1289,9071,3805,-2199,-6412,-7493
-14918,11271,3657,5056,-12403,-17538,1307,9105,3841,-2158,-6389,-7467
-14883,11295,3608,5108,-12351,-17521,1328,9147,3886,-2104,-6352,-7434
-14848,11313,3564,5153,-12304,-17498,1343,9185,3929,-2057,-6312,-7401
-14832,11311,3557,5162,-12292,-17473,1345,9208,3960,-2026,-6285,-7377
-14823,11299,3567,5152,-12297,-17444,1342,9224,3986,-2000,-6268,-7353
-14805,11287,3564,5151,-12286,-17409,1347,9244,4016,-1963,-6255,-7316
-14746,11303,3492,5216,-12200,-17364,1379,9285,4072,-1888,-6220,-7252
-14663,11324,3388,5304,-12077,-17307,1421,9338,4140,-1799,-6168,-7178
-14594,11329,3312,5365,-11981,-17249,1450,9384,4201,-1726,-6122,-7115
-14518,11336,3227,5431,-11874,-17187,1475,9435,4262,-1659,-6075,-7055
-14458,11319,3179,5457,-11800,-17121,1491,9475,4313,-1613,-6037,-7005
-14420,11276,3178,5434,-11772,-17055,1495,9500,4349,-1583,-6008,-6967
-14379,11230,3177,5408,-11740,-16985,1500,9527,4386,-1550,-5973,-6921
-14325,11184,3161,5390,-11690,-16909,1506,9563,4426,-1509,-5925,-6869
-14282,11114,3182,5332,-11670,-16827,1497,9593,4455,-1485,-5882,-6831
-14266,11033,3239,5241,-11692,-16758,1476,9611,4470,-1477,-5850,-6807
-14240,10984,3254,5198,-11679,-16706,1470,9633,4491,-1452,-5811,-6767
-14180,10985,3186,5243,-11587,-16668,1490,9673,4530,-1394,-5753,-6696
-14090,11020,3054,5352,-11432,-16635,1528,9727,4582,-1308,-5677,-6603
-13990,11057,2912,5468,-11264,-16599,1570,9783,4633,-1219,-5594,-6508
-13925,11059,2839,5514,-11166,-16565,1594,9817,4665,-1159,-5528,-6433
-13876,11054,2791,5537,-11095,-16540,1613,9840,4690,-1110,-5467,-6365
-13822,11061,2726,5578,-11010,-16520,1639,9864,4718,-1052,-5400,-6294
-13743,11085,2621,5658,-10882,-16497,1678,9901,4757,-982,-5321,-6218
-13649,11117,2493,5758,-10730,-16472,1727,9944,4801,-909,-5234,-6140
-13557,11143,2375,5847,-10587,-16444,1767,9979,4839,-848,-5148,-6068
-13497,11127,2332,5858,-10514,-16410,1772,9987,4848,-830,-5086,-6016
-13453,11080,2335,5818,-10484,-16367,1751,9973,4839,-835,-5044,-5980
-13398,11025,2338,5774,-10447,-16310,1722,9954,4826,-839,-5004,-5948
-13361,10946,2383,5687,-10451,-16250,1680,9916,4798,-855,-4976,-5929
-13322,10872,2423,5607,-10450,-16189,1640,9879,4770,-864,-4942,-5908
-13267,10809,2435,5554,-10422,-16123,1611,9852,4753,-858,-4897,-5877
-13213,10731,2465,5481,-10407,-16048,1581,9824,4737,-853,-4856,-5852
-13166,10643,2513,5390,-10409,-15966,1553,9792,4725,-846,-4826,-5825
-13098,10575,2520,5339,-10372,-15883,1545,9770,4733,-813,-4793,-5778
-12997,10522,2481,5332,-10282,-15785,1553,9761,4757,-757,-4747,-5712
-12901,10443,2471,5288,-10217,-15670,1546,9741,4765,-722,-4709,-5654
-12835,10324,2533,5169,-10221,-15546,1510,9691,4744,-733,-4691,-5622
-12797,10177,2650,4997,-10281,-15420,1456,9618,4700,-774,-4690,-5616
-12759,10031,2766,4825,-10341,-15291,1403,9543,4649,-813,-4694,-5619
-12681,9921,2806,4729,-10324,-15158,1371,9492,4615,-819,-4677,-5603
-12591,9822,2821,4658,-10282,-15022,1343,9446,4585,-820,-4656,-5576
-12507,9716,2848,4574,-10252,-14883,1310,9399,4552,-829,-4641,-5549
-12447,9596,2913,4457,-10263,-14750,1270,9344,4512,-850,-4635,-5532
-12404,9475,2993,4328,-10295,-14626,1234,9287,4476,-865,-4632,-5516
-12354,9370,3050,4226,-10306,-14506,1211,9237,4452,-862,-4619,-5488
-12258,9305,3019,4209,-10228,-14383,1222,9214,4458,-815,-4578,-5430
-12132,9263,2934,4243,-10092,-14254,1254,9208,4484,-745,-4516,-5351
-12012,9214,2861,4264,-9966,-14125,1286,9197,4508,-685,-4459,-5274
-11882,9172,2768,4303,-9820,-13995,1322,9188,4535,-621,-4399,-5193
-11767,9119,2700,4317,-9699,-13868,1349,9166,4551,-576,-4352,-5124
-11674,9051,2668,4297,-9615,-13747,1361,9128,4556,-550,-4316,-5068
-11578,8990,2625,4288,-9520,-13631,1378,9092,4564,-522,-4271,-5011
-11473,8936,2563,4296,-9405,-13514,1398,9063,4578,-490,-4209,-4953
-11380,8859,2536,4265,-9320,-13394,1402,9026,4577,-482,-4150,-4907
-11311,8765,2549,4195,-9277,-13279,1392,8973,4562,-492,-4103,-4871
-11225,8694,2519,4169,-9193,-13172,1397,8928,4558,-480,-4044,-4816
-11097,8667,2403,4228,-9022,-13069,1430,8908,4577,-427,-3963,-4732
-10933,8672,2220,4352,-8782,-12965,1485,8910,4615,-349,-3861,-4628
-10755,8676,2024,4484,-8524,-12854,1538,8920,4656,-268,-3751,-4524
-10611,8643,1900,4543,-8335,-12744,1568,8909,4676,-218,-3663,-4442
-10484,8597,1807,4571,-8179,-12638,1588,8886,4686,-178,-3588,-4365
-10354,8549,1714,4597,-8022,-12532,1613,8865,4703,-124,-3511,-4276
-10208,8505,1603,4638,-7842,-12419,1649,8854,4726,-57,-3426,-4177
-10051,8455,1489,4675,-7655,-12296,1690,8850,4751,11,-3337,-4075
-9904,8393,1398,4689,-7489,-12172,1723,8845,4769,69,-3254,-3983
-9793,8292,1385,4624,-7402,-12048,1728,8818,4769,92,-3194,-3914
-9708,8167,1424,4509,-7367,-11924,1717,8778,4757,100,-3145,-3861
-9613,8044,1453,4401,-7322,-11796,1708,8744,4749,116,-3090,-3809
-9532,7909,1509,4267,-7304,-11667,1689,8700,4736,120,-3047,-3775
-9444,7784,1552,4149,-7275,-11540,1676,8662,4727,133,-3006,-3741
-9337,7672,1565,4059,-7214,-11407,1679,8638,4728,161,-2953,-3699
-9233,7555,1587,3960,-7162,-11271,1682,8608,4729,187,-2901,-3660
-9138,7440,1619,3856,-7125,-11140,1687,8567,4723,212,-2855,-3617
-9032,7356,1610,3801,-7054,-11020,1715,8532,4731,262,-2799,-3545
-8898,7299,1548,3799,-6929,-10897,1759,8512,4752,331,-2719,-3449
-8768,7221,1512,3766,-6826,-10760,1790,8484,4761,376,-2642,-3361
-8673,7103,1551,3658,-6797,-10617,1794,8431,4744,378,-2586,-3299
-8617,6959,1657,3488,-6839,-10480,1778,8356,4699,348,-2552,-3258
-8573,6809,1780,3304,-6899,-10345,1755,8274,4645,318,-2527,-3223
-8489,6684,1837,3181,-6890,-10197,1750,8213,4608,325,-2480,-3169
-8386,6567,1867,3082,-6850,-10041,1750,8167,4583,345,-2422,-3108
-8281,6442,1901,2977,-6810,-9875,1743,8124,4560,361,-2363,-3055
-8187,6301,1959,2844,-6793,-9704,1725,8071,4532,364,-2318,-3013
-8097,6153,2026,2703,-6784,-9531,1702,8009,4500,363,-2279,-2976
-7999,6016,2073,2583,-6755,-9359,1683,7947,4468,364,-2238,-2932
-7868,5914,2049,2534,-6656,-9187,1689,7899,4452,392,-2181,-2868
-7716,5829,1984,2525,-6513,-9013,1709,7859,4445,430,-2119,-2796
-7575,5729,1944,2490,-6395,-8838,1724,7805,4428,451,-2069,-2734
-7429,5629,1896,2460,-6266,-8659,1741,7753,4410,472,-2012,-2671
-7306,5512,1884,2396,-6175,-8486,1740,7686,4378,470,-1959,-2621
-7220,5376,1927,2283,-6145,-8327,1717,7597,4327,439,-1922,-2589
-7145,5246,1972,2173,-6122,-8182,1690,7506,4268,401,-1887,-2565
-7065,5123,2004,2077,-6086,-8040,1659,7417,4208,358,-1849,-2547
-6999,4983,2065,1949,-6077,-7899,1605,7321,4132,288,-1824,-2548
-6949,4825,2159,1789,-6100,-7760,1538,7213,4044,202,-1818,-2561
-6876,4691,2206,1675,-6076,-7624,1495,7121,3976,151,-1798,-2550
-6750,4605,2151,1661,-5947,-7486,1494,7060,3942,161,-1744,-2498
-6579,4558,2012,1728,-5733,-7348,1522,7021,3937,211,-1664,-2415
-6385,4520,1843,1820,-5483,-7203,1558,6995,3943,268,-1574,-2324
-6218,4450,1733,1851,-5290,-7055,1578,6952,3936,308,-1500,-2252
-6061,4366,1648,1856,-5122,-6909,1596,6901,3926,347,-1433,-2187
-5902,4291,1554,1872,-4946,-6767,1622,6854,3923,395,-1362,-2117
-5726,4231,1429,1918,-4739,-6627,1663,6818,3929,456,-1281,-2032
-5536,4179,1283,1982,-4510,-6482,1713,6796,3941,523,-1191,-1932
-5344,4118,1145,2034,-4285,-6331,1765,6774,3954,586,-1097,-1830
-5178,4024,1069,2022,-4120,-6176,1798,6736,3950,620,-1019,-1745
-5031,3910,1030,1972,-3993,-6020,1821,6688,3936,640,-955,-1668
-4869,3806,970,1942,-3844,-5861,1847,6646,3922,669,-887,-1578
-4720,3697,928,1896,-3715,-5705,1863,6596,3898,688,-831,-1492
-4568,3607,867,1874,-3573,-5559,1882,6546,3874,712,-776,-1404
-4400,3540,767,1892,-3397,-5415,1909,6511,3857,751,-708,-1311
-4237,3472,675,1905,-3229,-5273,1935,6473,3837,789,-643,-1224
-4085,3401,599,1904,-3081,-5132,1957,6426,3816,828,-586,-1141
-3920,3356,485,1944,-2899,-4997,1999,6389,3811,891,-513,-1041
-3726,3335,321,2034,-2666,-4856,2063,6375,3830,980,-409,-919
-3535,3290,185,2089,-2454,-4698,2114,6359,3843,1047,-300,-806
-3378,3200,129,2059,-2320,-4530,2136,6316,3827,1068,-208,-723
-3260,3080,144,1963,-2259,-4364,2132,6247,3783,1053,-138,-667
-3162,2961,178,1854,-2224,-4209,2118,6168,3722,1022,-85,-625
-3040,2878,152,1810,-2133,-4060,2118,6106,3670,1010,-22,-571
-2911,2807,108,1786,-2025,-3911,2123,6052,3623,1001,39,-517
-2792,2721,86,1738,-1940,-3758,2118,5992,3569,978,87,-476
-2703,2609,121,1636,-1910,-3605,2090,5915,3499,927,111,-451
-2632,2483,188,1503,-1914,-3454,2050,5827,3418,862,114,-437
-2563,2358,254,1373,-1918,-3304,2010,5739,3336,799,109,-424
-2471,2264,266,1301,-1869,-3160,1984,5668,3271,764,117,-395
-2367,2189,245,1264,-1790,-3021,1965,5606,3218,744,141,-356
-2283,2102,256,1197,-1745,-2887,1933,5535,3156,711,156,-332
-2193,2014,259,1137,-1689,-2751,1905,5468,3093,682,172,-312
-2112,1911,286,1051,-1653,-2611,1869,5392,3021,646,179,-305
-2052,1793,348,933,-1655,-2478,1826,5303,2940,599,176,-309
-1993,1683,400,827,-1648,-2352,1790,5221,2865,559,176,-311
-1925,1582,432,741,-1622,-2230,1764,5152,2796,524,180,-315
-1866,1461,492,624,-1618,-2102,1727,5082,2716,468,176,-340
-1822,1317,588,468,-1648,-1973,1678,5000,2626,397,162,-383
-1757,1195,639,357,-1632,-1847,1645,4929,2552,351,160,-409
-1637,1115,592,340,-1513,-1716,1647,4888,2511,352,189,-399
-1473,1070,464,401,-1310,-1582,1680,4872,2501,391,246,-357
-1296,1043,304,495,-1076,-1453,1725,4868,2504,437,312,-305
-1161,995,205,535,-910,-1341,1753,4843,2491,455,359,-270
-1049,936,140,544,-782,-1240,1774,4804,2468,459,396,-239
-940,879,73,556,-653,-1145,1797,4764,2446,468,436,-199
-817,831,-17,589,-501,-1047,1829,4735,2433,497,485,-143
-688,784,-113,626,-342,-948,1867,4714,2425,536,543,-80
-572,724,-185,638,-206,-848,1898,4692,2414,568,601,-22
-492,628,-184,577,-145,-751,1904,4651,2387,567,644,15
-441,510,-133,467,-137,-657,1893,4598,2343,543,672,39
-382,401,-97,373,-115,-563,1884,4553,2301,527,703,72
-336,286,-42,261,-115,-472,1870,4501,2250,508,725,99
-283,188,-9,174,-98,-387,1864,4453,2206,500,744,124
-214,120,-20,136,-43,-309,1867,4419,2176,510,767,155
-156,63,-28,102,0,-245,1867,4380,2148,518,778,184
-115,15,-26,68,25,-194,1869,4332,2119,521,776,211
-62,0,-67,83,84,-155,1890,4290,2102,545,783,254
15,17,-160,153,191,-119,1925,4261,2101,589,810,311
83,22,-228,198,274,-77,1944,4224,2087,614,832,355
115,-9,-224,170,282,-34,1932,4162,2048,597,833,372
120,-64,-165,91,236,11,1899,4083,1986,551,814,366
121,-116,-103,10,183,54,1866,4004,1922,504,794,359
163,-136,-113,-1,204,105,1856,3954,1883,493,799,374
228,-147,-153,14,259,167,1856,3922,1858,499,818,399
291,-166,-181,16,305,236,1856,3894,1835,503,841,421
323,-200,-163,-21,300,295,1845,3856,1801,485,853,430
329,-235,-116,-78,258,338,1826,3805,1754,453,848,427
333,-260,-79,-123,223,375,1810,3758,1709,421,837,417
368,-254,-103,-104,249,412,1812,3732,1684,414,838,413
431,-232,-171,-45,325,455,1823,3723,1674,427,849,420
481,-226,-211,-15,375,501,1822,3707,1659,424,849,419
540,-222,-258,19,437,552,1824,3696,1647,421,852,426
586,-238,-275,20,473,607,1815,3678,1628,408,852,430
606,-283,-239,-34,459,662,1790,3646,1601,383,842,426
625,-338,-193,-100,439,721,1767,3619,1577,366,839,426
652,-403,-146,-175,426,790,1746,3600,1557,349,848,430
668,-501,-59,-297,383,872,1714,3576,1530,313,855,421
682,-606,37,-431,334,954,1677,3549,1500,267,855,405
704,-689,100,-528,314,1024,1653,3527,1478,236,858,400
732,-750,133,-591,321,1083,1639,3508,1462,217,864,405
777,-783,121,-607,371,1132,1640,3502,1457,214,883,418
836,-804,80,-596,451,1181,1646,3501,1461,219,910,431
867,-849,91,-636,479,1224,1631,3480,1450,200,916,422
896,-890,98,-671,508,1262,1619,3461,1440,191,918,417
957,-889,31,-629,609,1292,1640,3463,1459,224,944,445
1027,-879,-56,-568,730,1322,1675,3475,1490,268,980,483
1086,-878,-124,-527,829,1348,1702,3480,1515,296,1008,511
1131,-885,-170,-505,904,1370,1719,3483,1534,312,1027,531
1148,-919,-162,-537,923,1390,1716,3468,1536,305,1031,532
1133,-964,-112,-603,891,1396,1700,3435,1523,281,1023,522
1122,-987,-88,-637,877,1390,1692,3410,1513,269,1029,525
1101,-1009,-56,-674,849,1375,1685,3385,1502,255,1038,528
1090,-1014,-51,-681,844,1357,1689,3370,1498,255,1058,541
1111,-998,-98,-638,891,1346,1709,3376,1511,271,1093,569
1138,-984,-150,-592,944,1341,1730,3383,1526,286,1120,598
1163,-975,-192,-554,986,1338,1751,3386,1538,298,1133,624
1209,-945,-277,-473,1068,1338,1791,3395,1561,330,1142,659
1287,-890,-417,-337,1206,1343,1849,3420,1598,380,1170,704
1357,-850,-533,-228,1320,1356,1892,3440,1620,410,1204,740
1390,-852,-568,-198,1354,1373,1904,3431,1611,398,1225,752
1396,-891,-538,-237,1324,1400,1891,3400,1576,358,1226,740
1396,-941,-491,-293,1279,1433,1869,3362,1536,316,1216,719
1436,-964,-510,-288,1304,1477,1868,3353,1520,312,1226,717
1495,-977,-557,-257,1359,1530,1876,3359,1518,325,1247,729
1551,-998,-592,-240,1405,1589,1878,3365,1514,331,1266,741
1590,-1035,-595,-255,1418,1649,1870,3360,1503,324,1274,748
1614,-1075,-578,-287,1409,1705,1856,3347,1489,314,1275,751
1644,-1105,-578,-301,1416,1760,1845,3337,1480,314,1281,759
1698,-1103,-632,-259,1479,1812,1853,3344,1487,342,1301,786
1773,-1086,-721,-185,1578,1870,1875,3366,1509,384,1328,825
1825,-1085,-772,-150,1640,1924,1886,3379,1522,410,1340,851
1876,-1083,-819,-117,1700,1977,1896,3394,1532,436,1351,877
1911,-1101,-833,-122,1731,2034,1899,3397,1531,444,1355,895
1917,-1145,-790,-184,1705,2087,1888,3384,1513,431,1341,892
1916,-1190,-737,-254,1672,2136,1874,3371,1496,417,1329,878
1918,-1235,-690,-322,1646,2185,1856,3362,1477,404,1327,861
1902,-1301,-601,-433,1583,2235,1817,3342,1440,368,1321,829
1855,-1392,-458,-597,1465,2278,1759,3307,1387,311,1296,781
1812,-1462,-339,-731,1367,2306,1710,3278,1344,271,1265,739
1802,-1480,-307,-774,1352,2320,1691,3276,1329,268,1249,721
1828,-1458,-350,-740,1411,2328,1699,3299,1342,298,1252,734
1870,-1426,-420,-681,1500,2337,1717,3331,1367,337,1270,763
1882,-1430,-424,-690,1525,2346,1716,3342,1376,352,1276,782
1871,-1450,-390,-734,1510,2347,1705,3337,1373,356,1274,797
1860,-1459,-368,-762,1503,2339,1695,3330,1372,363,1273,820
1867,-1451,-382,-755,1530,2328,1692,3335,1381,377,1281,849
1888,-1432,-420,-723,1583,2317,1698,3351,1396,399,1299,877
1907,-1420,-451,-699,1628,2306,1702,3369,1413,422,1324,902
1900,-1443,-422,-736,1614,2299,1687,3373,1415,424,1338,908
1868,-1501,-334,-835,1543,2297,1657,3360,1401,407,1337,898
1845,-1560,-256,-925,1482,2300,1632,3351,1387,396,1341,890
1805,-1626,-154,-1035,1392,2297,1600,3332,1364,376,1338,875
1770,-1680,-70,-1123,1315,2288,1573,3315,1342,362,1336,862
1764,-1710,-40,-1158,1291,2282,1563,3313,1334,366,1348,857
1768,-1735,-26,-1177,1282,2281,1556,3312,1330,375,1360,852
1771,-1753,-17,-1188,1273,2275,1549,3305,1327,383,1368,851
1790,-1740,-57,-1144,1307,2262,1566,3305,1341,414,1379,871
1841,-1696,-159,-1037,1400,2251,1611,3321,1375,467,1397,915
1887,-1666,-241,-953,1476,2249,1647,3330,1402,500,1409,956
1896,-1678,-245,-948,1474,2253,1653,3313,1401,489,1409,974
1871,-1721,-183,-1010,1403,2259,1636,3271,1369,442,1396,965
1836,-1770,-105,-1085,1315,2265,1615,3217,1325,385,1376,944
1836,-1789,-91,-1099,1292,2278,1614,3183,1298,359,1375,937
1855,-1796,-108,-1085,1304,2300,1617,3158,1276,340,1379,936
1875,-1811,-116,-1082,1310,2329,1611,3131,1246,314,1374,928
1874,-1839,-92,-1111,1281,2357,1592,3093,1203,266,1347,907
1858,-1864,-54,-1148,1234,2376,1566,3044,1152,213,1307,879
1846,-1874,-36,-1164,1205,2390,1546,3001,1108,181,1279,859
1870,-1845,-90,-1106,1249,2403,1552,2983,1089,191,1281,863
1930,-1788,-209,-988,1361,2423,1582,2991,1093,225,1303,884
1981,-1737,-311,-888,1458,2442,1609,2996,1096,246,1314,901
2038,-1680,-426,-776,1569,2461,1639,3007,1105,268,1333,923
2083,-1630,-520,-684,1660,2476,1663,3019,1109,276,1354,941
2103,-1600,-568,-638,1706,2487,1679,3019,1107,270,1365,954
2121,-1575,-609,-600,1748,2499,1699,3025,1110,269,1379,972
2149,-1551,-657,-559,1803,2516,1724,3046,1119,278,1405,997
2164,-1551,-669,-559,1827,2540,1731,3062,1115,264,1432,1010
2154,-1580,-626,-615,1799,2563,1719,3065,1095,225,1445,1008
2151,-1594,-605,-647,1792,2580,1723,3075,1085,201,1459,1017
2187,-1565,-666,-595,1867,2590,1757,3113,1103,217,1492,1054
2256,-1496,-799,-469,2013,2595,1816,3176,1146,269,1547,1116
2341,-1417,-957,-319,2187,2599,1879,3249,1201,326,1613,1184
2388,-1370,-1047,-235,2290,2598,1917,3298,1236,353,1655,1227
2408,-1342,-1090,-194,2343,2588,1937,3329,1258,367,1682,1259
2422,-1316,-1125,-159,2387,2574,1955,3356,1279,384,1703,1289
2452,-1286,-1181,-107,2454,2565,1984,3387,1308,414,1731,1327
2497,-1257,-1250,-46,2539,2567,2024,3423,1343,448,1765,1369
2541,-1243,-1305,-2,2612,2575,2059,3448,1370,467,1792,1403
2554,-1259,-1299,-18,2622,2583,2066,3446,1372,447,1796,1409
2529,-1292,-1239,-81,2568,2575,2048,3421,1353,402,1780,1391
2511,-1310,-1200,-118,2532,2562,2033,3401,1340,373,1769,1379
2484,-1330,-1151,-162,2481,2545,2014,3378,1327,347,1756,1367
2465,-1339,-1122,-185,2446,2525,2001,3357,1320,335,1747,1363
2472,-1327,-1141,-159,2461,2511,2002,3351,1326,343,1753,1374
2478,-1312,-1162,-131,2473,2494,2004,3345,1332,352,1758,1390
2468,-1297,-1166,-112,2462,2468,2001,3331,1332,356,1758,1404
2467,-1262,-1202,-59,2477,2437,2014,3322,1344,381,1765,1430
2499,-1206,-1289,43,2547,2415,2045,3331,1375,430,1789,1472
2527,-1177,-1348,109,2595,2410,2066,3337,1399,466,1807,1502
2518,-1198,-1317,81,2558,2415,2059,3321,1398,455,1799,1498
2470,-1264,-1205,-30,2440,2426,2025,3281,1369,405,1762,1462
2403,-1345,-1058,-175,2287,2436,1980,3228,1325,343,1712,1413
2371,-1399,-974,-260,2198,2453,1952,3195,1292,306,1682,1385
2357,-1440,-921,-317,2144,2475,1927,3172,1266,279,1668,1367
2336,-1485,-857,-383,2079,2497,1897,3146,1237,244,1655,1347
2290,-1541,-758,-482,1974,2510,1854,3109,1198,196,1632,1315
2231,-1601,-641,-595,1850,2517,1802,3063,1152,142,1601,1270
2183,-1653,-543,-692,1747,2528,1756,3023,1106,98,1571,1222
2169,-1678,-505,-732,1708,2544,1733,3005,1080,88,1557,1197
2188,-1681,-522,-722,1729,2568,1730,3009,1072,100,1561,1199
2190,-1693,-512,-737,1723,2587,1724,3009,1057,98,1560,1202
2195,-1700,-510,-746,1725,2606,1725,3015,1048,104,1566,1214
2192,-1716,-490,-773,1712,2625,1722,3018,1037,103,1572,1222
2166,-1750,-429,-842,1657,2640,1702,3004,1012,77,1560,1215
2145,-1779,-377,-902,1613,2655,1682,2991,986,46,1546,1204
2140,-1791,-357,-931,1602,2668,1664,2984,961,16,1539,1193
2132,-1813,-324,-974,1582,2684,1633,2977,925,-30,1529,1169
2105,-1850,-258,-1052,1528,2698,1590,2962,876,-87,1511,1137
2091,-1862,-229,-1087,1509,2702,1569,2961,845,-108,1508,1128
2120,-1825,-292,-1029,1581,2701,1590,2994,851,-73,1533,1158
2186,-1752,-429,-897,1727,2698,1642,3056,886,-2,1585,1213
2271,-1668,-596,-737,1907,2701,1705,3131,933,76,1653,1273
2323,-1618,-697,-644,2021,2702,1749,3183,963,118,1701,1307
2352,-1591,-751,-596,2087,2702,1780,3221,983,142,1732,1325
2375,-1564,-801,-550,2146,2696,1811,3256,1001,162,1757,1345
2409,-1525,-874,-480,2227,2689,1846,3298,1022,187,1786,1371
2457,-1478,-969,-389,2332,2684,1883,3344,1046,221,1825,1401
2500,-1437,-1055,-305,2426,2678,1915,3381,1066,247,1858,1430
2514,-1428,-1081,-282,2460,2674,1921,3392,1065,238,1869,1447
2499,-1453,-1044,-322,2430,2671,1903,3379,1044,201,1859,1450
2491,-1481,-1014,-357,2409,2675,1891,3368,1025,170,1853,1449
2472,-1522,-959,-417,2361,2680,1875,3346,1000,134,1836,1438
2452,-1558,-908,-470,2314,2681,1864,3322,980,110,1821,1431
2457,-1574,-903,-478,2312,2686,1861,3314,973,105,1814,1436
2469,-1590,-903,-482,2316,2696,1853,3303,966,101,1803,1444
2472,-1606,-894,-492,2307,2701,1835,3280,949,88,1782,1449
2488,-1595,-925,-457,2331,2698,1832,3260,942,92,1766,1471
2531,-1550,-1014,-361,2412,2691,1853,3256,954,124,1774,1510
2577,-1521,-1088,-288,2483,2699,1867,3249,960,143,1786,1532
2595,-1544,-1081,-303,2481,2723,1853,3216,941,117,1779,1519
2580,-1602,-1004,-389,2410,2751,1813,3163,898,51,1753,1478
2546,-1663,-904,-494,2310,2769,1767,3104,848,-25,1712,1430
2537,-1689,-863,-536,2267,2782,1748,3072,819,-66,1688,1406
2542,-1695,-856,-543,2256,2793,1743,3057,806,-85,1682,1400
2536,-1709,-829,-569,2225,2801,1732,3044,794,-105,1680,1393
2503,-1743,-755,-641,2145,2806,1706,3021,772,-143,1669,1374
2446,-1796,-640,-752,2024,2808,1672,2988,742,-193,1647,1345
2390,-1848,-525,-864,1903,2810,1644,2960,719,-236,1625,1320
2360,-1874,-465,-922,1838,2813,1639,2951,717,-247,1618,1317
2366,-1877,-464,-924,1837,2823,1653,2964,735,-228,1638,1331
2364,-1889,-447,-945,1821,2834,1661,2972,748,-216,1650,1335
2372,-1897,-444,-953,1823,2849,1672,2980,758,-211,1660,1334
2371,-1917,-422,-981,1808,2865,1672,2976,757,-220,1659,1324
2343,-1959,-353,-1056,1744,2878,1654,2951,740,-253,1633,1297
2313,-2000,-282,-1132,1680,2888,1635,2923,720,-290,1605,1269
2295,-2034,-232,-1190,1638,2901,1621,2901,704,-322,1585,1242
2271,-2087,-158,-1275,1577,2921,1591,2872,677,-376,1561,1201
2223,-2159,-41,-1404,1473,2939,1538,2829,630,-452,1522,1144
2184,-2209,43,-1495,1398,2946,1500,2796,593,-506,1488,1099
2186,-2202,30,-1483,1416,2942,1496,2793,586,-515,1483,1089
2228,-2141,-78,-1373,1524,2928,1523,2823,609,-482,1512,1119
2291,-2053,-234,-1212,1678,2910,1561,2871,648,-428,1564,1172
2324,-1986,-339,-1101,1779,2885,1579,2905,674,-396,1602,1212
2340,-1939,-406,-1027,1843,2862,1581,2923,690,-381,1624,1241
2361,-1894,-477,-952,1912,2842,1587,2943,707,-360,1645,1272
2400,-1841,-574,-854,2011,2830,1607,2976,733,-324,1679,1314
2460,-1783,-694,-736,2137,2827,1633,3019,762,-285,1721,1356
2518,-1728,-812,-622,2260,2825,1659,3060,789,-252,1762,1390
2547,-1697,-874,-561,2325,2819,1672,3088,799,-246,1789,1409
2538,-1695,-870,-561,2320,2807,1672,3101,796,-259,1800,1412
2538,-1692,-876,-554,2326,2800,1684,3121,800,-262,1821,1421
2530,-1702,-860,-570,2310,2797,1695,3133,799,-268,1837,1426
2531,-1713,-851,-581,2304,2800,1709,3143,799,-263,1850,1432
2558,-1705,-887,-549,2344,2809,1734,3165,808,-240,1874,1450
2586,-1692,-927,-510,2386,2816,1758,3187,818,-220,1895,1466
2602,-1680,-954,-481,2410,2816,1781,3197,824,-208,1908,1479
2631,-1647,-1013,-417,2462,2811,1824,3214,843,-171,1934,1516
2687,-1588,-1123,-301,2567,2809,1888,3245,882,-106,1983,1581
2738,-1545,-1210,-212,2652,2816,1944,3269,909,-65,2031,1636
2750,-1546,-1211,-209,2652,2827,1971,3267,910,-71,2054,1662
2720,-1581,-1137,-281,2574,2833,1971,3243,888,-112,2050,1657
2669,-1620,-1037,-372,2465,2829,1966,3213,859,-153,2035,1642
2648,-1623,-1003,-396,2419,2822,1976,3203,844,-163,2035,1642
2648,-1607,-1009,-380,2416,2816,1994,3208,840,-159,2048,1651
2644,-1593,-1009,-370,2405,2809,2003,3207,830,-163,2059,1656
2615,-1597,-968,-399,2350,2797,1995,3189,806,-190,2056,1651
2570,-1613,-898,-457,2268,2784,1976,3157,772,-233,2043,1641
2530,-1632,-832,-513,2191,2775,1962,3126,744,-267,2031,1629
2515,-1628,-815,-523,2165,2768,1971,3112,740,-264,2035,1635
2531,-1596,-857,-475,2199,2764,1998,3115,755,-238,2055,1660
2536,-1575,-878,-449,2213,2758,2015,3106,764,-227,2062,1681
2548,-1551,-911,-413,2241,2754,2032,3098,773,-218,2065,1705
2553,-1536,-929,-394,2256,2753,2037,3082,775,-224,2061,1721
2531,-1544,-899,-422,2222,2747,2024,3043,756,-254,2040,1715
2505,-1555,-864,-456,2183,2740,2009,2999,732,-287,2019,1703
2490,-1566,-840,-483,2161,2740,1999,2963,714,-316,2009,1694
2467,-1603,-784,-549,2112,2751,1977,2927,688,-362,1996,1675
2416,-1674,-668,-677,2007,2766,1936,2885,649,-428,1962,1637
2366,-1732,-566,-786,1912,2770,1903,2853,621,-479,1923,1611
2349,-1742,-547,-807,1896,2766,1898,2852,622,-485,1908,1615
2371,-1711,-609,-747,1961,2757,1923,2882,655,-443,1922,1647
2413,-1666,-705,-654,2063,2753,1964,2930,709,-379,1963,1694
2421,-1650,-740,-621,2101,2743,1989,2962,751,-341,1993,1727
2411,-1650,-740,-621,2103,2731,2002,2980,785,-320,2013,1752
2412,-1643,-757,-605,2125,2721,2023,3002,824,-291,2037,1788
2439,-1618,-818,-547,2192,2715,2060,3038,873,-249,2076,1839
2483,-1577,-913,-454,2292,2708,2100,3080,928,-202,2124,1895
2522,-1534,-1003,-364,2386,2697,2130,3119,980,-167,2164,1939
2535,-1519,-1039,-327,2424,2686,2139,3141,1016,-163,2190,1961
2510,-1535,-1006,-356,2390,2670,2129,3139,1029,-191,2194,1962
2490,-1540,-988,-367,2368,2649,2124,3140,1040,-221,2204,1969
2458,-1548,-953,-392,2325,2623,2111,3131,1043,-255,2209,1975
2426,-1550,-924,-409,2285,2594,2101,3123,1047,-280,2208,1982
2424,-1532,-944,-378,2295,2571,2108,3132,1063,-280,2215,1999
2429,-1510,-971,-341,2314,2552,2123,3145,1081,-273,2219,2017
2426,-1495,-984,-318,2317,2534,2139,3148,1094,-264,2219,2031
2435,-1459,-1028,-261,2347,2512,2167,3153,1112,-238,2228,2054
2471,-1400,-1121,-157,2427,2494,2212,3172,1145,-189,2265,2094
2499,-1361,-1184,-86,2480,2486,2244,3183,1165,-159,2304,2122
2484,-1370,-1154,-111,2441,2482,2243,3165,1154,-183,2317,2116
2431,-1421,-1044,-217,2324,2485,2211,3122,1115,-250,2299,2076
2367,-1492,-900,-361,2176,2494,2169,3068,1064,-329,2260,2018
2339,-1541,-814,-452,2092,2515,2146,3034,1032,-376,2233,1975
2338,-1578,-767,-510,2051,2547,2129,3015,1013,-404,2222,1942
2336,-1619,-714,-575,2007,2584,2104,2993,992,-434,2215,1902
2315,-1673,-629,-672,1929,2617,2063,2959,962,-477,2200,1850
2276,-1732,-520,-789,1824,2644,2013,2916,927,-528,2174,1788
2244,-1777,-432,-884,1739,2667,1967,2876,893,-569,2150,1734
2243,-1790,-408,-916,1718,2691,1944,2853,877,-579,2143,1708
2283,-1774,-455,-882,1772,2723,1946,2851,884,-562,2159,1712
2315,-1767,-485,-866,1810,2755,1943,2840,885,-556,2165,1711
2347,-1754,-522,-841,1855,2783,1941,2828,888,-549,2168,1710
2369,-1747,-544,-831,1885,2808,1933,2810,883,-550,2162,1700
2365,-1765,-517,-869,1865,2830,1916,2776,864,-570,2139,1673
2355,-1786,-483,-914,1838,2849,1903,2747,842,-591,2114,1650
2357,-1799,-470,-938,1834,2868,1893,2725,821,-612,2096,1640
2352,-1826,-438,-984,1814,2891,1873,2700,790,-649,2079,1626
2326,-1878,-362,-1075,1752,2913,1840,2662,741,-708,2053,1597
2309,-1916,-312,-1137,1714,2930,1817,2633,700,-754,2026,1572
2337,-1910,-353,-1107,1766,2945,1822,2631,686,-760,2016,1570
2402,-1858,-479,-989,1902,2952,1849,2657,697,-727,2032,1592
2487,-1787,-645,-830,2078,2957,1887,2702,724,-678,2068,1626
2536,-1743,-749,-729,2188,2953,1907,2728,741,-656,2091,1645
2558,-1721,-806,-672,2250,2946,1917,2741,748,-652,2100,1654
2582,-1704,-861,-618,2311,2940,1931,2754,753,-646,2110,1667
2618,-1681,-934,-547,2391,2936,1950,2772,762,-631,2125,1688
2668,-1649,-1029,-454,2496,2935,1972,2796,776,-611,2147,1712
2706,-1626,-1105,-378,2579,2930,1986,2814,785,-603,2166,1730
2709,-1635,-1113,-369,2592,2923,1977,2812,774,-625,2171,1731
2671,-1682,-1042,-436,2524,2913,1945,2782,740,-680,2156,1712
2637,-1727,-976,-499,2462,2905,1917,2754,705,-737,2141,1696
2595,-1785,-887,-585,2378,2901,1888,2719,665,-803,2118,1673
2551,-1841,-797,-672,2289,2894,1862,2686,623,-867,2087,1644
2528,-1872,-752,-712,2245,2886,1849,2668,593,-913,2065,1618
2506,-1887,-721,-732,2209,2870,1835,2655,565,-950,2042,1592
2474,-1896,-684,-755,2161,2846,1819,2638,539,-978,2017,1564
2454,-1876,-684,-734,2144,2811,1819,2631,527,-976,2000,1550
2465,-1822,-749,-650,2192,2779,1844,2644,536,-942,2000,1554
2481,-1780,-803,-583,2232,2759,1862,2658,544,-921,2005,1558
2460,-1780,-775,-600,2194,2747,1849,2646,529,-939,1993,1543
2405,-1816,-675,-692,2085,2739,1811,2612,493,-985,1966,1509
2337,-1868,-544,-817,1946,2735,1767,2572,451,-1036,1935,1473
2301,-1893,-471,-887,1866,2737,1743,2552,426,-1056,1926,1458
2290,-1893,-446,-910,1834,2741,1731,2550,416,-1058,1935,1458
2280,-1898,-416,-941,1801,2751,1714,2545,406,-1071,1937,1451
2258,-1917,-361,-1000,1743,2764,1689,2530,387,-1095,1920,1435
2225,-1947,-284,-1080,1663,2777,1658,2503,358,-1129,1884,1413
2196,-1964,-223,-1143,1597,2786,1629,2474,327,-1159,1849,1393
2192,-1947,-223,-1143,1589,2790,1614,2455,310,-1161,1839,1390
2228,-1897,-296,-1073,1656,2798,1616,2449,308,-1137,1858,1408
2253,-1851,-356,-1015,1709,2801,1611,2432,304,-1123,1875,1420
2278,-1800,-422,-949,1766,2801,1607,2417,304,-1105,1896,1434
2294,-1759,-472,-900,1808,2800,1600,2403,305,-1089,1918,1446
2289,-1743,-475,-899,1806,2800,1580,2377,297,-1092,1923,1444
2283,-1737,-472,-907,1800,2804,1562,2354,290,-1096,1919,1436
2293,-1733,-483,-905,1815,2817,1548,2342,291,-1097,1917,1426
2303,-1752,-475,-930,1818,2842,1526,2330,287,-1114,1908,1405
2290,-1796,-420,-1002,1776,2867,1488,2310,272,-1146,1888,1373
2281,-1825,-388,-1046,1752,2881,1462,2299,269,-1156,1874,1359
2309,-1807,-440,-1000,1811,2885,1469,2317,296,-1118,1889,1377
2375,-1744,-579,-864,1953,2881,1505,2365,355,-1038,1935,1425
2462,-1663,-757,-689,2136,2878,1551,2427,429,-949,1992,1481
2519,-1610,-878,-568,2260,2869,1576,2470,485,-894,2029,1518
2547,-1579,-950,-493,2334,2854,1586,2496,525,-867,2052,1541
2572,-1550,-1016,-423,2402,2837,1598,2523,561,-838,2078,1567
2613,-1520,-1099,-338,2492,2829,1623,2559,603,-796,2112,1598
2670,-1496,-1192,-250,2599,2834,1660,2599,648,-752,2150,1631
2721,-1489,-1262,-189,2687,2847,1695,2638,692,-715,2189,1667
2739,-1519,-1261,-198,2704,2861,1709,2659,720,-708,2213,1694
2709,-1584,-1175,-288,2633,2868,1696,2649,720,-734,2212,1699
2683,-1647,-1094,-373,2567,2876,1683,2638,718,-761,2211,1700
2639,-1710,-994,-471,2475,2874,1662,2617,706,-801,2204,1693
2588,-1759,-899,-557,2381,2860,1639,2596,692,-841,2197,1690
2559,-1780,-851,-595,2333,2844,1630,2585,687,-861,2205,1699
2535,-1793,-814,-621,2293,2827,1623,2573,679,-882,2214,1705
2494,-1800,-763,-653,2232,2798,1613,2549,661,-912,2211,1702
2458,-1777,-745,-645,2194,2753,1615,2525,651,-927,2203,1706
2454,-1721,-790,-575,2219,2712,1642,2520,666,-911,2212,1729
2459,-1677,-829,-520,2244,2686,1671,2522,683,-900,2222,1748
2433,-1675,-793,-543,2197,2671,1676,2509,680,-924,2207,1740
2369,-1710,-681,-644,2075,2658,1653,2477,652,-982,2169,1708
2284,-1758,-535,-777,1913,2641,1615,2434,613,-1051,2120,1671
2226,-1776,-445,-854,1807,2623,1595,2413,594,-1086,2092,1651
2194,-1772,-403,-885,1749,2610,1590,2412,594,-1095,2083,1644
2161,-1769,-360,-918,1690,2598,1584,2416,601,-1101,2078,1637
2114,-1777,-292,-976,1605,2586,1572,2413,603,-1117,2065,1621
2059,-1790,-213,-1044,1506,2570,1558,2407,606,-1138,2042,1603
2013,-1790,-157,-1088,1429,2552,1550,2405,613,-1151,2022,1592
1991,-1759,-158,-1073,1408,2529,1559,2415,634,-1141,2017,1596
2004,-1695,-229,-990,1458,2508,1589,2444,676,-1103,2038,1625
2003,-1642,-277,-928,1484,2484,1612,2463,709,-1077,2052,1649
2005,-1590,-329,-865,1516,2460,1633,2483,741,-1053,2067,1674
2003,-1551,-366,-819,1537,2442,1647,2501,767,-1038,2083,1694
1975,-1542,-350,-827,1507,2425,1646,2502,773,-1047,2082,1694
1945,-1546,-321,-852,1468,2412,1642,2499,773,-1061,2077,1685
1928,-1554,-303,-871,1446,2409,1641,2500,774,-1072,2073,1672
1903,-1583,-258,-922,1402,2414,1629,2497,761,-1103,2063,1648
1855,-1645,-159,-1030,1309,2422,1597,2478,727,-1164,2037,1605
1815,-1700,-75,-1122,1232,2430,1577,2460,698,-1211,2017,1573
1815,-1709,-79,-1125,1242,2433,1590,2465,693,-1211,2024,1571
1850,-1669,-166,-1039,1330,2424,1627,2496,709,-1174,2053,1591
1901,-1602,-296,-904,1459,2407,1676,2538,735,-1124,2096,1620
1922,-1556,-375,-820,1534,2383,1707,2558,749,-1102,2121,1636
1918,-1528,-409,-776,1563,2352,1725,2560,752,-1096,2127,1641
1916,-1501,-442,-734,1591,2323,1744,2562,754,-1086,2127,1647
1932,-1461,-506,-663,1651,2296,1776,2574,764,-1059,2132,1662
1967,-1407,-600,-562,1743,2272,1814,2595,779,-1022,2144,1682
1997,-1352,-689,-465,1827,2244,1847,2614,791,-994,2158,1701
2004,-1318,-735,-410,1867,2214,1862,2623,790,-995,2165,1709
1983,-1317,-715,-422,1843,2187,1854,2612,769,-1026,2149,1697
1979,-1315,-713,-420,1841,2171,1853,2610,758,-1047,2138,1689
1969,-1323,-695,-436,1823,2159,1852,2606,746,-1066,2122,1673
1956,-1331,-671,-456,1798,2146,1851,2601,733,-1080,2102,1654
1965,-1317,-690,-432,1816,2133,1856,2604,728,-1079,2096,1649
1977,-1294,-721,-393,1842,2118,1853,2599,719,-1085,2092,1643
1976,-1266,-742,-359,1852,2092,1839,2578,701,-1104,2079,1631
1982,-1216,-791,-291,1884,2058,1835,2560,694,-1110,2065,1627
2024,-1136,-906,-160,1984,2030,1857,2564,710,-1086,2069,1633
2081,-1068,-1021,-36,2092,2021,1882,2573,727,-1061,2077,1626
2111,-1045,-1065,11,2135,2026,1887,2566,725,-1068,2066,1595
2108,-1062,-1036,-18,2107,2038,1867,2538,696,-1112,2033,1551
2077,-1089,-968,-81,2033,2039,1834,2497,656,-1175,1988,1506
2066,-1085,-953,-86,2009,2035,1820,2478,634,-1203,1968,1482
2072,-1059,-977,-52,2021,2028,1820,2478,627,-1205,1972,1472
2069,-1038,-988,-28,2019,2019,1812,2478,618,-1212,1981,1464
2047,-1035,-965,-40,1983,2012,1790,2471,602,-1231,1982,1451
2008,-1051,-907,-87,1913,2007,1751,2451,579,-1260,1965,1432
1976,-1070,-855,-132,1852,2009,1714,2432,559,-1284,1943,1411
1965,-1070,-842,-138,1831,2012,1700,2429,557,-1282,1933,1402
1986,-1044,-890,-87,1874,2021,1715,2453,580,-1247,1946,1411
1993,-1033,-908,-65,1889,2030,1727,2472,600,-1220,1954,1418
2003,-1031,-921,-53,1903,2048,1742,2491,621,-1193,1964,1428
2007,-1041,-920,-59,1905,2069,1754,2509,641,-1171,1974,1441
1981,-1076,-862,-120,1851,2086,1748,2510,646,-1172,1971,1441
1948,-1118,-793,-193,1785,2102,1734,2503,642,-1184,1962,1436
1928,-1153,-742,-249,1741,2120,1720,2501,638,-1197,1957,1430
1902,-1207,-668,-334,1679,2145,1687,2491,623,-1236,1949,1406
1846,-1291,-534,-480,1557,2169,1628,2464,587,-1306,1919,1355
1785,-1361,-409,-611,1439,2177,1572,2433,552,-1369,1880,1307
1758,-1381,-369,-652,1401,2174,1544,2421,539,-1392,1853,1284
1766,-1348,-416,-601,1444,2155,1541,2428,545,-1387,1846,1284
1795,-1287,-513,-498,1535,2130,1550,2443,561,-1373,1856,1301
1801,-1243,-569,-433,1584,2099,1543,2442,561,-1385,1860,1306
1787,-1218,-584,-409,1592,2065,1526,2425,551,-1408,1855,1302
1784,-1193,-610,-379,1614,2037,1518,2415,544,-1417,1853,1306
1799,-1161,-661,-327,1664,2014,1521,2411,545,-1406,1859,1315
1836,-1125,-736,-256,1744,2000,1530,2416,551,-1392,1874,1327
1873,-1099,-800,-199,1817,1993,1533,2418,553,-1388,1882,1333
1887,-1102,-811,-195,1838,1988,1516,2405,540,-1407,1874,1328
1856,-1138,-744,-266,1776,1974,1477,2370,506,-1453,1848,1303
1826,-1168,-683,-328,1717,1957,1441,2341,478,-1488,1829,1276
1786,-1203,-607,-403,1641,1937,1404,2307,446,-1526,1808,1246
1745,-1234,-533,-473,1564,1914,1375,2270,415,-1560,1785,1219
1730,-1238,-510,-491,1538,1892,1364,2250,399,-1576,1779,1208
1722,-1233,-504,-491,1527,1870,1358,2236,390,-1585,1778,1201
1707,-1227,-491,-495,1503,1844,1350,2218,381,-1597,1774,1191
1703,-1201,-507,-465,1507,1815,1359,2210,385,-1584,1774,1196
1736,-1148,-587,-374,1578,1796,1399,2224,416,-1533,1796,1227
1783,-1107,-667,-292,1656,1796,1442,2244,450,-1484,1827,1256
1801,-1110,-675,-287,1666,1808,1462,2241,463,-1471,1840,1258
1778,-1148,-606,-355,1597,1820,1453,2214,452,-1488,1829,1239
1729,-1197,-501,-456,1488,1826,1427,2173,431,-1513,1803,1208
1702,-1217,-448,-502,1427,1828,1416,2153,425,-1506,1791,1192
1699,-1215,-440,-504,1412,1834,1419,2151,434,-1477,1789,1190
1689,-1219,-422,-516,1386,1842,1418,2148,442,-1456,1783,1188
1660,-1244,-365,-568,1323,1853,1405,2132,438,-1461,1768,1177
1607,-1283,-270,-655,1220,1860,1381,2102,424,-1483,1744,1153
1555,-1322,-178,-740,1119,1869,1357,2073,411,-1499,1722,1130
1527,-1340,-132,-781,1066,1880,1351,2060,415,-1487,1715,1124
1544,-1330,-160,-754,1094,1904,1369,2072,441,-1447,1732,1142
1553,-1330,-171,-746,1106,1929,1380,2075,461,-1419,1743,1154
1564,-1327,-188,-732,1124,1953,1393,2078,482,-1392,1758,1165
1575,-1330,-199,-726,1139,1980,1402,2080,502,-1374,1775,1173
1560,-1359,-159,-772,1104,2007,1396,2063,505,-1385,1772,1164
1539,-1399,-102,-837,1055,2034,1383,2037,498,-1412,1755,1145
1528,-1436,-59,-892,1023,2065,1370,2015,491,-1435,1744,1123
1512,-1489,4,-971,975,2102,1346,1993,481,-1463,1733,1087
1471,-1567,117,-1101,877,2134,1296,1960,452,-1513,1709,1033
1427,-1629,215,-1210,788,2153,1248,1928,430,-1546,1688,989
1418,-1642,230,-1231,778,2158,1228,1922,436,-1532,1692,981
1454,-1602,147,-1153,863,2156,1240,1945,472,-1471,1727,1010
1517,-1529,3,-1012,1007,2147,1272,1991,533,-1388,1782,1059
1560,-1469,-108,-903,1115,2129,1290,2030,589,-1325,1828,1100
1583,-1424,-183,-826,1186,2106,1299,2057,636,-1278,1863,1134
1617,-1373,-275,-735,1275,2084,1317,2088,685,-1227,1900,1169
1676,-1311,-404,-611,1405,2069,1350,2128,743,-1166,1946,1210
1751,-1242,-555,-467,1560,2057,1387,2174,802,-1108,1998,1254
1821,-1176,-697,-332,1705,2044,1417,2215,856,-1062,2043,1295
1867,-1138,-787,-248,1800,2031,1428,2241,894,-1041,2073,1324
1864,-1139,-788,-249,1801,2011,1417,2241,905,-1053,2078,1332
1861,-1144,-787,-253,1801,1994,1410,2242,913,-1060,2091,1342
1848,-1162,-761,-282,1776,1978,1399,2235,912,-1070,2099,1346
1830,-1185,-724,-321,1741,1964,1387,2224,909,-1082,2097,1348
1831,-1189,-725,-321,1742,1951,1385,2225,916,-1080,2099,1359
1832,-1188,-728,-316,1745,1936,1381,2226,924,-1072,2099,1368
1819,-1191,-712,-326,1723,1916,1372,2218,925,-1063,2088,1368
1813,-1180,-716,-313,1720,1895,1374,2211,930,-1043,2078,1378
1840,-1140,-781,-241,1779,1879,1402,2222,954,-997,2085,1402
1876,-1111,-841,-179,1838,1879,1427,2238,974,-964,2090,1411
1877,-1127,-820,-203,1819,1890,1420,2227,967,-977,2060,1387
1839,-1185,-716,-309,1719,1906,1380,2189,933,-1033,1997,1336
1777,-1261,-568,-456,1573,1919,1319,2134,881,-1113,1919,1271
1738,-1307,-472,-551,1476,1931,1270,2092,835,-1173,1858,1222
1718,-1324,-423,-594,1423,1939,1231,2062,797,-1215,1817,1187
1693,-1330,-379,-628,1370,1938,1191,2032,757,-1260,1786,1154
1650,-1339,-313,-678,1290,1929,1141,1993,711,-1312,1757,1119
1587,-1349,-227,-742,1185,1910,1090,1948,663,-1366,1725,1085
1533,-1347,-163,-784,1100,1888,1052,1913,624,-1403,1698,1057
1507,-1320,-152,-774,1071,1869,1038,1896,608,-1404,1681,1046
1532,-1262,-224,-688,1130,1865,1056,1908,624,-1362,1689,1060
1552,-1217,-280,-621,1177,1863,1075,1917,640,-1324,1693,1068
1579,-1169,-348,-544,1238,1865,1099,1929,656,-1285,1701,1079
1613,-1127,-418,-469,1305,1873,1120,1941,671,-1253,1714,1091
1624,-1116,-437,-449,1325,1886,1128,1935,670,-1246,1717,1091
1629,-1118,-439,-448,1329,1902,1134,1928,665,-1246,1719,1091
1637,-1120,-448,-443,1341,1918,1148,1932,667,-1235,1734,1100
1635,-1138,-431,-466,1330,1935,1157,1942,667,-1230,1754,1107
1602,-1186,-355,-548,1260,1950,1146,1941,652,-1253,1761,1094
1564,-1226,-285,-620,1190,1953,1138,1937,640,-1273,1758,1081
1561,-1224,-292,-614,1196,1950,1155,1955,653,-1258,1770,1089
1599,-1185,-379,-530,1284,1947,1200,1999,691,-1209,1801,1120
1667,-1131,-510,-408,1421,1952,1262,2057,744,-1146,1843,1159
1706,-1100,-590,-335,1505,1952,1307,2096,781,-1112,1866,1178
1709,-1085,-618,-308,1530,1936,1331,2111,799,-1102,1870,1177
1700,-1056,-648,-271,1549,1902,1351,2119,812,-1091,1869,1175
1703,-1011,-704,-207,1592,1863,1376,2130,828,-1074,1873,1180
1729,-957,-792,-116,1671,1833,1404,2149,848,-1048,1883,1196
1758,-911,-874,-34,1748,1807,1428,2168,871,-1023,1894,1212
1773,-890,-915,4,1789,1790,1438,2176,885,-1017,1900,1218
1755,-911,-882,-36,1757,1777,1429,2163,878,-1043,1882,1202
1751,-928,-865,-64,1745,1771,1428,2157,879,-1058,1870,1185
1749,-951,-843,-97,1731,1770,1428,2152,880,-1074,1858,1167
1748,-973,-823,-129,1717,1770,1431,2144,879,-1089,1843,1153
1776,-971,-853,-110,1757,1774,1449,2154,892,-1080,1844,1161
1814,-959,-903,-73,1815,1779,1470,2175,914,-1058,1859,1185
1840,-944,-943,-38,1858,1775,1484,2192,938,-1032,1879,1216
1866,-903,-1008,31,1917,1756,1509,2211,972,-993,1903,1262
1916,-824,-1133,166,2032,1730,1558,2249,1029,-929,1944,1328
1970,-750,-1258,299,2150,1712,1602,2292,1083,-874,1983,1385
1989,-717,-1304,352,2191,1700,1617,2313,1106,-861,1997,1410
1968,-729,-1265,319,2148,1696,1604,2310,1101,-888,1982,1404
1924,-767,-1177,237,2057,1694,1583,2292,1082,-932,1951,1377
1898,-788,-1124,189,2001,1697,1577,2286,1072,-954,1933,1357
1891,-796,-1103,173,1979,1705,1581,2294,1074,-957,1929,1351
1871,-815,-1060,135,1934,1714,1574,2293,1068,-970,1919,1331
1830,-854,-975,57,1848,1724,1551,2275,1043,-1006,1892,1290
1763,-908,-850,-58,1718,1728,1514,2237,1001,-1065,1842,1237
1692,-964,-721,-177,1582,1732,1471,2194,953,-1127,1785,1188
1633,-1008,-614,-273,1470,1737,1435,2154,910,-1173,1738,1157
1609,-1031,-565,-316,1421,1752,1415,2131,883,-1189,1719,1145
1574,-1063,-496,-380,1350,1766,1382,2095,846,-1219,1696,1122
1541,-1091,-432,-438,1287,1779,1345,2053,808,-1251,1671,1095
1510,-1117,-372,-493,1226,1791,1309,2011,771,-1281,1644,1060
1458,-1163,-272,-588,1125,1801,1259,1948,720,-1328,1596,1002
1403,-1213,-163,-693,1018,1811,1206,1880,667,-1378,1538,941
1358,-1257,-72,-783,928,1821,1155,1822,621,-1424,1488,889
1306,-1312,38,-892,824,1833,1093,1767,571,-1484,1447,834
1232,-1394,196,-1053,671,1845,1012,1703,508,-1565,1402,768
1160,-1468,342,-1201,530,1850,942,1646,458,-1625,1362,710
1131,-1495,399,-1258,477,1851,912,1624,448,-1630,1353,682
1150,-1472,356,-1215,522,1847,919,1641,478,-1582,1375,687
1197,-1419,254,-1115,625,1841,950,1680,531,-1512,1415,714
1227,-1379,181,-1041,699,1829,977,1710,578,-1462,1445,739
1228,-1354,150,-1006,724,1805,997,1727,614,-1433,1463,756
1230,-1323,113,-961,755,1776,1026,1746,654,-1399,1486,780
1250,-1284,48,-894,817,1752,1069,1772,707,-1356,1525,816
1292,-1240,-46,-803,911,1738,1125,1805,766,-1303,1583,863
1331,-1200,-135,-717,1001,1723,1184,1839,825,-1247,1650,914
1346,-1182,-178,-676,1044,1706,1222,1860,868,-1217,1704,946
1315,-1197,-142,-709,1003,1680,1228,1854,882,-1229,1718,944
1285,-1199,-123,-721,974,1646,1234,1851,891,-1244,1720,931
1245,-1195,-99,-732,934,1601,1238,1844,896,-1266,1710,914
1196,-1183,-75,-738,889,1547,1244,1838,902,-1280,1698,901
1176,-1147,-101,-694,894,1496,1266,1851,919,-1267,1699,905
1172,-1112,-143,-640,920,1459,1292,1870,940,-1244,1700,916
1167,-1091,-170,-605,935,1432,1312,1883,958,-1226,1690,923
1175,-1061,-214,-553,968,1409,1340,1901,988,-1190,1682,939
1218,-1004,-321,-442,1067,1394,1391,1940,1043,-1118,1697,981
1277,-952,-435,-330,1179,1395,1437,1984,1099,-1047,1723,1025
1311,-939,-483,-289,1229,1407,1458,2007,1130,-1012,1738,1044
1305,-967,-448,-330,1197,1423,1446,2003,1132,-1016,1732,1036
1273,-1010,-368,-413,1117,1433,1415,1983,1117,-1036,1714,1020
1260,-1028,-332,-450,1077,1442,1397,1974,1113,-1031,1710,1020
1273,-1021,-344,-439,1087,1453,1394,1982,1122,-1004,1725,1032
1284,-1018,-346,-439,1088,1468,1387,1991,1128,-984,1742,1041
1278,-1032,-313,-473,1055,1486,1366,1988,1121,-982,1748,1035
1256,-1057,-252,-535,992,1501,1333,1972,1100,-992,1736,1018
1234,-1072,-199,-585,935,1513,1299,1951,1078,-997,1714,1000
1226,-1058,-187,-589,915,1514,1279,1938,1065,-980,1699,992
1254,-1003,-252,-516,971,1514,1284,1947,1074,-929,1708,1004
1275,-954,-302,-457,1012,1513,1289,1952,1078,-891,1721,1013
1301,-909,-354,-398,1059,1518,1296,1958,1083,-852,1743,1025
1331,-873,-401,-350,1106,1531,1303,1964,1086,-817,1769,1037
1338,-867,-397,-354,1105,1547,1296,1953,1071,-810,1775,1030
1341,-871,-379,-373,1093,1565,1285,1939,1048,-815,1769,1012
1354,-873,-377,-381,1100,1588,1277,1931,1024,-820,1766,996
1365,-886,-363,-403,1099,1615,1257,1921,991,-841,1757,974
1354,-923,-305,-469,1054,1640,1218,1900,944,-885,1729,936
1344,-951,-261,-518,1022,1657,1190,1882,905,-918,1696,905
1374,-939,-300,-484,1072,1672,1193,1888,895,-908,1693,907
1444,-889,-423,-367,1206,1686,1228,1920,914,-857,1723,941
1535,-822,-586,-211,1381,1698,1274,1966,948,-790,1775,990
1596,-777,-699,-102,1505,1704,1297,1990,968,-752,1811,1022
1619,-760,-751,-51,1562,1700,1298,1990,968,-744,1824,1032
1632,-747,-790,-11,1604,1689,1296,1982,964,-741,1830,1035
1656,-731,-844,41,1662,1682,1302,1980,965,-728,1839,1041
1698,-713,-920,108,1748,1684,1317,1988,973,-708,1857,1058
1737,-699,-989,170,1826,1685,1331,1999,982,-692,1879,1082
1756,-704,-1022,195,1866,1685,1333,2003,985,-690,1899,1098
1734,-740,-981,149,1829,1676,1311,1981,968,-714,1894,1086
1723,-765,-963,127,1815,1668,1294,1964,956,-726,1887,1072
1709,-784,-947,110,1799,1655,1279,1948,947,-739,1877,1054
1685,-796,-928,95,1773,1631,1270,1934,941,-743,1865,1035
1681,-781,-954,128,1790,1602,1282,1942,953,-719,1869,1031
1682,-755,-994,176,1818,1571,1301,1961,971,-688,1874,1029
1676,-738,-1018,207,1830,1543,1313,1975,988,-659,1870,1019
1676,-709,-1056,255,1855,1513,1327,1986,1009,-619,1863,1014
1701,-652,-1147,354,1930,1484,1356,2008,1044,-559,1867,1030
1731,-600,-1234,448,2006,1463,1379,2029,1072,-515,1875,1046
1726,-589,-1243,460,2005,1450,1373,2026,1072,-517,1864,1039
1680,-619,-1167,388,1919,1438,1330,1991,1042,-562,1827,1009
1605,-665,-1044,272,1784,1421,1268,1934,995,-627,1772,964
1549,-685,-964,202,1689,1403,1222,1893,957,-672,1725,929
1520,-681,-933,181,1644,1387,1194,1871,934,-691,1696,906
1488,-683,-891,148,1590,1376,1160,1844,908,-712,1668,875
1441,-709,-811,73,1501,1373,1113,1806,874,-744,1632,830
1371,-759,-681,-51,1363,1372,1053,1755,832,-788,1587,776
1308,-822,-543,-189,1224,1385,997,1705,793,-830,1539,728
1268,-878,-434,-304,1120,1410,954,1663,764,-855,1496,693
1270,-912,-388,-360,1088,1448,932,1644,755,-848,1477,682
1258,-959,-315,-445,1028,1487,901,1617,739,-853,1456,662
1241,-1007,-234,-534,959,1521,873,1588,720,-865,1439,638
1221,-1048,-159,-615,894,1548,847,1560,699,-878,1429,616
1180,-1099,-51,-724,792,1567,812,1517,665,-907,1406,584
1137,-1145,52,-826,693,1579,778,1478,634,-931,1386,556
1115,-1177,119,-893,633,1594,755,1455,615,-937,1381,540
1101,-1213,181,-959,583,1615,735,1441,601,-944,1385,522
1068,-1267,280,-1062,496,1633,700,1424,576,-973,1377,487
1034,-1309,364,-1147,419,1640,676,1410,559,-990,1368,460
1042,-1302,357,-1136,431,1640,688,1425,569,-959,1385,465
1092,-1246,255,-1031,535,1634,735,1469,608,-882,1429,501
1167,-1167,102,-874,692,1627,799,1532,664,-786,1489,550
1225,-1110,-14,-756,812,1621,850,1582,711,-714,1537,584
1258,-1084,-76,-695,880,1618,876,1608,741,-669,1556,599
1296,-1064,-141,-634,955,1621,901,1629,775,-622,1572,618
1345,-1038,-224,-557,1049,1625,932,1656,816,-563,1597,649
1409,-1004,-334,-456,1170,1633,965,1689,865,-497,1635,687
1469,-975,-438,-362,1286,1641,987,1720,910,-440,1670,717
1511,-967,-504,-307,1363,1650,992,1740,941,-406,1698,730
1505,-999,-484,-335,1352,1654,971,1731,945,-405,1707,721
1498,-1027,-470,-356,1343,1654,951,1723,946,-397,1723,718
1483,-1059,-443,-388,1319,1652,928,1712,944,-393,1740,716
1458,-1090,-408,-427,1283,1644,906,1701,941,-389,1753,710
1456,-1099,-417,-420,1290,1636,897,1705,950,-371,1777,709
1459,-1094,-444,-393,1311,1624,893,1715,964,-347,1802,708
1452,-1086,-461,-372,1319,1605,890,1720,976,-326,1816,708
1453,-1058,-505,-321,1347,1579,902,1726,997,-290,1827,726
1490,-996,-615,-203,1444,1558,943,1749,1039,-225,1852,769
1543,-934,-738,-80,1558,1549,985,1781,1081,-165,1885,811
1568,-907,-795,-24,1609,1547,998,1793,1101,-145,1899,825
1551,-916,-770,-48,1575,1544,982,1777,1092,-167,1889,808
1508,-945,-695,-120,1491,1540,950,1746,1067,-210,1862,778
1482,-957,-651,-162,1439,1539,928,1729,1051,-231,1847,764
1490,-951,-656,-159,1440,1549,923,1732,1051,-224,1851,763
1501,-949,-658,-163,1442,1567,918,1737,1049,-221,1856,757
1501,-959,-635,-191,1420,1587,907,1729,1037,-235,1851,736
1479,-980,-577,-250,1360,1602,887,1702,1016,-263,1826,705
1457,-996,-522,-305,1304,1615,870,1675,994,-290,1795,672
1449,-987,-504,-319,1281,1622,868,1657,984,-296,1767,651
1477,-939,-561,-257,1333,1626,893,1665,997,-269,1764,657
1487,-889,-602,-204,1364,1618,916,1668,1010,-247,1759,663
1494,-836,-640,-152,1392,1606,940,1673,1024,-222,1755,666
1505,-788,-681,-100,1425,1599,964,1677,1038,-196,1758,671
1494,-764,-676,-95,1414,1592,975,1661,1038,-194,1749,664
1473,-747,-654,-105,1387,1582,980,1640,1031,-200,1737,654
1469,-729,-651,-101,1384,1580,986,1629,1026,-203,1731,643
1472,-733,-637,-118,1379,1596,981,1622,1016,-216,1724,619
1453,-775,-564,-198,1322,1618,948,1598,987,-256,1703,574
1424,-818,-484,-282,1254,1632,911,1566,954,-294,1671,529
1428,-823,-477,-291,1258,1639,900,1554,943,-297,1652,507
1468,-780,-558,-207,1345,1635,920,1564,957,-263,1652,508
1530,-709,-691,-68,1483,1623,957,1590,986,-212,1668,524
1574,-658,-788,34,1584,1610,979,1600,1009,-178,1681,529
1587,-641,-824,74,1624,1596,985,1589,1016,-166,1680,522
1599,-632,-852,104,1658,1584,993,1578,1027,-148,1682,522
1619,-622,-891,143,1704,1575,1006,1575,1046,-123,1691,529
1651,-613,-943,191,1767,1573,1022,1584,1068,-92,1708,540
1680,-613,-983,226,1819,1573,1039,1599,1089,-65,1727,552
1694,-634,-988,222,1836,1577,1049,1609,1100,-52,1740,558
1667,-693,-916,143,1774,1579,1035,1596,1085,-73,1722,542
1645,-742,-858,80,1722,1576,1022,1585,1070,-90,1700,527
1614,-784,-797,20,1662,1563,1007,1575,1053,-107,1671,506
1576,-824,-733,-43,1593,1545,991,1565,1036,-121,1638,483
1563,-842,-715,-60,1571,1531,990,1573,1032,-113,1625,477
1558,-848,-715,-58,1564,1515,995,1587,1035,-101,1625,482
1544,-856,-703,-66,1543,1498,994,1594,1033,-99,1620,489
1539,-852,-711,-54,1539,1480,1001,1600,1035,-83,1617,506
1566,-814,-785,23,1599,1463,1034,1620,1058,-33,1636,548
1608,-775,-871,108,1676,1458,1064,1640,1083,16,1665,592
1623,-775,-891,122,1690,1465,1065,1636,1083,27,1673,607
1603,-822,-826,47,1624,1482,1037,1605,1053,1,1652,589
1561,-895,-712,-80,1511,1506,996,1556,1009,-38,1607,550
1538,-948,-637,-168,1435,1531,968,1518,981,-51,1570,527
1544,-973,-617,-200,1417,1560,956,1501,972,-40,1556,524
1555,-995,-604,-228,1406,1592,942,1487,964,-35,1551,520
1551,-1025,-568,-277,1372,1623,912,1464,948,-49,1543,500
1523,-1058,-504,-346,1304,1641,871,1427,921,-81,1524,465
1492,-1078,-450,-401,1242,1651,831,1392,896,-115,1503,430
1476,-1070,-439,-408,1221,1654,807,1367,880,-130,1489,407
1500,-1017,-511,-331,1284,1654,812,1370,891,-108,1496,413
1510,-968,-566,-267,1326,1648,815,1369,902,-93,1500,423
1509,-922,-607,-215,1355,1637,818,1364,909,-79,1505,437
1510,-885,-640,-174,1380,1632,821,1361,915,-68,1512,451
1489,-880,-619,-190,1357,1634,809,1343,906,-79,1508,452
1456,-888,-575,-229,1312,1635,792,1319,890,-98,1500,445
1435,-896,-542,-260,1283,1642,777,1303,877,-113,1496,434
1418,-918,-500,-305,1252,1658,755,1292,860,-142,1487,409
1382,-971,-409,-402,1176,1680,712,1267,824,-198,1456,363
1334,-1011,-320,-488,1094,1682,672,1236,787,-253,1416,322
1312,-997,-314,-481,1086,1662,662,1232,777,-259,1401,309
1334,-934,-401,-379,1168,1635,691,1260,804,-208,1420,327
1391,-851,-542,-226,1310,1615,746,1309,857,-126,1461,364
1438,-796,-646,-116,1420,1605,798,1348,903,-61,1497,396
1457,-773,-691,-65,1472,1594,836,1367,931,-24,1521,419
1473,-753,-728,-21,1515,1582,871,1380,955,5,1545,444
1500,-723,-787,45,1579,1567,908,1396,980,45,1577,474
1544,-682,-873,136,1671,1554,945,1419,1009,95,1622,508
1580,-647,-944,215,1747,1539,972,1435,1029,131,1660,533
1594,-636,-969,247,1777,1525,979,1434,1030,138,1679,538
1560,-675,-897,181,1709,1510,951,1401,999,100,1663,509
1527,-717,-823,112,1637,1498,919,1368,965,56,1645,479
1486,-759,-740,35,1554,1481,882,1336,927,9,1623,448
1435,-800,-649,-46,1456,1457,840,1298,882,-37,1595,414
1407,-815,-606,-78,1405,1432,812,1276,849,-62,1579,395
1390,-820,-584,-91,1374,1408,788,1262,822,-77,1571,390
1367,-829,-551,-115,1331,1386,754,1243,793,-97,1552,385
1354,-831,-535,-125,1304,1368,727,1226,775,-104,1528,386
1375,-808,-577,-82,1337,1357,726,1224,782,-79,1512,402
1411,-789,-628,-37,1385,1362,733,1231,794,-49,1502,413
1415,-805,-613,-60,1368,1371,718,1221,785,-49,1479,399
1377,-848,-528,-150,1274,1372,679,1190,755,-82,1441,362
1305,-897,-403,-273,1132,1358,625,1143,711,-131,1393,316
1248,-908,-330,-337,1034,1332,588,1106,680,-158,1358,282
1225,-885,-326,-333,1006,1307,569,1090,667,-159,1345,261
1205,-865,-323,-330,982,1289,548,1076,655,-166,1334,234
1182,-859,-304,-349,945,1280,522,1056,635,-186,1317,201
1146,-870,-255,-399,882,1275,489,1023,607,-216,1289,168
1116,-878,-216,-441,829,1274,458,993,581,-232,1264,146
1103,-869,-212,-448,813,1274,439,970,567,-224,1250,143
1134,-829,-285,-382,879,1284,445,973,581,-177,1262,165
1162,-799,-344,-331,935,1298,448,973,593,-135,1272,181
1186,-778,-393,-292,982,1315,449,972,603,-94,1282,191
1213,-760,-440,-256,1032,1337,456,977,618,-48,1299,203
1218,-765,-445,-260,1041,1357,455,969,624,-21,1302,208
1219,-775,-441,-274,1042,1378,448,958,627,-2,1302,213
1237,-781,-459,-267,1071,1405,451,955,634,18,1310,227
1260,-797,-473,-270,1101,1441,448,955,639,25,1320,235
1261,-842,-436,-324,1085,1480,424,940,625,0,1313,221
1250,-881,-393,-376,1059,1506,400,916,608,-26,1292,203
1269,-873,-427,-346,1104,1517,400,913,613,-15,1284,207
1322,-812,-547,-222,1230,1515,429,938,645,38,1302,240
1398,-723,-716,-45,1405,1507,477,982,695,115,1339,289
1461,-652,-854,100,1551,1500,518,1021,739,175,1373,328
1495,-613,-929,182,1635,1492,547,1048,771,211,1393,351
1530,-577,-1002,262,1718,1486,581,1079,806,250,1418,378
1574,-526,-1096,364,1820,1473,631,1122,849,301,1455,418
1640,-466,-1220,494,1954,1465,698,1179,901,364,1507,469
1703,-408,-1337,619,2082,1456,765,1240,955,426,1561,522
1744,-371,-1410,699,2163,1444,815,1289,995,467,1609,558
1735,-383,-1385,681,2144,1430,832,1305,1005,465,1626,559
1724,-411,-1340,640,2108,1424,842,1312,1005,457,1635,553
1700,-452,-1269,571,2045,1418,842,1308,999,440,1637,546
1660,-505,-1171,476,1951,1408,834,1291,986,415,1632,530
1637,-538,-1108,416,1890,1397,833,1287,979,407,1641,522
1618,-561,-1060,372,1840,1384,832,1288,976,403,1654,519
1588,-586,-998,316,1772,1365,823,1281,965,389,1652,510
1562,-595,-956,283,1718,1339,822,1274,960,385,1643,503
1570,-565,-987,323,1735,1314,845,1284,977,411,1644,515
1600,-528,-1047,386,1785,1300,870,1303,998,436,1652,534
1602,-518,-1051,392,1777,1289,868,1302,999,425,1647,539
1561,-549,-972,315,1685,1279,834,1273,972,378,1622,517
1493,-604,-842,186,1541,1270,778,1226,924,311,1580,477
1441,-645,-742,86,1428,1265,727,1186,882,259,1549,447
1421,-665,-698,36,1374,1271,691,1165,855,232,1539,432
1401,-689,-649,-20,1317,1281,651,1142,827,200,1533,410
1370,-727,-577,-100,1239,1296,604,1109,791,159,1520,374
1323,-776,-479,-206,1133,1309,556,1064,751,110,1493,331
1280,-824,-388,-306,1036,1327,515,1018,714,66,1460,290
1253,-851,-334,-368,976,1344,492,983,692,50,1433,257
1266,-838,-363,-346,1000,1361,498,978,697,76,1432,250
1270,-818,-390,-322,1017,1368,504,971,704,98,1430,247
1264,-794,-414,-295,1028,1368,507,961,710,115,1426,246
1259,-770,-438,-267,1042,1366,508,950,717,129,1419,248
1228,-773,-413,-289,1007,1366,493,919,709,120,1396,233
1187,-790,-364,-334,952,1367,471,877,690,99,1364,206
1159,-807,-329,-369,916,1375,452,841,673,84,1342,178
1135,-835,-288,-415,881,1393,426,807,653,61,1326,151
1087,-888,-197,-510,797,1408,376,758,613,13,1300,112
1027,-931,-105,-597,706,1406,333,708,571,-29,1274,76
1005,-931,-93,-600,693,1398,320,684,553,-29,1267,66
1029,-883,-175,-508,776,1386,339,692,563,11,1288,81
1081,-810,-308,-364,911,1373,374,715,591,71,1325,110
1118,-756,-407,-254,1013,1359,394,730,610,115,1351,125
1123,-736,-439,-212,1048,1346,392,725,612,132,1351,115
1123,-721,-457,-182,1071,1329,388,719,613,146,1344,103
1135,-696,-496,-130,1117,1313,393,722,622,169,1348,110
1171,-658,-571,-46,1200,1301,403,736,637,198,1366,134
1211,-614,-653,47,1290,1287,412,751,650,230,1386,162
1239,-582,-712,116,1356,1271,410,759,655,249,1396,172
1225,-588,-688,104,1338,1253,384,741,636,235,1379,153
1218,-595,-670,95,1326,1238,365,730,621,228,1369,140
1214,-607,-649,80,1314,1230,354,725,612,233,1371,143
1211,-628,-620,52,1295,1227,351,718,605,241,1374,154
1233,-632,-631,61,1318,1230,364,726,606,265,1383,177
1264,-627,-660,88,1358,1234,380,737,606,292,1395,204
1285,-621,-680,106,1383,1232,390,739,598,309,1405,220
1304,-597,-716,147,1416,1218,405,740,593,338,1416,235
1351,-532,-820,258,1512,1197,444,758,611,397,1446,270
1416,-459,-951,392,1636,1184,492,787,636,457,1495,312
1464,-419,-1031,468,1714,1183,520,806,647,488,1535,337
1480,-419,-1039,467,1722,1191,525,808,637,487,1553,338
1469,-435,-1004,427,1682,1193,514,795,613,468,1550,323
1471,-429,-1007,426,1676,1191,515,796,601,473,1559,318
1505,-398,-1067,479,1729,1195,533,817,608,505,1590,329
1539,-371,-1124,527,1780,1204,547,840,620,530,1623,335
1558,-368,-1145,535,1798,1220,545,852,620,530,1642,323
1551,-386,-1119,496,1767,1236,530,847,607,509,1641,292
1542,-408,-1090,454,1733,1254,514,840,594,491,1639,261
1539,-416,-1082,435,1718,1268,508,839,592,496,1639,240
1570,-386,-1147,490,1776,1281,527,863,620,540,1663,243
1586,-360,-1195,532,1814,1288,543,886,648,580,1683,246
1595,-341,-1230,562,1840,1295,551,900,669,606,1697,247
1608,-331,-1260,582,1865,1311,555,907,684,627,1707,249
1593,-355,-1229,541,1833,1330,539,886,677,615,1699,233
1562,-401,-1160,461,1767,1353,508,849,658,589,1680,208
1538,-454,-1091,377,1706,1384,475,812,641,565,1668,182
1509,-526,-998,266,1627,1423,429,774,619,534,1657,147
1449,-635,-836,84,1481,1464,360,723,575,471,1628,89
1367,-746,-650,-113,1306,1489,290,666,527,402,1585,29
1313,-814,-534,-235,1196,1502,247,630,499,365,1555,-3
1300,-826,-513,-255,1178,1503,238,623,498,368,1549,-3
1318,-800,-560,-203,1225,1497,250,639,517,399,1568,17
1329,-781,-591,-166,1257,1488,258,650,533,424,1586,28
1313,-785,-572,-178,1238,1475,255,646,539,435,1586,24
1304,-787,-560,-182,1228,1462,260,642,549,457,1588,24
1310,-772,-579,-155,1248,1447,278,645,567,490,1596,29
1342,-740,-639,-88,1314,1436,308,660,591,533,1615,34
1380,-710,-703,-19,1385,1428,337,674,611,568,1636,37
1406,-694,-740,22,1431,1421,354,680,620,581,1653,32
1382,-710,-697,-11,1389,1401,344,660,601,556,1640,1
1358,-720,-659,-37,1351,1377,333,641,581,528,1626,-31
1336,-731,-623,-62,1316,1355,325,626,564,506,1615,-56
1308,-748,-574,-100,1268,1334,314,610,548,487,1604,-73
1303,-746,-569,-95,1263,1315,316,611,548,491,1612,-69
1312,-734,-588,-70,1283,1300,321,622,559,505,1632,-52
1310,-727,-592,-58,1287,1283,323,625,567,514,1648,-34
1311,-709,-610,-31,1301,1261,333,625,579,535,1661,-7
1344,-657,-695,64,1380,1240,368,639,612,587,1692,44
1399,-600,-807,177,1492,1233,407,663,649,641,1731,94
1431,-580,-858,225,1547,1236,426,669,668,661,1753,122
1427,-601,-832,193,1525,1246,420,650,664,639,1754,126
1398,-644,-760,114,1457,1255,397,614,644,596,1737,116
1383,-667,-720,69,1418,1263,383,588,634,577,1729,116
1403,-662,-745,84,1446,1278,390,582,641,588,1745,135
1428,-660,-771,97,1477,1300,400,577,645,598,1761,148
1443,-670,-774,86,1486,1326,401,564,642,597,1772,147
1429,-689,-739,43,1451,1340,386,536,628,578,1769,131
1407,-702,-703,3,1409,1346,365,505,613,555,1761,114
1390,-692,-696,-3,1390,1342,347,477,605,550,1755,108
1407,-643,-759,63,1441,1336,352,478,626,582,1773,126
1410,-604,-801,109,1468,1328,353,479,649,609,1784,139
1397,-585,-805,116,1460,1322,348,475,666,628,1784,141
1379,-580,-791,103,1437,1323,339,467,674,634,1776,135
1331,-611,-711,22,1350,1327,309,434,658,605,1745,107
1263,-658,-593,-93,1225,1328,267,382,625,555,1704,65
1203,-702,-488,-197,1114,1330,224,331,589,508,1668,26
1151,-754,-382,-306,1007,1342,176,282,551,454,1635,-19
1082,-834,-231,-462,860,1360,107,224,493,371,1588,-84
1001,-911,-72,-620,700,1365,36,159,431,289,1529,-152
954,-941,6,-691,616,1359,-5,112,390,254,1486,-194
957,-915,-21,-654,636,1346,-8,98,381,275,1474,-196
994,-856,-116,-548,724,1332,11,105,393,323,1484,-175
1032,-805,-203,-451,808,1321,27,109,405,358,1490,-154
1045,-781,-238,-408,841,1310,30,97,407,373,1481,-144
1067,-756,-283,-356,886,1302,39,91,418,400,1475,-124
1103,-713,-360,-269,963,1288,63,96,442,444,1479,-96
1160,-647,-482,-137,1085,1272,98,119,481,506,1502,-60
1225,-576,-617,7,1220,1257,134,152,526,573,1538,-21
1282,-525,-725,122,1333,1247,162,183,567,625,1573,8
1300,-517,-753,154,1366,1239,165,192,585,635,1586,10
1316,-513,-776,181,1396,1232,165,202,601,643,1600,5
1332,-511,-798,206,1425,1225,161,209,613,645,1607,-2
1339,-513,-808,220,1440,1216,152,211,621,635,1597,-14
1365,-497,-856,271,1493,1208,156,228,639,637,1592,-12
1397,-469,-921,341,1562,1197,169,255,664,655,1600,2
1410,-447,-962,390,1601,1178,177,274,684,669,1610,16
1413,-421,-996,437,1629,1152,187,284,698,681,1619,29
1432,-369,-1073,528,1695,1120,219,302,725,709,1638,51
1455,-319,-1150,617,1764,1095,250,320,751,731,1661,67
1441,-306,-1153,630,1758,1072,254,312,750,713,1666,59
1381,-337,-1063,550,1659,1050,226,275,718,655,1640,23
1298,-398,-920,413,1508,1034,180,221,667,575,1593,-28
1230,-449,-802,297,1383,1025,144,179,626,516,1560,-73
1200,-476,-743,236,1321,1027,128,161,605,488,1551,-101
1179,-508,-689,173,1269,1041,113,149,590,465,1545,-128
1152,-557,-611,82,1195,1062,92,130,570,433,1529,-161
1105,-616,-502,-37,1087,1080,65,105,546,391,1505,-194
1058,-671,-397,-152,981,1096,40,79,525,352,1484,-222
1024,-701,-329,-226,908,1106,26,61,515,333,1471,-236
1037,-688,-352,-212,927,1119,42,70,530,352,1484,-222
1052,-676,-374,-198,946,1134,57,75,543,368,1496,-213
1062,-669,-387,-195,956,1150,64,73,547,375,1502,-214
1079,-660,-409,-184,977,1169,67,68,548,375,1509,-216
1074,-669,-390,-212,956,1184,56,46,534,353,1504,-225
1052,-687,-346,-261,908,1193,39,14,510,325,1494,-237
1036,-701,-312,-301,872,1203,25,-10,493,305,1490,-241
1020,-719,-275,-344,833,1213,7,-29,474,285,1483,-250
983,-764,-190,-436,749,1225,-31,-60,434,238,1453,-279
930,-807,-94,-531,648,1224,-66,-98,392,190,1410,-307
906,-806,-70,-548,616,1210,-70,-115,376,187,1389,-308
927,-756,-142,-468,678,1192,-41,-103,391,230,1399,-281
983,-679,-277,-326,806,1177,8,-72,429,298,1431,-241
1034,-618,-392,-207,919,1168,45,-45,463,358,1460,-206
1051,-589,-441,-152,965,1155,60,-39,477,393,1472,-188
1061,-572,-472,-117,995,1143,68,-45,485,421,1479,-177
1082,-552,-517,-70,1042,1136,82,-48,500,455,1486,-162
1121,-525,-589,1,1120,1134,107,-39,521,501,1502,-142
1159,-500,-657,68,1194,1132,130,-29,544,542,1518,-126
1181,-489,-697,107,1241,1128,141,-26,559,562,1524,-123
1160,-520,-650,61,1201,1122,119,-53,545,537,1505,-145
1140,-557,-600,9,1159,1121,96,-81,527,506,1489,-167
1122,-594,-552,-42,1120,1121,74,-109,509,469,1473,-189
1094,-629,-495,-96,1070,1114,52,-143,485,426,1448,-214
1089,-638,-487,-102,1066,1105,45,-163,474,411,1436,-222
1101,-629,-512,-74,1096,1097,46,-172,471,416,1434,-219
1108,-618,-533,-48,1119,1085,44,-179,472,426,1434,-214
1117,-594,-569,-4,1153,1068,54,-183,482,450,1438,-199
1158,-533,-671,109,1251,1048,89,-171,512,502,1460,-163
1214,-464,-797,241,1375,1035,126,-152,545,558,1494,-126
1245,-429,-861,309,1439,1030,136,-153,556,574,1511,-118
1236,-439,-840,290,1420,1031,113,-183,537,543,1499,-145
1200,-479,-760,210,1343,1036,70,-233,499,490,1468,-187
1176,-507,-703,154,1288,1043,38,-277,466,454,1441,-219
1181,-512,-699,148,1287,1056,19,-305,451,441,1426,-238
1183,-513,-694,142,1283,1067,-5,-330,438,423,1406,-266
1172,-524,-667,116,1255,1076,-42,-359,418,396,1381,-296
1132,-548,-598,52,1179,1078,-88,-400,392,360,1346,-328
1091,-571,-530,-11,1102,1079,-125,-439,369,333,1317,-352
1062,-578,-489,-46,1052,1079,-150,-465,357,325,1296,-361
1082,-547,-534,2,1091,1087,-146,-460,373,355,1304,-341
1103,-516,-582,51,1133,1095,-141,-456,391,377,1317,-320
1117,-488,-620,91,1164,1101,-139,-457,401,387,1326,-308
1141,-461,-667,136,1206,1113,-139,-455,411,394,1336,-300
1143,-462,-664,130,1201,1129,-158,-475,405,376,1328,-313
1132,-479,-634,94,1170,1145,-184,-506,388,347,1306,-337
1128,-492,-614,68,1151,1163,-201,-526,375,327,1290,-355
1121,-511,-587,33,1125,1180,-219,-543,358,304,1278,-375
1082,-553,-506,-52,1042,1189,-257,-570,324,254,1253,-415
1021,-591,-407,-146,932,1179,-294,-605,286,202,1220,-462
986,-587,-378,-165,888,1157,-301,-616,271,195,1207,-482
992,-533,-441,-88,932,1125,-275,-597,285,234,1220,-469
1030,-449,-566,50,1039,1093,-228,-557,318,301,1251,-434
1064,-378,-675,170,1132,1064,-189,-525,346,352,1273,-407
1062,-339,-715,223,1157,1030,-171,-517,353,373,1276,-396
1056,-302,-750,273,1175,992,-152,-514,356,392,1285,-380
1058,-262,-796,332,1207,956,-121,-505,361,418,1303,-352
1088,-216,-876,418,1280,933,-74,-479,376,459,1335,-313
1123,-179,-953,498,1356,917,-25,-449,395,497,1364,-280
1147,-159,-1000,547,1405,904,10,-431,402,513,1382,-265
1129,-182,-963,511,1370,891,13,-440,380,485,1366,-282
1107,-208,-918,468,1328,877,8,-457,352,455,1342,-308
1086,-229,-879,434,1293,859,-1,-476,326,426,1324,-328
1050,-248,-828,392,1240,831,-17,-500,297,394,1304,-347
1035,-245,-819,394,1228,802,-22,-511,280,387,1297,-349
1035,-224,-840,427,1247,772,-19,-512,274,390,1300,-345
1022,-204,-848,451,1250,736,-14,-515,268,394,1298,-344
1009,-176,-863,484,1257,696,-1,-519,268,410,1292,-341
1025,-115,-940,580,1324,656,34,-507,291,457,1299,-316
1067,-49,-1045,696,1428,632,77,-482,324,509,1317,-281
1089,-17,-1096,754,1482,621,97,-473,342,531,1325,-261
1074,-25,-1069,731,1460,614,88,-488,337,519,1312,-266
1034,-54,-994,661,1387,608,61,-520,317,490,1286,-287
1002,-64,-947,622,1339,597,43,-541,305,474,1268,-298
1007,-37,-974,657,1364,589,48,-537,318,480,1275,-285
1020,-10,-1007,694,1398,588,56,-529,336,488,1288,-271
1029,-1,-1020,706,1415,599,58,-525,349,489,1298,-264
1019,-7,-998,683,1396,610,53,-534,350,477,1295,-267
1002,-11,-972,659,1368,617,46,-548,346,464,1285,-270
991,4,-971,664,1360,616,46,-557,344,464,1278,-260
1016,55,-1042,740,1424,618,68,-547,360,498,1293,-230
1037,97,-1099,801,1474,624,83,-546,369,521,1298,-209
1046,119,-1126,828,1495,634,83,-559,365,525,1289,-204
1054,132,-1143,843,1509,651,75,-577,355,519,1276,-203
1035,117,-1105,803,1468,668,46,-614,332,488,1246,-221
996,84,-1029,726,1386,682,7,-659,301,445,1205,-250
963,50,-960,654,1313,698,-31,-699,275,409,1171,-276
931,10,-887,575,1236,718,-70,-734,249,372,1147,-306
877,-56,-766,447,1113,737,-128,-778,204,309,1115,-358
808,-122,-632,310,971,744,-189,-832,153,241,1074,-416
774,-150,-571,248,901,746,-223,-868,126,210,1046,-449
792,-128,-613,289,933,745,-220,-873,133,228,1046,-448
845,-73,-724,397,1036,744,-192,-855,166,274,1069,-423
904,-25,-834,500,1141,747,-160,-836,202,316,1095,-397
938,-4,-892,552,1196,749,-143,-833,224,334,1108,-388
974,14,-950,602,1252,750,-127,-833,249,359,1120,-379
1021,43,-1031,674,1332,750,-104,-825,282,398,1139,-362
1088,82,-1142,774,1447,754,-72,-807,329,446,1168,-335
1159,121,-1258,880,1569,758,-44,-786,378,488,1196,-305
1218,148,-1351,962,1668,760,-29,-775,416,509,1216,-282
1228,138,-1358,962,1678,754,-42,-793,429,492,1212,-285
1227,118,-1346,945,1670,746,-59,-813,438,474,1208,-296
1214,93,-1317,914,1644,734,-79,-835,440,451,1199,-313
1174,58,-1251,852,1576,710,-105,-864,429,415,1176,-338
1142,37,-1206,814,1529,683,-123,-883,424,389,1159,-352
1120,22,-1177,791,1500,661,-139,-899,421,369,1147,-363
1087,-2,-1128,749,1451,639,-167,-928,407,334,1121,-386
1043,-23,-1068,701,1388,610,-198,-966,387,295,1085,-412
1010,-18,-1045,695,1357,573,-212,-997,379,276,1056,-424
986,-16,-1024,689,1333,547,-224,-1020,371,259,1038,-434
932,-60,-926,599,1238,535,-260,-1061,340,209,1003,-470
839,-157,-734,410,1053,536,-326,-1129,276,117,939,-537
718,-282,-483,162,811,541,-411,-1213,192,6,858,-623
611,-390,-260,-56,595,546,-483,-1290,115,-82,789,-701
546,-460,-116,-198,460,557,-527,-1341,63,-127,749,-755
500,-517,-2,-312,357,576,-557,-1379,25,-153,726,-795
456,-578,115,-431,252,601,-585,-1413,-6,-172,711,-831
401,-640,245,-561,131,621,-613,-1450,-32,-192,691,-863
354,-686,352,-665,28,638,-633,-1482,-46,-205,672,-885
321,-697,410,-716,-32,643,-635,-1504,-42,-194,665,-892
334,-649,363,-658,7,640,-601,-1493,-3,-132,697,-864
345,-584,300,-578,54,625,-564,-1475,43,-67,737,-829
348,-519,243,-502,93,604,-531,-1459,89,-12,778,-797
358,-448,172,-414,144,583,-498,-1442,136,40,827,-761
345,-398,141,-367,154,561,-486,-1444,169,70,863,-739
320,-362,135,-344,139,538,-494,-1459,187,81,886,-729
307,-326,113,-311,141,521,-502,-1469,202,95,909,-721
306,-303,90,-285,153,519,-512,-1472,215,106,934,-717
291,-323,119,-321,120,532,-537,-1481,214,95,947,-734
266,-362,176,-387,62,548,-560,-1494,210,81,948,-758
273,-376,171,-394,66,565,-555,-1487,228,107,963,-761
322,-346,77,-310,159,577,-517,-1449,272,176,1005,-731
399,-283,-79,-163,311,583,-462,-1396,332,265,1067,-678
465,-229,-217,-32,445,585,-417,-1349,385,331,1119,-629
494,-206,-289,35,511,579,-392,-1325,415,356,1143,-600
516,-192,-344,86,561,572,-369,-1307,437,372,1160,-573
544,-175,-410,145,622,565,-337,-1288,460,396,1176,-544
597,-150,-506,230,722,567,-298,-1261,485,430,1200,-510
655,-130,-601,311,825,575,-264,-1236,507,459,1223,-481
713,-127,-678,367,916,593,-243,-1218,522,474,1240,-462
730,-163,-672,342,926,611,-254,-1229,512,451,1228,-468
740,-203,-654,306,924,626,-267,-1243,499,426,1213,-473
750,-241,-634,269,919,642,-277,-1256,487,402,1204,-474
746,-286,-590,211,891,654,-291,-1274,470,374,1190,-483
759,-308,-584,192,899,664,-289,-1275,463,363,1189,-484
784,-309,-607,207,935,670,-276,-1268,465,363,1198,-476
800,-305,-622,218,958,668,-261,-1269,461,360,1206,-470
810,-283,-647,247,984,654,-237,-1275,460,371,1211,-460
844,-220,-734,344,1067,630,-188,-1266,483,417,1235,-423
898,-142,-852,471,1183,612,-134,-1244,514,476,1272,-374
923,-94,-910,537,1238,597,-107,-1239,524,500,1286,-348
900,-81,-884,524,1206,576,-116,-1263,503,475,1270,-358
845,-88,-804,461,1115,549,-149,-1307,461,419,1234,-388
792,-86,-734,411,1031,519,-179,-1350,422,375,1203,-412
771,-64,-716,410,1002,498,-190,-1372,401,366,1199,-415
752,-52,-690,397,968,487,-198,-1389,383,362,1204,-419
724,-59,-635,352,909,484,-213,-1408,357,347,1207,-436
669,-86,-535,265,799,476,-239,-1440,324,317,1201,-461
613,-113,-436,180,690,470,-267,-1472,293,291,1194,-478
576,-128,-366,122,613,468,-288,-1496,271,282,1191,-481
590,-109,-385,148,629,477,-281,-1491,275,310,1212,-463
614,-89,-416,182,658,491,-273,-1481,282,340,1231,-449
636,-84,-432,198,677,514,-271,-1479,283,358,1239,-449
665,-80,-457,219,707,541,-270,-1481,283,370,1246,-451
664,-97,-433,195,685,560,-289,-1507,264,351,1232,-469
638,-124,-378,144,626,568,-318,-1554,227,312,1196,-501
613,-143,-335,107,576,569,-344,-1601,189,276,1160,-536
589,-167,-290,65,526,573,-372,-1644,149,235,1131,-576
539,-220,-194,-30,426,578,-422,-1697,94,169,1096,-629
466,-280,-70,-148,293,569,-481,-1757,34,96,1052,-679
416,-300,-10,-197,219,547,-515,-1797,-5,61,1027,-699
416,-271,-54,-144,249,525,-512,-1801,-9,77,1037,-688
460,-212,-171,-22,357,510,-484,-1781,17,132,1068,-666
508,-162,-286,92,468,502,-460,-1760,48,183,1095,-656
521,-141,-337,144,513,488,-454,-1760,68,202,1097,-658
529,-119,-383,192,552,468,-442,-1758,91,222,1102,-643
542,-91,-442,252,604,446,-418,-1746,124,253,1120,-610
572,-55,-526,334,685,429,-383,-1721,162,294,1156,-566
604,-20,-610,414,767,413,-348,-1695,200,333,1198,-526
626,-4,-664,462,824,402,-320,-1675,230,356,1232,-496
603,-30,-631,423,793,389,-319,-1683,230,335,1237,-492
570,-63,-581,368,745,375,-326,-1699,222,300,1231,-494
539,-90,-536,318,701,358,-338,-1716,212,262,1219,-497
497,-122,-477,257,642,339,-359,-1746,190,217,1198,-506
482,-136,-459,234,627,327,-368,-1765,179,190,1189,-506
489,-131,-480,249,654,319,-371,-1778,174,173,1185,-502
493,-126,-495,261,675,310,-377,-1799,163,148,1168,-502
492,-111,-513,280,693,294,-379,-1825,152,126,1139,-500
510,-58,-583,358,759,268,-351,-1836,164,136,1128,-478
543,6,-677,460,850,248,-310,-1832,189,160,1141,-443
550,32,-705,492,878,238,-288,-1844,198,156,1151,-428
517,6,-636,425,814,238,-296,-1884,179,111,1136,-447
461,-51,-510,299,695,246,-323,-1940,143,45,1104,-492
412,-99,-400,190,590,254,-345,-1989,116,-3,1073,-529
405,-112,-363,154,562,269,-343,-2008,112,-9,1068,-540
411,-114,-350,142,556,287,-340,-2016,116,-6,1071,-543
410,-119,-327,121,538,304,-352,-2031,108,-18,1067,-559
387,-130,-275,78,485,310,-382,-2062,84,-56,1046,-592
360,-137,-223,39,429,311,-415,-2098,55,-99,1019,-625
346,-125,-203,33,403,310,-438,-2125,34,-124,998,-640
380,-78,-268,108,464,317,-433,-2124,41,-106,1001,-625
423,-36,-339,185,536,333,-426,-2123,51,-90,1002,-610
459,-8,-389,240,590,352,-425,-2130,50,-90,991,-606
496,24,-447,302,649,368,-426,-2139,43,-94,984,-603
506,41,-465,328,663,376,-444,-2168,17,-124,965,-614
492,47,-451,326,641,372,-471,-2211,-20,-166,938,-631
480,54,-442,329,624,368,-493,-2250,-57,-199,918,-643
474,52,-433,326,611,371,-515,-2284,-93,-231,907,-655
446,16,-373,266,550,381,-556,-2323,-141,-282,890,-686
402,-36,-281,174,456,388,-602,-2369,-194,-337,860,-724
375,-59,-240,136,410,385,-628,-2393,-226,-360,838,-742
384,-36,-282,184,442,373,-624,-2388,-226,-344,838,-732
418,14,-378,284,528,358,-595,-2359,-201,-298,861,-703
443,52,-456,365,596,343,-568,-2329,-178,-255,887,-678
431,60,-465,378,593,321,-565,-2322,-173,-242,894,-673
412,58,-461,376,577,299,-566,-2319,-172,-239,894,-677
406,62,-473,388,581,281,-559,-2310,-162,-227,893,-675
428,78,-525,433,630,272,-539,-2288,-137,-195,905,-664
463,95,-591,486,697,270,-512,-2258,-106,-157,924,-647
493,107,-647,530,755,269,-490,-2232,-78,-127,941,-634
481,89,-629,503,735,257,-492,-2234,-71,-133,932,-643
463,72,-604,472,708,242,-495,-2238,-68,-144,922,-652
450,60,-589,451,691,228,-493,-2241,-63,-156,918,-656
433,42,-561,416,662,215,-491,-2251,-62,-179,906,-667
442,47,-580,427,683,206,-471,-2249,-50,-180,904,-667
473,67,-636,473,743,203,-439,-2237,-27,-163,912,-654
500,84,-681,509,793,201,-409,-2227,-4,-144,917,-640
520,108,-726,550,839,193,-378,-2227,16,-125,918,-622
561,169,-826,652,936,175,-331,-2219,48,-85,930,-587
618,245,-954,783,1063,160,-281,-2204,86,-38,956,-547
645,288,-1019,850,1127,150,-257,-2206,105,-25,971,-526
625,287,-990,826,1097,140,-267,-2236,94,-52,966,-531
575,253,-896,737,1004,133,-296,-2283,63,-102,938,-557
529,222,-809,657,918,129,-319,-2325,33,-139,906,-579
516,221,-784,638,894,128,-323,-2345,19,-143,888,-587
503,226,-765,628,875,124,-334,-2362,6,-149,867,-606
475,215,-715,589,823,121,-365,-2389,-18,-178,832,-644
419,177,-610,497,717,119,-416,-2434,-54,-235,780,-698
355,129,-489,388,593,119,-475,-2484,-95,-300,717,-757
302,87,-382,292,485,123,-532,-2527,-129,-353,649,-812
296,79,-358,276,463,135,-561,-2543,-140,-370,606,-838
301,78,-352,277,460,150,-586,-2553,-143,-376,580,-850
302,75,-341,274,450,163,-611,-2565,-148,-385,558,-855
315,77,-349,287,461,180,-630,-2574,-150,-389,545,-853
312,62,-324,266,437,198,-661,-2597,-165,-414,518,-865
294,30,-268,214,383,214,-701,-2631,-187,-444,481,-885
281,-1,-221,167,338,233,-736,-2656,-202,-457,456,-897
274,-37,-174,117,297,258,-769,-2673,-216,-465,447,-908
250,-102,-83,17,217,289,-816,-2696,-244,-496,434,-934
214,-175,25,-100,117,316,-866,-2725,-277,-531,411,-966
205,-208,63,-145,82,334,-888,-2731,-285,-526,404,-975
242,-184,-3,-83,148,342,-876,-2706,-263,-477,421,-954
312,-119,-144,55,286,342,-838,-2658,-216,-401,456,-913
378,-55,-282,189,421,339,-798,-2611,-166,-333,492,-871
402,-22,-348,254,480,328,-778,-2588,-135,-300,509,-846
412,4,-396,303,519,309,-765,-2569,-112,-276,521,-820
423,38,-452,361,564,285,-750,-2549,-88,-253,534,-788
457,83,-544,450,648,267,-722,-2519,-56,-218,564,-744
497,125,-639,539,739,254,-696,-2489,-25,-180,602,-700
527,149,-705,597,805,244,-684,-2469,-2,-154,638,-668
506,132,-680,566,776,229,-708,-2480,-9,-173,646,-673
468,102,-625,507,716,209,-744,-2502,-29,-207,641,-696
426,72,-565,444,649,187,-779,-2525,-51,-245,633,-723
367,35,-478,359,553,159,-821,-2560,-79,-295,612,-753
327,18,-429,312,495,131,-848,-2583,-98,-326,602,-767
306,21,-416,302,473,104,-861,-2597,-103,-341,602,-770
279,19,-392,283,441,79,-874,-2615,-107,-355,594,-774
247,26,-368,269,405,45,-882,-2636,-108,-370,581,-778
240,70,-402,318,423,5,-866,-2646,-90,-360,578,-764
260,130,-478,406,487,-24,-835,-2641,-64,-340,586,-741
268,160,-508,443,513,-39,-819,-2650,-54,-349,583,-736
244,140,-453,390,460,-39,-832,-2685,-73,-399,555,-762
195,87,-339,277,350,-32,-862,-2738,-115,-477,508,-810
151,39,-233,172,250,-23,-889,-2789,-159,-552,460,-855
147,24,-200,139,225,-7,-893,-2813,-183,-593,434,-876
147,24,-185,127,214,4,-893,-2825,-200,-626,415,-891
135,26,-159,112,189,6,-896,-2835,-221,-664,393,-913
100,18,-102,69,127,1,-911,-2855,-247,-711,360,-946
58,14,-42,27,59,-10,-928,-2873,-271,-752,324,-977
27,29,-12,19,19,-26,-937,-2884,-289,-773,296,-991
43,86,-73,99,70,-38,-917,-2866,-283,-755,302,-974
73,151,-159,202,148,-47,-888,-2839,-267,-725,323,-946
95,208,-229,288,210,-55,-859,-2810,-252,-693,347,-917
119,267,-304,379,277,-64,-822,-2771,-230,-651,383,-878
115,305,-333,426,294,-79,-799,-2746,-224,-628,407,-854
87,322,-320,431,268,-96,-793,-2739,-231,-622,413,-845
67,333,-310,433,250,-106,-788,-2733,-239,-619,414,-840
56,334,-302,431,239,-105,-788,-2726,-250,-623,422,-837
25,305,-247,378,183,-99,-812,-2733,-281,-651,429,-849
-26,266,-163,297,95,-102,-846,-2755,-322,-691,429,-869
-58,258,-133,274,55,-115,-861,-2767,-347,-702,435,-873
-49,297,-192,341,103,-135,-844,-2758,-343,-670,463,-844
-14,368,-310,469,207,-160,-809,-2734,-319,-614,507,-787
19,433,-422,589,305,-185,-779,-2711,-292,-565,554,-724
16,463,-462,637,331,-213,-771,-2708,-279,-547,575,-685
0,485,-483,667,336,-245,-765,-2712,-270,-539,583,-661
-7,511,-515,706,353,-276,-754,-2715,-259,-524,588,-641
8,540,-571,763,401,-297,-734,-2709,-238,-497,601,-616
34,560,-628,814,457,-305,-715,-2701,-216,-466,622,-591
55,558,-657,831,490,-304,-706,-2696,-200,-446,639,-576
30,514,-598,762,434,-307,-730,-2715,-212,-467,630,-592
-9,466,-519,675,356,-317,-764,-2735,-233,-503,613,-622
-40,427,-455,604,293,-328,-797,-2752,-253,-537,601,-649
-73,389,-388,531,225,-342,-832,-2773,-278,-570,587,-681
-79,381,-376,515,213,-357,-848,-2776,-290,-577,588,-698
-54,398,-419,552,258,-369,-847,-2762,-287,-560,602,-699
-24,419,-468,594,310,-377,-842,-2752,-282,-540,618,-694
10,447,-527,649,371,-387,-832,-2746,-277,-518,632,-682
76,509,-649,767,496,-396,-792,-2727,-252,-467,662,-651
170,586,-813,924,666,-395,-737,-2691,-212,-399,705,-615
245,635,-929,1030,792,-385,-700,-2669,-187,-363,731,-604
277,640,-958,1049,832,-372,-693,-2675,-192,-378,725,-623
272,613,-916,1000,800,-359,-706,-2700,-219,-429,694,-656
258,592,-872,955,760,-355,-716,-2728,-246,-480,658,-683
269,600,-883,967,774,-349,-707,-2737,-256,-501,647,-692
283,603,-893,975,789,-337,-694,-2738,-259,-511,651,-698
282,582,-864,942,769,-315,-695,-2745,-265,-530,652,-718
254,533,-781,856,695,-291,-713,-2768,-283,-569,636,-752
217,474,-681,753,604,-264,-742,-2799,-306,-610,613,-785
184,420,-590,659,522,-236,-770,-2828,-325,-645,590,-813
186,398,-566,632,508,-205,-777,-2836,-325,-649,584,-820
189,380,-548,611,498,-173,-783,-2843,-319,-652,576,-826
179,350,-506,567,463,-143,-795,-2862,-319,-663,562,-839
174,322,-470,528,435,-109,-803,-2879,-315,-667,553,-851
143,272,-388,444,359,-79,-824,-2910,-322,-687,537,-877
87,207,-265,322,238,-56,-862,-2960,-343,-727,504,-917
30,150,-150,211,123,-40,-906,-3011,-372,-769,464,-960
-25,100,-44,110,15,-28,-952,-3057,-403,-810,427,-1006
-102,35,99,-27,-133,-23,-1012,-3106,-452,-870,388,-1066
-198,-34,265,-181,-310,-29,-1073,-3158,-504,-933,343,-1129
-264,-65,361,-265,-420,-44,-1107,-3188,-539,-960,317,-1166
-278,-40,351,-240,-425,-64,-1108,-3189,-549,-942,321,-1170
-256,26,262,-136,-353,-89,-1089,-3170,-541,-899,346,-1147
-230,92,169,-30,-277,-116,-1071,-3147,-532,-862,373,-1114
-236,127,140,13,-263,-144,-1071,-3144,-541,-856,380,-1093
-243,151,122,40,-259,-169,-1073,-3148,-556,-855,383,-1075
-235,175,89,77,-235,-188,-1067,-3154,-566,-846,389,-1057
-204,207,23,142,-173,-199,-1049,-3147,-567,-828,408,-1033
-166,239,-49,210,-103,-208,-1028,-3137,-566,-807,435,-1006
-132,259,-108,262,-43,-213,-1011,-3133,-570,-795,464,-983
-132,240,-91,237,-56,-217,-1022,-3156,-597,-819,470,-985
-144,207,-51,187,-92,-220,-1036,-3184,-627,-849,465,-993
-154,182,-23,152,-119,-229,-1045,-3206,-650,-870,454,-999
-179,153,23,101,-167,-245,-1059,-3233,-675,-900,427,-1008
-193,147,35,88,-185,-269,-1061,-3244,-687,-914,410,-1008
-195,167,11,117,-169,-301,-1052,-3239,-685,-912,407,-1003
-208,195,-12,150,-163,-345,-1043,-3236,-684,-913,403,-1000
-229,239,-43,199,-155,-403,-1026,-3234,-680,-907,399,-990
-223,318,-134,311,-89,-464,-984,-3221,-654,-865,416,-956
-190,411,-265,458,22,-515,-929,-3193,-612,-798,456,-912
-173,470,-345,549,88,-551,-896,-3177,-583,-755,490,-889
-186,476,-341,548,79,-568,-896,-3186,-582,-754,497,-898
-226,448,-274,483,10,-577,-919,-3214,-603,-780,480,-929
-268,420,-204,416,-62,-585,-943,-3245,-626,-802,456,-954
-277,425,-200,415,-68,-590,-947,-3253,-633,-793,454,-953
-279,432,-202,421,-65,-589,-943,-3255,-635,-777,462,-946
-288,420,-179,396,-84,-578,-947,-3265,-642,-778,467,-949
-321,384,-105,322,-153,-563,-969,-3294,-659,-803,453,-970
-361,334,-10,226,-241,-542,-996,-3332,-679,-837,427,-991
-397,291,73,142,-318,-520,-1017,-3366,-693,-862,406,-1003
-399,285,87,129,-327,-500,-1013,-3375,-683,-847,409,-988
-396,288,88,131,-324,-480,-1009,-3380,-668,-828,417,-970
-405,281,111,110,-344,-461,-1018,-3393,-660,-824,412,-965
-401,277,117,104,-345,-435,-1024,-3398,-649,-820,413,-958
-416,265,151,73,-376,-415,-1041,-3412,-648,-836,407,-960
-452,245,213,18,-440,-405,-1068,-3440,-659,-866,388,-969
-479,235,256,-18,-486,-398,-1089,-3461,-666,-891,374,-975
-491,226,283,-43,-511,-382,-1106,-3470,-670,-912,371,-980
-509,190,343,-108,-562,-354,-1137,-3483,-687,-951,360,-998
-538,141,426,-197,-636,-327,-1173,-3506,-710,-1000,336,-1026
-539,123,449,-226,-652,-306,-1188,-3513,-718,-1017,325,-1036
-489,154,372,-154,-567,-286,-1169,-3489,-696,-989,342,-1014
-400,220,220,-11,-408,-267,-1125,-3444,-651,-932,383,-973
-303,286,60,139,-236,-245,-1078,-3394,-604,-876,432,-928
-243,319,-33,222,-135,-230,-1052,-3368,-575,-850,464,-897
-195,348,-109,291,-53,-223,-1031,-3351,-553,-831,493,-867
-145,383,-194,370,36,-222,-1003,-3333,-531,-804,522,-834
-83,423,-297,464,146,-218,-968,-3309,-503,-766,555,-802
-23,459,-397,554,252,-217,-934,-3284,-476,-730,589,-774
22,479,-467,615,328,-217,-909,-3267,-456,-705,615,-755
23,459,-454,595,320,-222,-911,-3277,-459,-721,615,-762
6,428,-414,548,282,-234,-925,-3298,-472,-753,603,-780
-11,400,-378,508,248,-247,-941,-3316,-486,-786,591,-801
-41,363,-321,448,190,-265,-965,-3344,-508,-829,569,-831
-53,340,-296,419,166,-279,-981,-3367,-523,-861,555,-853
-48,330,-302,419,174,-289,-989,-3379,-529,-877,554,-867
-52,314,-293,406,166,-301,-1000,-3396,-541,-900,543,-885
-62,299,-277,389,150,-315,-1010,-3419,-557,-921,525,-901
-48,311,-312,422,182,-329,-996,-3425,-552,-909,519,-893
-7,338,-386,493,259,-333,-971,-3418,-535,-883,528,-866
12,340,-413,514,290,-331,-963,-3422,-531,-884,531,-852
-12,302,-353,449,233,-328,-980,-3451,-553,-921,513,-866
-65,241,-239,334,121,-325,-1018,-3498,-593,-984,471,-901
-117,193,-138,235,18,-328,-1054,-3546,-634,-1044,424,-936
-133,186,-112,213,-10,-331,-1067,-3571,-652,-1073,401,-954
-138,194,-111,218,-15,-333,-1076,-3590,-663,-1098,388,-968
-152,195,-94,207,-37,-334,-1093,-3613,-682,-1133,371,-985
-195,185,-35,162,-105,-346,-1125,-3652,-711,-1181,342,-1009
-253,177,37,109,-193,-367,-1162,-3695,-742,-1231,307,-1032
-304,180,89,76,-263,-389,-1190,-3731,-765,-1263,278,-1045
-308,217,62,120,-249,-401,-1185,-3736,-760,-1250,278,-1034
-297,260,13,182,-209,-406,-1169,-3728,-741,-1221,288,-1014
-290,289,-18,224,-184,-405,-1157,-3720,-724,-1196,297,-999
-270,318,-63,274,-141,-394,-1141,-3706,-704,-1173,311,-981
-266,326,-72,286,-132,-380,-1134,-3706,-696,-1171,316,-973
-285,315,-40,259,-166,-370,-1134,-3719,-700,-1183,310,-976
-306,304,-6,231,-202,-362,-1130,-3727,-702,-1189,310,-977
-328,290,31,198,-242,-355,-1129,-3731,-704,-1198,313,-983
-377,244,126,106,-337,-346,-1148,-3746,-725,-1234,301,-1014
-455,184,263,-25,-479,-347,-1179,-3775,-761,-1293,269,-1061
-518,159,351,-99,-578,-365,-1197,-3790,-786,-1328,245,-1094
-539,188,342,-74,-585,-393,-1186,-3776,-781,-1315,248,-1096
-521,252,258,24,-516,-420,-1153,-3738,-751,-1262,273,-1070
-488,313,162,127,-430,-438,-1119,-3700,-715,-1209,305,-1037
-482,341,127,167,-402,-453,-1109,-3685,-699,-1187,317,-1020
-481,361,107,190,-389,-469,-1107,-3679,-691,-1173,326,-1006
-471,388,70,230,-358,-486,-1098,-3666,-678,-1150,343,-984
-442,430,-1,300,-293,-501,-1076,-3638,-655,-1115,376,-951
-411,479,-79,380,-222,-522,-1050,-3603,-627,-1076,415,-916
-387,521,-144,447,-165,-545,-1028,-3571,-600,-1043,448,-888
-399,525,-135,438,-181,-568,-1031,-3566,-598,-1051,454,-888
-423,513,-98,401,-224,-589,-1045,-3578,-609,-1076,448,-896
-438,503,-72,373,-253,-606,-1056,-3590,-618,-1100,444,-899
-462,486,-30,329,-299,-624,-1071,-3611,-636,-1126,435,-905
-463,486,-28,324,-303,-639,-1075,-3624,-646,-1131,431,-904
-440,505,-69,360,-261,-649,-1067,-3622,-646,-1120,437,-895
-422,525,-104,394,-227,-663,-1060,-3620,-645,-1115,436,-888
-412,549,-138,429,-199,-684,-1050,-3620,-641,-1107,426,-879
-383,607,-223,523,-123,-714,-1019,-3606,-617,-1066,426,-847
-326,686,-356,662,4,-737,-978,-3577,-583,-1012,443,-801
-282,738,-449,758,95,-750,-961,-3563,-569,-995,451,-769
-278,743,-455,765,103,-756,-971,-3575,-583,-1024,443,-760
-300,713,-401,709,53,-755,-999,-3604,-617,-1081,421,-767
-319,686,-352,659,9,-750,-1024,-3629,-653,-1133,400,-773
-299,692,-375,681,39,-741,-1025,-3632,-670,-1152,399,-763
-274,707,-414,720,84,-732,-1022,-3628,-684,-1161,404,-751
-266,714,-428,736,100,-727,-1027,-3632,-706,-1184,403,-748
-297,701,-382,701,52,-733,-1049,-3655,-743,-1232,382,-760
-348,676,-307,639,-30,-742,-1075,-3682,-784,-1287,350,-780
-399,654,-234,579,-109,-751,-1101,-3706,-823,-1334,314,-803
-415,663,-227,586,-122,-757,-1107,-3710,-845,-1351,293,-811
-426,682,-234,607,-122,-764,-1112,-3710,-863,-1366,273,-818
-458,686,-206,594,-160,-774,-1129,-3719,-893,-1393,250,-836
-490,692,-179,584,-197,-786,-1146,-3727,-922,-1423,230,-857
-545,677,-108,529,-279,-798,-1177,-3750,-963,-1478,194,-893
-622,640,6,431,-405,-810,-1217,-3788,-1015,-1546,143,-946
-690,600,114,335,-521,-816,-1253,-3823,-1062,-1603,95,-1003
-744,555,213,240,-623,-809,-1285,-3852,-1102,-1652,58,-1063
-809,483,350,103,-757,-794,-1333,-3891,-1153,-1718,12,-1142
-891,401,514,-61,-922,-783,-1391,-3939,-1212,-1794,-43,-1222
-950,352,622,-165,-1035,-782,-1428,-3970,-1251,-1835,-80,-1267
-965,356,631,-169,-1052,-789,-1429,-3969,-1256,-1827,-81,-1270
-937,397,562,-95,-989,-794,-1403,-3942,-1236,-1784,-56,-1244
-896,442,473,-7,-905,-795,-1374,-3908,-1205,-1742,-29,-1214
-887,460,445,22,-883,-803,-1369,-3899,-1195,-1738,-26,-1207
-885,477,424,46,-870,-817,-1369,-3895,-1191,-1743,-30,-1208
-878,506,386,88,-843,-837,-1363,-3889,-1182,-1743,-31,-1202
-845,548,309,165,-772,-851,-1346,-3868,-1163,-1725,-14,-1183
-800,590,219,250,-685,-860,-1324,-3838,-1137,-1696,16,-1157
-761,621,147,316,-612,-867,-1304,-3803,-1113,-1667,50,-1132
-757,609,151,303,-614,-871,-1306,-3784,-1108,-1667,64,-1127
-769,582,185,259,-647,-875,-1319,-3773,-1112,-1682,67,-1132
-772,563,204,232,-662,-880,-1329,-3754,-1109,-1687,75,-1132
-788,540,237,192,-695,-891,-1343,-3737,-1106,-1696,77,-1135
-787,532,240,183,-696,-901,-1345,-3708,-1096,-1693,85,-1129
-767,539,211,205,-663,-906,-1334,-3665,-1074,-1679,102,-1113
-757,539,196,213,-644,-913,-1328,-3628,-1059,-1676,108,-1101
-760,541,194,214,-644,-929,-1322,-3598,-1049,-1671,104,-1091
-748,579,142,272,-599,-956,-1295,-3560,-1024,-1637,103,-1065
-709,645,36,385,-499,-982,-1253,-3510,-987,-1581,113,-1026
-682,696,-42,470,-427,-1003,-1224,-3471,-967,-1547,117,-1001
-695,715,-48,485,-428,-1027,-1224,-3461,-979,-1558,104,-1002
-736,710,1,449,-485,-1051,-1243,-3472,-1014,-1599,77,-1022
-778,704,51,411,-543,-1073,-1260,-3480,-1050,-1636,54,-1042
-777,728,29,441,-524,-1083,-1252,-3458,-1063,-1634,58,-1039
-762,754,-8,485,-486,-1083,-1235,-3422,-1065,-1621,74,-1030
-754,763,-20,499,-468,-1074,-1223,-3387,-1070,-1619,83,-1030
-768,746,15,467,-497,-1062,-1226,-3365,-1086,-1636,73,-1044
-793,722,68,419,-546,-1050,-1235,-3349,-1106,-1659,51,-1064
-811,713,99,396,-576,-1044,-1237,-3332,-1124,-1672,32,-1079
-792,745,51,454,-528,-1040,-1217,-3299,-1123,-1654,38,-1074
-759,797,-31,548,-448,-1038,-1193,-3264,-1117,-1634,51,-1063
-740,842,-92,623,-394,-1043,-1183,-3242,-1124,-1630,55,-1063
-719,891,-161,707,-332,-1048,-1174,-3219,-1133,-1624,60,-1066
-717,922,-193,754,-309,-1055,-1179,-3203,-1150,-1631,55,-1083
-739,933,-182,759,-330,-1066,-1198,-3200,-1181,-1656,35,-1119
-756,944,-178,768,-345,-1075,-1220,-3196,-1213,-1683,16,-1153
-765,952,-178,779,-352,-1079,-1246,-3183,-1242,-1708,6,-1172
-792,930,-132,738,-402,-1076,-1292,-3177,-1281,-1755,-6,-1193
-839,886,-43,653,-495,-1074,-1345,-3181,-1324,-1808,-23,-1214
-866,865,1,612,-546,-1075,-1376,-3169,-1348,-1828,-23,-1214
-849,891,-45,662,-508,-1081,-1369,-3126,-1338,-1794,11,-1182
-802,947,-152,772,-409,-1088,-1335,-3059,-1301,-1725,71,-1136
-751,1001,-258,878,-309,-1093,-1295,-2991,-1259,-1659,135,-1095
-739,1019,-290,910,-286,-1102,-1279,-2953,-1238,-1628,171,-1080
-742,1019,-290,907,-294,-1109,-1275,-2930,-1228,-1610,193,-1072
-739,1021,-294,908,-295,-1116,-1271,-2909,-1215,-1586,214,-1053
-715,1028,-326,930,-263,-1114,-1263,-2881,-1197,-1555,242,-1025
-682,1037,-368,959,-219,-1107,-1252,-2848,-1177,-1529,275,-995
-662,1038,-388,966,-198,-1104,-1246,-2818,-1160,-1515,306,-973
-683,999,-329,895,-255,-1103,-1264,-2810,-1168,-1540,314,-980
-721,950,-241,797,-343,-1106,-1293,-2808,-1185,-1581,308,-1003
-751,913,-174,721,-409,-1111,-1314,-2801,-1201,-1615,304,-1024
-789,877,-100,640,-485,-1122,-1336,-2800,-1222,-1655,289,-1051
-811,859,-60,595,-527,-1134,-1344,-2789,-1236,-1682,278,-1071
-812,862,-63,592,-524,-1144,-1339,-2761,-1235,-1688,281,-1075
-814,870,-68,595,-521,-1158,-1332,-2735,-1230,-1689,287,-1070
-826,891,-76,609,-520,-1185,-1322,-2717,-1223,-1682,292,-1059
-821,954,-143,691,-469,-1229,-1289,-2691,-1200,-1650,310,-1030
-787,1041,-263,825,-362,-1267,-1234,-2651,-1163,-1594,349,-987
-757,1099,-349,917,-281,-1287,-1186,-2614,-1133,-1558,381,-957
-755,1104,-354,922,-272,-1289,-1160,-2598,-1123,-1559,386,-957
-781,1074,-297,865,-323,-1286,-1150,-2599,-1129,-1583,370,-974
-807,1043,-238,807,-375,-1281,-1136,-2601,-1136,-1598,356,-989
-795,1041,-248,814,-355,-1268,-1096,-2580,-1120,-1578,370,-982
-764,1044,-281,843,-309,-1246,-1046,-2547,-1094,-1544,400,-965
-736,1033,-298,852,-275,-1215,-1003,-2512,-1068,-1514,434,-949
-730,1009,-282,832,-279,-1190,-972,-2482,-1047,-1494,453,-940
-731,980,-253,800,-295,-1165,-948,-2453,-1030,-1480,453,-937
-729,956,-233,777,-307,-1141,-926,-2421,-1011,-1466,445,-932
-703,968,-273,819,-261,-1123,-889,-2369,-977,-1429,454,-912
-670,987,-327,875,-203,-1106,-853,-2319,-940,-1394,471,-890
-655,987,-342,891,-183,-1086,-832,-2287,-921,-1385,475,-886
-636,979,-353,899,-165,-1059,-816,-2262,-907,-1386,475,-886
-635,943,-319,858,-190,-1026,-817,-2253,-910,-1411,464,-902
-658,885,-235,769,-264,-994,-838,-2263,-924,-1451,445,-929
-681,830,-155,681,-336,-963,-864,-2272,-938,-1485,431,-952
-692,773,-85,600,-394,-925,-891,-2277,-952,-1517,419,-974
-711,693,18,479,-480,-877,-937,-2290,-982,-1569,398,-1009
-745,599,150,330,-594,-831,-991,-2311,-1018,-1626,367,-1048
-752,539,221,242,-651,-790,-1023,-2317,-1035,-1643,357,-1058
-706,530,187,259,-603,-751,-1018,-2293,-1019,-1609,385,-1029
-624,563,76,354,-478,-717,-985,-2245,-976,-1540,441,-974
-536,606,-53,468,-338,-687,-949,-2192,-928,-1469,503,-917
-488,627,-118,524,-267,-671,-932,-2163,-898,-1431,541,-882
-459,642,-160,559,-224,-666,-918,-2142,-872,-1402,564,-857
-428,663,-211,606,-172,-665,-898,-2124,-844,-1367,582,-832
-378,700,-297,687,-84,-664,-870,-2099,-811,-1315,612,-802
-323,742,-395,778,17,-664,-837,-2075,-779,-1257,651,-768
-273,781,-485,862,109,-667,-809,-2057,-753,-1209,694,-739
-265,790,-505,881,128,-678,-811,-2066,-752,-1204,716,-737
-285,785,-486,864,104,-700,-829,-2090,-768,-1222,723,-751
-304,786,-473,855,86,-726,-844,-2112,-784,-1238,729,-763
-341,774,-432,819,37,-755,-864,-2144,-805,-1260,723,-776
-369,773,-410,804,9,-784,-879,-2165,-819,-1271,720,-782
-377,782,-418,815,14,-807,-888,-2175,-825,-1272,724,-781
-387,781,-415,812,12,-824,-904,-2193,-837,-1276,720,-782
-396,774,-406,802,7,-835,-917,-2219,-850,-1276,712,-778
-379,792,-447,841,53,-844,-906,-2232,-844,-1243,720,-751
-333,838,-544,936,156,-850,-877,-2223,-817,-1184,750,-707
-297,867,-612,999,232,-850,-862,-2218,-797,-1147,776,-676
-297,862,-608,992,235,-849,-875,-2233,-796,-1144,779,-669
-327,833,-550,932,182,-851,-906,-2261,-811,-1165,763,-682
-363,807,-487,871,121,-857,-935,-2281,-824,-1184,744,-698
-360,813,-495,879,133,-856,-943,-2276,-818,-1174,749,-696
-342,830,-527,909,169,-852,-945,-2264,-806,-1163,762,-686
-331,841,-544,926,191,-846,-954,-2256,-802,-1168,773,-678
-352,836,-514,900,157,-849,-981,-2268,-811,-1192,770,-678
-390,828,-461,858,98,-860,-1016,-2288,-826,-1224,759,-683
-427,831,-421,831,45,-877,-1050,-2308,-839,-1249,746,-685
-432,869,-448,872,59,-894,-1063,-2310,-837,-1242,751,-670
-419,922,-507,945,104,-909,-1069,-2301,-824,-1221,761,-647
-418,963,-541,992,125,-923,-1089,-2298,-818,-1210,761,-630
-405,999,-582,1042,157,-926,-1109,-2291,-809,-1197,767,-611
-401,1007,-587,1050,159,-916,-1140,-2294,-811,-1205,763,-607
-411,984,-548,1007,121,-896,-1182,-2313,-829,-1242,741,-616
-409,959,-519,971,98,-867,-1216,-2328,-844,-1276,724,-626
-387,934,-510,949,102,-827,-1238,-2328,-852,-1296,722,-638
-371,885,-473,891,83,-774,-1271,-2336,-870,-1327,719,-662
-373,822,-405,805,31,-727,-1312,-2358,-905,-1369,705,-694
-359,796,-391,779,26,-695,-1331,-2370,-932,-1387,699,-709
-298,825,-480,859,122,-670,-1312,-2353,-932,-1359,719,-691
-198,895,-652,1021,300,-647,-1264,-2308,-905,-1294,764,-646
-80,972,-849,1205,507,-620,-1209,-2251,-867,-1226,818,-595
3,1021,-983,1328,650,-599,-1170,-2215,-843,-1186,855,-562
71,1061,-1095,1431,769,-583,-1127,-2184,-821,-1148,888,-530
141,1108,-1216,1544,895,-572,-1073,-2152,-795,-1104,924,-491
221,1170,-1364,1683,1048,-565,-1011,-2109,-762,-1050,968,-446
300,1240,-1520,1835,1205,-567,-948,-2060,-726,-993,1017,-399
360,1302,-1649,1962,1333,-576,-895,-2018,-695,-952,1061,-359
376,1323,-1694,2006,1376,-589,-873,-2005,-690,-953,1078,-343
363,1317,-1683,1995,1363,-604,-875,-2014,-704,-978,1074,-344
350,1305,-1667,1977,1346,-616,-884,-2029,-721,-999,1070,-346
322,1274,-1616,1923,1296,-626,-910,-2064,-749,-1030,1054,-355
306,1248,-1581,1883,1266,-630,-937,-2099,-777,-1055,1036,-362
313,1238,-1586,1880,1276,-631,-958,-2122,-794,-1068,1028,-360
314,1228,-1583,1871,1278,-633,-987,-2149,-812,-1082,1023,-363
302,1218,-1565,1852,1260,-644,-1020,-2185,-835,-1098,1012,-376
301,1233,-1581,1872,1272,-663,-1035,-2218,-850,-1098,1000,-382
318,1265,-1630,1926,1317,-680,-1037,-2238,-855,-1090,996,-379
317,1273,-1634,1933,1319,-691,-1057,-2272,-877,-1111,983,-389
275,1236,-1550,1851,1235,-699,-1109,-2329,-926,-1174,948,-424
202,1169,-1404,1707,1087,-706,-1182,-2404,-995,-1262,895,-473
125,1100,-1249,1556,931,-712,-1260,-2484,-1067,-1349,835,-525
88,1065,-1169,1477,851,-713,-1322,-2540,-1117,-1402,798,-555
71,1051,-1127,1439,809,-715,-1383,-2578,-1151,-1434,777,-573
47,1041,-1084,1403,761,-722,-1454,-2618,-1185,-1468,758,-595
4,1026,-1017,1348,684,-738,-1538,-2665,-1224,-1513,730,-628
-49,1013,-942,1290,596,-760,-1620,-2712,-1262,-1558,696,-659
-94,1016,-891,1260,528,-788,-1688,-2749,-1288,-1587,666,-678
-100,1053,-916,1304,537,-811,-1723,-2761,-1285,-1579,655,-669
-81,1104,-980,1383,589,-826,-1738,-2754,-1263,-1555,656,-648
-68,1140,-1026,1441,625,-835,-1753,-2747,-1242,-1540,650,-635
-41,1176,-1086,1509,680,-834,-1759,-2730,-1213,-1519,654,-620
-26,1197,-1122,1550,712,-830,-1774,-2722,-1191,-1508,658,-609
-35,1200,-1118,1554,701,-830,-1797,-2728,-1182,-1514,653,-604
-51,1207,-1112,1559,684,-839,-1817,-2732,-1174,-1524,649,-596
-69,1213,-1105,1564,668,-848,-1834,-2728,-1165,-1533,653,-584
-109,1191,-1050,1517,604,-853,-1868,-2730,-1169,-1565,650,-585
-184,1151,-944,1423,484,-870,-1919,-2747,-1191,-1624,625,-604
-252,1137,-871,1369,391,-901,-1956,-2756,-1207,-1663,602,-622
-282,1172,-886,1406,383,-939,-1961,-2738,-1202,-1662,598,-626
-279,1239,-967,1508,442,-979,-1940,-2698,-1179,-1631,610,-614
-273,1308,-1052,1613,505,-1018,-1913,-2656,-1154,-1603,627,-596
-315,1351,-1064,1650,489,-1073,-1909,-2642,-1155,-1610,630,-590
-380,1386,-1043,1660,434,-1140,-1919,-2646,-1174,-1631,622,-592
-440,1427,-1033,1680,390,-1210,-1925,-2650,-1193,-1645,615,-599
-474,1483,-1064,1736,391,-1272,-1915,-2640,-1200,-1638,620,-597
-491,1543,-1113,1806,416,-1328,-1896,-2617,-1196,-1620,635,-586
-509,1593,-1152,1862,432,-1380,-1878,-2593,-1194,-1602,655,-580
-560,1602,-1117,1841,377,-1428,-1879,-2591,-1214,-1621,654,-596
-628,1587,-1038,1773,281,-1472,-1890,-2610,-1250,-1661,635,-626
-688,1578,-974,1719,200,-1516,-1897,-2628,-1286,-1700,611,-653
-761,1567,-892,1652,98,-1567,-1911,-2655,-1331,-1749,575,-688
-823,1575,-838,1616,21,-1625,-1913,-2672,-1368,-1782,540,-722
-860,1603,-828,1622,-10,-1678,-1900,-2676,-1394,-1802,516,-747
-898,1627,-811,1621,-46,-1729,-1890,-2684,-1425,-1831,486,-773
-948,1652,-781,1612,-100,-1788,-1885,-2702,-1461,-1866,450,-799
-986,1703,-789,1647,-120,-1855,-1864,-2712,-1483,-1878,428,-805
-1000,1776,-840,1724,-97,-1920,-1825,-2706,-1487,-1868,423,-795
-1031,1826,-851,1761,-111,-1979,-1800,-2710,-1499,-1875,414,-802
-1100,1831,-777,1712,-207,-2031,-1800,-2738,-1536,-1920,378,-840
-1196,1800,-639,1596,-365,-2076,-1820,-2784,-1594,-1994,314,-901
-1290,1761,-494,1471,-526,-2111,-1844,-2836,-1658,-2063,238,-959
-1342,1751,-422,1415,-609,-2136,-1852,-2867,-1702,-2101,183,-995
-1377,1756,-380,1390,-662,-2158,-1856,-2891,-1740,-2134,139,-1025
-1418,1756,-329,1358,-724,-2179,-1871,-2920,-1783,-2177,98,-1060
-1480,1737,-239,1286,-826,-2199,-1895,-2963,-1837,-2230,52,-1101
-1549,1700,-124,1188,-950,-2211,-1923,-3008,-1891,-2282,2,-1147
-1607,1657,-15,1090,-1062,-2211,-1946,-3050,-1941,-2320,-45,-1191
-1629,1636,34,1047,-1110,-2201,-1942,-3068,-1969,-2326,-73,-1213
-1630,1626,50,1033,-1123,-2183,-1919,-3070,-1980,-2319,-87,-1219
-1646,1604,93,993,-1164,-2167,-1899,-3076,-1991,-2321,-105,-1230
-1655,1584,124,962,-1192,-2148,-1871,-3072,-1994,-2316,-116,-1241
-1675,1552,178,908,-1243,-2128,-1851,-3075,-2000,-2322,-132,-1262
-1716,1500,270,815,-1333,-2110,-1843,-3092,-2021,-2346,-162,-1297
-1746,1447,351,728,-1408,-2085,-1834,-3105,-2043,-2375,-194,-1334
-1757,1391,414,652,-1459,-2046,-1826,-3114,-2065,-2409,-220,-1369
-1777,1309,512,535,-1539,-1998,-1837,-3133,-2104,-2469,-255,-1419
-1825,1210,654,377,-1667,-1958,-1865,-3167,-2162,-2551,-310,-1485
-1865,1143,753,268,-1761,-1936,-1875,-3191,-2210,-2606,-359,-1542
-1867,1138,753,268,-1763,-1932,-1857,-3184,-2230,-2611,-380,-1566
-1836,1185,667,359,-1685,-1942,-1814,-3156,-2223,-2577,-373,-1563
-1791,1250,547,484,-1575,-1957,-1766,-3123,-2209,-2539,-358,-1555
-1777,1290,485,554,-1524,-1978,-1741,-3114,-2216,-2536,-367,-1563
-1776,1318,447,600,-1497,-2000,-1727,-3115,-2236,-2545,-383,-1572
-1770,1347,403,650,-1463,-2022,-1711,-3113,-2252,-2550,-389,-1566
-1742,1382,330,723,-1394,-2034,-1684,-3100,-2257,-2538,-378,-1545
-1699,1415,247,801,-1308,-2036,-1653,-3081,-2252,-2513,-356,-1517
-1659,1427,187,850,-1239,-2028,-1628,-3061,-2244,-2490,-336,-1493
-1654,1394,207,815,-1247,-2012,-1628,-3062,-2255,-2499,-338,-1494
-1674,1328,286,719,-1310,-1993,-1643,-3081,-2282,-2532,-361,-1515
-1690,1262,362,625,-1369,-1971,-1656,-3101,-2308,-2562,-381,-1536
-1727,1185,472,502,-1464,-1956,-1677,-3131,-2342,-2603,-410,-1565
-1761,1125,563,402,-1545,-1949,-1689,-3156,-2372,-2636,-433,-1588
-1772,1095,604,354,-1577,-1947,-1689,-3164,-2391,-2648,-436,-1596
-1786,1076,637,320,-1606,-1953,-1690,-3174,-2408,-2660,-437,-1607
-1807,1070,669,294,-1640,-1970,-1695,-3195,-2429,-2676,-450,-1626
-1810,1097,650,325,-1626,-1996,-1682,-3208,-2436,-2669,-463,-1631
-1777,1153,569,416,-1549,-2016,-1650,-3204,-2429,-2640,-461,-1616
-1747,1190,512,478,-1489,-2022,-1628,-3207,-2432,-2631,-463,-1601
-1747,1183,531,459,-1501,-2018,-1633,-3231,-2462,-2663,-481,-1604
-1775,1145,609,381,-1571,-2010,-1661,-3272,-2511,-2726,-517,-1625
-1809,1107,696,296,-1651,-2004,-1691,-3316,-2563,-2789,-559,-1648
-1805,1108,704,290,-1654,-1998,-1697,-3335,-2595,-2816,-579,-1652
-1787,1131,675,323,-1623,-1994,-1696,-3340,-2620,-2833,-591,-1648
-1775,1155,651,355,-1599,-1995,-1703,-3348,-2651,-2861,-608,-1650
-1784,1170,654,362,-1608,-2001,-1721,-3368,-2693,-2907,-638,-1662
-1803,1183,667,361,-1630,-2012,-1742,-3392,-2734,-2955,-670,-1676
-1818,1207,664,379,-1640,-2028,-1758,-3412,-2766,-2984,-698,-1681
-1811,1263,603,458,-1595,-2049,-1754,-3412,-2777,-2979,-705,-1667
-1785,1328,514,561,-1520,-2064,-1742,-3400,-2775,-2960,-697,-1644
-1772,1367,459,625,-1475,-2071,-1739,-3399,-2777,-2954,-699,-1633
-1756,1400,406,683,-1430,-2073,-1729,-3393,-2776,-2949,-702,-1624
-1762,1413,393,702,-1426,-2077,-1726,-3393,-2785,-2958,-716,-1626
-1799,1400,436,666,-1480,-2086,-1735,-3409,-2806,-2983,-743,-1643
-1838,1382,484,624,-1539,-2095,-1745,-3423,-2827,-3002,-763,-1664
-1865,1360,523,584,-1582,-2094,-1757,-3431,-2844,-3016,-772,-1685
-1901,1311,597,503,-1656,-2083,-1790,-3448,-2875,-3052,-783,-1720
-1960,1243,712,382,-1773,-2077,-1838,-3481,-2925,-3112,-810,-1765
-2005,1202,787,305,-1853,-2080,-1869,-3508,-2964,-3146,-830,-1793
-2009,1213,769,324,-1843,-2092,-1863,-3505,-2971,-3127,-820,-1783
-1980,1264,679,416,-1763,-2110,-1830,-3478,-2951,-3071,-783,-1746
-1942,1324,571,526,-1665,-2129,-1789,-3445,-2920,-3010,-737,-1704
-1940,1353,533,568,-1639,-2153,-1773,-3440,-2912,-2985,-717,-1689
-1960,1369,532,575,-1651,-2183,-1771,-3451,-2917,-2978,-713,-1692
-1976,1388,524,588,-1656,-2213,-1762,-3457,-2916,-2963,-709,-1691
-1965,1415,485,627,-1622,-2232,-1743,-3449,-2904,-2932,-696,-1678
-1940,1449,426,684,-1565,-2245,-1717,-3430,-2885,-2899,-675,-1660
-1918,1477,376,730,-1518,-2257,-1696,-3415,-2871,-2880,-656,-1647
-1933,1480,391,716,-1538,-2277,-1703,-3422,-2880,-2898,-653,-1653
-1976,1468,449,665,-1605,-2305,-1723,-3442,-2903,-2931,-659,-1669
-2008,1468,484,637,-1649,-2333,-1733,-3451,-2918,-2946,-653,-1676
-2046,1463,532,598,-1706,-2362,-1744,-3463,-2931,-2966,-653,-1684
-2074,1471,558,583,-1741,-2391,-1748,-3463,-2935,-2977,-649,-1682
-2076,1496,540,609,-1731,-2414,-1741,-3446,-2924,-2970,-630,-1664
-2076,1517,526,631,-1721,-2432,-1735,-3427,-2912,-2965,-607,-1643
-2085,1534,526,641,-1728,-2452,-1733,-3417,-2904,-2962,-592,-1627
-2080,1567,495,683,-1705,-2473,-1715,-3403,-2883,-2938,-573,-1601
-2043,1609,423,760,-1633,-2478,-1679,-3376,-2848,-2891,-546,-1564
-2007,1623,381,799,-1581,-2462,-1656,-3356,-2825,-2862,-533,-1543
-1999,1593,411,761,-1597,-2436,-1658,-3360,-2831,-2873,-549,-1549
-2017,1531,500,662,-1670,-2405,-1684,-3389,-2860,-2914,-589,-1584
-2046,1466,601,555,-1757,-2378,-1714,-3429,-2895,-2962,-640,-1628
-2037,1434,631,517,-1773,-2347,-1723,-3448,-2915,-2986,-669,-1655
-2012,1414,632,507,-1758,-2312,-1724,-3457,-2926,-3001,-684,-1673
-1996,1385,650,480,-1760,-2277,-1733,-3467,-2937,-3020,-695,-1698
-2006,1339,709,415,-1806,-2247,-1754,-3488,-2954,-3053,-714,-1733
-2031,1290,784,336,-1873,-2223,-1778,-3514,-2976,-3091,-739,-1771
-2055,1253,844,276,-1928,-2206,-1798,-3539,-2994,-3118,-763,-1798
-2052,1252,840,282,-1922,-2195,-1796,-3546,-2990,-3113,-773,-1801
-2029,1273,793,332,-1874,-2185,-1780,-3540,-2972,-3090,-769,-1787
-2023,1283,773,355,-1855,-2178,-1771,-3543,-2964,-3083,-770,-1776
-2015,1286,756,372,-1836,-2166,-1758,-3542,-2957,-3077,-760,-1760
-2020,1263,779,343,-1853,-2145,-1757,-3550,-2956,-3084,-749,-1751
-2051,1212,853,262,-1920,-2123,-1770,-3576,-2969,-3112,-752,-1759
-2081,1160,926,180,-1986,-2101,-1784,-3602,-2980,-3139,-760,-1769
-2101,1117,980,116,-2034,-2079,-1799,-3622,-2991,-3162,-767,-1780
-2138,1062,1063,23,-2112,-2062,-1832,-3647,-3018,-3204,-782,-1805
-2204,995,1189,-106,-2238,-2058,-1882,-3685,-3060,-3266,-810,-1848
-2259,957,1273,-190,-2331,-2067,-1916,-3716,-3088,-3307,-827,-1878
-2272,971,1264,-175,-2332,-2084,-1918,-3721,-3090,-3306,-820,-1878
-2247,1027,1178,-83,-2259,-2105,-1895,-3703,-3070,-3276,-792,-1851
-2212,1092,1072,29,-2166,-2127,-1868,-3672,-3038,-3240,-754,-1817
-2213,1127,1035,73,-2144,-2154,-1862,-3658,-3021,-3232,-738,-1803
-2233,1146,1035,84,-2159,-2185,-1860,-3651,-3012,-3229,-730,-1802
-2249,1166,1030,97,-2169,-2215,-1849,-3640,-2999,-3216,-720,-1801
-2240,1195,993,137,-2142,-2236,-1828,-3616,-2977,-3192,-700,-1786
-2215,1226,939,191,-2092,-2249,-1799,-3581,-2950,-3162,-673,-1759
-2191,1249,895,233,-2050,-2259,-1772,-3543,-2925,-3137,-653,-1735
-2197,1243,910,215,-2068,-2270,-1768,-3520,-2920,-3136,-654,-1729
-2233,1219,973,155,-2137,-2290,-1778,-3512,-2929,-3156,-666,-1737
-2260,1207,1017,116,-2187,-2312,-1780,-3494,-2931,-3162,-665,-1737
-2297,1189,1077,62,-2255,-2339,-1784,-3478,-2936,-3170,-667,-1747
-2327,1183,1118,30,-2304,-2368,-1782,-3456,-2937,-3165,-670,-1767
-2337,1203,1114,45,-2310,-2400,-1768,-3420,-2928,-3150,-667,-1786
-2350,1228,1109,66,-2316,-2438,-1752,-3382,-2920,-3139,-669,-1800
-2376,1257,1110,85,-2334,-2487,-1731,-3348,-2913,-3129,-674,-1800
-2389,1317,1069,153,-2316,-2546,-1687,-3302,-2889,-3095,-667,-1776
-2374,1404,973,277,-2242,-2604,-1623,-3233,-2844,-3043,-644,-1735
-2369,1478,900,376,-2189,-2657,-1571,-3164,-2804,-3010,-630,-1709
-2406,1517,904,401,-2216,-2713,-1542,-3116,-2785,-3018,-643,-1716
-2481,1525,975,362,-2312,-2773,-1533,-3083,-2786,-3058,-684,-1753
-2575,1530,1068,306,-2435,-2841,-1528,-3055,-2792,-3102,-740,-1802
-2637,1570,1093,320,-2491,-2909,-1499,-3000,-2771,-3109,-778,-1830
-2680,1624,1084,365,-2512,-2971,-1457,-2926,-2731,-3096,-798,-1849
-2725,1663,1090,391,-2542,-3022,-1421,-2849,-2689,-3085,-815,-1874
-2788,1682,1135,378,-2611,-3071,-1400,-2778,-2651,-3083,-839,-1913
-2864,1690,1202,343,-2702,-3119,-1383,-2705,-2607,-3075,-869,-1953
-2930,1702,1255,319,-2777,-3161,-1359,-2620,-2545,-3043,-890,-1981
-2964,1741,1250,352,-2791,-3199,-1308,-2506,-2447,-2960,-882,-1981
-2971,1801,1195,432,-2755,-3230,-1238,-2366,-2317,-2835,-846,-1959
-2989,1850,1163,487,-2741,-3260,-1177,-2224,-2183,-2715,-811,-1941
-2996,1896,1125,544,-2716,-3281,-1112,-2071,-2038,-2590,-769,-1916
-3009,1927,1107,577,-2710,-3295,-1056,-1920,-1894,-2473,-726,-1894
-3044,1941,1127,572,-2743,-3314,-1018,-1787,-1764,-2375,-694,-1879
-3074,1960,1137,577,-2767,-3332,-982,-1658,-1634,-2275,-657,-1859
-3083,1983,1123,599,-2763,-3341,-944,-1533,-1503,-2175,-610,-1832
-3091,1980,1133,587,-2774,-3331,-924,-1430,-1394,-2099,-568,-1818
-3113,1950,1184,530,-2822,-3316,-928,-1368,-1315,-2054,-544,-1817
-3120,1945,1195,515,-2835,-3310,-926,-1326,-1241,-1995,-514,-1801
-3081,1991,1108,599,-2753,-3308,-899,-1283,-1152,-1898,-458,-1750
-2997,2074,939,763,-2587,-3304,-856,-1238,-1046,-1770,-376,-1668
-2888,2165,736,953,-2382,-3292,-811,-1210,-940,-1637,-275,-1569
-2803,2224,590,1085,-2233,-3277,-795,-1230,-863,-1533,-181,-1478
-2733,2266,474,1187,-2113,-3262,-798,-1292,-811,-1444,-87,-1389
-2652,2311,345,1299,-1978,-3246,-806,-1383,-768,-1351,17,-1288
-2543,2361,181,1437,-1802,-3215,-815,-1492,-724,-1240,141,-1167
-2415,2412,-1,1589,-1601,-3175,-829,-1624,-686,-1117,281,-1028
-2286,2445,-168,1720,-1410,-3124,-857,-1791,-669,-1008,425,-883
-2176,2431,-269,1776,-1274,-3056,-913,-2016,-691,-942,553,-753
-2079,2376,-317,1770,-1183,-2969,-990,-2296,-748,-913,667,-640
-1963,2309,-372,1762,-1073,-2863,-1068,-2615,-825,-894,785,-523
-1851,2224,-403,1725,-981,-2747,-1157,-2984,-930,-904,892,-413
-1727,2141,-448,1700,-872,-2624,-1243,-3385,-1051,-918,994,-299
-1575,2072,-534,1712,-717,-2491,-1324,-3805,-1179,-924,1101,-169
-1425,2001,-615,1719,-565,-2355,-1413,-4258,-1326,-940,1206,-30
-1284,1922,-676,1709,-431,-2219,-1511,-4750,-1494,-969,1308,116
-1127,1859,-769,1731,-265,-2080,-1597,-5270,-1669,-978,1428,283
-936,1813,-909,1797,-44,-1928,-1669,-5808,-1848,-971,1574,469
-752,1740,-1015,1822,151,-1759,-1761,-6374,-2058,-991,1721,651
-601,1614,-1032,1753,266,-1573,-1886,-6974,-2308,-1051,1852,813
-484,1443,-971,1602,308,-1377,-2038,-7602,-2587,-1136,1968,958
-379,1262,-888,1430,327,-1180,-2199,-8235,-2879,-1215,2079,1106
-234,1117,-878,1331,422,-978,-2352,-8844,-3149,-1247,2224,1290
-59,996,-924,1284,575,-770,-2515,-9437,-3404,-1242,2407,1509
124,879,-981,1249,743,-556,-2708,-10039,-3661,-1227,2610,1743
299,756,-1027,1202,898,-342,-2938,-10664,-3928,-1221,2812,1979
469,640,-1074,1158,1049,-134,-3195,-11307,-4202,-1219,3015,2222
652,537,-1149,1143,1230,75,-3466,-11954,-4475,-1206,3231,2484
879,462,-1297,1195,1487,293,-3727,-12582,-4727,-1155,3477,2777
1145,402,-1501,1293,1808,528,-3987,-13199,-4964,-1081,3747,3094
1407,319,-1679,1358,2107,776,-4278,-13843,-5215,-1026,4012,3410
1685,227,-1865,1421,2422,1038,-4592,-14509,-5480,-978,4279,3734
1963,114,-2033,1459,2725,1313,-4936,-15207,-5766,-957,4540,4053
2224,-24,-2160,1451,2986,1591,-5309,-15940,-6075,-961,4791,4364
2485,-163,-2287,1443,3248,1868,-5696,-16686,-6392,-962,5052,4685
2763,-301,-2435,1447,3534,2152,-6091,-17433,-6708,-957,5329,5013
3039,-467,-2554,1415,3798,2452,-6502,-18186,-7035,-969,5607,5331
3300,-669,-2626,1326,4020,2762,-6926,-18947,-7377,-998,5874,5633
3576,-859,-2724,1262,4269,3073,-7327,-19682,-7702,-991,6150,5953
3902,-1011,-2911,1282,4608,3388,-7681,-20362,-7983,-920,6458,6309
4276,-1132,-3177,1375,5033,3713,-7994,-20983,-8220,-797,6795,6699
4682,-1252,-3476,1491,5498,4055,-8289,-21554,-8425,-648,7152,7108
5064,-1404,-3715,1546,5907,4401,-8603,-22108,-8631,-519,7494,7502
5420,-1569,-3915,1565,6273,4737,-8929,-22642,-8834,-401,7822,7877
5771,-1722,-4120,1595,6636,5061,-9261,-23147,-9026,-278,8143,8241
6128,-1846,-4357,1667,7026,5368,-9592,-23615,-9201,-145,8469,8602
6486,-1953,-4610,1760,7427,5664,-9932,-24057,-9366,-7,8800,8961
6826,-2060,-4843,1840,7802,5947,-10287,-24480,-9530,127,9132,9312
7122,-2192,-5004,1855,8100,6218,-10671,-24901,-9704,231,9447,9636
7379,-2351,-5097,1808,8327,6481,-11074,-25315,-9888,310,9738,9934
7643,-2508,-5196,1766,8564,6748,-11470,-25698,-10053,398,10027,10229
7892,-2680,-5262,1693,8768,7016,-11862,-26053,-10207,481,10296,10507
8140,-2847,-5330,1625,8974,7281,-12228,-26363,-10339,571,10549,10772
8400,-2998,-5424,1585,9205,7544,-12546,-26611,-10442,678,10798,11030
8640,-3148,-5499,1534,9411,7795,-12831,-26815,-10530,780,11022,11261
8849,-3297,-5543,1463,9576,8026,-13084,-26984,-10609,868,11207,11455
9043,-3417,-5600,1420,9740,8230,-13289,-27104,-10664,964,11360,11622
9230,-3502,-5686,1420,9919,8407,-13449,-27163,-10687,1062,11484,11759
9369,-3590,-5720,1383,10032,8557,-13596,-27185,-10706,1115,11556,11830
9421,-3703,-5642,1256,10013,8666,-13746,-27185,-10737,1094,11551,11814
9379,-3827,-5462,1052,9864,8723,-13894,-27162,-10779,1003,11462,11711
9265,-3932,-5230,826,9632,8721,-14024,-27102,-10813,872,11300,11544
9127,-3973,-5041,672,9415,8662,-14104,-26971,-10812,738,11098,11340
8942,-3960,-4860,560,9171,8535,-14148,-26775,-10785,580,10846,11080
8685,-3916,-4644,446,8857,8342,-14170,-26527,-10749,381,10529,10746
8345,-3857,-4361,298,8444,8083,-14177,-26244,-10714,128,10141,10334
7929,-3778,-4027,129,7946,7760,-14163,-25929,-10680,-170,9688,9855
7459,-3662,-3682,-21,7405,7377,-14117,-25577,-10642,-491,9181,9328
6973,-3489,-3379,-104,6882,6944,-14022,-25177,-10590,-808,8642,8776
6483,-3275,-3120,-129,6385,6480,-13880,-24732,-10527,-1129,8084,8203
5955,-3062,-2826,-178,5841,5991,-13719,-24273,-10479,-1489,7485,7589
5415,-2840,-2532,-220,5288,5486,-13527,-23793,-10440,-1875,6862,6954
4857,-2627,-2212,-284,4706,4973,-13321,-23306,-10420,-2293,6218,6303
4272,-2440,-1842,-398,4074,4458,-13112,-22827,-10432,-2749,5550,5633
3692,-2259,-1472,-516,3445,3947,-12893,-22347,-10465,-3225,4876,4960
3129,-2078,-1119,-622,2839,3447,-12663,-21859,-10513,-3716,4207,4294
2563,-1921,-739,-761,2214,2959,-12440,-21376,-10589,-4239,3539,3623
1984,-1790,-318,-945,1553,2477,-12226,-20907,-10687,-4784,2864,2944
1433,-1642,60,-1089,939,2001,-11993,-20428,-10768,-5290,2207,2290
947,-1448,329,-1130,442,1539,-11723,-19912,-10801,-5711,1605,1690
528,-1216,497,-1079,55,1095,-11419,-19362,-10785,-6044,1065,1148
157,-975,612,-987,-263,677,-11096,-18791,-10731,-6316,580,652
-219,-764,767,-945,-614,277,-10786,-18230,-10664,-6568,125,178
-591,-571,940,-928,-975,-107,-10482,-17675,-10577,-6782,-296,-267
-931,-374,1085,-892,-1296,-470,-10168,-17110,-10458,-6938,-670,-668
-1226,-168,1179,-817,-1556,-807,-9833,-16526,-10301,-7031,-991,-1022
-1478,40,1234,-718,-1760,-1114,-9479,-15928,-10107,-7076,-1261,-1331
-1709,228,1293,-636,-1955,-1391,-9121,-15328,-9891,-7083,-1497,-1610
-1946,374,1406,-620,-2191,-1642,-8780,-14745,-9670,-7083,-1714,-1878
-2188,475,1572,-672,-2467,-1864,-8458,-14186,-9448,-7079,-1918,-2138
-2397,571,1714,-713,-2706,-2058,-8133,-13631,-9207,-7047,-2090,-2367
-2599,652,1866,-773,-2946,-2234,-7810,-13088,-8959,-7004,-2245,-2576
-2783,735,2000,-819,-3163,-2399,-7481,-12553,-8697,-6933,-2371,-2756
-2927,835,2079,-820,-3316,-2545,-7141,-12013,-8414,-6823,-2455,-2898
-3049,929,2141,-814,-3443,-2670,-6804,-11489,-8126,-6691,-2510,-3015
-3161,1015,2201,-813,-3562,-2782,-6476,-10990,-7839,-6546,-2548,-3112
-3239,1115,2212,-770,-3625,-2878,-6143,-10504,-7540,-6373,-2562,-3178
-3265,1229,2154,-673,-3607,-2949,-5800,-10022,-7227,-6171,-2544,-3208
-3271,1311,2105,-602,-3581,-2984,-5478,-9560,-6926,-5981,-2514,-3232
-3296,1336,2128,-616,-3615,-2994,-5200,-9142,-6655,-5831,-2494,-3272
-3341,1317,2212,-699,-3703,-2989,-4965,-8768,-6416,-5714,-2487,-3329
-3391,1287,2306,-796,-3801,-2981,-4756,-8428,-6197,-5612,-2484,-3385
-3397,1290,2318,-814,-3814,-2967,-4544,-8088,-5970,-5484,-2451,-3416
-3376,1313,2277,-781,-3773,-2950,-4337,-7756,-5744,-5347,-2400,-3433
-3353,1325,2242,-757,-3735,-2927,-4149,-7442,-5536,-5226,-2350,-3452
-3342,1313,2236,-767,-3724,-2899,-3988,-7154,-5345,-5127,-2306,-3470
-3341,1286,2250,-796,-3732,-2871,-3847,-6889,-5168,-5040,-2268,-3485
-3328,1264,2243,-808,-3719,-2841,-3714,-6639,-4998,-4949,-2227,-3489
-3286,1273,2172,-753,-3643,-2815,-3571,-6389,-4820,-4833,-2169,-3473
-3215,1312,2038,-634,-3505,-2794,-3420,-6135,-4635,-4703,-2094,-3442
-3159,1345,1922,-527,-3389,-2783,-3280,-5898,-4461,-4589,-2028,-3420
-3099,1382,1797,-412,-3265,-2775,-3140,-5663,-4286,-4476,-1958,-3394
-3051,1404,1694,-318,-3162,-2769,-3007,-5437,-4122,-4375,-1890,-3375
-3030,1401,1643,-273,-3113,-2769,-2888,-5234,-3976,-4297,-1839,-3373
-3016,1398,1599,-233,-3071,-2775,-2769,-5038,-3836,-4214,-1790,-3372
-2995,1397,1545,-182,-3020,-2782,-2648,-4840,-3696,-4124,-1734,-3368
-2986,1371,1532,-174,-3003,-2782,-2546,-4651,-3571,-4057,-1681,-3376
-3006,1312,1580,-229,-3047,-2782,-2467,-4481,-3470,-4022,-1646,-3404
-3026,1263,1622,-272,-3086,-2791,-2381,-4310,-3363,-3975,-1613,-3425
-3015,1255,1595,-240,-3058,-2807,-2267,-4116,-3233,-3895,-1563,-3420
-2978,1285,1508,-145,-2974,-2833,-2133,-3899,-3084,-3790,-1496,-3396
-2935,1334,1401,-24,-2872,-2866,-1994,-3673,-2925,-3679,-1423,-3366
-2930,1366,1355,44,-2837,-2913,-1876,-3468,-2786,-3595,-1373,-3359
-2952,1387,1351,74,-2848,-2968,-1774,-3283,-2663,-3529,-1342,-3367
-2975,1416,1346,108,-2861,-3029,-1674,-3105,-2546,-3464,-1315,-3371
-2984,1459,1318,165,-2849,-3087,-1563,-2920,-2423,-3395,-1283,-3364
-2976,1509,1272,236,-2814,-3135,-1444,-2728,-2299,-3332,-1248,-3353
-2976,1559,1239,296,-2794,-3185,-1334,-2543,-2185,-3291,-1220,-3347
-3011,1586,1268,296,-2839,-3238,-1257,-2386,-2101,-3287,-1215,-3364
-3083,1591,1359,238,-2951,-3299,-1211,-2258,-2043,-3316,-1237,-3411
-3151,1606,1439,192,-3053,-3359,-1167,-2132,-1988,-3341,-1258,-3458
-3231,1615,1539,127,-3177,-3418,-1131,-2026,-1946,-3376,-1290,-3509
-3312,1636,1631,72,-3296,-3482,-1094,-1928,-1907,-3409,-1325,-3554
-3377,1683,1681,61,-3377,-3547,-1047,-1821,-1866,-3430,-1349,-3588
-3445,1739,1725,58,-3456,-3616,-1006,-1723,-1831,-3450,-1372,-3620
-3521,1799,1772,54,-3543,-3690,-969,-1642,-1803,-3474,-1406,-3655
-3581,1891,1770,104,-3585,-3770,-917,-1560,-1767,-3474,-1431,-3675
-3603,2019,1691,228,-3551,-3847,-843,-1464,-1707,-3438,-1432,-3670
-3615,2139,1608,349,-3507,-3909,-772,-1370,-1650,-3405,-1429,-3671
-3648,2216,1584,404,-3516,-3956,-723,-1301,-1616,-3401,-1444,-3698
-3706,2255,1621,393,-3582,-3993,-699,-1258,-1605,-3430,-1479,-3746
-3777,2279,1678,359,-3669,-4029,-685,-1232,-1606,-3465,-1517,-3799
-3815,2325,1676,382,-3693,-4059,-654,-1195,-1594,-3472,-1531,-3831
-3825,2378,1633,439,-3671,-4076,-617,-1150,-1571,-3463,-1527,-3852
-3827,2409,1598,477,-3650,-4076,-592,-1112,-1555,-3458,-1522,-3876
-3843,2408,1604,468,-3663,-4065,-585,-1091,-1553,-3468,-1531,-3914
-3871,2388,1635,433,-3700,-4053,-585,-1084,-1560,-3489,-1555,-3962
-3892,2368,1654,407,-3725,-4039,-587,-1079,-1567,-3509,-1582,-4016
-3887,2376,1616,439,-3693,-4029,-572,-1063,-1559,-3500,-1595,-4054
-3851,2408,1518,530,-3599,-4018,-541,-1026,-1534,-3464,-1583,-4066
-3826,2428,1442,598,-3528,-4010,-514,-997,-1514,-3440,-1571,-4073
-3796,2449,1359,674,-3448,-4002,-480,-964,-1491,-3414,-1553,-4069
-3773,2452,1299,722,-3388,-3991,-450,-936,-1473,-3395,-1536,-4065
-3778,2422,1302,708,-3388,-3980,-438,-923,-1467,-3392,-1533,-4068
-3790,2374,1330,666,-3409,-3966,-432,-916,-1464,-3392,-1532,-4075
-3794,2312,1367,608,-3432,-3939,-430,-904,-1460,-3391,-1533,-4091
-3810,2220,1449,500,-3491,-3903,-445,-900,-1467,-3415,-1548,-4132
-3856,2104,1589,338,-3611,-3874,-480,-913,-1492,-3465,-1583,-4198
-3903,2015,1706,209,-3717,-3866,-506,-922,-1510,-3498,-1614,-4260
-3916,1987,1734,179,-3740,-3876,-503,-904,-1500,-3484,-1618,-4296
-3891,2014,1673,244,-3681,-3900,-471,-858,-1461,-3432,-1598,-4306
-3844,2068,1569,356,-3579,-3928,-423,-792,-1403,-3363,-1562,-4301
-3823,2102,1515,420,-3528,-3959,-390,-740,-1357,-3319,-1541,-4308
-3816,2122,1496,450,-3511,-3991,-363,-699,-1317,-3287,-1533,-4320
-3806,2144,1475,482,-3490,-4020,-331,-659,-1275,-3254,-1528,-4324
-3776,2177,1427,539,-3439,-4043,-291,-612,-1228,-3214,-1512,-4318
-3733,2217,1363,610,-3370,-4061,-251,-562,-1182,-3174,-1490,-4308
-3696,2245,1320,658,-3319,-4073,-219,-515,-1140,-3142,-1471,-4306
-3685,2237,1343,638,-3330,-4076,-205,-481,-1113,-3141,-1470,-4329
-3717,2198,1440,546,-3419,-4084,-210,-464,-1106,-3167,-1496,-4377
-3744,2168,1525,468,-3497,-4093,-212,-441,-1098,-3186,-1519,-4426
-3785,2133,1629,373,-3598,-4104,-218,-426,-1098,-3218,-1552,-4482
-3821,2105,1723,289,-3688,-4113,-217,-410,-1096,-3244,-1590,-4535
-3828,2095,1766,251,-3725,-4112,-203,-377,-1078,-3252,-1616,-4577
-3828,2085,1804,214,-3755,-4102,-187,-344,-1058,-3258,-1637,-4619
-3836,2068,1855,164,-3799,-4089,-172,-323,-1044,-3269,-1659,-4659
-3835,2074,1871,153,-3813,-4083,-141,-297,-1019,-3259,-1666,-4677
-3807,2117,1822,208,-3765,-4080,-86,-251,-971,-3227,-1646,-4668
-3787,2156,1781,254,-3729,-4077,-39,-201,-925,-3206,-1623,-4664
-3805,2162,1809,232,-3763,-4074,-18,-171,-902,-3220,-1622,-4691
-3855,2136,1897,149,-3858,-4070,-20,-162,-899,-3258,-1643,-4741
-3920,2100,2006,45,-3976,-4067,-28,-164,-902,-3292,-1675,-4794
-3948,2095,2042,11,-4021,-4060,-8,-143,-884,-3286,-1686,-4823
-3948,2104,2033,16,-4017,-4043,28,-110,-854,-3262,-1677,-4840
-3947,2101,2030,12,-4016,-4019,54,-88,-833,-3252,-1666,-4868
-3964,2080,2059,-26,-4047,-3994,56,-87,-830,-3267,-1666,-4909
-3998,2044,2115,-92,-4107,-3973,38,-109,-842,-3298,-1679,-4956
-4031,2011,2164,-148,-4162,-3955,15,-139,-858,-3333,-1702,-5003
-4050,2005,2168,-156,-4176,-3947,0,-159,-864,-3346,-1726,-5037
-4044,2026,2118,-109,-4138,-3944,-4,-159,-851,-3331,-1736,-5054
-4055,2036,2094,-85,-4129,-3948,-21,-163,-843,-3327,-1746,-5074
-4061,2044,2066,-58,-4113,-3951,-41,-163,-835,-3328,-1749,-5093
-4069,2036,2054,-52,-4108,-3947,-70,-171,-834,-3347,-1753,-5119
-4102,2000,2095,-98,-4156,-3946,-120,-201,-851,-3392,-1777,-5164
-4139,1955,2150,-159,-4215,-3943,-176,-235,-874,-3443,-1806,-5214
-4162,1905,2197,-217,-4259,-3931,-231,-265,-896,-3492,-1831,-5266
-4190,1826,2279,-317,-4329,-3906,-297,-296,-924,-3552,-1860,-5333
-4239,1719,2414,-471,-4450,-3879,-375,-336,-963,-3627,-1901,-5418
-4285,1632,2528,-597,-4553,-3865,-438,-369,-989,-3676,-1936,-5490
-4285,1600,2546,-623,-4562,-3860,-458,-369,-980,-3670,-1940,-5521
-4238,1616,2472,-556,-4478,-3856,-438,-337,-933,-3614,-1910,-5514
-4161,1660,2344,-435,-4339,-3852,-394,-283,-864,-3537,-1857,-5485
-4113,1690,2264,-356,-4251,-3858,-362,-245,-806,-3489,-1815,-5465
-4087,1711,2218,-306,-4201,-3873,-335,-217,-757,-3456,-1783,-5452
-4054,1743,2159,-241,-4138,-3891,-296,-185,-704,-3417,-1746,-5431
-4003,1793,2068,-144,-4043,-3908,-242,-136,-643,-3362,-1695,-5396
-3939,1857,1952,-22,-3922,-3924,-176,-68,-573,-3294,-1630,-5350
-3886,1917,1853,86,-3821,-3944,-110,1,-508,-3238,-1568,-5308
-3867,1952,1816,135,-3783,-3969,-66,52,-464,-3219,-1521,-5289
-3893,1955,1856,111,-3827,-3999,-44,78,-447,-3238,-1497,-5295
-3921,1962,1896,89,-3874,-4032,-23,104,-432,-3261,-1474,-5303
-3971,1962,1965,41,-3955,-4071,-10,118,-428,-3295,-1468,-5321
-4024,1968,2032,-1,-4035,-4114,2,131,-424,-3321,-1466,-5342
-4053,1998,2050,4,-4068,-4153,28,159,-406,-3324,-1451,-5355
-4079,2033,2060,18,-4093,-4191,54,182,-388,-3323,-1437,-5369
-4112,2069,2076,27,-4127,-4232,74,194,-375,-3323,-1431,-5387
-4128,2128,2052,78,-4123,-4274,106,204,-354,-3305,-1423,-5395
-4112,2217,1964,192,-4055,-4312,157,228,-316,-3265,-1399,-5385
-4094,2289,1890,283,-3996,-4335,201,249,-285,-3240,-1379,-5386
-4107,2307,1900,283,-4013,-4342,217,243,-277,-3261,-1384,-5414
-4149,2275,1986,198,-4100,-4332,207,212,-295,-3316,-1412,-5462
-4203,2226,2101,82,-4215,-4318,181,170,-324,-3376,-1451,-5519
-4225,2207,2151,30,-4263,-4302,166,149,-334,-3399,-1473,-5562
-4222,2207,2152,25,-4263,-4281,160,150,-328,-3398,-1479,-5595
-4221,2199,2162,8,-4270,-4257,145,153,-323,-3405,-1486,-5633
-4238,2175,2203,-39,-4309,-4234,114,144,-326,-3429,-1501,-5679
-4275,2140,2270,-110,-4378,-4218,78,127,-335,-3461,-1522,-5726
-4307,2114,2323,-164,-4434,-4206,46,115,-335,-3483,-1538,-5762
-4313,2119,2315,-157,-4432,-4198,34,120,-318,-3475,-1538,-5778
-4281,2152,2241,-86,-4361,-4186,40,144,-283,-3437,-1519,-5778
-4261,2174,2186,-33,-4309,-4177,35,160,-256,-3406,-1510,-5788
-4236,2199,2124,26,-4250,-4168,28,176,-228,-3381,-1500,-5802
-4222,2215,2079,69,-4208,-4163,17,187,-204,-3367,-1490,-5819
-4239,2209,2086,63,-4223,-4168,-6,180,-197,-3376,-1495,-5845
-4265,2200,2105,48,-4250,-4179,-29,167,-198,-3395,-1504,-5870
-4277,2190,2111,41,-4261,-4183,-51,159,-203,-3415,-1510,-5892
-4292,2155,2145,-1,-4292,-4175,-89,149,-219,-3449,-1520,-5920
-4331,2092,2232,-95,-4374,-4167,-144,127,-252,-3501,-1547,-5963
-4369,2042,2305,-173,-4447,-4170,-190,110,-276,-3539,-1578,-5999
-4372,2033,2303,-173,-4447,-4179,-205,122,-270,-3531,-1587,-6008
-4336,2058,2229,-101,-4372,-4187,-192,163,-234,-3478,-1568,-5987
-4279,2097,2122,1,-4263,-4191,-167,214,-184,-3412,-1530,-5950
-4256,2113,2074,48,-4216,-4204,-161,242,-151,-3377,-1507,-5924
-4265,2117,2073,54,-4222,-4231,-172,247,-135,-3372,-1503,-5911
-4278,2132,2066,72,-4226,-4268,-182,247,-122,-3370,-1502,-5898
-4279,2168,2028,124,-4202,-4311,-174,259,-100,-3349,-1491,-5877
-4269,2222,1963,203,-4152,-4358,-152,285,-69,-3313,-1468,-5849
-4264,2275,1904,278,-4109,-4407,-122,318,-35,-3278,-1438,-5819
-4284,2301,1899,298,-4119,-4454,-107,341,-12,-3267,-1416,-5806
-4336,2293,1961,250,-4195,-4497,-114,348,-7,-3283,-1412,-5813
-4376,2286,2011,210,-4255,-4531,-119,361,0,-3294,-1404,-5819
-4422,2269,2078,152,-4330,-4561,-131,365,1,-3318,-1408,-5833
-4460,2256,2133,103,-4392,-4585,-140,368,4,-3342,-1415,-5846
-4464,2262,2136,102,-4396,-4597,-138,385,19,-3346,-1409,-5847
-4455,2274,2123,115,-4382,-4602,-135,405,40,-3345,-1399,-5843
-4452,2287,2113,127,-4372,-4609,-134,420,59,-3346,-1397,-5842
-4437,2327,2066,180,-4331,-4622,-118,441,90,-3328,-1394,-5828
-4391,2400,1955,299,-4225,-4634,-79,481,139,-3283,-1378,-5795
-4343,2463,1852,406,-4124,-4635,-48,520,179,-3255,-1363,-5768
-4333,2486,1827,434,-4099,-4632,-41,536,191,-3270,-1367,-5765
-4357,2474,1871,391,-4145,-4626,-54,532,179,-3311,-1390,-5783
-4390,2449,1937,327,-4209,-4616,-73,520,160,-3354,-1418,-5804
-4383,2450,1935,325,-4202,-4596,-73,527,157,-3364,-1423,-5808
-4350,2471,1885,370,-4144,-4569,-66,547,166,-3352,-1413,-5803
-4318,2493,1836,415,-4089,-4544,-69,563,172,-3344,-1404,-5809
-4311,2503,1820,431,-4070,-4527,-87,565,166,-3352,-1408,-5824
-4323,2508,1827,429,-4081,-4521,-118,553,153,-3370,-1428,-5837
-4329,2517,1824,437,-4081,-4514,-148,545,142,-3382,-1451,-5838
-4309,2548,1773,494,-4031,-4506,-160,556,147,-3368,-1456,-5816
-4253,2599,1663,603,-3917,-4489,-148,595,174,-3330,-1434,-5770
-4212,2632,1586,679,-3837,-4472,-143,629,198,-3307,-1418,-5731
-4171,2660,1514,749,-3760,-4455,-137,663,224,-3286,-1402,-5696
-4140,2674,1467,793,-3706,-4437,-139,692,246,-3272,-1392,-5672
-4140,2658,1479,778,-3713,-4423,-157,704,255,-3274,-1398,-5665
-4150,2635,1509,748,-3739,-4414,-176,711,263,-3274,-1406,-5662
-4156,2614,1532,724,-3758,-4407,-192,722,272,-3275,-1405,-5662
-4171,2573,1584,666,-3804,-4395,-220,728,269,-3295,-1404,-5676
-4216,2505,1693,552,-3908,-4387,-270,720,249,-3342,-1420,-5708
-4258,2450,1788,457,-4002,-4390,-311,717,237,-3375,-1439,-5731
-4260,2439,1800,445,-4013,-4395,-321,744,259,-3360,-1433,-5728
-4219,2466,1730,514,-3943,-4400,-297,800,312,-3298,-1397,-5693
-4149,2511,1617,622,-3825,-4399,-255,872,384,-3211,-1340,-5635
-4101,2529,1552,679,-3754,-4396,-230,927,445,-3148,-1295,-5586
-4077,2533,1526,701,-3725,-4399,-217,965,494,-3104,-1264,-5546
-4054,2546,1493,731,-3693,-4409,-199,1002,541,-3060,-1234,-5502
-4012,2577,1424,797,-3623,-4419,-169,1049,595,-3003,-1194,-5447
-3949,2622,1321,895,-3516,-4422,-127,1109,659,-2938,-1142,-5382
-3887,2667,1219,992,-3410,-4426,-82,1173,727,-2874,-1083,-5316
-3849,2694,1158,1048,-3347,-4432,-53,1225,782,-2831,-1034,-5269
-3848,2696,1159,1046,-3350,-4445,-46,1251,810,-2818,-1013,-5248
-3844,2711,1143,1063,-3338,-4461,-38,1276,835,-2803,-991,-5227
-3859,2720,1150,1062,-3353,-4485,-39,1289,846,-2804,-978,-5213
-3881,2732,1163,1058,-3377,-4512,-43,1296,848,-2814,-972,-5199
-3884,2754,1144,1082,-3366,-4531,-41,1311,853,-2813,-960,-5177
-3887,2766,1137,1091,-3363,-4541,-48,1317,851,-2818,-954,-5164
-3907,2761,1161,1069,-3392,-4549,-71,1308,835,-2838,-965,-5167
-3927,2772,1171,1066,-3411,-4564,-89,1291,819,-2850,-982,-5171
-3922,2810,1128,1117,-3378,-4580,-90,1283,816,-2837,-988,-5161
-3916,2833,1100,1148,-3354,-4582,-97,1269,806,-2836,-994,-5159
-3944,2809,1153,1093,-3407,-4573,-129,1229,770,-2879,-1022,-5182
-4009,2744,1283,961,-3536,-4561,-187,1165,708,-2958,-1072,-5229
-4097,2669,1447,798,-3703,-4555,-258,1092,639,-3042,-1132,-5280
-4159,2626,1554,696,-3815,-4553,-313,1048,592,-3087,-1165,-5302
-4199,2609,1612,644,-3879,-4552,-355,1028,564,-3105,-1173,-5302
-4238,2589,1674,588,-3946,-4549,-403,1014,535,-3131,-1182,-5307
-4294,2551,1770,498,-4047,-4544,-461,993,497,-3173,-1201,-5329
-4362,2496,1896,376,-4176,-4536,-520,963,453,-3218,-1232,-5363
-4422,2445,2009,267,-4290,-4525,-573,938,416,-3249,-1259,-5392
-4457,2422,2070,211,-4354,-4517,-609,924,394,-3251,-1274,-5405
-4453,2432,2059,226,-4343,-4506,-624,930,394,-3223,-1266,-5395
-4455,2431,2063,224,-4345,-4493,-642,929,392,-3200,-1259,-5387
-4445,2426,2061,224,-4335,-4471,-654,932,395,-3178,-1250,-5377
-4435,2408,2070,208,-4334,-4442,-667,934,399,-3166,-1240,-5371
-4450,2362,2131,139,-4383,-4414,-692,920,390,-3174,-1241,-5377
-4464,2308,2198,61,-4436,-4383,-716,905,380,-3178,-1243,-5384
-4470,2258,2253,-7,-4475,-4350,-734,897,372,-3177,-1241,-5390
-4485,2192,2332,-101,-4537,-4317,-768,886,354,-3197,-1247,-5409
-4527,2105,2459,-241,-4648,-4290,-824,858,318,-3248,-1270,-5443
-4569,2042,2561,-348,-4742,-4282,-873,834,290,-3286,-1290,-5466
-4571,2039,2562,-349,-4744,-4289,-890,839,292,-3274,-1277,-5454
-4530,2088,2468,-251,-4653,-4306,-876,876,326,-3216,-1233,-5409
-4461,2164,2319,-99,-4507,-4324,-845,934,381,-3138,-1173,-5347
-4416,2220,2214,10,-4408,-4348,-825,981,430,-3083,-1129,-5298
-4393,2257,2149,79,-4349,-4374,-815,1017,468,-3041,-1102,-5262
-4365,2297,2077,155,-4283,-4401,-799,1054,511,-2995,-1073,-5223
-4324,2351,1979,257,-4191,-4430,-777,1096,562,-2944,-1035,-5176
-4265,2415,1852,386,-4067,-4454,-748,1146,621,-2885,-980,-5116
-4206,2472,1733,504,-3950,-4475,-724,1194,679,-2831,-922,-5057
-4167,2503,1661,573,-3878,-4490,-724,1224,719,-2802,-879,-5017
-4167,2500,1661,572,-3879,-4510,-750,1231,737,-2806,-864,-5000
-4163,2500,1655,577,-3875,-4527,-773,1241,759,-2802,-847,-4982
-4172,2490,1672,560,-3894,-4545,-794,1245,778,-2800,-837,-4968
-4190,2483,1694,542,-3923,-4569,-811,1249,796,-2796,-833,-4955
-4185,2496,1674,565,-3909,-4588,-814,1265,826,-2776,-816,-4930
-4171,2512,1645,596,-3884,-4601,-811,1285,863,-2749,-791,-4899
-4164,2521,1627,614,-3871,-4611,-812,1301,900,-2720,-769,-4869
-4149,2548,1586,660,-3837,-4624,-803,1323,950,-2665,-740,-4826
-4106,2605,1487,763,-3746,-4634,-773,1362,1024,-2576,-691,-4763
-4061,2650,1398,851,-3660,-4632,-751,1399,1095,-2494,-644,-4704
-4051,2646,1394,850,-3654,-4617,-759,1408,1137,-2461,-623,-4670
-4081,2598,1476,760,-3734,-4596,-798,1387,1145,-2477,-633,-4664
-4138,2532,1603,630,-3859,-4578,-852,1349,1132,-2514,-655,-4676
-4174,2497,1679,553,-3937,-4564,-889,1325,1129,-2529,-660,-4682
-4184,2490,1701,531,-3963,-4551,-908,1317,1141,-2523,-645,-4678
-4195,2484,1723,509,-3987,-4535,-922,1314,1154,-2514,-624,-4676
-4221,2465,1774,460,-4041,-4520,-940,1306,1162,-2516,-611,-4683
-4262,2442,1843,395,-4117,-4512,-960,1291,1160,-2530,-611,-4694
-4295,2432,1893,352,-4173,-4507,-975,1278,1159,-2543,-614,-4700
-4301,2451,1885,367,-4173,-4504,-971,1281,1172,-2532,-604,-4690
-4269,2503,1806,453,-4098,-4497,-949,1304,1208,-2492,-571,-4661
-4242,2544,1745,518,-4040,-4488,-935,1320,1241,-2461,-545,-4636
-4208,2574,1685,576,-3977,-4469,-927,1337,1275,-2433,-524,-4612
-4177,2590,1644,612,-3928,-4445,-930,1348,1301,-2411,-515,-4593
-4176,2579,1658,594,-3934,-4424,-951,1337,1310,-2415,-523,-4586
-4181,2557,1689,558,-3956,-4403,-977,1319,1311,-2428,-535,-4579
-4176,2534,1709,529,-3963,-4376,-1002,1308,1313,-2439,-537,-4569
-4178,2495,1751,475,-3989,-4348,-1039,1296,1305,-2465,-540,-4568
-4208,2430,1847,367,-4069,-4322,-1097,1267,1277,-2518,-559,-4587
-4239,2374,1933,273,-4142,-4306,-1150,1235,1249,-2559,-578,-4604
-4235,2359,1943,257,-4141,-4296,-1176,1223,1247,-2559,-575,-4598
-4197,2381,1880,315,-4068,-4291,-1182,1233,1268,-2529,-551,-4573
-4145,2421,1785,405,-3965,-4291,-1181,1257,1305,-2489,-520,-4538
-4123,2434,1747,439,-3920,-4295,-1198,1268,1331,-2478,-514,-4520
-4125,2421,1760,422,-3925,-4299,-1228,1267,1350,-2484,-531,-4512
-4121,2408,1766,409,-3922,-4301,-1247,1271,1377,-2476,-546,-4491
-4095,2406,1740,425,-3882,-4296,-1246,1290,1420,-2442,-541,-4451
-4048,2416,1679,472,-3807,-4287,-1231,1323,1475,-2393,-518,-4399
-4003,2432,1614,526,-3730,-4283,-1213,1356,1531,-2350,-489,-4349
-3979,2436,1583,549,-3691,-4286,-1209,1380,1576,-2329,-469,-4318
-3998,2415,1617,513,-3724,-4301,-1226,1381,1602,-2334,-472,-4308
-4010,2407,1633,498,-3741,-4319,-1238,1388,1633,-2327,-471,-4291
-4030,2398,1655,479,-3768,-4340,-1248,1394,1664,-2323,-475,-4271
-4049,2397,1668,472,-3790,-4365,-1252,1399,1694,-2314,-477,-4252
-4041,2419,1631,514,-3761,-4386,-1239,1420,1739,-2284,-461,-4222
-4030,2449,1584,568,-3723,-4408,-1223,1445,1789,-2248,-436,-4191
-4033,2479,1549,614,-3704,-4437,-1209,1464,1837,-2212,-411,-4158
-4031,2531,1489,692,-3664,-4475,-1175,1489,1895,-2157,-379,-4108
-4001,2614,1370,831,-3568,-4513,-1117,1530,1972,-2074,-328,-4036
-3964,2684,1258,955,-3472,-4535,-1064,1574,2044,-1999,-276,-3967
-3956,2701,1228,990,-3449,-4539,-1039,1599,2089,-1965,-246,-3922
-3982,2670,1281,937,-3505,-4530,-1042,1604,2106,-1969,-239,-3904
-4024,2617,1374,843,-3598,-4516,-1056,1597,2108,-1985,-249,-3900
-4034,2588,1411,802,-3632,-4493,-1052,1608,2123,-1973,-241,-3876
-4010,2576,1399,805,-3610,-4459,-1034,1635,2151,-1940,-211,-3833
-3985,2556,1395,796,-3594,-4415,-1023,1660,2176,-1913,-178,-3790
-3980,2519,1429,751,-3615,-4373,-1027,1669,2186,-1912,-157,-3759
-4001,2477,1495,681,-3675,-4344,-1045,1665,2186,-1930,-153,-3738
-4026,2447,1552,624,-3731,-4323,-1064,1662,2185,-1947,-157,-3719
-4033,2451,1560,622,-3743,-4313,-1066,1672,2196,-1938,-150,-3689
-4006,2491,1498,691,-3683,-4304,-1047,1709,2232,-1891,-118,-3643
-3989,2522,1456,738,-3645,-4295,-1033,1741,2266,-1846,-91,-3605
-3967,2547,1417,779,-3605,-4280,-1018,1770,2300,-1804,-62,-3569
-3946,2553,1396,795,-3577,-4253,-1011,1789,2326,-1776,-36,-3538
-3949,2526,1433,750,-3604,-4222,-1021,1784,2331,-1777,-31,-3524
-3955,2489,1482,689,-3641,-4188,-1033,1771,2326,-1783,-32,-3516
-3944,2454,1513,642,-3654,-4146,-1040,1765,2326,-1782,-26,-3504
-3931,2405,1555,576,-3673,-4096,-1059,1758,2317,-1794,-21,-3504
-3939,2332,1642,465,-3736,-4047,-1102,1738,2290,-1830,-32,-3524
-3947,2277,1709,379,-3784,-4012,-1138,1717,2268,-1855,-42,-3537
-3918,2274,1684,388,-3748,-3991,-1140,1721,2275,-1839,-27,-3523
-3846,2318,1570,488,-3622,-3975,-1106,1755,2312,-1784,18,-3480
-3749,2385,1406,637,-3446,-3962,-1053,1806,2369,-1708,82,-3420
-3678,2430,1288,740,-3318,-3954,-1014,1840,2415,-1658,132,-3370
-3639,2457,1220,798,-3245,-3958,-992,1856,2449,-1629,168,-3330
-3607,2489,1152,859,-3176,-3971,-967,1871,2485,-1595,203,-3287
-3569,2535,1064,943,-3089,-3992,-933,1893,2530,-1551,246,-3238
-3522,2587,960,1041,-2986,-4012,-894,1921,2578,-1505,292,-3186
-3486,2632,873,1125,-2901,-4036,-864,1944,2621,-1466,335,-3139
-3477,2652,837,1159,-2868,-4062,-854,1952,2649,-1450,367,-3105
-3516,2640,883,1118,-2923,-4099,-870,1932,2653,-1469,374,-3093
-3556,2631,926,1083,-2976,-4139,-887,1915,2657,-1488,382,-3076
-3610,2611,994,1025,-3056,-4181,-912,1891,2655,-1512,380,-3061
-3674,2589,1073,959,-3151,-4227,-938,1865,2653,-1531,374,-3047
-3717,2589,1110,937,-3204,-4272,-954,1857,2664,-1529,384,-3022
-3753,2596,1135,928,-3246,-4317,-968,1853,2678,-1524,396,-2995
-3796,2600,1171,912,-3299,-4360,-981,1841,2687,-1520,400,-2967
-3826,2625,1174,932,-3324,-4407,-975,1834,2706,-1498,405,-2925
-3820,2685,1109,1021,-3279,-4451,-939,1845,2747,-1441,429,-2856
-3807,2743,1040,1112,-3228,-4485,-908,1861,2789,-1391,460,-2790
-3824,2758,1046,1124,-3247,-4507,-906,1851,2806,-1377,477,-2751
-3868,2724,1129,1053,-3337,-4513,-934,1814,2796,-1395,474,-2739
-3922,2666,1248,941,-3457,-4507,-975,1764,2775,-1425,457,-2738
-3944,2627,1317,875,-3522,-4488,-1005,1730,2766,-1427,453,-2724
-3934,2601,1341,847,-3537,-4454,-1024,1711,2771,-1408,462,-2702
-3919,2567,1369,811,-3550,-4409,-1049,1689,2771,-1399,468,-2689
-3919,2518,1426,745,-3591,-4362,-1090,1655,2756,-1412,460,-2691
-3942,2465,1509,658,-3664,-4325,-1140,1613,2732,-1442,440,-2702
-3963,2425,1577,589,-3727,-4294,-1180,1583,2715,-1463,426,-2705
-3965,2414,1595,571,-3741,-4267,-1198,1576,2716,-1452,428,-2690
-3923,2440,1532,631,-3672,-4235,-1190,1599,2741,-1410,449,-2653
-3889,2460,1481,678,-3614,-4203,-1188,1618,2763,-1379,457,-2626
-3850,2481,1424,728,-3549,-4168,-1188,1633,2780,-1356,460,-2606
-3812,2497,1370,771,-3486,-4132,-1195,1638,2790,-1346,467,-2593
-3805,2493,1366,767,-3476,-4104,-1216,1622,2786,-1360,466,-2593
-3809,2487,1374,754,-3480,-4083,-1238,1603,2779,-1379,466,-2596
-3802,2487,1363,756,-3464,-4062,-1255,1596,2778,-1388,473,-2599
-3798,2475,1366,741,-3458,-4038,-1277,1591,2772,-1411,481,-2613
-3819,2441,1414,680,-3499,-4018,-1315,1575,2749,-1453,479,-2639
-3844,2422,1452,636,-3535,-4014,-1340,1563,2732,-1478,475,-2651
-3830,2446,1406,677,-3490,-4017,-1331,1577,2743,-1455,488,-2635
-3772,2510,1276,801,-3360,-4021,-1291,1618,2780,-1389,521,-2588
-3688,2585,1108,959,-3187,-4018,-1236,1675,2833,-1307,578,-2524
-3631,2628,999,1056,-3072,-4016,-1200,1712,2871,-1249,629,-2473
-3607,2638,957,1087,-3025,-4018,-1184,1722,2893,-1215,667,-2441
-3581,2644,918,1114,-2979,-4018,-1170,1729,2917,-1173,705,-2406
-3538,2657,855,1163,-2906,-4015,-1148,1744,2951,-1116,750,-2358
-3476,2680,765,1235,-2804,-4008,-1122,1772,2994,-1044,808,-2304
-3417,2693,688,1295,-2712,-3998,-1098,1799,3036,-978,860,-2257
-3373,2674,661,1300,-2665,-3978,-1091,1811,3067,-947,894,-2227
-3369,2612,716,1223,-2700,-3957,-1108,1794,3072,-949,904,-2214
-3361,2559,760,1160,-2724,-3938,-1127,1776,3074,-945,925,-2188
-3363,2513,809,1097,-2760,-3931,-1152,1751,3069,-946,950,-2154
-3372,2479,854,1047,-2797,-3935,-1177,1726,3063,-940,979,-2115
-3358,2476,845,1054,-2784,-3943,-1184,1719,3072,-906,1023,-2064
-3333,2486,815,1083,-2751,-3951,-1187,1717,3088,-868,1070,-2011
-3316,2494,797,1103,-2730,-3960,-1197,1708,3100,-837,1106,-1966
-3293,2519,756,1152,-2690,-3974,-1195,1704,3120,-789,1138,-1915
-3239,2578,649,1267,-2586,-3987,-1168,1715,3159,-716,1184,-1847
-3174,2630,540,1379,-2474,-3986,-1145,1727,3195,-655,1230,-1786
-3137,2641,501,1417,-2428,-3973,-1147,1714,3206,-635,1255,-1752
-3137,2615,533,1383,-2453,-3957,-1173,1679,3190,-652,1259,-1744
-3156,2575,599,1319,-2513,-3942,-1208,1634,3160,-681,1253,-1745
-3154,2562,615,1305,-2526,-3926,-1225,1609,3145,-684,1264,-1728
-3130,2576,582,1343,-2491,-3912,-1226,1603,3146,-667,1289,-1692
-3117,2590,557,1376,-2468,-3902,-1231,1597,3144,-659,1309,-1657
-3129,2588,572,1371,-2488,-3897,-1248,1581,3129,-665,1316,-1632
-3165,2570,625,1330,-2549,-3894,-1272,1557,3108,-679,1315,-1614
-3202,2554,675,1292,-2608,-3892,-1295,1535,3090,-689,1315,-1595
-3223,2561,685,1295,-2629,-3894,-1305,1525,3087,-675,1327,-1560
-3203,2601,620,1369,-2573,-3889,-1291,1539,3109,-625,1367,-1499
-3190,2636,568,1431,-2529,-3886,-1279,1549,3130,-587,1407,-1441
-3176,2673,511,1496,-2480,-3882,-1267,1560,3150,-553,1448,-1383
-3158,2702,457,1553,-2431,-3872,-1261,1569,3164,-529,1488,-1332
-3161,2703,452,1556,-2428,-3857,-1273,1560,3163,-525,1511,-1299
-3166,2690,464,1538,-2437,-3837,-1290,1545,3154,-527,1526,-1274
-3164,2674,471,1521,-2437,-3810,-1307,1534,3148,-528,1545,-1248
-3169,2639,504,1472,-2461,-3778,-1335,1516,3133,-543,1560,-1233
-3200,2574,595,1363,-2539,-3745,-1387,1479,3095,-586,1558,-1238
-3233,2512,683,1257,-2618,-3718,-1436,1437,3059,-623,1551,-1241
-3228,2488,696,1226,-2620,-3693,-1457,1421,3047,-616,1565,-1219
-3176,2503,624,1276,-2535,-3665,-1443,1436,3067,-564,1605,-1167
-3091,2535,503,1371,-2396,-3630,-1402,1473,3107,-491,1666,-1097
-3026,2539,430,1414,-2301,-3591,-1373,1498,3139,-439,1719,-1037
-2991,2523,409,1409,-2263,-3562,-1363,1502,3157,-412,1757,-988
-2959,2514,384,1411,-2223,-3541,-1354,1502,3173,-389,1794,-939
-2917,2519,336,1439,-2162,-3526,-1330,1507,3195,-356,1837,-886
-2859,2536,261,1493,-2072,-3510,-1299,1523,3224,-313,1890,-830
-2804,2551,193,1542,-1989,-3495,-1273,1534,3249,-277,1943,-779
-2771,2545,167,1549,-1949,-3483,-1270,1528,3257,-269,1980,-746
-2785,2510,216,1488,-1991,-3484,-1302,1492,3239,-298,1987,-743
-2801,2491,253,1446,-2026,-3497,-1338,1456,3222,-324,1994,-742
-2835,2482,298,1408,-2078,-3531,-1377,1415,3201,-353,1996,-745
-2882,2482,347,1373,-2143,-3578,-1415,1373,3178,-378,1994,-747
-2903,2502,350,1384,-2159,-3621,-1437,1348,3166,-384,2006,-733
-2909,2523,340,1406,-2157,-3653,-1453,1327,3160,-388,2023,-712
-2925,2533,349,1408,-2174,-3684,-1473,1297,3150,-395,2034,-693
-2935,2557,341,1432,-2177,-3720,-1480,1269,3147,-382,2048,-666
-2913,2610,273,1517,-2117,-3751,-1459,1262,3171,-331,2079,-620
-2878,2653,202,1598,-2047,-3764,-1435,1264,3202,-274,2117,-577
-2870,2653,201,1604,-2041,-3765,-1436,1246,3213,-249,2136,-555
-2900,2613,280,1531,-2116,-3762,-1465,1204,3201,-258,2137,-552
-2953,2553,403,1416,-2235,-3760,-1507,1149,3175,-282,2124,-558
-2983,2514,481,1344,-2308,-3752,-1539,1105,3157,-290,2122,-551
-2979,2495,507,1321,-2325,-3733,-1560,1078,3151,-279,2132,-531
-2972,2468,536,1290,-2343,-3704,-1587,1049,3141,-276,2136,-518
-2977,2422,597,1225,-2390,-3668,-1621,1007,3122,-286,2129,-515
-2999,2364,687,1131,-2468,-3632,-1661,956,3100,-306,2114,-517
-3018,2312,768,1047,-2538,-3597,-1693,909,3085,-318,2105,-504
-3018,2288,802,1011,-2564,-3565,-1708,873,3084,-314,2107,-468
-2979,2305,755,1055,-2509,-3533,-1701,861,3104,-277,2131,-406
-2945,2325,708,1100,-2458,-3505,-1696,847,3122,-244,2156,-349
-2901,2350,647,1156,-2390,-3472,-1683,840,3145,-207,2190,-292
-2853,2369,584,1207,-2318,-3433,-1669,837,3169,-173,2233,-238
-2828,2365,566,1213,-2290,-3396,-1664,822,3181,-159,2260,-202
-2813,2354,563,1202,-2279,-3360,-1661,805,3188,-153,2281,-173
-2790,2345,548,1202,-2254,-3323,-1657,796,3198,-147,2305,-144
-2776,2325,550,1181,-2245,-3286,-1665,786,3202,-156,2329,-126
-2790,2278,607,1105,-2291,-3252,-1699,759,3186,-196,2337,-130
-2812,2240,659,1039,-2338,-3232,-1730,729,3172,-229,2342,-131
-2801,2249,630,1058,-2310,-3224,-1731,721,3181,-220,2368,-102
-2751,2307,510,1171,-2193,-3226,-1699,741,3219,-167,2420,-46
-2676,2388,340,1333,-2026,-3229,-1650,775,3271,-96,2488,22
-2617,2449,207,1459,-1894,-3233,-1617,798,3312,-50,2541,71
-2581,2485,120,1537,-1808,-3239,-1597,804,3338,-27,2571,99
-2545,2523,30,1619,-1721,-3249,-1571,811,3366,1,2597,127
-2494,2574,-88,1729,-1604,-3261,-1531,828,3401,44,2629,168
-2420,2632,-236,1865,-1452,-3266,-1480,858,3442,96,2677,219
-2350,2679,-367,1983,-1315,-3267,-1434,889,3480,144,2729,272
-2306,2694,-442,2044,-1232,-3268,-1405,908,3504,165,2769,310
-2312,2665,-422,2013,-1247,-3274,-1406,896,3496,140,2773,318
-2313,2633,-401,1980,-1260,-3275,-1410,881,3481,108,2771,320
-2319,2590,-364,1932,-1287,-3275,-1415,859,3459,69,2761,315
-2335,2549,-316,1877,-1329,-3281,-1421,837,3432,31,2746,314
-2331,2532,-310,1867,-1330,-3291,-1416,830,3418,15,2742,328
-2323,2526,-317,1874,-1321,-3305,-1409,827,3409,9,2742,348
-2330,2519,-305,1869,-1334,-3326,-1405,814,3395,-4,2734,364
-2337,2530,-308,1885,-1339,-3358,-1392,801,3386,-2,2725,390
-2319,2577,-369,1964,-1289,-3395,-1357,804,3394,32,2730,435
-2292,2620,-431,2041,-1232,-3420,-1326,808,3400,60,2741,471
-2297,2622,-416,2039,-1249,-3436,-1323,786,3381,44,2730,477
-2343,2579,-314,1947,-1352,-3445,-1352,734,3332,-11,2690,451
-2414,2517,-164,1812,-1503,-3457,-1397,664,3264,-78,2635,415
-2459,2478,-62,1723,-1605,-3462,-1423,608,3211,-111,2598,400
-2467,2461,-17,1684,-1644,-3453,-1428,572,3176,-120,2584,405
-2473,2440,31,1641,-1684,-3438,-1434,543,3143,-130,2573,408
-2493,2403,109,1566,-1754,-3419,-1450,507,3103,-153,2551,398
-2533,2354,218,1461,-1856,-3401,-1474,466,3058,-183,2517,372
-2569,2309,320,1363,-1951,-3380,-1492,429,3016,-205,2484,351
-2589,2286,382,1304,-2008,-3362,-1492,407,2993,-198,2469,352
-2572,2303,365,1324,-1987,-3342,-1461,416,3004,-147,2489,391
-2566,2312,364,1327,-1984,-3323,-1430,428,3019,-100,2511,430
-2557,2314,366,1322,-1980,-3297,-1395,448,3039,-56,2533,468
-2540,2304,369,1307,-1971,-3256,-1359,466,3059,-14,2555,503
-2546,2263,422,1239,-2008,-3210,-1336,465,3062,6,2559,517
-2556,2209,489,1152,-2058,-3158,-1321,455,3057,24,2559,518
-2554,2157,537,1079,-2086,-3101,-1299,451,3053,47,2566,517
-2550,2097,588,999,-2114,-3038,-1284,447,3045,58,2574,512
-2568,2019,677,881,-2182,-2980,-1288,428,3018,44,2567,496
-2593,1959,752,786,-2244,-2942,-1288,403,2988,36,2554,489
-2580,1949,736,785,-2221,-2913,-1262,403,2983,69,2562,514
-2522,1985,626,879,-2103,-2889,-1208,432,3008,143,2599,572
-2436,2045,462,1026,-1931,-2864,-1138,483,3053,238,2655,648
-2368,2084,337,1134,-1797,-2841,-1085,523,3087,308,2702,712
-2328,2096,264,1191,-1716,-2821,-1051,545,3105,353,2729,759
-2290,2107,194,1246,-1639,-2806,-1017,565,3124,397,2756,807
-2245,2126,108,1319,-1546,-2794,-979,590,3149,447,2789,859
-2186,2156,-2,1417,-1429,-2784,-938,621,3177,496,2830,911
-2136,2186,-104,1511,-1323,-2782,-901,647,3197,532,2867,958
-2105,2199,-168,1569,-1257,-2785,-876,661,3204,543,2896,992
-2124,2178,-147,1549,-1282,-2802,-873,648,3188,513,2895,1001
-2142,2165,-133,1539,-1301,-2824,-861,640,3178,489,2894,1012
-2159,2152,-119,1530,-1321,-2847,-848,635,3171,472,2893,1025
-2169,2142,-112,1527,-1333,-2868,-832,631,3168,467,2893,1040
-2142,2152,-158,1574,-1285,-2879,-803,650,3187,489,2909,1066
-2102,2166,-219,1633,-1220,-2882,-772,679,3213,520,2930,1096
-2070,2174,-262,1676,-1174,-2888,-749,702,3234,543,2940,1127
-2036,2193,-314,1731,-1121,-2897,-719,726,3260,579,2947,1173
-1980,2243,-416,1838,-1021,-2911,-666,764,3307,645,2970,1240
-1919,2291,-517,1943,-920,-2918,-617,809,3354,707,3006,1304
-1891,2303,-545,1973,-889,-2921,-597,832,3376,729,3026,1338
-1897,2273,-493,1920,-935,-2916,-609,826,3364,704,3021,1338
-1925,2223,-397,1823,-1025,-2909,-640,800,3332,658,2995,1320
-1931,2195,-343,1768,-1072,-2899,-657,783,3312,640,2979,1314
-1905,2190,-343,1762,-1062,-2880,-657,782,3308,652,2983,1325
-1879,2178,-334,1744,-1058,-2853,-656,784,3302,660,2988,1336
-1869,2148,-290,1690,-1087,-2822,-666,773,3275,647,2980,1334
-1893,2106,-202,1597,-1166,-2802,-691,743,3230,614,2953,1317
-1925,2071,-113,1506,-1251,-2789,-714,712,3182,582,2917,1298
-1950,2059,-55,1451,-1309,-2783,-723,689,3141,569,2884,1287
-1942,2081,-66,1462,-1299,-2776,-707,689,3121,584,2872,1292
-1951,2092,-50,1449,-1316,-2771,-696,682,3094,585,2852,1291
-1965,2089,-18,1414,-1346,-2758,-688,672,3059,575,2829,1287
-1979,2071,26,1361,-1383,-2733,-687,662,3017,557,2804,1277
-2021,2022,127,1250,-1475,-2705,-708,630,2956,512,2760,1246
-2073,1964,243,1123,-1584,-2679,-738,590,2891,458,2706,1203
-2116,1916,336,1019,-1669,-2652,-763,559,2833,418,2659,1162
-2159,1859,436,905,-1758,-2621,-789,535,2775,378,2611,1119
-2224,1776,581,744,-1892,-2588,-828,506,2707,321,2551,1064
-2295,1701,719,595,-2024,-2567,-854,479,2649,279,2487,1016
-2327,1675,766,540,-2069,-2555,-846,478,2626,287,2447,995
-2307,1698,711,588,-2012,-2543,-804,511,2640,346,2437,1004
-2252,1745,592,696,-1888,-2527,-745,564,2681,430,2450,1031
-2204,1770,503,771,-1790,-2505,-690,612,2723,502,2463,1054
-2181,1767,463,797,-1741,-2485,-652,644,2754,555,2470,1069
-2151,1769,410,837,-1679,-2466,-615,678,2789,610,2484,1090
-2103,1782,327,905,-1587,-2447,-573,723,2834,676,2508,1123
-2031,1805,211,1005,-1457,-2423,-525,782,2890,755,2540,1163
-1960,1823,98,1101,-1330,-2400,-478,845,2950,832,2574,1201
-1905,1820,24,1158,-1241,-2376,-444,902,3004,892,2602,1230
-1896,1779,33,1136,-1239,-2361,-435,935,3035,914,2608,1238
-1888,1743,41,1119,-1238,-2352,-421,968,3066,934,2614,1245
-1887,1706,56,1098,-1247,-2350,-405,997,3097,952,2620,1251
-1890,1670,77,1074,-1264,-2352,-387,1025,3126,969,2622,1256
-1865,1652,56,1090,-1235,-2349,-353,1073,3170,1011,2637,1275
-1827,1638,21,1117,-1189,-2339,-315,1132,3223,1065,2661,1304
-1796,1613,7,1123,-1163,-2326,-277,1191,3275,1119,2683,1331
-1756,1598,-20,1142,-1124,-2313,-221,1253,3334,1188,2705,1367
-1687,1614,-105,1220,-1027,-2299,-136,1330,3411,1285,2741,1421
-1609,1632,-195,1299,-922,-2278,-54,1407,3481,1370,2778,1468
-1566,1615,-210,1304,-891,-2255,0,1458,3524,1408,2793,1488
-1570,1561,-137,1223,-951,-2235,23,1481,3534,1399,2783,1480
-1605,1489,-12,1093,-1066,-2220,32,1491,3528,1371,2751,1457
-1624,1435,82,995,-1149,-2202,56,1513,3528,1361,2721,1436
-1610,1402,122,944,-1174,-2173,99,1556,3542,1375,2702,1425
-1590,1368,161,892,-1195,-2136,138,1601,3553,1384,2679,1414
-1585,1321,228,812,-1243,-2096,158,1631,3551,1371,2644,1394
-1604,1267,324,706,-1326,-2065,163,1645,3537,1342,2598,1367
-1629,1225,415,610,-1408,-2041,165,1658,3525,1321,2558,1343
-1639,1207,465,558,-1451,-2021,183,1680,3530,1329,2533,1327
-1610,1231,434,585,-1414,-1999,230,1730,3564,1375,2538,1333
-1597,1253,419,601,-1397,-1986,273,1775,3600,1411,2538,1340
-1592,1281,404,620,-1383,-1979,313,1815,3630,1437,2530,1349
-1596,1313,391,639,-1375,-1979,350,1851,3656,1455,2525,1357
-1636,1323,432,608,-1427,-1988,371,1867,3665,1441,2508,1347
-1696,1320,504,547,-1512,-2002,388,1879,3667,1417,2483,1324
-1755,1315,572,489,-1592,-2015,407,1899,3671,1398,2457,1299
-1819,1297,655,412,-1684,-2023,414,1921,3668,1366,2425,1266
-1907,1246,791,277,-1827,-2027,396,1929,3644,1311,2376,1216
-1998,1197,923,148,-1969,-2037,380,1934,3622,1267,2323,1170
-2045,1188,967,104,-2023,-2047,391,1967,3629,1265,2288,1150
-2036,1225,907,161,-1970,-2053,437,2031,3671,1307,2280,1155
-1989,1287,782,280,-1849,-2055,504,2114,3733,1372,2293,1174
-1952,1334,679,374,-1749,-2055,564,2186,3788,1419,2301,1184
-1940,1358,624,424,-1699,-2061,611,2240,3826,1448,2292,1181
-1927,1384,565,479,-1645,-2070,660,2292,3865,1481,2280,1185
-1898,1426,473,568,-1560,-2082,718,2354,3911,1528,2279,1205
-1847,1483,346,691,-1437,-2092,784,2429,3971,1592,2295,1240
-1796,1538,222,814,-1317,-2104,855,2508,4036,1661,2318,1278
-1760,1573,133,902,-1230,-2115,918,2582,4093,1716,2339,1305
-1770,1568,132,907,-1235,-2133,958,2627,4123,1731,2339,1309
-1779,1564,130,915,-1238,-2153,997,2674,4149,1740,2336,1314
-1791,1559,133,920,-1247,-2176,1028,2713,4169,1739,2324,1316
-1809,1555,145,921,-1267,-2204,1053,2744,4182,1732,2306,1317
-1803,1573,113,966,-1243,-2232,1091,2789,4210,1747,2302,1333
-1791,1598,72,1023,-1210,-2263,1131,2840,4245,1773,2307,1354
-1794,1621,49,1067,-1199,-2301,1164,2884,4278,1794,2305,1365
-1796,1658,15,1126,-1182,-2347,1207,2927,4315,1820,2299,1376
-1771,1727,-76,1243,-1109,-2395,1277,2982,4371,1873,2306,1404
-1732,1792,-173,1361,-1023,-2430,1347,3040,4425,1923,2318,1430
-1721,1812,-193,1396,-1008,-2451,1392,3073,4451,1937,2312,1431
-1746,1780,-124,1335,-1077,-2460,1409,3077,4447,1907,2281,1406
-1794,1716,3,1213,-1201,-2459,1408,3060,4425,1852,2227,1367
-1825,1663,104,1114,-1296,-2452,1415,3050,4409,1812,2176,1337
-1831,1630,160,1055,-1344,-2438,1431,3055,4406,1796,2141,1324
-1842,1595,224,989,-1400,-2421,1439,3061,4405,1778,2113,1311
-1876,1542,329,882,-1499,-2405,1429,3055,4396,1743,2078,1282
-1938,1471,480,730,-1647,-2391,1404,3029,4375,1688,2028,1242
-2000,1400,630,577,-1793,-2374,1379,3000,4354,1640,1974,1206
-2048,1347,749,456,-1908,-2357,1366,2978,4343,1615,1927,1187
-2053,1331,786,411,-1939,-2331,1384,2982,4357,1627,1910,1196
-2067,1310,836,354,-1984,-2307,1405,2986,4373,1636,1891,1206
-2087,1292,888,296,-2033,-2286,1425,2992,4392,1643,1871,1214
-2107,1273,938,238,-2080,-2263,1445,2998,4411,1649,1854,1220
-2154,1231,1035,133,-2174,-2243,1453,2988,4418,1638,1824,1211
-2210,1182,1147,13,-2285,-2224,1461,2968,4423,1622,1793,1196
-2255,1138,1237,-88,-2371,-2201,1480,2953,4436,1614,1771,1187
-2294,1090,1325,-190,-2451,-2174,1495,2939,4448,1599,1755,1175
-2357,1026,1448,-326,-2570,-2152,1493,2914,4440,1558,1727,1147
-2431,979,1562,-442,-2689,-2153,1496,2883,4430,1523,1692,1121
-2472,987,1587,-461,-2727,-2172,1528,2873,4445,1534,1675,1124
-2470,1048,1511,-376,-2668,-2199,1592,2891,4490,1588,1684,1160
-2434,1134,1375,-231,-2546,-2225,1676,2931,4555,1664,1715,1213
-2407,1194,1272,-124,-2453,-2243,1744,2960,4611,1722,1743,1255
-2408,1218,1231,-80,-2420,-2260,1788,2966,4647,1750,1757,1277
-2408,1237,1192,-39,-2388,-2277,1827,2967,4679,1774,1770,1298
-2394,1263,1130,25,-2331,-2293,1876,2975,4718,1809,1785,1328
-2356,1298,1036,118,-2237,-2303,1933,2995,4765,1854,1810,1362
-2321,1328,948,206,-2151,-2315,1985,3016,4808,1888,1836,1389
-2304,1342,896,261,-2101,-2331,2020,3028,4838,1893,1851,1395
-2333,1317,929,234,-2139,-2354,2024,3012,4836,1855,1830,1372
-2362,1291,963,207,-2179,-2379,2022,2998,4829,1817,1802,1349
-2393,1260,1006,172,-2226,-2403,2017,2983,4816,1773,1769,1328
-2429,1220,1065,122,-2289,-2425,2009,2967,4800,1729,1733,1311
-2439,1199,1082,111,-2307,-2444,2012,2973,4798,1708,1714,1312
-2438,1185,1085,113,-2310,-2459,2022,2991,4804,1694,1699,1318
-2451,1164,1112,95,-2338,-2478,2026,3004,4806,1674,1675,1317
-2468,1157,1134,88,-2367,-2508,2034,3018,4812,1669,1651,1320
-2460,1186,1098,141,-2342,-2542,2066,3045,4836,1698,1643,1345
-2436,1221,1045,208,-2296,-2569,2103,3081,4865,1728,1646,1374
-2439,1225,1055,210,-2310,-2588,2121,3099,4876,1723,1639,1386
-2476,1193,1139,136,-2398,-2604,2118,3097,4868,1683,1613,1382
-2533,1148,1260,27,-2524,-2621,2102,3085,4850,1630,1577,1370
-2569,1128,1337,-39,-2607,-2636,2101,3086,4848,1599,1554,1372
-2567,1139,1347,-41,-2619,-2644,2120,3110,4869,1600,1552,1391
-2563,1149,1358,-47,-2631,-2645,2138,3138,4896,1607,1554,1408
-2569,1142,1397,-84,-2668,-2638,2144,3159,4915,1599,1544,1413
-2596,1121,1470,-156,-2742,-2632,2144,3167,4924,1577,1512,1408
-2629,1112,1537,-216,-2814,-2635,2150,3176,4933,1553,1478,1408
-2649,1134,1560,-227,-2847,-2646,2174,3198,4950,1548,1460,1423
-2627,1201,1492,-149,-2791,-2657,2225,3248,4989,1580,1477,1463
-2605,1267,1425,-72,-2735,-2666,2274,3295,5022,1605,1497,1503
-2580,1327,1358,1,-2674,-2666,2319,3337,5051,1628,1526,1545
-2547,1380,1287,72,-2606,-2656,2359,3376,5075,1648,1561,1590
-2541,1406,1266,92,-2587,-2644,2375,3392,5080,1639,1580,1618
-2550,1421,1269,89,-2593,-2635,2378,3395,5071,1616,1586,1637
-2554,1439,1258,99,-2586,-2625,2380,3403,5061,1598,1594,1655
-2558,1448,1254,99,-2581,-2611,2374,3414,5046,1576,1603,1663
-2584,1424,1302,44,-2626,-2591,2347,3416,5011,1532,1600,1649
-2621,1400,1356,-15,-2681,-2581,2321,3415,4971,1487,1586,1630
-2629,1415,1339,2,-2670,-2581,2322,3437,4955,1478,1586,1635
-2602,1475,1238,106,-2578,-2589,2356,3489,4970,1507,1605,1668
-2557,1560,1092,258,-2443,-2606,2402,3556,5002,1549,1635,1715
-2537,1626,988,372,-2353,-2631,2428,3607,5026,1563,1646,1747
-2559,1662,954,420,-2338,-2667,2430,3631,5030,1544,1627,1753
-2592,1694,934,457,-2339,-2711,2427,3650,5031,1518,1599,1751
-2618,1727,904,503,-2331,-2756,2430,3673,5034,1501,1573,1755
-2626,1756,861,556,-2302,-2788,2441,3704,5043,1494,1558,1767
-2633,1764,839,582,-2287,-2810,2451,3733,5050,1480,1550,1781
-2659,1740,868,553,-2319,-2825,2445,3749,5046,1445,1538,1783
-2733,1675,989,436,-2446,-2848,2406,3732,5010,1370,1498,1757
-2806,1612,1108,323,-2572,-2874,2366,3715,4970,1294,1452,1726
-2877,1550,1226,212,-2696,-2900,2327,3699,4930,1225,1403,1694
-2944,1485,1346,95,-2820,-2922,2291,3679,4888,1161,1354,1665
-2975,1438,1417,25,-2889,-2934,2273,3683,4866,1124,1326,1654
-2984,1403,1455,-16,-2923,-2938,2266,3699,4853,1099,1312,1656
-2994,1372,1494,-57,-2958,-2944,2261,3711,4843,1075,1298,1662
-3002,1365,1512,-68,-2979,-2964,2268,3724,4841,1065,1284,1683
-2982,1403,1459,-4,-2934,-2992,2305,3756,4862,1089,1287,1729
-2942,1447,1385,77,-2863,-3009,2351,3801,4889,1118,1303,1777
-2925,1460,1367,98,-2844,-3018,2378,3831,4899,1118,1306,1808
-2942,1435,1424,43,-2898,-3021,2381,3837,4884,1081,1289,1818
-2982,1395,1521,-52,-2995,-3027,2370,3823,4850,1025,1259,1816
-3007,1379,1579,-104,-3055,-3036,2366,3816,4822,989,1241,1823
-2994,1397,1567,-89,-3043,-3040,2381,3829,4812,980,1245,1847
-2973,1417,1544,-66,-3018,-3036,2395,3850,4805,977,1254,1871
-2964,1422,1548,-73,-3019,-3028,2392,3865,4792,964,1255,1882
-2977,1412,1587,-112,-3056,-3023,2372,3866,4772,938,1242,1876
-2989,1407,1619,-144,-3088,-3018,2350,3865,4751,911,1224,1861
-2984,1423,1612,-137,-3081,-3014,2342,3869,4741,904,1207,1856
-2936,1474,1523,-51,-2990,-3003,2362,3900,4757,936,1214,1878
-2900,1517,1453,17,-2918,-2993,2389,3933,4771,960,1223,1901
-2874,1554,1395,73,-2860,-2984,2417,3966,4784,977,1236,1922
-2849,1586,1342,122,-2806,-2973,2448,3997,4795,992,1256,1943
-2858,1591,1346,118,-2810,-2966,2460,4006,4792,983,1259,1951
-2888,1585,1379,87,-2848,-2966,2458,4000,4779,961,1249,1951
-2917,1586,1403,68,-2879,-2970,2453,3993,4767,941,1237,1952
-2949,1578,1435,39,-2917,-2971,2437,3983,4751,909,1220,1943
-3005,1543,1517,-40,-3004,-2972,2396,3957,4718,849,1187,1913
-3070,1509,1605,-121,-3100,-2981,2355,3927,4685,791,1152,1887
-3096,1511,1616,-126,-3121,-2990,2347,3925,4680,774,1138,1895
-3073,1557,1535,-38,-3047,-2998,2378,3957,4711,803,1155,1938
-3017,1625,1398,102,-2915,-3001,2428,4013,4763,856,1195,1999
-2967,1671,1289,210,-2806,-2995,2466,4061,4808,888,1226,2048
-2938,1682,1239,257,-2752,-2983,2485,4088,4834,894,1238,2078
-2908,1692,1190,301,-2698,-2971,2505,4112,4858,900,1251,2106
-2870,1718,1120,372,-2626,-2967,2536,4140,4887,917,1269,2143
-2820,1765,1017,478,-2524,-2971,2577,4182,4928,950,1303,2193
-2780,1822,918,587,-2433,-2989,2619,4229,4973,981,1345,2242
-2759,1866,852,667,-2376,-3014,2654,4272,5013,997,1381,2279
-2788,1872,877,659,-2416,-3049,2665,4288,5028,981,1387,2289
-2819,1875,909,645,-2460,-3084,2677,4301,5041,969,1391,2295
-2851,1870,950,619,-2512,-3114,2690,4315,5054,959,1391,2300
-2889,1856,1008,576,-2580,-3144,2695,4323,5064,943,1383,2296
-2902,1860,1026,570,-2605,-3169,2707,4342,5083,938,1380,2293
-2905,1865,1032,572,-2615,-3188,2716,4362,5104,930,1378,2285
-2921,1861,1062,552,-2651,-3210,2714,4369,5114,903,1364,2272
-2936,1858,1089,534,-2684,-3231,2711,4367,5123,879,1342,2271
-2923,1884,1060,572,-2660,-3251,2725,4373,5151,883,1334,2298
-2893,1913,1012,623,-2614,-3261,2738,4384,5182,893,1335,2332
-2889,1906,1026,609,-2625,-3262,2725,4372,5190,866,1320,2348
-2921,1858,1115,517,-2711,-3258,2683,4331,5168,796,1283,2340
-2982,1792,1252,379,-2847,-3260,2624,4270,5129,702,1229,2313
-3032,1747,1355,279,-2954,-3267,2576,4222,5103,630,1185,2293
-3047,1734,1391,244,-2990,-3270,2548,4198,5098,594,1166,2292
-3054,1718,1420,211,-3017,-3263,2520,4179,5095,559,1154,2292
-3074,1687,1475,150,-3069,-3253,2481,4154,5086,509,1137,2287
-3119,1643,1565,59,-3160,-3249,2429,4118,5066,443,1107,2273
-3167,1608,1650,-24,-3249,-3250,2382,4084,5045,386,1074,2257
-3205,1594,1700,-70,-3308,-3258,2348,4059,5035,353,1048,2252
-3197,1625,1660,-25,-3275,-3264,2348,4064,5052,364,1052,2275
-3189,1656,1617,22,-3240,-3268,2352,4072,5072,379,1062,2299
-3184,1685,1577,65,-3209,-3271,2361,4085,5094,393,1077,2321
-3167,1711,1527,114,-3163,-3265,2381,4104,5117,405,1100,2348
-3169,1713,1518,119,-3157,-3254,2391,4110,5128,400,1115,2362
-3181,1703,1530,103,-3170,-3242,2401,4107,5130,385,1121,2366
-3178,1696,1524,100,-3163,-3222,2420,4114,5137,376,1130,2372
-3168,1678,1520,90,-3151,-3191,2438,4129,5144,361,1142,2379
-3178,1630,1567,25,-3186,-3154,2435,4134,5136,323,1143,2371
-3199,1582,1624,-46,-3235,-3125,2432,4134,5125,287,1133,2366
-3186,1579,1604,-34,-3210,-3106,2454,4155,5135,291,1137,2388
-3131,1626,1489,75,-3094,-3094,2506,4203,5173,334,1172,2441
-3054,1702,1326,235,-2931,-3088,2573,4267,5228,397,1230,2510
-2997,1767,1196,367,-2803,-3090,2622,4319,5276,440,1286,2573
-2983,1802,1141,429,-2753,-3103,2648,4348,5309,451,1323,2616
-2977,1825,1107,469,-2725,-3115,2672,4376,5346,461,1354,2653
-2966,1849,1069,512,-2689,-3126,2703,4410,5391,480,1384,2688
-2938,1879,1010,574,-2628,-3131,2737,4454,5439,506,1416,2720
-2913,1906,958,629,-2574,-3139,2766,4497,5481,518,1443,2746
-2906,1915,944,648,-2558,-3148,2777,4526,5505,503,1460,2764
-2950,1882,1024,575,-2639,-3165,2759,4521,5497,444,1449,2757
-3000,1840,1119,486,-2734,-3182,2733,4510,5478,374,1429,2745
-3057,1794,1226,386,-2842,-3201,2702,4494,5452,296,1397,2726
-3122,1743,1348,272,-2966,-3223,2664,4469,5421,214,1352,2695
-3160,1714,1422,205,-3040,-3242,2638,4457,5400,158,1322,2672
-3180,1701,1463,169,-3082,-3260,2619,4452,5387,116,1305,2659
-3207,1692,1507,135,-3130,-3285,2597,4440,5373,73,1289,2647
-3226,1698,1528,124,-3158,-3314,2588,4430,5367,43,1277,2649
-3208,1742,1476,187,-3113,-3342,2611,4440,5387,56,1287,2677
-3164,1795,1389,278,-3029,-3358,2644,4467,5414,77,1315,2714
-3135,1817,1349,317,-2986,-3363,2657,4481,5423,67,1337,2736
-3138,1802,1376,286,-3009,-3362,2646,4471,5408,24,1341,2739
-3160,1769,1441,218,-3071,-3360,2622,4449,5378,-34,1330,2732
-3165,1759,1464,192,-3094,-3360,2614,4440,5361,-67,1329,2742
-3137,1784,1417,237,-3047,-3360,2629,4459,5368,-65,1350,2775
-3106,1809,1365,286,-2995,-3356,2647,4484,5379,-61,1374,2810
-3090,1820,1341,307,-2971,-3351,2652,4500,5380,-77,1384,2831
-3102,1814,1361,286,-2996,-3352,2642,4496,5367,-116,1375,2832
-3123,1806,1389,261,-3030,-3355,2629,4485,5349,-154,1358,2822
-3138,1810,1397,257,-3048,-3362,2630,4482,5341,-165,1349,2822
-3115,1847,1333,324,-2990,-3362,2660,4508,5357,-133,1372,2850
-3096,1871,1286,372,-2947,-3356,2684,4526,5369,-104,1394,2877
-3088,1882,1259,398,-2924,-3347,2700,4534,5373,-83,1410,2896
-3078,1889,1236,420,-2902,-3334,2714,4541,5372,-67,1423,2912
-3094,1870,1263,392,-2930,-3320,2712,4525,5352,-76,1419,2905
-3121,1835,1317,335,-2984,-3303,2702,4498,5318,-99,1401,2885
-3134,1798,1360,285,-3020,-3275,2697,4481,5286,-116,1389,2870
-3142,1753,1404,229,-3053,-3240,2692,4470,5251,-136,1384,2856
-3171,1686,1493,128,-3131,-3203,2671,4450,5198,-177,1367,2825
-3215,1627,1589,28,-3223,-3184,2647,4423,5140,-219,1338,2792
-3234,1621,1607,17,-3247,-3185,2646,4416,5103,-225,1320,2781
-3218,1671,1534,102,-3187,-3201,2674,4435,5094,-190,1326,2800
-3179,1752,1409,242,-3077,-3224,2718,4468,5103,-133,1349,2834
-3155,1822,1312,357,-2996,-3251,2748,4492,5106,-93,1366,2860
-3167,1864,1279,409,-2982,-3286,2752,4492,5092,-82,1367,2866
-3180,1905,1250,457,-2972,-3323,2750,4489,5076,-71,1365,2867
-3177,1956,1195,529,-2934,-3357,2763,4497,5074,-42,1367,2876
-3146,2016,1105,631,-2855,-3382,2791,4523,5089,8,1383,2897
-3113,2070,1019,725,-2777,-3403,2825,4556,5113,66,1410,2925
-3090,2103,965,783,-2727,-3419,2850,4587,5134,111,1441,2949
-3110,2090,1001,752,-2765,-3435,2847,4588,5130,112,1448,2949
-3131,2069,1046,707,-2811,-3447,2840,4588,5121,102,1454,2948
-3151,2038,1100,651,-2861,-3453,2831,4583,5106,88,1458,2945
-3177,1998,1170,578,-2926,-3457,2814,4567,5082,64,1453,2935
-3177,1979,1193,548,-2943,-3459,2808,4565,5065,52,1456,2935
-3164,1973,1190,546,-2932,-3460,2809,4568,5053,50,1464,2939
-3162,1964,1201,531,-2937,-3466,2805,4559,5036,42,1460,2932
-3166,1966,1206,526,-2942,-3483,2807,4545,5022,44,1450,2923
-3146,2002,1154,582,-2893,-3505,2831,4544,5026,73,1451,2931
-3110,2042,1081,654,-2819,-3517,2858,4550,5036,105,1464,2947
-3101,2045,1072,659,-2803,-3520,2858,4539,5027,107,1466,2947
-3132,2003,1148,576,-2871,-3519,2828,4504,4990,77,1447,2922
-3192,1939,1275,444,-2992,-3520,2784,4455,4935,25,1412,2880
-3243,1891,1375,340,-3088,-3522,2749,4414,4883,-11,1380,2846
-3260,1870,1415,296,-3122,-3519,2732,4393,4847,-21,1364,2831
-3272,1847,1449,253,-3148,-3509,2714,4374,4813,-33,1351,2820
-3290,1809,1507,185,-3194,-3490,2690,4350,4776,-56,1338,2804
-3330,1756,1598,85,-3277,-3473,2658,4313,4734,-91,1318,2783
-3372,1707,1688,-10,-3361,-3459,2630,4279,4698,-115,1301,2768
-3402,1678,1746,-71,-3416,-3447,2617,4256,4674,-115,1292,2768
-3387,1688,1719,-49,-3385,-3431,2636,4265,4678,-70,1312,2797
-3373,1701,1689,-21,-3353,-3416,2662,4276,4684,-27,1337,2826
-3365,1711,1667,-1,-3331,-3401,2688,4284,4685,3,1358,2850
-3350,1716,1644,18,-3304,-3378,2714,4293,4687,27,1379,2874
-3363,1692,1676,-19,-3333,-3354,2722,4281,4674,26,1383,2879
-3396,1655,1742,-86,-3398,-3334,2720,4252,4648,12,1375,2870
-3422,1622,1795,-142,-3452,-3313,2716,4225,4621,-3,1370,2862
-3446,1583,1853,-204,-3507,-3289,2700,4202,4589,-25,1366,2851
-3494,1521,1955,-310,-3609,-3266,2663,4168,4541,-72,1348,2819
-3555,1466,2065,-415,-3726,-3259,2628,4131,4491,-117,1318,2779
-3581,1455,2094,-437,-3767,-3260,2622,4117,4467,-121,1303,2757
-3552,1492,2022,-359,-3703,-3257,2655,4136,4477,-72,1314,2761
-3480,1554,1881,-219,-3565,-3246,2714,4177,4513,9,1348,2787
-3406,1604,1751,-93,-3433,-3228,2769,4218,4547,78,1381,2811
-3368,1630,1684,-25,-3367,-3219,2803,4237,4562,110,1394,2824
-3337,1658,1621,41,-3307,-3220,2835,4250,4571,136,1407,2841
-3298,1700,1538,128,-3230,-3228,2872,4268,4583,167,1427,2870
-3239,1754,1424,245,-3118,-3233,2916,4296,4602,209,1458,2909
-3181,1805,1316,355,-3010,-3239,2956,4324,4618,249,1490,2943
-3137,1834,1244,426,-2935,-3242,2976,4340,4624,269,1513,2961
-3140,1817,1267,402,-2954,-3247,2962,4324,4599,244,1507,2948
-3148,1791,1303,364,-2984,-3252,2945,4303,4569,217,1496,2933
-3159,1766,1342,323,-3017,-3259,2929,4281,4536,192,1483,2919
-3183,1738,1398,268,-3070,-3274,2909,4254,4501,160,1464,2901
-3183,1731,1409,257,-3077,-3288,2907,4245,4484,153,1460,2896
-3169,1738,1395,270,-3057,-3302,2915,4246,4474,159,1466,2899
-3171,1743,1397,270,-3058,-3324,2915,4236,4457,159,1462,2896
-3182,1760,1398,278,-3064,-3358,2914,4224,4438,165,1450,2897
-3169,1813,1341,348,-3015,-3399,2932,4227,4439,201,1452,2918
-3136,1872,1258,439,-2935,-3430,2956,4241,4445,244,1466,2943
-3128,1896,1235,465,-2912,-3451,2960,4241,4433,249,1464,2950
-3159,1874,1298,402,-2973,-3465,2941,4221,4397,217,1439,2937
-3215,1827,1411,289,-3083,-3477,2906,4185,4348,166,1400,2911
-3253,1792,1492,205,-3161,-3481,2881,4161,4310,135,1374,2895
-3251,1787,1503,188,-3165,-3477,2881,4163,4294,132,1378,2901
-3246,1787,1505,180,-3161,-3471,2884,4168,4283,134,1389,2908
-3252,1774,1529,150,-3180,-3461,2877,4164,4265,122,1392,2904
-3281,1749,1586,91,-3236,-3456,2859,4143,4236,92,1379,2890
-3312,1731,1637,41,-3290,-3455,2844,4123,4210,70,1364,2876
-3333,1735,1654,28,-3315,-3458,2844,4113,4201,75,1358,2876
-3315,1780,1590,99,-3259,-3462,2873,4133,4222,126,1380,2904
-3303,1827,1527,170,-3209,-3469,2900,4153,4249,180,1405,2935
-3296,1865,1480,228,-3174,-3473,2922,4172,4276,227,1428,2964
-3286,1898,1432,282,-3136,-3471,2944,4196,4307,272,1452,2992
-3300,1901,1436,284,-3148,-3464,2950,4200,4324,290,1458,3003
-3330,1888,1472,254,-3193,-3458,2945,4188,4329,287,1447,3000
-3352,1877,1496,233,-3225,-3449,2942,4175,4331,280,1435,2998
-3373,1862,1523,209,-3258,-3437,2936,4164,4332,265,1429,2994
-3399,1839,1563,172,-3303,-3426,2919,4152,4327,244,1422,2985
-3433,1815,1610,130,-3359,-3421,2903,4134,4321,221,1407,2973
-3457,1794,1644,98,-3399,-3413,2898,4119,4319,211,1391,2961
-3444,1797,1618,123,-3375,-3399,2916,4123,4336,233,1387,2964
-3403,1825,1539,200,-3297,-3384,2957,4144,4370,281,1402,2983
-3367,1850,1469,269,-3227,-3374,2997,4165,4401,323,1419,3001
-3360,1856,1449,291,-3211,-3373,3022,4167,4416,345,1421,3002
-3349,1869,1419,325,-3184,-3376,3050,4172,4433,371,1425,3004
-3304,1917,1322,426,-3091,-3382,3105,4201,4473,426,1449,3030
-3246,1968,1210,538,-2978,-3384,3164,4235,4514,476,1476,3063
-3219,1985,1165,582,-2930,-3386,3200,4247,4529,487,1480,3079
-3225,1964,1191,553,-2951,-3386,3208,4239,4521,469,1464,3080
-3288,1895,1324,420,-3081,-3394,3178,4201,4483,412,1422,3054
-3356,1821,1468,275,-3221,-3403,3140,4162,4441,356,1382,3020
-3414,1750,1600,141,-3347,-3409,3105,4125,4403,304,1349,2987
-3475,1679,1736,3,-3475,-3417,3068,4087,4365,252,1318,2963
-3506,1638,1812,-76,-3545,-3427,3044,4065,4341,224,1304,2962
-3516,1624,1842,-107,-3570,-3440,3028,4052,4323,208,1302,2974
-3530,1618,1868,-131,-3595,-3460,3012,4031,4300,190,1293,2987
-3543,1628,1878,-134,-3608,-3490,3005,4007,4281,181,1281,3007
-3525,1676,1820,-67,-3556,-3523,3028,3998,4285,205,1287,3052
-3484,1734,1729,28,-3466,-3546,3060,4001,4297,238,1306,3098
-3463,1757,1694,63,-3428,-3558,3072,3989,4290,238,1309,3118
-3482,1740,1741,15,-3471,-3567,3053,3951,4256,196,1281,3110
-3532,1699,1840,-84,-3570,-3578,3013,3894,4204,125,1234,3086
-3574,1675,1915,-155,-3648,-3593,2983,3846,4156,66,1195,3069
-3582,1683,1922,-160,-3658,-3605,2975,3822,4127,42,1181,3070
-3585,1692,1921,-158,-3659,-3611,2968,3804,4103,24,1174,3072
-3599,1687,1944,-179,-3683,-3613,2953,3784,4076,-6,1162,3062
-3642,1671,2004,-234,-3752,-3624,2929,3756,4042,-44,1138,3043
-3687,1661,2060,-280,-3819,-3639,2910,3733,4014,-72,1110,3024
-3717,1669,2079,-289,-3854,-3654,2905,3716,3996,-84,1083,3012
-3701,1720,2008,-208,-3796,-3665,2928,3728,4006,-60,1085,3020
-3680,1770,1932,-124,-3734,-3672,2952,3738,4016,-39,1093,3024
-3664,1807,1872,-59,-3685,-3671,2973,3746,4024,-24,1103,3019
-3639,1838,1809,5,-3630,-3661,2994,3755,4035,-5,1120,3016
-3641,1843,1796,20,-3625,-3651,3002,3750,4034,-4,1127,3005
-3661,1835,1815,5,-3655,-3645,3000,3735,4025,-15,1124,2991
-3676,1829,1826,-3,-3677,-3637,3005,3723,4019,-20,1124,2976
-3690,1817,1843,-20,-3703,-3625,3005,3711,4011,-28,1121,2950
-3730,1779,1912,-87,-3781,-3614,2980,3684,3983,-66,1097,2895
-3790,1739,2003,-171,-3887,-3618,2947,3643,3947,-118,1059,2831
-3826,1734,2035,-191,-3937,-3629,2935,3618,3930,-136,1040,2788
-3819,1772,1982,-126,-3902,-3644,2949,3623,3943,-108,1049,2778
-3783,1834,1877,-11,-3812,-3656,2980,3645,3975,-56,1075,2784
-3749,1884,1788,84,-3733,-3664,3000,3660,4002,-20,1096,2784
-3746,1902,1762,116,-3717,-3674,3000,3651,4009,-9,1096,2764
-3744,1917,1743,141,-3706,-3685,3000,3639,4014,4,1094,2745
-3732,1942,1706,184,-3674,-3697,3015,3635,4030,38,1099,2739
-3697,1981,1633,260,-3602,-3705,3045,3646,4061,91,1118,2747
-3661,2020,1560,336,-3529,-3716,3075,3660,4094,142,1144,2758
-3637,2043,1516,381,-3483,-3725,3093,3672,4121,177,1168,2759
-3659,2024,1562,337,-3526,-3739,3083,3660,4123,173,1164,2731
-3686,1993,1625,275,-3584,-3750,3069,3645,4122,167,1156,2695
-3708,1960,1686,213,-3637,-3758,3060,3632,4124,167,1151,2658
-3740,1919,1765,132,-3707,-3768,3048,3612,4122,160,1137,2614
-3747,1897,1802,92,-3733,-3774,3045,3606,4131,169,1129,2583
-3733,1886,1807,79,-3724,-3773,3053,3613,4151,194,1128,2565
-3717,1866,1820,56,-3717,-3766,3062,3620,4174,222,1130,2553
-3696,1850,1825,39,-3702,-3756,3083,3634,4207,266,1140,2555
-3647,1864,1771,81,-3628,-3747,3130,3666,4266,341,1171,2583
-3578,1887,1688,149,-3522,-3729,3181,3710,4334,420,1216,2622
-3535,1880,1662,157,-3472,-3706,3206,3735,4381,459,1247,2643
-3532,1831,1719,82,-3502,-3679,3196,3731,4397,448,1252,2634
-3560,1757,1829,-45,-3588,-3654,3163,3704,4389,409,1232,2602
-3586,1697,1923,-153,-3663,-3634,3131,3678,4379,380,1211,2567
-3579,1672,1948,-192,-3670,-3612,3115,3674,4386,376,1213,2549
-3575,1657,1963,-217,-3672,-3598,3103,3670,4394,367,1220,2535
-3589,1638,2000,-259,-3701,-3589,3079,3657,4392,341,1222,2515
-3639,1609,2080,-335,-3783,-3596,3042,3623,4374,297,1208,2484
-3700,1588,2162,-408,-3874,-3613,3002,3583,4351,256,1188,2450
-3754,1587,2215,-447,-3941,-3636,2972,3551,4333,234,1174,2423
-3766,1627,2184,-401,-3926,-3658,2970,3546,4340,253,1183,2419
-3774,1666,2148,-352,-3905,-3676,2967,3545,4348,269,1191,2415
-3787,1690,2133,-326,-3902,-3685,2952,3538,4346,271,1191,2405
-3788,1704,2114,-304,-3891,-3679,2934,3529,4339,270,1192,2395
-3811,1689,2144,-331,-3926,-3669,2896,3502,4314,244,1174,2373
-3846,1657,2205,-390,-3992,-3656,2847,3466,4276,204,1138,2344
-3867,1622,2254,-442,-4041,-3633,2805,3441,4245,172,1103,2317
-3876,1576,2302,-500,-4082,-3596,2763,3424,4215,141,1068,2286
-3902,1501,2396,-607,-4166,-3552,2703,3400,4169,88,1021,2235
-3948,1426,2512,-728,-4278,-3522,2643,3368,4120,30,964,2183
-3971,1393,2563,-778,-4333,-3508,2613,3357,4095,11,928,2159
-3952,1410,2522,-733,-4299,-3501,2624,3379,4105,43,925,2174
-3904,1457,2423,-630,-4206,-3496,2661,3422,4139,108,943,2212
-3859,1494,2338,-544,-4126,-3488,2697,3462,4173,167,962,2248
-3850,1501,2321,-525,-4116,-3486,2717,3480,4193,202,967,2272
-3843,1506,2309,-511,-4109,-3485,2743,3494,4213,238,978,2297
-3820,1525,2267,-468,-4072,-3486,2779,3514,4240,280,996,2330
-3770,1566,2179,-381,-3986,-3483,2825,3546,4276,332,1026,2373
-3718,1615,2080,-283,-3890,-3487,2876,3582,4317,388,1063,2419
-3674,1653,2003,-209,-3815,-3490,2920,3614,4353,432,1103,2457
-3671,1647,2011,-220,-3822,-3492,2938,3621,4365,439,1122,2466
-3673,1633,2030,-245,-3839,-3494,2949,3624,4368,434,1130,2465
-3673,1623,2045,-266,-3851,-3497,2963,3625,4369,425,1132,2462
-3685,1606,2079,-304,-3883,-3505,2974,3614,4362,406,1119,2454
-3675,1606,2074,-305,-3874,-3509,2999,3617,4365,406,1119,2460
-3647,1620,2037,-276,-3830,-3512,3035,3631,4379,427,1134,2474
-3629,1635,2010,-253,-3799,-3521,3067,3640,4395,453,1148,2488
-3616,1658,1979,-223,-3768,-3539,3106,3646,4417,490,1160,2505
-3580,1712,1894,-135,-3684,-3561,3170,3663,4462,554,1187,2544
-3521,1773,1780,-24,-3565,-3572,3244,3689,4515,625,1227,2593
-3480,1794,1723,23,-3497,-3568,3295,3701,4550,665,1256,2622
-3474,1760,1755,-25,-3509,-3548,3318,3686,4556,663,1262,2622
-3493,1697,1841,-129,-3575,-3525,3323,3652,4543,637,1248,2601
-3511,1647,1912,-213,-3629,-3508,3330,3622,4533,622,1232,2581
-3499,1631,1920,-232,-3621,-3492,3348,3610,4538,636,1235,2576
-3489,1625,1917,-237,-3607,-3482,3360,3598,4544,648,1240,2575
-3501,1611,1943,-265,-3626,-3479,3355,3577,4539,644,1238,2567
-3545,1589,2009,-324,-3694,-3492,3336,3541,4521,624,1222,2543
-3595,1573,2074,-379,-3765,-3510,3311,3502,4498,600,1198,2509
-3628,1577,2103,-395,-3802,-3528,3291,3471,4479,588,1174,2482
-3611,1622,2038,-320,-3744,-3540,3301,3474,4489,613,1174,2491
-3585,1671,1961,-235,-3671,-3545,3316,3483,4506,640,1178,2513
-3565,1709,1901,-167,-3616,-3547,3331,3493,4523,658,1178,2537
-3539,1745,1837,-98,-3554,-3543,3349,3510,4543,679,1179,2563
-3537,1755,1821,-77,-3542,-3536,3353,3513,4550,682,1165,2567
-3558,1748,1845,-94,-3571,-3533,3346,3506,4541,676,1140,2552
-3579,1741,1868,-109,-3602,-3530,3339,3502,4531,675,1122,2537
-3603,1729,1899,-133,-3640,-3526,3325,3498,4519,670,1111,2521
-3654,1689,1984,-211,-3733,-3521,3287,3477,4486,635,1092,2491
-3723,1644,2092,-307,-3854,-3525,3239,3441,4444,590,1061,2457
-3765,1638,2134,-333,-3914,-3539,3212,3421,4418,573,1040,2446
-3762,1685,2077,-258,-3877,-3560,3222,3429,4421,603,1044,2470
-3723,1764,1953,-117,-3774,-3580,3258,3459,4448,666,1072,2521
-3682,1832,1838,10,-3674,-3592,3297,3489,4476,729,1105,2577
-3669,1864,1788,69,-3637,-3601,3321,3498,4489,765,1121,2617
-3658,1885,1752,112,-3611,-3607,3344,3504,4500,794,1131,2648
-3632,1914,1695,171,-3560,-3609,3379,3514,4521,830,1143,2676
-3578,1951,1602,260,-3468,-3600,3427,3538,4553,877,1162,2704
-3521,1987,1510,346,-3373,-3590,3475,3567,4590,922,1182,2730
-3471,2002,1445,399,-3301,-3574,3515,3591,4627,957,1203,2757
-3462,1970,1469,361,-3314,-3554,3531,3596,4648,962,1208,2770
-3455,1924,1510,301,-3339,-3529,3550,3602,4673,970,1214,2785
-3443,1877,1547,243,-3357,-3500,3569,3611,4699,985,1221,2803
-3444,1825,1601,170,-3394,-3479,3578,3612,4717,989,1212,2810
-3425,1794,1614,137,-3390,-3458,3595,3622,4745,1006,1210,2823
-3391,1777,1599,131,-3356,-3437,3621,3640,4778,1030,1218,2841
-3367,1758,1597,115,-3337,-3422,3639,3652,4801,1040,1220,2850
-3353,1745,1598,101,-3325,-3417,3651,3655,4815,1042,1214,2856
-3324,1762,1553,137,-3272,-3422,3678,3664,4836,1064,1210,2874
-3281,1786,1490,189,-3198,-3421,3707,3676,4854,1085,1211,2896
-3268,1771,1494,170,-3188,-3412,3710,3663,4849,1065,1197,2891
-3295,1704,1591,55,-3267,-3395,3684,3622,4815,1008,1160,2858
-3352,1608,1747,-118,-3405,-3376,3640,3561,4765,936,1103,2807
-3400,1525,1882,-270,-3523,-3357,3607,3508,4726,891,1050,2762
-3413,1476,1947,-350,-3572,-3336,3597,3485,4714,889,1020,2744
-3422,1436,1998,-416,-3609,-3317,3591,3473,4712,897,1003,2738
-3443,1389,2069,-499,-3668,-3299,3579,3460,4709,899,988,2731
-3488,1327,2177,-615,-3768,-3286,3559,3438,4699,890,967,2720
-3532,1267,2283,-728,-3868,-3272,3541,3419,4685,882,948,2714
-3564,1226,2357,-807,-3938,-3260,3536,3410,4679,892,940,2724
-3545,1229,2336,-793,-3911,-3242,3564,3434,4700,944,962,2763
-3512,1240,2294,-758,-3863,-3220,3596,3459,4721,992,984,2799
-3486,1248,2260,-731,-3825,-3199,3621,3477,4733,1027,999,2823
-3450,1256,2216,-696,-3774,-3171,3646,3496,4745,1061,1018,2846
-3436,1239,2218,-706,-3768,-3141,3662,3502,4745,1074,1023,2862
-3440,1204,2256,-753,-3799,-3111,3676,3498,4737,1075,1017,2875
-3437,1170,2285,-791,-3820,-3077,3692,3496,4730,1078,1012,2890
-3428,1131,2313,-831,-3836,-3037,3701,3494,4719,1074,1010,2900
-3441,1067,2387,-919,-3897,-2995,3687,3481,4689,1048,998,2889
-3472,999,2482,-1021,-3984,-2963,3663,3458,4650,1017,974,2869
-3475,971,2509,-1053,-4007,-2940,3659,3453,4630,1018,966,2871
-3431,993,2439,-985,-3933,-2920,3685,3479,4639,1069,990,2903
-3353,1044,2306,-856,-3794,-2898,3736,3527,4672,1150,1037,2958
-3271,1086,2179,-737,-3656,-2868,3791,3575,4707,1223,1081,3014
-3222,1098,2114,-680,-3580,-2840,3830,3598,4723,1263,1111,3054
-3179,1109,2057,-628,-3514,-2817,3865,3613,4736,1303,1147,3095
-3129,1135,1981,-555,-3429,-2800,3907,3632,4759,1355,1192,3141
-3057,1178,1865,-444,-3302,-2781,3964,3668,4792,1424,1248,3195
-2979,1226,1741,-325,-3166,-2761,4027,3713,4831,1498,1309,3249
-2911,1263,1636,-225,-3048,-2743,4079,3756,4863,1559,1366,3295
-2883,1267,1606,-199,-3006,-2728,4102,3773,4869,1577,1395,3315
-2861,1265,1586,-183,-2974,-2715,4119,3785,4868,1584,1411,3325
-2835,1270,1556,-158,-2933,-2704,4139,3798,4868,1592,1426,3338
-2823,1266,1549,-154,-2916,-2698,4157,3805,4862,1599,1436,3348
-2793,1283,1503,-110,-2860,-2694,4187,3827,4866,1624,1462,3371
-2747,1318,1423,-34,-2770,-2690,4222,3861,4875,1652,1498,3401
-2710,1347,1357,29,-2696,-2689,4253,3891,4875,1668,1526,3423
-2681,1377,1299,86,-2633,-2694,4285,3917,4874,1684,1543,3442
-2633,1433,1196,191,-2527,-2704,4337,3954,4887,1725,1566,3476
-2564,1497,1063,321,-2388,-2705,4399,4004,4909,1772,1600,3517
-2516,1525,988,387,-2302,-2695,4444,4039,4919,1788,1623,3541
-2509,1510,998,367,-2301,-2683,4461,4047,4905,1763,1621,3539
-2533,1469,1064,293,-2359,-2675,4462,4036,4871,1715,1601,3524
-2553,1442,1113,238,-2404,-2672,4471,4028,4841,1686,1584,3520
-2537,1448,1092,252,-2378,-2666,4501,4043,4835,1695,1591,3541
-2514,1459,1060,277,-2342,-2658,4531,4062,4837,1710,1606,3565
-2501,1459,1049,281,-2327,-2650,4550,4075,4835,1716,1613,3578
-2509,1435,1082,239,-2357,-2638,4553,4071,4824,1706,1598,3574
-2516,1402,1124,185,-2393,-2620,4550,4061,4811,1697,1572,3565
-2514,1381,1145,153,-2409,-2603,4554,4055,4807,1704,1553,3568
-2471,1400,1084,202,-2345,-2584,4590,4074,4829,1749,1565,3605
-2420,1428,1007,269,-2265,-2566,4635,4094,4859,1807,1584,3651
-2377,1451,943,323,-2199,-2549,4675,4109,4888,1864,1597,3690
-2324,1475,867,386,-2120,-2527,4721,4132,4922,1927,1615,3732
-2292,1479,833,408,-2081,-2505,4755,4143,4944,1968,1622,3764
-2278,1468,831,399,-2077,-2484,4777,4144,4956,1993,1621,3788
-2259,1461,820,399,-2062,-2463,4800,4146,4969,2016,1628,3817
-2237,1453,807,400,-2044,-2438,4816,4152,4979,2032,1641,3843
-2232,1416,839,352,-2067,-2407,4806,4148,4972,2025,1649,3850
-2244,1368,898,280,-2118,-2380,4792,4139,4960,2018,1651,3853
-2226,1349,899,266,-2111,-2353,4803,4150,4969,2051,1669,3878
-2163,1373,811,341,-2012,-2325,4841,4188,5007,2127,1712,3932
-2067,1429,657,482,-1848,-2298,4892,4241,5063,2219,1770,4004
-1970,1486,501,626,-1679,-2271,4933,4289,5114,2298,1831,4076
-1906,1516,404,713,-1572,-2249,4947,4310,5146,2347,1874,4125
-1847,1543,316,792,-1474,-2230,4955,4323,5171,2390,1909,4163
-1777,1575,210,888,-1355,-2208,4972,4343,5201,2438,1944,4203
-1685,1615,73,1010,-1199,-2177,5003,4379,5243,2500,1991,4253
-1591,1648,-59,1126,-1046,-2143,5038,4418,5284,2558,2043,4304
-1522,1663,-150,1203,-935,-2114,5059,4448,5313,2592,2086,4340
-1516,1635,-134,1181,-937,-2099,5039,4440,5307,2574,2092,4343
-1540,1592,-74,1119,-987,-2094,5001,4413,5284,2539,2080,4332
-1579,1551,-3,1051,-1055,-2102,4957,4378,5255,2500,2060,4315
-1646,1502,105,955,-1166,-2123,4903,4328,5210,2446,2024,4282
-1705,1468,191,881,-1257,-2148,4856,4283,5168,2400,1994,4250
-1748,1444,250,832,-1319,-2169,4815,4244,5134,2365,1971,4224
-1792,1411,321,769,-1391,-2185,4771,4195,5094,2328,1943,4195
-1834,1378,392,705,-1460,-2197,4731,4145,5055,2303,1912,4174
-1846,1376,403,700,-1472,-2210,4715,4112,5034,2315,1894,4180
-1832,1391,373,733,-1439,-2214,4712,4095,5026,2344,1895,4196
-1832,1376,389,714,-1448,-2206,4693,4067,5001,2346,1888,4191
-1871,1317,490,607,-1541,-2194,4646,4015,4947,2304,1857,4158
-1938,1228,651,438,-1693,-2178,4579,3946,4872,2237,1807,4109
-1998,1147,800,282,-1833,-2161,4512,3880,4799,2179,1757,4071
-2011,1097,872,196,-1892,-2131,4466,3840,4744,2155,1730,4062
-2009,1053,923,128,-1927,-2094,4420,3806,4695,2142,1716,4065
-2014,999,993,38,-1981,-2053,4363,3765,4639,2113,1697,4059
-2039,928,1101,-88,-2074,-2013,4290,3709,4572,2067,1663,4040
-2065,856,1211,-218,-2169,-1969,4220,3656,4507,2029,1628,4022
-2071,799,1287,-315,-2230,-1923,4163,3616,4458,2011,1601,4017
-2031,785,1272,-323,-2198,-1873,4139,3607,4437,2036,1602,4039
-1980,784,1235,-308,-2146,-1824,4126,3604,4427,2064,1608,4067
-1934,779,1206,-301,-2102,-1774,4116,3601,4418,2085,1612,4088
-1875,776,1160,-280,-2037,-1719,4112,3605,4413,2107,1627,4112
-1837,757,1149,-294,-2010,-1667,4093,3596,4399,2116,1637,4124
-1822,728,1170,-335,-2020,-1625,4064,3578,4380,2121,1637,4124
-1805,706,1180,-362,-2018,-1588,4038,3568,4369,2135,1638,4123
-1778,679,1183,-387,-2006,-1544,4008,3565,4363,2144,1637,4115
-1772,627,1229,-456,-2036,-1499,3958,3558,4347,2134,1627,4096
-1791,569,1301,-544,-2099,-1469,3907,3548,4328,2121,1615,4084
-1784,547,1311,-565,-2101,-1449,3883,3559,4329,2141,1629,4100
-1730,575,1221,-485,-2006,-1434,3898,3601,4357,2206,1675,4146
-1642,635,1062,-335,-1841,-1421,3938,3668,4408,2300,1740,4206
-1550,690,904,-187,-1673,-1404,3978,3741,4464,2388,1806,4256
-1497,717,810,-100,-1573,-1397,3998,3792,4505,2445,1851,4283
-1463,744,737,-26,-1500,-1406,4019,3834,4543,2497,1888,4310
-1430,778,655,62,-1421,-1423,4049,3876,4586,2552,1924,4343
-1379,821,546,174,-1311,-1434,4090,3928,4637,2615,1969,4383
-1317,856,435,282,-1193,-1436,4130,3978,4687,2672,2015,4424
-1258,870,349,361,-1093,-1427,4160,4019,4730,2716,2063,4458
-1237,842,343,359,-1071,-1416,4163,4032,4748,2727,2086,4464
-1225,811,351,346,-1065,-1409,4160,4037,4758,2736,2101,4463
-1211,794,344,351,-1047,-1411,4159,4040,4768,2752,2118,4465
-1216,784,350,352,-1051,-1428,4151,4034,4768,2758,2128,4462
-1210,806,317,399,-1020,-1459,4152,4034,4773,2778,2144,4471
-1192,857,244,490,-956,-1498,4156,4042,4784,2810,2168,4490
-1181,914,176,581,-899,-1544,4157,4047,4790,2836,2190,4508
-1173,976,108,672,-846,-1593,4160,4050,4797,2868,2216,4536
-1141,1067,-10,815,-742,-1641,4188,4068,4824,2938,2262,4596
-1088,1174,-163,989,-602,-1682,4228,4104,4865,3030,2326,4673
-1055,1248,-262,1103,-513,-1712,4249,4127,4892,3092,2377,4731
-1061,1275,-271,1123,-509,-1732,4238,4124,4892,3107,2400,4754
-1099,1272,-219,1081,-569,-1750,4207,4103,4870,3097,2397,4755
-1143,1275,-165,1039,-634,-1773,4180,4082,4847,3092,2390,4759
-1158,1302,-164,1047,-644,-1789,4174,4083,4842,3112,2405,4783
-1165,1323,-166,1051,-648,-1792,4175,4091,4839,3134,2430,4808
-1181,1320,-134,1015,-680,-1784,4163,4091,4825,3139,2451,4821
-1222,1289,-51,926,-764,-1771,4130,4067,4794,3118,2453,4815
-1272,1256,44,827,-862,-1762,4083,4032,4752,3082,2440,4803
-1317,1237,119,749,-943,-1757,4035,3993,4708,3047,2418,4789
-1325,1258,114,752,-947,-1754,4008,3973,4685,3043,2407,4792
-1329,1289,97,770,-940,-1754,3984,3959,4666,3041,2394,4794
-1346,1310,103,765,-958,-1757,3953,3939,4639,3029,2372,4790
-1361,1333,102,768,-970,-1761,3922,3922,4615,3019,2357,4788
-1401,1338,144,731,-1028,-1771,3878,3888,4578,2987,2332,4776
-1469,1330,225,661,-1130,-1793,3824,3834,4531,2936,2291,4750
-1537,1327,299,601,-1228,-1821,3774,3777,4484,2885,2249,4723
-1600,1318,373,538,-1322,-1844,3723,3724,4438,2832,2207,4692
-1684,1277,498,424,-1465,-1862,3651,3659,4374,2753,2151,4638
-1793,1226,657,283,-1646,-1895,3567,3582,4298,2658,2078,4573
-1880,1207,760,203,-1776,-1937,3499,3516,4237,2595,2014,4526
-1922,1231,773,216,-1815,-1982,3464,3479,4206,2579,1980,4509
-1925,1282,718,294,-1783,-2022,3462,3469,4205,2601,1975,4518
-1917,1320,665,363,-1744,-2049,3471,3468,4215,2629,1978,4531
-1935,1312,683,358,-1769,-2066,3467,3451,4213,2629,1960,4525
-1952,1287,714,334,-1802,-2075,3466,3433,4211,2628,1936,4515
-1956,1262,734,320,-1817,-2077,3476,3423,4217,2641,1913,4511
-1934,1246,718,336,-1792,-2070,3497,3430,4232,2670,1901,4514
-1908,1231,696,357,-1759,-2062,3520,3441,4251,2699,1896,4519
-1897,1207,699,357,-1751,-2060,3538,3448,4264,2713,1890,4517
-1934,1151,782,281,-1829,-2069,3531,3427,4253,2684,1860,4490
-1990,1093,886,190,-1932,-2088,3516,3397,4233,2643,1821,4458
-2044,1050,974,118,-2023,-2115,3505,3369,4217,2608,1786,4428
-2112,1006,1077,34,-2133,-2150,3488,3337,4195,2571,1742,4389
-2160,986,1138,-8,-2202,-2186,3486,3317,4185,2559,1711,4359
-2183,988,1154,-8,-2224,-2218,3497,3312,4188,2568,1696,4340
-2212,992,1173,-11,-2253,-2252,3509,3306,4192,2575,1683,4326
-2248,1004,1195,-13,-2288,-2293,3532,3299,4199,2586,1670,4320
-2263,1047,1165,38,-2276,-2339,3582,3306,4224,2627,1674,4345
-2255,1108,1096,123,-2223,-2377,3647,3331,4263,2680,1696,4385
-2270,1139,1080,152,-2221,-2409,3691,3347,4284,2703,1706,4407
-2326,1125,1154,87,-2308,-2435,3703,3337,4278,2681,1689,4398
-2412,1080,1287,-40,-2454,-2457,3692,3310,4251,2629,1650,4367
-2499,1040,1417,-164,-2600,-2482,3679,3286,4220,2579,1604,4338
-2549,1031,1480,-224,-2677,-2499,3684,3289,4209,2560,1578,4327
-2584,1028,1522,-268,-2731,-2509,3688,3304,4208,2553,1560,4319
-2621,1012,1578,-331,-2795,-2509,3681,3315,4204,2539,1540,4303
-2689,981,1679,-434,-2910,-2518,3660,3308,4186,2504,1505,4275
-2771,955,1790,-542,-3042,-2538,3636,3296,4162,2461,1459,4238
-2841,943,1874,-623,-3149,-2559,3617,3286,4145,2431,1410,4198
-2865,971,1871,-618,-3166,-2575,3620,3301,4152,2442,1382,4180
-2874,1013,1841,-586,-3155,-2589,3630,3320,4168,2463,1363,4176
-2891,1043,1829,-574,-3162,-2601,3632,3329,4175,2471,1343,4167
-2901,1074,1810,-554,-3159,-2610,3636,3333,4181,2476,1330,4155
-2935,1086,1832,-574,-3199,-2622,3622,3315,4171,2456,1308,4130
-2993,1078,1898,-634,-3285,-2639,3592,3282,4148,2417,1274,4094
-3053,1071,1965,-692,-3371,-2659,3563,3252,4127,2384,1245,4065
-3109,1060,2031,-749,-3454,-2676,3536,3229,4105,2354,1224,4042
-3180,1022,2140,-851,-3575,-2688,3489,3198,4064,2301,1195,4004
-3269,973,2278,-977,-3727,-2707,3432,3153,4015,2238,1153,3956
-3336,954,2364,-1044,-3828,-2735,3395,3125,3984,2207,1122,3921
-3358,982,2357,-1016,-3837,-2767,3390,3124,3984,2224,1116,3911
-3342,1036,2286,-925,-3778,-2795,3413,3143,4005,2272,1129,3921
-3319,1084,2216,-837,-3714,-2816,3440,3164,4028,2318,1149,3937
-3334,1096,2220,-820,-3725,-2842,3444,3160,4030,2335,1151,3940
-3356,1105,2235,-811,-3747,-2872,3443,3152,4029,2355,1155,3948
-3366,1123,2229,-781,-3748,-2904,3450,3151,4034,2390,1164,3966
-3352,1160,2181,-709,-3703,-2934,3469,3167,4051,2441,1182,3991
-3329,1206,2115,-619,-3641,-2964,3493,3193,4077,2498,1203,4019
-3312,1244,2064,-543,-3592,-2996,3513,3218,4100,2542,1222,4038
-3329,1245,2083,-539,-3613,-3026,3509,3219,4101,2544,1217,4032
-3351,1232,2122,-558,-3649,-3050,3498,3210,4092,2531,1203,4018
-3363,1226,2143,-562,-3666,-3073,3489,3203,4088,2526,1193,4009
-3387,1215,2180,-580,-3703,-3100,3472,3188,4078,2519,1178,3997
-3395,1223,2182,-566,-3706,-3126,3469,3185,4078,2531,1177,3999
-3373,1245,2140,-513,-3658,-3141,3476,3195,4091,2559,1189,4010
-3348,1265,2098,-465,-3611,-3151,3481,3197,4101,2586,1198,4019
-3330,1288,2058,-418,-3568,-3165,3490,3193,4108,2617,1204,4027
-3292,1341,1969,-322,-3481,-3184,3528,3202,4137,2677,1222,4047
-3232,1410,1842,-192,-3355,-3197,3582,3228,4180,2754,1254,4076
-3193,1451,1763,-115,-3275,-3202,3616,3242,4210,2802,1279,4092
-3194,1446,1771,-130,-3280,-3200,3620,3231,4215,2813,1282,4086
-3221,1407,1838,-209,-3343,-3191,3603,3202,4199,2797,1270,4064
-3245,1364,1905,-293,-3404,-3174,3590,3175,4182,2788,1259,4046
-3229,1347,1906,-318,-3396,-3146,3597,3175,4186,2811,1269,4047
-3200,1332,1891,-332,-3368,-3108,3607,3185,4197,2842,1285,4050
-3181,1300,1902,-375,-3365,-3063,3606,3188,4202,2858,1289,4042
-3188,1250,1959,-463,-3410,-3022,3589,3175,4193,2849,1276,4020
-3209,1195,2031,-564,-3475,-2985,3565,3153,4178,2832,1260,3995
-3230,1158,2085,-642,-3528,-2959,3544,3132,4165,2823,1253,3976
-3223,1173,2061,-633,-3511,-2947,3545,3131,4172,2847,1267,3978
-3214,1212,2009,-588,-3473,-2950,3553,3133,4185,2875,1286,3991
-3219,1252,1971,-551,-3455,-2964,3554,3128,4194,2891,1297,4003
-3219,1298,1922,-501,-3424,-2978,3553,3126,4202,2907,1310,4018
-3234,1326,1906,-483,-3426,-2991,3538,3109,4196,2897,1309,4020
-3267,1340,1923,-495,-3462,-3008,3513,3079,4176,2865,1293,4010
-3294,1358,1930,-494,-3486,-3025,3488,3053,4158,2833,1277,4000
-3311,1373,1932,-490,-3500,-3037,3462,3032,4144,2797,1263,3988
-3342,1355,1979,-535,-3553,-3037,3414,2999,4114,2737,1239,3956
-3391,1319,2062,-613,-3642,-3041,3355,2952,4071,2662,1201,3913
-3419,1313,2095,-636,-3684,-3054,3314,2921,4045,2616,1175,3883
-3402,1353,2037,-564,-3634,-3069,3307,2922,4048,2614,1172,3880
-3349,1419,1917,-431,-3519,-3081,3327,2949,4070,2639,1190,3895
-3295,1479,1801,-303,-3405,-3090,3347,2977,4089,2661,1214,3909
-3281,1508,1757,-241,-3365,-3108,3349,2984,4089,2653,1221,3904
-3283,1530,1737,-199,-3353,-3134,3348,2982,4084,2641,1221,3896
-3286,1563,1706,-140,-3332,-3169,3356,2986,4086,2646,1222,3898
-3266,1607,1643,-53,-3276,-3198,3378,3008,4103,2673,1240,3915
-3238,1645,1576,34,-3210,-3218,3406,3042,4130,2710,1268,3939
-3214,1668,1529,96,-3161,-3232,3432,3075,4157,2744,1292,3957
-3227,1646,1562,76,-3189,-3241,3431,3083,4160,2741,1283,3948
-3247,1612,1616,32,-3235,-3245,3421,3082,4153,2722,1264,3929
-3257,1588,1648,10,-3261,-3250,3416,3085,4149,2711,1256,3918
-3278,1569,1687,-17,-3298,-3264,3409,3084,4142,2701,1253,3910
-3280,1575,1681,2,-3293,-3280,3421,3102,4153,2721,1268,3914
-3254,1608,1622,72,-3234,-3295,3456,3143,4182,2761,1297,3927
-3226,1650,1552,153,-3167,-3313,3494,3184,4216,2798,1318,3935
-3204,1706,1473,246,-3098,-3343,3528,3216,4247,2833,1324,3941
-3160,1798,1337,399,-2977,-3378,3578,3252,4291,2885,1334,3961
-3090,1906,1159,589,-2811,-3406,3643,3300,4342,2946,1356,3988
-3038,1983,1031,722,-2692,-3423,3687,3328,4376,2971,1365,3993
-3032,2008,999,754,-2668,-3433,3698,3324,4380,2946,1346,3967
-3064,1993,1046,704,-2723,-3440,3684,3296,4361,2891,1306,3920
-3103,1966,1112,633,-2795,-3443,3668,3264,4339,2849,1269,3882
-3108,1957,1124,608,-2810,-3433,3672,3255,4334,2845,1263,3874
-3105,1940,1138,576,-2821,-3410,3679,3253,4337,2856,1271,3882
-3112,1897,1186,503,-2861,-3376,3674,3246,4333,2861,1276,3885
-3146,1824,1292,371,-2959,-3340,3651,3220,4317,2846,1265,3875
-3192,1740,1420,216,-3080,-3304,3621,3186,4297,2828,1244,3860
-3237,1659,1546,66,-3199,-3268,3592,3155,4279,2819,1223,3849
-3250,1608,1610,-24,-3255,-3232,3584,3145,4281,2841,1219,3860
-3254,1562,1661,-101,-3296,-3193,3582,3143,4291,2862,1218,3875
-3272,1498,1747,-213,-3371,-3152,3574,3135,4291,2864,1204,3880
-3293,1431,1837,-328,-3450,-3112,3570,3135,4293,2868,1198,3885
-3335,1350,1966,-478,-3568,-3078,3556,3126,4287,2861,1187,3877
-3392,1256,2125,-655,-3715,-3046,3532,3101,4271,2841,1165,3853
-3437,1172,2261,-810,-3839,-3014,3508,3078,4256,2822,1147,3832
-3466,1098,2371,-938,-3933,-2980,3482,3060,4239,2801,1136,3812
-3502,1012,2502,-1086,-4045,-2944,3436,3033,4204,2757,1120,3780
-3554,930,2645,-1239,-4175,-2921,3373,2995,4158,2698,1090,3742
-3578,891,2717,-1314,-4238,-2911,3329,2974,4130,2672,1069,3725
-3551,906,2683,-1279,-4195,-2903,3318,2988,4140,2699,1077,3743
-3487,959,2572,-1165,-4075,-2898,3337,3031,4180,2766,1107,3785
-3413,1015,2447,-1038,-3938,-2889,3364,3087,4229,2839,1148,3832
-3374,1041,2387,-973,-3867,-2885,3370,3118,4262,2875,1169,3858
-3349,1063,2343,-919,-3814,-2889,3368,3139,4282,2900,1183,3872
-3327,1096,2289,-849,-3756,-2902,3369,3159,4307,2931,1198,3886
-3288,1141,2203,-749,-3667,-2913,3382,3194,4342,2976,1225,3910
-3250,1185,2118,-648,-3577,-2925,3391,3233,4380,3018,1255,3934
-3234,1211,2069,-582,-3525,-2940,3385,3265,4411,3045,1277,3948
-3266,1192,2112,-607,-3566,-2958,3343,3265,4413,3027,1268,3933
-3317,1150,2194,-674,-3648,-2973,3288,3252,4405,2991,1244,3903
-3361,1114,2262,-727,-3714,-2986,3243,3245,4403,2960,1225,3875
-3416,1069,2348,-799,-3801,-3001,3202,3232,4398,2926,1198,3845
-3452,1040,2399,-838,-3852,-3014,3178,3233,4408,2915,1179,3827
-3462,1034,2401,-830,-3855,-3023,3173,3251,4433,2924,1175,3822
-3468,1034,2393,-814,-3849,-3034,3173,3271,4461,2940,1173,3817
-3475,1048,2372,-782,-3838,-3052,3182,3291,4491,2966,1168,3816
-3458,1102,2289,-685,-3770,-3081,3219,3331,4544,3027,1177,3835
-3412,1190,2146,-528,-3644,-3111,3278,3395,4618,3113,1204,3865
-3377,1264,2028,-399,-3544,-3139,3326,3455,4685,3172,1223,3877
-3383,1309,1984,-343,-3522,-3173,3350,3495,4731,3187,1219,3862
-3424,1336,1995,-337,-3561,-3217,3360,3523,4760,3174,1199,3827
-3472,1373,2005,-326,-3605,-3271,3379,3562,4795,3168,1181,3793
-3479,1445,1941,-245,-3574,-3320,3426,3639,4857,3199,1189,3780
-3475,1527,1858,-147,-3524,-3366,3483,3739,4935,3242,1205,3773
-3480,1599,1795,-70,-3494,-3412,3536,3848,5018,3283,1214,3762
-3513,1651,1781,-41,-3515,-3461,3577,3949,5096,3310,1203,3741
-3557,1694,1789,-34,-3559,-3511,3615,4051,5176,3340,1189,3720
-3593,1742,1784,-15,-3589,-3559,3662,4167,5269,3393,1188,3712
-3589,1822,1708,72,-3545,-3602,3736,4317,5393,3490,1219,3734
-3569,1908,1612,177,-3476,-3638,3822,4486,5537,3608,1267,3770
-3559,1969,1550,243,-3437,-3665,3902,4654,5681,3719,1311,3800
-3541,2016,1495,296,-3396,-3677,3982,4826,5829,3828,1358,3828
-3538,2027,1491,292,-3399,-3676,4043,4984,5966,3916,1393,3839
-3560,2005,1545,229,-3456,-3669,4081,5121,6089,3982,1408,3828
-3584,1976,1609,156,-3520,-3662,4106,5254,6207,4047,1422,3811
-3609,1943,1676,81,-3585,-3653,4115,5377,6316,4103,1438,3790
-3653,1883,1789,-41,-3693,-3639,4090,5467,6398,4127,1444,3750
-3716,1806,1938,-196,-3837,-3629,4045,5519,6453,4134,1436,3706
-3754,1760,2030,-290,-3923,-3622,4015,5561,6515,4171,1444,3690
-3737,1768,2011,-273,-3897,-3615,4018,5616,6602,4256,1490,3718
-3675,1818,1907,-169,-3783,-3607,4037,5670,6704,4371,1566,3772
-3594,1876,1773,-38,-3635,-3593,4050,5700,6801,4486,1656,3832
-3541,1907,1693,41,-3540,-3579,4031,5676,6864,4566,1729,3878
-3497,1934,1627,110,-3459,-3570,3993,5609,6905,4631,1795,3930
-3445,1973,1540,202,-3358,-3565,3946,5508,6934,4698,1865,4004
-3372,2026,1415,331,-3217,-3556,3891,5379,6954,4774,1951,4099
-3281,2081,1269,477,-3049,-3538,3823,5219,6963,4851,2050,4210
-3194,2123,1138,605,-2893,-3514,3735,5017,6950,4911,2154,4321
-3146,2119,1090,649,-2819,-3486,3613,4749,6894,4922,2239,4408
-3117,2087,1088,644,-2787,-3453,3473,4427,6804,4908,2313,4486
-3080,2046,1085,634,-2750,-3409,3336,4069,6694,4886,2387,4569
-3049,1977,1113,585,-2738,-3350,3191,3662,6554,4845,2449,4644
-2995,1905,1120,548,-2698,-3274,3058,3228,6401,4810,2512,4729
-2914,1843,1089,542,-2615,-3187,2942,2775,6242,4788,2592,4833
-2824,1773,1057,530,-2527,-3089,2833,2293,6068,4762,2680,4948
-2727,1702,1020,520,-2431,-2983,2734,1782,5882,4744,2779,5077
-2593,1658,918,569,-2270,-2871,2660,1256,5701,4759,2900,5237
-2412,1631,753,668,-2037,-2738,2601,720,5521,4797,3050,5425
-2224,1570,615,724,-1819,-2576,2527,148,5317,4818,3206,5616
-2049,1454,547,695,-1657,-2385,2427,-460,5080,4803,3356,5797
-1882,1300,527,605,-1535,-2172,2308,-1090,4817,4764,3505,5975
-1707,1150,498,522,-1401,-1954,2186,-1724,4548,4732,3666,6170
-1486,1033,390,510,-1186,-1727,2078,-2344,4294,4735,3859,6401
-1239,927,246,526,-931,-1487,1965,-2963,4042,4748,4069,6652
-987,814,108,531,-678,-1238,1827,-3595,3781,4757,4289,6909
-753,688,3,503,-459,-989,1655,-4250,3507,4756,4511,7170
-524,563,-97,472,-247,-744,1452,-4921,3231,4761,4738,7441
-283,450,-218,460,-13,-496,1230,-5591,2962,4787,4975,7731
3,366,-413,517,299,-237,1016,-6234,2721,4859,5240,8056
312,288,-635,595,645,34,795,-6869,2488,4945,5517,8399
617,196,-837,650,975,312,552,-7517,2242,5015,5793,8737
931,101,-1047,710,1318,599,293,-8178,1989,5080,6078,9080
1225,-8,-1220,738,1623,880,0,-8876,1712,5113,6356,9409
1482,-123,-1353,736,1878,1141,-332,-9617,1408,5112,6620,9719
1729,-224,-1490,747,2129,1384,-688,-10385,1084,5095,6877,10026
1980,-320,-1636,771,2390,1625,-1067,-11172,742,5064,7134,10333
2215,-439,-1744,756,2616,1869,-1479,-11984,374,5007,7381,10630
2436,-577,-1820,710,2812,2114,-1909,-12812,-12,4938,7613,10924
2683,-694,-1945,713,3059,2359,-2321,-13620,-385,4904,7851,11236
2988,-776,-2166,807,3410,2617,-2697,-14380,-722,4928,8116,11579
3343,-840,-2456,961,3840,2894,-3042,-15088,-1019,4999,8409,11943
3717,-918,-2752,1112,4290,3191,-3381,-15757,-1292,5091,8722,12313
4066,-1039,-2981,1192,4677,3498,-3744,-16413,-1561,5175,9028,12669
4407,-1175,-3189,1250,5046,3808,-4117,-17042,-1815,5269,9334,13021
4759,-1309,-3411,1320,5433,4122,-4492,-17635,-2044,5383,9649,13379
5132,-1431,-3666,1423,5855,4439,-4871,-18187,-2249,5520,9975,13742
5508,-1547,-3930,1535,6287,4755,-5259,-18708,-2439,5671,10308,14106
5867,-1672,-4169,1626,6690,5064,-5660,-19209,-2622,5813,10634,14459
6176,-1830,-4323,1637,7004,5362,-6090,-19708,-2819,5918,10933,14781
6455,-2005,-4431,1607,7267,5651,-6535,-20196,-3021,6004,11213,15084
6730,-2176,-4539,1578,7528,5935,-6974,-20657,-3212,6088,11486,15381
6981,-2361,-4608,1513,7747,6214,-7412,-21094,-3395,6158,11736,15659
7233,-2544,-4681,1451,7969,6492,-7823,-21480,-3552,6243,11977,15928
7494,-2717,-4771,1406,8208,6771,-8197,-21800,-3675,6351,12213,16182
7732,-2896,-4832,1334,8412,7041,-8542,-22065,-3774,6456,12427,16403
7938,-3076,-4860,1240,8572,7290,-8856,-22280,-3852,6551,12607,16589
8135,-3223,-4910,1180,8740,7513,-9120,-22430,-3893,6655,12761,16754
8322,-3335,-4986,1159,8919,7709,-9340,-22508,-3899,6758,12894,16888
8453,-3450,-5000,1092,9016,7870,-9547,-22535,-3897,6811,12973,16955
8496,-3583,-4908,942,8986,7987,-9750,-22527,-3904,6791,12972,16934
8459,-3718,-4734,733,8844,8052,-9942,-22481,-3914,6709,12891,16833
8361,-3819,-4532,528,8644,8056,-10106,-22382,-3912,6595,12746,16674
8239,-3847,-4380,403,8459,7995,-10220,-22203,-3876,6478,12561,16477
8061,-3821,-4226,311,8235,7863,-10294,-21955,-3819,6330,12318,16223
7806,-3762,-4030,212,7931,7658,-10346,-21661,-3761,6129,12004,15896
7459,-3684,-3762,78,7516,7377,-10384,-21338,-3713,5867,11607,15489
7042,-3576,-3454,-64,7027,7031,-10396,-20975,-3668,5562,11142,15017
6584,-3439,-3137,-192,6505,6638,-10368,-20565,-3614,5244,10635,14504
6130,-3257,-2872,-257,6018,6216,-10279,-20091,-3534,4945,10115,13981
5667,-3050,-2624,-293,5536,5772,-10140,-19571,-3442,4642,9579,13440
5171,-2847,-2340,-356,5008,5306,-9972,-19032,-3367,4299,9011,12863
4666,-2638,-2054,-415,4473,4830,-9775,-18475,-3312,3925,8425,12262
4135,-2442,-1731,-507,3896,4345,-9572,-17925,-3289,3511,7813,11636
3574,-2266,-1360,-644,3267,3850,-9367,-17389,-3304,3059,7178,10994
3010,-2088,-986,-780,2635,3352,-9151,-16856,-3340,2588,6536,10347
2457,-1916,-617,-916,2015,2864,-8921,-16317,-3394,2095,5890,9703
1898,-1773,-213,-1094,1367,2391,-8690,-15783,-3474,1573,5234,9047
1334,-1650,219,-1303,701,1928,-8453,-15253,-3568,1043,4571,8387
812,-1501,585,-1451,106,1476,-8178,-14696,-3634,566,3935,7757
361,-1305,836,-1489,-363,1042,-7850,-14092,-3647,183,3355,7184
-24,-1079,993,-1445,-725,632,-7478,-13445,-3604,-111,2835,6670
-366,-855,1113,-1377,-1031,255,-7088,-12775,-3518,-344,2368,6205
-705,-667,1269,-1358,-1359,-94,-6712,-12115,-3416,-553,1932,5765
-1020,-491,1416,-1338,-1662,-417,-6334,-11458,-3285,-715,1540,5361
-1293,-311,1521,-1290,-1910,-713,-5940,-10787,-3111,-806,1204,5007
-1509,-122,1564,-1193,-2077,-974,-5522,-10092,-2889,-820,931,4706
-1685,65,1570,-1073,-2192,-1206,-5092,-9386,-2629,-782,710,4450
-1844,237,1577,-963,-2294,-1413,-4661,-8685,-2346,-713,529,4226
-2018,366,1644,-922,-2446,-1601,-4256,-8012,-2066,-646,365,4007
-2197,472,1740,-915,-2621,-1777,-3873,-7364,-1790,-579,216,3795
-2356,580,1813,-891,-2767,-1939,-3496,-6729,-1507,-490,94,3603
-2514,677,1897,-881,-2919,-2093,-3138,-6122,-1233,-402,-19,3418
-2643,781,1942,-840,-3027,-2231,-2782,-5528,-955,-295,-114,3254
-2733,894,1938,-760,-3077,-2351,-2428,-4938,-663,-159,-178,3124
-2814,993,1937,-691,-3123,-2455,-2095,-4374,-375,-15,-224,3021
-2891,1078,1943,-635,-3173,-2548,-1778,-3840,-93,136,-254,2946
-2936,1172,1903,-542,-3172,-2627,-1454,-3319,198,313,-259,2907
-2938,1269,1815,-415,-3111,-2680,-1128,-2802,499,505,-233,2893
-2937,1323,1763,-340,-3073,-2706,-831,-2314,781,678,-195,2876
-2961,1315,1794,-362,-3109,-2708,-576,-1873,1027,809,-169,2844
-3004,1260,1888,-458,-3201,-2695,-360,-1482,1238,901,-161,2802
-3048,1190,1994,-571,-3302,-2674,-166,-1129,1428,983,-163,2765
-3055,1145,2034,-623,-3337,-2649,29,-781,1619,1086,-148,2751
-3052,1110,2052,-654,-3351,-2625,215,-450,1802,1190,-126,2749
-3053,1067,2079,-697,-3375,-2602,383,-143,1972,1280,-100,2747
-3069,1005,2139,-774,-3430,-2577,528,132,2121,1351,-77,2739
-3087,932,2209,-865,-3495,-2548,656,386,2258,1414,-53,2728
-3087,866,2252,-934,-3530,-2514,780,634,2396,1487,-18,2725
-3038,834,2213,-925,-3478,-2472,923,893,2552,1593,45,2754
-2961,822,2126,-871,-3376,-2425,1076,1155,2717,1713,119,2806
-2895,806,2054,-831,-3292,-2384,1219,1399,2873,1820,178,2854
-2826,801,1970,-775,-3198,-2348,1363,1638,3029,1925,237,2900
-2774,788,1912,-742,-3132,-2320,1495,1861,3176,2015,290,2932
-2749,759,1899,-749,-3113,-2299,1614,2059,3310,2088,331,2948
-2724,734,1884,-753,-3094,-2280,1731,2252,3440,2161,375,2965
-2694,711,1865,-753,-3066,-2260,1843,2442,3570,2229,427,2986
-2682,664,1889,-799,-3080,-2235,1933,2619,3683,2269,469,2994
-2694,599,1957,-886,-3137,-2213,2008,2783,3783,2293,494,2993
-2695,564,1987,-929,-3161,-2203,2100,2961,3902,2345,530,3010
-2652,579,1928,-879,-3094,-2196,2226,3170,4053,2446,593,3059
-2581,633,1803,-760,-2964,-2193,2380,3402,4229,2579,674,3129
-2509,698,1669,-627,-2826,-2197,2539,3635,4406,2706,755,3197
-2486,743,1608,-558,-2770,-2218,2676,3839,4558,2791,807,3240
-2496,785,1586,-517,-2760,-2258,2800,4022,4691,2854,842,3273
-2516,841,1564,-466,-2755,-2311,2924,4197,4817,2914,874,3303
-2528,911,1521,-394,-2732,-2367,3051,4372,4936,2972,908,3331
-2538,981,1480,-322,-2708,-2421,3172,4538,5045,3025,940,3353
-2563,1039,1468,-278,-2713,-2474,3280,4688,5140,3061,960,3366
-2622,1057,1530,-310,-2790,-2524,3358,4807,5206,3055,951,3356
-2699,1055,1630,-382,-2904,-2570,3412,4907,5253,3032,927,3335
-2763,1062,1708,-432,-2995,-2613,3460,5011,5303,3013,910,3317
-2835,1070,1794,-487,-3097,-2660,3500,5107,5349,2992,890,3295
-2892,1097,1845,-505,-3165,-2708,3549,5212,5399,2989,879,3280
-2917,1143,1844,-476,-3178,-2748,3611,5329,5459,3009,882,3278
-2940,1186,1841,-448,-3188,-2783,3668,5442,5514,3031,880,3275
-2969,1228,1843,-424,-3206,-2821,3719,5540,5562,3053,870,3273
-2977,1295,1797,-350,-3178,-2860,3784,5635,5617,3092,867,3288
-2953,1386,1693,-223,-3091,-2894,3861,5736,5684,3150,882,3318
-2937,1456,1617,-128,-3027,-2919,3920,5820,5732,3186,896,3337
-2959,1483,1616,-112,-3040,-2940,3945,5871,5746,3177,891,3329
-3011,1478,1676,-157,-3113,-2961,3947,5895,5731,3134,866,3300
-3066,1468,1740,-209,-3191,-2979,3948,5913,5711,3098,837,3270
-3081,1484,1735,-197,-3196,-2990,3972,5951,5708,3099,828,3260
-3079,1504,1705,-166,-3174,-2993,4001,5997,5712,3111,832,3257
-3082,1507,1696,-160,-3169,-2988,4022,6038,5715,3117,837,3247
-3109,1480,1738,-206,-3214,-2981,4033,6061,5705,3105,827,3223
-3146,1441,1800,-273,-3279,-2973,4039,6072,5688,3082,806,3186
-3175,1403,1852,-332,-3332,-2962,4045,6080,5670,3064,783,3147
-3168,1395,1837,-326,-3317,-2948,4072,6106,5671,3071,775,3127
-3136,1399,1785,-285,-3261,-2926,4104,6141,5681,3087,782,3119
-3112,1384,1758,-273,-3227,-2900,4126,6170,5686,3095,780,3108
-3078,1367,1727,-260,-3184,-2867,4147,6202,5694,3111,779,3101
-3061,1330,1732,-282,-3177,-2833,4155,6223,5693,3110,766,3084
-3070,1272,1786,-351,-3220,-2805,4150,6233,5683,3090,741,3053
-3082,1215,1842,-420,-3267,-2782,4150,6250,5679,3075,722,3024
-3088,1161,1893,-484,-3306,-2757,4154,6278,5680,3064,721,3000
-3108,1082,1983,-591,-3382,-2726,4143,6304,5673,3033,721,2966
-3146,987,2111,-736,-3495,-2698,4120,6322,5654,2984,712,2921
-3168,924,2190,-826,-3565,-2682,4112,6350,5651,2960,709,2890
-3146,920,2169,-812,-3540,-2676,4136,6408,5680,2987,731,2890
-3090,967,2066,-711,-3437,-2682,4184,6487,5736,3050,774,2919
-3020,1027,1938,-584,-3309,-2689,4236,6570,5799,3114,823,2955
-2985,1061,1873,-519,-3246,-2700,4266,6628,5844,3144,848,2969
-2961,1084,1830,-477,-3205,-2712,4286,6677,5882,3161,859,2976
-2926,1116,1770,-418,-3145,-2722,4312,6727,5924,3180,869,2990
-2869,1163,1674,-326,-3047,-2727,4350,6789,5970,3210,890,3014
-2804,1219,1562,-216,-2930,-2731,4392,6854,6014,3240,918,3039
-2748,1269,1464,-122,-2829,-2736,4428,6913,6049,3258,940,3056
-2731,1284,1441,-100,-2803,-2743,4437,6948,6057,3240,936,3050
-2746,1278,1471,-127,-2833,-2756,4425,6964,6045,3198,911,3027
-2758,1280,1487,-140,-2851,-2770,4413,6980,6029,3162,890,3003
-2790,1275,1530,-175,-2899,-2791,4395,6984,6004,3118,861,2969
-2818,1284,1555,-189,-2931,-2816,4385,6991,5980,3082,836,2937
-2828,1313,1542,-163,-2926,-2841,4387,7012,5965,3061,825,2914
-2852,1339,1542,-147,-2939,-2872,4387,7032,5945,3038,813,2890
-2899,1362,1569,-151,-2983,-2914,4387,7045,5919,3012,795,2870
-2940,1407,1567,-121,-3006,-2965,4406,7063,5907,3007,783,2870
-2955,1470,1518,-47,-2979,-3010,4446,7100,5910,3028,786,2889
-2972,1508,1496,-9,-2972,-3038,4479,7135,5906,3034,782,2899
-3014,1495,1549,-53,-3031,-3047,4488,7148,5881,3009,754,2884
-3076,1449,1656,-156,-3140,-3046,4477,7144,5837,2962,707,2850
-3140,1400,1764,-262,-3252,-3044,4463,7131,5787,2915,656,2810
-3161,1387,1794,-291,-3283,-3037,4469,7137,5755,2900,629,2787
-3159,1384,1791,-291,-3278,-3022,4480,7153,5730,2893,613,2769
-3159,1369,1800,-307,-3283,-3000,4482,7164,5703,2880,595,2743
-3180,1329,1854,-369,-3331,-2976,4471,7160,5667,2851,570,2711
-3210,1281,1927,-449,-3400,-2953,4456,7151,5631,2821,551,2683
-3232,1240,1983,-513,-3451,-2929,4448,7147,5604,2803,542,2669
-3219,1234,1971,-509,-3434,-2906,4460,7161,5600,2817,550,2677
-3177,1247,1912,-461,-3367,-2877,4484,7187,5613,2847,568,2697
-3141,1242,1876,-440,-3319,-2842,4504,7204,5623,2863,581,2709
-3093,1234,1832,-417,-3258,-2798,4528,7224,5639,2878,605,2729
-3058,1205,1824,-431,-3230,-2750,4543,7238,5649,2880,627,2744
-3054,1157,1865,-490,-3255,-2712,4539,7236,5644,2865,632,2748
-3055,1113,1908,-548,-3286,-2683,4531,7231,5639,2850,633,2751
-3053,1074,1944,-599,-3310,-2657,4521,7230,5641,2835,637,2754
-3070,1013,2022,-691,-3374,-2631,4493,7221,5633,2803,634,2738
-3114,937,2143,-822,-3485,-2615,4452,7200,5616,2757,612,2703
-3145,891,2221,-903,-3558,-2613,4431,7194,5618,2740,593,2674
-3133,898,2204,-886,-3540,-2620,4447,7222,5657,2773,601,2673
-3087,946,2113,-792,-3449,-2634,4490,7273,5723,2845,639,2701
-3028,1008,1998,-671,-3333,-2650,4539,7332,5797,2916,692,2737
-3000,1043,1940,-608,-3276,-2670,4569,7370,5852,2949,726,2759
-2982,1069,1903,-563,-3240,-2691,4596,7400,5897,2966,747,2777
-2955,1105,1848,-500,-3186,-2715,4632,7436,5945,2985,768,2803
-2910,1159,1757,-400,-3096,-2739,4675,7484,6002,3016,798,2840
-2854,1223,1644,-280,-2985,-2763,4718,7539,6064,3051,835,2881
-2808,1285,1543,-169,-2888,-2791,4751,7588,6120,3074,870,2915
-2803,1316,1514,-125,-2867,-2826,4754,7614,6150,3061,885,2926
-2830,1327,1536,-130,-2902,-2867,4739,7624,6161,3029,885,2919
-2851,1348,1540,-116,-2921,-2909,4732,7643,6176,3009,886,2914
-2881,1360,1562,-119,-2958,-2950,4724,7657,6188,2984,876,2898
-2902,1382,1563,-103,-2976,-2988,4723,7676,6205,2971,865,2888
-2901,1426,1520,-42,-2949,-3024,4733,7707,6233,2974,872,2893
-2906,1470,1480,17,-2928,-3061,4747,7740,6259,2977,883,2906
-2921,1512,1452,65,-2923,-3100,4763,7765,6282,2977,889,2922
-2917,1573,1383,153,-2877,-3136,4799,7801,6321,3001,901,2954
-2878,1652,1263,286,-2773,-3157,4856,7855,6379,3053,926,3001
-2841,1700,1173,379,-2691,-3157,4900,7899,6425,3085,942,3032
-2834,1696,1165,381,-2684,-3139,4917,7919,6443,3077,938,3033
-2852,1651,1223,312,-2737,-3108,4912,7917,6437,3042,919,3015
-2877,1603,1290,233,-2800,-3076,4900,7905,6421,3004,895,2996
-2863,1588,1284,225,-2788,-3040,4910,7913,6421,2997,898,2998
-2827,1586,1244,248,-2737,-2995,4930,7932,6429,3003,914,3009
-2793,1573,1215,255,-2695,-2943,4945,7949,6435,3005,930,3015
-2779,1541,1225,224,-2692,-2891,4940,7953,6431,2987,933,3011
-2779,1506,1253,178,-2710,-2845,4920,7947,6421,2961,924,2999
-2781,1485,1269,150,-2720,-2810,4900,7941,6413,2945,914,2989
-2762,1502,1225,188,-2676,-2786,4897,7954,6423,2959,922,2996
-2723,1542,1141,267,-2591,-2765,4903,7980,6449,2990,946,3015
-2696,1571,1082,323,-2531,-2747,4897,7998,6468,3007,961,3024
-2665,1601,1018,383,-2465,-2729,4887,8017,6487,3023,980,3034
-2655,1616,990,410,-2436,-2717,4863,8024,6498,3021,990,3032
-2675,1615,1011,393,-2460,-2717,4826,8011,6493,2999,983,3016
-2694,1616,1030,381,-2482,-2722,4791,8003,6491,2981,979,3001
-2697,1622,1029,384,-2480,-2722,4763,8008,6495,2969,986,2990
-2704,1606,1054,355,-2498,-2713,4725,8013,6491,2946,990,2967
-2731,1572,1120,289,-2557,-2711,4680,8016,6480,2913,985,2935
-2743,1558,1150,259,-2582,-2715,4658,8039,6487,2912,993,2926
-2705,1584,1092,317,-2515,-2716,4672,8093,6525,2959,1029,2951
-2626,1640,964,441,-2374,-2713,4712,8174,6589,3037,1091,3001
-2530,1694,821,574,-2212,-2701,4757,8265,6661,3120,1164,3056
-2470,1712,752,634,-2124,-2692,4784,8338,6718,3169,1216,3091
-2436,1709,728,649,-2083,-2687,4803,8396,6762,3201,1253,3116
-2409,1708,711,662,-2052,-2691,4824,8450,6802,3228,1279,3142
-2375,1722,672,700,-2002,-2701,4851,8509,6842,3256,1303,3170
-2341,1752,617,758,-1942,-2722,4874,8567,6880,3280,1328,3197
-2317,1781,571,810,-1894,-2749,4892,8622,6911,3296,1353,3215
-2321,1776,588,798,-1908,-2771,4888,8658,6920,3282,1360,3209
-2350,1740,659,729,-1975,-2788,4869,8678,6912,3249,1352,3185
-2374,1701,728,658,-2037,-2797,4853,8700,6906,3223,1344,3163
-2415,1644,830,555,-2134,-2804,4829,8710,6893,3187,1327,3135
-2456,1596,922,463,-2225,-2814,4813,8719,6881,3164,1311,3115
-2483,1569,979,408,-2283,-2825,4806,8736,6877,3157,1305,3109
-2520,1543,1043,349,-2353,-2841,4794,8742,6865,3143,1290,3094
-2573,1517,1123,280,-2444,-2863,4777,8733,6845,3122,1261,3070
-2615,1519,1164,253,-2502,-2894,4776,8728,6837,3121,1237,3062
-2631,1550,1148,283,-2506,-2923,4792,8737,6843,3139,1229,3075
-2653,1563,1155,286,-2529,-2941,4785,8737,6834,3132,1215,3072
-2706,1534,1235,210,-2622,-2949,4741,8706,6798,3084,1175,3038
-2790,1469,1381,67,-2780,-2951,4670,8654,6743,3014,1115,2980
-2884,1405,1534,-81,-2948,-2958,4595,8602,6687,2951,1050,2922
-2934,1378,1608,-152,-3034,-2958,4545,8579,6655,2927,1012,2893
-2953,1361,1637,-186,-3069,-2943,4512,8571,6639,2923,993,2880
-2962,1333,1669,-231,-3100,-2913,4481,8566,6629,2920,982,2868
-2990,1283,1739,-314,-3167,-2879,4440,8551,6613,2903,962,2847
-3025,1231,1819,-405,-3245,-2850,4399,8531,6594,2883,938,2829
-3051,1191,1875,-473,-3300,-2821,4368,8519,6581,2872,915,2818
-3037,1188,1857,-466,-3279,-2792,4362,8529,6589,2888,905,2827
-2994,1211,1783,-404,-3199,-2760,4369,8556,6613,2918,908,2852
-2962,1222,1731,-363,-3141,-2731,4368,8572,6630,2936,904,2872
-2922,1238,1667,-312,-3067,-2699,4372,8590,6650,2955,908,2899
-2884,1236,1622,-284,-3008,-2661,4370,8602,6664,2962,911,2923
-2864,1211,1619,-298,-2988,-2620,4355,8598,6668,2947,901,2933
-2839,1180,1617,-318,-2965,-2575,4344,8594,6675,2935,889,2937
-2801,1146,1605,-331,-2927,-2524,4339,8603,6685,2931,885,2934
-2775,1091,1628,-381,-2919,-2468,4316,8607,6677,2907,875,2909
-2771,1014,1696,-474,-2956,-2416,4274,8594,6652,2858,852,2871
-2760,965,1729,-526,-2965,-2380,4240,8586,6635,2823,837,2851
-2711,970,1670,-479,-2888,-2358,4240,8606,6647,2836,849,2866
-2631,1019,1539,-355,-2743,-2347,4272,8651,6686,2889,890,2910
-2543,1081,1389,-208,-2581,-2342,4321,8710,6740,2953,946,2967
-2498,1117,1308,-125,-2493,-2349,4353,8751,6782,2990,987,3009
-2477,1141,1265,-75,-2449,-2367,4374,8779,6818,3014,1016,3045
-2456,1168,1221,-22,-2405,-2388,4397,8801,6855,3041,1044,3084
-2417,1207,1149,56,-2332,-2406,4427,8831,6899,3077,1081,3126
-2369,1249,1065,145,-2246,-2421,4456,8864,6942,3117,1130,3166
-2328,1281,1002,213,-2180,-2433,4479,8888,6978,3154,1181,3197
-2320,1279,1005,213,-2181,-2446,4483,8891,6996,3165,1213,3206
-2345,1257,1062,164,-2242,-2467,4473,8874,6997,3150,1223,3198
-2367,1250,1101,136,-2290,-2495,4469,8859,7001,3138,1234,3193
-2400,1244,1152,100,-2354,-2529,4466,8842,7004,3124,1242,3182
-2423,1257,1172,96,-2390,-2568,4475,8838,7017,3130,1256,3176
-2413,1296,1135,147,-2368,-2600,4500,8855,7047,3159,1285,3184
-2400,1340,1089,207,-2337,-2631,4526,8871,7081,3189,1312,3199
-2395,1387,1048,263,-2315,-2666,4550,8880,7114,3220,1330,3220
-2378,1461,965,365,-2256,-2708,4592,8899,7164,3277,1356,3268
-2329,1560,827,521,-2139,-2743,4653,8934,7233,3356,1400,3341
-2282,1637,711,645,-2037,-2760,4703,8967,7289,3414,1440,3402
-2266,1665,673,684,-2006,-2763,4725,8976,7315,3433,1458,3432
-2280,1655,702,652,-2040,-2758,4719,8964,7318,3423,1453,3437
-2306,1630,757,594,-2096,-2748,4701,8940,7312,3411,1439,3434
-2297,1629,750,592,-2088,-2728,4694,8932,7319,3426,1445,3445
-2277,1632,727,604,-2058,-2701,4682,8930,7328,3444,1456,3460
-2273,1618,734,585,-2059,-2673,4657,8922,7326,3446,1460,3467
-2305,1580,799,512,-2120,-2651,4613,8898,7308,3422,1448,3460
-2361,1525,901,402,-2221,-2631,4561,8863,7284,3388,1422,3444
-2411,1474,994,302,-2311,-2610,4512,8832,7266,3363,1390,3425
-2426,1449,1022,263,-2333,-2583,4481,8820,7270,3368,1368,3420
-2410,1445,999,272,-2299,-2549,4461,8823,7290,3393,1367,3429
-2409,1427,1002,256,-2292,-2517,4428,8813,7301,3400,1362,3427
-2407,1411,1003,243,-2282,-2485,4392,8800,7311,3398,1358,3421
-2418,1377,1033,199,-2301,-2453,4347,8780,7316,3384,1348,3408
-2457,1319,1117,103,-2374,-2425,4292,8750,7312,3355,1329,3386
-2494,1257,1204,4,-2448,-2396,4244,8725,7312,3332,1316,3371
-2516,1194,1275,-85,-2502,-2358,4204,8714,7321,3320,1319,3363
-2547,1108,1381,-211,-2585,-2314,4152,8700,7322,3294,1323,3345
-2601,1001,1532,-381,-2716,-2274,4085,8675,7312,3252,1311,3312
-2644,917,1650,-512,-2817,-2246,4035,8659,7313,3236,1300,3289
-2643,890,1669,-540,-2823,-2228,4022,8672,7343,3272,1316,3296
-2597,909,1598,-475,-2742,-2215,4039,8708,7402,3345,1357,3330
-2527,946,1488,-372,-2620,-2201,4068,8756,7474,3424,1414,3374
-2482,959,1428,-318,-2549,-2191,4084,8787,7531,3469,1454,3402
-2453,964,1395,-288,-2508,-2187,4097,8809,7575,3498,1481,3424
-2415,979,1343,-237,-2450,-2187,4123,8838,7622,3537,1514,3453
-2351,1012,1251,-147,-2349,-2184,4163,8883,7683,3594,1562,3493
-2268,1054,1132,-34,-2219,-2175,4212,8935,7751,3656,1621,3536
-2190,1090,1024,68,-2100,-2167,4256,8983,7811,3707,1677,3575
-2148,1099,980,109,-2049,-2165,4277,9008,7843,3723,1712,3595
-2140,1089,989,103,-2056,-2172,4280,9008,7850,3709,1722,3597
-2125,1092,979,117,-2047,-2184,4286,9012,7853,3697,1732,3599
-2125,1093,984,119,-2058,-2203,4284,9009,7850,3677,1734,3596
-2120,1108,973,141,-2055,-2226,4289,9007,7849,3669,1740,3598
-2087,1143,914,207,-2002,-2242,4308,9020,7863,3688,1760,3614
-2051,1176,852,273,-1944,-2252,4330,9032,7878,3709,1780,3630
-2026,1206,805,326,-1903,-2265,4345,9031,7885,3725,1788,3638
-1992,1263,723,419,-1833,-2287,4371,9031,7898,3755,1797,3656
-1934,1346,588,564,-1711,-2308,4409,9045,7928,3806,1822,3689
-1882,1410,480,677,-1610,-2317,4435,9053,7948,3837,1839,3705
-1867,1429,453,703,-1587,-2316,4434,9040,7944,3830,1832,3689
-1884,1409,496,657,-1630,-2308,4409,9006,7916,3791,1802,3645
-1915,1386,556,596,-1694,-2305,4373,8961,7878,3744,1762,3598
-1917,1400,550,603,-1692,-2304,4355,8937,7858,3731,1739,3576
-1901,1429,508,643,-1654,-2299,4345,8927,7852,3733,1728,3569
-1888,1449,479,667,-1626,-2288,4328,8918,7843,3731,1719,3560
-1891,1438,496,641,-1637,-2265,4299,8898,7825,3717,1701,3541
-1903,1409,539,586,-1671,-2236,4265,8870,7804,3696,1674,3516
-1909,1379,576,534,-1695,-2199,4233,8840,7787,3680,1645,3495
-1890,1373,564,530,-1670,-2162,4220,8825,7790,3689,1631,3493
-1848,1387,508,570,-1599,-2123,4225,8821,7810,3716,1628,3505
-1818,1387,480,583,-1554,-2083,4225,8807,7823,3732,1613,3513
-1783,1389,443,604,-1499,-2042,4226,8795,7838,3757,1606,3529
-1761,1380,429,604,-1469,-2005,4221,8778,7849,3778,1607,3542
-1768,1352,465,558,-1490,-1976,4200,8747,7847,3781,1602,3542
-1780,1319,508,506,-1520,-1951,4176,8717,7844,3785,1603,3541
-1784,1289,540,463,-1537,-1924,4150,8698,7842,3792,1613,3543
-1798,1242,600,393,-1580,-1896,4108,8672,7828,3774,1617,3536
-1837,1177,700,284,-1667,-1877,4053,8637,7800,3738,1613,3517
-1871,1141,766,219,-1727,-1875,4015,8617,7786,3728,1620,3512
-1865,1157,740,250,-1701,-1886,4014,8633,7807,3770,1657,3541
-1823,1216,634,364,-1598,-1904,4041,8682,7859,3858,1723,3599
-1763,1286,497,507,-1464,-1920,4077,8742,7922,3960,1800,3665
-1729,1320,422,586,-1389,-1933,4095,8781,7969,4033,1854,3713
-1712,1334,385,626,-1352,-1946,4104,8801,8003,4085,1891,3750
-1692,1348,344,668,-1311,-1958,4114,8816,8035,4136,1927,3793
-1653,1370,274,735,-1240,-1965,4133,8838,8071,4196,1974,3848
-1601,1394,190,813,-1151,-1967,4153,8865,8109,4259,2028,3908
-1554,1402,125,867,-1079,-1961,4165,8884,8138,4305,2072,3956
-1537,1366,135,842,-1078,-1947,4150,8877,8142,4310,2091,3976
-1552,1289,217,742,-1147,-1926,4115,8846,8127,4289,2087,3974
-1557,1211,290,647,-1204,-1898,4086,8821,8116,4282,2091,3974
-1575,1126,385,531,-1285,-1871,4053,8788,8102,4271,2089,3967
-1593,1052,469,431,-1359,-1852,4022,8760,8090,4265,2086,3962
-1589,1007,504,381,-1386,-1834,4000,8746,8088,4274,2091,3962
-1585,974,528,345,-1406,-1822,3972,8730,8086,4277,2089,3955
-1590,951,554,314,-1433,-1819,3938,8706,8080,4276,2074,3943
-1580,960,537,332,-1421,-1824,3919,8690,8088,4301,2064,3949
-1539,1001,458,412,-1347,-1826,3923,8693,8114,4354,2077,3978
-1496,1025,398,466,-1284,-1813,3919,8698,8134,4398,2095,4001
-1486,1010,413,443,-1293,-1792,3890,8684,8134,4411,2096,4001
-1507,963,492,356,-1364,-1767,3842,8654,8120,4397,2080,3982
-1539,914,586,256,-1452,-1745,3789,8620,8102,4377,2054,3964
-1532,903,604,232,-1463,-1720,3761,8612,8108,4392,2052,3974
-1506,915,580,251,-1432,-1695,3743,8622,8130,4426,2069,3998
-1487,925,566,262,-1412,-1672,3715,8629,8149,4452,2088,4017
-1494,921,592,238,-1434,-1657,3671,8622,8157,4459,2097,4025
-1522,910,644,191,-1487,-1649,3623,8607,8161,4459,2098,4028
-1546,905,684,158,-1528,-1643,3583,8599,8171,4473,2106,4041
-1544,928,669,179,-1515,-1638,3568,8606,8199,4515,2134,4073
-1512,974,600,253,-1445,-1629,3578,8633,8248,4582,2187,4124
-1492,1004,555,301,-1398,-1620,3584,8652,8294,4635,2232,4165
-1471,1031,511,348,-1351,-1609,3589,8669,8339,4681,2276,4204
-1463,1044,491,370,-1327,-1600,3582,8675,8374,4708,2309,4231
-1484,1034,520,344,-1355,-1597,3552,8658,8388,4712,2319,4237
-1508,1021,552,315,-1387,-1596,3515,8635,8395,4711,2318,4237
-1518,1005,571,293,-1400,-1587,3477,8619,8401,4708,2318,4235
-1536,958,626,229,-1443,-1565,3422,8603,8395,4687,2312,4220
-1577,884,731,112,-1534,-1543,3348,8580,8372,4652,2302,4192
-1608,825,808,25,-1601,-1527,3289,8568,8360,4643,2304,4179
-1595,815,792,31,-1576,-1516,3264,8585,8380,4685,2333,4197
-1542,845,695,120,-1471,-1509,3268,8627,8426,4764,2385,4241
-1462,893,555,247,-1320,-1497,3285,8683,8487,4852,2450,4294
-1404,918,460,329,-1215,-1486,3287,8721,8532,4911,2496,4332
-1361,936,388,391,-1135,-1481,3284,8747,8568,4953,2528,4365
-1307,968,293,476,-1035,-1480,3295,8777,8610,5003,2562,4409
-1233,1020,160,599,-895,-1479,3320,8820,8661,5071,2610,4467
-1135,1080,-3,747,-721,-1469,3352,8872,8717,5143,2667,4532
-1039,1135,-158,886,-554,-1457,3376,8917,8768,5205,2722,4592
-977,1168,-255,971,-450,-1452,3374,8942,8797,5235,2759,4634
-958,1180,-287,999,-418,-1461,3354,8943,8803,5237,2775,4659
-938,1198,-325,1034,-381,-1472,3339,8949,8809,5245,2794,4691
-928,1204,-338,1045,-369,-1481,3322,8948,8813,5245,2802,4718
-914,1212,-358,1061,-350,-1488,3312,8949,8820,5254,2809,4748
-878,1244,-421,1122,-288,-1492,3316,8967,8841,5290,2832,4791
-842,1283,-490,1192,-222,-1501,3319,8986,8867,5332,2862,4841
-817,1322,-547,1255,-171,-1514,3321,8995,8891,5377,2890,4892
-785,1385,-635,1352,-96,-1534,3337,9008,8925,5449,2926,4954
-727,1468,-768,1494,27,-1549,3368,9036,8974,5542,2976,5030
-678,1528,-867,1599,121,-1553,3384,9053,9008,5609,3022,5089
-674,1543,-876,1612,126,-1553,3361,9034,9005,5616,3035,5112
-708,1516,-804,1544,50,-1549,3306,8980,8967,5580,3018,5103
-762,1474,-699,1444,-59,-1545,3240,8914,8916,5532,2984,5083
-779,1456,-655,1401,-104,-1532,3198,8872,8885,5516,2973,5081
-767,1448,-649,1390,-103,-1505,3173,8850,8870,5524,2985,5093
-758,1434,-634,1369,-110,-1475,3148,8831,8856,5535,3003,5105
-770,1409,-591,1323,-148,-1450,3117,8803,8832,5538,3011,5109
-792,1385,-537,1270,-201,-1434,3083,8771,8803,5543,3012,5107
-801,1375,-513,1247,-224,-1418,3058,8746,8783,5564,3016,5113
-773,1392,-554,1285,-179,-1396,3056,8744,8786,5621,3038,5141
-708,1425,-647,1369,-74,-1361,3069,8760,8811,5701,3081,5185
-655,1439,-712,1420,4,-1322,3072,8769,8830,5771,3121,5222
-600,1447,-774,1466,82,-1280,3074,8780,8848,5837,3165,5259
-565,1443,-804,1483,126,-1245,3063,8779,8853,5882,3204,5287
-569,1417,-776,1446,106,-1223,3035,8758,8839,5899,3229,5302
-584,1382,-729,1391,67,-1205,3003,8731,8821,5911,3247,5317
-592,1338,-681,1329,31,-1180,2972,8708,8802,5917,3264,5329
-615,1264,-590,1218,-43,-1145,2924,8672,8765,5890,3264,5319
-671,1160,-436,1046,-181,-1117,2852,8615,8705,5834,3240,5284
-732,1075,-299,898,-309,-1106,2782,8558,8653,5794,3216,5254
-756,1036,-246,837,-357,-1104,2738,8528,8630,5801,3216,5254
-743,1036,-268,853,-330,-1106,2720,8522,8637,5846,3240,5280
-713,1047,-320,896,-271,-1106,2714,8524,8654,5901,3276,5318
-714,1033,-314,884,-273,-1111,2693,8504,8656,5928,3291,5339
-736,1002,-269,834,-314,-1119,2659,8469,8643,5935,3286,5343
-748,972,-236,794,-341,-1123,2626,8433,8628,5945,3275,5346
-734,960,-244,792,-324,-1122,2600,8408,8625,5971,3274,5356
-699,961,-286,821,-271,-1116,2581,8394,8632,6006,3287,5373
-666,958,-321,844,-223,-1109,2559,8384,8639,6035,3304,5390
-652,926,-306,814,-223,-1095,2520,8361,8631,6033,3310,5395
-665,867,-235,729,-278,-1080,2462,8322,8606,6009,3298,5391
-664,814,-184,662,-312,-1059,2407,8290,8589,6001,3292,5397
-671,759,-122,585,-358,-1040,2350,8253,8572,5995,3282,5400
-672,717,-78,531,-389,-1025,2301,8215,8558,6002,3272,5405
-648,710,-93,538,-364,-1014,2270,8195,8559,6034,3278,5424
-622,721,-125,568,-328,-1011,2250,8177,8565,6067,3285,5448
-606,741,-157,605,-298,-1020,2237,8157,8568,6100,3287,5472
-579,790,-228,687,-236,-1038,2248,8145,8584,6156,3299,5510
-525,874,-360,833,-115,-1058,2284,8154,8617,6241,3333,5569
-474,947,-477,962,-7,-1072,2311,8158,8639,6308,3368,5619
-458,977,-516,1010,26,-1078,2309,8131,8631,6329,3380,5639
-473,965,-483,982,-10,-1074,2280,8074,8596,6313,3371,5632
-502,934,-417,919,-77,-1063,2243,8004,8549,6290,3352,5616
-491,923,-410,909,-78,-1039,2229,7957,8524,6305,3353,5622
-451,916,-439,926,-35,-996,2225,7926,8515,6339,3371,5643
-406,894,-458,927,6,-938,2212,7900,8509,6371,3392,5666
-382,854,-439,889,8,-881,2181,7865,8497,6387,3407,5680
-378,808,-397,833,-17,-832,2139,7823,8478,6395,3416,5687
-370,775,-371,796,-28,-789,2100,7788,8464,6410,3429,5703
-338,777,-408,823,19,-751,2084,7774,8467,6454,3460,5738
-270,815,-516,922,139,-713,2088,7784,8491,6523,3516,5794
-214,847,-607,1003,239,-681,2085,7785,8509,6576,3566,5842
-156,885,-708,1095,349,-651,2079,7786,8525,6624,3615,5887
-105,920,-800,1178,447,-626,2063,7781,8533,6661,3661,5925
-83,940,-848,1222,497,-611,2033,7763,8529,6682,3698,5955
-65,960,-893,1263,543,-601,2003,7748,8524,6706,3737,5991
-35,984,-955,1317,608,-588,1983,7743,8522,6731,3786,6032
-9,988,-993,1342,656,-567,1956,7737,8507,6738,3831,6057
-4,965,-983,1316,656,-545,1913,7717,8475,6722,3858,6061
7,955,-992,1313,672,-531,1882,7703,8453,6722,3884,6076
54,990,-1082,1393,767,-525,1886,7717,8458,6768,3932,6122
135,1061,-1241,1543,928,-525,1922,7759,8490,6856,4007,6198
231,1145,-1428,1722,1119,-525,1974,7813,8533,6953,4099,6286
294,1201,-1552,1839,1245,-531,2008,7844,8557,7015,4172,6356
331,1234,-1627,1908,1320,-541,2030,7855,8569,7058,4229,6411
368,1268,-1700,1977,1393,-552,2053,7863,8582,7103,4280,6468
423,1311,-1800,2070,1495,-560,2085,7878,8604,7163,4337,6535
496,1356,-1916,2175,1619,-556,2124,7901,8631,7235,4405,6611
561,1384,-2006,2252,1722,-548,2155,7915,8650,7297,4470,6682
596,1373,-2025,2254,1755,-532,2161,7904,8644,7320,4513,6728
587,1324,-1961,2176,1704,-520,2136,7862,8610,7301,4524,6740
572,1280,-1894,2101,1647,-514,2105,7818,8571,7277,4530,6746
538,1228,-1800,2001,1559,-514,2058,7761,8518,7240,4524,6738
504,1181,-1708,1906,1473,-515,2008,7702,8463,7204,4512,6729
497,1160,-1669,1864,1440,-514,1972,7661,8420,7193,4514,6734
497,1150,-1647,1841,1424,-513,1940,7624,8380,7189,4518,6744
491,1147,-1626,1823,1404,-519,1906,7580,8335,7180,4511,6751
497,1178,-1651,1860,1424,-537,1891,7543,8304,7194,4509,6771
533,1249,-1747,1969,1511,-559,1906,7525,8298,7245,4528,6811
570,1311,-1835,2069,1594,-572,1915,7509,8292,7287,4550,6845
570,1334,-1848,2092,1603,-581,1898,7472,8265,7291,4551,6853
541,1317,-1794,2046,1548,-582,1859,7419,8221,7263,4527,6836
501,1289,-1718,1977,1471,-580,1814,7363,8173,7227,4493,6810
490,1292,-1706,1973,1457,-578,1790,7331,8144,7223,4477,6801
495,1312,-1730,2005,1478,-576,1776,7314,8127,7237,4477,6801
491,1322,-1737,2020,1481,-572,1755,7296,8109,7246,4481,6800
460,1309,-1696,1989,1435,-571,1721,7265,8078,7235,4476,6790
402,1276,-1611,1915,1342,-574,1675,7221,8035,7203,4458,6769
345,1237,-1523,1836,1248,-572,1629,7176,7988,7169,4438,6746
312,1215,-1478,1798,1200,-567,1602,7143,7956,7157,4427,6733
315,1216,-1493,1815,1215,-554,1599,7132,7942,7173,4435,6733
308,1203,-1485,1807,1209,-540,1592,7119,7921,7181,4433,6723
307,1187,-1482,1801,1209,-521,1589,7108,7902,7190,4432,6713
305,1158,-1466,1777,1200,-497,1580,7090,7879,7192,4432,6700
272,1108,-1397,1703,1135,-482,1559,7050,7841,7174,4423,6678
228,1060,-1319,1624,1057,-476,1541,7005,7797,7151,4411,6654
195,1020,-1259,1562,996,-472,1526,6966,7756,7127,4398,6626
160,965,-1181,1477,923,-461,1496,6924,7703,7082,4381,6582
108,889,-1063,1350,811,-451,1449,6868,7636,7016,4353,6525
63,837,-976,1259,722,-453,1418,6818,7577,6972,4333,6487
59,840,-982,1265,724,-466,1421,6793,7545,6975,4343,6484
97,886,-1072,1355,808,-483,1452,6791,7536,7011,4381,6508
161,946,-1198,1477,933,-492,1493,6800,7539,7055,4434,6543
203,975,-1271,1542,1007,-496,1518,6794,7526,7074,4473,6558
222,987,-1300,1565,1036,-505,1530,6774,7498,7070,4491,6557
244,1003,-1335,1594,1070,-515,1551,6757,7468,7065,4502,6563
286,1029,-1398,1648,1136,-518,1584,6752,7448,7077,4521,6585
347,1058,-1481,1717,1228,-511,1627,6757,7439,7101,4548,6617
404,1077,-1550,1770,1307,-499,1667,6761,7433,7122,4574,6647
433,1069,-1562,1766,1331,-486,1686,6748,7412,7116,4586,6654
423,1033,-1508,1700,1284,-478,1678,6713,7369,7082,4574,6636
419,1001,-1463,1644,1249,-469,1673,6680,7331,7057,4566,6625
403,962,-1399,1570,1192,-461,1661,6640,7289,7028,4556,6611
386,929,-1340,1503,1138,-455,1656,6602,7248,7001,4544,6600
397,918,-1331,1486,1137,-444,1672,6581,7218,6994,4544,6604
413,917,-1338,1487,1151,-434,1694,6560,7189,6990,4545,6611
418,922,-1339,1488,1153,-433,1712,6530,7156,6982,4536,6609
434,954,-1380,1535,1190,-441,1745,6499,7135,6987,4525,6618
483,1019,-1487,1648,1294,-447,1803,6482,7134,7015,4531,6646
532,1076,-1586,1752,1393,-445,1856,6462,7130,7029,4538,6668
544,1096,-1613,1783,1419,-442,1879,6419,7102,7006,4520,6665
520,1079,-1567,1742,1373,-437,1874,6356,7052,6951,4476,6640
480,1051,-1494,1676,1299,-433,1859,6288,6994,6893,4421,6610
467,1053,-1480,1670,1283,-430,1863,6245,6952,6870,4387,6601
475,1074,-1507,1704,1308,-425,1880,6223,6927,6869,4373,6604
478,1091,-1528,1733,1326,-420,1891,6200,6900,6862,4364,6602
462,1088,-1509,1722,1305,-415,1889,6168,6865,6836,4348,6586
433,1070,-1465,1685,1258,-408,1881,6132,6828,6807,4327,6568
412,1053,-1430,1655,1223,-397,1879,6103,6800,6791,4307,6559
418,1059,-1446,1673,1240,-384,1896,6087,6787,6804,4299,6565
463,1086,-1523,1746,1322,-360,1931,6089,6793,6842,4310,6590
501,1095,-1575,1789,1384,-331,1958,6084,6789,6865,4314,6606
546,1096,-1626,1826,1449,-292,1985,6079,6784,6886,4319,6617
585,1081,-1656,1838,1496,-251,2003,6067,6768,6890,4319,6616
595,1039,-1631,1793,1487,-211,2000,6034,6734,6865,4301,6595
600,990,-1593,1736,1465,-173,1991,5996,6693,6829,4277,6564
609,946,-1564,1687,1453,-139,1981,5963,6651,6791,4253,6529
604,886,-1505,1607,1410,-106,1959,5927,6598,6734,4219,6477
564,805,-1390,1475,1307,-84,1917,5878,6528,6651,4170,6407
518,743,-1287,1363,1208,-80,1886,5831,6465,6581,4125,6346
506,726,-1263,1334,1184,-86,1884,5809,6426,6552,4105,6316
531,752,-1318,1385,1237,-99,1913,5817,6414,6562,4112,6315
582,792,-1413,1473,1334,-104,1956,5842,6416,6589,4131,6328
613,801,-1455,1504,1384,-103,1985,5853,6401,6586,4130,6326
624,793,-1460,1499,1394,-105,2005,5854,6378,6569,4115,6317
642,791,-1475,1505,1416,-108,2033,5865,6367,6569,4105,6314
679,807,-1527,1548,1475,-110,2076,5897,6373,6588,4110,6322
734,834,-1607,1618,1565,-108,2128,5942,6390,6616,4127,6335
780,862,-1678,1682,1642,-113,2176,5986,6405,6633,4142,6342
795,870,-1698,1701,1665,-125,2202,6010,6403,6619,4142,6331
767,852,-1648,1657,1613,-147,2211,6010,6380,6576,4117,6294
748,841,-1612,1627,1575,-166,2234,6017,6363,6548,4099,6259
721,822,-1562,1583,1522,-184,2263,6025,6345,6523,4079,6221
694,806,-1514,1543,1471,-201,2298,6035,6329,6504,4055,6184
694,810,-1512,1548,1468,-212,2344,6060,6324,6502,4045,6158
698,818,-1518,1561,1473,-220,2393,6087,6321,6495,4034,6135
691,823,-1510,1563,1462,-230,2443,6108,6314,6482,4016,6115
690,849,-1530,1598,1473,-248,2508,6136,6320,6496,4002,6112
716,909,-1610,1695,1542,-268,2596,6179,6346,6537,4001,6133
744,961,-1685,1783,1609,-277,2676,6213,6363,6564,3998,6148
740,971,-1686,1793,1605,-277,2727,6221,6354,6547,3971,6131
700,945,-1615,1732,1530,-275,2749,6203,6325,6491,3920,6084
639,904,-1508,1636,1417,-275,2756,6172,6284,6418,3853,6020
608,890,-1460,1596,1363,-271,2778,6161,6260,6375,3801,5971
604,893,-1458,1598,1358,-258,2811,6170,6253,6351,3758,5930
599,886,-1446,1587,1346,-240,2839,6181,6246,6321,3714,5885
572,855,-1389,1530,1290,-220,2853,6183,6230,6273,3660,5826
522,806,-1292,1433,1193,-202,2857,6176,6206,6215,3595,5759
471,760,-1200,1341,1098,-187,2863,6171,6188,6167,3532,5693
438,740,-1151,1294,1044,-179,2884,6178,6183,6145,3482,5640
440,752,-1169,1312,1058,-169,2927,6208,6198,6151,3457,5606
434,750,-1166,1306,1053,-157,2963,6233,6208,6145,3426,5569
434,741,-1162,1293,1052,-137,2999,6256,6218,6137,3392,5532
428,718,-1138,1258,1033,-115,3027,6271,6223,6120,3357,5492
389,668,-1055,1165,954,-99,3035,6265,6210,6081,3310,5439
342,608,-952,1051,856,-83,3036,6253,6191,6031,3261,5383
306,545,-859,941,771,-61,3038,6246,6173,5980,3214,5328
266,464,-741,802,668,-31,3024,6241,6146,5916,3160,5264
204,354,-572,610,515,-1,2993,6231,6107,5835,3091,5187
145,261,-423,443,379,19,2980,6230,6080,5776,3028,5121
127,219,-365,370,329,29,3004,6261,6080,5767,2995,5088
149,224,-394,388,364,31,3058,6322,6108,5801,2993,5089
197,251,-471,452,448,35,3125,6395,6153,5852,3010,5108
225,258,-504,475,490,36,3175,6448,6187,5876,3012,5112
226,251,-499,464,488,27,3213,6483,6206,5876,2996,5097
226,258,-505,470,492,7,3255,6516,6225,5872,2973,5078
235,281,-536,505,519,-19,3302,6553,6250,5875,2953,5063
260,316,-595,568,574,-43,3353,6595,6279,5884,2939,5048
281,346,-645,623,621,-67,3399,6633,6305,5887,2925,5027
275,351,-643,629,615,-92,3427,6655,6317,5864,2900,4988
229,323,-568,565,533,-121,3433,6655,6307,5812,2854,4927
186,298,-501,509,459,-149,3444,6657,6298,5764,2812,4873
141,263,-421,440,374,-171,3454,6655,6286,5713,2761,4818
102,227,-347,375,297,-186,3466,6650,6269,5666,2702,4760
89,213,-320,356,269,-195,3490,6654,6261,5637,2655,4712
78,206,-302,349,248,-206,3514,6653,6251,5608,2606,4664
53,195,-267,326,206,-221,3536,6641,6238,5571,2547,4612
35,198,-251,327,182,-236,3576,6632,6233,5551,2494,4571
44,226,-288,378,211,-247,3635,6639,6249,5561,2463,4549
61,234,-312,408,236,-238,3688,6647,6260,5561,2438,4525
46,194,-255,349,187,-214,3717,6635,6247,5527,2400,4475
-6,115,-122,212,62,-186,3722,6602,6215,5459,2344,4401
-80,29,41,50,-97,-166,3718,6559,6173,5377,2275,4319
-129,-24,146,-53,-200,-149,3736,6535,6148,5322,2223,4259
-152,-51,200,-107,-252,-129,3774,6532,6141,5292,2193,4223
-181,-77,258,-164,-309,-112,3812,6535,6138,5260,2169,4190
-229,-111,343,-246,-397,-103,3835,6531,6129,5213,2138,4148
-295,-148,449,-346,-509,-101,3848,6523,6114,5160,2095,4093
-350,-174,533,-425,-601,-101,3866,6518,6102,5114,2046,4033
-372,-171,554,-444,-627,-98,3904,6527,6107,5095,2006,3987
-351,-132,496,-388,-571,-90,3967,6560,6136,5105,1986,3970
-338,-97,451,-344,-530,-88,4023,6589,6163,5107,1960,3951
-319,-57,393,-289,-476,-86,4078,6616,6191,5107,1932,3931
-299,-24,340,-240,-423,-82,4128,6635,6215,5098,1901,3904
-301,-13,331,-237,-416,-80,4162,6634,6222,5068,1857,3861
-306,-10,332,-245,-417,-78,4193,6627,6227,5038,1815,3812
-297,-10,321,-246,-401,-67,4230,6630,6239,5021,1783,3773
-291,-31,333,-275,-402,-48,4257,6638,6249,4999,1753,3734
-310,-79,398,-357,-456,-30,4266,6635,6247,4958,1713,3684
-327,-118,449,-423,-499,-20,4279,6635,6251,4931,1675,3643
-304,-118,422,-408,-464,-13,4319,6658,6277,4936,1656,3629
-243,-81,318,-317,-354,-8,4382,6702,6323,4969,1660,3639
-169,-29,187,-196,-217,-6,4453,6753,6375,5007,1676,3659
-127,-2,113,-128,-140,-12,4506,6788,6411,5020,1683,3665
-112,5,87,-103,-113,-25,4547,6806,6432,5014,1679,3661
-91,16,52,-70,-78,-37,4592,6821,6452,5012,1673,3660
-48,41,-18,-1,-4,-45,4643,6841,6480,5024,1673,3669
11,77,-114,93,96,-51,4693,6861,6510,5037,1679,3681
61,112,-201,181,184,-61,4737,6874,6536,5039,1682,3686
80,128,-235,222,217,-80,4764,6870,6543,5009,1669,3667
47,116,-191,193,162,-113,4766,6836,6523,4943,1631,3624
12,110,-150,171,107,-150,4768,6801,6505,4886,1599,3584
-38,92,-80,121,24,-187,4764,6762,6482,4828,1562,3538
-90,64,-1,58,-67,-216,4759,6721,6458,4775,1520,3489
-114,51,38,32,-113,-235,4768,6697,6447,4745,1490,3454
-131,39,69,11,-148,-246,4776,6675,6438,4720,1459,3420
-158,21,116,-25,-200,-256,4785,6648,6426,4691,1422,3381
-176,18,140,-37,-231,-268,4814,6627,6423,4679,1389,3352
-166,44,106,8,-203,-276,4871,6624,6439,4698,1378,3346
-153,63,78,43,-178,-275,4919,6621,6451,4706,1373,3336
-177,41,129,-4,-229,-268,4935,6591,6437,4669,1347,3298
-239,-23,259,-132,-358,-255,4916,6529,6390,4590,1292,3231
-324,-102,426,-298,-527,-245,4880,6450,6328,4500,1221,3153
-388,-150,542,-409,-646,-240,4859,6389,6280,4438,1169,3095
-436,-175,617,-479,-727,-237,4846,6344,6242,4392,1135,3052
-488,-204,702,-559,-816,-233,4827,6296,6198,4336,1103,3005
-558,-255,824,-681,-941,-225,4794,6235,6141,4253,1061,2944
-647,-314,974,-827,-1097,-224,4751,6164,6075,4159,1006,2873
-726,-363,1103,-953,-1231,-223,4713,6097,6013,4078,953,2809
-774,-384,1172,-1022,-1305,-220,4697,6042,5970,4029,912,2763
-776,-366,1157,-1009,-1291,-213,4708,6012,5955,4023,898,2744
-785,-349,1149,-1002,-1288,-211,4716,5978,5939,4016,883,2723
-786,-325,1127,-982,-1269,-211,4727,5947,5926,4012,873,2704
-778,-303,1099,-959,-1240,-204,4736,5915,5912,4002,865,2682
-791,-300,1109,-973,-1251,-202,4732,5866,5888,3974,844,2651
-805,-296,1119,-986,-1263,-204,4729,5817,5864,3947,822,2621
-800,-287,1105,-980,-1247,-199,4737,5781,5848,3929,814,2599
-794,-291,1102,-987,-1237,-189,4744,5749,5826,3902,806,2572
-809,-314,1139,-1034,-1270,-183,4737,5707,5787,3847,780,2526
-823,-320,1159,-1055,-1291,-191,4737,5666,5754,3803,750,2484
-796,-282,1091,-987,-1226,-204,4769,5656,5750,3809,745,2472
-722,-206,939,-836,-1075,-216,4834,5679,5778,3859,769,2491
-616,-120,744,-647,-875,-215,4913,5726,5824,3927,818,2532
-529,-71,604,-519,-725,-205,4971,5758,5856,3967,855,2561
-468,-49,516,-441,-627,-196,5010,5774,5873,3985,875,2578
-406,-25,427,-360,-529,-190,5047,5788,5888,4005,888,2597
-333,5,319,-260,-411,-182,5094,5809,5907,4033,900,2619
-243,41,189,-140,-267,-167,5149,5842,5931,4067,918,2644
-161,61,82,-45,-145,-149,5195,5872,5951,4091,931,2659
-105,52,30,-6,-77,-127,5219,5888,5958,4093,937,2657
-94,6,60,-46,-93,-111,5218,5876,5939,4061,918,2635
-86,-35,87,-79,-110,-99,5220,5867,5920,4034,907,2622
-96,-78,135,-129,-153,-96,5219,5853,5897,4002,898,2611
-116,-116,192,-181,-208,-100,5215,5833,5869,3971,890,2602
-118,-128,203,-186,-220,-108,5218,5823,5850,3958,893,2604
-123,-125,204,-176,-227,-125,5219,5816,5836,3950,894,2607
-143,-116,215,-169,-252,-153,5215,5799,5822,3941,882,2598
-151,-87,197,-131,-249,-183,5227,5783,5818,3954,870,2592
-121,-32,114,-34,-177,-202,5265,5787,5838,3999,873,2598
-76,7,36,48,-98,-197,5303,5797,5862,4038,877,2599
-62,-1,36,46,-92,-178,5316,5785,5864,4032,857,2577
-82,-49,111,-36,-159,-153,5304,5748,5840,3990,818,2540
-123,-113,225,-155,-265,-128,5278,5694,5802,3937,773,2498
-141,-150,289,-225,-322,-102,5265,5656,5780,3918,755,2474
-131,-167,305,-251,-328,-70,5266,5637,5771,3927,762,2467
-118,-193,326,-287,-336,-29,5265,5619,5766,3939,779,2461
-117,-235,375,-352,-369,17,5257,5595,5757,3943,794,2449
-138,-290,458,-451,-438,59,5238,5565,5746,3942,799,2433
-162,-335,533,-539,-505,93,5215,5541,5741,3951,808,2420
-172,-354,566,-581,-532,120,5205,5534,5752,3983,832,2421
-150,-336,530,-554,-493,143,5221,5549,5783,4044,880,2441
-148,-323,517,-544,-481,156,5230,5555,5805,4089,917,2451
-158,-311,515,-543,-483,162,5234,5558,5816,4121,940,2452
-181,-303,531,-557,-506,160,5226,5554,5815,4129,948,2436
-236,-323,604,-627,-588,154,5199,5526,5790,4105,931,2398
-299,-353,693,-714,-685,148,5166,5484,5753,4067,905,2352
-349,-377,763,-783,-759,145,5135,5446,5714,4033,885,2307
-395,-416,842,-869,-838,151,5091,5406,5665,3982,862,2251
-453,-484,962,-999,-951,166,5027,5352,5599,3911,824,2175
-499,-540,1056,-1104,-1040,177,4972,5299,5544,3860,784,2105
-500,-550,1059,-1117,-1038,183,4948,5272,5523,3860,765,2067
-458,-515,973,-1039,-948,186,4961,5275,5536,3908,775,2067
-390,-461,843,-918,-812,188,4996,5300,5571,3979,809,2090
-344,-426,756,-838,-721,186,5022,5315,5601,4028,834,2105
-328,-413,719,-805,-683,175,5040,5317,5623,4054,845,2109
-308,-399,680,-769,-642,164,5065,5325,5654,4085,861,2122
-273,-376,618,-711,-576,154,5102,5345,5701,4135,894,2152
-221,-344,530,-628,-482,147,5146,5379,5759,4197,941,2194
-174,-316,452,-555,-398,139,5188,5413,5818,4258,988,2237
-147,-316,424,-533,-362,134,5210,5433,5863,4291,1021,2263
-157,-354,470,-584,-400,130,5206,5429,5888,4287,1028,2263
-158,-390,507,-628,-426,130,5204,5432,5915,4286,1036,2263
-162,-433,554,-681,-461,133,5201,5436,5940,4286,1041,2262
-166,-473,599,-733,-496,136,5203,5442,5971,4292,1043,2265
-142,-489,593,-732,-479,141,5227,5468,6019,4323,1064,2285
-113,-493,570,-712,-446,145,5253,5500,6067,4357,1090,2309
-99,-497,564,-705,-436,142,5270,5519,6103,4381,1106,2331
-87,-485,544,-676,-417,129,5290,5530,6138,4410,1117,2360
-54,-441,474,-594,-352,113,5328,5547,6182,4457,1139,2403
-23,-408,416,-528,-296,106,5361,5561,6214,4488,1159,2434
-35,-413,441,-544,-324,100,5362,5550,6216,4474,1155,2434
-90,-453,544,-635,-433,92,5332,5511,6188,4425,1127,2407
-163,-503,675,-754,-573,82,5290,5463,6147,4365,1090,2372
-207,-516,741,-805,-649,70,5265,5432,6118,4332,1072,2352
-220,-495,740,-789,-660,59,5262,5425,6106,4324,1075,2349
-235,-471,737,-771,-670,48,5264,5427,6098,4320,1086,2348
-266,-466,768,-791,-713,41,5262,5426,6085,4305,1092,2339
-315,-475,830,-841,-789,34,5257,5419,6068,4278,1088,2324
-362,-483,886,-885,-858,28,5257,5416,6054,4261,1086,2311
-384,-473,898,-890,-881,29,5276,5423,6053,4268,1090,2311
-358,-436,835,-828,-821,44,5317,5451,6073,4302,1111,2328
-335,-415,788,-787,-774,68,5348,5470,6086,4327,1115,2337
-304,-399,737,-748,-718,100,5377,5489,6097,4353,1114,2342
-273,-395,696,-723,-669,137,5401,5504,6103,4372,1114,2343
-268,-414,705,-747,-669,172,5402,5497,6095,4368,1103,2331
-272,-438,725,-780,-682,201,5397,5482,6085,4358,1092,2319
-266,-451,724,-793,-675,228,5392,5468,6082,4356,1091,2313
-261,-474,735,-821,-676,257,5376,5450,6076,4346,1095,2301
-279,-523,793,-896,-724,285,5342,5418,6052,4308,1086,2273
-299,-558,840,-953,-765,300,5318,5384,6034,4275,1072,2251
-288,-549,812,-930,-734,302,5325,5370,6040,4281,1078,2255
-235,-499,703,-826,-623,301,5360,5381,6072,4328,1105,2281
-163,-434,560,-687,-476,300,5409,5406,6119,4390,1144,2313
-121,-396,474,-603,-388,293,5439,5414,6151,4425,1164,2327
-110,-384,448,-576,-361,279,5449,5404,6166,4433,1160,2325
-102,-375,429,-555,-340,262,5460,5397,6183,4440,1153,2327
-79,-362,392,-517,-298,249,5484,5406,6210,4463,1160,2338
-38,-349,340,-470,-236,246,5518,5429,6244,4494,1182,2354
-6,-349,310,-444,-193,244,5550,5451,6272,4515,1203,2362
5,-378,331,-471,-199,245,5562,5458,6285,4507,1208,2351
-26,-448,436,-581,-290,246,5548,5439,6271,4465,1186,2313
-45,-518,531,-685,-367,255,5537,5423,6261,4428,1172,2278
-66,-594,635,-798,-450,269,5529,5409,6253,4393,1156,2243
-82,-669,733,-907,-527,286,5525,5399,6250,4367,1142,2208
-61,-718,770,-959,-541,313,5538,5410,6264,4371,1148,2188
-24,-754,779,-985,-524,345,5553,5427,6282,4385,1160,2170
4,-784,790,-1009,-515,371,5564,5440,6296,4397,1166,2152
30,-783,774,-996,-490,379,5587,5455,6316,4422,1174,2151
75,-739,695,-913,-410,375,5635,5484,6351,4473,1196,2174
122,-695,613,-831,-328,378,5678,5514,6382,4509,1224,2197
137,-692,605,-826,-316,390,5694,5527,6390,4509,1232,2192
111,-728,677,-902,-384,406,5683,5520,6374,4478,1217,2157
60,-780,787,-1016,-494,419,5656,5502,6347,4436,1188,2114
32,-799,841,-1070,-550,430,5647,5501,6336,4422,1179,2095
28,-791,841,-1072,-555,441,5652,5521,6339,4428,1192,2101
23,-784,841,-1074,-558,456,5653,5540,6337,4426,1208,2101
3,-795,871,-1109,-591,474,5642,5547,6323,4406,1213,2081
-35,-824,934,-1176,-659,494,5624,5542,6303,4375,1201,2052
-68,-846,984,-1230,-713,512,5609,5539,6291,4357,1188,2029
-87,-843,991,-1238,-729,523,5608,5547,6295,4363,1183,2022
-65,-801,917,-1165,-664,535,5637,5580,6326,4403,1207,2044
-52,-766,857,-1105,-614,544,5665,5609,6356,4435,1233,2064
-40,-733,798,-1046,-565,552,5702,5644,6392,4467,1263,2087
-27,-709,747,-998,-521,563,5744,5682,6431,4502,1297,2112
-35,-717,747,-1003,-525,578,5771,5700,6453,4517,1312,2118
-38,-739,758,-1024,-533,603,5792,5711,6469,4531,1321,2119
-22,-762,750,-1032,-516,638,5816,5728,6489,4556,1335,2123
-4,-796,752,-1053,-504,677,5827,5746,6506,4578,1349,2123
-5,-852,795,-1115,-532,714,5816,5756,6512,4583,1353,2109
-5,-890,822,-1153,-549,736,5812,5776,6530,4606,1359,2106
34,-878,761,-1099,-482,747,5841,5827,6581,4674,1386,2136
116,-819,612,-954,-328,752,5903,5906,6662,4780,1433,2198
227,-738,413,-760,-121,759,5982,6003,6756,4905,1497,2274
320,-684,263,-618,41,769,6046,6081,6835,4999,1554,2335
388,-666,177,-541,143,785,6091,6132,6895,5062,1596,2380
456,-652,97,-474,240,802,6138,6178,6954,5127,1638,2425
531,-631,5,-392,351,817,6191,6228,7015,5200,1685,2477
620,-594,-114,-285,488,832,6250,6288,7079,5279,1745,2536
705,-562,-222,-188,616,846,6300,6345,7136,5347,1807,2592
772,-554,-286,-138,703,865,6334,6392,7184,5387,1862,2634
799,-588,-268,-173,707,886,6342,6416,7210,5393,1891,2647
836,-628,-252,-211,721,919,6354,6446,7239,5406,1921,2659
877,-682,-227,-265,731,964,6369,6476,7270,5429,1955,2673
921,-743,-196,-329,739,1020,6384,6505,7304,5465,1988,2691
993,-788,-212,-353,797,1085,6412,6552,7356,5531,2036,2724
1078,-829,-243,-364,874,1158,6443,6607,7414,5603,2088,2759
1155,-877,-257,-393,934,1234,6472,6654,7467,5666,2130,2789
1235,-911,-292,-399,1010,1304,6509,6700,7527,5734,2173,2825
1341,-909,-388,-342,1144,1371,6565,6757,7607,5821,2233,2883
1456,-910,-491,-282,1289,1449,6616,6818,7686,5903,2299,2936
1542,-951,-526,-294,1370,1537,6639,6857,7739,5945,2343,2956
1592,-1030,-487,-381,1377,1629,6632,6872,7768,5950,2358,2949
1621,-1128,-411,-506,1345,1723,6611,6877,7788,5942,2355,2932
1672,-1206,-379,-586,1358,1819,6610,6903,7828,5965,2371,2936
1753,-1265,-398,-620,1425,1925,6637,6955,7895,6024,2416,2966
1833,-1333,-410,-664,1487,2039,6671,7013,7969,6090,2474,2999
1893,-1414,-391,-735,1514,2148,6693,7063,8038,6148,2533,3031
1923,-1507,-333,-839,1497,2246,6703,7102,8102,6200,2586,3060
1950,-1593,-281,-934,1481,2339,6711,7147,8171,6260,2641,3099
1991,-1652,-272,-980,1503,2423,6736,7211,8259,6347,2709,3156
2069,-1674,-339,-949,1601,2506,6785,7307,8374,6467,2804,3237
2145,-1700,-400,-923,1694,2590,6830,7401,8488,6581,2896,3315
2233,-1731,-471,-894,1800,2685,6879,7496,8607,6697,2992,3392
2335,-1769,-548,-864,1920,2792,6928,7590,8730,6807,3088,3465
2421,-1835,-584,-877,2003,2905,6958,7660,8834,6882,3163,3518
2511,-1914,-608,-908,2079,3028,6982,7718,8928,6949,3227,3566
2623,-1995,-654,-923,2186,3165,7011,7782,9023,7024,3298,3622
2745,-2091,-693,-953,2294,3316,7031,7847,9107,7093,3373,3673
2852,-2217,-686,-1032,2361,3475,7029,7903,9176,7143,3442,3710
2961,-2335,-690,-1099,2437,3626,7035,7963,9254,7213,3518,3757
3110,-2410,-775,-1082,2594,3774,7071,8052,9365,7337,3624,3840
3307,-2443,-948,-979,2841,3923,7139,8174,9514,7513,3765,3962
3531,-2456,-1165,-834,3136,4075,7228,8323,9690,7720,3932,4108
3734,-2492,-1338,-733,3387,4225,7309,8468,9861,7913,4095,4246
3911,-2554,-1453,-689,3582,4374,7382,8602,10021,8087,4246,4375
4096,-2617,-1573,-644,3786,4528,7468,8741,10186,8271,4402,4513
4303,-2671,-1722,-574,4024,4690,7571,8894,10361,8468,4574,4668
4540,-2721,-1901,-483,4302,4869,7682,9058,10545,8673,4761,4835
4786,-2780,-2078,-400,4585,5058,7796,9220,10726,8868,4950,5004
5024,-2870,-2214,-367,4834,5263,7896,9367,10893,9041,5128,5163
5224,-3008,-2263,-425,5001,5474,7973,9483,11030,9175,5279,5297
5431,-3151,-2312,-488,5173,5694,8051,9599,11161,9306,5434,5434
5635,-3308,-2344,-573,5331,5923,8126,9714,11284,9427,5587,5573
5842,-3480,-2362,-679,5481,6164,8199,9823,11401,9548,5736,5713
6083,-3643,-2424,-752,5684,6424,8285,9944,11530,9695,5902,5868
6343,-3807,-2505,-813,5912,6698,8379,10069,11664,9855,6078,6034
6605,-3980,-2579,-887,6134,6981,8476,10183,11796,10016,6253,6204
6877,-4143,-2674,-942,6379,7269,8590,10297,11937,10195,6431,6387
7185,-4281,-2830,-940,6687,7564,8735,10430,12103,10407,6629,6593
7505,-4424,-2995,-938,7010,7874,8882,10574,12276,10618,6838,6795
7798,-4607,-3095,-1005,7270,8195,9007,10710,12438,10800,7031,6976
8060,-4830,-3126,-1147,7463,8524,9105,10836,12585,10955,7202,7136
8304,-5070,-3124,-1321,7623,8856,9194,10964,12731,11106,7364,7296
8576,-5287,-3174,-1444,7835,9191,9297,11119,12903,11297,7546,7481
8881,-5479,-3286,-1510,8111,9536,9415,11302,13102,11523,7754,7689
9195,-5672,-3407,-1569,8400,9887,9531,11494,13308,11759,7974,7898
9496,-5877,-3505,-1650,8663,10240,9633,11680,13508,11982,8194,8097
9778,-6091,-3577,-1753,8899,10586,9726,11854,13701,12190,8406,8284
10063,-6295,-3665,-1838,9145,10929,9820,12029,13895,12395,8619,8473
10367,-6473,-3799,-1872,9436,11267,9925,12211,14096,12610,8836,8676
10712,-6612,-4016,-1823,9809,11604,10056,12417,14318,12848,9078,8905
11041,-6755,-4213,-1788,10158,11934,10178,12611,14529,13067,9310,9124
11363,-6895,-4408,-1752,10500,12256,10287,12792,14726,13269,9533,9332
11678,-7033,-4598,-1715,10834,12570,10383,12958,14906,13452,9745,9528
11959,-7190,-4738,-1721,11114,12872,10455,13092,15057,13598,9928,9698
12224,-7349,-4858,-1741,11369,13163,10520,13213,15193,13730,10095,9855
12495,-7501,-4992,-1745,11636,13450,10591,13338,15324,13864,10263,10008
12762,-7662,-5114,-1762,11894,13739,10659,13462,15444,13981,10432,10149
12999,-7846,-5183,-1828,12097,14020,10708,13568,15537,14060,10582,10269
13223,-8017,-5250,-1885,12290,14281,10760,13663,15617,14126,10716,10381
13471,-8145,-5384,-1869,12544,14526,10840,13768,15705,14213,10855,10502
13744,-8233,-5580,-1784,12855,14759,10950,13885,15807,14327,11005,10633
14019,-8308,-5789,-1682,13178,14982,11072,13998,15908,14444,11156,10764
14247,-8414,-5920,-1653,13417,15192,11173,14078,15982,14519,11278,10870
14421,-8555,-5958,-1708,13558,15387,11246,14119,16025,14558,11368,10952
14575,-8702,-5966,-1790,13665,15571,11306,14135,16056,14587,11442,11026
14728,-8845,-5976,-1868,13774,15749,11361,14130,16081,14615,11511,11100
14887,-8976,-6001,-1928,13898,15923,11407,14107,16101,14643,11583,11172
15034,-9111,-6007,-2007,13999,16090,11433,14059,16108,14662,11652,11236
15157,-9266,-5967,-2130,14056,16254,11432,13968,16091,14652,11709,11280
15229,-9451,-5843,-2331,14022,16403,11392,13809,16031,14592,11735,11293
15295,-9626,-5721,-2525,13986,16543,11340,13605,15949,14523,11760,11310
15351,-9795,-5592,-2721,13939,16673,11275,13353,15846,14447,11778,11329
15396,-9957,-5458,-2919,13880,16793,11199,13055,15721,14365,11790,11346
15465,-10091,-5374,-3065,13871,16911,11132,12731,15591,14298,11817,11375
15543,-10215,-5311,-3193,13883,17032,11068,12371,15447,14232,11854,11413
15619,-10343,-5238,-3332,13885,17157,10998,11961,15279,14151,11886,11453
15707,-10460,-5192,-3448,13914,17286,10933,11505,15095,14070,11914,11503
15836,-10547,-5216,-3497,14016,17424,10885,11007,14906,14011,11955,11576
15991,-10636,-5267,-3532,14155,17586,10829,10459,14695,13943,12004,11650
16133,-10764,-5266,-3629,14249,17768,10741,9835,14439,13838,12034,11706
16253,-10934,-5205,-3795,14289,17966,10617,9139,14140,13693,12042,11741
16360,-11120,-5117,-3989,14302,18171,10465,8381,13809,13530,12033,11769
16496,-11283,-5086,-4131,14374,18382,10306,7591,13474,13388,12041,11822
16669,-11417,-5124,-4207,14515,18601,10133,6779,13138,13266,12072,11899
16844,-11551,-5170,-4277,14664,18824,9931,5934,12784,13136,12106,11974
17011,-11696,-5199,-4366,14796,19051,9702,5060,12411,12991,12133,12036
17154,-11854,-5195,-4484,14890,19273,9454,4165,12023,12832,12149,12086
17298,-12007,-5200,-4591,14991,19494,9204,3275,11637,12684,12168,12134
17455,-12142,-5240,-4661,15124,19713,8972,2411,11270,12562,12196,12195
17652,-12243,-5354,-4659,15334,19937,8777,1595,10936,12483,12251,12280
17838,-12354,-5450,-4674,15524,20160,8587,797,10604,12405,12302,12360
18018,-12471,-5534,-4698,15701,20382,8397,18,10272,12323,12347,12430
18196,-12588,-5617,-4722,15877,20604,8200,-743,9942,12235,12392,12492
18348,-12726,-5652,-4790,16003,20820,7978,-1504,9601,12127,12422,12539
18490,-12867,-5674,-4867,16114,21030,7741,-2254,9260,12023,12447,12588
18641,-12995,-5716,-4919,16244,21234,7495,-2975,8935,11941,12484,12644
18789,-13123,-5755,-4973,16370,21434,7227,-3679,8614,11857,12529,12696
18914,-13267,-5750,-5064,16451,21625,6922,-4382,8277,11752,12566,12735
19037,-13395,-5758,-5135,16538,21799,6601,-5080,7938,11650,12604,12788
19199,-13470,-5856,-5110,16711,21961,6290,-5754,7617,11586,12667,12875
19411,-13493,-6051,-4983,16981,22116,5994,-6402,7317,11564,12760,12995
19654,-13491,-6301,-4803,17309,22271,5704,-7032,7030,11559,12872,13133
19887,-13510,-6516,-4659,17605,22428,5390,-7678,6727,11532,12970,13258
20091,-13557,-6671,-4575,17843,22581,5045,-8347,6402,11475,13046,13363
20294,-13608,-6819,-4499,18074,22733,4689,-9020,6070,11416,13120,13467
20509,-13656,-6979,-4411,18322,22886,4331,-9690,5737,11367,13200,13581
20743,-13695,-7163,-4304,18597,23044,3969,-10356,5394,11318,13291,13705
20973,-13738,-7339,-4205,18865,23199,3595,-11027,5031,11252,13379,13829
21186,-13804,-7474,-4150,19095,23357,3200,-11713,4637,11148,13451,13936
21357,-13913,-7524,-4181,19241,23514,2770,-12429,4206,10997,13492,14013
21531,-14026,-7570,-4219,19387,23677,2326,-13148,3764,10846,13530,14088
21698,-14141,-7609,-4266,19523,23836,1869,-13873,3318,10698,13567,14164
21860,-14255,-7642,-4317,19653,23993,1405,-14596,2871,10562,13602,14243
22047,-14346,-7723,-4323,19831,24152,958,-15290,2442,10452,13652,14331
22241,-14427,-7821,-4313,20026,24312,515,-15958,2026,10353,13706,14419
22415,-14509,-7900,-4318,20196,24463,63,-16610,1614,10249,13748,14500
22574,-14568,-7985,-4307,20360,24592,-386,-17237,1215,10156,13789,14586
22735,-14580,-8122,-4231,20560,24694,-810,-17820,847,10096,13849,14689
22887,-14574,-8267,-4140,20760,24784,-1227,-18367,490,10034,13918,14786
22990,-14591,-8341,-4113,20880,24859,-1659,-18897,119,9934,13968,14856
23031,-14635,-8327,-4165,20899,24916,-2104,-19416,-279,9784,13989,14893
23025,-14685,-8262,-4256,20854,24951,-2555,-19922,-699,9594,13980,14904
23016,-14707,-8223,-4310,20825,24968,-2982,-20390,-1117,9402,13968,14915
23017,-14695,-8228,-4314,20833,24974,-3389,-20813,-1524,9214,13968,14939
22997,-14670,-8228,-4312,20823,24960,-3796,-21207,-1931,9009,13964,14963
22940,-14642,-8195,-4329,20768,24922,-4214,-21583,-2348,8780,13945,14976
22838,-14607,-8127,-4364,20659,24852,-4644,-21946,-2778,8525,13906,14977
22711,-14547,-8062,-4378,20538,24750,-5079,-22290,-3208,8266,13856,14975
22578,-14448,-8031,-4341,20434,24619,-5512,-22602,-3627,8020,13805,14981
22466,-14298,-8076,-4217,20395,24468,-5924,-22860,-4020,7808,13777,15009
22328,-14143,-8102,-4101,20326,24296,-6335,-23094,-4407,7592,13746,15033
22174,-13982,-8120,-3984,20240,24108,-6735,-23295,-4782,7376,13721,15053
22010,-13817,-8134,-3864,20144,23909,-7115,-23460,-5141,7164,13706,15070
21812,-13676,-8092,-3794,19987,23701,-7488,-23609,-5498,6937,13681,15071
21601,-13547,-8025,-3747,19803,23489,-7845,-23737,-5847,6706,13646,15062
21397,-13413,-7972,-3685,19631,23275,-8180,-23829,-6175,6486,13611,15049
21189,-13284,-7911,-3629,19451,23058,-8505,-23889,-6486,6261,13569,15025
20960,-13179,-7806,-3618,19226,22839,-8833,-23932,-6792,6016,13510,14976
20727,-13064,-7707,-3594,19001,22607,-9138,-23948,-7071,5793,13448,14926
20531,-12903,-7691,-3482,18855,22365,-9389,-23908,-7298,5629,13408,14903
20381,-12696,-7766,-3280,18799,22120,-9579,-23809,-7468,5523,13397,14913
20254,-12463,-7890,-3027,18790,21871,-9718,-23663,-7590,5445,13405,14941
20104,-12241,-7978,-2807,18741,21612,-9842,-23500,-7695,5347,13400,14955
19917,-12036,-8007,-2637,18628,21337,-9959,-23333,-7796,5220,13372,14947
19726,-11823,-8040,-2462,18516,21054,-10049,-23145,-7878,5101,13341,14941
19552,-11594,-8102,-2258,18432,20770,-10105,-22931,-7933,5005,13320,14947
19402,-11350,-8199,-2022,18390,20493,-10129,-22690,-7962,4928,13311,14963
19253,-11107,-8293,-1791,18346,20217,-10131,-22430,-7975,4849,13305,14974
19092,-10885,-8350,-1601,18271,19948,-10127,-22163,-7984,4753,13288,14971
18890,-10711,-8315,-1505,18108,19684,-10130,-21909,-8002,4629,13244,14943
18697,-10549,-8275,-1423,17949,19437,-10108,-21636,-7998,4519,13207,14917
18507,-10401,-8221,-1363,17783,19202,-10064,-21346,-7974,4424,13169,14888
18310,-10264,-8146,-1325,17600,18972,-10000,-21040,-7932,4345,13127,14852
18131,-10113,-8103,-1260,17451,18747,-9903,-20701,-7859,4298,13098,14825
17957,-9955,-8068,-1186,17313,18523,-9789,-20344,-7769,4268,13072,14796
17765,-9800,-8010,-1131,17148,18291,-9667,-19988,-7677,4236,13032,14755
17563,-9631,-7956,-1067,16981,18047,-9528,-19630,-7578,4212,12984,14712
17379,-9430,-7950,-950,16858,17795,-9358,-19254,-7451,4218,12943,14683
17198,-9231,-7945,-835,16739,17548,-9177,-18870,-7316,4224,12907,14649
16980,-9072,-7862,-801,16543,17306,-9017,-18503,-7199,4198,12856,14586
16714,-8956,-7690,-856,16258,17063,-8884,-18159,-7106,4131,12781,14486
16412,-8861,-7460,-963,15910,16810,-8768,-17833,-7027,4042,12684,14359
16117,-8746,-7259,-1038,15585,16551,-8641,-17497,-6935,3968,12588,14238
15844,-8606,-7108,-1061,15309,16289,-8499,-17142,-6824,3918,12502,14128
15567,-8464,-6957,-1082,15030,16025,-8352,-16783,-6707,3871,12414,14007
15272,-8332,-6782,-1124,14722,15754,-8208,-16425,-6590,3823,12316,13866
14942,-8209,-6567,-1198,14364,15466,-8067,-16072,-6472,3769,12203,13708
14604,-8079,-6354,-1263,14001,15166,-7915,-15708,-6342,3726,12087,13543
14268,-7925,-6171,-1291,13658,14851,-7744,-15326,-6189,3705,11973,13377
13961,-7726,-6066,-1235,13385,14525,-7538,-14903,-5996,3727,11878,13226
13638,-7527,-5948,-1185,13091,14186,-7326,-14476,-5792,3751,11777,13062
13305,-7332,-5820,-1141,12784,13840,-7106,-14040,-5579,3781,11676,12887
12973,-7141,-5693,-1097,12476,13496,-6877,-13587,-5350,3824,11580,12709
12611,-6972,-5516,-1099,12113,13145,-6653,-13138,-5117,3855,11470,12513
12233,-6811,-5318,-1117,11724,12786,-6420,-12683,-4875,3891,11356,12312
11865,-6641,-5139,-1114,11354,12425,-6170,-12211,-4616,3944,11246,12111
11497,-6474,-4961,-1109,10984,12064,-5915,-11730,-4348,3994,11133,11899
11110,-6323,-4748,-1138,10576,11698,-5666,-11249,-4084,4025,11005,11670
10723,-6158,-4551,-1144,10178,11321,-5402,-10761,-3805,4065,10870,11444
10382,-5941,-4452,-1049,9876,10939,-5097,-10240,-3491,4141,10747,11239
10091,-5667,-4459,-845,9678,10550,-4749,-9678,-3141,4249,10635,11056
9827,-5358,-4526,-576,9537,10154,-4374,-9087,-2771,4358,10516,10877
9541,-5059,-4561,-336,9361,9750,-3996,-8497,-2408,4421,10363,10670
9213,-4784,-4529,-155,9113,9333,-3620,-7922,-2067,4427,10162,10429
8870,-4503,-4485,20,8848,8901,-3232,-7341,-1730,4411,9934,10169
8524,-4209,-4448,209,8587,8459,-2826,-6755,-1394,4382,9686,9897
8186,-3896,-4436,425,8348,8011,-2405,-6161,-1057,4341,9425,9611
7834,-3579,-4412,634,8095,7551,-1982,-5567,-730,4278,9144,9303
7451,-3271,-4344,808,7793,7079,-1570,-4983,-420,4178,8831,8960
7005,-2996,-4178,891,7386,6587,-1183,-4427,-140,4021,8465,8571
6545,-2722,-3995,961,6959,6089,-792,-3870,135,3849,8073,8163
6072,-2450,-3793,1014,6513,5586,-401,-3318,406,3664,7658,7734
5583,-2185,-3565,1042,6041,5079,-20,-2777,666,3468,7216,7280
5108,-1904,-3363,1096,5597,4574,364,-2230,930,3286,6765,6817
4638,-1618,-3169,1155,5163,4072,746,-1684,1198,3112,6305,6348
4155,-1342,-2947,1187,4702,3570,1116,-1154,1459,2938,5826,5868
3668,-1056,-2729,1225,4243,3062,1481,-637,1720,2778,5338,5389
3210,-744,-2563,1312,3837,2558,1855,-122,1994,2653,4860,4927
2775,-440,-2410,1401,3455,2076,2213,378,2264,2535,4389,4465
2326,-184,-2192,1412,3021,1620,2529,837,2505,2386,3908,3988
1858,17,-1899,1334,2523,1189,2797,1249,2710,2203,3413,3494
1384,183,-1563,1203,1992,779,3029,1625,2890,2011,2920,3000
940,353,-1261,1096,1503,386,3251,1986,3069,1843,2456,2532
545,537,-1022,1041,1088,19,3472,2344,3255,1703,2031,2099
165,706,-784,976,682,-329,3668,2675,3427,1565,1630,1680
-211,848,-523,879,262,-656,3828,2968,3573,1420,1240,1266
-589,963,-236,747,-178,-965,3954,3220,3692,1268,851,859
-947,1070,36,621,-596,-1256,4059,3443,3797,1128,474,470
-1270,1188,260,537,-960,-1533,4158,3652,3900,1017,129,110
-1532,1336,389,539,-1221,-1789,4269,3871,4020,956,-159,-208
-1772,1469,506,541,-1461,-2020,4370,4073,4134,904,-422,-506
-1984,1582,612,539,-1675,-2221,4465,4263,4243,862,-659,-775
-2168,1677,702,540,-1861,-2395,4554,4442,4348,828,-863,-1013
-2357,1741,825,500,-2073,-2552,4621,4591,4431,779,-1057,-1239
-2543,1786,959,443,-2291,-2698,4678,4721,4496,726,-1239,-1450
-2703,1826,1066,403,-2474,-2825,4739,4848,4557,685,-1397,-1641
-2845,1848,1169,356,-2642,-2931,4795,4969,4609,644,-1539,-1821
-2997,1839,1311,264,-2843,-3026,4830,5068,4640,584,-1679,-2002
-3148,1833,1444,181,-3038,-3125,4866,5152,4669,532,-1810,-2165
-3254,1871,1487,189,-3142,-3227,4929,5248,4714,523,-1908,-2284
-3301,1956,1421,302,-3133,-3323,5023,5365,4783,562,-1964,-2357
-3312,2065,1295,470,-3061,-3413,5134,5491,4867,626,-1992,-2401
-3331,2157,1194,611,-3010,-3501,5232,5599,4941,673,-2016,-2440
-3377,2225,1146,699,-3013,-3592,5309,5679,4992,693,-2054,-2488
-3421,2290,1099,785,-3014,-3682,5380,5751,5036,712,-2092,-2530
-3446,2369,1021,900,-2981,-3771,5451,5827,5086,748,-2120,-2555
-3450,2460,911,1043,-2912,-3856,5523,5913,5140,803,-2131,-2563
-3458,2554,806,1184,-2849,-3945,5590,6003,5195,861,-2134,-2565
-3482,2631,736,1289,-2819,-4035,5644,6086,5244,902,-2138,-2572
-3556,2669,756,1308,-2881,-4132,5667,6145,5268,905,-2162,-2599
-3636,2712,782,1324,-2951,-4236,5686,6204,5290,908,-2183,-2624
-3724,2753,820,1331,-3033,-4343,5695,6255,5307,910,-2210,-2652
-3821,2789,876,1320,-3133,-4452,5698,6298,5319,911,-2248,-2686
-3897,2843,897,1343,-3196,-4557,5709,6356,5346,937,-2273,-2706
-3969,2911,904,1384,-3246,-4665,5722,6424,5386,977,-2287,-2715
-4054,2977,929,1410,-3316,-4779,5731,6489,5427,1016,-2302,-2722
-4135,3050,947,1444,-3379,-4891,5751,6559,5477,1065,-2318,-2723
-4187,3156,907,1538,-3384,-5003,5801,6649,5555,1143,-2317,-2706
-4218,3264,848,1644,-3363,-5098,5859,6752,5638,1223,-2305,-2692
-4266,3333,847,1684,-3393,-5176,5892,6839,5702,1270,-2310,-2701
-4341,3358,921,1644,-3492,-5240,5902,6903,5738,1278,-2339,-2734
-4430,3362,1031,1565,-3623,-5294,5901,6952,5757,1267,-2385,-2781
-4491,3382,1098,1526,-3708,-5339,5915,7013,5784,1272,-2424,-2818
-4514,3428,1102,1546,-3726,-5373,5943,7096,5827,1298,-2444,-2841
-4529,3473,1097,1572,-3733,-5400,5969,7178,5869,1316,-2462,-2865
-4555,3504,1115,1573,-3763,-5422,5975,7247,5900,1308,-2488,-2901
-4607,3520,1171,1540,-3836,-5450,5963,7291,5911,1273,-2532,-2955
-4659,3538,1223,1512,-3906,-5478,5946,7326,5918,1234,-2585,-3015
-4695,3565,1248,1508,-3949,-5500,5932,7361,5925,1207,-2639,-3072
-4688,3616,1201,1569,-3915,-5509,5936,7414,5948,1206,-2674,-3113
-4692,3651,1179,1604,-3906,-5514,5931,7459,5965,1191,-2721,-3161
-4709,3671,1181,1614,-3920,-5518,5917,7496,5974,1157,-2776,-3218
-4727,3681,1191,1613,-3941,-5518,5901,7529,5980,1115,-2826,-3278
-4772,3658,1256,1555,-4017,-5515,5866,7533,5967,1046,-2891,-3357
-4828,3615,1348,1467,-4118,-5509,5817,7514,5939,961,-2968,-3451
-4875,3572,1429,1386,-4206,-5498,5766,7485,5910,874,-3042,-3547
-4922,3520,1517,1297,-4298,-5486,5707,7447,5871,779,-3114,-3647
-4999,3441,1657,1156,-4444,-5478,5624,7392,5811,660,-3196,-3762
-5091,3365,1809,1010,-4609,-5486,5542,7332,5748,546,-3283,-3872
-5158,3337,1887,945,-4707,-5511,5488,7294,5708,475,-3351,-3951
-5184,3361,1872,978,-4716,-5549,5467,7285,5698,447,-3395,-3997
-5182,3414,1800,1069,-4666,-5590,5474,7300,5712,451,-3413,-4020
-5190,3450,1754,1131,-4642,-5630,5479,7312,5723,449,-3431,-4043
-5228,3458,1769,1134,-4676,-5674,5474,7305,5720,429,-3465,-4076
-5265,3468,1781,1141,-4708,-5722,5479,7297,5716,410,-3502,-4106
-5289,3496,1765,1177,-4712,-5776,5500,7297,5721,407,-3529,-4129
-5288,3542,1707,1253,-4672,-5828,5533,7312,5739,425,-3534,-4140
-5291,3590,1652,1329,-4635,-5885,5568,7329,5758,447,-3528,-4142
-5305,3620,1630,1369,-4628,-5940,5599,7346,5773,458,-3521,-4141
-5362,3607,1695,1322,-4708,-5994,5608,7346,5767,437,-3537,-4160
-5418,3586,1768,1265,-4792,-6043,5618,7356,5763,421,-3554,-4177
-5469,3564,1840,1205,-4872,-6088,5628,7369,5761,407,-3569,-4190
-5525,3541,1920,1140,-4961,-6134,5629,7379,5753,390,-3592,-4203
-5553,3542,1951,1121,-4999,-6175,5642,7403,5756,393,-3604,-4202
-5563,3561,1947,1136,-5002,-6214,5660,7436,5763,407,-3606,-4195
-5582,3584,1949,1149,-5015,-6259,5673,7462,5764,417,-3617,-4196
-5601,3625,1936,1183,-5018,-6313,5694,7487,5766,437,-3636,-4194
-5594,3705,1858,1284,-4961,-6371,5738,7522,5786,480,-3648,-4173
-5567,3793,1755,1406,-4873,-6417,5783,7562,5810,517,-3653,-4151
-5560,3845,1707,1465,-4837,-6448,5808,7583,5822,524,-3671,-4153
-5586,3853,1738,1442,-4875,-6468,5807,7580,5816,500,-3711,-4180
-5632,3834,1816,1368,-4957,-6478,5793,7566,5799,466,-3764,-4223
-5666,3829,1868,1321,-5015,-6487,5791,7563,5793,450,-3809,-4257
-5675,3851,1865,1328,-5020,-6493,5804,7583,5806,459,-3830,-4277
-5694,3874,1871,1330,-5036,-6504,5815,7603,5822,463,-3847,-4301
-5732,3888,1903,1308,-5083,-6518,5817,7614,5832,450,-3870,-4334
-5800,3888,1978,1249,-5179,-6541,5806,7609,5830,415,-3908,-4381
-5873,3887,2055,1189,-5278,-6564,5792,7602,5827,379,-3951,-4429
-5934,3898,2107,1154,-5354,-6587,5790,7601,5833,355,-3989,-4469
-5955,3938,2088,1187,-5356,-6602,5814,7623,5863,363,-4000,-4490
-5983,3972,2081,1210,-5370,-6618,5837,7636,5892,368,-4010,-4514
-6023,3997,2093,1214,-5406,-6636,5854,7638,5909,358,-4029,-4547
-6065,4019,2109,1215,-5447,-6656,5866,7636,5920,335,-4049,-4588
-6138,4014,2181,1162,-5545,-6680,5861,7616,5912,285,-4086,-4646
-6231,3993,2289,1077,-5681,-6709,5853,7588,5894,226,-4130,-4714
-6324,3974,2392,998,-5813,-6742,5847,7567,5878,169,-4168,-4783
-6423,3952,2505,911,-5957,-6781,5829,7543,5855,102,-4210,-4858
-6552,3908,2670,776,-6156,-6828,5787,7504,5811,14,-4271,-4955
-6695,3868,2845,638,-6371,-6891,5745,7461,5764,-66,-4347,-5050
-6804,3871,2943,581,-6512,-6964,5735,7442,5742,-100,-4406,-5117
-6860,3918,2945,619,-6555,-7036,5764,7457,5753,-82,-4432,-5153
-6884,3987,2893,707,-6541,-7104,5818,7496,5788,-33,-4430,-5173
-6914,4040,2865,769,-6546,-7169,5870,7533,5819,7,-4425,-5195
-6970,4056,2902,763,-6613,-7231,5906,7552,5831,20,-4434,-5227
-7023,4068,2941,753,-6679,-7291,5946,7575,5846,38,-4440,-5250
-7060,4090,2956,765,-6717,-7349,5994,7607,5865,66,-4442,-5262
-7070,4122,2934,806,-6713,-7397,6046,7651,5891,105,-4432,-5262
-7075,4155,2908,851,-6702,-7445,6095,7700,5916,145,-4419,-5254
-7090,4173,2907,868,-6714,-7491,6129,7740,5930,166,-4415,-5250
-7143,4151,2984,806,-6802,-7536,6136,7750,5918,152,-4440,-5268
-7194,4128,3060,743,-6887,-7579,6140,7757,5904,137,-4468,-5283
-7244,4109,3131,685,-6967,-7623,6143,7763,5888,122,-4496,-5296
-7302,4093,3207,624,-7054,-7672,6145,7761,5867,101,-4528,-5313
-7341,4105,3236,614,-7095,-7727,6159,7772,5854,93,-4551,-5324
-7370,4136,3235,634,-7110,-7784,6179,7793,5844,89,-4567,-5333
-7412,4168,3244,647,-7139,-7848,6191,7806,5827,76,-4592,-5345
-7458,4215,3244,676,-7164,-7922,6209,7811,5810,64,-4626,-5352
-7482,4302,3181,773,-7132,-8004,6252,7830,5817,83,-4647,-5336
-7487,4401,3086,899,-7066,-8078,6306,7860,5837,111,-4654,-5309
-7510,4475,3035,979,-7041,-8144,6343,7878,5846,111,-4674,-5299
-7565,4509,3055,985,-7085,-8201,6355,7877,5837,79,-4710,-5311
-7635,4520,3113,950,-7165,-8249,6353,7864,5821,38,-4751,-5335
-7688,4546,3139,948,-7213,-8293,6362,7861,5814,22,-4773,-5353
-7709,4599,3105,1004,-7200,-8331,6389,7876,5825,31,-4771,-5357
-7728,4654,3067,1064,-7184,-8365,6412,7887,5836,35,-4768,-5365
-7761,4690,3060,1092,-7198,-8395,6422,7887,5838,22,-4775,-5385
-7812,4707,3092,1081,-7251,-8421,6419,7872,5831,-11,-4796,-5414
-7864,4721,3127,1066,-7308,-8444,6413,7851,5821,-47,-4820,-5440
-7904,4742,3141,1072,-7343,-8463,6413,7832,5816,-75,-4843,-5458
-7903,4795,3083,1146,-7304,-8475,6434,7835,5834,-72,-4847,-5454
-7907,4838,3041,1203,-7280,-8483,6450,7831,5848,-82,-4859,-5456
-7921,4867,3023,1236,-7280,-8489,6461,7821,5856,-106,-4879,-5469
-7936,4887,3015,1255,-7287,-8490,6466,7810,5859,-137,-4901,-5489
-7979,4876,3067,1212,-7355,-8491,6452,7783,5846,-192,-4940,-5530
-8040,4845,3159,1131,-7461,-8493,6426,7744,5820,-261,-4993,-5582
-8101,4816,3248,1051,-7566,-8497,6401,7708,5791,-329,-5043,-5634
-8164,4779,3349,959,-7680,-8502,6368,7672,5758,-402,-5091,-5686
-8253,4714,3507,809,-7851,-8508,6313,7624,5706,-497,-5147,-5755
-8355,4648,3678,650,-8038,-8525,6258,7569,5650,-589,-5207,-5819
-8421,4628,3769,574,-8148,-8552,6231,7535,5617,-639,-5247,-5855
-8431,4663,3751,607,-8149,-8583,6242,7536,5618,-635,-5256,-5856
-8402,4727,3666,703,-8078,-8609,6279,7560,5642,-593,-5242,-5835
-8371,4773,3597,777,-8016,-8627,6306,7582,5663,-561,-5230,-5819
-8362,4788,3581,795,-8003,-8640,6317,7585,5668,-557,-5238,-5818
-8347,4795,3569,805,-7988,-8648,6329,7588,5673,-552,-5253,-5817
-8315,4812,3527,842,-7940,-8653,6356,7603,5692,-530,-5259,-5807
-8252,4842,3441,917,-7842,-8648,6395,7640,5725,-479,-5240,-5780
-8185,4872,3349,998,-7735,-8644,6435,7686,5762,-421,-5206,-5747
-8127,4894,3273,1062,-7644,-8640,6464,7729,5793,-372,-5171,-5720
-8112,4879,3274,1052,-7631,-8642,6469,7749,5801,-354,-5162,-5718
-8098,4862,3277,1041,-7619,-8645,6474,7770,5809,-335,-5155,-5717
-8090,4847,3280,1031,-7611,-8652,6479,7793,5819,-309,-5144,-5710
-8102,4830,3304,1005,-7629,-8670,6477,7812,5830,-287,-5138,-5704
-8102,4833,3294,1018,-7616,-8693,6484,7843,5853,-245,-5122,-5688
-8096,4852,3260,1056,-7582,-8720,6499,7881,5881,-196,-5102,-5667
-8104,4873,3237,1089,-7565,-8756,6508,7913,5898,-162,-5090,-5650
-8122,4912,3207,1138,-7551,-8808,6521,7939,5910,-135,-5090,-5633
-8124,4989,3120,1251,-7487,-8872,6551,7974,5930,-94,-5081,-5603
-8112,5073,3012,1382,-7401,-8928,6586,8013,5945,-58,-5068,-5576
-8130,5124,2968,1447,-7380,-8978,6600,8035,5938,-58,-5073,-5578
-8195,5132,3013,1424,-7448,-9028,6586,8029,5904,-101,-5104,-5606
-8291,5114,3117,1344,-7577,-9078,6554,8005,5852,-167,-5158,-5654
-8375,5109,3197,1289,-7684,-9124,6532,7988,5803,-216,-5207,-5696
-8420,5125,3218,1286,-7726,-9157,6528,7994,5773,-240,-5235,-5724
-8459,5135,3240,1278,-7765,-9178,6524,8003,5745,-265,-5262,-5754
-8507,5128,3290,1239,-7829,-9192,6505,8006,5710,-303,-5296,-5792
-8582,5101,3388,1155,-7945,-9208,6466,7993,5664,-361,-5350,-5842
-8658,5075,3486,1071,-8062,-9223,6427,7978,5617,-421,-5409,-5897
-8722,5071,3554,1020,-8151,-9244,6398,7967,5577,-467,-5460,-5945
-8746,5110,3540,1054,-8159,-9265,6394,7979,5561,-478,-5483,-5969
-8772,5153,3526,1087,-8170,-9290,6390,7986,5544,-496,-5504,-5994
-8804,5191,3525,1110,-8193,-9315,6383,7986,5525,-522,-5526,-6022
-8827,5229,3517,1137,-8206,-9335,6376,7988,5509,-547,-5542,-6048
-8875,5242,3560,1112,-8270,-9356,6353,7974,5482,-592,-5571,-6086
-8936,5239,3633,1057,-8362,-9376,6321,7950,5451,-646,-5607,-6130
-8986,5241,3690,1017,-8437,-9394,6298,7937,5426,-689,-5636,-6167
-9030,5243,3742,980,-8504,-9410,6276,7936,5408,-730,-5659,-6203
-9089,5226,3829,907,-8604,-9426,6239,7932,5385,-783,-5688,-6252
-9155,5215,3915,840,-8708,-9454,6206,7929,5369,-829,-5716,-6299
-9178,5250,3913,864,-8724,-9487,6204,7950,5382,-832,-5720,-6316
-9148,5335,3804,992,-8634,-9521,6238,8004,5432,-788,-5694,-6303
-9079,5449,3629,1186,-8473,-9552,6295,8079,5506,-718,-5649,-6276
-9009,5546,3468,1359,-8320,-9574,6348,8152,5577,-660,-5612,-6257
-8968,5609,3370,1469,-8228,-9595,6382,8205,5631,-632,-5597,-6260
-8929,5664,3278,1570,-8141,-9615,6420,8256,5685,-599,-5583,-6258
-8888,5727,3176,1684,-8046,-9642,6464,8310,5742,-558,-5565,-6242
-8830,5797,3048,1821,-7921,-9666,6510,8370,5801,-512,-5537,-6211
-8776,5858,2930,1946,-7806,-9688,6545,8422,5852,-477,-5512,-6180
-8747,5898,2858,2028,-7737,-9714,6557,8456,5884,-473,-5505,-6163
-8775,5893,2885,2013,-7771,-9750,6534,8455,5883,-518,-5538,-6182
-8815,5879,2931,1981,-7827,-9789,6505,8447,5872,-570,-5585,-6213
-8861,5865,2982,1945,-7889,-9832,6479,8442,5860,-618,-5632,-6250
-8930,5848,3059,1890,-7983,-9888,6443,8429,5840,-675,-5688,-6298
-8999,5850,3115,1861,-8064,-9956,6408,8420,5821,-725,-5739,-6345
-9070,5860,3166,1840,-8142,-10029,6368,8411,5800,-776,-5789,-6393
-9161,5857,3251,1787,-8257,-10105,6319,8388,5772,-835,-5847,-6450
-9259,5850,3347,1723,-8385,-10181,6273,8363,5744,-883,-5909,-6503
-9334,5865,3398,1702,-8468,-10253,6251,8355,5739,-892,-5953,-6529
-9391,5883,3433,1693,-8528,-10313,6241,8360,5743,-885,-5981,-6541
-9473,5871,3523,1626,-8643,-10365,6215,8351,5732,-904,-6021,-6570
-9590,5828,3681,1491,-8827,-10417,6166,8326,5696,-954,-6082,-6621
-9724,5776,3868,1329,-9043,-10471,6111,8297,5650,-1011,-6149,-6679
-9839,5751,4011,1212,-9217,-10525,6075,8286,5618,-1042,-6198,-6718
-9908,5767,4070,1179,-9305,-10574,6070,8308,5614,-1033,-6213,-6728
-9966,5792,4111,1163,-9374,-10619,6071,8341,5618,-1017,-6216,-6733
-10031,5816,4161,1138,-9455,-10664,6067,8374,5621,-1013,-6219,-6742
-10119,5832,4244,1086,-9573,-10717,6051,8398,5616,-1024,-6234,-6760
-10208,5854,4322,1041,-9689,-10772,6035,8418,5608,-1031,-6254,-6781
-10285,5901,4364,1036,-9773,-10836,6030,8445,5609,-1022,-6268,-6794
-10321,5994,4320,1119,-9773,-10900,6053,8499,5632,-978,-6259,-6786
-10355,6092,4267,1212,-9765,-10967,6075,8550,5655,-942,-6250,-6777
-10391,6184,4222,1295,-9763,-11032,6090,8595,5672,-918,-6245,-6772
-10417,6271,4170,1382,-9749,-11087,6101,8639,5690,-903,-6238,-6770
-10467,6333,4166,1420,-9783,-11142,6090,8660,5692,-916,-6249,-6787
-10534,6377,4195,1426,-9849,-11199,6066,8664,5678,-946,-6277,-6819
-10589,6417,4213,1438,-9900,-11248,6038,8666,5659,-974,-6308,-6851
-10637,6444,4236,1439,-9948,-11286,6005,8668,5634,-1004,-6337,-6891
-10704,6436,4311,1384,-10043,-11315,5952,8659,5595,-1055,-6377,-6950
-10783,6417,4406,1309,-10158,-11348,5899,8644,5555,-1108,-6425,-7013
-10833,6433,4435,1303,-10210,-11389,5873,8650,5540,-1122,-6456,-7052
-10835,6490,4372,1388,-10166,-11428,5884,8686,5559,-1090,-6460,-7061
-10807,6573,4253,1527,-10064,-11467,5922,8745,5601,-1036,-6445,-7049
-10793,6646,4157,1646,-9987,-11512,5959,8801,5644,-994,-6430,-7043
-10821,6690,4130,1699,-9983,-11568,5978,8836,5671,-974,-6433,-7053
-10852,6728,4111,1743,-9986,-11625,5997,8868,5698,-954,-6439,-7061
-10871,6778,4070,1810,-9967,-11683,6020,8909,5733,-919,-6442,-7061
-10869,6845,3990,1913,-9907,-11742,6051,8967,5780,-867,-6435,-7052
-10864,6918,3901,2027,-9839,-11804,6085,9035,5834,-812,-6425,-7042
-10869,6976,3837,2114,-9795,-11863,6114,9103,5889,-768,-6414,-7038
-10915,6989,3860,2112,-9837,-11921,6116,9146,5921,-762,-6419,-7057
-10967,6997,3895,2098,-9891,-11980,6111,9184,5948,-759,-6422,-7080
-11021,7004,3934,2080,-9949,-12039,6100,9218,5971,-757,-6428,-7107
-11091,7005,3996,2042,-10033,-12104,6077,9239,5983,-763,-6448,-7144
-11146,7027,4024,2041,-10086,-12172,6061,9264,5998,-757,-6464,-7174
-11186,7067,4022,2069,-10109,-12239,6049,9291,6016,-745,-6476,-7200
-11237,7112,4026,2097,-10145,-12316,6033,9306,6025,-749,-6498,-7236
-11293,7173,4023,2139,-10180,-12404,6022,9309,6030,-756,-6526,-7273
-11324,7269,3961,2242,-10160,-12497,6037,9321,6049,-743,-6545,-7293
-11337,7375,3874,2369,-10112,-12581,6055,9340,6069,-728,-6557,-7308
-11379,7450,3848,2433,-10125,-12663,6046,9342,6066,-748,-6587,-7339
-11465,7487,3908,2414,-10227,-12745,6005,9316,6036,-807,-6645,-7398
-11581,7499,4023,2341,-10385,-12827,5946,9273,5987,-887,-6719,-7476
-11690,7523,4120,2288,-10527,-12911,5894,9239,5941,-949,-6789,-7548
-11763,7573,4156,2292,-10605,-12985,5858,9233,5914,-979,-6837,-7601
-11832,7619,4192,2294,-10681,-13052,5821,9234,5889,-1005,-6876,-7650
-11914,7647,4260,2263,-10788,-13114,5770,9233,5860,-1041,-6914,-7703
-12023,7659,4370,2194,-10940,-13181,5703,9220,5822,-1092,-6963,-7762
-12131,7670,4482,2123,-11093,-13246,5638,9207,5786,-1137,-7011,-7814
-12219,7690,4562,2079,-11211,-13301,5589,9207,5764,-1159,-7047,-7851
-12246,7739,4551,2116,-11227,-13335,5576,9243,5776,-1134,-7053,-7856
-12258,7784,4529,2156,-11226,-13355,5574,9284,5800,-1101,-7054,-7860
-12268,7818,4516,2185,-11229,-13367,5574,9320,5823,-1072,-7061,-7869
-12267,7849,4492,2219,-11215,-13369,5582,9362,5851,-1037,-7057,-7879
-12286,7861,4507,2214,-11241,-13373,5577,9387,5868,-1024,-7063,-7906
-12324,7864,4546,2187,-11294,-13385,5563,9397,5876,-1024,-7078,-7944
-12359,7876,4574,2175,-11336,-13402,5558,9413,5890,-1013,-7088,-7978
-12393,7885,4602,2162,-11376,-13419,5556,9433,5905,-1004,-7095,-8017
-12451,7871,4675,2104,-11462,-13438,5531,9442,5897,-1029,-7127,-8080
-12532,7859,4767,2036,-11573,-13476,5499,9437,5875,-1067,-7187,-8146
-12592,7896,4788,2049,-11622,-13536,5488,9447,5867,-1073,-7233,-8180
-12617,7994,4710,2168,-11582,-13615,5511,9487,5886,-1034,-7244,-8169
-12617,8128,4570,2355,-11482,-13705,5557,9550,5928,-964,-7223,-8128
-12629,8255,4445,2528,-11400,-13802,5598,9612,5971,-900,-7195,-8086
-12681,8350,4392,2632,-11391,-13907,5618,9657,5999,-862,-7182,-8060
-12743,8434,4358,2716,-11402,-14015,5638,9698,6026,-830,-7173,-8036
-12795,8522,4310,2812,-11398,-14122,5671,9752,6065,-787,-7158,-8006
-12822,8623,4221,2943,-11349,-14223,5719,9824,6121,-725,-7126,-7965
-12840,8722,4124,3079,-11290,-14321,5770,9902,6179,-667,-7087,-7924
-12864,8804,4052,3186,-11252,-14412,5812,9975,6228,-625,-7053,-7895
-12925,8836,4065,3203,-11295,-14497,5823,10018,6246,-627,-7046,-7893
-12984,8853,4091,3201,-11348,-14573,5827,10054,6255,-636,-7046,-7896
-13040,8870,4117,3198,-11398,-14646,5827,10084,6261,-642,-7049,-7898
-13108,8877,4164,3174,-11472,-14721,5815,10102,6264,-650,-7066,-7904
-13151,8899,4175,3182,-11507,-14789,5813,10132,6280,-632,-7072,-7899
-13177,8927,4164,3210,-11516,-14847,5816,10171,6308,-594,-7067,-7886
-13210,8945,4173,3215,-11546,-14902,5813,10203,6335,-559,-7067,-7876
-13246,8968,4183,3222,-11578,-14959,5809,10227,6360,-525,-7072,-7866
-13257,9024,4137,3287,-11559,-15018,5826,10257,6401,-476,-7064,-7841
-13246,9091,4063,3378,-11507,-15066,5853,10296,6446,-425,-7042,-7809
-13258,9124,4048,3404,-11511,-15102,5857,10320,6473,-399,-7032,-7798
-13309,9116,4116,3347,-11598,-15133,5832,10319,6473,-408,-7048,-7818
-13385,9089,4232,3244,-11734,-15163,5793,10301,6455,-437,-7089,-7857
-13453,9083,4321,3172,-11848,-15198,5762,10289,6439,-456,-7133,-7889
-13488,9115,4339,3174,-11892,-15233,5749,10298,6439,-455,-7159,-7904
-13519,9155,4347,3187,-11927,-15265,5732,10310,6441,-462,-7181,-7921
-13554,9185,4369,3184,-11974,-15291,5707,10321,6438,-484,-7207,-7948
-13607,9198,4427,3146,-12057,-15314,5667,10316,6425,-526,-7245,-7987
-13665,9211,4488,3107,-12144,-15338,5628,10311,6413,-560,-7283,-8027
-13720,9245,4526,3099,-12213,-15372,5597,10315,6411,-574,-7318,-8056
-13738,9325,4479,3178,-12200,-15411,5595,10346,6435,-550,-7324,-8058
-13755,9405,4428,3261,-12182,-15448,5597,10378,6461,-523,-7325,-8058
-13782,9476,4396,3328,-12182,-15486,5591,10403,6480,-505,-7329,-8064
-13807,9544,4362,3395,-12177,-15521,5583,10429,6501,-489,-7329,-8071
-13860,9588,4377,3414,-12222,-15558,5564,10444,6510,-497,-7344,-8091
-13933,9613,4428,3399,-12304,-15599,5540,10451,6512,-515,-7369,-8116
-14003,9640,4473,3390,-12377,-15641,5522,10467,6521,-526,-7384,-8139
-14067,9656,4520,3373,-12448,-15675,5499,10489,6531,-537,-7390,-8172
-14146,9636,4616,3301,-12560,-15698,5458,10501,6523,-580,-7408,-8228
-14238,9602,4737,3204,-12696,-15725,5414,10504,6506,-627,-7435,-8287
-14305,9604,4796,3173,-12774,-15762,5398,10527,6510,-626,-7442,-8317
-14329,9653,4763,3235,-12761,-15806,5415,10579,6545,-570,-7419,-8310
-14321,9728,4669,3357,-12686,-15851,5453,10653,6602,-488,-7381,-8286
-14312,9794,4583,3465,-12616,-15892,5484,10723,6659,-418,-7347,-8263
-14340,9827,4565,3508,-12616,-15941,5491,10767,6696,-383,-7333,-8257
-14373,9855,4558,3540,-12627,-15993,5496,10802,6727,-357,-7320,-8248
-14395,9896,4526,3597,-12615,-16050,5510,10837,6763,-324,-7299,-8230
-14388,9956,4446,3699,-12551,-16104,5536,10888,6807,-272,-7262,-8202
-14374,10021,4355,3810,-12476,-16159,5563,10942,6851,-217,-7223,-8175
-14371,10072,4289,3894,-12426,-16214,5583,10993,6886,-175,-7192,-8157
-14412,10080,4309,3892,-12463,-16272,5574,11019,6894,-170,-7189,-8163
-14463,10084,4345,3876,-12517,-16334,5554,11039,6893,-173,-7197,-8175
-14513,10095,4373,3869,-12567,-16402,5530,11056,6890,-178,-7206,-8183
-14574,10106,4414,3852,-12633,-16477,5500,11065,6879,-193,-7226,-8191
-14614,10138,4412,3876,-12658,-16551,5482,11089,6879,-191,-7235,-8180
-14630,10183,4377,3930,-12645,-16615,5475,11123,6889,-170,-7230,-8155
-14650,10221,4354,3969,-12644,-16675,5467,11145,6892,-150,-7229,-8132
-14670,10263,4329,4011,-12642,-16736,5464,11159,6892,-131,-7235,-8108
-14661,10335,4247,4111,-12583,-16794,5489,11188,6911,-90,-7225,-8061
-14626,10421,4128,4242,-12484,-16841,5528,11233,6942,-34,-7197,-8001
-14611,10473,4065,4313,-12435,-16875,5550,11266,6959,-5,-7176,-7957
-14635,10474,4093,4287,-12474,-16896,5549,11275,6953,-11,-7175,-7936
-14684,10442,4181,4199,-12569,-16908,5534,11272,6935,-30,-7189,-7930
-14721,10418,4250,4129,-12644,-16914,5528,11279,6924,-31,-7197,-7919
-14717,10428,4245,4130,-12641,-16910,5540,11311,6937,-1,-7181,-7887
-14702,10442,4225,4145,-12622,-16899,5550,11346,6953,29,-7159,-7856
-14691,10447,4218,4146,-12613,-16881,5550,11377,6968,49,-7136,-7835
-14699,10435,4249,4110,-12643,-16861,5538,11391,6976,58,-7127,-7824
-14713,10418,4289,4066,-12681,-16839,5526,11399,6984,69,-7121,-7809
-14720,10416,4309,4046,-12701,-16820,5521,11407,6995,91,-7109,-7780
-14689,10449,4254,4102,-12645,-16797,5542,11433,7025,143,-7071,-7725
-14651,10482,4192,4162,-12580,-16769,5565,11458,7058,194,-7031,-7665
-14619,10496,4157,4193,-12535,-16731,5584,11477,7088,235,-7000,-7613
-14580,10497,4124,4216,-12487,-16681,5603,11498,7125,275,-6967,-7562
-14563,10467,4144,4184,-12488,-16626,5606,11503,7152,295,-6946,-7524
-14566,10416,4204,4112,-12528,-16571,5600,11495,7169,300,-6936,-7498
-14559,10363,4256,4046,-12556,-16510,5598,11490,7185,310,-6926,-7472
-14544,10304,4303,3979,-12575,-16442,5594,11486,7199,318,-6911,-7453
-14545,10223,4388,3872,-12630,-16373,5571,11470,7194,301,-6908,-7461
-14559,10140,4486,3757,-12702,-16316,5542,11446,7180,277,-6912,-7479
-14546,10103,4509,3722,-12706,-16273,5534,11441,7183,290,-6899,-7472
-14489,10121,4431,3792,-12613,-16243,5560,11468,7214,355,-6855,-7428
-14401,10174,4287,3929,-12455,-16218,5607,11517,7266,449,-6786,-7358
-14315,10224,4146,4062,-12302,-16197,5649,11564,7316,533,-6715,-7286
-14265,10246,4069,4134,-12216,-16185,5667,11585,7344,582,-6670,-7230
-14219,10265,3998,4199,-12136,-16177,5681,11599,7368,624,-6631,-7175
-14162,10295,3904,4287,-12034,-16172,5708,11618,7400,679,-6590,-7113
-14080,10340,3770,4411,-11890,-16165,5747,11651,7441,746,-6533,-7040
-13989,10385,3626,4542,-11733,-16154,5788,11690,7484,817,-6468,-6963
-13904,10414,3504,4646,-11596,-16139,5825,11726,7522,876,-6406,-6894
-13860,10402,3462,4669,-11539,-16124,5835,11735,7540,904,-6369,-6849
-13820,10378,3436,4673,-11496,-16107,5838,11741,7553,924,-6341,-6813
-13778,10354,3408,4678,-11450,-16088,5842,11749,7564,943,-6312,-6776
-13751,10322,3403,4661,-11431,-16074,5841,11751,7571,955,-6291,-6741
-13706,10303,3368,4672,-11379,-16056,5848,11763,7585,980,-6264,-6698
-13641,10294,3304,4707,-11294,-16030,5859,11784,7605,1012,-6231,-6648
-13583,10277,3255,4727,-11225,-16001,5864,11796,7622,1040,-6202,-6602
-13529,10258,3214,4739,-11164,-15972,5874,11804,7639,1075,-6176,-6552
-13451,10265,3124,4798,-11054,-15941,5908,11824,7673,1136,-6137,-6478
-13350,10275,3010,4876,-10913,-15893,5953,11859,7714,1209,-6081,-6395
-13268,10247,2954,4888,-10822,-15829,5983,11878,7736,1254,-6033,-6331
-13221,10170,2985,4809,-10812,-15752,5987,11869,7728,1255,-6011,-6298
-13201,10068,3070,4676,-10857,-15672,5974,11840,7700,1230,-6007,-6285
-13176,9975,3143,4557,-10890,-15592,5968,11815,7674,1217,-5996,-6266
-13112,9911,3149,4502,-10852,-15501,5981,11812,7667,1232,-5957,-6224
-13041,9854,3142,4459,-10800,-15405,5997,11811,7661,1256,-5907,-6174
-12980,9784,3159,4393,-10770,-15305,6002,11805,7645,1271,-5858,-6131
-12946,9694,3223,4282,-10788,-15206,5991,11783,7615,1269,-5823,-6100
-12921,9597,3304,4157,-10823,-15105,5975,11757,7580,1263,-5797,-6072
-12886,9507,3368,4046,-10842,-15000,5962,11735,7550,1271,-5769,-6039
-12807,9448,3358,4008,-10780,-14884,5974,11734,7546,1318,-5719,-5986
-12719,9387,3339,3975,-10706,-14758,5989,11735,7548,1373,-5666,-5929
-12632,9315,3332,3927,-10642,-14626,5999,11727,7549,1423,-5616,-5872
-12533,9241,3315,3886,-10563,-14484,6009,11716,7552,1472,-5556,-5808
-12455,9144,3340,3803,-10525,-14341,6000,11686,7541,1497,-5508,-5759
-12398,9034,3399,3690,-10524,-14204,5975,11638,7514,1503,-5476,-5725
-12339,8930,3449,3588,-10516,-14072,5944,11588,7485,1509,-5443,-5695
-12282,8825,3501,3485,-10510,-13943,5902,11539,7453,1511,-5407,-5669
-12248,8689,3605,3329,-10555,-13812,5834,11480,7404,1487,-5383,-5659
-12234,8541,3740,3144,-10633,-13690,5762,11411,7352,1461,-5361,-5649
-12195,8423,3818,3019,-10658,-13575,5718,11362,7323,1476,-5321,-5612
-12110,8352,3803,2988,-10591,-13465,5708,11342,7324,1537,-5259,-5548
-11991,8311,3723,3021,-10457,-13355,5720,11344,7344,1622,-5181,-5470
-11868,8260,3647,3045,-10324,-13241,5728,11346,7359,1691,-5108,-5402
-11769,8177,3629,3010,-10246,-13126,5718,11327,7356,1728,-5058,-5352
-11670,8091,3612,2972,-10170,-13012,5712,11306,7354,1765,-5009,-5300
-11558,8020,3567,2962,-10066,-12903,5723,11298,7362,1821,-4950,-5234
-11413,7963,3475,2993,-9911,-12787,5752,11309,7382,1900,-4874,-5152
-11252,7904,3370,3031,-9736,-12660,5790,11326,7405,1979,-4786,-5068
-11092,7826,3283,3044,-9575,-12525,5831,11343,7425,2048,-4693,-4981
-10971,7702,3281,2970,-9496,-12388,5853,11333,7420,2077,-4620,-4910
-10857,7571,3293,2880,-9431,-12251,5874,11319,7409,2097,-4549,-4838
-10735,7445,3290,2803,-9352,-12113,5899,11304,7401,2120,-4475,-4760
-10624,7320,3298,2719,-9287,-11983,5919,11279,7387,2137,-4412,-4689
-10498,7222,3263,2681,-9184,-11860,5951,11263,7384,2171,-4341,-4611
-10361,7150,3191,2683,-9048,-11746,5992,11256,7391,2214,-4262,-4526
-10233,7083,3123,2684,-8921,-11639,6032,11243,7398,2257,-4187,-4442
-10108,7023,3051,2692,-8794,-11537,6076,11227,7407,2305,-4113,-4351
-9962,6998,2923,2760,-8614,-11441,6141,11223,7437,2386,-4024,-4236
-9797,6988,2763,2857,-8399,-11338,6212,11231,7477,2479,-3921,-4112
-9657,6948,2657,2897,-8237,-11229,6255,11219,7495,2536,-3836,-4009
-9556,6867,2633,2854,-8155,-11115,6259,11172,7479,2545,-3783,-3939
-9485,6763,2663,2758,-8127,-11000,6238,11101,7444,2529,-3752,-3891
-9408,6670,2676,2680,-8084,-10885,6226,11034,7415,2528,-3717,-3839
-9287,6603,2620,2665,-7965,-10754,6242,10991,7407,2564,-3658,-3765
-9151,6536,2550,2659,-7825,-10609,6265,10957,7406,2613,-3590,-3681
-9019,6457,2498,2633,-7700,-10456,6283,10917,7400,2652,-3524,-3602
-8916,6363,2491,2567,-7622,-10308,6289,10863,7382,2671,-3470,-3534
-8822,6270,2492,2495,-7556,-10164,6296,10802,7357,2686,-3419,-3471
-8721,6192,2473,2449,-7470,-10023,6312,10744,7333,2710,-3363,-3403
-8583,6154,2377,2480,-7308,-9882,6352,10705,7328,2766,-3285,-3312
-8443,6125,2272,2524,-7139,-9745,6389,10660,7322,2815,-3210,-3222
-8317,6085,2191,2546,-6993,-9609,6412,10601,7304,2845,-3150,-3143
-8184,6045,2105,2573,-6841,-9469,6432,10540,7285,2873,-3091,-3066
-8077,5988,2062,2560,-6734,-9335,6435,10462,7250,2883,-3046,-3003
-7993,5919,2055,2517,-6667,-9209,6425,10372,7205,2883,-3001,-2952
-7898,5848,2039,2479,-6587,-9076,6419,10290,7160,2894,-2940,-2898
-7791,5762,2025,2433,-6500,-8928,6413,10223,7118,2910,-2865,-2846
-7702,5641,2066,2326,-6464,-8771,6388,10153,7063,2905,-2794,-2809
-7637,5501,2148,2182,-6472,-8621,6350,10072,7002,2893,-2735,-2775
-7551,5385,2184,2086,-6436,-8478,6327,10003,6959,2911,-2668,-2719
-7417,5305,2136,2071,-6314,-8330,6331,9959,6943,2975,-2577,-2636
-7242,5241,2030,2106,-6128,-8169,6356,9934,6950,3068,-2467,-2535
-7060,5161,1934,2125,-5945,-7997,6379,9905,6957,3155,-2354,-2433
-6909,5042,1907,2072,-5830,-7824,6381,9851,6942,3208,-2263,-2351
-6760,4913,1890,2007,-5724,-7649,6381,9787,6920,3256,-2178,-2274
-6601,4792,1856,1957,-5603,-7476,6382,9719,6900,3307,-2091,-2194
-6422,4686,1787,1941,-5446,-7302,6389,9659,6886,3367,-1995,-2109
-6242,4584,1711,1930,-5285,-7132,6393,9598,6868,3424,-1900,-2029
-6072,4471,1658,1896,-5147,-6963,6385,9528,6841,3463,-1813,-1962
-5947,4327,1679,1792,-5087,-6805,6343,9425,6786,3456,-1756,-1920
-5834,4185,1709,1681,-5042,-6655,6296,9313,6724,3441,-1707,-1879
-5711,4058,1713,1596,-4973,-6510,6252,9204,6664,3437,-1652,-1823
-5592,3933,1718,1512,-4906,-6367,6204,9092,6600,3430,-1599,-1762
-5445,3835,1667,1480,-4782,-6222,6172,8992,6549,3440,-1533,-1688
-5271,3757,1568,1494,-4606,-6070,6154,8904,6511,3466,-1454,-1606
-5097,3676,1470,1504,-4430,-5915,6135,8816,6473,3492,-1377,-1529
-4922,3594,1372,1512,-4252,-5756,6124,8728,6439,3528,-1300,-1445
-4722,3534,1225,1567,-4023,-5593,6141,8659,6432,3598,-1207,-1336
-4497,3478,1048,1644,-3755,-5414,6174,8606,6442,3687,-1098,-1215
-4296,3388,929,1658,-3540,-5224,6184,8537,6435,3741,-1003,-1115
-4143,3255,900,1584,-3415,-5036,6161,8439,6397,3746,-931,-1044
-4024,3100,928,1457,-3349,-4852,6115,8322,6336,3719,-879,-995
-3909,2955,948,1343,-3278,-4676,6074,8209,6276,3700,-826,-942
-3761,2843,903,1294,-3141,-4497,6059,8122,6240,3716,-752,-867
-3613,2734,855,1248,-3001,-4317,6049,8041,6209,3741,-673,-783
-3481,2614,833,1179,-2888,-4139,6029,7952,6167,3752,-599,-704
-3384,2479,863,1066,-2831,-3971,5988,7842,6109,3739,-542,-639
-3304,2339,916,936,-2801,-3811,5936,7722,6044,3715,-499,-583
-3222,2212,956,823,-2761,-3656,5888,7606,5980,3695,-462,-526
-3105,2119,929,778,-2654,-3501,5865,7511,5932,3698,-412,-454
-2987,2031,897,740,-2544,-3347,5840,7415,5882,3697,-362,-386
-2883,1932,892,676,-2462,-3195,5801,7304,5819,3678,-322,-333
-2776,1837,882,619,-2376,-3044,5758,7191,5752,3655,-284,-284
-2686,1722,910,524,-2328,-2892,5698,7062,5668,3610,-262,-249
-2612,1593,971,398,-2315,-2743,5628,6920,5571,3549,-253,-227
-2529,1474,1012,293,-2284,-2596,5567,6788,5480,3498,-237,-205
-2431,1357,1038,199,-2235,-2442,5513,6669,5394,3454,-210,-179
-2345,1219,1098,69,-2219,-2285,5448,6549,5296,3394,-190,-166
-2277,1078,1177,-75,-2230,-2141,5383,6424,5191,3325,-182,-162
-2187,975,1197,-153,-2188,-2010,5348,6317,5104,3287,-164,-140
-2052,920,1123,-137,-2056,-1884,5354,6242,5048,3301,-119,-89
-1884,892,988,-61,-1863,-1757,5388,6189,5014,3344,-53,-18
-1713,853,860,3,-1673,-1624,5422,6136,4982,3381,14,52
-1581,778,808,-7,-1559,-1493,5431,6060,4934,3392,62,105
-1459,688,780,-42,-1469,-1363,5432,5976,4882,3404,108,158
-1330,605,737,-63,-1365,-1235,5434,5896,4838,3428,161,219
-1177,533,657,-52,-1220,-1098,5443,5828,4804,3469,227,288
-1015,464,564,-31,-1059,-959,5452,5760,4770,3511,296,355
-862,384,491,-30,-917,-819,5455,5684,4727,3537,359,412
-753,265,499,-109,-858,-685,5433,5584,4657,3522,399,444
-659,137,530,-210,-822,-553,5402,5479,4582,3502,431,471
-569,15,558,-306,-787,-429,5371,5378,4509,3486,464,498
-501,-113,614,-425,-783,-314,5332,5273,4433,3462,485,519
-421,-224,641,-515,-752,-202,5301,5179,4366,3449,508,549
-327,-314,632,-568,-686,-92,5281,5094,4307,3445,539,587
-243,-402,631,-625,-630,10,5258,4998,4245,3436,563,622
-170,-480,632,-679,-581,101,5232,4891,4179,3423,576,656
-76,-520,575,-670,-480,183,5226,4792,4130,3438,599,710
41,-538,474,-619,-333,268,5230,4708,4094,3468,639,777
136,-574,413,-608,-227,352,5217,4615,4047,3475,671,826
190,-642,428,-669,-197,434,5179,4500,3978,3442,677,844
218,-731,490,-777,-216,515,5131,4376,3894,3392,666,847
251,-810,536,-868,-220,595,5090,4260,3814,3355,658,854
321,-855,514,-891,-154,680,5065,4170,3754,3348,672,878
400,-892,474,-898,-70,767,5038,4088,3699,3341,696,903
468,-935,452,-920,-5,853,4999,4001,3638,3320,715,921
515,-995,467,-977,22,937,4946,3899,3569,3281,720,927
553,-1058,494,-1045,35,1020,4896,3796,3502,3247,725,928
597,-1107,501,-1090,65,1097,4865,3709,3448,3234,738,943
678,-1113,428,-1053,172,1172,4869,3657,3426,3268,780,990
766,-1110,338,-997,295,1246,4885,3619,3418,3315,829,1044
843,-1115,268,-959,397,1318,4898,3579,3406,3354,871,1090
922,-1116,190,-912,505,1388,4918,3545,3393,3387,915,1137
977,-1138,156,-907,567,1454,4931,3500,3369,3394,948,1177
1006,-1178,168,-944,581,1514,4939,3445,3339,3387,969,1208
1037,-1222,179,-981,596,1576,4947,3393,3310,3386,993,1237
1077,-1274,190,-1022,616,1647,4942,3339,3281,3386,1019,1259
1105,-1360,247,-1116,597,1731,4913,3274,3237,3360,1028,1263
1116,-1461,335,-1238,545,1811,4875,3199,3186,3322,1022,1257
1149,-1529,369,-1302,543,1881,4861,3144,3154,3316,1027,1273
1224,-1547,310,-1270,629,1945,4884,3121,3154,3359,1061,1323
1336,-1534,184,-1170,785,2008,4932,3122,3175,3427,1118,1393
1454,-1526,57,-1074,944,2078,4981,3122,3194,3481,1177,1458
1538,-1553,-1,-1046,1033,2146,5006,3100,3193,3498,1211,1498
1608,-1589,-35,-1041,1097,2210,5025,3072,3183,3502,1234,1529
1679,-1619,-75,-1028,1164,2268,5048,3046,3176,3512,1259,1562
1766,-1636,-144,-986,1262,2326,5079,3035,3177,3534,1296,1601
1856,-1651,-217,-941,1364,2383,5108,3028,3174,3551,1332,1635
1938,-1679,-269,-920,1447,2443,5127,3013,3161,3551,1358,1657
1978,-1741,-244,-973,1451,2497,5116,2973,3119,3512,1353,1652
2003,-1803,-206,-1036,1437,2541,5090,2926,3068,3466,1338,1638
2030,-1845,-189,-1071,1440,2573,5067,2882,3019,3428,1330,1625
2044,-1883,-163,-1111,1429,2593,5037,2832,2964,3385,1316,1604
2075,-1904,-172,-1118,1452,2615,5023,2796,2920,3360,1312,1591
2130,-1923,-207,-1107,1510,2651,5027,2776,2890,3354,1323,1590
2185,-1959,-224,-1119,1558,2701,5031,2752,2857,3350,1333,1589
2233,-1998,-230,-1143,1595,2750,5036,2721,2825,3348,1338,1593
2302,-2010,-284,-1118,1677,2797,5067,2704,2818,3381,1360,1621
2399,-2006,-383,-1053,1809,2854,5113,2708,2833,3440,1406,1670
2477,-2025,-438,-1033,1901,2915,5140,2701,2839,3476,1448,1707
2508,-2079,-411,-1092,1907,2970,5137,2668,2822,3473,1466,1720
2504,-2153,-329,-1202,1853,3017,5114,2616,2788,3444,1464,1715
2503,-2214,-264,-1292,1813,3059,5093,2563,2759,3425,1458,1710
2537,-2238,-272,-1309,1846,3103,5090,2530,2754,3437,1469,1724
2580,-2256,-297,-1309,1896,3149,5086,2507,2756,3455,1486,1738
2615,-2285,-303,-1330,1928,3200,5073,2483,2754,3459,1496,1745
2621,-2333,-261,-1395,1909,3244,5049,2445,2743,3445,1494,1741
2613,-2382,-206,-1470,1871,3282,5024,2404,2730,3425,1484,1736
2610,-2419,-167,-1524,1847,3316,5007,2364,2718,3412,1474,1738
2645,-2421,-202,-1505,1897,3352,5013,2347,2725,3427,1482,1759
2696,-2414,-262,-1464,1973,3394,5028,2336,2737,3442,1495,1783
2742,-2419,-305,-1440,2033,3438,5042,2321,2742,3445,1500,1800
2796,-2423,-357,-1409,2105,3488,5061,2311,2746,3449,1512,1821
2827,-2444,-368,-1415,2132,3533,5072,2289,2739,3439,1519,1831
2831,-2479,-340,-1457,2115,3568,5075,2252,2719,3414,1516,1829
2839,-2507,-320,-1487,2105,3600,5080,2216,2696,3396,1515,1828
2854,-2534,-309,-1510,2104,3635,5080,2185,2668,3379,1517,1824
2852,-2581,-262,-1568,2068,3670,5062,2148,2625,3340,1512,1806
2835,-2633,-194,-1644,2009,3698,5035,2104,2578,3291,1495,1784
2844,-2650,-188,-1654,2006,3717,5029,2081,2555,3277,1496,1790
2898,-2616,-278,-1567,2099,3732,5055,2095,2567,3317,1530,1832
2986,-2548,-436,-1409,2260,3744,5102,2136,2602,3394,1588,1894
3080,-2479,-602,-1247,2429,3759,5150,2183,2641,3470,1654,1956
3140,-2442,-699,-1151,2531,3770,5175,2206,2663,3512,1694,1995
3189,-2409,-783,-1067,2618,3776,5196,2222,2681,3543,1723,2029
3243,-2368,-880,-969,2717,3777,5225,2241,2706,3578,1751,2064
3320,-2315,-1012,-840,2856,3785,5271,2271,2744,3628,1789,2106
3401,-2267,-1143,-715,2998,3798,5323,2302,2784,3679,1828,2150
3468,-2236,-1242,-624,3111,3812,5359,2322,2814,3709,1857,2181
3491,-2249,-1255,-620,3138,3827,5361,2311,2813,3691,1857,2181
3499,-2283,-1232,-654,3131,3843,5350,2285,2799,3660,1846,2167
3509,-2318,-1211,-689,3129,3863,5338,2256,2784,3632,1834,2157
3499,-2369,-1152,-761,3088,3881,5317,2212,2760,3589,1809,2139
3496,-2416,-1105,-822,3062,3900,5301,2174,2739,3553,1786,2124
3507,-2459,-1075,-872,3054,3927,5291,2148,2728,3527,1771,2113
3506,-2514,-1021,-945,3024,3956,5274,2118,2716,3505,1755,2099
3497,-2565,-960,-1023,2983,3977,5254,2086,2705,3495,1734,2089
3509,-2580,-955,-1039,2995,3991,5253,2067,2712,3516,1721,2100
3553,-2571,-1005,-1005,3062,4011,5268,2066,2734,3553,1721,2122
3584,-2588,-1015,-1015,3095,4041,5268,2057,2743,3565,1707,2127
3576,-2643,-945,-1105,3047,4074,5240,2024,2725,3536,1666,2100
3536,-2720,-821,-1246,2941,4100,5194,1973,2687,3484,1609,2051
3494,-2787,-703,-1377,2836,4120,5149,1923,2650,3441,1558,2008
3492,-2818,-661,-1435,2807,4145,5127,1895,2633,3436,1539,1998
3504,-2843,-640,-1472,2802,4176,5108,1874,2617,3438,1530,1999
3515,-2877,-610,-1522,2788,4212,5084,1848,2594,3424,1517,1997
3502,-2924,-543,-1605,2732,4242,5049,1808,2558,3388,1496,1989
3479,-2970,-468,-1692,2665,4266,5014,1765,2520,3348,1475,1980
3465,-3000,-421,-1749,2620,4285,4990,1732,2493,3325,1463,1982
3490,-2992,-453,-1727,2654,4305,4990,1727,2487,3340,1475,2009
3527,-2972,-510,-1679,2713,4325,5001,1733,2493,3366,1497,2043
3556,-2964,-550,-1650,2753,4347,5005,1736,2496,3383,1512,2068
3593,-2958,-597,-1616,2803,4375,5008,1740,2504,3404,1529,2090
3608,-2972,-604,-1621,2813,4402,4995,1729,2500,3402,1533,2095
3598,-3006,-568,-1667,2776,4424,4969,1703,2483,3380,1520,2086
3589,-3039,-535,-1709,2743,4446,4946,1678,2469,3354,1510,2077
3586,-3078,-503,-1752,2715,4475,4925,1659,2456,3326,1505,2072
3567,-3148,-425,-1847,2646,4512,4890,1634,2430,3280,1493,2054
3523,-3229,-313,-1970,2538,4538,4852,1601,2398,3229,1474,2029
3495,-3274,-250,-2036,2474,4550,4839,1587,2383,3209,1467,2026
3507,-3268,-279,-2005,2499,4554,4860,1602,2397,3233,1489,2056
3548,-3226,-372,-1907,2587,4551,4899,1637,2428,3283,1531,2109
3593,-3184,-468,-1807,2682,4550,4938,1675,2460,3329,1574,2163
3604,-3173,-496,-1773,2708,4547,4957,1688,2475,3344,1591,2199
3611,-3171,-509,-1754,2724,4545,4972,1696,2490,3355,1600,2232
3630,-3162,-539,-1721,2760,4546,4997,1711,2514,3382,1617,2272
3675,-3138,-607,-1651,2839,4553,5037,1738,2551,3427,1651,2321
3729,-3106,-691,-1567,2936,4561,5077,1769,2592,3477,1692,2373
3776,-3082,-758,-1500,3017,4569,5113,1795,2630,3515,1729,2418
3785,-3090,-752,-1504,3026,4572,5123,1793,2645,3518,1742,2435
3775,-3106,-720,-1532,3004,4569,5120,1780,2649,3510,1741,2439
3774,-3110,-706,-1540,3001,4563,5119,1768,2653,3510,1739,2445
3762,-3115,-679,-1558,2983,4552,5112,1747,2648,3503,1730,2448
3762,-3098,-686,-1540,2994,4534,5117,1739,2652,3509,1730,2460
3779,-3053,-737,-1476,3046,4511,5135,1747,2666,3532,1744,2482
3795,-3004,-790,-1409,3098,4485,5152,1756,2680,3558,1756,2501
3810,-2953,-845,-1340,3150,4458,5175,1765,2696,3590,1762,2516
3852,-2874,-953,-1218,3254,4432,5221,1789,2731,3645,1778,2552
3925,-2781,-1110,-1056,3411,4418,5285,1831,2779,3716,1809,2604
3991,-2716,-1230,-937,3537,4420,5331,1859,2811,3755,1832,2642
4023,-2697,-1271,-904,3586,4431,5347,1860,2815,3754,1838,2654
4028,-2708,-1259,-926,3581,4446,5344,1845,2800,3728,1830,2650
4030,-2713,-1249,-942,3575,4454,5346,1836,2787,3720,1829,2650
4068,-2686,-1311,-890,3639,4466,5375,1858,2800,3751,1856,2675
4118,-2658,-1388,-827,3721,4486,5411,1891,2820,3789,1893,2705
4159,-2648,-1438,-795,3778,4513,5436,1921,2832,3813,1928,2725
4170,-2665,-1436,-815,3780,4538,5440,1932,2826,3811,1946,2728
4170,-2697,-1411,-860,3758,4566,5428,1928,2806,3790,1949,2721
4174,-2726,-1393,-898,3744,4596,5409,1918,2780,3763,1947,2708
4206,-2728,-1435,-877,3788,4627,5403,1924,2767,3755,1957,2708
4241,-2725,-1485,-848,3838,4657,5399,1934,2760,3750,1970,2711
4259,-2740,-1500,-854,3854,4687,5389,1935,2746,3735,1975,2702
4277,-2762,-1511,-867,3867,4722,5380,1938,2733,3725,1979,2693
4273,-2811,-1473,-930,3833,4761,5355,1926,2705,3691,1962,2669
4245,-2883,-1388,-1038,3751,4798,5310,1893,2662,3633,1921,2624
4223,-2955,-1308,-1142,3677,4837,5265,1858,2619,3576,1879,2576
4217,-3027,-1243,-1236,3623,4887,5222,1830,2577,3522,1845,2528
4200,-3121,-1144,-1366,3540,4943,5165,1799,2522,3450,1808,2472
4165,-3222,-1018,-1518,3428,4990,5103,1764,2466,3381,1770,2421
4149,-3286,-945,-1609,3365,5024,5067,1750,2436,3352,1751,2398
4184,-3305,-967,-1605,3400,5059,5068,1771,2444,3373,1762,2412
4255,-3291,-1055,-1535,3503,5096,5099,1820,2477,3429,1799,2450
4329,-3279,-1143,-1465,3609,5134,5133,1872,2516,3486,1843,2487
4360,-3294,-1158,-1461,3639,5160,5144,1898,2535,3505,1864,2502
4376,-3311,-1152,-1472,3647,5176,5148,1907,2545,3513,1872,2509
4393,-3311,-1164,-1458,3667,5180,5156,1911,2555,3522,1879,2525
4427,-3289,-1212,-1406,3724,5179,5167,1919,2566,3537,1898,2553
4463,-3258,-1269,-1340,3790,5172,5175,1924,2573,3551,1924,2582
4486,-3236,-1304,-1295,3832,5161,5173,1919,2572,3556,1948,2603
4464,-3250,-1257,-1328,3790,5144,5145,1889,2547,3528,1950,2607
4421,-3280,-1173,-1396,3711,5123,5105,1851,2512,3492,1941,2603
4389,-3312,-1096,-1461,3644,5111,5069,1817,2483,3464,1932,2592
4347,-3355,-999,-1546,3557,5100,5024,1776,2448,3429,1903,2559
4318,-3380,-932,-1600,3499,5086,4983,1747,2419,3408,1870,2528
4308,-3382,-908,-1612,3482,5072,4951,1732,2403,3406,1849,2510
4298,-3382,-887,-1620,3467,5056,4922,1717,2394,3406,1829,2497
4289,-3374,-875,-1618,3458,5039,4901,1698,2393,3414,1813,2494
4310,-3330,-929,-1549,3513,5018,4909,1694,2415,3453,1820,2522
4365,-3257,-1048,-1418,3633,5002,4939,1709,2453,3510,1852,2571
4413,-3205,-1141,-1320,3729,4998,4952,1711,2476,3535,1879,2603
4425,-3194,-1158,-1301,3751,4999,4939,1686,2472,3515,1878,2604
4412,-3216,-1118,-1344,3716,5006,4906,1644,2445,3471,1856,2584
4397,-3238,-1080,-1387,3681,5014,4874,1604,2414,3431,1833,2563
4418,-3228,-1110,-1364,3715,5026,4868,1591,2404,3426,1833,2564
4453,-3214,-1162,-1324,3771,5046,4867,1586,2399,3431,1847,2578
4481,-3218,-1192,-1312,3808,5075,4852,1579,2390,3426,1861,2592
4477,-3244,-1170,-1350,3789,5099,4818,1555,2365,3398,1859,2595
4455,-3277,-1123,-1410,3741,5116,4776,1525,2333,3367,1848,2593
4434,-3304,-1087,-1459,3700,5131,4739,1494,2302,3344,1838,2590
4444,-3297,-1118,-1441,3726,5146,4725,1481,2289,3351,1845,2602
4467,-3277,-1176,-1397,3777,5160,4720,1474,2281,3367,1851,2614
4475,-3271,-1203,-1382,3798,5175,4709,1457,2265,3370,1844,2611
4485,-3262,-1236,-1362,3824,5190,4703,1444,2248,3374,1842,2607
4475,-3273,-1230,-1380,3810,5203,4682,1418,2216,3356,1832,2588
4439,-3306,-1174,-1447,3747,5214,4642,1379,2168,3314,1805,2554
4402,-3341,-1114,-1516,3680,5224,4604,1342,2120,3269,1779,2524
4371,-3377,-1058,-1583,3619,5237,4569,1318,2077,3226,1759,2499
4325,-3430,-968,-1682,3526,5250,4521,1289,2023,3161,1731,2461
4259,-3485,-854,-1798,3403,5249,4465,1250,1959,3087,1694,2416
4213,-3500,-798,-1848,3333,5234,4433,1228,1915,3052,1673,2395
4216,-3466,-838,-1799,3360,5216,4442,1239,1909,3075,1686,2410
4262,-3400,-951,-1679,3464,5203,4488,1280,1936,3140,1731,2451
4323,-3333,-1077,-1548,3588,5198,4543,1332,1977,3212,1789,2496
4351,-3298,-1138,-1482,3645,5189,4577,1361,2004,3251,1826,2521
4370,-3272,-1178,-1433,3683,5178,4605,1380,2027,3284,1856,2546
4403,-3239,-1237,-1368,3743,5170,4638,1400,2057,3323,1891,2582
4467,-3193,-1341,-1262,3855,5173,4683,1434,2098,3378,1940,2635
4547,-3142,-1464,-1140,3989,5181,4726,1473,2141,3432,1992,2692
4622,-3098,-1576,-1030,4113,5190,4761,1511,2178,3474,2039,2741
4659,-3086,-1618,-986,4167,5193,4770,1525,2193,3483,2059,2766
4679,-3091,-1626,-976,4186,5196,4767,1526,2195,3479,2061,2776
4712,-3097,-1646,-959,4223,5208,4770,1534,2202,3484,2065,2789
4737,-3118,-1643,-967,4239,5225,4767,1540,2205,3477,2060,2796
4778,-3133,-1663,-956,4281,5249,4774,1560,2219,3484,2063,2809
4843,-3138,-1717,-916,4363,5282,4790,1595,2244,3507,2081,2833
4905,-3147,-1764,-883,4438,5318,4804,1628,2266,3526,2100,2856
4959,-3155,-1804,-855,4504,5348,4816,1650,2276,3539,2112,2875
5028,-3134,-1888,-780,4609,5371,4846,1677,2295,3576,2134,2910
5118,-3091,-2013,-663,4755,5396,4892,1713,2323,3630,2170,2958
5183,-3073,-2089,-597,4852,5422,4922,1731,2332,3653,2197,2985
5194,-3099,-2068,-626,4848,5444,4918,1714,2306,3626,2190,2976
5167,-3160,-1974,-729,4769,5466,4885,1666,2250,3566,2154,2942
5130,-3224,-1866,-844,4674,5485,4844,1605,2187,3505,2110,2901
5119,-3258,-1815,-903,4634,5504,4813,1557,2137,3471,2082,2873
5108,-3287,-1770,-955,4599,5521,4777,1510,2089,3438,2057,2844
5082,-3325,-1701,-1031,4537,5537,4731,1458,2037,3389,2022,2800
5022,-3383,-1581,-1155,4418,5545,4675,1390,1974,3319,1968,2735
4947,-3447,-1440,-1299,4274,5549,4619,1319,1913,3243,1903,2662
4881,-3502,-1317,-1426,4147,5555,4577,1255,1862,3180,1839,2595
4852,-3522,-1267,-1483,4093,5564,4568,1218,1841,3159,1800,2556
4846,-3524,-1258,-1499,4082,5577,4573,1196,1840,3157,1776,2530
4836,-3532,-1241,-1526,4061,5591,4572,1172,1841,3148,1746,2501
4844,-3534,-1247,-1534,4068,5614,4575,1160,1847,3150,1726,2478
4848,-3556,-1232,-1570,4058,5647,4571,1143,1846,3137,1704,2449
4838,-3601,-1181,-1643,4014,5685,4558,1116,1835,3110,1674,2408
4833,-3641,-1140,-1707,3979,5722,4543,1093,1825,3087,1651,2373
4833,-3676,-1112,-1757,3957,5757,4522,1075,1813,3063,1640,2340
4813,-3725,-1049,-1839,3897,5787,4479,1048,1785,3012,1623,2294
4766,-3782,-955,-1944,3799,5801,4423,1007,1743,2943,1594,2239
4734,-3801,-913,-1988,3746,5797,4385,978,1718,2903,1578,2205
4745,-3766,-971,-1929,3788,5785,4381,979,1722,2909,1589,2203
4793,-3699,-1098,-1799,3902,5771,4399,1003,1746,2943,1622,2224
4855,-3633,-1238,-1662,4034,5766,4416,1032,1773,2977,1657,2248
4886,-3608,-1306,-1597,4097,5765,4410,1038,1778,2975,1669,2250
4908,-3597,-1352,-1554,4141,5765,4401,1036,1772,2966,1676,2250
4938,-3583,-1406,-1503,4196,5766,4397,1036,1764,2964,1688,2261
4990,-3562,-1490,-1426,4286,5774,4402,1046,1763,2973,1708,2284
5054,-3539,-1586,-1339,4392,5789,4414,1060,1763,2984,1727,2310
5108,-3530,-1657,-1275,4477,5803,4423,1069,1755,2983,1741,2326
5124,-3555,-1654,-1283,4488,5814,4410,1055,1723,2949,1730,2319
5117,-3596,-1612,-1328,4459,5820,4385,1026,1676,2903,1705,2302
5117,-3629,-1582,-1358,4443,5824,4361,1000,1632,2862,1688,2289
5098,-3668,-1526,-1410,4399,5820,4329,967,1584,2819,1669,2270
5085,-3695,-1486,-1444,4370,5813,4308,948,1549,2801,1659,2255
5088,-3703,-1479,-1444,4375,5805,4305,947,1534,2812,1662,2251
5083,-3712,-1460,-1453,4367,5793,4302,946,1525,2830,1665,2247
5068,-3725,-1426,-1477,4342,5779,4297,939,1516,2850,1660,2242
5066,-3709,-1431,-1456,4351,5756,4313,940,1524,2893,1664,2254
5089,-3671,-1481,-1393,4408,5738,4345,955,1547,2953,1686,2280
5098,-3654,-1494,-1370,4429,5727,4362,960,1561,2989,1702,2292
5060,-3676,-1420,-1433,4360,5712,4350,941,1552,2987,1697,2279
4985,-3717,-1288,-1549,4227,5689,4319,903,1524,2960,1676,2246
4907,-3753,-1159,-1661,4093,5663,4289,862,1496,2934,1652,2213
4873,-3753,-1110,-1697,4041,5644,4282,847,1494,2944,1652,2205
4859,-3738,-1096,-1702,4024,5631,4281,843,1503,2967,1665,2208
4848,-3732,-1078,-1716,4005,5628,4270,834,1507,2973,1675,2203
4824,-3742,-1033,-1759,3958,5630,4247,814,1502,2959,1671,2184
4797,-3760,-979,-1814,3901,5635,4223,791,1493,2939,1659,2158
4779,-3769,-945,-1850,3864,5641,4208,777,1492,2928,1648,2134
4796,-3744,-984,-1815,3896,5649,4220,788,1514,2951,1655,2130
4835,-3707,-1058,-1749,3965,5664,4245,810,1548,2984,1672,2132
4863,-3687,-1108,-1711,4011,5683,4262,827,1574,3005,1681,2129
4897,-3670,-1163,-1670,4063,5708,4277,848,1600,3022,1694,2132
4912,-3670,-1185,-1662,4080,5731,4277,858,1612,3019,1701,2132
4902,-3690,-1162,-1697,4050,5749,4258,848,1609,2995,1696,2119
4889,-3714,-1137,-1736,4017,5767,4240,836,1606,2971,1692,2102
4883,-3741,-1115,-1774,3989,5790,4220,827,1604,2946,1694,2083
4859,-3793,-1052,-1854,3924,5815,4175,808,1584,2897,1689,2052
4809,-3860,-949,-1971,3814,5832,4111,772,1546,2832,1671,2012
4771,-3900,-884,-2044,3739,5837,4067,746,1521,2795,1662,1986
4774,-3893,-907,-2026,3749,5836,4061,752,1526,2802,1676,1992
4812,-3856,-995,-1944,3827,5836,4080,783,1549,2838,1708,2017
4864,-3817,-1097,-1850,3926,5843,4103,818,1573,2873,1743,2043
4886,-3805,-1141,-1814,3966,5846,4104,828,1576,2876,1753,2046
4888,-3796,-1160,-1795,3978,5837,4097,824,1569,2867,1750,2040
4892,-3769,-1198,-1751,4004,5815,4095,817,1565,2866,1743,2040
4914,-3720,-1273,-1667,4070,5790,4109,823,1570,2884,1743,2048
4947,-3665,-1363,-1569,4153,5767,4128,836,1577,2904,1746,2059
4975,-3620,-1436,-1489,4223,5746,4143,849,1579,2912,1748,2065
4968,-3611,-1438,-1479,4224,5726,4134,842,1561,2886,1730,2046
4939,-3617,-1400,-1505,4184,5700,4115,825,1534,2851,1703,2013
4912,-3607,-1379,-1509,4158,5665,4103,811,1512,2828,1684,1987
4871,-3598,-1341,-1524,4112,5621,4087,789,1485,2801,1662,1965
4840,-3571,-1330,-1509,4091,5572,4075,775,1460,2785,1648,1954
4835,-3525,-1362,-1452,4117,5529,4069,774,1445,2782,1645,1954
4833,-3478,-1396,-1393,4146,5488,4062,770,1427,2777,1638,1953
4826,-3431,-1427,-1336,4171,5446,4057,760,1403,2773,1624,1955
4838,-3355,-1503,-1230,4237,5398,4074,758,1393,2794,1625,1978
4879,-3263,-1623,-1084,4352,5360,4111,775,1399,2838,1646,2019
4908,-3204,-1699,-990,4429,5338,4135,785,1391,2862,1662,2046
4895,-3199,-1679,-997,4413,5326,4128,770,1357,2841,1655,2040
4845,-3233,-1582,-1081,4320,5316,4094,736,1303,2786,1628,2009
4788,-3272,-1474,-1177,4214,5307,4054,698,1246,2733,1595,1974
4769,-3282,-1435,-1208,4179,5307,4033,688,1211,2718,1587,1959
4769,-3287,-1420,-1221,4171,5316,4021,695,1189,2724,1593,1952
4765,-3309,-1386,-1259,4148,5337,4006,703,1169,2725,1601,1940
4739,-3354,-1310,-1341,4081,5361,3981,699,1140,2705,1596,1919
4701,-3403,-1218,-1438,3995,5381,3956,692,1107,2673,1579,1895
4667,-3439,-1146,-1514,3924,5396,3940,689,1078,2648,1564,1878
4665,-3436,-1146,-1516,3921,5407,3947,702,1069,2655,1566,1882
4679,-3410,-1187,-1478,3956,5414,3963,715,1070,2668,1576,1894
4680,-3395,-1207,-1461,3967,5420,3973,714,1063,2662,1573,1894
4687,-3374,-1239,-1433,3990,5426,3988,713,1059,2658,1572,1893
4680,-3368,-1244,-1433,3985,5432,3989,702,1049,2638,1559,1885
4653,-3383,-1210,-1473,3940,5437,3972,675,1029,2604,1536,1870
4635,-3399,-1186,-1508,3907,5448,3949,649,1007,2575,1521,1861
4633,-3417,-1175,-1535,3893,5469,3924,633,990,2549,1524,1854
4620,-3466,-1124,-1608,3845,5501,3879,613,965,2505,1528,1836
4582,-3533,-1030,-1721,3751,5526,3821,580,930,2447,1519,1807
4554,-3569,-979,-1784,3692,5535,3780,560,912,2418,1518,1793
4562,-3552,-1018,-1750,3718,5530,3772,567,923,2432,1537,1802
4594,-3496,-1119,-1647,3802,5512,3785,591,952,2466,1566,1823
4631,-3435,-1229,-1534,3894,5492,3800,615,979,2486,1588,1837
4633,-3410,-1268,-1491,3917,5471,3796,615,984,2466,1583,1830
4617,-3403,-1269,-1483,3903,5447,3793,607,984,2438,1568,1821
4598,-3388,-1275,-1466,3891,5415,3796,603,991,2425,1557,1823
4597,-3353,-1315,-1412,3914,5378,3808,614,1013,2436,1564,1841
4603,-3310,-1371,-1341,3953,5340,3821,632,1042,2456,1584,1863
4604,-3278,-1409,-1287,3978,5303,3826,646,1067,2465,1608,1881
4569,-3280,-1377,-1304,3933,5264,3807,642,1072,2441,1618,1881
4515,-3305,-1300,-1365,3846,5228,3776,626,1065,2403,1618,1869
4483,-3332,-1243,-1413,3787,5205,3753,614,1062,2377,1622,1860
4455,-3375,-1172,-1482,3723,5198,3726,593,1053,2344,1613,1843
4452,-3411,-1130,-1527,3695,5202,3706,580,1053,2324,1603,1831
4480,-3428,-1137,-1527,3721,5215,3695,579,1065,2323,1603,1828
4508,-3437,-1150,-1517,3752,5224,3679,572,1075,2322,1598,1822
4529,-3437,-1164,-1503,3779,5225,3659,552,1080,2316,1584,1810
4564,-3404,-1223,-1436,3845,5214,3660,537,1095,2330,1575,1815
4621,-3342,-1332,-1318,3959,5201,3679,537,1124,2366,1586,1838
4663,-3300,-1405,-1239,4039,5194,3685,530,1140,2381,1594,1849
4660,-3300,-1391,-1246,4030,5188,3660,496,1125,2352,1580,1833
4620,-3331,-1308,-1322,3951,5181,3615,441,1085,2299,1551,1801
4575,-3370,-1211,-1413,3859,5179,3575,385,1041,2254,1523,1768
4569,-3381,-1183,-1440,3838,5187,3563,356,1019,2251,1519,1759
4580,-3379,-1185,-1439,3848,5200,3569,345,1010,2270,1530,1762
4588,-3381,-1183,-1443,3854,5216,3574,337,997,2285,1544,1761
4575,-3392,-1151,-1475,3824,5227,3565,314,970,2282,1548,1747
4551,-3401,-1111,-1510,3783,5231,3547,283,936,2268,1540,1728
4543,-3396,-1104,-1514,3774,5237,3532,256,907,2262,1532,1718
4573,-3357,-1170,-1447,3838,5246,3539,251,901,2286,1543,1733
4630,-3303,-1279,-1341,3949,5264,3558,262,912,2324,1572,1766
4677,-3265,-1363,-1262,4037,5285,3571,272,921,2354,1599,1793
4731,-3226,-1458,-1176,4136,5310,3587,291,937,2391,1633,1826
4767,-3199,-1523,-1116,4205,5329,3592,304,947,2413,1660,1851
4770,-3190,-1537,-1102,4217,5338,3577,306,944,2413,1669,1865
4771,-3186,-1547,-1094,4225,5346,3562,314,943,2413,1677,1878
4781,-3187,-1562,-1086,4243,5362,3548,327,943,2411,1692,1885
4775,-3218,-1531,-1128,4219,5385,3514,333,926,2386,1699,1867
4741,-3271,-1452,-1216,4144,5403,3466,322,890,2337,1687,1832
4722,-3301,-1411,-1263,4105,5412,3431,315,862,2307,1675,1806
4750,-3287,-1461,-1220,4159,5423,3427,329,859,2316,1680,1806
4815,-3244,-1578,-1113,4280,5435,3447,360,877,2354,1703,1826
4890,-3197,-1706,-995,4416,5450,3474,394,900,2394,1731,1848
4925,-3189,-1758,-954,4474,5463,3476,400,902,2399,1734,1844
4940,-3196,-1772,-949,4493,5471,3465,394,894,2388,1722,1831
4951,-3202,-1783,-944,4506,5473,3460,388,890,2385,1712,1823
4969,-3196,-1811,-920,4535,5471,3463,391,893,2393,1714,1822
4987,-3189,-1841,-894,4564,5468,3468,398,898,2401,1723,1817
4984,-3195,-1836,-901,4556,5459,3464,397,895,2396,1730,1799
4946,-3242,-1754,-986,4473,5454,3435,373,871,2352,1713,1755
4883,-3312,-1622,-1120,4339,5447,3390,333,833,2285,1677,1696
4829,-3374,-1509,-1235,4224,5441,3347,299,802,2231,1642,1647
4763,-3436,-1381,-1361,4090,5429,3300,258,766,2172,1597,1593
4705,-3480,-1280,-1456,3981,5410,3265,224,741,2132,1557,1549
4674,-3496,-1232,-1499,3923,5392,3250,209,733,2121,1536,1525
4646,-3505,-1193,-1530,3876,5373,3242,197,732,2117,1520,1511
4615,-3508,-1155,-1559,3826,5350,3243,182,735,2123,1505,1503
4603,-3479,-1166,-1532,3823,5320,3268,178,758,2155,1499,1514
4621,-3420,-1237,-1446,3880,5291,3309,191,801,2205,1508,1539
4634,-3375,-1285,-1385,3919,5271,3332,198,834,2229,1510,1553
4612,-3373,-1256,-1405,3884,5257,3321,179,838,2207,1485,1536
4562,-3401,-1168,-1484,3792,5248,3285,139,818,2152,1439,1496
4509,-3434,-1072,-1572,3694,5240,3245,93,790,2094,1391,1450
4498,-3439,-1047,-1594,3671,5245,3225,68,784,2075,1372,1428
4512,-3437,-1054,-1589,3688,5262,3218,56,789,2074,1373,1420
4525,-3440,-1056,-1592,3702,5283,3205,42,792,2066,1379,1409
4513,-3453,-1023,-1624,3676,5295,3176,11,782,2035,1374,1384
4484,-3470,-972,-1670,3627,5297,3138,-28,763,1991,1356,1354
4459,-3475,-939,-1695,3594,5295,3106,-61,747,1958,1336,1328
4468,-3449,-972,-1656,3628,5295,3097,-73,752,1958,1334,1323
4503,-3411,-1045,-1582,3706,5304,3102,-70,771,1978,1346,1330
4526,-3391,-1089,-1538,3756,5315,3102,-72,787,1996,1354,1329
4554,-3374,-1136,-1496,3812,5330,3103,-69,807,2021,1369,1327
4569,-3376,-1154,-1484,3840,5348,3090,-77,815,2025,1375,1316
4558,-3400,-1124,-1519,3818,5362,3061,-101,808,2006,1365,1293
4551,-3428,-1096,-1555,3799,5380,3034,-124,801,1991,1359,1273
4562,-3458,-1083,-1582,3802,5408,3018,-134,800,1986,1364,1260
4568,-3515,-1040,-1648,3781,5450,2995,-143,791,1963,1365,1240
4552,-3586,-960,-1748,3719,5485,2964,-159,770,1921,1351,1214
4547,-3628,-919,-1803,3690,5505,2950,-166,759,1902,1343,1205
4578,-3615,-970,-1760,3746,5512,2969,-143,775,1929,1362,1227
4639,-3568,-1084,-1653,3863,5515,3010,-96,815,1988,1404,1271
4705,-3519,-1203,-1542,3985,5519,3052,-41,859,2050,1457,1320
4726,-3502,-1243,-1506,4024,5513,3072,-9,882,2081,1487,1347
4719,-3493,-1246,-1500,4019,5494,3079,10,897,2103,1500,1364
4712,-3468,-1265,-1473,4024,5464,3093,33,920,2135,1516,1386
4723,-3419,-1323,-1405,4065,5429,3119,73,958,2181,1544,1417
4746,-3361,-1402,-1316,4129,5397,3151,121,1002,2228,1578,1450
4766,-3312,-1468,-1243,4181,5369,3179,166,1045,2265,1606,1477
4755,-3301,-1464,-1241,4166,5346,3190,187,1066,2264,1611,1483
4721,-3319,-1407,-1294,4100,5327,3184,183,1069,2242,1597,1475
4691,-3331,-1361,-1334,4044,5308,3179,177,1074,2229,1588,1471
4641,-3348,-1290,-1394,3959,5280,3167,158,1070,2208,1571,1459
4594,-3351,-1236,-1432,3886,5245,3165,142,1067,2196,1554,1450
4567,-3330,-1226,-1425,3857,5208,3178,140,1075,2207,1548,1454
4538,-3305,-1218,-1413,3829,5170,3194,138,1085,2225,1538,1465
4503,-3284,-1201,-1408,3790,5130,3214,128,1092,2244,1521,1478
4484,-3242,-1220,-1366,3787,5089,3255,123,1115,2287,1513,1504
4493,-3180,-1290,-1275,3837,5055,3309,130,1153,2344,1521,1536
4496,-3141,-1329,-1221,3863,5034,3341,125,1174,2367,1521,1548
4461,-3149,-1283,-1253,3806,5019,3336,91,1161,2337,1489,1528
4390,-3191,-1169,-1354,3682,5003,3299,33,1117,2266,1425,1482
4310,-3239,-1039,-1470,3541,4988,3252,-33,1063,2186,1349,1430
4266,-3257,-977,-1520,3471,4977,3219,-76,1028,2139,1293,1396
4240,-3260,-948,-1537,3435,4968,3191,-103,1008,2109,1253,1368
4212,-3267,-914,-1562,3395,4962,3159,-128,990,2077,1219,1338
4164,-3288,-847,-1617,3320,4952,3117,-162,966,2030,1176,1299
4106,-3314,-766,-1687,3230,4941,3074,-198,940,1976,1125,1261
4059,-3333,-703,-1739,3160,4931,3039,-225,922,1937,1082,1234
4048,-3320,-710,-1724,3162,4925,3030,-226,927,1937,1062,1231
4067,-3286,-768,-1663,3216,4924,3038,-209,949,1959,1062,1246
4078,-3259,-811,-1616,3256,4922,3043,-198,966,1968,1055,1256
4097,-3226,-870,-1555,3311,4921,3048,-181,984,1973,1050,1265
4106,-3208,-903,-1522,3342,4922,3043,-170,993,1964,1039,1266
4092,-3214,-889,-1536,3326,4922,3025,-173,988,1940,1018,1251
4077,-3225,-868,-1559,3304,4923,3007,-177,983,1926,999,1233
4070,-3236,-855,-1577,3293,4928,2989,-172,982,1919,987,1214
4053,-3272,-808,-1634,3252,4941,2959,-170,973,1899,971,1181
4017,-3329,-720,-1733,3170,4955,2919,-180,952,1864,943,1136
4006,-3363,-678,-1787,3135,4967,2899,-175,944,1858,928,1110
4048,-3352,-735,-1744,3202,4984,2912,-140,969,1902,943,1118
4133,-3306,-870,-1626,3348,5004,2956,-77,1022,1979,986,1154
4232,-3252,-1025,-1488,3517,5027,3008,-3,1083,2056,1037,1195
4294,-3222,-1117,-1411,3618,5039,3038,46,1123,2092,1067,1214
4329,-3199,-1175,-1358,3679,5038,3054,77,1150,2112,1082,1222
4362,-3163,-1242,-1293,3744,5026,3069,105,1173,2132,1095,1232
4411,-3110,-1340,-1195,3840,5012,3096,140,1201,2166,1116,1249
4465,-3050,-1449,-1085,3947,4998,3125,177,1226,2201,1141,1265
4512,-2997,-1545,-988,4040,4983,3151,212,1239,2221,1162,1275
4531,-2974,-1581,-951,4074,4970,3156,228,1229,2205,1163,1266
4523,-2971,-1569,-958,4059,4954,3141,226,1199,2165,1144,1243
4521,-2958,-1576,-946,4060,4935,3132,227,1172,2137,1130,1230
4502,-2948,-1561,-949,4036,4909,3116,218,1140,2104,1110,1213
4484,-2926,-1560,-935,4022,4877,3107,210,1110,2081,1092,1199
4489,-2883,-1602,-877,4052,4848,3111,214,1089,2076,1084,1194
4490,-2839,-1643,-818,4080,4818,3116,214,1071,2074,1074,1191
4476,-2797,-1667,-772,4086,4780,3118,204,1053,2068,1056,1182
4467,-2732,-1719,-691,4115,4734,3134,200,1049,2083,1046,1184
4484,-2651,-1814,-571,4189,4695,3167,209,1060,2117,1054,1202
4494,-2600,-1873,-495,4235,4673,3187,206,1057,2124,1053,1207
4464,-2600,-1840,-513,4194,4661,3178,175,1028,2091,1027,1190
4402,-2642,-1734,-610,4082,4658,3146,120,976,2024,978,1156
4332,-2698,-1607,-729,3952,4659,3108,55,913,1953,921,1121
4300,-2726,-1545,-786,3890,4668,3094,12,868,1918,885,1110
4287,-2751,-1507,-826,3857,4687,3088,-18,834,1901,864,1108
4269,-2788,-1452,-885,3810,4714,3075,-43,795,1876,837,1098
4227,-2844,-1354,-986,3718,4735,3048,-79,745,1832,788,1070
4166,-2906,-1231,-1109,3598,4750,3014,-120,693,1779,729,1034
4107,-2958,-1122,-1216,3488,4758,2987,-156,649,1737,680,1005
4071,-2972,-1073,-1259,3434,4757,2980,-170,630,1731,656,996
4061,-2960,-1076,-1251,3432,4754,2991,-166,632,1754,653,1002
4040,-2959,-1057,-1266,3408,4750,2997,-169,630,1768,645,998
4028,-2952,-1053,-1267,3400,4747,3007,-166,629,1784,640,994
4007,-2955,-1031,-1288,3374,4743,3006,-168,620,1785,631,984
3960,-2981,-959,-1357,3297,4734,2990,-185,599,1762,605,959
3909,-3008,-883,-1431,3214,4723,2966,-208,574,1730,577,928
3862,-3036,-810,-1502,3136,4712,2932,-230,551,1699,554,897
3801,-3088,-699,-1615,3022,4705,2871,-259,516,1646,525,848
3715,-3163,-542,-1773,2860,4694,2792,-304,465,1574,484,780
3649,-3213,-428,-1885,2740,4678,2732,-342,424,1525,450,726
3637,-3214,-419,-1893,2726,4662,2709,-349,414,1525,445,706
3663,-3178,-484,-1828,2785,4644,2712,-333,430,1560,467,713
3710,-3131,-582,-1731,2880,4632,2727,-304,458,1609,500,732
3737,-3110,-634,-1682,2929,4622,2731,-288,475,1638,519,740
3754,-3100,-664,-1654,2958,4611,2734,-277,488,1661,532,747
3781,-3084,-709,-1611,3002,4601,2750,-256,513,1701,554,763
3834,-3054,-794,-1531,3090,4599,2784,-217,556,1765,594,790
3905,-3017,-906,-1429,3208,4604,2826,-163,610,1844,645,824
3970,-2982,-1009,-1332,3316,4606,2861,-108,661,1916,692,858
4002,-2969,-1056,-1287,3365,4602,2869,-75,692,1954,721,880
4006,-2975,-1056,-1285,3364,4591,2857,-61,707,1969,735,891
4017,-2968,-1078,-1259,3382,4577,2850,-45,726,1992,759,910
4013,-2961,-1084,-1244,3381,4556,2839,-38,739,2012,778,928
4012,-2944,-1103,-1213,3391,4530,2835,-30,755,2038,796,951
4033,-2905,-1165,-1140,3445,4508,2846,-7,782,2079,823,988
4058,-2868,-1229,-1066,3503,4492,2859,15,813,2121,844,1024
4074,-2835,-1279,-1006,3546,4474,2869,29,840,2160,853,1049
4095,-2782,-1355,-914,3610,4450,2894,46,877,2216,858,1080
4135,-2706,-1471,-782,3715,4426,2932,75,925,2284,874,1121
4163,-2654,-1549,-693,3787,4414,2957,94,961,2318,883,1145
4149,-2652,-1535,-699,3769,4410,2947,81,967,2301,864,1134
4099,-2692,-1442,-787,3676,4413,2908,43,945,2248,818,1100
4027,-2743,-1315,-907,3545,4412,2859,-8,911,2185,766,1063
3979,-2766,-1240,-974,3465,4410,2827,-39,893,2152,736,1049
3942,-2774,-1189,-1017,3409,4409,2807,-57,884,2132,719,1047
3897,-2791,-1121,-1077,3336,4409,2786,-75,872,2106,706,1048
3827,-2823,-1012,-1177,3220,4405,2759,-101,851,2066,686,1040
3740,-2865,-876,-1302,3073,4397,2727,-136,824,2021,656,1019
3659,-2898,-755,-1413,2940,4387,2699,-170,799,1985,626,992
3612,-2901,-696,-1463,2871,4380,2688,-191,794,1979,604,976
3596,-2886,-686,-1468,2855,4382,2689,-200,803,1990,590,970
3574,-2882,-659,-1493,2822,4384,2683,-217,806,1988,570,954
3562,-2872,-648,-1504,2806,4388,2676,-232,809,1985,557,934
3544,-2868,-624,-1527,2778,4389,2652,-258,801,1963,537,899
3504,-2879,-564,-1584,2710,4383,2611,-303,776,1918,500,841
3472,-2890,-514,-1634,2654,4380,2575,-345,752,1879,464,784
3461,-2902,-484,-1670,2626,4388,2550,-373,737,1855,440,740
3445,-2937,-428,-1737,2576,4405,2518,-398,715,1820,418,694
3413,-2994,-335,-1843,2491,4421,2478,-426,683,1773,389,643
3399,-3026,-288,-1900,2448,4430,2463,-435,669,1754,374,612
3434,-3005,-344,-1850,2508,4432,2486,-409,691,1784,391,616
3505,-2943,-479,-1719,2643,4427,2532,-356,741,1852,431,647
3595,-2870,-648,-1557,2815,4425,2584,-293,802,1931,476,685
3659,-2828,-761,-1450,2933,4423,2615,-248,850,1982,497,703
3699,-2804,-834,-1381,3008,4415,2636,-214,887,2016,503,710
3735,-2778,-907,-1309,3082,4403,2663,-179,924,2052,513,720
3785,-2744,-1002,-1216,3179,4392,2701,-136,964,2094,536,736
3848,-2716,-1107,-1118,3294,4393,2739,-86,1002,2135,567,757
3909,-2706,-1192,-1045,3394,4404,2771,-40,1035,2163,598,774
3933,-2731,-1206,-1043,3422,4415,2780,-12,1047,2164,612,771
3913,-2777,-1155,-1096,3379,4410,2770,0,1041,2142,606,748
3888,-2808,-1115,-1132,3340,4394,2763,16,1036,2128,603,726
3846,-2839,-1056,-1180,3278,4368,2747,23,1023,2100,584,695
3803,-2857,-1009,-1212,3223,4333,2731,30,1014,2075,561,666
3784,-2849,-1008,-1197,3215,4301,2728,56,1020,2073,551,653
3770,-2837,-1016,-1174,3215,4271,2731,83,1032,2081,547,647
3749,-2824,-1017,-1157,3206,4240,2735,103,1042,2093,543,647
3739,-2780,-1056,-1096,3229,4199,2760,130,1067,2132,551,669
3757,-2699,-1158,-970,3312,4154,2813,175,1113,2200,584,711
3778,-2624,-1254,-855,3391,4120,2859,216,1151,2248,617,745
3780,-2586,-1291,-804,3418,4099,2881,233,1167,2254,633,756
3764,-2574,-1283,-804,3402,4089,2883,233,1167,2239,632,755
3745,-2568,-1263,-818,3374,4082,2884,230,1162,2232,627,757
3762,-2537,-1304,-775,3411,4085,2907,250,1180,2262,648,786
3802,-2495,-1377,-706,3483,4100,2940,283,1212,2305,688,828
3837,-2462,-1436,-652,3542,4118,2961,310,1237,2335,727,862
3845,-2443,-1452,-638,3554,4130,2959,319,1248,2343,750,877
3831,-2428,-1442,-644,3533,4131,2940,317,1250,2341,759,881
3813,-2403,-1439,-638,3514,4122,2915,312,1251,2339,763,885
3811,-2349,-1481,-583,3536,4105,2904,320,1264,2359,778,904
3831,-2280,-1561,-494,3598,4093,2904,338,1288,2391,805,935
3839,-2233,-1605,-442,3628,4087,2897,345,1306,2407,825,959
3853,-2196,-1649,-396,3662,4090,2897,352,1325,2425,850,984
3854,-2179,-1660,-385,3666,4097,2886,349,1333,2426,867,996
3816,-2192,-1604,-437,3600,4095,2849,324,1314,2394,860,983
3763,-2212,-1526,-508,3510,4086,2799,288,1279,2346,839,952
3711,-2240,-1443,-586,3417,4080,2743,248,1233,2284,812,911
3640,-2299,-1310,-717,3280,4079,2666,196,1166,2190,774,849
3536,-2385,-1118,-904,3082,4072,2564,125,1078,2075,718,769
3436,-2449,-952,-1058,2904,4051,2467,59,1000,1983,664,699
3379,-2466,-877,-1119,2815,4024,2398,22,952,1938,637,662
3358,-2444,-877,-1103,2802,3993,2358,11,935,1936,638,658
3362,-2411,-912,-1056,2829,3968,2332,19,939,1955,658,674
3346,-2408,-898,-1060,2809,3947,2296,16,935,1956,660,677
3324,-2419,-863,-1088,2773,3931,2260,9,929,1954,647,668
3324,-2426,-853,-1095,2767,3922,2235,7,932,1966,633,660
3357,-2420,-890,-1062,2814,3926,2225,16,949,1996,627,661
3413,-2407,-957,-1004,2897,3939,2225,31,974,2033,635,667
3473,-2406,-1016,-957,2978,3961,2227,50,1001,2065,652,675
3512,-2437,-1023,-967,3009,3988,2218,60,1018,2076,661,674
3521,-2496,-973,-1033,2984,4015,2205,62,1026,2075,658,660
3538,-2550,-937,-1085,2973,4042,2206,77,1047,2087,665,655
3538,-2612,-879,-1158,2937,4064,2212,92,1066,2091,671,652
3534,-2665,-825,-1222,2899,4077,2226,111,1089,2105,681,659
3546,-2693,-814,-1240,2903,4085,2252,147,1124,2139,705,679
3557,-2714,-810,-1249,2910,4089,2273,180,1159,2174,724,698
3555,-2732,-796,-1264,2901,4085,2288,199,1188,2202,730,710
3558,-2721,-817,-1236,2920,4067,2317,221,1225,2246,734,732
3584,-2679,-892,-1153,2989,4045,2361,256,1274,2309,750,768
3596,-2648,-942,-1095,3032,4025,2390,283,1310,2348,761,793
3563,-2653,-911,-1117,2991,4002,2386,281,1316,2337,745,790
3496,-2683,-819,-1197,2885,3976,2357,254,1296,2288,704,760
3410,-2718,-703,-1297,2751,3945,2319,217,1257,2224,650,720
3352,-2725,-644,-1342,2673,3916,2298,197,1230,2188,612,695
3314,-2719,-616,-1359,2628,3894,2287,185,1211,2165,586,681
3271,-2722,-574,-1393,2571,3878,2263,167,1188,2134,560,664
3208,-2739,-495,-1462,2474,3861,2221,132,1152,2081,523,634
3134,-2766,-395,-1552,2356,3844,2170,85,1111,2020,475,599
3076,-2788,-317,-1625,2263,3837,2127,47,1077,1969,431,569
3055,-2780,-303,-1636,2237,3835,2110,34,1068,1957,408,556
3073,-2744,-355,-1584,2280,3840,2115,45,1081,1977,403,557
3084,-2710,-398,-1541,2313,3844,2115,49,1086,1983,385,548
3107,-2667,-461,-1477,2368,3849,2123,56,1093,1995,376,546
3131,-2631,-516,-1424,2418,3858,2127,55,1097,1996,372,542
3133,-2618,-529,-1413,2426,3868,2116,36,1086,1973,357,527
3135,-2608,-536,-1408,2430,3878,2103,15,1073,1951,344,514
3148,-2597,-557,-1393,2451,3893,2091,3,1064,1934,342,504
3151,-2607,-545,-1412,2445,3914,2064,-12,1048,1903,342,483
3123,-2644,-479,-1484,2383,3929,2018,-39,1018,1850,328,448
3096,-2662,-433,-1530,2336,3931,1987,-56,998,1818,318,424
3101,-2631,-468,-1488,2365,3918,1991,-41,1010,1840,329,433
3134,-2558,-573,-1369,2460,3893,2022,3,1051,1900,363,469
3178,-2468,-708,-1218,2583,3862,2066,60,1106,1974,411,516
3191,-2402,-787,-1119,2647,3822,2099,102,1147,2023,447,547
3179,-2351,-827,-1056,2670,3775,2124,129,1179,2056,474,567
3170,-2294,-876,-981,2700,3722,2157,156,1212,2092,500,591
3179,-2223,-956,-876,2762,3669,2201,192,1254,2137,537,623
3200,-2147,-1055,-754,2845,3618,2246,234,1300,2183,579,660
3219,-2081,-1140,-647,2917,3571,2281,271,1342,2223,618,695
3217,-2050,-1170,-601,2936,3531,2292,292,1368,2235,640,715
3189,-2052,-1141,-614,2899,3494,2281,290,1375,2221,643,717
3173,-2054,-1125,-619,2878,3464,2270,287,1381,2208,645,720
3152,-2071,-1087,-648,2837,3441,2253,273,1376,2186,637,715
3138,-2088,-1058,-671,2807,3422,2242,260,1371,2170,626,710
3152,-2084,-1076,-649,2826,3408,2239,260,1373,2169,623,713
3169,-2075,-1101,-620,2850,3394,2234,261,1374,2167,618,713
3173,-2067,-1113,-602,2857,3375,2223,255,1369,2160,604,709
3188,-2039,-1154,-551,2891,3352,2229,255,1378,2173,594,717
3233,-1988,-1246,-454,2978,3338,2254,272,1402,2211,601,741
3275,-1955,-1317,-384,3049,3336,2270,286,1418,2231,611,751
3284,-1962,-1315,-391,3050,3344,2262,280,1412,2216,605,735
3270,-2000,-1257,-457,2999,3360,2236,256,1389,2178,582,703
3246,-2047,-1181,-543,2929,3380,2203,228,1362,2138,553,671
3251,-2063,-1164,-571,2918,3400,2186,223,1357,2131,547,664
3270,-2060,-1182,-562,2942,3422,2181,236,1366,2140,555,670
3280,-2062,-1186,-568,2950,3444,2168,245,1370,2138,558,668
3266,-2081,-1150,-612,2917,3464,2139,238,1362,2113,544,649
3236,-2108,-1090,-678,2858,3482,2098,218,1346,2080,512,621
3212,-2128,-1044,-731,2812,3500,2059,200,1330,2054,478,592
3212,-2122,-1050,-731,2818,3518,2040,199,1329,2054,468,579
3242,-2084,-1118,-669,2885,3535,2040,219,1342,2074,486,585
3254,-2050,-1166,-621,2930,3543,2034,235,1348,2080,501,587
3266,-2005,-1224,-560,2979,3543,2029,252,1350,2082,519,591
3262,-1967,-1260,-517,3004,3538,2019,263,1345,2073,531,588
3226,-1958,-1237,-531,2969,3527,1997,259,1328,2045,524,569
3181,-1958,-1197,-562,2917,3516,1971,257,1311,2022,513,548
3143,-1961,-1160,-592,2871,3510,1942,259,1297,2000,508,525
3094,-1990,-1086,-662,2794,3510,1893,252,1270,1961,500,487
3021,-2049,-959,-786,2665,3512,1830,229,1227,1896,473,432
2957,-2098,-852,-889,2555,3510,1787,212,1197,1850,446,387
2940,-2112,-826,-913,2531,3512,1784,222,1202,1857,445,373
2967,-2102,-868,-874,2581,3523,1817,256,1240,1906,470,388
3022,-2079,-951,-799,2676,3542,1869,301,1293,1969,509,418
3051,-2073,-991,-763,2724,3550,1909,325,1334,2007,528,433
3058,-2072,-1003,-748,2740,3546,1938,333,1366,2026,533,435
3074,-2060,-1034,-714,2772,3537,1975,344,1405,2052,545,446
3116,-2029,-1111,-635,2851,3529,2030,370,1461,2102,573,474
3181,-1985,-1222,-526,2967,3526,2094,411,1532,2169,618,514
3241,-1947,-1323,-427,3074,3522,2155,453,1605,2237,670,552
3272,-1930,-1373,-376,3126,3512,2190,479,1664,2278,715,570
3259,-1934,-1359,-382,3105,3484,2199,483,1701,2290,741,566
3246,-1927,-1354,-376,3090,3450,2202,485,1734,2296,764,568
3214,-1926,-1326,-388,3047,3406,2191,478,1757,2284,774,567
3180,-1921,-1298,-398,3003,3359,2181,475,1779,2280,775,569
3173,-1902,-1311,-373,3002,3322,2183,486,1811,2297,783,575
3171,-1889,-1322,-354,3004,3294,2183,496,1841,2313,781,575
3157,-1889,-1308,-360,2982,3269,2170,490,1858,2316,759,566
3147,-1871,-1315,-342,2975,3237,2165,480,1876,2328,732,567
3158,-1832,-1363,-283,3010,3207,2176,479,1902,2356,714,584
3156,-1813,-1376,-262,3013,3187,2171,465,1910,2354,689,588
3107,-1841,-1295,-336,2922,3169,2127,421,1885,2302,646,561
3024,-1907,-1141,-484,2761,3157,2052,358,1834,2217,584,507
2925,-1987,-957,-662,2569,3147,1965,285,1770,2125,508,444
2858,-2045,-826,-792,2433,3147,1898,230,1723,2069,450,404
2812,-2094,-725,-895,2333,3158,1845,190,1689,2035,412,386
2760,-2153,-607,-1016,2218,3176,1789,154,1656,2001,383,371
2694,-2231,-456,-1173,2072,3199,1730,115,1619,1957,351,350
2618,-2317,-287,-1347,1908,3224,1677,79,1586,1913,318,328
2551,-2386,-145,-1492,1769,3245,1641,54,1565,1888,289,316
2513,-2414,-71,-1564,1694,3260,1630,48,1565,1895,278,325
2514,-2405,-74,-1561,1698,3278,1640,59,1580,1925,290,348
2515,-2394,-80,-1554,1704,3295,1646,60,1590,1944,294,359
2528,-2368,-113,-1519,1736,3309,1656,66,1605,1968,303,371
2541,-2341,-147,-1482,1768,3321,1664,71,1617,1986,310,375
2534,-2337,-139,-1488,1761,3333,1658,60,1615,1987,299,364
2532,-2337,-134,-1494,1758,3350,1648,50,1610,1987,286,351
2559,-2315,-182,-1449,1810,3368,1650,61,1617,2006,291,351
2589,-2298,-228,-1408,1863,3388,1645,79,1616,2017,298,344
2566,-2329,-176,-1463,1817,3401,1606,71,1581,1977,274,305
2530,-2357,-116,-1521,1756,3400,1565,58,1540,1932,238,262
2535,-2341,-142,-1490,1782,3394,1555,73,1527,1934,228,245
2585,-2289,-251,-1380,1893,3390,1574,116,1542,1976,248,253
2667,-2224,-407,-1229,2055,3395,1612,175,1574,2035,287,272
2736,-2183,-526,-1117,2185,3404,1638,221,1597,2074,318,278
2798,-2139,-642,-1005,2308,3404,1668,264,1622,2115,349,290
2879,-2066,-807,-842,2476,3395,1724,323,1669,2181,397,329
2953,-2000,-958,-692,2630,3383,1780,383,1720,2239,447,368
3018,-1947,-1087,-565,2762,3372,1830,439,1763,2283,493,398
3064,-1902,-1186,-464,2861,3352,1870,484,1789,2304,524,415
3077,-1884,-1226,-421,2899,3328,1883,502,1788,2284,531,411
3054,-1889,-1206,-434,2871,3296,1870,491,1763,2234,510,385
3034,-1883,-1200,-431,2855,3259,1857,483,1738,2186,490,364
2996,-1878,-1172,-444,2810,3211,1837,468,1709,2135,466,337
2952,-1867,-1143,-454,2761,3156,1820,453,1684,2095,441,310
2932,-1833,-1159,-421,2757,3104,1816,453,1670,2075,428,298
2921,-1797,-1184,-380,2764,3059,1812,454,1657,2059,416,292
2904,-1767,-1195,-355,2756,3017,1803,447,1639,2041,396,285
2902,-1725,-1231,-305,2775,2978,1805,443,1632,2043,386,296
2932,-1659,-1322,-205,2851,2949,1828,457,1644,2073,394,329
2967,-1613,-1395,-132,2917,2938,1846,473,1655,2092,400,359
2972,-1617,-1387,-146,2909,2944,1843,472,1649,2083,389,370
2949,-1657,-1315,-227,2839,2958,1825,457,1632,2061,364,367
2913,-1704,-1221,-328,2746,2971,1807,439,1614,2040,338,364
2911,-1723,-1190,-368,2718,2990,1812,441,1612,2051,332,378
2937,-1720,-1208,-362,2741,3016,1831,461,1626,2085,343,406
2959,-1721,-1220,-361,2759,3045,1842,478,1635,2112,355,430
2962,-1738,-1197,-394,2741,3073,1836,480,1631,2119,358,443
2942,-1764,-1143,-454,2688,3095,1816,469,1618,2115,352,453
2919,-1784,-1094,-504,2637,3111,1796,457,1611,2114,351,469
2908,-1771,-1091,-502,2626,3115,1788,454,1618,2133,363,498
2918,-1728,-1140,-444,2664,3114,1795,466,1639,2166,385,535
2909,-1699,-1156,-414,2668,3109,1792,465,1649,2181,389,553
2897,-1671,-1172,-386,2672,3103,1789,461,1659,2192,389,562
2872,-1653,-1165,-377,2652,3094,1778,452,1660,2189,388,562
2814,-1664,-1098,-426,2572,3080,1751,424,1645,2160,370,538
2745,-1686,-1012,-493,2472,3065,1718,388,1619,2118,345,502
2681,-1712,-927,-561,2377,3053,1681,354,1588,2072,318,459
2604,-1763,-806,-669,2250,3045,1625,312,1540,1998,284,399
2498,-1845,-627,-834,2065,3037,1547,253,1470,1893,231,324
2397,-1915,-465,-979,1895,3020,1482,197,1407,1804,179,263
2336,-1944,-384,-1042,1805,2998,1452,169,1368,1764,152,234
2310,-1938,-373,-1035,1786,2974,1451,164,1353,1766,150,231
2308,-1918,-401,-993,1808,2953,1461,172,1348,1785,160,241
2293,-1921,-390,-992,1794,2934,1455,167,1331,1784,154,240
2268,-1941,-353,-1020,1756,2918,1438,149,1305,1770,138,237
2255,-1956,-332,-1036,1734,2903,1425,139,1286,1770,126,240
2268,-1952,-354,-1013,1759,2892,1427,147,1283,1794,131,257
2303,-1940,-404,-965,1816,2887,1437,170,1290,1829,147,280
2339,-1929,-453,-922,1872,2882,1446,194,1298,1861,163,299
2356,-1939,-461,-921,1888,2878,1435,205,1293,1866,169,302
2341,-1977,-409,-981,1842,2871,1407,197,1274,1847,158,289
2343,-2009,-379,-1023,1822,2871,1391,197,1265,1839,155,284
2344,-2046,-340,-1076,1794,2874,1379,194,1255,1826,149,277
2347,-2075,-312,-1119,1774,2874,1374,193,1246,1817,142,272
2373,-2075,-334,-1110,1803,2872,1381,207,1249,1829,149,278
2401,-2065,-369,-1087,1843,2866,1386,224,1258,1841,158,286
2417,-2049,-396,-1067,1868,2851,1385,237,1267,1850,157,288
2438,-2011,-450,-1014,1915,2826,1397,253,1287,1872,154,294
2482,-1942,-557,-906,2013,2799,1433,283,1324,1917,166,313
2524,-1889,-646,-820,2098,2785,1460,308,1349,1945,178,320
2529,-1878,-657,-816,2105,2777,1460,308,1346,1928,167,302
2501,-1901,-600,-879,2047,2774,1440,290,1321,1882,137,268
2452,-1938,-509,-973,1952,2769,1415,265,1286,1831,96,227
2429,-1947,-472,-1012,1910,2766,1415,263,1271,1820,75,205
2430,-1937,-479,-1008,1914,2770,1427,278,1270,1832,70,194
2429,-1929,-483,-1006,1915,2777,1432,293,1272,1844,72,182
2405,-1930,-455,-1029,1879,2776,1422,295,1267,1839,69,160
2364,-1937,-404,-1071,1817,2770,1405,289,1254,1821,56,136
2336,-1935,-375,-1090,1778,2769,1392,288,1244,1813,46,125
2335,-1908,-398,-1057,1792,2770,1395,303,1251,1827,45,132
2377,-1856,-489,-961,1881,2785,1418,339,1281,1867,67,160
2415,-1818,-562,-884,1955,2806,1434,367,1305,1892,84,184
2463,-1780,-645,-801,2042,2834,1450,396,1328,1914,104,210
2507,-1752,-716,-730,2119,2865,1458,416,1345,1929,126,231
2522,-1750,-731,-714,2140,2894,1445,410,1343,1927,133,232
2537,-1757,-737,-709,2155,2926,1428,400,1336,1923,133,228
2571,-1764,-762,-691,2196,2970,1415,399,1336,1924,140,231
2604,-1785,-772,-692,2226,3020,1395,399,1332,1912,147,227
2615,-1827,-740,-734,2214,3066,1362,391,1313,1886,146,210
2633,-1847,-739,-742,2228,3100,1343,391,1307,1885,155,207
2698,-1818,-834,-652,2338,3130,1362,423,1334,1934,194,241
2806,-1751,-1010,-484,2531,3161,1409,480,1385,2011,251,301
2935,-1663,-1231,-273,2768,3187,1470,552,1447,2095,316,375
3035,-1593,-1403,-106,2954,3204,1521,612,1498,2153,364,430
3112,-1540,-1536,22,3098,3214,1567,662,1540,2199,399,470
3191,-1486,-1674,153,3247,3221,1619,715,1586,2250,434,512
3282,-1423,-1835,305,3420,3228,1679,774,1636,2310,475,561
3385,-1357,-2011,468,3611,3239,1744,839,1690,2371,525,615
3481,-1309,-2161,601,3779,3255,1800,895,1737,2417,567,659
3551,-1299,-2249,666,3889,3278,1834,929,1764,2431,590,680
3578,-1331,-2252,647,3913,3299,1837,932,1763,2406,585,673
3598,-1364,-2247,619,3925,3315,1834,928,1757,2377,579,661
3586,-1405,-2202,560,3889,3315,1819,914,1738,2336,559,635
3555,-1447,-2137,485,3827,3304,1799,899,1714,2293,531,606
3540,-1474,-2100,439,3794,3295,1788,902,1703,2269,513,589
3530,-1506,-2063,388,3761,3293,1780,911,1699,2255,504,576
3512,-1549,-2005,315,3710,3296,1772,919,1698,2251,495,560
3501,-1577,-1966,264,3675,3296,1778,933,1708,2274,490,555
3511,-1575,-1977,265,3685,3292,1804,963,1735,2325,503,571
3515,-1583,-1970,248,3679,3294,1822,989,1756,2360,519,586
3476,-1632,-1877,145,3586,3297,1808,984,1746,2343,513,577
3404,-1715,-1715,-25,3424,3304,1771,952,1709,2287,483,545
3316,-1806,-1526,-220,3233,3309,1729,905,1662,2214,432,502
3263,-1869,-1400,-352,3107,3320,1710,876,1632,2167,386,472
3240,-1907,-1328,-432,3036,3338,1711,862,1617,2143,353,452
3214,-1946,-1252,-513,2961,3357,1712,851,1609,2126,328,426
3174,-1992,-1156,-612,2864,3373,1706,832,1599,2107,309,390
3120,-2037,-1046,-717,2748,3381,1698,805,1584,2085,286,349
3078,-2059,-971,-783,2665,3383,1700,789,1579,2078,273,327
3068,-2043,-968,-774,2651,3381,1723,795,1597,2105,278,333
3101,-1990,-1045,-686,2721,3385,1769,827,1639,2161,312,364
3129,-1944,-1112,-606,2783,3389,1812,859,1679,2207,345,389
3167,-1895,-1193,-515,2861,3397,1859,898,1721,2252,382,415
3209,-1855,-1271,-430,2942,3414,1905,938,1762,2289,421,440
3226,-1842,-1300,-394,2974,3429,1936,963,1788,2302,444,453
3233,-1838,-1313,-375,2991,3444,1962,988,1812,2316,462,468
3252,-1837,-1336,-350,3022,3465,1990,1025,1843,2341,488,491
3268,-1863,-1332,-361,3036,3501,2003,1059,1864,2350,512,502
3264,-1926,-1273,-433,2999,3546,1991,1077,1862,2328,518,492
3259,-1982,-1223,-494,2970,3583,1982,1094,1862,2317,518,484
3285,-1995,-1249,-477,3012,3609,1996,1131,1882,2345,535,502
3342,-1976,-1339,-396,3118,3634,2029,1184,1922,2402,565,540
3417,-1951,-1454,-296,3253,3662,2070,1246,1971,2466,606,585
3463,-1953,-1511,-253,3330,3688,2089,1285,2000,2497,628,607
3476,-1973,-1518,-258,3351,3702,2088,1296,2009,2501,630,608
3485,-1977,-1538,-245,3377,3700,2087,1304,2020,2514,632,611
3507,-1958,-1590,-196,3432,3690,2094,1317,2037,2540,641,625
3543,-1928,-1667,-126,3513,3681,2105,1336,2059,2574,657,647
3575,-1901,-1734,-65,3583,3670,2113,1349,2081,2607,676,666
3583,-1900,-1750,-57,3602,3659,2105,1345,2087,2618,684,668
3560,-1933,-1697,-120,3553,3651,2073,1313,2070,2595,674,650
3548,-1965,-1655,-175,3517,3648,2039,1280,2051,2570,671,638
3529,-2005,-1596,-248,3463,3648,1994,1238,2024,2536,663,619
3509,-2042,-1536,-321,3408,3646,1949,1193,1995,2503,652,598
3516,-2060,-1520,-352,3397,3650,1919,1166,1976,2484,651,585
3529,-2069,-1517,-369,3399,3654,1894,1147,1962,2471,654,575
3536,-2078,-1506,-391,3389,3655,1869,1127,1945,2458,651,566
3556,-2063,-1530,-374,3411,3653,1856,1115,1938,2465,654,569
3611,-2016,-1619,-292,3499,3653,1867,1126,1953,2507,680,596
3673,-1978,-1706,-217,3588,3668,1870,1137,1960,2538,708,617
3701,-1975,-1723,-211,3610,3686,1846,1125,1942,2527,716,612
3699,-2002,-1679,-266,3571,3706,1798,1093,1901,2481,702,580
3683,-2037,-1614,-338,3509,3724,1741,1053,1851,2424,674,537
3688,-2045,-1599,-358,3494,3741,1698,1028,1812,2390,659,513
3715,-2034,-1625,-336,3523,3761,1667,1018,1785,2375,661,503
3736,-2027,-1644,-320,3545,3782,1632,1006,1754,2354,666,497
3735,-2039,-1624,-340,3528,3802,1581,980,1712,2317,660,486
3716,-2059,-1580,-381,3483,3816,1523,944,1664,2277,645,475
3701,-2073,-1548,-408,3451,3830,1475,913,1626,2256,630,473
3710,-2067,-1564,-387,3469,3846,1452,902,1608,2270,634,494
3759,-2031,-1651,-298,3563,3869,1451,915,1613,2314,667,538
3800,-2004,-1723,-223,3642,3892,1445,924,1617,2347,699,577
3849,-1976,-1806,-140,3735,3919,1438,935,1626,2379,734,613
3894,-1958,-1877,-71,3819,3948,1424,944,1633,2402,769,645
3908,-1965,-1893,-54,3847,3972,1396,934,1629,2404,787,661
3912,-1982,-1891,-57,3856,3995,1366,917,1624,2403,801,673
3925,-2004,-1893,-59,3875,4025,1343,902,1624,2402,823,690
3929,-2046,-1867,-94,3868,4060,1309,881,1616,2386,841,698
3904,-2117,-1784,-187,3805,4094,1257,844,1589,2346,840,688
3878,-2175,-1712,-265,3747,4116,1218,810,1570,2321,837,685
3888,-2191,-1718,-264,3764,4133,1207,801,1579,2335,852,707
3944,-2173,-1803,-190,3864,4155,1226,819,1620,2383,887,749
4031,-2142,-1931,-79,4011,4187,1261,851,1678,2451,934,798
4098,-2131,-2016,-12,4116,4218,1281,867,1722,2498,966,829
4142,-2131,-2064,20,4179,4239,1287,862,1750,2524,980,845
4187,-2119,-2123,67,4249,4253,1288,854,1772,2547,992,866
4249,-2080,-2225,158,4357,4258,1300,856,1799,2584,1015,901
4325,-2019,-2361,285,4497,4258,1323,873,1834,2632,1051,943
4389,-1950,-2491,412,4623,4244,1345,892,1868,2675,1089,981
4428,-1898,-2576,496,4702,4225,1351,903,1890,2695,1118,1003
4426,-1881,-2585,505,4702,4202,1334,893,1892,2684,1122,1004
4431,-1858,-2605,525,4713,4179,1324,893,1900,2678,1130,1008
4426,-1840,-2610,531,4707,4153,1309,896,1908,2673,1137,1015
4415,-1815,-2614,540,4696,4121,1297,908,1922,2678,1152,1033
4428,-1760,-2672,606,4735,4084,1306,942,1953,2712,1189,1075
4447,-1693,-2747,691,4791,4045,1319,982,1991,2753,1230,1121
4453,-1627,-2809,767,4829,4000,1328,1014,2023,2788,1260,1162
4461,-1546,-2887,865,4879,3948,1347,1045,2056,2832,1288,1207
4494,-1442,-3015,1012,4979,3898,1387,1088,2105,2899,1326,1262
4527,-1361,-3118,1128,5063,3865,1416,1128,2144,2948,1364,1307
4525,-1337,-3131,1147,5063,3848,1411,1136,2153,2949,1375,1318
4489,-1355,-3070,1091,4992,3837,1375,1116,2132,2911,1358,1300
4428,-1390,-2967,997,4878,3823,1324,1076,2096,2856,1321,1265
4390,-1406,-2907,945,4808,3812,1287,1050,2071,2826,1296,1239
4371,-1408,-2882,928,4774,3805,1255,1038,2055,2810,1285,1221
4344,-1413,-2847,903,4729,3796,1216,1027,2035,2781,1274,1198
4297,-1433,-2779,848,4651,3786,1167,1005,2004,2729,1248,1161
4231,-1466,-2679,764,4539,3771,1110,966,1962,2663,1203,1114
4174,-1492,-2597,696,4447,3760,1058,926,1927,2608,1155,1072
4140,-1496,-2562,675,4402,3750,1020,896,1905,2584,1116,1048
4145,-1466,-2601,727,4433,3744,1003,891,1907,2594,1099,1045
4140,-1444,-2623,762,4448,3737,978,879,1909,2592,1075,1037
4137,-1420,-2649,801,4468,3730,953,870,1914,2589,1052,1030
4130,-1402,-2667,831,4481,3724,930,863,1921,2584,1034,1023
4094,-1410,-2633,809,4441,3715,897,841,1917,2562,1008,1004
4051,-1424,-2584,773,4387,3706,869,817,1915,2543,979,983
4016,-1437,-2546,745,4347,3700,846,797,1915,2527,952,966
3978,-1470,-2484,687,4289,3704,813,775,1907,2497,926,943
3914,-1532,-2368,572,4178,3709,761,737,1877,2443,892,902
3840,-1574,-2263,478,4068,3693,716,696,1847,2394,860,860
3794,-1564,-2239,473,4031,3658,696,670,1835,2379,844,834
3780,-1511,-2289,544,4063,3615,700,660,1838,2389,844,828
3787,-1442,-2375,651,4134,3573,723,658,1847,2411,854,835
3772,-1404,-2407,699,4152,3536,733,638,1842,2413,849,830
3734,-1400,-2381,685,4115,3503,731,595,1820,2396,824,815
3700,-1403,-2349,661,4077,3476,733,550,1794,2383,794,800
3682,-1401,-2337,653,4061,3456,744,512,1771,2381,765,793
3687,-1397,-2349,662,4074,3448,757,480,1750,2378,740,789
3685,-1401,-2343,653,4069,3439,753,441,1716,2355,705,770
3652,-1423,-2287,597,4008,3420,721,386,1659,2300,653,725
3576,-1472,-2158,476,3869,3390,660,307,1574,2209,573,654
3506,-1517,-2039,362,3740,3361,607,233,1491,2124,497,585
3436,-1571,-1909,235,3601,3337,554,162,1410,2045,419,518
3369,-1630,-1776,103,3462,3320,510,99,1336,1977,344,456
3338,-1670,-1697,18,3382,3314,488,58,1278,1934,289,411
3325,-1701,-1643,-42,3329,3314,475,26,1229,1902,247,372
3307,-1727,-1589,-101,3273,3310,465,-7,1182,1871,204,332
3300,-1729,-1570,-119,3247,3297,471,-28,1152,1862,166,303
3326,-1695,-1617,-69,3288,3285,507,-24,1154,1886,144,292
3360,-1670,-1665,-23,3334,3286,543,-10,1163,1908,130,276
3360,-1687,-1637,-56,3309,3294,557,-10,1156,1891,107,243
3319,-1735,-1538,-156,3209,3298,548,-25,1131,1845,75,195
3255,-1795,-1406,-286,3073,3297,531,-49,1096,1794,33,139
3213,-1827,-1324,-362,2987,3293,530,-58,1071,1774,0,94
3191,-1830,-1295,-383,2950,3285,538,-49,1059,1773,-21,59
3153,-1830,-1255,-409,2897,3267,540,-44,1043,1759,-41,20
3091,-1838,-1185,-459,2810,3240,534,-49,1020,1728,-60,-29
3004,-1858,-1081,-539,2685,3205,524,-63,990,1681,-86,-86
2918,-1874,-985,-610,2566,3169,518,-79,961,1632,-116,-136
2851,-1867,-932,-635,2490,3132,528,-89,941,1602,-142,-168
2822,-1834,-945,-599,2485,3103,555,-83,939,1592,-149,-178
2785,-1815,-937,-586,2461,3078,575,-86,929,1569,-166,-192
2757,-1801,-933,-573,2445,3063,599,-88,917,1545,-180,-206
2732,-1796,-926,-569,2430,3055,624,-90,902,1515,-192,-220
2681,-1817,-866,-616,2362,3046,634,-111,873,1468,-221,-249
2621,-1843,-793,-675,2280,3033,636,-140,834,1411,-260,-287
2567,-1857,-737,-716,2213,3016,637,-165,799,1357,-300,-330
2503,-1880,-661,-776,2126,2996,620,-192,757,1296,-343,-386
2412,-1928,-532,-889,1985,2973,577,-233,698,1214,-398,-461
2320,-1965,-413,-989,1850,2941,541,-274,647,1149,-450,-527
2264,-1953,-377,-1001,1792,2897,534,-289,621,1125,-479,-560
2239,-1892,-419,-930,1807,2840,556,-276,626,1141,-482,-563
2231,-1803,-504,-812,1862,2774,589,-247,651,1173,-468,-547
2206,-1730,-556,-727,1883,2705,608,-231,667,1189,-462,-543
2166,-1680,-567,-687,1864,2639,614,-232,670,1183,-475,-552
2144,-1628,-598,-634,1870,2583,625,-229,679,1186,-484,-553
2155,-1567,-667,-550,1923,2539,654,-209,704,1211,-478,-537
2195,-1501,-771,-441,2018,2511,693,-176,740,1254,-451,-508
2243,-1441,-874,-336,2116,2490,734,-140,776,1297,-414,-478
2271,-1401,-938,-273,2173,2468,760,-116,799,1319,-383,-460
2256,-1388,-929,-276,2153,2435,763,-117,796,1305,-375,-465
2242,-1370,-927,-272,2138,2399,767,-118,793,1289,-366,-470
2221,-1362,-908,-287,2106,2365,769,-122,784,1268,-365,-479
2197,-1360,-878,-312,2065,2333,775,-126,776,1254,-368,-485
2195,-1346,-883,-306,2061,2308,796,-113,781,1262,-359,-482
2198,-1328,-896,-293,2066,2286,825,-94,795,1282,-342,-472
2189,-1312,-894,-290,2053,2258,851,-85,803,1300,-331,-463
2177,-1273,-911,-260,2050,2216,886,-77,813,1328,-320,-441
2191,-1202,-986,-169,2103,2170,938,-58,839,1373,-295,-399
2209,-1138,-1056,-85,2156,2136,979,-46,854,1396,-272,-366
2194,-1116,-1051,-79,2139,2111,986,-63,836,1372,-273,-365
2146,-1133,-973,-147,2050,2091,959,-106,789,1314,-302,-395
2081,-1168,-862,-249,1929,2075,919,-162,733,1250,-348,-438
2048,-1189,-797,-309,1860,2073,893,-204,694,1214,-381,-468
2051,-1196,-783,-326,1851,2088,886,-230,673,1205,-397,-485
2059,-1206,-773,-341,1848,2111,879,-257,654,1195,-411,-505
2050,-1227,-735,-381,1815,2130,861,-291,627,1172,-434,-533
2018,-1248,-677,-433,1755,2136,838,-330,597,1147,-458,-556
1991,-1255,-638,-464,1711,2137,819,-363,575,1135,-472,-567
1988,-1240,-647,-446,1716,2139,818,-382,568,1145,-470,-564
2029,-1198,-729,-362,1800,2154,840,-375,586,1188,-443,-545
2063,-1172,-790,-301,1866,2175,854,-372,601,1223,-422,-536
2099,-1153,-846,-247,1931,2201,865,-369,616,1262,-401,-529
2129,-1146,-889,-211,1985,2231,868,-364,624,1293,-381,-525
2125,-1168,-867,-236,1972,2256,848,-377,613,1294,-380,-539
2107,-1204,-822,-285,1936,2280,823,-394,593,1276,-392,-561
2098,-1241,-785,-329,1912,2309,804,-405,574,1250,-406,-582
2079,-1293,-724,-399,1865,2339,780,-415,550,1211,-426,-613
2022,-1369,-604,-525,1754,2358,739,-437,511,1149,-463,-664
1959,-1434,-488,-640,1641,2363,702,-463,472,1093,-503,-708
1930,-1457,-450,-675,1602,2360,688,-470,451,1077,-520,-723
1938,-1446,-481,-642,1634,2357,696,-458,448,1090,-516,-715
1968,-1423,-548,-578,1703,2358,716,-435,452,1109,-503,-700
1972,-1422,-563,-563,1721,2355,719,-431,439,1100,-511,-702
1949,-1442,-531,-595,1687,2346,709,-445,411,1077,-536,-721
1931,-1455,-508,-616,1662,2333,705,-457,385,1064,-561,-738
1932,-1448,-523,-599,1673,2318,716,-455,370,1074,-572,-744
1957,-1421,-580,-543,1728,2306,737,-436,368,1106,-568,-742
1988,-1392,-643,-482,1789,2294,760,-411,373,1142,-558,-737
2014,-1375,-687,-442,1833,2285,773,-391,375,1161,-548,-739
2003,-1382,-670,-461,1811,2268,764,-392,361,1149,-555,-761
2004,-1380,-673,-460,1809,2252,760,-389,351,1140,-559,-781
2004,-1380,-671,-465,1803,2237,756,-389,343,1127,-562,-802
2001,-1378,-667,-470,1793,2220,750,-392,338,1114,-570,-824
2022,-1352,-709,-429,1829,2202,754,-380,345,1122,-567,-831
2051,-1324,-762,-379,1878,2190,764,-364,361,1142,-551,-828
2075,-1308,-797,-350,1911,2184,776,-349,382,1170,-532,-820
2109,-1286,-846,-307,1960,2182,805,-328,414,1221,-506,-797
2170,-1238,-949,-211,2064,2183,857,-291,470,1301,-459,-752
2234,-1198,-1047,-123,2166,2192,905,-255,519,1367,-410,-711
2259,-1196,-1066,-113,2190,2202,923,-247,538,1382,-387,-700
2244,-1224,-1016,-168,2143,2209,911,-269,528,1355,-394,-722
2203,-1261,-932,-252,2056,2206,879,-308,498,1307,-429,-765
2178,-1270,-892,-288,2009,2197,854,-341,472,1269,-467,-808
2172,-1257,-895,-279,2005,2186,837,-363,453,1243,-502,-845
2161,-1255,-881,-290,1987,2184,811,-392,426,1209,-543,-887
2126,-1277,-821,-346,1923,2181,771,-433,389,1158,-591,-940
2062,-1317,-713,-446,1810,2174,720,-485,342,1092,-647,-1001
2005,-1357,-615,-540,1708,2172,677,-528,297,1036,-696,-1053
1969,-1381,-553,-598,1644,2175,656,-553,267,1005,-726,-1085
1972,-1376,-560,-590,1653,2185,663,-550,260,1009,-724,-1091
1965,-1380,-550,-599,1646,2196,670,-552,252,1009,-723,-1098
1961,-1384,-541,-607,1640,2210,678,-554,245,1012,-724,-1101
1960,-1393,-533,-618,1638,2229,683,-556,239,1011,-729,-1104
1935,-1427,-476,-676,1589,2248,672,-577,219,986,-757,-1123
1898,-1460,-409,-740,1523,2259,655,-603,191,948,-793,-1141
1871,-1481,-365,-780,1481,2267,643,-620,169,916,-815,-1147
1848,-1507,-318,-825,1439,2280,624,-635,146,875,-831,-1158
1810,-1558,-233,-911,1362,2297,587,-660,110,819,-854,-1194
1777,-1598,-165,-978,1298,2310,557,-680,83,780,-874,-1228
1784,-1589,-186,-952,1321,2314,562,-669,91,791,-868,-1234
1830,-1536,-290,-842,1425,2312,598,-627,131,849,-837,-1209
1898,-1459,-438,-685,1572,2307,652,-566,192,930,-787,-1165
1936,-1398,-542,-570,1669,2292,693,-519,245,989,-746,-1129
1936,-1355,-588,-504,1702,2260,714,-494,283,1021,-726,-1108
1932,-1306,-636,-435,1732,2221,731,-475,319,1050,-708,-1088
1938,-1253,-699,-352,1778,2183,750,-457,356,1083,-688,-1063
1963,-1195,-785,-252,1853,2153,771,-434,397,1123,-659,-1036
1986,-1151,-854,-172,1913,2128,783,-419,432,1148,-633,-1020
1993,-1139,-876,-146,1931,2113,776,-418,454,1148,-618,-1021
1962,-1169,-819,-201,1870,2101,744,-443,452,1113,-628,-1045
1933,-1195,-768,-250,1815,2085,712,-468,449,1078,-638,-1068
1894,-1220,-706,-307,1745,2063,676,-500,439,1038,-654,-1097
1845,-1243,-638,-368,1664,2032,640,-535,422,999,-678,-1129
1815,-1238,-615,-380,1625,1995,623,-550,416,983,-690,-1148
1792,-1218,-615,-368,1606,1954,617,-552,418,984,-693,-1157
1760,-1193,-608,-359,1576,1905,618,-547,421,989,-698,-1164
1737,-1145,-633,-314,1574,1849,641,-524,439,1015,-697,-1157
1749,-1058,-730,-196,1643,1791,699,-468,487,1084,-674,-1122
1778,-975,-838,-76,1730,1750,765,-392,543,1159,-639,-1086
1779,-932,-877,-28,1753,1719,815,-326,585,1198,-623,-1073
1749,-924,-848,-50,1710,1693,850,-268,614,1206,-635,-1085
1701,-934,-784,-106,1633,1669,878,-206,641,1202,-663,-1110
1670,-925,-756,-126,1591,1646,923,-117,689,1225,-676,-1123
1662,-890,-775,-98,1597,1624,986,3,761,1280,-661,-1123
1644,-856,-785,-75,1590,1596,1045,133,837,1338,-644,-1130
1607,-832,-766,-77,1552,1566,1093,263,912,1388,-636,-1150
1548,-821,-715,-107,1480,1531,1133,384,985,1424,-643,-1179
1496,-808,-671,-131,1417,1500,1174,505,1063,1461,-654,-1206
1466,-779,-667,-116,1397,1474,1230,636,1157,1516,-657,-1218
1482,-726,-736,-35,1456,1463,1309,789,1277,1602,-636,-1209
1493,-689,-783,22,1498,1460,1378,930,1394,1675,-620,-1211
1499,-666,-812,60,1525,1461,1436,1061,1509,1742,-605,-1223
1496,-656,-822,76,1534,1466,1483,1182,1619,1803,-592,-1242
1459,-677,-766,29,1475,1466,1502,1276,1711,1842,-597,-1280
1400,-709,-679,-44,1383,1458,1502,1351,1789,1870,-612,-1328
1345,-739,-597,-113,1296,1450,1494,1416,1862,1895,-625,-1377
1284,-786,-494,-205,1192,1447,1466,1461,1918,1896,-645,-1437
1200,-859,-342,-348,1038,1444,1407,1463,1936,1861,-685,-1518
1118,-918,-206,-471,897,1432,1347,1435,1941,1832,-726,-1590
1090,-930,-169,-497,858,1422,1319,1405,1962,1853,-736,-1621
1124,-899,-237,-425,929,1422,1326,1377,2005,1926,-708,-1609
1204,-848,-369,-298,1073,1438,1347,1341,2057,2030,-648,-1569
1286,-819,-480,-201,1203,1468,1350,1264,2090,2119,-587,-1533
1354,-819,-547,-153,1295,1507,1331,1132,2093,2182,-541,-1502
1436,-821,-626,-99,1403,1555,1306,960,2081,2241,-491,-1458
1546,-814,-742,-17,1553,1614,1279,755,2059,2310,-427,-1388
1687,-803,-891,90,1747,1689,1249,521,2025,2387,-342,-1296
1837,-800,-1043,193,1947,1774,1203,251,1973,2457,-248,-1197
1978,-823,-1160,254,2118,1870,1132,-62,1896,2504,-158,-1106
2092,-892,-1203,236,2220,1977,1029,-433,1780,2511,-95,-1035
2218,-967,-1254,217,2336,2097,916,-844,1645,2511,-29,-955
2342,-1055,-1292,180,2442,2224,788,-1308,1480,2497,41,-868
2466,-1147,-1325,138,2544,2354,647,-1827,1282,2472,116,-774
2620,-1224,-1404,136,2696,2495,517,-2374,1069,2455,210,-657
2786,-1297,-1500,147,2867,2643,389,-2955,841,2439,320,-522
2940,-1375,-1579,143,3017,2787,250,-3580,588,2413,433,-380
3092,-1433,-1676,164,3179,2920,109,-4233,319,2398,557,-219
3276,-1460,-1836,247,3402,3055,-25,-4899,51,2410,711,-21
3473,-1491,-2004,332,3641,3205,-179,-5592,-242,2413,877,190
3644,-1563,-2105,346,3816,3367,-371,-6328,-580,2376,1030,386
3784,-1676,-2131,282,3921,3538,-590,-7099,-961,2305,1167,567
3914,-1808,-2129,186,4002,3718,-814,-7882,-1363,2225,1302,748
4075,-1922,-2174,135,4135,3908,-1024,-8645,-1755,2180,1463,954
4276,-2018,-2276,134,4334,4114,-1226,-9375,-2126,2175,1658,1187
4486,-2120,-2382,133,4542,4332,-1446,-10092,-2493,2182,1869,1430
4687,-2237,-2462,105,4729,4555,-1700,-10810,-2866,2186,2083,1670
4873,-2362,-2519,58,4891,4774,-1986,-11538,-3242,2190,2290,1907
5068,-2480,-2591,27,5072,4995,-2291,-12263,-3612,2209,2501,2153
5285,-2577,-2707,40,5296,5218,-2598,-12977,-3971,2255,2727,2422
5550,-2638,-2905,133,5608,5448,-2894,-13660,-4307,2336,2987,2726
5813,-2704,-3097,219,5916,5681,-3209,-14342,-4647,2407,3255,3037
6079,-2767,-3296,313,6230,5913,-3542,-15022,-4996,2469,3534,3357
6348,-2829,-3499,411,6550,6145,-3899,-15711,-5355,2514,3822,3685
6594,-2913,-3658,466,6825,6377,-4294,-16428,-5738,2528,4102,4001
6838,-3010,-3803,504,7090,6613,-4712,-17158,-6128,2537,4383,4313
7102,-3109,-3967,554,7381,6864,-5143,-17883,-6507,2561,4680,4627
7376,-3223,-4127,592,7675,7129,-5593,-18607,-6883,2584,4986,4942
7639,-3373,-4241,574,7931,7410,-6067,-19333,-7267,2592,5288,5247
7910,-3526,-4362,561,8197,7697,-6532,-20043,-7638,2614,5592,5560
8232,-3648,-4567,624,8552,7994,-6960,-20706,-7976,2679,5920,5900
8607,-3739,-4856,763,8997,8304,-7349,-21322,-8280,2780,6271,6268
9014,-3819,-5188,939,9493,8627,-7717,-21900,-8558,2895,6634,6655
9412,-3928,-5483,1071,9957,8962,-8097,-22466,-8832,2988,6982,7029
9785,-4064,-5727,1150,10370,9296,-8503,-23031,-9109,3063,7304,7384
10164,-4198,-5976,1234,10789,9633,-8915,-23573,-9369,3157,7622,7736
10560,-4318,-6256,1347,11240,9970,-9320,-24073,-9593,3287,7950,8096
10976,-4427,-6565,1487,11723,10313,-9715,-24517,-9780,3453,8302,8464
11379,-4536,-6859,1616,12186,10647,-10118,-24923,-9945,3626,8664,8832
11748,-4659,-7104,1702,12594,10967,-10542,-25304,-10103,3782,9025,9189
12054,-4814,-7253,1701,12896,11269,-10996,-25684,-10272,3901,9354,9512
12349,-4964,-7394,1697,13184,11559,-11450,-26038,-10432,4017,9673,9823
12626,-5122,-7507,1668,13443,11843,-11904,-26372,-10591,4123,9977,10117
12884,-5289,-7591,1612,13668,12121,-12356,-26686,-10749,4219,10265,10396
13157,-5444,-7703,1581,13922,12402,-12783,-26959,-10884,4331,10556,10676
13433,-5595,-7820,1555,14181,12682,-13186,-27198,-11003,4445,10838,10947
13684,-5749,-7909,1507,14404,12949,-13566,-27413,-11115,4543,11091,11189
13911,-5886,-7991,1464,14606,13188,-13906,-27594,-11209,4634,11311,11405
14128,-5984,-8103,1465,14822,13396,-14184,-27720,-11270,4729,11509,11605
14314,-6079,-8186,1448,14998,13582,-14425,-27800,-11315,4798,11669,11761
14423,-6206,-8161,1337,15049,13738,-14659,-27862,-11370,4800,11762,11841
14441,-6355,-8025,1136,14967,13849,-14896,-27912,-11441,4734,11774,11838
14379,-6494,-7817,893,14783,13900,-15132,-27942,-11517,4614,11709,11761
14272,-6581,-7620,692,14577,13887,-15341,-27922,-11575,4471,11587,11631
14134,-6610,-7451,549,14369,13814,-15509,-27835,-11604,4315,11422,11453
13938,-6607,-7260,414,14108,13681,-15645,-27691,-11612,4124,11191,11212
13673,-6584,-7021,260,13770,13488,-15750,-27497,-11603,3885,10882,10899
13329,-6540,-6726,86,13343,13228,-15818,-27255,-11578,3605,10499,10521
12935,-6461,-6420,-71,12875,12910,-15836,-26959,-11533,3308,10059,10095
12513,-6340,-6132,-187,12401,12545,-15794,-26605,-11462,3014,9580,9635
12101,-6172,-5901,-231,11972,12155,-15680,-26184,-11355,2741,9087,9160
11657,-6000,-5647,-285,11507,11739,-15522,-25731,-11242,2447,8560,8650
11191,-5819,-5381,-339,11020,11301,-15321,-25246,-11126,2131,8003,8112
10710,-5628,-5112,-386,10522,10847,-15082,-24729,-11008,1793,7420,7553
10189,-5453,-4787,-478,9962,10374,-14823,-24201,-10906,1410,6802,6965
9646,-5280,-4437,-588,9370,9888,-14536,-23660,-10819,995,6168,6359
9105,-5098,-4099,-681,8789,9396,-14217,-23097,-10742,558,5526,5741
8563,-4928,-3748,-790,8199,8911,-13877,-22521,-10682,82,4866,5106
8002,-4788,-3346,-952,7563,8434,-13531,-21945,-10649,-441,4181,4452
7444,-4642,-2952,-1103,6936,7954,-13156,-21353,-10613,-955,3495,3810
6934,-4450,-2649,-1165,6400,7476,-12736,-20720,-10542,-1413,2842,3201
6473,-4214,-2436,-1137,5958,7004,-12277,-20048,-10430,-1803,2231,2628
6048,-3953,-2280,-1056,5578,6541,-11797,-19350,-10281,-2128,1661,2086
5625,-3712,-2101,-1004,5185,6095,-11327,-18654,-10116,-2421,1120,1563
5194,-3502,-1881,-1002,4757,5666,-10870,-17969,-9937,-2677,603,1057
4789,-3291,-1680,-989,4358,5256,-10408,-17278,-9726,-2866,134,589
4423,-3069,-1525,-939,4017,4869,-9939,-16574,-9479,-2983,-276,171
4108,-2839,-1424,-851,3744,4513,-9469,-15854,-9196,-3035,-621,-192
3819,-2620,-1335,-765,3494,4184,-9001,-15133,-8889,-3046,-917,-515
3540,-2431,-1220,-718,3234,3885,-8546,-14421,-8567,-3037,-1178,-812
3245,-2297,-1032,-759,2914,3614,-8120,-13739,-8251,-3033,-1426,-1102
2984,-2183,-857,-806,2623,3381,-7694,-13059,-7918,-3001,-1640,-1365
2744,-2085,-685,-864,2348,3175,-7273,-12390,-7573,-2944,-1829,-1603
2518,-1998,-515,-930,2081,2986,-6860,-11735,-7220,-2871,-1997,-1817
2328,-1891,-403,-945,1877,2810,-6445,-11079,-6849,-2761,-2123,-1990
2163,-1776,-324,-935,1711,2645,-6042,-10436,-6473,-2632,-2214,-2136
2006,-1673,-243,-934,1548,2495,-5658,-9818,-6104,-2499,-2286,-2264
1870,-1568,-187,-916,1415,2357,-5276,-9221,-5735,-2351,-2340,-2362
1784,-1445,-203,-838,1362,2240,-4882,-8630,-5354,-2169,-2363,-2419
1732,-1339,-238,-758,1345,2156,-4503,-8055,-4981,-1989,-2363,-2464
1665,-1284,-212,-753,1278,2096,-4167,-7526,-4642,-1852,-2367,-2523
1577,-1276,-123,-820,1156,2052,-3875,-7045,-4340,-1753,-2385,-2597
1483,-1294,-6,-922,1011,2020,-3617,-6602,-4065,-1671,-2414,-2676
1420,-1304,68,-989,917,1999,-3362,-6167,-3791,-1569,-2425,-2739
1403,-1304,79,-1006,896,2001,-3101,-5732,-3508,-1440,-2404,-2780
1399,-1317,87,-1027,887,2018,-2852,-5317,-3239,-1313,-2371,-2812
1388,-1349,116,-1074,859,2038,-2625,-4927,-2988,-1202,-2331,-2839
1357,-1399,179,-1154,796,2055,-2421,-4569,-2758,-1107,-2299,-2861
1334,-1457,237,-1234,743,2079,-2229,-4230,-2537,-1012,-2268,-2870
1335,-1505,260,-1282,729,2109,-2040,-3905,-2320,-899,-2232,-2860
1384,-1524,202,-1257,801,2149,-1839,-3575,-2093,-758,-2173,-2822
1434,-1551,150,-1237,870,2191,-1649,-3263,-1876,-623,-2116,-2784
1488,-1580,96,-1216,943,2235,-1467,-2968,-1668,-494,-2055,-2748
1548,-1607,32,-1186,1026,2278,-1291,-2692,-1470,-371,-1988,-2712
1585,-1653,10,-1195,1066,2315,-1140,-2452,-1297,-280,-1937,-2691
1613,-1701,2,-1212,1091,2345,-1003,-2237,-1142,-199,-1897,-2683
1652,-1738,-27,-1208,1136,2373,-866,-2032,-992,-115,-1854,-2671
1686,-1776,-47,-1208,1172,2396,-740,-1835,-853,-39,-1810,-2665
1686,-1834,-10,-1259,1147,2407,-637,-1655,-734,14,-1779,-2675
1666,-1875,34,-1303,1104,2394,-534,-1484,-618,69,-1761,-2684
1673,-1866,4,-1263,1128,2364,-405,-1297,-484,157,-1735,-2674
1715,-1806,-107,-1135,1229,2324,-251,-1090,-327,275,-1691,-2644
1776,-1715,-263,-957,1374,2277,-83,-874,-157,406,-1633,-2600
1816,-1632,-385,-808,1482,2223,75,-669,3,519,-1580,-2563
1824,-1572,-448,-714,1529,2163,217,-485,145,606,-1539,-2541
1829,-1506,-509,-617,1573,2099,360,-305,288,695,-1491,-2515
1843,-1420,-594,-494,1640,2032,511,-120,438,798,-1434,-2484
1873,-1321,-705,-347,1734,1968,663,72,588,901,-1370,-2451
1898,-1227,-802,-214,1816,1907,803,260,730,988,-1310,-2423
1904,-1154,-856,-125,1857,1851,926,435,855,1050,-1260,-2408
1859,-1120,-820,-125,1804,1790,1016,579,946,1073,-1237,-2419
1805,-1082,-776,-130,1739,1725,1099,718,1023,1085,-1220,-2434
1738,-1042,-720,-142,1658,1654,1171,848,1088,1079,-1212,-2450
1660,-1002,-654,-164,1561,1578,1235,966,1140,1055,-1223,-2473
1606,-939,-633,-143,1511,1508,1303,1091,1193,1043,-1232,-2491
1563,-866,-636,-100,1484,1441,1370,1216,1245,1036,-1239,-2512
1513,-796,-629,-68,1444,1376,1429,1330,1289,1027,-1249,-2537
1466,-711,-643,-13,1421,1306,1494,1437,1336,1038,-1254,-2550
1449,-593,-723,106,1461,1236,1578,1555,1401,1083,-1238,-2538
1448,-478,-818,233,1521,1181,1656,1677,1465,1127,-1215,-2522
1426,-408,-849,287,1524,1144,1706,1776,1504,1131,-1212,-2532
1377,-388,-807,257,1460,1124,1732,1846,1514,1090,-1234,-2571
1308,-397,-720,180,1352,1110,1742,1894,1504,1028,-1274,-2622
1253,-399,-658,124,1270,1100,1761,1945,1497,985,-1309,-2663
1227,-385,-645,112,1240,1100,1793,2007,1502,966,-1328,-2689
1201,-384,-622,85,1203,1107,1821,2060,1501,943,-1344,-2716
1157,-410,-559,14,1127,1119,1832,2092,1483,900,-1368,-2754
1084,-460,-445,-105,999,1127,1824,2095,1441,835,-1409,-2803
1009,-518,-324,-233,865,1136,1813,2086,1392,765,-1453,-2846
950,-567,-230,-334,760,1147,1814,2079,1349,718,-1491,-2874
939,-586,-217,-360,742,1168,1841,2091,1332,716,-1502,-2878
924,-611,-196,-393,716,1188,1865,2097,1313,717,-1514,-2886
907,-633,-176,-421,691,1201,1887,2096,1292,723,-1522,-2897
894,-653,-165,-441,675,1212,1909,2091,1270,731,-1521,-2910
856,-699,-103,-508,610,1220,1910,2065,1233,720,-1532,-2937
805,-762,-11,-605,517,1226,1901,2034,1191,703,-1550,-2968
764,-826,74,-696,436,1237,1895,2011,1157,691,-1562,-2996
728,-903,166,-799,353,1256,1882,1995,1124,672,-1569,-3031
677,-1006,302,-947,232,1279,1850,1968,1074,632,-1591,-3088
621,-1094,429,-1077,115,1286,1822,1942,1026,597,-1620,-3141
605,-1127,462,-1107,88,1281,1827,1946,1013,613,-1625,-3161
637,-1102,392,-1028,161,1266,1871,1985,1041,680,-1597,-3151
699,-1041,257,-883,298,1246,1945,2052,1099,774,-1546,-3123
750,-985,141,-751,415,1220,2019,2123,1161,853,-1501,-3098
772,-950,76,-669,478,1188,2083,2180,1215,907,-1469,-3082
795,-909,8,-581,544,1153,2155,2242,1277,963,-1432,-3061
834,-851,-92,-460,642,1117,2244,2318,1358,1036,-1384,-3030
897,-780,-226,-310,778,1089,2344,2413,1455,1120,-1321,-2990
958,-716,-349,-171,905,1064,2442,2512,1558,1203,-1253,-2952
1002,-672,-434,-74,994,1044,2523,2603,1650,1263,-1192,-2927
997,-670,-426,-67,989,1022,2566,2659,1710,1274,-1162,-2932
983,-668,-408,-71,970,996,2593,2710,1759,1268,-1140,-2946
957,-672,-371,-92,930,969,2605,2753,1797,1246,-1133,-2970
920,-678,-320,-126,872,939,2606,2787,1825,1213,-1142,-3004
911,-661,-319,-114,866,916,2615,2831,1859,1198,-1144,-3027
919,-631,-345,-77,887,897,2629,2883,1896,1195,-1136,-3039
919,-601,-364,-49,898,878,2643,2933,1930,1192,-1130,-3045
921,-558,-395,-6,917,854,2665,2980,1962,1199,-1127,-3043
950,-486,-483,92,991,833,2708,3036,2008,1234,-1114,-3020
991,-419,-576,187,1075,824,2746,3090,2050,1265,-1098,-2999
998,-395,-593,201,1086,825,2752,3118,2066,1257,-1102,-3002
967,-412,-529,131,1016,830,2728,3116,2052,1212,-1133,-3031
913,-451,-422,17,901,836,2688,3097,2020,1147,-1188,-3075
872,-473,-345,-67,815,841,2659,3088,1992,1101,-1243,-3112
861,-472,-322,-100,785,852,2651,3095,1976,1082,-1279,-3131
852,-471,-304,-129,760,864,2645,3102,1957,1065,-1306,-3149
833,-477,-270,-174,717,874,2630,3098,1928,1032,-1334,-3180
794,-488,-212,-237,646,875,2606,3077,1890,988,-1371,-3224
757,-491,-168,-284,585,869,2584,3055,1857,957,-1403,-3266
732,-473,-160,-292,559,859,2573,3041,1838,948,-1425,-3293
750,-421,-232,-220,615,851,2587,3054,1844,974,-1414,-3291
762,-381,-287,-167,656,845,2593,3064,1847,988,-1403,-3285
770,-358,-324,-134,684,847,2583,3065,1844,988,-1398,-3282
779,-350,-350,-116,707,857,2564,3059,1835,977,-1394,-3281
760,-376,-316,-158,673,869,2525,3033,1810,952,-1406,-3298
726,-417,-254,-225,612,878,2482,2997,1778,931,-1420,-3323
700,-454,-206,-278,566,887,2448,2968,1753,923,-1427,-3345
678,-497,-156,-334,523,900,2413,2939,1725,907,-1434,-3370
637,-566,-62,-434,438,916,2359,2896,1678,859,-1458,-3416
594,-632,29,-528,355,926,2311,2851,1632,815,-1490,-3462
593,-657,39,-540,355,934,2296,2836,1617,820,-1498,-3478
636,-643,-33,-469,439,944,2318,2858,1640,877,-1473,-3460
706,-607,-155,-351,575,956,2367,2908,1691,961,-1422,-3419
763,-588,-244,-264,681,970,2415,2954,1741,1029,-1374,-3387
785,-593,-272,-236,721,975,2442,2980,1772,1067,-1350,-3376
802,-593,-299,-205,757,974,2467,3002,1795,1098,-1333,-3370
828,-579,-348,-151,814,969,2498,3027,1820,1134,-1322,-3364
876,-553,-427,-69,903,970,2536,3061,1850,1174,-1307,-3356
916,-534,-492,-4,978,972,2577,3098,1877,1207,-1298,-3354
939,-537,-514,17,1010,977,2608,3127,1893,1216,-1301,-3364
911,-580,-445,-51,947,976,2609,3129,1883,1184,-1331,-3396
882,-619,-376,-117,882,973,2606,3132,1872,1151,-1362,-3428
850,-651,-311,-177,818,965,2592,3135,1863,1118,-1395,-3458
809,-677,-240,-240,742,948,2570,3133,1850,1081,-1433,-3493
797,-676,-223,-249,719,934,2563,3147,1851,1064,-1454,-3519
806,-663,-238,-231,732,927,2566,3172,1862,1057,-1469,-3543
808,-651,-244,-221,732,919,2567,3194,1872,1048,-1494,-3575
808,-625,-259,-197,737,901,2578,3218,1888,1052,-1523,-3600
829,-558,-335,-107,794,872,2615,3260,1929,1089,-1534,-3600
861,-485,-427,-2,869,847,2657,3312,1978,1131,-1529,-3590
859,-446,-451,33,877,824,2670,3343,2003,1137,-1534,-3595
814,-443,-394,-9,801,797,2650,3349,2003,1107,-1558,-3623
744,-464,-290,-100,677,771,2612,3338,1987,1055,-1600,-3667
688,-474,-212,-166,580,747,2583,3336,1979,1022,-1639,-3703
664,-456,-193,-174,544,727,2569,3350,1985,1014,-1658,-3724
643,-441,-177,-181,513,711,2550,3358,1985,1002,-1668,-3751
616,-441,-142,-211,466,702,2521,3357,1978,978,-1681,-3785
570,-457,-73,-272,384,690,2487,3341,1964,940,-1707,-3827
528,-469,-14,-325,313,679,2457,3326,1953,912,-1731,-3865
504,-466,9,-341,280,670,2437,3324,1953,908,-1742,-3892
533,-432,-52,-281,338,675,2442,3345,1979,943,-1722,-3891
568,-407,-113,-225,402,689,2446,3363,2006,974,-1698,-3880
607,-390,-170,-178,468,711,2448,3377,2029,999,-1673,-3862
649,-380,-225,-134,535,737,2448,3388,2049,1020,-1646,-3840
658,-396,-224,-145,544,758,2429,3380,2051,1011,-1637,-3836
645,-425,-188,-185,517,771,2404,3362,2045,993,-1639,-3841
641,-453,-162,-218,502,789,2383,3350,2044,989,-1630,-3841
641,-493,-130,-261,488,815,2356,3341,2041,988,-1611,-3842
625,-562,-53,-353,433,849,2309,3323,2021,969,-1603,-3864
604,-623,20,-435,378,873,2268,3302,2003,955,-1602,-3886
625,-638,7,-429,409,893,2262,3310,2014,985,-1580,-3880
693,-605,-103,-326,536,911,2292,3352,2059,1063,-1528,-3840
787,-545,-266,-169,716,929,2344,3413,2126,1166,-1454,-3781
871,-498,-405,-37,872,946,2390,3469,2189,1250,-1386,-3730
911,-478,-473,30,951,951,2414,3501,2230,1301,-1341,-3700
939,-453,-533,93,1015,943,2436,3528,2267,1349,-1303,-3670
971,-413,-613,178,1094,929,2465,3561,2307,1403,-1265,-3636
1024,-362,-724,290,1207,919,2504,3602,2352,1462,-1220,-3595
1072,-314,-827,393,1310,908,2538,3642,2390,1507,-1176,-3558
1100,-292,-884,446,1367,901,2557,3668,2410,1525,-1143,-3536
1076,-313,-845,406,1325,888,2547,3659,2396,1498,-1144,-3542
1042,-337,-794,354,1267,871,2529,3641,2369,1464,-1152,-3553
1000,-362,-732,294,1195,850,2507,3618,2335,1428,-1160,-3562
941,-387,-652,219,1099,819,2480,3588,2296,1389,-1176,-3573
897,-386,-611,187,1038,783,2466,3571,2267,1375,-1181,-3574
863,-369,-595,182,999,744,2462,3563,2249,1376,-1178,-3573
817,-353,-563,163,941,700,2454,3547,2226,1370,-1182,-3580
766,-324,-538,158,883,646,2450,3527,2204,1365,-1193,-3585
740,-258,-573,216,882,588,2468,3523,2199,1388,-1194,-3573
736,-188,-630,292,910,543,2494,3526,2199,1410,-1190,-3557
709,-153,-628,304,882,508,2498,3512,2183,1400,-1200,-3560
645,-156,-549,241,780,476,2478,3478,2148,1358,-1229,-3587
562,-177,-431,139,638,444,2445,3435,2101,1301,-1275,-3629
495,-182,-343,69,529,415,2420,3405,2065,1264,-1318,-3664
471,-161,-324,63,495,398,2411,3398,2048,1249,-1341,-3684
463,-145,-315,61,479,395,2402,3395,2035,1234,-1356,-3707
450,-144,-287,38,449,399,2379,3385,2017,1208,-1376,-3741
420,-158,-228,-13,388,402,2344,3358,1992,1168,-1408,-3783
394,-174,-172,-63,334,409,2309,3328,1969,1137,-1442,-3825
382,-178,-144,-85,309,417,2286,3303,1959,1132,-1466,-3854
415,-153,-191,-36,365,435,2293,3305,1976,1166,-1465,-3857
449,-139,-230,2,418,459,2303,3304,1994,1198,-1460,-3857
484,-130,-267,36,472,487,2312,3301,2011,1228,-1454,-3859
526,-122,-313,77,537,517,2324,3303,2031,1260,-1442,-3861
542,-132,-316,79,557,540,2321,3289,2037,1269,-1446,-3881
547,-156,-298,59,557,563,2312,3266,2038,1269,-1456,-3909
567,-180,-296,50,578,594,2310,3255,2046,1284,-1454,-3921
592,-213,-292,35,601,632,2310,3253,2058,1307,-1440,-3924
596,-277,-239,-34,578,675,2294,3244,2054,1316,-1423,-3935
592,-341,-181,-105,545,710,2285,3233,2054,1333,-1404,-3941
625,-360,-204,-92,591,738,2306,3248,2077,1383,-1368,-3919
697,-331,-318,14,722,759,2354,3289,2126,1467,-1314,-3872
791,-275,-480,171,900,773,2411,3339,2186,1559,-1248,-3817
870,-234,-613,297,1047,787,2454,3375,2233,1623,-1193,-3772
908,-218,-680,362,1120,789,2478,3385,2260,1655,-1159,-3746
930,-199,-733,420,1173,776,2500,3389,2282,1683,-1128,-3716
953,-161,-807,503,1237,750,2526,3395,2303,1714,-1095,-3680
987,-104,-910,617,1327,719,2556,3404,2323,1747,-1059,-3644
1015,-43,-1009,730,1408,680,2580,3408,2334,1767,-1036,-3620
1031,2,-1079,812,1460,643,2585,3402,2330,1764,-1028,-3617
1007,2,-1063,804,1427,610,2561,3368,2301,1727,-1054,-3642
987,-9,-1038,782,1389,587,2542,3341,2271,1700,-1080,-3664
968,-27,-1006,750,1346,571,2531,3319,2245,1685,-1095,-3675
939,-54,-954,696,1282,556,2522,3293,2220,1677,-1099,-3678
931,-60,-940,680,1257,544,2524,3283,2209,1696,-1080,-3668
934,-52,-949,687,1254,531,2529,3285,2209,1731,-1048,-3650
928,-41,-950,688,1239,514,2531,3284,2209,1764,-1022,-3640
922,-15,-964,707,1234,489,2538,3284,2216,1803,-1003,-3626
942,51,-1042,794,1289,459,2572,3303,2246,1872,-972,-3586
982,124,-1144,899,1373,440,2614,3335,2283,1948,-927,-3538
1000,158,-1184,936,1402,436,2635,3349,2302,1992,-893,-3510
983,153,-1149,895,1358,438,2630,3340,2300,2001,-882,-3506
944,126,-1067,808,1270,442,2608,3317,2282,1996,-891,-3518
917,109,-1010,744,1208,451,2594,3299,2268,2004,-899,-3520
927,110,-1007,727,1208,474,2598,3301,2266,2034,-884,-3500
943,99,-999,701,1210,511,2599,3306,2262,2063,-863,-3485
950,63,-958,636,1186,559,2581,3302,2243,2070,-852,-3490
931,2,-867,523,1114,608,2538,3279,2208,2050,-860,-3513
906,-62,-770,406,1036,655,2490,3251,2168,2028,-873,-3535
887,-112,-693,312,976,697,2449,3227,2132,2021,-881,-3545
903,-126,-690,294,991,738,2433,3229,2120,2050,-864,-3532
912,-139,-683,277,1001,773,2418,3229,2106,2077,-850,-3524
911,-151,-669,257,1001,798,2397,3223,2089,2097,-845,-3524
909,-160,-659,244,1004,820,2375,3219,2069,2115,-844,-3529
879,-197,-595,180,954,838,2337,3194,2028,2108,-862,-3552
835,-253,-500,84,875,858,2292,3156,1975,2088,-895,-3585
804,-309,-421,1,815,882,2253,3123,1929,2075,-923,-3620
780,-370,-345,-82,761,910,2211,3096,1882,2055,-949,-3662
737,-455,-227,-207,667,939,2151,3060,1823,2012,-987,-3722
687,-539,-105,-332,565,959,2091,3018,1769,1968,-1032,-3782
676,-580,-65,-373,541,973,2064,3002,1745,1973,-1054,-3812
708,-568,-121,-313,611,976,2072,3017,1757,2027,-1043,-3805
769,-522,-242,-188,740,974,2102,3055,1795,2106,-1005,-3772
827,-484,-352,-74,858,971,2128,3090,1834,2177,-965,-3737
857,-473,-406,-16,919,966,2137,3108,1858,2219,-943,-3718
892,-463,-464,44,984,963,2145,3125,1882,2262,-919,-3697
938,-443,-544,124,1068,959,2162,3148,1914,2311,-889,-3667
1005,-409,-656,234,1186,959,2186,3179,1952,2366,-848,-3625
1065,-374,-763,340,1294,952,2203,3205,1985,2414,-807,-3585
1107,-352,-838,415,1367,943,2205,3222,2006,2442,-772,-3558
1097,-369,-820,400,1342,926,2178,3209,1999,2429,-761,-3556
1076,-396,-782,363,1295,909,2148,3194,1991,2411,-753,-3556
1052,-431,-730,309,1236,899,2119,3181,1987,2393,-746,-3553
1017,-477,-654,230,1152,889,2088,3161,1979,2369,-748,-3557
1004,-505,-616,186,1107,885,2071,3156,1982,2366,-741,-3553
1004,-516,-606,169,1090,883,2064,3165,1995,2379,-730,-3544
995,-526,-585,144,1058,875,2059,3172,2010,2389,-727,-3536
984,-518,-578,137,1035,859,2067,3184,2033,2411,-727,-3520
1004,-466,-642,204,1078,837,2108,3216,2083,2471,-708,-3478
1044,-400,-739,301,1159,823,2160,3262,2141,2539,-671,-3425
1062,-363,-781,339,1188,817,2187,3286,2176,2571,-647,-3391
1045,-363,-749,303,1145,815,2186,3282,2184,2568,-644,-3379
1009,-384,-676,224,1064,817,2169,3262,2172,2544,-654,-3382
985,-393,-626,168,1008,822,2158,3249,2162,2534,-660,-3379
996,-375,-637,170,1017,834,2163,3257,2168,2554,-645,-3361
1010,-360,-647,170,1029,851,2165,3266,2177,2575,-629,-3345
1010,-361,-629,143,1014,870,2156,3263,2174,2581,-621,-3338
986,-379,-573,80,961,886,2135,3246,2161,2572,-626,-3338
966,-401,-517,16,912,906,2112,3230,2150,2563,-631,-3335
966,-412,-494,-17,900,933,2099,3221,2153,2579,-628,-3321
1011,-392,-551,26,973,968,2112,3234,2183,2634,-601,-3284
1052,-370,-606,72,1043,997,2125,3248,2216,2688,-575,-3247
1082,-353,-650,110,1100,1021,2133,3258,2244,2731,-551,-3213
1113,-340,-693,148,1159,1046,2134,3265,2270,2768,-527,-3184
1115,-356,-681,131,1161,1068,2114,3250,2277,2774,-522,-3177
1100,-394,-632,78,1129,1091,2084,3223,2275,2763,-530,-3188
1097,-434,-596,34,1114,1122,2061,3204,2277,2759,-530,-3199
1105,-486,-560,-16,1106,1164,2040,3194,2280,2757,-523,-3213
1094,-568,-477,-116,1054,1211,1996,3173,2267,2734,-527,-3248
1066,-651,-379,-225,980,1245,1945,3143,2247,2705,-542,-3287
1063,-691,-348,-259,968,1265,1913,3129,2244,2709,-545,-3305
1097,-683,-403,-204,1036,1274,1906,3137,2263,2752,-524,-3299
1154,-649,-507,-99,1151,1280,1916,3156,2297,2814,-486,-3280
1204,-624,-594,-11,1249,1286,1924,3169,2327,2868,-448,-3265
1219,-624,-621,20,1281,1283,1915,3162,2341,2898,-429,-3261
1228,-614,-649,59,1310,1269,1906,3156,2352,2928,-414,-3255
1247,-579,-712,135,1366,1245,1909,3162,2370,2966,-394,-3241
1294,-526,-818,251,1469,1227,1927,3185,2402,3025,-358,-3213
1348,-470,-931,373,1579,1212,1951,3219,2442,3087,-313,-3176
1397,-428,-1023,469,1669,1203,1973,3249,2479,3136,-270,-3142
1400,-422,-1032,485,1671,1188,1973,3255,2486,3143,-255,-3132
1394,-415,-1030,493,1659,1166,1971,3257,2487,3142,-247,-3121
1383,-406,-1024,497,1639,1141,1970,3259,2486,3137,-241,-3109
1358,-404,-995,480,1594,1113,1962,3253,2479,3120,-242,-3101
1355,-381,-1006,501,1588,1086,1964,3258,2476,3117,-231,-3084
1364,-344,-1043,547,1606,1060,1970,3271,2475,3119,-214,-3060
1365,-309,-1069,583,1612,1031,1971,3276,2467,3107,-207,-3041
1365,-265,-1102,628,1622,998,1976,3277,2461,3103,-204,-3024
1391,-188,-1193,732,1687,962,2009,3296,2478,3139,-182,-2990
1433,-106,-1305,852,1779,935,2045,3329,2505,3188,-150,-2954
1450,-60,-1356,906,1812,918,2052,3344,2516,3206,-135,-2941
1432,-55,-1330,880,1772,906,2027,3334,2500,3186,-145,-2958
1397,-80,-1259,804,1692,904,1980,3307,2466,3142,-175,-2991
1378,-103,-1207,742,1637,913,1939,3284,2438,3108,-208,-3018
1393,-108,-1209,728,1643,934,1913,3278,2425,3094,-234,-3026
1413,-121,-1209,708,1652,966,1886,3270,2411,3076,-266,-3034
1426,-158,-1182,654,1642,1010,1844,3250,2384,3046,-302,-3052
1417,-211,-1116,565,1593,1050,1793,3209,2348,3003,-345,-3082
1402,-261,-1052,480,1543,1085,1748,3168,2313,2970,-383,-3106
1399,-293,-1018,428,1523,1118,1719,3138,2286,2960,-409,-3113
1441,-286,-1071,462,1594,1154,1724,3140,2287,2992,-406,-3091
1486,-275,-1130,504,1671,1190,1733,3144,2290,3022,-401,-3065
1522,-268,-1181,540,1739,1223,1738,3146,2287,3043,-400,-3039
1557,-259,-1233,580,1808,1252,1743,3150,2282,3063,-388,-3008
1563,-273,-1234,572,1825,1277,1736,3136,2261,3067,-381,-2987
1547,-301,-1201,533,1805,1296,1721,3110,2233,3065,-379,-2976
1534,-323,-1177,506,1794,1310,1709,3088,2209,3068,-371,-2962
1523,-350,-1153,476,1783,1328,1689,3073,2187,3067,-358,-2951
1493,-404,-1081,398,1728,1348,1648,3047,2151,3040,-356,-2955
1447,-458,-993,310,1651,1356,1604,3013,2114,3013,-362,-2958
1429,-469,-978,299,1639,1352,1587,2998,2097,3025,-350,-2935
1452,-434,-1048,376,1712,1341,1601,3011,2111,3082,-310,-2883
1504,-377,-1171,503,1836,1332,1638,3043,2146,3165,-252,-2814
1551,-332,-1275,610,1943,1326,1672,3071,2184,3239,-196,-2749
1562,-316,-1311,653,1980,1313,1682,3081,2207,3284,-159,-2705
1566,-300,-1342,692,2006,1292,1688,3088,2228,3331,-125,-2664
1577,-271,-1387,748,2044,1265,1696,3100,2253,3383,-89,-2621
1610,-235,-1463,831,2116,1247,1706,3126,2284,3443,-41,-2572
1648,-207,-1533,902,2185,1237,1710,3151,2311,3491,8,-2525
1674,-205,-1564,930,2220,1235,1702,3166,2325,3517,48,-2493
1660,-255,-1500,859,2162,1242,1662,3150,2310,3494,54,-2498
1644,-321,-1417,766,2090,1257,1616,3130,2287,3462,50,-2514
1631,-390,-1334,669,2018,1278,1569,3109,2261,3425,44,-2528
1609,-461,-1236,559,1930,1296,1522,3082,2231,3380,29,-2542
1610,-503,-1188,502,1889,1310,1490,3072,2216,3359,27,-2543
1632,-519,-1186,492,1893,1324,1470,3076,2212,3355,36,-2533
1647,-527,-1185,486,1892,1329,1449,3074,2207,3351,43,-2527
1658,-518,-1194,496,1895,1324,1434,3070,2206,3355,48,-2518
1693,-471,-1264,572,1955,1312,1444,3077,2228,3386,67,-2486
1748,-410,-1367,678,2051,1306,1464,3094,2259,3431,96,-2442
1781,-375,-1421,733,2101,1307,1467,3097,2272,3447,115,-2413
1779,-372,-1408,720,2083,1309,1449,3083,2265,3435,122,-2404
1757,-386,-1358,671,2029,1311,1422,3062,2248,3415,121,-2400
1744,-381,-1337,654,2002,1310,1412,3052,2241,3415,131,-2383
1768,-340,-1389,708,2049,1312,1427,3064,2255,3449,168,-2342
1797,-299,-1450,768,2107,1320,1445,3081,2271,3486,211,-2299
1818,-268,-1493,810,2149,1330,1452,3093,2284,3519,248,-2263
1812,-251,-1498,817,2150,1334,1443,3088,2288,3539,263,-2239
1798,-235,-1497,821,2144,1334,1426,3075,2289,3558,269,-2218
1791,-210,-1517,845,2157,1333,1410,3061,2295,3585,278,-2192
1821,-152,-1608,939,2244,1335,1414,3068,2321,3641,312,-2146
1853,-101,-1697,1029,2332,1341,1415,3075,2343,3686,343,-2105
1880,-64,-1770,1099,2407,1353,1411,3077,2357,3718,363,-2075
1917,-38,-1845,1165,2491,1377,1408,3085,2373,3751,387,-2047
1932,-40,-1872,1182,2529,1403,1392,3083,2378,3772,403,-2034
1928,-59,-1864,1164,2530,1425,1370,3072,2376,3785,412,-2030
1924,-74,-1861,1155,2536,1442,1350,3066,2379,3806,426,-2017
1916,-101,-1845,1129,2531,1461,1324,3061,2380,3817,442,-2001
1881,-164,-1763,1036,2462,1484,1268,3039,2356,3795,442,-2004
1825,-242,-1645,910,2356,1500,1202,3001,2322,3762,433,-2014
1798,-289,-1585,844,2306,1511,1159,2979,2304,3759,442,-2001
1816,-287,-1618,873,2347,1517,1148,2986,2313,3796,480,-1959
1866,-254,-1711,963,2448,1522,1158,3013,2338,3853,541,-1896
1924,-224,-1804,1051,2552,1531,1175,3040,2363,3900,606,-1834
1953,-217,-1843,1088,2599,1533,1173,3044,2370,3921,649,-1790
1978,-204,-1880,1127,2641,1528,1170,3040,2372,3943,687,-1749
2009,-175,-1938,1190,2700,1515,1175,3040,2379,3979,732,-1699
2055,-131,-2022,1281,2783,1500,1188,3049,2393,4023,791,-1642
2098,-87,-2100,1367,2859,1482,1200,3056,2404,4058,849,-1588
2127,-65,-2141,1414,2900,1469,1199,3053,2403,4073,896,-1547
2113,-95,-2084,1361,2846,1462,1165,3018,2372,4045,913,-1534
2091,-147,-1998,1272,2766,1466,1124,2975,2337,4013,929,-1529
2066,-207,-1900,1170,2675,1473,1083,2933,2304,3989,946,-1526
2026,-274,-1777,1046,2557,1476,1034,2885,2270,3961,951,-1535
2004,-321,-1694,961,2478,1480,997,2850,2245,3951,962,-1540
1997,-345,-1647,915,2432,1479,969,2826,2232,3956,980,-1534
1982,-363,-1599,870,2379,1472,942,2798,2220,3958,1002,-1520
1962,-366,-1561,840,2330,1455,919,2769,2215,3970,1031,-1496
1966,-332,-1586,877,2340,1431,919,2755,2232,4012,1074,-1450
1991,-282,-1647,948,2388,1411,926,2755,2255,4059,1123,-1401
1995,-257,-1664,970,2394,1399,910,2741,2263,4074,1157,-1367
1969,-273,-1610,917,2333,1395,864,2705,2243,4050,1167,-1358
1924,-313,-1516,821,2234,1398,800,2658,2206,4008,1158,-1368
1893,-339,-1451,753,2165,1403,745,2620,2172,3980,1145,-1380
1902,-335,-1459,753,2174,1417,712,2606,2159,3978,1150,-1375
1923,-329,-1483,765,2201,1439,683,2598,2152,3975,1158,-1363
1940,-339,-1490,756,2218,1472,647,2588,2139,3960,1162,-1352
1942,-371,-1464,710,2204,1510,602,2564,2114,3932,1161,-1347
1942,-406,-1435,661,2189,1551,559,2542,2088,3909,1162,-1339
1952,-426,-1434,640,2200,1588,526,2528,2070,3908,1169,-1323
2002,-409,-1512,698,2293,1628,522,2540,2078,3948,1200,-1285
2048,-390,-1590,757,2384,1665,521,2552,2088,3990,1235,-1243
2079,-379,-1647,798,2453,1695,514,2559,2091,4019,1268,-1204
2107,-367,-1703,840,2520,1722,504,2564,2088,4039,1305,-1166
2106,-376,-1708,835,2534,1742,471,2545,2063,4027,1321,-1147
2085,-403,-1679,797,2513,1758,425,2509,2019,3998,1318,-1147
2074,-424,-1665,773,2508,1775,381,2474,1975,3972,1313,-1154
2069,-447,-1653,751,2508,1795,335,2445,1928,3946,1313,-1165
2045,-495,-1596,683,2465,1815,272,2405,1868,3902,1304,-1188
2008,-543,-1526,607,2403,1823,210,2356,1808,3861,1287,-1212
2006,-544,-1536,617,2417,1821,178,2332,1777,3867,1289,-1203
2051,-489,-1646,733,2527,1810,182,2344,1785,3929,1324,-1153
2124,-400,-1818,915,2696,1791,210,2382,1823,4024,1387,-1072
2196,-311,-1986,1093,2859,1769,239,2425,1870,4114,1458,-988
2235,-249,-2090,1212,2955,1739,250,2448,1903,4178,1513,-921
2266,-192,-2181,1318,3036,1706,258,2466,1935,4236,1564,-857
2306,-131,-2282,1435,3127,1674,273,2488,1976,4301,1618,-791
2372,-65,-2412,1574,3253,1654,299,2523,2028,4378,1685,-719
2445,-11,-2535,1702,3377,1645,325,2557,2080,4449,1752,-651
2507,28,-2632,1801,3476,1640,333,2585,2124,4501,1811,-595
2523,29,-2643,1817,3485,1628,306,2583,2143,4513,1844,-567
2531,19,-2634,1813,3475,1619,270,2574,2156,4518,1870,-545
2544,2,-2622,1800,3465,1619,234,2565,2171,4525,1893,-525
2545,-28,-2585,1762,3430,1621,195,2549,2181,4529,1905,-508
2563,-40,-2580,1755,3428,1625,169,2545,2200,4546,1927,-479
2593,-42,-2597,1768,3448,1633,150,2542,2219,4560,1951,-447
2605,-56,-2583,1751,3436,1640,123,2524,2224,4556,1965,-423
2600,-75,-2547,1714,3399,1641,96,2492,2220,4543,1970,-404
2607,-73,-2541,1709,3390,1640,92,2468,2230,4557,1984,-371
2628,-68,-2552,1716,3402,1650,102,2458,2245,4585,2010,-335
2625,-96,-2505,1659,3362,1670,91,2432,2240,4585,2025,-318
2592,-163,-2390,1530,3256,1698,56,2382,2208,4550,2019,-325
2542,-247,-2239,1363,3117,1731,6,2313,2160,4495,2001,-343
2498,-310,-2117,1229,3003,1756,-34,2245,2113,4454,1990,-348
2490,-327,-2079,1180,2971,1777,-52,2198,2082,4444,2002,-333
2488,-326,-2067,1160,2962,1793,-68,2156,2052,4441,2022,-316
2482,-320,-2057,1143,2953,1804,-91,2113,2016,4431,2037,-303
2457,-321,-2024,1108,2918,1809,-123,2062,1968,4401,2036,-302
2436,-317,-2003,1083,2894,1814,-149,2016,1923,4368,2026,-300
2431,-296,-2019,1095,2908,1819,-164,1979,1885,4345,2016,-293
2471,-237,-2118,1189,3008,1829,-157,1967,1872,4358,2023,-263
2517,-182,-2225,1286,3119,1845,-149,1958,1865,4373,2031,-229
2559,-146,-2312,1360,3216,1869,-145,1940,1851,4375,2036,-204
2608,-121,-2398,1427,3316,1904,-140,1921,1838,4375,2048,-179
2632,-130,-2428,1435,3364,1943,-151,1884,1811,4350,2044,-169
2633,-164,-2412,1399,3365,1980,-178,1834,1769,4308,2019,-172
2642,-205,-2399,1363,3375,2025,-201,1789,1728,4270,1991,-175
2656,-260,-2380,1315,3383,2078,-226,1749,1685,4230,1970,-181
2641,-344,-2304,1212,3334,2130,-272,1702,1622,4168,1944,-202
2603,-435,-2197,1087,3248,2167,-324,1645,1551,4101,1911,-227
2588,-488,-2152,1029,3218,2191,-356,1604,1498,4065,1890,-229
2613,-488,-2198,1070,3275,2205,-356,1592,1474,4072,1897,-200
2667,-459,-2300,1169,3386,2214,-334,1599,1469,4105,1923,-152
2723,-434,-2399,1264,3496,2226,-312,1607,1465,4132,1946,-108
2751,-440,-2435,1297,3544,2238,-308,1593,1441,4128,1945,-88
2777,-448,-2462,1323,3581,2246,-305,1574,1412,4121,1943,-70
2806,-443,-2502,1366,3628,2247,-295,1557,1384,4122,1950,-42
2850,-421,-2570,1440,3701,2245,-279,1551,1363,4137,1970,-2
2899,-393,-2645,1521,3781,2240,-266,1547,1344,4153,1993,39
2938,-379,-2691,1573,3832,2237,-265,1535,1317,4149,2007,68
2935,-406,-2651,1540,3797,2234,-288,1496,1266,4107,1996,71
2922,-440,-2589,1486,3738,2227,-314,1454,1214,4060,1981,71
2914,-471,-2534,1438,3686,2222,-339,1416,1168,4022,1970,73
2902,-508,-2463,1373,3619,2219,-361,1376,1124,3984,1950,75
2916,-527,-2437,1348,3599,2223,-367,1355,1095,3970,1936,89
2959,-525,-2456,1365,3627,2234,-360,1354,1081,3977,1930,113
3004,-519,-2481,1387,3661,2246,-351,1352,1071,3989,1921,134
3051,-500,-2521,1426,3705,2253,-330,1351,1068,4009,1918,159
3124,-441,-2628,1534,3812,2253,-279,1367,1091,4063,1943,208
3217,-363,-2775,1680,3961,2257,-215,1398,1128,4130,1995,275
3286,-311,-2874,1774,4062,2265,-173,1411,1149,4167,2040,327
3309,-297,-2892,1787,4080,2272,-157,1398,1145,4167,2067,357
3305,-309,-2861,1750,4049,2280,-159,1368,1123,4146,2082,372
3300,-314,-2838,1721,4025,2287,-161,1337,1100,4131,2097,388
3323,-292,-2877,1751,4062,2297,-146,1327,1093,4141,2130,420
3345,-270,-2919,1783,4104,2309,-134,1318,1088,4145,2163,449
3345,-265,-2926,1780,4110,2319,-141,1297,1070,4127,2184,463
3310,-283,-2881,1726,4060,2324,-168,1258,1035,4087,2182,459
3262,-311,-2815,1653,3988,2329,-205,1214,995,4036,2163,450
3220,-340,-2760,1587,3931,2339,-236,1174,961,3993,2142,448
3218,-347,-2769,1580,3943,2362,-241,1160,949,3988,2142,469
3216,-362,-2775,1566,3955,2390,-243,1151,940,3989,2143,492
3203,-390,-2757,1529,3945,2419,-248,1139,923,3985,2137,508
3190,-427,-2732,1482,3931,2455,-250,1125,902,3974,2129,521
3149,-496,-2648,1376,3858,2490,-264,1089,865,3934,2099,516
3082,-587,-2516,1225,3737,2522,-292,1036,812,3873,2049,491
3016,-677,-2386,1078,3618,2551,-319,984,759,3817,1999,463
2959,-766,-2263,937,3507,2583,-347,938,707,3763,1957,438
2888,-875,-2105,761,3365,2616,-392,887,641,3693,1910,402
2808,-977,-1943,588,3213,2636,-437,835,572,3625,1858,363
2767,-1028,-1867,508,3142,2645,-449,809,529,3601,1823,348
2787,-1024,-1905,542,3188,2655,-417,819,524,3632,1819,372
2853,-987,-2019,650,3314,2670,-357,852,543,3694,1841,420
2929,-944,-2145,771,3453,2685,-296,888,566,3757,1869,471
2978,-922,-2220,844,3537,2694,-254,901,572,3790,1879,507
3026,-906,-2283,907,3613,2703,-219,909,574,3810,1882,538
3087,-884,-2363,984,3706,2717,-178,922,582,3837,1892,576
3168,-851,-2471,1088,3830,2733,-134,945,597,3871,1917,622
3248,-812,-2580,1197,3952,2745,-96,967,611,3899,1949,668
3318,-786,-2664,1280,4049,2756,-68,981,616,3913,1983,705
3340,-796,-2662,1282,4056,2760,-66,968,595,3891,1996,715
3347,-810,-2640,1268,4040,2756,-69,949,566,3863,2004,716
3351,-822,-2616,1253,4019,2749,-68,936,542,3841,2015,717
3337,-843,-2563,1211,3966,2738,-73,917,515,3813,2017,711
3338,-849,-2541,1199,3943,2728,-64,910,500,3798,2023,714
3354,-838,-2549,1216,3951,2719,-46,915,494,3796,2032,724
3361,-828,-2548,1225,3947,2707,-33,914,482,3789,2033,732
3360,-812,-2546,1235,3936,2689,-19,906,468,3783,2027,740
3375,-763,-2591,1297,3968,2662,17,907,470,3804,2029,760
3406,-706,-2663,1379,4029,2644,58,914,477,3833,2039,782
3410,-680,-2676,1399,4034,2632,75,902,465,3829,2030,783
3378,-699,-2611,1336,3963,2629,70,868,432,3786,2001,764
3328,-744,-2501,1224,3851,2634,57,823,385,3728,1959,733
3290,-783,-2413,1127,3763,2648,58,789,349,3689,1924,710
3291,-791,-2396,1099,3749,2667,86,784,341,3689,1917,710
3300,-790,-2400,1090,3756,2688,120,790,346,3702,1920,720
3304,-800,-2391,1064,3752,2715,145,796,351,3710,1923,727
3283,-827,-2342,1000,3707,2738,157,792,349,3709,1915,726
3261,-857,-2292,933,3660,2762,167,792,349,3713,1904,726
3251,-881,-2262,884,3637,2792,181,801,356,3726,1892,733
3285,-877,-2306,905,3694,2831,221,838,386,3768,1903,767
3328,-877,-2357,927,3761,2879,263,880,421,3802,1920,804
3357,-894,-2379,921,3801,2926,296,910,444,3812,1927,831
3385,-912,-2400,915,3840,2973,325,936,462,3813,1932,850
3383,-951,-2372,864,3828,3011,338,940,459,3783,1918,845
3352,-998,-2308,786,3771,3032,341,928,442,3732,1883,822
3317,-1033,-2252,723,3717,3040,348,918,427,3690,1844,800
3283,-1068,-2197,664,3664,3044,352,911,412,3650,1804,775
3228,-1132,-2093,554,3564,3051,334,891,377,3580,1752,732
3155,-1213,-1952,410,3426,3054,302,854,329,3497,1687,677
3105,-1266,-1862,321,3336,3049,291,831,297,3445,1633,635
3095,-1278,-1852,315,3327,3042,310,836,295,3436,1605,622
3117,-1266,-1896,362,3373,3036,348,859,314,3455,1600,629
3144,-1256,-1941,410,3423,3033,382,887,338,3468,1598,636
3138,-1274,-1921,398,3407,3023,397,897,349,3454,1574,626
3129,-1294,-1896,381,3383,3010,416,911,362,3448,1550,614
3136,-1305,-1893,385,3385,3001,447,936,386,3461,1535,611
3177,-1297,-1941,437,3442,3000,492,978,423,3497,1540,620
3231,-1283,-2005,503,3520,3003,539,1028,463,3535,1554,631
3283,-1276,-2059,557,3586,3010,582,1078,497,3560,1567,640
3297,-1302,-2041,541,3581,3013,606,1109,511,3551,1560,627
3302,-1334,-2007,510,3558,3016,621,1133,517,3530,1548,606
3310,-1359,-1980,485,3542,3018,637,1159,524,3516,1539,584
3309,-1396,-1932,438,3505,3024,648,1176,524,3492,1520,553
3328,-1415,-1921,424,3507,3034,676,1205,537,3481,1511,530
3370,-1417,-1950,446,3550,3052,724,1250,564,3487,1510,522
3409,-1422,-1972,459,3587,3073,775,1294,591,3490,1504,514
3443,-1420,-1997,477,3623,3089,837,1338,622,3498,1493,509
3497,-1378,-2081,558,3711,3096,929,1395,675,3540,1497,527
3570,-1315,-2206,678,3840,3104,1034,1463,738,3598,1519,559
3615,-1280,-2276,740,3914,3117,1118,1509,781,3626,1531,573
3615,-1289,-2257,711,3898,3132,1174,1524,794,3613,1522,555
3583,-1326,-2180,624,3823,3147,1215,1522,791,3575,1498,520
3544,-1350,-2111,550,3749,3152,1257,1521,788,3544,1474,496
3534,-1334,-2115,550,3744,3152,1315,1546,805,3544,1475,495
3528,-1311,-2131,563,3750,3152,1370,1578,825,3542,1478,492
3515,-1297,-2134,561,3744,3154,1415,1613,839,3529,1473,476
3481,-1301,-2101,524,3699,3154,1447,1636,844,3501,1451,447
3441,-1303,-2067,489,3652,3150,1474,1658,849,3475,1422,415
3414,-1286,-2067,489,3635,3141,1506,1686,862,3463,1396,389
3431,-1229,-2152,574,3705,3134,1558,1735,901,3486,1393,386
3458,-1168,-2254,676,3794,3129,1616,1787,947,3513,1398,389
3467,-1122,-2324,747,3850,3121,1666,1828,983,3522,1394,384
3470,-1085,-2378,803,3891,3113,1712,1864,1011,3518,1388,374
3441,-1087,-2362,789,3865,3107,1734,1881,1019,3486,1362,344
3384,-1128,-2279,706,3776,3107,1739,1882,1009,3439,1315,295
3333,-1188,-2183,602,3682,3120,1743,1887,999,3398,1269,246
3294,-1268,-2077,481,3590,3153,1742,1897,990,3358,1226,192
3243,-1388,-1918,299,3454,3201,1716,1894,965,3287,1170,113
3176,-1521,-1728,88,3287,3245,1676,1874,929,3205,1097,14
3132,-1616,-1597,-57,3174,3278,1658,1865,909,3153,1036,-68
3131,-1658,-1559,-104,3152,3301,1676,1880,918,3146,998,-119
3157,-1665,-1582,-87,3187,3317,1719,1912,947,3162,974,-148
3189,-1668,-1611,-62,3231,3332,1766,1948,980,3176,954,-169
3185,-1692,-1581,-92,3210,3336,1792,1957,992,3151,914,-203
3171,-1714,-1541,-127,3175,3332,1813,1957,996,3119,868,-237
3164,-1719,-1522,-137,3158,3319,1845,1960,1004,3098,825,-261
3181,-1703,-1546,-105,3185,3307,1890,1973,1020,3094,796,-270
3210,-1678,-1589,-55,3233,3297,1939,1987,1037,3095,778,-274
3235,-1665,-1616,-24,3266,3291,1979,1993,1048,3083,763,-287
3225,-1687,-1573,-64,3229,3285,1992,1975,1041,3043,735,-318
3209,-1713,-1518,-115,3179,3278,2001,1955,1032,2996,706,-348
3194,-1728,-1476,-150,3139,3266,2014,1940,1029,2954,686,-367
3165,-1745,-1418,-197,3078,3246,2023,1925,1026,2911,666,-389
3154,-1748,-1392,-214,3050,3229,2047,1930,1041,2899,661,-400
3161,-1735,-1403,-196,3059,3216,2088,1956,1073,2910,670,-400
3157,-1720,-1406,-184,3054,3195,2130,1983,1107,2921,676,-402
3137,-1693,-1405,-165,3037,3158,2169,2003,1140,2933,673,-406
3137,-1637,-1457,-93,3067,3115,2221,2029,1186,2967,679,-390
3165,-1572,-1546,10,3142,3087,2277,2064,1239,3009,698,-363
3180,-1547,-1584,52,3174,3079,2310,2086,1274,3019,706,-355
3161,-1574,-1536,0,3125,3086,2310,2078,1280,2984,685,-378
3117,-1635,-1433,-111,3024,3099,2289,2050,1262,2925,646,-419
3075,-1695,-1334,-219,2926,3115,2271,2018,1240,2878,608,-461
3069,-1728,-1299,-267,2896,3139,2272,2005,1232,2860,587,-486
3073,-1756,-1281,-301,2884,3167,2277,1999,1227,2845,571,-510
3062,-1792,-1242,-354,2850,3193,2273,1988,1213,2814,549,-540
3022,-1839,-1164,-440,2771,3207,2258,1965,1192,2773,515,-576
2971,-1881,-1080,-528,2680,3211,2243,1940,1171,2737,479,-612
2926,-1902,-1024,-583,2614,3208,2236,1919,1154,2713,446,-640
2924,-1876,-1059,-547,2637,3201,2256,1923,1164,2731,438,-648
2936,-1833,-1125,-479,2691,3194,2283,1933,1182,2756,436,-654
2946,-1795,-1185,-418,2740,3189,2308,1940,1196,2768,429,-666
2969,-1753,-1260,-344,2808,3189,2334,1949,1211,2776,425,-680
2972,-1732,-1295,-311,2836,3190,2344,1943,1215,2758,405,-708
2955,-1734,-1285,-323,2821,3192,2344,1921,1206,2722,368,-746
2939,-1740,-1272,-338,2806,3195,2345,1902,1199,2691,332,-782
2926,-1751,-1256,-358,2790,3203,2346,1886,1194,2662,301,-815
2891,-1791,-1188,-431,2725,3215,2328,1860,1173,2609,260,-864
2836,-1843,-1086,-534,2623,3218,2302,1821,1147,2550,214,-920
2800,-1864,-1034,-582,2568,3211,2298,1793,1138,2522,181,-957
2803,-1839,-1064,-544,2592,3198,2320,1789,1152,2537,171,-971
2829,-1789,-1142,-456,2664,3181,2353,1798,1179,2574,175,-968
2858,-1750,-1210,-381,2731,3171,2378,1806,1205,2601,179,-963
2857,-1746,-1208,-376,2731,3162,2383,1793,1214,2600,167,-974
2848,-1756,-1183,-395,2709,3156,2385,1777,1217,2592,150,-987
2850,-1761,-1171,-402,2703,3151,2392,1767,1225,2589,134,-992
2874,-1751,-1195,-377,2734,3150,2409,1773,1244,2601,132,-986
2910,-1738,-1231,-339,2782,3153,2430,1786,1266,2618,137,-974
2942,-1726,-1261,-307,2822,3152,2447,1797,1282,2630,142,-966
2934,-1741,-1224,-337,2790,3142,2437,1784,1271,2607,124,-981
2914,-1762,-1169,-383,2738,3128,2419,1762,1249,2570,100,-1004
2900,-1777,-1126,-417,2698,3114,2407,1742,1229,2538,81,-1023
2873,-1796,-1068,-465,2640,3094,2394,1716,1204,2503,54,-1047
2860,-1793,-1045,-475,2614,3070,2393,1701,1188,2484,31,-1064
2867,-1770,-1064,-444,2629,3046,2397,1698,1181,2477,21,-1070
2871,-1746,-1081,-414,2641,3021,2397,1688,1174,2468,13,-1073
2870,-1717,-1100,-381,2652,2992,2401,1674,1171,2464,3,-1071
2889,-1660,-1170,-295,2710,2959,2425,1669,1189,2483,-1,-1047
2934,-1591,-1278,-177,2809,2937,2460,1678,1220,2515,6,-1015
2961,-1562,-1332,-121,2862,2932,2477,1673,1234,2519,3,-1006
2952,-1582,-1303,-156,2835,2938,2462,1641,1221,2486,-16,-1026
2917,-1635,-1215,-251,2751,2951,2426,1592,1189,2428,-47,-1061
2875,-1684,-1127,-344,2664,2959,2391,1543,1154,2379,-75,-1092
2861,-1702,-1100,-376,2636,2967,2374,1516,1136,2367,-79,-1105
2846,-1714,-1079,-400,2612,2972,2360,1493,1118,2362,-73,-1113
2814,-1734,-1034,-447,2561,2973,2336,1463,1090,2345,-70,-1131
2749,-1771,-940,-536,2455,2964,2295,1414,1048,2301,-85,-1164
2674,-1810,-835,-636,2336,2952,2252,1360,1003,2249,-108,-1201
2610,-1839,-750,-715,2238,2942,2211,1309,961,2204,-134,-1233
2589,-1829,-747,-713,2223,2934,2198,1283,943,2198,-141,-1238
2586,-1809,-771,-687,2238,2931,2195,1268,933,2207,-140,-1231
2583,-1801,-783,-677,2245,2937,2191,1251,924,2217,-140,-1222
2598,-1789,-815,-650,2277,2951,2195,1244,926,2238,-134,-1204
2594,-1791,-813,-656,2274,2961,2188,1225,915,2234,-144,-1203
2570,-1804,-779,-690,2235,2964,2172,1196,891,2207,-170,-1215
2555,-1812,-759,-712,2212,2969,2161,1175,873,2182,-188,-1221
2552,-1821,-748,-728,2202,2980,2157,1165,860,2164,-190,-1220
2529,-1853,-694,-787,2151,2991,2136,1149,829,2125,-194,-1233
2480,-1893,-607,-874,2059,2989,2104,1121,788,2076,-210,-1254
2451,-1898,-572,-902,2016,2973,2094,1110,764,2055,-218,-1257
2468,-1856,-632,-835,2067,2955,2114,1127,768,2076,-204,-1234
2522,-1784,-758,-703,2185,2939,2155,1164,788,2126,-178,-1197
2586,-1712,-894,-564,2317,2928,2196,1205,816,2178,-150,-1157
2619,-1674,-966,-490,2387,2917,2221,1228,831,2203,-143,-1134
2647,-1644,-1023,-431,2441,2906,2246,1246,844,2229,-140,-1114
2682,-1609,-1093,-359,2510,2895,2276,1264,859,2262,-131,-1089
2740,-1561,-1199,-253,2619,2889,2312,1289,878,2304,-110,-1055
2806,-1511,-1316,-139,2739,2886,2346,1313,891,2341,-83,-1024
2867,-1478,-1411,-50,2842,2891,2370,1325,890,2360,-56,-1003
2891,-1487,-1426,-41,2868,2897,2365,1309,862,2340,-50,-1006
2898,-1514,-1407,-67,2858,2905,2347,1283,821,2301,-56,-1022
2903,-1542,-1386,-94,2847,2913,2327,1258,781,2265,-64,-1042
2891,-1580,-1338,-145,2808,2916,2299,1227,740,2224,-87,-1070
2890,-1595,-1324,-159,2798,2913,2284,1211,711,2207,-104,-1082
2905,-1585,-1350,-130,2826,2905,2284,1215,701,2212,-101,-1071
2905,-1571,-1365,-105,2837,2886,2284,1221,693,2221,-91,-1055
2893,-1555,-1371,-86,2834,2860,2290,1225,688,2238,-81,-1040
2898,-1517,-1415,-27,2868,2832,2319,1243,704,2285,-60,-1012
2922,-1467,-1488,58,2933,2811,2355,1274,731,2342,-28,-979
2923,-1451,-1505,82,2946,2800,2364,1286,734,2358,-15,-968
2884,-1484,-1431,11,2872,2798,2339,1263,703,2319,-33,-987
2818,-1549,-1298,-120,2741,2802,2292,1218,650,2248,-73,-1026
2747,-1613,-1161,-255,2603,2805,2247,1171,592,2174,-118,-1064
2714,-1645,-1093,-323,2537,2814,2226,1150,553,2131,-139,-1081
2690,-1668,-1042,-375,2488,2825,2206,1139,519,2091,-158,-1096
2655,-1699,-974,-444,2420,2835,2177,1122,480,2040,-186,-1119
2594,-1743,-866,-549,2309,2840,2137,1091,429,1974,-228,-1156
2524,-1787,-748,-661,2184,2838,2094,1051,375,1905,-275,-1201
2467,-1813,-663,-740,2090,2835,2062,1015,329,1855,-314,-1242
2450,-1797,-660,-737,2078,2832,2055,1002,309,1846,-330,-1259
2444,-1760,-689,-699,2094,2822,2057,997,297,1844,-339,-1261
2427,-1717,-711,-663,2099,2800,2050,985,284,1838,-353,-1257
2417,-1663,-754,-605,2122,2776,2048,979,277,1840,-358,-1241
2392,-1626,-765,-579,2115,2751,2033,964,263,1829,-369,-1235
2346,-1609,-736,-593,2066,2725,2006,937,240,1804,-388,-1241
2302,-1593,-708,-607,2020,2699,1985,919,225,1787,-399,-1241
2270,-1589,-681,-628,1982,2686,1968,910,215,1773,-400,-1238
2226,-1622,-605,-705,1904,2687,1927,892,190,1729,-417,-1255
2164,-1675,-492,-820,1788,2688,1869,861,149,1671,-456,-1284
2123,-1699,-429,-881,1721,2680,1831,845,124,1645,-487,-1295
2131,-1676,-463,-844,1751,2670,1829,859,132,1666,-487,-1272
2175,-1621,-564,-741,1850,2661,1855,897,165,1722,-459,-1224
2234,-1567,-679,-628,1968,2659,1884,943,207,1785,-419,-1174
2265,-1547,-732,-579,2025,2659,1894,969,235,1822,-397,-1142
2291,-1537,-768,-546,2068,2660,1903,991,263,1854,-380,-1114
2323,-1515,-821,-494,2126,2655,1922,1016,296,1890,-359,-1081
2367,-1479,-901,-414,2210,2647,1951,1050,339,1938,-331,-1041
2416,-1440,-987,-327,2300,2639,1982,1086,384,1991,-295,-997
2458,-1414,-1051,-263,2371,2634,2007,1114,423,2029,-259,-958
2459,-1429,-1034,-280,2361,2629,2006,1112,436,2027,-240,-940
2438,-1457,-980,-331,2311,2618,1991,1091,435,2011,-231,-935
2414,-1481,-929,-377,2261,2603,1971,1069,430,1996,-227,-935
2376,-1511,-857,-440,2188,2582,1941,1038,415,1967,-234,-942
2354,-1521,-820,-468,2147,2561,1921,1019,408,1950,-232,-936
2356,-1508,-831,-448,2156,2542,1916,1017,412,1952,-215,-913
2361,-1490,-850,-420,2170,2522,1909,1017,413,1955,-198,-889
2368,-1465,-879,-382,2193,2501,1908,1017,417,1968,-186,-861
2404,-1403,-974,-275,2279,2478,1933,1035,440,2012,-160,-815
2477,-1324,-1122,-121,2425,2469,1970,1069,476,2071,-119,-760
2541,-1279,-1227,-19,2536,2478,1986,1087,494,2099,-87,-724
2566,-1285,-1243,-12,2562,2498,1971,1073,480,2082,-84,-721
2569,-1320,-1209,-58,2539,2524,1941,1038,443,2040,-103,-739
2574,-1352,-1179,-98,2520,2551,1914,1001,401,1997,-127,-758
2595,-1358,-1194,-93,2541,2573,1899,977,370,1973,-139,-763
2609,-1360,-1208,-84,2558,2588,1882,957,341,1946,-148,-763
2600,-1379,-1183,-114,2533,2601,1854,929,302,1900,-162,-771
2557,-1419,-1103,-194,2449,2607,1807,879,246,1830,-195,-795
2495,-1464,-1003,-292,2339,2603,1756,819,186,1758,-239,-825
2436,-1492,-921,-367,2243,2592,1716,762,132,1702,-287,-853
2419,-1478,-925,-356,2232,2580,1712,733,105,1688,-316,-860
2418,-1453,-957,-320,2251,2572,1718,715,87,1686,-336,-857
2406,-1437,-968,-304,2249,2564,1719,694,67,1674,-357,-859
2400,-1421,-985,-284,2255,2558,1719,681,53,1662,-372,-860
2368,-1425,-956,-308,2213,2549,1701,652,28,1630,-395,-874
2306,-1456,-871,-388,2113,2536,1667,606,-11,1581,-430,-897
2244,-1497,-773,-483,2004,2529,1634,564,-49,1534,-464,-925
2195,-1545,-681,-579,1907,2534,1604,533,-81,1490,-488,-957
2139,-1612,-561,-705,1788,2546,1559,502,-124,1429,-520,-1004
2074,-1676,-435,-834,1658,2550,1512,465,-174,1358,-566,-1052
2043,-1694,-386,-880,1602,2543,1493,449,-206,1326,-599,-1073
2070,-1656,-452,-812,1662,2536,1515,470,-200,1351,-597,-1055
2142,-1587,-592,-674,1802,2537,1568,518,-164,1413,-570,-1010
2232,-1516,-750,-522,1966,2547,1631,575,-114,1488,-528,-960
2294,-1471,-857,-421,2077,2555,1681,619,-71,1547,-492,-923
2345,-1427,-948,-331,2172,2554,1722,657,-33,1604,-456,-887
2397,-1367,-1057,-218,2280,2543,1767,697,9,1665,-417,-840
2465,-1290,-1199,-72,2421,2529,1816,750,57,1732,-372,-784
2535,-1212,-1344,80,2567,2514,1857,802,102,1790,-329,-730
2594,-1150,-1463,202,2689,2503,1884,845,137,1828,-293,-685
2617,-1146,-1489,225,2724,2504,1881,862,141,1821,-278,-667
2620,-1182,-1454,181,2707,2520,1867,864,126,1797,-274,-664
2622,-1235,-1404,116,2680,2546,1849,863,102,1771,-270,-661
2601,-1302,-1316,17,2613,2567,1818,846,62,1727,-281,-670
2584,-1352,-1251,-56,2564,2580,1792,831,22,1692,-293,-675
2583,-1382,-1221,-92,2550,2591,1774,824,-9,1672,-297,-671
2570,-1412,-1180,-136,2520,2595,1749,806,-39,1649,-305,-673
2538,-1440,-1122,-190,2466,2587,1722,776,-67,1629,-315,-677
2513,-1436,-1100,-200,2440,2564,1713,750,-78,1635,-316,-667
2506,-1410,-1118,-169,2451,2538,1716,736,-75,1659,-302,-643
2474,-1404,-1091,-182,2415,2512,1703,711,-83,1662,-297,-632
2404,-1435,-988,-272,2302,2488,1668,668,-109,1634,-314,-646
2316,-1492,-838,-412,2144,2470,1618,614,-149,1586,-349,-680
2231,-1550,-691,-550,1989,2456,1567,564,-188,1544,-389,-718
2191,-1574,-621,-616,1915,2452,1539,543,-202,1535,-409,-734
2173,-1590,-582,-656,1875,2458,1517,537,-203,1536,-413,-738
2162,-1614,-541,-703,1837,2475,1493,537,-201,1535,-410,-738
2135,-1656,-466,-785,1765,2495,1460,527,-206,1521,-414,-745
2107,-1700,-389,-870,1692,2517,1430,521,-207,1510,-423,-753
2097,-1732,-342,-927,1649,2543,1412,527,-195,1517,-429,-753
2131,-1730,-374,-908,1689,2576,1424,563,-154,1566,-410,-723
2190,-1717,-444,-857,1770,2618,1454,614,-98,1630,-376,-677
2248,-1715,-501,-821,1843,2666,1486,662,-44,1689,-341,-632
2319,-1709,-579,-768,1938,2720,1524,717,14,1754,-295,-581
2375,-1723,-622,-752,2000,2776,1547,759,63,1799,-256,-539
2409,-1760,-621,-779,2020,2833,1552,783,101,1826,-232,-512
2444,-1799,-623,-805,2041,2888,1554,808,140,1857,-207,-488
2479,-1838,-625,-830,2065,2944,1551,836,181,1887,-175,-466
2493,-1903,-581,-902,2044,3000,1523,850,205,1889,-154,-462
2480,-1980,-500,-1006,1981,3044,1485,854,219,1882,-148,-465
2485,-2021,-474,-1049,1967,3075,1472,878,254,1906,-134,-448
2532,-2012,-540,-997,2043,3097,1498,937,321,1978,-94,-401
2614,-1972,-672,-880,2188,3121,1554,1021,408,2077,-37,-337
2709,-1930,-818,-751,2350,3151,1617,1114,500,2172,22,-277
2773,-1921,-898,-690,2447,3180,1663,1187,571,2229,58,-235
2828,-1925,-955,-651,2523,3211,1706,1254,635,2277,88,-192
2891,-1927,-1020,-607,2609,3243,1756,1327,705,2338,126,-140
2979,-1921,-1116,-536,2733,3288,1823,1417,787,2422,185,-75
3082,-1921,-1220,-464,2872,3345,1897,1515,874,2514,261,-4
3180,-1940,-1298,-422,2989,3410,1965,1608,958,2597,338,59
3240,-2001,-1295,-461,3027,3478,2007,1676,1020,2646,395,101
3280,-2078,-1254,-537,3027,3544,2039,1733,1070,2684,444,135
3329,-2155,-1223,-608,3039,3618,2079,1798,1124,2737,505,179
3375,-2247,-1172,-701,3035,3699,2118,1864,1178,2791,565,223
3444,-2326,-1155,-762,3070,3789,2169,1945,1242,2862,635,278
3545,-2384,-1191,-776,3161,3887,2235,2043,1319,2954,719,345
3650,-2443,-1230,-788,3257,3990,2304,2138,1398,3046,800,410
3753,-2499,-1270,-798,3353,4092,2373,2229,1477,3140,872,478
3878,-2524,-1361,-753,3497,4190,2463,2327,1575,3260,951,570
4032,-2528,-1503,-661,3695,4296,2565,2443,1689,3396,1043,675
4177,-2558,-1609,-611,3863,4415,2647,2550,1788,3509,1120,763
4285,-2630,-1636,-643,3953,4539,2697,2633,1859,3586,1169,821
4367,-2728,-1611,-727,3991,4666,2729,2701,1911,3639,1198,865
4448,-2829,-1583,-814,4028,4795,2762,2771,1965,3692,1227,915
4572,-2901,-1628,-834,4142,4935,2816,2873,2043,3778,1291,995
4715,-2965,-1702,-830,4287,5084,2875,2993,2131,3875,1379,1086
4859,-3036,-1770,-834,4430,5239,2928,3119,2219,3971,1477,1179
4989,-3126,-1808,-870,4543,5397,2967,3236,2302,4055,1570,1265
5121,-3225,-1842,-916,4655,5563,3004,3348,2388,4143,1659,1352
5275,-3319,-1902,-941,4799,5741,3052,3461,2483,4247,1757,1453
5474,-3389,-2034,-902,5021,5932,3128,3597,2606,4394,1884,1583
5702,-3453,-2202,-835,5285,6138,3220,3745,2745,4562,2030,1733
5928,-3535,-2351,-793,5536,6353,3315,3889,2887,4726,2180,1883
6167,-3624,-2507,-752,5799,6582,3416,4038,3036,4895,2339,2041
6400,-3742,-2628,-753,6035,6824,3509,4174,3178,5048,2494,2192
6618,-3888,-2708,-800,6234,7074,3594,4294,3309,5186,2638,2334
6845,-4036,-2794,-846,6442,7330,3680,4418,3443,5330,2789,2481
7083,-4188,-2886,-889,6663,7594,3766,4548,3581,5479,2950,2631
7307,-4375,-2930,-989,6840,7871,3831,4669,3702,5602,3103,2767
7511,-4591,-2923,-1142,6971,8152,3886,4774,3810,5708,3246,2894
7735,-4796,-2948,-1266,7137,8438,3960,4888,3931,5834,3398,3037
8005,-4966,-3052,-1314,7385,8729,4063,5025,4077,5996,3569,3204
8304,-5112,-3210,-1310,7689,9024,4184,5177,4243,6184,3752,3387
8619,-5258,-3381,-1299,8011,9327,4311,5334,4416,6381,3939,3576
8906,-5432,-3494,-1344,8277,9630,4423,5476,4580,6563,4115,3752
9188,-5613,-3595,-1401,8531,9933,4539,5621,4746,6753,4295,3930
9481,-5783,-3717,-1437,8805,10235,4674,5788,4932,6965,4494,4123
9800,-5936,-3880,-1434,9125,10542,4827,5983,5139,7199,4716,4334
10141,-6079,-4075,-1401,9480,10856,4990,6198,5361,7446,4952,4554
10485,-6224,-4270,-1370,9837,11173,5154,6423,5586,7690,5192,4771
10802,-6403,-4403,-1401,10135,11494,5298,6636,5795,7907,5419,4970
11114,-6600,-4513,-1459,10415,11825,5433,6849,5999,8125,5642,5165
11448,-6799,-4643,-1504,10723,12170,5579,7079,6215,8361,5881,5372
11780,-7009,-4761,-1562,11022,12521,5729,7314,6436,8603,6122,5579
12132,-7207,-4911,-1590,11356,12879,5898,7568,6674,8868,6379,5801
12517,-7388,-5110,-1573,11745,13247,6086,7843,6927,9153,6655,6040
12907,-7577,-5307,-1562,12136,13624,6277,8114,7182,9435,6928,6285
13294,-7773,-5496,-1559,12520,14005,6473,8376,7434,9716,7197,6532
13703,-7947,-5728,-1512,12947,14386,6686,8636,7696,10014,7471,6790
14136,-8105,-6001,-1427,13418,14774,6911,8893,7962,10313,7752,7056
14551,-8295,-6224,-1396,13844,15172,7114,9120,8201,10571,8017,7303
14917,-8531,-6352,-1458,14175,15571,7283,9303,8399,10770,8251,7522
15241,-8799,-6408,-1589,14429,15963,7424,9443,8559,10922,8455,7717
15539,-9071,-6434,-1743,14648,16344,7553,9550,8695,11048,8639,7900
15858,-9321,-6504,-1854,14908,16725,7695,9650,8829,11181,8828,8089
16176,-9566,-6579,-1957,15172,17103,7837,9732,8951,11303,9014,8272
16470,-9825,-6617,-2096,15396,17475,7963,9783,9050,11398,9184,8432
16722,-10099,-6597,-2284,15553,17832,8066,9794,9122,11463,9326,8563
16946,-10371,-6552,-2489,15673,18169,8157,9775,9177,11512,9447,8675
17156,-10623,-6512,-2679,15788,18485,8246,9730,9216,11548,9554,8779
17382,-10827,-6536,-2796,15955,18781,8350,9674,9256,11596,9662,8895
17612,-11003,-6592,-2875,16145,19061,8458,9598,9288,11638,9769,9019
17820,-11177,-6626,-2969,16305,19325,8553,9479,9295,11651,9858,9131
18026,-11343,-6666,-3055,16467,19584,8642,9321,9281,11654,9938,9239
18210,-11520,-6673,-3173,16592,19835,8707,9110,9235,11627,9997,9331
18365,-11710,-6637,-3328,16668,20072,8743,8837,9152,11568,10036,9408
18516,-11894,-6602,-3479,16742,20303,8762,8510,9041,11495,10069,9482
18680,-12075,-6582,-3620,16833,20539,8767,8134,8904,11409,10107,9557
18834,-12277,-6532,-3795,16898,20779,8745,7701,8727,11297,10140,9617
18972,-12490,-6455,-3995,16933,21015,8701,7205,8519,11164,10157,9669
19135,-12672,-6434,-4138,17022,21244,8658,6662,8301,11054,10184,9743
19347,-12805,-6512,-4181,17210,21472,8625,6079,8082,10985,10240,9851
19587,-12911,-6646,-4169,17454,21697,8578,5440,7852,10930,10315,9974
19820,-13026,-6764,-4173,17683,21922,8488,4724,7586,10854,10386,10087
20018,-13169,-6819,-4237,17848,22142,8344,3926,7273,10742,10433,10178
20211,-13312,-6871,-4303,18008,22358,8168,3065,6930,10619,10469,10266
20418,-13444,-6948,-4344,18195,22574,7973,2157,6565,10499,10507,10365
20652,-13554,-7076,-4335,18435,22793,7768,1218,6190,10389,10559,10477
20898,-13655,-7226,-4305,18699,23014,7549,250,5803,10281,10620,10595
21140,-13763,-7365,-4285,18954,23236,7308,-739,5401,10165,10684,10709
21348,-13909,-7433,-4338,19141,23461,7029,-1749,4973,10023,10733,10802
21530,-14071,-7461,-4427,19284,23680,6731,-2761,4536,9869,10767,10882
21711,-14220,-7502,-4497,19436,23889,6422,-3754,4103,9722,10796,10961
21867,-14367,-7520,-4581,19559,24083,6090,-4742,3667,9569,10813,11033
22024,-14490,-7563,-4631,19697,24263,5745,-5704,3241,9431,10839,11114
22196,-14584,-7651,-4631,19878,24434,5395,-6634,2834,9320,10885,11209
22363,-14668,-7745,-4620,20058,24598,5028,-7544,2435,9219,10937,11299
22522,-14742,-7840,-4600,20235,24751,4654,-8433,2043,9125,10982,11381
22702,-14781,-7989,-4521,20460,24897,4296,-9284,1678,9063,11032,11479
22912,-14795,-8193,-4388,20741,25048,3943,-10088,1341,9027,11101,11595
23113,-14837,-8359,-4299,20991,25213,3563,-10877,997,8970,11166,11697
23280,-14922,-8446,-4291,21166,25386,3143,-11678,627,8866,11206,11767
23421,-15034,-8479,-4337,21285,25560,2690,-12491,232,8722,11221,11813
23552,-15146,-8501,-4393,21389,25730,2219,-13304,-174,8559,11226,11850
23712,-15223,-8584,-4383,21553,25897,1756,-14089,-566,8423,11249,11904
23880,-15288,-8688,-4352,21735,26062,1286,-14856,-952,8298,11282,11960
24043,-15362,-8775,-4341,21900,26230,800,-15618,-1347,8166,11314,12009
24184,-15456,-8817,-4372,22021,26397,292,-16383,-1753,8019,11332,12048
24323,-15557,-8850,-4416,22133,26568,-225,-17137,-2161,7875,11342,12091
24483,-15648,-8910,-4435,22276,26747,-738,-17870,-2559,7748,11355,12142
24688,-15704,-9049,-4380,22501,26932,-1222,-18563,-2928,7665,11392,12217
24917,-15739,-9230,-4283,22769,27120,-1690,-19231,-3278,7610,11448,12310
25140,-15783,-9395,-4204,23023,27309,-2169,-19903,-3635,7546,11499,12402
25379,-15830,-9571,-4121,23294,27511,-2648,-20572,-3997,7483,11556,12500
25612,-15904,-9714,-4078,23539,27724,-3137,-21244,-4376,7399,11606,12589
25825,-16004,-9811,-4084,23740,27941,-3636,-21918,-4774,7290,11635,12662
26039,-16102,-9909,-4089,23943,28155,-4136,-22574,-5174,7186,11665,12734
26256,-16196,-10017,-4085,24155,28367,-4639,-23205,-5569,7089,11713,12806
26448,-16304,-10085,-4117,24325,28570,-5160,-23818,-5971,6980,11760,12862
26596,-16417,-10108,-4183,24436,28745,-5692,-24413,-6370,6868,11795,12903
26737,-16488,-10167,-4196,24567,28884,-6204,-24960,-6735,6793,11840,12959
26896,-16496,-10310,-4112,24768,28993,-6676,-25440,-7047,6781,11916,13048
27062,-16460,-10506,-3963,25009,29075,-7121,-25860,-7316,6816,12017,13165
27212,-16413,-10700,-3809,25239,29138,-7557,-26240,-7566,6858,12123,13281
27299,-16393,-10805,-3731,25368,29173,-8013,-26613,-7826,6856,12197,13365
27341,-16373,-10870,-3680,25441,29178,-8475,-26964,-8096,6822,12243,13429
27356,-16332,-10930,-3618,25494,29149,-8927,-27283,-8369,6771,12271,13484
27359,-16267,-11005,-3530,25550,29094,-9368,-27567,-8647,6703,12296,13535
27344,-16189,-11078,-3434,25591,29016,-9806,-27823,-8937,6613,12321,13580
27304,-16116,-11123,-3359,25598,28923,-10250,-28063,-9241,6499,12338,13612
27214,-16067,-11098,-3348,25526,28813,-10716,-28311,-9575,6337,12327,13619
27084,-16022,-11028,-3367,25397,28677,-11200,-28563,-9931,6141,12292,13611
26939,-15948,-10975,-3354,25270,28512,-11685,-28799,-10290,5942,12252,13606
26759,-15857,-10905,-3341,25107,28313,-12174,-29022,-10652,5730,12194,13594
26567,-15736,-10853,-3295,24949,28086,-12647,-29216,-11004,5529,12130,13585
26379,-15584,-10834,-3204,24816,27841,-13093,-29369,-11334,5347,12079,13579
26169,-15424,-10803,-3115,24658,27579,-13527,-29500,-11649,5169,12032,13569
25939,-15257,-10757,-3030,24477,27300,-13943,-29612,-11946,5005,11985,13559
25718,-15055,-10753,-2893,24329,27007,-14315,-29688,-12207,4878,11948,13569
25517,-14824,-10797,-2703,24224,26709,-14641,-29721,-12435,4779,11927,13596
25290,-14601,-10805,-2542,24078,26402,-14952,-29740,-12661,4654,11895,13599
25012,-14407,-10730,-2456,23841,26084,-15265,-29762,-12906,4481,11837,13561
24697,-14235,-10594,-2424,23538,25758,-15569,-29781,-13159,4280,11755,13493
24371,-14067,-10442,-2405,23216,25431,-15843,-29775,-13397,4082,11662,13417
24079,-13869,-10351,-2326,22957,25109,-16062,-29716,-13596,3924,11589,13358
23806,-13667,-10281,-2229,22723,24800,-16242,-29620,-13764,3781,11528,13303
23531,-13472,-10200,-2147,22480,24498,-16397,-29501,-13914,3641,11468,13242
23236,-13289,-10084,-2096,22199,24192,-16539,-29373,-14055,3494,11400,13167
22927,-13109,-9948,-2061,21897,23882,-16664,-29230,-14180,3355,11323,13088
22622,-12919,-9824,-2013,21604,23570,-16759,-29060,-14277,3241,11248,13010
22350,-12702,-9759,-1909,21373,23264,-16810,-28847,-14336,3164,11191,12948
22094,-12471,-9721,-1778,21172,22960,-16835,-28604,-14369,3104,11145,12899
21816,-12246,-9653,-1674,20935,22648,-16861,-28355,-14400,3028,11091,12848
21533,-12015,-9585,-1566,20696,22328,-16880,-28096,-14426,2948,11033,12802
21221,-11797,-9474,-1498,20409,21998,-16900,-27846,-14458,2845,10960,12743
20875,-11602,-9306,-1483,20063,21660,-16923,-27610,-14502,2719,10867,12663
20523,-11408,-9131,-1476,19709,21318,-16935,-27366,-14540,2594,10770,12575
20176,-11212,-8962,-1464,19364,20977,-16933,-27104,-14565,2478,10678,12481
19821,-11040,-8762,-1489,18993,20644,-16929,-26835,-14591,2348,10578,12366
19455,-10890,-8532,-1550,18596,20317,-16922,-26566,-14620,2204,10460,12231
19118,-10721,-8350,-1566,18253,19994,-16875,-26273,-14624,2091,10346,12107
18835,-10510,-8265,-1490,18010,19677,-16774,-25934,-14586,2037,10253,12009
18592,-10269,-8253,-1345,17845,19363,-16626,-25555,-14509,2028,10170,11930
18364,-10026,-8260,-1185,17701,19054,-16449,-25155,-14411,2032,10093,11853
18101,-9815,-8200,-1091,17493,18742,-16273,-24762,-14318,2016,10009,11754
17819,-9621,-8109,-1028,17251,18424,-16092,-24371,-14224,1994,9923,11644
17541,-9428,-8022,-962,17015,18107,-15893,-23971,-14119,1978,9840,11533
17281,-9228,-7963,-873,16811,17795,-15672,-23554,-13999,1975,9767,11425
17030,-9028,-7914,-775,16620,17486,-15437,-23127,-13871,1976,9699,11313
16772,-8841,-7848,-698,16413,17178,-15196,-22697,-13745,1965,9625,11194
16472,-8688,-7709,-690,16130,16862,-14967,-22290,-13642,1913,9527,11049
16138,-8551,-7521,-726,15791,16534,-14744,-21901,-13555,1833,9409,10883
15794,-8403,-7336,-751,15447,16189,-14510,-21514,-13469,1749,9289,10714
15421,-8249,-7130,-785,15069,15820,-14272,-21137,-13388,1658,9154,10535
15044,-8072,-6943,-790,14701,15433,-14020,-20754,-13296,1585,9021,10360
14679,-7865,-6799,-747,14368,15034,-13748,-20352,-13184,1541,8897,10193
14301,-7648,-6652,-698,14023,14620,-13475,-19949,-13062,1505,8766,10021
13907,-7426,-6495,-653,13659,14192,-13200,-19550,-12932,1475,8625,9846
13526,-7168,-6385,-551,13334,13750,-12903,-19140,-12774,1476,8497,9692
13177,-6882,-6334,-391,13067,13311,-12584,-18710,-12587,1513,8399,9560
12826,-6617,-6262,-259,12784,12886,-12272,-18278,-12395,1545,8312,9424
12450,-6396,-6117,-205,12433,12476,-11984,-17862,-12210,1557,8215,9268
12058,-6208,-5924,-203,12040,12079,-11712,-17457,-12028,1560,8108,9098
11670,-6024,-5730,-206,11645,11688,-11441,-17052,-11838,1572,7997,8928
11327,-5812,-5607,-142,11328,11311,-11148,-16620,-11618,1624,7910,8777
11006,-5597,-5509,-58,11041,10950,-10852,-16171,-11375,1692,7829,8630
10687,-5404,-5390,-4,10740,10607,-10565,-15719,-11124,1760,7739,8472
10353,-5243,-5222,-4,10397,10279,-10293,-15278,-10872,1812,7632,8300
10012,-5099,-5029,-31,10032,9960,-10026,-14836,-10616,1859,7510,8116
9681,-4952,-4847,-49,9681,9649,-9752,-14383,-10345,1916,7383,7927
9381,-4773,-4727,-4,9394,9340,-9453,-13907,-10049,2002,7263,7753
9102,-4572,-4647,82,9148,9034,-9140,-13417,-9742,2090,7147,7589
8802,-4375,-4540,147,8870,8720,-8834,-12935,-9449,2141,7000,7401
8494,-4171,-4430,214,8586,8398,-8523,-12447,-9161,2160,6828,7192
8157,-3984,-4273,239,8252,8068,-8218,-11965,-8889,2130,6622,6952
7784,-3819,-4056,206,7855,7732,-7922,-11501,-8643,2048,6374,6680
7405,-3656,-3829,167,7449,7393,-7620,-11042,-8410,1941,6099,6385
7028,-3491,-3606,130,7048,7054,-7313,-10579,-8183,1814,5802,6064
6630,-3344,-3343,52,6607,6713,-7022,-10125,-7981,1648,5470,5707
6196,-3205,-3034,-61,6112,6351,-6747,-9690,-7807,1441,5101,5319
5756,-3024,-2761,-123,5639,5955,-6458,-9248,-7632,1239,4716,4928
5338,-2781,-2571,-90,5235,5529,-6138,-8777,-7432,1069,4331,4548
4929,-2494,-2433,6,4872,5077,-5793,-8286,-7212,913,3944,4165
4511,-2192,-2303,116,4509,4604,-5446,-7787,-6988,752,3548,3767
4045,-1913,-2101,162,4067,4111,-5122,-7311,-6782,559,3124,3337
3556,-1646,-1865,176,3585,3607,-4807,-6848,-6583,361,2683,2894
3072,-1376,-1638,198,3113,3098,-4487,-6387,-6376,180,2239,2455
2615,-1100,-1445,245,2682,2601,-4155,-5919,-6157,20,1805,2025
2177,-835,-1262,291,2270,2117,-3825,-5453,-5935,-133,1373,1597
1736,-596,-1051,301,1836,1645,-3511,-5003,-5720,-292,935,1160
1263,-405,-762,227,1329,1180,-3235,-4586,-5531,-477,479,699
775,-246,-429,103,783,723,-2985,-4199,-5362,-675,15,230
307,-93,-113,-15,261,280,-2746,-3821,-5198,-858,-435,-223
-161,41,220,-155,-272,-151,-2526,-3469,-5044,-1033,-877,-667
-599,181,515,-265,-760,-566,-2311,-3127,-4883,-1174,-1290,-1082
-982,336,736,-316,-1161,-955,-2088,-2780,-4707,-1271,-1655,-1459
-1328,492,918,-339,-1511,-1318,-1868,-2445,-4529,-1343,-1985,-1804
-1649,646,1076,-346,-1828,-1661,-1656,-2135,-4357,-1402,-2293,-2122
-1931,820,1173,-298,-2078,-1986,-1435,-1837,-4175,-1433,-2568,-2400
-2161,1003,1207,-200,-2252,-2280,-1206,-1544,-3988,-1441,-2806,-2642
-2378,1153,1262,-137,-2430,-2538,-1001,-1281,-3826,-1470,-3030,-2881
-2614,1249,1387,-156,-2669,-2767,-835,-1065,-3701,-1539,-3262,-3130
-2857,1315,1550,-218,-2938,-2975,-700,-884,-3605,-1629,-3494,-3378
-3086,1383,1698,-268,-3187,-3169,-577,-723,-3524,-1717,-3711,-3607
-3278,1472,1787,-263,-3373,-3347,-454,-565,-3443,-1790,-3896,-3807
-3453,1565,1855,-241,-3533,-3510,-340,-420,-3370,-1864,-4062,-3985
-3627,1642,1941,-240,-3705,-3657,-244,-290,-3313,-1950,-4218,-4156
-3818,1689,2072,-289,-3918,-3791,-169,-183,-3272,-2051,-4376,-4328
-4013,1721,2227,-363,-4149,-3912,-100,-91,-3236,-2152,-4531,-4489
-4194,1749,2371,-432,-4365,-4017,-30,1,-3198,-2237,-4672,-4631
-4336,1800,2458,-447,-4516,-4109,57,104,-3144,-2284,-4788,-4745
-4449,1867,2501,-423,-4618,-4190,150,212,-3082,-2311,-4886,-4845
-4566,1924,2562,-417,-4736,-4266,229,306,-3030,-2344,-4985,-4950
-4671,1985,2610,-400,-4836,-4337,304,399,-2979,-2372,-5071,-5048
-4783,2032,2681,-407,-4957,-4405,362,476,-2943,-2417,-5155,-5148
-4920,2061,2797,-459,-5126,-4480,401,530,-2932,-2481,-5246,-5252
-5050,2094,2905,-502,-5285,-4557,436,579,-2930,-2539,-5332,-5348
-5158,2135,2986,-523,-5411,-4629,467,632,-2928,-2586,-5402,-5433
-5267,2157,3087,-572,-5551,-4694,479,677,-2938,-2644,-5470,-5524
-5384,2162,3216,-652,-5717,-4759,477,711,-2955,-2709,-5546,-5621
-5474,2193,3292,-680,-5829,-4830,493,759,-2955,-2740,-5610,-5697
-5515,2274,3268,-609,-5843,-4908,538,840,-2920,-2721,-5642,-5735
-5524,2396,3171,-464,-5785,-4997,599,945,-2859,-2665,-5647,-5745
-5515,2530,3044,-292,-5697,-5090,660,1061,-2788,-2595,-5633,-5743
-5534,2635,2973,-179,-5666,-5188,695,1156,-2731,-2546,-5632,-5752
-5565,2724,2928,-94,-5659,-5290,723,1240,-2679,-2505,-5636,-5760
-5593,2822,2869,5,-5641,-5401,759,1330,-2619,-2455,-5637,-5752
-5600,2933,2773,137,-5585,-5512,812,1436,-2549,-2389,-5621,-5725
-5590,3046,2655,284,-5502,-5616,878,1553,-2472,-2321,-5590,-5688
-5582,3146,2550,414,-5429,-5716,945,1670,-2397,-2262,-5556,-5652
-5601,3208,2505,478,-5414,-5812,988,1764,-2343,-2236,-5541,-5637
-5637,3242,2503,495,-5438,-5900,1016,1837,-2306,-2232,-5544,-5638
-5655,3275,2479,528,-5435,-5977,1050,1907,-2269,-2226,-5545,-5634
-5677,3301,2464,548,-5440,-6049,1078,1962,-2242,-2233,-5552,-5638
-5685,3337,2422,596,-5418,-6118,1114,2019,-2215,-2236,-5555,-5640
-5667,3396,2330,692,-5343,-6181,1163,2086,-2184,-2231,-5550,-5635
-5649,3450,2240,785,-5270,-6237,1213,2144,-2161,-2234,-5555,-5636
-5638,3493,2169,858,-5214,-6285,1262,2189,-2147,-2248,-5575,-5641
-5619,3556,2068,965,-5133,-6336,1331,2238,-2121,-2248,-5592,-5630
-5582,3640,1929,1112,-5014,-6384,1418,2301,-2080,-2235,-5599,-5605
-5565,3702,1835,1215,-4938,-6424,1491,2351,-2053,-2253,-5620,-5603
-5595,3714,1837,1221,-4957,-6455,1531,2369,-2059,-2319,-5674,-5637
-5663,3687,1919,1148,-5055,-6480,1542,2361,-2090,-2418,-5751,-5698
-5755,3646,2041,1040,-5196,-6504,1541,2342,-2134,-2518,-5841,-5768
-5819,3623,2119,973,-5289,-6517,1558,2342,-2160,-2581,-5915,-5820
-5870,3598,2188,912,-5367,-6514,1579,2351,-2180,-2631,-5975,-5871
-5931,3557,2287,820,-5473,-6503,1589,2356,-2205,-2692,-6033,-5936
-6021,3494,2437,680,-5632,-6492,1582,2345,-2240,-2779,-6104,-6019
-6131,3423,2619,513,-5827,-6486,1563,2324,-2280,-2880,-6192,-6117
-6238,3360,2793,356,-6014,-6480,1541,2303,-2321,-2972,-6286,-6215
-6318,3330,2912,259,-6147,-6477,1537,2299,-2345,-3031,-6362,-6291
-6377,3324,2988,205,-6238,-6476,1550,2315,-2351,-3059,-6418,-6346
-6448,3314,3081,137,-6349,-6479,1563,2332,-2355,-3082,-6470,-6401
-6507,3314,3155,89,-6440,-6483,1580,2357,-2347,-3090,-6505,-6450
-6574,3311,3243,29,-6545,-6492,1587,2377,-2343,-3104,-6537,-6505
-6665,3297,3366,-62,-6690,-6513,1573,2381,-2351,-3137,-6578,-6573
-6752,3292,3477,-139,-6825,-6540,1557,2385,-2359,-3173,-6618,-6638
-6821,3297,3561,-191,-6931,-6568,1546,2396,-2362,-3205,-6650,-6694
-6892,3286,3660,-265,-7047,-6590,1519,2408,-2370,-3248,-6683,-6752
-6973,3257,3788,-369,-7190,-6612,1477,2413,-2383,-3300,-6719,-6814
-7033,3256,3864,-420,-7282,-6645,1451,2429,-2378,-3320,-6745,-6855
-7045,3308,3836,-367,-7274,-6686,1455,2473,-2341,-3291,-6745,-6867
-7018,3395,3732,-239,-7188,-6730,1480,2538,-2279,-3227,-6720,-6856
-6971,3476,3611,-103,-7078,-6764,1507,2614,-2207,-3150,-6680,-6833
-6954,3505,3568,-54,-7038,-6787,1514,2669,-2154,-3101,-6654,-6826
-6949,3500,3568,-56,-7036,-6800,1512,2714,-2115,-3069,-6641,-6826
-6937,3489,3563,-59,-7025,-6810,1518,2764,-2075,-3037,-6629,-6822
-6909,3494,3524,-27,-6979,-6822,1539,2826,-2029,-2993,-6609,-6811
-6869,3512,3457,31,-6906,-6838,1564,2893,-1981,-2947,-6583,-6797
-6838,3534,3391,91,-6840,-6864,1583,2953,-1942,-2914,-6560,-6788
-6836,3532,3378,101,-6827,-6895,1579,2992,-1925,-2915,-6556,-6796
-6861,3511,3407,70,-6860,-6931,1558,3015,-1925,-2944,-6569,-6819
-6881,3502,3420,57,-6878,-6971,1543,3040,-1926,-2974,-6585,-6842
-6915,3491,3446,35,-6914,-7017,1525,3057,-1937,-3015,-6616,-6872
-6947,3495,3454,34,-6938,-7069,1511,3075,-1945,-3044,-6643,-6896
-6961,3521,3422,75,-6922,-7121,1506,3103,-1944,-3055,-6649,-6910
-6982,3551,3396,113,-6915,-7177,1496,3120,-1947,-3071,-6656,-6926
-7021,3579,3388,139,-6933,-7239,1482,3125,-1954,-3091,-6677,-6945
-7048,3631,3348,200,-6923,-7305,1489,3132,-1947,-3088,-6697,-6951
-7049,3702,3263,304,-6865,-7361,1521,3155,-1919,-3062,-6700,-6943
-7056,3749,3212,368,-6835,-7400,1546,3174,-1897,-3051,-6706,-6945
-7095,3745,3245,343,-6884,-7422,1550,3175,-1895,-3072,-6730,-6968
-7159,3708,3341,253,-6991,-7433,1537,3162,-1913,-3121,-6771,-7008
-7232,3663,3455,144,-7117,-7441,1525,3149,-1935,-3174,-6821,-7052
-7266,3648,3503,99,-7174,-7439,1537,3161,-1936,-3194,-6850,-7079
-7280,3648,3518,87,-7196,-7429,1561,3185,-1923,-3201,-6865,-7090
-7297,3645,3542,66,-7226,-7416,1580,3207,-1912,-3214,-6881,-7095
-7332,3626,3602,12,-7292,-7403,1584,3216,-1915,-3245,-6911,-7110
-7379,3604,3679,-57,-7378,-7392,1578,3215,-1926,-3290,-6952,-7138
-7420,3594,3740,-106,-7448,-7383,1577,3214,-1935,-3331,-6990,-7166
-7431,3620,3738,-89,-7457,-7377,1594,3232,-1923,-3342,-7009,-7175
-7417,3676,3681,-16,-7411,-7374,1622,3263,-1896,-3329,-7007,-7169
-7414,3732,3636,51,-7380,-7378,1640,3288,-1875,-3323,-7006,-7168
-7399,3799,3570,140,-7327,-7383,1662,3319,-1850,-3305,-6997,-7161
-7388,3855,3519,212,-7285,-7385,1679,3347,-1825,-3291,-6990,-7158
-7397,3886,3514,236,-7288,-7386,1685,3363,-1810,-3289,-6993,-7166
-7404,3910,3513,254,-7291,-7384,1695,3382,-1795,-3281,-6991,-7173
-7400,3937,3496,285,-7275,-7380,1709,3411,-1777,-3268,-6978,-7176
-7406,3944,3509,283,-7286,-7374,1708,3437,-1773,-3272,-6967,-7192
-7439,3932,3566,240,-7344,-7376,1686,3448,-1788,-3298,-6971,-7221
-7466,3945,3591,235,-7375,-7396,1670,3463,-1794,-3301,-6970,-7236
-7451,4005,3524,323,-7317,-7424,1679,3500,-1775,-3262,-6943,-7224
-7400,4098,3386,480,-7188,-7455,1712,3559,-1733,-3190,-6893,-7188
-7330,4192,3226,653,-7032,-7479,1752,3628,-1682,-3113,-6835,-7147
-7294,4252,3132,758,-6942,-7506,1770,3675,-1648,-3064,-6800,-7130
-7281,4288,3082,819,-6896,-7537,1778,3709,-1622,-3029,-6782,-7125
-7270,4323,3035,876,-6855,-7572,1793,3743,-1596,-2987,-6767,-7114
-7246,4362,2969,947,-6792,-7604,1819,3787,-1559,-2928,-6741,-7088
-7216,4398,2899,1018,-6723,-7632,1847,3833,-1518,-2862,-6698,-7053
-7196,4414,2857,1055,-6681,-7656,1866,3875,-1482,-2809,-6649,-7024
-7214,4387,2895,1010,-6716,-7676,1860,3891,-1468,-2792,-6621,-7021
-7269,4328,3000,898,-6823,-7701,1833,3879,-1476,-2809,-6620,-7040
-7330,4271,3108,786,-6934,-7732,1802,3866,-1487,-2825,-6624,-7059
-7409,4205,3241,649,-7076,-7767,1758,3842,-1508,-2858,-6646,-7089
-7479,4147,3358,528,-7200,-7800,1719,3821,-1528,-2891,-6675,-7122
-7516,4111,3419,459,-7266,-7824,1694,3816,-1533,-2905,-6698,-7145
-7550,4087,3464,408,-7320,-7851,1675,3812,-1535,-2914,-6725,-7169
-7594,4076,3507,366,-7379,-7890,1661,3800,-1538,-2921,-6756,-7186
-7625,4102,3500,382,-7396,-7941,1671,3797,-1526,-2900,-6774,-7181
-7629,4167,3427,468,-7351,-7996,1705,3812,-1494,-2852,-6766,-7151
-7641,4226,3371,538,-7324,-8049,1729,3823,-1470,-2826,-6757,-7133
-7690,4248,3390,534,-7370,-8096,1725,3810,-1472,-2843,-6768,-7146
-7761,4234,3467,467,-7471,-8130,1702,3780,-1494,-2891,-6799,-7182
-7835,4207,3562,381,-7585,-8154,1674,3743,-1524,-2948,-6843,-7227
-7874,4208,3595,355,-7635,-8169,1664,3725,-1539,-2975,-6869,-7254
-7895,4218,3601,353,-7655,-8175,1659,3716,-1545,-2991,-6885,-7271
-7919,4222,3618,342,-7684,-8175,1646,3704,-1559,-3019,-6899,-7297
-7961,4212,3669,300,-7748,-8177,1619,3679,-1584,-3063,-6929,-7338
-8014,4191,3741,239,-7832,-8177,1587,3649,-1610,-3112,-6971,-7388
-8060,4179,3799,194,-7902,-8177,1565,3624,-1630,-3155,-7017,-7434
-8079,4199,3798,212,-7915,-8180,1568,3620,-1629,-3167,-7050,-7459
-8075,4246,3747,283,-7879,-8185,1588,3634,-1610,-3154,-7063,-7466
-8092,4292,3721,338,-7874,-8206,1599,3641,-1596,-3149,-7074,-7475
-8112,4345,3691,400,-7867,-8233,1609,3651,-1580,-3141,-7076,-7480
-8147,4383,3691,435,-7891,-8263,1612,3655,-1567,-3141,-7079,-7492
-8212,4392,3751,410,-7973,-8295,1604,3643,-1565,-3153,-7095,-7516
-8282,4394,3825,373,-8068,-8329,1597,3635,-1561,-3159,-7110,-7538
-8342,4391,3892,337,-8152,-8356,1590,3637,-1551,-3158,-7116,-7559
-8411,4365,3994,262,-8265,-8377,1568,3636,-1550,-3174,-7125,-7595
-8505,4317,4142,141,-8425,-8402,1529,3622,-1564,-3208,-7150,-7640
-8587,4292,4255,59,-8553,-8439,1505,3617,-1568,-3216,-7167,-7665
-8618,4317,4268,75,-8581,-8480,1517,3646,-1540,-3173,-7146,-7647
-8603,4377,4200,168,-8524,-8516,1560,3704,-1482,-3091,-7089,-7596
-8559,4447,4094,290,-8423,-8542,1616,3778,-1408,-2991,-7009,-7533
-8537,4486,4041,356,-8371,-8567,1654,3837,-1348,-2914,-6941,-7485
-8528,4510,4016,391,-8348,-8592,1682,3888,-1297,-2852,-6885,-7446
-8511,4545,3973,443,-8307,-8621,1712,3942,-1242,-2788,-6836,-7403
-8470,4596,3889,531,-8223,-8647,1751,4007,-1181,-2718,-6786,-7350
-8411,4650,3783,635,-8112,-8665,1794,4083,-1114,-2648,-6731,-7293
-8353,4694,3689,722,-8012,-8678,1831,4157,-1050,-2587,-6680,-7248
-8325,4703,3657,743,-7972,-8688,1840,4205,-1009,-2560,-6647,-7229
-8329,4685,3683,705,-7994,-8701,1824,4227,-993,-2561,-6634,-7231
-8332,4668,3706,670,-8012,-8714,1804,4243,-981,-2562,-6620,-7234
-8355,4646,3752,615,-8059,-8735,1772,4247,-981,-2575,-6617,-7244
-8381,4641,3782,581,-8099,-8768,1745,4253,-978,-2585,-6619,-7252
-8386,4671,3756,608,-8086,-8808,1735,4273,-962,-2579,-6617,-7245
-8392,4717,3714,656,-8064,-8858,1731,4293,-944,-2571,-6618,-7234
-8415,4773,3679,705,-8059,-8921,1731,4302,-929,-2561,-6624,-7224
-8434,4856,3610,795,-8028,-8996,1754,4316,-901,-2531,-6622,-7199
-8428,4961,3495,932,-7949,-9066,1802,4346,-855,-2482,-6607,-7160
-8429,5038,3414,1028,-7900,-9118,1840,4373,-818,-2454,-6597,-7135
-8469,5061,3426,1028,-7936,-9156,1845,4374,-811,-2471,-6612,-7142
-8538,5042,3509,953,-8040,-9182,1824,4356,-827,-2524,-6654,-7179
-8620,5009,3619,853,-8171,-9205,1790,4331,-854,-2589,-6715,-7231
-8674,5002,3674,809,-8245,-9222,1769,4323,-870,-2636,-6765,-7277
-8707,5008,3696,796,-8285,-9232,1750,4321,-882,-2678,-6805,-7320
-8747,5008,3730,776,-8335,-9241,1720,4313,-901,-2725,-6842,-7367
-8808,4998,3796,728,-8421,-9255,1678,4290,-932,-2785,-6889,-7421
-8890,4992,3879,675,-8531,-9284,1634,4257,-966,-2851,-6946,-7481
-8971,5007,3941,650,-8627,-9327,1596,4224,-996,-2908,-7004,-7545
-9028,5060,3942,693,-8665,-9377,1578,4207,-1010,-2943,-7050,-7598
-9051,5135,3887,789,-8643,-9420,1576,4204,-1010,-2964,-7081,-7634
-9083,5198,3854,863,-8642,-9462,1571,4193,-1014,-2995,-7117,-7669
-9106,5253,3821,932,-8634,-9494,1572,4189,-1013,-3018,-7151,-7697
-9137,5285,3820,965,-8653,-9518,1566,4180,-1016,-3047,-7193,-7733
-9194,5284,3878,937,-8728,-9540,1546,4155,-1032,-3091,-7244,-7781
-9251,5276,3943,899,-8808,-9559,1519,4130,-1051,-3134,-7283,-7828
-9294,5273,3990,875,-8866,-9576,1489,4112,-1070,-3167,-7303,-7870
-9340,5255,4055,829,-8939,-9587,1445,4093,-1100,-3211,-7322,-7925
-9404,5223,4153,751,-9045,-9605,1384,4066,-1143,-3268,-7355,-7994
-9457,5222,4209,720,-9116,-9639,1341,4053,-1173,-3296,-7383,-8046
-9466,5273,4171,785,-9094,-9681,1336,4077,-1167,-3270,-7381,-8059
-9438,5360,4059,922,-8999,-9727,1367,4134,-1128,-3200,-7345,-8040
-9389,5456,3918,1082,-8871,-9767,1413,4207,-1073,-3115,-7292,-8012
-9370,5519,3840,1177,-8804,-9809,1438,4260,-1036,-3065,-7260,-8006
-9371,5563,3804,1229,-8779,-9852,1446,4298,-1014,-3037,-7247,-8006
-9374,5610,3765,1282,-8753,-9901,1452,4332,-993,-3014,-7236,-7995
-9362,5672,3699,1362,-8700,-9951,1467,4373,-965,-2984,-7214,-7972
-9341,5734,3621,1448,-8632,-9996,1485,4421,-933,-2949,-7180,-7947
-9331,5782,3569,1506,-8589,-10040,1495,4464,-908,-2926,-7152,-7934
-9362,5800,3587,1498,-8620,-10092,1478,4486,-906,-2937,-7147,-7950
-9436,5789,3676,1420,-8726,-10151,1441,4487,-924,-2974,-7168,-7990
-9505,5775,3761,1344,-8828,-10206,1405,4491,-941,-3004,-7189,-8028
-9587,5746,3874,1238,-8956,-10257,1363,4492,-962,-3042,-7224,-8068
-9666,5717,3983,1136,-9080,-10306,1322,4498,-980,-3075,-7265,-8097
-9720,5709,4045,1079,-9156,-10349,1296,4521,-982,-3089,-7291,-8106
-9770,5708,4095,1035,-9222,-10392,1272,4544,-981,-3100,-7315,-8111
-9832,5718,4148,996,-9299,-10448,1246,4557,-983,-3108,-7343,-8119
-9883,5763,4154,1014,-9338,-10518,1241,4580,-973,-3092,-7366,-8113
-9906,5848,4091,1104,-9313,-10594,1262,4628,-940,-3049,-7371,-8091
-9928,5923,4037,1183,-9294,-10659,1282,4675,-909,-3018,-7375,-8078
-9980,5961,4052,1194,-9341,-10717,1279,4702,-899,-3020,-7395,-8094
-10062,5968,4126,1146,-9448,-10772,1256,4710,-909,-3049,-7429,-8136
-10157,5963,4225,1075,-9581,-10825,1229,4710,-927,-3087,-7473,-8190
-10216,5984,4262,1064,-9650,-10870,1222,4729,-925,-3093,-7499,-8224
-10252,6015,4264,1087,-9679,-10905,1224,4761,-912,-3086,-7510,-8245
-10290,6037,4277,1098,-9717,-10933,1215,4788,-904,-3093,-7518,-8270
-10349,6039,4330,1071,-9796,-10960,1190,4799,-908,-3122,-7535,-8308
-10424,6033,4405,1026,-9899,-10992,1155,4795,-921,-3160,-7562,-8353
-10494,6037,4465,999,-9990,-11027,1126,4792,-931,-3189,-7588,-8394
-10543,6071,4473,1029,-10030,-11067,1118,4803,-921,-3188,-7599,-8420
-10568,6134,4429,1114,-10020,-11111,1128,4835,-888,-3156,-7591,-8426
-10611,6190,4409,1178,-10037,-11163,1133,4863,-857,-3135,-7593,-8438
-10656,6251,4385,1250,-10053,-11221,1139,4898,-821,-3114,-7599,-8452
-10712,6299,4387,1295,-10092,-11278,1134,4927,-792,-3109,-7611,-8484
-10796,6321,4442,1287,-10185,-11338,1110,4939,-778,-3130,-7639,-8536
-10881,6339,4503,1272,-10282,-11398,1083,4949,-766,-3154,-7672,-8586
-10949,6360,4546,1270,-10355,-11451,1059,4967,-750,-3173,-7697,-8629
-11025,6362,4615,1236,-10450,-11498,1019,4982,-743,-3204,-7721,-8677
-11121,6342,4727,1157,-10586,-11547,963,4987,-748,-3249,-7754,-8736
-11200,6344,4801,1115,-10686,-11601,921,5003,-740,-3272,-7780,-8777
-11230,6398,4775,1174,-10686,-11659,912,5050,-701,-3251,-7780,-8784
-11220,6492,4670,1309,-10605,-11720,933,5124,-637,-3199,-7761,-8766
-11186,6602,4526,1478,-10483,-11777,966,5212,-560,-3140,-7727,-8736
-11181,6692,4431,1598,-10413,-11843,983,5282,-496,-3104,-7706,-8720
-11200,6774,4372,1688,-10383,-11920,992,5341,-441,-3075,-7693,-8711
-11218,6866,4301,1789,-10344,-12005,1006,5400,-386,-3036,-7675,-8696
-11215,6976,4193,1926,-10266,-12088,1029,5467,-324,-2983,-7646,-8674
-11194,7099,4055,2090,-10156,-12170,1055,5542,-258,-2927,-7613,-8650
-11180,7219,3927,2244,-10058,-12254,1071,5612,-198,-2884,-7589,-8637
-11197,7309,3861,2336,-10022,-12339,1058,5661,-162,-2882,-7590,-8653
-11252,7372,3859,2368,-10054,-12432,1023,5686,-150,-2914,-7622,-8697
-11308,7442,3851,2407,-10082,-12528,996,5717,-139,-2935,-7651,-8736
-11381,7504,3868,2425,-10140,-12629,967,5745,-132,-2957,-7684,-8774
-11456,7570,3881,2448,-10197,-12734,945,5778,-121,-2974,-7720,-8805
-11504,7652,3853,2510,-10209,-12829,939,5826,-101,-2971,-7747,-8821
-11550,7726,3830,2564,-10223,-12915,932,5870,-86,-2971,-7773,-8836
-11613,7789,3834,2594,-10268,-13005,918,5903,-81,-2983,-7810,-8858
-11670,7867,3819,2646,-10298,-13097,917,5940,-66,-2980,-7841,-8867
-11698,7960,3759,2741,-10279,-13178,935,5994,-31,-2950,-7855,-8858
-11725,8026,3727,2800,-10278,-13239,945,6048,-1,-2936,-7865,-8861
-11788,8038,3784,2764,-10363,-13285,926,6079,2,-2964,-7897,-8894
-11885,8009,3916,2654,-10519,-13324,878,6086,-22,-3024,-7952,-8952
-11996,7966,4078,2514,-10707,-13361,817,6079,-60,-3097,-8025,-9023
-12075,7948,4181,2432,-10834,-13391,773,6090,-79,-3140,-8079,-9075
-12132,7948,4246,2389,-10921,-13418,744,6116,-84,-3161,-8118,-9112
-12196,7946,4318,2340,-11018,-13445,712,6141,-90,-3182,-8158,-9150
-12282,7935,4422,2266,-11149,-13480,667,6153,-108,-3221,-8207,-9197
-12382,7919,4543,2178,-11302,-13520,615,6155,-133,-3269,-8266,-9247
-12469,7912,4643,2111,-11432,-13558,569,6157,-153,-3307,-8323,-9293
-12530,7938,4683,2106,-11503,-13599,546,6172,-159,-3320,-8362,-9322
-12558,7996,4657,2167,-11509,-13640,543,6207,-144,-3304,-8377,-9330
-12596,8048,4645,2215,-11528,-13685,540,6241,-128,-3290,-8392,-9342
-12624,8105,4618,2277,-11531,-13727,543,6283,-103,-3266,-8398,-9352
-12658,8154,4604,2324,-11545,-13770,539,6321,-81,-3253,-8408,-9368
-12722,8180,4640,2324,-11612,-13820,517,6340,-76,-3269,-8438,-9404
-12792,8203,4684,2316,-11688,-13875,487,6357,-75,-3289,-8474,-9446
-12852,8222,4718,2313,-11749,-13924,459,6384,-69,-3302,-8501,-9487
-12926,8216,4789,2269,-11843,-13967,420,6410,-70,-3327,-8526,-9537
-13035,8181,4922,2165,-12002,-14018,366,6425,-82,-3369,-8564,-9602
-13141,8158,5036,2081,-12144,-14079,326,6447,-83,-3388,-8602,-9655
-13201,8180,5059,2089,-12195,-14142,316,6496,-59,-3361,-8617,-9676
-13220,8239,5002,2175,-12166,-14206,328,6567,-11,-3302,-8606,-9670
-13220,8319,4905,2301,-12096,-14273,346,6650,50,-3239,-8576,-9654
-13250,8382,4855,2384,-12078,-14351,345,6715,97,-3202,-8558,-9656
-13301,8434,4836,2439,-12095,-14438,337,6765,136,-3179,-8554,-9673
-13346,8500,4801,2513,-12097,-14531,342,6820,179,-3148,-8549,-9683
-13375,8590,4726,2629,-12063,-14630,365,6888,236,-3095,-8531,-9676
-13391,8696,4623,2774,-12002,-14733,399,6969,302,-3032,-8499,-9657
-13408,8799,4527,2911,-11946,-14834,429,7047,366,-2978,-8465,-9641
-13448,8876,4483,2995,-11941,-14932,441,7105,413,-2953,-8446,-9645
-13521,8929,4498,3022,-11998,-15036,430,7140,440,-2957,-8452,-9670
-13583,8987,4500,3060,-12039,-15134,422,7177,465,-2957,-8460,-9694
-13653,9034,4523,3076,-12099,-15228,413,7208,484,-2961,-8477,-9724
-13718,9083,4542,3095,-12154,-15318,410,7241,504,-2957,-8493,-9750
-13757,9151,4519,3152,-12164,-15400,419,7288,538,-2929,-8495,-9758
-13788,9216,4493,3209,-12168,-15472,431,7339,574,-2896,-8495,-9751
-13825,9270,4485,3245,-12187,-15537,443,7383,610,-2867,-8502,-9739
-13845,9341,4447,3311,-12176,-15598,471,7437,663,-2818,-8503,-9714
-13830,9439,4348,3435,-12102,-15652,521,7504,735,-2743,-8485,-9674
-13814,9526,4261,3542,-12035,-15693,565,7564,798,-2689,-8467,-9646
-13828,9569,4248,3571,-12038,-15723,583,7594,835,-2682,-8469,-9647
-13870,9577,4300,3532,-12103,-15744,582,7602,847,-2709,-8492,-9670
-13927,9571,4381,3464,-12198,-15765,571,7602,847,-2740,-8524,-9699
-13959,9590,4409,3448,-12241,-15782,577,7624,864,-2742,-8541,-9707
-13970,9626,4400,3468,-12245,-15795,595,7663,897,-2719,-8544,-9696
-13981,9658,4394,3485,-12252,-15804,612,7706,933,-2697,-8545,-9687
-14010,9673,4420,3469,-12291,-15812,615,7740,962,-2694,-8563,-9695
-14052,9680,4466,3435,-12351,-15822,608,7766,986,-2701,-8595,-9715
-14086,9693,4495,3419,-12394,-15831,604,7793,1010,-2706,-8622,-9730
-14095,9735,4468,3460,-12383,-15843,618,7839,1049,-2677,-8624,-9723
-14078,9808,4381,3563,-12314,-15858,648,7907,1108,-2614,-8593,-9693
-14078,9874,4316,3649,-12270,-15882,668,7968,1163,-2555,-8562,-9667
-14078,9942,4246,3741,-12222,-15908,685,8028,1217,-2500,-8527,-9641
-14087,9991,4200,3805,-12197,-15931,692,8070,1259,-2468,-8500,-9626
-14126,10004,4219,3803,-12234,-15951,680,8085,1280,-2467,-8491,-9630
-14171,10002,4257,3780,-12287,-15969,669,8095,1295,-2466,-8486,-9637
-14206,9994,4288,3759,-12329,-15979,663,8113,1311,-2464,-8475,-9642
-14244,9960,4348,3703,-12392,-15977,643,8126,1316,-2480,-8470,-9660
-14310,9899,4459,3595,-12508,-15979,600,8120,1302,-2527,-8480,-9698
-14378,9859,4552,3514,-12613,-16000,563,8114,1295,-2560,-8492,-9731
-14410,9871,4557,3526,-12636,-16035,553,8132,1312,-2551,-8483,-9738
-14407,9923,4487,3616,-12586,-16077,568,8171,1352,-2511,-8454,-9717
-14383,9985,4386,3733,-12502,-16114,596,8220,1405,-2460,-8411,-9677
-14389,10014,4350,3784,-12482,-16151,608,8250,1443,-2440,-8383,-9652
-14419,10018,4367,3783,-12515,-16191,610,8263,1468,-2439,-8368,-9641
-14449,10021,4384,3779,-12548,-16232,616,8276,1495,-2440,-8354,-9630
-14460,10033,4376,3798,-12552,-16267,631,8298,1531,-2428,-8336,-9611
-14454,10050,4349,3831,-12534,-16296,653,8327,1572,-2405,-8309,-9587
-14450,10057,4336,3847,-12526,-16320,670,8353,1609,-2390,-8286,-9568
-14467,10034,4376,3807,-12569,-16338,668,8363,1629,-2401,-8278,-9567
-14522,9984,4481,3705,-12680,-16363,646,8352,1627,-2437,-8293,-9585
-14569,9947,4567,3624,-12774,-16391,626,8347,1625,-2464,-8307,-9599
-14619,9910,4657,3539,-12872,-16420,600,8334,1617,-2499,-8327,-9619
-14661,9886,4728,3474,-12952,-16450,582,8324,1612,-2527,-8345,-9632
-14669,9887,4741,3464,-12970,-16472,582,8335,1622,-2532,-8346,-9627
-14665,9894,4737,3468,-12968,-16487,588,8348,1638,-2530,-8342,-9614
-14667,9897,4744,3462,-12978,-16502,592,8351,1650,-2529,-8343,-9599
-14652,9919,4714,3493,-12950,-16514,612,8357,1674,-2500,-8333,-9567
-14600,9973,4618,3588,-12854,-16520,655,8381,1720,-2435,-8301,-9511
-14543,10015,4527,3672,-12758,-16512,692,8404,1761,-2388,-8268,-9461
-14519,10020,4507,3683,-12729,-16497,703,8402,1782,-2386,-8255,-9435
-14523,9995,4543,3637,-12756,-16478,692,8379,1784,-2407,-8259,-9431
-14539,9958,4602,3567,-12805,-16455,674,8347,1779,-2429,-8272,-9434
-14525,9946,4605,3552,-12797,-16427,674,8335,1791,-2420,-8266,-9421
-14491,9952,4569,3574,-12747,-16394,684,8338,1811,-2390,-8245,-9400
-14461,9950,4543,3587,-12706,-16357,684,8335,1826,-2368,-8224,-9382
-14452,9929,4555,3562,-12703,-16320,666,8318,1826,-2362,-8213,-9368
-14462,9896,4597,3509,-12733,-16286,640,8294,1824,-2357,-8203,-9347
-14464,9866,4627,3467,-12748,-16248,626,8279,1831,-2333,-8181,-9314
-14437,9857,4606,3474,-12710,-16205,636,8282,1857,-2281,-8144,-9265
-14375,9877,4520,3544,-12605,-16156,669,8305,1903,-2206,-8090,-9207
-14321,9890,4450,3599,-12516,-16109,697,8322,1946,-2148,-8042,-9168
-14260,9905,4369,3663,-12415,-16060,726,8342,1992,-2097,-7994,-9135
-14206,9908,4308,3706,-12331,-16008,747,8361,2035,-2060,-7949,-9102
-14179,9881,4303,3693,-12304,-15957,750,8360,2065,-2047,-7918,-9080
-14158,9849,4309,3669,-12288,-15909,748,8356,2093,-2037,-7885,-9059
-14126,9823,4300,3659,-12256,-15859,748,8359,2124,-2020,-7844,-9035
-14101,9780,4315,3622,-12245,-15806,734,8357,2142,-2023,-7812,-9026
-14101,9715,4376,3540,-12282,-15757,703,8339,2141,-2051,-7805,-9038
-14094,9668,4414,3487,-12301,-15719,689,8327,2152,-2054,-7795,-9036
-14042,9665,4363,3522,-12231,-15683,715,8349,2195,-2002,-7747,-8994
-13940,9695,4230,3633,-12073,-15638,776,8400,2267,-1911,-7665,-8917
-13802,9734,4052,3780,-11863,-15578,856,8466,2354,-1806,-7568,-8824
-13679,9744,3920,3877,-11695,-15511,918,8512,2425,-1728,-7492,-8744
-13575,9733,3828,3934,-11567,-15444,960,8533,2482,-1672,-7434,-8671
-13468,9727,3728,3998,-11432,-15381,1000,8547,2536,-1615,-7372,-8593
-13343,9734,3598,4092,-11266,-15318,1046,8566,2596,-1543,-7291,-8504
-13199,9747,3442,4206,-11070,-15246,1097,8593,2663,-1459,-7190,-8407
-13061,9744,3307,4296,-10892,-15169,1143,8614,2724,-1384,-7086,-8318
-12951,9700,3243,4312,-10781,-15085,1164,8611,2759,-1346,-7003,-8255
-12882,9609,3264,4239,-10753,-14997,1151,8576,2761,-1352,-6952,-8227
-12813,9511,3292,4157,-10730,-14905,1128,8533,2750,-1368,-6911,-8203
-12767,9404,3353,4047,-10744,-14821,1093,8475,2723,-1399,-6886,-8187
-12731,9302,3417,3937,-10767,-14747,1055,8412,2690,-1426,-6867,-8176
-12668,9225,3431,3877,-10738,-14670,1031,8362,2668,-1431,-6842,-8163
-12596,9159,3426,3836,-10690,-14592,1013,8311,2647,-1431,-6820,-8155
-12533,9099,3423,3797,-10650,-14522,990,8249,2619,-1431,-6807,-8146
-12458,9069,3380,3804,-10574,-14461,985,8190,2603,-1405,-6788,-8112
-12354,9073,3275,3875,-10438,-14402,1008,8147,2604,-1347,-6753,-8050
-12253,9065,3186,3926,-10313,-14333,1028,8104,2598,-1301,-6713,-7989
-12189,9011,3181,3889,-10269,-14255,1026,8041,2570,-1292,-6688,-7948
-12157,8916,3250,3775,-10296,-14167,1008,7966,2525,-1308,-6676,-7922
-12138,8803,3352,3628,-10353,-14075,986,7888,2475,-1328,-6668,-7895
-12092,8717,3400,3534,-10356,-13979,984,7833,2446,-1321,-6640,-7846
-12021,8648,3406,3479,-10315,-13875,993,7801,2435,-1295,-6593,-7784
-11950,8566,3426,3407,-10281,-13759,995,7770,2425,-1272,-6544,-7733
-11894,8462,3481,3297,-10282,-13638,984,7731,2408,-1260,-6505,-7697
-11854,8351,3561,3166,-10309,-13522,967,7684,2384,-1255,-6476,-7669
-11812,8248,3629,3049,-10327,-13408,949,7635,2360,-1253,-6446,-7636
-11747,8170,3649,2981,-10297,-13295,944,7596,2346,-1236,-6402,-7587
-11649,8117,3611,2969,-10206,-13176,952,7575,2345,-1200,-6339,-7518
-11562,8051,3596,2933,-10137,-13055,950,7542,2334,-1177,-6288,-7459
-11471,7980,3581,2895,-10065,-12930,945,7508,2321,-1157,-6240,-7404
-11384,7895,3583,2835,-10007,-12799,934,7467,2303,-1148,-6195,-7355
-11318,7781,3634,2725,-9995,-12665,912,7413,2275,-1153,-6164,-7320
-11252,7661,3688,2610,-9985,-12528,895,7357,2246,-1160,-6138,-7288
-11171,7544,3723,2510,-9951,-12386,882,7306,2219,-1162,-6106,-7255
-11096,7414,3776,2390,-9934,-12241,851,7250,2185,-1180,-6075,-7233
-11042,7262,3869,2229,-9957,-12099,798,7178,2132,-1222,-6060,-7228
-10975,7130,3928,2105,-9947,-11964,756,7113,2090,-1246,-6040,-7208
-10860,7050,3884,2085,-9838,-11835,746,7077,2079,-1221,-5987,-7153
-10703,7015,3752,2155,-9641,-11711,761,7069,2095,-1159,-5905,-7070
-10525,7002,3576,2269,-9401,-11590,789,7071,2124,-1083,-5807,-6973
-10375,6968,3447,2338,-9211,-11477,799,7055,2140,-1034,-5723,-6890
-10249,6916,3359,2368,-9065,-11371,795,7023,2144,-998,-5651,-6820
-10124,6865,3270,2399,-8919,-11268,791,6990,2149,-956,-5579,-6750
-9973,6820,3149,2456,-8735,-11153,799,6964,2161,-898,-5495,-6669
-9796,6774,3003,2530,-8516,-11022,819,6946,2181,-831,-5401,-6581
-9616,6714,2868,2585,-8303,-10880,843,6928,2198,-769,-5306,-6497
-9454,6621,2782,2587,-8136,-10729,855,6899,2201,-727,-5223,-6430
-9325,6493,2765,2519,-8036,-10576,847,6849,2184,-710,-5157,-6383
-9186,6372,2732,2465,-7920,-10421,844,6803,2173,-685,-5083,-6331
-9057,6246,2716,2398,-7821,-10268,836,6753,2159,-662,-5012,-6284
-8929,6128,2693,2339,-7720,-10120,832,6699,2146,-638,-4947,-6234
-8774,6035,2619,2329,-7567,-9968,845,6659,2147,-591,-4869,-6166
-8614,5953,2534,2334,-7403,-9819,862,6618,2151,-542,-4788,-6095
-8473,5877,2464,2331,-7264,-9683,877,6563,2145,-500,-4719,-6030
-8332,5828,2371,2361,-7108,-9562,903,6506,2143,-451,-4656,-5958
-8165,5814,2221,2450,-6899,-9443,950,6464,2157,-380,-4580,-5867
-7996,5783,2088,2516,-6699,-9309,996,6424,2165,-316,-4499,-5780
-7863,5706,2041,2491,-6582,-9164,1017,6361,2149,-288,-4435,-5719
-7765,5590,2072,2389,-6540,-9014,1013,6277,2109,-293,-4392,-5684
-7691,5458,2143,2248,-6540,-8866,997,6178,2054,-314,-4363,-5658
-7593,5351,2167,2154,-6494,-8716,995,6090,2013,-311,-4318,-5613
-7476,5270,2149,2106,-6407,-8568,1000,6016,1984,-292,-4259,-5553
-7367,5191,2136,2055,-6328,-8425,996,5935,1949,-284,-4208,-5499
-7276,5093,2162,1967,-6287,-8281,973,5841,1903,-298,-4173,-5461
-7200,4972,2225,1838,-6281,-8130,938,5733,1848,-325,-4157,-5438
-7111,4843,2283,1707,-6262,-7964,901,5623,1794,-348,-4147,-5414
-6993,4726,2299,1614,-6197,-7789,876,5525,1754,-350,-4130,-5378
-6839,4634,2252,1579,-6065,-7605,868,5449,1732,-327,-4094,-5325
-6689,4525,2226,1521,-5951,-7415,855,5367,1708,-315,-4057,-5278
-6531,4409,2196,1460,-5828,-7216,846,5288,1688,-298,-4010,-5228
-6377,4279,2182,1380,-5718,-7012,837,5207,1667,-287,-3957,-5181
-6255,4122,2225,1245,-5667,-6815,818,5107,1632,-296,-3922,-5154
-6144,3958,2283,1096,-5635,-6623,797,5002,1591,-309,-3893,-5133
-6027,3795,2333,954,-5591,-6430,779,4904,1555,-315,-3859,-5109
-5915,3611,2405,784,-5566,-6231,752,4804,1514,-331,-3828,-5091
-5824,3403,2520,570,-5584,-6032,710,4692,1458,-364,-3805,-5083
-5726,3214,2606,388,-5577,-5845,681,4583,1408,-374,-3774,-5060
-5584,3082,2589,313,-5473,-5669,689,4503,1386,-333,-3713,-4998
-5401,3004,2475,338,-5276,-5503,729,4452,1392,-249,-3621,-4902
-5191,2957,2301,425,-5021,-5343,782,4420,1414,-149,-3510,-4788
-5005,2900,2160,482,-4804,-5194,815,4373,1423,-77,-3412,-4688
-4845,2833,2053,512,-4625,-5058,833,4309,1418,-29,-3330,-4606
-4685,2779,1934,558,-4440,-4932,853,4246,1415,14,-3249,-4524
-4513,2743,1783,636,-4225,-4811,878,4190,1420,67,-3161,-4433
-4326,2717,1607,739,-3983,-4688,907,4137,1430,130,-3061,-4334
-4147,2683,1447,826,-3755,-4565,928,4077,1431,180,-2966,-4240
-3999,2619,1349,851,-3590,-4442,926,3997,1411,196,-2887,-4162
-3900,2514,1339,791,-3516,-4323,895,3886,1362,171,-2836,-4110
-3803,2409,1331,730,-3443,-4205,863,3771,1306,142,-2787,-4063
-3716,2301,1340,655,-3389,-4090,826,3645,1241,107,-2749,-4023
-3631,2196,1346,584,-3333,-3976,794,3519,1176,77,-2716,-3982
-3514,2113,1301,562,-3222,-3853,778,3407,1125,74,-2668,-3927
-3384,2031,1246,546,-3095,-3719,766,3298,1077,80,-2621,-3870
-3259,1937,1209,510,-2984,-3577,751,3181,1025,84,-2587,-3817
-3121,1854,1152,494,-2851,-3431,748,3064,981,104,-2557,-3758
-2955,1801,1039,534,-2663,-3283,765,2962,955,155,-2513,-3681
-2792,1739,941,558,-2487,-3128,773,2857,923,195,-2465,-3610
-2669,1637,928,497,-2395,-2970,749,2729,865,193,-2431,-3567
-2582,1498,989,362,-2377,-2809,696,2583,788,156,-2408,-3546
-2517,1349,1086,194,-2398,-2653,632,2430,703,112,-2392,-3536
-2425,1229,1128,83,-2365,-2497,585,2299,638,102,-2358,-3509
-2300,1133,1116,23,-2274,-2333,554,2191,591,117,-2306,-3468
-2173,1038,1101,-34,-2180,-2167,524,2086,546,129,-2254,-3427
-2063,936,1113,-114,-2115,-2008,482,1974,493,122,-2216,-3397
-1972,830,1146,-210,-2078,-1858,432,1857,433,104,-2194,-3374
-1875,735,1163,-287,-2026,-1711,386,1744,374,93,-2169,-3342
-1758,668,1131,-313,-1928,-1571,357,1643,328,106,-2132,-3295
-1614,632,1039,-278,-1773,-1435,348,1560,299,147,-2078,-3232
-1487,583,976,-270,-1648,-1302,334,1467,264,176,-2033,-3176
-1362,526,921,-272,-1529,-1168,317,1375,227,204,-1987,-3122
-1245,452,888,-298,-1431,-1030,288,1281,184,223,-1943,-3078
-1163,347,919,-388,-1399,-898,237,1169,121,213,-1917,-3053
-1091,225,973,-503,-1388,-763,183,1056,54,194,-1896,-3035
-1005,98,1016,-614,-1361,-618,137,959,-3,186,-1866,-3009
-921,-48,1075,-747,-1345,-465,84,867,-64,170,-1836,-2990
-861,-214,1178,-924,-1375,-316,13,768,-136,137,-1819,-2981
-802,-354,1253,-1064,-1385,-188,-47,677,-200,122,-1801,-2963
-699,-442,1229,-1104,-1301,-68,-76,615,-239,147,-1761,-2922
-549,-486,1115,-1055,-1126,53,-80,579,-253,202,-1701,-2863
-370,-512,954,-964,-899,181,-70,556,-257,261,-1626,-2798
-209,-562,833,-916,-710,312,-74,515,-275,288,-1567,-2749
-67,-635,755,-912,-563,444,-89,454,-308,293,-1532,-2712
77,-702,669,-900,-410,573,-99,391,-339,303,-1507,-2669
231,-749,552,-855,-228,696,-98,340,-362,328,-1478,-2608
395,-779,409,-782,-23,815,-91,303,-376,361,-1431,-2534
551,-813,278,-720,169,930,-83,269,-386,397,-1371,-2461
682,-873,196,-708,312,1047,-90,229,-407,413,-1316,-2407
767,-960,188,-764,375,1151,-116,169,-447,401,-1284,-2375
849,-1034,170,-805,443,1246,-135,112,-488,388,-1251,-2342
912,-1109,171,-859,487,1330,-158,49,-537,363,-1229,-2323
969,-1176,172,-907,526,1404,-180,-14,-586,339,-1208,-2309
1048,-1213,123,-902,613,1476,-186,-54,-620,344,-1169,-2284
1128,-1239,59,-880,711,1541,-188,-88,-647,364,-1120,-2254
1196,-1260,6,-861,793,1596,-191,-129,-676,387,-1075,-2220
1271,-1258,-75,-808,898,1641,-179,-165,-693,423,-1025,-2169
1377,-1223,-219,-693,1065,1688,-147,-185,-691,478,-963,-2097
1484,-1196,-354,-587,1227,1740,-122,-207,-692,515,-905,-2035
1553,-1208,-409,-561,1309,1795,-125,-255,-718,507,-873,-2006
1588,-1256,-391,-607,1319,1852,-154,-329,-770,464,-863,-2008
1602,-1317,-338,-685,1291,1905,-196,-414,-834,412,-869,-2030
1641,-1356,-329,-718,1309,1961,-216,-483,-883,393,-862,-2039
1704,-1384,-355,-719,1365,2026,-222,-532,-914,395,-840,-2035
1763,-1421,-365,-737,1408,2095,-231,-580,-943,394,-823,-2036
1799,-1478,-332,-796,1406,2163,-256,-641,-981,369,-826,-2048
1807,-1546,-258,-888,1357,2218,-295,-718,-1030,325,-845,-2064
1807,-1608,-182,-977,1303,2266,-337,-800,-1078,286,-865,-2073
1821,-1645,-146,-1023,1284,2306,-364,-870,-1107,273,-877,-2070
1868,-1652,-173,-1006,1328,2349,-368,-915,-1111,293,-867,-2049
1902,-1670,-174,-1014,1346,2389,-375,-960,-1114,308,-858,-2033
1942,-1693,-179,-1022,1372,2437,-381,-1001,-1115,322,-848,-2013
1988,-1732,-175,-1046,1396,2499,-394,-1044,-1119,325,-841,-1998
2012,-1803,-119,-1127,1371,2568,-424,-1105,-1140,300,-853,-1997
2027,-1883,-46,-1224,1330,2636,-458,-1168,-1167,276,-867,-1998
2053,-1959,9,-1308,1308,2708,-485,-1220,-1188,266,-874,-1996
2079,-2048,76,-1408,1279,2787,-522,-1268,-1212,245,-880,-2001
2083,-2160,184,-1551,1210,2867,-573,-1322,-1250,203,-898,-2022
2089,-2252,270,-1667,1158,2934,-614,-1370,-1277,177,-913,-2035
2134,-2294,262,-1687,1195,2993,-620,-1390,-1275,195,-906,-2020
2225,-2294,164,-1620,1323,3052,-597,-1383,-1245,249,-873,-1980
2343,-2275,17,-1507,1505,3117,-557,-1360,-1197,322,-817,-1927
2440,-2271,-94,-1429,1649,3177,-530,-1353,-1159,372,-768,-1880
2507,-2276,-169,-1382,1750,3222,-518,-1365,-1134,402,-730,-1839
2568,-2265,-258,-1316,1857,3251,-512,-1384,-1114,430,-696,-1796
2639,-2237,-374,-1220,1990,3275,-502,-1398,-1091,465,-655,-1749
2722,-2204,-509,-1109,2143,3301,-490,-1401,-1066,506,-602,-1699
2795,-2183,-622,-1021,2277,3330,-482,-1406,-1044,541,-546,-1655
2845,-2198,-678,-994,2357,3366,-493,-1425,-1037,553,-504,-1633
2851,-2257,-646,-1056,2350,3403,-529,-1468,-1052,534,-490,-1637
2856,-2319,-611,-1122,2340,3440,-559,-1506,-1068,518,-476,-1641
2848,-2386,-556,-1205,2307,3473,-592,-1548,-1091,491,-472,-1652
2836,-2450,-499,-1287,2269,3501,-623,-1589,-1116,463,-478,-1661
2854,-2489,-495,-1317,2285,3533,-635,-1615,-1131,455,-475,-1658
2880,-2516,-508,-1328,2318,3564,-643,-1636,-1144,454,-472,-1650
2901,-2542,-514,-1344,2340,3593,-652,-1664,-1164,447,-480,-1648
2930,-2546,-546,-1328,2384,3613,-648,-1694,-1179,454,-487,-1638
2987,-2514,-638,-1247,2485,3629,-621,-1710,-1176,489,-479,-1610
3047,-2488,-723,-1177,2579,3652,-606,-1725,-1177,513,-469,-1588
3066,-2504,-721,-1191,2588,3677,-624,-1765,-1201,497,-478,-1593
3044,-2556,-637,-1286,2512,3701,-672,-1828,-1248,449,-511,-1626
2998,-2629,-505,-1425,2387,3723,-735,-1904,-1309,387,-562,-1677
2974,-2682,-411,-1527,2299,3748,-781,-1964,-1359,348,-602,-1717
2975,-2716,-360,-1587,2256,3779,-812,-2005,-1391,334,-619,-1741
2983,-2750,-312,-1643,2220,3814,-840,-2040,-1418,324,-626,-1759
2985,-2792,-249,-1715,2167,3851,-872,-2078,-1448,308,-631,-1774
2972,-2836,-169,-1800,2093,3880,-903,-2123,-1479,289,-640,-1792
2970,-2867,-112,-1858,2043,3907,-924,-2163,-1501,281,-646,-1803
2995,-2868,-113,-1858,2049,3932,-927,-2190,-1503,301,-638,-1795
3062,-2833,-194,-1779,2137,3961,-903,-2188,-1475,356,-605,-1759
3120,-2805,-258,-1715,2208,3987,-881,-2190,-1449,397,-577,-1724
3175,-2781,-318,-1657,2275,4013,-859,-2192,-1425,429,-549,-1689
3221,-2767,-361,-1616,2327,4039,-844,-2197,-1405,446,-525,-1659
3234,-2783,-344,-1634,2317,4060,-845,-2223,-1407,435,-520,-1649
3236,-2810,-307,-1672,2289,4081,-855,-2255,-1419,411,-525,-1651
3245,-2836,-282,-1702,2274,4104,-864,-2282,-1431,389,-525,-1649
3243,-2878,-234,-1758,2240,4129,-888,-2312,-1453,356,-528,-1658
3217,-2952,-132,-1870,2155,4158,-933,-2356,-1494,300,-550,-1684
3192,-3021,-39,-1973,2078,4182,-972,-2395,-1534,255,-574,-1703
3205,-3048,-30,-1993,2084,4203,-984,-2407,-1547,257,-573,-1689
3261,-3037,-104,-1932,2176,4226,-966,-2395,-1533,298,-543,-1644
3340,-3007,-223,-1830,2315,4252,-932,-2368,-1501,359,-491,-1582
3391,-2997,-296,-1772,2405,4271,-913,-2355,-1477,402,-448,-1529
3408,-3007,-316,-1765,2438,4281,-907,-2360,-1466,426,-422,-1492
3425,-3010,-344,-1748,2477,4285,-893,-2360,-1447,466,-396,-1452
3461,-2996,-409,-1697,2554,4293,-865,-2343,-1416,520,-362,-1405
3521,-2971,-510,-1614,2672,4308,-831,-2312,-1374,584,-315,-1350
3587,-2947,-615,-1531,2796,4328,-804,-2279,-1331,642,-264,-1294
3637,-2942,-686,-1485,2887,4353,-793,-2258,-1299,675,-224,-1253
3648,-2968,-686,-1506,2905,4371,-809,-2262,-1292,669,-211,-1239
3660,-2990,-693,-1520,2928,4389,-828,-2268,-1285,669,-196,-1226
3660,-3013,-685,-1546,2931,4401,-854,-2282,-1284,662,-187,-1222
3652,-3032,-671,-1573,2924,4407,-880,-2297,-1286,651,-183,-1226
3666,-3030,-700,-1557,2960,4414,-889,-2297,-1278,654,-169,-1219
3683,-3024,-734,-1535,2999,4421,-897,-2294,-1269,656,-153,-1205
3683,-3026,-741,-1537,3008,4425,-913,-2301,-1267,647,-149,-1194
3688,-3018,-761,-1523,3028,4426,-922,-2313,-1263,646,-149,-1182
3730,-2982,-842,-1449,3111,4434,-912,-2312,-1241,666,-139,-1159
3785,-2958,-924,-1382,3201,4460,-908,-2310,-1226,677,-129,-1140
3808,-2972,-932,-1390,3220,4491,-930,-2328,-1238,651,-138,-1142
3798,-3020,-870,-1466,3168,4523,-973,-2361,-1270,600,-163,-1163
3771,-3083,-775,-1573,3082,4555,-1018,-2395,-1307,548,-195,-1187
3767,-3122,-724,-1635,3040,4587,-1038,-2408,-1327,525,-211,-1194
3787,-3138,-719,-1650,3043,4619,-1038,-2398,-1329,525,-215,-1190
3798,-3148,-709,-1666,3035,4642,-1039,-2385,-1332,523,-219,-1189
3786,-3169,-665,-1709,2989,4656,-1051,-2382,-1344,506,-231,-1200
3758,-3199,-594,-1776,2915,4665,-1070,-2392,-1367,481,-252,-1222
3738,-3218,-540,-1825,2856,4673,-1080,-2397,-1384,470,-267,-1238
3746,-3214,-538,-1823,2852,4683,-1067,-2389,-1389,483,-273,-1239
3801,-3178,-615,-1747,2931,4701,-1028,-2359,-1375,522,-256,-1215
3850,-3146,-680,-1680,2999,4719,-992,-2337,-1364,555,-240,-1193
3903,-3116,-751,-1611,3074,4739,-956,-2314,-1348,590,-217,-1169
3956,-3101,-805,-1563,3140,4769,-926,-2292,-1333,618,-189,-1149
3980,-3127,-792,-1587,3142,4805,-914,-2290,-1332,623,-173,-1144
3996,-3175,-750,-1642,3120,4848,-911,-2294,-1335,625,-160,-1139
4020,-3225,-716,-1696,3111,4899,-908,-2296,-1337,628,-142,-1129
4040,-3292,-664,-1772,3088,4957,-922,-2305,-1353,608,-131,-1131
4034,-3385,-562,-1897,3015,5013,-963,-2334,-1392,559,-138,-1154
4019,-3461,-469,-2006,2944,5051,-1004,-2373,-1432,517,-153,-1175
4032,-3486,-459,-2025,2948,5072,-1019,-2391,-1448,515,-149,-1170
4077,-3460,-534,-1954,3031,5081,-1007,-2383,-1438,552,-123,-1140
4143,-3406,-658,-1832,3161,5083,-983,-2358,-1409,608,-84,-1101
4184,-3371,-741,-1751,3248,5081,-974,-2350,-1392,641,-64,-1078
4195,-3359,-771,-1720,3280,5073,-983,-2361,-1391,661,-63,-1064
4205,-3344,-806,-1686,3315,5062,-989,-2377,-1390,686,-58,-1045
4236,-3318,-872,-1625,3386,5058,-980,-2384,-1376,729,-38,-1011
4294,-3287,-971,-1539,3496,5067,-957,-2380,-1348,787,-2,-965
4353,-3266,-1063,-1465,3603,5083,-931,-2372,-1316,846,39,-916
4396,-3271,-1112,-1438,3670,5106,-918,-2370,-1291,886,73,-878
4391,-3314,-1076,-1492,3648,5122,-931,-2388,-1285,892,77,-867
4387,-3357,-1042,-1546,3627,5138,-948,-2400,-1281,889,77,-858
4372,-3403,-992,-1612,3588,5149,-972,-2416,-1283,871,69,-855
4345,-3440,-940,-1675,3540,5147,-997,-2434,-1290,851,57,-854
4343,-3450,-938,-1685,3540,5144,-1008,-2435,-1284,859,59,-839
4349,-3449,-954,-1678,3557,5141,-1009,-2428,-1272,876,63,-822
4346,-3446,-960,-1674,3561,5131,-1011,-2425,-1263,888,59,-812
4344,-3418,-991,-1639,3582,5107,-997,-2418,-1245,916,57,-793
4370,-3348,-1090,-1529,3665,5074,-956,-2392,-1201,972,77,-751
4407,-3281,-1194,-1418,3758,5052,-911,-2358,-1151,1029,104,-709
4419,-3255,-1230,-1379,3788,5043,-890,-2342,-1120,1058,116,-686
4401,-3270,-1191,-1418,3748,5043,-897,-2350,-1113,1050,107,-687
4370,-3313,-1109,-1503,3669,5054,-922,-2375,-1126,1023,83,-703
4370,-3338,-1076,-1544,3643,5075,-936,-2387,-1131,1016,74,-704
4403,-3342,-1094,-1534,3673,5106,-934,-2378,-1123,1029,89,-688
4435,-3345,-1111,-1525,3701,5136,-933,-2365,-1115,1030,105,-679
4448,-3364,-1094,-1548,3692,5165,-944,-2363,-1118,1010,111,-684
4436,-3397,-1036,-1607,3640,5189,-964,-2374,-1128,976,106,-697
4425,-3428,-981,-1662,3591,5212,-979,-2382,-1135,949,105,-702
4427,-3436,-963,-1676,3575,5228,-983,-2384,-1132,943,113,-696
4462,-3407,-1016,-1617,3630,5243,-969,-2372,-1112,962,142,-675
4486,-3380,-1055,-1568,3668,5252,-964,-2375,-1101,967,159,-663
4506,-3354,-1093,-1521,3704,5258,-966,-2382,-1092,964,173,-658
4520,-3340,-1113,-1494,3724,5267,-975,-2394,-1089,953,182,-660
4500,-3363,-1064,-1536,3677,5278,-1003,-2425,-1106,919,169,-679
4465,-3404,-984,-1611,3600,5290,-1042,-2467,-1133,874,143,-706
4435,-3448,-908,-1687,3529,5306,-1083,-2508,-1164,827,117,-734
4403,-3512,-812,-1788,3445,5332,-1137,-2551,-1204,770,87,-772
4354,-3603,-673,-1937,3322,5365,-1208,-2605,-1259,695,43,-827
4309,-3682,-553,-2066,3215,5390,-1269,-2655,-1310,635,1,-876
4307,-3712,-527,-2099,3200,5410,-1299,-2680,-1335,621,-18,-893
4348,-3693,-595,-2038,3277,5424,-1296,-2676,-1331,649,-10,-876
4415,-3645,-718,-1921,3409,5436,-1270,-2653,-1310,696,23,-841
4457,-3615,-800,-1845,3497,5440,-1248,-2639,-1295,728,50,-815
4462,-3607,-823,-1823,3521,5435,-1236,-2638,-1293,746,62,-801
4465,-3597,-847,-1800,3543,5425,-1219,-2630,-1287,769,71,-779
4479,-3576,-894,-1754,3588,5414,-1193,-2613,-1274,799,81,-747
4517,-3542,-978,-1677,3674,5409,-1157,-2583,-1251,838,106,-709
4555,-3514,-1056,-1607,3755,5409,-1119,-2554,-1228,871,136,-675
4571,-3513,-1086,-1588,3789,5410,-1099,-2537,-1219,882,160,-653
4541,-3551,-1030,-1653,3735,5407,-1107,-2550,-1239,853,159,-655
4512,-3587,-976,-1715,3682,5403,-1117,-2564,-1262,825,160,-654
4478,-3625,-916,-1782,3622,5397,-1127,-2583,-1287,794,152,-656
4445,-3656,-863,-1841,3566,5388,-1136,-2604,-1310,770,134,-662
4445,-3655,-874,-1836,3573,5380,-1129,-2604,-1317,775,130,-654
4464,-3638,-917,-1799,3615,5375,-1118,-2595,-1317,795,134,-643
4480,-3615,-963,-1756,3656,5365,-1112,-2590,-1318,815,134,-635
4505,-3568,-1039,-1677,3723,5346,-1095,-2585,-1308,853,139,-613
4563,-3487,-1180,-1532,3854,5327,-1057,-2565,-1273,925,160,-562
4635,-3414,-1325,-1390,3996,5325,-1020,-2536,-1234,994,185,-505
4680,-3386,-1395,-1329,4071,5336,-1008,-2525,-1216,1025,194,-470
4689,-3405,-1381,-1354,4065,5355,-1020,-2539,-1219,1020,187,-456
4677,-3445,-1322,-1424,4015,5376,-1045,-2569,-1235,998,173,-454
4687,-3463,-1306,-1448,4008,5397,-1056,-2586,-1234,1003,180,-437
4728,-3457,-1344,-1422,4058,5424,-1054,-2583,-1214,1036,208,-402
4766,-3457,-1372,-1405,4099,5454,-1059,-2581,-1196,1060,233,-370
4781,-3472,-1360,-1425,4097,5478,-1077,-2591,-1189,1065,251,-348
4765,-3502,-1302,-1484,4046,5494,-1106,-2615,-1195,1052,258,-338
4741,-3532,-1237,-1547,3984,5503,-1136,-2641,-1203,1036,261,-331
4723,-3541,-1198,-1579,3944,5503,-1157,-2666,-1206,1024,267,-320
4737,-3515,-1225,-1544,3970,5502,-1157,-2672,-1194,1035,291,-294
4737,-3498,-1230,-1528,3972,5497,-1160,-2684,-1187,1037,307,-274
4731,-3486,-1223,-1523,3962,5491,-1162,-2697,-1185,1033,317,-259
4717,-3486,-1197,-1539,3935,5487,-1173,-2715,-1195,1016,315,-254
4668,-3510,-1113,-1609,3845,5476,-1204,-2754,-1231,966,287,-275
4604,-3538,-1011,-1694,3734,5456,-1237,-2799,-1276,905,246,-307
4552,-3554,-932,-1755,3646,5436,-1263,-2834,-1313,859,212,-334
4506,-3580,-853,-1823,3563,5426,-1292,-2861,-1353,812,182,-369
4446,-3631,-736,-1932,3445,5421,-1337,-2893,-1404,747,145,-420
4390,-3673,-636,-2024,3341,5413,-1374,-2921,-1445,701,114,-453
4376,-3668,-625,-2024,3324,5400,-1383,-2925,-1462,703,108,-448
4403,-3614,-707,-1930,3396,5382,-1364,-2901,-1450,746,130,-409
4455,-3539,-837,-1790,3518,5365,-1327,-2863,-1417,809,172,-352
4490,-3491,-928,-1694,3602,5354,-1304,-2839,-1392,843,201,-308
4495,-3471,-961,-1655,3627,5341,-1298,-2837,-1384,847,208,-284
4495,-3444,-998,-1610,3651,5319,-1290,-2836,-1380,848,211,-263
4504,-3400,-1065,-1532,3702,5291,-1275,-2824,-1371,863,223,-235
4528,-3341,-1162,-1425,3784,5262,-1256,-2801,-1355,890,251,-199
4551,-3289,-1252,-1328,3859,5237,-1240,-2774,-1334,918,285,-161
4558,-3271,-1297,-1285,3894,5223,-1234,-2753,-1320,929,313,-131
4527,-3304,-1252,-1334,3845,5216,-1247,-2753,-1329,911,319,-121
4498,-3343,-1203,-1391,3794,5215,-1258,-2748,-1337,900,325,-112
4461,-3397,-1132,-1473,3724,5219,-1270,-2745,-1347,894,324,-110
4419,-3457,-1049,-1568,3642,5223,-1279,-2743,-1361,890,319,-115
4400,-3499,-1006,-1624,3602,5230,-1275,-2725,-1364,908,327,-110
4393,-3542,-973,-1675,3578,5246,-1266,-2704,-1362,932,341,-101
4384,-3592,-926,-1741,3542,5266,-1258,-2696,-1367,949,347,-92
4383,-3625,-902,-1781,3527,5282,-1238,-2688,-1365,977,355,-71
4413,-3616,-948,-1747,3580,5291,-1194,-2667,-1342,1033,378,-25
4457,-3599,-1013,-1696,3654,5304,-1155,-2644,-1321,1080,407,21
4473,-3609,-1017,-1705,3668,5318,-1144,-2649,-1326,1083,418,42
4449,-3649,-948,-1782,3607,5326,-1168,-2685,-1362,1040,402,35
4400,-3695,-843,-1888,3505,5323,-1211,-2741,-1416,975,366,13
4373,-3714,-785,-1944,3448,5317,-1238,-2781,-1456,935,341,6
4377,-3704,-785,-1944,3451,5315,-1244,-2796,-1476,925,334,18
4391,-3695,-790,-1940,3464,5320,-1248,-2804,-1490,917,332,31
4395,-3704,-766,-1967,3450,5332,-1264,-2820,-1513,896,321,35
4377,-3724,-709,-2023,3399,5338,-1291,-2846,-1548,860,295,26
4363,-3742,-656,-2073,3354,5347,-1313,-2867,-1579,829,267,13
4366,-3742,-640,-2087,3344,5354,-1318,-2876,-1595,822,246,10
4408,-3703,-700,-2023,3411,5363,-1301,-2861,-1584,850,248,29
4438,-3667,-747,-1968,3460,5365,-1289,-2857,-1576,869,244,43
4465,-3626,-797,-1909,3509,5364,-1278,-2855,-1570,890,243,58
4493,-3586,-850,-1846,3561,5363,-1270,-2859,-1570,905,245,66
4496,-3568,-857,-1828,3565,5359,-1278,-2886,-1589,896,227,57
4493,-3557,-854,-1821,3559,5357,-1293,-2920,-1613,876,193,45
4505,-3541,-874,-1794,3578,5360,-1302,-2946,-1635,856,164,41
4519,-3532,-891,-1774,3597,5370,-1311,-2967,-1658,827,142,33
4511,-3549,-863,-1801,3571,5382,-1337,-3000,-1696,776,115,6
4498,-3558,-840,-1819,3545,5384,-1356,-3033,-1732,735,88,-16
4517,-3526,-894,-1758,3592,5380,-1345,-3042,-1743,734,83,-5
4575,-3454,-1028,-1616,3719,5373,-1301,-3023,-1725,775,105,42
4656,-3364,-1206,-1434,3890,5370,-1240,-2987,-1690,834,144,107
4708,-3304,-1326,-1311,4003,5367,-1198,-2964,-1671,861,169,159
4717,-3279,-1369,-1262,4038,5358,-1177,-2960,-1670,860,172,193
4717,-3260,-1398,-1228,4055,5345,-1161,-2960,-1670,859,171,225
4723,-3235,-1440,-1182,4087,5333,-1139,-2955,-1665,872,176,256
4746,-3201,-1506,-1115,4145,5324,-1115,-2941,-1654,900,192,289
4762,-3172,-1561,-1059,4192,5313,-1099,-2928,-1642,924,211,321
4760,-3166,-1576,-1046,4201,5306,-1100,-2926,-1640,931,227,345
4713,-3204,-1500,-1122,4119,5295,-1129,-2949,-1661,904,217,347
4668,-3245,-1422,-1203,4038,5288,-1161,-2972,-1682,879,207,348
4616,-3291,-1333,-1295,3946,5280,-1197,-2999,-1707,849,189,343
4559,-3336,-1237,-1392,3845,5266,-1233,-3032,-1737,812,163,336
4528,-3354,-1193,-1436,3798,5252,-1255,-3051,-1754,794,150,342
4510,-3362,-1171,-1459,3774,5238,-1271,-3067,-1767,777,137,349
4485,-3374,-1137,-1493,3738,5224,-1290,-3087,-1781,757,115,349
4469,-3374,-1121,-1507,3720,5207,-1299,-3106,-1787,752,95,358
4484,-3344,-1165,-1462,3763,5192,-1281,-3107,-1771,782,94,392
4515,-3317,-1220,-1411,3823,5190,-1262,-3100,-1755,811,96,421
4523,-3331,-1210,-1431,3824,5200,-1263,-3109,-1759,806,78,423
4504,-3387,-1128,-1526,3760,5220,-1282,-3137,-1785,769,37,403
4470,-3462,-1012,-1657,3663,5245,-1308,-3169,-1820,726,-11,378
4462,-3514,-945,-1739,3616,5272,-1314,-3178,-1839,719,-38,376
4487,-3540,-936,-1765,3628,5304,-1302,-3163,-1840,738,-44,393
4509,-3565,-926,-1790,3638,5335,-1294,-3147,-1844,748,-50,403
4508,-3604,-880,-1847,3609,5360,-1303,-3148,-1864,732,-68,399
4471,-3656,-784,-1946,3521,5371,-1331,-3172,-1901,692,-102,379
4425,-3702,-686,-2041,3427,5372,-1362,-3203,-1943,653,-133,358
4388,-3724,-622,-2096,3360,5364,-1377,-3227,-1974,635,-157,346
4394,-3712,-637,-2075,3374,5363,-1364,-3227,-1977,650,-157,353
4400,-3704,-648,-2060,3385,5365,-1350,-3232,-1977,663,-159,364
4414,-3694,-670,-2035,3409,5372,-1338,-3237,-1977,677,-158,382
4437,-3684,-702,-2003,3443,5385,-1329,-3241,-1977,684,-154,399
4434,-3695,-689,-2014,3432,5396,-1335,-3260,-1994,669,-169,396
4424,-3713,-662,-2040,3405,5407,-1350,-3284,-2017,644,-194,384
4422,-3728,-648,-2054,3392,5421,-1367,-3300,-2036,621,-217,373
4410,-3757,-612,-2093,3357,5439,-1399,-3316,-2060,585,-245,354
4367,-3814,-517,-2190,3263,5455,-1454,-3346,-2102,523,-290,315
4306,-3858,-418,-2282,3153,5450,-1507,-3379,-2145,472,-347,283
4269,-3855,-393,-2293,3108,5428,-1530,-3391,-2163,468,-386,282
4274,-3803,-458,-2212,3152,5402,-1521,-3377,-2157,506,-398,312
4307,-3729,-576,-2082,3250,5380,-1494,-3344,-2135,565,-389,355
4322,-3675,-656,-1991,3311,5359,-1479,-3321,-2118,602,-385,387
4307,-3650,-676,-1959,3313,5335,-1481,-3317,-2115,616,-400,403
4294,-3619,-706,-1919,3322,5309,-1480,-3311,-2108,635,-415,425
4293,-3570,-764,-1848,3359,5277,-1467,-3297,-2092,670,-425,457
4316,-3505,-863,-1739,3440,5250,-1440,-3266,-2065,720,-417,503
4345,-3443,-964,-1630,3527,5227,-1409,-3229,-2033,770,-394,556
4363,-3405,-1029,-1563,3583,5212,-1389,-3197,-2007,801,-375,603
4345,-3414,-1010,-1583,3560,5203,-1392,-3191,-2001,797,-383,625
4336,-3432,-991,-1609,3544,5204,-1397,-3188,-1998,793,-394,640
4324,-3452,-964,-1642,3521,5204,-1406,-3190,-2000,790,-417,642
4310,-3476,-930,-1682,3492,5205,-1420,-3202,-2008,781,-456,635
4327,-3479,-946,-1675,3517,5210,-1420,-3200,-2006,786,-484,642
4358,-3470,-985,-1645,3568,5217,-1416,-3193,-1998,793,-497,657
4376,-3459,-1012,-1622,3603,5214,-1414,-3190,-1992,796,-508,670
4397,-3429,-1058,-1574,3650,5200,-1400,-3189,-1976,815,-515,694
4446,-3364,-1165,-1462,3758,5182,-1358,-3174,-1937,864,-506,741
4506,-3296,-1284,-1341,3881,5170,-1318,-3156,-1895,908,-489,789
4534,-3260,-1336,-1285,3937,5157,-1305,-3158,-1873,918,-488,812
4518,-3262,-1305,-1312,3907,5143,-1317,-3186,-1877,889,-512,806
4476,-3289,-1222,-1388,3825,5128,-1339,-3228,-1898,839,-554,783
4452,-3301,-1171,-1434,3775,5116,-1350,-3258,-1912,806,-594,765
4457,-3289,-1171,-1429,3777,5109,-1350,-3267,-1912,794,-622,759
4454,-3282,-1161,-1434,3767,5102,-1357,-3273,-1917,776,-652,752
4427,-3294,-1106,-1481,3711,5093,-1378,-3288,-1936,744,-685,736
4371,-3330,-999,-1578,3598,5081,-1416,-3320,-1969,700,-730,710
4310,-3374,-881,-1686,3476,5073,-1460,-3355,-2009,659,-775,686
4265,-3404,-795,-1764,3384,5068,-1498,-3385,-2046,632,-814,674
4263,-3397,-789,-1762,3374,5067,-1509,-3392,-2061,642,-827,687
4259,-3392,-780,-1764,3360,5068,-1519,-3398,-2076,651,-843,700
4259,-3387,-779,-1759,3354,5072,-1525,-3399,-2091,658,-858,713
4261,-3384,-780,-1753,3350,5079,-1532,-3399,-2108,666,-871,725
4237,-3402,-735,-1793,3298,5083,-1558,-3417,-2142,651,-897,719
4203,-3431,-672,-1850,3228,5087,-1590,-3438,-2180,625,-933,704
4178,-3456,-626,-1893,3176,5095,-1618,-3449,-2211,606,-968,691
4152,-3491,-569,-1951,3115,5108,-1654,-3455,-2246,578,-1008,673
4096,-3555,-457,-2063,3000,5120,-1710,-3474,-2299,518,-1065,637
4029,-3608,-347,-2168,2879,5116,-1763,-3492,-2352,458,-1130,601
3994,-3613,-319,-2185,2836,5101,-1785,-3486,-2382,434,-1176,587
4003,-3562,-393,-2098,2890,5077,-1773,-3453,-2386,450,-1193,602
4040,-3480,-528,-1949,3007,5051,-1743,-3403,-2370,487,-1186,630
4069,-3417,-637,-1830,3100,5030,-1723,-3364,-2358,509,-1186,646
4069,-3381,-690,-1767,3138,5006,-1720,-3350,-2359,505,-1203,648
4064,-3344,-740,-1706,3172,4978,-1714,-3341,-2362,500,-1222,653
4071,-3294,-815,-1620,3232,4948,-1696,-3323,-2354,510,-1232,672
4099,-3234,-921,-1507,3325,4923,-1668,-3292,-2335,535,-1230,704
4126,-3179,-1020,-1403,3415,4900,-1642,-3260,-2315,554,-1223,740
4135,-3150,-1073,-1346,3463,4881,-1630,-3240,-2307,549,-1220,767
4099,-3170,-1031,-1387,3416,4864,-1646,-3249,-2324,502,-1244,765
4065,-3197,-982,-1436,3368,4852,-1665,-3256,-2342,457,-1268,756
4031,-3232,-924,-1498,3312,4843,-1687,-3265,-2361,411,-1298,740
3991,-3271,-852,-1572,3243,4834,-1713,-3278,-2381,366,-1338,718
3977,-3290,-824,-1605,3220,4828,-1721,-3275,-2384,348,-1364,711
3976,-3303,-811,-1624,3216,4827,-1719,-3264,-2379,346,-1381,715
3970,-3322,-784,-1657,3197,4826,-1717,-3263,-2376,347,-1400,718
3966,-3326,-770,-1672,3189,4817,-1705,-3266,-2367,362,-1417,729
3991,-3294,-819,-1623,3240,4805,-1669,-3257,-2338,404,-1421,759
4031,-3255,-885,-1558,3313,4800,-1630,-3243,-2305,446,-1414,790
4039,-3247,-888,-1556,3321,4794,-1615,-3248,-2296,458,-1417,798
4005,-3276,-808,-1635,3245,4787,-1627,-3278,-2312,439,-1439,780
3940,-3324,-675,-1762,3112,4773,-1652,-3321,-2344,404,-1480,748
3892,-3347,-585,-1843,3018,4755,-1665,-3351,-2364,385,-1519,724
3876,-3340,-555,-1866,2984,4740,-1664,-3359,-2367,387,-1547,711
3862,-3336,-525,-1888,2953,4730,-1665,-3362,-2370,385,-1571,694
3835,-3344,-470,-1935,2895,4721,-1677,-3373,-2379,368,-1598,674
3787,-3364,-383,-2011,2801,4708,-1697,-3394,-2396,339,-1634,649
3748,-3385,-307,-2079,2720,4702,-1712,-3412,-2411,318,-1668,629
3730,-3390,-269,-2110,2679,4702,-1717,-3420,-2413,318,-1693,626
3761,-3359,-319,-2058,2728,4711,-1699,-3400,-2391,354,-1690,651
3789,-3331,-365,-2008,2773,4721,-1682,-3379,-2368,387,-1687,678
3816,-3302,-414,-1955,2819,4729,-1666,-3355,-2344,424,-1682,703
3844,-3273,-467,-1900,2868,4739,-1646,-3324,-2319,462,-1671,730
3844,-3271,-469,-1894,2865,4748,-1639,-3308,-2307,476,-1672,739
3834,-3278,-453,-1906,2843,4755,-1636,-3297,-2299,483,-1682,742
3833,-3279,-456,-1900,2842,4765,-1631,-3281,-2288,494,-1688,751
3834,-3292,-452,-1907,2836,4782,-1635,-3265,-2279,493,-1693,758
3815,-3337,-397,-1968,2784,4807,-1662,-3260,-2286,468,-1709,747
3794,-3384,-341,-2032,2730,4830,-1693,-3263,-2297,446,-1732,735
3809,-3391,-363,-2017,2753,4849,-1700,-3251,-2289,461,-1741,747
3861,-3347,-474,-1907,2863,4858,-1680,-3217,-2256,510,-1732,784
3932,-3271,-637,-1742,3019,4856,-1648,-3170,-2210,571,-1712,834
3983,-3214,-761,-1617,3136,4852,-1630,-3138,-2174,606,-1704,870
4000,-3185,-822,-1551,3190,4843,-1629,-3129,-2155,613,-1719,888
4020,-3157,-884,-1487,3246,4835,-1625,-3119,-2131,625,-1738,910
4049,-3116,-966,-1401,3322,4823,-1610,-3102,-2096,652,-1750,940
4099,-3061,-1083,-1282,3437,4814,-1581,-3071,-2051,694,-1746,980
4148,-3010,-1193,-1172,3546,4806,-1554,-3042,-2005,731,-1738,1022
4174,-2981,-1257,-1108,3609,4796,-1539,-3026,-1971,747,-1735,1057
4146,-2994,-1223,-1137,3571,4777,-1552,-3039,-1965,720,-1758,1069
4113,-3013,-1177,-1179,3522,4757,-1564,-3049,-1959,692,-1784,1083
4078,-3039,-1120,-1234,3464,4742,-1580,-3058,-1958,665,-1809,1100
4033,-3072,-1044,-1306,3388,4724,-1601,-3074,-1969,628,-1845,1113
4010,-3088,-1004,-1345,3349,4709,-1616,-3081,-1974,605,-1874,1131
3993,-3095,-979,-1368,3325,4694,-1628,-3082,-1975,587,-1901,1144
3968,-3106,-939,-1404,3284,4676,-1645,-3090,-1981,566,-1937,1141
3948,-3101,-915,-1420,3257,4652,-1653,-3099,-1983,555,-1973,1141
3955,-3059,-956,-1370,3290,4623,-1633,-3090,-1965,574,-1990,1163
3979,-3010,-1017,-1301,3348,4601,-1607,-3073,-1942,599,-1999,1190
3979,-2996,-1019,-1297,3350,4589,-1603,-3072,-1939,596,-2023,1196
3944,-3022,-943,-1371,3276,4581,-1629,-3095,-1961,564,-2068,1178
3882,-3071,-818,-1495,3150,4573,-1675,-3134,-1996,518,-2126,1143
3838,-3106,-724,-1587,3057,4568,-1711,-3160,-2022,498,-2172,1119
3831,-3112,-695,-1617,3032,4569,-1729,-3159,-2026,508,-2196,1115
3821,-3120,-664,-1650,3003,4573,-1746,-3153,-2027,518,-2217,1113
3796,-3142,-603,-1712,2942,4576,-1770,-3153,-2035,511,-2247,1101
3738,-3179,-496,-1813,2831,4570,-1802,-3164,-2056,485,-2297,1079
3674,-3211,-390,-1910,2714,4556,-1829,-3175,-2078,457,-2354,1058
3627,-3224,-322,-1968,2636,4542,-1841,-3176,-2087,445,-2403,1049
3630,-3201,-342,-1943,2648,4538,-1824,-3148,-2067,468,-2420,1068
3638,-3181,-365,-1916,2666,4539,-1805,-3118,-2039,496,-2433,1086
3653,-3168,-391,-1892,2690,4549,-1782,-3086,-2009,520,-2450,1103
3675,-3159,-422,-1866,2723,4568,-1758,-3054,-1975,539,-2472,1122
3673,-3173,-410,-1882,2712,4584,-1753,-3045,-1962,527,-2516,1129
3664,-3192,-386,-1909,2687,4599,-1754,-3045,-1957,504,-2572,1129
3671,-3202,-389,-1912,2692,4617,-1749,-3041,-1950,495,-2622,1128
3684,-3220,-393,-1917,2702,4644,-1749,-3036,-1947,481,-2672,1119
3678,-3267,-351,-1971,2670,4676,-1766,-3043,-1963,447,-2729,1096
3664,-3308,-308,-2023,2631,4697,-1781,-3056,-1977,421,-2782,1080
3684,-3307,-344,-1992,2669,4712,-1771,-3054,-1968,438,-2810,1096
3748,-3252,-477,-1860,2801,4718,-1731,-3031,-1930,494,-2809,1145
3834,-3168,-662,-1674,2983,4719,-1677,-2997,-1878,570,-2789,1211
3898,-3096,-814,-1518,3129,4712,-1635,-2975,-1832,631,-2774,1271
3922,-3053,-897,-1428,3202,4695,-1612,-2975,-1799,671,-2776,1311
3941,-3014,-970,-1346,3266,4676,-1588,-2975,-1765,715,-2778,1351
3973,-2967,-1062,-1248,3352,4660,-1554,-2964,-1725,772,-2773,1400
4023,-2910,-1182,-1124,3468,4648,-1507,-2939,-1682,836,-2756,1459
4072,-2851,-1301,-1000,3582,4633,-1459,-2910,-1643,891,-2738,1515
4104,-2810,-1384,-912,3662,4618,-1419,-2889,-1615,924,-2728,1556
4088,-2808,-1378,-909,3650,4595,-1407,-2895,-1616,913,-2749,1565
4069,-2803,-1370,-908,3634,4568,-1399,-2901,-1623,891,-2778,1568
4044,-2798,-1353,-912,3607,4536,-1394,-2907,-1633,863,-2812,1566
4007,-2796,-1321,-930,3562,4500,-1394,-2917,-1646,834,-2853,1560
3992,-2772,-1328,-908,3557,4463,-1387,-2917,-1649,826,-2882,1565
3980,-2735,-1349,-869,3563,4420,-1381,-2917,-1650,826,-2905,1575
3952,-2700,-1350,-845,3545,4370,-1383,-2927,-1656,824,-2939,1581
3923,-2653,-1358,-811,3530,4312,-1380,-2937,-1656,830,-2976,1594
3923,-2578,-1421,-722,3570,4258,-1356,-2933,-1633,862,-2999,1627
3940,-2510,-1492,-634,3626,4219,-1329,-2924,-1606,893,-3013,1657
3930,-2489,-1487,-629,3614,4197,-1326,-2936,-1602,886,-3047,1655
3881,-2522,-1387,-724,3512,4187,-1351,-2973,-1625,840,-3111,1620
3805,-2587,-1226,-882,3351,4182,-1392,-3023,-1660,774,-3194,1571
3746,-2641,-1094,-1014,3219,4182,-1423,-3057,-1680,730,-3268,1544
3721,-2671,-1021,-1091,3151,4192,-1435,-3065,-1677,719,-3316,1547
3702,-2705,-950,-1170,3088,4210,-1444,-3065,-1669,712,-3353,1553
3671,-2760,-847,-1283,2995,4235,-1471,-3074,-1673,687,-3396,1547
3621,-2830,-714,-1426,2870,4259,-1512,-3097,-1692,644,-3452,1530
3579,-2897,-592,-1560,2758,4288,-1553,-3119,-1714,604,-3508,1516
3559,-2945,-515,-1651,2691,4321,-1576,-3132,-1728,588,-3556,1516
3589,-2950,-534,-1648,2721,4359,-1564,-3112,-1710,617,-3575,1544
3617,-2950,-559,-1638,2754,4393,-1544,-3090,-1690,648,-3593,1573
3643,-2946,-589,-1620,2790,4423,-1519,-3068,-1673,678,-3612,1600
3674,-2940,-628,-1595,2836,4455,-1490,-3045,-1660,702,-3628,1627
3680,-2956,-624,-1612,2837,4484,-1477,-3044,-1665,694,-3660,1639
3674,-2982,-601,-1646,2818,4510,-1474,-3053,-1680,672,-3705,1639
3674,-3002,-594,-1665,2814,4534,-1466,-3055,-1691,656,-3746,1637
3670,-3024,-583,-1686,2807,4556,-1465,-3054,-1706,632,-3781,1632
3637,-3068,-522,-1754,2746,4571,-1488,-3067,-1739,582,-3826,1612
3587,-3106,-454,-1820,2671,4567,-1516,-3085,-1772,533,-3878,1593
3567,-3099,-462,-1805,2667,4552,-1519,-3082,-1783,524,-3912,1599
3591,-3044,-562,-1695,2755,4531,-1490,-3055,-1762,559,-3918,1631
3647,-2964,-720,-1528,2902,4512,-1446,-3015,-1725,611,-3908,1673
3685,-2904,-840,-1399,3012,4491,-1416,-2987,-1696,638,-3909,1701
3678,-2878,-878,-1347,3039,4461,-1407,-2984,-1687,631,-3939,1707
3656,-2864,-889,-1319,3037,4425,-1407,-2989,-1684,620,-3982,1711
3629,-2847,-897,-1292,3030,4382,-1411,-2997,-1680,612,-4028,1720
3614,-2823,-919,-1251,3039,4339,-1413,-2999,-1673,613,-4068,1734
3597,-2811,-927,-1228,3037,4301,-1417,-3004,-1667,611,-4105,1744
3576,-2829,-898,-1249,3009,4279,-1426,-3013,-1669,604,-4143,1746
3522,-2893,-787,-1356,2902,4264,-1454,-3042,-1689,572,-4199,1731
3475,-2956,-680,-1460,2803,4253,-1478,-3062,-1703,555,-4249,1719
3434,-3011,-583,-1554,2712,4240,-1495,-3078,-1716,544,-4295,1710
3391,-3060,-487,-1646,2620,4224,-1513,-3100,-1738,526,-4347,1696
3377,-3081,-444,-1684,2583,4209,-1514,-3109,-1754,522,-4384,1696
3376,-3082,-430,-1692,2572,4192,-1508,-3111,-1769,515,-4411,1704
3366,-3083,-404,-1710,2546,4171,-1507,-3117,-1790,499,-4440,1709
3357,-3069,-390,-1712,2528,4143,-1502,-3124,-1809,490,-4469,1721
3373,-3019,-434,-1652,2565,4111,-1476,-3121,-1813,506,-4481,1749
3406,-2961,-500,-1574,2628,4090,-1450,-3113,-1818,526,-4484,1774
3415,-2936,-509,-1558,2635,4077,-1452,-3127,-1846,508,-4502,1770
3388,-2948,-443,-1618,2569,4069,-1484,-3169,-1901,450,-4543,1736
3334,-2982,-329,-1725,2453,4061,-1535,-3228,-1972,371,-4604,1683
3290,-2998,-244,-1802,2362,4052,-1578,-3275,-2033,316,-4653,1640
3273,-2985,-216,-1822,2328,4044,-1604,-3302,-2074,292,-4683,1617
3252,-2971,-189,-1840,2293,4036,-1637,-3330,-2115,262,-4718,1597
3218,-2967,-141,-1879,2234,4029,-1685,-3367,-2163,215,-4762,1569
3156,-2981,-49,-1959,2128,4017,-1746,-3419,-2222,152,-4822,1531
3087,-2993,42,-2036,2019,4001,-1801,-3465,-2271,99,-4880,1496
3031,-2988,101,-2080,1938,3983,-1835,-3495,-2303,72,-4926,1472
3022,-2945,71,-2039,1951,3972,-1837,-3492,-2309,83,-4944,1473
3015,-2900,34,-1990,1968,3960,-1834,-3484,-2314,85,-4965,1480
3002,-2858,2,-1946,1979,3947,-1828,-3475,-2320,81,-4989,1491
2994,-2820,-34,-1901,1997,3938,-1815,-3458,-2320,85,-5002,1511
2964,-2809,-25,-1902,1969,3930,-1810,-3453,-2327,74,-5021,1524
2925,-2813,5,-1926,1923,3924,-1807,-3453,-2334,65,-5043,1539
2896,-2808,14,-1930,1897,3917,-1796,-3443,-2332,66,-5057,1558
2871,-2811,25,-1938,1874,3915,-1788,-3430,-2336,59,-5070,1569
2827,-2842,80,-1993,1808,3915,-1801,-3428,-2359,21,-5094,1560
2774,-2875,145,-2055,1732,3908,-1815,-3433,-2384,-23,-5126,1550
2754,-2873,142,-2048,1723,3897,-1803,-3420,-2387,-27,-5140,1564
2782,-2831,50,-1954,1805,3888,-1758,-3383,-2363,15,-5127,1607
2846,-2770,-97,-1811,1949,3886,-1693,-3330,-2320,81,-5092,1669
2904,-2729,-216,-1698,2071,3891,-1634,-3284,-2282,132,-5056,1724
2925,-2718,-266,-1652,2122,3889,-1598,-3261,-2263,150,-5041,1756
2940,-2703,-312,-1606,2166,3879,-1566,-3244,-2247,159,-5032,1781
2963,-2671,-380,-1533,2231,3860,-1531,-3225,-2228,173,-5021,1806
3006,-2624,-482,-1427,2332,3842,-1495,-3200,-2205,195,-5004,1833
3052,-2576,-583,-1323,2433,3825,-1465,-3177,-2184,211,-4993,1854
3080,-2547,-645,-1256,2498,3807,-1453,-3162,-2174,208,-4992,1861
3062,-2556,-621,-1273,2472,3784,-1474,-3173,-2187,172,-5015,1844
3037,-2566,-586,-1298,2436,3756,-1504,-3186,-2205,136,-5033,1827
3007,-2577,-543,-1330,2389,3725,-1536,-3200,-2225,104,-5046,1805
2964,-2589,-483,-1375,2323,3687,-1566,-3220,-2247,68,-5068,1774
2950,-2581,-469,-1376,2305,3656,-1576,-3222,-2251,55,-5080,1754
2958,-2563,-485,-1351,2322,3634,-1572,-3207,-2242,60,-5085,1748
2962,-2548,-493,-1334,2331,3613,-1566,-3190,-2229,70,-5095,1746
2973,-2520,-517,-1298,2354,3589,-1549,-3170,-2209,97,-5104,1755
3014,-2453,-611,-1192,2442,3562,-1509,-3136,-2169,158,-5093,1787
3076,-2372,-736,-1055,2565,3541,-1465,-3090,-2124,219,-5065,1823
3115,-2324,-805,-979,2635,3529,-1446,-3061,-2099,242,-5053,1834
3118,-2324,-789,-993,2622,3528,-1456,-3059,-2102,221,-5068,1816
3099,-2354,-722,-1061,2561,3534,-1482,-3075,-2123,182,-5105,1784
3093,-2369,-683,-1102,2526,3543,-1496,-3081,-2137,164,-5138,1764
3121,-2355,-709,-1080,2557,3556,-1491,-3065,-2131,178,-5144,1764
3149,-2339,-739,-1053,2592,3571,-1489,-3044,-2122,197,-5138,1762
3164,-2340,-741,-1058,2599,3591,-1496,-3028,-2120,204,-5131,1757
3151,-2363,-694,-1109,2555,3608,-1513,-3030,-2128,194,-5136,1749
3124,-2393,-630,-1177,2490,3622,-1530,-3037,-2136,183,-5145,1749
3100,-2415,-580,-1229,2438,3634,-1540,-3040,-2137,184,-5151,1760
3114,-2406,-601,-1214,2458,3652,-1525,-3019,-2116,219,-5134,1795
3124,-2407,-610,-1212,2468,3674,-1513,-3002,-2095,246,-5120,1828
3125,-2417,-605,-1226,2463,3696,-1507,-2993,-2080,259,-5114,1854
3128,-2432,-598,-1244,2458,3721,-1507,-2985,-2064,263,-5112,1871
3105,-2475,-540,-1314,2402,3748,-1521,-2992,-2063,240,-5129,1865
3069,-2531,-457,-1409,2321,3773,-1542,-3009,-2070,206,-5158,1844
3038,-2582,-386,-1491,2253,3796,-1561,-3020,-2076,182,-5184,1828
3005,-2634,-312,-1577,2181,3818,-1587,-3030,-2084,155,-5206,1812
2945,-2708,-191,-1706,2061,3834,-1633,-3053,-2111,106,-5238,1782
2870,-2773,-65,-1833,1928,3832,-1676,-3081,-2139,54,-5278,1752
2827,-2791,-17,-1875,1870,3819,-1689,-3087,-2145,38,-5301,1745
2831,-2754,-71,-1813,1911,3797,-1670,-3064,-2124,62,-5297,1766
2868,-2684,-191,-1683,2019,3774,-1635,-3021,-2084,106,-5271,1802
2899,-2623,-296,-1569,2113,3750,-1610,-2986,-2051,133,-5246,1829
2898,-2589,-341,-1512,2147,3721,-1607,-2975,-2038,132,-5240,1836
2891,-2558,-376,-1463,2170,3689,-1608,-2968,-2027,133,-5238,1842
2898,-2519,-430,-1396,2215,3658,-1599,-2953,-2008,151,-5229,1857
2934,-2478,-516,-1305,2302,3644,-1575,-2923,-1978,182,-5211,1878
2982,-2445,-603,-1220,2396,3642,-1545,-2885,-1945,210,-5192,1896
3022,-2430,-664,-1163,2468,3646,-1527,-2852,-1918,221,-5173,1906
3017,-2455,-639,-1190,2453,3646,-1541,-2851,-1919,197,-5172,1894
3006,-2478,-608,-1220,2430,3641,-1557,-2853,-1928,170,-5170,1882
2986,-2498,-571,-1251,2396,3627,-1576,-2860,-1941,138,-5169,1870
2950,-2517,-516,-1295,2339,3603,-1598,-2875,-1960,100,-5177,1860
2934,-2514,-501,-1298,2322,3578,-1604,-2873,-1968,90,-5173,1867
2938,-2505,-511,-1282,2334,3564,-1599,-2857,-1966,99,-5158,1886
2939,-2501,-512,-1275,2337,3552,-1595,-2849,-1964,111,-5146,1899
2941,-2485,-523,-1255,2347,3534,-1584,-2846,-1959,133,-5135,1915
2967,-2432,-595,-1171,2412,3510,-1549,-2834,-1936,179,-5113,1947
3011,-2370,-691,-1067,2506,3494,-1508,-2814,-1906,230,-5081,1981
3033,-2341,-731,-1023,2545,3487,-1488,-2811,-1893,251,-5066,1992
3017,-2349,-695,-1056,2509,3482,-1497,-2830,-1907,232,-5073,1979
2975,-2376,-613,-1133,2424,3475,-1526,-2865,-1938,192,-5096,1952
2943,-2381,-564,-1174,2366,3461,-1549,-2894,-1963,168,-5111,1933
2940,-2352,-577,-1153,2368,3447,-1559,-2902,-1970,163,-5103,1934
2935,-2322,-592,-1130,2371,3433,-1572,-2908,-1974,154,-5089,1935
2917,-2306,-581,-1133,2347,3420,-1599,-2923,-1985,132,-5079,1924
2876,-2309,-527,-1178,2279,3407,-1637,-2951,-2003,98,-5084,1900
2838,-2318,-475,-1225,2214,3400,-1676,-2979,-2022,70,-5091,1873
2813,-2311,-452,-1242,2176,3391,-1707,-2993,-2030,63,-5094,1857
2829,-2262,-513,-1175,2222,3382,-1707,-2972,-2008,97,-5070,1868
2842,-2212,-574,-1106,2265,3370,-1701,-2946,-1980,135,-5046,1881
2851,-2164,-630,-1041,2303,3357,-1693,-2920,-1955,169,-5024,1892
2868,-2117,-695,-970,2353,3348,-1683,-2888,-1928,200,-4998,1906
2860,-2098,-709,-951,2351,3341,-1689,-2872,-1918,205,-4990,1909
2837,-2102,-686,-971,2317,3337,-1704,-2869,-1920,192,-4996,1903
2822,-2107,-671,-986,2293,3339,-1722,-2866,-1925,176,-5003,1896
2809,-2122,-649,-1011,2267,3346,-1749,-2866,-1935,151,-5009,1880
2774,-2170,-574,-1093,2191,3359,-1799,-2880,-1963,98,-5031,1844
2723,-2223,-477,-1191,2091,3362,-1853,-2903,-1995,48,-5062,1802
2695,-2236,-445,-1219,2050,3352,-1880,-2904,-2001,39,-5075,1785
2702,-2199,-499,-1156,2091,3331,-1874,-2875,-1975,76,-5058,1806
2739,-2131,-612,-1032,2193,3306,-1847,-2825,-1927,143,-5013,1853
2774,-2075,-712,-924,2285,3286,-1827,-2782,-1880,194,-4969,1896
2783,-2051,-753,-876,2321,3269,-1821,-2760,-1853,218,-4946,1921
2795,-2030,-791,-833,2358,3254,-1810,-2740,-1828,242,-4927,1950
2823,-2004,-850,-772,2421,3246,-1781,-2712,-1795,280,-4900,1988
2881,-1970,-946,-682,2528,3252,-1736,-2670,-1754,327,-4857,2033
2945,-1947,-1036,-603,2636,3267,-1688,-2629,-1714,371,-4809,2073
2994,-1947,-1086,-565,2708,3289,-1647,-2599,-1686,397,-4772,2098
2995,-1992,-1042,-621,2685,3308,-1637,-2605,-1692,376,-4771,2086
2985,-2041,-982,-690,2644,3323,-1637,-2623,-1712,344,-4780,2062
2973,-2087,-923,-758,2603,3336,-1637,-2643,-1738,309,-4788,2036
2952,-2138,-849,-838,2546,3346,-1641,-2666,-1769,274,-4799,2008
2951,-2163,-820,-872,2532,3353,-1632,-2672,-1789,263,-4795,1995
2961,-2169,-820,-875,2543,3356,-1621,-2672,-1800,256,-4786,1988
2955,-2170,-807,-884,2535,3346,-1616,-2680,-1813,242,-4783,1982
2938,-2156,-798,-880,2522,3321,-1603,-2688,-1820,245,-4784,1986
2939,-2106,-841,-819,2554,3284,-1563,-2678,-1805,277,-4773,2012
2955,-2048,-907,-739,2611,3256,-1514,-2655,-1781,318,-4751,2044
2947,-2026,-913,-723,2610,3236,-1485,-2649,-1772,332,-4737,2061
2903,-2045,-840,-787,2532,3221,-1486,-2666,-1786,312,-4746,2051
2834,-2085,-722,-898,2405,3206,-1509,-2698,-1819,271,-4775,2022
2777,-2110,-632,-980,2305,3190,-1530,-2719,-1841,248,-4801,2000
2763,-2113,-606,-1004,2275,3189,-1534,-2714,-1844,255,-4800,1999
2762,-2127,-583,-1036,2252,3205,-1540,-2706,-1845,261,-4789,2001
2753,-2155,-539,-1090,2211,3227,-1561,-2709,-1858,249,-4786,1995
2716,-2198,-453,-1182,2122,3241,-1598,-2732,-1886,215,-4803,1976
2673,-2240,-363,-1276,2025,3250,-1637,-2760,-1918,173,-4829,1951
2639,-2268,-296,-1346,1949,3258,-1670,-2786,-1943,139,-4855,1929
2644,-2268,-297,-1351,1944,3273,-1683,-2794,-1947,135,-4861,1925
2647,-2277,-290,-1367,1932,3292,-1699,-2808,-1952,121,-4871,1916
2645,-2298,-266,-1402,1906,3317,-1716,-2825,-1961,100,-4886,1903
2644,-2318,-245,-1434,1881,3342,-1730,-2837,-1967,78,-4901,1888
2613,-2361,-174,-1514,1805,3360,-1758,-2864,-1988,37,-4932,1861
2566,-2415,-78,-1616,1703,3375,-1795,-2899,-2019,-12,-4971,1828
2531,-2455,-8,-1691,1627,3387,-1826,-2925,-2047,-47,-4997,1800
2507,-2492,45,-1751,1570,3402,-1854,-2941,-2073,-80,-5013,1773
2467,-2545,129,-1840,1484,3416,-1894,-2962,-2113,-127,-5036,1730
2420,-2591,211,-1923,1396,3418,-1932,-2987,-2152,-168,-5066,1688
2410,-2595,213,-1922,1389,3415,-1940,-2987,-2161,-169,-5072,1674
2453,-2547,109,-1816,1488,3411,-1910,-2953,-2134,-125,-5043,1697
2525,-2469,-55,-1647,1649,3404,-1854,-2895,-2081,-58,-4989,1742
2590,-2400,-204,-1494,1796,3396,-1802,-2839,-2029,-3,-4936,1784
2622,-2364,-286,-1405,1879,3386,-1773,-2808,-1998,18,-4908,1808
2647,-2336,-355,-1331,1949,3377,-1750,-2782,-1973,30,-4889,1827
2675,-2303,-430,-1248,2027,3363,-1725,-2752,-1948,44,-4870,1847
2714,-2261,-525,-1146,2127,3351,-1698,-2713,-1917,68,-4836,1874
2749,-2225,-608,-1055,2217,3338,-1680,-2675,-1886,92,-4795,1900
2765,-2214,-648,-1010,2266,3329,-1678,-2646,-1867,95,-4760,1909
2729,-2251,-585,-1065,2213,3317,-1710,-2649,-1879,54,-4762,1884
2676,-2304,-490,-1153,2127,3304,-1747,-2657,-1900,6,-4775,1851
2614,-2361,-379,-1256,2025,3288,-1784,-2672,-1923,-41,-4793,1820
2539,-2423,-247,-1377,1899,3267,-1823,-2699,-1950,-90,-4817,1788
2484,-2462,-157,-1456,1814,3246,-1847,-2717,-1967,-118,-4833,1766
2446,-2482,-99,-1504,1759,3224,-1859,-2730,-1977,-131,-4842,1750
2403,-2498,-37,-1553,1698,3197,-1869,-2746,-1985,-139,-4853,1733
2368,-2500,6,-1582,1653,3169,-1871,-2764,-1988,-136,-4865,1726
2368,-2464,-21,-1542,1675,3139,-1852,-2768,-1974,-105,-4864,1741
2391,-2409,-85,-1467,1736,3115,-1827,-2762,-1956,-71,-4856,1759
2392,-2377,-102,-1440,1749,3095,-1824,-2770,-1957,-73,-4865,1758
2364,-2377,-54,-1481,1696,3078,-1844,-2800,-1982,-112,-4898,1731
2323,-2378,10,-1535,1622,3056,-1867,-2833,-2014,-152,-4935,1701
2309,-2338,8,-1519,1609,3026,-1868,-2842,-2026,-156,-4950,1696
2314,-2281,-30,-1469,1630,3000,-1862,-2839,-2027,-152,-4954,1699
2309,-2241,-40,-1449,1626,2979,-1866,-2843,-2034,-168,-4962,1689
2294,-2219,-23,-1459,1595,2966,-1884,-2854,-2046,-198,-4973,1663
2258,-2213,29,-1504,1525,2950,-1914,-2875,-2065,-241,-4995,1629
2224,-2202,72,-1538,1463,2933,-1941,-2887,-2076,-275,-5015,1603
2229,-2159,40,-1500,1476,2920,-1936,-2873,-2058,-262,-5015,1608
2284,-2080,-80,-1378,1582,2917,-1895,-2823,-2006,-200,-4983,1644
2314,-2033,-148,-1311,1636,2918,-1872,-2788,-1969,-164,-4965,1668
2323,-2015,-170,-1291,1646,2924,-1865,-2769,-1948,-146,-4958,1680
2337,-2008,-190,-1279,1658,2938,-1860,-2750,-1928,-126,-4945,1696
2330,-2028,-165,-1311,1628,2955,-1868,-2747,-1922,-120,-4942,1702
2310,-2062,-117,-1366,1574,2971,-1878,-2751,-1922,-120,-4942,1703
2306,-2096,-89,-1407,1546,2997,-1876,-2749,-1915,-113,-4937,1713
2317,-2141,-67,-1448,1533,3038,-1869,-2742,-1908,-107,-4929,1724
2310,-2213,-1,-1535,1481,3083,-1877,-2744,-1917,-127,-4932,1716
2284,-2284,81,-1632,1407,3115,-1887,-2756,-1935,-155,-4944,1701
2283,-2312,93,-1652,1398,3132,-1876,-2752,-1933,-150,-4938,1705
2324,-2285,8,-1569,1484,3140,-1837,-2719,-1902,-103,-4905,1733
2392,-2221,-140,-1421,1631,3141,-1779,-2664,-1852,-31,-4855,1772
2447,-2159,-273,-1284,1760,3133,-1729,-2612,-1806,28,-4809,1803
2461,-2126,-334,-1213,1817,3117,-1701,-2581,-1780,57,-4782,1818
2469,-2096,-385,-1152,1863,3097,-1677,-2554,-1758,79,-4761,1830
2485,-2059,-451,-1076,1927,3078,-1651,-2521,-1731,104,-4736,1847
2520,-2007,-549,-970,2025,3060,-1621,-2477,-1701,135,-4701,1873
2555,-1957,-644,-867,2122,3043,-1596,-2437,-1677,157,-4665,1898
2578,-1927,-704,-800,2189,3031,-1582,-2409,-1664,160,-4634,1915
2559,-1947,-670,-831,2165,3023,-1598,-2409,-1678,122,-4625,1911
2534,-1979,-617,-882,2125,3018,-1622,-2411,-1697,77,-4623,1902
2510,-2012,-563,-936,2083,3015,-1644,-2405,-1711,40,-4620,1895
2479,-2049,-495,-1002,2028,3009,-1666,-2401,-1724,5,-4619,1886
2471,-2060,-474,-1021,2019,3002,-1667,-2379,-1721,-5,-4603,1890
2485,-2055,-488,-1006,2045,2998,-1655,-2344,-1705,-7,-4580,1898
2497,-2050,-498,-996,2067,2995,-1643,-2312,-1693,-15,-4564,1902
2510,-2032,-521,-969,2096,2983,-1621,-2276,-1673,-4,-4547,1916
2546,-1974,-606,-875,2180,2960,-1574,-2226,-1634,47,-4507,1957
2603,-1901,-725,-751,2300,2944,-1518,-2168,-1590,108,-4451,2005
2642,-1854,-798,-675,2374,2934,-1482,-2130,-1567,132,-4405,2034
2651,-1847,-801,-672,2381,2932,-1473,-2119,-1572,113,-4385,2034
2641,-1865,-759,-719,2343,2936,-1482,-2127,-1593,74,-4386,2016
2646,-1870,-747,-737,2333,2943,-1478,-2125,-1605,56,-4385,2006
2691,-1840,-810,-682,2398,2955,-1452,-2100,-1595,73,-4361,2018
2745,-1809,-885,-617,2477,2972,-1425,-2071,-1584,96,-4331,2036
2790,-1789,-940,-574,2534,2993,-1406,-2052,-1579,108,-4301,2049
2803,-1792,-942,-581,2535,3010,-1403,-2049,-1585,104,-4285,2048
2804,-1805,-926,-606,2515,3026,-1403,-2048,-1593,95,-4281,2040
2811,-1815,-920,-623,2504,3045,-1394,-2043,-1598,96,-4277,2033
2855,-1797,-981,-575,2564,3071,-1359,-2014,-1582,133,-4251,2043
2887,-1783,-1029,-539,2606,3093,-1327,-1988,-1566,165,-4223,2047
2897,-1782,-1043,-532,2612,3109,-1309,-1976,-1562,174,-4204,2044
2898,-1787,-1044,-538,2604,3124,-1300,-1973,-1568,168,-4187,2043
2864,-1824,-980,-607,2530,3136,-1312,-1999,-1596,130,-4189,2027
2806,-1882,-872,-720,2412,3147,-1336,-2044,-1637,77,-4206,1998
2750,-1940,-768,-829,2299,3158,-1361,-2085,-1679,27,-4225,1967
2694,-2001,-660,-942,2185,3173,-1393,-2123,-1724,-28,-4244,1930
2620,-2089,-508,-1102,2030,3191,-1443,-2171,-1784,-104,-4274,1871
2531,-2180,-338,-1273,1856,3201,-1497,-2227,-1846,-185,-4314,1807
2474,-2231,-239,-1372,1751,3204,-1529,-2262,-1884,-225,-4338,1765
2461,-2228,-239,-1367,1743,3199,-1532,-2265,-1888,-213,-4330,1757
2483,-2189,-308,-1291,1805,3191,-1516,-2243,-1866,-165,-4295,1775
2508,-2154,-374,-1220,1868,3187,-1503,-2221,-1842,-123,-4258,1797
2502,-2143,-383,-1202,1874,3176,-1513,-2221,-1834,-110,-4244,1800
2501,-2127,-402,-1174,1891,3164,-1528,-2221,-1831,-102,-4235,1796
2521,-2096,-454,-1114,1944,3154,-1533,-2213,-1821,-89,-4222,1799
2573,-2053,-549,-1016,2049,3156,-1522,-2181,-1797,-55,-4191,1825
2635,-2019,-646,-923,2161,3168,-1504,-2139,-1763,-13,-4142,1869
2692,-2010,-710,-868,2250,3193,-1484,-2096,-1726,27,-4085,1916
2708,-2049,-685,-904,2252,3221,-1487,-2075,-1708,37,-4048,1937
2717,-2092,-650,-951,2243,3247,-1493,-2058,-1694,43,-4023,1947
2724,-2128,-620,-988,2236,3265,-1499,-2042,-1679,51,-4006,1951
2718,-2164,-576,-1036,2211,3275,-1507,-2030,-1668,50,-3995,1950
2736,-2185,-571,-1048,2227,3289,-1499,-2000,-1647,65,-3969,1961
2770,-2198,-591,-1038,2270,3310,-1478,-1963,-1619,89,-3932,1980
2792,-2210,-598,-1038,2295,3322,-1458,-1931,-1595,106,-3901,1999
2808,-2206,-616,-1020,2323,3319,-1432,-1902,-1569,129,-3877,2025
2851,-2163,-699,-935,2410,3309,-1382,-1860,-1526,181,-3841,2067
2917,-2109,-816,-821,2534,3308,-1327,-1807,-1478,239,-3793,2111
2961,-2084,-882,-761,2608,3313,-1293,-1772,-1449,265,-3759,2130
2969,-2104,-866,-788,2602,3324,-1290,-1759,-1443,253,-3749,2117
2953,-2153,-796,-871,2543,3341,-1302,-1763,-1454,222,-3757,2086
2950,-2194,-749,-934,2505,3362,-1302,-1760,-1459,202,-3764,2065
2987,-2200,-776,-926,2543,3388,-1278,-1732,-1443,217,-3751,2071
3027,-2194,-820,-900,2594,3411,-1251,-1698,-1423,238,-3732,2082
3060,-2192,-854,-883,2632,3431,-1229,-1666,-1405,256,-3713,2089
3071,-2203,-854,-898,2632,3448,-1215,-1642,-1391,270,-3703,2091
3080,-2212,-856,-910,2633,3463,-1198,-1613,-1369,294,-3689,2098
3101,-2205,-888,-891,2661,3477,-1169,-1574,-1335,333,-3667,2118
3169,-2162,-1003,-792,2775,3498,-1109,-1508,-1271,410,-3620,2165
3245,-2117,-1129,-685,2902,3526,-1044,-1442,-1200,491,-3570,2220
3312,-2082,-1238,-594,3012,3555,-988,-1387,-1139,557,-3526,2269
3379,-2048,-1346,-504,3122,3585,-935,-1335,-1082,617,-3478,2318
3417,-2043,-1395,-471,3174,3615,-898,-1304,-1041,653,-3440,2355
3431,-2060,-1402,-480,3184,3645,-873,-1290,-1014,673,-3410,2382
3446,-2075,-1409,-485,3195,3673,-849,-1278,-990,698,-3375,2407
3456,-2095,-1406,-501,3197,3703,-836,-1269,-976,713,-3341,2419
3435,-2143,-1344,-573,3140,3729,-850,-1279,-988,692,-3323,2402
3391,-2197,-1251,-669,3047,3744,-877,-1308,-1014,654,-3318,2377
3370,-2218,-1215,-704,3009,3752,-886,-1323,-1025,650,-3300,2377
3394,-2192,-1268,-649,3060,3759,-864,-1306,-1007,694,-3258,2413
3449,-2138,-1379,-535,3172,3766,-823,-1269,-971,762,-3202,2467
3505,-2091,-1482,-432,3279,3778,-794,-1243,-942,816,-3148,2514
3524,-2073,-1516,-394,3317,3784,-795,-1251,-938,832,-3113,2536
3539,-2062,-1537,-369,3343,3791,-808,-1270,-940,843,-3079,2552
3564,-2046,-1571,-333,3386,3800,-818,-1288,-936,858,-3042,2571
3616,-2019,-1641,-265,3471,3819,-819,-1294,-923,882,-2994,2596
3673,-1991,-1716,-193,3563,3839,-822,-1298,-909,903,-2946,2618
3710,-1975,-1758,-151,3619,3852,-839,-1307,-901,911,-2907,2626
3694,-1997,-1709,-195,3581,3854,-886,-1344,-921,874,-2896,2603
3666,-2027,-1639,-259,3521,3853,-937,-1382,-948,828,-2892,2574
3633,-2059,-1563,-328,3455,3848,-987,-1418,-975,784,-2890,2543
3585,-2099,-1463,-418,3362,3837,-1041,-1458,-1007,733,-2899,2507
3554,-2120,-1401,-471,3305,3825,-1083,-1483,-1029,703,-2897,2485
3543,-2130,-1369,-497,3282,3817,-1115,-1496,-1043,687,-2881,2475
3530,-2146,-1331,-531,3253,3810,-1152,-1510,-1058,668,-2866,2472
3518,-2153,-1304,-553,3232,3799,-1188,-1529,-1071,653,-2856,2479
3534,-2125,-1340,-510,3271,3783,-1201,-1537,-1066,670,-2836,2506
3579,-2089,-1414,-437,3354,3780,-1204,-1534,-1055,697,-2807,2537
3611,-2082,-1447,-411,3400,3788,-1222,-1545,-1061,695,-2789,2548
3611,-2113,-1412,-457,3378,3801,-1263,-1577,-1090,661,-2788,2535
3589,-2164,-1337,-543,3314,3813,-1319,-1621,-1134,615,-2799,2506
3581,-2196,-1295,-596,3280,3822,-1371,-1661,-1177,581,-2809,2482
3617,-2192,-1336,-568,3331,3837,-1402,-1674,-1199,582,-2796,2485
3664,-2178,-1399,-521,3402,3855,-1429,-1680,-1212,596,-2773,2495
3706,-2173,-1451,-486,3463,3876,-1460,-1685,-1223,611,-2748,2504
3730,-2178,-1477,-476,3493,3893,-1497,-1699,-1237,619,-2731,2502
3752,-2180,-1507,-460,3525,3908,-1532,-1711,-1246,631,-2718,2499
3785,-2164,-1566,-414,3583,3919,-1553,-1712,-1244,658,-2705,2505
3857,-2109,-1705,-287,3720,3932,-1544,-1680,-1212,725,-2665,2541
3932,-2053,-1850,-155,3864,3947,-1530,-1643,-1177,792,-2620,2582
3994,-2009,-1971,-48,3982,3964,-1518,-1611,-1147,842,-2580,2617
4053,-1972,-2083,51,4093,3983,-1504,-1578,-1118,885,-2538,2647
4081,-1964,-2134,89,4142,4003,-1503,-1561,-1102,898,-2512,2659
4084,-1977,-2140,85,4145,4020,-1509,-1557,-1097,887,-2501,2655
4086,-1986,-2148,84,4149,4035,-1513,-1553,-1095,871,-2494,2645
4083,-2000,-2146,75,4143,4050,-1518,-1548,-1098,850,-2492,2626
4052,-2044,-2084,6,4078,4066,-1543,-1554,-1119,805,-2506,2584
3996,-2096,-1987,-91,3975,4072,-1570,-1570,-1145,758,-2532,2536
3966,-2115,-1947,-128,3926,4072,-1569,-1567,-1150,748,-2542,2519
3983,-2086,-2000,-69,3972,4071,-1535,-1531,-1119,784,-2517,2539
4036,-2025,-2118,54,4084,4072,-1478,-1468,-1062,851,-2463,2584
4094,-1968,-2233,171,4199,4079,-1420,-1402,-999,915,-2398,2632
4119,-1939,-2284,229,4249,4081,-1379,-1352,-949,955,-2348,2667
4137,-1911,-2324,277,4287,4079,-1344,-1307,-902,989,-2304,2700
4167,-1870,-2385,348,4347,4075,-1308,-1260,-850,1029,-2259,2740
4217,-1814,-2479,450,4443,4073,-1267,-1205,-794,1082,-2204,2793
4269,-1754,-2576,557,4543,4070,-1227,-1152,-739,1137,-2142,2848
4307,-1705,-2647,640,4616,4062,-1202,-1108,-694,1181,-2085,2892
4297,-1696,-2628,635,4598,4048,-1214,-1100,-677,1181,-2057,2902
4275,-1698,-2586,607,4557,4032,-1237,-1104,-671,1169,-2037,2899
4250,-1701,-2541,576,4513,4015,-1263,-1109,-667,1154,-2014,2899
4209,-1712,-2470,522,4441,3991,-1297,-1127,-671,1129,-2002,2899
4179,-1707,-2429,498,4397,3964,-1325,-1139,-668,1117,-1983,2908
4161,-1691,-2412,497,4377,3936,-1348,-1144,-654,1117,-1957,2921
4134,-1683,-2378,479,4341,3909,-1375,-1157,-644,1110,-1939,2924
4105,-1680,-2341,456,4301,3882,-1399,-1177,-638,1102,-1930,2923
4101,-1657,-2349,474,4308,3859,-1401,-1190,-619,1114,-1915,2934
4112,-1632,-2377,507,4338,3846,-1398,-1196,-600,1129,-1895,2943
4089,-1643,-2336,469,4299,3834,-1425,-1225,-608,1101,-1902,2921
4014,-1699,-2201,338,4161,3818,-1489,-1288,-654,1021,-1946,2862
3900,-1782,-2001,145,3955,3794,-1577,-1377,-728,909,-2016,2782
3787,-1849,-1821,-24,3762,3760,-1660,-1464,-804,805,-2082,2708
3712,-1880,-1715,-120,3643,3728,-1720,-1524,-861,740,-2116,2658
3653,-1912,-1628,-203,3548,3708,-1771,-1576,-910,689,-2132,2614
3595,-1950,-1536,-293,3449,3694,-1824,-1630,-964,632,-2151,2565
3518,-1997,-1418,-406,3319,3672,-1885,-1700,-1033,557,-2188,2504
3439,-2032,-1311,-505,3195,3643,-1947,-1771,-1106,479,-2234,2442
3370,-2046,-1236,-567,3099,3607,-2000,-1835,-1171,413,-2275,2389
3346,-2018,-1248,-544,3090,3574,-2023,-1868,-1205,387,-2287,2366
3331,-1985,-1275,-506,3096,3543,-2036,-1892,-1227,376,-2286,2353
3310,-1961,-1288,-483,3088,3516,-2049,-1913,-1246,371,-2285,2336
3298,-1933,-1312,-450,3094,3493,-2059,-1928,-1260,370,-2283,2319
3258,-1925,-1289,-461,3049,3464,-2084,-1959,-1290,338,-2302,2288
3191,-1928,-1230,-502,2962,3425,-2117,-2004,-1330,286,-2337,2248
3128,-1925,-1180,-533,2883,3384,-2142,-2046,-1367,239,-2367,2214
3071,-1925,-1132,-564,2810,3349,-2167,-2081,-1404,189,-2392,2178
2996,-1956,-1036,-646,2692,3322,-2210,-2125,-1455,118,-2424,2122
2900,-1996,-909,-755,2541,3288,-2258,-2175,-1510,43,-2466,2056
2829,-2003,-841,-800,2446,3246,-2280,-2202,-1542,4,-2492,2012
2803,-1964,-863,-755,2442,3204,-2267,-2197,-1539,12,-2490,2003
2810,-1899,-943,-654,2499,3166,-2231,-2169,-1514,49,-2461,2020
2819,-1848,-1010,-569,2549,3137,-2193,-2140,-1485,83,-2426,2041
2794,-1839,-1001,-562,2526,3113,-2171,-2133,-1471,90,-2410,2043
2765,-1842,-974,-576,2489,3094,-2149,-2130,-1459,94,-2400,2043
2740,-1838,-957,-579,2461,3072,-2118,-2122,-1438,106,-2387,2049
2735,-1817,-977,-546,2472,3052,-2078,-2099,-1407,129,-2362,2062
2740,-1790,-1010,-500,2499,3033,-2038,-2072,-1373,150,-2333,2070
2740,-1771,-1031,-467,2514,3017,-2004,-2048,-1344,154,-2311,2064
2701,-1787,-975,-510,2453,2997,-1999,-2048,-1337,118,-2317,2029
2650,-1807,-904,-565,2372,2970,-2004,-2053,-1335,79,-2331,1989
2600,-1817,-844,-609,2301,2940,-2009,-2056,-1330,50,-2345,1953
2539,-1828,-770,-663,2213,2902,-2021,-2063,-1333,19,-2374,1911
2493,-1815,-735,-675,2161,2858,-2024,-2060,-1330,2,-2400,1877
2459,-1784,-729,-657,2136,2811,-2020,-2049,-1322,-6,-2419,1853
2411,-1752,-709,-650,2091,2754,-2022,-2044,-1320,-24,-2444,1826
2353,-1713,-685,-641,2039,2687,-2024,-2046,-1321,-40,-2472,1798
2313,-1644,-708,-581,2028,2611,-2000,-2035,-1303,-27,-2487,1789
2294,-1568,-760,-499,2051,2546,-1965,-2011,-1276,-2,-2491,1787
2258,-1529,-756,-480,2023,2494,-1946,-2003,-1270,-9,-2509,1765
2185,-1540,-665,-553,1913,2452,-1956,-2019,-1295,-60,-2545,1713
2089,-1582,-519,-683,1750,2415,-1981,-2054,-1337,-132,-2590,1651
2001,-1618,-388,-799,1602,2380,-1997,-2084,-1371,-185,-2625,1600
1957,-1624,-331,-845,1533,2355,-1989,-2085,-1380,-199,-2628,1576
1928,-1627,-294,-877,1486,2338,-1973,-2077,-1382,-205,-2619,1559
1898,-1642,-246,-923,1431,2330,-1962,-2070,-1390,-220,-2613,1540
1846,-1672,-161,-1004,1337,2317,-1965,-2077,-1407,-254,-2627,1512
1791,-1704,-72,-1088,1237,2303,-1974,-2090,-1428,-290,-2654,1484
1748,-1722,-9,-1145,1163,2290,-1976,-2102,-1445,-314,-2681,1462
1747,-1708,-22,-1128,1168,2283,-1952,-2100,-1443,-312,-2692,1457
1755,-1692,-46,-1103,1185,2282,-1924,-2100,-1441,-312,-2704,1453
1752,-1687,-48,-1099,1181,2281,-1906,-2112,-1450,-321,-2721,1445
1750,-1676,-59,-1085,1183,2278,-1894,-2129,-1461,-327,-2729,1439
1720,-1681,-26,-1109,1139,2266,-1904,-2166,-1492,-359,-2746,1419
1665,-1697,42,-1164,1054,2245,-1927,-2218,-1536,-410,-2776,1385
1618,-1711,99,-1210,982,2227,-1948,-2264,-1578,-457,-2801,1355
1581,-1731,152,-1256,920,2220,-1969,-2303,-1617,-504,-2815,1325
1527,-1778,248,-1348,819,2218,-2008,-2347,-1669,-571,-2835,1279
1450,-1829,370,-1459,686,2203,-2054,-2397,-1726,-645,-2863,1230
1396,-1839,428,-1501,611,2175,-2079,-2429,-1764,-683,-2875,1204
1387,-1795,386,-1439,633,2140,-2073,-2427,-1772,-672,-2857,1214
1412,-1716,276,-1308,725,2104,-2046,-2402,-1757,-631,-2815,1247
1441,-1640,164,-1179,820,2070,-2023,-2377,-1743,-602,-2774,1276
1434,-1597,122,-1118,846,2034,-2022,-2378,-1752,-609,-2758,1282
1423,-1560,88,-1067,863,1997,-2026,-2388,-1770,-623,-2749,1279
1422,-1511,34,-994,901,1959,-2018,-2391,-1782,-624,-2737,1282
1454,-1450,-66,-883,992,1932,-1995,-2373,-1780,-604,-2708,1300
1503,-1385,-187,-756,1108,1914,-1963,-2343,-1772,-577,-2671,1325
1549,-1333,-292,-648,1213,1903,-1935,-2314,-1766,-560,-2640,1342
1555,-1326,-310,-629,1232,1893,-1931,-2308,-1782,-576,-2640,1334
1544,-1335,-297,-641,1220,1884,-1933,-2307,-1804,-600,-2648,1320
1532,-1343,-283,-654,1208,1873,-1934,-2304,-1825,-622,-2650,1314
1506,-1356,-249,-684,1172,1857,-1937,-2308,-1851,-650,-2655,1311
1499,-1348,-253,-676,1174,1841,-1931,-2299,-1868,-660,-2644,1320
1513,-1325,-292,-636,1212,1829,-1916,-2280,-1873,-653,-2621,1334
1520,-1299,-327,-597,1244,1812,-1902,-2264,-1878,-647,-2597,1341
1523,-1257,-371,-543,1277,1783,-1882,-2253,-1880,-627,-2575,1347
1550,-1172,-479,-418,1368,1742,-1838,-2229,-1861,-573,-2538,1374
1597,-1067,-628,-254,1499,1704,-1782,-2194,-1829,-506,-2487,1411
1622,-988,-724,-144,1580,1670,-1749,-2173,-1812,-468,-2449,1430
1609,-961,-730,-128,1573,1646,-1749,-2179,-1824,-477,-2441,1418
1567,-969,-670,-182,1503,1629,-1773,-2208,-1859,-516,-2458,1382
1526,-980,-607,-239,1431,1616,-1795,-2239,-1896,-549,-2478,1345
1520,-969,-601,-243,1419,1612,-1801,-2250,-1915,-552,-2481,1324
1525,-963,-600,-247,1418,1621,-1805,-2258,-1932,-551,-2478,1308
1524,-984,-567,-290,1392,1644,-1817,-2271,-1956,-563,-2479,1289
1502,-1031,-486,-382,1319,1672,-1842,-2300,-1993,-593,-2495,1258
1470,-1085,-389,-490,1229,1699,-1872,-2329,-2034,-620,-2517,1228
1440,-1130,-303,-582,1148,1722,-1896,-2350,-2070,-634,-2538,1208
1444,-1139,-289,-602,1139,1744,-1897,-2348,-2080,-615,-2539,1205
1450,-1138,-287,-607,1139,1760,-1898,-2340,-2085,-597,-2537,1200
1442,-1145,-266,-629,1118,1772,-1906,-2340,-2096,-590,-2539,1189
1438,-1156,-245,-652,1101,1789,-1916,-2342,-2109,-588,-2538,1176
1414,-1194,-178,-723,1041,1810,-1941,-2363,-2133,-609,-2550,1147
1374,-1253,-76,-831,948,1833,-1976,-2397,-2168,-644,-2575,1108
1337,-1307,15,-928,865,1853,-2010,-2425,-2199,-677,-2594,1072
1301,-1360,102,-1020,787,1872,-2048,-2445,-2228,-712,-2607,1037
1243,-1436,234,-1156,665,1889,-2102,-2470,-2271,-770,-2632,986
1163,-1517,391,-1311,512,1893,-2160,-2506,-2322,-837,-2675,927
1108,-1563,487,-1402,416,1888,-2195,-2524,-2356,-874,-2710,890
1103,-1562,484,-1395,420,1883,-2195,-2512,-2359,-860,-2710,889
1142,-1536,412,-1324,500,1888,-2164,-2472,-2337,-810,-2679,915
1193,-1521,338,-1259,589,1906,-2128,-2426,-2310,-763,-2642,943
1213,-1538,327,-1257,615,1924,-2108,-2402,-2300,-744,-2621,953
1225,-1561,329,-1267,626,1937,-2091,-2383,-2294,-735,-2606,959
1245,-1568,309,-1253,656,1944,-2065,-2360,-2284,-720,-2589,971
1285,-1548,242,-1188,732,1945,-2026,-2325,-2266,-690,-2559,995
1327,-1518,162,-1108,816,1940,-1983,-2288,-2248,-665,-2522,1019
1358,-1498,104,-1051,877,1933,-1948,-2260,-2238,-651,-2485,1036
1343,-1517,131,-1076,852,1921,-1941,-2258,-2252,-673,-2466,1028
1312,-1546,184,-1126,796,1905,-1946,-2267,-2273,-701,-2454,1010
1279,-1569,234,-1170,742,1885,-1956,-2278,-2293,-722,-2442,988
1230,-1594,303,-1230,662,1855,-1975,-2299,-2319,-750,-2441,954
1196,-1594,332,-1246,620,1821,-1988,-2310,-2337,-767,-2432,925
1183,-1572,319,-1221,618,1786,-1992,-2311,-2345,-774,-2416,901
1162,-1546,311,-1197,607,1745,-2002,-2320,-2358,-787,-2412,879
1134,-1509,300,-1165,592,1694,-2015,-2334,-2370,-798,-2418,869
1132,-1438,232,-1073,631,1639,-2010,-2333,-2362,-784,-2413,885
1157,-1354,124,-946,716,1596,-1993,-2315,-2340,-754,-2387,915
1166,-1298,63,-871,756,1562,-1990,-2304,-2332,-747,-2369,928
1140,-1288,83,-880,720,1538,-2010,-2316,-2345,-770,-2372,917
1086,-1310,165,-952,622,1518,-2046,-2345,-2374,-814,-2395,888
1032,-1330,245,-1023,526,1500,-2075,-2372,-2399,-854,-2421,858
1013,-1322,264,-1034,493,1486,-2082,-2379,-2405,-869,-2428,844
995,-1308,275,-1037,467,1472,-2084,-2382,-2406,-881,-2428,834
971,-1304,303,-1056,426,1461,-2089,-2386,-2408,-897,-2426,822
924,-1317,371,-1114,343,1448,-2102,-2401,-2412,-919,-2431,808
874,-1335,447,-1180,254,1437,-2119,-2414,-2409,-931,-2435,800
836,-1345,503,-1227,186,1430,-2130,-2419,-2397,-923,-2434,800
844,-1321,479,-1198,204,1432,-2117,-2396,-2361,-877,-2411,821
866,-1286,431,-1146,247,1436,-2100,-2365,-2321,-830,-2381,845
882,-1258,396,-1108,278,1442,-2089,-2340,-2288,-799,-2353,860
909,-1227,345,-1056,329,1452,-2079,-2314,-2254,-766,-2317,875
919,-1219,335,-1046,341,1466,-2085,-2302,-2233,-749,-2289,874
905,-1228,365,-1075,312,1475,-2103,-2305,-2226,-747,-2272,857
890,-1234,391,-1097,287,1481,-2119,-2306,-2220,-746,-2257,840
876,-1241,416,-1121,263,1486,-2135,-2303,-2216,-754,-2242,821
843,-1277,489,-1194,197,1496,-2168,-2309,-2229,-788,-2240,782
789,-1326,593,-1298,97,1500,-2206,-2326,-2252,-834,-2250,733
759,-1345,641,-1343,50,1496,-2220,-2324,-2257,-849,-2248,706
774,-1316,594,-1292,98,1490,-2198,-2288,-2230,-817,-2219,718
823,-1253,477,-1171,217,1481,-2152,-2229,-2183,-757,-2173,754
879,-1193,355,-1048,345,1478,-2103,-2168,-2132,-700,-2126,793
898,-1163,298,-988,403,1467,-2071,-2132,-2101,-679,-2104,811
902,-1135,258,-941,442,1446,-2041,-2102,-2079,-671,-2093,818
909,-1098,204,-877,491,1419,-2003,-2068,-2055,-660,-2084,822
939,-1048,114,-782,579,1397,-1949,-2015,-2017,-628,-2059,835
974,-1003,23,-688,671,1381,-1888,-1951,-1971,-592,-2024,852
992,-971,-38,-624,731,1361,-1836,-1890,-1928,-568,-1989,858
967,-981,-15,-642,706,1340,-1813,-1849,-1906,-584,-1980,837
932,-1005,33,-687,655,1320,-1798,-1810,-1893,-607,-1985,806
899,-1023,72,-721,612,1296,-1781,-1763,-1873,-622,-1990,779
847,-1040,131,-768,541,1261,-1766,-1715,-1851,-633,-2002,747
807,-1035,155,-777,500,1218,-1731,-1643,-1807,-615,-1998,728
787,-1004,136,-741,499,1172,-1675,-1543,-1742,-566,-1978,728
764,-967,115,-700,498,1122,-1612,-1431,-1662,-510,-1955,731
742,-915,81,-640,503,1063,-1540,-1308,-1567,-437,-1932,741
752,-825,-23,-509,575,1001,-1440,-1164,-1443,-324,-1896,770
797,-715,-178,-331,703,951,-1327,-999,-1297,-189,-1846,809
830,-634,-293,-200,796,914,-1233,-840,-1154,-78,-1800,833
826,-594,-326,-151,807,881,-1179,-702,-1033,-4,-1769,830
790,-579,-301,-157,759,846,-1157,-581,-931,46,-1751,809
749,-558,-277,-159,707,805,-1135,-460,-829,103,-1735,786
742,-504,-318,-96,721,767,-1094,-313,-706,192,-1704,778
743,-449,-369,-25,747,735,-1052,-161,-575,282,-1672,769
734,-407,-395,19,750,707,-1024,-22,-452,356,-1649,749
698,-389,-371,15,702,678,-1017,88,-348,406,-1642,719
652,-380,-327,-8,634,649,-1019,171,-261,444,-1638,692
617,-367,-298,-20,585,627,-1025,227,-189,486,-1621,677
627,-328,-341,34,614,617,-1017,277,-108,559,-1572,696
656,-288,-403,102,671,621,-1015,303,-35,634,-1510,732
682,-266,-444,142,713,635,-1032,292,17,695,-1450,770
718,-253,-486,177,763,662,-1058,251,56,756,-1383,815
736,-270,-480,159,770,696,-1108,166,66,792,-1325,855
732,-310,-431,96,735,731,-1183,32,43,798,-1279,886
736,-353,-386,35,710,772,-1269,-137,3,797,-1228,920
756,-404,-350,-26,701,827,-1369,-335,-51,791,-1164,960
770,-484,-279,-131,666,898,-1497,-574,-130,768,-1098,993
776,-580,-185,-261,611,971,-1642,-854,-225,736,-1031,1032
816,-646,-154,-330,622,1046,-1771,-1153,-313,740,-945,1100
913,-667,-225,-301,739,1129,-1867,-1457,-382,789,-829,1207
1059,-661,-373,-203,941,1225,-1936,-1774,-443,861,-688,1339
1228,-661,-536,-98,1169,1338,-1999,-2122,-516,921,-541,1476
1377,-697,-645,-55,1347,1462,-2075,-2523,-622,949,-411,1598
1534,-743,-750,-21,1529,1595,-2145,-2958,-745,976,-278,1725
1710,-780,-883,38,1742,1735,-2200,-3412,-874,1019,-134,1868
1919,-802,-1066,139,2010,1886,-2238,-3873,-1005,1079,29,2032
2144,-817,-1271,260,2304,2042,-2270,-4354,-1150,1135,207,2216
2365,-844,-1462,365,2586,2201,-2311,-4867,-1319,1169,395,2413
2546,-914,-1571,386,2785,2361,-2382,-5429,-1532,1158,566,2602
2717,-1003,-1651,377,2958,2526,-2469,-6018,-1771,1126,729,2790
2892,-1088,-1742,378,3141,2690,-2562,-6614,-2020,1097,898,2989
3059,-1181,-1818,365,3307,2854,-2670,-7216,-2274,1073,1069,3190
3250,-1260,-1933,388,3514,3023,-2781,-7805,-2517,1081,1265,3417
3470,-1327,-2091,449,3769,3204,-2900,-8382,-2752,1116,1487,3672
3698,-1400,-2251,508,4028,3394,-3040,-8967,-2990,1155,1719,3943
3931,-1470,-2420,576,4296,3585,-3203,-9566,-3233,1203,1957,4231
4194,-1502,-2656,713,4627,3772,-3368,-10163,-3462,1285,2220,4547
4489,-1517,-2942,897,5012,3969,-3539,-10750,-3679,1389,2509,4880
4775,-1562,-3187,1034,5361,4181,-3740,-11352,-3908,1472,2798,5198
5025,-1660,-3344,1078,5627,4406,-3988,-11987,-4170,1511,3061,5491
5241,-1795,-3430,1049,5822,4634,-4281,-12660,-4472,1505,3296,5770
5449,-1932,-3505,1012,6004,4860,-4601,-13360,-4800,1479,3523,6054
5687,-2044,-3633,1029,6239,5090,-4930,-14064,-5126,1471,3774,6360
5931,-2155,-3770,1051,6484,5325,-5282,-14786,-5462,1461,4038,6671
6167,-2284,-3880,1044,6707,5569,-5669,-15530,-5816,1435,4301,6974
6379,-2433,-3944,992,6882,5812,-6087,-16301,-6191,1390,4548,7263
6591,-2596,-3995,922,7048,6066,-6517,-17080,-6573,1345,4789,7546
6821,-2760,-4062,862,7238,6335,-6936,-17847,-6946,1323,5040,7838
7101,-2901,-4202,865,7511,6623,-7316,-18572,-7286,1350,5327,8159
7405,-3044,-4362,879,7813,6930,-7674,-19267,-7603,1401,5636,8497
7711,-3205,-4507,872,8110,7253,-8025,-19938,-7905,1458,5952,8844
8040,-3373,-4667,868,8431,7596,-8372,-20575,-8187,1530,6277,9201
8360,-3571,-4787,817,8722,7953,-8736,-21198,-8464,1589,6590,9540
8657,-3788,-4865,725,8971,8308,-9122,-21801,-8737,1638,6887,9855
8953,-3994,-4953,646,9227,8656,-9520,-22371,-8994,1695,7182,10160
9247,-4191,-5047,578,9488,8995,-9933,-22906,-9235,1756,7478,10460
9515,-4403,-5100,470,9704,9327,-10376,-23422,-9478,1798,7761,10735
9747,-4619,-5113,334,9874,9638,-10841,-23927,-9721,1830,8027,10988
9987,-4796,-5173,254,10079,9927,-11296,-24402,-9939,1894,8297,11250
10263,-4917,-5325,273,10372,10199,-11724,-24834,-10118,2001,8585,11538
10571,-4999,-5549,365,10735,10468,-12130,-25224,-10265,2140,8890,11845
10888,-5082,-5781,461,11110,10740,-12528,-25584,-10396,2281,9195,12149
11169,-5202,-5941,486,11412,11010,-12927,-25930,-10528,2395,9472,12425
11440,-5338,-6074,481,11691,11282,-13302,-26236,-10641,2508,9729,12681
11709,-5478,-6202,471,11964,11552,-13640,-26492,-10728,2628,9966,12915
11977,-5604,-6344,480,12244,11810,-13935,-26685,-10787,2751,10182,13125
12222,-5721,-6473,485,12500,12042,-14194,-26820,-10827,2853,10364,13300
12426,-5843,-6558,458,12697,12248,-14425,-26903,-10853,2924,10508,13430
12553,-5992,-6539,345,12774,12417,-14650,-26956,-10890,2932,10587,13489
12619,-6140,-6461,192,12767,12542,-14854,-26962,-10923,2901,10607,13486
12636,-6261,-6362,43,12713,12615,-15019,-26912,-10940,2846,10574,13430
12584,-6360,-6215,-122,12578,12625,-15155,-26821,-10950,2752,10476,13311
12487,-6411,-6073,-253,12415,12573,-15251,-26671,-10938,2637,10328,13143
12345,-6406,-5942,-339,12228,12453,-15309,-26459,-10905,2497,10126,12920
12134,-6363,-5779,-419,11973,12262,-15331,-26198,-10863,2321,9855,12631
11860,-6276,-5597,-483,11661,12000,-15315,-25890,-10813,2113,9513,12282
11555,-6124,-5449,-481,11350,11675,-15243,-25527,-10738,1900,9125,11896
11224,-5924,-5324,-432,11036,11303,-15125,-25112,-10648,1679,8700,11472
10835,-5725,-5140,-420,10643,10894,-14996,-24678,-10572,1407,8221,10987
10372,-5547,-4860,-486,10137,10452,-14869,-24243,-10526,1067,7681,10435
9850,-5380,-4511,-605,9545,9981,-14736,-23801,-10507,676,7092,9833
9300,-5197,-4150,-719,8927,9481,-14577,-23337,-10500,266,6477,9204
8770,-4974,-3848,-768,8364,8972,-14375,-22832,-10485,-134,5868,8575
8241,-4746,-3553,-807,7806,8462,-14152,-22312,-10478,-545,5255,7941
7706,-4536,-3233,-876,7229,7964,-13929,-21794,-10492,-985,4634,7297
7151,-4353,-2865,-993,6610,7472,-13713,-21294,-10538,-1468,3992,6643
6592,-4180,-2485,-1127,5981,6987,-13492,-20800,-10604,-1971,3338,5990
6053,-4001,-2127,-1241,5383,6515,-13250,-20294,-10667,-2464,2688,5352
5563,-3793,-1848,-1284,4871,6058,-12965,-19751,-10696,-2899,2076,4752
