aVF,aVL,aVR,I,II,III,V1,V2,V3,V4,V5,V6
-194,498,-276,505,45,-469,-1990,-1991,-2239,-238,-428,-845
-197,478,-249,475,25,-457,-2075,-1989,-2245,-243,-433,-840
-197,462,-229,451,11,-447,-2137,-1978,-2250,-248,-437,-832
-196,451,-216,436,4,-438,-2178,-1960,-2249,-245,-437,-821
-194,449,-216,436,6,-435,-2204,-1938,-2246,-238,-433,-809
-190,447,-218,437,11,-431,-2211,-1911,-2242,-230,-425,-797
-186,445,-220,438,16,-426,-2200,-1887,-2237,-223,-415,-789
-179,445,-230,446,29,-421,-2183,-1859,-2233,-211,-404,-777
-176,442,-233,447,35,-416,-2142,-1837,-2229,-204,-395,-767
-175,431,-228,438,34,-407,-2101,-1820,-2229,-202,-391,-760
-175,409,-211,412,24,-391,-2046,-1806,-2230,-206,-389,-756
-176,378,-186,375,9,-368,-1981,-1798,-2230,-211,-388,-754
-176,355,-171,351,2,-350,-1915,-1799,-2226,-209,-384,-750
-173,343,-168,342,4,-338,-1845,-1802,-2219,-201,-377,-743
-168,332,-170,337,10,-325,-1765,-1805,-2214,-191,-372,-737
-163,321,-171,331,16,-312,-1677,-1810,-2208,-174,-370,-733
-149,332,-203,360,48,-309,-1599,-1817,-2194,-144,-363,-724
-130,364,-261,421,100,-316,-1532,-1825,-2175,-111,-353,-713
-109,404,-329,492,160,-326,-1468,-1831,-2156,-82,-343,-704
-90,436,-385,551,210,-334,-1403,-1834,-2144,-62,-336,-698
-82,454,-417,584,237,-340,-1336,-1832,-2139,-54,-335,-699
-83,468,-433,604,246,-349,-1292,-1829,-2134,-50,-337,-704
-88,479,-443,618,249,-359,-1276,-1824,-2129,-45,-338,-709
-89,484,-449,625,250,-364,-1282,-1814,-2126,-43,-340,-715
-90,481,-446,620,246,-362,-1291,-1804,-2125,-47,-342,-723
-90,477,-441,614,242,-359,-1317,-1794,-2122,-51,-344,-733
-89,472,-436,607,236,-356,-1364,-1783,-2117,-54,-343,-742
-91,466,-424,595,225,-355,-1415,-1775,-2112,-61,-347,-755
-93,465,-417,589,217,-357,-1492,-1761,-2107,-64,-348,-766
-93,471,-418,593,216,-363,-1583,-1744,-2099,-64,-349,-776
-87,488,-434,614,229,-372,-1685,-1731,-2087,-58,-348,-784
-75,507,-457,642,250,-380,-1776,-1717,-2076,-53,-346,-789
-68,520,-470,659,262,-388,-1857,-1703,-2066,-53,-345,-794
-65,531,-475,670,266,-396,-1913,-1695,-2058,-58,-348,-803
-64,546,-482,684,271,-409,-1958,-1691,-2049,-59,-354,-814
-59,557,-490,696,279,-416,-2002,-1683,-2043,-64,-360,-823
-64,545,-465,671,258,-415,-2043,-1673,-2048,-78,-369,-834
-82,517,-410,616,209,-412,-2071,-1663,-2058,-96,-379,-845
-104,482,-345,549,150,-406,-2082,-1656,-2071,-119,-390,-857
-124,454,-290,493,100,-403,-2094,-1650,-2080,-133,-399,-868
-136,438,-256,459,69,-402,-2126,-1646,-2085,-137,-401,-876
-140,427,-235,439,54,-399,-2162,-1641,-2088,-137,-399,-881
-139,420,-223,426,46,-396,-2189,-1639,-2092,-133,-395,-882
-136,412,-215,415,43,-390,-2207,-1636,-2095,-123,-387,-881
-130,409,-216,414,49,-385,-2210,-1635,-2093,-112,-378,-876
-123,405,-218,413,55,-378,-2199,-1636,-2090,-103,-368,-865
-120,403,-219,413,58,-375,-2194,-1644,-2087,-96,-360,-856
-115,403,-226,418,66,-371,-2203,-1650,-2082,-93,-350,-845
-109,398,-231,417,74,-363,-2185,-1664,-2080,-100,-347,-837
-105,390,-231,412,77,-352,-2148,-1677,-2082,-111,-349,-831
-104,374,-222,395,72,-339,-2079,-1682,-2084,-121,-350,-826
-106,357,-210,376,63,-326,-1988,-1679,-2082,-126,-350,-819
-106,349,-211,372,65,-317,-1899,-1670,-2076,-124,-345,-810
-100,348,-224,381,78,-310,-1820,-1651,-2067,-117,-337,-798
-92,346,-239,390,94,-300,-1744,-1622,-2061,-113,-326,-787
-86,343,-252,398,108,-290,-1672,-1593,-2052,-100,-316,-776
-71,358,-291,435,144,-287,-1619,-1561,-2033,-78,-303,-766
-47,388,-354,497,202,-289,-1591,-1530,-2012,-52,-289,-757
-23,425,-424,569,265,-294,-1582,-1501,-1994,-27,-278,-748
-4,455,-481,627,315,-299,-1581,-1477,-1983,-12,-272,-741
5,467,-509,655,340,-298,-1571,-1460,-1983,-10,-273,-740
5,468,-517,662,346,-297,-1565,-1453,-1985,-16,-280,-743
6,465,-519,662,347,-293,-1565,-1453,-1991,-27,-292,-749
5,458,-515,655,343,-287,-1566,-1460,-1996,-40,-304,-755
-2,445,-497,634,326,-281,-1565,-1473,-2002,-59,-316,-762
-11,433,-476,612,305,-277,-1565,-1490,-2007,-74,-326,-767
-21,424,-455,592,284,-277,-1567,-1507,-2013,-84,-332,-767
-34,416,-432,572,259,-280,-1567,-1529,-2017,-89,-335,-767
-45,417,-418,564,242,-289,-1586,-1552,-2019,-87,-336,-766
-52,425,-413,565,233,-300,-1604,-1577,-2015,-83,-334,-762
-54,442,-422,582,237,-315,-1633,-1606,-2006,-77,-331,-757
-51,463,-439,607,249,-330,-1673,-1634,-2000,-75,-327,-754
-50,478,-446,621,254,-343,-1707,-1657,-1996,-80,-326,-754
-52,486,-444,624,252,-352,-1732,-1681,-1995,-85,-327,-757
-54,498,-446,632,251,-366,-1751,-1707,-1992,-92,-330,-762
-54,510,-449,641,252,-378,-1763,-1727,-1991,-103,-331,-764
-64,503,-425,619,230,-384,-1761,-1742,-1999,-127,-339,-772
-82,477,-373,567,184,-382,-1748,-1751,-2010,-156,-352,-781
-102,442,-312,502,131,-375,-1729,-1751,-2021,-183,-366,-791
-120,415,-262,449,86,-371,-1708,-1744,-2026,-198,-378,-801
-130,401,-233,420,62,-371,-1692,-1731,-2026,-199,-385,-808
-136,395,-218,404,49,-373,-1661,-1714,-2027,-191,-387,-814
-144,391,-204,392,36,-377,-1620,-1695,-2026,-178,-389,-818
-152,391,-197,387,28,-384,-1574,-1673,-2023,-166,-392,-822
-157,395,-196,389,26,-391,-1524,-1648,-2016,-154,-393,-825
-160,393,-193,385,24,-392,-1468,-1622,-2007,-146,-392,-827
-164,390,-190,381,22,-393,-1410,-1600,-1996,-136,-391,-830
-163,394,-199,389,30,-396,-1358,-1578,-1985,-125,-388,-829
-161,396,-208,396,39,-395,-1289,-1560,-1973,-116,-383,-829
-158,395,-215,401,47,-391,-1225,-1543,-1959,-108,-378,-826
-156,387,-215,396,50,-383,-1152,-1523,-1946,-102,-371,-821
-154,376,-214,389,52,-373,-1073,-1505,-1933,-91,-362,-816
-147,371,-223,392,62,-364,-1002,-1488,-1917,-75,-352,-809
-136,367,-236,399,78,-351,-935,-1470,-1900,-54,-338,-799
-123,356,-245,399,94,-333,-866,-1447,-1888,-39,-324,-787
-113,347,-254,400,106,-318,-804,-1425,-1877,-25,-316,-777
-95,359,-290,433,142,-312,-755,-1401,-1858,0,-303,-762
-68,387,-351,494,200,-310,-718,-1378,-1836,26,-290,-749
-40,425,-422,567,265,-315,-693,-1361,-1816,43,-281,-744
-15,455,-482,630,321,-316,-675,-1345,-1803,49,-277,-744
2,470,-519,667,357,-313,-656,-1332,-1798,41,-281,-750
8,480,-539,688,373,-312,-653,-1323,-1796,25,-293,-762
11,486,-549,700,381,-312,-659,-1318,-1798,7,-308,-776
11,486,-551,703,381,-309,-675,-1313,-1802,-13,-323,-787
8,477,-538,690,369,-304,-694,-1309,-1809,-36,-340,-798
2,464,-519,670,351,-297,-723,-1309,-1816,-58,-356,-811
-6,450,-495,646,329,-291,-756,-1309,-1823,-80,-367,-820
-20,437,-464,617,297,-289,-781,-1309,-1827,-97,-374,-829
-34,430,-439,596,270,-292,-818,-1308,-1829,-106,-375,-830
-44,427,-421,581,250,-296,-852,-1309,-1829,-109,-371,-826
-51,435,-415,582,240,-306,-891,-1316,-1824,-105,-366,-820
-55,450,-419,594,239,-318,-936,-1329,-1820,-101,-359,-812
-58,459,-417,597,234,-326,-981,-1346,-1819,-104,-356,-806
-61,462,-410,592,226,-331,-1023,-1365,-1821,-110,-355,-802
-62,470,-408,593,223,-338,-1068,-1390,-1821,-116,-355,-798
-59,481,-414,602,228,-345,-1110,-1410,-1821,-121,-355,-794
-65,477,-397,585,212,-347,-1138,-1423,-1826,-128,-358,-789
-82,457,-353,539,171,-346,-1155,-1428,-1835,-136,-364,-787
-103,428,-296,479,119,-342,-1174,-1431,-1846,-146,-372,-786
-124,406,-248,429,74,-343,-1196,-1431,-1856,-148,-380,-786
-136,396,-222,402,49,-346,-1225,-1425,-1858,-140,-383,-782
-139,390,-210,387,40,-345,-1247,-1414,-1856,-133,-381,-777
-139,384,-202,375,36,-342,-1262,-1401,-1853,-127,-379,-772
-136,380,-201,369,39,-339,-1275,-1386,-1849,-121,-378,-767
-130,382,-209,374,50,-338,-1281,-1369,-1843,-114,-378,-762
-123,378,-214,373,60,-332,-1276,-1352,-1838,-113,-379,-758
-118,371,-215,369,67,-325,-1269,-1341,-1832,-114,-385,-760
-108,367,-224,371,82,-317,-1266,-1328,-1826,-113,-391,-761
-98,358,-229,368,95,-305,-1240,-1316,-1819,-113,-396,-765
-93,349,-230,363,102,-295,-1210,-1305,-1814,-114,-402,-771
-90,332,-222,347,100,-283,-1167,-1293,-1811,-117,-407,-777
-88,309,-208,323,94,-266,-1112,-1285,-1806,-115,-408,-781
-82,292,-203,311,97,-251,-1060,-1277,-1799,-109,-403,-781
-74,285,-210,313,108,-242,-1011,-1268,-1789,-97,-394,-776
-64,274,-215,310,118,-229,-955,-1253,-1780,-81,-383,-767
-58,261,-214,304,122,-216,-892,-1243,-1769,-62,-376,-759
-45,266,-238,327,148,-213,-837,-1236,-1751,-36,-367,-750
-25,289,-287,377,193,-215,-791,-1233,-1729,-8,-358,-743
-5,320,-343,438,244,-223,-750,-1233,-1709,16,-351,-741
11,346,-389,489,285,-231,-708,-1232,-1697,30,-347,-743
17,362,-415,521,304,-239,-659,-1229,-1691,37,-345,-749
14,376,-429,543,310,-250,-622,-1226,-1686,41,-343,-759
10,386,-438,558,312,-260,-603,-1226,-1680,42,-342,-770
7,393,-443,568,311,-266,-599,-1227,-1674,40,-342,-780
2,392,-438,567,302,-269,-602,-1230,-1672,32,-347,-791
-5,394,-432,566,291,-273,-618,-1236,-1671,20,-357,-803
-12,392,-422,561,278,-276,-641,-1239,-1674,4,-365,-815
-20,387,-405,547,258,-276,-673,-1245,-1677,-12,-372,-826
-28,387,-394,540,243,-280,-745,-1251,-1681,-25,-378,-834
-32,390,-388,539,233,-284,-828,-1257,-1685,-33,-382,-842
-33,401,-391,547,232,-290,-923,-1264,-1685,-38,-386,-847
-31,413,-399,560,236,-296,-1021,-1268,-1683,-45,-394,-849
-32,422,-400,566,233,-303,-1106,-1268,-1685,-59,-405,-851
-39,432,-396,567,224,-313,-1179,-1268,-1687,-73,-418,-855
-43,446,-398,576,220,-325,-1246,-1269,-1684,-78,-430,-856
-42,461,-407,588,225,-333,-1301,-1265,-1678,-74,-435,-853
-50,460,-393,575,209,-338,-1334,-1261,-1679,-78,-439,-850
-66,444,-354,536,172,-338,-1345,-1256,-1688,-86,-446,-849
-86,419,-304,482,125,-334,-1338,-1249,-1697,-89,-451,-844
-102,395,-259,433,84,-329,-1323,-1240,-1700,-85,-449,-835
-111,384,-236,407,63,-328,-1314,-1236,-1702,-74,-445,-822
-115,379,-226,393,56,-327,-1290,-1231,-1705,-60,-438,-806
-116,373,-217,381,51,-324,-1255,-1228,-1710,-44,-429,-793
-117,371,-214,374,51,-323,-1221,-1227,-1714,-29,-419,-782
-119,374,-217,376,54,-327,-1191,-1226,-1715,-13,-407,-769
-121,373,-216,372,56,-327,-1159,-1227,-1720,-1,-397,-757
-123,369,-213,366,56,-326,-1127,-1239,-1728,4,-391,-750
-121,363,-214,362,62,-321,-1107,-1249,-1737,3,-386,-739
-116,354,-213,356,68,-312,-1077,-1263,-1747,-3,-385,-729
-117,344,-209,347,68,-306,-1061,-1275,-1759,-12,-383,-723
-116,323,-194,324,62,-292,-1045,-1282,-1778,-25,-382,-718
-119,297,-171,293,48,-277,-1027,-1283,-1791,-37,-380,-714
-118,279,-160,276,44,-266,-1022,-1279,-1797,-44,-374,-707
-112,268,-162,274,53,-255,-1024,-1267,-1797,-40,-361,-695
-105,258,-164,271,60,-244,-1024,-1246,-1794,-27,-345,-676
-103,249,-163,268,63,-237,-1025,-1222,-1785,-8,-330,-657
-91,259,-190,296,90,-237,-1049,-1198,-1765,21,-313,-640
-69,283,-242,351,141,-239,-1092,-1173,-1740,50,-296,-621
-43,315,-304,416,199,-243,-1144,-1146,-1714,79,-281,-604
-20,339,-355,470,248,-244,-1198,-1116,-1691,101,-268,-592
-8,351,-384,501,275,-244,-1244,-1087,-1675,113,-261,-585
-3,356,-396,516,285,-243,-1296,-1064,-1665,115,-261,-585
2,355,-402,522,289,-239,-1355,-1042,-1659,112,-265,-590
4,349,-399,519,287,-232,-1414,-1021,-1654,105,-272,-597
5,337,-387,505,276,-222,-1464,-1001,-1649,93,-284,-605
6,329,-379,496,268,-214,-1504,-983,-1641,86,-295,-612
7,326,-376,492,263,-209,-1530,-962,-1632,80,-300,-617
4,325,-369,487,253,-209,-1530,-943,-1619,80,-302,-621
2,331,-369,490,248,-212,-1536,-923,-1603,92,-300,-623
5,341,-377,501,252,-215,-1530,-905,-1583,111,-293,-622
11,359,-396,525,265,-222,-1527,-893,-1562,129,-288,-624
16,384,-420,555,282,-234,-1520,-881,-1543,144,-280,-626
18,403,-434,575,290,-245,-1492,-869,-1526,153,-273,-632
15,416,-439,584,289,-255,-1449,-865,-1511,155,-270,-641
10,432,-443,594,286,-270,-1405,-870,-1498,155,-272,-656
9,445,-449,602,288,-279,-1366,-878,-1490,151,-276,-672
2,438,-428,581,269,-280,-1326,-892,-1495,131,-287,-692
-14,414,-381,529,227,-275,-1289,-909,-1506,105,-300,-715
-35,378,-319,460,171,-267,-1261,-929,-1517,80,-312,-736
-54,345,-261,395,121,-258,-1242,-950,-1525,61,-322,-754
-66,325,-224,353,89,-254,-1227,-972,-1527,53,-327,-766
-73,315,-201,328,70,-253,-1194,-991,-1527,49,-331,-774
-77,307,-186,310,60,-252,-1140,-1006,-1525,52,-329,-778
-76,303,-179,299,58,-251,-1076,-1015,-1519,60,-319,-776
-72,308,-186,305,68,-253,-1004,-1017,-1509,73,-305,-768
-65,315,-199,316,83,-256,-918,-1012,-1496,87,-289,-757
-61,326,-215,333,99,-263,-822,-1000,-1479,106,-272,-745
-51,342,-241,360,126,-269,-732,-976,-1462,126,-252,-729
-41,353,-265,383,150,-272,-627,-948,-1446,138,-235,-715
-35,360,-282,399,168,-275,-529,-914,-1430,149,-218,-702
-31,354,-285,398,176,-269,-436,-873,-1417,153,-204,-690
-28,338,-277,384,174,-257,-354,-831,-1402,162,-193,-680
-26,326,-274,375,175,-248,-292,-790,-1383,178,-177,-665
-19,317,-279,376,184,-238,-239,-747,-1364,194,-158,-649
-11,307,-284,375,194,-224,-182,-706,-1346,210,-140,-631
-6,295,-286,372,199,-213,-127,-670,-1329,228,-126,-613
8,300,-312,397,226,-205,-93,-640,-1305,257,-106,-592
31,321,-365,450,276,-202,-86,-617,-1280,287,-89,-572
59,348,-427,512,336,-199,-98,-602,-1259,312,-75,-554
82,369,-478,564,384,-196,-120,-595,-1246,324,-66,-541
95,376,-505,590,409,-190,-138,-594,-1240,322,-63,-533
98,380,-516,603,416,-188,-159,-604,-1240,313,-68,-532
99,382,-523,613,419,-188,-180,-618,-1240,300,-75,-533
99,382,-525,617,418,-186,-200,-633,-1238,288,-82,-535
97,372,-515,605,408,-177,-210,-645,-1235,278,-88,-535
94,365,-505,595,396,-173,-201,-653,-1229,271,-93,-534
90,362,-496,588,384,-172,-170,-658,-1227,266,-95,-531
84,354,-479,572,365,-169,-121,-667,-1228,257,-99,-529
79,350,-466,561,351,-168,-87,-676,-1232,252,-99,-525
75,351,-458,556,341,-169,-63,-685,-1237,248,-98,-522
75,363,-463,565,342,-177,-63,-691,-1241,250,-96,-519
73,382,-473,583,346,-190,-77,-691,-1242,254,-93,-515
70,394,-474,590,343,-200,-86,-685,-1243,255,-92,-514
64,400,-466,586,333,-207,-95,-679,-1243,252,-93,-516
56,411,-460,587,324,-220,-110,-673,-1239,250,-94,-520
53,423,-459,592,321,-230,-126,-663,-1234,245,-92,-521
43,417,-435,568,299,-232,-124,-654,-1235,232,-93,-520
24,394,-385,517,254,-229,-111,-646,-1242,216,-95,-521
0,364,-324,454,198,-226,-94,-635,-1249,203,-95,-520
-22,338,-270,398,149,-224,-77,-625,-1252,197,-94,-520
-38,323,-232,361,114,-225,-70,-619,-1254,199,-89,-520
-51,314,-206,335,90,-229,-57,-615,-1257,202,-83,-519
-64,307,-183,314,68,-234,-48,-615,-1259,204,-80,-519
-75,300,-165,295,50,-239,-59,-617,-1261,206,-77,-522
-82,299,-156,287,42,-245,-87,-617,-1259,213,-76,-527
-87,296,-149,280,36,-248,-122,-617,-1254,222,-77,-531
-88,292,-147,275,35,-249,-157,-621,-1246,232,-79,-536
-84,296,-159,286,48,-252,-197,-622,-1236,241,-76,-537
-79,300,-173,298,63,-253,-222,-624,-1227,246,-74,-541
-78,300,-181,304,71,-255,-243,-623,-1221,248,-72,-545
-79,292,-179,298,70,-252,-248,-621,-1219,245,-69,-548
-84,278,-169,283,62,-248,-232,-622,-1213,244,-66,-550
-87,269,-166,277,59,-245,-211,-625,-1203,249,-61,-552
-87,267,-172,281,64,-245,-182,-625,-1192,258,-51,-552
-88,265,-178,286,69,-245,-138,-622,-1182,267,-38,-552
-91,263,-182,290,70,-246,-86,-620,-1173,279,-25,-551
-83,277,-214,323,98,-250,-33,-614,-1157,302,-10,-546
-64,307,-272,383,149,-257,20,-606,-1136,327,5,-542
-44,344,-337,454,206,-269,75,-598,-1116,349,17,-540
-28,375,-392,514,253,-279,128,-592,-1102,362,24,-540
-18,388,-422,545,280,-281,185,-585,-1098,367,26,-542
-12,391,-437,560,293,-278,237,-579,-1100,366,21,-550
-6,389,-446,566,302,-271,288,-568,-1102,365,15,-557
-2,383,-447,564,304,-262,341,-558,-1107,361,7,-563
-1,369,-435,550,296,-251,393,-549,-1112,353,0,-571
-3,357,-422,534,284,-242,435,-542,-1117,341,-9,-581
-5,348,-410,520,274,-234,467,-533,-1124,328,-19,-591
-9,336,-392,501,258,-227,494,-529,-1136,311,-32,-602
-13,330,-379,488,245,-224,497,-523,-1149,297,-44,-610
-14,330,-372,483,239,-223,497,-518,-1159,285,-53,-613
-10,337,-376,490,243,-223,484,-516,-1162,276,-60,-614
-1,348,-389,505,256,-224,457,-513,-1164,269,-64,-613
8,355,-397,514,267,-222,425,-505,-1168,261,-72,-613
16,358,-398,514,273,-219,382,-498,-1174,245,-83,-617
20,367,-402,521,277,-222,320,-498,-1181,223,-98,-625
24,379,-409,532,285,-228,251,-496,-1187,201,-111,-632
15,377,-389,515,265,-234,193,-496,-1201,174,-127,-641
-8,357,-336,465,214,-236,150,-497,-1221,146,-147,-652
-37,329,-271,400,152,-238,115,-500,-1237,121,-166,-665
-66,309,-215,348,96,-244,85,-508,-1247,103,-181,-677
-88,301,-179,317,58,-254,50,-520,-1251,94,-191,-685
-102,297,-154,296,32,-262,23,-533,-1257,88,-199,-689
-113,293,-135,280,13,-268,6,-547,-1266,80,-208,-691
-122,291,-121,268,-2,-273,-11,-561,-1275,77,-216,-692
-127,294,-117,266,-8,-279,-38,-577,-1287,73,-224,-694
-131,292,-110,260,-14,-281,-72,-593,-1304,67,-233,-695
-133,285,-101,249,-21,-279,-106,-615,-1316,64,-246,-697
-130,280,-102,246,-18,-273,-140,-636,-1327,66,-257,-696
-124,273,-103,242,-13,-265,-158,-661,-1335,64,-267,-694
-114,262,-105,235,-6,-251,-175,-684,-1343,62,-274,-691
-106,243,-99,219,-4,-233,-176,-699,-1351,58,-278,-685
-101,224,-91,202,-6,-218,-167,-709,-1355,53,-280,-678
-93,216,-96,201,2,-208,-156,-715,-1355,57,-276,-669
-83,215,-112,212,19,-201,-142,-713,-1352,67,-269,-657
-71,212,-128,221,36,-192,-115,-701,-1348,79,-259,-643
-60,207,-141,227,52,-182,-72,-688,-1339,97,-250,-628
-40,219,-180,262,91,-178,-26,-670,-1318,130,-236,-609
-12,246,-242,323,150,-179,15,-650,-1290,164,-220,-590
17,279,-312,392,215,-183,54,-637,-1266,185,-208,-577
40,309,-371,452,269,-189,94,-629,-1251,194,-202,-571
54,323,-406,485,302,-190,140,-622,-1245,190,-203,-573
62,327,-424,501,319,-188,189,-620,-1241,182,-207,-583
68,329,-437,512,330,-187,235,-618,-1235,174,-211,-595
71,331,-445,520,338,-187,282,-619,-1230,165,-214,-606
69,327,-442,516,334,-186,327,-625,-1229,154,-217,-619
65,325,-437,512,327,-188,360,-638,-1228,140,-219,-636
57,327,-431,510,318,-194,371,-650,-1231,125,-219,-652
45,329,-419,503,301,-202,354,-668,-1235,109,-223,-668
32,337,-412,504,287,-216,294,-683,-1239,100,-226,-678
25,345,-410,508,280,-226,223,-694,-1238,100,-227,-684
23,359,-417,521,283,-235,141,-702,-1234,113,-226,-684
26,379,-432,543,294,-245,48,-706,-1231,127,-223,-681
27,392,-441,557,301,-252,-44,-711,-1233,132,-222,-679
27,397,-438,557,299,-254,-141,-714,-1239,130,-223,-682
26,406,-438,561,297,-260,-246,-720,-1246,122,-228,-690
25,418,-442,570,299,-266,-351,-723,-1254,111,-234,-699
14,414,-419,550,277,-269,-444,-724,-1267,92,-246,-712
-7,393,-370,501,230,-267,-528,-720,-1283,70,-260,-729
-33,366,-310,442,174,-265,-609,-710,-1298,50,-277,-747
-55,347,-262,396,128,-265,-682,-693,-1306,41,-290,-760
-70,344,-239,376,104,-270,-752,-669,-1305,43,-296,-767
-74,343,-229,367,95,-271,-813,-642,-1303,49,-299,-770
-75,338,-220,357,90,-267,-865,-619,-1300,57,-303,-774
-77,335,-214,349,86,-265,-907,-596,-1296,66,-304,-776
-77,339,-216,352,89,-267,-939,-577,-1290,75,-306,-780
-77,338,-215,350,90,-266,-960,-562,-1288,76,-312,-782
-75,332,-212,343,91,-261,-980,-556,-1285,77,-321,-785
-68,327,-216,343,100,-254,-1000,-551,-1282,78,-325,-784
-63,320,-219,341,107,-246,-999,-549,-1279,72,-332,-783
-58,309,-218,333,111,-236,-987,-548,-1276,66,-341,-782
-54,288,-206,312,107,-221,-954,-543,-1274,61,-347,-779
-53,261,-187,282,95,-203,-900,-540,-1270,56,-353,-776
-52,242,-174,263,88,-191,-842,-539,-1262,56,-357,-772
-49,231,-173,257,90,-183,-773,-535,-1253,63,-358,-767
-44,217,-171,248,93,-172,-688,-526,-1246,74,-356,-758
-41,202,-167,237,93,-161,-586,-519,-1237,85,-356,-748
-30,210,-191,261,116,-161,-465,-516,-1220,106,-351,-737
-14,239,-243,317,161,-171,-330,-515,-1198,130,-343,-724
7,276,-306,385,217,-184,-188,-513,-1179,150,-335,-712
24,310,-362,447,265,-196,-50,-512,-1165,158,-330,-706
33,332,-397,488,294,-207,81,-512,-1157,152,-328,-702
36,346,-418,512,309,-215,197,-517,-1150,143,-329,-702
39,356,-433,531,320,-220,307,-523,-1147,136,-331,-703
40,363,-442,543,324,-225,412,-526,-1146,132,-333,-704
37,363,-439,542,318,-227,510,-530,-1150,125,-338,-706
35,361,-434,538,311,-227,591,-538,-1157,116,-345,-712
34,354,-424,527,301,-223,656,-542,-1165,109,-352,-716
32,345,-409,512,287,-218,704,-552,-1172,102,-361,-721
30,343,-401,505,278,-218,729,-561,-1177,103,-366,-723
29,348,-400,509,274,-222,740,-569,-1180,111,-368,-723
29,362,-408,523,276,-231,724,-579,-1178,125,-370,-722
32,380,-422,544,285,-241,679,-587,-1176,138,-375,-721
34,392,-429,557,289,-248,618,-595,-1178,143,-380,-722
32,398,-426,558,284,-253,542,-607,-1182,143,-386,-722
27,404,-421,558,276,-261,455,-623,-1187,143,-391,-722
24,411,-418,559,270,-267,361,-638,-1193,139,-394,-722
8,402,-388,532,239,-271,259,-651,-1208,126,-400,-727
-18,378,-332,479,184,-272,151,-658,-1228,108,-409,-735
-49,347,-265,412,120,-271,32,-661,-1247,90,-418,-745
-76,319,-205,352,62,-270,-99,-661,-1262,79,-426,-756
-96,307,-170,319,27,-274,-238,-658,-1269,77,-433,-765
-106,303,-153,305,11,-277,-368,-644,-1274,80,-437,-771
-113,301,-142,294,2,-279,-493,-625,-1278,83,-439,-779
-118,300,-135,288,-4,-282,-614,-604,-1280,87,-440,-786
-121,305,-137,292,-2,-288,-729,-581,-1276,93,-439,-793
-122,309,-141,296,3,-291,-825,-557,-1269,99,-439,-798
-121,311,-147,301,11,-292,-900,-534,-1259,106,-442,-804
-113,315,-161,312,29,-290,-957,-507,-1249,116,-444,-806
-105,316,-173,320,45,-286,-984,-485,-1241,116,-447,-809
-101,316,-181,324,56,-284,-995,-467,-1238,110,-452,-812
-98,303,-177,313,59,-274,-983,-447,-1241,101,-456,-814
-95,281,-164,290,55,-258,-947,-429,-1245,94,-459,-817
-88,266,-162,278,61,-244,-896,-413,-1244,90,-461,-818
-76,255,-170,277,76,-230,-828,-396,-1240,88,-461,-816
-62,242,-178,274,93,-213,-742,-377,-1238,86,-458,-814
-50,228,-183,268,106,-197,-644,-359,-1234,91,-457,-813
-31,232,-213,290,140,-187,-546,-343,-1223,107,-451,-810
-5,254,-267,342,194,-185,-453,-333,-1207,130,-439,-805
22,283,-330,404,255,-187,-360,-325,-1192,150,-428,-800
44,308,-383,456,305,-190,-270,-318,-1183,163,-419,-800
56,319,-412,484,332,-189,-174,-311,-1179,166,-415,-804
60,327,-428,500,345,-191,-86,-309,-1174,162,-417,-814
60,333,-437,511,350,-195,-5,-310,-1169,153,-421,-825
58,334,-438,513,348,-196,64,-313,-1164,140,-429,-835
55,323,-426,498,337,-189,124,-317,-1162,127,-437,-844
51,314,-412,484,323,-184,168,-319,-1159,117,-446,-853
44,309,-400,472,308,-183,196,-318,-1157,108,-456,-859
36,299,-378,452,286,-179,214,-318,-1155,102,-468,-865
32,291,-364,437,272,-175,205,-314,-1152,98,-475,-867
32,289,-357,432,265,-172,186,-309,-1149,97,-481,-865
34,296,-361,440,267,-174,150,-307,-1144,100,-484,-863
39,308,-372,456,274,-178,95,-310,-1140,100,-489,-859
42,315,-376,463,276,-179,28,-316,-1140,93,-494,-856
39,321,-372,465,269,-185,-52,-327,-1140,83,-501,-854
31,334,-370,472,260,-198,-149,-344,-1137,72,-510,-852
22,349,-369,481,251,-213,-256,-359,-1131,63,-513,-849
4,346,-341,460,218,-222,-366,-375,-1133,45,-517,-851
-22,326,-288,411,163,-226,-478,-392,-1142,23,-523,-855
-52,299,-226,352,99,-228,-590,-408,-1151,3,-527,-859
-76,275,-174,301,47,-227,-702,-423,-1154,-8,-528,-860
-90,267,-146,277,17,-231,-815,-437,-1153,-10,-523,-854
-96,267,-137,270,6,-235,-915,-450,-1152,-7,-515,-845
-98,270,-135,270,2,-238,-1006,-464,-1150,-5,-505,-836
-98,274,-138,275,4,-241,-1087,-474,-1146,1,-492,-823
-98,288,-151,293,12,-251,-1153,-476,-1138,17,-476,-809
-101,306,-167,315,21,-264,-1200,-469,-1129,38,-461,-793
-102,325,-186,340,33,-278,-1228,-459,-1120,61,-445,-776
-99,349,-215,376,55,-293,-1236,-440,-1110,85,-425,-755
-96,373,-246,413,79,-307,-1216,-415,-1095,108,-406,-733
-95,400,-277,452,101,-325,-1182,-383,-1075,130,-388,-710
-97,420,-301,483,118,-339,-1129,-346,-1057,146,-369,-688
-98,434,-319,504,131,-349,-1052,-309,-1038,165,-347,-667
-93,450,-346,534,155,-356,-955,-271,-1012,194,-322,-644
-81,473,-387,577,192,-363,-841,-229,-981,230,-296,-620
-69,494,-427,618,229,-369,-710,-180,-948,268,-267,-594
-60,513,-461,655,260,-375,-567,-133,-912,306,-239,-572
-44,550,-521,720,313,-389,-421,-86,-870,353,-208,-551
-23,607,-605,815,386,-413,-277,-41,-826,403,-175,-530
-2,673,-698,922,464,-443,-132,0,-783,448,-144,-512
15,730,-779,1015,533,-470,11,38,-749,482,-115,-498
26,769,-833,1077,578,-488,157,74,-724,503,-92,-486
28,799,-870,1122,606,-506,295,103,-701,519,-74,-477
25,830,-901,1163,627,-528,420,126,-683,532,-62,-471
19,854,-921,1194,639,-548,531,142,-668,540,-53,-470
12,865,-926,1205,639,-559,625,156,-658,546,-46,-472
4,875,-928,1212,637,-570,698,168,-651,546,-43,-476
-2,884,-929,1219,635,-579,749,179,-647,543,-39,-480
-10,891,-926,1221,628,-589,787,186,-641,541,-34,-484
-19,903,-925,1229,622,-602,804,195,-637,548,-29,-484
-27,923,-932,1246,621,-620,814,206,-632,562,-21,-481
-33,954,-952,1279,629,-646,806,215,-622,581,-10,-475
-37,992,-979,1322,644,-674,778,225,-608,600,3,-469
-42,1027,-1001,1358,653,-702,730,234,-598,608,13,-463
-51,1056,-1014,1385,654,-728,663,239,-591,608,18,-461
-58,1085,-1028,1412,656,-754,579,242,-581,605,20,-461
-60,1111,-1044,1438,663,-774,477,247,-569,598,23,-460
-72,1117,-1031,1433,643,-789,367,255,-563,586,22,-462
-97,1105,-987,1394,595,-799,258,267,-558,572,19,-463
-128,1086,-931,1343,534,-809,155,285,-548,566,19,-461
-156,1073,-884,1301,480,-821,56,303,-533,565,23,-461
-174,1073,-861,1285,451,-834,-42,322,-515,573,28,-460
-183,1081,-856,1286,439,-847,-124,347,-495,590,37,-453
-188,1095,-861,1298,437,-862,-190,377,-474,611,47,-444
-192,1116,-877,1322,443,-879,-241,412,-448,634,60,-432
-192,1143,-902,1356,459,-899,-276,454,-416,662,78,-417
-191,1167,-927,1389,474,-916,-288,503,-383,689,96,-399
-192,1188,-949,1417,487,-933,-279,550,-350,714,112,-384
-190,1207,-971,1444,503,-945,-262,599,-314,738,132,-368
-187,1216,-986,1460,515,-951,-224,641,-279,757,148,-357
-186,1219,-994,1468,521,-953,-185,670,-250,768,160,-351
-186,1212,-991,1461,520,-948,-137,692,-228,775,169,-346
-187,1197,-980,1444,513,-939,-73,712,-207,787,178,-342
-185,1184,-975,1433,512,-930,-5,730,-182,806,192,-337
-178,1178,-981,1433,522,-921,66,748,-154,830,209,-325
-170,1174,-991,1438,535,-913,140,771,-126,857,231,-307
-165,1173,-1002,1445,548,-908,214,793,-100,888,254,-287
-149,1191,-1042,1484,588,-909,278,814,-66,931,284,-261
-124,1231,-1112,1558,653,-919,329,830,-30,975,315,-232
-99,1284,-1197,1650,729,-937,370,842,3,1012,343,-208
-77,1333,-1273,1734,797,-954,403,849,28,1038,366,-189
-66,1368,-1324,1792,842,-969,437,849,42,1053,381,-176
-61,1392,-1359,1832,870,-981,467,846,53,1066,393,-166
-58,1416,-1389,1869,895,-992,487,843,59,1075,403,-158
-58,1437,-1413,1901,913,-1005,499,842,62,1081,411,-152
-64,1453,-1427,1921,920,-1016,500,841,63,1086,418,-145
-71,1469,-1436,1939,923,-1029,491,841,66,1092,426,-141
-79,1485,-1445,1957,925,-1043,478,847,70,1103,436,-135
-90,1503,-1450,1973,922,-1059,474,854,79,1119,447,-128
-99,1529,-1465,2001,926,-1080,467,867,93,1147,465,-113
-105,1563,-1490,2041,938,-1104,468,882,112,1184,488,-93
-110,1610,-1527,2098,958,-1137,457,895,135,1223,515,-72
-113,1667,-1576,2169,988,-1175,435,907,160,1259,543,-50
-119,1721,-1618,2234,1010,-1215,413,913,179,1283,565,-31
-129,1768,-1648,2286,1021,-1251,383,905,192,1296,582,-15
-142,1815,-1675,2335,1028,-1291,340,885,199,1299,593,-1
-153,1864,-1706,2389,1040,-1329,289,860,200,1295,602,8
-171,1893,-1710,2411,1028,-1360,244,828,189,1275,604,9
-199,1901,-1683,2398,988,-1384,208,791,169,1249,603,5
-228,1897,-1645,2370,940,-1401,167,752,147,1224,602,-1
-252,1895,-1614,2348,901,-1415,115,708,126,1206,601,-7
-265,1902,-1604,2346,882,-1429,49,661,111,1196,602,-9
-272,1915,-1607,2357,878,-1442,-15,619,96,1192,604,-5
-277,1931,-1615,2373,878,-1458,-76,575,82,1191,608,-1
-281,1950,-1630,2395,883,-1475,-137,530,67,1192,614,2
-281,1971,-1651,2422,896,-1490,-202,484,51,1194,622,7
-278,1983,-1667,2441,908,-1498,-262,438,33,1192,629,13
-275,1990,-1679,2452,918,-1503,-319,390,15,1189,632,16
-269,1999,-1698,2470,934,-1508,-378,345,-7,1186,635,23
-264,2004,-1712,2483,948,-1510,-424,300,-30,1178,636,28
-258,2000,-1720,2484,958,-1506,-470,259,-56,1170,636,34
-254,1987,-1716,2472,960,-1498,-505,226,-81,1162,637,40
-254,1972,-1708,2456,957,-1491,-523,199,-99,1161,638,47
-248,1961,-1711,2450,965,-1482,-531,176,-107,1167,644,57
-237,1953,-1722,2452,983,-1472,-529,161,-109,1180,657,73
-224,1944,-1731,2451,1001,-1460,-511,157,-107,1199,678,94
-214,1937,-1741,2453,1018,-1451,-480,158,-99,1225,702,116
-194,1951,-1782,2488,1061,-1449,-452,161,-79,1265,732,144
-165,1982,-1847,2551,1127,-1452,-430,165,-53,1308,765,173
-133,2016,-1918,2620,1198,-1456,-410,169,-25,1347,797,201
-106,2043,-1976,2676,1258,-1457,-389,169,-7,1370,822,222
-88,2055,-2009,2705,1294,-1453,-369,164,0,1376,837,237
-78,2055,-2022,2713,1312,-1447,-370,151,1,1371,846,243
-71,2051,-2027,2713,1321,-1439,-391,130,-2,1360,850,246
-65,2042,-2024,2705,1325,-1427,-428,103,-11,1346,851,245
-62,2024,-2009,2682,1318,-1411,-477,72,-26,1329,850,239
-63,2006,-1988,2656,1304,-1397,-537,41,-40,1312,850,232
-64,1986,-1965,2627,1287,-1382,-608,17,-56,1293,853,228
-69,1961,-1932,2590,1261,-1366,-679,-3,-72,1275,851,225
-73,1940,-1903,2556,1237,-1352,-764,-9,-86,1263,852,226
-75,1922,-1877,2528,1217,-1339,-843,-8,-100,1255,855,228
-74,1909,-1861,2509,1204,-1327,-927,-6,-113,1245,857,231
-69,1901,-1851,2498,1198,-1317,-1014,0,-125,1234,858,235
-65,1890,-1838,2482,1190,-1304,-1088,6,-138,1217,856,240
-62,1877,-1821,2463,1178,-1292,-1146,9,-154,1198,852,243
-60,1871,-1810,2452,1168,-1286,-1195,10,-167,1186,847,244
-57,1875,-1810,2456,1167,-1285,-1231,14,-178,1177,842,248
-61,1867,-1792,2439,1149,-1282,-1249,20,-194,1165,836,255
-74,1843,-1749,2395,1109,-1274,-1251,29,-210,1157,832,263
-88,1807,-1693,2335,1060,-1259,-1241,38,-225,1148,831,269
-95,1772,-1647,2281,1023,-1239,-1222,47,-231,1143,830,276
-95,1749,-1620,2248,1004,-1224,-1207,54,-231,1149,833,286
-90,1733,-1606,2229,997,-1209,-1188,63,-227,1160,838,299
-85,1719,-1595,2212,993,-1196,-1164,72,-220,1174,846,313
-79,1707,-1589,2201,992,-1185,-1134,86,-210,1192,856,328
-73,1700,-1588,2196,996,-1177,-1097,100,-195,1213,867,341
-69,1688,-1583,2184,997,-1166,-1055,111,-182,1229,877,351
-63,1669,-1572,2165,995,-1151,-1013,110,-174,1241,882,355
-54,1650,-1566,2148,999,-1133,-976,108,-170,1247,885,359
-47,1626,-1555,2124,998,-1113,-928,104,-169,1248,886,363
-41,1594,-1534,2089,991,-1090,-882,98,-170,1237,883,363
-39,1551,-1500,2037,972,-1061,-829,97,-175,1217,876,361
-38,1499,-1455,1971,945,-1027,-774,93,-182,1193,864,355
-36,1452,-1417,1914,923,-996,-725,89,-188,1171,850,342
-32,1411,-1386,1866,909,-967,-680,88,-194,1152,835,323
-27,1368,-1355,1815,894,-937,-635,93,-199,1139,819,306
-26,1326,-1319,1762,873,-910,-596,101,-202,1134,802,290
-18,1305,-1311,1742,875,-893,-567,110,-198,1139,789,280
-2,1302,-1329,1751,899,-883,-547,114,-190,1146,779,274
17,1307,-1357,1772,932,-876,-531,113,-183,1147,767,263
35,1307,-1378,1784,959,-865,-514,107,-185,1140,752,247
47,1290,-1375,1770,965,-847,-489,97,-196,1119,730,223
52,1267,-1357,1742,957,-829,-474,81,-210,1094,704,194
56,1241,-1335,1709,944,-810,-471,66,-225,1072,678,165
61,1212,-1310,1673,929,-787,-473,53,-239,1049,652,136
65,1179,-1279,1629,910,-761,-476,40,-255,1022,629,105
67,1150,-1248,1590,888,-740,-484,28,-269,995,609,69
67,1122,-1217,1550,866,-718,-496,22,-281,971,592,35
63,1092,-1179,1506,836,-698,-507,17,-292,949,574,0
58,1068,-1145,1467,807,-682,-531,16,-303,932,556,-33
55,1046,-1114,1433,782,-666,-551,14,-316,914,538,-65
55,1028,-1090,1406,764,-651,-565,7,-332,897,518,-98
57,1012,-1070,1382,749,-635,-574,1,-349,878,496,-132
54,989,-1037,1347,723,-618,-570,-5,-371,850,468,-171
48,959,-995,1300,688,-599,-558,-14,-398,813,434,-215
40,930,-951,1252,651,-582,-554,-27,-427,774,395,-263
34,898,-908,1204,617,-562,-555,-40,-459,731,352,-308
20,848,-838,1126,560,-534,-540,-50,-500,677,305,-357
-3,780,-743,1018,479,-502,-513,-56,-546,618,256,-409
-29,706,-639,901,391,-469,-481,-59,-590,561,208,-458
-51,641,-547,798,314,-438,-448,-58,-627,516,163,-502
-63,595,-486,728,264,-416,-421,-59,-658,486,126,-539
-69,562,-445,679,232,-397,-380,-57,-685,463,95,-573
-74,533,-409,637,205,-382,-331,-54,-709,443,66,-604
-80,508,-378,600,180,-372,-292,-49,-730,428,38,-631
-86,488,-354,571,160,-365,-268,-41,-748,418,11,-653
-91,467,-329,541,141,-358,-252,-34,-764,410,-14,-673
-97,444,-302,507,120,-350,-239,-33,-779,407,-39,-690
-98,422,-283,479,108,-339,-235,-31,-794,406,-60,-705
-93,393,-264,447,100,-320,-220,-39,-809,398,-82,-722
-89,363,-244,413,91,-301,-213,-50,-826,383,-103,-738
-88,326,-214,369,74,-279,-210,-58,-845,365,-122,-751
-89,285,-179,318,53,-255,-201,-68,-860,349,-138,-763
-87,252,-156,279,41,-234,-200,-79,-871,338,-151,-771
-80,225,-145,254,41,-214,-206,-86,-881,328,-162,-774
-70,198,-135,228,43,-192,-204,-88,-892,316,-171,-777
-62,171,-123,202,43,-170,-196,-89,-902,304,-182,-783
-44,164,-141,208,70,-155,-206,-85,-903,304,-190,-787
-17,175,-186,245,120,-146,-246,-79,-902,308,-198,-790
10,197,-241,296,177,-143,-309,-73,-902,309,-208,-798
31,213,-285,335,222,-140,-384,-62,-909,304,-223,-809
43,217,-306,351,246,-135,-457,-51,-924,290,-243,-825
48,211,-309,349,252,-128,-548,-47,-941,266,-269,-847
51,202,-305,340,253,-120,-652,-48,-960,234,-297,-873
53,190,-296,326,248,-110,-757,-52,-981,199,-325,-900
51,170,-275,298,233,-96,-853,-56,-1002,166,-351,-927
48,152,-253,271,216,-85,-941,-64,-1020,141,-373,-953
44,137,-232,248,198,-76,-1011,-68,-1034,122,-389,-974
38,121,-208,220,177,-67,-1056,-79,-1044,112,-403,-993
36,111,-191,202,162,-60,-1108,-92,-1053,108,-415,-1009
36,109,-184,196,155,-57,-1140,-109,-1061,105,-424,-1022
37,115,-186,201,155,-58,-1164,-132,-1063,104,-432,-1036
40,127,-193,214,158,-62,-1180,-160,-1070,95,-441,-1053
39,135,-193,219,155,-66,-1162,-186,-1081,79,-452,-1072
31,142,-186,218,142,-74,-1112,-207,-1090,66,-464,-1091
21,158,-184,227,131,-90,-1041,-225,-1094,57,-476,-1111
13,177,-189,243,126,-106,-950,-233,-1096,50,-487,-1130
-2,181,-170,232,100,-117,-814,-235,-1102,35,-502,-1150
-27,168,-125,193,51,-124,-636,-231,-1112,15,-520,-1170
-52,145,-70,141,-5,-124,-432,-220,-1121,-5,-537,-1187
-73,124,-22,95,-53,-123,-220,-206,-1126,-16,-549,-1198
-86,118,3,74,-80,-127,-27,-191,-1124,-18,-555,-1203
-92,119,13,69,-92,-131,165,-169,-1120,-15,-556,-1205
-96,120,18,66,-98,-134,366,-146,-1117,-9,-555,-1208
-96,119,22,64,-101,-134,570,-122,-1112,1,-551,-1210
-95,122,18,69,-98,-137,760,-102,-1106,9,-544,-1212
-93,121,18,69,-96,-136,940,-88,-1100,15,-539,-1214
-94,115,24,62,-99,-134,1104,-88,-1098,21,-538,-1216
-93,106,29,54,-100,-130,1215,-94,-1100,23,-539,-1215
-91,89,40,36,-103,-118,1308,-109,-1105,17,-541,-1213
-91,67,58,11,-113,-106,1352,-130,-1112,8,-545,-1212
-94,37,85,-25,-130,-90,1354,-151,-1122,-6,-551,-1209
-100,5,118,-67,-153,-75,1290,-176,-1131,-16,-558,-1205
-103,-20,138,-96,-165,-63,1141,-201,-1136,-18,-559,-1199
-102,-34,145,-109,-165,-56,926,-220,-1137,-8,-552,-1185
-98,-49,148,-120,-161,-46,683,-229,-1137,8,-541,-1168
-96,-62,152,-131,-158,-39,407,-235,-1137,20,-531,-1155
-85,-56,129,-111,-132,-39,60,-236,-1127,40,-517,-1138
-64,-35,79,-63,-83,-42,-350,-232,-1112,68,-501,-1118
-38,-6,19,-4,-23,-47,-795,-225,-1098,96,-487,-1101
-11,13,-33,43,31,-44,-1244,-213,-1088,114,-476,-1087
8,16,-60,62,63,-36,-1658,-200,-1086,118,-473,-1078
18,10,-69,64,77,-26,-2052,-192,-1086,112,-476,-1075
28,1,-72,59,85,-14,-2422,-186,-1087,106,-480,-1075
32,-10,-69,48,86,-4,-2754,-181,-1085,101,-482,-1076
34,-23,-58,31,79,8,-3043,-177,-1082,95,-483,-1075
33,-30,-51,20,71,13,-3290,-173,-1071,93,-481,-1073
28,-26,-49,19,65,11,-3491,-161,-1057,97,-474,-1066
18,-19,-45,20,53,2,-3613,-150,-1040,110,-465,-1056
10,-5,-47,29,46,-8,-3707,-137,-1022,130,-456,-1043
5,14,-57,47,47,-20,-3738,-126,-1005,154,-444,-1030
3,40,-76,75,55,-35,-3725,-122,-986,180,-431,-1017
5,68,-100,109,69,-49,-3671,-119,-968,203,-419,-1004
3,91,-114,132,74,-61,-3541,-118,-953,219,-409,-990
-2,106,-117,143,69,-70,-3333,-121,-941,228,-401,-981
-6,122,-123,157,67,-80,-3086,-129,-929,235,-397,-974
-4,138,-133,174,72,-86,-2811,-136,-919,238,-393,-968
-9,134,-116,160,54,-83,-2463,-139,-919,228,-392,-967
-26,110,-69,113,9,-76,-2049,-140,-927,212,-394,-972
-49,80,-9,54,-48,-69,-1600,-137,-939,194,-397,-982
-69,53,44,2,-98,-62,-1142,-133,-947,184,-398,-992
-81,37,78,-31,-130,-58,-708,-125,-947,183,-395,-999
-87,27,99,-50,-148,-55,-276,-106,-945,186,-388,-1003
-92,21,114,-63,-161,-55,161,-83,-945,191,-383,-1005
-96,17,124,-71,-169,-55,572,-59,-945,194,-383,-1012
-98,15,128,-75,-172,-57,956,-37,-944,197,-385,-1022
-99,5,138,-86,-177,-54,1310,-17,-944,199,-390,-1035
-101,-9,152,-104,-185,-48,1619,2,-941,203,-399,-1049
-97,-28,164,-124,-188,-36,1842,27,-936,206,-408,-1062
-92,-58,185,-157,-195,-16,2024,56,-930,204,-417,-1079
-88,-95,212,-199,-207,8,2113,94,-922,202,-426,-1094
-85,-142,250,-255,-226,36,2112,144,-908,198,-435,-1108
-83,-192,291,-315,-248,67,2062,205,-885,200,-442,-1124
-77,-234,320,-363,-260,96,1951,276,-852,210,-446,-1142
-68,-270,338,-399,-262,122,1790,362,-813,222,-445,-1158
-57,-305,355,-434,-263,149,1603,464,-765,237,-441,-1169
-51,-340,375,-472,-268,174,1408,581,-707,251,-437,-1182
-31,-363,370,-485,-249,199,1191,711,-637,273,-431,-1195
0,-373,341,-474,-206,225,948,853,-556,294,-426,-1211
35,-379,304,-455,-157,251,692,1006,-469,313,-423,-1233
67,-391,278,-447,-116,279,441,1174,-379,327,-426,-1262
91,-422,278,-470,-99,315,215,1357,-283,337,-436,-1296
109,-464,298,-513,-100,356,-10,1549,-178,344,-452,-1337
122,-505,321,-558,-107,394,-237,1748,-65,346,-476,-1384
131,-545,348,-605,-120,429,-456,1958,57,349,-500,-1434
136,-587,384,-659,-142,464,-638,2182,191,353,-525,-1485
138,-626,420,-710,-167,495,-771,2415,341,370,-548,-1537
139,-658,452,-755,-190,521,-870,2662,503,397,-567,-1584
137,-687,485,-797,-216,545,-908,2908,673,433,-585,-1630
137,-707,507,-826,-234,563,-929,3156,852,482,-599,-1671
142,-719,518,-843,-242,580,-914,3400,1040,540,-609,-1707
151,-720,516,-843,-238,592,-871,3636,1231,603,-617,-1739
165,-715,503,-831,-225,602,-797,3864,1420,671,-621,-1768
179,-715,497,-827,-215,616,-660,4083,1600,732,-624,-1794
188,-715,496,-827,-213,627,-475,4292,1771,786,-627,-1820
195,-708,490,-818,-208,631,-267,4484,1937,843,-628,-1842
204,-691,473,-794,-194,629,-39,4660,2101,903,-618,-1852
205,-682,472,-786,-196,627,228,4813,2255,966,-600,-1852
197,-679,485,-790,-213,621,527,4940,2400,1038,-572,-1840
184,-665,492,-783,-229,605,828,5043,2535,1123,-532,-1813
174,-630,475,-746,-226,577,1114,5123,2670,1229,-476,-1767
168,-563,421,-662,-194,530,1372,5187,2814,1362,-401,-1702
169,-475,338,-545,-139,471,1621,5246,2968,1519,-305,-1616
166,-370,240,-406,-75,399,1872,5304,3132,1696,-191,-1514
160,-248,128,-246,-4,312,2101,5365,3308,1891,-61,-1403
151,-110,0,-66,77,212,2287,5429,3491,2091,82,-1285
142,28,-128,116,158,111,2434,5500,3673,2289,234,-1160
134,164,-256,295,240,12,2555,5576,3856,2487,391,-1029
132,302,-394,483,333,-86,2645,5668,4041,2694,561,-887
130,441,-533,672,427,-184,2723,5771,4233,2912,743,-733
125,579,-669,857,517,-284,2740,5887,4441,3148,940,-563
119,712,-801,1036,603,-381,2716,6019,4673,3418,1164,-375
114,845,-934,1216,692,-477,2665,6161,4939,3733,1420,-165
116,990,-1087,1416,798,-577,2558,6316,5246,4106,1714,71
125,1149,-1262,1640,923,-682,2396,6477,5591,4535,2050,338
135,1321,-1450,1881,1058,-794,2205,6629,5962,5009,2425,636
142,1512,-1653,2143,1199,-920,1980,6748,6350,5521,2827,957
152,1742,-1900,2460,1373,-1071,1702,6817,6748,6065,3256,1301
165,2012,-2189,2831,1576,-1244,1385,6822,7143,6621,3708,1665
178,2308,-2503,3236,1796,-1434,1035,6752,7522,7182,4177,2045
182,2621,-2824,3656,2014,-1642,649,6603,7874,7741,4662,2440
173,2938,-3138,4073,2218,-1859,244,6369,8190,8294,5158,2848
154,3264,-3448,4493,2413,-2088,-179,6046,8466,8838,5660,3265
128,3601,-3762,4924,2605,-2329,-615,5647,8698,9371,6168,3695
96,3947,-4077,5360,2793,-2579,-1062,5181,8882,9887,6683,4138
57,4295,-4387,5795,2974,-2834,-1509,4653,9015,10389,7202,4592
12,4655,-4701,6240,3152,-3100,-1953,4060,9095,10871,7719,5052
-38,5026,-5020,6695,3329,-3377,-2394,3411,9118,11326,8234,5518
-95,5400,-5333,7150,3498,-3661,-2808,2711,9092,11762,8742,5985
-154,5779,-5650,7610,3666,-3950,-3228,1975,9020,12189,9246,6457
-210,6159,-5970,8073,3840,-4236,-3626,1207,8913,12597,9744,6930
-259,6538,-6293,8539,4019,-4518,-4013,411,8774,12986,10231,7394
-305,6915,-6617,9004,4200,-4797,-4386,-399,8605,13351,10703,7845
-352,7276,-6924,9447,4369,-5066,-4718,-1215,8406,13686,11158,8281
-400,7614,-7206,9859,4521,-5321,-5008,-2029,8186,13998,11594,8700
-445,7933,-7473,10249,4665,-5562,-5279,-2835,7953,14281,12005,9100
-486,8235,-7726,10619,4802,-5788,-5533,-3622,7709,14536,12392,9479
-532,8496,-7933,10932,4907,-5991,-5745,-4389,7446,14749,12747,9831
-583,8711,-8091,11182,4976,-6168,-5918,-5142,7163,14918,13071,10157
-632,8890,-8215,11386,5024,-6319,-6070,-5884,6862,15052,13366,10462
-671,9045,-8326,11564,5070,-6449,-6217,-6614,6552,15154,13634,10746
-697,9187,-8438,11735,5128,-6561,-6384,-7323,6243,15229,13879,11012
-710,9308,-8543,11888,5190,-6652,-6545,-8003,5935,15274,14101,11261
-719,9406,-8632,12015,5246,-6725,-6699,-8650,5625,15281,14289,11486
-724,9487,-8709,12123,5297,-6785,-6870,-9261,5318,15252,14441,11685
-731,9563,-8782,12225,5345,-6843,-7053,-9824,5020,15193,14560,11860
-741,9628,-8841,12310,5383,-6896,-7225,-10336,4735,15103,14647,12009
-759,9683,-8884,12377,5406,-6948,-7385,-10802,4463,14983,14693,12125
-780,9734,-8922,12438,5424,-7000,-7546,-11209,4208,14831,14698,12207
-808,9776,-8946,12485,5429,-7050,-7676,-11558,3971,14644,14655,12247
-847,9811,-8952,12514,5416,-7102,-7801,-11845,3747,14419,14564,12244
-893,9825,-8931,12511,5380,-7145,-7896,-12069,3530,14155,14425,12200
-944,9815,-8882,12472,5322,-7175,-7963,-12237,3317,13849,14238,12113
-995,9788,-8816,12411,5251,-7194,-8032,-12363,3096,13503,14005,11988
-1041,9739,-8731,12322,5172,-7193,-8108,-12459,2853,13105,13725,11825
-1083,9652,-8613,12186,5072,-7165,-8176,-12528,2579,12655,13399,11621
-1121,9527,-8459,11999,4950,-7108,-8241,-12580,2273,12153,13028,11377
-1145,9383,-8298,11795,4831,-7029,-8344,-12614,1943,11610,12616,11098
-1151,9221,-8136,11577,4722,-6926,-8475,-12632,1586,11027,12166,10785
-1144,9031,-7956,11329,4608,-6795,-8572,-12633,1206,10409,11683,10444
-1130,8801,-7742,11030,4475,-6632,-8592,-12609,804,9760,11173,10077
-1110,8520,-7483,10668,4314,-6432,-8535,-12560,385,9083,10638,9686
-1086,8204,-7189,10259,4132,-6204,-8474,-12489,-42,8389,10081,9271
-1054,7865,-6879,9823,3942,-5956,-8446,-12393,-473,7687,9509,8841
-1015,7505,-6553,9363,3746,-5688,-8433,-12277,-909,6984,8931,8400
-973,7125,-6210,8877,3539,-5405,-8417,-12142,-1349,6287,8353,7955
-928,6739,-5861,8385,3330,-5116,-8408,-11993,-1793,5598,7778,7508
-878,6347,-5511,7887,3122,-4820,-8419,-11826,-2240,4913,7205,7060
-827,5948,-5153,7379,2910,-4517,-8411,-11651,-2688,4228,6629,6607
-776,5553,-4800,6878,2701,-4218,-8401,-11465,-3139,3549,6057,6153
-723,5165,-4455,6387,2498,-3921,-8342,-11261,-3587,2880,5484,5699
-666,4784,-4120,5907,2305,-3627,-8244,-11043,-4025,2228,4912,5245
-606,4409,-3796,5439,2122,-3335,-8113,-10809,-4449,1591,4347,4790
-552,4041,-3474,4977,1936,-3051,-7911,-10565,-4856,975,3792,4335
-506,3683,-3155,4525,1749,-2780,-7631,-10323,-5244,393,3251,3882
-465,3341,-2847,4092,1566,-2523,-7304,-10088,-5605,-151,2727,3437
-427,3016,-2555,3681,1392,-2279,-6947,-9851,-5936,-654,2226,3003
-401,2689,-2250,3262,1203,-2042,-6552,-9609,-6237,-1119,1745,2576
-387,2358,-1931,2830,997,-1811,-6130,-9358,-6502,-1537,1286,2161
-381,2031,-1609,2401,785,-1589,-5694,-9094,-6722,-1905,854,1760
-373,1719,-1303,1992,585,-1375,-5256,-8815,-6890,-2217,454,1379
-361,1430,-1027,1620,409,-1175,-4838,-8526,-7005,-2473,90,1019
-343,1162,-778,1280,256,-985,-4431,-8224,-7080,-2682,-241,680
-322,905,-545,958,115,-801,-4034,-7916,-7120,-2852,-543,362
-301,663,-327,657,-15,-627,-3655,-7604,-7126,-2988,-821,59
-281,442,-130,385,-131,-470,-3296,-7292,-7101,-3095,-1073,-227
-260,234,54,128,-237,-320,-2949,-6980,-7053,-3180,-1303,-494
-241,37,226,-112,-337,-180,-2609,-6672,-6983,-3237,-1514,-743
-218,-143,379,-328,-421,-48,-2298,-6362,-6895,-3270,-1698,-971
-195,-312,519,-528,-497,76,-1997,-6055,-6791,-3289,-1858,-1183
-175,-469,652,-716,-569,190,-1724,-5752,-6675,-3295,-2001,-1378
-159,-620,781,-899,-642,299,-1456,-5455,-6556,-3296,-2128,-1555
-145,-765,908,-1076,-714,401,-1200,-5170,-6435,-3287,-2241,-1718
-129,-894,1015,-1230,-772,495,-982,-4895,-6305,-3262,-2335,-1863
-108,-1005,1100,-1358,-812,581,-802,-4628,-6170,-3223,-2412,-1990
-84,-1110,1178,-1479,-845,666,-644,-4365,-6035,-3176,-2472,-2100
-63,-1212,1255,-1598,-881,748,-505,-4112,-5897,-3124,-2521,-2196
-36,-1288,1299,-1678,-889,817,-410,-3867,-5750,-3061,-2554,-2276
-1,-1334,1307,-1715,-869,871,-363,-3635,-5600,-2991,-2576,-2343
34,-1361,1296,-1728,-835,915,-351,-3418,-5449,-2922,-2590,-2401
66,-1387,1287,-1742,-806,956,-397,-3216,-5306,-2860,-2602,-2453
90,-1418,1292,-1770,-792,996,-496,-3033,-5173,-2807,-2612,-2502
104,-1447,1306,-1803,-790,1028,-645,-2873,-5044,-2757,-2619,-2546
113,-1468,1316,-1829,-790,1053,-838,-2732,-4917,-2711,-2622,-2581
117,-1483,1327,-1851,-794,1071,-1047,-2605,-4792,-2671,-2625,-2613
116,-1496,1341,-1876,-804,1085,-1243,-2488,-4672,-2635,-2629,-2640
113,-1503,1353,-1894,-814,1093,-1425,-2380,-4553,-2596,-2631,-2663
109,-1503,1361,-1905,-823,1097,-1581,-2276,-4436,-2561,-2629,-2679
103,-1504,1370,-1918,-834,1099,-1678,-2177,-4317,-2524,-2626,-2690
100,-1498,1372,-1922,-839,1098,-1756,-2080,-4197,-2483,-2617,-2695
99,-1482,1362,-1910,-834,1091,-1796,-1982,-4076,-2436,-2602,-2694
102,-1452,1335,-1877,-817,1076,-1811,-1887,-3953,-2379,-2585,-2688
107,-1410,1295,-1827,-789,1054,-1804,-1787,-3827,-2315,-2562,-2676
109,-1369,1258,-1779,-766,1030,-1741,-1672,-3697,-2248,-2534,-2658
107,-1329,1228,-1736,-750,1004,-1632,-1547,-3566,-2186,-2504,-2638
105,-1286,1194,-1687,-732,974,-1502,-1422,-3435,-2124,-2476,-2618
105,-1245,1158,-1638,-711,946,-1357,-1289,-3307,-2064,-2447,-2597
96,-1224,1152,-1620,-716,924,-1175,-1152,-3189,-2018,-2421,-2578
73,-1220,1178,-1634,-750,904,-956,-1012,-3077,-1980,-2396,-2561
44,-1226,1218,-1664,-799,886,-715,-872,-2969,-1941,-2372,-2545
19,-1236,1256,-1694,-842,873,-461,-732,-2859,-1897,-2343,-2528
3,-1237,1277,-1706,-868,859,-220,-591,-2746,-1842,-2310,-2509
-5,-1233,1282,-1705,-878,847,23,-445,-2636,-1778,-2273,-2485
-9,-1228,1284,-1699,-883,836,279,-298,-2531,-1715,-2236,-2461
-11,-1223,1281,-1690,-883,825,521,-153,-2429,-1650,-2200,-2436
-11,-1212,1269,-1670,-874,813,743,-14,-2331,-1587,-2164,-2410
-8,-1206,1259,-1655,-865,804,950,120,-2239,-1527,-2126,-2382
-9,-1202,1252,-1643,-860,796,1134,245,-2151,-1466,-2087,-2357
-5,-1196,1238,-1625,-847,788,1271,369,-2065,-1403,-2046,-2332
2,-1193,1224,-1610,-831,785,1403,486,-1982,-1346,-2007,-2307
5,-1192,1214,-1598,-820,780,1508,596,-1902,-1294,-1971,-2284
4,-1197,1214,-1597,-817,778,1596,702,-1828,-1248,-1935,-2259
3,-1210,1221,-1606,-820,781,1670,800,-1758,-1201,-1901,-2234
10,-1220,1217,-1607,-810,788,1698,890,-1690,-1153,-1867,-2211
20,-1224,1204,-1598,-791,793,1685,974,-1624,-1106,-1834,-2187
29,-1228,1191,-1590,-772,799,1653,1057,-1563,-1063,-1802,-2165
38,-1234,1182,-1587,-758,806,1608,1136,-1506,-1022,-1773,-2146
52,-1225,1152,-1559,-725,808,1525,1212,-1445,-974,-1741,-2126
76,-1198,1095,-1503,-668,804,1401,1282,-1382,-927,-1710,-2107
102,-1160,1025,-1430,-599,797,1257,1344,-1322,-885,-1680,-2091
126,-1123,958,-1361,-536,788,1107,1400,-1269,-854,-1655,-2080
142,-1096,912,-1313,-492,782,977,1453,-1224,-830,-1633,-2074
147,-1073,879,-1277,-465,772,847,1497,-1181,-814,-1617,-2073
147,-1048,852,-1243,-445,758,711,1533,-1139,-806,-1604,-2076
142,-1025,832,-1217,-434,744,587,1560,-1100,-801,-1595,-2081
135,-1012,826,-1206,-433,735,484,1581,-1065,-802,-1591,-2091
129,-1000,821,-1197,-433,728,398,1594,-1032,-810,-1592,-2106
124,-986,813,-1185,-432,721,327,1608,-1003,-823,-1596,-2122
115,-973,812,-1179,-438,712,293,1617,-976,-837,-1602,-2138
106,-956,809,-1168,-443,701,260,1626,-950,-847,-1607,-2152
102,-938,801,-1153,-442,691,253,1637,-923,-850,-1610,-2165
101,-912,782,-1126,-432,679,241,1649,-893,-844,-1611,-2178
104,-880,755,-1090,-415,665,217,1665,-865,-835,-1612,-2188
105,-855,736,-1063,-404,653,222,1684,-841,-834,-1614,-2198
103,-837,728,-1048,-404,644,257,1699,-825,-841,-1622,-2211
100,-819,723,-1035,-406,634,306,1705,-814,-853,-1634,-2229
101,-802,713,-1020,-402,627,365,1709,-809,-871,-1648,-2249
95,-807,732,-1037,-422,629,467,1711,-816,-903,-1670,-2273
78,-834,783,-1091,-471,638,620,1713,-829,-941,-1692,-2300
55,-870,849,-1161,-534,648,803,1717,-846,-976,-1716,-2325
34,-905,910,-1225,-591,658,1002,1725,-857,-997,-1738,-2346
19,-928,953,-1271,-633,664,1198,1735,-861,-1004,-1753,-2362
11,-948,984,-1304,-660,671,1403,1748,-865,-1002,-1761,-2372
9,-970,1010,-1337,-681,683,1619,1759,-866,-997,-1766,-2375
10,-992,1031,-1366,-695,696,1823,1769,-865,-996,-1769,-2375
16,-1011,1043,-1386,-700,709,2010,1778,-864,-999,-1773,-2376
22,-1032,1056,-1408,-704,723,2180,1792,-864,-999,-1776,-2374
26,-1053,1069,-1431,-710,736,2323,1805,-862,-999,-1780,-2372
34,-1071,1074,-1444,-707,747,2419,1822,-855,-997,-1783,-2367
42,-1090,1078,-1458,-703,760,2500,1843,-846,-997,-1785,-2359
49,-1112,1086,-1477,-703,774,2544,1868,-834,-995,-1784,-2350
53,-1138,1101,-1503,-708,789,2568,1898,-824,-991,-1780,-2338
53,-1163,1116,-1527,-716,800,2577,1927,-816,-989,-1775,-2324
53,-1176,1121,-1537,-716,804,2545,1957,-805,-981,-1766,-2305
57,-1183,1114,-1535,-706,807,2480,1992,-790,-962,-1751,-2284
61,-1186,1105,-1529,-695,808,2399,2033,-777,-938,-1734,-2261
61,-1186,1097,-1521,-686,804,2302,2071,-761,-912,-1717,-2237
70,-1166,1060,-1481,-654,794,2166,2107,-735,-874,-1696,-2208
88,-1127,997,-1411,-597,777,1996,2140,-701,-828,-1670,-2176
110,-1079,921,-1326,-531,758,1812,2168,-664,-783,-1643,-2147
131,-1032,849,-1246,-468,739,1626,2191,-632,-748,-1620,-2123
145,-1000,801,-1191,-425,728,1457,2212,-607,-728,-1604,-2103
153,-980,772,-1156,-400,720,1289,2224,-587,-719,-1598,-2094
157,-963,751,-1130,-384,714,1112,2230,-570,-719,-1595,-2092
158,-953,741,-1115,-376,712,942,2230,-555,-725,-1596,-2093
156,-956,748,-1121,-384,716,788,2223,-548,-738,-1599,-2098
149,-960,763,-1133,-399,718,651,2210,-547,-751,-1603,-2106
141,-963,779,-1145,-416,720,531,2196,-551,-768,-1605,-2116
132,-967,798,-1160,-437,722,416,2178,-554,-782,-1607,-2127
119,-963,813,-1168,-456,717,249,2164,-556,-789,-1607,-2137
111,-953,819,-1166,-467,710,120,2152,-556,-791,-1605,-2145
105,-934,812,-1150,-468,699,38,2140,-551,-789,-1601,-2154
103,-908,797,-1124,-460,685,1,2133,-545,-787,-1596,-2163
99,-889,789,-1107,-459,674,57,2127,-543,-791,-1596,-2173
91,-877,793,-1103,-468,663,190,2120,-545,-802,-1600,-2188
82,-865,796,-1100,-478,652,351,2110,-550,-818,-1609,-2208
78,-854,796,-1094,-482,644,533,2102,-560,-843,-1617,-2233
70,-866,822,-1121,-506,648,778,2096,-578,-877,-1630,-2262
54,-901,878,-1184,-555,661,1087,2095,-599,-907,-1643,-2289
33,-943,946,-1259,-616,675,1441,2100,-619,-929,-1658,-2314
14,-979,1006,-1325,-669,686,1814,2108,-634,-942,-1672,-2338
4,-1003,1042,-1368,-701,693,2153,2120,-640,-944,-1680,-2358
2,-1018,1062,-1393,-717,699,2467,2135,-643,-940,-1684,-2372
2,-1032,1077,-1414,-728,706,2783,2150,-648,-936,-1687,-2384
4,-1041,1084,-1426,-732,710,3076,2167,-652,-927,-1688,-2395
6,-1043,1081,-1427,-729,709,3333,2185,-651,-918,-1687,-2405
10,-1046,1079,-1429,-725,709,3578,2206,-648,-909,-1687,-2410
13,-1050,1075,-1431,-720,708,3812,2227,-643,-897,-1689,-2412
17,-1049,1065,-1424,-710,706,3992,2254,-634,-880,-1686,-2409
22,-1049,1054,-1417,-699,705,4158,2278,-626,-870,-1684,-2403
25,-1054,1049,-1418,-693,706,4267,2299,-618,-867,-1684,-2397
27,-1069,1055,-1432,-694,713,4339,2316,-615,-871,-1685,-2390
27,-1092,1070,-1457,-703,726,4375,2330,-612,-878,-1686,-2381
28,-1110,1079,-1475,-706,737,4334,2344,-605,-877,-1683,-2371
35,-1125,1079,-1485,-700,749,4206,2364,-594,-871,-1677,-2358
47,-1143,1078,-1495,-690,768,4031,2390,-581,-862,-1668,-2341
54,-1160,1081,-1507,-685,783,3822,2415,-564,-848,-1659,-2321
67,-1155,1057,-1486,-659,788,3530,2441,-541,-818,-1647,-2298
88,-1131,1007,-1436,-610,787,3153,2463,-513,-777,-1631,-2273
112,-1099,945,-1371,-551,782,2730,2477,-485,-741,-1617,-2252
134,-1070,889,-1312,-498,779,2290,2485,-466,-718,-1608,-2238
149,-1053,855,-1276,-463,779,1877,2492,-456,-708,-1604,-2225
155,-1046,840,-1258,-448,781,1476,2497,-448,-707,-1605,-2218
157,-1038,829,-1244,-439,780,1052,2500,-443,-710,-1608,-2215
155,-1030,823,-1233,-435,777,617,2501,-439,-718,-1614,-2217
151,-1027,826,-1231,-439,775,214,2500,-435,-727,-1620,-2219
143,-1023,832,-1230,-447,772,-149,2498,-430,-732,-1622,-2218
138,-1015,833,-1224,-451,766,-469,2498,-427,-739,-1623,-2217
128,-1003,834,-1215,-457,756,-677,2495,-423,-746,-1623,-2217
121,-986,829,-1200,-459,743,-829,2492,-417,-745,-1623,-2215
118,-967,819,-1180,-455,731,-887,2492,-407,-740,-1618,-2209
116,-941,802,-1150,-446,716,-857,2491,-392,-729,-1611,-2199
118,-910,777,-1114,-428,700,-794,2491,-375,-718,-1604,-2187
119,-885,759,-1085,-417,685,-668,2492,-365,-717,-1600,-2179
116,-867,751,-1069,-415,674,-460,2489,-360,-725,-1602,-2175
111,-848,745,-1053,-415,660,-211,2483,-352,-733,-1604,-2174
111,-827,733,-1033,-410,647,59,2481,-344,-738,-1601,-2171
103,-823,744,-1039,-424,641,407,2482,-345,-753,-1601,-2172
84,-839,785,-1079,-467,640,849,2486,-353,-776,-1602,-2179
62,-870,843,-1140,-522,647,1359,2490,-363,-794,-1604,-2187
44,-901,897,-1199,-571,656,1907,2494,-370,-803,-1603,-2192
35,-921,930,-1236,-601,663,2441,2494,-372,-803,-1599,-2193
34,-934,947,-1259,-615,671,2973,2492,-375,-798,-1592,-2191
32,-946,962,-1279,-628,676,3513,2484,-379,-793,-1584,-2189
31,-955,973,-1295,-637,679,4024,2474,-383,-789,-1576,-2189
31,-957,973,-1298,-638,678,4487,2465,-384,-783,-1567,-2189
34,-962,972,-1303,-636,681,4905,2461,-387,-779,-1558,-2186
36,-971,975,-1312,-637,685,5260,2456,-390,-773,-1550,-2185
38,-977,973,-1316,-634,687,5499,2458,-392,-764,-1540,-2182
43,-985,970,-1320,-628,692,5669,2465,-394,-758,-1532,-2182
47,-997,970,-1329,-625,698,5736,2474,-398,-754,-1527,-2185
47,-1018,982,-1352,-632,709,5738,2488,-405,-755,-1522,-2185
47,-1046,1001,-1383,-644,724,5702,2503,-411,-755,-1517,-2183
49,-1066,1010,-1402,-647,735,5578,2524,-412,-749,-1509,-2178
55,-1077,1006,-1406,-638,743,5386,2551,-407,-736,-1497,-2171
66,-1091,1000,-1410,-626,757,5158,2587,-398,-718,-1481,-2161
75,-1107,999,-1419,-617,771,4883,2625,-386,-693,-1465,-2152
88,-1100,971,-1394,-588,772,4509,2665,-364,-659,-1445,-2142
107,-1071,916,-1336,-536,765,4019,2701,-335,-622,-1424,-2132
131,-1033,848,-1262,-474,753,3440,2729,-307,-590,-1404,-2124
155,-999,785,-1196,-414,747,2816,2750,-284,-566,-1389,-2123
173,-977,741,-1149,-372,744,2213,2764,-267,-557,-1381,-2129
182,-961,713,-1117,-346,740,1625,2773,-254,-557,-1379,-2140
186,-947,693,-1091,-329,736,1030,2780,-241,-559,-1375,-2153
187,-936,682,-1074,-320,731,490,2789,-225,-559,-1371,-2165
186,-933,681,-1068,-320,732,66,2797,-211,-564,-1366,-2176
183,-928,683,-1063,-324,730,-250,2801,-196,-571,-1362,-2188
181,-924,685,-1059,-327,729,-475,2804,-183,-576,-1355,-2198
177,-923,694,-1062,-336,730,-595,2807,-171,-581,-1349,-2207
173,-915,698,-1057,-342,725,-665,2811,-159,-577,-1341,-2212
169,-901,696,-1044,-344,717,-663,2818,-145,-568,-1332,-2213
167,-880,687,-1023,-341,706,-608,2824,-126,-556,-1325,-2213
166,-855,673,-996,-333,692,-522,2835,-108,-548,-1319,-2210
163,-834,665,-977,-332,678,-379,2848,-94,-547,-1315,-2209
157,-818,666,-966,-337,666,-191,2856,-84,-551,-1318,-2211
150,-800,664,-954,-341,652,16,2860,-74,-553,-1322,-2214
148,-783,659,-940,-341,640,245,2866,-64,-553,-1326,-2214
137,-782,678,-953,-362,633,513,2872,-61,-563,-1330,-2213
116,-799,724,-997,-407,631,818,2876,-62,-579,-1337,-2211
93,-825,780,-1054,-461,634,1139,2880,-66,-593,-1346,-2210
72,-849,830,-1106,-509,636,1453,2884,-69,-602,-1355,-2207
58,-861,859,-1136,-537,635,1737,2886,-65,-603,-1359,-2201
55,-867,870,-1150,-547,636,2010,2894,-62,-603,-1359,-2191
56,-874,876,-1162,-550,639,2284,2902,-59,-602,-1356,-2180
59,-877,875,-1166,-547,641,2543,2912,-54,-597,-1350,-2170
65,-876,864,-1161,-535,642,2773,2922,-46,-590,-1344,-2159
73,-879,854,-1159,-521,646,2975,2934,-39,-586,-1336,-2146
81,-885,846,-1162,-510,652,3147,2943,-31,-580,-1331,-2134
89,-888,833,-1157,-495,656,3270,2954,-21,-572,-1328,-2122
97,-892,820,-1154,-480,661,3394,2963,-11,-569,-1325,-2108
101,-899,813,-1157,-472,664,3487,2971,-2,-572,-1324,-2097
100,-913,817,-1171,-475,670,3556,2983,2,-575,-1323,-2084
97,-935,831,-1197,-485,680,3604,2999,7,-574,-1321,-2072
98,-952,836,-1213,-488,688,3597,3019,16,-564,-1313,-2057
100,-960,831,-1215,-483,693,3543,3041,28,-546,-1302,-2041
106,-971,826,-1220,-476,701,3466,3069,40,-525,-1288,-2025
108,-983,827,-1228,-474,709,3366,3095,53,-500,-1274,-2010
116,-976,803,-1206,-453,709,3213,3116,75,-467,-1257,-1994
132,-948,754,-1154,-410,700,3012,3130,101,-432,-1237,-1976
151,-914,694,-1090,-358,689,2792,3135,122,-408,-1225,-1964
171,-887,645,-1036,-313,685,2577,3132,136,-396,-1218,-1957
183,-874,617,-1007,-287,684,2388,3124,141,-393,-1214,-1957
187,-866,606,-991,-278,683,2210,3112,146,-392,-1213,-1963
188,-856,597,-975,-272,678,2028,3098,149,-396,-1215,-1973
190,-849,592,-964,-270,676,1853,3081,150,-404,-1218,-1988
191,-851,598,-966,-275,681,1697,3066,151,-410,-1220,-2003
191,-850,605,-967,-281,683,1558,3052,155,-413,-1218,-2016
192,-846,608,-963,-284,683,1448,3042,159,-415,-1214,-2023
191,-842,616,-962,-292,683,1388,3034,164,-414,-1209,-2028
190,-836,621,-959,-298,680,1334,3035,175,-402,-1197,-2028
191,-824,619,-947,-297,676,1321,3044,191,-383,-1179,-2026
196,-804,607,-924,-287,668,1338,3056,211,-361,-1165,-2027
206,-785,590,-898,-271,663,1355,3071,232,-341,-1151,-2026
212,-772,584,-883,-264,660,1390,3086,244,-327,-1142,-2030
212,-763,587,-879,-266,655,1451,3094,249,-321,-1140,-2039
209,-750,589,-872,-270,646,1524,3093,253,-322,-1141,-2054
208,-737,586,-862,-270,637,1608,3095,257,-326,-1144,-2068
194,-736,608,-878,-293,629,1750,3101,255,-340,-1154,-2082
169,-756,660,-927,-344,625,1946,3110,249,-359,-1166,-2097
139,-783,722,-988,-405,624,2141,3123,244,-375,-1181,-2111
112,-808,778,-1045,-458,624,2320,3137,244,-385,-1195,-2122
93,-821,813,-1079,-493,619,2475,3151,250,-385,-1205,-2129
80,-824,829,-1095,-510,612,2628,3167,257,-385,-1208,-2133
72,-826,837,-1105,-519,607,2795,3179,262,-384,-1208,-2137
67,-828,840,-1111,-522,605,2969,3188,265,-378,-1206,-2142
66,-827,836,-1111,-518,603,3118,3196,269,-368,-1203,-2147
67,-831,832,-1114,-513,604,3230,3207,273,-361,-1201,-2151
66,-835,830,-1118,-510,605,3308,3214,277,-352,-1201,-2155
70,-836,818,-1113,-496,607,3338,3223,282,-343,-1200,-2154
78,-841,804,-1110,-479,614,3370,3228,286,-338,-1199,-2151
85,-850,795,-1113,-467,624,3379,3234,291,-335,-1199,-2149
89,-869,798,-1128,-464,637,3381,3247,294,-336,-1197,-2146
92,-897,811,-1157,-470,657,3387,3265,299,-333,-1196,-2141
98,-922,819,-1180,-470,676,3369,3287,306,-327,-1193,-2133
106,-940,817,-1191,-462,691,3324,3314,317,-318,-1189,-2124
113,-956,814,-1200,-455,705,3265,3348,329,-307,-1185,-2113
117,-974,817,-1213,-453,718,3201,3381,341,-292,-1183,-2103
130,-974,794,-1197,-430,726,3091,3409,361,-267,-1175,-2089
153,-950,739,-1143,-378,724,2921,3434,388,-239,-1162,-2071
179,-911,667,-1067,-312,714,2727,3458,419,-212,-1146,-2051
202,-870,597,-991,-251,700,2532,3482,446,-192,-1131,-2033
218,-839,545,-933,-206,690,2356,3507,467,-178,-1118,-2014
226,-810,506,-886,-175,675,2187,3527,484,-171,-1107,-1999
231,-777,469,-836,-148,656,2016,3544,501,-163,-1095,-1983
233,-746,436,-790,-126,637,1849,3557,520,-151,-1080,-1965
234,-723,415,-758,-112,624,1695,3566,537,-140,-1067,-1948
235,-701,397,-728,-100,612,1563,3570,555,-130,-1054,-1933
238,-680,381,-700,-89,602,1450,3571,571,-120,-1040,-1922
238,-664,373,-682,-85,593,1369,3569,585,-114,-1030,-1914
235,-651,372,-670,-88,585,1286,3569,600,-106,-1021,-1905
232,-637,372,-658,-91,577,1227,3573,617,-89,-1008,-1894
230,-617,366,-639,-90,565,1170,3572,635,-69,-996,-1886
232,-594,353,-614,-82,553,1105,3568,651,-52,-985,-1876
232,-578,349,-599,-81,546,1064,3563,662,-42,-979,-1867
230,-571,357,-599,-89,542,1044,3555,671,-39,-978,-1862
227,-563,363,-598,-97,537,1030,3545,680,-39,-980,-1863
225,-553,366,-594,-101,531,1025,3538,688,-44,-983,-1864
213,-559,394,-618,-129,529,1047,3535,689,-59,-989,-1868
192,-583,448,-672,-179,532,1097,3539,686,-77,-994,-1873
168,-613,510,-735,-237,536,1173,3552,685,-93,-997,-1874
147,-636,560,-786,-285,538,1257,3568,693,-97,-996,-1868
133,-646,588,-815,-313,535,1322,3586,709,-89,-987,-1856
130,-649,598,-826,-321,533,1394,3608,728,-76,-974,-1841
132,-650,599,-831,-321,533,1503,3631,749,-58,-958,-1823
133,-647,593,-828,-315,529,1638,3655,772,-30,-939,-1802
137,-635,575,-811,-300,521,1782,3680,795,3,-917,-1781
142,-623,554,-793,-282,513,1934,3705,818,37,-891,-1760
147,-611,532,-774,-263,505,2108,3724,844,76,-865,-1739
153,-595,503,-746,-239,495,2301,3745,875,120,-838,-1714
160,-581,473,-720,-214,486,2518,3766,904,156,-813,-1690
164,-573,452,-702,-195,480,2719,3786,931,178,-793,-1671
167,-576,441,-698,-185,482,2911,3806,952,188,-776,-1656
167,-585,439,-704,-183,485,3102,3822,974,195,-760,-1644
167,-590,432,-703,-178,487,3274,3839,1001,210,-741,-1632
171,-593,419,-695,-165,490,3423,3858,1029,230,-719,-1621
177,-599,408,-692,-153,498,3559,3877,1051,249,-698,-1610
180,-608,403,-692,-147,505,3685,3891,1068,269,-680,-1601
188,-598,375,-666,-123,504,3777,3901,1091,297,-658,-1591
205,-572,321,-610,-75,499,3831,3910,1117,328,-634,-1579
227,-535,254,-539,-16,491,3863,3918,1142,354,-609,-1570
247,-503,195,-475,37,484,3883,3925,1160,371,-585,-1564
259,-487,161,-439,67,483,3907,3934,1167,374,-569,-1566
263,-484,150,-427,76,486,3925,3941,1171,370,-559,-1572
264,-483,146,-420,79,488,3933,3949,1174,361,-553,-1578
266,-483,145,-417,80,492,3934,3959,1175,351,-551,-1585
264,-490,156,-426,70,498,3930,3973,1174,340,-549,-1590
259,-495,170,-437,55,500,3918,3989,1177,330,-547,-1595
253,-496,183,-444,42,499,3896,4011,1180,320,-545,-1599
245,-497,199,-453,24,495,3881,4029,1183,309,-543,-1603
237,-493,212,-458,9,489,3843,4048,1185,301,-541,-1604
233,-486,219,-456,1,482,3796,4066,1185,297,-540,-1605
230,-469,215,-442,0,469,3741,4081,1186,298,-540,-1606
233,-445,201,-416,11,455,3675,4096,1183,295,-540,-1603
237,-429,192,-399,19,445,3618,4113,1180,290,-541,-1598
236,-416,192,-391,19,436,3565,4128,1177,282,-544,-1593
230,-398,192,-380,15,419,3511,4134,1178,276,-548,-1587
224,-375,185,-361,17,399,3463,4140,1186,277,-547,-1576
209,-364,199,-364,-2,381,3438,4147,1191,274,-544,-1564
183,-369,239,-395,-44,366,3420,4153,1192,267,-541,-1555
153,-382,290,-440,-97,354,3406,4155,1193,264,-537,-1544
127,-393,333,-478,-142,344,3402,4152,1197,267,-531,-1532
111,-395,355,-495,-166,334,3392,4145,1205,274,-523,-1515
104,-394,363,-502,-175,328,3389,4139,1212,286,-509,-1497
99,-390,365,-502,-178,322,3394,4134,1222,306,-490,-1478
93,-378,358,-491,-176,310,3389,4131,1237,337,-467,-1456
89,-360,341,-469,-167,295,3383,4132,1256,372,-443,-1432
85,-345,326,-451,-158,283,3380,4135,1276,404,-420,-1407
81,-337,315,-439,-154,274,3366,4134,1294,438,-400,-1383
79,-326,298,-421,-143,266,3322,4136,1308,469,-379,-1359
78,-318,282,-406,-133,260,3283,4138,1321,489,-360,-1335
76,-314,270,-395,-126,257,3245,4143,1336,506,-342,-1311
75,-320,264,-395,-124,261,3227,4157,1352,519,-322,-1285
71,-327,263,-399,-127,263,3250,4176,1367,532,-300,-1260
71,-330,253,-394,-121,266,3295,4204,1384,550,-274,-1233
76,-327,232,-377,-104,267,3343,4239,1403,572,-244,-1204
84,-323,208,-357,-84,270,3393,4280,1423,598,-210,-1175
90,-319,187,-340,-67,271,3448,4325,1442,625,-177,-1151
104,-296,140,-292,-27,265,3494,4371,1466,662,-139,-1125
128,-255,66,-214,37,253,3519,4417,1496,703,-102,-1098
157,-209,-17,-127,112,241,3535,4461,1523,739,-66,-1071
184,-167,-92,-47,179,230,3551,4500,1545,767,-34,-1047
202,-135,-146,11,227,221,3586,4538,1561,784,-7,-1029
210,-114,-179,49,254,211,3624,4567,1571,793,10,-1021
212,-98,-199,75,270,203,3644,4594,1579,799,23,-1015
214,-88,-209,90,279,198,3659,4617,1582,801,34,-1013
214,-86,-208,91,278,198,3673,4634,1582,796,42,-1014
210,-87,-200,86,272,198,3672,4646,1581,791,47,-1018
208,-89,-190,79,265,199,3659,4659,1579,787,51,-1019
208,-94,-177,68,257,204,3650,4666,1574,788,56,-1021
208,-92,-171,66,255,204,3621,4671,1569,798,64,-1022
211,-82,-174,75,260,202,3588,4678,1568,812,75,-1020
217,-63,-189,97,275,194,3542,4681,1575,833,88,-1013
225,-35,-213,132,298,182,3469,4680,1584,855,101,-1003
229,-8,-233,163,315,167,3396,4674,1589,870,111,-994
231,15,-247,186,326,153,3336,4665,1592,878,118,-989
228,39,-258,209,333,135,3271,4650,1597,884,127,-985
228,64,-272,233,343,118,3196,4636,1603,885,137,-981
221,71,-263,231,333,108,3134,4621,1601,874,141,-982
205,59,-226,197,298,104,3090,4605,1593,854,139,-986
183,34,-173,143,248,105,3053,4593,1583,833,135,-992
161,10,-120,90,198,105,3019,4582,1575,815,130,-997
146,-5,-85,55,164,104,2974,4571,1570,806,126,-999
139,-15,-65,33,145,104,2923,4566,1562,803,127,-998
134,-25,-49,15,131,106,2879,4562,1556,803,129,-997
132,-29,-43,6,124,106,2829,4562,1553,809,135,-995
132,-22,-51,14,127,98,2768,4566,1554,816,145,-989
133,-15,-62,25,134,93,2700,4576,1555,823,155,-982
135,-14,-70,30,138,91,2634,4584,1557,830,162,-973
140,-10,-85,41,150,90,2554,4594,1563,840,169,-960
147,-8,-101,52,163,91,2498,4603,1569,847,177,-948
152,-13,-109,54,171,96,2460,4612,1572,848,185,-938
154,-29,-103,39,166,107,2454,4627,1573,847,194,-926
148,-52,-83,10,147,117,2472,4644,1575,853,205,-915
141,-68,-71,-9,133,122,2483,4662,1581,868,216,-902
137,-73,-73,-10,131,123,2486,4679,1588,884,227,-886
137,-77,-78,-9,133,125,2507,4697,1594,902,243,-868
136,-81,-83,-8,135,128,2552,4709,1598,925,259,-848
145,-66,-116,26,161,123,2605,4719,1610,958,280,-823
163,-31,-178,91,214,112,2643,4728,1628,993,304,-797
185,11,-249,168,276,100,2660,4732,1646,1026,328,-773
206,48,-314,238,333,91,2664,4735,1660,1055,350,-750
217,77,-360,290,372,81,2673,4739,1669,1075,370,-731
220,99,-390,327,394,70,2673,4744,1677,1089,387,-714
220,122,-415,361,411,57,2644,4750,1682,1096,404,-697
219,141,-435,388,424,46,2596,4754,1685,1099,420,-683
217,157,-448,408,432,37,2531,4759,1684,1096,434,-673
212,175,-460,430,438,25,2445,4765,1683,1093,447,-666
206,195,-471,452,443,11,2358,4780,1682,1092,459,-656
199,212,-475,467,442,-1,2291,4796,1683,1091,469,-645
191,231,-480,484,441,-16,2202,4813,1685,1098,482,-632
189,251,-491,506,449,-29,2124,4830,1685,1110,493,-619
191,274,-507,532,461,-41,2050,4839,1683,1120,501,-610
197,295,-524,557,478,-49,1972,4848,1678,1122,506,-603
202,307,-531,570,487,-52,1921,4855,1667,1116,507,-600
201,312,-525,568,484,-55,1904,4859,1654,1104,503,-601
198,319,-517,567,478,-62,1899,4854,1641,1094,495,-605
199,328,-516,571,480,-67,1905,4846,1626,1083,488,-609
193,323,-495,552,463,-68,1962,4833,1605,1063,477,-615
177,302,-448,506,422,-66,2073,4817,1579,1038,463,-624
156,275,-391,447,372,-62,2212,4798,1552,1013,448,-634
139,250,-341,395,328,-59,2371,4780,1530,993,435,-641
128,240,-313,367,304,-61,2532,4765,1515,986,430,-643
122,241,-302,358,293,-68,2704,4759,1507,994,435,-636
116,248,-298,357,288,-79,2899,4755,1502,1007,445,-626
112,259,-301,363,288,-91,3094,4751,1499,1023,458,-614
109,274,-313,379,295,-106,3278,4748,1498,1038,471,-604
107,290,-328,396,304,-121,3445,4746,1496,1048,483,-592
106,301,-339,408,311,-132,3596,4742,1495,1056,492,-582
108,312,-356,424,324,-141,3688,4742,1494,1066,500,-574
111,319,-371,437,337,-145,3784,4742,1491,1066,506,-569
112,321,-381,443,343,-148,3851,4740,1486,1055,507,-570
107,313,-376,434,337,-146,3890,4742,1478,1041,506,-573
99,295,-358,409,319,-140,3915,4743,1471,1031,506,-575
89,282,-345,392,303,-138,3870,4744,1466,1030,508,-573
83,277,-345,388,297,-138,3746,4746,1461,1032,515,-568
82,270,-348,386,297,-133,3584,4753,1454,1035,523,-557
81,260,-347,381,294,-126,3421,4761,1453,1045,531,-545
86,270,-373,407,314,-128,3227,4773,1461,1070,544,-530
103,298,-428,465,360,-134,2999,4788,1475,1100,560,-517
124,335,-495,536,417,-142,2754,4805,1488,1126,575,-505
144,365,-554,599,468,-147,2507,4819,1494,1140,585,-497
160,379,-592,636,501,-145,2286,4830,1494,1140,591,-494
166,386,-611,657,516,-143,2070,4833,1490,1129,591,-495
167,392,-623,672,523,-145,1842,4828,1481,1114,588,-498
164,395,-626,679,522,-146,1620,4817,1470,1097,583,-500
159,387,-615,670,510,-142,1418,4803,1457,1080,578,-502
155,381,-605,663,499,-140,1233,4784,1447,1066,574,-502
153,380,-601,662,495,-138,1064,4764,1437,1049,571,-500
148,379,-592,658,484,-140,950,4737,1426,1033,569,-500
142,384,-586,660,476,-146,864,4709,1417,1021,569,-497
138,398,-590,673,476,-157,841,4684,1410,1016,570,-487
136,421,-604,700,485,-174,861,4654,1408,1018,574,-474
135,452,-625,734,499,-195,889,4622,1403,1024,579,-460
132,476,-636,758,505,-215,954,4591,1394,1024,583,-445
123,496,-637,772,501,-235,1061,4562,1384,1023,585,-432
112,519,-639,788,496,-259,1200,4533,1377,1024,586,-422
103,544,-645,807,495,-283,1351,4506,1371,1022,588,-412
91,550,-627,797,477,-296,1546,4480,1355,1006,583,-408
72,532,-579,751,434,-299,1786,4458,1331,983,573,-410
49,503,-518,689,380,-296,2040,4441,1307,960,559,-415
31,476,-463,632,333,-292,2290,4427,1287,943,543,-420
20,462,-430,597,305,-292,2516,4419,1274,937,532,-421
14,458,-413,580,292,-295,2735,4422,1262,938,526,-418
11,457,-403,570,285,-299,2962,4427,1248,939,520,-417
10,460,-402,567,284,-304,3175,4432,1232,940,516,-417
12,469,-410,575,292,-310,3364,4436,1216,942,514,-417
13,477,-418,583,299,-317,3531,4437,1199,940,511,-419
10,483,-424,588,302,-325,3685,4425,1181,935,506,-424
10,490,-435,598,309,-332,3781,4410,1161,929,501,-430
10,493,-442,602,314,-336,3859,4389,1141,918,494,-436
5,491,-441,599,310,-339,3884,4359,1119,903,486,-445
-1,477,-429,580,298,-334,3870,4326,1093,886,478,-456
-7,450,-406,546,278,-320,3825,4285,1064,869,467,-468
-11,425,-387,517,263,-305,3709,4241,1039,858,458,-480
-10,406,-379,500,257,-291,3529,4197,1018,854,453,-489
-7,383,-371,480,252,-273,3307,4155,998,850,449,-497
-6,358,-358,457,242,-255,3071,4111,977,848,445,-504
4,349,-369,460,255,-241,2816,4066,962,859,443,-512
24,361,-412,499,295,-233,2542,4023,954,876,443,-520
50,386,-472,558,351,-231,2282,3985,949,895,445,-528
75,409,-529,615,403,-229,2059,3952,945,909,447,-534
93,423,-568,654,440,-225,1892,3925,939,919,448,-538
105,431,-594,679,463,-222,1755,3897,933,924,446,-546
113,439,-615,702,481,-220,1638,3871,925,926,443,-555
120,444,-630,719,495,-217,1547,3846,916,923,439,-562
125,440,-633,722,499,-210,1480,3819,900,913,428,-571
126,434,-628,718,496,-204,1408,3791,884,899,414,-582
124,434,-624,718,492,-204,1317,3765,868,882,400,-594
117,434,-615,715,481,-207,1260,3734,852,866,387,-608
109,438,-606,714,471,-213,1197,3705,835,855,378,-622
103,445,-602,718,465,-221,1150,3676,817,846,371,-631
98,461,-607,733,466,-233,1120,3642,801,835,363,-639
95,482,-617,755,472,-248,1092,3609,787,822,355,-642
90,494,-615,762,469,-258,1112,3575,767,805,343,-645
82,498,-602,756,457,-264,1185,3536,744,781,327,-653
72,504,-588,749,443,-272,1276,3490,718,753,306,-669
67,508,-577,743,434,-276,1370,3443,692,723,287,-687
55,493,-541,708,403,-273,1516,3392,658,684,265,-705
34,459,-475,639,346,-263,1723,3339,617,642,238,-725
9,416,-397,555,279,-250,1953,3288,575,604,211,-741
-14,375,-326,477,217,-237,2180,3237,532,571,185,-754
-30,348,-274,420,173,-229,2375,3188,495,546,163,-764
-39,328,-237,378,143,-222,2557,3147,464,527,146,-770
-48,315,-209,346,118,-219,2763,3109,436,513,130,-777
-56,306,-188,321,99,-220,2959,3074,412,507,119,-783
-60,303,-177,307,89,-223,3118,3038,389,505,112,-788
-60,295,-169,292,84,-220,3266,3001,368,502,107,-792
-58,285,-162,276,80,-215,3421,2958,346,504,99,-797
-53,281,-165,271,85,-211,3519,2914,324,508,92,-799
-43,274,-171,267,95,-203,3600,2868,302,505,85,-800
-36,260,-171,255,99,-193,3655,2820,279,497,78,-800
-29,240,-164,235,98,-178,3693,2774,255,486,72,-797
-23,213,-152,207,94,-159,3709,2726,234,478,68,-794
-14,190,-147,188,95,-140,3662,2678,218,480,71,-789
-4,175,-152,181,104,-126,3569,2630,204,486,77,-781
7,162,-160,179,116,-112,3465,2587,189,494,85,-769
13,148,-163,173,121,-100,3357,2543,173,503,90,-758
24,150,-186,191,143,-95,3202,2498,163,519,97,-748
44,167,-233,236,187,-95,2989,2452,157,539,105,-738
66,195,-292,296,240,-98,2745,2401,148,552,109,-733
84,220,-344,351,286,-104,2481,2346,133,553,109,-731
96,229,-371,379,311,-101,2210,2290,111,539,103,-733
101,224,-379,384,319,-94,1927,2230,84,511,88,-741
105,217,-380,384,322,-85,1630,2169,51,473,68,-755
109,207,-378,380,323,-74,1367,2107,16,433,42,-773
109,191,-364,364,314,-61,1163,2048,-20,395,18,-792
108,175,-347,345,302,-48,987,1989,-55,365,-4,-810
107,162,-331,330,290,-37,829,1933,-93,336,-24,-827
101,151,-311,312,273,-31,720,1877,-131,306,-46,-846
94,145,-294,300,256,-30,615,1822,-167,286,-66,-866
90,143,-283,294,246,-29,548,1768,-200,273,-81,-883
86,150,-279,298,241,-34,510,1712,-226,268,-93,-897
85,163,-283,311,243,-42,481,1653,-250,262,-103,-908
83,174,-281,318,240,-50,503,1593,-277,250,-113,-920
78,178,-272,316,230,-56,581,1533,-305,235,-125,-932
75,185,-266,316,224,-63,692,1473,-329,222,-136,-943
78,195,-269,324,227,-68,822,1417,-353,208,-145,-954
75,187,-248,304,211,-66,1007,1361,-384,183,-156,-967
63,157,-197,250,169,-56,1258,1309,-422,150,-173,-983
46,118,-133,180,114,-43,1531,1265,-461,118,-193,-999
31,81,-73,114,64,-29,1776,1228,-497,93,-214,-1016
24,54,-33,68,32,-18,1966,1194,-527,70,-237,-1032
23,34,-7,35,15,-6,2161,1168,-555,50,-256,-1049
24,15,15,5,1,5,2396,1143,-580,30,-275,-1068
24,-2,34,-21,-11,15,2620,1120,-601,15,-292,-1084
25,-12,43,-36,-16,21,2821,1093,-619,5,-307,-1101
24,-24,55,-55,-24,27,3015,1066,-640,-8,-321,-1116
19,-40,73,-80,-38,33,3196,1030,-659,-21,-338,-1134
15,-51,84,-97,-48,35,3306,989,-679,-33,-352,-1152
11,-60,93,-110,-55,38,3394,941,-699,-48,-368,-1172
4,-73,106,-129,-67,41,3427,888,-718,-61,-384,-1194
-6,-94,128,-160,-87,49,3431,835,-737,-76,-399,-1211
-14,-120,154,-195,-108,61,3434,780,-757,-89,-415,-1227
-18,-138,168,-218,-119,71,3394,725,-775,-95,-426,-1238
-14,-153,169,-228,-116,84,3294,673,-789,-95,-429,-1242
-5,-169,167,-237,-108,102,3168,627,-805,-96,-431,-1241
0,-183,167,-246,-104,117,3032,582,-821,-95,-434,-1239
11,-178,143,-226,-81,123,2851,540,-829,-85,-436,-1231
30,-158,95,-179,-36,123,2623,502,-832,-72,-434,-1220
53,-132,38,-122,18,124,2391,468,-834,-65,-435,-1212
74,-110,-11,-73,64,126,2185,438,-844,-70,-441,-1210
87,-101,-39,-45,91,130,2015,409,-867,-92,-456,-1215
92,-102,-48,-38,100,137,1866,380,-896,-125,-478,-1229
98,-111,-48,-40,104,149,1710,354,-928,-160,-504,-1245
105,-126,-41,-52,103,166,1559,329,-962,-201,-533,-1263
109,-149,-23,-77,93,187,1425,304,-1000,-243,-564,-1285
110,-174,1,-106,78,206,1305,279,-1035,-285,-592,-1307
110,-196,26,-136,60,222,1196,258,-1067,-325,-615,-1325
106,-219,55,-168,38,236,1118,236,-1096,-359,-636,-1340
101,-232,78,-191,18,243,1024,214,-1123,-383,-653,-1349
100,-237,90,-201,9,244,945,191,-1145,-397,-666,-1352
101,-230,89,-195,9,240,891,160,-1163,-404,-677,-1353
103,-214,78,-177,18,230,845,128,-1180,-403,-687,-1353
102,-199,73,-165,19,218,819,90,-1200,-407,-697,-1354
98,-192,79,-165,13,209,808,44,-1225,-422,-710,-1360
93,-184,86,-166,4,198,798,-13,-1252,-442,-723,-1370
91,-176,88,-165,1,190,786,-71,-1281,-464,-734,-1380
83,-184,113,-190,-20,188,799,-130,-1318,-495,-745,-1393
65,-211,167,-246,-68,190,845,-187,-1357,-528,-760,-1408
42,-246,233,-317,-128,196,912,-237,-1393,-556,-775,-1422
22,-278,293,-381,-181,201,979,-282,-1421,-578,-786,-1435
11,-295,329,-420,-213,202,1031,-322,-1441,-591,-791,-1445
8,-308,351,-446,-229,206,1079,-353,-1459,-599,-791,-1454
8,-325,373,-475,-243,214,1137,-379,-1477,-604,-789,-1462
11,-343,391,-503,-254,226,1199,-403,-1494,-606,-787,-1467
18,-355,399,-518,-254,236,1260,-427,-1510,-609,-788,-1472
26,-366,404,-532,-252,246,1326,-447,-1529,-611,-790,-1480
30,-379,412,-548,-254,255,1388,-469,-1547,-608,-792,-1488
37,-390,414,-557,-251,264,1417,-487,-1563,-597,-793,-1495
43,-401,415,-566,-247,275,1457,-503,-1574,-591,-797,-1502
44,-412,420,-577,-248,282,1484,-515,-1583,-589,-801,-1506
42,-429,433,-596,-258,291,1503,-520,-1591,-589,-802,-1506
34,-452,456,-627,-278,302,1530,-520,-1597,-589,-803,-1506
28,-470,472,-647,-292,310,1529,-517,-1600,-583,-802,-1505
27,-483,478,-657,-296,319,1500,-508,-1598,-568,-798,-1503
28,-499,482,-668,-298,332,1462,-493,-1597,-552,-791,-1500
27,-515,490,-681,-304,344,1404,-479,-1594,-539,-786,-1502
32,-511,472,-663,-288,347,1292,-463,-1582,-517,-779,-1503
49,-486,422,-610,-245,344,1126,-450,-1568,-495,-772,-1503
69,-453,361,-543,-191,338,932,-442,-1559,-477,-769,-1502
86,-424,307,-483,-144,333,736,-440,-1555,-465,-769,-1504
98,-411,275,-450,-116,335,563,-441,-1557,-468,-775,-1509
102,-406,260,-433,-105,338,400,-449,-1562,-481,-786,-1519
103,-404,253,-424,-101,340,227,-460,-1568,-500,-798,-1530
100,-405,254,-421,-105,341,60,-473,-1572,-525,-809,-1540
94,-411,265,-430,-118,343,-99,-488,-1581,-557,-821,-1551
86,-419,280,-444,-135,347,-255,-507,-1590,-585,-836,-1564
81,-429,296,-459,-151,352,-412,-522,-1601,-609,-850,-1578
75,-442,317,-481,-171,358,-522,-539,-1613,-631,-862,-1593
69,-452,335,-499,-188,362,-620,-555,-1624,-643,-868,-1604
68,-456,345,-509,-197,365,-678,-569,-1632,-650,-873,-1613
69,-451,345,-506,-198,362,-706,-587,-1632,-655,-878,-1620
75,-440,335,-494,-189,359,-717,-603,-1633,-661,-882,-1624
78,-433,331,-488,-185,355,-679,-616,-1639,-674,-889,-1626
80,-430,335,-491,-187,353,-589,-632,-1649,-693,-898,-1629
81,-424,336,-491,-187,349,-470,-652,-1658,-714,-908,-1634
85,-415,333,-485,-182,343,-326,-673,-1667,-733,-918,-1636
78,-418,351,-502,-198,338,-118,-694,-1683,-760,-933,-1640
61,-440,398,-552,-240,340,156,-714,-1706,-791,-952,-1648
40,-474,461,-620,-294,347,464,-732,-1729,-820,-973,-1657
21,-507,521,-685,-346,353,787,-748,-1749,-840,-991,-1664
5,-522,559,-723,-379,351,1089,-762,-1762,-853,-1007,-1668
-3,-526,575,-739,-394,346,1379,-772,-1774,-860,-1017,-1666
-7,-527,585,-749,-400,342,1674,-781,-1783,-858,-1020,-1664
-8,-526,589,-753,-402,338,1940,-788,-1790,-849,-1020,-1659
-4,-521,581,-746,-392,335,2175,-796,-1793,-836,-1018,-1656
2,-517,573,-740,-380,334,2384,-803,-1796,-824,-1017,-1652
6,-517,568,-737,-372,335,2564,-815,-1800,-815,-1019,-1650
13,-515,558,-730,-359,336,2675,-823,-1803,-806,-1019,-1647
20,-516,548,-724,-346,339,2768,-829,-1802,-799,-1017,-1640
23,-518,544,-722,-340,341,2821,-836,-1802,-796,-1016,-1634
22,-526,548,-730,-343,344,2845,-841,-1805,-802,-1015,-1630
20,-545,562,-751,-354,354,2851,-849,-1811,-812,-1015,-1628
18,-559,571,-765,-361,362,2803,-861,-1816,-816,-1012,-1622
20,-565,568,-765,-357,368,2705,-871,-1819,-811,-1005,-1612
28,-575,562,-766,-348,379,2588,-876,-1821,-802,-996,-1599
35,-590,562,-774,-345,395,2473,-881,-1821,-784,-988,-1589
48,-589,539,-757,-322,404,2355,-888,-1815,-755,-978,-1580
67,-568,491,-709,-279,405,2244,-898,-1810,-726,-966,-1570
87,-537,433,-647,-228,399,2163,-913,-1810,-705,-959,-1561
103,-508,381,-592,-184,393,2117,-928,-1816,-696,-956,-1557
112,-491,347,-557,-157,391,2113,-941,-1826,-697,-956,-1555
116,-481,328,-536,-143,389,2124,-955,-1833,-704,-959,-1558
117,-471,311,-517,-132,386,2119,-967,-1840,-712,-962,-1564
117,-467,303,-509,-128,387,2103,-979,-1846,-720,-966,-1573
113,-472,308,-515,-134,392,2086,-989,-1854,-730,-970,-1584
107,-477,318,-525,-146,395,2034,-1002,-1863,-741,-975,-1599
100,-481,330,-535,-158,397,1916,-1012,-1874,-750,-979,-1612
88,-490,350,-554,-179,398,1785,-1023,-1888,-757,-983,-1625
75,-493,368,-569,-200,395,1619,-1032,-1899,-758,-986,-1634
67,-489,376,-573,-211,389,1464,-1039,-1907,-753,-988,-1640
61,-474,371,-560,-212,377,1325,-1046,-1912,-747,-990,-1647
60,-451,355,-535,-201,362,1192,-1049,-1914,-739,-990,-1653
59,-432,344,-517,-194,350,1112,-1050,-1916,-738,-990,-1656
55,-419,344,-510,-196,338,1093,-1055,-1920,-742,-988,-1658
50,-404,342,-500,-198,324,1105,-1067,-1923,-747,-990,-1663
47,-386,334,-484,-194,309,1137,-1081,-1927,-756,-992,-1669
39,-383,349,-494,-208,301,1240,-1092,-1937,-774,-998,-1677
22,-399,391,-533,-247,297,1418,-1103,-1953,-802,-1006,-1688
0,-424,446,-588,-298,297,1632,-1113,-1969,-833,-1016,-1701
-20,-449,500,-641,-347,297,1854,-1121,-1980,-857,-1024,-1709
-33,-466,537,-678,-380,297,2055,-1129,-1987,-871,-1032,-1717
-39,-477,560,-701,-398,297,2253,-1135,-1993,-879,-1038,-1722
-42,-486,577,-719,-411,298,2451,-1143,-1998,-887,-1047,-1728
-41,-494,589,-732,-418,300,2633,-1150,-2003,-893,-1056,-1736
-38,-500,594,-739,-419,302,2796,-1159,-2009,-899,-1063,-1745
-35,-508,601,-749,-421,306,2938,-1166,-2018,-908,-1071,-1752
-36,-518,612,-762,-428,309,3051,-1173,-2025,-915,-1081,-1760
-34,-525,617,-769,-429,312,3106,-1173,-2029,-916,-1090,-1764
-28,-537,621,-778,-428,321,3153,-1170,-2032,-920,-1098,-1767
-24,-551,627,-791,-429,331,3168,-1164,-2036,-926,-1106,-1769
-23,-570,640,-810,-436,342,3167,-1154,-2041,-939,-1115,-1771
-26,-595,663,-841,-454,355,3163,-1145,-2048,-954,-1125,-1773
-28,-617,680,-866,-467,367,3094,-1136,-2049,-958,-1131,-1771
-30,-631,688,-879,-473,375,2962,-1127,-2048,-955,-1131,-1766
-29,-645,693,-890,-477,383,2825,-1115,-2048,-952,-1125,-1760
-31,-660,701,-904,-484,392,2701,-1102,-2045,-945,-1122,-1754
-24,-657,684,-890,-469,395,2565,-1089,-2034,-923,-1116,-1744
-7,-637,638,-845,-427,393,2409,-1079,-2015,-893,-1108,-1733
11,-605,580,-784,-375,385,2248,-1072,-1996,-871,-1100,-1722
26,-571,524,-724,-329,374,2093,-1068,-1980,-855,-1092,-1712
33,-548,487,-683,-299,364,1962,-1064,-1965,-844,-1084,-1702
32,-527,461,-652,-283,352,1845,-1064,-1950,-831,-1076,-1694
30,-504,435,-619,-267,338,1731,-1066,-1938,-821,-1067,-1686
29,-481,411,-588,-251,325,1626,-1069,-1927,-814,-1059,-1678
25,-467,397,-570,-245,317,1526,-1073,-1919,-809,-1049,-1672
21,-457,390,-558,-242,311,1424,-1080,-1914,-802,-1040,-1669
16,-444,382,-544,-240,303,1313,-1082,-1912,-796,-1031,-1662
9,-434,381,-537,-244,296,1225,-1087,-1908,-792,-1023,-1656
-1,-420,379,-527,-249,284,1123,-1093,-1902,-783,-1018,-1648
-7,-400,368,-508,-246,271,1032,-1098,-1891,-767,-1009,-1636
-9,-373,347,-476,-233,256,949,-1100,-1875,-744,-999,-1620
-6,-341,317,-435,-211,240,862,-1098,-1856,-718,-987,-1603
-5,-312,294,-401,-195,225,794,-1092,-1838,-696,-976,-1587
-8,-290,281,-379,-188,211,748,-1086,-1819,-682,-967,-1576
-13,-265,268,-354,-182,193,705,-1083,-1800,-675,-961,-1572
-16,-236,248,-322,-171,173,660,-1077,-1780,-669,-955,-1570
-23,-226,253,-319,-179,163,641,-1066,-1763,-667,-949,-1569
-39,-236,286,-349,-213,159,651,-1052,-1748,-665,-942,-1569
-61,-253,333,-392,-259,156,674,-1033,-1732,-657,-930,-1566
-79,-266,370,-426,-297,151,713,-1010,-1708,-640,-914,-1557
-90,-263,384,-434,-314,139,759,-983,-1675,-606,-890,-1541
-93,-250,380,-423,-314,127,823,-947,-1640,-560,-859,-1518
-92,-236,369,-407,-306,115,926,-907,-1605,-512,-827,-1493
-89,-217,351,-382,-292,99,1051,-860,-1563,-457,-790,-1466
-88,-187,322,-344,-273,76,1178,-810,-1513,-396,-749,-1436
-89,-155,293,-303,-254,49,1301,-757,-1460,-335,-704,-1405
-92,-119,259,-256,-234,17,1418,-710,-1407,-274,-662,-1375
-92,-74,213,-196,-203,-18,1498,-664,-1353,-213,-619,-1341
-89,-32,165,-136,-169,-48,1584,-618,-1295,-154,-573,-1306
-86,3,123,-85,-140,-75,1644,-575,-1236,-98,-526,-1272
-86,32,89,-43,-117,-98,1690,-535,-1177,-45,-477,-1236
-91,58,62,-8,-102,-121,1750,-500,-1117,12,-425,-1197
-96,89,29,35,-83,-147,1767,-468,-1052,80,-367,-1154
-99,128,-14,91,-55,-177,1723,-437,-985,153,-307,-1109
-100,169,-61,149,-24,-206,1665,-406,-919,231,-246,-1060
-105,210,-104,206,1,-237,1615,-378,-855,310,-186,-1012
-107,271,-171,291,45,-278,1539,-355,-785,399,-122,-959
-98,347,-263,405,114,-322,1417,-337,-713,490,-54,-903
-83,430,-368,530,194,-365,1257,-324,-644,574,13,-848
-69,506,-465,646,268,-404,1088,-314,-582,643,76,-795
-62,566,-537,735,321,-437,946,-305,-528,701,137,-747
-64,613,-588,801,354,-466,824,-303,-477,753,193,-706
-68,657,-632,861,381,-495,698,-306,-426,802,249,-666
-72,702,-676,921,407,-523,568,-311,-374,856,304,-622
-77,741,-713,972,429,-548,436,-312,-321,909,359,-576
-84,780,-747,1021,447,-573,305,-311,-267,962,415,-530
-93,822,-780,1072,463,-603,172,-299,-213,1020,475,-482
-106,864,-808,1119,472,-635,84,-278,-156,1081,537,-432
-123,911,-838,1170,480,-674,8,-245,-96,1153,604,-379
-138,966,-875,1231,495,-717,-39,-199,-32,1230,675,-322
-148,1029,-925,1306,520,-764,-76,-146,40,1310,744,-265
-157,1102,-985,1394,554,-816,-117,-79,119,1389,815,-206
-167,1172,-1039,1475,582,-868,-128,0,199,1463,885,-145
-182,1237,-1084,1546,601,-921,-101,87,279,1533,953,-84
-202,1307,-1128,1621,617,-981,-64,177,361,1607,1021,-23
-220,1384,-1181,1707,639,-1045,-26,269,444,1681,1087,39
-244,1448,-1215,1771,644,-1106,54,358,519,1744,1149,97
-281,1498,-1221,1807,623,-1165,185,446,589,1801,1209,156
-322,1543,-1219,1834,593,-1225,346,531,661,1857,1269,213
-359,1596,-1228,1874,573,-1288,521,608,737,1919,1330,273
-391,1666,-1261,1942,573,-1360,669,673,816,1993,1393,337
-415,1748,-1312,2029,590,-1435,800,731,894,2072,1460,404
-436,1832,-1369,2124,613,-1509,946,778,971,2156,1529,473
-460,1927,-1437,2232,641,-1593,1082,817,1049,2245,1599,543
-483,2037,-1520,2360,680,-1686,1207,849,1133,2341,1673,614
-505,2150,-1608,2495,724,-1780,1325,880,1224,2444,1752,691
-526,2263,-1698,2632,769,-1874,1451,907,1323,2557,1832,773
-544,2385,-1801,2782,825,-1970,1565,938,1430,2680,1917,858
-562,2508,-1906,2935,883,-2066,1690,975,1545,2810,2007,944
-585,2630,-2007,3086,935,-2164,1788,1019,1666,2939,2102,1030
-611,2749,-2103,3230,981,-2261,1884,1076,1791,3068,2203,1117
-642,2870,-2197,3376,1024,-2362,1984,1149,1926,3203,2309,1205
-673,3005,-2305,3541,1076,-2471,2041,1236,2071,3346,2419,1297
-703,3153,-2429,3724,1138,-2587,2055,1331,2224,3497,2532,1390
-734,3304,-2555,3912,1203,-2705,2056,1433,2383,3653,2649,1489
-773,3462,-2680,4103,1262,-2832,2037,1539,2550,3813,2769,1591
-810,3644,-2832,4328,1340,-2974,1926,1646,2726,3984,2894,1695
-839,3851,-3017,4591,1444,-3126,1733,1752,2910,4161,3023,1802
-867,4072,-3217,4874,1560,-3287,1502,1851,3095,4333,3147,1904
-897,4290,-3412,5152,1671,-3448,1293,1944,3279,4491,3265,1999
-938,4496,-3582,5405,1758,-3608,1189,2029,3456,4633,3372,2085
-991,4692,-3729,5635,1821,-3769,1179,2095,3627,4763,3468,2162
-1048,4879,-3863,5851,1873,-3928,1235,2142,3787,4876,3552,2230
-1108,5062,-3988,6057,1916,-4086,1341,2162,3932,4974,3625,2294
-1173,5236,-4099,6248,1946,-4242,1459,2147,4053,5053,3687,2352
-1240,5409,-4204,6433,1971,-4399,1586,2093,4153,5119,3739,2402
-1309,5581,-4306,6616,1992,-4559,1727,2004,4234,5174,3789,2451
-1382,5749,-4399,6790,2004,-4719,1869,1881,4302,5226,3838,2500
-1453,5920,-4495,6966,2019,-4881,1959,1728,4358,5282,3887,2553
-1519,6094,-4599,7150,2043,-5043,2023,1549,4404,5343,3936,2611
-1583,6275,-4711,7344,2075,-5210,2053,1337,4443,5408,3982,2672
-1644,6464,-4833,7548,2113,-5381,2029,1097,4471,5470,4027,2735
-1708,6648,-4947,7745,2147,-5551,1975,839,4487,5523,4070,2798
-1774,6826,-5052,7929,2172,-5719,1889,566,4493,5561,4111,2856
-1842,7003,-5154,8112,2194,-5888,1775,284,4498,5597,4148,2911
-1906,7182,-5262,8300,2224,-6057,1651,4,4506,5639,4186,2968
-1974,7343,-5350,8462,2238,-6216,1550,-268,4508,5674,4221,3024
-2048,7482,-5408,8590,2228,-6365,1465,-529,4506,5706,4251,3081
-2123,7605,-5451,8696,2208,-6502,1386,-780,4509,5744,4284,3137
-2193,7725,-5496,8802,2192,-6634,1309,-1030,4514,5792,4320,3193
-2253,7851,-5558,8924,2195,-6763,1223,-1292,4515,5849,4359,3249
-2307,7979,-5630,9054,2210,-6888,1145,-1570,4505,5907,4399,3307
-2355,8102,-5702,9181,2229,-7006,1091,-1869,4484,5961,4441,3364
-2399,8222,-5777,9309,2252,-7118,1055,-2190,4449,6013,4481,3420
-2441,8346,-5859,9445,2283,-7230,1045,-2536,4398,6058,4519,3474
-2479,8466,-5942,9579,2316,-7336,1060,-2911,4328,6090,4554,3526
-2514,8574,-6019,9701,2346,-7431,1089,-3323,4240,6114,4586,3573
-2546,8680,-6098,9824,2381,-7521,1091,-3775,4132,6137,4615,3619
-2575,8784,-6178,9947,2419,-7607,1093,-4272,4011,6159,4645,3666
-2604,8885,-6256,10067,2454,-7690,1084,-4808,3884,6188,4680,3718
-2635,8977,-6325,10176,2483,-7767,1077,-5379,3746,6223,4721,3774
-2669,9064,-6387,10277,2505,-7843,1083,-5994,3594,6258,4766,3832
-2698,9154,-6457,10387,2534,-7917,1073,-6657,3426,6297,4812,3892
-2722,9252,-6539,10510,2575,-7992,1048,-7362,3236,6338,4860,3956
-2744,9348,-6623,10633,2618,-8065,1033,-8105,3023,6378,4910,4025
-2769,9442,-6701,10751,2654,-8138,1038,-8884,2785,6410,4956,4091
-2784,9550,-6803,10895,2713,-8215,1035,-9696,2520,6434,4998,4155
-2786,9673,-6933,11067,2797,-8292,1014,-10529,2226,6440,5033,4215
-2782,9798,-7070,11245,2891,-8368,993,-11372,1902,6426,5061,4270
-2779,9913,-7196,11410,2976,-8439,989,-12213,1547,6390,5082,4318
-2780,10012,-7300,11549,3043,-8503,1015,-13046,1160,6330,5093,4358
-2790,10102,-7385,11669,3091,-8566,1044,-13875,745,6251,5093,4388
-2804,10189,-7462,11783,3131,-8631,1056,-14698,308,6164,5089,4414
-2823,10273,-7531,11888,3162,-8698,1057,-15515,-147,6068,5085,4436
-2847,10352,-7587,11980,3180,-8764,1039,-16331,-625,5962,5078,4454
-2874,10435,-7642,12074,3195,-8837,981,-17151,-1122,5848,5070,4473
-2903,10524,-7701,12175,3213,-8915,873,-17971,-1634,5729,5061,4495
-2934,10614,-7758,12274,3226,-8996,732,-18794,-2159,5611,5053,4522
-2964,10715,-7824,12385,3246,-9085,513,-19619,-2693,5498,5048,4557
-2990,10830,-7907,12517,3280,-9181,231,-20451,-3242,5386,5046,4601
-3011,10954,-8003,12663,3326,-9281,-127,-21297,-3808,5272,5049,4650
-3027,11084,-8109,12819,3383,-9382,-568,-22150,-4392,5153,5055,4702
-3044,11211,-8209,12968,3436,-9482,-1053,-23005,-4996,5023,5064,4760
-3064,11333,-8300,13108,3480,-9581,-1588,-23857,-5617,4883,5073,4822
-3085,11453,-8389,13245,3523,-9679,-2188,-24705,-6259,4731,5079,4883
-3100,11567,-8477,13376,3569,-9770,-2834,-25548,-6928,4559,5083,4946
-3121,11659,-8537,13474,3592,-9850,-3490,-26387,-7635,4355,5082,5008
-3153,11727,-8563,13533,3587,-9920,-4144,-27218,-8376,4120,5072,5068
-3190,11780,-8569,13569,3565,-9984,-4800,-28037,-9143,3868,5055,5128
-3223,11828,-8574,13601,3546,-10041,-5466,-28844,-9922,3610,5035,5191
-3245,11881,-8596,13648,3546,-10095,-6148,-29635,-10701,3351,5014,5258
-3255,11939,-8637,13710,3567,-10143,-6808,-30401,-11479,3095,4997,5333
-3262,11996,-8682,13775,3594,-10188,-7442,-31139,-12254,2840,4984,5414
-3265,12051,-8730,13841,3626,-10228,-8061,-31844,-13027,2587,4977,5499
-3262,12103,-8782,13908,3665,-10263,-8668,-32515,-13797,2332,4976,5588
-3255,12141,-8828,13963,3704,-10284,-9252,-33154,-14571,2070,4978,5684
-3245,12166,-8864,14001,3739,-10294,-9811,-33764,-15346,1797,4981,5783
-3230,12183,-8900,14034,3777,-10295,-10378,-34333,-16118,1520,4987,5889
-3211,12190,-8931,14059,3816,-10286,-10934,-34860,-16880,1237,4992,5997
-3193,12188,-8954,14073,3848,-10271,-11482,-35345,-17633,947,4993,6101
-3177,12177,-8967,14074,3872,-10251,-11999,-35778,-18369,658,4998,6205
-3163,12155,-8968,14061,3888,-10224,-12472,-36157,-19075,384,5007,6308
-3144,12134,-8975,14053,3911,-10194,-12914,-36477,-19741,134,5024,6415
-3121,12119,-8994,14057,3943,-10166,-13326,-36732,-20360,-84,5048,6528
-3097,12109,-9019,14068,3980,-10140,-13710,-36927,-20937,-281,5082,6645
-3073,12103,-9046,14084,4017,-10116,-14071,-37079,-21473,-461,5125,6764
-3041,12116,-9102,14132,4079,-10100,-14413,-37196,-21967,-614,5180,6888
-3000,12152,-9188,14215,4166,-10093,-14744,-37284,-22421,-749,5244,7014
-2958,12196,-9283,14311,4259,-10091,-15069,-37340,-22839,-872,5310,7140
-2916,12230,-9368,14392,4343,-10083,-15380,-37363,-23228,-993,5377,7263
-2877,12243,-9428,14444,4409,-10064,-15660,-37352,-23589,-1109,5443,7382
-2845,12244,-9468,14474,4456,-10041,-15928,-37312,-23916,-1212,5506,7497
-2814,12242,-9502,14497,4497,-10017,-16203,-37243,-24204,-1302,5574,7611
-2783,12235,-9528,14513,4532,-9990,-16475,-37151,-24457,-1378,5643,7723
-2754,12220,-9544,14515,4558,-9960,-16735,-37035,-24673,-1437,5715,7837
-2725,12205,-9557,14516,4582,-9929,-16971,-36893,-24848,-1474,5793,7951
-2696,12193,-9572,14521,4607,-9902,-17180,-36715,-24982,-1489,5879,8068
-2667,12177,-9580,14516,4626,-9872,-17347,-36504,-25073,-1483,5973,8190
-2636,12160,-9589,14513,4648,-9841,-17518,-36266,-25125,-1458,6076,8319
-2602,12151,-9607,14520,4677,-9814,-17671,-36001,-25146,-1420,6187,8454
-2567,12153,-9635,14541,4713,-9795,-17812,-35723,-25144,-1375,6297,8590
-2529,12164,-9673,14573,4758,-9780,-17952,-35438,-25123,-1323,6411,8727
-2497,12173,-9704,14601,4795,-9769,-18084,-35151,-25093,-1277,6524,8865
-2470,12180,-9725,14619,4822,-9760,-18214,-34869,-25059,-1240,6634,9005
-2450,12189,-9743,14636,4843,-9758,-18348,-34594,-25022,-1204,6741,9145
-2430,12202,-9764,14658,4867,-9758,-18483,-34318,-24980,-1166,6850,9288
-2417,12201,-9764,14656,4873,-9754,-18605,-34042,-24941,-1135,6955,9427
-2413,12183,-9738,14624,4856,-9744,-18712,-33768,-24902,-1106,7059,9560
-2415,12161,-9703,14584,4829,-9736,-18823,-33492,-24853,-1070,7164,9691
-2415,12142,-9674,14549,4810,-9727,-18940,-33210,-24783,-1022,7276,9823
-2408,12134,-9664,14535,4807,-9722,-19066,-32915,-24686,-955,7391,9951
-2393,12135,-9671,14537,4822,-9717,-19176,-32601,-24566,-875,7506,10074
-2380,12141,-9684,14548,4841,-9716,-19240,-32273,-24420,-784,7615,10185
-2370,12153,-9700,14564,4861,-9720,-19275,-31936,-24248,-682,7720,10288
-2359,12169,-9724,14588,4886,-9727,-19294,-31597,-24057,-576,7816,10381
-2351,12182,-9743,14607,4907,-9731,-19291,-31259,-23855,-476,7901,10462
-2348,12192,-9757,14622,4922,-9737,-19263,-30932,-23651,-386,7971,10527
-2344,12207,-9777,14643,4941,-9745,-19235,-30617,-23448,-307,8032,10578
-2342,12219,-9795,14662,4959,-9751,-19166,-30309,-23244,-241,8081,10618
-2344,12227,-9808,14675,4969,-9755,-19078,-30006,-23035,-189,8117,10639
-2346,12222,-9809,14673,4973,-9751,-18963,-29698,-22821,-149,8140,10647
-2351,12204,-9795,14652,4964,-9739,-18810,-29384,-22599,-111,8151,10640
-2352,12181,-9781,14628,4957,-9720,-18648,-29063,-22366,-75,8149,10622
-2345,12150,-9769,14601,4957,-9690,-18476,-28729,-22123,-45,8134,10590
-2333,12106,-9750,14560,4955,-9647,-18278,-28378,-21871,-18,8111,10545
-2322,12046,-9714,14498,4941,-9594,-18050,-28010,-21605,8,8078,10488
-2303,11989,-9688,14444,4939,-9538,-17818,-27622,-21316,49,8042,10423
-2273,11937,-9679,14405,4954,-9477,-17593,-27212,-21003,98,8001,10347
-2238,11885,-9675,14370,4976,-9414,-17355,-26781,-20674,151,7949,10260
-2205,11821,-9656,14317,4986,-9344,-17103,-26330,-20334,200,7890,10161
-2177,11730,-9605,14224,4972,-9260,-16824,-25858,-19985,236,7819,10047
-2155,11618,-9526,14098,4934,-9165,-16528,-25369,-19628,262,7733,9918
-2132,11493,-9433,13955,4888,-9062,-16222,-24858,-19259,278,7638,9774
-2105,11350,-9324,13788,4834,-8945,-15883,-24322,-18880,281,7531,9618
-2076,11183,-9193,13590,4765,-8810,-15512,-23766,-18498,270,7413,9447
-2044,10999,-9045,13369,4687,-8664,-15122,-23198,-18112,250,7284,9263
-2010,10802,-8884,13131,4602,-8508,-14726,-22615,-17722,223,7146,9073
-1975,10587,-8704,12866,4505,-8339,-14313,-22023,-17328,185,6997,8871
-1935,10357,-8513,12585,4403,-8159,-13917,-21425,-16933,140,6837,8661
-1887,10115,-8316,12291,4303,-7967,-13523,-20817,-16533,94,6672,8445
-1835,9871,-8119,11995,4206,-7771,-13142,-20205,-16125,47,6500,8221
-1778,9625,-7923,11699,4112,-7572,-12788,-19580,-15710,-1,6320,7992
-1720,9365,-7713,11383,4010,-7364,-12439,-18942,-15290,-55,6130,7753
-1661,9091,-7488,11048,3898,-7146,-12094,-18295,-14864,-112,5929,7506
-1605,8815,-7258,10708,3782,-6929,-11765,-17647,-14436,-174,5719,7253
-1544,8534,-7027,10364,3668,-6706,-11450,-16995,-14003,-239,5505,6994
-1488,8229,-6767,9985,3531,-6471,-11128,-16338,-13573,-316,5281,6728
-1443,7899,-6470,9564,3363,-6227,-10790,-15675,-13144,-401,5046,6453
-1404,7554,-6152,9119,3178,-5976,-10448,-15005,-12707,-483,4807,6170
-1359,7203,-5835,8672,2997,-5718,-10113,-14328,-12260,-559,4567,5881
-1303,6855,-5532,8236,2833,-5454,-9795,-13645,-11801,-629,4324,5586
-1238,6508,-5242,7809,2683,-5184,-9482,-12951,-11335,-700,4078,5285
-1171,6161,-4953,7383,2536,-4913,-9159,-12248,-10862,-767,3824,4975
-1103,5813,-4666,6959,2392,-4639,-8837,-11536,-10385,-830,3569,4662
-1032,5467,-4385,6540,2253,-4365,-8506,-10824,-9904,-890,3311,4346
-959,5116,-4103,6117,2114,-4086,-8159,-10111,-9423,-950,3049,4025
-886,4759,-3815,5688,1971,-3802,-7787,-9404,-8945,-1012,2785,3701
-811,4402,-3534,5263,1834,-3517,-7412,-8701,-8472,-1074,2519,3375
-734,4042,-3251,4835,1697,-3226,-7002,-8001,-8003,-1145,2251,3048
-658,3674,-2962,4399,1555,-2930,-6571,-7307,-7542,-1218,1981,2717
-581,3298,-2667,3955,1410,-2628,-6122,-6621,-7094,-1292,1714,2388
-509,2920,-2366,3504,1256,-2327,-5650,-5953,-6656,-1358,1452,2064
-437,2552,-2076,3069,1110,-2032,-5165,-5302,-6227,-1410,1202,1748
-363,2197,-1803,2654,977,-1744,-4670,-4668,-5805,-1447,969,1445
-286,1849,-1540,2250,851,-1458,-4174,-4051,-5396,-1473,749,1153
-215,1510,-1281,1855,724,-1182,-3678,-3453,-4998,-1489,540,872
-140,1199,-1054,1500,621,-921,-3201,-2871,-4601,-1483,347,603
-56,918,-865,1190,549,-674,-2743,-2306,-4208,-1463,168,346
29,659,-701,912,494,-441,-2282,-1761,-3827,-1442,-1,97
108,413,-542,646,438,-220,-1812,-1239,-3464,-1427,-161,-148
179,165,-373,371,370,-3,-1330,-737,-3123,-1420,-314,-385
241,-84,-194,89,289,209,-864,-263,-2802,-1420,-465,-615
299,-328,-14,-190,205,415,-442,187,-2497,-1423,-611,-835
352,-562,162,-461,119,611,-73,613,-2208,-1428,-750,-1047
400,-791,341,-730,29,799,263,1017,-1931,-1430,-881,-1250
442,-1011,517,-993,-65,978,587,1402,-1668,-1430,-1004,-1443
481,-1220,687,-1245,-156,1147,890,1771,-1418,-1428,-1118,-1623
515,-1421,856,-1491,-249,1307,1177,2118,-1182,-1423,-1227,-1795
546,-1608,1017,-1724,-340,1454,1415,2439,-962,-1416,-1331,-1956
576,-1779,1162,-1934,-419,1589,1619,2735,-757,-1409,-1429,-2106
606,-1926,1287,-2117,-487,1708,1784,3002,-564,-1400,-1522,-2246
635,-2054,1392,-2274,-540,1812,1900,3240,-387,-1393,-1609,-2378
662,-2176,1495,-2426,-593,1911,1977,3449,-228,-1394,-1696,-2506
684,-2298,1604,-2582,-653,2005,2020,3632,-88,-1406,-1782,-2630
701,-2409,1706,-2726,-711,2088,2027,3790,36,-1420,-1867,-2746
722,-2507,1793,-2853,-757,2164,2001,3932,146,-1432,-1944,-2852
737,-2613,1892,-2992,-813,2242,1973,4063,239,-1447,-2017,-2949
742,-2729,2012,-3152,-890,2318,1962,4181,318,-1461,-2087,-3038
740,-2845,2138,-3316,-975,2390,1958,4291,389,-1470,-2149,-3119
736,-2948,2254,-3464,-1053,2452,1954,4398,458,-1471,-2203,-3193
738,-3031,2342,-3581,-1109,2504,1934,4506,532,-1460,-2246,-3256
746,-3099,2408,-3672,-1146,2551,1916,4620,603,-1447,-2280,-3308
756,-3160,2465,-3754,-1175,2594,1918,4734,672,-1430,-2308,-3355
768,-3218,2516,-3827,-1199,2636,1931,4844,739,-1411,-2333,-3396
780,-3267,2556,-3888,-1215,2673,1954,4953,802,-1390,-2354,-3433
794,-3320,2596,-3951,-1230,2714,1990,5057,860,-1372,-2371,-3466
805,-3379,2644,-4022,-1251,2758,2040,5152,915,-1361,-2388,-3500
820,-3436,2685,-4088,-1266,2804,2082,5245,969,-1352,-2401,-3528
834,-3494,2726,-4153,-1280,2850,2139,5333,1022,-1350,-2415,-3553
841,-3553,2773,-4223,-1303,2894,2191,5416,1077,-1351,-2428,-3579
843,-3615,2827,-4299,-1334,2938,2247,5507,1129,-1349,-2436,-3601
838,-3679,2889,-4381,-1374,2979,2322,5598,1180,-1348,-2440,-3620
835,-3737,2942,-4453,-1409,3017,2395,5686,1232,-1346,-2442,-3635
837,-3788,2982,-4512,-1431,3056,2462,5774,1281,-1347,-2442,-3647
844,-3842,3019,-4570,-1448,3099,2541,5865,1327,-1352,-2443,-3659
850,-3897,3059,-4632,-1468,3144,2633,5956,1372,-1357,-2448,-3671
864,-3937,3075,-4667,-1467,3183,2709,6045,1427,-1351,-2452,-3681
887,-3954,3060,-4667,-1440,3214,2758,6132,1488,-1340,-2451,-3688
918,-3961,3026,-4648,-1395,3243,2801,6211,1550,-1333,-2452,-3698
949,-3965,2990,-4626,-1350,3271,2853,6283,1606,-1334,-2458,-3711
973,-3976,2970,-4618,-1320,3298,2934,6354,1653,-1347,-2473,-3728
987,-3992,2965,-4624,-1307,3321,3021,6417,1696,-1363,-2495,-3748
999,-4006,2962,-4632,-1298,3342,3098,6478,1736,-1383,-2521,-3769
1010,-4022,2963,-4642,-1291,3364,3177,6535,1775,-1408,-2549,-3792
1019,-4044,2971,-4662,-1292,3388,3270,6592,1807,-1438,-2578,-3818
1027,-4064,2982,-4683,-1295,3411,3366,6652,1836,-1472,-2611,-3846
1035,-4084,2995,-4706,-1300,3432,3447,6716,1862,-1505,-2644,-3873
1038,-4106,3014,-4733,-1313,3451,3530,6778,1888,-1536,-2677,-3904
1039,-4121,3030,-4756,-1324,3465,3579,6839,1916,-1557,-2708,-3935
1044,-4130,3038,-4768,-1329,3476,3614,6901,1945,-1569,-2736,-3963
1051,-4133,3038,-4771,-1326,3483,3639,6961,1976,-1573,-2761,-3990
1061,-4129,3030,-4765,-1317,3489,3649,7017,2009,-1573,-2783,-4016
1068,-4129,3030,-4766,-1314,3494,3667,7069,2038,-1576,-2806,-4043
1071,-4135,3041,-4780,-1321,3500,3690,7113,2065,-1588,-2833,-4075
1072,-4144,3056,-4798,-1333,3506,3705,7144,2093,-1601,-2865,-4109
1075,-4155,3072,-4817,-1343,3515,3708,7165,2121,-1614,-2899,-4142
1071,-4182,3112,-4864,-1374,3529,3724,7181,2139,-1638,-2936,-4175
1055,-4229,3183,-4945,-1433,3549,3754,7194,2148,-1664,-2978,-4210
1036,-4289,3271,-5045,-1506,3575,3786,7206,2153,-1686,-3020,-4248
1021,-4350,3355,-5143,-1572,3603,3811,7217,2159,-1698,-3059,-4284
1013,-4397,3418,-5217,-1620,3627,3800,7224,2171,-1701,-3091,-4317
1014,-4434,3461,-5272,-1648,3649,3770,7235,2187,-1697,-3111,-4345
1015,-4470,3501,-5323,-1674,3671,3744,7247,2204,-1688,-3125,-4370
1014,-4498,3535,-5366,-1697,3686,3696,7262,2224,-1676,-3135,-4390
1014,-4515,3555,-5391,-1709,3692,3626,7279,2246,-1659,-3141,-4404
1019,-4528,3567,-5408,-1712,3701,3554,7296,2268,-1646,-3141,-4415
1027,-4546,3577,-5427,-1712,3714,3505,7312,2290,-1631,-3140,-4426
1038,-4562,3582,-5441,-1706,3728,3456,7333,2311,-1613,-3137,-4434
1052,-4580,3584,-5454,-1696,3744,3434,7361,2331,-1598,-3133,-4442
1062,-4601,3592,-5472,-1691,3761,3434,7394,2350,-1590,-3132,-4451
1069,-4628,3608,-5500,-1694,3781,3480,7438,2367,-1584,-3128,-4458
1072,-4662,3633,-5539,-1707,3801,3575,7487,2386,-1575,-3122,-4462
1076,-4689,3650,-5566,-1713,3819,3675,7540,2410,-1559,-3112,-4461
1083,-4707,3653,-5579,-1708,3834,3772,7600,2441,-1534,-3096,-4454
1091,-4727,3658,-5594,-1703,3851,3884,7665,2474,-1509,-3077,-4441
1096,-4752,3669,-5616,-1705,3871,4004,7729,2507,-1488,-3060,-4427
1108,-4763,3659,-5614,-1688,3885,4088,7789,2544,-1463,-3042,-4412
1128,-4753,3619,-5579,-1645,3892,4144,7842,2587,-1434,-3025,-4397
1153,-4734,3565,-5527,-1590,3896,4196,7886,2629,-1411,-3007,-4386
1177,-4717,3515,-5480,-1540,3903,4260,7925,2664,-1399,-2991,-4379
1194,-4711,3483,-5452,-1506,3912,4336,7961,2689,-1396,-2979,-4377
1202,-4710,3466,-5439,-1489,3919,4407,7992,2707,-1401,-2973,-4382
1207,-4711,3455,-5430,-1478,3925,4460,8022,2720,-1411,-2971,-4392
1207,-4713,3450,-5426,-1475,3930,4499,8050,2732,-1420,-2970,-4404
1203,-4719,3455,-5433,-1483,3935,4523,8077,2741,-1432,-2972,-4416
1198,-4726,3462,-5441,-1492,3940,4526,8102,2750,-1445,-2977,-4427
1195,-4733,3469,-5449,-1500,3946,4502,8134,2760,-1456,-2980,-4434
1192,-4741,3480,-5462,-1511,3953,4486,8168,2773,-1464,-2983,-4441
1189,-4745,3486,-5469,-1520,3958,4437,8202,2787,-1463,-2984,-4449
1193,-4744,3483,-5466,-1519,3962,4381,8238,2800,-1457,-2986,-4452
1199,-4737,3473,-5456,-1512,3964,4333,8270,2817,-1450,-2991,-4455
1209,-4725,3456,-5437,-1496,3966,4280,8301,2835,-1442,-3000,-4459
1216,-4716,3445,-5425,-1487,3966,4240,8332,2850,-1438,-3014,-4465
1221,-4713,3445,-5426,-1487,3969,4213,8358,2864,-1438,-3032,-4474
1224,-4711,3448,-5429,-1490,3971,4190,8380,2878,-1442,-3053,-4487
1232,-4710,3448,-5430,-1488,3975,4171,8402,2891,-1452,-3075,-4501
1232,-4724,3472,-5458,-1507,3985,4202,8426,2894,-1474,-3098,-4515
1221,-4758,3526,-5520,-1552,4000,4293,8450,2889,-1505,-3127,-4531
1206,-4804,3597,-5600,-1613,4019,4409,8474,2883,-1535,-3154,-4544
1189,-4847,3667,-5678,-1672,4035,4535,8499,2884,-1556,-3178,-4556
1177,-4878,3717,-5735,-1715,4046,4646,8525,2892,-1565,-3197,-4565
1172,-4897,3750,-5771,-1740,4053,4755,8555,2907,-1562,-3208,-4569
1169,-4911,3775,-5799,-1759,4058,4888,8589,2924,-1553,-3214,-4570
1167,-4919,3791,-5817,-1771,4059,5020,8627,2944,-1536,-3214,-4569
1169,-4920,3796,-5822,-1771,4057,5145,8665,2969,-1512,-3211,-4565
1173,-4921,3796,-5823,-1767,4057,5256,8708,2997,-1487,-3203,-4558
1177,-4923,3797,-5826,-1763,4057,5357,8748,3025,-1462,-3193,-4550
1182,-4920,3791,-5820,-1754,4054,5408,8791,3059,-1433,-3179,-4539
1187,-4916,3782,-5811,-1741,4051,5445,8835,3097,-1406,-3164,-4531
1189,-4913,3777,-5804,-1733,4047,5457,8878,3136,-1382,-3148,-4526
1190,-4919,3779,-5808,-1730,4050,5458,8924,3174,-1362,-3133,-4520
1188,-4932,3790,-5823,-1735,4055,5464,8969,3212,-1345,-3117,-4513
1186,-4941,3796,-5831,-1736,4058,5435,9011,3254,-1324,-3097,-4503
1186,-4941,3791,-5826,-1729,4058,5385,9053,3302,-1294,-3069,-4493
1191,-4942,3781,-5818,-1716,4062,5346,9097,3350,-1263,-3039,-4480
1195,-4947,3775,-5815,-1707,4068,5317,9140,3396,-1228,-3008,-4466
1205,-4934,3744,-5783,-1677,4067,5248,9180,3452,-1182,-2974,-4447
1225,-4900,3682,-5717,-1620,4059,5131,9216,3509,-1134,-2942,-4429
1247,-4855,3607,-5635,-1553,4046,4997,9250,3562,-1089,-2912,-4414
1266,-4816,3541,-5562,-1494,4036,4864,9285,3607,-1053,-2887,-4405
1278,-4790,3496,-5513,-1456,4029,4759,9322,3643,-1030,-2869,-4401
1280,-4773,3469,-5481,-1435,4023,4682,9356,3674,-1019,-2860,-4404
1281,-4759,3447,-5455,-1420,4017,4612,9390,3702,-1014,-2855,-4409
1284,-4749,3429,-5434,-1407,4016,4548,9423,3731,-1012,-2853,-4417
1284,-4748,3423,-5428,-1403,4020,4490,9461,3761,-1014,-2854,-4428
1281,-4745,3419,-5422,-1404,4018,4425,9503,3792,-1015,-2852,-4437
1275,-4734,3411,-5409,-1405,4011,4350,9549,3823,-1014,-2850,-4443
1268,-4725,3407,-5400,-1410,4003,4319,9596,3854,-1011,-2849,-4447
1259,-4712,3403,-5388,-1415,3992,4309,9641,3886,-1002,-2846,-4449
1253,-4692,3390,-5367,-1414,3976,4324,9687,3918,-987,-2841,-4445
1249,-4663,3366,-5333,-1404,3956,4350,9731,3953,-964,-2831,-4438
1249,-4629,3336,-5291,-1387,3934,4369,9770,3989,-941,-2819,-4431
1246,-4598,3311,-5257,-1376,3912,4394,9806,4020,-925,-2809,-4427
1242,-4575,3297,-5234,-1372,3895,4427,9842,4047,-913,-2802,-4427
1239,-4552,3283,-5213,-1368,3877,4457,9873,4074,-904,-2797,-4430
1240,-4529,3264,-5188,-1358,3862,4486,9904,4101,-897,-2789,-4435
1237,-4522,3266,-5187,-1364,3854,4540,9933,4116,-903,-2784,-4441
1220,-4530,3298,-5217,-1399,3847,4621,9962,4126,-915,-2785,-4449
1196,-4545,3344,-5260,-1448,3840,4706,9997,4138,-916,-2787,-4457
1174,-4560,3386,-5300,-1492,3834,4785,10035,4156,-905,-2786,-4459
1162,-4565,3410,-5322,-1518,3827,4848,10074,4179,-885,-2782,-4458
1159,-4562,3415,-5325,-1524,3821,4916,10117,4205,-861,-2777,-4452
1158,-4556,3416,-5324,-1526,3815,5007,10162,4234,-832,-2769,-4444
1160,-4550,3412,-5319,-1522,3810,5111,10213,4266,-797,-2757,-4431
1166,-4540,3401,-5305,-1510,3805,5224,10270,4302,-759,-2743,-4413
1173,-4531,3388,-5292,-1496,3802,5338,10330,4340,-725,-2728,-4393
1180,-4526,3379,-5282,-1484,3800,5439,10390,4378,-691,-2716,-4372
1187,-4520,3367,-5270,-1470,3799,5499,10455,4419,-651,-2702,-4347
1197,-4518,3355,-5261,-1453,3803,5555,10523,4462,-617,-2688,-4324
1206,-4522,3350,-5259,-1441,3810,5598,10589,4505,-587,-2676,-4306
1212,-4533,3354,-5268,-1437,3820,5640,10655,4545,-565,-2663,-4289
1215,-4551,3366,-5287,-1440,3832,5697,10722,4588,-542,-2649,-4273
1222,-4566,3371,-5299,-1436,3846,5741,10791,4636,-513,-2630,-4254
1234,-4575,3364,-5298,-1420,3859,5771,10866,4686,-478,-2606,-4229
1251,-4582,3350,-5291,-1396,3874,5817,10947,4738,-444,-2580,-4202
1265,-4592,3341,-5289,-1377,3889,5877,11030,4792,-408,-2554,-4172
1286,-4591,3314,-5269,-1343,3902,5884,11112,4854,-357,-2522,-4139
1314,-4571,3261,-5219,-1286,3908,5827,11190,4922,-298,-2485,-4105
1343,-4537,3193,-5150,-1220,3904,5743,11263,4988,-242,-2449,-4075
1367,-4503,3129,-5083,-1159,3898,5677,11333,5049,-198,-2415,-4049
1383,-4482,3087,-5041,-1119,3894,5670,11401,5103,-164,-2390,-4026
1388,-4471,3067,-5020,-1101,3892,5681,11465,5155,-137,-2369,-4009
1389,-4459,3050,-5001,-1089,3886,5664,11528,5204,-115,-2349,-3993
1388,-4448,3037,-4985,-1080,3879,5633,11585,5253,-98,-2332,-3979
1386,-4442,3031,-4978,-1078,3876,5592,11637,5300,-85,-2317,-3968
1384,-4438,3026,-4973,-1077,3874,5542,11682,5341,-75,-2303,-3962
1381,-4429,3019,-4964,-1075,3868,5477,11727,5379,-67,-2290,-3959
1375,-4418,3014,-4955,-1078,3860,5422,11768,5413,-64,-2283,-3960
1368,-4406,3009,-4946,-1080,3850,5344,11803,5443,-60,-2279,-3962
1365,-4388,2996,-4927,-1076,3838,5259,11834,5471,-57,-2277,-3964
1363,-4361,2973,-4895,-1065,3821,5150,11857,5499,-49,-2276,-3967
1364,-4324,2939,-4849,-1044,3799,5019,11883,5531,-35,-2273,-3964
1364,-4290,2908,-4807,-1026,3779,4936,11912,5564,-20,-2269,-3957
1362,-4261,2886,-4775,-1017,3760,4916,11938,5598,-6,-2264,-3952
1358,-4232,2865,-4743,-1009,3739,4940,11959,5633,8,-2262,-3949
1356,-4199,2840,-4706,-997,3717,4997,11980,5670,20,-2258,-3946
1347,-4182,2836,-4692,-1003,3701,5124,11997,5700,25,-2256,-3945
1329,-4186,2863,-4713,-1037,3692,5337,12012,5721,23,-2257,-3947
1305,-4199,2905,-4750,-1084,3685,5603,12024,5738,27,-2255,-3949
1281,-4209,2944,-4783,-1129,3675,5897,12033,5756,38,-2250,-3949
1263,-4209,2965,-4797,-1157,3663,6171,12037,5779,57,-2239,-3947
1255,-4203,2972,-4797,-1169,3653,6429,12042,5802,87,-2219,-3936
1247,-4194,2974,-4792,-1177,3641,6701,12044,5821,121,-2197,-3924
1241,-4184,2973,-4783,-1181,3628,6949,12039,5835,149,-2177,-3912
1235,-4168,2966,-4766,-1180,3611,7146,12026,5846,171,-2161,-3901
1230,-4155,2960,-4752,-1179,3596,7287,12008,5853,188,-2146,-3890
1225,-4147,2957,-4744,-1179,3585,7381,11979,5854,199,-2138,-3881
1224,-4138,2949,-4731,-1173,3575,7398,11940,5854,208,-2130,-3873
1229,-4134,2941,-4720,-1162,3571,7396,11890,5852,203,-2127,-3868
1233,-4138,2940,-4721,-1156,3574,7365,11828,5844,189,-2128,-3868
1236,-4153,2950,-4736,-1158,3582,7300,11761,5829,171,-2129,-3867
1239,-4174,2966,-4759,-1164,3594,7217,11689,5809,154,-2129,-3868
1243,-4191,2976,-4775,-1164,3605,7072,11619,5793,144,-2125,-3868
1252,-4203,2976,-4781,-1154,3616,6857,11554,5780,140,-2118,-3865
1262,-4216,2975,-4789,-1144,3629,6609,11497,5768,139,-2109,-3860
1270,-4234,2981,-4803,-1139,3643,6354,11451,5758,146,-2097,-3852
1285,-4237,2965,-4794,-1114,3653,6042,11415,5757,167,-2081,-3838
1309,-4221,2921,-4752,-1065,3656,5662,11388,5765,194,-2060,-3819
1335,-4191,2861,-4693,-1005,3653,5256,11365,5774,217,-2040,-3801
1358,-4162,2803,-4635,-947,3649,4852,11345,5781,231,-2021,-3785
1374,-4143,2763,-4595,-907,3646,4482,11330,5783,236,-2006,-3772
1382,-4134,2743,-4576,-886,3646,4135,11317,5783,239,-1995,-3764
1387,-4129,2728,-4565,-871,3648,3775,11308,5783,245,-1983,-3755
1390,-4125,2718,-4556,-860,3650,3435,11301,5782,251,-1973,-3746
1390,-4125,2715,-4556,-857,3654,3129,11298,5779,257,-1965,-3737
1388,-4126,2714,-4557,-858,3657,2863,11298,5777,270,-1954,-3727
1387,-4125,2713,-4557,-858,3660,2642,11304,5777,286,-1942,-3713
1382,-4125,2716,-4561,-863,3663,2512,11310,5781,299,-1928,-3696
1377,-4123,2719,-4564,-871,3662,2426,11318,5789,320,-1911,-3674
1373,-4116,2715,-4559,-873,3661,2386,11332,5801,347,-1890,-3648
1372,-4100,2702,-4542,-868,3654,2385,11347,5817,376,-1866,-3619
1374,-4077,2679,-4513,-855,3644,2392,11366,5831,405,-1843,-3591
1377,-4060,2660,-4491,-843,3639,2441,11386,5840,425,-1824,-3566
1379,-4051,2653,-4482,-842,3638,2542,11401,5849,435,-1810,-3546
1380,-4048,2652,-4480,-844,3640,2668,11408,5859,440,-1801,-3532
1389,-4049,2647,-4479,-840,3649,2805,11414,5868,440,-1793,-3519
1394,-4069,2667,-4507,-854,3667,2985,11422,5871,426,-1791,-3512
1390,-4115,2721,-4574,-897,3696,3214,11434,5867,406,-1792,-3507
1382,-4173,2791,-4659,-953,3731,3465,11454,5863,388,-1795,-3507
1376,-4230,2857,-4741,-1004,3765,3720,11481,5870,382,-1796,-3508
1377,-4274,2903,-4800,-1038,3793,3947,11514,5887,388,-1794,-3505
1387,-4306,2928,-4839,-1051,3820,4156,11557,5908,402,-1787,-3495
1399,-4333,2945,-4867,-1057,3844,4372,11605,5933,427,-1774,-3482
1412,-4353,2954,-4885,-1055,3863,4576,11659,5961,459,-1756,-3465
1423,-4361,2950,-4887,-1046,3873,4757,11715,5992,494,-1735,-3448
1434,-4365,2943,-4884,-1034,3879,4914,11771,6022,527,-1714,-3430
1442,-4369,2937,-4881,-1024,3883,5048,11821,6053,557,-1693,-3414
1454,-4368,2923,-4869,-1005,3886,5129,11873,6084,591,-1673,-3398
1469,-4367,2906,-4856,-982,3892,5195,11923,6114,618,-1657,-3382
1478,-4370,2897,-4850,-966,3896,5227,11971,6145,635,-1644,-3370
1484,-4382,2900,-4857,-961,3904,5238,12019,6172,643,-1632,-3358
1488,-4401,2911,-4875,-962,3917,5257,12065,6195,652,-1621,-3347
1493,-4415,2917,-4885,-957,3928,5259,12107,6221,665,-1608,-3336
1500,-4423,2916,-4888,-947,3937,5238,12150,6251,685,-1590,-3321
1506,-4433,2916,-4892,-939,3946,5216,12195,6281,708,-1570,-3303
1509,-4447,2925,-4904,-938,3957,5203,12239,6313,733,-1549,-3284
1517,-4445,2912,-4893,-920,3961,5152,12285,6356,771,-1523,-3264
1537,-4426,2871,-4851,-875,3962,5055,12331,6404,814,-1495,-3242
1561,-4399,2819,-4796,-821,3960,4932,12374,6450,854,-1471,-3225
1583,-4378,2776,-4753,-775,3962,4797,12415,6489,883,-1452,-3215
1599,-4375,2757,-4737,-750,3971,4681,12454,6517,894,-1441,-3213
1602,-4384,2762,-4746,-749,3980,4570,12487,6541,898,-1436,-3219
1601,-4394,2776,-4762,-759,3988,4442,12520,6562,895,-1436,-3228
1598,-4411,2797,-4788,-776,3999,4323,12553,6584,890,-1438,-3237
1593,-4436,2829,-4827,-801,4014,4227,12585,6602,884,-1442,-3248
1586,-4463,2865,-4870,-832,4028,4161,12614,6618,875,-1446,-3261
1576,-4486,2901,-4911,-864,4039,4115,12641,6632,860,-1451,-3276
1565,-4513,2943,-4960,-903,4051,4118,12664,6646,845,-1459,-3295
1553,-4538,2982,-5005,-941,4061,4126,12682,6656,837,-1467,-3314
1549,-4559,3011,-5041,-968,4072,4146,12702,6667,834,-1474,-3328
1551,-4577,3030,-5069,-985,4086,4161,12720,6679,834,-1483,-3345
1558,-4591,3041,-5089,-992,4100,4155,12738,6692,834,-1489,-3360
1564,-4610,3058,-5117,-1005,4116,4157,12753,6700,823,-1499,-3376
1566,-4637,3086,-5157,-1026,4134,4172,12763,6704,802,-1515,-3396
1568,-4663,3113,-5195,-1048,4151,4177,12765,6707,779,-1534,-3418
1574,-4686,3133,-5227,-1061,4169,4173,12769,6713,761,-1552,-3437
1576,-4723,3170,-5279,-1089,4194,4198,12776,6712,738,-1572,-3460
1566,-4780,3240,-5367,-1145,4224,4268,12790,6706,708,-1597,-3488
1548,-4851,3330,-5476,-1220,4259,4365,12813,6701,678,-1621,-3516
1529,-4923,3421,-5586,-1294,4294,4473,12842,6701,655,-1643,-3545
1517,-4984,3495,-5679,-1352,4326,4572,12872,6706,640,-1663,-3573
1512,-5042,3557,-5759,-1397,4361,4663,12907,6709,629,-1684,-3598
1509,-5105,3622,-5845,-1441,4401,4767,12945,6708,614,-1710,-3629
1506,-5171,3689,-5935,-1486,4443,4864,12983,6706,596,-1738,-3663
1505,-5230,3748,-6012,-1524,4481,4944,13022,6704,574,-1767,-3699
1507,-5288,3800,-6085,-1555,4520,5018,13063,6700,550,-1794,-3737
1512,-5349,3853,-6160,-1583,4563,5109,13104,6697,528,-1821,-3775
1517,-5406,3902,-6228,-1608,4604,5175,13145,6697,511,-1846,-3810
1524,-5463,3948,-6295,-1630,4647,5253,13184,6699,490,-1871,-3844
1529,-5522,3998,-6365,-1655,4690,5325,13217,6704,467,-1898,-3879
1533,-5588,4056,-6445,-1686,4737,5387,13252,6707,441,-1926,-3910
1534,-5662,4125,-6537,-1726,4787,5454,13286,6708,421,-1955,-3943
1535,-5729,4187,-6620,-1762,4834,5485,13319,6714,409,-1982,-3975
1542,-5790,4238,-6691,-1787,4880,5473,13354,6724,402,-2007,-4002
1554,-5853,4285,-6761,-1807,4930,5458,13396,6735,398,-2027,-4024
1563,-5918,4338,-6836,-1832,4980,5472,13439,6748,395,-2049,-4044
1579,-5965,4366,-6882,-1836,5023,5494,13479,6770,399,-2067,-4062
1605,-5989,4362,-6893,-1814,5058,5500,13514,6794,408,-2082,-4079
1636,-6000,4340,-6882,-1776,5088,5484,13544,6813,413,-2099,-4096
1665,-6006,4314,-6866,-1737,5113,5459,13573,6829,409,-2116,-4115
1689,-6015,4298,-6859,-1710,5137,5450,13608,6844,397,-2132,-4135
1704,-6020,4287,-6853,-1692,5153,5445,13645,6860,385,-2146,-4158
1718,-6021,4273,-6843,-1674,5166,5422,13687,6878,378,-2159,-4178
1732,-6023,4261,-6836,-1658,5180,5407,13733,6899,374,-2172,-4194
1745,-6033,4258,-6840,-1649,5198,5407,13779,6916,371,-2186,-4211
1753,-6043,4260,-6848,-1648,5214,5403,13823,6931,369,-2202,-4229
1759,-6053,4265,-6858,-1649,5229,5386,13870,6945,364,-2219,-4249
1764,-6068,4277,-6877,-1658,5245,5396,13914,6957,355,-2236,-4274
1768,-6081,4288,-6894,-1667,5260,5402,13957,6971,352,-2250,-4301
1772,-6086,4292,-6901,-1671,5268,5420,14002,6988,361,-2260,-4325
1775,-6081,4287,-6897,-1670,5270,5444,14044,7009,379,-2268,-4346
1780,-6070,4275,-6885,-1664,5267,5450,14084,7034,401,-2273,-4365
1783,-6065,4270,-6881,-1664,5267,5459,14121,7057,416,-2280,-4383
1781,-6064,4275,-6886,-1672,5266,5469,14148,7079,427,-2284,-4403
1780,-6062,4278,-6890,-1680,5264,5469,14166,7101,432,-2289,-4423
1780,-6056,4277,-6889,-1684,5259,5465,14181,7122,434,-2292,-4442
1773,-6066,4298,-6912,-1706,5260,5485,14196,7135,430,-2297,-4459
1756,-6091,4344,-6963,-1753,5263,5535,14207,7140,422,-2308,-4478
1735,-6123,4402,-7026,-1809,5268,5597,14217,7143,410,-2320,-4497
1714,-6152,4456,-7084,-1861,5271,5650,14225,7148,402,-2330,-4514
1699,-6167,4490,-7120,-1897,5268,5674,14226,7160,405,-2336,-4529
1692,-6173,4507,-7137,-1914,5263,5669,14224,7175,415,-2336,-4540
1687,-6176,4519,-7148,-1926,5257,5652,14217,7191,426,-2332,-4548
1686,-6181,4529,-7159,-1935,5254,5614,14211,7207,441,-2325,-4554
1687,-6185,4535,-7167,-1937,5253,5564,14206,7226,459,-2316,-4557
1688,-6188,4540,-7173,-1939,5250,5513,14205,7246,474,-2309,-4558
1687,-6193,4547,-7180,-1942,5247,5480,14206,7265,488,-2302,-4559
1690,-6197,4549,-7185,-1940,5247,5434,14216,7285,501,-2295,-4558
1695,-6203,4550,-7187,-1933,5249,5411,14233,7304,510,-2287,-4553
1697,-6209,4554,-7193,-1931,5250,5396,14253,7323,514,-2278,-4552
1696,-6221,4565,-7207,-1935,5253,5398,14283,7340,515,-2269,-4547
1692,-6241,4586,-7233,-1947,5260,5433,14320,7360,519,-2258,-4538
1691,-6258,4601,-7251,-1953,5268,5476,14364,7386,532,-2244,-4526
1695,-6267,4603,-7256,-1947,5274,5524,14417,7418,552,-2225,-4512
1702,-6277,4601,-7258,-1936,5284,5591,14478,7451,578,-2202,-4493
1707,-6288,4602,-7264,-1928,5295,5682,14541,7486,608,-2181,-4471
1717,-6286,4585,-7248,-1906,5300,5775,14600,7527,651,-2157,-4448
1733,-6265,4542,-7202,-1861,5298,5857,14652,7569,693,-2136,-4427
1752,-6237,4488,-7144,-1808,5293,5939,14697,7608,728,-2115,-4411
1768,-6214,4442,-7095,-1762,5291,6027,14734,7640,753,-2098,-4400
1777,-6204,4416,-7068,-1735,5293,6133,14765,7662,767,-2085,-4393
1775,-6202,4410,-7060,-1730,5293,6246,14784,7680,772,-2078,-4391
1769,-6202,4410,-7057,-1731,5292,6352,14797,7694,776,-2075,-4391
1762,-6206,4415,-7062,-1738,5294,6458,14802,7705,772,-2080,-4391
1753,-6219,4432,-7080,-1753,5301,6554,14802,7710,764,-2087,-4393
1741,-6231,4452,-7100,-1773,5306,6626,14796,7712,756,-2096,-4397
1728,-6234,4465,-7110,-1791,5305,6664,14790,7712,746,-2103,-4402
1712,-6236,4480,-7121,-1812,5300,6695,14781,7714,735,-2109,-4409
1697,-6233,4492,-7127,-1832,5292,6693,14772,7717,731,-2113,-4416
1686,-6225,4495,-7124,-1843,5284,6675,14770,7723,739,-2112,-4418
1678,-6208,4488,-7110,-1847,5270,6642,14766,7732,756,-2108,-4419
1674,-6182,4469,-7081,-1839,5253,6573,14761,7739,773,-2106,-4418
1671,-6156,4450,-7053,-1833,5236,6480,14758,7742,782,-2106,-4417
1663,-6132,4439,-7031,-1834,5216,6376,14758,7744,785,-2108,-4416
1654,-6104,4424,-7006,-1835,5193,6255,14757,7749,785,-2113,-4418
1648,-6068,4401,-6969,-1827,5166,6118,14757,7757,785,-2115,-4420
1638,-6044,4394,-6952,-1834,5144,5994,14763,7761,776,-2119,-4423
1622,-6041,4414,-6966,-1862,5130,5903,14774,7765,763,-2125,-4426
1600,-6044,4446,-6992,-1902,5118,5832,14787,7769,758,-2130,-4426
1579,-6044,4474,-7014,-1939,5103,5770,14799,7779,764,-2129,-4421
1565,-6033,4483,-7015,-1958,5085,5697,14806,7797,782,-2120,-4414
1560,-6014,4475,-7000,-1960,5067,5623,14815,7820,806,-2106,-4401
1557,-5995,4465,-6982,-1957,5050,5569,14820,7842,833,-2093,-4388
1555,-5975,4450,-6961,-1951,5033,5524,14823,7862,861,-2082,-4378
1555,-5950,4429,-6931,-1939,5013,5485,14823,7882,887,-2069,-4367
1555,-5927,4407,-6902,-1925,4995,5454,14823,7902,906,-2057,-4356
1554,-5907,4390,-6877,-1915,4977,5433,14818,7922,921,-2049,-4349
1555,-5886,4368,-6848,-1898,4960,5410,14813,7942,938,-2041,-4341
1557,-5864,4343,-6816,-1879,4944,5413,14807,7958,950,-2032,-4335
1556,-5846,4323,-6789,-1865,4928,5429,14796,7972,961,-2022,-4331
1554,-5834,4309,-6771,-1854,4916,5467,14787,7982,967,-2013,-4327
1548,-5830,4307,-6764,-1854,4907,5548,14776,7991,971,-2006,-4323
1543,-5825,4301,-6755,-1850,4898,5644,14761,8002,977,-2000,-4318
1541,-5815,4287,-6736,-1838,4888,5746,14745,8014,987,-1992,-4308
1542,-5806,4272,-6718,-1823,4882,5863,14734,8026,996,-1980,-4294
1541,-5803,4264,-6708,-1815,4877,5998,14721,8036,1005,-1971,-4281
1544,-5787,4240,-6680,-1793,4868,6129,14704,8052,1028,-1960,-4265
1556,-5753,4188,-6620,-1747,4853,6249,14685,8072,1054,-1946,-4251
1572,-5706,4121,-6543,-1688,4832,6368,14663,8086,1077,-1934,-4238
1585,-5660,4057,-6468,-1634,4809,6488,14639,8090,1093,-1924,-4227
1594,-5628,4013,-6417,-1597,4794,6619,14613,8084,1098,-1917,-4217
1593,-5604,3988,-6384,-1578,4778,6751,14580,8073,1094,-1913,-4212
1589,-5580,3965,-6352,-1565,4759,6873,14538,8060,1086,-1911,-4211
1583,-5557,3947,-6326,-1556,4741,6991,14491,8047,1079,-1909,-4207
1573,-5542,3942,-6313,-1560,4727,7097,14442,8033,1072,-1907,-4201
1560,-5528,3941,-6303,-1568,4711,7185,14389,8020,1064,-1903,-4195
1547,-5507,3934,-6286,-1573,4691,7249,14337,8006,1056,-1898,-4186
1533,-5488,3929,-6272,-1580,4672,7311,14283,7993,1048,-1893,-4179
1518,-5463,3921,-6252,-1587,4649,7338,14225,7984,1047,-1885,-4170
1504,-5430,3905,-6221,-1588,4620,7346,14166,7975,1053,-1873,-4157
1489,-5383,3876,-6173,-1582,4582,7335,14102,7969,1067,-1858,-4142
1479,-5328,3834,-6110,-1564,4542,7282,14037,7959,1084,-1841,-4124
1471,-5277,3793,-6052,-1545,4506,7202,13965,7941,1091,-1828,-4108
1460,-5231,3763,-6003,-1536,4471,7101,13886,7918,1088,-1819,-4094
1444,-5183,3734,-5954,-1531,4431,6971,13803,7892,1083,-1815,-4083
1430,-5132,3700,-5899,-1521,4390,6816,13718,7864,1080,-1811,-4071
1411,-5095,3686,-5867,-1527,4354,6668,13631,7826,1067,-1813,-4061
1382,-5080,3703,-5869,-1561,4326,6537,13541,7780,1051,-1818,-4052
1348,-5076,3736,-5890,-1608,4302,6412,13454,7732,1035,-1826,-4044
1314,-5069,3766,-5905,-1653,4277,6296,13368,7684,1023,-1831,-4035
1286,-5051,3779,-5902,-1682,4247,6181,13280,7645,1018,-1831,-4023
1266,-5026,3778,-5884,-1695,4217,6073,13196,7610,1021,-1825,-4006
1248,-5000,3772,-5862,-1703,4188,5987,13112,7573,1029,-1817,-3990
1234,-4974,3762,-5837,-1705,4161,5913,13028,7536,1038,-1808,-3976
1223,-4945,3745,-5805,-1700,4133,5845,12943,7498,1044,-1800,-3961
1211,-4919,3731,-5777,-1697,4107,5786,12859,7458,1049,-1793,-3941
1199,-4897,3722,-5754,-1697,4083,5745,12771,7415,1052,-1788,-3919
1189,-4871,3706,-5724,-1690,4056,5700,12682,7372,1053,-1781,-3896
1182,-4844,3684,-5690,-1678,4032,5678,12593,7329,1049,-1774,-3873
1176,-4820,3664,-5659,-1666,4009,5669,12501,7284,1044,-1767,-3853
1169,-4799,3649,-5633,-1657,3988,5680,12410,7237,1036,-1757,-3830
1158,-4778,3636,-5609,-1652,3964,5721,12313,7191,1032,-1745,-3804
1148,-4750,3613,-5573,-1641,3936,5765,12215,7148,1036,-1729,-3778
1142,-4713,3579,-5524,-1618,3905,5801,12115,7105,1041,-1711,-3751
1139,-4678,3543,-5475,-1594,3877,5842,12014,7059,1041,-1694,-3724
1131,-4644,3514,-5432,-1577,3847,5896,11908,7009,1040,-1679,-3698
1127,-4598,3467,-5369,-1545,3812,5943,11792,6961,1045,-1664,-3669
1132,-4534,3393,-5277,-1490,3771,5971,11667,6913,1056,-1647,-3639
1141,-4464,3308,-5172,-1426,3729,5988,11539,6863,1069,-1630,-3609
1146,-4396,3231,-5075,-1369,3686,6005,11406,6807,1072,-1616,-3584
1142,-4339,3173,-4998,-1332,3646,6044,11269,6741,1064,-1608,-3563
1130,-4292,3134,-4940,-1313,3606,6097,11123,6668,1051,-1606,-3547
1116,-4249,3100,-4889,-1300,3570,6146,10975,6592,1036,-1603,-3532
1102,-4208,3072,-4843,-1291,3535,6189,10824,6515,1021,-1600,-3516
1085,-4169,3047,-4800,-1286,3499,6210,10671,6437,1004,-1597,-3501
1069,-4130,3023,-4759,-1283,3465,6211,10519,6360,992,-1593,-3486
1055,-4086,2994,-4711,-1275,3428,6191,10370,6280,978,-1589,-3470
1037,-4040,2967,-4663,-1272,3387,6172,10221,6199,961,-1584,-3458
1015,-3988,2939,-4611,-1271,3340,6122,10075,6119,950,-1579,-3447
997,-3933,2906,-4554,-1265,3293,6059,9932,6040,946,-1571,-3433
981,-3874,2867,-4490,-1253,3245,5976,9787,5962,944,-1562,-3419
968,-3805,2817,-4412,-1232,3191,5859,9639,5885,941,-1550,-3403
954,-3742,2774,-4342,-1217,3139,5738,9491,5803,930,-1541,-3390
937,-3685,2741,-4285,-1210,3090,5627,9341,5718,914,-1536,-3380
917,-3626,2709,-4226,-1205,3038,5506,9186,5632,889,-1535,-3374
901,-3563,2669,-4159,-1193,2984,5371,9030,5543,859,-1535,-3370
878,-3514,2649,-4114,-1197,2936,5256,8874,5446,820,-1540,-3366
845,-3487,2662,-4107,-1232,2895,5165,8717,5341,775,-1548,-3365
807,-3472,2692,-4117,-1279,2859,5085,8559,5235,732,-1559,-3365
771,-3457,2717,-4125,-1321,2825,5003,8400,5130,696,-1569,-3362
743,-3428,2721,-4110,-1345,2786,4915,8240,5033,667,-1575,-3356
724,-3391,2708,-4076,-1349,2748,4836,8088,4940,650,-1574,-3339
707,-3353,2689,-4038,-1348,2710,4780,7937,4848,640,-1568,-3319
691,-3310,2664,-3993,-1341,2670,4723,7789,4757,636,-1560,-3299
678,-3260,2628,-3935,-1326,2626,4661,7643,4668,636,-1550,-3277
667,-3211,2590,-3876,-1307,2584,4602,7499,4579,633,-1540,-3255
657,-3167,2555,-3823,-1289,2546,4550,7352,4489,627,-1530,-3234
649,-3118,2511,-3760,-1262,2506,4492,7206,4396,620,-1521,-3213
641,-3066,2463,-3693,-1233,2465,4458,7060,4303,608,-1513,-3189
629,-3016,2423,-3632,-1212,2421,4429,6912,4208,592,-1505,-3167
613,-2975,2391,-3582,-1198,2381,4405,6770,4113,572,-1497,-3143
593,-2938,2369,-3542,-1194,2343,4406,6633,4021,558,-1487,-3118
574,-2896,2339,-3492,-1183,2301,4413,6501,3937,555,-1472,-3090
558,-2846,2298,-3430,-1163,2256,4421,6373,3857,559,-1456,-3059
544,-2800,2259,-3373,-1144,2216,4442,6249,3774,561,-1439,-3024
529,-2761,2229,-3325,-1131,2180,4487,6122,3688,559,-1426,-2990
520,-2711,2180,-3258,-1102,2141,4534,5993,3608,564,-1409,-2956
522,-2644,2103,-3161,-1047,2098,4571,5863,3532,573,-1389,-2920
529,-2570,2014,-3051,-981,2054,4609,5730,3456,577,-1369,-2886
535,-2499,1931,-2947,-920,2011,4648,5598,3374,574,-1351,-2856
533,-2442,1869,-2867,-879,1973,4693,5466,3283,558,-1340,-2829
526,-2398,1828,-2810,-856,1940,4740,5330,3190,535,-1337,-2810
519,-2359,1793,-2760,-838,1910,4775,5192,3097,505,-1338,-2794
512,-2324,1762,-2716,-822,1884,4797,5050,3000,468,-1344,-2778
504,-2298,1742,-2685,-815,1862,4811,4904,2898,428,-1352,-2763
493,-2273,1728,-2659,-814,1839,4814,4756,2793,390,-1358,-2749
481,-2247,1715,-2634,-816,1815,4797,4607,2686,350,-1362,-2734
465,-2221,1707,-2611,-823,1787,4781,4458,2579,313,-1366,-2717
448,-2188,1695,-2583,-828,1755,4736,4306,2473,287,-1367,-2698
435,-2149,1672,-2542,-823,1721,4685,4157,2370,271,-1362,-2673
423,-2101,1640,-2490,-812,1681,4620,4005,2269,261,-1356,-2645
417,-2046,1597,-2426,-789,1639,4525,3849,2168,250,-1348,-2618
412,-1993,1557,-2366,-767,1600,4421,3691,2062,229,-1341,-2593
404,-1947,1526,-2316,-754,1563,4301,3530,1952,202,-1336,-2572
395,-1902,1496,-2267,-741,1526,4158,3364,1844,176,-1335,-2552
389,-1851,1459,-2210,-722,1487,4006,3201,1740,152,-1333,-2534
375,-1812,1441,-2174,-720,1450,3871,3043,1633,121,-1334,-2516
351,-1792,1452,-2169,-745,1419,3750,2889,1520,83,-1339,-2504
324,-1783,1478,-2182,-781,1395,3631,2739,1404,47,-1344,-2496
301,-1776,1501,-2193,-812,1374,3507,2599,1293,22,-1344,-2485
283,-1755,1505,-2182,-827,1346,3367,2470,1193,6,-1341,-2470
269,-1723,1492,-2152,-829,1315,3220,2362,1102,-5,-1331,-2448
254,-1689,1477,-2119,-828,1282,3083,2264,1015,-16,-1321,-2426
239,-1653,1461,-2084,-827,1247,2948,2178,934,-24,-1311,-2404
224,-1610,1435,-2038,-820,1208,2814,2100,856,-33,-1303,-2384
210,-1566,1408,-1990,-810,1169,2693,2028,779,-47,-1299,-2368
196,-1529,1385,-1949,-804,1134,2596,1956,702,-61,-1296,-2356
186,-1496,1361,-1910,-793,1105,2499,1881,625,-77,-1295,-2344
176,-1466,1340,-1875,-785,1078,2428,1807,549,-98,-1295,-2333
163,-1439,1324,-1845,-782,1051,2376,1730,473,-124,-1300,-2326
150,-1422,1316,-1827,-784,1031,2349,1657,396,-151,-1304,-2318
134,-1413,1320,-1823,-796,1015,2355,1581,319,-180,-1310,-2313
116,-1402,1321,-1815,-807,997,2373,1500,248,-200,-1312,-2305
104,-1384,1310,-1795,-806,978,2399,1421,180,-212,-1311,-2292
96,-1366,1294,-1771,-800,961,2443,1344,114,-220,-1307,-2274
87,-1351,1281,-1752,-796,947,2511,1264,48,-226,-1304,-2257
86,-1323,1248,-1709,-773,929,2582,1179,-8,-221,-1295,-2238
95,-1273,1183,-1633,-722,904,2645,1089,-56,-212,-1284,-2219
110,-1215,1104,-1541,-658,876,2702,991,-105,-207,-1272,-2201
122,-1162,1032,-1457,-602,850,2762,891,-155,-211,-1261,-2186
127,-1122,981,-1396,-563,829,2835,793,-209,-223,-1254,-2173
126,-1095,949,-1357,-542,812,2906,692,-265,-238,-1252,-2164
121,-1066,921,-1319,-525,791,2954,592,-322,-255,-1253,-2155
116,-1039,894,-1283,-510,771,2998,495,-379,-278,-1255,-2149
109,-1020,879,-1260,-505,755,3043,403,-437,-303,-1260,-2143
99,-1005,871,-1245,-506,740,3082,315,-495,-329,-1266,-2140
89,-992,865,-1232,-508,726,3102,236,-553,-358,-1268,-2134
78,-984,867,-1229,-518,715,3108,165,-611,-382,-1269,-2126
66,-972,866,-1220,-525,700,3073,100,-666,-398,-1268,-2113
57,-949,854,-1197,-523,679,3026,45,-722,-408,-1262,-2095
48,-916,830,-1159,-514,651,2967,-7,-774,-415,-1255,-2077
45,-876,797,-1110,-494,622,2887,-57,-823,-421,-1249,-2060
42,-839,766,-1066,-477,595,2808,-103,-872,-429,-1246,-2044
36,-808,744,-1031,-467,569,2739,-147,-919,-443,-1247,-2030
27,-774,724,-996,-461,540,2669,-196,-963,-461,-1248,-2017
21,-740,701,-958,-450,512,2596,-247,-1010,-483,-1249,-2006
12,-721,698,-944,-456,492,2541,-304,-1067,-518,-1254,-2000
-9,-720,723,-960,-488,476,2510,-368,-1132,-559,-1264,-1998
-34,-728,763,-992,-533,463,2489,-436,-1197,-594,-1275,-1995
-57,-737,802,-1025,-576,453,2463,-507,-1259,-620,-1284,-1990
-72,-739,824,-1041,-602,443,2415,-584,-1314,-638,-1290,-1983
-78,-732,831,-1041,-612,434,2333,-660,-1367,-650,-1291,-1971
-84,-724,833,-1037,-618,424,2226,-735,-1420,-659,-1287,-1958
-88,-713,831,-1029,-621,414,2100,-804,-1468,-660,-1280,-1943
-87,-699,819,-1012,-614,404,1968,-869,-1512,-659,-1271,-1927
-84,-685,805,-993,-603,396,1825,-931,-1552,-658,-1260,-1910
-84,-672,793,-977,-595,388,1672,-994,-1591,-660,-1251,-1894
-81,-656,775,-954,-581,379,1501,-1054,-1630,-663,-1241,-1879
-76,-642,756,-932,-565,373,1359,-1108,-1666,-672,-1231,-1866
-75,-633,745,-919,-557,368,1240,-1156,-1697,-684,-1224,-1858
-79,-632,744,-917,-558,364,1145,-1191,-1731,-699,-1218,-1852
-86,-639,756,-930,-569,366,1083,-1218,-1763,-715,-1214,-1848
-89,-646,761,-938,-574,369,1040,-1238,-1792,-724,-1207,-1841
-88,-648,757,-936,-569,371,1012,-1250,-1817,-728,-1199,-1831
-82,-651,749,-933,-558,378,1005,-1253,-1841,-732,-1190,-1820
-78,-657,746,-935,-551,386,1033,-1253,-1862,-730,-1184,-1808
-72,-646,724,-913,-531,383,1086,-1251,-1872,-715,-1174,-1795
-59,-613,672,-857,-486,370,1154,-1249,-1877,-695,-1162,-1783
-45,-568,608,-785,-432,350,1237,-1254,-1883,-678,-1152,-1775
-34,-527,550,-720,-384,330,1334,-1265,-1895,-670,-1145,-1774
-27,-504,515,-682,-355,320,1450,-1281,-1919,-677,-1141,-1780
-27,-493,500,-666,-344,313,1575,-1305,-1947,-688,-1142,-1789
-30,-484,490,-654,-338,306,1690,-1332,-1975,-700,-1145,-1799
-35,-477,485,-647,-338,299,1801,-1362,-2003,-713,-1149,-1810
-41,-479,490,-653,-344,298,1902,-1394,-2029,-725,-1152,-1822
-48,-481,496,-659,-353,296,1986,-1427,-2054,-738,-1154,-1836
-56,-476,498,-659,-360,289,2046,-1455,-2079,-753,-1155,-1848
-66,-474,505,-663,-372,282,2091,-1482,-2102,-772,-1157,-1857
-75,-471,512,-667,-383,275,2102,-1510,-2125,-785,-1161,-1864
-78,-466,511,-663,-386,271,2084,-1539,-2151,-795,-1164,-1869
-79,-453,501,-648,-380,262,2032,-1572,-2174,-801,-1166,-1872
-77,-430,478,-618,-366,247,1944,-1604,-2193,-805,-1166,-1874
-75,-409,459,-592,-354,234,1835,-1636,-2209,-814,-1169,-1879
-75,-394,448,-574,-348,223,1703,-1669,-2228,-827,-1175,-1884
-75,-379,438,-557,-344,211,1544,-1705,-2246,-838,-1184,-1891
-73,-361,423,-535,-335,199,1353,-1741,-2262,-846,-1192,-1897
-77,-361,431,-539,-344,194,1148,-1775,-2283,-862,-1203,-1905
-91,-381,471,-579,-382,196,938,-1810,-2311,-886,-1217,-1914
-112,-409,526,-633,-435,198,729,-1842,-2342,-908,-1230,-1923
-134,-432,575,-680,-484,196,526,-1867,-2369,-922,-1240,-1929
-151,-442,607,-706,-517,190,317,-1889,-2389,-927,-1244,-1931
-160,-443,621,-715,-533,182,105,-1902,-2405,-929,-1245,-1928
-167,-441,630,-718,-545,174,-99,-1912,-2421,-932,-1245,-1924
-172,-441,638,-722,-554,168,-284,-1920,-2435,-935,-1246,-1918
-175,-440,642,-721,-558,164,-435,-1928,-2445,-932,-1247,-1912
-175,-442,646,-724,-560,164,-555,-1936,-2455,-930,-1248,-1904
-175,-449,653,-732,-565,166,-645,-1948,-2464,-930,-1250,-1897
-174,-450,654,-732,-564,166,-716,-1959,-2472,-926,-1250,-1887
-169,-449,649,-727,-556,167,-745,-1967,-2477,-923,-1249,-1876
-168,-448,646,-724,-552,167,-736,-1971,-2477,-920,-1247,-1866
-171,-450,649,-726,-554,167,-696,-1966,-2474,-917,-1243,-1854
-177,-458,660,-738,-564,168,-624,-1957,-2470,-917,-1239,-1844
-180,-461,665,-743,-568,168,-532,-1948,-2462,-912,-1230,-1833
-180,-458,659,-737,-562,167,-421,-1940,-2450,-903,-1215,-1820
-180,-455,652,-729,-555,166,-292,-1932,-2440,-895,-1197,-1805
-182,-455,651,-729,-554,167,-147,-1928,-2432,-887,-1183,-1790
-180,-441,631,-706,-538,160,0,-1926,-2422,-875,-1169,-1778
-169,-407,582,-651,-496,147,138,-1927,-2409,-856,-1154,-1765
-152,-364,518,-580,-440,132,281,-1931,-2398,-837,-1141,-1753
-136,-323,456,-512,-387,117,430,-1936,-2392,-824,-1132,-1742
-127,-295,414,-466,-352,107,588,-1938,-2391,-819,-1127,-1733
-122,-281,392,-442,-333,103,738,-1946,-2395,-823,-1127,-1728
-120,-270,375,-425,-320,100,872,-1954,-2400,-831,-1129,-1725
-120,-261,362,-410,-311,97,990,-1963,-2406,-842,-1132,-1726
-125,-258,361,-408,-313,95,1088,-1970,-2412,-850,-1133,-1729
-133,-257,365,-412,-322,93,1152,-1975,-2416,-856,-1135,-1733
-141,-257,370,-416,-330,91,1177,-1973,-2419,-864,-1134,-1733
-149,-258,378,-423,-341,90,1183,-1970,-2422,-871,-1136,-1733
-159,-256,386,-428,-354,85,1146,-1968,-2425,-872,-1136,-1733
-166,-250,386,-425,-360,79,1084,-1965,-2429,-870,-1131,-1729
-168,-236,374,-409,-354,71,998,-1967,-2431,-865,-1126,-1722
-165,-214,350,-379,-337,60,882,-1970,-2431,-857,-1122,-1713
-161,-195,328,-353,-322,50,762,-1977,-2431,-854,-1121,-1705
-161,-182,317,-338,-316,41,644,-1984,-2429,-852,-1119,-1700
-164,-166,306,-321,-311,28,518,-1995,-2427,-850,-1119,-1698
-162,-148,289,-298,-300,16,375,-2011,-2428,-854,-1119,-1701
-164,-146,293,-300,-305,11,233,-2033,-2440,-871,-1124,-1709
-176,-164,327,-335,-337,13,100,-2060,-2463,-899,-1135,-1721
-195,-194,379,-390,-385,17,-22,-2089,-2490,-929,-1147,-1735
-214,-221,430,-442,-433,20,-129,-2119,-2515,-953,-1161,-1749
-229,-237,464,-475,-466,18,-232,-2148,-2535,-963,-1171,-1760
-237,-246,484,-493,-485,15,-329,-2169,-2550,-962,-1177,-1767
-244,-254,503,-509,-502,12,-407,-2188,-2564,-959,-1181,-1770
-249,-261,518,-523,-516,10,-478,-2202,-2579,-955,-1187,-1774
-251,-266,527,-531,-523,9,-538,-2215,-2593,-957,-1194,-1781
-253,-273,539,-542,-532,9,-584,-2226,-2606,-960,-1203,-1786
-256,-282,552,-555,-542,10,-618,-2237,-2615,-959,-1214,-1790
-254,-286,556,-559,-543,10,-668,-2240,-2619,-951,-1222,-1788
-249,-288,554,-557,-538,13,-702,-2236,-2620,-946,-1226,-1784
-245,-290,552,-555,-532,15,-730,-2228,-2621,-947,-1231,-1780
-243,-295,554,-559,-532,18,-750,-2214,-2623,-951,-1233,-1772
-244,-306,565,-572,-539,24,-752,-2199,-2624,-955,-1230,-1765
-244,-312,569,-578,-541,28,-756,-2186,-2622,-956,-1224,-1758
-237,-312,561,-572,-530,33,-768,-2173,-2619,-953,-1215,-1749
-228,-312,549,-563,-515,39,-769,-2158,-2618,-947,-1204,-1733
-226,-307,539,-553,-506,39,-750,-2148,-2617,-939,-1192,-1717
-218,-286,508,-519,-480,32,-733,-2140,-2609,-917,-1175,-1698
-201,-247,448,-453,-427,19,-725,-2134,-2593,-888,-1156,-1675
-179,-199,375,-374,-363,4,-732,-2134,-2579,-867,-1141,-1654
-159,-154,307,-299,-304,-10,-756,-2142,-2570,-857,-1131,-1638
-145,-126,260,-250,-263,-17,-780,-2154,-2570,-859,-1126,-1627
-140,-112,238,-228,-244,-19,-806,-2175,-2571,-868,-1129,-1622
-138,-105,225,-216,-233,-19,-855,-2199,-2574,-881,-1132,-1621
-138,-102,218,-210,-228,-18,-911,-2225,-2577,-896,-1135,-1621
-141,-104,220,-215,-232,-15,-969,-2249,-2582,-910,-1136,-1621
-146,-107,225,-222,-239,-12,-1022,-2270,-2585,-920,-1136,-1622
-151,-107,230,-227,-245,-11,-1064,-2289,-2588,-927,-1132,-1621
-160,-108,237,-233,-256,-13,-1070,-2305,-2590,-929,-1124,-1618
-170,-100,239,-231,-264,-21,-1073,-2318,-2592,-926,-1114,-1611
-173,-87,230,-216,-261,-30,-1067,-2328,-2591,-918,-1098,-1601
-173,-67,211,-191,-248,-42,-1054,-2335,-2585,-904,-1080,-1589
-169,-39,181,-153,-227,-57,-1050,-2338,-2576,-886,-1061,-1575
-166,-14,156,-119,-208,-71,-1041,-2339,-2569,-873,-1044,-1560
-163,1,141,-100,-197,-80,-1024,-2341,-2567,-866,-1030,-1548
-162,15,131,-84,-190,-90,-1010,-2345,-2563,-863,-1021,-1539
-159,35,113,-58,-177,-103,-1007,-2349,-2560,-865,-1015,-1533
-164,43,114,-53,-182,-114,-988,-2349,-2564,-877,-1013,-1530
-178,29,148,-84,-215,-117,-947,-2343,-2575,-897,-1016,-1530
-199,6,196,-131,-262,-119,-903,-2333,-2590,-914,-1020,-1530
-221,-13,241,-172,-307,-125,-858,-2320,-2598,-923,-1021,-1529
-235,-19,266,-191,-334,-134,-827,-2307,-2599,-922,-1018,-1525
-242,-15,273,-191,-344,-145,-805,-2286,-2597,-913,-1013,-1515
-248,-9,277,-188,-351,-158,-773,-2266,-2595,-906,-1010,-1507
-253,-2,277,-182,-356,-170,-747,-2249,-2596,-899,-1010,-1502
-258,10,272,-168,-356,-186,-731,-2236,-2598,-890,-1011,-1500
-264,20,269,-159,-359,-200,-725,-2225,-2604,-883,-1012,-1499
-269,22,273,-158,-365,-210,-726,-2219,-2615,-876,-1016,-1501
-271,26,271,-153,-366,-217,-752,-2216,-2627,-866,-1017,-1505
-266,27,265,-147,-359,-218,-764,-2214,-2639,-858,-1016,-1508
-263,22,266,-151,-358,-215,-764,-2216,-2648,-850,-1018,-1513
-259,7,275,-166,-362,-205,-761,-2215,-2657,-844,-1020,-1513
-256,-17,293,-194,-372,-189,-747,-2216,-2662,-841,-1021,-1512
-250,-35,303,-212,-375,-174,-743,-2220,-2660,-833,-1017,-1506
-240,-44,299,-216,-365,-161,-752,-2222,-2653,-818,-1009,-1497
-229,-51,291,-217,-352,-148,-759,-2217,-2644,-804,-999,-1486
-221,-57,285,-218,-343,-137,-751,-2210,-2632,-788,-990,-1475
-210,-44,258,-192,-316,-136,-749,-2203,-2611,-758,-978,-1459
-190,-12,201,-134,-264,-142,-755,-2199,-2585,-720,-962,-1439
-167,30,132,-63,-201,-151,-756,-2196,-2559,-687,-944,-1419
-147,66,71,0,-146,-158,-747,-2192,-2538,-662,-929,-1403
-133,89,30,40,-108,-160,-721,-2190,-2527,-651,-923,-1394
-129,103,7,63,-88,-162,-694,-2192,-2523,-651,-923,-1395
-130,117,-8,80,-77,-167,-682,-2197,-2525,-656,-925,-1399
-133,128,-20,93,-69,-171,-678,-2202,-2528,-665,-928,-1403
-138,133,-23,96,-69,-172,-679,-2199,-2529,-675,-931,-1406
-145,138,-23,98,-72,-175,-687,-2195,-2528,-685,-933,-1409
-152,143,-22,99,-75,-176,-717,-2186,-2528,-701,-936,-1412
-160,143,-15,93,-83,-177,-738,-2180,-2530,-721,-942,-1419
-170,145,-6,87,-95,-181,-774,-2179,-2532,-735,-948,-1428
-177,152,-4,90,-100,-186,-812,-2178,-2532,-743,-952,-1434
-182,163,-9,101,-98,-194,-852,-2181,-2533,-745,-957,-1442
-182,183,-25,125,-88,-207,-902,-2185,-2531,-741,-959,-1446
-184,202,-39,147,-79,-220,-953,-2190,-2530,-741,-961,-1448
-188,214,-43,159,-79,-231,-1007,-2200,-2532,-746,-964,-1448
-191,223,-44,167,-81,-241,-1073,-2221,-2533,-753,-970,-1449
-190,234,-51,180,-77,-250,-1141,-2246,-2536,-760,-975,-1451
-194,231,-40,173,-89,-254,-1192,-2275,-2552,-774,-985,-1456
-209,210,1,134,-127,-254,-1220,-2308,-2576,-795,-998,-1466
-228,176,58,75,-180,-248,-1238,-2340,-2604,-813,-1011,-1476
-245,142,114,18,-231,-241,-1258,-2370,-2627,-827,-1020,-1484
-256,120,150,-18,-264,-238,-1292,-2395,-2638,-832,-1025,-1487
-260,109,168,-35,-280,-238,-1331,-2411,-2642,-834,-1025,-1484
-262,99,183,-48,-293,-238,-1352,-2421,-2644,-828,-1024,-1479
-264,92,194,-59,-303,-239,-1365,-2425,-2645,-820,-1021,-1471
-265,93,196,-57,-307,-246,-1372,-2426,-2640,-811,-1015,-1464
-265,97,193,-51,-307,-254,-1376,-2417,-2633,-802,-1008,-1454
-264,98,192,-48,-307,-259,-1374,-2405,-2624,-790,-1000,-1443
-259,100,184,-40,-300,-262,-1386,-2390,-2611,-772,-992,-1431
-249,99,175,-35,-288,-258,-1373,-2372,-2598,-755,-985,-1418
-242,94,173,-36,-283,-254,-1350,-2357,-2585,-746,-979,-1405
-240,85,177,-46,-285,-249,-1321,-2339,-2575,-740,-971,-1391
-241,69,193,-68,-297,-241,-1270,-2322,-2566,-738,-962,-1376
-242,59,201,-82,-303,-235,-1214,-2305,-2553,-729,-949,-1359
-237,60,193,-78,-296,-232,-1157,-2287,-2534,-709,-934,-1341
-232,66,178,-66,-282,-232,-1085,-2262,-2513,-682,-912,-1320
-230,73,166,-55,-273,-233,-998,-2236,-2491,-652,-890,-1297
-222,96,132,-19,-244,-241,-919,-2211,-2463,-614,-866,-1272
-203,140,65,51,-186,-255,-856,-2190,-2433,-575,-840,-1248
-179,192,-14,136,-117,-270,-793,-2174,-2405,-544,-816,-1229
-158,239,-86,213,-54,-283,-727,-2167,-2385,-526,-798,-1215
-143,271,-136,265,-10,-290,-648,-2162,-2375,-521,-787,-1205
-135,288,-164,293,16,-290,-563,-2162,-2369,-522,-784,-1201
-129,301,-187,315,36,-290,-481,-2164,-2364,-528,-785,-1203
-126,310,-202,330,51,-287,-397,-2166,-2362,-541,-789,-1210
-126,311,-206,332,55,-282,-315,-2168,-2364,-561,-797,-1217
-129,312,-205,331,54,-279,-235,-2172,-2367,-583,-809,-1229
-133,311,-202,328,51,-275,-159,-2175,-2371,-604,-821,-1241
-139,306,-191,317,41,-270,-71,-2179,-2375,-625,-834,-1252
-150,301,-176,305,25,-269,0,-2183,-2379,-636,-846,-1263
-159,305,-170,304,16,-274,64,-2189,-2383,-641,-854,-1275
-166,318,-175,317,16,-284,120,-2201,-2385,-640,-860,-1286
-169,337,-189,341,24,-297,151,-2214,-2386,-635,-863,-1295
-173,351,-197,358,27,-308,176,-2226,-2388,-636,-866,-1303
-182,364,-198,368,21,-323,200,-2240,-2394,-644,-870,-1312
-191,378,-200,380,17,-339,215,-2261,-2401,-651,-877,-1323
-195,392,-208,396,19,-353,221,-2281,-2408,-657,-882,-1333
-199,386,-194,384,5,-355,238,-2295,-2420,-667,-889,-1344
-214,357,-148,336,-36,-350,279,-2305,-2436,-682,-899,-1357
-235,320,-86,270,-93,-343,334,-2311,-2453,-696,-909,-1370
-256,282,-24,205,-150,-338,393,-2315,-2464,-704,-914,-1377
-272,257,21,159,-193,-337,437,-2321,-2471,-706,-917,-1382
-282,242,49,130,-220,-340,476,-2324,-2480,-707,-916,-1382
-290,228,73,106,-242,-342,522,-2325,-2488,-705,-914,-1381
-296,218,90,88,-260,-346,557,-2328,-2498,-701,-915,-1381
-299,216,97,82,-268,-353,592,-2330,-2506,-697,-916,-1380
-300,216,98,81,-271,-360,627,-2331,-2514,-692,-915,-1378
-298,216,97,80,-271,-364,662,-2334,-2519,-685,-916,-1377
-292,221,85,91,-261,-369,666,-2336,-2521,-675,-912,-1374
-284,231,66,109,-244,-375,672,-2334,-2520,-666,-903,-1369
-279,241,50,126,-230,-382,668,-2336,-2517,-655,-896,-1363
-277,245,41,133,-224,-385,653,-2334,-2517,-647,-886,-1354
-276,237,45,124,-226,-381,642,-2332,-2519,-642,-877,-1344
-276,231,48,117,-228,-377,617,-2332,-2517,-636,-867,-1332
-273,232,40,122,-220,-375,573,-2332,-2511,-627,-855,-1316
-266,234,27,131,-206,-369,535,-2327,-2504,-619,-840,-1294
-261,232,20,134,-197,-362,512,-2322,-2496,-611,-827,-1271
-250,244,-7,160,-171,-359,470,-2318,-2483,-592,-812,-1248
-228,274,-63,217,-117,-359,401,-2314,-2466,-566,-795,-1226
-203,315,-133,292,-52,-365,326,-2317,-2452,-544,-779,-1207
-184,358,-199,364,7,-374,249,-2324,-2444,-533,-768,-1194
-169,385,-245,414,50,-377,189,-2331,-2444,-535,-760,-1183
-165,402,-269,442,71,-380,140,-2341,-2449,-546,-759,-1178
-164,415,-285,463,85,-381,80,-2347,-2456,-557,-759,-1177
-163,418,-291,470,92,-377,23,-2352,-2461,-568,-761,-1178
-164,409,-282,460,88,-366,-27,-2354,-2466,-583,-765,-1176
-169,400,-270,448,79,-357,-76,-2355,-2470,-600,-771,-1177
-175,398,-261,442,70,-355,-129,-2353,-2477,-618,-777,-1180
-183,392,-247,430,57,-352,-159,-2352,-2486,-637,-785,-1181
-191,386,-232,417,42,-351,-196,-2348,-2493,-647,-790,-1179
-196,387,-225,414,36,-352,-228,-2338,-2496,-646,-787,-1173
-195,393,-228,421,38,-355,-255,-2332,-2495,-640,-784,-1168
-191,406,-241,439,49,-361,-298,-2325,-2491,-633,-779,-1165
-188,418,-251,455,57,-369,-332,-2319,-2488,-629,-777,-1163
-187,427,-254,463,59,-376,-348,-2315,-2486,-629,-776,-1162
-188,441,-261,477,61,-390,-366,-2313,-2483,-627,-776,-1160
-185,461,-278,501,72,-405,-393,-2312,-2479,-625,-770,-1156
-182,465,-278,504,72,-412,-392,-2314,-2481,-631,-766,-1150
-191,449,-247,472,43,-413,-348,-2323,-2490,-646,-767,-1146
-206,425,-201,424,0,-412,-280,-2334,-2501,-659,-771,-1142
-222,404,-157,380,-43,-415,-205,-2349,-2509,-663,-772,-1136
-232,391,-128,351,-72,-419,-138,-2367,-2510,-657,-769,-1132
-234,382,-112,333,-86,-421,-75,-2384,-2509,-649,-765,-1127
-235,372,-98,316,-99,-420,0,-2406,-2511,-643,-761,-1126
-235,362,-85,300,-109,-419,69,-2430,-2514,-637,-760,-1126
-234,356,-78,291,-115,-419,129,-2452,-2518,-628,-761,-1126
-235,353,-72,284,-121,-423,180,-2470,-2522,-619,-760,-1128
-239,349,-65,275,-130,-426,229,-2489,-2524,-612,-759,-1131
-241,349,-65,276,-132,-431,254,-2504,-2523,-604,-755,-1134
-238,351,-72,281,-126,-432,293,-2513,-2519,-598,-750,-1134
-238,349,-75,281,-123,-432,330,-2520,-2515,-595,-747,-1139
-240,345,-73,277,-125,-430,350,-2523,-2515,-597,-747,-1142
-246,335,-63,263,-136,-427,359,-2525,-2514,-600,-746,-1144
-252,326,-55,251,-143,-423,327,-2526,-2509,-596,-743,-1143
-255,323,-55,250,-144,-421,258,-2522,-2503,-593,-739,-1139
-258,324,-60,254,-142,-421,180,-2510,-2499,-585,-731,-1129
-264,323,-59,253,-145,-421,100,-2497,-2495,-572,-723,-1118
-262,332,-76,272,-130,-422,-16,-2483,-2484,-547,-712,-1104
-245,358,-124,322,-86,-424,-179,-2468,-2467,-513,-695,-1087
-224,394,-188,390,-28,-429,-363,-2454,-2450,-481,-675,-1071
-203,429,-249,455,28,-434,-546,-2443,-2440,-461,-656,-1059
-188,449,-289,497,66,-433,-697,-2436,-2440,-455,-642,-1048
-181,458,-308,517,84,-429,-831,-2438,-2442,-455,-635,-1039
-177,463,-320,531,96,-427,-971,-2443,-2447,-460,-632,-1032
-176,467,-327,539,101,-424,-1101,-2451,-2456,-468,-630,-1029
-180,463,-320,534,96,-420,-1220,-2464,-2471,-478,-629,-1031
-183,455,-309,523,86,-413,-1333,-2481,-2486,-490,-630,-1034
-186,448,-298,513,78,-407,-1443,-2492,-2500,-501,-632,-1038
-193,440,-283,498,64,-403,-1526,-2498,-2511,-509,-632,-1041
-202,436,-267,486,48,-404,-1611,-2504,-2520,-512,-629,-1043
-207,437,-260,483,41,-407,-1685,-2506,-2527,-513,-625,-1043
-207,443,-263,489,43,-411,-1745,-2509,-2532,-512,-623,-1043
-204,459,-278,509,56,-419,-1803,-2512,-2535,-513,-622,-1041
-201,474,-291,526,67,-429,-1831,-2513,-2540,-520,-623,-1041
-203,480,-290,528,66,-436,-1835,-2515,-2549,-534,-624,-1043
-208,486,-285,528,60,-446,-1836,-2524,-2562,-553,-630,-1048
-211,497,-289,536,61,-459,-1836,-2536,-2576,-571,-639,-1052
-218,496,-275,524,48,-466,-1822,-2545,-2594,-596,-651,-1055
-233,474,-233,478,10,-465,-1784,-2554,-2618,-622,-667,-1060
-252,445,-178,419,-40,-462,-1723,-2562,-2645,-649,-684,-1065
-271,421,-130,369,-85,-463,-1649,-2570,-2666,-667,-696,-1068
-281,411,-106,343,-108,-467,-1583,-2573,-2679,-670,-701,-1065
-281,409,-100,336,-113,-469,-1518,-2568,-2688,-664,-699,-1056
-276,407,-99,332,-111,-469,-1432,-2560,-2695,-655,-695,-1045
-271,410,-105,335,-105,-471,-1349,-2549,-2703,-646,-693,-1033
-263,416,-118,346,-93,-473,-1279,-2540,-2710,-637,-690,-1025
-255,419,-129,354,-81,-473,-1221,-2531,-2716,-628,-686,-1018
-250,420,-134,357,-76,-474,-1167,-2526,-2716,-620,-682,-1011
-246,426,-145,367,-67,-477,-1142,-2522,-2714,-612,-678,-1003
-239,430,-159,379,-56,-477,-1114,-2519,-2714,-608,-672,-994
-236,429,-165,383,-50,-476,-1092,-2518,-2716,-607,-667,-994
-234,423,-165,379,-50,-471,-1078,-2515,-2718,-612,-661,-993
-235,412,-158,368,-57,-464,-1057,-2514,-2718,-613,-656,-990
-236,405,-155,362,-61,-458,-1057,-2513,-2711,-606,-648,-984
-230,401,-162,367,-53,-450,-1083,-2514,-2700,-592,-638,-976
-223,398,-173,375,-42,-442,-1120,-2516,-2687,-580,-627,-965
-220,396,-181,381,-35,-435,-1154,-2523,-2675,-564,-617,-953
-213,413,-210,414,-10,-438,-1214,-2533,-2654,-535,-605,-939
-196,447,-267,477,39,-446,-1315,-2547,-2629,-502,-592,-923
-176,490,-336,554,99,-457,-1438,-2566,-2605,-472,-581,-909
-157,533,-402,629,156,-469,-1560,-2591,-2586,-450,-573,-899
-146,563,-449,682,195,-477,-1660,-2612,-2574,-438,-568,-890
-145,579,-471,710,211,-483,-1739,-2636,-2567,-436,-568,-888
-147,591,-484,727,219,-487,-1819,-2663,-2562,-440,-570,-888
-152,600,-490,738,221,-491,-1869,-2690,-2561,-451,-574,-891
-161,601,-484,737,213,-493,-1896,-2717,-2566,-469,-579,-896
-169,597,-473,727,201,-491,-1913,-2744,-2573,-488,-584,-902
-175,593,-463,717,191,-487,-1932,-2764,-2586,-506,-585,-908
-184,588,-449,705,179,-486,-1929,-2778,-2598,-524,-584,-913
-193,588,-439,698,167,-489,-1928,-2789,-2609,-535,-581,-917
-199,595,-438,701,164,-496,-1906,-2789,-2613,-537,-573,-918
-202,608,-445,713,167,-505,-1865,-2782,-2612,-531,-565,-917
-202,631,-464,738,181,-520,-1835,-2772,-2606,-521,-558,-914
-203,651,-479,759,191,-535,-1792,-2762,-2603,-515,-555,-912
-206,662,-483,767,192,-546,-1738,-2756,-2603,-514,-557,-911
-209,673,-485,773,192,-559,-1682,-2757,-2604,-520,-563,-913
-211,689,-493,786,197,-574,-1628,-2760,-2607,-528,-571,-915
-218,694,-487,783,187,-586,-1548,-2760,-2617,-546,-580,-918
-233,679,-452,747,154,-590,-1433,-2761,-2635,-569,-594,-924
-249,652,-403,694,110,-587,-1295,-2761,-2651,-590,-608,-931
-261,624,-358,644,71,-581,-1148,-2757,-2663,-603,-620,-936
-268,610,-333,616,48,-582,-1015,-2756,-2668,-608,-627,-939
-268,605,-323,605,40,-583,-899,-2757,-2674,-610,-630,-939
-267,599,-315,594,34,-583,-773,-2760,-2680,-606,-633,-939
-264,593,-309,586,30,-583,-659,-2765,-2684,-599,-637,-940
-259,593,-311,587,33,-584,-561,-2770,-2685,-592,-640,-941
-253,591,-314,589,37,-583,-475,-2772,-2688,-587,-641,-940
-249,585,-311,583,37,-580,-386,-2777,-2688,-581,-642,-940
-243,581,-314,584,41,-577,-309,-2784,-2687,-575,-644,-940
-236,578,-319,586,48,-572,-225,-2794,-2688,-576,-649,-943
-231,571,-318,583,50,-565,-163,-2810,-2694,-586,-658,-952
-226,552,-306,564,45,-550,-135,-2831,-2705,-606,-669,-962
-225,522,-281,529,29,-528,-121,-2851,-2719,-630,-681,-971
-223,493,-256,495,13,-507,-143,-2868,-2728,-645,-691,-977
-221,472,-241,472,5,-488,-199,-2878,-2731,-649,-698,-979
-215,449,-227,450,0,-466,-262,-2883,-2733,-648,-701,-978
-212,427,-212,427,-7,-446,-320,-2886,-2734,-644,-703,-975
-204,425,-221,433,5,-435,-392,-2886,-2724,-624,-698,-966
-184,446,-266,478,49,-431,-470,-2882,-2706,-595,-687,-953
-159,479,-328,542,108,-433,-530,-2876,-2686,-569,-674,-939
-136,511,-386,603,164,-434,-565,-2869,-2667,-551,-663,-929
-119,532,-428,644,204,-433,-569,-2862,-2659,-544,-654,-921
-113,547,-451,669,223,-435,-554,-2860,-2656,-547,-652,-918
-112,560,-467,688,236,-439,-551,-2859,-2657,-553,-650,-914
-113,569,-478,700,243,-441,-547,-2856,-2656,-561,-648,-909
-120,575,-479,704,240,-447,-539,-2850,-2655,-570,-647,-905
-129,580,-477,705,234,-453,-525,-2845,-2653,-576,-645,-902
-136,588,-477,709,229,-461,-510,-2833,-2650,-579,-642,-897
-148,595,-473,710,219,-472,-464,-2820,-2645,-576,-637,-891
-162,608,-471,717,208,-489,-420,-2805,-2637,-562,-629,-885
-172,626,-479,733,207,-508,-359,-2788,-2627,-541,-617,-874
-177,652,-497,761,214,-529,-297,-2775,-2615,-514,-604,-861
-178,685,-526,801,233,-552,-290,-2768,-2606,-486,-592,-849
-178,715,-553,838,250,-573,-303,-2766,-2602,-466,-583,-839
-181,736,-568,861,257,-592,-295,-2770,-2604,-456,-579,-832
-185,752,-578,878,260,-607,-285,-2786,-2608,-457,-579,-829
-187,770,-590,897,266,-622,-300,-2807,-2613,-461,-579,-829
-194,774,-583,894,255,-633,-332,-2827,-2626,-474,-581,-833
-210,756,-545,856,218,-634,-360,-2845,-2645,-493,-587,-842
-232,726,-489,798,164,-631,-386,-2865,-2663,-512,-595,-853
-253,695,-433,740,111,-627,-417,-2887,-2678,-528,-601,-861
-266,674,-395,701,76,-625,-448,-2909,-2689,-535,-603,-865
-271,665,-376,682,59,-625,-469,-2923,-2700,-536,-599,-863
-273,654,-360,664,46,-621,-459,-2935,-2710,-538,-593,-860
-272,643,-347,649,37,-616,-438,-2942,-2715,-538,-584,-856
-270,642,-345,647,36,-617,-404,-2946,-2714,-532,-577,-850
-269,647,-349,654,39,-622,-358,-2946,-2711,-527,-572,-844
-268,648,-348,656,39,-625,-306,-2944,-2706,-527,-569,-842
-265,649,-351,659,42,-626,-290,-2939,-2700,-529,-566,-844
-260,649,-356,663,49,-624,-279,-2931,-2693,-533,-565,-846
-259,646,-354,661,49,-623,-275,-2921,-2687,-542,-565,-849
-257,635,-345,649,44,-617,-276,-2906,-2681,-551,-563,-850
-256,614,-327,624,32,-603,-259,-2887,-2676,-560,-561,-850
-254,595,-313,603,25,-589,-255,-2869,-2670,-563,-556,-844
-248,585,-311,596,28,-578,-276,-2854,-2663,-559,-551,-835
-240,577,-314,594,37,-567,-303,-2839,-2658,-550,-545,-826
-234,566,-313,588,42,-554,-319,-2827,-2653,-540,-542,-821
-224,568,-328,599,59,-546,-357,-2818,-2642,-522,-537,-814
-205,588,-372,643,103,-545,-430,-2814,-2627,-501,-530,-806
-183,618,-429,701,157,-547,-518,-2814,-2614,-483,-526,-799
-160,642,-482,752,208,-546,-601,-2816,-2610,-474,-525,-795
-144,651,-513,779,241,-538,-655,-2817,-2615,-475,-528,-792
-138,648,-521,782,252,-528,-692,-2823,-2620,-483,-537,-796
-138,644,-523,781,255,-522,-740,-2832,-2626,-494,-547,-806
-141,637,-517,772,250,-516,-784,-2843,-2633,-510,-559,-820
-144,622,-504,753,240,-504,-822,-2854,-2641,-528,-571,-835
-148,606,-489,732,228,-492,-848,-2866,-2648,-546,-582,-852
-152,593,-475,714,216,-484,-874,-2873,-2655,-563,-591,-867
-159,578,-455,689,198,-475,-874,-2879,-2664,-578,-599,-880
-168,564,-433,664,177,-470,-881,-2883,-2670,-588,-603,-890
-176,560,-421,653,164,-471,-882,-2879,-2672,-592,-604,-892
-184,571,-422,660,158,-482,-872,-2875,-2667,-589,-604,-893
-189,596,-440,688,166,-503,-873,-2869,-2658,-586,-599,-889
-194,622,-459,716,174,-524,-863,-2865,-2652,-589,-595,-884
-199,644,-471,737,178,-542,-831,-2864,-2647,-596,-592,-882
-203,665,-483,759,182,-562,-792,-2865,-2640,-600,-588,-880
-203,688,-501,785,193,-578,-765,-2867,-2633,-600,-585,-877
-205,696,-500,790,190,-588,-732,-2869,-2635,-609,-586,-876
-217,685,-471,762,162,-590,-685,-2870,-2645,-628,-595,-881
-232,662,-426,717,120,-588,-632,-2871,-2659,-651,-606,-886
-248,638,-380,670,79,-585,-584,-2870,-2673,-670,-616,-892
-257,621,-348,638,51,-582,-553,-2873,-2683,-682,-623,-895
-258,610,-331,620,39,-577,-529,-2874,-2692,-685,-625,-895
-259,602,-318,607,30,-575,-492,-2875,-2700,-682,-627,-893
-260,597,-308,598,23,-574,-453,-2872,-2707,-675,-628,-888
-261,598,-305,598,22,-577,-438,-2867,-2711,-669,-632,-881
-260,599,-306,601,25,-579,-444,-2861,-2716,-663,-635,-874
-258,599,-307,602,28,-578,-455,-2858,-2720,-655,-636,-867
-254,602,-315,612,38,-579,-488,-2855,-2720,-644,-634,-858
-247,606,-329,625,54,-578,-518,-2853,-2720,-637,-630,-850
-242,607,-337,633,66,-575,-544,-2857,-2719,-635,-626,-845
-238,599,-338,630,71,-567,-555,-2861,-2721,-636,-622,-840
-239,584,-326,613,65,-557,-525,-2872,-2722,-633,-621,-838
-241,571,-318,599,61,-548,-469,-2882,-2717,-622,-618,-834
-237,561,-319,594,66,-538,-398,-2889,-2709,-605,-612,-828
-229,549,-321,589,75,-524,-313,-2895,-2699,-586,-604,-821
-224,533,-317,576,77,-508,-217,-2901,-2690,-570,-595,-816
-215,530,-330,583,93,-498,-130,-2911,-2674,-548,-584,-812
-196,547,-373,623,135,-495,-65,-2919,-2653,-523,-569,-807
-175,579,-432,683,189,-501,-11,-2921,-2637,-502,-552,-805
-156,610,-488,740,239,-507,33,-2919,-2626,-488,-539,-806
-144,627,-523,774,270,-509,77,-2911,-2623,-487,-530,-809
-142,636,-539,790,282,-512,114,-2903,-2624,-494,-527,-814
-141,642,-550,801,288,-515,131,-2893,-2627,-505,-527,-822
-139,642,-555,803,292,-512,134,-2881,-2631,-517,-529,-833
-138,632,-548,791,286,-503,112,-2867,-2637,-533,-535,-847
-139,620,-536,773,275,-495,67,-2852,-2642,-549,-546,-864
-143,615,-526,762,264,-493,-1,-2835,-2648,-561,-558,-881
-146,608,-514,748,251,-489,-56,-2815,-2653,-572,-572,-897
-150,601,-501,734,237,-486,-114,-2796,-2655,-576,-581,-908
-150,602,-499,731,233,-486,-166,-2776,-2653,-575,-585,-913
-146,611,-507,742,238,-490,-210,-2762,-2650,-569,-588,-917
-139,629,-527,766,253,-498,-267,-2751,-2645,-563,-589,-918
-134,645,-542,786,264,-506,-322,-2745,-2644,-563,-591,-918
-136,658,-547,797,264,-517,-364,-2742,-2642,-566,-595,-918
-143,676,-550,810,259,-535,-405,-2742,-2639,-570,-599,-922
-149,696,-558,827,258,-554,-455,-2743,-2636,-576,-601,-927
-158,698,-544,819,241,-562,-490,-2746,-2641,-593,-606,-933
-176,678,-499,776,198,-563,-501,-2751,-2655,-620,-618,-941
-201,648,-438,715,140,-562,-500,-2753,-2673,-646,-631,-949
-225,620,-379,657,84,-561,-492,-2757,-2690,-665,-641,-954
-242,602,-339,619,45,-563,-492,-2766,-2703,-675,-649,-960
-250,592,-316,598,25,-563,-497,-2773,-2714,-680,-652,-961
-253,584,-300,582,12,-563,-491,-2782,-2726,-682,-653,-962
-257,579,-286,570,1,-564,-487,-2789,-2732,-678,-651,-960
-259,577,-279,565,-5,-566,-491,-2796,-2732,-668,-645,-954
-260,573,-272,559,-8,-566,-499,-2808,-2730,-656,-637,-947
-259,562,-262,546,-13,-560,-496,-2828,-2731,-646,-631,-939
-256,553,-254,536,-15,-554,-505,-2853,-2735,-639,-628,-932
-249,539,-248,523,-13,-541,-499,-2874,-2741,-639,-627,-927
-245,519,-235,502,-17,-527,-492,-2893,-2746,-646,-630,-926
-244,494,-214,473,-28,-510,-484,-2902,-2751,-657,-634,-928
-246,462,-184,433,-47,-490,-445,-2899,-2753,-665,-640,-932
-247,431,-158,395,-63,-470,-404,-2887,-2749,-663,-644,-934
-244,409,-144,372,-69,-453,-377,-2866,-2742,-655,-644,-935
-240,391,-136,356,-70,-438,-354,-2836,-2735,-649,-642,-935
-240,375,-125,338,-75,-426,-326,-2799,-2727,-642,-640,-936
-234,373,-136,345,-62,-419,-316,-2760,-2708,-622,-635,-931
-215,395,-184,391,-16,-420,-326,-2720,-2681,-592,-623,-918
-189,431,-253,462,48,-426,-339,-2681,-2650,-561,-607,-901
-163,471,-324,535,114,-433,-344,-2643,-2617,-531,-589,-882
-144,501,-379,592,163,-439,-332,-2607,-2589,-507,-571,-863
-135,521,-413,627,192,-444,-313,-2580,-2564,-487,-560,-848
-131,538,-439,655,212,-450,-312,-2565,-2543,-474,-549,-837
-127,551,-459,676,227,-454,-332,-2567,-2527,-468,-544,-831
-125,556,-468,686,234,-453,-373,-2577,-2518,-467,-542,-828
-124,555,-471,687,235,-448,-431,-2595,-2511,-471,-541,-829
-123,555,-472,686,235,-444,-504,-2613,-2504,-475,-540,-830
-126,554,-468,683,229,-443,-561,-2632,-2498,-478,-539,-834
-132,556,-462,679,219,-445,-623,-2653,-2495,-477,-539,-838
-133,560,-462,681,215,-446,-675,-2674,-2493,-473,-539,-838
-132,570,-470,692,219,-450,-704,-2701,-2490,-470,-541,-839
-127,586,-487,714,231,-456,-724,-2729,-2489,-468,-546,-837
-124,600,-499,731,239,-463,-728,-2758,-2492,-473,-553,-837
-126,606,-498,734,236,-468,-723,-2788,-2496,-483,-563,-839
-129,611,-494,734,229,-474,-720,-2821,-2500,-496,-577,-847
-127,619,-496,740,230,-479,-718,-2853,-2503,-511,-594,-858
-129,611,-479,724,216,-477,-701,-2885,-2510,-534,-611,-870
-142,583,-431,672,174,-469,-671,-2917,-2523,-560,-629,-882
-160,544,-366,603,118,-459,-640,-2943,-2536,-577,-644,-892
-180,512,-306,541,64,-455,-614,-2963,-2547,-586,-653,-900
-196,498,-270,507,29,-460,-604,-2978,-2551,-583,-656,-903
-205,496,-252,494,12,-469,-602,-2981,-2548,-568,-649,-895
-211,496,-241,486,2,-477,-585,-2977,-2544,-549,-638,-886
-215,500,-236,485,-3,-487,-567,-2967,-2538,-529,-626,-879
-218,508,-237,491,-3,-499,-546,-2951,-2530,-507,-612,-872
-222,516,-239,497,-3,-511,-511,-2931,-2522,-487,-600,-867
-224,518,-237,497,-3,-517,-468,-2908,-2515,-470,-592,-861
-221,521,-243,504,5,-521,-450,-2881,-2507,-453,-583,-853
-214,524,-254,514,20,-520,-417,-2849,-2499,-440,-576,-843
-211,522,-258,515,26,-519,-375,-2821,-2493,-433,-568,-835
-211,513,-253,506,26,-513,-334,-2792,-2492,-436,-560,-828
-214,496,-238,485,16,-504,-278,-2767,-2493,-443,-553,-824
-217,480,-225,467,7,-494,-228,-2746,-2493,-441,-545,-819
-220,470,-219,456,4,-487,-194,-2724,-2490,-432,-534,-812
-219,461,-218,451,6,-478,-159,-2701,-2487,-422,-519,-804
-221,452,-216,444,4,-470,-106,-2677,-2483,-413,-506,-794
-219,459,-233,461,18,-471,-62,-2656,-2472,-394,-492,-786
-206,488,-284,514,60,-478,-44,-2637,-2454,-369,-476,-772
-188,529,-351,587,118,-489,-38,-2618,-2434,-345,-461,-755
-169,570,-420,660,177,-499,-33,-2600,-2418,-329,-448,-741
-155,598,-470,712,219,-503,-10,-2582,-2409,-323,-441,-732
-149,613,-499,741,241,-505,21,-2567,-2404,-324,-437,-729
-148,621,-515,758,252,-505,35,-2554,-2402,-329,-434,-728
-149,626,-525,767,256,-504,45,-2544,-2402,-340,-436,-731
-151,624,-525,765,253,-499,52,-2535,-2402,-356,-442,-737
-155,618,-518,756,244,-494,51,-2525,-2401,-372,-451,-744
-161,613,-511,748,233,-490,38,-2514,-2397,-385,-461,-750
-166,605,-498,734,220,-484,41,-2501,-2393,-397,-470,-756
-172,598,-485,720,205,-480,73,-2490,-2387,-405,-477,-758
-174,596,-479,715,197,-479,132,-2480,-2380,-408,-481,-756
-175,602,-481,720,196,-482,190,-2478,-2374,-410,-485,-753
-173,617,-493,738,204,-490,226,-2478,-2369,-409,-488,-751
-172,634,-504,756,210,-501,248,-2481,-2368,-412,-493,-749
-174,644,-505,763,208,-511,256,-2489,-2371,-422,-501,-749
-177,652,-502,767,204,-521,234,-2502,-2372,-431,-511,-752
-175,664,-507,779,208,-531,177,-2521,-2374,-441,-521,-755
-179,666,-497,772,198,-537,111,-2544,-2384,-461,-532,-760
-193,649,-457,734,162,-539,50,-2568,-2401,-488,-545,-768
-210,621,-403,680,115,-536,-18,-2591,-2418,-513,-556,-777
-224,595,-354,630,75,-532,-98,-2616,-2429,-527,-566,-782
-232,584,-328,606,53,-535,-198,-2640,-2432,-528,-571,-786
-233,586,-321,604,49,-541,-315,-2658,-2431,-521,-569,-786
-230,586,-318,603,51,-543,-434,-2671,-2429,-507,-563,-785
-225,588,-320,606,57,-545,-573,-2682,-2428,-489,-556,-786
-219,595,-330,618,70,-550,-731,-2695,-2428,-471,-552,-788
-212,597,-338,626,82,-551,-885,-2708,-2427,-460,-552,-792
-206,591,-337,621,87,-546,-1012,-2718,-2423,-450,-557,-799
-202,587,-337,620,92,-544,-1128,-2725,-2418,-441,-566,-805
-200,585,-340,622,98,-544,-1208,-2727,-2413,-436,-575,-809
-200,580,-338,618,99,-542,-1256,-2727,-2408,-431,-583,-815
-198,564,-330,603,96,-532,-1275,-2721,-2405,-433,-587,-819
-198,540,-312,575,86,-517,-1253,-2709,-2403,-441,-591,-822
-198,521,-300,556,80,-504,-1217,-2690,-2398,-443,-591,-822
-195,509,-298,547,82,-493,-1179,-2666,-2390,-438,-588,-820
-191,495,-297,537,85,-479,-1129,-2639,-2384,-429,-583,-818
-188,473,-285,515,80,-461,-1055,-2609,-2377,-420,-578,-817
-181,463,-291,512,89,-448,-978,-2578,-2362,-401,-571,-814
-163,475,-329,544,127,-441,-908,-2548,-2341,-376,-562,-807
-139,501,-386,599,180,-440,-834,-2521,-2320,-354,-552,-799
-119,533,-446,660,233,-445,-756,-2501,-2302,-343,-543,-795
-104,559,-492,707,273,-449,-679,-2484,-2291,-343,-539,-791
-98,577,-521,738,295,-454,-622,-2476,-2286,-348,-538,-793
-96,592,-544,762,311,-459,-601,-2473,-2283,-351,-540,-795
-96,604,-557,778,318,-463,-602,-2478,-2280,-355,-544,-799
-100,608,-559,781,315,-464,-623,-2484,-2282,-358,-548,-804
-104,608,-555,777,308,-463,-654,-2493,-2284,-360,-553,-808
-108,609,-551,774,301,-462,-705,-2499,-2285,-361,-557,-811
-114,607,-540,765,288,-461,-751,-2506,-2289,-363,-558,-814
-122,604,-526,752,270,-461,-817,-2519,-2296,-359,-559,-819
-126,604,-518,746,261,-461,-888,-2533,-2303,-354,-560,-824
-129,611,-516,749,255,-466,-954,-2550,-2307,-348,-562,-830
-129,626,-524,763,258,-473,-1032,-2566,-2308,-342,-563,-837
-130,639,-529,774,259,-482,-1077,-2581,-2312,-343,-569,-844
-136,648,-524,776,249,-491,-1098,-2595,-2318,-352,-577,-854
-144,656,-516,774,237,-502,-1132,-2610,-2325,-367,-588,-865
-147,666,-516,781,234,-512,-1180,-2621,-2328,-380,-600,-872
-151,667,-504,773,222,-516,-1198,-2626,-2332,-394,-610,-877
-162,650,-467,736,189,-514,-1170,-2628,-2342,-413,-622,-884
-177,622,-417,684,144,-508,-1115,-2625,-2353,-430,-632,-890
-190,595,-371,634,104,-502,-1050,-2619,-2360,-440,-642,-893
-197,584,-347,611,83,-503,-994,-2610,-2363,-442,-646,-895
-193,581,-342,606,83,-502,-948,-2595,-2364,-439,-645,-895
-186,577,-342,602,88,-498,-896,-2576,-2362,-433,-643,-893
-179,574,-344,603,96,-495,-858,-2555,-2358,-424,-639,-887
-171,581,-358,617,112,-499,-830,-2537,-2352,-416,-636,-881
-162,589,-375,634,131,-503,-813,-2520,-2347,-410,-634,-873
-154,590,-387,644,147,-503,-795,-2506,-2345,-408,-634,-864
-144,588,-398,650,163,-499,-805,-2495,-2340,-409,-632,-856
-132,582,-407,653,179,-491,-811,-2483,-2336,-415,-627,-848
-127,572,-407,648,185,-485,-823,-2472,-2332,-423,-624,-845
-129,557,-397,632,180,-478,-840,-2454,-2328,-432,-620,-842
-134,532,-374,601,163,-467,-842,-2433,-2324,-445,-620,-841
-141,513,-355,577,149,-461,-853,-2410,-2318,-451,-621,-840
-143,502,-351,568,147,-455,-880,-2385,-2309,-449,-622,-839
-139,492,-353,563,152,-447,-899,-2350,-2298,-442,-619,-836
-136,476,-348,550,153,-433,-901,-2310,-2287,-433,-615,-832
-126,472,-361,556,170,-423,-919,-2270,-2267,-412,-609,-824
-107,487,-403,594,211,-419,-967,-2231,-2242,-386,-596,-814
-84,515,-461,651,265,-421,-1029,-2197,-2215,-360,-583,-806
-64,542,-515,704,315,-423,-1093,-2170,-2191,-336,-572,-799
-50,557,-549,738,347,-422,-1143,-2149,-2174,-324,-567,-796
-47,567,-565,754,359,-425,-1185,-2142,-2166,-327,-568,-796
-48,575,-576,766,365,-428,-1241,-2143,-2160,-334,-571,-798
-48,580,-582,773,368,-427,-1301,-2153,-2155,-341,-574,-802
-49,578,-580,769,365,-424,-1366,-2169,-2155,-352,-580,-807
-51,576,-574,763,359,-420,-1435,-2191,-2157,-366,-588,-816
-54,575,-569,758,351,-418,-1503,-2217,-2161,-381,-594,-825
-60,573,-557,749,338,-418,-1543,-2248,-2166,-395,-600,-835
-65,575,-548,743,327,-419,-1587,-2283,-2170,-401,-604,-840
-68,586,-551,752,325,-426,-1631,-2318,-2171,-398,-601,-840
-71,611,-566,778,331,-443,-1666,-2354,-2164,-388,-596,-839
-73,645,-591,817,345,-465,-1715,-2385,-2154,-376,-590,-836
-74,673,-609,847,354,-483,-1756,-2410,-2147,-369,-586,-833
-78,692,-615,864,355,-498,-1778,-2429,-2143,-366,-584,-834
-84,709,-619,878,352,-513,-1794,-2443,-2139,-362,-583,-838
-84,727,-628,896,357,-526,-1817,-2445,-2137,-358,-583,-843
-87,729,-619,892,348,-530,-1813,-2438,-2142,-364,-584,-850
-102,714,-582,858,313,-530,-1774,-2421,-2151,-375,-591,-859
-121,687,-529,805,265,-525,-1722,-2395,-2161,-390,-600,-870
-139,657,-475,751,217,-520,-1670,-2363,-2163,-401,-607,-880
-149,637,-440,715,186,-514,-1620,-2331,-2159,-404,-610,-887
-152,628,-426,701,174,-513,-1559,-2300,-2152,-401,-609,-890
-155,623,-416,693,167,-513,-1454,-2268,-2147,-393,-607,-892
-159,621,-409,688,160,-517,-1329,-2241,-2141,-380,-604,-892
-164,625,-409,692,157,-526,-1199,-2223,-2136,-367,-602,-889
-169,631,-413,700,157,-535,-1069,-2214,-2136,-359,-597,-887
-176,634,-412,703,153,-545,-935,-2214,-2138,-351,-592,-885
-181,636,-414,707,151,-552,-845,-2216,-2140,-342,-586,-885
-184,634,-415,708,152,-555,-771,-2217,-2140,-337,-580,-886
-190,626,-407,698,144,-556,-722,-2221,-2140,-340,-576,-889
-197,608,-390,675,129,-551,-700,-2218,-2141,-349,-571,-890
-203,578,-362,637,107,-536,-673,-2214,-2143,-362,-570,-892
-208,551,-338,604,89,-523,-681,-2211,-2142,-370,-567,-891
-209,534,-328,586,82,-512,-728,-2201,-2138,-368,-560,-884
-206,519,-324,573,83,-500,-791,-2181,-2130,-359,-547,-873
-204,502,-318,557,80,-487,-859,-2154,-2122,-346,-534,-860
-198,499,-328,561,92,-480,-973,-2125,-2105,-319,-519,-844
-182,515,-368,597,128,-479,-1148,-2094,-2081,-284,-500,-826
-159,542,-424,650,181,-480,-1349,-2071,-2060,-257,-484,-812
-134,567,-479,701,233,-479,-1537,-2061,-2047,-244,-476,-804
-115,576,-512,728,268,-469,-1686,-2058,-2046,-241,-473,-798
-104,574,-524,731,282,-458,-1803,-2064,-2051,-244,-478,-797
-97,571,-531,732,290,-449,-1906,-2070,-2057,-251,-483,-796
-93,568,-533,729,293,-443,-1978,-2076,-2061,-261,-487,-797
-93,559,-524,715,285,-433,-2029,-2081,-2065,-272,-490,-799
-95,549,-511,697,274,-425,-2079,-2090,-2068,-280,-493,-801
-99,546,-501,687,263,-424,-2138,-2102,-2072,-286,-495,-801
-104,543,-490,676,251,-423,-2163,-2115,-2074,-288,-499,-796
-108,542,-481,669,241,-423,-2190,-2132,-2076,-286,-498,-790
-107,547,-483,672,242,-424,-2212,-2149,-2079,-280,-492,-781
-103,559,-493,687,251,-428,-2214,-2167,-2077,-273,-487,-772
-94,580,-516,715,271,-436,-2223,-2182,-2071,-264,-482,-762
-86,599,-536,741,289,-442,-2206,-2192,-2069,-258,-480,-752
-83,615,-546,760,298,-452,-2155,-2197,-2069,-256,-480,-746
-83,632,-556,778,305,-463,-2095,-2198,-2068,-259,-484,-744
-79,652,-573,804,319,-474,-2041,-2195,-2067,-269,-487,-745
-81,657,-569,807,316,-480,-1954,-2184,-2072,-289,-493,-749
-95,640,-531,772,282,-479,-1810,-2169,-2085,-321,-505,-757
-115,611,-475,718,232,-474,-1628,-2155,-2102,-359,-520,-770
-134,579,-419,662,183,-467,-1426,-2143,-2118,-392,-534,-781
-147,558,-379,624,148,-463,-1243,-2133,-2126,-413,-546,-793
-151,543,-356,602,132,-457,-1084,-2120,-2128,-423,-554,-800
-152,530,-339,584,120,-451,-916,-2110,-2130,-427,-561,-809
-154,519,-325,571,111,-447,-761,-2104,-2130,-424,-566,-819
-155,514,-318,565,106,-447,-622,-2099,-2128,-420,-569,-827
-155,509,-313,561,104,-446,-492,-2094,-2125,-414,-573,-833
-154,501,-307,554,101,-443,-371,-2096,-2121,-404,-578,-839
-152,498,-308,555,103,-444,-299,-2101,-2114,-387,-580,-842
-148,499,-316,561,111,-444,-250,-2105,-2104,-371,-577,-840
-148,500,-322,566,115,-447,-228,-2109,-2091,-362,-573,-839
-150,496,-321,564,114,-448,-239,-2105,-2078,-354,-565,-837
-153,484,-312,549,105,-443,-254,-2099,-2067,-348,-557,-837
-152,474,-308,540,104,-437,-291,-2092,-2054,-337,-548,-837
-148,473,-318,545,112,-434,-354,-2078,-2039,-318,-534,-835
-141,474,-333,554,127,-429,-428,-2053,-2024,-295,-518,-828
-134,470,-343,557,138,-422,-504,-2023,-2010,-272,-500,-819
-123,478,-368,577,162,-419,-616,-1992,-1991,-241,-481,-808
-103,504,-421,627,210,-420,-786,-1963,-1965,-208,-461,-798
-80,539,-486,692,269,-426,-998,-1943,-1941,-181,-445,-795
-57,571,-549,752,326,-429,-1227,-1932,-1925,-163,-434,-795
-39,587,-589,787,364,-424,-1434,-1925,-1920,-159,-428,-797
-34,590,-604,797,378,-419,-1619,-1927,-1924,-166,-429,-807
-33,590,-610,799,383,-415,-1816,-1934,-1932,-181,-435,-820
-35,585,-608,793,382,-409,-1990,-1943,-1940,-197,-441,-831
-41,573,-594,774,369,-402,-2127,-1951,-1949,-216,-446,-843
-53,558,-570,746,346,-396,-2224,-1957,-1956,-237,-453,-856
-67,546,-546,720,321,-394,-2291,-1960,-1963,-260,-459,-868
-82,534,-519,693,294,-393,-2313,-1961,-1969,-278,-464,-876
-99,527,-495,671,267,-397,-2332,-1963,-1975,-286,-470,-885
-111,526,-479,659,249,-403,-2338,-1961,-1978,-287,-472,-888
-118,533,-476,661,243,-413,-2333,-1963,-1978,-285,-472,-888
-119,551,-487,680,250,-425,-2342,-1967,-1974,-281,-468,-882
-118,567,-498,698,258,-436,-2338,-1968,-1971,-279,-462,-872
-114,577,-503,708,264,-442,-2311,-1969,-1968,-277,-457,-865
-113,587,-507,718,268,-450,-2282,-1973,-1966,-278,-455,-861
-108,602,-518,736,278,-459,-2268,-1978,-1964,-284,-454,-858
-107,605,-513,735,274,-463,-2235,-1986,-1970,-300,-459,-859
-118,588,-476,700,242,-462,-2155,-1994,-1985,-324,-472,-862
-135,561,-424,648,195,-458,-2049,-1999,-2002,-345,-486,-865
-152,537,-374,601,150,-456,-1939,-2001,-2015,-356,-498,-864
-164,528,-346,578,123,-461,-1851,-2003,-2020,-353,-503,-857
-168,527,-333,570,111,-466,-1778,-2001,-2019,-343,-502,-842
-170,525,-325,566,104,-469,-1702,-1998,-2020,-332,-501,-827
-170,525,-319,564,100,-471,-1643,-1996,-2022,-325,-501,-818
-169,529,-321,569,101,-476,-1604,-1999,-2023,-321,-503,-814
-165,527,-322,571,104,-475,-1577,-2005,-2027,-321,-504,-812
-160,520,-319,566,104,-469,-1542,-2013,-2030,-319,-506,-813
-154,516,-321,566,110,-464,-1526,-2018,-2030,-316,-507,-813
-143,510,-327,568,120,-455,-1504,-2018,-2026,-317,-506,-811
-136,499,-326,561,123,-444,-1485,-2020,-2021,-320,-507,-811
-132,481,-316,543,119,-429,-1476,-2014,-2017,-325,-508,-808
-131,456,-297,514,106,-412,-1452,-2001,-2012,-326,-509,-803
-131,439,-285,496,98,-401,-1440,-1984,-2000,-320,-504,-796
-126,430,-287,491,102,-390,-1449,-1960,-1983,-307,-495,-786
-119,422,-293,489,110,-379,-1459,-1932,-1967,-294,-482,-773
-115,412,-294,482,114,-367,-1459,-1903,-1953,-281,-469,-759
-106,415,-313,495,132,-361,-1477,-1876,-1933,-252,-454,-746
-87,437,-361,541,178,-360,-1521,-1847,-1904,-211,-434,-730
-62,473,-429,608,239,-365,-1572,-1825,-1874,-174,-414,-717
-39,512,-497,678,301,-373,-1620,-1812,-1852,-152,-397,-709
-22,540,-548,728,346,-377,-1640,-1802,-1839,-143,-384,-707
-15,553,-575,752,369,-378,-1637,-1802,-1831,-142,-377,-710
-10,563,-594,769,385,-378,-1642,-1808,-1825,-147,-373,-718
-9,570,-606,780,395,-378,-1638,-1815,-1821,-160,-374,-730
-10,569,-608,779,396,-376,-1629,-1820,-1818,-179,-378,-744
-14,566,-602,771,390,-374,-1621,-1822,-1812,-196,-382,-757
-19,564,-596,764,383,-373,-1630,-1822,-1810,-211,-387,-769
-26,559,-585,753,373,-372,-1630,-1820,-1811,-224,-393,-781
-37,558,-571,742,357,-377,-1647,-1818,-1813,-234,-400,-796
-44,563,-566,741,350,-383,-1673,-1816,-1816,-242,-407,-809
-49,574,-569,751,350,-393,-1698,-1814,-1819,-247,-414,-820
-50,593,-583,773,360,-408,-1731,-1809,-1820,-252,-419,-829
-49,607,-593,790,367,-418,-1758,-1802,-1824,-263,-427,-839
-51,612,-590,792,365,-424,-1781,-1793,-1833,-284,-436,-849
-54,615,-582,789,359,-430,-1814,-1787,-1839,-304,-444,-859
-54,621,-581,794,359,-437,-1863,-1783,-1842,-323,-453,-870
-57,619,-568,786,349,-440,-1899,-1779,-1851,-348,-465,-884
-67,596,-527,745,314,-435,-1909,-1774,-1867,-375,-480,-900
-82,560,-468,684,266,-424,-1905,-1773,-1884,-394,-494,-914
-97,528,-414,628,220,-416,-1896,-1774,-1896,-403,-503,-922
-105,512,-382,597,192,-414,-1902,-1778,-1901,-404,-509,-927
-107,508,-370,588,182,-415,-1921,-1782,-1902,-398,-512,-925
-105,505,-363,582,178,-415,-1929,-1792,-1901,-386,-512,-919
-101,504,-361,582,179,-415,-1951,-1808,-1900,-375,-511,-911
-96,512,-371,594,188,-419,-1981,-1828,-1893,-362,-508,-902
-89,522,-385,609,200,-423,-2005,-1846,-1882,-346,-505,-892
-87,528,-392,618,205,-428,-2019,-1864,-1871,-330,-502,-884
-87,538,-402,631,212,-436,-2045,-1881,-1859,-313,-501,-875
-84,547,-416,646,221,-443,-2056,-1891,-1848,-302,-499,-864
-86,552,-422,652,223,-448,-2065,-1898,-1838,-302,-501,-859
-88,546,-418,644,218,-445,-2068,-1897,-1831,-308,-504,-857
-92,527,-400,619,203,-435,-2041,-1885,-1826,-314,-504,-855
-97,511,-386,598,189,-427,-2002,-1864,-1816,-310,-499,-851
-97,500,-382,586,185,-418,-1955,-1834,-1804,-297,-490,-844
-94,486,-378,573,184,-405,-1892,-1792,-1793,-280,-479,-832
-92,464,-366,550,176,-388,-1801,-1740,-1778,-258,-465,-817
-86,456,-371,546,183,-376,-1704,-1684,-1756,-228,-448,-800
-70,469,-407,578,218,-371,-1617,-1630,-1728,-192,-427,-779
-48,493,-461,629,267,-371,-1532,-1578,-1700,-159,-404,-758
-29,519,-512,678,314,-372,-1448,-1531,-1677,-138,-385,-741
-15,532,-544,708,344,-370,-1359,-1489,-1666,-135,-373,-731
-10,536,-559,719,358,-367,-1267,-1456,-1663,-142,-368,-729
-10,541,-569,729,365,-368,-1192,-1427,-1662,-153,-371,-729
-8,542,-575,733,370,-366,-1129,-1405,-1659,-165,-376,-729
-10,539,-573,729,368,-364,-1079,-1388,-1656,-178,-382,-727
-15,537,-568,725,363,-364,-1039,-1378,-1655,-191,-390,-725
-19,538,-566,725,360,-365,-1017,-1377,-1658,-208,-397,-725
-24,535,-559,718,354,-364,-988,-1387,-1662,-225,-404,-728
-30,533,-549,711,344,-365,-964,-1404,-1666,-233,-408,-732
-34,537,-547,713,342,-370,-938,-1422,-1669,-234,-409,-733
-40,549,-550,725,342,-381,-916,-1444,-1668,-229,-410,-737
-43,568,-563,747,350,-395,-921,-1469,-1665,-222,-410,-741
-46,584,-572,765,355,-407,-947,-1495,-1665,-221,-414,-747
-51,592,-569,770,351,-415,-992,-1522,-1667,-230,-424,-755
-57,596,-562,771,345,-422,-1067,-1558,-1671,-244,-437,-768
-58,605,-564,779,346,-430,-1173,-1592,-1679,-260,-450,-782
-64,605,-552,772,335,-434,-1280,-1621,-1693,-286,-463,-796
-83,586,-509,732,295,-434,-1380,-1640,-1712,-317,-480,-812
-105,552,-447,670,240,-427,-1482,-1648,-1728,-339,-492,-826
-124,516,-386,606,186,-417,-1585,-1648,-1736,-351,-496,-839
-136,492,-344,564,151,-410,-1709,-1643,-1738,-356,-498,-849
-141,483,-325,545,135,-409,-1856,-1631,-1739,-354,-498,-855
-142,474,-310,530,124,-406,-1987,-1617,-1736,-347,-497,-859
-143,468,-300,518,116,-404,-2102,-1600,-1732,-339,-492,-863
-143,469,-297,516,112,-407,-2196,-1581,-1725,-327,-487,-869
-140,469,-297,516,113,-408,-2255,-1562,-1716,-318,-483,-873
-136,464,-295,511,113,-406,-2272,-1545,-1705,-312,-483,-876
-131,459,-294,506,114,-402,-2274,-1530,-1696,-302,-484,-879
-124,455,-296,503,119,-397,-2243,-1515,-1688,-294,-485,-880
-120,447,-293,494,117,-393,-2193,-1504,-1680,-288,-486,-885
-117,431,-281,474,109,-382,-2135,-1495,-1679,-290,-490,-892
-116,404,-258,439,92,-366,-2044,-1489,-1681,-297,-495,-897
-115,380,-238,408,78,-351,-1941,-1482,-1679,-298,-497,-896
-109,366,-233,393,76,-340,-1842,-1474,-1672,-289,-494,-893
-103,357,-235,386,80,-332,-1736,-1464,-1663,-277,-487,-886
-97,344,-232,374,80,-320,-1616,-1455,-1655,-264,-477,-876
-87,343,-246,382,95,-314,-1516,-1448,-1640,-237,-463,-863
-67,363,-292,424,137,-315,-1442,-1442,-1621,-206,-444,-846
-44,395,-352,484,193,-320,-1372,-1440,-1601,-181,-425,-830
-25,427,-409,542,243,-328,-1299,-1440,-1586,-162,-408,-815
-12,447,-448,581,277,-333,-1220,-1440,-1578,-147,-392,-801
-11,458,-466,600,290,-338,-1143,-1444,-1571,-138,-378,-794
-13,466,-478,614,297,-343,-1090,-1447,-1565,-132,-367,-786
-14,469,-486,621,302,-343,-1044,-1456,-1560,-127,-353,-776
-16,468,-487,621,302,-340,-998,-1467,-1558,-130,-340,-767
-18,467,-488,622,303,-337,-954,-1480,-1556,-135,-331,-762
-20,468,-491,626,305,-335,-919,-1488,-1553,-141,-324,-757
-23,466,-488,624,303,-332,-877,-1488,-1550,-143,-317,-753
-30,464,-481,619,295,-331,-851,-1487,-1547,-143,-311,-748
-34,467,-480,621,293,-331,-830,-1480,-1541,-134,-301,-739
-36,476,-487,633,299,-335,-819,-1472,-1533,-121,-290,-733
-34,491,-503,656,313,-340,-837,-1467,-1524,-110,-279,-727
-33,503,-512,671,321,-345,-865,-1464,-1520,-107,-274,-722
-36,508,-511,676,321,-348,-896,-1468,-1519,-111,-276,-720
-42,516,-510,682,318,-355,-942,-1479,-1522,-121,-283,-722
-46,528,-514,694,320,-365,-1010,-1492,-1526,-135,-289,-726
-55,529,-501,687,307,-371,-1070,-1498,-1536,-153,-293,-728
-76,513,-459,651,267,-375,-1112,-1497,-1550,-174,-299,-730
-100,489,-405,599,216,-375,-1150,-1492,-1565,-194,-305,-733
-122,464,-354,550,168,-375,-1192,-1484,-1575,-204,-307,-733
-135,451,-323,521,140,-376,-1249,-1474,-1578,-202,-306,-727
-138,452,-315,517,133,-380,-1313,-1459,-1575,-192,-298,-713
-141,456,-311,518,129,-387,-1358,-1444,-1571,-179,-288,-698
-146,463,-308,521,124,-397,-1392,-1433,-1565,-167,-276,-684
-150,473,-309,529,121,-409,-1426,-1427,-1559,-152,-265,-674
-154,479,-308,532,118,-417,-1459,-1423,-1556,-140,-258,-667
-158,480,-302,528,109,-424,-1484,-1424,-1556,-132,-256,-666
-161,481,-297,525,103,-428,-1516,-1428,-1557,-123,-255,-667
-160,480,-296,523,101,-429,-1526,-1431,-1558,-122,-256,-668
-160,476,-291,516,95,-427,-1518,-1435,-1557,-126,-256,-668
-159,465,-280,501,86,-421,-1493,-1430,-1555,-131,-253,-667
-160,443,-259,471,69,-408,-1435,-1420,-1550,-133,-247,-668
-156,422,-242,445,57,-392,-1369,-1411,-1543,-126,-239,-669
-148,407,-237,431,57,-377,-1299,-1402,-1534,-116,-231,-670
-137,393,-237,420,61,-359,-1217,-1387,-1527,-107,-223,-670
-127,375,-231,403,61,-341,-1120,-1371,-1521,-100,-218,-671
-113,370,-243,407,75,-328,-1033,-1357,-1509,-83,-214,-674
-87,385,-287,445,119,-319,-969,-1345,-1491,-60,-207,-678
-57,414,-349,506,179,-318,-917,-1333,-1475,-39,-201,-682
-30,445,-412,567,237,-319,-873,-1320,-1465,-25,-195,-689
-9,465,-455,609,278,-318,-827,-1303,-1462,-17,-190,-697
1,474,-478,630,299,-316,-788,-1286,-1461,-15,-190,-707
6,484,-496,647,314,-317,-778,-1269,-1461,-16,-199,-718
7,492,-508,661,323,-319,-779,-1255,-1462,-25,-214,-732
6,492,-510,662,324,-318,-785,-1242,-1465,-40,-228,-746
5,486,-505,654,321,-311,-794,-1232,-1471,-55,-244,-762
5,479,-499,646,319,-304,-817,-1224,-1480,-73,-261,-777
1,470,-488,633,311,-298,-826,-1219,-1488,-89,-277,-788
-7,462,-473,619,298,-297,-859,-1221,-1492,-100,-295,-798
-13,459,-465,611,292,-296,-905,-1224,-1491,-107,-307,-804
-17,465,-467,618,293,-302,-947,-1236,-1485,-104,-316,-810
-17,484,-484,642,308,-313,-1003,-1253,-1480,-103,-324,-814
-19,500,-499,663,320,-324,-1039,-1275,-1479,-109,-333,-818
-23,511,-503,674,324,-333,-1044,-1299,-1481,-121,-343,-824
-32,523,-506,684,323,-347,-1035,-1326,-1481,-128,-354,-830
-39,541,-515,702,328,-364,-1024,-1353,-1478,-132,-361,-836
-49,547,-508,701,319,-376,-976,-1374,-1477,-148,-368,-843
-70,529,-468,663,282,-379,-870,-1390,-1483,-174,-379,-853
-95,501,-412,606,230,-378,-723,-1400,-1490,-200,-391,-865
-121,475,-357,552,177,-381,-560,-1406,-1495,-221,-399,-874
-143,462,-320,519,140,-388,-413,-1409,-1494,-231,-402,-878
-153,457,-303,505,124,-395,-302,-1405,-1491,-233,-401,-878
-156,453,-293,496,116,-397,-227,-1400,-1490,-229,-398,-880
-159,449,-286,489,109,-399,-194,-1393,-1490,-222,-396,-883
-159,450,-285,490,108,-404,-197,-1387,-1487,-212,-392,-886
-158,449,-285,490,108,-406,-235,-1380,-1483,-203,-388,-886
-157,444,-280,483,104,-405,-295,-1376,-1481,-198,-388,-886
-153,437,-277,478,104,-401,-382,-1373,-1481,-192,-388,-884
-143,425,-277,471,108,-391,-464,-1370,-1482,-191,-390,-880
-136,408,-268,454,105,-377,-544,-1370,-1487,-197,-395,-876
-132,384,-250,427,94,-360,-620,-1370,-1495,-204,-399,-870
-129,351,-223,388,75,-338,-670,-1370,-1502,-212,-402,-860
-123,321,-201,355,62,-316,-704,-1369,-1504,-213,-401,-848
-116,304,-194,339,60,-301,-723,-1364,-1500,-203,-394,-832
-104,291,-196,333,66,-285,-713,-1355,-1497,-190,-381,-814
-95,276,-194,321,68,-268,-666,-1344,-1495,-174,-365,-794
-82,272,-205,326,81,-257,-615,-1335,-1487,-147,-348,-774
-61,287,-244,362,119,-252,-576,-1329,-1474,-116,-330,-755
-36,315,-299,417,169,-254,-540,-1329,-1463,-89,-314,-742
-12,341,-352,470,218,-255,-491,-1330,-1459,-75,-303,-736
7,352,-384,498,251,-247,-434,-1329,-1462,-70,-296,-731
19,349,-394,502,264,-235,-378,-1330,-1469,-71,-294,-731
25,346,-398,502,270,-227,-347,-1332,-1474,-76,-295,-732
27,344,-398,499,270,-222,-323,-1332,-1477,-84,-297,-736
25,338,-390,489,264,-216,-309,-1332,-1481,-96,-300,-743
21,331,-378,476,253,-211,-307,-1330,-1485,-107,-303,-751
17,331,-372,471,247,-210,-316,-1324,-1488,-116,-306,-759
10,334,-366,468,239,-213,-307,-1314,-1489,-122,-307,-765
1,342,-362,470,231,-221,-305,-1302,-1490,-124,-308,-771
-4,355,-366,479,231,-229,-305,-1284,-1490,-121,-305,-772
-8,373,-377,498,237,-241,-312,-1268,-1490,-116,-302,-775
-9,401,-398,530,252,-259,-355,-1252,-1493,-110,-299,-778
-13,427,-416,559,262,-276,-412,-1239,-1500,-110,-300,-782
-19,446,-424,576,265,-291,-470,-1232,-1509,-118,-302,-789
-26,467,-432,595,267,-309,-533,-1232,-1515,-129,-306,-800
-29,493,-450,624,279,-328,-606,-1238,-1518,-135,-307,-810
-33,505,-453,634,279,-338,-670,-1246,-1525,-146,-311,-820
-47,493,-422,606,251,-340,-715,-1255,-1538,-164,-321,-834
-66,470,-375,559,208,-338,-747,-1262,-1550,-182,-333,-849
-83,447,-331,515,168,-335,-761,-1268,-1554,-194,-340,-862
-94,437,-307,493,145,-337,-768,-1277,-1551,-197,-343,-873
-98,438,-301,491,138,-342,-778,-1280,-1545,-193,-343,-878
-99,438,-299,490,137,-344,-774,-1280,-1536,-185,-342,-880
-98,437,-298,489,136,-346,-764,-1277,-1524,-173,-338,-881
-97,438,-300,492,139,-349,-754,-1273,-1509,-163,-333,-884
-95,437,-303,494,142,-350,-740,-1265,-1492,-155,-328,-883
-92,431,-304,492,143,-348,-711,-1255,-1476,-146,-324,-881
-90,430,-308,494,148,-348,-695,-1245,-1458,-135,-319,-877
-84,426,-316,498,156,-345,-668,-1234,-1443,-127,-318,-871
-80,416,-314,491,158,-339,-628,-1225,-1430,-129,-321,-869
-76,394,-303,469,152,-324,-577,-1215,-1424,-141,-322,-868
-76,363,-280,433,137,-305,-498,-1204,-1421,-156,-326,-868
-76,336,-260,403,124,-289,-411,-1193,-1416,-167,-328,-864
-73,317,-252,385,120,-276,-332,-1178,-1408,-172,-326,-858
-68,300,-246,370,119,-262,-255,-1159,-1404,-171,-321,-850
-67,282,-237,352,114,-249,-169,-1139,-1400,-165,-315,-842
-61,278,-246,355,123,-243,-71,-1121,-1388,-147,-304,-832
-49,298,-284,393,157,-247,33,-1104,-1370,-119,-289,-819
-33,329,-337,449,204,-256,147,-1091,-1352,-92,-274,-807
-18,363,-390,507,249,-268,277,-1078,-1338,-74,-260,-797
-7,386,-428,546,282,-274,425,-1064,-1330,-65,-248,-788
-6,398,-445,564,294,-279,582,-1057,-1323,-62,-243,-785
-8,407,-454,574,300,-283,728,-1054,-1317,-66,-242,-784
-10,411,-457,578,301,-284,861,-1053,-1313,-76,-243,-783
-15,412,-452,574,295,-285,983,-1051,-1312,-90,-244,-782
-23,412,-443,566,283,-286,1095,-1052,-1316,-103,-244,-782
-29,410,-432,557,273,-285,1183,-1052,-1321,-112,-242,-782
-36,404,-416,540,259,-281,1259,-1051,-1327,-120,-241,-781
-47,402,-398,525,240,-283,1293,-1054,-1331,-127,-242,-782
-54,402,-387,517,228,-285,1298,-1055,-1334,-130,-242,-779
-58,407,-381,515,222,-288,1287,-1061,-1334,-128,-241,-776
-57,419,-386,526,226,-294,1237,-1071,-1336,-123,-242,-772
-58,431,-390,535,229,-300,1158,-1084,-1344,-124,-247,-769
-60,437,-385,535,224,-305,1069,-1098,-1352,-132,-254,-766
-64,443,-379,534,218,-312,965,-1114,-1358,-139,-260,-765
-65,454,-382,542,219,-320,833,-1126,-1362,-148,-266,-764
-67,455,-372,536,211,-324,697,-1139,-1371,-164,-273,-762
-81,435,-330,495,174,-322,580,-1153,-1385,-180,-283,-765
-101,401,-269,431,119,-315,473,-1164,-1398,-193,-290,-769
-120,366,-207,366,65,-307,367,-1174,-1408,-195,-294,-771
-132,343,-166,323,29,-302,251,-1186,-1411,-187,-295,-770
-134,332,-146,303,14,-300,128,-1196,-1411,-171,-290,-764
-133,323,-134,290,6,-297,21,-1210,-1412,-158,-282,-758
-133,318,-126,282,0,-298,-77,-1225,-1413,-145,-273,-754
-133,322,-128,287,1,-305,-173,-1239,-1412,-131,-262,-751
-131,327,-133,295,5,-310,-273,-1251,-1411,-120,-256,-750
-127,327,-138,300,10,-312,-378,-1261,-1411,-112,-254,-750
-122,330,-148,310,20,-314,-496,-1266,-1410,-102,-254,-750
-114,336,-164,326,35,-316,-596,-1266,-1410,-98,-254,-749
-109,337,-174,335,45,-317,-670,-1265,-1410,-100,-258,-754
-104,329,-176,333,50,-310,-710,-1256,-1410,-103,-263,-756
-102,310,-166,316,45,-297,-701,-1241,-1409,-108,-267,-759
-98,292,-158,301,42,-284,-671,-1222,-1404,-110,-269,-763
-92,280,-161,296,48,-272,-624,-1196,-1397,-105,-267,-764
-83,267,-164,291,56,-257,-559,-1163,-1389,-99,-263,-763
-77,248,-159,278,57,-240,-480,-1126,-1378,-91,-259,-762
-69,246,-172,287,71,-231,-413,-1091,-1362,-76,-252,-759
-51,267,-219,333,114,-231,-371,-1056,-1337,-50,-240,-751
-27,300,-283,399,173,-235,-335,-1021,-1311,-22,-226,-744
-5,334,-348,466,230,-241,-296,-990,-1288,1,-215,-739
11,360,-396,516,272,-244,-237,-961,-1271,11,-207,-737
18,374,-422,543,293,-245,-154,-940,-1259,11,-206,-740
22,384,-441,562,308,-245,-59,-925,-1251,7,-206,-744
23,388,-451,572,315,-243,35,-919,-1247,-1,-210,-749
19,388,-449,569,309,-242,98,-917,-1244,-15,-217,-752
10,383,-437,556,295,-240,127,-920,-1241,-24,-224,-755
1,377,-423,543,279,-239,127,-926,-1238,-30,-228,-758
-9,370,-406,525,259,-237,126,-930,-1230,-34,-229,-760
-22,367,-388,509,238,-240,99,-936,-1218,-33,-228,-762
-32,370,-379,504,224,-247,53,-941,-1209,-30,-226,-762
-36,379,-380,508,222,-254,-17,-953,-1201,-24,-225,-764
-33,393,-392,524,231,-261,-128,-967,-1194,-17,-225,-768
-31,405,-400,535,237,-267,-253,-979,-1189,-14,-224,-772
-35,412,-396,536,232,-276,-378,-985,-1186,-17,-225,-776
-42,421,-391,536,224,-288,-508,-991,-1186,-23,-228,-783
-46,434,-392,545,222,-302,-639,-995,-1185,-28,-233,-788
-52,438,-383,540,211,-312,-749,-997,-1192,-41,-241,-791
-67,424,-345,504,176,-315,-829,-996,-1206,-62,-252,-794
-85,395,-292,448,129,-311,-883,-991,-1220,-79,-262,-793
-102,364,-237,390,82,-305,-932,-987,-1233,-93,-269,-788
-112,345,-202,354,53,-303,-989,-985,-1240,-101,-272,-783
-112,337,-189,341,46,-301,-1053,-980,-1244,-103,-269,-773
-110,331,-181,331,43,-299,-1104,-979,-1246,-103,-266,-762
-110,326,-172,323,38,-299,-1148,-983,-1248,-106,-262,-752
-111,324,-167,319,36,-302,-1184,-991,-1250,-110,-257,-742
-110,320,-164,315,37,-302,-1216,-997,-1255,-115,-253,-732
-109,310,-156,304,34,-296,-1237,-1002,-1261,-119,-250,-723
-107,302,-151,297,35,-291,-1266,-1006,-1266,-120,-244,-711
-99,291,-151,290,41,-281,-1277,-1005,-1266,-116,-234,-697
-94,277,-146,279,44,-269,-1275,-1004,-1263,-113,-224,-684
-89,259,-137,262,43,-254,-1262,-999,-1261,-113,-215,-674
-89,232,-116,231,31,-235,-1221,-991,-1257,-109,-205,-664
-89,208,-97,204,19,-219,-1175,-978,-1250,-100,-194,-651
-87,193,-91,191,18,-205,-1131,-964,-1242,-90,-183,-638
-81,180,-90,183,21,-191,-1081,-944,-1237,-79,-172,-628
-78,167,-86,172,21,-177,-1019,-926,-1234,-72,-166,-623
-71,164,-97,179,33,-169,-961,-910,-1227,-59,-161,-618
-54,182,-138,219,70,-166,-927,-896,-1213,-40,-155,-611
-33,209,-192,274,119,-167,-896,-885,-1200,-22,-150,-605
-12,235,-244,326,167,-167,-860,-877,-1192,-10,-150,-603
3,245,-275,354,195,-160,-805,-869,-1194,-8,-154,-605
9,243,-284,359,203,-152,-742,-866,-1198,-16,-163,-612
13,238,-286,356,204,-144,-708,-869,-1205,-32,-176,-621
15,227,-280,346,199,-132,-687,-878,-1212,-53,-190,-632
13,213,-267,326,186,-120,-668,-887,-1219,-71,-204,-645
8,201,-251,307,169,-113,-655,-896,-1223,-86,-215,-659
2,195,-240,296,155,-110,-640,-903,-1227,-97,-224,-671
-7,190,-226,283,137,-111,-600,-911,-1230,-110,-233,-680
-16,187,-211,270,119,-113,-560,-922,-1232,-121,-240,-690
-20,190,-208,269,112,-115,-523,-929,-1230,-122,-241,-697
-19,203,-219,285,117,-124,-494,-938,-1222,-118,-238,-703
-16,229,-244,317,134,-139,-505,-944,-1212,-106,-232,-705
-13,254,-267,349,151,-154,-543,-948,-1203,-97,-225,-703
-11,277,-286,375,163,-169,-591,-952,-1196,-88,-219,-701
-11,299,-302,400,173,-186,-659,-958,-1187,-82,-214,-703
-8,322,-323,428,189,-201,-746,-962,-1175,-78,-208,-706
-8,331,-325,434,190,-210,-822,-966,-1171,-85,-206,-710
-21,318,-292,403,160,-213,-871,-971,-1177,-101,-212,-719
-40,288,-237,346,112,-209,-906,-971,-1187,-119,-222,-729
-58,252,-177,281,61,-201,-930,-968,-1194,-130,-229,-738
-70,223,-130,231,23,-193,-951,-963,-1198,-130,-232,-746
-75,206,-103,202,4,-188,-966,-952,-1199,-120,-230,-750
-78,195,-85,182,-9,-187,-951,-939,-1197,-107,-228,-752
-80,191,-74,173,-15,-189,-923,-922,-1192,-89,-226,-749
-81,196,-75,177,-14,-197,-884,-904,-1184,-66,-222,-742
-80,202,-80,184,-8,-204,-831,-884,-1173,-45,-216,-735
-80,205,-82,188,-3,-210,-771,-870,-1164,-26,-212,-731
-77,212,-91,198,7,-215,-728,-862,-1155,-10,-209,-729
-69,217,-104,211,22,-216,-669,-856,-1147,0,-206,-727
-63,216,-111,215,33,-214,-605,-855,-1140,5,-205,-727
-59,207,-108,208,36,-207,-560,-852,-1134,7,-203,-725
-59,190,-94,188,28,-196,-505,-850,-1129,6,-199,-721
-60,179,-86,174,23,-189,-460,-848,-1120,6,-193,-712
-56,176,-91,176,30,-184,-437,-841,-1106,12,-183,-700
-49,176,-103,186,44,-178,-425,-827,-1093,21,-173,-686
-43,175,-114,193,55,-172,-413,-806,-1078,34,-163,-670
-32,188,-143,221,82,-170,-411,-782,-1056,59,-152,-654
-12,223,-206,287,138,-177,-435,-756,-1027,93,-137,-634
12,271,-284,371,206,-189,-472,-729,-996,131,-118,-613
34,318,-360,454,270,-203,-514,-704,-970,161,-101,-595
51,349,-414,511,317,-208,-561,-679,-952,180,-87,-580
58,368,-447,546,343,-212,-624,-659,-939,188,-78,-569
61,386,-476,577,363,-218,-724,-638,-927,194,-71,-560
62,405,-501,606,379,-226,-831,-618,-916,193,-67,-551
58,418,-515,625,385,-234,-936,-597,-906,187,-63,-542
48,433,-525,641,383,-246,-1033,-577,-897,181,-60,-534
38,452,-538,662,384,-262,-1131,-554,-888,172,-56,-525
27,468,-545,677,379,-276,-1199,-530,-879,166,-47,-513
13,482,-548,688,371,-292,-1255,-511,-870,164,-38,-501
5,502,-560,708,372,-309,-1292,-494,-859,170,-23,-485
0,530,-582,741,381,-330,-1298,-484,-846,181,-6,-468
-2,571,-619,791,403,-357,-1296,-474,-832,196,12,-451
-5,612,-654,841,423,-387,-1257,-463,-818,207,29,-435
-13,647,-677,878,432,-416,-1177,-454,-805,219,45,-421
-21,682,-699,915,440,-447,-1081,-451,-796,227,58,-412
-27,720,-726,956,453,-478,-985,-448,-787,234,71,-404
-34,743,-736,977,454,-501,-863,-440,-787,231,81,-399
-50,740,-711,958,427,-512,-694,-431,-796,218,83,-400
-70,725,-670,919,385,-519,-497,-417,-805,205,82,-404
-90,713,-631,886,346,-529,-303,-402,-808,196,78,-408
-106,718,-613,876,324,-547,-132,-383,-801,199,78,-409
-115,732,-612,886,318,-566,20,-355,-785,214,85,-405
-122,750,-617,901,318,-587,195,-322,-764,234,95,-400
-130,772,-626,922,320,-612,379,-287,-741,255,107,-393
-138,795,-637,946,324,-637,558,-251,-717,282,123,-387
-143,815,-649,968,331,-657,723,-216,-695,305,138,-383
-147,831,-656,984,335,-675,872,-186,-674,323,149,-381
-151,851,-671,1009,345,-695,975,-155,-653,340,159,-381
-154,874,-690,1039,359,-714,1060,-120,-631,358,171,-378
-159,895,-705,1063,368,-734,1125,-88,-607,372,181,-378
-163,912,-718,1085,376,-749,1165,-56,-588,382,192,-380
-171,924,-724,1098,378,-762,1210,-28,-570,389,201,-386
-179,937,-731,1114,379,-777,1236,-3,-548,404,210,-392
-184,954,-747,1137,389,-789,1227,22,-522,430,225,-393
-182,971,-768,1163,405,-797,1202,48,-495,457,244,-387
-182,983,-783,1183,417,-802,1180,75,-468,485,265,-378
-176,1002,-812,1217,441,-808,1128,103,-435,522,286,-365
-158,1038,-869,1280,491,-816,1032,133,-396,565,310,-349
-138,1086,-942,1361,553,-830,910,162,-356,608,336,-335
-119,1136,-1016,1444,614,-846,775,188,-320,641,359,-323
-105,1174,-1074,1509,662,-857,652,214,-293,665,377,-310
-99,1199,-1109,1549,688,-864,545,234,-270,685,389,-301
-96,1217,-1134,1578,705,-870,422,251,-246,701,400,-290
-95,1232,-1156,1603,718,-874,304,263,-224,714,412,-280
-94,1239,-1168,1615,725,-874,204,274,-206,724,426,-269
-95,1242,-1174,1620,726,-872,126,283,-190,735,439,-259
-98,1247,-1180,1626,726,-874,53,296,-175,745,451,-248
-106,1253,-1182,1631,720,-880,7,313,-160,755,465,-235
-116,1263,-1184,1637,711,-891,-38,327,-144,769,480,-221
-121,1275,-1193,1650,712,-901,-80,345,-126,787,498,-202
-121,1295,-1213,1675,723,-914,-108,360,-105,808,515,-184
-116,1325,-1248,1717,747,-932,-148,375,-84,830,530,-167
-109,1355,-1284,1760,774,-948,-168,391,-67,845,543,-151
-107,1378,-1308,1790,790,-964,-158,407,-52,856,555,-136
-108,1403,-1329,1819,801,-984,-134,418,-39,863,563,-125
-107,1432,-1358,1856,820,-1006,-112,426,-27,868,571,-118
-110,1450,-1370,1875,825,-1023,-63,436,-18,864,579,-113
-123,1446,-1349,1858,802,-1033,16,447,-15,852,581,-107
-144,1433,-1310,1823,762,-1043,107,458,-13,845,583,-99
-168,1427,-1275,1796,723,-1059,200,471,-7,847,589,-87
-189,1440,-1262,1795,700,-1086,274,484,2,857,599,-72
-203,1463,-1267,1814,695,-1115,328,500,12,870,617,-52
-211,1488,-1278,1839,699,-1141,392,515,23,885,637,-29
-216,1515,-1295,1869,708,-1167,450,525,33,906,657,-7
-219,1548,-1321,1909,725,-1193,498,526,40,931,676,14
-217,1578,-1349,1949,747,-1215,535,522,46,952,692,35
-216,1603,-1371,1981,764,-1234,565,510,54,974,709,55
-214,1630,-1398,2018,785,-1251,559,488,62,997,725,77
-207,1657,-1429,2058,812,-1266,556,461,67,1012,742,101
-204,1679,-1452,2089,832,-1278,560,427,69,1019,757,124
-204,1693,-1466,2109,843,-1286,559,391,68,1024,770,145
-207,1700,-1470,2117,845,-1291,570,351,62,1026,784,167
-210,1711,-1478,2130,850,-1297,551,308,59,1032,799,186
-210,1728,-1496,2155,863,-1305,480,264,58,1043,815,203
-207,1744,-1518,2181,881,-1310,377,224,55,1057,834,224
-204,1754,-1534,2199,895,-1310,261,185,48,1069,850,242
-199,1775,-1563,2232,919,-1316,99,147,43,1088,870,263
-183,1809,-1617,2291,966,-1324,-137,111,44,1114,894,285
-162,1851,-1684,2364,1024,-1334,-419,72,49,1138,917,304
-145,1894,-1749,2437,1080,-1347,-717,35,52,1157,935,316
-133,1925,-1796,2489,1119,-1357,-989,-1,47,1168,947,326
-131,1943,-1822,2517,1137,-1364,-1240,-36,38,1169,951,332
-132,1958,-1840,2539,1148,-1371,-1511,-66,29,1170,953,338
-132,1965,-1851,2551,1154,-1374,-1777,-91,22,1172,956,346
-134,1965,-1853,2551,1154,-1373,-2010,-107,16,1174,962,353
-139,1965,-1850,2549,1147,-1375,-2201,-116,16,1177,969,362
-144,1967,-1849,2549,1141,-1380,-2366,-113,19,1179,979,375
-154,1970,-1844,2546,1130,-1388,-2476,-96,24,1185,992,390
-164,1975,-1839,2544,1118,-1399,-2559,-75,35,1196,1008,405
-170,1986,-1844,2554,1115,-1413,-2624,-47,49,1213,1029,424
-172,2005,-1860,2576,1123,-1429,-2651,-21,66,1229,1049,441
-170,2033,-1887,2611,1139,-1451,-2663,-2,81,1244,1071,456
-167,2054,-1909,2639,1154,-1467,-2624,10,89,1251,1089,469
-164,2062,-1914,2646,1158,-1475,-2521,13,89,1249,1101,479
-160,2059,-1912,2642,1157,-1476,-2384,2,84,1236,1105,484
-151,2053,-1911,2636,1161,-1470,-2241,-21,73,1217,1106,486
-139,2026,-1892,2605,1154,-1449,-2064,-51,53,1190,1102,484
-136,1975,-1839,2535,1120,-1418,-1841,-83,24,1153,1090,479
-137,1908,-1767,2441,1070,-1378,-1589,-115,-8,1118,1077,474
-137,1840,-1694,2347,1020,-1336,-1327,-145,-40,1092,1066,470
-133,1785,-1640,2275,987,-1300,-1090,-178,-65,1081,1061,468
-122,1746,-1607,2227,972,-1269,-884,-210,-84,1082,1065,473
-112,1713,-1582,2188,962,-1242,-678,-244,-99,1088,1072,479
-102,1684,-1561,2155,955,-1218,-492,-278,-110,1100,1081,486
-93,1663,-1548,2133,954,-1198,-330,-317,-119,1110,1090,491
-84,1645,-1540,2117,956,-1180,-191,-356,-131,1116,1098,496
-74,1625,-1529,2097,957,-1160,-61,-394,-144,1118,1104,501
-63,1606,-1523,2082,963,-1138,24,-427,-156,1123,1110,507
-49,1589,-1520,2070,972,-1116,90,-448,-161,1127,1117,517
-42,1571,-1511,2053,973,-1097,139,-461,-161,1132,1126,526
-38,1547,-1494,2027,967,-1075,157,-462,-161,1134,1135,538
-38,1515,-1465,1988,951,-1050,169,-457,-161,1131,1143,549
-38,1488,-1441,1956,937,-1028,147,-450,-162,1133,1153,560
-37,1472,-1430,1939,932,-1012,87,-439,-160,1140,1166,571
-33,1457,-1422,1925,931,-996,12,-422,-155,1149,1181,584
-33,1438,-1405,1903,921,-978,-63,-401,-149,1157,1196,596
-30,1428,-1401,1895,921,-965,-173,-378,-134,1175,1212,609
-16,1436,-1426,1919,948,-958,-334,-355,-111,1199,1229,625
2,1453,-1463,1956,986,-953,-523,-338,-89,1222,1242,639
23,1465,-1498,1988,1022,-944,-718,-331,-75,1229,1250,649
38,1464,-1514,1998,1042,-930,-893,-326,-72,1220,1250,651
44,1450,-1507,1985,1041,-914,-1050,-331,-76,1201,1240,643
46,1431,-1492,1963,1032,-898,-1219,-340,-85,1175,1224,630
47,1408,-1468,1931,1015,-880,-1380,-350,-98,1143,1204,615
44,1378,-1436,1889,990,-862,-1529,-360,-115,1104,1184,598
39,1346,-1398,1841,959,-842,-1659,-375,-136,1064,1160,575
33,1314,-1359,1792,928,-825,-1771,-388,-159,1025,1136,551
25,1279,-1314,1737,890,-807,-1825,-396,-184,991,1110,529
15,1244,-1267,1680,850,-791,-1861,-408,-210,963,1083,506
9,1216,-1229,1634,819,-778,-1884,-418,-235,941,1058,486
4,1194,-1200,1598,794,-770,-1882,-429,-256,925,1035,466
4,1180,-1181,1573,779,-763,-1879,-437,-273,912,1013,447
3,1162,-1159,1544,763,-755,-1847,-442,-293,893,987,425
1,1138,-1129,1505,740,-744,-1774,-448,-318,860,956,399
-3,1109,-1093,1459,712,-732,-1679,-463,-346,821,919,365
-3,1079,-1060,1415,689,-716,-1587,-483,-376,776,881,328
-6,1040,-1015,1356,657,-696,-1466,-502,-408,727,840,290
-19,986,-944,1272,600,-673,-1296,-519,-445,674,795,249
-38,921,-859,1171,531,-646,-1100,-530,-481,623,751,208
-53,851,-773,1066,464,-612,-902,-536,-512,578,707,166
-60,787,-700,974,411,-577,-725,-543,-537,538,667,123
-61,730,-642,898,373,-542,-576,-547,-559,500,630,83
-60,675,-587,825,338,-506,-417,-550,-581,466,592,43
-59,621,-536,756,307,-470,-264,-549,-600,432,556,2
-56,574,-494,698,283,-438,-128,-544,-614,400,521,-36
-55,531,-454,644,260,-408,-15,-536,-628,372,487,-72
-56,485,-411,587,234,-378,84,-529,-640,348,450,-110
-57,444,-373,537,210,-351,134,-525,-654,326,415,-152
-55,402,-337,487,191,-320,169,-520,-671,301,382,-193
-55,357,-297,433,166,-288,196,-518,-686,270,347,-237
-57,308,-251,371,137,-254,208,-513,-699,239,316,-278
-62,252,-195,300,99,-217,229,-511,-714,209,285,-316
-66,200,-145,234,64,-182,225,-516,-726,187,255,-350
-68,162,-110,188,41,-154,185,-519,-736,177,231,-380
-65,129,-84,151,27,-127,133,-515,-743,170,210,-405
-63,96,-56,113,10,-101,89,-506,-749,168,190,-429
-58,76,-46,95,7,-81,24,-497,-747,181,175,-448
-43,82,-69,117,33,-72,-86,-487,-739,200,165,-459
-21,100,-112,159,75,-67,-226,-481,-732,219,158,-467
2,118,-154,200,117,-62,-373,-479,-730,227,149,-476
22,123,-180,222,146,-50,-501,-475,-732,226,139,-487
35,120,-190,228,160,-38,-618,-474,-737,218,126,-503
45,116,-195,229,167,-27,-755,-473,-740,203,111,-519
54,110,-196,225,171,-16,-883,-470,-743,180,95,-537
60,98,-188,212,166,-4,-999,-465,-745,153,79,-554
62,88,-176,196,156,5,-1106,-459,-749,126,65,-572
61,82,-166,186,146,8,-1209,-457,-759,103,52,-590
57,76,-151,169,130,10,-1271,-457,-771,81,39,-607
49,69,-132,151,110,9,-1317,-462,-786,63,25,-624
45,70,-125,145,100,4,-1347,-467,-800,51,14,-638
42,83,-129,153,98,-7,-1350,-478,-810,47,7,-650
43,106,-148,179,109,-24,-1355,-491,-817,45,3,-658
44,128,-166,202,120,-40,-1333,-505,-826,38,0,-663
42,140,-171,210,121,-52,-1266,-519,-837,26,-6,-669
38,148,-171,213,118,-62,-1175,-536,-848,11,-17,-679
37,157,-175,217,119,-71,-1087,-558,-863,-13,-31,-691
32,151,-161,201,106,-73,-979,-581,-885,-47,-47,-702
20,119,-114,146,67,-63,-831,-603,-912,-87,-67,-716
3,74,-49,70,13,-47,-669,-621,-938,-127,-86,-730
-11,25,16,-9,-39,-27,-512,-631,-959,-160,-106,-745
-20,-13,64,-68,-76,-10,-375,-637,-974,-184,-124,-757
-23,-39,95,-108,-96,4,-260,-632,-986,-196,-136,-761
-23,-61,118,-140,-110,16,-133,-622,-997,-206,-146,-764
-25,-79,137,-166,-121,25,-6,-604,-1005,-209,-153,-764
-27,-91,150,-183,-129,29,115,-583,-1008,-205,-159,-763
-32,-97,160,-194,-135,28,224,-559,-1008,-199,-164,-761
-39,-105,172,-207,-145,27,323,-538,-1008,-192,-168,-759
-43,-113,182,-218,-151,28,381,-519,-1007,-184,-171,-761
-43,-123,188,-228,-152,34,426,-498,-1005,-181,-174,-763
-44,-139,201,-246,-160,43,455,-483,-1004,-184,-182,-769
-46,-163,223,-276,-173,59,460,-469,-1008,-194,-193,-776
-52,-199,259,-321,-198,79,474,-459,-1014,-202,-204,-786
-58,-233,294,-365,-224,100,464,-454,-1016,-206,-211,-794
-60,-259,318,-396,-239,117,416,-453,-1011,-204,-215,-800
-59,-283,335,-420,-248,137,353,-452,-1007,-198,-216,-805
-57,-308,354,-446,-259,157,300,-452,-1001,-189,-218,-810
-50,-321,357,-454,-256,173,264,-455,-989,-170,-218,-815
-32,-313,327,-426,-224,184,273,-458,-972,-144,-213,-815
-9,-290,277,-374,-175,187,352,-467,-957,-122,-211,-817
13,-262,225,-318,-127,186,408,-486,-952,-111,-212,-822
26,-245,192,-282,-97,187,413,-506,-957,-117,-218,-833
30,-237,180,-266,-88,188,377,-531,-966,-131,-228,-852
29,-230,174,-254,-86,186,281,-552,-978,-148,-243,-874
26,-225,173,-248,-88,184,161,-569,-992,-169,-260,-897
19,-227,184,-255,-102,185,31,-580,-1006,-191,-277,-918
9,-235,203,-272,-123,187,-109,-587,-1020,-213,-295,-939
1,-239,219,-284,-140,188,-279,-589,-1032,-238,-313,-961
-8,-245,236,-299,-160,188,-440,-589,-1040,-264,-329,-984
-16,-252,256,-316,-180,189,-607,-593,-1046,-282,-343,-1007
-19,-254,266,-324,-190,190,-775,-596,-1048,-288,-351,-1022
-18,-247,263,-319,-189,186,-912,-599,-1043,-284,-353,-1031
-13,-223,241,-290,-172,173,-1040,-602,-1035,-273,-353,-1035
-6,-198,214,-257,-150,160,-1126,-603,-1029,-262,-350,-1033
0,-180,196,-234,-135,150,-1146,-605,-1022,-249,-344,-1027
3,-160,178,-212,-122,137,-1126,-615,-1013,-234,-338,-1020
7,-134,153,-182,-103,120,-1087,-629,-1000,-221,-330,-1011
7,-121,145,-170,-98,108,-1006,-641,-993,-218,-323,-1002
-6,-130,170,-196,-123,102,-871,-653,-993,-225,-319,-998
-24,-154,215,-245,-165,102,-703,-659,-998,-234,-318,-997
-44,-181,263,-298,-210,104,-523,-656,-999,-238,-318,-995
-56,-199,295,-334,-239,105,-360,-653,-996,-235,-316,-989
-63,-207,309,-352,-252,103,-216,-643,-990,-225,-313,-979
-67,-215,319,-367,-261,102,-50,-631,-986,-213,-310,-969
-73,-219,327,-377,-269,98,115,-615,-988,-200,-306,-963
-75,-223,330,-384,-271,97,270,-596,-989,-190,-302,-959
-76,-228,332,-390,-272,96,409,-570,-988,-185,-298,-955
-79,-236,338,-401,-277,97,538,-543,-986,-182,-294,-953
-80,-243,340,-408,-278,99,621,-516,-981,-174,-289,-950
-77,-251,340,-414,-275,105,684,-488,-977,-169,-284,-947
-76,-265,347,-428,-278,113,728,-467,-973,-165,-282,-945
-77,-286,364,-453,-289,125,743,-446,-972,-166,-278,-943
-80,-316,392,-491,-310,143,759,-431,-973,-168,-275,-940
-80,-345,416,-526,-326,162,736,-420,-972,-165,-273,-935
-73,-369,428,-549,-329,182,658,-411,-970,-158,-270,-927
-61,-390,434,-565,-325,204,559,-401,-968,-144,-261,-914
-52,-413,445,-586,-326,226,469,-389,-965,-126,-251,-899
-40,-423,441,-588,-316,241,346,-376,-954,-101,-241,-883
-17,-413,406,-556,-277,249,162,-361,-933,-70,-228,-867
10,-388,353,-503,-225,251,-57,-345,-905,-40,-218,-853
36,-363,303,-451,-175,251,-279,-326,-875,-20,-212,-848
55,-352,274,-422,-143,258,-466,-297,-852,-14,-212,-853
66,-356,268,-419,-132,268,-620,-262,-832,-20,-224,-868
74,-367,273,-428,-131,281,-773,-216,-809,-32,-241,-890
81,-383,285,-444,-134,298,-905,-157,-782,-45,-259,-913
86,-407,307,-473,-145,319,-1005,-78,-752,-59,-278,-938
93,-440,337,-514,-161,347,-1070,17,-717,-73,-297,-966
101,-476,369,-558,-177,379,-1117,131,-677,-86,-319,-997
108,-518,408,-611,-199,413,-1110,264,-632,-98,-340,-1030
112,-559,450,-665,-224,446,-1083,413,-579,-104,-360,-1068
119,-598,485,-714,-242,479,-1039,587,-515,-100,-378,-1107
132,-635,513,-757,-253,513,-955,777,-436,-97,-398,-1152
149,-665,530,-788,-252,546,-860,987,-344,-93,-421,-1202
166,-698,549,-822,-253,581,-723,1214,-242,-90,-446,-1255
181,-738,578,-868,-262,618,-533,1451,-130,-90,-475,-1312
191,-775,607,-913,-274,650,-309,1696,-7,-84,-504,-1372
202,-806,628,-948,-280,678,-71,1952,131,-72,-532,-1431
212,-845,659,-996,-293,711,206,2219,277,-57,-562,-1492
210,-898,715,-1069,-331,745,536,2488,428,-41,-592,-1552
198,-954,783,-1153,-384,773,888,2762,590,-16,-617,-1608
179,-999,845,-1226,-437,790,1235,3034,765,25,-635,-1657
163,-1025,886,-1272,-474,796,1551,3297,951,80,-646,-1701
157,-1038,902,-1292,-488,799,1839,3555,1141,142,-652,-1738
156,-1048,910,-1305,-493,804,2143,3802,1331,203,-659,-1771
159,-1055,910,-1311,-490,810,2432,4035,1517,269,-660,-1800
165,-1051,896,-1300,-476,809,2696,4246,1705,341,-655,-1821
171,-1039,873,-1277,-455,804,2935,4435,1893,422,-639,-1830
176,-1023,846,-1249,-435,795,3155,4597,2079,514,-611,-1823
181,-992,805,-1201,-403,776,3314,4727,2263,619,-571,-1798
189,-947,747,-1132,-359,750,3425,4829,2438,730,-517,-1755
192,-895,686,-1057,-317,717,3477,4898,2606,846,-453,-1699
193,-835,621,-973,-274,676,3466,4948,2770,973,-372,-1627
188,-765,552,-880,-232,626,3441,4988,2937,1119,-273,-1541
182,-676,464,-760,-179,563,3375,5029,3116,1290,-156,-1440
178,-564,354,-611,-109,486,3260,5081,3309,1483,-22,-1325
177,-441,230,-445,-30,403,3122,5150,3510,1689,127,-1197
174,-315,107,-277,48,318,2982,5229,3710,1898,284,-1062
174,-177,-31,-92,138,228,2796,5316,3913,2115,451,-919
186,-22,-197,125,253,133,2544,5416,4123,2346,635,-762
205,145,-380,360,386,36,2264,5532,4342,2595,835,-591
227,315,-569,601,523,-62,1979,5658,4571,2863,1053,-408
243,482,-748,834,650,-161,1710,5798,4814,3153,1293,-206
250,647,-915,1056,762,-265,1465,5948,5087,3477,1559,14
253,820,-1085,1286,875,-376,1226,6111,5395,3846,1857,257
257,1000,-1263,1526,993,-491,1012,6275,5736,4259,2190,528
260,1188,-1448,1776,1115,-612,820,6426,6101,4711,2559,822
259,1388,-1641,2039,1241,-745,635,6545,6482,5194,2957,1138
256,1603,-1846,2319,1373,-888,442,6618,6869,5705,3384,1479
246,1835,-2062,2618,1509,-1047,273,6628,7247,6231,3832,1842
229,2091,-2295,2944,1651,-1227,91,6562,7612,6773,4301,2223
210,2371,-2551,3301,1809,-1424,-110,6419,7963,7333,4793,2628
188,2673,-2827,3686,1979,-1639,-328,6191,8292,7906,5303,3052
167,2997,-3126,4101,2166,-1868,-591,5876,8585,8477,5827,3494
141,3336,-3436,4531,2356,-2110,-866,5484,8834,9035,6358,3949
110,3678,-3746,4966,2546,-2358,-1139,5017,9037,9574,6894,4412
75,4031,-4064,5412,2737,-2617,-1428,4474,9192,10097,7432,4884
38,4401,-4397,5879,2938,-2888,-1738,3859,9299,10604,7977,5366
-7,4774,-4726,6345,3131,-3167,-2035,3181,9347,11084,8519,5853
-68,5135,-5027,6786,3295,-3451,-2303,2448,9340,11541,9053,6342
-136,5486,-5313,7209,3444,-3732,-2566,1679,9294,11986,9585,6835
-201,5832,-5596,7628,3593,-4008,-2837,883,9219,12427,10114,7332
-261,6184,-5892,8058,3753,-4285,-3135,63,9123,12861,10639,7828
-314,6539,-6197,8497,3924,-4560,-3460,-772,9004,13283,11156,8318
-364,6881,-6492,8921,4089,-4825,-3770,-1614,8861,13685,11656,8795
-413,7208,-6773,9325,4246,-5080,-4091,-2453,8701,14072,12139,9256
-460,7522,-7044,9714,4396,-5325,-4422,-3278,8534,14441,12599,9698
-501,7815,-7300,10079,4541,-5553,-4749,-4083,8359,14782,13031,10116
-536,8079,-7532,10409,4672,-5757,-5065,-4873,8172,15091,13436,10509
-562,8321,-7752,10716,4801,-5939,-5419,-5655,7969,15360,13812,10878
-577,8541,-7959,11000,4929,-6100,-5793,-6428,7748,15585,14162,11228
-590,8734,-8143,11250,5042,-6242,-6175,-7190,7517,15769,14484,11554
-599,8895,-8298,11460,5137,-6359,-6565,-7925,7280,15915,14779,11859
-607,9023,-8421,11626,5213,-6452,-6933,-8635,7038,16021,15044,12141
-612,9132,-8528,11769,5279,-6529,-7305,-9316,6795,16089,15276,12397
-614,9232,-8628,11901,5342,-6599,-7687,-9960,6551,16118,15471,12624
-614,9319,-8718,12018,5400,-6657,-8052,-10556,6310,16108,15628,12822
-620,9393,-8788,12113,5441,-6710,-8377,-11098,6073,16063,15747,12990
-627,9469,-8859,12210,5483,-6764,-8684,-11588,5849,15990,15827,13126
-629,9556,-8946,12324,5538,-6821,-8986,-12024,5637,15880,15864,13227
-632,9644,-9032,12439,5593,-6879,-9265,-12401,5432,15728,15849,13284
-642,9718,-9098,12531,5630,-6932,-9505,-12716,5229,15527,15781,13293
-666,9767,-9125,12581,5633,-6976,-9677,-12967,5022,15275,15659,13256
-706,9788,-9107,12582,5594,-7012,-9789,-13165,4805,14966,15480,13168
-753,9784,-9057,12545,5531,-7036,-9885,-13317,4564,14600,15244,13031
-799,9749,-8975,12466,5446,-7038,-9950,-13436,4292,14173,14953,12847
-845,9675,-8854,12335,5337,-7014,-9986,-13528,3980,13685,14611,12619
-891,9566,-8698,12158,5203,-6966,-9991,-13597,3629,13137,14219,12350
-934,9424,-8510,11938,5051,-6895,-9977,-13647,3239,12534,13785,12045
-970,9240,-8288,11667,4881,-6792,-9919,-13677,2814,11889,13315,11709
-998,9018,-8034,11350,4694,-6659,-9842,-13686,2364,11217,12813,11345
-1012,8764,-7761,10999,4504,-6496,-9744,-13664,1900,10526,12287,10962
-1012,8481,-7474,10619,4314,-6305,-9617,-13617,1427,9820,11738,10559
-996,8176,-7178,10219,4128,-6090,-9490,-13547,946,9102,11172,10139
-972,7845,-6865,9791,3936,-5853,-9331,-13455,458,8371,10592,9703
-947,7491,-6531,9333,3731,-5602,-9130,-13344,-38,7622,9995,9252
-919,7124,-6187,8860,3522,-5340,-8911,-13222,-542,6866,9386,8789
-886,6753,-5845,8386,3316,-5073,-8694,-13087,-1047,6117,8775,8323
-853,6365,-5486,7889,3099,-4796,-8440,-12935,-1557,5375,8166,7860
-827,5954,-5096,7356,2858,-4508,-8136,-12775,-2074,4629,7551,7390
-806,5526,-4688,6800,2600,-4212,-7818,-12607,-2593,3888,6935,6915
-782,5090,-4275,6235,2342,-3909,-7499,-12426,-3107,3160,6322,6440
-750,4663,-3879,5688,2099,-3607,-7203,-12236,-3610,2449,5712,5961
-711,4252,-3508,5167,1877,-3312,-6931,-12027,-4096,1758,5108,5483
-671,3852,-3150,4664,1665,-3023,-6640,-11806,-4558,1097,4513,5009
-633,3468,-2808,4180,1461,-2745,-6346,-11574,-4994,475,3936,4543
-597,3108,-2487,3728,1270,-2486,-6058,-11334,-5397,-97,3384,4092
-564,2769,-2186,3303,1090,-2242,-5776,-11083,-5763,-621,2859,3653
-533,2444,-1898,2895,917,-2008,-5493,-10823,-6088,-1093,2358,3227
-501,2136,-1626,2510,754,-1784,-5236,-10548,-6362,-1512,1887,2813
-467,1842,-1372,2147,605,-1567,-4974,-10254,-6588,-1882,1446,2418
-435,1559,-1126,1795,459,-1359,-4712,-9950,-6763,-2205,1032,2036
-402,1278,-884,1448,317,-1150,-4466,-9628,-6891,-2482,652,1675
-371,997,-639,1099,171,-942,-4202,-9295,-6975,-2712,302,1333
-341,727,-403,764,30,-741,-3951,-8949,-7012,-2893,-18,1011
-311,477,-188,455,-98,-552,-3723,-8594,-7009,-3028,-308,707
-278,243,11,167,-212,-372,-3500,-8233,-6976,-3136,-574,420
-248,21,202,-107,-324,-202,-3270,-7869,-6918,-3221,-816,150
-218,-173,365,-344,-416,-49,-3059,-7508,-6832,-3278,-1032,-103
-179,-332,485,-530,-474,87,-2891,-7150,-6724,-3308,-1224,-336
-137,-463,576,-677,-509,206,-2756,-6803,-6607,-3327,-1397,-554
-98,-581,655,-808,-539,315,-2643,-6472,-6487,-3343,-1558,-761
-64,-699,743,-946,-577,421,-2523,-6155,-6366,-3356,-1707,-957
-44,-816,842,-1090,-631,517,-2401,-5858,-6248,-3366,-1844,-1146
-27,-923,935,-1224,-683,605,-2310,-5577,-6130,-3371,-1967,-1325
-13,-1022,1025,-1350,-733,687,-2227,-5314,-6012,-3371,-2073,-1493
-1,-1121,1116,-1478,-785,765,-2149,-5072,-5900,-3369,-2168,-1652
8,-1214,1204,-1600,-837,838,-2073,-4850,-5791,-3370,-2256,-1802
14,-1292,1283,-1705,-883,899,-2014,-4643,-5684,-3368,-2334,-1940
16,-1364,1359,-1805,-931,951,-1946,-4448,-5577,-3365,-2402,-2065
16,-1430,1431,-1898,-977,997,-1887,-4268,-5473,-3356,-2462,-2181
18,-1484,1489,-1974,-1011,1036,-1837,-4098,-5369,-3342,-2513,-2284
22,-1525,1532,-2032,-1034,1067,-1787,-3944,-5262,-3322,-2557,-2377
30,-1554,1559,-2071,-1043,1091,-1764,-3804,-5156,-3300,-2593,-2459
37,-1581,1584,-2107,-1052,1113,-1731,-3676,-5053,-3278,-2623,-2529
41,-1608,1612,-2145,-1064,1131,-1666,-3554,-4953,-3253,-2651,-2590
42,-1630,1636,-2177,-1075,1145,-1594,-3440,-4851,-3227,-2675,-2647
47,-1643,1647,-2194,-1075,1153,-1541,-3332,-4747,-3199,-2693,-2697
48,-1662,1666,-2221,-1083,1163,-1475,-3224,-4643,-3172,-2709,-2742
39,-1697,1712,-2275,-1116,1175,-1369,-3116,-4543,-3149,-2725,-2779
22,-1739,1769,-2342,-1162,1187,-1244,-3006,-4446,-3124,-2738,-2811
3,-1778,1825,-2405,-1209,1195,-1118,-2892,-4344,-3090,-2746,-2837
-10,-1802,1861,-2446,-1240,1197,-1005,-2770,-4227,-3040,-2742,-2851
-16,-1811,1872,-2459,-1249,1194,-902,-2631,-4096,-2978,-2727,-2850
-19,-1809,1867,-2454,-1246,1186,-777,-2476,-3957,-2902,-2700,-2838
-21,-1795,1849,-2432,-1234,1169,-649,-2306,-3811,-2815,-2666,-2817
-21,-1768,1815,-2391,-1211,1147,-518,-2123,-3659,-2720,-2625,-2786
-19,-1739,1777,-2345,-1184,1125,-379,-1930,-3502,-2623,-2577,-2746
-18,-1712,1740,-2301,-1159,1104,-233,-1737,-3345,-2527,-2527,-2701
-17,-1678,1697,-2250,-1131,1080,-119,-1546,-3187,-2428,-2471,-2655
-12,-1644,1650,-2195,-1098,1058,-9,-1357,-3031,-2333,-2411,-2607
-10,-1618,1613,-2151,-1073,1042,102,-1174,-2876,-2247,-2356,-2564
-10,-1600,1586,-2120,-1058,1029,201,-999,-2727,-2171,-2302,-2521
-13,-1594,1576,-2109,-1056,1025,313,-834,-2587,-2103,-2251,-2484
-14,-1592,1568,-2101,-1054,1025,407,-678,-2452,-2036,-2202,-2450
-10,-1587,1553,-2087,-1044,1028,469,-527,-2324,-1970,-2153,-2415
-3,-1581,1534,-2069,-1030,1032,522,-379,-2205,-1902,-2106,-2377
4,-1579,1522,-2059,-1020,1039,585,-234,-2091,-1832,-2060,-2339
14,-1566,1495,-2031,-998,1042,633,-95,-1975,-1754,-2012,-2297
36,-1529,1435,-1966,-946,1036,640,41,-1856,-1670,-1960,-2253
64,-1476,1354,-1877,-875,1025,632,165,-1741,-1590,-1910,-2213
94,-1422,1271,-1786,-801,1014,628,280,-1638,-1524,-1865,-2180
118,-1378,1205,-1713,-741,1006,646,392,-1549,-1472,-1827,-2153
131,-1345,1160,-1662,-703,997,679,491,-1472,-1433,-1797,-2132
141,-1313,1121,-1616,-670,987,692,578,-1404,-1405,-1772,-2117
149,-1282,1087,-1574,-641,977,697,654,-1348,-1384,-1752,-2108
152,-1258,1065,-1545,-622,967,703,723,-1303,-1372,-1736,-2103
152,-1240,1053,-1527,-613,958,718,787,-1265,-1362,-1722,-2101
149,-1220,1042,-1509,-605,946,739,845,-1235,-1353,-1707,-2099
144,-1203,1035,-1494,-601,933,790,901,-1209,-1348,-1694,-2099
137,-1183,1030,-1480,-599,916,831,950,-1183,-1342,-1682,-2101
134,-1159,1016,-1457,-589,897,863,998,-1157,-1333,-1669,-2099
130,-1126,995,-1422,-574,872,897,1038,-1131,-1319,-1657,-2097
130,-1086,962,-1375,-550,843,901,1070,-1108,-1302,-1648,-2097
127,-1048,935,-1333,-531,813,899,1093,-1092,-1298,-1643,-2102
119,-1019,922,-1307,-526,785,907,1108,-1082,-1303,-1645,-2112
105,-993,916,-1287,-529,755,905,1114,-1075,-1313,-1654,-2127
95,-968,907,-1264,-528,728,882,1116,-1068,-1323,-1664,-2144
85,-960,913,-1263,-538,711,877,1114,-1067,-1341,-1679,-2162
67,-978,954,-1303,-576,708,918,1107,-1077,-1369,-1699,-2183
43,-1012,1015,-1367,-632,710,986,1103,-1089,-1398,-1719,-2204
18,-1049,1079,-1434,-692,713,1064,1102,-1097,-1422,-1737,-2221
-3,-1077,1130,-1486,-740,715,1128,1101,-1096,-1431,-1748,-2234
-13,-1099,1161,-1521,-768,719,1170,1107,-1088,-1430,-1752,-2240
-19,-1119,1185,-1549,-788,725,1225,1117,-1077,-1424,-1754,-2244
-23,-1133,1201,-1569,-803,729,1278,1133,-1062,-1412,-1754,-2246
-24,-1144,1209,-1581,-810,732,1330,1154,-1042,-1395,-1752,-2245
-20,-1157,1212,-1591,-811,742,1379,1179,-1020,-1375,-1748,-2240
-14,-1173,1217,-1603,-811,754,1441,1204,-997,-1357,-1746,-2234
-9,-1182,1214,-1606,-808,763,1481,1230,-970,-1337,-1744,-2227
0,-1189,1204,-1602,-797,772,1521,1262,-942,-1319,-1743,-2220
6,-1197,1198,-1603,-791,782,1562,1294,-913,-1311,-1744,-2217
10,-1213,1202,-1614,-792,796,1591,1331,-888,-1310,-1745,-2217
10,-1240,1219,-1642,-805,815,1638,1369,-863,-1313,-1746,-2219
11,-1263,1233,-1665,-815,833,1655,1406,-839,-1313,-1748,-2222
16,-1280,1237,-1677,-816,850,1629,1445,-818,-1307,-1747,-2221
24,-1296,1237,-1687,-812,868,1589,1485,-799,-1302,-1741,-2216
33,-1316,1240,-1700,-809,890,1553,1519,-784,-1301,-1736,-2213
44,-1324,1230,-1697,-796,905,1491,1549,-767,-1292,-1728,-2210
65,-1311,1191,-1661,-757,912,1377,1574,-748,-1273,-1716,-2206
89,-1285,1136,-1606,-705,913,1231,1594,-732,-1255,-1704,-2204
110,-1255,1083,-1549,-657,909,1070,1608,-723,-1244,-1695,-2203
125,-1235,1046,-1511,-622,907,925,1621,-721,-1240,-1688,-2202
132,-1227,1030,-1495,-607,909,800,1625,-721,-1242,-1685,-2204
139,-1223,1021,-1485,-597,911,661,1624,-723,-1247,-1684,-2209
143,-1217,1013,-1476,-589,912,523,1621,-728,-1258,-1684,-2216
145,-1213,1011,-1472,-587,912,393,1614,-738,-1276,-1686,-2228
145,-1211,1014,-1473,-589,912,288,1606,-749,-1292,-1688,-2240
143,-1205,1018,-1472,-593,908,202,1602,-758,-1305,-1689,-2251
137,-1200,1025,-1475,-601,901,168,1607,-764,-1312,-1688,-2260
127,-1193,1037,-1480,-615,891,146,1615,-764,-1311,-1686,-2267
122,-1182,1039,-1475,-618,880,123,1630,-761,-1303,-1682,-2269
122,-1161,1029,-1455,-610,866,117,1641,-755,-1297,-1681,-2272
121,-1125,1003,-1416,-592,842,97,1647,-749,-1287,-1680,-2272
121,-1087,976,-1375,-573,816,101,1653,-744,-1280,-1682,-2269
118,-1055,956,-1342,-560,792,156,1660,-738,-1280,-1687,-2266
112,-1025,941,-1314,-552,768,238,1667,-730,-1283,-1692,-2266
108,-996,925,-1286,-542,744,322,1674,-721,-1290,-1697,-2266
102,-980,922,-1275,-543,728,429,1681,-718,-1304,-1707,-2267
86,-987,952,-1302,-572,721,585,1688,-722,-1325,-1722,-2271
66,-1009,1000,-1350,-616,720,766,1697,-727,-1342,-1736,-2276
45,-1029,1046,-1396,-659,719,950,1705,-733,-1354,-1751,-2281
33,-1043,1076,-1425,-686,718,1110,1714,-736,-1361,-1764,-2288
26,-1050,1092,-1441,-699,716,1249,1726,-737,-1363,-1771,-2292
21,-1059,1107,-1457,-712,717,1410,1738,-737,-1365,-1778,-2297
18,-1069,1120,-1473,-722,720,1574,1745,-738,-1369,-1785,-2302
14,-1076,1129,-1483,-730,721,1734,1747,-739,-1373,-1790,-2307
10,-1083,1136,-1493,-738,720,1876,1747,-740,-1375,-1791,-2311
6,-1093,1146,-1506,-747,723,2001,1741,-738,-1377,-1793,-2314
6,-1101,1149,-1512,-750,726,2076,1731,-735,-1374,-1792,-2313
8,-1107,1146,-1514,-747,731,2117,1728,-729,-1371,-1789,-2307
8,-1120,1152,-1525,-752,738,2135,1723,-720,-1368,-1787,-2302
6,-1143,1168,-1550,-764,752,2123,1725,-712,-1366,-1785,-2296
2,-1177,1196,-1591,-787,772,2125,1732,-706,-1364,-1783,-2290
-3,-1209,1224,-1628,-811,789,2107,1742,-696,-1355,-1780,-2285
-6,-1233,1241,-1655,-826,804,2051,1757,-683,-1342,-1775,-2278
-3,-1257,1253,-1676,-833,822,1984,1779,-671,-1327,-1770,-2266
-1,-1282,1265,-1699,-841,841,1927,1806,-659,-1310,-1766,-2254
6,-1291,1259,-1699,-834,853,1841,1836,-639,-1282,-1758,-2240
23,-1277,1220,-1661,-797,856,1700,1867,-611,-1246,-1743,-2223
47,-1249,1161,-1602,-744,855,1536,1899,-579,-1211,-1729,-2207
71,-1220,1102,-1542,-690,853,1374,1929,-547,-1187,-1716,-2195
85,-1201,1063,-1501,-655,852,1240,1957,-523,-1176,-1707,-2188
90,-1194,1046,-1484,-641,853,1132,1972,-510,-1179,-1708,-2190
92,-1189,1037,-1474,-635,853,1005,1978,-506,-1188,-1714,-2199
95,-1186,1029,-1466,-628,855,888,1974,-509,-1206,-1723,-2210
95,-1186,1029,-1464,-628,858,792,1967,-515,-1222,-1729,-2222
90,-1185,1033,-1467,-633,858,721,1960,-519,-1233,-1733,-2233
85,-1181,1036,-1466,-638,855,660,1955,-526,-1241,-1734,-2244
78,-1177,1043,-1468,-647,850,639,1951,-534,-1247,-1732,-2251
66,-1169,1051,-1468,-659,839,622,1945,-542,-1252,-1732,-2257
56,-1153,1051,-1459,-665,824,603,1941,-550,-1253,-1733,-2262
46,-1130,1044,-1440,-666,804,602,1934,-555,-1247,-1731,-2265
41,-1096,1023,-1405,-653,780,583,1924,-557,-1239,-1731,-2272
38,-1061,999,-1367,-637,756,573,1913,-561,-1237,-1735,-2278
34,-1030,981,-1337,-627,733,586,1902,-566,-1242,-1739,-2284
28,-998,966,-1307,-619,709,609,1891,-568,-1247,-1745,-2288
26,-966,944,-1274,-604,686,625,1882,-566,-1247,-1748,-2291
25,-949,937,-1259,-599,674,659,1874,-573,-1258,-1753,-2299
16,-958,964,-1286,-622,673,742,1866,-589,-1280,-1762,-2311
1,-984,1013,-1339,-664,680,880,1860,-610,-1305,-1774,-2325
-15,-1014,1067,-1397,-710,688,1045,1857,-629,-1327,-1783,-2339
-26,-1037,1107,-1441,-744,694,1202,1854,-639,-1340,-1789,-2348
-30,-1050,1130,-1466,-761,697,1340,1856,-642,-1344,-1788,-2351
-31,-1062,1147,-1488,-774,702,1481,1859,-642,-1344,-1783,-2353
-30,-1074,1161,-1506,-782,708,1615,1863,-637,-1341,-1777,-2353
-27,-1080,1165,-1513,-783,710,1746,1866,-626,-1333,-1771,-2352
-24,-1084,1165,-1517,-781,711,1866,1870,-613,-1324,-1763,-2348
-21,-1094,1170,-1527,-783,715,1973,1868,-600,-1315,-1758,-2346
-19,-1102,1172,-1533,-783,718,2028,1865,-586,-1305,-1754,-2343
-11,-1112,1169,-1537,-776,725,2074,1863,-571,-1295,-1750,-2339
-5,-1126,1171,-1547,-774,735,2118,1859,-557,-1289,-1751,-2337
-1,-1146,1179,-1564,-778,747,2136,1862,-544,-1289,-1751,-2332
-2,-1174,1199,-1595,-793,762,2169,1871,-531,-1289,-1750,-2326
-5,-1198,1217,-1621,-807,773,2183,1885,-511,-1279,-1747,-2319
-4,-1210,1220,-1629,-809,780,2159,1906,-488,-1264,-1741,-2308
3,-1220,1214,-1631,-802,790,2124,1938,-463,-1246,-1732,-2292
8,-1232,1211,-1634,-798,800,2102,1978,-438,-1225,-1723,-2275
16,-1227,1190,-1615,-780,802,2054,2023,-408,-1197,-1713,-2257
33,-1198,1137,-1558,-734,794,1947,2069,-371,-1162,-1701,-2234
53,-1153,1064,-1478,-673,778,1802,2114,-335,-1125,-1690,-2212
74,-1110,994,-1400,-614,764,1639,2155,-307,-1102,-1684,-2193
90,-1080,942,-1343,-570,756,1491,2190,-291,-1095,-1683,-2181
97,-1064,915,-1313,-548,753,1382,2211,-285,-1100,-1686,-2178
99,-1051,896,-1290,-536,748,1265,2225,-283,-1113,-1690,-2177
100,-1043,885,-1276,-528,747,1150,2231,-285,-1128,-1696,-2179
98,-1042,885,-1273,-529,750,1050,2231,-289,-1147,-1705,-2182
94,-1041,889,-1275,-535,752,965,2228,-292,-1164,-1712,-2186
88,-1035,891,-1272,-540,749,883,2223,-293,-1176,-1713,-2189
81,-1031,898,-1273,-549,746,836,2217,-290,-1181,-1707,-2190
71,-1025,906,-1274,-561,740,797,2207,-284,-1178,-1698,-2192
67,-1014,904,-1266,-561,735,756,2197,-279,-1168,-1685,-2191
68,-997,893,-1248,-553,728,731,2182,-272,-1159,-1675,-2194
71,-970,870,-1216,-536,715,691,2167,-266,-1150,-1665,-2200
73,-942,849,-1184,-519,700,665,2155,-264,-1149,-1660,-2206
73,-923,838,-1166,-512,689,672,2146,-264,-1154,-1658,-2212
72,-907,833,-1154,-508,678,694,2135,-261,-1159,-1659,-2217
75,-892,823,-1139,-499,670,709,2125,-255,-1165,-1659,-2223
76,-885,824,-1138,-498,666,748,2123,-253,-1174,-1659,-2229
66,-896,852,-1166,-524,665,837,2126,-257,-1191,-1665,-2239
46,-914,897,-1210,-566,661,954,2135,-263,-1212,-1674,-2251
24,-934,946,-1258,-612,658,1075,2147,-268,-1229,-1683,-2266
10,-948,980,-1292,-645,655,1173,2159,-268,-1240,-1689,-2279
5,-954,996,-1308,-658,652,1245,2177,-263,-1248,-1689,-2290
3,-959,1006,-1320,-666,650,1332,2202,-253,-1249,-1688,-2297
0,-962,1012,-1327,-671,646,1410,2233,-238,-1236,-1686,-2297
3,-964,1013,-1329,-670,644,1471,2264,-221,-1215,-1682,-2296
7,-966,1009,-1329,-664,644,1520,2296,-203,-1196,-1679,-2293
14,-975,1010,-1336,-660,650,1566,2322,-189,-1182,-1679,-2292
22,-986,1012,-1344,-656,658,1580,2343,-177,-1170,-1681,-2291
31,-998,1010,-1350,-648,668,1593,2364,-168,-1161,-1685,-2291
37,-1015,1016,-1364,-648,679,1621,2382,-156,-1156,-1691,-2297
40,-1035,1029,-1386,-655,691,1642,2403,-144,-1151,-1695,-2301
39,-1065,1053,-1420,-671,707,1686,2423,-133,-1143,-1700,-2302
39,-1092,1074,-1451,-686,723,1718,2440,-118,-1126,-1700,-2299
41,-1111,1086,-1470,-693,735,1713,2458,-100,-1102,-1694,-2291
47,-1129,1091,-1483,-693,748,1695,2475,-81,-1078,-1687,-2284
54,-1150,1099,-1501,-695,765,1666,2490,-61,-1055,-1677,-2275
63,-1155,1090,-1497,-683,774,1595,2501,-34,-1027,-1665,-2264
80,-1134,1047,-1451,-643,771,1494,2512,-1,-993,-1647,-2250
100,-1094,982,-1379,-588,758,1399,2520,32,-962,-1626,-2235
120,-1050,913,-1302,-530,742,1324,2525,58,-940,-1609,-2222
134,-1016,862,-1244,-488,730,1284,2527,78,-925,-1597,-2211
139,-993,832,-1206,-466,720,1277,2519,92,-922,-1594,-2207
140,-973,808,-1175,-450,710,1266,2508,104,-922,-1595,-2207
140,-954,789,-1149,-438,702,1256,2497,114,-922,-1598,-2208
139,-945,780,-1135,-434,698,1238,2488,121,-930,-1601,-2209
135,-940,779,-1131,-437,699,1210,2483,129,-941,-1605,-2207
130,-933,778,-1124,-440,696,1165,2480,136,-950,-1608,-2202
123,-929,783,-1125,-449,694,1135,2481,143,-960,-1608,-2195
113,-926,793,-1130,-462,691,1092,2483,148,-965,-1609,-2189
108,-918,794,-1125,-466,689,1036,2492,154,-962,-1606,-2178
108,-903,783,-1109,-459,684,997,2502,164,-954,-1602,-2164
109,-876,759,-1076,-443,671,938,2515,174,-945,-1598,-2151
109,-847,736,-1043,-427,656,901,2530,179,-938,-1594,-2137
106,-825,723,-1020,-419,642,908,2545,181,-933,-1588,-2126
103,-807,713,-1004,-414,631,930,2555,184,-929,-1582,-2117
103,-787,698,-982,-403,620,944,2561,188,-926,-1578,-2111
100,-778,698,-979,-405,612,980,2568,182,-934,-1577,-2108
83,-791,733,-1013,-438,609,1073,2571,164,-952,-1582,-2111
60,-816,786,-1068,-488,610,1196,2574,143,-974,-1588,-2114
36,-843,841,-1126,-540,611,1322,2579,122,-992,-1594,-2113
19,-862,880,-1167,-575,610,1420,2580,107,-1001,-1598,-2109
12,-872,899,-1187,-590,609,1478,2586,96,-1002,-1599,-2101
10,-878,908,-1200,-597,608,1550,2595,87,-1001,-1598,-2095
10,-880,911,-1206,-597,606,1623,2606,80,-995,-1596,-2088
13,-881,909,-1206,-592,604,1688,2616,78,-981,-1590,-2080
19,-886,905,-1208,-584,606,1749,2624,79,-968,-1584,-2070
23,-893,905,-1213,-579,609,1812,2625,80,-960,-1579,-2062
29,-899,901,-1215,-572,611,1829,2621,82,-955,-1577,-2058
37,-905,893,-1214,-559,617,1829,2617,86,-955,-1575,-2056
41,-916,895,-1222,-557,622,1830,2610,90,-960,-1575,-2057
40,-931,905,-1239,-562,629,1812,2603,93,-966,-1574,-2058
36,-955,926,-1267,-578,639,1810,2597,94,-971,-1574,-2061
35,-979,944,-1295,-590,652,1794,2593,99,-968,-1574,-2065
40,-996,949,-1308,-590,665,1743,2591,109,-957,-1571,-2066
50,-1010,947,-1314,-582,680,1690,2599,120,-943,-1563,-2065
61,-1025,945,-1320,-573,696,1661,2612,133,-926,-1555,-2062
76,-1028,927,-1309,-552,709,1634,2627,154,-899,-1545,-2056
101,-1010,880,-1264,-504,714,1563,2646,179,-862,-1531,-2048
127,-978,818,-1200,-446,712,1453,2664,206,-827,-1520,-2041
151,-946,759,-1138,-391,708,1349,2681,229,-803,-1516,-2039
170,-927,719,-1097,-353,710,1276,2701,242,-797,-1519,-2042
181,-917,697,-1075,-332,714,1230,2719,250,-801,-1526,-2050
190,-901,672,-1048,-311,712,1177,2739,256,-805,-1529,-2057
195,-879,646,-1015,-291,705,1135,2760,266,-805,-1528,-2062
199,-863,626,-991,-276,701,1093,2782,280,-804,-1523,-2063
203,-848,609,-970,-263,698,1052,2805,294,-801,-1518,-2062
204,-827,589,-944,-251,689,1003,2827,308,-799,-1513,-2060
201,-809,577,-923,-247,679,997,2847,320,-796,-1506,-2055
194,-793,572,-910,-250,667,1008,2859,332,-790,-1500,-2052
190,-776,563,-893,-248,657,1025,2869,343,-779,-1492,-2045
188,-757,551,-874,-243,647,1065,2874,356,-766,-1485,-2040
188,-731,530,-844,-231,632,1081,2876,369,-754,-1479,-2036
187,-708,513,-817,-222,618,1097,2876,379,-746,-1474,-2032
181,-691,506,-802,-223,605,1130,2873,386,-743,-1472,-2031
176,-674,500,-787,-223,591,1166,2867,392,-742,-1471,-2033
173,-652,486,-764,-217,576,1186,2859,399,-743,-1468,-2033
169,-641,484,-756,-220,565,1221,2852,400,-748,-1464,-2032
156,-652,513,-784,-249,563,1288,2846,395,-762,-1464,-2036
134,-673,560,-830,-297,561,1365,2845,392,-773,-1464,-2039
112,-693,606,-874,-343,558,1443,2849,393,-776,-1460,-2039
94,-699,633,-896,-373,547,1492,2852,402,-767,-1452,-2035
82,-694,642,-899,-388,533,1475,2861,416,-750,-1437,-2023
73,-690,649,-901,-399,521,1412,2870,430,-734,-1422,-2009
63,-687,657,-905,-411,509,1293,2879,440,-717,-1408,-1995
56,-684,663,-907,-420,498,1128,2886,447,-702,-1399,-1983
51,-687,669,-913,-427,492,945,2893,453,-689,-1390,-1972
46,-696,682,-927,-438,491,775,2901,460,-678,-1383,-1962
42,-702,690,-936,-445,488,606,2911,470,-665,-1378,-1952
44,-707,692,-940,-444,488,471,2928,481,-651,-1370,-1939
47,-719,697,-952,-445,495,378,2944,494,-645,-1365,-1925
51,-738,709,-971,-448,506,317,2962,505,-645,-1361,-1913
53,-765,731,-1004,-460,523,311,2981,512,-649,-1357,-1900
54,-789,749,-1031,-470,537,337,3001,521,-653,-1349,-1890
58,-802,754,-1042,-469,546,382,3021,534,-650,-1338,-1877
66,-813,752,-1048,-462,557,464,3045,547,-644,-1326,-1860
72,-824,753,-1055,-456,567,596,3073,557,-637,-1314,-1840
79,-821,738,-1043,-439,570,751,3102,572,-621,-1299,-1820
95,-797,694,-997,-397,565,909,3134,593,-595,-1283,-1798
116,-762,633,-933,-340,556,1072,3162,615,-564,-1270,-1775
137,-723,570,-865,-282,546,1246,3192,635,-535,-1258,-1755
151,-691,520,-810,-236,537,1437,3226,651,-516,-1248,-1738
157,-670,489,-776,-210,530,1633,3258,668,-504,-1242,-1723
159,-649,465,-746,-191,521,1804,3289,685,-494,-1235,-1714
156,-629,444,-719,-177,510,1962,3317,702,-491,-1228,-1710
150,-612,432,-700,-171,500,2103,3344,716,-492,-1223,-1708
141,-598,427,-687,-172,490,2223,3367,727,-496,-1218,-1710
136,-586,421,-675,-171,484,2310,3387,736,-498,-1213,-1714
129,-575,418,-666,-174,477,2393,3403,744,-503,-1208,-1720
119,-561,416,-655,-179,465,2441,3411,751,-504,-1205,-1727
113,-542,406,-636,-177,453,2457,3418,759,-500,-1200,-1732
110,-521,392,-613,-171,440,2459,3417,772,-488,-1193,-1736
109,-493,369,-579,-158,424,2419,3412,786,-473,-1184,-1737
109,-466,347,-547,-145,408,2357,3402,797,-462,-1177,-1741
108,-447,336,-527,-140,396,2285,3391,805,-452,-1173,-1746
103,-428,327,-509,-140,381,2186,3372,815,-443,-1172,-1752
102,-405,310,-482,-133,364,2050,3347,825,-436,-1170,-1757
101,-392,303,-469,-131,354,1916,3319,827,-439,-1169,-1763
89,-399,329,-491,-160,349,1809,3291,823,-450,-1171,-1770
70,-419,372,-533,-204,347,1720,3267,818,-461,-1173,-1776
53,-439,413,-574,-245,347,1634,3248,818,-463,-1171,-1780
42,-450,438,-599,-271,344,1531,3235,828,-451,-1165,-1779
41,-453,446,-606,-278,342,1411,3235,844,-430,-1150,-1769
43,-457,448,-610,-280,342,1305,3243,862,-405,-1134,-1758
45,-457,447,-611,-280,340,1199,3260,882,-377,-1118,-1746
44,-449,439,-600,-276,329,1098,3281,906,-348,-1100,-1733
42,-439,430,-588,-272,316,1012,3307,932,-322,-1083,-1718
38,-438,430,-587,-275,308,951,3336,960,-296,-1064,-1700
34,-432,426,-581,-276,297,887,3367,989,-272,-1043,-1681
34,-424,414,-568,-268,287,850,3403,1019,-254,-1023,-1661
33,-420,408,-562,-264,280,845,3441,1048,-239,-1006,-1645
34,-427,409,-567,-264,282,852,3482,1074,-229,-988,-1630
37,-447,421,-588,-270,295,897,3522,1095,-221,-972,-1616
43,-465,427,-604,-269,309,950,3561,1117,-207,-956,-1600
53,-474,420,-605,-257,320,995,3602,1142,-185,-937,-1582
66,-480,409,-602,-241,332,1049,3644,1164,-159,-914,-1561
76,-489,403,-603,-230,344,1122,3684,1182,-130,-893,-1537
86,-483,383,-585,-208,348,1182,3718,1204,-91,-869,-1512
104,-454,330,-530,-160,343,1213,3746,1231,-45,-842,-1485
128,-410,259,-453,-96,331,1236,3767,1257,0,-815,-1457
148,-364,190,-376,-35,317,1256,3779,1276,32,-793,-1431
159,-328,139,-318,8,305,1289,3786,1285,49,-776,-1407
161,-306,113,-286,27,295,1339,3787,1287,60,-765,-1386
159,-291,98,-265,37,288,1371,3788,1288,69,-757,-1370
159,-283,89,-254,44,288,1406,3792,1289,72,-750,-1359
157,-282,89,-253,44,292,1439,3800,1288,73,-743,-1349
151,-282,96,-257,36,292,1463,3810,1285,75,-735,-1338
142,-277,103,-258,25,289,1465,3821,1285,78,-722,-1325
130,-274,115,-264,10,284,1475,3833,1286,82,-707,-1310
116,-271,130,-271,-9,277,1470,3845,1291,90,-693,-1295
104,-257,134,-264,-21,263,1451,3861,1298,103,-674,-1278
95,-236,128,-246,-24,246,1435,3876,1310,118,-656,-1260
94,-208,107,-213,-11,229,1399,3894,1325,134,-636,-1239
96,-181,85,-181,4,213,1361,3910,1338,145,-618,-1220
98,-160,69,-156,15,200,1336,3926,1348,147,-602,-1202
101,-141,55,-134,24,187,1306,3942,1362,149,-587,-1185
106,-119,33,-106,41,174,1250,3958,1377,153,-572,-1167
110,-105,23,-90,49,164,1201,3974,1386,150,-557,-1153
102,-114,45,-110,28,161,1181,3990,1388,139,-549,-1148
86,-135,88,-153,-13,159,1174,4005,1386,123,-546,-1147
68,-158,133,-198,-56,157,1168,4020,1382,114,-543,-1145
54,-170,161,-225,-84,150,1140,4034,1384,116,-539,-1140
51,-172,168,-231,-92,143,1093,4052,1392,129,-530,-1129
52,-174,169,-232,-92,138,1063,4068,1402,140,-522,-1117
55,-175,167,-231,-88,134,1033,4081,1410,151,-514,-1107
57,-170,157,-219,-79,124,996,4094,1419,165,-507,-1096
60,-162,142,-203,-66,114,956,4103,1428,180,-501,-1084
63,-160,132,-194,-56,108,927,4110,1441,198,-494,-1077
66,-157,120,-184,-45,102,888,4118,1456,216,-482,-1071
71,-153,105,-170,-30,98,861,4127,1468,228,-468,-1063
72,-152,96,-163,-21,94,847,4132,1477,231,-456,-1058
72,-159,95,-166,-19,95,846,4140,1479,230,-447,-1055
69,-176,106,-185,-27,103,887,4147,1477,225,-441,-1054
68,-193,116,-202,-33,114,937,4154,1479,229,-435,-1053
69,-201,116,-207,-31,120,980,4160,1486,243,-424,-1046
70,-206,113,-208,-27,126,1035,4175,1496,263,-409,-1034
69,-212,115,-214,-28,132,1121,4195,1507,287,-390,-1019
72,-209,103,-203,-17,136,1205,4214,1526,320,-370,-1003
87,-183,58,-156,24,133,1260,4234,1551,362,-345,-984
108,-144,-6,-87,82,127,1295,4250,1575,402,-322,-964
130,-105,-70,-19,139,121,1318,4257,1590,425,-302,-948
147,-77,-116,31,182,121,1355,4263,1596,432,-287,-938
154,-58,-143,61,204,119,1410,4263,1598,431,-279,-936
156,-41,-163,85,219,116,1453,4263,1599,429,-274,-934
154,-26,-175,103,226,112,1497,4261,1601,426,-271,-934
151,-17,-179,112,226,111,1548,4258,1599,417,-266,-933
146,-9,-179,117,223,109,1611,4257,1597,410,-264,-932
139,4,-182,128,220,102,1674,4260,1595,400,-262,-929
130,17,-183,137,214,94,1755,4265,1590,393,-260,-923
120,30,-181,145,205,84,1820,4266,1585,392,-258,-919
115,49,-190,164,208,73,1857,4272,1582,398,-252,-915
115,70,-206,189,217,63,1882,4283,1587,412,-246,-908
119,98,-232,225,236,50,1864,4293,1597,427,-238,-901
122,124,-256,259,255,38,1826,4304,1603,434,-230,-894
122,145,-272,283,264,25,1785,4313,1606,437,-223,-887
116,167,-282,304,266,7,1739,4317,1609,436,-217,-878
112,191,-297,330,272,-13,1675,4319,1614,439,-211,-870
104,203,-297,339,266,-27,1612,4320,1612,434,-210,-864
86,193,-266,312,233,-35,1554,4320,1598,420,-213,-863
63,169,-215,262,183,-38,1486,4322,1579,405,-218,-863
44,140,-165,209,136,-35,1402,4320,1561,393,-224,-863
31,122,-131,174,105,-36,1293,4313,1546,386,-227,-863
26,117,-119,162,93,-41,1159,4307,1531,384,-228,-856
22,114,-112,155,86,-47,1031,4297,1515,383,-230,-847
19,110,-104,147,79,-53,897,4283,1499,385,-229,-837
18,106,-101,141,77,-57,762,4266,1488,388,-227,-824
17,107,-101,141,77,-66,639,4248,1477,394,-223,-810
14,107,-100,140,74,-75,546,4231,1464,401,-217,-795
14,110,-105,145,79,-84,463,4215,1453,410,-211,-779
18,117,-119,157,93,-92,409,4207,1444,418,-200,-763
24,123,-134,171,108,-98,391,4198,1441,424,-187,-748
28,128,-146,181,120,-103,404,4196,1439,430,-172,-731
29,123,-146,177,122,-104,473,4198,1440,438,-157,-713
32,118,-148,174,125,-102,559,4204,1443,454,-141,-696
38,120,-159,182,138,-101,646,4214,1450,472,-123,-678
45,124,-175,194,154,-100,748,4231,1457,492,-104,-659
49,125,-183,201,163,-99,878,4254,1465,510,-84,-641
54,138,-204,223,181,-103,1015,4277,1479,534,-66,-626
65,171,-253,277,221,-115,1139,4298,1499,559,-48,-610
82,215,-317,349,275,-131,1259,4314,1517,579,-32,-594
97,258,-378,419,326,-146,1376,4323,1531,588,-20,-583
107,286,-420,466,360,-153,1502,4330,1536,584,-13,-576
112,297,-439,487,376,-153,1634,4328,1535,571,-16,-576
115,302,-450,499,385,-149,1750,4320,1525,554,-26,-581
115,303,-453,502,386,-143,1860,4309,1512,534,-39,-590
112,297,-444,492,376,-135,1958,4300,1497,515,-54,-603
110,287,-433,479,366,-124,2043,4288,1484,495,-69,-620
111,282,-428,473,362,-114,2115,4271,1472,474,-85,-636
109,281,-424,470,356,-109,2193,4253,1458,452,-97,-652
100,285,-417,468,344,-112,2245,4230,1445,438,-107,-667
95,297,-421,480,341,-120,2267,4208,1434,435,-110,-677
91,320,-436,505,345,-135,2264,4180,1427,436,-112,-683
88,353,-462,544,359,-155,2213,4148,1421,439,-112,-688
86,385,-486,580,371,-177,2131,4111,1411,436,-114,-696
81,410,-500,606,375,-196,2026,4068,1394,425,-118,-706
76,429,-508,624,375,-212,1894,4021,1373,406,-126,-718
74,447,-517,642,378,-227,1725,3977,1352,387,-136,-732
72,452,-514,642,373,-233,1533,3938,1325,362,-145,-747
62,435,-480,608,342,-231,1328,3907,1291,332,-156,-764
45,406,-428,554,295,-227,1104,3887,1258,303,-170,-783
26,379,-376,501,247,-224,865,3872,1226,281,-183,-800
12,358,-336,460,211,-224,616,3861,1202,269,-192,-812
5,348,-313,438,190,-226,365,3858,1182,266,-196,-815
-2,340,-295,420,174,-229,135,3860,1163,269,-196,-815
-6,334,-281,407,162,-233,-73,3867,1145,276,-194,-813
-7,333,-276,403,159,-237,-253,3875,1128,288,-191,-808
-6,331,-273,399,159,-240,-407,3885,1113,298,-189,-800
-5,324,-267,390,157,-239,-528,3888,1098,301,-188,-796
-4,320,-265,386,159,-240,-629,3884,1085,303,-187,-793
-2,316,-266,384,163,-240,-683,3879,1073,305,-181,-785
-6,312,-260,377,160,-243,-690,3867,1061,303,-177,-778
-13,305,-251,367,152,-245,-659,3855,1048,298,-174,-769
-21,288,-232,343,137,-242,-569,3843,1035,292,-172,-760
-32,274,-213,321,121,-240,-436,3832,1026,287,-169,-751
-38,263,-204,307,113,-237,-274,3820,1017,283,-163,-742
-39,252,-199,297,112,-230,-80,3807,1003,277,-159,-732
-38,234,-189,279,109,-216,154,3790,985,271,-156,-721
-33,222,-190,272,115,-203,411,3767,973,279,-154,-710
-16,228,-219,296,148,-194,668,3744,965,290,-149,-700
5,247,-266,340,195,-189,928,3717,959,297,-145,-690
25,269,-315,388,242,-187,1197,3689,951,293,-146,-682
40,283,-350,421,276,-184,1479,3664,939,280,-152,-676
45,287,-364,434,290,-180,1771,3639,925,266,-160,-674
48,287,-371,439,296,-175,2048,3616,913,251,-168,-671
50,282,-372,437,298,-167,2310,3589,899,231,-180,-672
49,271,-363,425,290,-157,2547,3560,882,211,-194,-678
43,257,-345,404,273,-148,2752,3530,865,195,-208,-685
36,249,-330,388,257,-144,2917,3503,848,187,-218,-691
27,241,-314,372,239,-142,3058,3480,833,180,-225,-694
17,237,-297,358,219,-143,3154,3455,823,178,-229,-697
9,241,-291,357,208,-150,3209,3434,819,188,-227,-693
3,256,-297,370,206,-163,3232,3410,818,200,-222,-688
-1,284,-316,402,214,-183,3205,3381,821,213,-213,-679
-5,312,-334,432,221,-203,3134,3348,819,217,-207,-672
-11,331,-341,448,219,-220,3018,3306,808,212,-208,-672
-21,348,-343,460,212,-238,2857,3254,793,201,-214,-676
-27,369,-351,477,211,-256,2652,3201,777,188,-220,-683
-34,380,-348,482,202,-268,2429,3148,755,171,-227,-693
-50,367,-314,449,166,-271,2200,3097,726,148,-240,-705
-73,342,-259,394,112,-270,1962,3048,695,128,-251,-714
-98,313,-201,334,55,-268,1710,2999,663,114,-260,-721
-114,291,-156,288,13,-265,1440,2948,636,110,-267,-725
-123,278,-130,261,-11,-263,1151,2894,609,105,-272,-726
-127,268,-112,240,-28,-260,865,2836,581,99,-278,-730
-129,263,-102,228,-36,-259,596,2777,551,91,-283,-735
-128,262,-101,226,-37,-260,358,2717,523,81,-290,-743
-124,259,-101,223,-33,-256,156,2658,497,72,-296,-749
-118,248,-96,212,-32,-247,-7,2596,470,60,-303,-759
-110,238,-95,204,-27,-237,-145,2537,444,48,-311,-769
-98,231,-102,204,-13,-226,-236,2486,419,36,-319,-777
-87,222,-106,201,-2,-214,-284,2438,396,25,-331,-788
-82,210,-103,192,1,-203,-299,2397,369,11,-344,-801
-81,187,-87,167,-7,-188,-271,2363,343,-3,-355,-813
-82,166,-70,142,-17,-175,-218,2332,317,-14,-364,-826
-77,147,-62,126,-18,-160,-145,2304,294,-21,-368,-836
-68,128,-57,113,-13,-142,-35,2283,273,-26,-369,-840
-61,103,-48,92,-12,-121,120,2265,248,-32,-373,-847
-50,87,-48,83,-3,-103,292,2243,228,-34,-377,-855
-29,85,-74,102,31,-88,463,2214,211,-33,-379,-865
-3,92,-114,136,77,-74,645,2180,195,-33,-384,-874
22,102,-155,173,123,-64,844,2144,179,-35,-394,-883
39,105,-181,195,153,-54,1063,2108,157,-46,-407,-894
43,101,-185,197,160,-47,1291,2065,134,-63,-426,-908
39,97,-181,194,156,-45,1504,2019,110,-84,-446,-922
34,92,-175,188,149,-44,1706,1969,88,-103,-464,-932
29,85,-166,179,140,-41,1891,1919,67,-120,-482,-942
28,78,-158,170,135,-36,2055,1867,45,-138,-498,-953
30,74,-156,167,135,-29,2187,1814,22,-156,-510,-963
31,68,-150,158,131,-23,2299,1763,-2,-176,-523,-976
25,66,-141,151,120,-24,2374,1709,-24,-194,-537,-989
21,74,-142,157,118,-31,2410,1662,-44,-201,-547,-998
20,90,-152,173,123,-41,2411,1615,-62,-202,-556,-1007
23,114,-173,201,137,-54,2355,1567,-78,-201,-568,-1015
26,136,-192,226,150,-65,2262,1519,-98,-207,-585,-1024
26,151,-200,239,155,-74,2147,1473,-122,-221,-606,-1036
24,162,-201,245,153,-82,2003,1425,-144,-238,-628,-1049
22,175,-205,253,153,-91,1823,1375,-168,-260,-654,-1066
17,174,-193,243,140,-93,1629,1325,-199,-292,-684,-1089
1,150,-146,193,97,-87,1434,1272,-241,-338,-720,-1117
-23,113,-77,120,34,-78,1231,1222,-286,-384,-755,-1144
-48,74,-7,45,-30,-68,1017,1171,-326,-427,-787,-1167
-66,47,44,-8,-76,-62,784,1119,-361,-463,-816,-1188
-75,32,72,-39,-102,-59,543,1070,-392,-489,-837,-1203
-83,24,94,-60,-122,-59,321,1019,-419,-502,-855,-1213
-91,18,110,-76,-138,-61,114,970,-443,-507,-868,-1222
-96,15,120,-85,-149,-64,-76,918,-463,-511,-879,-1229
-98,11,127,-92,-154,-65,-243,865,-482,-515,-888,-1234
-99,2,137,-104,-162,-63,-376,804,-503,-524,-898,-1241
-98,-6,142,-113,-164,-59,-495,735,-524,-535,-914,-1249
-89,-12,138,-114,-155,-51,-578,662,-544,-551,-932,-1258
-82,-23,139,-121,-151,-42,-622,585,-567,-569,-955,-1271
-79,-41,149,-138,-155,-30,-638,510,-594,-589,-979,-1284
-78,-70,172,-171,-169,-12,-604,440,-621,-606,-1003,-1295
-76,-98,192,-201,-182,6,-528,382,-640,-615,-1023,-1304
-69,-119,200,-220,-181,24,-423,338,-651,-616,-1038,-1310
-57,-139,202,-232,-173,44,-289,304,-663,-615,-1047,-1314
-47,-161,208,-249,-170,65,-121,280,-677,-613,-1054,-1315
-36,-172,202,-251,-158,79,56,255,-688,-605,-1060,-1318
-16,-164,168,-221,-121,88,226,232,-694,-591,-1064,-1323
10,-148,120,-177,-71,95,398,207,-701,-580,-1070,-1329
32,-132,77,-137,-26,99,580,180,-712,-579,-1077,-1339
45,-124,52,-115,0,105,782,151,-732,-589,-1085,-1354
47,-129,51,-116,4,111,1005,119,-758,-603,-1097,-1374
45,-137,58,-126,-1,117,1222,85,-788,-622,-1111,-1398
42,-148,69,-140,-9,124,1435,46,-819,-647,-1128,-1423
38,-162,87,-161,-23,133,1634,1,-853,-679,-1146,-1449
30,-179,112,-189,-43,143,1816,-49,-887,-713,-1164,-1472
24,-195,135,-215,-62,152,1968,-98,-918,-738,-1175,-1492
16,-213,162,-246,-85,162,2097,-146,-948,-761,-1185,-1508
5,-230,193,-278,-113,168,2181,-200,-979,-782,-1198,-1525
-3,-240,215,-300,-135,171,2222,-256,-1012,-801,-1211,-1540
-9,-249,234,-319,-151,175,2231,-319,-1044,-818,-1224,-1554
-10,-249,241,-324,-158,176,2193,-385,-1074,-833,-1238,-1569
-11,-249,248,-329,-164,176,2119,-448,-1104,-852,-1254,-1584
-14,-251,258,-338,-175,175,2014,-507,-1136,-873,-1273,-1599
-21,-249,269,-345,-189,168,1867,-566,-1165,-892,-1294,-1612
-28,-238,272,-341,-197,156,1684,-619,-1187,-908,-1314,-1625
-37,-234,282,-346,-212,146,1483,-664,-1210,-930,-1332,-1637
-57,-249,322,-384,-254,141,1276,-705,-1241,-960,-1354,-1654
-80,-281,382,-445,-311,145,1058,-741,-1276,-993,-1376,-1674
-103,-317,444,-511,-369,152,832,-768,-1308,-1021,-1397,-1691
-118,-341,486,-556,-409,156,594,-792,-1333,-1036,-1414,-1704
-125,-350,505,-575,-428,155,345,-808,-1355,-1045,-1427,-1712
-129,-356,516,-587,-439,154,108,-822,-1376,-1051,-1436,-1716
-132,-363,526,-598,-449,154,-120,-831,-1394,-1053,-1440,-1716
-133,-366,530,-603,-452,154,-338,-837,-1408,-1051,-1440,-1713
-131,-369,530,-604,-452,155,-539,-840,-1421,-1051,-1439,-1710
-128,-378,534,-614,-453,161,-707,-843,-1435,-1052,-1438,-1706
-123,-386,535,-619,-451,169,-848,-849,-1449,-1054,-1438,-1703
-115,-395,532,-622,-442,179,-949,-855,-1468,-1065,-1442,-1702
-108,-408,534,-631,-438,192,-1012,-864,-1490,-1085,-1454,-1706
-103,-427,544,-650,-441,209,-1043,-869,-1516,-1110,-1470,-1711
-102,-456,567,-684,-455,229,-1023,-870,-1539,-1136,-1485,-1716
-100,-483,587,-715,-465,250,-966,-871,-1556,-1159,-1500,-1722
-94,-502,595,-731,-464,268,-883,-871,-1569,-1177,-1511,-1726
-84,-521,598,-745,-459,289,-765,-870,-1584,-1189,-1519,-1728
-78,-544,610,-767,-460,311,-606,-869,-1599,-1198,-1525,-1728
-69,-556,608,-773,-452,327,-423,-871,-1604,-1194,-1524,-1724
-52,-542,571,-738,-414,330,-233,-875,-1599,-1172,-1518,-1714
-29,-510,513,-677,-358,327,-35,-885,-1590,-1147,-1509,-1704
-6,-477,452,-613,-300,322,174,-899,-1583,-1129,-1499,-1697
11,-452,405,-565,-257,318,402,-917,-1579,-1123,-1494,-1694
19,-438,381,-539,-234,316,631,-943,-1584,-1126,-1497,-1698
23,-430,366,-524,-221,315,833,-976,-1596,-1139,-1502,-1708
25,-426,358,-516,-214,315,1014,-1014,-1608,-1158,-1510,-1719
25,-428,359,-519,-214,318,1163,-1050,-1622,-1180,-1521,-1729
21,-431,366,-526,-222,319,1275,-1088,-1635,-1199,-1532,-1736
17,-431,371,-530,-229,317,1351,-1121,-1643,-1213,-1539,-1741
11,-433,380,-537,-239,315,1414,-1147,-1648,-1227,-1546,-1742
2,-431,390,-543,-253,307,1446,-1173,-1654,-1235,-1553,-1741
-4,-420,389,-536,-258,296,1441,-1195,-1662,-1238,-1555,-1738
-7,-403,380,-519,-255,281,1412,-1217,-1669,-1235,-1558,-1734
-5,-381,362,-493,-244,266,1337,-1242,-1674,-1232,-1562,-1731
-4,-363,350,-474,-237,253,1230,-1269,-1684,-1238,-1569,-1732
-8,-356,352,-472,-243,244,1103,-1296,-1698,-1255,-1578,-1739
-9,-356,361,-478,-251,240,945,-1324,-1714,-1275,-1592,-1754
-7,-356,366,-483,-255,239,751,-1350,-1729,-1294,-1608,-1770
-8,-366,384,-503,-270,242,544,-1376,-1750,-1318,-1630,-1789
-20,-392,429,-551,-310,248,339,-1406,-1779,-1350,-1659,-1811
-39,-426,489,-615,-363,257,127,-1439,-1814,-1381,-1691,-1835
-57,-460,547,-678,-414,265,-91,-1469,-1846,-1403,-1717,-1857
-66,-484,586,-720,-447,273,-314,-1499,-1871,-1412,-1737,-1878
-67,-495,602,-740,-458,279,-538,-1523,-1891,-1412,-1751,-1893
-64,-504,612,-754,-463,285,-739,-1544,-1904,-1407,-1762,-1907
-60,-513,620,-766,-465,292,-925,-1558,-1912,-1400,-1770,-1921
-55,-517,620,-770,-461,298,-1089,-1566,-1916,-1391,-1777,-1932
-48,-515,612,-765,-451,300,-1227,-1575,-1922,-1383,-1782,-1940
-43,-515,606,-762,-441,303,-1329,-1584,-1927,-1377,-1785,-1945
-38,-513,597,-756,-431,305,-1416,-1590,-1930,-1368,-1786,-1953
-34,-510,589,-749,-420,306,-1473,-1590,-1930,-1361,-1785,-1959
-35,-513,588,-751,-419,308,-1499,-1592,-1931,-1362,-1785,-1967
-38,-520,595,-760,-423,312,-1503,-1591,-1934,-1371,-1783,-1974
-45,-537,613,-783,-437,321,-1467,-1589,-1937,-1380,-1782,-1979
-50,-553,628,-804,-448,330,-1404,-1586,-1939,-1381,-1777,-1979
-50,-562,631,-811,-448,339,-1325,-1579,-1936,-1375,-1766,-1973
-43,-569,625,-811,-438,351,-1226,-1567,-1931,-1364,-1754,-1960
-38,-578,622,-814,-431,363,-1107,-1554,-1929,-1350,-1739,-1943
-29,-579,609,-804,-414,373,-983,-1547,-1922,-1326,-1721,-1926
-6,-562,563,-760,-368,379,-863,-1546,-1907,-1294,-1699,-1907
25,-533,497,-695,-303,383,-740,-1551,-1891,-1262,-1678,-1891
52,-502,434,-630,-242,383,-607,-1557,-1878,-1237,-1660,-1877
71,-484,391,-587,-202,385,-453,-1561,-1868,-1225,-1647,-1866
78,-478,373,-569,-185,387,-285,-1566,-1863,-1223,-1642,-1861
78,-473,364,-557,-180,385,-142,-1574,-1863,-1225,-1643,-1862
74,-473,364,-554,-183,383,-16,-1586,-1868,-1233,-1651,-1867
65,-479,377,-564,-198,382,91,-1598,-1876,-1247,-1660,-1873
53,-489,397,-583,-221,381,179,-1613,-1886,-1269,-1670,-1880
41,-497,415,-598,-242,379,245,-1626,-1894,-1292,-1677,-1884
32,-506,434,-615,-263,379,315,-1636,-1899,-1312,-1680,-1881
19,-513,453,-630,-286,374,362,-1648,-1897,-1322,-1681,-1875
10,-509,460,-631,-299,364,383,-1658,-1895,-1321,-1676,-1865
2,-495,457,-619,-304,349,392,-1670,-1891,-1314,-1670,-1855
-2,-471,441,-592,-298,329,373,-1683,-1885,-1305,-1663,-1846
-5,-448,425,-567,-292,311,342,-1696,-1879,-1298,-1661,-1835
-11,-428,416,-548,-292,293,303,-1712,-1877,-1300,-1661,-1829
-19,-410,411,-533,-295,274,244,-1733,-1879,-1308,-1664,-1827
-24,-390,401,-515,-294,256,156,-1755,-1882,-1318,-1667,-1827
-30,-384,407,-516,-303,247,59,-1773,-1889,-1339,-1672,-1828
-46,-401,445,-556,-340,247,-35,-1785,-1905,-1367,-1683,-1833
-67,-430,501,-614,-392,253,-136,-1790,-1925,-1394,-1695,-1837
-88,-463,559,-677,-445,260,-250,-1793,-1948,-1418,-1706,-1840
-105,-487,604,-725,-485,265,-376,-1798,-1965,-1433,-1716,-1841
-113,-501,630,-754,-507,269,-503,-1797,-1974,-1435,-1721,-1839
-118,-510,646,-773,-520,272,-604,-1793,-1981,-1429,-1722,-1836
-121,-514,656,-784,-527,272,-690,-1785,-1985,-1420,-1720,-1832
-123,-513,658,-786,-528,268,-771,-1779,-1989,-1410,-1716,-1829
-121,-511,655,-784,-523,267,-851,-1775,-1994,-1406,-1712,-1827
-120,-513,656,-788,-521,268,-917,-1779,-2005,-1408,-1712,-1828
-116,-516,654,-789,-515,270,-988,-1790,-2019,-1416,-1713,-1832
-108,-522,649,-790,-503,278,-1039,-1798,-2035,-1426,-1712,-1837
-102,-534,652,-800,-500,288,-1063,-1810,-2049,-1438,-1712,-1845
-100,-550,662,-817,-502,299,-1069,-1818,-2063,-1449,-1713,-1854
-103,-573,684,-847,-517,310,-1039,-1823,-2074,-1456,-1714,-1863
-108,-593,704,-873,-532,320,-995,-1829,-2081,-1452,-1709,-1869
-107,-605,710,-884,-534,328,-936,-1833,-2083,-1441,-1700,-1871
-99,-613,706,-885,-524,338,-855,-1834,-2083,-1426,-1689,-1872
-92,-622,703,-888,-516,349,-753,-1834,-2081,-1405,-1676,-1867
-85,-618,687,-873,-500,351,-650,-1833,-2071,-1373,-1662,-1860
-70,-594,644,-827,-462,345,-571,-1834,-2052,-1338,-1645,-1852
-49,-559,585,-763,-408,337,-502,-1838,-2033,-1305,-1630,-1846
-26,-525,524,-698,-352,330,-430,-1842,-2013,-1282,-1617,-1842
-8,-502,480,-652,-311,329,-341,-1845,-1999,-1270,-1607,-1838
2,-493,459,-631,-292,330,-233,-1855,-1991,-1269,-1604,-1838
6,-484,444,-614,-280,329,-137,-1866,-1987,-1270,-1602,-1841
7,-474,431,-597,-272,325,-49,-1873,-1982,-1275,-1605,-1843
6,-466,424,-586,-269,321,34,-1874,-1978,-1282,-1607,-1848
6,-463,421,-582,-268,322,111,-1868,-1973,-1290,-1608,-1854
8,-459,417,-576,-266,324,171,-1858,-1967,-1297,-1610,-1860
9,-458,416,-575,-266,326,230,-1844,-1962,-1305,-1613,-1865
6,-455,419,-574,-271,324,271,-1832,-1958,-1306,-1613,-1870
7,-444,410,-562,-266,320,288,-1815,-1950,-1299,-1609,-1870
10,-424,391,-537,-252,310,295,-1799,-1940,-1283,-1603,-1865
15,-394,359,-497,-229,294,274,-1786,-1928,-1263,-1595,-1855
20,-365,329,-458,-207,278,244,-1775,-1917,-1249,-1585,-1842
23,-344,310,-433,-193,266,218,-1763,-1907,-1240,-1573,-1827
22,-321,293,-408,-183,249,186,-1753,-1894,-1232,-1561,-1814
20,-287,265,-368,-167,223,135,-1744,-1876,-1217,-1549,-1799
13,-256,245,-336,-159,197,85,-1735,-1858,-1204,-1536,-1784
-7,-243,255,-337,-180,173,47,-1728,-1845,-1199,-1528,-1771
-33,-245,286,-360,-219,155,19,-1720,-1830,-1191,-1522,-1755
-60,-250,321,-388,-261,138,-6,-1708,-1809,-1173,-1512,-1737
-81,-247,341,-400,-289,119,-46,-1696,-1781,-1145,-1497,-1716
-94,-231,341,-390,-298,97,-98,-1677,-1750,-1109,-1478,-1689
-105,-213,335,-375,-302,75,-125,-1653,-1714,-1071,-1457,-1657
-114,-191,323,-353,-301,51,-140,-1624,-1677,-1032,-1436,-1624
-119,-166,304,-324,-292,27,-147,-1592,-1638,-993,-1410,-1592
-123,-142,283,-293,-281,6,-151,-1557,-1600,-957,-1382,-1564
-126,-123,267,-270,-273,-11,-150,-1525,-1563,-921,-1355,-1539
-126,-104,248,-244,-260,-27,-165,-1493,-1522,-880,-1326,-1515
-122,-86,223,-214,-241,-39,-175,-1455,-1476,-837,-1292,-1484
-120,-69,202,-188,-226,-51,-175,-1414,-1428,-790,-1257,-1454
-120,-55,186,-167,-215,-61,-176,-1368,-1378,-738,-1217,-1421
-125,-42,176,-151,-211,-74,-158,-1322,-1325,-682,-1172,-1385
-131,-21,158,-122,-202,-93,-137,-1281,-1265,-617,-1121,-1345
-134,13,123,-74,-180,-118,-116,-1240,-1202,-542,-1064,-1299
-131,51,79,-18,-148,-142,-95,-1195,-1136,-460,-1001,-1247
-129,88,36,37,-117,-166,-58,-1151,-1069,-373,-935,-1192
-124,138,-22,111,-75,-196,-25,-1112,-996,-276,-868,-1132
-108,206,-110,217,-3,-230,-10,-1076,-912,-175,-796,-1070
-85,285,-216,342,84,-267,5,-1048,-829,-79,-725,-1009
-65,364,-318,465,167,-306,24,-1027,-757,4,-659,-955
-55,431,-399,565,229,-343,55,-1012,-697,75,-601,-905
-57,484,-454,639,266,-378,94,-1005,-644,135,-549,-863
-65,532,-498,700,291,-413,128,-1001,-591,194,-496,-821
-76,579,-537,759,311,-449,163,-996,-539,253,-441,-780
-89,623,-570,811,325,-484,193,-987,-486,314,-383,-737
-102,664,-599,859,338,-517,214,-975,-429,376,-324,-694
-114,707,-631,909,352,-550,214,-951,-368,441,-263,-652
-127,752,-663,960,365,-585,219,-917,-302,507,-200,-608
-142,802,-696,1016,376,-625,221,-880,-236,573,-139,-564
-153,860,-741,1083,398,-668,207,-839,-170,647,-73,-515
-164,927,-794,1163,426,-717,186,-798,-99,730,-4,-463
-172,1005,-859,1257,464,-772,159,-753,-23,818,70,-410
-181,1083,-924,1351,500,-828,138,-700,56,905,147,-355
-193,1155,-978,1433,528,-883,119,-639,139,985,224,-299
-206,1225,-1029,1512,551,-938,85,-576,225,1061,302,-246
-220,1298,-1082,1594,577,-995,22,-509,315,1136,380,-192
-236,1363,-1125,1663,594,-1048,-52,-442,397,1201,458,-135
-262,1409,-1139,1700,584,-1097,-114,-377,469,1257,530,-80
-295,1446,-1138,1722,560,-1144,-170,-313,538,1317,601,-24
-326,1486,-1142,1749,540,-1192,-223,-250,611,1388,672,35
-354,1546,-1169,1805,539,-1252,-282,-192,689,1472,745,99
-376,1624,-1222,1890,557,-1320,-346,-132,772,1567,822,171
-397,1711,-1284,1987,583,-1394,-395,-72,859,1666,900,244
-420,1806,-1354,2096,613,-1475,-447,-16,948,1766,980,318
-444,1914,-1436,2222,652,-1564,-509,34,1039,1868,1060,395
-467,2026,-1525,2355,694,-1657,-577,85,1133,1969,1139,474
-493,2137,-1610,2486,733,-1751,-636,140,1232,2073,1217,554
-521,2257,-1703,2627,775,-1852,-699,200,1339,2185,1298,636
-546,2383,-1805,2780,826,-1956,-740,276,1453,2302,1383,722
-575,2507,-1903,2928,872,-2059,-770,361,1576,2420,1469,808
-606,2627,-1996,3072,912,-2162,-803,459,1705,2539,1560,897
-639,2741,-2080,3205,946,-2261,-789,569,1839,2662,1656,991
-674,2864,-2172,3350,984,-2367,-743,688,1982,2796,1760,1089
-706,3000,-2282,3516,1035,-2480,-678,815,2136,2943,1872,1192
-736,3145,-2401,3694,1094,-2597,-595,949,2297,3099,1994,1304
-768,3293,-2521,3876,1153,-2717,-488,1085,2465,3262,2121,1423
-802,3459,-2660,4081,1223,-2850,-356,1215,2645,3436,2253,1547
-830,3655,-2832,4329,1319,-2998,-210,1340,2841,3622,2392,1672
-857,3866,-3021,4598,1427,-3156,-49,1451,3043,3807,2533,1793
-884,4076,-3208,4865,1534,-3312,120,1549,3240,3983,2668,1907
-915,4272,-3377,5111,1627,-3463,296,1633,3425,4140,2792,2014
-958,4457,-3523,5334,1697,-3612,482,1694,3598,4276,2900,2111
-1005,4637,-3659,5546,1756,-3762,651,1734,3762,4395,2996,2202
-1054,4809,-3784,5746,1808,-3906,802,1750,3917,4501,3082,2286
-1105,4971,-3897,5931,1850,-4047,938,1737,4055,4592,3158,2360
-1158,5132,-4004,6110,1886,-4186,1063,1688,4175,4670,3224,2426
-1214,5296,-4111,6292,1922,-4330,1168,1600,4278,4741,3286,2489
-1273,5459,-4213,6469,1951,-4476,1262,1475,4361,4802,3344,2551
-1338,5626,-4312,6646,1974,-4629,1334,1312,4429,4865,3399,2612
-1404,5804,-4421,6837,2004,-4790,1382,1119,4487,4930,3455,2675
-1469,5990,-4537,7037,2039,-4956,1411,892,4536,4993,3509,2738
-1529,6182,-4663,7248,2084,-5124,1408,638,4576,5057,3560,2800
-1592,6375,-4788,7458,2126,-5294,1389,360,4604,5114,3606,2862
-1658,6562,-4902,7656,2158,-5464,1361,64,4619,5162,3648,2922
-1730,6747,-5008,7848,2182,-5636,1317,-249,4624,5202,3684,2979
-1802,6935,-5117,8043,2208,-5810,1257,-569,4625,5238,3719,3034
-1870,7108,-5215,8221,2228,-5972,1192,-881,4621,5272,3753,3088
-1948,7257,-5280,8360,2220,-6124,1137,-1182,4612,5299,3784,3138
-2029,7388,-5324,8474,2197,-6268,1091,-1462,4610,5329,3816,3184
-2107,7514,-5366,8583,2174,-6406,1056,-1720,4614,5368,3852,3231
-2180,7648,-5422,8707,2163,-6546,1028,-1971,4624,5421,3891,3280
-2241,7787,-5495,8846,2172,-6682,1005,-2223,4633,5478,3934,3329
-2295,7920,-5570,8982,2187,-6810,1009,-2486,4635,5535,3978,3379
-2345,8048,-5646,9116,2205,-6931,1020,-2764,4626,5595,4021,3429
-2391,8176,-5728,9255,2230,-7049,1037,-3064,4604,5655,4065,3478
-2432,8300,-5812,9393,2260,-7163,1066,-3387,4565,5707,4107,3527
-2471,8415,-5889,9520,2286,-7268,1111,-3737,4512,5755,4146,3574
-2511,8527,-5966,9645,2311,-7372,1144,-4121,4447,5803,4185,3621
-2545,8638,-6048,9775,2344,-7470,1173,-4538,4372,5850,4227,3673
-2579,8747,-6129,9902,2376,-7567,1202,-4995,4290,5902,4273,3728
-2614,8850,-6206,10023,2404,-7660,1218,-5490,4200,5961,4328,3791
-2652,8947,-6274,10134,2424,-7751,1231,-6027,4099,6025,4387,3857
-2691,9050,-6348,10254,2448,-7846,1215,-6608,3989,6098,4449,3927
-2726,9167,-6440,10395,2485,-7947,1160,-7231,3867,6179,4517,4001
-2756,9286,-6539,10543,2531,-8046,1085,-7893,3729,6258,4590,4080
-2784,9399,-6635,10686,2575,-8139,1000,-8598,3564,6327,4661,4162
-2808,9522,-6744,10843,2631,-8236,892,-9347,3374,6391,4731,4244
-2819,9659,-6880,11028,2714,-8333,753,-10129,3155,6450,4800,4325
-2821,9800,-7029,11225,2811,-8427,595,-10936,2903,6487,4860,4401
-2821,9932,-7168,11409,2902,-8513,430,-11759,2612,6498,4912,4469
-2825,10044,-7284,11564,2976,-8589,273,-12586,2281,6478,4953,4525
-2835,10138,-7373,11689,3027,-8655,137,-13417,1916,6430,4981,4566
-2849,10223,-7449,11799,3067,-8719,0,-14246,1523,6364,4999,4601
-2865,10302,-7515,11898,3099,-8779,-136,-15074,1104,6284,5008,4634
-2883,10371,-7567,11981,3121,-8834,-276,-15904,659,6194,5014,4668
-2902,10436,-7612,12056,3136,-8887,-426,-16742,189,6095,5017,4703
-2923,10507,-7661,12137,3154,-8946,-593,-17583,-303,5989,5018,4738
-2947,10581,-7708,12218,3169,-9008,-762,-18424,-812,5879,5021,4775
-2976,10662,-7755,12304,3180,-9080,-966,-19273,-1335,5769,5023,4812
-3004,10756,-7815,12406,3200,-9160,-1213,-20132,-1879,5658,5029,4852
-3032,10864,-7887,12524,3230,-9249,-1490,-21011,-2445,5542,5035,4893
-3054,10983,-7975,12660,3274,-9343,-1819,-21899,-3028,5429,5044,4940
-3075,11108,-8069,12803,3322,-9441,-2182,-22790,-3629,5309,5057,4998
-3098,11233,-8161,12945,3369,-9540,-2565,-23677,-4250,5185,5075,5065
-3121,11362,-8256,13090,3417,-9643,-2982,-24557,-4887,5055,5097,5139
-3142,11494,-8355,13240,3470,-9747,-3436,-25428,-5545,4912,5117,5215
-3165,11615,-8442,13373,3513,-9844,-3906,-26289,-6238,4742,5132,5291
-3199,11710,-8492,13466,3525,-9932,-4373,-27140,-6967,4544,5136,5364
-3234,11784,-8520,13529,3520,-10007,-4842,-27974,-7724,4325,5132,5435
-3265,11845,-8540,13580,3512,-10072,-5320,-28791,-8500,4093,5126,5510
-3283,11904,-8571,13635,3521,-10126,-5827,-29590,-9282,3857,5117,5591
-3285,11964,-8620,13705,3552,-10171,-6369,-30365,-10068,3621,5108,5677
-3282,12019,-8671,13772,3588,-10209,-6919,-31114,-10856,3379,5097,5768
-3278,12070,-8721,13837,3624,-10243,-7478,-31836,-11642,3131,5086,5860
-3272,12118,-8771,13900,3661,-10274,-8041,-32534,-12429,2874,5074,5952
-3265,12157,-8817,13956,3697,-10298,-8605,-33205,-13216,2609,5065,6046
-3256,12184,-8853,13997,3728,-10313,-9159,-33847,-14006,2338,5059,6145
-3244,12204,-8889,14035,3761,-10320,-9721,-34458,-14796,2063,5058,6249
-3224,12215,-8925,14067,3800,-10315,-10270,-35026,-15582,1779,5062,6361
-3205,12215,-8952,14086,3832,-10303,-10793,-35554,-16360,1486,5065,6473
-3183,12204,-8973,14095,3863,-10281,-11296,-36034,-17128,1184,5065,6585
-3162,12183,-8984,14090,3887,-10252,-11757,-36464,-17880,888,5064,6694
-3139,12161,-8996,14085,3912,-10221,-12198,-36837,-18599,611,5069,6805
-3117,12151,-9021,14098,3947,-10197,-12625,-37149,-19273,359,5081,6919
-3095,12151,-9055,14122,3986,-10179,-13020,-37397,-19901,132,5104,7036
-3075,12153,-9090,14149,4026,-10164,-13373,-37589,-20488,-73,5135,7157
-3055,12170,-9140,14197,4075,-10159,-13706,-37737,-21028,-252,5177,7283
-3025,12212,-9224,14283,4154,-10162,-14045,-37847,-21525,-407,5231,7413
-2990,12268,-9326,14391,4248,-10172,-14391,-37926,-21986,-548,5290,7543
-2955,12325,-9428,14499,4342,-10183,-14735,-37975,-22418,-681,5352,7670
-2922,12364,-9509,14580,4419,-10183,-15056,-37992,-22823,-815,5414,7794
-2895,12383,-9563,14631,4474,-10173,-15355,-37986,-23200,-948,5469,7910
-2870,12394,-9604,14668,4519,-10160,-15653,-37954,-23545,-1070,5524,8020
-2845,12399,-9637,14694,4557,-10143,-15939,-37895,-23851,-1180,5582,8126
-2821,12395,-9657,14706,4587,-10120,-16210,-37808,-24121,-1274,5646,8229
-2800,12387,-9670,14710,4608,-10097,-16468,-37693,-24354,-1351,5714,8330
-2778,12379,-9682,14714,4629,-10074,-16720,-37547,-24552,-1411,5789,8431
-2754,12364,-9687,14708,4646,-10045,-16952,-37375,-24717,-1456,5870,8534
-2729,12343,-9684,14693,4659,-10012,-17182,-37179,-24845,-1480,5956,8640
-2699,12325,-9689,14685,4679,-9980,-17407,-36955,-24941,-1483,6049,8753
-2666,12316,-9704,14689,4708,-9951,-17615,-36712,-25008,-1471,6144,8868
-2631,12317,-9730,14707,4746,-9929,-17825,-36453,-25051,-1452,6241,8984
-2596,12316,-9754,14723,4783,-9907,-18020,-36188,-25080,-1434,6337,9100
-2563,12311,-9770,14729,4812,-9884,-18191,-35923,-25100,-1423,6431,9215
-2534,12310,-9787,14739,4840,-9867,-18350,-35667,-25111,-1411,6527,9330
-2503,12317,-9815,14761,4876,-9855,-18507,-35417,-25113,-1397,6623,9447
-2476,12319,-9833,14773,4903,-9843,-18639,-35173,-25113,-1386,6723,9571
-2461,12301,-9821,14752,4903,-9826,-18728,-34930,-25112,-1376,6819,9698
-2453,12274,-9792,14714,4887,-9808,-18789,-34685,-25101,-1359,6917,9826
-2449,12249,-9763,14676,4869,-9794,-18830,-34431,-25070,-1320,7019,9956
-2443,12234,-9746,14654,4860,-9786,-18867,-34169,-25011,-1265,7125,10087
-2429,12227,-9746,14647,4868,-9778,-18900,-33892,-24927,-1198,7234,10216
-2412,12219,-9750,14643,4880,-9767,-18900,-33602,-24816,-1121,7341,10343
-2397,12214,-9757,14643,4895,-9758,-18882,-33296,-24679,-1030,7444,10464
-2381,12215,-9771,14652,4914,-9754,-18849,-32981,-24519,-931,7542,10579
-2369,12221,-9788,14666,4934,-9754,-18805,-32661,-24341,-830,7637,10683
-2359,12225,-9802,14678,4951,-9755,-18747,-32340,-24150,-733,7724,10774
-2351,12234,-9820,14695,4969,-9759,-18709,-32023,-23951,-638,7798,10854
-2343,12247,-9844,14719,4991,-9765,-18674,-31702,-23744,-552,7862,10926
-2342,12260,-9863,14742,5006,-9775,-18629,-31384,-23531,-477,7911,10985
-2347,12271,-9875,14757,5012,-9786,-18580,-31060,-23312,-412,7948,11030
-2355,12269,-9871,14753,5006,-9789,-18502,-30733,-23087,-364,7970,11056
-2362,12258,-9860,14740,4995,-9786,-18409,-30398,-22848,-324,7981,11065
-2363,12243,-9852,14725,4991,-9775,-18315,-30049,-22598,-286,7981,11057
-2359,12219,-9840,14703,4988,-9752,-18207,-29681,-22341,-253,7970,11037
-2352,12176,-9812,14657,4975,-9715,-18077,-29294,-22075,-221,7947,11004
-2341,12127,-9782,14606,4964,-9671,-17938,-28891,-21791,-183,7913,10957
-2315,12081,-9771,14569,4975,-9618,-17799,-28471,-21484,-137,7876,10899
-2278,12033,-9768,14537,4999,-9555,-17651,-28035,-21162,-89,7832,10826
-2239,11975,-9756,14491,5019,-9485,-17498,-27583,-20830,-48,7776,10739
-2201,11890,-9717,14410,5020,-9396,-17325,-27114,-20495,-24,7704,10634
-2166,11776,-9644,14287,4995,-9291,-17121,-26634,-20152,-12,7617,10512
-2137,11648,-9551,14140,4954,-9180,-16903,-26138,-19798,-7,7521,10378
-2110,11503,-9439,13969,4898,-9058,-16658,-25624,-19432,-10,7416,10229
-2083,11333,-9300,13764,4825,-8921,-16393,-25093,-19062,-24,7298,10063
-2055,11143,-9141,13530,4738,-8770,-16111,-24553,-18689,-52,7163,9879
-2025,10939,-8970,13280,4645,-8609,-15816,-24002,-18316,-97,7016,9682
-1994,10722,-8786,13012,4544,-8440,-15493,-23435,-17940,-154,6857,9477
-1962,10497,-8592,12731,4437,-8265,-15165,-22859,-17559,-217,6685,9265
-1921,10266,-8402,12448,4338,-8082,-14831,-22266,-17172,-274,6512,9050
-1876,10031,-8211,12162,4241,-7894,-14476,-21660,-16773,-328,6335,8829
-1827,9798,-8024,11880,4150,-7706,-14123,-21041,-16361,-380,6154,8599
-1776,9556,-7828,11585,4054,-7512,-13754,-20409,-15945,-437,5962,8361
-1727,9295,-7612,11265,3944,-7308,-13370,-19763,-15521,-502,5760,8111
-1678,9026,-7386,10932,3826,-7100,-12993,-19109,-15090,-575,5548,7851
-1625,8755,-7163,10600,3713,-6889,-12631,-18450,-14655,-650,5328,7585
-1571,8472,-6927,10251,3591,-6669,-12262,-17783,-14222,-733,5103,7314
-1526,8159,-6653,9858,3439,-6437,-11880,-17109,-13796,-823,4868,7032
-1485,7824,-6352,9430,3265,-6192,-11497,-16423,-13372,-918,4625,6739
-1443,7477,-6041,8990,3085,-5940,-11109,-15723,-12940,-1009,4380,6439
-1396,7137,-5741,8561,2916,-5689,-10727,-15016,-12496,-1093,4129,6128
-1339,6803,-5458,8149,2764,-5435,-10356,-14299,-12043,-1171,3875,5809
-1275,6464,-5178,7735,2620,-5174,-9972,-13577,-11584,-1248,3613,5483
-1208,6122,-4898,7320,2476,-4907,-9581,-12850,-11119,-1321,3346,5152
-1138,5778,-4620,6905,2336,-4638,-9190,-12124,-10648,-1388,3075,4817
-1065,5428,-4341,6486,2197,-4362,-8793,-11404,-10175,-1453,2801,4477
-990,5069,-4056,6058,2056,-4077,-8388,-10692,-9703,-1519,2527,4133
-912,4709,-3773,5630,1917,-3790,-7989,-9985,-9228,-1585,2254,3784
-833,4349,-3493,5205,1782,-3499,-7577,-9279,-8751,-1656,1983,3433
-758,3987,-3207,4774,1640,-3210,-7148,-8582,-8276,-1730,1710,3079
-685,3618,-2914,4335,1492,-2915,-6713,-7890,-7806,-1801,1439,2728
-615,3241,-2611,3886,1336,-2617,-6258,-7212,-7346,-1870,1170,2377
-547,2873,-2315,3445,1182,-2325,-5802,-6550,-6893,-1931,910,2033
-477,2517,-2034,3024,1040,-2039,-5357,-5905,-6447,-1982,664,1701
-405,2170,-1764,2616,908,-1756,-4909,-5273,-6009,-2020,433,1382
-334,1828,-1498,2214,777,-1477,-4449,-4657,-5581,-2049,214,1076
-266,1505,-1249,1837,656,-1212,-3998,-4061,-5159,-2063,5,783
-190,1212,-1035,1503,563,-962,-3576,-3486,-4742,-2056,-188,503
-110,940,-848,1200,491,-722,-3175,-2937,-4336,-2042,-371,233
-31,682,-673,915,426,-492,-2787,-2415,-3950,-2030,-546,-28
43,423,-490,624,353,-265,-2402,-1914,-3587,-2027,-714,-278
105,162,-294,322,262,-44,-2028,-1438,-3242,-2027,-877,-520
161,-92,-97,24,167,168,-1685,-985,-2915,-2027,-1031,-754
216,-337,94,-264,75,373,-1370,-553,-2603,-2025,-1178,-979
270,-575,280,-544,-15,572,-1080,-142,-2310,-2021,-1320,-1195
317,-803,464,-818,-109,760,-811,249,-2032,-2015,-1458,-1404
358,-1018,642,-1078,-202,935,-565,622,-1771,-2007,-1589,-1602
397,-1224,814,-1330,-293,1101,-322,977,-1526,-2001,-1714,-1788
432,-1418,978,-1568,-382,1257,-110,1309,-1297,-1997,-1836,-1964
470,-1594,1123,-1783,-456,1401,71,1621,-1082,-1988,-1949,-2125
509,-1753,1250,-1975,-517,1533,239,1912,-878,-1975,-2054,-2275
551,-1892,1354,-2137,-561,1654,373,2183,-685,-1962,-2153,-2411
590,-2017,1446,-2284,-599,1762,492,2436,-507,-1952,-2246,-2537
627,-2138,1538,-2428,-637,1866,607,2668,-347,-1948,-2333,-2653
659,-2251,1624,-2563,-675,1959,707,2877,-201,-1946,-2414,-2762
688,-2348,1697,-2680,-706,2040,786,3065,-65,-1944,-2488,-2861
711,-2443,1774,-2797,-743,2115,857,3237,56,-1951,-2555,-2950
718,-2549,1877,-2939,-808,2186,926,3395,154,-1968,-2620,-3038
713,-2660,1996,-3096,-892,2252,991,3541,239,-1987,-2680,-3120
700,-2765,2115,-3248,-979,2308,1049,3678,318,-1998,-2732,-3194
690,-2851,2213,-3374,-1051,2354,1089,3802,397,-1996,-2778,-3261
686,-2921,2287,-3473,-1102,2393,1113,3920,471,-1984,-2816,-3318
688,-2986,2350,-3561,-1141,2433,1136,4031,537,-1972,-2849,-3369
691,-3046,2406,-3640,-1175,2470,1148,4140,596,-1956,-2878,-3416
697,-3102,2453,-3711,-1201,2506,1156,4246,654,-1940,-2903,-3460
706,-3157,2496,-3778,-1221,2545,1172,4350,715,-1927,-2923,-3499
717,-3216,2542,-3849,-1241,2588,1201,4451,775,-1916,-2942,-3537
730,-3273,2581,-3914,-1255,2632,1230,4550,835,-1905,-2958,-3573
751,-3329,2612,-3971,-1257,2682,1269,4653,893,-1899,-2971,-3603
771,-3388,2647,-4034,-1263,2733,1319,4752,948,-1899,-2984,-3634
790,-3455,2690,-4107,-1275,2790,1368,4853,998,-1906,-2998,-3663
805,-3533,2747,-4195,-1298,2852,1438,4953,1045,-1921,-3012,-3694
820,-3610,2803,-4282,-1320,2914,1515,5048,1094,-1936,-3025,-3725
835,-3676,2849,-4355,-1337,2970,1589,5139,1147,-1945,-3034,-3753
853,-3739,2889,-4421,-1347,3026,1675,5233,1199,-1949,-3040,-3776
869,-3803,2932,-4491,-1361,3083,1784,5326,1249,-1949,-3044,-3797
884,-3851,2961,-4539,-1366,3129,1889,5411,1304,-1942,-3048,-3819
910,-3875,2955,-4548,-1341,3166,1970,5492,1364,-1932,-3051,-3840
939,-3880,2928,-4531,-1301,3193,2039,5569,1427,-1921,-3055,-3860
965,-3880,2899,-4509,-1262,3215,2108,5640,1487,-1916,-3061,-3886
982,-3886,2884,-4500,-1239,3236,2192,5706,1538,-1922,-3071,-3916
990,-3898,2887,-4508,-1234,3255,2294,5763,1583,-1936,-3088,-3952
994,-3910,2893,-4517,-1235,3271,2387,5816,1623,-1956,-3110,-3992
996,-3921,2903,-4529,-1240,3286,2472,5865,1663,-1979,-3135,-4033
995,-3939,2922,-4552,-1255,3302,2550,5912,1699,-2006,-3161,-4074
994,-3964,2949,-4586,-1276,3323,2613,5950,1730,-2038,-3191,-4116
994,-3991,2979,-4623,-1299,3346,2651,5983,1756,-2072,-3223,-4158
991,-4020,3015,-4665,-1328,3367,2682,6015,1778,-2103,-3257,-4195
984,-4043,3050,-4704,-1360,3380,2692,6043,1798,-2130,-3292,-4229
980,-4057,3072,-4729,-1383,3389,2683,6073,1816,-2148,-3321,-4258
979,-4063,3085,-4742,-1397,3393,2677,6101,1836,-2159,-3346,-4282
983,-4059,3084,-4741,-1399,3393,2659,6129,1856,-2165,-3369,-4303
986,-4055,3084,-4740,-1403,3390,2643,6156,1871,-2173,-3394,-4323
985,-4059,3095,-4752,-1416,3390,2634,6183,1881,-2184,-3421,-4345
982,-4065,3110,-4769,-1433,3388,2621,6208,1889,-2198,-3451,-4371
980,-4067,3120,-4781,-1446,3385,2597,6232,1898,-2211,-3479,-4396
978,-4076,3136,-4801,-1463,3385,2585,6258,1903,-2227,-3508,-4421
964,-4104,3183,-4854,-1507,3389,2605,6291,1904,-2244,-3539,-4449
945,-4149,3250,-4932,-1567,3401,2647,6331,1904,-2261,-3573,-4477
927,-4199,3320,-5015,-1628,3418,2689,6372,1908,-2275,-3605,-4503
914,-4240,3376,-5084,-1675,3431,2717,6410,1918,-2280,-3631,-4523
908,-4271,3413,-5131,-1705,3442,2727,6452,1932,-2275,-3649,-4537
907,-4297,3440,-5170,-1723,3454,2743,6497,1949,-2264,-3664,-4547
909,-4322,3461,-5203,-1735,3466,2762,6542,1967,-2252,-3679,-4557
913,-4339,3472,-5224,-1738,3475,2789,6586,1987,-2238,-3693,-4566
922,-4355,3476,-5239,-1733,3487,2824,6627,2007,-2224,-3704,-4572
930,-4375,3484,-5258,-1730,3501,2865,6664,2028,-2212,-3712,-4573
937,-4393,3490,-5274,-1725,3515,2890,6700,2053,-2194,-3715,-4572
950,-4411,3490,-5287,-1713,3533,2919,6738,2082,-2175,-3711,-4566
960,-4434,3497,-5307,-1706,3554,2959,6772,2110,-2166,-3707,-4564
969,-4466,3512,-5337,-1705,3580,2996,6807,2135,-2162,-3700,-4562
977,-4509,3540,-5383,-1713,3615,3043,6843,2155,-2162,-3692,-4558
986,-4550,3567,-5426,-1720,3651,3087,6881,2178,-2158,-3684,-4551
998,-4583,3579,-5454,-1714,3683,3114,6921,2205,-2148,-3672,-4540
1014,-4613,3586,-5476,-1703,3718,3147,6968,2231,-2137,-3658,-4529
1028,-4648,3602,-5507,-1700,3755,3202,7022,2258,-2128,-3642,-4518
1039,-4671,3608,-5524,-1692,3782,3244,7076,2290,-2115,-3628,-4509
1057,-4670,3582,-5503,-1659,3799,3254,7132,2333,-2092,-3609,-4496
1079,-4649,3534,-5454,-1609,3805,3245,7189,2378,-2072,-3591,-4484
1100,-4622,3482,-5399,-1557,3807,3220,7244,2421,-2055,-3576,-4478
1117,-4604,3443,-5359,-1518,3814,3202,7297,2457,-2046,-3565,-4479
1125,-4601,3428,-5344,-1501,3823,3192,7344,2488,-2045,-3562,-4489
1128,-4602,3425,-5341,-1497,3832,3162,7388,2515,-2054,-3566,-4502
1129,-4610,3430,-5348,-1501,3844,3114,7426,2538,-2067,-3574,-4517
1130,-4624,3445,-5366,-1512,3859,3066,7461,2558,-2084,-3585,-4533
1126,-4639,3465,-5387,-1530,3872,3031,7493,2578,-2100,-3595,-4549
1123,-4649,3481,-5404,-1547,3880,2993,7521,2597,-2114,-3604,-4566
1120,-4659,3499,-5422,-1566,3888,2980,7550,2614,-2126,-3614,-4581
1112,-4667,3519,-5441,-1590,3890,2983,7577,2632,-2131,-3625,-4597
1110,-4667,3527,-5446,-1602,3890,2993,7607,2653,-2130,-3633,-4608
1113,-4660,3524,-5441,-1606,3887,3014,7634,2673,-2129,-3644,-4621
1120,-4645,3510,-5423,-1598,3881,3025,7658,2692,-2130,-3656,-4637
1127,-4632,3499,-5409,-1593,3874,3036,7678,2706,-2133,-3668,-4653
1129,-4627,3500,-5408,-1600,3869,3056,7698,2718,-2139,-3680,-4668
1130,-4625,3506,-5413,-1610,3864,3074,7718,2731,-2146,-3694,-4683
1135,-4619,3502,-5410,-1610,3858,3071,7739,2747,-2147,-3705,-4700
1143,-4619,3503,-5413,-1611,3858,3061,7764,2759,-2150,-3714,-4713
1138,-4637,3533,-5448,-1639,3861,3052,7789,2765,-2160,-3726,-4729
1125,-4671,3587,-5508,-1688,3869,3033,7813,2767,-2170,-3741,-4748
1110,-4712,3649,-5580,-1742,3881,3005,7835,2768,-2176,-3756,-4770
1099,-4750,3702,-5643,-1786,3892,2972,7852,2774,-2175,-3768,-4790
1094,-4772,3732,-5679,-1809,3898,2927,7868,2784,-2168,-3774,-4805
1092,-4786,3750,-5701,-1821,3900,2889,7884,2797,-2153,-3777,-4817
1090,-4796,3762,-5717,-1828,3901,2841,7901,2810,-2137,-3777,-4827
1090,-4804,3769,-5728,-1829,3900,2784,7921,2824,-2119,-3774,-4834
1090,-4811,3773,-5735,-1827,3900,2739,7945,2841,-2099,-3768,-4838
1091,-4822,3779,-5746,-1825,3904,2709,7965,2858,-2084,-3765,-4842
1092,-4834,3786,-5758,-1822,3909,2677,7980,2871,-2075,-3763,-4845
1096,-4848,3790,-5770,-1816,3919,2663,7998,2883,-2071,-3761,-4846
1096,-4865,3801,-5788,-1817,3928,2679,8015,2897,-2072,-3759,-4849
1094,-4886,3817,-5812,-1822,3941,2717,8039,2912,-2072,-3753,-4848
1089,-4918,3846,-5850,-1837,3960,2785,8066,2927,-2075,-3744,-4848
1082,-4950,3878,-5892,-1856,3979,2867,8097,2947,-2073,-3732,-4847
1080,-4975,3897,-5919,-1863,3997,2952,8133,2970,-2069,-3717,-4844
1083,-4996,3908,-5939,-1863,4017,3050,8180,2991,-2061,-3701,-4838
1082,-5022,3928,-5967,-1871,4039,3169,8236,3008,-2050,-3685,-4833
1082,-5042,3941,-5988,-1876,4057,3294,8290,3026,-2035,-3668,-4828
1093,-5043,3925,-5976,-1853,4072,3414,8341,3048,-2015,-3647,-4819
1112,-5027,3885,-5938,-1810,4080,3533,8391,3073,-1992,-3628,-4808
1134,-5003,3833,-5886,-1759,4086,3652,8439,3097,-1969,-3611,-4795
1152,-4983,3790,-5843,-1716,4092,3783,8491,3119,-1951,-3595,-4779
1165,-4974,3764,-5818,-1690,4100,3934,8543,3141,-1937,-3581,-4764
1173,-4965,3744,-5799,-1671,4107,4080,8596,3164,-1923,-3569,-4752
1179,-4953,3725,-5777,-1655,4109,4217,8650,3190,-1908,-3554,-4741
1182,-4943,3710,-5760,-1644,4110,4343,8702,3215,-1893,-3536,-4732
1182,-4931,3698,-5743,-1639,4107,4448,8753,3240,-1874,-3518,-4723
1182,-4910,3679,-5717,-1630,4097,4529,8802,3269,-1853,-3498,-4712
1183,-4888,3657,-5688,-1618,4087,4613,8852,3299,-1834,-3478,-4699
1184,-4866,3637,-5660,-1609,4076,4684,8896,3332,-1810,-3455,-4684
1186,-4837,3611,-5624,-1595,4059,4736,8940,3369,-1780,-3431,-4662
1188,-4800,3576,-5577,-1576,4036,4771,8976,3410,-1746,-3408,-4639
1192,-4755,3533,-5519,-1550,4009,4767,9008,3450,-1709,-3387,-4617
1195,-4717,3499,-5472,-1531,3984,4741,9040,3487,-1679,-3368,-4599
1194,-4691,3481,-5443,-1525,3964,4701,9071,3523,-1661,-3355,-4585
1190,-4669,3469,-5421,-1525,3944,4644,9098,3559,-1647,-3346,-4576
1188,-4641,3450,-5392,-1520,3921,4564,9122,3596,-1631,-3339,-4569
1187,-4623,3440,-5374,-1519,3904,4477,9148,3626,-1622,-3334,-4566
1177,-4628,3461,-5393,-1545,3896,4397,9174,3645,-1624,-3335,-4570
1160,-4645,3503,-5434,-1589,3891,4326,9206,3661,-1629,-3340,-4578
1138,-4666,3551,-5482,-1639,3885,4256,9245,3677,-1632,-3345,-4584
1121,-4682,3591,-5520,-1680,3878,4173,9288,3699,-1631,-3346,-4590
1114,-4688,3609,-5538,-1700,3872,4076,9336,3725,-1621,-3343,-4594
1110,-4688,3618,-5546,-1710,3863,3986,9391,3755,-1602,-3339,-4593
1107,-4686,3623,-5550,-1717,3853,3905,9453,3786,-1576,-3332,-4586
1108,-4678,3618,-5543,-1713,3842,3832,9514,3822,-1545,-3323,-4577
1113,-4669,3606,-5530,-1701,3833,3764,9576,3863,-1513,-3311,-4566
1118,-4661,3595,-5518,-1689,3824,3711,9634,3905,-1482,-3297,-4557
1122,-4648,3577,-5499,-1672,3812,3663,9687,3948,-1452,-3285,-4549
1129,-4632,3553,-5472,-1649,3800,3640,9740,3994,-1422,-3273,-4538
1134,-4618,3533,-5450,-1629,3790,3647,9786,4039,-1395,-3260,-4526
1138,-4611,3518,-5435,-1612,3784,3672,9829,4080,-1378,-3246,-4514
1142,-4616,3515,-5436,-1603,3788,3727,9871,4118,-1366,-3231,-4503
1145,-4623,3513,-5439,-1595,3793,3799,9911,4163,-1346,-3216,-4493
1151,-4624,3502,-5430,-1579,3798,3882,9947,4209,-1320,-3200,-4482
1159,-4621,3485,-5416,-1558,3802,3981,9984,4254,-1294,-3181,-4467
1165,-4625,3475,-5410,-1542,3811,4103,10021,4295,-1264,-3161,-4452
1172,-4622,3458,-5395,-1521,3818,4230,10057,4342,-1225,-3139,-4434
1187,-4600,3413,-5348,-1476,3817,4339,10095,4399,-1177,-3111,-4414
1208,-4562,3347,-5277,-1413,3811,4443,10136,4460,-1131,-3084,-4395
1229,-4517,3273,-5196,-1345,3800,4550,10176,4518,-1094,-3060,-4383
1248,-4481,3211,-5128,-1287,3795,4659,10221,4567,-1066,-3039,-4375
1261,-4462,3172,-5087,-1249,3797,4781,10267,4609,-1047,-3023,-4371
1268,-4448,3146,-5058,-1224,3798,4895,10317,4651,-1028,-3007,-4369
1269,-4435,3126,-5033,-1207,3797,5005,10368,4691,-1008,-2992,-4366
1268,-4427,3115,-5019,-1199,3797,5111,10419,4726,-991,-2980,-4363
1263,-4422,3111,-5012,-1198,3797,5205,10468,4757,-978,-2969,-4363
1259,-4414,3105,-5000,-1197,3795,5277,10518,4791,-965,-2961,-4364
1253,-4406,3102,-4992,-1199,3791,5342,10572,4824,-951,-2949,-4362
1243,-4398,3104,-4987,-1209,3784,5389,10622,4858,-932,-2937,-4360
1238,-4388,3100,-4976,-1212,3777,5416,10679,4896,-906,-2920,-4352
1237,-4372,3087,-4956,-1207,3769,5433,10735,4935,-876,-2901,-4341
1244,-4350,3061,-4924,-1189,3761,5425,10795,4980,-837,-2879,-4326
1251,-4325,3034,-4890,-1171,3750,5413,10856,5025,-801,-2856,-4311
1252,-4308,3021,-4869,-1165,3739,5406,10916,5068,-772,-2834,-4297
1250,-4291,3012,-4853,-1166,3725,5390,10972,5111,-745,-2811,-4285
1251,-4265,2991,-4822,-1156,3706,5355,11024,5158,-720,-2788,-4270
1255,-4242,2971,-4795,-1145,3692,5323,11080,5204,-700,-2763,-4253
1249,-4239,2980,-4800,-1161,3683,5312,11133,5242,-686,-2744,-4237
1236,-4251,3010,-4829,-1194,3680,5313,11184,5273,-678,-2730,-4222
1223,-4267,3045,-4866,-1231,3678,5310,11230,5300,-673,-2721,-4208
1211,-4276,3073,-4892,-1261,3673,5298,11270,5327,-664,-2710,-4195
1204,-4274,3083,-4899,-1276,3664,5267,11310,5358,-650,-2695,-4178
1201,-4268,3084,-4899,-1282,3654,5235,11352,5390,-636,-2679,-4160
1199,-4260,3082,-4894,-1284,3643,5202,11393,5423,-617,-2661,-4141
1197,-4246,3073,-4881,-1281,3629,5161,11436,5455,-594,-2643,-4126
1192,-4229,3062,-4864,-1278,3610,5118,11481,5486,-567,-2627,-4111
1186,-4216,3055,-4852,-1277,3594,5078,11523,5512,-544,-2615,-4097
1182,-4202,3045,-4837,-1273,3577,5018,11559,5537,-527,-2606,-4089
1180,-4185,3029,-4816,-1262,3561,4951,11600,5560,-515,-2594,-4077
1179,-4173,3017,-4801,-1253,3550,4897,11638,5585,-505,-2583,-4065
1177,-4170,3013,-4796,-1248,3545,4852,11683,5612,-493,-2569,-4048
1173,-4174,3018,-4802,-1250,3543,4835,11730,5638,-481,-2556,-4032
1170,-4174,3018,-4802,-1249,3541,4834,11776,5668,-462,-2539,-4014
1170,-4165,3005,-4787,-1235,3535,4839,11817,5703,-434,-2521,-3993
1176,-4155,2985,-4766,-1213,3534,4859,11855,5734,-405,-2501,-3970
1180,-4151,2974,-4755,-1199,3534,4901,11891,5760,-380,-2481,-3948
1182,-4141,2958,-4736,-1182,3531,4948,11917,5784,-355,-2463,-3926
1194,-4115,2915,-4689,-1139,3524,4981,11932,5812,-325,-2441,-3904
1214,-4077,2854,-4622,-1081,3514,5007,11936,5840,-296,-2423,-3885
1233,-4033,2787,-4547,-1019,3501,5034,11929,5863,-274,-2405,-3872
1249,-3998,2733,-4486,-968,3491,5040,11913,5876,-265,-2394,-3865
1257,-3980,2704,-4453,-940,3488,5023,11880,5877,-268,-2391,-3866
1258,-3970,2691,-4437,-927,3486,4978,11832,5868,-281,-2395,-3876
1254,-3962,2684,-4426,-922,3482,4910,11775,5854,-299,-2403,-3889
1251,-3960,2684,-4425,-922,3483,4823,11712,5833,-318,-2413,-3904
1246,-3961,2689,-4428,-927,3484,4720,11643,5808,-334,-2425,-3919
1242,-3959,2692,-4429,-931,3484,4598,11574,5781,-348,-2435,-3934
1237,-3960,2697,-4433,-938,3484,4484,11510,5756,-359,-2441,-3945
1230,-3958,2704,-4436,-947,3482,4369,11445,5735,-364,-2444,-3953
1229,-3950,2699,-4428,-946,3478,4254,11383,5719,-355,-2441,-3955
1233,-3934,2682,-4407,-935,3471,4158,11321,5709,-338,-2435,-3954
1242,-3907,2650,-4368,-910,3459,4056,11256,5704,-321,-2427,-3950
1250,-3881,2620,-4331,-888,3448,3957,11195,5699,-310,-2420,-3942
1259,-3867,2601,-4311,-873,3443,3877,11139,5694,-302,-2414,-3937
1268,-3860,2590,-4300,-865,3442,3804,11084,5694,-293,-2407,-3933
1277,-3846,2572,-4280,-851,3437,3727,11031,5699,-282,-2396,-3928
1287,-3836,2557,-4265,-840,3433,3652,10985,5701,-278,-2386,-3923
1285,-3846,2573,-4284,-858,3435,3596,10946,5698,-283,-2380,-3922
1272,-3870,2615,-4329,-899,3440,3549,10916,5693,-287,-2376,-3920
1256,-3900,2665,-4384,-948,3445,3505,10896,5690,-288,-2369,-3918
1239,-3919,2704,-4424,-990,3443,3454,10883,5697,-281,-2358,-3911
1230,-3923,2720,-4438,-1010,3436,3395,10881,5710,-264,-2341,-3898
1229,-3926,2727,-4445,-1019,3433,3353,10889,5725,-243,-2321,-3882
1230,-3930,2731,-4452,-1025,3433,3324,10908,5742,-219,-2302,-3862
1231,-3931,2731,-4452,-1026,3430,3301,10932,5759,-192,-2284,-3840
1235,-3934,2731,-4454,-1025,3431,3285,10964,5776,-166,-2266,-3816
1243,-3949,2737,-4468,-1025,3443,3274,10998,5792,-146,-2249,-3793
1252,-3967,2743,-4484,-1023,3458,3256,11034,5808,-128,-2233,-3774
1267,-3986,2746,-4498,-1015,3478,3247,11081,5824,-113,-2217,-3751
1279,-4013,2758,-4523,-1013,3503,3251,11128,5838,-104,-2201,-3734
1291,-4048,2778,-4559,-1017,3532,3260,11179,5851,-100,-2186,-3715
1298,-4093,2811,-4610,-1032,3566,3297,11236,5865,-98,-2171,-3696
1307,-4137,2842,-4659,-1044,3600,3340,11295,5884,-83,-2152,-3672
1321,-4172,2858,-4691,-1042,3633,3377,11356,5908,-59,-2129,-3648
1340,-4205,2869,-4719,-1033,3667,3417,11422,5935,-35,-2103,-3622
1358,-4244,2885,-4754,-1027,3706,3471,11489,5961,-16,-2079,-3594
1374,-4274,2895,-4778,-1018,3738,3526,11555,5992,13,-2053,-3566
1396,-4278,2872,-4764,-983,3757,3566,11620,6033,52,-2022,-3533
1425,-4263,2824,-4720,-927,3769,3597,11680,6076,91,-1989,-3501
1452,-4240,2770,-4668,-869,3775,3624,11732,6115,125,-1959,-3474
1473,-4223,2728,-4626,-821,3781,3656,11781,6146,148,-1934,-3452
1482,-4216,2709,-4607,-798,3786,3698,11822,6168,158,-1917,-3437
1484,-4216,2704,-4602,-790,3792,3731,11856,6187,162,-1904,-3425
1482,-4220,2708,-4606,-790,3797,3759,11885,6202,158,-1893,-3413
1479,-4228,2718,-4616,-796,3805,3781,11913,6216,151,-1885,-3402
1473,-4234,2730,-4627,-806,3810,3803,11942,6233,143,-1878,-3391
1465,-4233,2738,-4630,-816,3809,3819,11976,6252,139,-1868,-3379
1453,-4228,2746,-4632,-829,3802,3845,12015,6272,142,-1857,-3367
1436,-4218,2757,-4632,-849,3789,3865,12052,6297,152,-1846,-3355
1420,-4201,2759,-4621,-861,3770,3872,12092,6324,169,-1833,-3344
1408,-4178,2753,-4602,-868,3749,3874,12128,6352,187,-1821,-3337
1400,-4150,2738,-4573,-866,3728,3856,12162,6381,206,-1810,-3331
1393,-4126,2727,-4551,-867,3709,3841,12192,6405,221,-1803,-3328
1385,-4114,2730,-4546,-878,3697,3843,12217,6422,227,-1802,-3333
1379,-4111,2739,-4551,-893,3692,3850,12236,6439,231,-1804,-3341
1377,-4106,2742,-4552,-901,3688,3845,12252,6458,232,-1809,-3352
1378,-4111,2751,-4563,-912,3692,3843,12271,6470,223,-1818,-3367
1370,-4139,2793,-4611,-950,3705,3860,12289,6473,202,-1832,-3387
1354,-4187,2862,-4692,-1012,3726,3889,12307,6470,179,-1848,-3409
1338,-4244,2938,-4783,-1079,3752,3928,12326,6468,160,-1863,-3432
1325,-4292,3001,-4859,-1133,3775,3968,12345,6473,151,-1876,-3452
1320,-4326,3043,-4913,-1169,3793,3995,12370,6485,156,-1880,-3467
1318,-4355,3074,-4955,-1194,3809,4022,12398,6500,163,-1883,-3480
1320,-4386,3102,-4997,-1215,3828,4045,12432,6517,170,-1884,-3493
1325,-4417,3125,-5036,-1229,3850,4064,12470,6537,181,-1884,-3507
1331,-4447,3146,-5072,-1241,3870,4079,12510,6557,189,-1886,-3524
1336,-4484,3173,-5117,-1256,3896,4100,12549,6577,194,-1891,-3540
1340,-4524,3202,-5165,-1272,3922,4105,12584,6597,199,-1896,-3557
1348,-4565,3228,-5212,-1284,3951,4100,12621,6617,202,-1900,-3573
1352,-4611,3263,-5267,-1303,3980,4100,12657,6639,202,-1908,-3593
1355,-4664,3304,-5331,-1326,4014,4095,12698,6661,205,-1916,-3612
1356,-4725,3356,-5407,-1357,4052,4111,12742,6684,210,-1923,-3628
1355,-4780,3403,-5476,-1386,4086,4135,12786,6714,216,-1929,-3641
1358,-4823,3435,-5525,-1401,4113,4159,12826,6746,228,-1932,-3654
1364,-4863,3462,-5570,-1411,4142,4196,12867,6775,241,-1934,-3671
1368,-4913,3501,-5628,-1430,4176,4256,12912,6799,249,-1942,-3694
1372,-4960,3539,-5684,-1448,4208,4315,12950,6824,254,-1955,-3723
1389,-4992,3549,-5711,-1440,4239,4351,12986,6856,265,-1965,-3750
1418,-5012,3537,-5715,-1408,4270,4378,13020,6888,278,-1974,-3774
1453,-5031,3519,-5714,-1368,4305,4404,13053,6918,288,-1986,-3797
1485,-5060,3515,-5728,-1340,4346,4440,13085,6941,286,-2001,-3824
1509,-5102,3535,-5767,-1334,4389,4493,13114,6953,271,-2025,-3861
1525,-5150,3568,-5819,-1341,4432,4542,13143,6961,246,-2052,-3900
1541,-5204,3609,-5880,-1356,4479,4585,13175,6965,218,-2079,-3941
1555,-5265,3660,-5951,-1378,4530,4622,13209,6964,185,-2110,-3984
1562,-5326,3719,-6029,-1411,4578,4660,13242,6957,147,-2146,-4029
1566,-5384,3778,-6104,-1446,4621,4690,13274,6945,105,-2184,-4074
1568,-5439,3838,-6179,-1484,4662,4729,13305,6933,63,-2221,-4117
1565,-5488,3897,-6249,-1524,4696,4761,13329,6925,28,-2256,-4157
1566,-5525,3939,-6299,-1552,4724,4780,13358,6919,5,-2285,-4190
1569,-5546,3965,-6329,-1567,4743,4792,13384,6919,-14,-2311,-4220
1576,-5552,3972,-6337,-1569,4754,4780,13406,6923,-26,-2331,-4246
1581,-5553,3974,-6339,-1569,4760,4762,13427,6926,-41,-2349,-4268
1580,-5556,3985,-6348,-1578,4765,4753,13445,6929,-60,-2367,-4291
1577,-5562,3999,-6362,-1592,4769,4743,13455,6934,-80,-2386,-4317
1579,-5564,4005,-6367,-1598,4774,4712,13459,6941,-98,-2407,-4343
1584,-5573,4014,-6380,-1604,4785,4677,13459,6942,-118,-2427,-4369
1579,-5602,4053,-6428,-1638,4803,4654,13457,6934,-144,-2454,-4400
1565,-5646,4115,-6500,-1693,4824,4634,13457,6923,-168,-2482,-4429
1548,-5700,4188,-6586,-1758,4850,4615,13457,6914,-185,-2507,-4453
1537,-5750,4251,-6663,-1812,4876,4592,13457,6913,-192,-2526,-4475
1534,-5789,4292,-6719,-1846,4900,4561,13462,6917,-194,-2541,-4492
1536,-5821,4323,-6763,-1870,4923,4539,13473,6923,-198,-2555,-4509
1536,-5849,4348,-6800,-1891,4941,4524,13491,6932,-203,-2565,-4522
1537,-5872,4367,-6830,-1907,4956,4518,13514,6940,-208,-2574,-4536
1541,-5893,4381,-6856,-1918,4970,4520,13540,6948,-216,-2585,-4553
1543,-5916,4396,-6882,-1929,4985,4541,13569,6955,-223,-2596,-4567
1547,-5933,4404,-6901,-1934,4997,4554,13600,6964,-227,-2608,-4579
1554,-5949,4407,-6915,-1933,5010,4568,13638,6973,-229,-2614,-4589
1556,-5966,4414,-6932,-1938,5019,4593,13677,6987,-227,-2619,-4600
1555,-5982,4424,-6951,-1945,5027,4615,13722,7005,-217,-2619,-4606
1550,-6003,4442,-6977,-1959,5035,4658,13768,7025,-205,-2616,-4605
1544,-6019,4458,-6998,-1972,5039,4699,13810,7051,-183,-2608,-4601
1544,-6025,4458,-7002,-1970,5041,4723,13848,7081,-153,-2598,-4592
1549,-6026,4447,-6995,-1957,5043,4748,13886,7112,-119,-2582,-4578
1553,-6031,4443,-6995,-1948,5047,4788,13924,7145,-83,-2565,-4564
1557,-6028,4431,-6983,-1933,5046,4822,13955,7183,-39,-2544,-4549
1570,-6001,4387,-6935,-1891,5037,4830,13979,7224,2,-2521,-4533
1588,-5958,4322,-6861,-1831,5019,4822,14000,7263,43,-2499,-4517
1607,-5909,4253,-6780,-1767,5000,4806,14018,7297,82,-2478,-4503
1622,-5871,4198,-6716,-1715,4984,4785,14033,7324,108,-2461,-4492
1630,-5848,4167,-6677,-1683,4977,4774,14040,7343,121,-2452,-4487
1635,-5834,4148,-6652,-1662,4972,4786,14045,7360,128,-2446,-4486
1639,-5825,4136,-6635,-1646,4972,4833,14051,7376,133,-2441,-4485
1641,-5824,4135,-6631,-1640,4976,4896,14058,7390,132,-2435,-4485
1638,-5829,4146,-6638,-1644,4980,4939,14064,7402,127,-2430,-4491
1633,-5831,4158,-6645,-1651,4982,4953,14070,7414,122,-2423,-4497
1627,-5833,4169,-6651,-1660,4983,4962,14077,7425,117,-2415,-4505
1620,-5830,4180,-6655,-1669,4980,4959,14081,7435,119,-2411,-4513
1615,-5820,4181,-6647,-1671,4974,4938,14091,7445,128,-2404,-4516
1612,-5801,4172,-6628,-1667,4962,4920,14101,7459,140,-2398,-4519
1612,-5775,4153,-6597,-1654,4946,4885,14109,7477,152,-2392,-4522
1610,-5751,4138,-6571,-1647,4931,4850,14115,7492,158,-2391,-4526
1602,-5734,4137,-6559,-1653,4914,4823,14118,7503,159,-2394,-4530
1590,-5718,4140,-6552,-1666,4896,4794,14115,7517,161,-2398,-4534
1581,-5699,4137,-6538,-1674,4876,4753,14110,7533,165,-2402,-4538
1571,-5686,4140,-6534,-1687,4860,4722,14103,7542,156,-2409,-4544
1550,-5695,4176,-6567,-1731,4850,4714,14096,7538,133,-2423,-4553
1522,-5721,4235,-6626,-1795,4846,4720,14089,7525,106,-2440,-4563
1495,-5752,4298,-6691,-1861,4846,4731,14084,7512,87,-2457,-4570
1476,-5778,4347,-6744,-1913,4847,4745,14083,7506,81,-2467,-4572
1465,-5788,4371,-6769,-1943,4843,4761,14091,7511,90,-2467,-4566
1460,-5787,4376,-6775,-1956,4835,4799,14105,7519,106,-2460,-4557
1456,-5776,4370,-6767,-1961,4822,4851,14124,7529,129,-2447,-4544
1451,-5757,4355,-6746,-1958,4802,4914,14141,7544,154,-2429,-4527
1447,-5737,4337,-6724,-1954,4782,4973,14158,7560,177,-2409,-4508
1444,-5723,4324,-6708,-1952,4766,5037,14169,7574,194,-2391,-4492
1444,-5708,4304,-6687,-1942,4753,5081,14172,7586,210,-2378,-4479
1450,-5694,4279,-6663,-1923,4745,5122,14174,7597,224,-2365,-4465
1454,-5687,4263,-6649,-1911,4740,5165,14170,7605,231,-2357,-4454
1454,-5682,4251,-6640,-1904,4734,5188,14163,7608,235,-2349,-4444
1449,-5683,4251,-6641,-1905,4731,5218,14157,7609,238,-2340,-4432
1443,-5682,4248,-6638,-1906,4725,5239,14145,7613,250,-2329,-4419
1441,-5671,4231,-6620,-1893,4716,5235,14131,7621,269,-2314,-4402
1444,-5658,4207,-6595,-1871,4711,5224,14119,7629,288,-2296,-4381
1448,-5655,4193,-6583,-1855,4713,5219,14111,7634,302,-2279,-4360
1451,-5648,4176,-6566,-1836,4712,5200,14097,7643,322,-2265,-4340
1461,-5621,4132,-6518,-1795,4704,5144,14077,7657,351,-2248,-4320
1478,-5578,4066,-6443,-1733,4689,5063,14050,7673,381,-2235,-4303
1496,-5529,3994,-6361,-1667,4672,4968,14018,7684,405,-2225,-4289
1507,-5488,3937,-6293,-1616,4656,4879,13985,7687,418,-2221,-4280
1507,-5460,3906,-6252,-1589,4642,4821,13949,7681,420,-2223,-4275
1501,-5440,3889,-6223,-1576,4628,4773,13914,7671,416,-2229,-4273
1492,-5418,3876,-6198,-1569,4612,4737,13878,7660,409,-2238,-4273
1480,-5401,3869,-6178,-1568,4597,4714,13843,7652,407,-2245,-4271
1465,-5380,3864,-6159,-1571,4578,4700,13809,7647,410,-2248,-4265
1451,-5352,3852,-6129,-1569,4554,4687,13776,7643,411,-2246,-4256
1436,-5321,3838,-6096,-1567,4528,4692,13743,7637,413,-2239,-4244
1419,-5287,3825,-6062,-1568,4497,4695,13706,7631,420,-2228,-4231
1405,-5244,3801,-6015,-1562,4461,4686,13674,7629,436,-2212,-4214
1389,-5193,3770,-5958,-1552,4418,4683,13637,7629,460,-2193,-4197
1376,-5131,3727,-5887,-1533,4370,4673,13597,7627,480,-2175,-4178
1363,-5073,3689,-5821,-1518,4323,4666,13553,7618,492,-2160,-4156
1344,-5025,3667,-5774,-1520,4278,4668,13501,7602,494,-2147,-4138
1319,-4981,3655,-5736,-1532,4231,4672,13437,7585,491,-2139,-4125
1298,-4932,3634,-5691,-1537,4183,4661,13367,7570,490,-2130,-4114
1283,-4890,3615,-5651,-1540,4142,4649,13295,7551,485,-2125,-4103
1261,-4871,3625,-5647,-1567,4112,4659,13217,7521,469,-2125,-4098
1234,-4868,3656,-5667,-1610,4088,4677,13137,7484,445,-2128,-4097
1204,-4867,3691,-5692,-1659,4064,4689,13052,7444,421,-2131,-4096
1176,-4856,3713,-5701,-1699,4034,4686,12961,7409,405,-2133,-4089
1158,-4831,3711,-5686,-1715,4001,4665,12868,7376,399,-2132,-4078
1146,-4801,3698,-5661,-1719,3969,4648,12775,7342,397,-2131,-4068
1136,-4770,3679,-5631,-1718,3936,4626,12686,7307,401,-2127,-4057
1126,-4735,3656,-5595,-1713,3901,4596,12598,7272,408,-2125,-4048
1116,-4699,3631,-5558,-1707,3866,4573,12514,7236,421,-2119,-4040
1104,-4670,3613,-5530,-1705,3833,4559,12430,7200,435,-2113,-4031
1093,-4638,3592,-5497,-1700,3800,4535,12344,7162,452,-2109,-4025
1087,-4606,3563,-5459,-1686,3770,4522,12263,7125,470,-2101,-4015
1077,-4576,3540,-5426,-1677,3740,4524,12181,7090,485,-2090,-4006
1064,-4550,3524,-5400,-1674,3711,4520,12100,7054,494,-2078,-3994
1047,-4530,3517,-5384,-1679,3685,4537,12015,7016,499,-2067,-3979
1032,-4509,3505,-5363,-1679,3661,4559,11921,6981,506,-2052,-3962
1023,-4479,3478,-5325,-1664,3634,4565,11818,6948,520,-2030,-3940
1019,-4446,3443,-5280,-1639,3610,4575,11711,6913,543,-2006,-3913
1014,-4417,3413,-5240,-1618,3590,4612,11603,6873,562,-1981,-3882
1009,-4383,3377,-5193,-1592,3565,4655,11486,6835,584,-1955,-3852
1013,-4331,3314,-5115,-1543,3537,4668,11360,6797,610,-1927,-3823
1022,-4267,3234,-5018,-1478,3503,4655,11225,6758,628,-1904,-3797
1033,-4201,3150,-4915,-1410,3470,4630,11083,6717,640,-1883,-3772
1039,-4141,3079,-4825,-1353,3438,4606,10936,6663,640,-1869,-3749
1033,-4096,3033,-4762,-1322,3408,4591,10785,6601,627,-1864,-3731
1020,-4057,3002,-4712,-1306,3377,4560,10633,6532,607,-1863,-3713
1003,-4016,2974,-4664,-1294,3344,4520,10482,6462,587,-1861,-3693
987,-3979,2949,-4620,-1285,3313,4473,10337,6389,566,-1857,-3672
970,-3942,2927,-4577,-1278,3282,4428,10197,6312,546,-1853,-3654
955,-3900,2898,-4527,-1268,3249,4394,10064,6236,529,-1847,-3635
939,-3857,2870,-4477,-1258,3214,4391,9941,6161,513,-1840,-3612
921,-3809,2841,-4423,-1250,3175,4395,9820,6087,502,-1836,-3590
907,-3756,2804,-4361,-1235,3134,4386,9708,6013,497,-1830,-3563
892,-3699,2765,-4296,-1220,3090,4378,9600,5945,496,-1821,-3534
879,-3638,2721,-4223,-1201,3043,4354,9493,5877,497,-1812,-3504
865,-3581,2684,-4160,-1189,2998,4318,9386,5805,488,-1806,-3476
848,-3536,2662,-4115,-1189,2958,4267,9273,5726,468,-1805,-3453
830,-3497,2646,-4079,-1194,2922,4186,9149,5643,441,-1808,-3438
818,-3456,2624,-4037,-1191,2887,4061,9016,5560,415,-1809,-3424
810,-3419,2603,-3999,-1187,2858,3914,8877,5472,384,-1809,-3410
793,-3400,2607,-3990,-1206,2833,3775,8731,5374,343,-1814,-3398
766,-3391,2633,-4004,-1247,2808,3645,8583,5271,299,-1819,-3384
733,-3385,2666,-4023,-1295,2781,3514,8436,5170,264,-1824,-3366
700,-3367,2687,-4027,-1335,2745,3385,8288,5075,240,-1828,-3348
676,-3336,2686,-4008,-1353,2707,3250,8139,4984,225,-1827,-3329
659,-3300,2671,-3977,-1358,2668,3113,7990,4896,209,-1823,-3308
646,-3259,2647,-3936,-1353,2628,2978,7839,4809,194,-1820,-3287
633,-3211,2613,-3884,-1340,2583,2847,7688,4724,181,-1817,-3267
621,-3160,2575,-3828,-1324,2536,2723,7539,4640,170,-1814,-3248
609,-3116,2543,-3780,-1311,2494,2629,7392,4555,161,-1810,-3227
598,-3073,2511,-3732,-1297,2452,2540,7244,4469,156,-1802,-3207
588,-3029,2474,-3680,-1278,2411,2460,7098,4382,147,-1794,-3184
572,-2987,2445,-3635,-1268,2368,2391,6945,4290,135,-1789,-3166
555,-2953,2423,-3599,-1262,2329,2324,6791,4193,119,-1786,-3149
538,-2932,2414,-3581,-1266,2300,2282,6638,4095,101,-1781,-3132
521,-2907,2400,-3556,-1264,2269,2259,6481,3999,87,-1772,-3114
510,-2869,2365,-3508,-1245,2233,2251,6324,3907,79,-1759,-3094
502,-2824,2322,-3449,-1218,2196,2251,6173,3818,73,-1741,-3072
493,-2784,2284,-3397,-1196,2161,2295,6028,3732,69,-1721,-3046
483,-2736,2239,-3334,-1168,2122,2387,5883,3655,78,-1697,-3015
484,-2667,2163,-3237,-1113,2076,2497,5737,3589,96,-1668,-2981
492,-2585,2066,-3116,-1039,2027,2609,5587,3523,112,-1638,-2949
503,-2503,1967,-2994,-963,1981,2717,5434,3453,121,-1612,-2923
510,-2433,1884,-2889,-900,1940,2822,5281,3372,118,-1592,-2902
509,-2378,1826,-2811,-860,1904,2931,5124,3285,104,-1580,-2889
502,-2331,1782,-2748,-833,1871,3047,4970,3193,86,-1572,-2879
492,-2291,1749,-2697,-816,1841,3173,4816,3100,65,-1565,-2868
481,-2259,1726,-2658,-808,1815,3296,4662,3001,36,-1560,-2856
468,-2232,1711,-2626,-805,1792,3405,4508,2902,5,-1557,-2846
456,-2204,1695,-2594,-803,1769,3499,4359,2801,-28,-1554,-2837
445,-2182,1684,-2569,-803,1750,3581,4213,2695,-63,-1551,-2823
429,-2158,1678,-2546,-810,1727,3630,4067,2590,-97,-1549,-2807
416,-2124,1661,-2510,-809,1699,3640,3929,2488,-125,-1543,-2786
404,-2082,1635,-2463,-801,1665,3619,3791,2390,-146,-1535,-2763
395,-2028,1596,-2400,-783,1625,3561,3651,2292,-166,-1529,-2741
385,-1973,1557,-2336,-766,1583,3473,3512,2194,-187,-1524,-2719
369,-1923,1530,-2284,-761,1540,3359,3372,2093,-210,-1519,-2695
349,-1877,1512,-2241,-765,1497,3215,3228,1993,-236,-1515,-2672
331,-1827,1488,-2193,-764,1452,3038,3080,1894,-262,-1512,-2652
313,-1780,1467,-2148,-766,1407,2840,2933,1790,-298,-1510,-2634
285,-1749,1473,-2133,-792,1368,2630,2787,1678,-344,-1515,-2619
251,-1734,1501,-2143,-836,1335,2409,2645,1563,-389,-1521,-2604
216,-1727,1536,-2163,-886,1305,2184,2509,1451,-425,-1525,-2586
188,-1711,1557,-2169,-922,1274,1959,2376,1347,-452,-1525,-2564
171,-1684,1554,-2151,-934,1243,1734,2249,1250,-470,-1520,-2537
162,-1653,1540,-2124,-933,1214,1520,2128,1156,-481,-1510,-2505
154,-1622,1522,-2094,-930,1185,1316,2012,1067,-484,-1497,-2474
149,-1587,1497,-2057,-918,1155,1126,1902,981,-485,-1484,-2443
148,-1553,1468,-2016,-901,1128,956,1798,898,-491,-1471,-2414
146,-1524,1442,-1982,-886,1104,815,1694,815,-498,-1460,-2385
143,-1494,1417,-1947,-872,1079,699,1592,736,-500,-1450,-2355
141,-1466,1390,-1912,-855,1056,618,1497,660,-503,-1439,-2323
135,-1441,1370,-1884,-845,1032,570,1400,585,-515,-1429,-2297
126,-1422,1355,-1862,-840,1011,547,1303,509,-532,-1419,-2275
116,-1412,1350,-1853,-842,996,554,1208,433,-552,-1410,-2255
108,-1401,1339,-1839,-837,982,588,1116,363,-567,-1401,-2234
105,-1377,1311,-1804,-818,963,648,1030,301,-574,-1389,-2211
104,-1349,1276,-1761,-792,943,737,952,242,-577,-1373,-2181
101,-1326,1248,-1727,-773,925,856,876,182,-578,-1358,-2154
98,-1301,1217,-1689,-751,907,995,800,125,-576,-1347,-2132
105,-1258,1156,-1619,-702,883,1139,719,74,-566,-1336,-2108
120,-1200,1075,-1525,-635,855,1286,635,24,-559,-1327,-2084
136,-1139,989,-1426,-563,826,1437,547,-27,-565,-1321,-2069
148,-1089,919,-1345,-506,802,1590,462,-87,-582,-1318,-2057
151,-1055,874,-1291,-471,784,1747,378,-152,-607,-1318,-2050
148,-1030,845,-1253,-451,766,1897,299,-218,-630,-1317,-2043
138,-1007,826,-1224,-443,747,2035,224,-281,-648,-1315,-2034
127,-991,817,-1206,-443,732,2155,147,-345,-667,-1311,-2024
114,-978,813,-1192,-447,717,2251,68,-410,-687,-1308,-2016
102,-958,803,-1171,-448,700,2315,-12,-475,-710,-1306,-2011
90,-939,795,-1152,-451,682,2361,-91,-540,-736,-1302,-2005
75,-917,790,-1132,-457,660,2384,-170,-601,-754,-1297,-1996
62,-887,775,-1100,-456,634,2385,-238,-658,-758,-1288,-1981
52,-851,752,-1060,-450,606,2365,-305,-712,-758,-1279,-1964
46,-808,720,-1009,-433,576,2310,-371,-764,-754,-1270,-1951
42,-771,693,-966,-420,551,2229,-438,-818,-753,-1263,-1942
35,-745,681,-940,-419,530,2126,-507,-872,-765,-1260,-1935
24,-722,676,-921,-425,508,1995,-583,-928,-787,-1261,-1933
17,-695,662,-893,-423,485,1834,-669,-983,-815,-1267,-1933
12,-673,653,-873,-423,468,1654,-756,-1045,-851,-1277,-1935
-2,-673,675,-888,-450,458,1466,-842,-1114,-898,-1293,-1941
-26,-689,721,-929,-500,452,1273,-925,-1186,-945,-1312,-1948
-51,-712,776,-981,-555,449,1080,-1004,-1254,-985,-1330,-1955
-70,-728,818,-1020,-599,445,883,-1082,-1314,-1011,-1344,-1963
-82,-728,836,-1033,-620,437,683,-1156,-1365,-1030,-1352,-1968
-88,-721,839,-1031,-629,426,498,-1226,-1413,-1040,-1355,-1965
-91,-713,838,-1026,-631,417,328,-1295,-1460,-1049,-1354,-1959
-94,-701,831,-1014,-629,405,170,-1362,-1505,-1055,-1353,-1954
-96,-687,820,-998,-622,392,33,-1421,-1551,-1061,-1350,-1950
-99,-675,812,-985,-618,380,-72,-1471,-1592,-1065,-1348,-1945
-102,-660,800,-969,-612,366,-155,-1515,-1629,-1073,-1347,-1941
-99,-651,785,-954,-598,360,-211,-1545,-1669,-1086,-1346,-1937
-95,-650,778,-951,-590,360,-238,-1574,-1709,-1107,-1352,-1939
-94,-659,782,-960,-590,365,-244,-1593,-1748,-1132,-1358,-1942
-97,-677,798,-985,-601,375,-217,-1605,-1786,-1156,-1364,-1944
-100,-695,814,-1009,-611,384,-166,-1613,-1818,-1170,-1366,-1942
-100,-700,814,-1014,-609,388,-90,-1614,-1840,-1171,-1364,-1935
-97,-699,804,-1008,-598,390,14,-1607,-1860,-1166,-1358,-1924
-96,-702,799,-1008,-593,393,147,-1596,-1883,-1165,-1351,-1912
-95,-701,791,-1002,-584,394,300,-1590,-1901,-1156,-1344,-1902
-85,-678,752,-961,-550,386,460,-1591,-1913,-1142,-1334,-1890
-69,-638,691,-895,-497,372,620,-1603,-1923,-1131,-1324,-1878
-50,-597,625,-824,-440,358,781,-1625,-1936,-1126,-1318,-1868
-33,-567,573,-770,-394,352,942,-1651,-1956,-1131,-1317,-1860
-24,-555,547,-744,-370,351,1103,-1684,-1983,-1149,-1324,-1856
-20,-548,532,-730,-358,351,1254,-1726,-2012,-1174,-1334,-1855
-18,-544,524,-721,-352,353,1392,-1774,-2042,-1200,-1346,-1856
-20,-546,524,-722,-355,355,1513,-1823,-2074,-1225,-1356,-1859
-27,-545,530,-725,-365,352,1615,-1875,-2107,-1249,-1364,-1865
-36,-540,533,-723,-376,345,1693,-1924,-2139,-1270,-1370,-1871
-45,-537,540,-724,-389,339,1755,-1971,-2172,-1290,-1375,-1876
-57,-536,553,-730,-408,332,1788,-2023,-2207,-1309,-1381,-1882
-62,-531,556,-728,-417,326,1790,-2069,-2239,-1320,-1381,-1885
-67,-517,551,-715,-420,314,1771,-2107,-2263,-1319,-1376,-1882
-72,-493,536,-687,-417,296,1721,-2140,-2282,-1314,-1369,-1876
-76,-471,524,-664,-414,278,1648,-2167,-2304,-1310,-1362,-1869
-82,-457,523,-654,-420,264,1552,-2192,-2328,-1312,-1358,-1861
-91,-444,525,-645,-429,249,1430,-2219,-2352,-1317,-1359,-1856
-96,-424,517,-626,-430,230,1279,-2245,-2372,-1325,-1363,-1852
-101,-406,511,-610,-432,213,1116,-2265,-2391,-1338,-1367,-1847
-116,-407,534,-625,-459,202,951,-2278,-2414,-1357,-1373,-1844
-141,-419,577,-662,-505,191,790,-2282,-2438,-1379,-1379,-1842
-167,-435,626,-706,-556,182,628,-2278,-2461,-1398,-1385,-1841
-190,-444,662,-736,-596,171,462,-2271,-2478,-1407,-1389,-1840
-202,-442,677,-745,-614,159,295,-2262,-2491,-1409,-1390,-1836
-209,-436,682,-745,-622,149,137,-2254,-2504,-1409,-1391,-1833
-215,-430,683,-741,-625,139,-6,-2244,-2516,-1406,-1393,-1827
-219,-420,679,-732,-623,127,-130,-2234,-2526,-1403,-1399,-1825
-222,-412,674,-724,-619,119,-236,-2228,-2534,-1397,-1402,-1824
-226,-410,675,-724,-620,113,-324,-2227,-2542,-1391,-1404,-1823
-228,-407,672,-721,-616,109,-399,-2236,-2549,-1385,-1405,-1823
-226,-403,663,-712,-606,106,-447,-2248,-2554,-1384,-1403,-1821
-226,-404,660,-712,-601,105,-469,-2273,-2558,-1390,-1404,-1821
-228,-408,660,-715,-598,106,-469,-2303,-2564,-1399,-1405,-1820
-232,-417,667,-726,-603,108,-437,-2338,-2572,-1413,-1402,-1821
-235,-424,672,-735,-605,111,-378,-2378,-2579,-1422,-1398,-1820
-233,-423,662,-728,-594,112,-297,-2419,-2580,-1420,-1389,-1812
-225,-421,645,-716,-574,116,-190,-2449,-2577,-1408,-1374,-1799
-216,-427,636,-714,-559,126,-58,-2468,-2575,-1390,-1359,-1784
-211,-427,625,-707,-546,129,86,-2482,-2572,-1362,-1344,-1770
-197,-407,585,-668,-508,126,229,-2490,-2565,-1329,-1327,-1755
-174,-373,523,-604,-449,118,370,-2495,-2554,-1296,-1309,-1740
-148,-332,452,-529,-384,109,508,-2502,-2546,-1272,-1291,-1728
-127,-299,394,-468,-330,101,645,-2505,-2544,-1259,-1278,-1719
-118,-279,362,-434,-301,95,787,-2507,-2548,-1254,-1271,-1715
-117,-264,344,-412,-288,87,923,-2510,-2555,-1255,-1268,-1713
-119,-253,333,-396,-283,80,1050,-2513,-2566,-1262,-1270,-1713
-121,-250,331,-392,-282,79,1162,-2517,-2580,-1275,-1275,-1718
-122,-251,335,-395,-287,81,1253,-2525,-2596,-1289,-1280,-1728
-126,-247,335,-391,-290,79,1317,-2529,-2608,-1299,-1281,-1734
-131,-240,336,-386,-295,74,1369,-2530,-2617,-1304,-1280,-1737
-139,-233,339,-382,-304,67,1400,-2531,-2619,-1299,-1276,-1739
-141,-221,333,-369,-304,60,1409,-2527,-2619,-1290,-1267,-1734
-139,-204,318,-346,-295,53,1398,-2526,-2615,-1282,-1260,-1728
-134,-178,292,-311,-276,42,1357,-2526,-2608,-1275,-1253,-1720
-128,-156,270,-280,-261,33,1292,-2527,-2605,-1274,-1246,-1709
-126,-146,263,-268,-257,29,1209,-2531,-2607,-1279,-1242,-1700
-126,-142,264,-266,-260,28,1105,-2541,-2609,-1289,-1240,-1693
-123,-134,258,-256,-257,25,977,-2555,-2610,-1297,-1239,-1687
-121,-129,256,-251,-257,24,835,-2568,-2613,-1307,-1240,-1683
-134,-145,290,-284,-290,26,690,-2577,-2623,-1326,-1248,-1683
-154,-178,348,-344,-344,35,540,-2582,-2640,-1353,-1262,-1684
-175,-217,412,-414,-403,46,385,-2584,-2660,-1380,-1275,-1685
-194,-244,461,-464,-449,51,228,-2585,-2675,-1399,-1286,-1685
-205,-254,485,-488,-473,50,68,-2583,-2685,-1405,-1294,-1682
-212,-256,497,-498,-486,44,-83,-2578,-2695,-1409,-1301,-1679
-217,-256,504,-503,-494,40,-220,-2572,-2705,-1412,-1309,-1676
-220,-252,504,-502,-496,33,-340,-2566,-2714,-1415,-1319,-1672
-219,-251,502,-501,-494,29,-441,-2558,-2723,-1419,-1329,-1666
-221,-255,507,-508,-498,27,-516,-2552,-2733,-1420,-1339,-1660
-225,-255,510,-511,-502,21,-575,-2551,-2741,-1416,-1348,-1656
-224,-255,508,-511,-499,19,-613,-2545,-2749,-1417,-1354,-1647
-223,-263,514,-522,-502,22,-624,-2548,-2755,-1428,-1362,-1643
-224,-279,528,-543,-510,29,-615,-2550,-2762,-1442,-1370,-1638
-227,-302,551,-575,-527,40,-577,-2555,-2768,-1459,-1378,-1637
-228,-322,569,-600,-538,51,-517,-2566,-2770,-1467,-1384,-1634
-223,-329,568,-606,-534,58,-441,-2580,-2768,-1463,-1383,-1630
-215,-328,556,-597,-519,61,-349,-2591,-2769,-1454,-1377,-1626
-207,-330,547,-593,-506,68,-237,-2600,-2770,-1443,-1368,-1620
-201,-322,529,-577,-489,67,-113,-2611,-2764,-1427,-1359,-1611
-188,-292,482,-525,-448,56,16,-2622,-2750,-1401,-1347,-1600
-169,-245,413,-448,-388,39,147,-2636,-2733,-1372,-1335,-1587
-149,-194,338,-364,-324,19,279,-2654,-2717,-1347,-1325,-1573
-133,-154,277,-297,-271,6,416,-2668,-2706,-1333,-1317,-1562
-128,-130,244,-259,-244,-4,558,-2679,-2696,-1324,-1312,-1555
-133,-114,229,-237,-236,-15,693,-2687,-2683,-1317,-1306,-1551
-143,-100,222,-222,-237,-28,818,-2692,-2671,-1311,-1297,-1550
-155,-89,220,-213,-243,-40,926,-2697,-2661,-1307,-1290,-1552
-167,-82,222,-208,-251,-49,1016,-2701,-2653,-1305,-1288,-1556
-177,-72,219,-198,-255,-58,1082,-2705,-2648,-1305,-1288,-1562
-186,-66,221,-194,-262,-65,1137,-2708,-2646,-1308,-1287,-1566
-201,-60,229,-194,-277,-76,1171,-2716,-2643,-1307,-1284,-1568
-211,-51,230,-186,-285,-86,1182,-2721,-2640,-1301,-1276,-1564
-218,-39,225,-173,-286,-96,1174,-2729,-2635,-1288,-1267,-1561
-220,-19,209,-147,-277,-110,1137,-2737,-2629,-1271,-1259,-1559
-222,2,192,-120,-269,-125,1077,-2746,-2628,-1264,-1254,-1558
-228,15,187,-106,-271,-138,998,-2758,-2634,-1268,-1252,-1561
-236,24,189,-100,-278,-150,904,-2776,-2640,-1273,-1253,-1567
-241,38,185,-86,-281,-165,794,-2795,-2644,-1277,-1253,-1574
-245,46,185,-80,-285,-175,673,-2813,-2652,-1286,-1254,-1580
-257,31,216,-109,-316,-176,548,-2831,-2667,-1310,-1262,-1589
-277,-1,274,-169,-370,-171,417,-2846,-2687,-1337,-1273,-1598
-298,-40,339,-238,-429,-162,282,-2860,-2705,-1360,-1282,-1603
-317,-68,390,-291,-477,-159,142,-2877,-2715,-1372,-1288,-1607
-328,-80,419,-318,-504,-162,0,-2886,-2720,-1376,-1292,-1607
-334,-88,438,-337,-522,-165,-129,-2890,-2724,-1375,-1294,-1604
-335,-93,449,-348,-531,-167,-250,-2889,-2726,-1368,-1295,-1597
-334,-90,449,-348,-531,-172,-358,-2886,-2723,-1355,-1292,-1588
-331,-87,446,-345,-526,-176,-449,-2879,-2717,-1343,-1286,-1579
-326,-87,445,-346,-522,-176,-522,-2871,-2713,-1331,-1279,-1567
-319,-86,439,-344,-513,-175,-583,-2863,-2706,-1317,-1271,-1553
-309,-83,427,-336,-498,-173,-619,-2851,-2698,-1301,-1258,-1535
-303,-82,420,-332,-488,-173,-626,-2842,-2690,-1290,-1247,-1522
-298,-86,420,-338,-484,-169,-610,-2829,-2684,-1282,-1236,-1509
-296,-100,430,-356,-488,-161,-566,-2815,-2680,-1274,-1225,-1499
-295,-109,436,-369,-490,-154,-505,-2802,-2677,-1267,-1216,-1489
-290,-108,426,-364,-479,-151,-431,-2788,-2671,-1259,-1204,-1477
-282,-104,410,-352,-462,-148,-337,-2771,-2668,-1248,-1193,-1463
-276,-106,402,-350,-452,-141,-220,-2753,-2668,-1240,-1183,-1449
-273,-102,390,-341,-440,-139,-96,-2739,-2666,-1229,-1174,-1436
-260,-77,345,-295,-400,-145,23,-2729,-2655,-1211,-1163,-1420
-240,-38,279,-226,-341,-154,140,-2720,-2639,-1188,-1152,-1404
-217,4,208,-151,-277,-163,258,-2713,-2625,-1173,-1145,-1391
-199,39,149,-88,-225,-170,378,-2708,-2619,-1171,-1143,-1383
-190,59,114,-50,-195,-173,495,-2709,-2624,-1178,-1150,-1381
-188,71,93,-27,-180,-175,596,-2711,-2634,-1190,-1162,-1384
-185,72,84,-19,-172,-169,688,-2715,-2647,-1205,-1175,-1390
-183,65,86,-23,-172,-159,771,-2719,-2663,-1228,-1190,-1399
-185,56,93,-31,-179,-149,839,-2725,-2681,-1254,-1207,-1409
-186,50,98,-36,-184,-141,888,-2728,-2699,-1277,-1221,-1418
-188,41,107,-46,-193,-133,926,-2726,-2713,-1293,-1230,-1424
-196,37,120,-54,-208,-133,952,-2725,-2720,-1301,-1236,-1431
-201,42,121,-49,-213,-136,961,-2719,-2720,-1302,-1237,-1433
-203,52,114,-35,-212,-142,967,-2716,-2715,-1298,-1236,-1433
-203,70,98,-11,-202,-152,955,-2714,-2707,-1289,-1230,-1428
-202,87,85,11,-194,-162,927,-2710,-2702,-1285,-1223,-1422
-207,98,83,21,-199,-174,888,-2707,-2698,-1282,-1219,-1415
-215,106,88,25,-208,-185,833,-2708,-2693,-1279,-1218,-1409
-218,121,82,39,-207,-199,757,-2714,-2684,-1276,-1216,-1405
-221,132,79,49,-208,-211,663,-2722,-2680,-1280,-1214,-1402
-234,127,103,30,-235,-220,561,-2736,-2685,-1294,-1217,-1406
-256,107,152,-17,-283,-224,456,-2752,-2691,-1307,-1223,-1410
-278,76,211,-77,-337,-222,351,-2770,-2697,-1316,-1228,-1411
-293,51,258,-125,-379,-220,243,-2790,-2695,-1314,-1227,-1412
-296,41,277,-146,-393,-219,134,-2807,-2687,-1301,-1217,-1411
-292,39,281,-151,-392,-220,36,-2822,-2676,-1282,-1205,-1408
-287,43,278,-147,-387,-225,-53,-2831,-2665,-1261,-1191,-1401
-283,55,266,-133,-376,-236,-136,-2834,-2650,-1235,-1175,-1390
-279,75,247,-109,-360,-252,-207,-2832,-2632,-1211,-1157,-1376
-278,92,232,-90,-348,-268,-259,-2830,-2617,-1189,-1143,-1365
-275,111,213,-67,-332,-284,-298,-2826,-2603,-1167,-1129,-1352
-272,133,189,-39,-313,-301,-322,-2817,-2590,-1151,-1113,-1337
-270,149,172,-19,-299,-314,-325,-2808,-2580,-1140,-1100,-1326
-268,157,161,-9,-290,-322,-316,-2795,-2571,-1132,-1089,-1317
-269,153,165,-17,-291,-322,-285,-2779,-2561,-1129,-1078,-1307
-268,146,168,-26,-291,-318,-237,-2758,-2548,-1118,-1067,-1297
-260,145,159,-23,-279,-312,-176,-2736,-2534,-1103,-1054,-1287
-252,146,145,-15,-263,-307,-100,-2711,-2522,-1087,-1037,-1276
-246,139,142,-19,-256,-297,-8,-2685,-2513,-1076,-1022,-1268
-241,132,138,-23,-249,-286,94,-2665,-2501,-1063,-1008,-1261
-225,143,105,5,-215,-280,197,-2650,-2482,-1040,-990,-1250
-203,169,51,58,-163,-278,299,-2641,-2462,-1018,-975,-1240
-181,200,-9,117,-108,-279,399,-2640,-2448,-1002,-962,-1233
-165,220,-53,160,-67,-277,491,-2643,-2442,-998,-952,-1229
-159,227,-72,177,-49,-271,579,-2653,-2443,-1002,-950,-1229
-161,228,-79,183,-45,-267,654,-2667,-2448,-1004,-949,-1230
-166,229,-82,185,-46,-264,715,-2686,-2453,-1000,-946,-1231
-174,230,-81,186,-52,-263,763,-2707,-2459,-994,-940,-1230
-184,233,-79,187,-61,-265,798,-2726,-2462,-985,-931,-1224
-195,240,-80,194,-67,-270,817,-2743,-2460,-977,-917,-1214
-203,245,-80,198,-73,-273,829,-2759,-2461,-972,-904,-1200
-212,249,-78,200,-82,-276,822,-2774,-2461,-965,-892,-1187
-215,257,-83,211,-81,-279,791,-2779,-2462,-953,-880,-1169
-215,269,-95,228,-74,-283,745,-2782,-2462,-940,-872,-1150
-211,287,-116,256,-60,-289,675,-2783,-2463,-927,-865,-1132
-207,301,-131,277,-49,-294,593,-2777,-2470,-920,-860,-1115
-206,306,-132,282,-49,-295,507,-2767,-2481,-921,-859,-1103
-211,310,-127,284,-58,-302,411,-2759,-2492,-924,-861,-1094
-217,319,-126,291,-64,-313,302,-2753,-2498,-928,-862,-1085
-223,325,-120,293,-73,-322,191,-2747,-2504,-940,-864,-1079
-239,310,-83,261,-110,-326,90,-2745,-2521,-962,-872,-1077
-260,278,-23,202,-165,-323,-4,-2744,-2542,-989,-884,-1076
-284,240,44,135,-227,-318,-93,-2744,-2562,-1018,-896,-1076
-303,209,101,78,-278,-315,-180,-2750,-2576,-1038,-905,-1077
-312,189,136,44,-308,-313,-265,-2755,-2585,-1048,-907,-1076
-316,175,159,21,-326,-312,-341,-2758,-2591,-1050,-907,-1071
-319,166,176,5,-338,-314,-413,-2760,-2595,-1047,-907,-1066
-320,164,183,-1,-343,-320,-480,-2765,-2599,-1046,-908,-1061
-321,166,186,-1,-345,-329,-537,-2772,-2602,-1047,-908,-1057
-322,162,193,-8,-349,-333,-579,-2780,-2605,-1048,-908,-1053
-322,157,200,-15,-353,-337,-616,-2794,-2606,-1050,-906,-1050
-319,154,201,-19,-350,-339,-640,-2803,-2607,-1056,-901,-1042
-318,147,208,-28,-353,-339,-647,-2813,-2605,-1066,-901,-1036
-319,137,218,-43,-360,-338,-645,-2821,-2605,-1078,-901,-1030
-322,121,236,-67,-373,-333,-620,-2824,-2605,-1085,-903,-1022
-322,108,247,-84,-379,-328,-580,-2821,-2599,-1083,-899,-1012
-314,105,240,-83,-369,-323,-528,-2809,-2587,-1072,-887,-999
-300,106,220,-71,-347,-316,-462,-2788,-2575,-1056,-873,-984
-286,102,206,-65,-327,-304,-380,-2764,-2566,-1041,-858,-969
-271,103,186,-53,-304,-294,-296,-2741,-2553,-1021,-843,-956
-249,125,137,-8,-256,-292,-223,-2719,-2535,-992,-827,-941
-221,162,67,61,-191,-296,-151,-2700,-2516,-961,-813,-928
-194,203,-8,137,-123,-303,-76,-2685,-2502,-938,-803,-920
-172,234,-67,196,-69,-305,2,-2671,-2495,-924,-797,-916
-159,249,-100,226,-39,-302,81,-2664,-2495,-921,-798,-919
-153,257,-121,244,-20,-299,150,-2663,-2500,-924,-801,-926
-149,266,-139,260,-7,-297,210,-2667,-2504,-926,-805,-936
-149,270,-149,269,0,-294,261,-2673,-2511,-933,-807,-947
-151,270,-153,271,1,-289,302,-2680,-2519,-943,-809,-956
-153,276,-160,279,4,-288,332,-2684,-2526,-947,-810,-964
-157,282,-166,287,6,-288,362,-2685,-2533,-948,-809,-971
-162,289,-170,294,4,-290,381,-2690,-2538,-946,-809,-980
-168,304,-181,313,8,-299,386,-2690,-2541,-941,-804,-985
-171,326,-199,340,17,-310,381,-2694,-2539,-934,-798,-991
-172,355,-227,380,35,-327,353,-2700,-2537,-929,-789,-995
-172,381,-250,414,50,-340,313,-2703,-2538,-931,-780,-997
-175,393,-257,429,52,-348,275,-2702,-2539,-936,-774,-1000
-183,403,-256,437,45,-359,232,-2706,-2540,-941,-771,-1004
-190,419,-262,454,44,-373,175,-2713,-2539,-940,-770,-1003
-198,433,-263,466,40,-387,109,-2720,-2541,-943,-768,-999
-217,425,-232,443,6,-395,37,-2728,-2549,-959,-774,-1000
-242,399,-175,391,-49,-397,-38,-2737,-2564,-984,-783,-1002
-270,367,-110,328,-111,-396,-118,-2746,-2581,-1011,-791,-1002
-292,340,-57,277,-161,-394,-204,-2758,-2596,-1026,-798,-999
-298,323,-28,249,-184,-390,-291,-2767,-2605,-1032,-800,-991
-298,315,-14,235,-193,-388,-363,-2772,-2612,-1031,-797,-980
-298,312,-7,230,-197,-390,-427,-2772,-2616,-1023,-793,-967
-299,316,-5,232,-198,-397,-483,-2771,-2618,-1012,-788,-953
-297,317,-3,232,-197,-400,-530,-2773,-2619,-1002,-782,-941
-298,312,7,221,-204,-402,-567,-2779,-2622,-992,-776,-933
-301,309,16,213,-210,-407,-597,-2787,-2621,-979,-771,-925
-299,306,19,208,-210,-408,-609,-2790,-2619,-971,-763,-913
-299,300,28,197,-215,-408,-604,-2793,-2615,-968,-758,-902
-301,292,38,183,-221,-406,-590,-2788,-2611,-964,-752,-889
-303,276,56,158,-234,-401,-551,-2781,-2609,-963,-747,-876
-303,263,68,139,-241,-394,-495,-2776,-2605,-958,-743,-862
-296,260,64,138,-233,-389,-433,-2771,-2599,-946,-737,-846
-285,260,51,144,-216,-383,-363,-2765,-2592,-933,-729,-831
-274,254,43,144,-203,-372,-279,-2753,-2586,-923,-720,-816
-262,254,28,151,-185,-364,-187,-2743,-2575,-910,-713,-804
-239,272,-17,191,-139,-360,-98,-2735,-2556,-891,-702,-791
-210,305,-84,256,-75,-362,-11,-2730,-2535,-868,-689,-779
-181,346,-158,331,-6,-368,76,-2729,-2519,-850,-679,-771
-159,378,-219,392,49,-373,163,-2729,-2513,-839,-674,-766
-148,397,-253,426,79,-375,250,-2735,-2515,-838,-676,-765
-145,407,-272,445,93,-376,329,-2743,-2519,-846,-682,-766
-145,412,-283,456,100,-375,400,-2756,-2525,-856,-689,-771
-146,409,-285,456,99,-370,458,-2772,-2532,-867,-697,-778
-150,401,-278,447,91,-362,501,-2790,-2541,-880,-704,-788
-157,395,-269,438,80,-357,528,-2806,-2549,-893,-710,-798
-167,387,-255,425,62,-354,548,-2820,-2557,-903,-714,-803
-179,381,-240,412,43,-353,557,-2841,-2563,-913,-718,-810
-185,381,-237,412,36,-352,555,-2858,-2566,-913,-714,-813
-189,392,-244,426,37,-358,549,-2877,-2565,-903,-707,-815
-190,417,-268,460,50,-372,531,-2895,-2561,-890,-695,-813
-193,443,-290,494,63,-388,507,-2912,-2555,-879,-684,-807
-201,460,-297,513,61,-402,479,-2928,-2553,-877,-677,-802
-213,474,-296,522,52,-417,442,-2946,-2551,-877,-675,-800
-223,492,-300,539,47,-436,387,-2965,-2550,-877,-674,-799
-232,504,-299,547,39,-449,325,-2977,-2555,-882,-672,-801
-250,495,-268,521,6,-456,257,-2983,-2571,-901,-678,-810
-275,468,-211,466,-49,-455,183,-2986,-2594,-926,-687,-822
-303,435,-143,400,-113,-454,108,-2985,-2617,-948,-697,-833
-329,410,-87,346,-168,-457,31,-2983,-2632,-963,-706,-846
-345,396,-51,312,-203,-461,-46,-2977,-2642,-969,-712,-853
-356,387,-25,288,-227,-465,-114,-2966,-2650,-971,-717,-857
-362,380,-7,270,-242,-469,-176,-2955,-2656,-969,-719,-856
-362,379,-2,265,-246,-473,-226,-2946,-2657,-963,-720,-855
-357,381,-3,265,-241,-476,-267,-2941,-2655,-959,-717,-853
-353,380,-2,263,-238,-478,-297,-2940,-2652,-956,-714,-849
-347,382,-7,266,-229,-480,-322,-2945,-2649,-951,-712,-849
-336,383,-17,272,-215,-479,-334,-2948,-2647,-946,-710,-844
-329,380,-19,270,-207,-478,-331,-2955,-2643,-946,-710,-842
-326,375,-15,261,-206,-477,-324,-2957,-2638,-945,-707,-839
-324,362,-4,244,-211,-472,-304,-2956,-2635,-944,-704,-838
-321,351,3,231,-212,-466,-285,-2958,-2628,-940,-702,-835
-313,347,-2,230,-202,-462,-271,-2960,-2619,-926,-699,-827
-303,346,-13,235,-187,-458,-254,-2956,-2610,-910,-693,-813
-295,337,-16,230,-179,-450,-227,-2948,-2608,-894,-687,-796
-287,333,-24,232,-167,-444,-197,-2940,-2606,-875,-680,-780
-268,346,-61,265,-129,-442,-177,-2932,-2596,-849,-669,-762
-239,373,-122,323,-68,-442,-164,-2926,-2582,-824,-657,-745
-210,407,-192,392,-1,-447,-158,-2921,-2570,-810,-646,-731
-186,437,-252,453,55,-452,-147,-2915,-2563,-806,-638,-719
-174,455,-289,489,88,-456,-126,-2911,-2561,-809,-634,-710
-168,465,-312,512,107,-458,-111,-2905,-2560,-814,-632,-703
-167,474,-329,529,119,-461,-100,-2896,-2560,-820,-631,-697
-170,479,-338,539,123,-464,-90,-2884,-2561,-829,-635,-696
-175,480,-340,541,119,-466,-89,-2871,-2563,-840,-639,-695
-179,478,-339,540,116,-462,-103,-2857,-2567,-856,-646,-696
-183,474,-334,535,108,-458,-120,-2848,-2576,-879,-655,-698
-192,472,-327,530,97,-458,-145,-2842,-2587,-902,-666,-701
-197,477,-328,534,92,-460,-182,-2831,-2596,-915,-673,-701
-200,486,-334,545,92,-463,-211,-2824,-2601,-921,-680,-700
-200,500,-348,564,100,-467,-247,-2821,-2603,-924,-686,-699
-199,514,-359,582,107,-471,-278,-2820,-2607,-931,-692,-701
-203,522,-359,588,102,-475,-296,-2823,-2612,-944,-700,-706
-210,530,-356,591,95,-480,-307,-2836,-2616,-956,-710,-712
-213,546,-364,608,96,-490,-325,-2858,-2618,-964,-719,-717
-215,562,-373,624,100,-499,-339,-2883,-2624,-975,-725,-719
-227,560,-353,610,78,-503,-338,-2912,-2640,-997,-734,-721
-246,541,-309,567,35,-500,-328,-2942,-2662,-1022,-744,-722
-265,514,-257,513,-13,-493,-318,-2976,-2682,-1038,-751,-723
-280,494,-216,472,-50,-489,-318,-3012,-2692,-1042,-754,-724
-286,485,-194,452,-69,-488,-337,-3047,-2697,-1040,-753,-723
-287,478,-181,438,-78,-484,-351,-3080,-2699,-1037,-750,-719
-285,473,-174,428,-81,-480,-363,-3111,-2699,-1030,-747,-715
-283,474,-173,427,-79,-481,-379,-3137,-2700,-1022,-744,-711
-279,477,-175,430,-74,-482,-402,-3162,-2702,-1017,-743,-708
-274,473,-174,426,-70,-480,-419,-3182,-2707,-1010,-744,-703
-267,472,-178,428,-60,-477,-433,-3194,-2711,-995,-743,-698
-259,477,-191,439,-45,-479,-438,-3193,-2712,-975,-737,-688
-257,482,-198,448,-37,-485,-436,-3188,-2707,-963,-734,-680
-257,480,-198,447,-34,-487,-437,-3175,-2701,-959,-734,-675
-258,465,-184,428,-42,-482,-429,-3156,-2697,-959,-736,-673
-260,450,-171,410,-50,-477,-425,-3136,-2691,-954,-738,-671
-257,445,-173,408,-45,-476,-430,-3115,-2682,-944,-740,-667
-249,444,-183,415,-31,-474,-433,-3092,-2673,-931,-740,-664
-242,436,-186,413,-23,-468,-422,-3065,-2664,-920,-739,-661
-237,433,-193,416,-13,-466,-407,-3038,-2650,-901,-733,-657
-222,452,-232,456,24,-473,-397,-3010,-2626,-871,-721,-650
-200,486,-293,521,80,-484,-389,-2987,-2601,-843,-707,-644
-177,522,-357,588,138,-496,-381,-2969,-2582,-819,-694,-639
-161,549,-404,638,180,-505,-370,-2956,-2572,-807,-684,-638
-156,563,-427,664,199,-512,-356,-2953,-2567,-806,-680,-642
-157,570,-437,677,204,-519,-352,-2955,-2563,-812,-678,-647
-161,574,-441,682,203,-524,-356,-2963,-2558,-821,-678,-652
-168,573,-435,678,193,-527,-352,-2973,-2555,-831,-675,-655
-178,571,-424,669,178,-530,-347,-2983,-2556,-840,-675,-658
-188,571,-415,664,164,-534,-356,-2992,-2562,-847,-673,-658
-196,568,-403,654,149,-534,-368,-2997,-2571,-850,-668,-653
-207,568,-391,646,131,-537,-392,-3008,-2578,-852,-664,-648
-214,576,-390,650,124,-542,-431,-3019,-2585,-850,-657,-641
-217,587,-396,661,123,-548,-472,-3034,-2588,-842,-649,-633
-216,606,-411,682,131,-555,-522,-3050,-2589,-831,-642,-623
-217,620,-420,697,134,-561,-570,-3065,-2596,-829,-639,-613
-221,626,-417,697,126,-564,-609,-3079,-2609,-836,-640,-608
-228,629,-407,691,112,-567,-652,-3094,-2624,-846,-643,-606
-233,638,-405,694,105,-572,-707,-3108,-2634,-851,-645,-606
-238,643,-402,694,98,-575,-762,-3120,-2648,-862,-651,-608
-253,630,-368,661,63,-574,-806,-3133,-2666,-885,-661,-613
-276,600,-311,601,7,-568,-846,-3142,-2687,-913,-672,-621
-298,558,-243,527,-54,-552,-886,-3145,-2706,-936,-679,-629
-312,521,-188,464,-101,-536,-925,-3147,-2718,-946,-683,-634
-319,499,-157,427,-128,-525,-965,-3146,-2725,-946,-685,-634
-323,484,-135,402,-145,-519,-995,-3144,-2730,-947,-688,-632
-326,472,-120,383,-158,-514,-1015,-3145,-2736,-948,-690,-631
-327,468,-114,376,-161,-513,-1028,-3145,-2744,-947,-691,-631
-324,469,-117,378,-157,-515,-1039,-3145,-2751,-951,-693,-633
-321,469,-121,380,-151,-516,-1045,-3146,-2756,-950,-696,-634
-315,472,-131,389,-140,-519,-1053,-3147,-2758,-943,-697,-636
-306,478,-149,405,-120,-521,-1053,-3143,-2759,-935,-697,-634
-298,482,-162,418,-104,-522,-1036,-3138,-2757,-931,-697,-630
-290,480,-170,423,-91,-520,-1015,-3130,-2752,-926,-695,-621
-285,472,-169,418,-87,-515,-994,-3122,-2747,-925,-694,-613
-279,464,-170,415,-79,-510,-981,-3116,-2741,-920,-692,-607
-269,467,-186,430,-59,-509,-977,-3115,-2735,-912,-689,-602
-256,475,-212,454,-31,-508,-969,-3113,-2731,-906,-687,-595
-243,474,-226,465,-10,-501,-953,-3106,-2731,-902,-686,-586
-231,473,-242,477,10,-494,-940,-3100,-2730,-897,-683,-581
-209,490,-285,519,56,-492,-942,-3098,-2722,-889,-677,-573
-180,519,-347,583,119,-494,-958,-3100,-2709,-877,-672,-570
-152,552,-412,650,183,-496,-979,-3104,-2697,-868,-671,-570
-132,573,-459,698,230,-497,-997,-3104,-2692,-866,-671,-574
-120,577,-478,715,251,-491,-1007,-3104,-2696,-871,-679,-585
-115,573,-483,717,259,-483,-1018,-3103,-2702,-880,-690,-603
-113,566,-480,713,259,-476,-1024,-3102,-2708,-886,-703,-621
-116,553,-468,698,249,-467,-1025,-3098,-2712,-890,-716,-637
-122,539,-449,676,232,-459,-1019,-3094,-2714,-893,-725,-651
-130,529,-431,659,215,-454,-1014,-3091,-2713,-896,-732,-663
-137,518,-413,640,197,-449,-1004,-3085,-2710,-900,-735,-670
-147,510,-394,623,176,-447,-999,-3081,-2705,-894,-736,-675
-152,512,-390,621,168,-450,-993,-3074,-2698,-882,-733,-676
-153,524,-397,633,171,-457,-979,-3066,-2686,-869,-728,-678
-151,546,-418,661,184,-468,-963,-3055,-2670,-855,-722,-677
-147,565,-437,685,197,-477,-939,-3042,-2654,-845,-715,-675
-147,575,-443,694,198,-483,-919,-3031,-2639,-842,-709,-674
-152,585,-444,700,194,-492,-911,-3025,-2624,-843,-703,-675
-153,600,-453,714,197,-502,-924,-3025,-2610,-844,-699,-680
-153,612,-459,724,199,-509,-950,-3028,-2606,-857,-698,-685
-164,605,-436,701,174,-511,-976,-3032,-2611,-884,-702,-694
-185,584,-391,656,128,-511,-1006,-3035,-2619,-911,-708,-701
-208,557,-337,600,75,-508,-1037,-3034,-2626,-931,-713,-707
-227,536,-293,554,32,-506,-1066,-3034,-2629,-942,-718,-714
-238,526,-271,531,9,-506,-1099,-3033,-2627,-942,-718,-716
-243,522,-260,519,-1,-507,-1126,-3036,-2626,-939,-718,-720
-247,522,-255,514,-7,-510,-1152,-3037,-2625,-936,-717,-721
-252,527,-255,516,-10,-517,-1175,-3038,-2625,-936,-714,-721
-256,533,-258,521,-11,-525,-1196,-3036,-2625,-937,-710,-717
-261,536,-258,522,-13,-531,-1212,-3036,-2626,-938,-709,-714
-264,539,-260,524,-12,-537,-1231,-3040,-2628,-941,-710,-714
-261,537,-264,526,-5,-535,-1242,-3041,-2629,-942,-710,-711
-259,525,-258,513,-7,-528,-1242,-3049,-2633,-952,-715,-712
-259,506,-242,490,-15,-516,-1245,-3059,-2644,-967,-722,-715
-262,477,-215,453,-33,-499,-1239,-3070,-2659,-983,-730,-718
-265,450,-189,419,-50,-485,-1232,-3078,-2665,-987,-734,-717
-262,434,-180,402,-51,-473,-1219,-3083,-2667,-978,-733,-713
-254,424,-182,398,-43,-462,-1190,-3083,-2667,-965,-733,-707
-248,411,-179,389,-38,-450,-1142,-3075,-2665,-951,-732,-700
-243,405,-182,388,-32,-443,-1082,-3065,-2656,-931,-731,-690
-229,420,-213,420,1,-444,-1019,-3050,-2638,-902,-725,-678
-208,449,-265,476,50,-451,-959,-3034,-2617,-874,-718,-667
-187,482,-320,536,102,-459,-906,-3023,-2603,-853,-712,-661
-170,503,-360,578,141,-462,-857,-3016,-2600,-848,-710,-661
-163,508,-372,592,155,-460,-808,-3013,-2607,-859,-716,-670
-161,508,-373,594,156,-459,-769,-3012,-2619,-877,-726,-681
-162,505,-368,590,152,-457,-744,-3011,-2633,-895,-741,-695
-164,497,-357,579,143,-451,-730,-3012,-2648,-914,-756,-708
-166,486,-341,562,131,-443,-713,-3016,-2660,-932,-767,-719
-168,479,-329,551,121,-438,-701,-3019,-2670,-941,-772,-728
-170,471,-317,539,110,-432,-691,-3020,-2681,-951,-774,-734
-176,466,-303,527,95,-430,-689,-3029,-2691,-958,-776,-738
-178,471,-303,530,92,-432,-695,-3035,-2698,-959,-771,-734
-175,486,-317,550,100,-438,-704,-3046,-2699,-952,-764,-728
-169,514,-349,591,124,-451,-730,-3058,-2692,-940,-753,-719
-161,544,-382,633,149,-464,-759,-3067,-2682,-930,-740,-707
-157,564,-404,661,164,-473,-783,-3075,-2670,-924,-725,-696
-157,582,-420,683,171,-484,-810,-3086,-2656,-918,-711,-687
-155,602,-440,709,184,-496,-849,-3100,-2638,-912,-696,-681
-153,615,-452,725,191,-502,-894,-3111,-2624,-908,-680,-676
-163,605,-432,704,168,-502,-938,-3119,-2620,-908,-671,-674
-183,580,-387,656,123,-497,-980,-3122,-2621,-909,-667,-672
-207,550,-333,599,69,-492,-1023,-3121,-2621,-910,-662,-671
-228,528,-290,554,25,-491,-1071,-3117,-2616,-906,-656,-671
-242,518,-267,532,0,-494,-1125,-3107,-2605,-894,-648,-669
-248,511,-256,518,-12,-493,-1177,-3094,-2591,-880,-639,-665
-249,505,-250,508,-16,-489,-1231,-3079,-2580,-863,-628,-660
-249,504,-252,507,-15,-490,-1285,-3061,-2569,-843,-617,-652
-248,505,-256,509,-11,-491,-1333,-3042,-2558,-825,-608,-644
-250,501,-252,501,-14,-491,-1372,-3025,-2549,-807,-599,-640
-251,496,-248,493,-15,-491,-1407,-3013,-2541,-790,-592,-639
-248,492,-249,490,-10,-488,-1432,-3002,-2535,-778,-587,-638
-245,483,-246,480,-8,-482,-1441,-3000,-2534,-774,-588,-644
-242,469,-238,464,-9,-474,-1444,-2997,-2537,-774,-591,-650
-244,448,-217,434,-22,-463,-1429,-2989,-2541,-775,-593,-654
-245,429,-199,408,-32,-453,-1405,-2979,-2541,-771,-592,-655
-240,420,-196,399,-27,-445,-1377,-2966,-2535,-762,-588,-650
-228,416,-205,402,-11,-437,-1343,-2947,-2530,-752,-583,-644
-221,408,-206,396,-2,-429,-1298,-2921,-2526,-743,-577,-636
-214,403,-208,394,6,-423,-1259,-2895,-2520,-733,-571,-629
-195,413,-237,420,41,-418,-1243,-2871,-2508,-717,-561,-624
-169,436,-286,469,94,-417,-1244,-2851,-2494,-700,-553,-621
-143,465,-342,525,151,-420,-1248,-2834,-2483,-690,-547,-620
-121,487,-384,568,196,-421,-1247,-2821,-2481,-691,-546,-621
-109,492,-401,585,218,-416,-1234,-2815,-2486,-703,-550,-624
-105,494,-406,590,225,-414,-1224,-2815,-2492,-719,-558,-627
-104,494,-405,591,226,-413,-1211,-2820,-2498,-735,-567,-629
-107,491,-398,586,220,-412,-1196,-2827,-2505,-753,-577,-633
-112,484,-384,573,207,-408,-1170,-2837,-2511,-768,-584,-639
-119,481,-372,565,194,-408,-1145,-2851,-2513,-782,-592,-645
-126,478,-361,558,182,-408,-1117,-2871,-2517,-804,-602,-651
-135,477,-348,550,165,-410,-1097,-2902,-2521,-826,-615,-660
-142,481,-343,551,155,-414,-1087,-2929,-2522,-839,-622,-665
-148,491,-345,561,150,-422,-1076,-2960,-2521,-844,-628,-668
-151,509,-359,584,155,-432,-1078,-2992,-2520,-843,-633,-672
-154,525,-370,603,157,-441,-1089,-3019,-2521,-844,-639,-677
-161,529,-365,604,145,-446,-1105,-3045,-2527,-851,-647,-685
-172,529,-352,597,125,-451,-1127,-3069,-2533,-862,-656,-694
-182,537,-349,601,113,-459,-1157,-3090,-2531,-868,-665,-698
-189,544,-348,606,104,-467,-1186,-3101,-2530,-875,-671,-696
-202,533,-323,582,74,-466,-1208,-3103,-2534,-887,-676,-692
-221,505,-275,532,26,-459,-1227,-3094,-2539,-896,-681,-686
-241,471,-220,473,-28,-448,-1245,-3074,-2541,-899,-684,-680
-257,448,-181,432,-67,-443,-1265,-3053,-2535,-896,-685,-673
-262,440,-168,418,-81,-440,-1286,-3032,-2525,-888,-682,-663
-261,435,-164,412,-85,-437,-1299,-3011,-2513,-878,-681,-653
-261,434,-162,410,-87,-437,-1310,-2991,-2501,-869,-680,-642
-259,437,-167,415,-83,-439,-1323,-2970,-2491,-857,-679,-634
-255,439,-174,420,-75,-439,-1338,-2946,-2481,-849,-676,-626
-252,435,-174,416,-72,-437,-1352,-2922,-2474,-843,-670,-621
-249,434,-177,417,-66,-438,-1372,-2902,-2467,-838,-665,-618
-244,438,-188,425,-52,-439,-1386,-2880,-2460,-838,-662,-613
-242,439,-193,428,-45,-442,-1385,-2861,-2454,-847,-662,-610
-241,435,-192,424,-40,-442,-1374,-2837,-2451,-857,-658,-609
-242,425,-183,410,-43,-439,-1346,-2816,-2453,-869,-653,-611
-244,418,-178,401,-43,-439,-1307,-2797,-2452,-871,-648,-614
-240,418,-184,403,-32,-439,-1265,-2774,-2445,-860,-641,-616
-231,416,-195,408,-14,-435,-1216,-2742,-2435,-841,-630,-611
-223,405,-194,399,-5,-426,-1164,-2705,-2425,-819,-617,-600
-216,399,-197,396,6,-420,-1121,-2671,-2411,-790,-603,-589
-200,415,-232,428,44,-423,-1096,-2641,-2389,-753,-584,-577
-176,448,-291,488,103,-430,-1082,-2619,-2364,-715,-564,-566
-149,484,-357,555,168,-439,-1070,-2607,-2341,-684,-546,-560
-126,512,-410,608,221,-444,-1053,-2600,-2322,-664,-533,-553
-112,527,-441,637,252,-446,-1030,-2601,-2306,-653,-524,-547
-104,535,-459,654,271,-447,-1010,-2610,-2293,-645,-518,-545
-100,542,-471,666,282,-450,-995,-2623,-2283,-639,-515,-547
-102,547,-476,673,283,-454,-986,-2638,-2278,-638,-514,-553
-105,548,-473,670,278,-456,-982,-2660,-2278,-641,-516,-561
-110,548,-469,668,270,-458,-986,-2684,-2281,-646,-520,-570
-113,542,-459,657,258,-455,-989,-2704,-2285,-651,-520,-577
-120,536,-444,643,240,-453,-1000,-2725,-2287,-657,-522,-586
-124,533,-436,637,228,-451,-1022,-2740,-2290,-657,-524,-594
-127,533,-430,633,218,-451,-1048,-2752,-2290,-655,-528,-603
-129,541,-434,641,214,-455,-1087,-2761,-2291,-653,-530,-612
-129,547,-437,647,212,-457,-1128,-2764,-2296,-654,-534,-621
-131,546,-431,643,201,-455,-1163,-2760,-2301,-659,-537,-631
-136,546,-421,637,186,-456,-1203,-2758,-2307,-668,-542,-640
-139,555,-423,645,180,-463,-1248,-2756,-2309,-675,-544,-649
-143,562,-423,650,173,-469,-1288,-2749,-2314,-687,-545,-657
-159,550,-391,621,136,-470,-1316,-2742,-2326,-710,-551,-665
-181,521,-336,565,81,-464,-1340,-2736,-2341,-737,-558,-675
-204,486,-274,501,21,-455,-1366,-2734,-2359,-763,-569,-687
-224,462,-226,454,-26,-452,-1393,-2739,-2375,-780,-580,-698
-233,454,-205,434,-49,-452,-1421,-2744,-2385,-788,-584,-703
-237,452,-197,427,-59,-453,-1440,-2752,-2393,-793,-585,-703
-236,451,-193,425,-61,-453,-1454,-2762,-2397,-794,-581,-699
-235,455,-197,430,-58,-456,-1462,-2774,-2398,-791,-575,-694
-233,461,-204,439,-51,-460,-1465,-2788,-2397,-783,-572,-691
-233,461,-203,438,-50,-461,-1464,-2802,-2398,-774,-572,-689
-231,459,-203,438,-47,-461,-1469,-2818,-2399,-765,-576,-689
-223,459,-210,443,-35,-457,-1473,-2830,-2401,-759,-578,-687
-219,455,-212,442,-28,-454,-1479,-2841,-2402,-761,-583,-686
-217,445,-206,431,-27,-447,-1492,-2844,-2403,-766,-588,-684
-216,422,-186,403,-35,-433,-1496,-2841,-2400,-769,-592,-681
-214,402,-170,380,-40,-419,-1494,-2834,-2388,-763,-593,-674
-207,393,-172,375,-30,-409,-1498,-2820,-2371,-748,-590,-666
-195,388,-182,378,-11,-399,-1497,-2795,-2353,-727,-583,-652
-187,377,-183,372,0,-387,-1480,-2762,-2334,-704,-573,-636
-181,373,-188,373,12,-381,-1463,-2730,-2312,-680,-562,-621
-166,391,-225,409,51,-383,-1462,-2700,-2284,-650,-548,-606
-144,423,-284,470,109,-390,-1478,-2675,-2256,-619,-536,-595
-121,461,-348,538,171,-399,-1503,-2650,-2229,-595,-525,-588
-101,489,-401,591,222,-404,-1525,-2625,-2208,-580,-517,-584
-91,505,-431,622,251,-408,-1532,-2604,-2193,-574,-516,-584
-87,516,-450,641,268,-411,-1536,-2587,-2184,-574,-517,-588
-88,527,-463,657,276,-417,-1538,-2574,-2179,-577,-519,-595
-94,533,-468,664,276,-423,-1542,-2563,-2174,-582,-520,-602
-100,537,-467,666,270,-427,-1549,-2553,-2170,-587,-521,-610
-108,543,-468,670,264,-433,-1561,-2545,-2165,-591,-522,-619
-118,547,-464,669,253,-439,-1566,-2535,-2163,-596,-521,-626
-129,550,-456,666,237,-446,-1572,-2532,-2160,-599,-523,-632
-134,556,-456,670,230,-451,-1582,-2527,-2156,-599,-523,-633
-137,566,-463,681,228,-457,-1588,-2522,-2148,-595,-526,-633
-138,583,-476,701,232,-467,-1599,-2521,-2139,-587,-529,-632
-138,597,-488,718,234,-475,-1605,-2525,-2132,-584,-533,-632
-142,603,-487,721,226,-480,-1608,-2534,-2130,-591,-541,-637
-149,604,-478,716,211,-485,-1612,-2551,-2129,-607,-552,-646
-156,611,-474,718,199,-493,-1622,-2574,-2129,-626,-564,-658
-161,613,-467,714,187,-499,-1632,-2596,-2135,-653,-578,-674
-177,596,-429,677,147,-498,-1638,-2619,-2151,-690,-600,-694
-200,560,-365,611,86,-490,-1644,-2638,-2170,-729,-624,-714
-224,515,-292,532,19,-477,-1647,-2653,-2187,-758,-647,-730
-241,478,-234,469,-32,-464,-1650,-2665,-2196,-775,-664,-743
-247,458,-203,435,-57,-456,-1660,-2673,-2199,-783,-675,-751
-248,446,-187,416,-69,-450,-1663,-2677,-2202,-783,-680,-752
-245,436,-177,403,-72,-444,-1662,-2676,-2202,-778,-682,-750
-240,432,-174,398,-69,-441,-1656,-2671,-2197,-766,-678,-745
-239,435,-176,402,-65,-445,-1648,-2660,-2191,-753,-672,-737
-240,436,-174,402,-63,-448,-1635,-2647,-2184,-741,-666,-731
-239,438,-176,404,-58,-452,-1623,-2635,-2173,-725,-662,-724
-231,437,-182,407,-44,-449,-1612,-2620,-2165,-713,-656,-715
-227,429,-179,400,-39,-444,-1598,-2611,-2159,-707,-652,-708
-225,417,-168,385,-40,-436,-1587,-2602,-2155,-707,-648,-703
-227,395,-146,356,-52,-425,-1565,-2595,-2155,-710,-647,-700
-228,374,-125,328,-62,-413,-1542,-2591,-2154,-712,-649,-698
-222,362,-121,318,-56,-402,-1517,-2584,-2151,-708,-649,-694
-211,357,-129,320,-39,-392,-1481,-2571,-2148,-700,-645,-684
-201,347,-132,316,-27,-379,-1432,-2552,-2147,-696,-639,-672
-189,340,-140,317,-11,-367,-1384,-2537,-2143,-685,-632,-658
-168,355,-179,353,32,-362,-1346,-2525,-2134,-667,-620,-641
-141,387,-241,416,93,-364,-1316,-2513,-2121,-645,-608,-624
-112,421,-308,483,158,-366,-1290,-2504,-2111,-625,-598,-609
-84,443,-361,534,213,-361,-1256,-2495,-2107,-613,-591,-597
-66,451,-391,558,244,-352,-1216,-2492,-2110,-612,-588,-591
-54,454,-409,573,264,-344,-1176,-2491,-2114,-620,-589,-589
-44,450,-420,578,277,-333,-1136,-2487,-2119,-628,-591,-586
-38,441,-419,571,279,-320,-1099,-2481,-2122,-636,-592,-581
-35,430,-412,559,273,-308,-1068,-2476,-2124,-644,-592,-577
-36,424,-408,552,267,-302,-1043,-2470,-2123,-652,-590,-572
-40,421,-403,546,257,-301,-1023,-2461,-2120,-659,-585,-563
-48,420,-394,539,242,-303,-1012,-2454,-2114,-659,-582,-554
-54,426,-395,544,235,-310,-1011,-2443,-2106,-651,-578,-542
-56,438,-404,557,234,-320,-1006,-2435,-2096,-642,-574,-532
-56,459,-425,584,244,-333,-1002,-2428,-2084,-629,-569,-522
-58,482,-444,611,250,-350,-995,-2418,-2075,-621,-566,-513
-64,496,-450,624,245,-365,-984,-2404,-2069,-620,-561,-507
-75,510,-451,633,234,-382,-976,-2389,-2062,-618,-555,-503
-87,532,-457,651,226,-406,-979,-2375,-2053,-614,-547,-502
-98,547,-458,661,215,-426,-983,-2360,-2049,-615,-540,-505
-121,539,-424,634,173,-438,-983,-2343,-2054,-627,-539,-513
-152,513,-363,575,108,-443,-988,-2324,-2065,-646,-547,-523
-181,473,-291,501,38,-439,-1002,-2307,-2082,-666,-562,-538
-204,434,-225,431,-24,-431,-1021,-2295,-2095,-677,-576,-552
-217,407,-181,384,-64,-424,-1047,-2284,-2103,-683,-586,-566
-222,385,-150,350,-89,-415,-1063,-2274,-2108,-683,-595,-578
-223,368,-128,325,-104,-407,-1074,-2266,-2110,-681,-600,-589
-219,356,-116,310,-110,-399,-1078,-2259,-2107,-679,-605,-598
-211,344,-110,300,-107,-389,-1074,-2254,-2099,-673,-609,-606
-204,331,-102,287,-106,-377,-1058,-2252,-2090,-665,-614,-617
-198,321,-97,278,-102,-368,-1039,-2256,-2078,-657,-617,-628
-189,312,-97,274,-92,-357,-1015,-2260,-2065,-652,-617,-637
-185,300,-88,262,-91,-347,-992,-2273,-2055,-656,-622,-648
-183,284,-75,244,-93,-335,-969,-2284,-2047,-664,-625,-658
-183,261,-55,216,-101,-319,-935,-2298,-2037,-672,-626,-666
-184,244,-40,197,-106,-308,-905,-2317,-2023,-672,-625,-672
-180,236,-39,192,-98,-299,-879,-2338,-2008,-663,-620,-673
-170,228,-46,192,-80,-284,-850,-2356,-1995,-651,-612,-673
-160,214,-46,183,-68,-266,-820,-2371,-1986,-640,-607,-672
-152,204,-49,179,-54,-250,-795,-2383,-1972,-622,-600,-669
-135,215,-81,208,-16,-243,-781,-2387,-1948,-596,-583,-658
-114,245,-138,265,42,-246,-774,-2384,-1920,-568,-560,-646
-92,285,-206,338,107,-254,-774,-2375,-1897,-543,-535,-634
-73,319,-264,398,161,-261,-782,-2359,-1881,-527,-513,-622
-65,341,-299,436,194,-267,-783,-2341,-1871,-518,-499,-614
-63,359,-323,464,214,-274,-784,-2321,-1863,-516,-491,-609
-62,373,-341,484,228,-279,-787,-2301,-1857,-517,-488,-608
-65,377,-346,490,230,-280,-797,-2277,-1849,-521,-489,-609
-71,375,-341,484,223,-278,-808,-2248,-1841,-530,-492,-613
-75,372,-336,478,215,-276,-820,-2219,-1834,-541,-494,-616
-80,367,-328,469,205,-273,-829,-2190,-1832,-553,-497,-619
-86,363,-317,458,190,-272,-845,-2170,-1828,-563,-503,-625
-86,363,-317,457,186,-270,-870,-2151,-1822,-567,-503,-628
-83,372,-327,469,190,-274,-888,-2140,-1814,-569,-504,-632
-75,391,-352,497,206,-280,-911,-2137,-1806,-570,-504,-638
-65,407,-375,522,222,-285,-937,-2138,-1805,-577,-506,-644
-59,415,-386,533,227,-288,-958,-2142,-1807,-589,-509,-649
-57,421,-389,538,223,-293,-975,-2150,-1808,-595,-513,-652
-57,437,-401,556,225,-307,-996,-2157,-1806,-593,-516,-652
-58,449,-408,568,222,-320,-1011,-2159,-1807,-593,-514,-650
-70,439,-380,542,189,-325,-1013,-2164,-1815,-600,-518,-652
-91,413,-329,489,135,-326,-1008,-2167,-1827,-612,-523,-652
-113,381,-270,429,76,-324,-1002,-2170,-1840,-621,-530,-652
-131,354,-220,377,26,-323,-1003,-2173,-1847,-625,-535,-652
-141,336,-187,343,-6,-321,-1015,-2176,-1851,-624,-537,-651
-145,321,-165,318,-26,-318,-1021,-2178,-1857,-619,-539,-649
-148,311,-149,301,-40,-318,-1024,-2177,-1858,-611,-540,-646
-150,309,-142,295,-47,-321,-1021,-2170,-1850,-594,-538,-638
-152,311,-140,295,-49,-327,-1012,-2156,-1838,-576,-532,-624
-154,308,-134,290,-53,-329,-997,-2137,-1827,-561,-526,-611
-153,305,-131,287,-52,-329,-988,-2120,-1816,-547,-520,-600
-149,303,-133,288,-45,-327,-978,-2098,-1806,-541,-512,-588
-145,294,-128,280,-41,-319,-959,-2080,-1796,-541,-506,-579
-142,278,-115,262,-44,-307,-943,-2060,-1789,-547,-502,-571
-144,255,-91,231,-56,-292,-914,-2037,-1784,-556,-499,-565
-146,233,-68,202,-68,-279,-879,-2018,-1777,-565,-496,-562
-144,218,-56,185,-69,-265,-845,-2002,-1769,-568,-493,-557
-137,203,-49,172,-64,-249,-807,-1983,-1762,-564,-488,-550
-133,181,-34,148,-66,-230,-757,-1961,-1756,-554,-480,-542
-130,164,-22,129,-67,-215,-709,-1943,-1747,-535,-471,-531
-117,167,-40,143,-41,-205,-674,-1927,-1729,-502,-456,-517
-96,189,-86,189,7,-204,-651,-1916,-1706,-466,-440,-504
-75,220,-141,246,61,-208,-632,-1910,-1686,-433,-424,-492
-59,246,-185,292,104,-212,-613,-1907,-1669,-414,-410,-484
-53,257,-206,313,125,-212,-594,-1908,-1658,-406,-404,-481
-51,263,-217,324,135,-212,-594,-1911,-1649,-403,-401,-481
-52,267,-224,331,140,-212,-604,-1915,-1644,-400,-400,-483
-52,267,-228,332,142,-209,-617,-1922,-1645,-403,-398,-490
-52,264,-227,329,141,-204,-630,-1929,-1649,-408,-397,-499
-51,263,-231,330,143,-199,-642,-1932,-1653,-412,-397,-508
-51,265,-236,334,145,-197,-640,-1929,-1657,-419,-395,-513
-54,270,-240,338,142,-200,-629,-1928,-1658,-419,-393,-516
-55,282,-254,354,148,-206,-616,-1922,-1654,-408,-387,-515
-55,301,-273,379,158,-216,-594,-1922,-1644,-394,-377,-511
-55,332,-306,421,177,-235,-581,-1928,-1630,-380,-367,-507
-56,363,-336,460,192,-255,-562,-1937,-1618,-369,-360,-505
-63,385,-350,484,193,-274,-537,-1951,-1612,-366,-355,-504
-74,399,-352,493,183,-290,-518,-1971,-1609,-362,-352,-505
-84,414,-357,506,176,-306,-516,-1996,-1605,-358,-351,-507
-91,424,-359,514,169,-317,-519,-2019,-1607,-362,-351,-511
-105,409,-328,483,135,-318,-517,-2039,-1618,-380,-358,-520
-125,372,-270,421,81,-308,-507,-2055,-1633,-403,-368,-531
-143,326,-203,346,22,-290,-501,-2068,-1649,-424,-381,-543
-155,286,-148,284,-25,-273,-499,-2081,-1661,-438,-392,-553
-156,261,-119,248,-48,-260,-503,-2085,-1664,-443,-396,-558
-151,243,-103,226,-56,-248,-499,-2083,-1664,-437,-394,-556
-144,234,-97,217,-57,-241,-489,-2079,-1660,-428,-391,-551
-137,232,-98,218,-51,-239,-483,-2070,-1654,-420,-385,-545
-130,233,-103,222,-42,-238,-482,-2056,-1648,-416,-380,-537
-123,231,-104,222,-36,-237,-479,-2041,-1645,-419,-378,-531
-115,231,-108,225,-26,-236,-478,-2031,-1644,-420,-378,-528
-102,230,-117,231,-9,-231,-472,-2017,-1644,-420,-377,-526
-94,225,-117,227,-1,-226,-466,-2008,-1643,-425,-380,-528
-90,214,-108,214,0,-219,-470,-1997,-1642,-433,-385,-535
-87,190,-86,183,-9,-204,-464,-1982,-1643,-441,-391,-545
-83,167,-65,153,-15,-187,-456,-1965,-1640,-448,-396,-556
-76,151,-57,137,-11,-174,-449,-1944,-1632,-448,-401,-567
-66,138,-53,125,-3,-158,-445,-1922,-1626,-447,-404,-575
-61,119,-40,103,-3,-142,-435,-1897,-1623,-445,-405,-580
-60,105,-28,86,-6,-131,-427,-1874,-1615,-437,-407,-583
-50,112,-46,102,17,-127,-430,-1850,-1601,-421,-405,-582
-33,135,-88,144,60,-129,-435,-1828,-1584,-403,-403,-581
-15,166,-139,199,109,-136,-437,-1809,-1571,-384,-402,-580
-5,193,-178,242,143,-145,-432,-1788,-1563,-373,-401,-579
-6,207,-193,262,154,-152,-419,-1773,-1559,-374,-406,-583
-13,214,-196,268,152,-158,-406,-1766,-1558,-383,-412,-590
-23,218,-192,267,143,-164,-394,-1766,-1562,-395,-421,-596
-34,218,-183,261,128,-168,-379,-1769,-1568,-407,-431,-598
-43,215,-173,253,113,-168,-361,-1774,-1574,-416,-442,-599
-48,215,-170,250,105,-168,-346,-1779,-1577,-419,-449,-596
-52,212,-165,246,96,-165,-324,-1782,-1576,-422,-449,-590
-59,213,-161,245,85,-168,-304,-1786,-1572,-419,-448,-583
-64,226,-170,260,83,-177,-291,-1784,-1565,-405,-441,-573
-67,244,-185,282,85,-189,-281,-1786,-1557,-387,-433,-564
-68,268,-209,315,95,-204,-289,-1788,-1548,-371,-426,-556
-70,288,-228,342,102,-218,-300,-1790,-1542,-361,-423,-550
-76,300,-233,354,97,-230,-306,-1793,-1540,-361,-425,-548
-84,307,-232,360,86,-241,-313,-1803,-1539,-368,-432,-549
-91,318,-237,371,80,-255,-321,-1816,-1536,-378,-442,-551
-96,326,-240,379,74,-266,-324,-1825,-1537,-396,-450,-555
-112,317,-214,357,43,-273,-319,-1835,-1544,-422,-462,-565
-134,290,-165,308,-7,-274,-311,-1841,-1554,-451,-478,-575
-156,257,-110,250,-61,-271,-300,-1844,-1564,-475,-492,-581
-173,234,-68,207,-102,-271,-285,-1846,-1567,-480,-500,-583
-182,222,-46,185,-122,-274,-273,-1841,-1562,-469,-500,-582
-184,214,-35,172,-131,-275,-255,-1837,-1556,-453,-496,-577
-182,208,-30,164,-133,-275,-239,-1836,-1553,-434,-489,-569
-178,207,-31,164,-128,-278,-231,-1837,-1548,-412,-480,-560
-174,211,-37,170,-119,-283,-229,-1839,-1544,-396,-473,-552
-170,209,-37,168,-114,-284,-226,-1844,-1542,-385,-467,-542
-164,208,-41,169,-104,-284,-230,-1851,-1542,-374,-462,-531
-154,214,-55,180,-83,-285,-228,-1853,-1541,-367,-455,-519
-149,217,-63,187,-70,-287,-216,-1852,-1538,-364,-449,-513
-145,213,-62,181,-64,-283,-210,-1847,-1538,-366,-442,-511
-144,198,-46,159,-68,-273,-197,-1835,-1537,-368,-434,-512
-140,181,-34,138,-69,-260,-180,-1822,-1533,-362,-426,-513
-131,174,-36,133,-56,-248,-167,-1808,-1524,-351,-420,-511
-116,171,-48,137,-34,-234,-156,-1791,-1520,-343,-415,-508
-103,160,-50,129,-20,-216,-138,-1775,-1520,-341,-411,-507
-95,152,-52,125,-8,-202,-119,-1762,-1517,-331,-409,-507
-77,163,-81,150,26,-194,-110,-1753,-1506,-313,-403,-504
-56,190,-131,200,77,-193,-107,-1746,-1490,-292,-399,-499
-37,222,-184,256,127,-196,-106,-1741,-1473,-277,-396,-495
-23,247,-224,299,165,-198,-108,-1737,-1465,-278,-399,-493
-19,259,-242,319,180,-198,-110,-1738,-1465,-293,-408,-497
-21,265,-250,329,183,-198,-121,-1743,-1469,-312,-420,-507
-27,269,-249,331,178,-199,-137,-1751,-1478,-332,-432,-519
-33,260,-236,317,163,-192,-163,-1760,-1489,-351,-446,-530
-44,246,-214,295,139,-184,-192,-1769,-1501,-373,-461,-540
-54,236,-195,277,116,-179,-222,-1776,-1511,-395,-474,-548
-63,224,-175,257,93,-172,-239,-1776,-1521,-415,-487,-557
-76,212,-151,235,64,-169,-253,-1776,-1526,-430,-498,-565
-84,206,-137,223,44,-167,-281,-1770,-1531,-437,-503,-570
-89,205,-130,219,31,-167,-311,-1765,-1534,-441,-509,-572
-90,212,-135,229,29,-170,-346,-1763,-1533,-442,-515,-573
-88,224,-148,247,32,-177,-370,-1758,-1534,-447,-520,-573
-89,234,-155,260,31,-184,-377,-1750,-1535,-456,-524,-574
-93,248,-162,276,28,-198,-374,-1740,-1534,-460,-528,-574
-96,275,-182,308,35,-220,-369,-1729,-1528,-458,-529,-570
-95,300,-206,342,47,-239,-356,-1714,-1523,-460,-526,-563
-103,308,-203,347,37,-253,-331,-1702,-1526,-475,-529,-558
-120,302,-177,326,5,-264,-304,-1691,-1534,-491,-535,-554
-135,285,-142,292,-30,-267,-281,-1682,-1544,-501,-542,-549
-143,271,-118,267,-53,-268,-266,-1677,-1549,-506,-547,-545
-145,273,-116,268,-54,-274,-260,-1672,-1549,-503,-547,-540
-144,280,-123,278,-49,-283,-249,-1669,-1543,-496,-544,-531
-143,285,-130,286,-42,-290,-243,-1669,-1534,-489,-539,-521
-140,288,-136,292,-34,-294,-246,-1672,-1524,-482,-535,-512
-138,289,-140,295,-27,-296,-253,-1678,-1518,-476,-534,-505
-139,284,-135,289,-27,-297,-264,-1688,-1515,-471,-536,-502
-141,278,-129,280,-29,-296,-282,-1701,-1511,-464,-539,-503
-138,271,-126,272,-24,-290,-296,-1710,-1507,-459,-538,-501
-136,260,-119,260,-23,-283,-297,-1724,-1502,-459,-541,-503
-136,246,-108,242,-26,-273,-294,-1731,-1497,-463,-544,-504
-141,225,-84,212,-41,-262,-275,-1735,-1493,-467,-550,-504
-144,206,-65,184,-52,-251,-252,-1735,-1486,-464,-554,-504
-140,198,-62,176,-47,-242,-241,-1730,-1475,-455,-552,-501
-131,193,-69,176,-33,-231,-234,-1716,-1462,-448,-548,-494
-124,182,-67,167,-25,-217,-217,-1696,-1449,-440,-544,-483
-119,175,-66,160,-20,-208,-198,-1679,-1432,-422,-540,-474
-104,186,-94,184,11,-203,-201,-1663,-1410,-395,-530,-465
-82,213,-145,235,62,-204,-241,-1649,-1386,-370,-517,-458
-57,247,-205,296,121,-208,-301,-1638,-1363,-352,-503,-454
-35,271,-252,343,167,-207,-364,-1628,-1349,-347,-493,-453
-22,279,-275,363,193,-201,-425,-1625,-1344,-355,-491,-460
-12,280,-287,371,207,-192,-495,-1625,-1344,-365,-492,-472
-4,277,-293,372,216,-182,-565,-1629,-1345,-373,-495,-485
3,268,-292,365,219,-168,-637,-1636,-1347,-382,-500,-498
3,261,-285,356,213,-161,-708,-1641,-1348,-389,-506,-512
-3,262,-282,355,206,-162,-771,-1639,-1347,-390,-510,-525
-11,266,-277,355,195,-168,-813,-1630,-1347,-389,-511,-536
-23,272,-269,355,179,-178,-846,-1622,-1349,-388,-512,-549
-32,284,-271,365,172,-189,-876,-1609,-1353,-388,-510,-559
-37,302,-281,385,172,-203,-886,-1595,-1356,-391,-512,-569
-38,323,-299,412,180,-217,-887,-1582,-1358,-393,-512,-577
-39,340,-312,433,184,-229,-870,-1570,-1365,-400,-517,-585
-44,348,-311,439,178,-237,-833,-1557,-1374,-414,-525,-597
-49,352,-306,440,167,-245,-789,-1546,-1384,-428,-535,-610
-54,365,-310,452,164,-257,-746,-1536,-1391,-441,-548,-625
-56,376,-315,464,162,-268,-693,-1524,-1401,-456,-562,-641
-68,365,-289,441,134,-272,-616,-1513,-1418,-484,-584,-661
-86,336,-237,389,85,-267,-523,-1504,-1440,-521,-611,-683
-106,298,-175,322,26,-259,-422,-1498,-1459,-557,-639,-704
-122,266,-124,268,-20,-251,-320,-1499,-1470,-581,-665,-723
-125,245,-96,236,-42,-243,-227,-1502,-1476,-595,-683,-741
-122,231,-82,217,-51,-236,-129,-1506,-1482,-602,-698,-756
-119,220,-72,204,-56,-231,-32,-1512,-1485,-607,-713,-770
-115,213,-67,196,-57,-228,57,-1517,-1487,-610,-727,-779
-114,209,-64,192,-57,-229,137,-1522,-1488,-613,-738,-785
-118,204,-55,181,-65,-232,206,-1530,-1490,-614,-746,-787
-121,200,-48,174,-69,-235,249,-1542,-1490,-609,-751,-788
-117,195,-49,170,-65,-233,279,-1548,-1488,-609,-753,-787
-116,187,-44,160,-64,-229,308,-1556,-1484,-612,-754,-788
-119,178,-35,146,-70,-227,320,-1559,-1477,-614,-753,-788
-126,163,-16,122,-83,-222,325,-1557,-1470,-615,-751,-784
-133,150,0,101,-96,-220,311,-1554,-1461,-613,-747,-779
-134,145,3,94,-96,-216,266,-1551,-1450,-608,-740,-771
-126,137,-3,91,-83,-204,207,-1540,-1439,-600,-729,-762
-117,123,-1,78,-75,-187,156,-1523,-1433,-592,-716,-751
-111,111,0,68,-68,-172,109,-1507,-1423,-575,-702,-738
-95,120,-30,92,-35,-164,55,-1489,-1404,-548,-683,-724
-73,148,-84,145,18,-164,8,-1471,-1384,-516,-660,-709
-53,188,-148,213,76,-174,-29,-1454,-1365,-485,-638,-693
-38,221,-200,268,123,-181,-56,-1438,-1354,-463,-618,-678
-32,241,-230,301,147,-187,-73,-1429,-1351,-453,-605,-666
-33,257,-248,322,159,-194,-99,-1425,-1354,-449,-594,-658
-37,270,-260,339,166,-201,-127,-1426,-1362,-446,-587,-654
-41,276,-264,345,165,-203,-160,-1429,-1372,-446,-580,-653
-44,273,-260,341,160,-199,-192,-1434,-1380,-449,-573,-652
-46,272,-260,340,158,-196,-225,-1438,-1387,-451,-565,-650
-48,272,-258,340,154,-194,-248,-1442,-1398,-455,-559,-647
-55,273,-253,338,145,-196,-270,-1450,-1408,-457,-555,-645
-58,280,-256,346,143,-201,-297,-1456,-1416,-452,-550,-640
-58,292,-267,363,148,-208,-317,-1461,-1419,-445,-543,-636
-50,310,-290,391,166,-214,-347,-1471,-1421,-437,-536,-630
-40,321,-309,414,182,-215,-379,-1481,-1425,-435,-531,-624
-35,321,-309,416,183,-213,-403,-1492,-1433,-438,-529,-623
-36,315,-299,407,174,-210,-419,-1507,-1442,-443,-532,-626
-36,315,-294,405,167,-213,-434,-1526,-1449,-449,-537,-633
-35,311,-287,400,161,-212,-446,-1543,-1459,-460,-542,-642
-43,285,-249,358,126,-203,-450,-1555,-1476,-479,-551,-655
-61,243,-185,290,70,-191,-442,-1560,-1492,-491,-560,-667
-81,198,-115,214,7,-177,-425,-1562,-1504,-496,-565,-677
-97,163,-60,155,-42,-169,-404,-1562,-1505,-489,-565,-682
-105,146,-30,124,-69,-166,-380,-1553,-1495,-469,-557,-680
-109,139,-15,110,-83,-168,-338,-1537,-1482,-447,-548,-675
-111,139,-10,106,-88,-174,-290,-1517,-1467,-420,-537,-671
-113,145,-12,111,-88,-183,-248,-1493,-1449,-387,-524,-664
-112,152,-18,119,-84,-192,-215,-1468,-1432,-357,-512,-658
-113,156,-19,122,-83,-199,-183,-1444,-1414,-334,-498,-653
-113,160,-23,126,-79,-204,-164,-1420,-1395,-312,-485,-646
-108,166,-34,136,-67,-208,-151,-1392,-1377,-295,-473,-635
-106,166,-38,138,-61,-208,-139,-1366,-1358,-288,-461,-627
-105,160,-34,130,-61,-205,-139,-1339,-1342,-288,-450,-620
-106,145,-21,110,-69,-196,-138,-1312,-1330,-293,-440,-613
-105,132,-12,94,-71,-185,-151,-1287,-1317,-295,-432,-607
-98,125,-16,91,-62,-175,-175,-1262,-1301,-290,-420,-597
-90,120,-23,91,-49,-163,-195,-1234,-1283,-279,-405,-583
-84,109,-23,83,-42,-149,-202,-1205,-1266,-267,-391,-569
-80,98,-22,75,-37,-135,-214,-1183,-1245,-252,-381,-557
-68,105,-45,94,-10,-127,-238,-1162,-1215,-228,-370,-545
-51,125,-88,136,32,-124,-268,-1148,-1185,-202,-361,-536
-34,149,-135,184,79,-123,-307,-1144,-1161,-187,-356,-529
-21,164,-168,216,112,-120,-346,-1144,-1146,-182,-354,-525
-19,164,-175,221,121,-112,-373,-1151,-1140,-187,-360,-526
-21,156,-170,212,118,-104,-400,-1161,-1136,-197,-367,-529
-26,148,-162,203,112,-96,-426,-1176,-1133,-207,-375,-532
-32,139,-150,189,102,-89,-450,-1192,-1128,-217,-381,-535
-37,127,-135,172,90,-80,-472,-1207,-1125,-225,-385,-537
-42,117,-123,159,80,-73,-498,-1220,-1124,-236,-387,-536
-48,107,-108,143,66,-67,-512,-1229,-1126,-249,-387,-530
-53,94,-89,122,50,-59,-525,-1240,-1127,-261,-389,-525
-54,87,-80,112,42,-54,-542,-1248,-1125,-262,-386,-515
-51,87,-81,113,43,-52,-551,-1254,-1121,-257,-380,-503
-46,100,-95,132,55,-58,-566,-1258,-1115,-250,-372,-491
-42,116,-113,155,67,-68,-577,-1257,-1113,-247,-365,-480
-39,127,-121,169,72,-76,-576,-1253,-1114,-248,-361,-472
-37,135,-125,176,73,-83,-573,-1252,-1116,-255,-361,-469
-35,150,-136,194,79,-96,-582,-1253,-1119,-260,-363,-470
-31,163,-147,210,85,-107,-592,-1252,-1124,-266,-364,-470
-39,157,-128,193,63,-113,-589,-1251,-1137,-281,-370,-474
-56,135,-82,148,18,-114,-577,-1249,-1153,-299,-377,-480
-75,106,-28,93,-34,-113,-557,-1247,-1169,-314,-385,-485
-89,85,13,51,-75,-113,-536,-1247,-1177,-318,-388,-485
-95,76,34,31,-95,-115,-522,-1241,-1180,-308,-385,-479
-98,73,45,21,-108,-119,-505,-1234,-1180,-289,-380,-472
-103,74,53,16,-119,-127,-488,-1226,-1180,-268,-375,-465
-105,78,55,17,-125,-135,-470,-1220,-1182,-254,-372,-462
-108,83,55,20,-128,-143,-452,-1213,-1184,-246,-373,-464
-110,80,63,13,-136,-146,-430,-1209,-1189,-244,-376,-468
-110,74,70,3,-142,-144,-413,-1211,-1193,-246,-379,-476
-104,66,73,-5,-141,-136,-400,-1211,-1196,-255,-383,-484
-100,51,83,-22,-145,-126,-383,-1212,-1198,-268,-390,-495
-97,30,100,-48,-154,-111,-370,-1212,-1200,-281,-396,-505
-97,2,126,-84,-170,-93,-344,-1212,-1203,-295,-400,-515
-95,-20,145,-113,-181,-77,-314,-1217,-1204,-302,-403,-523
-89,-30,145,-119,-174,-66,-289,-1223,-1200,-300,-402,-525
-77,-32,132,-113,-157,-57,-256,-1225,-1197,-293,-398,-525
-68,-39,126,-114,-144,-45,-208,-1221,-1194,-284,-392,-522
-62,-38,116,-107,-131,-41,-161,-1215,-1186,-270,-384,-519
-50,-16,78,-68,-94,-46,-124,-1209,-1167,-244,-372,-513
-32,20,20,-5,-41,-57,-99,-1206,-1145,-220,-360,-509
-13,58,-40,60,15,-67,-90,-1206,-1125,-205,-352,-512
0,83,-82,104,56,-72,-89,-1204,-1116,-204,-350,-518
4,91,-97,120,72,-72,-87,-1208,-1116,-214,-357,-531
1,93,-99,122,75,-72,-93,-1214,-1121,-229,-366,-546
-5,95,-98,122,73,-74,-108,-1217,-1126,-244,-377,-561
-14,95,-92,119,67,-75,-125,-1214,-1131,-261,-390,-574
-23,92,-82,110,57,-74,-144,-1207,-1136,-279,-405,-588
-34,89,-70,101,45,-75,-169,-1198,-1138,-297,-419,-604
-45,82,-53,86,28,-73,-190,-1185,-1141,-318,-436,-619
-59,75,-31,67,5,-73,-215,-1178,-1143,-337,-452,-633
-69,73,-19,58,-9,-74,-246,-1168,-1147,-349,-462,-642
-73,75,-16,58,-14,-75,-271,-1157,-1147,-352,-467,-647
-70,85,-27,73,-6,-77,-305,-1147,-1143,-346,-466,-651
-69,100,-41,93,3,-84,-339,-1139,-1140,-342,-467,-654
-72,109,-45,103,2,-91,-369,-1136,-1139,-344,-470,-657
-76,116,-45,108,-3,-98,-403,-1138,-1135,-348,-475,-664
-77,132,-56,127,0,-111,-448,-1148,-1131,-353,-481,-674
-76,147,-70,147,6,-122,-499,-1161,-1136,-367,-490,-681
-85,144,-54,135,-14,-127,-543,-1178,-1151,-394,-504,-693
-102,121,-11,92,-58,-125,-577,-1192,-1170,-425,-519,-707
-122,88,44,34,-112,-120,-604,-1204,-1186,-452,-534,-718
-135,61,87,-13,-153,-113,-630,-1217,-1196,-468,-544,-726
-138,47,105,-33,-171,-110,-654,-1225,-1200,-473,-549,-728
-137,41,111,-41,-178,-108,-660,-1229,-1200,-472,-551,-726
-137,37,116,-47,-184,-109,-661,-1230,-1200,-467,-553,-722
-134,36,114,-46,-184,-112,-659,-1230,-1200,-460,-556,-718
-131,38,109,-42,-181,-115,-651,-1227,-1203,-454,-562,-714
-129,34,110,-44,-182,-116,-639,-1223,-1208,-450,-569,-708
-127,34,107,-43,-180,-119,-632,-1219,-1209,-438,-575,-705
-122,37,98,-35,-170,-122,-620,-1207,-1209,-426,-577,-697
-119,36,95,-35,-167,-123,-598,-1197,-1208,-421,-580,-692
-118,28,100,-44,-169,-120,-581,-1186,-1211,-418,-580,-688
-116,8,116,-69,-177,-107,-555,-1173,-1215,-415,-578,-683
-114,-13,133,-95,-186,-94,-532,-1157,-1213,-404,-573,-674
-108,-25,136,-105,-181,-84,-520,-1136,-1203,-385,-562,-661
-98,-32,131,-107,-169,-73,-510,-1112,-1190,-366,-546,-644
-90,-43,133,-117,-162,-61,-490,-1084,-1176,-349,-529,-625
-85,-48,131,-119,-154,-54,-471,-1061,-1157,-323,-513,-604
-71,-28,97,-84,-118,-57,-468,-1040,-1126,-287,-491,-579
-48,8,37,-21,-59,-65,-478,-1024,-1094,-250,-469,-557
-20,49,-33,53,10,-72,-500,-1013,-1067,-223,-451,-539
3,80,-90,111,68,-75,-524,-1005,-1048,-208,-439,-524
15,99,-122,145,100,-78,-542,-1001,-1035,-202,-432,-516
18,112,-139,164,117,-81,-567,-997,-1027,-198,-426,-513
16,117,-144,172,123,-82,-594,-995,-1024,-197,-422,-514
13,114,-139,166,120,-78,-621,-996,-1026,-203,-421,-520
5,111,-129,158,111,-77,-646,-999,-1032,-211,-425,-529
-4,114,-124,157,103,-80,-675,-1000,-1039,-221,-428,-537
-15,116,-115,153,92,-84,-693,-993,-1044,-229,-427,-543
-28,117,-102,146,75,-88,-709,-987,-1045,-229,-428,-548
-39,125,-100,151,67,-96,-732,-980,-1042,-221,-424,-550
-46,140,-107,166,66,-107,-748,-978,-1036,-211,-420,-553
-50,163,-126,194,74,-122,-768,-979,-1027,-200,-417,-556
-50,182,-144,221,85,-132,-786,-980,-1019,-195,-418,-562
-52,192,-150,232,85,-138,-798,-983,-1014,-200,-423,-569
-57,199,-150,237,79,-144,-808,-991,-1010,-211,-434,-580
-60,210,-157,249,78,-153,-821,-1005,-1006,-223,-446,-591
-60,218,-163,258,78,-157,-827,-1017,-1005,-238,-457,-602
-69,205,-140,234,53,-154,-819,-1025,-1014,-265,-470,-617
-85,173,-90,179,5,-144,-800,-1027,-1028,-295,-483,-634
-105,133,-28,111,-55,-132,-772,-1021,-1041,-319,-495,-653
-122,99,25,52,-105,-122,-748,-1013,-1048,-334,-505,-669
-128,75,56,15,-133,-112,-737,-1001,-1048,-341,-508,-680
-130,56,78,-13,-152,-102,-723,-988,-1049,-348,-510,-690
-131,37,99,-40,-169,-92,-710,-978,-1054,-355,-514,-699
-130,22,114,-62,-180,-85,-696,-970,-1059,-361,-518,-709
-129,13,122,-75,-186,-81,-683,-961,-1061,-364,-521,-718
-131,3,132,-89,-195,-80,-675,-957,-1060,-365,-524,-724
-131,-5,140,-102,-200,-78,-677,-956,-1056,-362,-526,-729
-124,-15,142,-111,-195,-70,-675,-954,-1052,-358,-525,-730
-118,-28,148,-125,-194,-61,-667,-957,-1047,-359,-525,-732
-115,-43,158,-143,-196,-51,-665,-962,-1045,-363,-524,-731
-114,-64,176,-171,-204,-39,-655,-969,-1044,-371,-524,-729
-111,-81,188,-191,-207,-28,-644,-979,-1036,-369,-523,-724
-104,-85,183,-192,-197,-23,-637,-987,-1027,-359,-521,-717
-95,-82,169,-181,-177,-20,-628,-989,-1017,-344,-514,-706
-88,-84,162,-177,-164,-14,-612,-986,-1009,-329,-506,-695
-82,-86,156,-174,-153,-9,-606,-985,-996,-316,-498,-685
-68,-67,121,-138,-116,-12,-613,-987,-978,-301,-486,-675
-47,-31,61,-73,-58,-21,-623,-990,-959,-289,-475,-666
-23,14,-10,6,9,-33,-628,-990,-941,-277,-464,-660
-1,51,-72,73,69,-41,-624,-986,-929,-275,-455,-653
11,74,-110,116,105,-46,-612,-980,-921,-281,-452,-649
15,93,-136,149,128,-52,-608,-972,-916,-287,-452,-646
19,106,-156,174,146,-56,-610,-962,-911,-292,-451,-642
21,111,-164,185,154,-54,-613,-950,-908,-299,-450,-639
19,109,-162,186,153,-50,-619,-935,-907,-308,-450,-637
16,111,-161,190,150,-50,-634,-919,-907,-317,-450,-636
8,110,-152,185,138,-51,-646,-900,-907,-326,-446,-633
-2,104,-134,172,118,-51,-657,-885,-907,-329,-440,-630
-7,102,-125,167,107,-50,-669,-865,-907,-322,-430,-624
-7,105,-125,172,104,-51,-668,-850,-904,-316,-422,-617
-2,116,-137,188,112,-54,-669,-841,-899,-311,-415,-608
0,129,-147,204,117,-61,-671,-833,-897,-310,-407,-599
-4,138,-147,211,109,-71,-672,-826,-896,-307,-401,-589
-11,147,-143,214,98,-82,-682,-828,-896,-301,-397,-580
-17,164,-147,229,91,-101,-700,-836,-895,-290,-393,-572
-21,176,-149,237,85,-113,-712,-846,-898,-287,-387,-563
-32,164,-120,208,53,-116,-715,-856,-911,-296,-386,-558
-51,135,-65,152,-1,-113,-726,-867,-929,-314,-389,-555
-74,100,-1,83,-63,-109,-756,-876,-945,-326,-393,-552
-93,69,55,23,-118,-105,-805,-889,-958,-332,-397,-550
-102,49,89,-15,-151,-102,-875,-903,-966,-337,-399,-550
-108,37,112,-41,-173,-102,-953,-917,-975,-343,-402,-549
-112,25,131,-65,-191,-101,-1040,-926,-983,-348,-406,-548
-113,16,143,-82,-203,-101,-1130,-935,-988,-354,-414,-546
-113,10,150,-93,-208,-101,-1211,-942,-993,-364,-421,-543
-111,1,158,-107,-213,-98,-1277,-948,-997,-374,-427,-543
-108,-6,161,-117,-213,-95,-1334,-951,-996,-379,-427,-543
-103,-8,156,-117,-205,-93,-1377,-946,-993,-377,-423,-539
-102,-12,156,-122,-203,-92,-1399,-944,-989,-373,-422,-534
-101,-22,162,-135,-204,-86,-1412,-937,-988,-367,-422,-528
-104,-37,174,-154,-211,-78,-1401,-927,-987,-359,-422,-522
-107,-48,183,-169,-215,-72,-1376,-915,-983,-343,-418,-517
-103,-51,176,-167,-204,-67,-1345,-900,-974,-321,-412,-510
-95,-51,160,-158,-184,-59,-1304,-881,-962,-294,-401,-503
-87,-58,152,-157,-169,-47,-1250,-860,-952,-267,-392,-496
-80,-62,142,-152,-153,-36,-1191,-841,-942,-239,-385,-493
-64,-47,104,-115,-113,-33,-1131,-822,-923,-207,-375,-490
-43,-14,42,-51,-54,-36,-1073,-802,-901,-180,-363,-488
-20,23,-25,21,11,-42,-1014,-785,-881,-160,-356,-488
-2,54,-81,80,63,-47,-951,-769,-866,-151,-355,-490
2,71,-110,114,89,-51,-887,-760,-858,-151,-362,-500
0,82,-124,133,99,-56,-826,-752,-853,-151,-373,-515
-4,86,-130,142,103,-57,-769,-745,-852,-158,-387,-534
-9,82,-125,139,99,-52,-718,-739,-855,-168,-404,-557
-10,71,-116,128,94,-42,-674,-734,-860,-177,-420,-580
-8,65,-114,126,94,-33,-638,-729,-863,-185,-435,-600
-7,60,-111,122,93,-25,-604,-719,-863,-190,-447,-614
-10,55,-103,116,85,-20,-579,-710,-857,-186,-452,-625
-11,60,-105,122,85,-21,-571,-696,-849,-173,-449,-629
-13,78,-118,144,92,-32,-566,-683,-835,-154,-441,-629
-13,112,-148,188,110,-53,-572,-669,-816,-129,-428,-623
-12,152,-184,237,132,-78,-585,-656,-796,-106,-412,-615
-12,185,-211,277,147,-100,-606,-647,-776,-83,-397,-606
-15,217,-234,313,157,-124,-640,-647,-756,-63,-383,-596
-18,257,-263,358,172,-153,-689,-651,-736,-45,-369,-584
-18,290,-290,396,187,-176,-748,-653,-720,-37,-358,-570
-27,300,-282,395,172,-190,-809,-654,-714,-40,-350,-561
-46,291,-247,364,132,-199,-868,-647,-712,-46,-344,-552
-73,280,-202,324,81,-211,-925,-632,-709,-46,-336,-538
-99,281,-169,301,38,-232,-987,-615,-697,-37,-322,-521
-118,300,-161,306,17,-260,-1052,-592,-678,-20,-301,-497
-131,326,-168,324,9,-289,-1104,-567,-659,0,-276,-472
-142,355,-180,350,8,-319,-1145,-542,-641,21,-251,-449
-154,390,-199,383,10,-354,-1175,-518,-623,39,-228,-424
-163,424,-220,418,16,-387,-1192,-494,-605,56,-204,-399
-171,450,-235,443,19,-414,-1191,-472,-586,69,-185,-377
-177,476,-253,470,26,-438,-1186,-456,-565,83,-169,-361
-175,500,-279,502,43,-458,-1178,-440,-544,96,-154,-344
-174,518,-297,525,55,-473,-1158,-428,-522,108,-141,-329
-175,531,-310,542,64,-485,-1134,-418,-500,116,-125,-312
-177,540,-318,553,68,-496,-1093,-409,-479,126,-107,-294
-178,553,-333,571,79,-507,-1042,-398,-454,144,-86,-272
-171,575,-365,607,106,-520,-984,-382,-424,175,-61,-244
-160,599,-404,650,140,-531,-909,-357,-395,212,-33,-213
-152,614,-432,680,167,-536,-817,-325,-366,248,-5,-182
-148,631,-458,709,190,-545,-722,-292,-333,290,20,-152
-135,666,-510,768,236,-560,-633,-260,-291,336,47,-124
-116,716,-585,852,302,-580,-548,-226,-247,375,71,-102
-96,774,-669,948,376,-603,-466,-192,-207,403,90,-86
-79,821,-739,1027,437,-622,-385,-154,-177,419,101,-75
-71,850,-781,1076,474,-634,-305,-120,-158,419,100,-74
-72,869,-804,1106,494,-643,-235,-87,-147,409,91,-80
-77,883,-818,1126,503,-651,-170,-57,-142,392,76,-94
-84,889,-822,1134,504,-656,-116,-28,-140,372,60,-109
-92,891,-819,1136,500,-658,-73,-1,-138,353,43,-126
-102,900,-822,1145,498,-664,-38,26,-134,343,35,-141
-113,910,-824,1154,494,-673,-8,58,-128,336,31,-155
-125,923,-825,1165,489,-684,20,87,-120,336,29,-167
-133,943,-838,1188,492,-697,51,125,-104,349,36,-170
-138,969,-858,1220,503,-713,93,165,-79,374,47,-169
-138,1005,-892,1268,525,-733,131,203,-50,406,63,-163
-137,1043,-927,1318,548,-755,161,239,-19,433,79,-156
-139,1068,-947,1348,558,-770,181,268,12,458,93,-146
-144,1086,-956,1367,559,-784,186,287,41,478,106,-138
-148,1113,-974,1396,566,-803,174,298,72,496,121,-127
-149,1138,-993,1426,574,-820,161,305,99,510,135,-115
-160,1143,-982,1422,556,-831,145,309,117,513,145,-106
-178,1127,-944,1386,515,-833,119,317,130,513,152,-101
-196,1104,-897,1339,468,-832,85,330,143,513,157,-97
-210,1092,-866,1309,434,-835,48,347,159,519,163,-93
-216,1097,-861,1309,423,-844,12,365,176,530,173,-82
-216,1108,-870,1321,425,-855,-10,385,191,543,185,-68
-215,1125,-884,1341,431,-870,-28,412,205,560,197,-52
-214,1146,-904,1369,443,-888,-44,441,218,579,211,-35
-212,1170,-927,1399,456,-907,-60,475,231,599,227,-16
-213,1190,-945,1423,465,-926,-75,511,243,619,245,6
-215,1211,-964,1450,475,-948,-96,539,257,638,265,27
-214,1233,-987,1479,489,-968,-118,566,267,656,286,48
-212,1246,-1002,1498,500,-981,-129,587,275,668,304,68
-209,1251,-1013,1508,509,-988,-141,608,286,682,324,90
-206,1250,-1017,1510,514,-990,-144,631,299,700,348,117
-206,1257,-1027,1520,521,-999,-138,652,320,728,376,151
-202,1276,-1053,1551,542,-1014,-125,669,347,766,410,191
-193,1301,-1090,1592,574,-1028,-104,684,373,803,449,233
-185,1321,-1123,1628,604,-1039,-70,695,392,836,488,276
-180,1350,-1160,1671,634,-1057,-32,695,409,868,524,316
-167,1397,-1225,1746,690,-1080,-1,685,430,908,559,358
-144,1455,-1309,1842,765,-1105,15,659,446,943,592,398
-122,1515,-1396,1940,842,-1129,18,622,453,968,618,435
-107,1565,-1465,2020,902,-1151,12,578,449,979,636,466
-103,1598,-1507,2071,937,-1169,4,525,436,976,645,490
-106,1622,-1531,2104,956,-1184,-13,465,419,970,648,508
-112,1643,-1549,2131,968,-1197,-33,400,397,957,648,520
-119,1659,-1560,2150,975,-1208,-63,333,369,937,644,531
-126,1671,-1567,2164,978,-1216,-109,264,338,913,638,538
-132,1684,-1575,2179,983,-1223,-167,199,309,891,633,544
-138,1694,-1579,2189,985,-1228,-218,143,282,871,632,551
-149,1705,-1580,2198,980,-1237,-270,91,259,858,633,556
-157,1726,-1590,2220,982,-1252,-333,50,239,855,638,563
-162,1751,-1607,2248,992,-1266,-394,10,222,856,643,572
-159,1778,-1635,2285,1012,-1278,-462,-24,207,861,646,583
-155,1805,-1662,2320,1033,-1289,-529,-50,190,861,652,595
-155,1827,-1679,2346,1043,-1301,-587,-71,174,858,656,606
-158,1849,-1693,2369,1049,-1315,-648,-89,165,861,663,619
-159,1876,-1716,2402,1061,-1332,-721,-105,165,867,675,635
-158,1900,-1737,2431,1074,-1346,-795,-113,166,872,691,652
-168,1906,-1729,2428,1059,-1355,-866,-119,161,868,701,666
-183,1892,-1696,2395,1023,-1357,-939,-122,154,859,710,677
-201,1869,-1652,2349,978,-1353,-1011,-127,150,855,719,688
-215,1851,-1617,2313,943,-1352,-1086,-131,155,862,729,703
-219,1847,-1608,2303,930,-1353,-1165,-132,167,879,743,721
-217,1847,-1608,2301,928,-1354,-1235,-133,180,898,757,738
-213,1846,-1609,2300,928,-1353,-1299,-133,190,915,769,752
-207,1845,-1614,2301,931,-1352,-1359,-135,197,929,778,764
-200,1841,-1618,2300,935,-1348,-1414,-141,199,936,785,769
-194,1824,-1608,2280,930,-1337,-1461,-148,198,938,789,771
-188,1800,-1592,2253,921,-1320,-1504,-157,197,941,792,770
-178,1776,-1581,2228,918,-1301,-1544,-160,197,945,796,774
-169,1744,-1561,2193,909,-1278,-1569,-164,195,941,800,776
-159,1703,-1533,2147,896,-1249,-1587,-168,191,935,807,780
-151,1652,-1495,2087,875,-1213,-1587,-173,187,930,814,786
-142,1603,-1458,2030,856,-1178,-1581,-178,186,934,824,792
-127,1565,-1439,1991,854,-1145,-1572,-179,188,944,837,799
-107,1533,-1431,1965,863,-1113,-1549,-174,192,957,853,806
-90,1497,-1415,1932,865,-1080,-1508,-168,195,969,869,814
-77,1467,-1402,1904,867,-1054,-1458,-168,198,986,884,822
-56,1462,-1422,1915,896,-1038,-1407,-174,207,1013,902,833
-30,1478,-1466,1957,946,-1031,-1354,-187,215,1043,922,843
-4,1501,-1518,2009,1000,-1029,-1298,-205,220,1065,938,850
16,1519,-1559,2049,1043,-1027,-1234,-224,215,1071,949,854
26,1524,-1575,2066,1063,-1023,-1164,-244,206,1066,951,853
29,1526,-1582,2073,1073,-1019,-1104,-268,197,1056,949,851
34,1523,-1584,2074,1080,-1010,-1050,-293,187,1040,945,846
39,1513,-1579,2066,1083,-996,-1003,-314,174,1022,944,836
40,1499,-1567,2051,1078,-981,-966,-331,160,1004,940,821
41,1486,-1554,2035,1072,-966,-938,-343,145,986,935,807
38,1470,-1533,2012,1058,-952,-908,-347,128,969,927,795
29,1452,-1505,1982,1034,-941,-880,-348,113,954,916,780
24,1438,-1484,1959,1017,-930,-866,-344,100,945,904,768
23,1430,-1472,1945,1009,-921,-852,-340,88,936,888,754
26,1430,-1472,1945,1010,-915,-854,-340,78,929,870,741
29,1431,-1472,1945,1011,-912,-870,-342,65,917,851,727
27,1428,-1464,1936,1003,-908,-888,-346,51,901,830,712
24,1423,-1452,1923,992,-906,-910,-356,39,884,807,695
21,1426,-1448,1920,986,-909,-945,-375,26,865,782,676
21,1423,-1441,1911,979,-908,-981,-391,8,835,757,656
9,1399,-1401,1866,943,-901,-1012,-403,-18,797,729,635
-11,1359,-1336,1793,884,-889,-1045,-411,-48,757,700,611
-33,1309,-1261,1706,817,-873,-1080,-413,-78,723,675,591
-50,1266,-1197,1631,761,-857,-1117,-413,-99,697,653,575
-58,1236,-1156,1582,726,-846,-1159,-411,-116,674,635,562
-62,1213,-1125,1543,702,-836,-1198,-408,-132,652,615,546
-65,1190,-1096,1505,679,-826,-1233,-403,-149,634,593,529
-68,1166,-1067,1468,656,-816,-1257,-395,-162,622,571,515
-67,1141,-1041,1432,638,-803,-1273,-386,-170,609,546,504
-66,1109,-1011,1390,618,-785,-1286,-377,-176,596,521,493
-60,1075,-983,1348,603,-762,-1296,-372,-178,583,499,480
-48,1040,-960,1308,594,-734,-1295,-365,-181,566,479,470
-39,998,-928,1259,579,-703,-1279,-365,-186,547,457,459
-34,950,-888,1201,556,-671,-1257,-365,-193,526,433,446
-30,892,-838,1130,526,-632,-1226,-365,-204,501,407,432
-22,831,-788,1058,498,-588,-1192,-371,-211,476,378,416
-11,777,-749,998,481,-547,-1151,-377,-212,460,353,398
2,729,-719,948,470,-509,-1103,-374,-210,450,333,380
13,676,-680,890,453,-467,-1046,-366,-211,438,313,360
20,623,-639,830,433,-428,-982,-364,-211,430,289,339
37,587,-625,799,437,-394,-921,-365,-204,427,269,320
59,571,-636,798,462,-368,-867,-368,-196,429,250,299
83,564,-657,810,494,-347,-820,-372,-193,424,228,272
103,549,-666,810,516,-323,-770,-373,-199,410,203,242
112,521,-652,784,515,-297,-712,-373,-211,384,174,210
113,491,-627,750,503,-274,-662,-372,-224,352,142,174
114,458,-598,711,486,-249,-627,-371,-238,315,110,134
111,418,-557,660,459,-221,-608,-368,-256,279,78,91
102,376,-508,601,423,-195,-602,-365,-275,248,45,47
91,342,-464,550,387,-175,-611,-360,-291,219,13,6
79,311,-422,504,352,-159,-621,-354,-304,194,-15,-30
62,285,-378,457,311,-148,-634,-352,-308,178,-40,-63
48,264,-342,421,278,-140,-654,-350,-310,173,-59,-91
38,251,-316,395,253,-133,-658,-355,-312,168,-76,-117
30,250,-303,385,237,-134,-652,-368,-316,164,-96,-143
20,249,-288,375,219,-137,-628,-385,-325,154,-112,-169
8,238,-259,347,190,-134,-583,-405,-338,139,-128,-197
-5,223,-226,314,156,-130,-527,-427,-352,124,-143,-223
-14,214,-202,291,131,-128,-472,-452,-367,111,-159,-248
-16,199,-181,265,112,-118,-418,-476,-388,92,-178,-275
-27,165,-131,208,68,-102,-360,-499,-417,62,-202,-306
-46,116,-58,125,2,-81,-300,-519,-449,29,-230,-337
-65,61,20,34,-66,-57,-243,-534,-481,0,-255,-365
-77,15,84,-41,-121,-35,-194,-545,-506,-24,-273,-390
-82,-13,119,-85,-152,-20,-156,-548,-523,-38,-283,-407
-81,-30,137,-110,-166,-10,-122,-544,-535,-44,-288,-418
-76,-41,145,-125,-171,-1,-87,-534,-541,-44,-290,-422
-70,-44,142,-127,-167,2,-52,-522,-547,-45,-292,-422
-59,-43,130,-120,-154,5,-24,-506,-553,-45,-294,-420
-46,-43,116,-113,-137,10,-1,-492,-561,-46,-298,-419
-33,-40,97,-99,-115,13,7,-482,-567,-43,-304,-418
-18,-36,74,-83,-90,16,15,-468,-570,-40,-304,-414
-7,-39,62,-78,-72,23,30,-457,-576,-43,-306,-413
-1,-49,61,-84,-65,30,38,-446,-583,-51,-309,-413
1,-69,74,-107,-69,42,55,-434,-592,-60,-312,-412
-1,-90,90,-132,-78,52,68,-425,-597,-63,-315,-408
1,-109,101,-151,-79,63,66,-423,-599,-63,-316,-400
6,-127,108,-167,-76,77,51,-426,-605,-63,-315,-390
8,-150,123,-192,-80,92,40,-429,-615,-63,-315,-382
8,-168,137,-213,-85,104,25,-437,-623,-55,-318,-376
20,-166,118,-197,-59,109,-2,-447,-623,-40,-317,-370
43,-145,71,-151,-9,110,-32,-461,-616,-25,-312,-363
68,-115,13,-91,51,106,-59,-476,-606,-13,-307,-357
88,-91,-33,-42,100,104,-76,-485,-598,-10,-301,-352
98,-80,-54,-20,123,103,-82,-494,-596,-15,-303,-352
99,-75,-60,-12,130,101,-94,-502,-597,-21,-307,-355
97,-74,-58,-11,130,100,-113,-515,-602,-38,-316,-362
95,-77,-50,-18,124,102,-135,-528,-611,-63,-330,-371
90,-87,-32,-34,110,106,-142,-537,-622,-89,-344,-381
86,-94,-16,-49,96,110,-126,-541,-631,-115,-358,-393
80,-102,3,-66,79,113,-86,-537,-643,-137,-371,-403
70,-110,26,-85,56,113,-42,-536,-653,-149,-383,-414
65,-112,40,-96,41,114,0,-531,-661,-149,-390,-421
63,-110,46,-98,33,112,45,-527,-665,-146,-395,-428
64,-100,41,-88,35,107,84,-522,-666,-142,-398,-433
63,-87,36,-76,35,101,115,-517,-668,-142,-402,-442
57,-82,44,-77,22,94,142,-516,-672,-146,-407,-453
45,-79,58,-85,2,86,157,-521,-677,-148,-413,-466
37,-70,62,-82,-10,76,154,-533,-680,-150,-422,-480
32,-65,66,-82,-20,71,143,-546,-687,-155,-433,-494
18,-80,99,-114,-55,73,132,-564,-705,-169,-447,-512
-1,-113,154,-174,-108,83,119,-582,-728,-186,-463,-533
-22,-154,219,-245,-170,97,106,-596,-754,-201,-480,-553
-38,-188,270,-303,-218,110,87,-609,-774,-208,-493,-572
-44,-209,298,-337,-244,120,63,-618,-789,-206,-499,-583
-46,-226,315,-360,-260,130,48,-623,-799,-197,-499,-589
-46,-238,327,-377,-271,137,37,-625,-806,-186,-495,-593
-46,-244,331,-385,-275,140,17,-623,-810,-171,-487,-595
-44,-248,330,-388,-275,142,-18,-617,-811,-152,-476,-592
-41,-258,334,-399,-277,149,-62,-608,-811,-138,-466,-591
-38,-265,333,-403,-275,153,-85,-602,-809,-126,-457,-592
-30,-268,324,-401,-264,158,-61,-587,-803,-113,-446,-589
-25,-275,321,-405,-258,162,-16,-568,-792,-101,-435,-588
-21,-285,323,-414,-256,169,26,-542,-779,-91,-423,-586
-20,-302,333,-433,-260,178,81,-511,-763,-81,-410,-584
-18,-316,340,-448,-261,186,151,-479,-742,-66,-396,-580
-10,-321,333,-448,-249,192,226,-447,-718,-46,-379,-577
0,-320,316,-436,-227,197,308,-412,-694,-25,-362,-571
9,-321,305,-430,-211,203,403,-374,-674,-13,-346,-562
14,-318,293,-421,-196,203,491,-340,-652,3,-332,-555
25,-296,256,-381,-160,196,569,-310,-625,23,-318,-546
43,-261,199,-319,-106,184,652,-283,-594,40,-307,-539
65,-223,136,-251,-45,174,746,-264,-568,51,-301,-536
82,-197,90,-202,1,170,847,-249,-554,50,-301,-538
89,-191,74,-185,20,173,956,-244,-550,32,-309,-546
91,-195,74,-186,25,179,1057,-245,-552,6,-322,-558
91,-203,81,-194,23,187,1146,-248,-552,-15,-338,-568
90,-215,94,-208,16,198,1225,-249,-552,-36,-354,-573
87,-229,110,-225,6,209,1285,-249,-552,-55,-368,-578
84,-237,121,-236,-3,216,1316,-246,-552,-71,-379,-582
81,-247,136,-250,-14,224,1318,-240,-554,-86,-389,-586
76,-259,155,-268,-30,231,1318,-232,-551,-95,-399,-590
76,-269,167,-281,-38,240,1318,-210,-545,-96,-404,-589
80,-276,173,-288,-40,249,1318,-181,-536,-97,-408,-588
87,-274,168,-281,-33,254,1300,-146,-525,-99,-415,-591
94,-271,163,-275,-27,257,1268,-99,-510,-102,-424,-596
98,-278,171,-285,-32,264,1239,-42,-492,-109,-435,-607
100,-293,189,-306,-45,275,1216,22,-469,-117,-449,-621
105,-304,199,-321,-51,284,1204,95,-439,-125,-464,-641
114,-321,212,-341,-56,300,1193,179,-409,-137,-482,-664
113,-362,259,-401,-92,324,1164,279,-385,-159,-508,-695
103,-426,338,-498,-155,359,1130,397,-359,-188,-537,-732
91,-504,433,-614,-229,400,1106,528,-327,-217,-570,-774
84,-581,521,-726,-295,445,1092,670,-284,-239,-603,-818
86,-647,587,-816,-340,488,1093,828,-226,-252,-635,-863
92,-708,643,-896,-376,530,1111,1003,-155,-260,-669,-911
98,-765,696,-972,-410,570,1162,1196,-74,-262,-703,-961
104,-816,742,-1039,-438,605,1251,1398,18,-258,-741,-1015
111,-863,781,-1099,-461,638,1371,1610,124,-252,-779,-1072
115,-910,823,-1161,-487,670,1520,1829,247,-242,-818,-1132
119,-953,860,-1217,-511,698,1670,2053,390,-220,-855,-1194
127,-986,881,-1255,-519,724,1832,2293,549,-186,-885,-1249
136,-1015,898,-1288,-524,747,2009,2542,721,-144,-910,-1304
145,-1045,915,-1322,-528,772,2173,2803,904,-94,-925,-1353
153,-1079,937,-1361,-536,800,2328,3070,1094,-40,-934,-1397
164,-1111,953,-1394,-539,828,2474,3337,1298,24,-935,-1434
182,-1133,952,-1409,-524,855,2611,3604,1508,95,-927,-1464
204,-1151,942,-1415,-501,883,2735,3865,1719,169,-910,-1490
223,-1169,936,-1423,-481,910,2852,4116,1928,246,-886,-1509
242,-1176,920,-1416,-456,929,2956,4348,2141,336,-854,-1519
269,-1152,863,-1361,-398,934,3045,4556,2362,450,-807,-1513
302,-1097,771,-1261,-311,922,3116,4737,2583,577,-750,-1494
335,-1021,658,-1133,-211,898,3166,4890,2794,710,-682,-1461
363,-938,542,-998,-113,865,3200,5018,2990,846,-605,-1415
377,-851,437,-867,-32,821,3221,5120,3175,983,-519,-1359
381,-755,334,-730,42,764,3222,5203,3358,1134,-421,-1289
377,-646,227,-583,112,694,3211,5271,3546,1305,-309,-1207
367,-527,117,-427,180,614,3191,5333,3741,1490,-181,-1115
352,-399,2,-260,248,523,3168,5393,3944,1686,-40,-1011
334,-258,-119,-82,316,422,3139,5459,4151,1891,115,-898
315,-119,-238,94,383,322,3108,5533,4356,2093,278,-777
294,19,-352,266,444,219,3070,5607,4559,2300,449,-649
277,164,-476,449,514,115,3023,5693,4764,2526,637,-502
265,313,-609,640,592,9,2973,5788,4984,2780,848,-334
261,473,-759,849,687,-99,2906,5888,5222,3067,1084,-147
261,638,-918,1068,790,-209,2821,6000,5485,3387,1346,63
263,801,-1077,1284,894,-317,2726,6127,5784,3750,1640,302
266,968,-1241,1506,1002,-429,2616,6264,6125,4164,1970,568
273,1149,-1423,1749,1124,-548,2486,6396,6501,4629,2336,860
278,1343,-1616,2006,1252,-677,2338,6512,6900,5130,2737,1181
267,1535,-1792,2251,1358,-817,2170,6590,7300,5653,3162,1525
242,1729,-1955,2488,1447,-967,1983,6618,7696,6191,3612,1889
209,1934,-2123,2736,1534,-1131,1777,6582,8084,6749,4086,2275
175,2168,-2319,3020,1639,-1315,1546,6473,8464,7332,4584,2682
147,2434,-2554,3351,1775,-1517,1286,6287,8824,7929,5105,3114
123,2722,-2814,3714,1931,-1731,1001,6022,9155,8533,5644,3567
98,3028,-3093,4101,2099,-1956,692,5681,9445,9139,6198,4037
71,3352,-3388,4511,2278,-2196,370,5271,9697,9740,6765,4521
41,3692,-3697,4940,2463,-2448,41,4796,9905,10331,7338,5017
7,4041,-4013,5379,2652,-2708,-295,4253,10063,10905,7915,5523
-29,4405,-4341,5838,2847,-2979,-640,3639,10169,11464,8491,6035
-63,4783,-4686,6316,3055,-3258,-980,2977,10224,12003,9066,6553
-102,5162,-5029,6795,3260,-3539,-1310,2272,10238,12528,9640,7075
-143,5538,-5366,7269,3458,-3820,-1642,1540,10215,13041,10212,7601
-192,5906,-5688,7725,3642,-4099,-1974,787,10157,13537,10779,8123
-241,6267,-6004,8175,3822,-4372,-2310,13,10074,14018,11336,8639
-286,6628,-6323,8627,4007,-4642,-2661,-775,9971,14485,11883,9147
-326,6978,-6638,9069,4192,-4900,-3022,-1565,9847,14934,12416,9644
-361,7299,-6928,9476,4364,-5135,-3379,-2345,9705,15356,12929,10124
-391,7595,-7198,9854,4526,-5350,-3731,-3115,9551,15754,13415,10582
-409,7886,-7476,10233,4701,-5553,-4085,-3870,9390,16124,13874,11015
-417,8168,-7754,10607,4884,-5742,-4439,-4613,9215,16453,14304,11416
-419,8430,-8019,10960,5062,-5913,-4798,-5351,9013,16735,14699,11786
-420,8660,-8252,11269,5219,-6062,-5166,-6086,8780,16963,15056,12127
-430,8854,-8442,11527,5343,-6193,-5541,-6816,8524,17136,15376,12439
-444,9025,-8603,11750,5443,-6311,-5927,-7533,8258,17265,15660,12724
-460,9174,-8742,11944,5529,-6415,-6314,-8226,7985,17348,15908,12982
-473,9300,-8859,12108,5601,-6503,-6689,-8891,7703,17381,16113,13210
-489,9413,-8959,12251,5660,-6583,-7046,-9521,7417,17367,16275,13406
-509,9521,-9051,12385,5712,-6663,-7381,-10106,7136,17312,16398,13573
-533,9614,-9123,12496,5747,-6737,-7681,-10640,6861,17220,16483,13709
-567,9696,-9173,12584,5761,-6810,-7942,-11130,6593,17092,16521,13804
-604,9774,-9215,12665,5768,-6884,-8167,-11569,6329,16925,16511,13860
-645,9850,-9251,12739,5767,-6960,-8347,-11957,6073,16719,16449,13873
-690,9925,-9281,12809,5759,-7039,-8493,-12289,5823,16471,16333,13841
-740,9986,-9289,12854,5733,-7113,-8595,-12562,5571,16172,16168,13765
-795,10015,-9263,12855,5681,-7170,-8647,-12781,5307,15816,15950,13643
-848,10012,-9203,12811,5606,-7205,-8663,-12960,5019,15400,15674,13475
-893,9978,-9119,12731,5520,-7215,-8657,-13108,4702,14925,15343,13261
-932,9899,-8997,12595,5413,-7192,-8628,-13228,4342,14381,14961,13004
-977,9762,-8808,12376,5255,-7134,-8575,-13328,3930,13766,14524,12703
-1026,9568,-8558,12078,5053,-7042,-8496,-13402,3470,13088,14037,12364
-1070,9322,-8260,11713,4822,-6912,-8396,-13449,2977,12368,13514,11994
-1100,9041,-7940,11309,4585,-6750,-8281,-13467,2467,11628,12964,11601
-1110,8735,-7617,10887,4358,-6559,-8154,-13449,1951,10876,12391,11188
-1105,8407,-7284,10444,4134,-6342,-8005,-13396,1428,10110,11798,10758
-1091,8055,-6939,9978,3909,-6104,-7842,-13314,898,9336,11189,10310
-1068,7688,-6587,9496,3684,-5849,-7672,-13206,364,8562,10569,9850
-1036,7309,-6234,9007,3466,-5581,-7500,-13078,-173,7787,9943,9381
-997,6919,-5877,8507,3250,-5299,-7316,-12930,-713,7017,9319,8911
-953,6525,-5523,8007,3039,-5011,-7121,-12764,-1247,6257,8699,8442
-905,6126,-5169,7505,2832,-4717,-6912,-12570,-1772,5501,8086,7976
-857,5715,-4806,6989,2619,-4413,-6692,-12362,-2292,4749,7471,7508
-807,5294,-4436,6462,2405,-4100,-6473,-12138,-2808,3996,6855,7037
-757,4863,-4057,5923,2184,-3780,-6246,-11898,-3316,3245,6236,6562
-707,4437,-3684,5391,1968,-3463,-6017,-11642,-3802,2514,5618,6081
-653,4026,-3333,4885,1770,-3151,-5786,-11369,-4257,1820,5012,5607
-595,3632,-3003,4404,1590,-2847,-5547,-11077,-4681,1168,4427,5143
-540,3248,-2681,3936,1414,-2552,-5300,-10775,-5073,559,3862,4689
-493,2886,-2373,3493,1242,-2276,-5054,-10472,-5423,4,3317,4245
-441,2560,-2107,3101,1102,-2020,-4810,-10166,-5723,-489,2801,3817
-386,2268,-1879,2758,990,-1784,-4569,-9860,-5976,-925,2315,3404
-333,1999,-1673,2445,891,-1564,-4333,-9556,-6185,-1317,1855,3003
-285,1732,-1464,2131,787,-1349,-4096,-9248,-6355,-1672,1423,2613
-247,1462,-1240,1806,666,-1138,-3856,-8937,-6488,-1991,1016,2232
-216,1199,-1015,1485,539,-937,-3629,-8622,-6580,-2269,636,1866
-186,944,-797,1174,416,-742,-3419,-8304,-6631,-2507,286,1516
-157,700,-587,874,296,-555,-3216,-7978,-6644,-2705,-37,1183
-133,466,-382,585,176,-379,-3011,-7650,-6627,-2872,-340,866
-113,251,-189,316,61,-218,-2810,-7323,-6583,-3016,-622,567
-99,52,-4,62,-54,-73,-2610,-6996,-6518,-3139,-882,286
-89,-133,173,-177,-168,59,-2418,-6679,-6437,-3238,-1120,19
-75,-297,326,-387,-262,179,-2237,-6365,-6341,-3312,-1331,-229
-59,-440,458,-570,-342,285,-2064,-6059,-6231,-3365,-1519,-459
-40,-563,568,-725,-407,378,-1916,-5769,-6115,-3406,-1689,-673
-23,-678,674,-873,-470,465,-1781,-5494,-6002,-3442,-1845,-873
-10,-796,787,-1028,-541,549,-1643,-5239,-5895,-3476,-1991,-1064
-3,-908,900,-1178,-616,625,-1510,-5006,-5793,-3506,-2127,-1246
3,-1002,997,-1308,-681,688,-1401,-4792,-5693,-3528,-2252,-1418
12,-1095,1089,-1433,-741,751,-1305,-4592,-5597,-3545,-2364,-1575
11,-1200,1204,-1583,-823,816,-1203,-4404,-5511,-3565,-2468,-1722
0,-1312,1336,-1748,-922,878,-1095,-4225,-5429,-3584,-2564,-1855
-17,-1419,1469,-1911,-1026,932,-987,-4056,-5348,-3596,-2648,-1973
-33,-1508,1581,-2047,-1115,975,-881,-3892,-5260,-3590,-2718,-2077
-39,-1576,1662,-2150,-1175,1011,-776,-3731,-5167,-3569,-2769,-2162
-37,-1634,1723,-2233,-1217,1047,-676,-3575,-5076,-3539,-2808,-2231
-34,-1682,1772,-2301,-1249,1077,-589,-3428,-4987,-3502,-2837,-2291
-31,-1720,1811,-2354,-1273,1100,-514,-3290,-4899,-3457,-2858,-2342
-25,-1754,1840,-2399,-1288,1123,-451,-3155,-4808,-3410,-2872,-2382
-20,-1787,1866,-2441,-1301,1146,-394,-3022,-4717,-3361,-2880,-2413
-14,-1811,1882,-2470,-1306,1164,-352,-2894,-4619,-3304,-2881,-2437
-5,-1828,1887,-2486,-1300,1181,-323,-2762,-4519,-3244,-2872,-2452
1,-1849,1896,-2507,-1298,1200,-295,-2631,-4416,-3189,-2858,-2464
2,-1873,1911,-2534,-1303,1218,-277,-2494,-4308,-3136,-2839,-2470
-1,-1900,1933,-2567,-1315,1237,-254,-2356,-4198,-3085,-2819,-2475
-3,-1926,1952,-2596,-1323,1257,-231,-2216,-4084,-3028,-2793,-2474
0,-1941,1954,-2607,-1318,1273,-205,-2068,-3962,-2963,-2760,-2467
8,-1951,1946,-2608,-1301,1291,-170,-1909,-3835,-2893,-2724,-2452
15,-1963,1941,-2610,-1287,1309,-118,-1738,-3702,-2819,-2686,-2434
19,-1967,1930,-2603,-1271,1320,-55,-1567,-3563,-2739,-2647,-2413
34,-1947,1886,-2559,-1227,1323,13,-1395,-3412,-2648,-2597,-2388
57,-1907,1813,-2482,-1157,1318,86,-1227,-3255,-2548,-2541,-2359
84,-1851,1721,-2380,-1073,1304,162,-1064,-3097,-2447,-2479,-2329
108,-1794,1632,-2281,-994,1288,244,-905,-2942,-2356,-2418,-2301
125,-1747,1562,-2200,-932,1273,334,-751,-2789,-2273,-2362,-2276
134,-1698,1499,-2123,-882,1251,418,-603,-2635,-2195,-2308,-2252
139,-1647,1440,-2048,-837,1225,500,-464,-2483,-2119,-2257,-2232
141,-1599,1388,-1980,-800,1199,579,-334,-2335,-2044,-2209,-2214
139,-1556,1346,-1922,-774,1171,659,-215,-2193,-1974,-2167,-2196
137,-1514,1307,-1867,-749,1145,731,-111,-2060,-1909,-2130,-2180
135,-1479,1278,-1823,-732,1122,797,-20,-1939,-1856,-2096,-2166
130,-1450,1257,-1790,-724,1100,848,52,-1829,-1811,-2067,-2157
131,-1423,1235,-1757,-711,1082,884,116,-1729,-1768,-2035,-2147
135,-1395,1211,-1723,-695,1066,912,171,-1636,-1724,-2005,-2137
142,-1361,1179,-1680,-674,1045,928,218,-1546,-1682,-1978,-2125
145,-1326,1150,-1638,-656,1020,942,260,-1465,-1646,-1953,-2113
144,-1297,1133,-1610,-650,996,962,299,-1396,-1619,-1933,-2105
140,-1272,1123,-1589,-650,973,985,332,-1332,-1593,-1916,-2098
140,-1240,1101,-1555,-641,946,1000,361,-1275,-1572,-1903,-2093
143,-1210,1079,-1523,-628,922,1012,396,-1227,-1563,-1893,-2091
137,-1203,1088,-1527,-643,906,1022,439,-1194,-1568,-1890,-2093
122,-1215,1126,-1564,-683,898,1025,494,-1171,-1579,-1889,-2096
102,-1238,1179,-1617,-735,893,1030,557,-1150,-1587,-1887,-2097
81,-1254,1225,-1661,-783,883,1036,627,-1123,-1583,-1882,-2094
65,-1257,1250,-1683,-814,867,1034,705,-1093,-1568,-1871,-2086
54,-1255,1265,-1695,-833,853,1042,789,-1064,-1544,-1859,-2074
47,-1251,1273,-1700,-844,839,1052,878,-1037,-1517,-1844,-2063
44,-1243,1271,-1696,-845,826,1057,964,-1012,-1490,-1830,-2049
41,-1232,1263,-1687,-842,813,1067,1049,-990,-1466,-1813,-2032
41,-1230,1261,-1685,-840,807,1093,1129,-965,-1445,-1798,-2013
42,-1228,1255,-1681,-834,804,1126,1198,-937,-1424,-1786,-1998
50,-1227,1242,-1673,-818,806,1171,1262,-909,-1404,-1774,-1986
55,-1234,1238,-1676,-810,813,1227,1314,-879,-1392,-1765,-1980
58,-1248,1243,-1689,-808,824,1277,1357,-851,-1388,-1758,-1977
57,-1272,1259,-1715,-816,840,1329,1395,-824,-1385,-1750,-1975
54,-1294,1274,-1738,-824,855,1382,1431,-793,-1374,-1741,-1974
56,-1304,1273,-1743,-819,866,1434,1468,-759,-1358,-1730,-1970
65,-1313,1263,-1740,-802,882,1490,1506,-724,-1340,-1712,-1962
77,-1325,1253,-1739,-783,903,1543,1546,-687,-1317,-1692,-1950
88,-1329,1236,-1729,-761,918,1583,1583,-645,-1285,-1672,-1936
107,-1311,1189,-1683,-712,925,1599,1621,-594,-1237,-1646,-1919
134,-1278,1121,-1613,-646,927,1594,1658,-541,-1189,-1621,-1903
160,-1241,1049,-1537,-578,926,1576,1690,-491,-1153,-1601,-1891
179,-1209,989,-1473,-523,924,1562,1721,-448,-1131,-1585,-1880
189,-1192,955,-1437,-492,927,1559,1749,-414,-1122,-1575,-1875
192,-1182,937,-1415,-476,929,1558,1771,-387,-1123,-1572,-1877
189,-1177,930,-1404,-473,930,1558,1787,-368,-1131,-1576,-1884
183,-1180,935,-1407,-479,935,1560,1799,-354,-1145,-1582,-1896
176,-1190,950,-1421,-494,943,1555,1805,-346,-1162,-1593,-1912
167,-1198,967,-1435,-512,948,1527,1808,-340,-1184,-1605,-1931
157,-1208,988,-1454,-534,953,1492,1810,-338,-1205,-1615,-1950
144,-1216,1011,-1473,-561,953,1463,1806,-338,-1223,-1626,-1971
137,-1216,1022,-1479,-575,951,1439,1801,-342,-1233,-1634,-1987
134,-1212,1025,-1478,-583,948,1427,1793,-347,-1238,-1640,-2004
135,-1198,1017,-1463,-580,939,1410,1784,-352,-1240,-1647,-2022
133,-1178,1007,-1443,-578,924,1390,1774,-359,-1246,-1655,-2044
126,-1166,1010,-1437,-588,909,1371,1764,-367,-1259,-1667,-2069
116,-1157,1019,-1439,-605,893,1349,1751,-375,-1274,-1680,-2094
108,-1141,1020,-1430,-614,872,1321,1738,-377,-1284,-1693,-2117
103,-1123,1017,-1419,-619,851,1295,1731,-380,-1296,-1702,-2136
87,-1124,1042,-1438,-649,835,1269,1727,-390,-1313,-1714,-2156
63,-1144,1094,-1488,-702,825,1245,1726,-404,-1328,-1723,-2175
38,-1174,1157,-1552,-762,822,1225,1730,-417,-1334,-1728,-2190
22,-1201,1206,-1606,-808,822,1206,1734,-425,-1329,-1729,-2202
16,-1212,1229,-1630,-827,818,1185,1741,-429,-1319,-1725,-2208
15,-1216,1238,-1641,-834,814,1171,1751,-430,-1310,-1719,-2209
17,-1216,1240,-1645,-833,809,1164,1760,-433,-1298,-1714,-2208
18,-1208,1232,-1637,-826,798,1165,1770,-433,-1279,-1707,-2204
19,-1195,1219,-1621,-815,785,1172,1783,-432,-1260,-1698,-2196
17,-1187,1212,-1613,-810,774,1183,1797,-431,-1239,-1691,-2188
16,-1183,1206,-1607,-803,767,1197,1807,-428,-1217,-1684,-2180
18,-1179,1198,-1600,-794,763,1219,1822,-424,-1200,-1673,-2167
19,-1185,1198,-1605,-790,766,1251,1831,-419,-1193,-1666,-2156
18,-1198,1207,-1619,-792,774,1282,1842,-414,-1190,-1661,-2143
15,-1220,1226,-1647,-804,787,1319,1855,-411,-1189,-1657,-2131
13,-1241,1241,-1670,-811,800,1355,1868,-404,-1184,-1651,-2119
18,-1251,1240,-1675,-804,812,1387,1882,-390,-1173,-1642,-2107
28,-1258,1229,-1671,-787,826,1422,1902,-375,-1158,-1630,-2094
36,-1272,1227,-1678,-777,845,1463,1930,-361,-1144,-1619,-2081
41,-1285,1229,-1686,-772,860,1499,1956,-347,-1133,-1607,-2070
54,-1279,1202,-1662,-743,869,1527,1979,-329,-1114,-1591,-2060
74,-1256,1154,-1613,-697,871,1551,1996,-308,-1093,-1573,-2053
96,-1230,1100,-1558,-645,872,1571,2006,-290,-1078,-1559,-2049
114,-1211,1059,-1516,-604,876,1587,2012,-281,-1080,-1554,-2050
124,-1210,1044,-1503,-587,887,1604,2014,-275,-1093,-1556,-2055
129,-1218,1044,-1506,-585,899,1613,2013,-269,-1108,-1563,-2063
131,-1226,1048,-1514,-587,910,1621,2012,-265,-1123,-1571,-2070
133,-1237,1056,-1524,-592,923,1631,2014,-261,-1140,-1579,-2077
134,-1247,1065,-1535,-600,933,1643,2019,-257,-1153,-1585,-2081
136,-1248,1065,-1535,-601,939,1652,2027,-251,-1165,-1589,-2080
140,-1247,1063,-1532,-600,944,1661,2040,-245,-1178,-1592,-2077
140,-1243,1062,-1527,-602,944,1662,2050,-236,-1183,-1595,-2074
141,-1225,1046,-1504,-594,935,1653,2065,-221,-1176,-1591,-2066
143,-1196,1022,-1468,-581,918,1647,2078,-202,-1165,-1586,-2055
146,-1158,987,-1420,-559,895,1630,2088,-184,-1158,-1583,-2046
148,-1121,953,-1373,-540,872,1608,2096,-171,-1162,-1583,-2040
146,-1093,935,-1343,-533,851,1589,2101,-164,-1176,-1584,-2038
139,-1071,926,-1323,-536,830,1572,2100,-161,-1192,-1590,-2039
132,-1046,914,-1299,-535,808,1548,2094,-157,-1205,-1598,-2040
128,-1026,904,-1280,-535,790,1534,2087,-158,-1222,-1606,-2040
114,-1026,925,-1296,-561,778,1530,2078,-169,-1244,-1618,-2044
91,-1044,971,-1340,-610,772,1528,2067,-184,-1268,-1635,-2049
65,-1072,1031,-1400,-669,771,1533,2058,-198,-1291,-1651,-2055
42,-1093,1079,-1448,-719,767,1539,2043,-206,-1307,-1662,-2058
30,-1100,1103,-1470,-744,760,1542,2026,-208,-1312,-1664,-2056
24,-1101,1114,-1479,-756,753,1554,2010,-209,-1310,-1663,-2054
20,-1101,1121,-1485,-763,747,1573,1995,-208,-1305,-1662,-2050
20,-1102,1123,-1489,-764,744,1598,1983,-207,-1298,-1660,-2047
21,-1103,1123,-1491,-763,742,1629,1977,-208,-1288,-1657,-2044
24,-1113,1131,-1503,-764,747,1667,1976,-208,-1278,-1653,-2039
29,-1125,1136,-1516,-763,755,1698,1977,-204,-1268,-1651,-2037
39,-1133,1133,-1521,-752,764,1724,1990,-198,-1261,-1645,-2031
47,-1144,1132,-1529,-744,774,1750,2004,-190,-1260,-1642,-2029
54,-1161,1138,-1544,-740,788,1768,2025,-184,-1266,-1641,-2027
59,-1189,1155,-1575,-746,808,1792,2052,-176,-1273,-1640,-2027
64,-1219,1175,-1608,-752,830,1810,2081,-163,-1270,-1639,-2029
73,-1242,1182,-1628,-748,850,1822,2110,-144,-1259,-1633,-2027
85,-1259,1182,-1638,-736,868,1844,2140,-124,-1244,-1623,-2023
92,-1282,1190,-1659,-734,888,1874,2171,-107,-1234,-1611,-2019
97,-1302,1199,-1678,-732,905,1901,2200,-83,-1217,-1601,-2013
114,-1301,1174,-1659,-701,916,1924,2228,-53,-1186,-1586,-2001
140,-1277,1119,-1605,-644,917,1949,2254,-21,-1151,-1571,-1991
167,-1243,1052,-1537,-578,915,1973,2275,9,-1122,-1559,-1982
189,-1215,997,-1480,-524,913,1993,2294,31,-1107,-1552,-1975
196,-1198,969,-1448,-498,908,2016,2307,47,-1103,-1549,-1973
195,-1183,952,-1425,-487,900,2040,2320,60,-1099,-1546,-1974
191,-1172,943,-1409,-482,893,2061,2332,73,-1096,-1543,-1977
188,-1170,944,-1407,-485,892,2074,2337,84,-1099,-1544,-1981
179,-1175,957,-1417,-499,894,2086,2336,89,-1108,-1548,-1991
168,-1176,971,-1426,-518,891,2098,2331,88,-1122,-1555,-2004
154,-1180,991,-1439,-543,887,2113,2326,83,-1138,-1562,-2019
137,-1185,1018,-1459,-575,883,2116,2317,77,-1155,-1572,-2039
123,-1182,1034,-1466,-598,874,2100,2312,72,-1163,-1580,-2053
114,-1175,1041,-1466,-612,866,2082,2305,73,-1165,-1584,-2065
113,-1162,1036,-1453,-614,859,2058,2295,76,-1163,-1588,-2074
112,-1149,1031,-1441,-615,851,2034,2287,80,-1167,-1593,-2082
109,-1138,1031,-1434,-621,844,2013,2278,81,-1176,-1599,-2086
104,-1126,1031,-1426,-629,833,1986,2264,81,-1185,-1606,-2090
102,-1104,1020,-1405,-627,817,1946,2249,84,-1192,-1612,-2092
104,-1084,1005,-1383,-619,804,1912,2243,87,-1199,-1613,-2089
97,-1083,1018,-1392,-636,799,1888,2239,81,-1214,-1619,-2087
81,-1099,1056,-1431,-675,798,1873,2237,68,-1234,-1628,-2089
64,-1128,1108,-1487,-723,804,1862,2234,56,-1255,-1634,-2090
52,-1154,1151,-1536,-761,812,1853,2229,50,-1270,-1639,-2090
50,-1168,1170,-1560,-776,818,1837,2230,51,-1271,-1637,-2082
53,-1173,1175,-1569,-777,821,1824,2239,54,-1263,-1628,-2070
57,-1175,1174,-1573,-773,823,1814,2252,57,-1252,-1617,-2053
63,-1174,1166,-1570,-763,823,1803,2268,60,-1245,-1609,-2037
67,-1172,1158,-1565,-752,821,1797,2287,64,-1235,-1601,-2019
68,-1177,1158,-1572,-750,822,1799,2309,70,-1221,-1596,-2001
67,-1181,1158,-1577,-748,822,1798,2324,75,-1205,-1590,-1989
69,-1184,1154,-1578,-740,823,1802,2342,81,-1190,-1580,-1976
69,-1194,1157,-1588,-739,827,1821,2355,89,-1179,-1573,-1966
68,-1208,1164,-1603,-740,834,1843,2372,97,-1169,-1565,-1957
62,-1229,1182,-1630,-752,842,1873,2396,107,-1158,-1553,-1948
57,-1247,1196,-1651,-761,850,1906,2424,122,-1140,-1539,-1938
59,-1254,1192,-1653,-754,856,1933,2453,142,-1115,-1522,-1926
67,-1256,1176,-1643,-734,863,1957,2487,163,-1087,-1501,-1915
75,-1263,1167,-1640,-719,873,1983,2525,184,-1062,-1479,-1904
82,-1269,1158,-1637,-705,883,2008,2556,211,-1036,-1463,-1893
100,-1258,1121,-1603,-666,888,2015,2579,242,-1004,-1447,-1882
125,-1229,1060,-1540,-606,887,2015,2596,274,-974,-1432,-1869
152,-1193,991,-1467,-540,882,2016,2608,303,-949,-1417,-1856
176,-1168,936,-1411,-486,883,2020,2617,323,-933,-1404,-1848
190,-1158,908,-1382,-457,887,2033,2621,333,-926,-1399,-1849
195,-1152,894,-1366,-444,889,2041,2621,337,-928,-1400,-1855
198,-1152,890,-1359,-439,893,2047,2617,337,-938,-1403,-1867
201,-1161,896,-1365,-441,903,2046,2614,335,-958,-1409,-1880
200,-1177,913,-1384,-454,915,2035,2607,330,-981,-1417,-1895
194,-1186,930,-1398,-470,919,2024,2600,324,-1005,-1426,-1909
185,-1189,947,-1408,-489,918,2025,2599,318,-1026,-1430,-1917
176,-1189,962,-1416,-507,914,2022,2598,315,-1037,-1433,-1924
174,-1180,961,-1407,-510,907,2015,2603,314,-1037,-1433,-1928
174,-1161,950,-1385,-505,896,2015,2609,316,-1030,-1433,-1933
176,-1133,928,-1350,-492,879,2001,2612,321,-1020,-1431,-1938
176,-1104,909,-1317,-482,859,1979,2613,323,-1018,-1431,-1946
171,-1084,904,-1301,-485,843,1964,2612,323,-1025,-1433,-1955
160,-1066,906,-1291,-497,823,1952,2605,324,-1035,-1435,-1965
150,-1042,902,-1273,-504,800,1930,2595,328,-1044,-1439,-1975
144,-1023,899,-1260,-509,781,1906,2586,330,-1052,-1442,-1986
127,-1024,926,-1279,-541,769,1892,2578,325,-1067,-1452,-2000
101,-1039,977,-1326,-595,761,1885,2576,317,-1084,-1464,-2012
75,-1063,1034,-1382,-653,757,1880,2577,308,-1099,-1477,-2023
58,-1083,1079,-1428,-696,758,1886,2577,306,-1106,-1486,-2032
54,-1092,1099,-1450,-715,759,1894,2578,308,-1107,-1490,-2037
57,-1097,1107,-1463,-720,763,1911,2581,310,-1103,-1491,-2041
59,-1100,1111,-1471,-722,764,1927,2589,314,-1094,-1490,-2042
61,-1098,1109,-1472,-719,763,1937,2601,323,-1081,-1488,-2039
67,-1097,1103,-1472,-712,765,1942,2613,333,-1070,-1485,-2034
74,-1103,1100,-1477,-705,772,1953,2623,343,-1062,-1482,-2028
81,-1104,1092,-1477,-694,776,1972,2630,357,-1050,-1478,-2022
89,-1102,1077,-1469,-677,779,1994,2643,371,-1037,-1467,-2014
93,-1102,1068,-1466,-665,782,2026,2657,389,-1021,-1458,-2005
93,-1105,1063,-1468,-660,785,2051,2676,409,-1004,-1448,-1994
88,-1115,1069,-1481,-664,789,2076,2700,429,-985,-1434,-1979
85,-1127,1075,-1496,-668,796,2099,2723,456,-960,-1416,-1961
84,-1132,1071,-1497,-662,800,2120,2747,489,-929,-1394,-1942
85,-1134,1059,-1491,-650,804,2146,2770,523,-898,-1370,-1922
85,-1141,1056,-1495,-646,810,2170,2792,554,-867,-1348,-1903
80,-1144,1053,-1494,-643,812,2184,2807,586,-834,-1330,-1885
87,-1130,1022,-1463,-614,810,2192,2820,624,-797,-1308,-1865
104,-1101,967,-1406,-564,804,2204,2828,661,-761,-1287,-1848
123,-1066,905,-1340,-508,796,2220,2832,692,-733,-1267,-1835
139,-1040,857,-1288,-463,791,2239,2837,714,-717,-1254,-1826
147,-1033,836,-1266,-442,794,2258,2838,727,-713,-1247,-1821
150,-1032,828,-1257,-435,797,2265,2838,737,-715,-1242,-1820
151,-1030,823,-1250,-431,799,2264,2837,741,-722,-1241,-1819
152,-1034,825,-1250,-432,804,2257,2833,738,-734,-1243,-1817
154,-1042,832,-1257,-436,812,2245,2826,730,-746,-1245,-1816
157,-1043,833,-1255,-436,816,2231,2820,721,-758,-1246,-1815
159,-1041,833,-1250,-437,818,2228,2821,712,-771,-1245,-1811
158,-1036,834,-1244,-440,814,2219,2819,707,-780,-1245,-1806
164,-1025,824,-1226,-432,811,2200,2824,704,-782,-1240,-1795
174,-1008,806,-1201,-416,806,2185,2830,705,-775,-1235,-1784
185,-985,781,-1166,-395,797,2162,2837,706,-764,-1228,-1771
195,-964,760,-1136,-377,789,2133,2848,704,-758,-1224,-1757
199,-953,755,-1124,-374,782,2101,2859,700,-763,-1220,-1744
197,-945,758,-1119,-381,773,2071,2865,700,-773,-1221,-1736
194,-927,753,-1103,-382,757,2031,2868,706,-783,-1223,-1730
191,-907,744,-1084,-381,739,1993,2878,711,-795,-1222,-1725
176,-907,768,-1100,-408,728,1963,2891,709,-809,-1222,-1725
153,-923,815,-1142,-458,720,1941,2904,702,-828,-1227,-1730
124,-945,872,-1196,-516,714,1928,2917,693,-849,-1233,-1737
96,-957,917,-1235,-567,701,1921,2926,689,-860,-1237,-1744
79,-957,938,-1251,-594,688,1911,2935,692,-855,-1237,-1748
69,-953,946,-1255,-606,677,1902,2944,699,-842,-1234,-1750
65,-946,945,-1252,-608,668,1893,2952,711,-824,-1232,-1751
63,-934,934,-1239,-603,657,1883,2960,724,-806,-1232,-1752
61,-920,920,-1224,-594,647,1876,2969,737,-795,-1232,-1752
58,-913,913,-1216,-591,638,1870,2974,751,-785,-1233,-1755
55,-905,903,-1207,-585,631,1857,2976,769,-773,-1232,-1759
57,-897,887,-1194,-571,627,1841,2983,786,-762,-1228,-1760
56,-895,879,-1191,-565,626,1826,2987,801,-757,-1228,-1763
54,-900,878,-1196,-563,629,1801,2996,813,-752,-1225,-1764
50,-915,889,-1216,-571,637,1776,3007,824,-751,-1221,-1761
44,-928,899,-1233,-579,643,1760,3016,835,-743,-1214,-1756
44,-933,895,-1236,-574,648,1757,3026,846,-727,-1202,-1747
49,-936,883,-1232,-559,655,1754,3038,851,-709,-1188,-1733
56,-948,879,-1238,-549,669,1751,3053,851,-696,-1176,-1721
65,-963,878,-1249,-540,686,1752,3064,854,-683,-1165,-1708
83,-962,851,-1231,-508,698,1743,3074,865,-660,-1152,-1693
106,-945,805,-1189,-459,703,1718,3080,879,-633,-1139,-1678
131,-920,749,-1136,-403,703,1679,3080,894,-607,-1127,-1668
152,-900,703,-1091,-356,704,1654,3081,903,-591,-1119,-1663
162,-891,680,-1069,-333,705,1642,3079,909,-588,-1116,-1667
167,-890,670,-1061,-321,707,1632,3077,914,-587,-1115,-1672
170,-891,667,-1057,-316,710,1631,3077,920,-586,-1113,-1676
170,-892,667,-1057,-315,712,1635,3079,928,-590,-1112,-1683
167,-897,676,-1063,-322,713,1644,3081,935,-595,-1109,-1690
162,-897,684,-1066,-331,710,1658,3080,941,-601,-1107,-1698
154,-897,695,-1071,-345,704,1679,3080,945,-612,-1103,-1706
141,-896,710,-1077,-364,695,1701,3077,953,-620,-1102,-1715
136,-890,715,-1073,-372,686,1719,3082,962,-621,-1100,-1720
135,-881,714,-1063,-373,679,1743,3089,975,-619,-1096,-1721
140,-863,698,-1039,-361,670,1753,3098,990,-613,-1091,-1719
145,-839,677,-1006,-346,655,1753,3108,1001,-609,-1086,-1718
144,-816,664,-980,-340,639,1761,3122,1011,-609,-1078,-1716
140,-794,656,-958,-340,620,1778,3136,1025,-609,-1071,-1710
137,-765,639,-926,-333,598,1787,3147,1042,-604,-1062,-1701
139,-737,618,-892,-321,580,1791,3163,1056,-600,-1051,-1688
133,-728,623,-888,-332,569,1786,3180,1062,-602,-1042,-1675
121,-738,653,-913,-362,566,1766,3203,1066,-604,-1035,-1661
106,-757,695,-954,-403,569,1731,3228,1069,-608,-1031,-1646
93,-771,728,-985,-437,568,1685,3254,1078,-606,-1027,-1630
85,-769,741,-992,-453,561,1629,3278,1091,-598,-1020,-1614
83,-760,739,-986,-456,554,1576,3301,1102,-589,-1010,-1599
84,-751,731,-976,-452,547,1533,3325,1117,-577,-998,-1585
87,-739,719,-961,-444,541,1496,3350,1134,-557,-984,-1570
89,-728,705,-946,-434,535,1457,3367,1152,-538,-973,-1554
90,-725,700,-942,-431,532,1416,3372,1166,-524,-965,-1540
87,-720,696,-938,-429,527,1379,3369,1181,-510,-961,-1528
87,-711,683,-926,-421,520,1356,3369,1195,-497,-954,-1512
87,-708,675,-920,-414,518,1354,3370,1210,-485,-948,-1497
87,-713,674,-924,-412,521,1362,3375,1225,-472,-940,-1479
83,-726,683,-941,-419,528,1383,3384,1238,-460,-931,-1464
78,-733,688,-951,-423,530,1399,3394,1254,-444,-920,-1449
80,-730,675,-941,-410,530,1412,3407,1273,-418,-904,-1432
86,-722,651,-922,-388,530,1435,3427,1296,-386,-886,-1410
90,-716,633,-907,-369,531,1466,3455,1316,-357,-866,-1388
94,-705,610,-886,-348,527,1483,3485,1340,-326,-847,-1367
108,-673,556,-829,-299,516,1489,3520,1375,-283,-821,-1343
128,-625,479,-746,-231,500,1495,3554,1417,-238,-793,-1319
151,-572,396,-656,-157,482,1503,3588,1458,-198,-766,-1301
169,-526,325,-578,-94,466,1515,3622,1490,-169,-742,-1289
179,-496,279,-527,-53,455,1542,3653,1517,-151,-725,-1282
182,-477,252,-497,-31,447,1571,3684,1543,-138,-712,-1280
182,-467,237,-479,-19,443,1591,3713,1567,-126,-701,-1279
180,-466,235,-476,-17,444,1597,3738,1588,-117,-694,-1278
176,-472,242,-484,-23,448,1595,3759,1605,-107,-688,-1277
171,-479,254,-495,-33,452,1581,3774,1621,-98,-682,-1275
166,-493,273,-516,-49,460,1569,3789,1636,-90,-676,-1271
158,-507,298,-540,-70,466,1559,3799,1652,-79,-672,-1267
154,-512,309,-550,-81,468,1546,3808,1666,-60,-662,-1259
153,-504,308,-542,-83,462,1539,3811,1684,-33,-646,-1247
154,-483,292,-516,-73,449,1526,3808,1702,-6,-628,-1234
156,-463,276,-491,-63,435,1513,3799,1713,12,-610,-1221
155,-453,275,-483,-66,427,1501,3789,1718,16,-596,-1212
151,-449,282,-484,-76,418,1483,3777,1721,14,-587,-1208
147,-440,284,-478,-82,407,1458,3762,1727,13,-579,-1207
148,-431,282,-471,-84,399,1431,3751,1732,13,-572,-1205
143,-441,305,-492,-106,399,1405,3744,1729,8,-569,-1204
130,-466,350,-539,-148,404,1372,3742,1722,-2,-572,-1204
113,-499,405,-597,-199,411,1332,3746,1715,-11,-573,-1202
96,-522,452,-644,-245,412,1285,3750,1716,-13,-570,-1197
85,-529,473,-663,-269,407,1236,3760,1723,-6,-561,-1185
81,-529,481,-668,-279,401,1195,3780,1734,9,-547,-1167
78,-523,480,-664,-283,392,1158,3804,1746,27,-532,-1147
75,-510,470,-649,-280,380,1121,3830,1757,47,-518,-1125
73,-493,454,-628,-272,365,1081,3855,1765,68,-503,-1103
68,-480,445,-613,-270,351,1038,3878,1772,87,-490,-1080
63,-466,433,-597,-266,336,990,3892,1778,103,-481,-1059
64,-449,411,-571,-250,325,951,3909,1782,113,-469,-1039
62,-437,396,-553,-241,314,928,3923,1787,119,-456,-1021
56,-430,390,-545,-239,306,914,3939,1790,117,-444,-1003
46,-438,401,-558,-252,304,919,3955,1793,116,-431,-984
36,-447,414,-573,-266,305,934,3969,1799,120,-418,-963
31,-447,411,-571,-264,303,945,3981,1806,130,-401,-938
32,-439,396,-556,-251,301,952,3994,1810,140,-378,-910
32,-436,386,-548,-242,301,960,4012,1811,145,-352,-880
28,-428,375,-536,-235,295,967,4027,1817,157,-327,-849
37,-400,332,-489,-197,286,969,4040,1836,187,-298,-816
57,-355,261,-412,-133,272,967,4054,1858,223,-266,-782
80,-303,182,-326,-62,256,964,4066,1879,257,-235,-750
99,-262,118,-255,-3,243,965,4073,1888,280,-212,-727
108,-235,78,-211,32,234,969,4074,1888,289,-196,-712
111,-213,51,-179,55,224,965,4072,1887,292,-185,-703
111,-195,32,-156,69,215,951,4064,1882,289,-175,-697
108,-184,24,-144,75,208,927,4058,1876,281,-170,-693
104,-180,24,-141,74,205,896,4056,1870,270,-170,-693
102,-174,21,-136,75,202,856,4057,1863,263,-171,-696
101,-170,22,-135,74,200,818,4065,1857,254,-170,-697
95,-164,27,-134,68,193,780,4073,1854,248,-172,-700
92,-149,20,-121,70,183,739,4085,1853,254,-170,-701
90,-128,8,-99,77,168,706,4098,1853,264,-165,-700
90,-99,-14,-66,90,149,666,4110,1852,276,-160,-700
89,-73,-31,-38,98,130,622,4119,1848,280,-156,-702
85,-60,-31,-29,94,118,582,4121,1835,275,-156,-709
76,-51,-23,-29,81,105,546,4114,1821,268,-158,-718
66,-32,-23,-17,71,83,509,4100,1813,264,-159,-726
60,-13,-29,0,68,64,469,4085,1804,257,-159,-732
44,-9,-10,-11,42,48,432,4065,1787,238,-164,-740
22,-22,33,-48,-4,39,404,4043,1766,220,-169,-747
-1,-47,87,-100,-58,38,384,4023,1749,207,-171,-753
-18,-67,129,-142,-100,36,365,4003,1741,209,-166,-756
-27,-72,148,-157,-121,30,340,3983,1737,220,-158,-756
-31,-71,154,-159,-130,23,321,3965,1735,232,-149,-751
-31,-70,155,-159,-132,18,305,3950,1734,244,-144,-745
-28,-67,150,-152,-129,13,290,3939,1735,258,-138,-737
-23,-59,137,-137,-119,7,277,3933,1739,276,-129,-728
-16,-55,124,-124,-106,4,263,3928,1743,293,-120,-717
-7,-48,105,-105,-88,1,246,3922,1750,308,-109,-706
5,-40,80,-82,-63,0,235,3925,1758,320,-95,-692
15,-37,62,-66,-44,1,233,3930,1766,328,-81,-680
21,-35,48,-54,-30,2,231,3940,1773,333,-67,-667
26,-45,45,-57,-24,10,240,3953,1779,336,-52,-655
35,-59,42,-64,-15,24,255,3968,1785,340,-37,-645
47,-68,31,-60,3,38,265,3985,1793,345,-22,-634
61,-74,14,-52,25,52,279,4006,1799,348,-9,-620
70,-87,9,-57,37,69,299,4026,1798,348,3,-607
73,-95,6,-60,43,79,324,4037,1798,355,13,-596
85,-83,-28,-29,76,82,347,4039,1801,371,24,-585
103,-53,-84,29,128,78,375,4035,1802,391,33,-574
121,-16,-147,95,184,70,410,4025,1797,407,39,-565
133,12,-193,145,225,65,445,4013,1782,413,41,-560
135,22,-212,164,240,64,482,3996,1760,406,35,-560
131,27,-217,170,242,63,507,3977,1735,389,25,-565
124,30,-217,172,238,61,526,3956,1710,368,12,-569
116,29,-210,167,228,62,542,3934,1683,344,0,-572
108,27,-200,159,216,63,551,3915,1654,323,-11,-573
100,35,-198,163,209,56,553,3897,1627,306,-18,-570
93,49,-202,174,205,45,557,3883,1600,289,-20,-563
80,69,-205,189,196,26,563,3872,1583,282,-18,-554
70,97,-218,216,197,3,564,3871,1572,290,-10,-540
61,135,-240,256,204,-26,565,3870,1562,300,-6,-526
55,180,-271,307,218,-60,557,3867,1550,312,-6,-516
50,219,-296,349,229,-88,546,3864,1533,318,-9,-511
41,242,-302,369,225,-110,535,3857,1509,311,-17,-512
29,259,-297,377,211,-130,519,3848,1487,296,-25,-517
19,281,-300,393,205,-152,491,3835,1467,277,-34,-525
15,297,-302,405,202,-166,458,3823,1445,254,-42,-534
2,289,-273,381,172,-171,426,3809,1415,221,-58,-546
-19,266,-220,330,122,-171,399,3792,1381,182,-78,-562
-44,237,-159,270,64,-170,384,3773,1348,147,-98,-578
-64,216,-111,224,18,-171,376,3751,1321,121,-116,-591
-75,207,-86,201,-5,-174,373,3730,1301,105,-128,-599
-79,202,-74,190,-16,-176,383,3713,1282,95,-138,-605
-81,200,-69,185,-19,-178,398,3699,1269,86,-147,-614
-79,198,-67,182,-17,-178,410,3683,1256,77,-156,-623
-76,195,-67,179,-14,-178,418,3663,1240,61,-169,-634
-77,188,-61,170,-17,-176,424,3641,1220,42,-187,-645
-78,181,-57,162,-18,-176,428,3617,1201,24,-206,-657
-74,175,-59,158,-12,-172,437,3602,1182,8,-222,-666
-72,163,-54,145,-12,-165,453,3587,1166,-15,-239,-676
-69,144,-44,125,-14,-152,473,3575,1150,-40,-254,-687
-71,120,-26,96,-24,-139,501,3566,1132,-64,-266,-695
-74,97,-7,68,-37,-128,531,3559,1120,-78,-273,-699
-75,84,-2,55,-38,-120,554,3551,1113,-81,-280,-699
-69,74,-5,49,-31,-111,573,3545,1107,-79,-286,-698
-65,59,-2,37,-28,-98,589,3542,1098,-77,-290,-695
-64,47,1,26,-28,-89,605,3537,1091,-69,-296,-693
-52,55,-26,49,-1,-87,620,3527,1093,-49,-296,-687
-34,85,-82,105,49,-94,628,3511,1096,-29,-294,-681
-12,126,-149,177,108,-107,630,3489,1093,-17,-291,-679
5,161,-206,238,158,-118,630,3465,1079,-18,-291,-680
13,181,-238,272,184,-125,637,3435,1060,-28,-298,-684
15,193,-255,292,196,-131,638,3404,1039,-38,-309,-690
13,204,-266,307,201,-138,634,3370,1017,-51,-320,-696
11,212,-272,316,202,-143,629,3336,994,-65,-331,-701
8,216,-272,319,199,-145,626,3304,970,-80,-339,-703
7,224,-277,328,199,-148,623,3276,950,-97,-346,-706
5,234,-281,337,198,-154,625,3256,931,-112,-351,-705
0,244,-281,344,192,-161,619,3237,913,-127,-356,-704
-2,258,-289,360,194,-170,596,3223,895,-136,-357,-698
-2,278,-303,383,200,-181,570,3207,875,-141,-355,-690
1,304,-326,416,215,-193,536,3190,857,-140,-352,-683
3,329,-346,446,228,-207,503,3175,835,-147,-350,-676
-2,344,-349,459,225,-218,479,3157,808,-165,-354,-673
-13,354,-342,461,210,-230,458,3131,780,-188,-364,-676
-23,367,-338,467,200,-244,437,3098,754,-207,-376,-681
-28,376,-336,472,193,-252,418,3064,725,-229,-387,-685
-42,365,-305,444,162,-254,406,3022,684,-261,-403,-692
-62,338,-252,391,112,-249,400,2977,638,-294,-419,-698
-83,306,-194,331,59,-241,406,2930,593,-319,-433,-702
-96,280,-151,286,22,-234,412,2881,558,-335,-443,-704
-98,267,-132,264,8,-228,411,2833,529,-341,-444,-701
-96,258,-122,252,3,-223,412,2787,505,-339,-442,-692
-94,256,-120,248,3,-222,410,2738,482,-338,-439,-684
-93,262,-125,256,9,-229,402,2686,461,-340,-433,-675
-90,270,-136,268,19,-236,391,2639,443,-340,-427,-667
-88,274,-141,274,25,-242,382,2595,425,-342,-423,-661
-87,278,-148,281,32,-249,368,2555,409,-345,-422,-660
-83,284,-161,293,45,-255,351,2525,391,-350,-421,-657
-82,284,-165,296,51,-259,339,2497,375,-365,-425,-656
-84,278,-162,290,50,-261,324,2473,358,-383,-430,-658
-86,259,-147,267,41,-253,314,2450,338,-405,-436,-663
-85,238,-132,242,33,-242,304,2429,321,-420,-444,-668
-81,225,-130,233,37,-234,285,2410,309,-426,-452,-676
-70,212,-134,227,49,-221,265,2393,295,-432,-462,-687
-58,189,-129,208,55,-198,252,2378,279,-435,-474,-696
-48,165,-121,188,58,-177,239,2364,267,-432,-488,-706
-31,161,-140,197,84,-162,215,2351,264,-420,-497,-712
-7,175,-184,235,129,-155,180,2336,266,-403,-505,-718
19,198,-239,288,184,-151,143,2316,266,-388,-511,-726
40,220,-287,335,231,-150,104,2293,258,-379,-516,-734
50,231,-312,358,255,-148,67,2257,239,-386,-527,-745
54,235,-323,368,265,-144,25,2213,217,-397,-542,-759
54,240,-331,376,270,-143,-20,2164,197,-408,-561,-775
51,243,-333,380,269,-143,-73,2114,173,-423,-584,-794
44,243,-328,376,261,-143,-134,2059,146,-438,-607,-816
36,245,-321,373,250,-144,-198,2004,116,-453,-628,-838
25,245,-310,365,234,-146,-253,1952,83,-471,-646,-858
11,243,-292,352,212,-149,-300,1893,48,-490,-666,-877
-1,247,-281,348,196,-155,-342,1838,17,-503,-678,-889
-10,256,-277,351,185,-163,-371,1781,-9,-508,-687,-900
-13,272,-285,368,187,-172,-400,1724,-30,-508,-695,-908
-15,291,-297,389,192,-182,-418,1674,-49,-503,-700,-913
-21,301,-296,395,185,-190,-410,1632,-66,-499,-705,-915
-29,304,-284,390,170,-194,-388,1587,-83,-497,-712,-919
-35,310,-278,390,160,-200,-365,1533,-101,-498,-720,-925
-37,312,-271,388,152,-202,-339,1476,-126,-510,-730,-932
-53,295,-232,351,113,-200,-294,1416,-161,-535,-746,-945
-79,259,-164,283,49,-193,-234,1356,-202,-570,-765,-962
-111,215,-81,199,-28,-184,-172,1298,-246,-606,-786,-979
-142,177,-6,125,-99,-180,-108,1243,-287,-636,-804,-995
-164,152,46,74,-150,-178,-54,1196,-323,-658,-819,-1009
-178,130,86,33,-186,-175,1,1155,-359,-680,-832,-1022
-188,111,119,-1,-214,-172,47,1116,-392,-696,-842,-1035
-196,97,143,-26,-234,-171,75,1074,-427,-708,-852,-1049
-200,84,162,-47,-249,-169,96,1029,-463,-718,-862,-1064
-203,63,186,-76,-266,-162,121,983,-499,-725,-872,-1078
-204,44,207,-103,-279,-154,140,930,-534,-730,-879,-1089
-200,28,218,-121,-281,-146,152,883,-567,-734,-883,-1095
-197,8,232,-144,-287,-135,162,835,-595,-743,-886,-1098
-194,-17,252,-173,-296,-123,157,791,-623,-755,-885,-1099
-196,-49,281,-214,-315,-107,147,746,-649,-766,-884,-1097
-196,-78,306,-251,-330,-92,126,699,-672,-770,-885,-1093
-192,-96,315,-269,-331,-81,94,651,-693,-769,-884,-1088
-183,-111,316,-280,-324,-69,53,605,-717,-774,-884,-1083
-176,-134,325,-302,-323,-52,13,564,-743,-779,-885,-1079
-170,-154,333,-322,-324,-37,-31,529,-760,-776,-886,-1075
-154,-151,306,-303,-294,-30,-85,499,-760,-756,-880,-1066
-130,-126,250,-249,-239,-32,-146,470,-751,-732,-871,-1054
-102,-91,180,-181,-173,-37,-214,443,-740,-710,-862,-1042
-77,-62,118,-121,-115,-39,-279,416,-738,-698,-857,-1032
-63,-46,82,-88,-82,-38,-328,384,-742,-698,-856,-1030
-58,-38,62,-70,-65,-38,-372,348,-754,-705,-859,-1031
-54,-38,52,-65,-56,-32,-410,309,-770,-715,-866,-1036
-53,-43,51,-68,-55,-23,-446,270,-791,-729,-874,-1045
-54,-52,57,-78,-60,-13,-476,230,-814,-748,-887,-1058
-55,-57,60,-84,-64,-5,-496,188,-840,-770,-900,-1075
-58,-65,69,-96,-72,5,-499,149,-871,-795,-912,-1093
-64,-75,83,-113,-88,14,-493,102,-906,-822,-930,-1113
-67,-79,91,-121,-95,21,-489,55,-939,-846,-949,-1129
-67,-79,92,-122,-98,27,-477,11,-970,-868,-969,-1143
-65,-72,85,-112,-93,30,-467,-31,-998,-885,-988,-1157
-62,-67,80,-106,-90,33,-453,-71,-1027,-904,-1008,-1170
-62,-69,87,-112,-96,38,-433,-109,-1060,-928,-1029,-1185
-65,-74,100,-124,-109,42,-417,-150,-1095,-956,-1054,-1204
-70,-73,109,-129,-119,41,-411,-195,-1132,-985,-1079,-1225
-71,-76,119,-137,-129,43,-408,-241,-1173,-1019,-1105,-1246
-84,-99,161,-181,-167,50,-405,-287,-1224,-1059,-1134,-1269
-107,-138,230,-253,-231,60,-400,-329,-1275,-1100,-1163,-1291
-133,-185,309,-337,-303,72,-393,-367,-1323,-1134,-1191,-1312
-155,-223,375,-407,-364,80,-379,-401,-1363,-1160,-1215,-1331
-167,-246,417,-451,-401,83,-360,-428,-1396,-1173,-1235,-1346
-172,-261,443,-479,-424,86,-333,-452,-1424,-1182,-1253,-1358
-173,-275,463,-503,-439,90,-299,-475,-1450,-1192,-1271,-1371
-172,-285,477,-519,-448,92,-257,-499,-1472,-1196,-1287,-1383
-168,-293,483,-529,-451,93,-211,-524,-1492,-1199,-1303,-1396
-164,-306,496,-547,-457,98,-166,-553,-1511,-1207,-1320,-1409
-159,-321,509,-565,-462,106,-135,-588,-1527,-1218,-1335,-1423
-151,-335,516,-579,-461,115,-114,-620,-1542,-1232,-1349,-1435
-146,-353,530,-601,-466,125,-93,-653,-1555,-1248,-1366,-1450
-146,-374,552,-629,-479,135,-85,-683,-1566,-1266,-1379,-1463
-146,-404,581,-667,-497,151,-83,-710,-1579,-1288,-1393,-1476
-144,-429,602,-697,-508,166,-90,-737,-1590,-1302,-1406,-1486
-134,-440,601,-702,-498,178,-106,-758,-1597,-1310,-1416,-1492
-118,-444,585,-692,-475,190,-119,-770,-1604,-1313,-1422,-1494
-102,-454,576,-691,-455,206,-118,-775,-1609,-1315,-1425,-1492
-91,-461,568,-688,-439,219,-110,-783,-1614,-1316,-1427,-1492
-71,-450,531,-654,-399,226,-112,-795,-1612,-1309,-1427,-1491
-43,-424,472,-595,-337,229,-121,-812,-1609,-1302,-1429,-1493
-14,-396,409,-532,-273,232,-139,-835,-1610,-1303,-1434,-1499
9,-380,365,-490,-225,240,-157,-859,-1620,-1316,-1443,-1511
20,-382,349,-478,-204,252,-170,-889,-1636,-1336,-1455,-1526
22,-390,350,-482,-200,263,-187,-922,-1658,-1359,-1467,-1544
19,-402,359,-493,-205,273,-201,-957,-1682,-1385,-1481,-1565
13,-420,379,-517,-221,285,-211,-988,-1708,-1413,-1496,-1589
1,-439,406,-547,-245,295,-226,-1018,-1739,-1442,-1512,-1614
-10,-453,428,-569,-266,301,-251,-1045,-1769,-1467,-1527,-1637
-23,-468,453,-596,-292,307,-270,-1066,-1800,-1488,-1539,-1655
-40,-483,485,-627,-324,309,-287,-1089,-1830,-1502,-1551,-1668
-53,-491,505,-646,-348,308,-310,-1107,-1857,-1509,-1558,-1677
-65,-489,517,-653,-365,301,-320,-1123,-1879,-1508,-1565,-1684
-74,-475,515,-644,-372,289,-329,-1139,-1894,-1500,-1568,-1687
-79,-462,510,-633,-374,277,-336,-1154,-1907,-1491,-1569,-1688
-89,-451,514,-630,-385,264,-332,-1168,-1919,-1487,-1567,-1690
-102,-438,519,-627,-401,247,-323,-1183,-1927,-1484,-1566,-1693
-114,-415,514,-611,-409,224,-319,-1204,-1933,-1484,-1566,-1695
-121,-395,506,-595,-413,205,-312,-1226,-1945,-1492,-1565,-1696
-137,-395,529,-614,-443,193,-291,-1249,-1964,-1516,-1570,-1704
-161,-415,578,-662,-494,190,-261,-1269,-1987,-1541,-1580,-1713
-186,-444,639,-724,-555,191,-231,-1287,-2008,-1560,-1588,-1719
-207,-471,691,-779,-607,194,-200,-1302,-2018,-1569,-1591,-1721
-218,-484,719,-808,-637,194,-173,-1311,-2022,-1564,-1589,-1717
-222,-489,732,-822,-650,194,-144,-1315,-2026,-1559,-1585,-1711
-221,-497,741,-834,-657,198,-117,-1321,-2031,-1555,-1579,-1705
-218,-504,747,-844,-660,202,-97,-1330,-2039,-1553,-1573,-1698
-214,-509,748,-850,-659,207,-87,-1341,-2052,-1560,-1569,-1691
-208,-520,753,-860,-658,216,-80,-1355,-2066,-1568,-1568,-1686
-204,-529,756,-867,-656,222,-80,-1372,-2079,-1571,-1566,-1683
-195,-537,752,-870,-647,232,-80,-1385,-2092,-1572,-1561,-1674
-187,-548,753,-877,-641,242,-67,-1399,-2103,-1574,-1556,-1666
-182,-561,755,-886,-637,252,-65,-1412,-2116,-1577,-1548,-1656
-179,-578,765,-902,-638,264,-65,-1422,-2129,-1580,-1539,-1647
-176,-596,774,-919,-640,277,-70,-1432,-2136,-1580,-1531,-1638
-168,-605,770,-920,-629,286,-84,-1441,-2137,-1574,-1520,-1624
-158,-606,756,-909,-610,293,-103,-1447,-2138,-1563,-1508,-1607
-148,-612,747,-904,-594,301,-117,-1451,-2143,-1552,-1498,-1590
-141,-617,740,-901,-582,309,-138,-1458,-2149,-1542,-1492,-1579
-124,-606,707,-869,-546,311,-184,-1468,-2149,-1524,-1483,-1567
-100,-577,650,-811,-489,308,-254,-1483,-2146,-1501,-1474,-1556
-72,-542,583,-741,-424,302,-342,-1506,-2144,-1487,-1468,-1549
-47,-518,531,-688,-371,302,-437,-1531,-2151,-1485,-1467,-1546
-33,-511,507,-665,-344,307,-530,-1561,-2165,-1496,-1474,-1547
-24,-513,497,-659,-330,315,-631,-1593,-2178,-1513,-1486,-1553
-16,-520,495,-661,-324,325,-734,-1623,-2189,-1531,-1498,-1560
-10,-533,501,-674,-324,340,-835,-1652,-2201,-1547,-1509,-1568
-8,-551,516,-695,-333,355,-930,-1681,-2211,-1561,-1519,-1576
-8,-562,529,-711,-342,364,-1019,-1707,-2220,-1571,-1526,-1584
-11,-570,542,-726,-354,371,-1089,-1728,-2229,-1580,-1531,-1590
-17,-582,562,-748,-372,376,-1145,-1747,-2236,-1586,-1537,-1596
-18,-590,575,-764,-383,383,-1200,-1758,-2243,-1585,-1539,-1601
-17,-594,583,-772,-389,388,-1233,-1762,-2248,-1585,-1545,-1608
-15,-587,579,-768,-387,386,-1256,-1761,-2251,-1584,-1554,-1617
-15,-580,577,-764,-388,382,-1264,-1758,-2258,-1590,-1566,-1628
-21,-582,591,-777,-403,380,-1247,-1751,-2268,-1603,-1576,-1641
-31,-586,612,-796,-425,377,-1218,-1746,-2279,-1622,-1588,-1656
-39,-582,621,-802,-438,370,-1193,-1746,-2291,-1647,-1604,-1674
-42,-577,625,-805,-444,364,-1164,-1749,-2307,-1671,-1620,-1690
-54,-591,658,-838,-476,365,-1119,-1753,-2330,-1703,-1640,-1707
-77,-620,714,-897,-530,368,-1065,-1754,-2353,-1734,-1659,-1721
-106,-653,781,-966,-595,371,-1008,-1754,-2373,-1756,-1677,-1732
-131,-682,838,-1026,-650,373,-955,-1758,-2384,-1766,-1688,-1738
-145,-699,874,-1062,-684,373,-906,-1763,-2387,-1764,-1692,-1744
-153,-711,896,-1087,-705,375,-839,-1772,-2389,-1766,-1699,-1750
-157,-720,910,-1103,-717,377,-762,-1781,-2395,-1768,-1708,-1757
-160,-723,915,-1109,-723,375,-685,-1789,-2397,-1767,-1718,-1767
-162,-720,913,-1106,-722,370,-610,-1795,-2398,-1763,-1726,-1776
-162,-720,911,-1103,-720,368,-537,-1800,-2396,-1758,-1733,-1783
-160,-715,901,-1093,-711,364,-474,-1809,-2390,-1751,-1739,-1790
-154,-706,881,-1073,-694,359,-421,-1812,-2385,-1744,-1744,-1792
-151,-701,867,-1058,-681,356,-375,-1816,-2382,-1740,-1751,-1800
-149,-701,859,-1051,-673,355,-358,-1816,-2379,-1738,-1758,-1809
-148,-706,858,-1052,-671,358,-353,-1812,-2376,-1739,-1763,-1815
-148,-708,853,-1047,-666,358,-367,-1806,-2370,-1736,-1762,-1814
-142,-702,834,-1027,-648,356,-405,-1797,-2358,-1722,-1755,-1806
-130,-690,805,-997,-619,355,-452,-1782,-2343,-1696,-1742,-1792
-121,-684,783,-975,-597,356,-492,-1763,-2327,-1667,-1725,-1773
-115,-678,766,-958,-581,354,-530,-1750,-2308,-1639,-1707,-1753
-102,-657,726,-914,-545,349,-584,-1746,-2287,-1609,-1690,-1731
-82,-624,668,-851,-492,340,-656,-1754,-2265,-1582,-1674,-1714
-61,-586,605,-781,-435,329,-743,-1768,-2246,-1562,-1657,-1701
-45,-556,555,-724,-391,318,-847,-1783,-2237,-1553,-1644,-1691
-37,-540,528,-694,-367,314,-950,-1805,-2236,-1558,-1640,-1685
-33,-533,514,-678,-355,313,-1062,-1825,-2238,-1569,-1638,-1682
-29,-529,506,-669,-347,314,-1179,-1844,-2242,-1583,-1637,-1680
-27,-530,505,-668,-345,318,-1294,-1861,-2247,-1601,-1637,-1678
-29,-537,514,-678,-353,324,-1395,-1875,-2252,-1622,-1642,-1681
-30,-542,523,-688,-361,330,-1484,-1889,-2258,-1640,-1647,-1686
-34,-548,536,-701,-373,333,-1547,-1903,-2266,-1656,-1650,-1691
-42,-552,553,-717,-391,334,-1586,-1919,-2273,-1667,-1654,-1697
-47,-551,561,-724,-401,334,-1611,-1925,-2278,-1670,-1653,-1698
-50,-540,560,-719,-405,327,-1612,-1927,-2282,-1672,-1650,-1700
-52,-518,546,-698,-400,313,-1609,-1928,-2281,-1672,-1647,-1701
-52,-496,532,-677,-392,300,-1599,-1928,-2281,-1671,-1646,-1704
-55,-481,527,-668,-394,291,-1565,-1930,-2283,-1671,-1647,-1707
-61,-466,525,-661,-399,278,-1511,-1938,-2284,-1676,-1649,-1711
-63,-442,511,-640,-393,262,-1458,-1950,-2280,-1678,-1649,-1713
-63,-417,493,-616,-384,247,-1400,-1965,-2276,-1680,-1645,-1716
-73,-412,504,-624,-399,238,-1326,-1981,-2279,-1688,-1643,-1721
-90,-426,540,-661,-436,236,-1245,-1995,-2285,-1696,-1645,-1726
-112,-446,589,-711,-485,236,-1163,-2006,-2290,-1697,-1647,-1728
-133,-460,627,-749,-526,231,-1090,-2018,-2289,-1684,-1644,-1724
-145,-462,644,-764,-546,224,-1026,-2026,-2280,-1661,-1632,-1711
-153,-455,646,-762,-552,213,-955,-2031,-2267,-1634,-1619,-1696
-161,-441,642,-751,-555,197,-880,-2030,-2251,-1600,-1602,-1679
-171,-418,629,-728,-552,174,-809,-2024,-2231,-1560,-1583,-1661
-181,-392,611,-699,-546,148,-739,-2010,-2207,-1517,-1561,-1641
-190,-372,598,-676,-541,127,-678,-1987,-2178,-1474,-1536,-1622
-194,-353,579,-648,-530,109,-633,-1964,-2145,-1428,-1513,-1607
-192,-330,551,-612,-508,94,-600,-1934,-2111,-1384,-1487,-1591
-189,-315,528,-585,-489,83,-569,-1907,-2079,-1347,-1464,-1579
-189,-307,514,-566,-476,76,-554,-1881,-2049,-1317,-1442,-1567
-191,-306,510,-559,-473,72,-541,-1854,-2023,-1295,-1421,-1554
-194,-304,504,-550,-469,67,-536,-1825,-1991,-1268,-1397,-1537
-193,-294,487,-527,-453,60,-547,-1794,-1951,-1229,-1368,-1514
-185,-284,464,-501,-430,59,-560,-1758,-1909,-1188,-1338,-1489
-176,-285,450,-488,-413,64,-565,-1716,-1870,-1152,-1310,-1462
-171,-284,439,-476,-399,67,-577,-1673,-1829,-1112,-1283,-1436
-158,-265,401,-434,-363,62,-610,-1629,-1780,-1062,-1250,-1407
-137,-226,338,-362,-305,50,-660,-1588,-1725,-1011,-1215,-1376
-115,-175,261,-273,-237,32,-722,-1553,-1672,-962,-1182,-1346
-97,-127,191,-192,-177,12,-791,-1519,-1626,-920,-1153,-1318
-89,-90,144,-134,-140,-7,-852,-1486,-1585,-887,-1126,-1293
-89,-58,111,-88,-117,-28,-907,-1453,-1541,-853,-1097,-1268
-92,-26,81,-46,-100,-49,-959,-1425,-1498,-816,-1062,-1240
-99,6,56,-8,-87,-73,-1007,-1405,-1455,-774,-1021,-1209
-108,37,34,28,-79,-99,-1055,-1393,-1409,-731,-976,-1177
-120,76,9,70,-72,-130,-1108,-1384,-1360,-683,-926,-1144
-133,116,-15,111,-66,-164,-1155,-1369,-1309,-628,-869,-1107
-148,160,-41,156,-60,-201,-1194,-1356,-1252,-560,-807,-1066
-157,215,-83,219,-39,-242,-1240,-1340,-1191,-485,-738,-1018
-161,276,-135,291,-10,-283,-1275,-1328,-1126,-406,-666,-966
-163,347,-199,379,30,-330,-1308,-1321,-1058,-323,-592,-910
-164,420,-265,468,70,-378,-1335,-1317,-991,-242,-521,-851
-171,486,-319,544,99,-425,-1351,-1316,-927,-168,-454,-794
-181,545,-362,609,118,-469,-1364,-1323,-867,-101,-389,-738
-189,611,-414,684,145,-517,-1383,-1335,-803,-33,-323,-681
-196,680,-472,765,176,-567,-1398,-1346,-738,39,-250,-617
-216,736,-503,821,181,-616,-1394,-1359,-680,104,-180,-552
-246,780,-512,853,164,-665,-1367,-1367,-624,167,-110,-486
-281,816,-511,874,138,-711,-1328,-1370,-567,228,-40,-420
-311,857,-518,904,121,-759,-1301,-1368,-503,296,30,-354
-332,909,-547,956,125,-807,-1292,-1356,-434,373,103,-290
-344,961,-585,1014,141,-850,-1288,-1336,-363,454,178,-225
-353,1011,-626,1074,163,-889,-1294,-1308,-288,539,255,-161
-359,1065,-674,1142,191,-931,-1308,-1270,-208,629,335,-101
-363,1121,-727,1215,224,-972,-1317,-1217,-121,724,415,-42
-368,1167,-770,1275,250,-1008,-1318,-1149,-32,819,495,19
-374,1208,-808,1329,273,-1042,-1321,-1077,58,914,571,77
-375,1249,-852,1388,304,-1072,-1330,-994,146,1003,646,136
-376,1287,-893,1442,332,-1101,-1337,-912,233,1084,715,192
-380,1326,-931,1495,357,-1133,-1348,-828,321,1161,783,248
-390,1363,-963,1544,375,-1167,-1349,-744,407,1237,851,303
-402,1408,-1001,1602,395,-1208,-1345,-667,499,1322,923,362
-415,1469,-1055,1682,425,-1262,-1349,-600,596,1418,1004,424
-428,1540,-1116,1774,460,-1322,-1354,-540,690,1518,1090,491
-445,1609,-1173,1861,489,-1383,-1348,-487,780,1614,1174,562
-464,1687,-1235,1957,521,-1452,-1344,-445,872,1714,1256,634
-473,1792,-1334,2096,583,-1533,-1356,-412,972,1823,1342,711
-477,1924,-1464,2273,670,-1626,-1385,-384,1082,1942,1433,787
-479,2074,-1613,2475,769,-1732,-1412,-358,1199,2065,1526,863
-488,2230,-1761,2680,864,-1846,-1424,-328,1320,2189,1620,939
-508,2382,-1893,2871,939,-1963,-1414,-295,1443,2313,1712,1013
-534,2534,-2017,3057,1004,-2084,-1405,-261,1570,2438,1805,1089
-565,2688,-2139,3242,1065,-2209,-1397,-222,1702,2562,1899,1165
-597,2841,-2257,3423,1120,-2333,-1386,-172,1839,2687,1996,1245
-633,2995,-2371,3602,1170,-2460,-1365,-113,1979,2817,2095,1327
-672,3158,-2491,3790,1221,-2593,-1344,-48,2127,2954,2196,1412
-714,3326,-2611,3982,1268,-2733,-1328,19,2278,3092,2301,1501
-763,3502,-2732,4178,1312,-2881,-1320,79,2436,3236,2409,1593
-810,3693,-2868,4395,1367,-3036,-1312,148,2605,3395,2526,1695
-855,3896,-3019,4629,1432,-3199,-1286,214,2784,3565,2649,1801
-901,4112,-3182,4879,1504,-3369,-1258,272,2969,3737,2773,1908
-951,4329,-3341,5127,1571,-3543,-1231,321,3151,3896,2895,2013
-1009,4539,-3486,5361,1623,-3718,-1204,357,3329,4043,3008,2114
-1074,4747,-3624,5588,1667,-3894,-1181,375,3501,4178,3110,2209
-1140,4961,-3766,5823,1713,-4076,-1169,371,3668,4308,3201,2298
-1205,5174,-3910,6058,1761,-4255,-1157,350,3821,4424,3286,2381
-1279,5365,-4024,6258,1784,-4427,-1140,303,3947,4516,3359,2454
-1362,5536,-4109,6426,1784,-4590,-1123,225,4047,4592,3422,2525
-1447,5694,-4181,6577,1773,-4747,-1102,112,4125,4659,3476,2595
-1530,5855,-4259,6734,1769,-4905,-1055,-38,4191,4729,3527,2664
-1603,6029,-4360,6915,1788,-5066,-990,-220,4243,4799,3577,2732
-1672,6209,-4473,7109,1819,-5229,-890,-433,4279,4869,3629,2799
-1739,6389,-4589,7304,1854,-5391,-773,-672,4302,4942,3682,2867
-1803,6570,-4711,7505,1896,-5553,-651,-939,4315,5016,3735,2937
-1866,6753,-4835,7709,1941,-5717,-528,-1226,4318,5088,3789,3008
-1931,6931,-4955,7907,1981,-5880,-402,-1532,4312,5159,3842,3079
-1995,7108,-5074,8104,2023,-6043,-288,-1848,4302,5237,3898,3153
-2052,7283,-5199,8304,2073,-6201,-183,-2160,4292,5322,3961,3233
-2109,7450,-5317,8494,2120,-6354,-75,-2467,4281,5408,4025,3312
-2165,7608,-5429,8675,2164,-6500,22,-2764,4275,5496,4092,3392
-2219,7753,-5529,8840,2200,-6638,122,-3046,4274,5588,4163,3475
-2269,7894,-5629,9002,2239,-6771,215,-3322,4275,5684,4237,3559
-2311,8041,-5744,9179,2294,-6902,288,-3605,4270,5786,4312,3647
-2344,8187,-5865,9359,2358,-7027,345,-3900,4252,5886,4389,3736
-2377,8318,-5973,9521,2414,-7142,391,-4206,4218,5980,4465,3824
-2409,8442,-6072,9672,2464,-7252,415,-4530,4171,6073,4540,3908
-2431,8579,-6195,9847,2535,-7363,402,-4870,4113,6168,4617,3991
-2445,8731,-6338,10046,2625,-7478,354,-5232,4038,6256,4690,4070
-2458,8886,-6485,10250,2717,-7594,277,-5623,3944,6336,4758,4144
-2476,9029,-6615,10433,2793,-7705,179,-6047,3827,6399,4818,4210
-2502,9151,-6714,10583,2843,-7806,64,-6507,3688,6446,4871,4268
-2536,9265,-6797,10716,2876,-7906,-94,-7005,3532,6488,4919,4320
-2574,9377,-6871,10841,2899,-8006,-290,-7542,3358,6527,4964,4366
-2611,9485,-6942,10961,2919,-8103,-520,-8120,3162,6558,5005,4408
-2650,9594,-7010,11079,2936,-8199,-771,-8736,2940,6583,5041,4448
-2691,9711,-7083,11206,2953,-8301,-1038,-9387,2691,6605,5076,4485
-2732,9831,-7157,11335,2970,-8406,-1296,-10067,2416,6626,5112,4522
-2775,9956,-7232,11467,2987,-8513,-1541,-10782,2115,6647,5148,4562
-2811,10090,-7322,11615,3018,-8622,-1786,-11515,1784,6662,5183,4607
-2843,10233,-7425,11778,3059,-8734,-2002,-12267,1417,6662,5211,4651
-2871,10383,-7538,11951,3110,-8848,-2204,-13032,1014,6644,5230,4690
-2897,10527,-7645,12117,3159,-8957,-2375,-13798,575,6603,5240,4724
-2928,10658,-7735,12262,3193,-9060,-2498,-14562,105,6536,5242,4752
-2963,10785,-7815,12397,3218,-9163,-2580,-15323,-390,6452,5238,4775
-2997,10915,-7901,12539,3249,-9267,-2645,-16079,-905,6362,5232,4796
-3028,11041,-7986,12677,3281,-9367,-2687,-16826,-1438,6266,5227,4819
-3071,11145,-8038,12780,3284,-9460,-2692,-17571,-1999,6155,5215,4839
-3123,11232,-8064,12854,3265,-9549,-2683,-18321,-2588,6032,5196,4858
-3179,11313,-8081,12917,3237,-9636,-2674,-19078,-3196,5908,5178,4881
-3233,11405,-8113,12998,3221,-9730,-2677,-19847,-3815,5791,5165,4909
-3280,11521,-8178,13118,3233,-9836,-2718,-20626,-4443,5690,5162,4947
-3321,11652,-8265,13263,3264,-9949,-2779,-21418,-5084,5597,5168,4996
-3362,11793,-8364,13423,3304,-10070,-2868,-22224,-5741,5506,5180,5053
-3403,11944,-8475,13597,3352,-10198,-2995,-23044,-6414,5412,5197,5117
-3440,12099,-8596,13782,3410,-10327,-3170,-23872,-7104,5309,5218,5188
-3476,12251,-8714,13962,3468,-10454,-3388,-24701,-7809,5199,5241,5265
-3511,12402,-8836,14145,3528,-10581,-3662,-25527,-8530,5081,5264,5346
-3538,12548,-8963,14329,3599,-10700,-3991,-26341,-9272,4942,5288,5431
-3565,12686,-9081,14502,3663,-10813,-4348,-27149,-10036,4770,5304,5513
-3593,12815,-9191,14663,3722,-10921,-4750,-27940,-10821,4571,5315,5598
-3621,12929,-9287,14806,3772,-11020,-5178,-28706,-11624,4352,5322,5683
-3644,13036,-9382,14943,3824,-11111,-5647,-29446,-12435,4119,5324,5770
-3659,13144,-9486,15087,3888,-11197,-6171,-30154,-13243,3882,5324,5860
-3669,13249,-9591,15230,3955,-11278,-6731,-30827,-14045,3644,5324,5956
-3680,13340,-9682,15354,4013,-11349,-7308,-31466,-14838,3403,5327,6058
-3691,13422,-9763,15466,4063,-11415,-7918,-32077,-15618,3161,5334,6161
-3690,13516,-9868,15600,4137,-11480,-8589,-32659,-16381,2926,5350,6274
-3676,13619,-9994,15754,4233,-11541,-9303,-33212,-17130,2693,5376,6393
-3652,13718,-10126,15910,4339,-11594,-10039,-33732,-17871,2449,5406,6516
-3627,13798,-10239,16040,4434,-11632,-10768,-34213,-18611,2187,5436,6644
-3605,13851,-10320,16130,4503,-11654,-11463,-34658,-19349,1902,5459,6767
-3589,13889,-10379,16194,4554,-11668,-12139,-35064,-20078,1602,5474,6884
-3573,13917,-10427,16245,4597,-11675,-12790,-35433,-20792,1286,5480,6993
-3558,13935,-10462,16279,4629,-11676,-13408,-35759,-21483,964,5480,7095
-3549,13946,-10483,16298,4648,-11675,-13974,-36036,-22141,653,5479,7194
-3543,13958,-10500,16316,4661,-11676,-14485,-36260,-22756,358,5479,7292
-3539,13971,-10513,16331,4670,-11680,-14915,-36432,-23327,81,5482,7391
-3540,13985,-10523,16343,4674,-11686,-15279,-36565,-23855,-171,5492,7490
-3532,14004,-10543,16366,4690,-11689,-15611,-36656,-24345,-394,5512,7596
-3519,14026,-10570,16395,4713,-11692,-15895,-36712,-24799,-599,5540,7705
-3501,14050,-10604,16430,4745,-11693,-16156,-36738,-25220,-797,5571,7811
-3481,14067,-10632,16457,4774,-11688,-16374,-36736,-25617,-993,5602,7914
-3464,14069,-10639,16459,4787,-11675,-16536,-36707,-25988,-1187,5630,8011
-3452,14062,-10634,16447,4789,-11660,-16655,-36650,-26327,-1371,5657,8104
-3439,14059,-10633,16441,4794,-11647,-16754,-36565,-26625,-1534,5689,8195
-3421,14052,-10631,16432,4802,-11628,-16822,-36450,-26883,-1679,5726,8289
-3411,14018,-10597,16385,4783,-11597,-16833,-36308,-27107,-1815,5765,8382
-3407,13962,-10534,16304,4742,-11556,-16796,-36135,-27298,-1933,5810,8477
-3403,13896,-10461,16209,4694,-11508,-16722,-35930,-27450,-2023,5865,8577
-3394,13838,-10403,16131,4660,-11463,-16629,-35698,-27556,-2080,5932,8684
-3375,13794,-10370,16079,4649,-11421,-16542,-35437,-27621,-2114,6012,8798
-3348,13756,-10352,16042,4654,-11378,-16439,-35153,-27651,-2132,6099,8913
-3315,13719,-10343,16012,4669,-11334,-16330,-34850,-27650,-2140,6188,9026
-3281,13686,-10341,15989,4690,-11291,-16229,-34534,-27623,-2144,6276,9137
-3245,13654,-10344,15972,4717,-11248,-16137,-34209,-27574,-2144,6368,9250
-3210,13621,-10347,15954,4743,-11205,-16050,-33883,-27510,-2138,6463,9367
-3177,13595,-10356,15945,4772,-11170,-15998,-33562,-27429,-2121,6562,9487
-3146,13577,-10374,15948,4806,-11140,-15984,-33244,-27337,-2101,6665,9612
-3119,13559,-10388,15948,4836,-11114,-15984,-32931,-27232,-2080,6769,9740
-3097,13539,-10399,15945,4860,-11089,-16025,-32616,-27109,-2053,6877,9871
-3077,13515,-10403,15936,4879,-11064,-16085,-32302,-26970,-2021,6986,9998
-3060,13494,-10410,15929,4898,-11041,-16177,-31988,-26807,-1977,7097,10122
-3039,13481,-10427,15936,4926,-11021,-16316,-31663,-26616,-1919,7208,10241
-3017,13469,-10448,15945,4958,-11000,-16472,-31322,-26397,-1848,7316,10355
-2997,13451,-10460,15945,4983,-10977,-16622,-30970,-26156,-1772,7414,10460
-2981,13434,-10470,15943,5003,-10957,-16777,-30618,-25894,-1684,7506,10554
-2957,13438,-10508,15975,5047,-10946,-16959,-30262,-25606,-1579,7599,10644
-2927,13467,-10576,16042,5116,-10946,-17162,-29904,-25304,-1470,7686,10727
-2895,13512,-10662,16132,5198,-10955,-17372,-29552,-24998,-1371,7760,10798
-2867,13557,-10742,16217,5272,-10966,-17575,-29204,-24698,-1290,7819,10855
-2849,13590,-10799,16279,5324,-10975,-17751,-28869,-24408,-1232,7858,10893
-2838,13617,-10842,16327,5362,-10986,-17918,-28549,-24127,-1194,7877,10912
-2833,13644,-10877,16369,5390,-10999,-18067,-28242,-23854,-1176,7879,10910
-2832,13662,-10897,16396,5405,-11008,-18197,-27947,-23588,-1175,7863,10890
-2831,13664,-10900,16399,5407,-11006,-18303,-27659,-23330,-1186,7830,10851
-2830,13655,-10891,16387,5401,-10997,-18377,-27369,-23074,-1207,7781,10794
-2829,13630,-10864,16352,5383,-10976,-18393,-27071,-22821,-1235,7718,10723
-2831,13588,-10817,16291,5348,-10946,-18351,-26771,-22562,-1266,7640,10634
-2827,13534,-10761,16216,5310,-10905,-18277,-26456,-22292,-1284,7557,10536
-2817,13467,-10699,16128,5273,-10851,-18145,-26126,-22008,-1292,7470,10427
-2800,13393,-10635,16034,5239,-10788,-17973,-25777,-21709,-1293,7374,10305
-2780,13304,-10557,15920,5197,-10712,-17748,-25405,-21397,-1291,7273,10172
-2760,13187,-10453,15769,5137,-10619,-17454,-25007,-21071,-1284,7169,10029
-2738,13045,-10325,15586,5063,-10508,-17102,-24583,-20728,-1271,7063,9877
-2711,12892,-10190,15390,4987,-10388,-16709,-24137,-20368,-1254,6950,9716
-2679,12719,-10042,15173,4907,-10251,-16267,-23661,-19995,-1246,6831,9543
-2653,12508,-9849,14901,4793,-10093,-15759,-23158,-19621,-1258,6693,9352
-2631,12261,-9616,14577,4649,-9915,-15203,-22632,-19241,-1279,6542,9150
-2610,11989,-9359,14221,4490,-9719,-14618,-22085,-18851,-1306,6386,8943
-2582,11709,-9101,13859,4336,-9515,-14020,-21521,-18448,-1328,6224,8728
-2541,11429,-8857,13506,4199,-9303,-13430,-20940,-18030,-1343,6061,8510
-2491,11142,-8616,13151,4073,-9079,-12832,-20341,-17600,-1361,5892,8286
-2436,10844,-8372,12787,3948,-8845,-12233,-19729,-17161,-1385,5718,8053
-2379,10540,-8125,12417,3823,-8607,-11643,-19105,-16708,-1409,5539,7817
-2320,10229,-7874,12041,3698,-8363,-11073,-18470,-16241,-1433,5355,7576
-2260,9901,-7610,11645,3566,-8107,-10519,-17827,-15764,-1462,5166,7328
-2199,9567,-7342,11243,3432,-7845,-9997,-17177,-15273,-1490,4973,7076
-2132,9233,-7081,10846,3307,-7580,-9509,-16516,-14769,-1516,4781,6827
-2064,8892,-6815,10442,3181,-7309,-9041,-15855,-14255,-1545,4582,6575
-1995,8541,-6542,10027,3050,-7030,-8616,-15189,-13735,-1574,4380,6319
-1926,8178,-6257,9596,2911,-6743,-8208,-14517,-13209,-1603,4171,6056
-1856,7810,-5968,9160,2770,-6453,-7835,-13841,-12675,-1631,3957,5786
-1777,7442,-5688,8731,2641,-6156,-7507,-13161,-12134,-1655,3739,5510
-1690,7072,-5413,8303,2520,-5852,-7205,-12472,-11589,-1677,3514,5225
-1600,6690,-5129,7862,2395,-5539,-6902,-11773,-11042,-1707,3278,4931
-1510,6305,-4842,7417,2267,-5223,-6609,-11073,-10489,-1733,3034,4625
-1411,5939,-4581,7002,2161,-4914,-6359,-10376,-9926,-1747,2792,4314
-1305,5588,-4341,6612,2074,-4609,-6148,-9687,-9363,-1760,2550,4001
-1196,5246,-4111,6233,1993,-4308,-5959,-9007,-8803,-1779,2304,3680
-1090,4897,-3871,5844,1904,-4005,-5780,-8333,-8256,-1810,2047,3351
-994,4533,-3603,5426,1788,-3698,-5587,-7667,-7724,-1854,1780,3013
-904,4159,-3319,4990,1657,-3388,-5400,-7011,-7206,-1907,1506,2667
-816,3783,-3027,4548,1517,-3078,-5217,-6372,-6704,-1967,1231,2321
-733,3406,-2730,4101,1371,-2770,-5028,-5749,-6222,-2029,958,1979
-655,3032,-2429,3653,1218,-2467,-4823,-5143,-5759,-2085,690,1642
-578,2671,-2139,3221,1070,-2174,-4617,-4557,-5311,-2130,432,1316
-501,2320,-1858,2802,930,-1887,-4386,-3987,-4881,-2168,189,1004
-428,1982,-1585,2396,790,-1612,-4144,-3441,-4466,-2187,-37,705
-355,1664,-1331,2014,664,-1350,-3910,-2912,-4067,-2189,-245,422
-283,1361,-1091,1653,545,-1099,-3647,-2404,-3682,-2178,-441,153
-210,1075,-868,1313,439,-859,-3374,-1918,-3310,-2157,-625,-104
-140,800,-654,986,337,-627,-3084,-1454,-2957,-2136,-798,-346
-74,524,-436,656,230,-399,-2759,-1015,-2628,-2124,-964,-577
-11,250,-214,324,119,-174,-2411,-605,-2320,-2118,-1124,-799
52,-15,-5,7,17,45,-2066,-223,-2029,-2117,-1278,-1011
114,-270,196,-299,-79,257,-1717,136,-1759,-2122,-1425,-1212
164,-537,420,-628,-200,469,-1345,476,-1512,-2140,-1568,-1407
203,-814,664,-977,-340,680,-955,803,-1281,-2161,-1702,-1591
236,-1090,912,-1328,-485,886,-571,1120,-1060,-2178,-1826,-1763
270,-1348,1142,-1656,-618,1080,-214,1422,-844,-2184,-1940,-1924
312,-1582,1337,-1943,-722,1263,114,1712,-634,-2177,-2042,-2070
357,-1795,1507,-2200,-806,1435,439,1991,-432,-2159,-2130,-2198
399,-1986,1657,-2429,-878,1589,748,2260,-240,-2134,-2206,-2310
437,-2158,1790,-2634,-941,1728,1045,2516,-56,-2101,-2270,-2410
471,-2313,1910,-2817,-997,1852,1320,2759,117,-2072,-2325,-2498
499,-2462,2028,-2996,-1056,1967,1559,2982,276,-2050,-2377,-2580
524,-2604,2141,-3165,-1112,2076,1751,3181,423,-2031,-2426,-2658
551,-2735,2240,-3318,-1156,2181,1910,3368,557,-2016,-2470,-2728
576,-2861,2334,-3464,-1199,2279,2069,3536,680,-2008,-2513,-2793
598,-2983,2428,-3606,-1243,2373,2197,3693,795,-2003,-2551,-2854
616,-3110,2529,-3757,-1293,2469,2311,3836,898,-2004,-2586,-2911
632,-3232,2626,-3901,-1342,2560,2398,3963,996,-2004,-2616,-2964
649,-3335,2704,-4020,-1378,2639,2443,4077,1089,-1996,-2642,-3011
666,-3424,2767,-4119,-1403,2710,2462,4188,1180,-1983,-2663,-3052
682,-3512,2831,-4218,-1431,2779,2477,4299,1267,-1967,-2678,-3085
696,-3591,2888,-4307,-1454,2841,2475,4408,1354,-1944,-2690,-3114
720,-3644,2910,-4355,-1448,2893,2430,4517,1450,-1909,-2695,-3135
755,-3678,2902,-4370,-1415,2940,2354,4624,1548,-1873,-2696,-3152
792,-3700,2881,-4369,-1372,2981,2255,4722,1639,-1848,-2700,-3171
828,-3724,2864,-4372,-1333,3022,2145,4817,1718,-1838,-2707,-3194
857,-3759,2865,-4394,-1311,3067,2045,4907,1787,-1833,-2720,-3221
880,-3795,2875,-4424,-1301,3109,1936,4991,1853,-1831,-2735,-3251
895,-3828,2890,-4455,-1300,3144,1828,5075,1915,-1829,-2749,-3281
905,-3862,2912,-4491,-1307,3178,1731,5159,1973,-1831,-2765,-3313
913,-3898,2941,-4534,-1321,3211,1657,5240,2025,-1837,-2782,-3346
919,-3930,2967,-4574,-1335,3241,1601,5316,2072,-1849,-2803,-3380
924,-3964,2999,-4618,-1355,3271,1577,5388,2111,-1869,-2824,-3413
922,-3997,3037,-4667,-1384,3296,1575,5451,2142,-1891,-2850,-3449
922,-4021,3064,-4702,-1405,3317,1574,5513,2169,-1911,-2874,-3482
927,-4038,3081,-4726,-1416,3334,1588,5572,2199,-1927,-2898,-3514
935,-4047,3086,-4738,-1418,3349,1599,5626,2229,-1942,-2923,-3548
945,-4057,3094,-4752,-1421,3365,1618,5676,2254,-1961,-2951,-3583
950,-4076,3115,-4782,-1437,3384,1666,5718,2274,-1990,-2981,-3621
951,-4100,3143,-4820,-1459,3403,1737,5750,2292,-2022,-3015,-3662
955,-4118,3164,-4849,-1476,3418,1816,5779,2312,-2051,-3049,-3702
963,-4138,3183,-4879,-1488,3438,1905,5811,2330,-2077,-3082,-3738
963,-4176,3229,-4939,-1524,3463,2020,5845,2338,-2112,-3120,-3774
954,-4232,3300,-5026,-1581,3494,2151,5884,2341,-2149,-3160,-3808
942,-4296,3382,-5128,-1648,3527,2291,5927,2346,-2181,-3196,-3836
930,-4353,3456,-5218,-1708,3556,2431,5973,2359,-2203,-3230,-3862
926,-4394,3506,-5282,-1747,3577,2560,6027,2384,-2209,-3255,-3881
932,-4429,3541,-5332,-1769,3601,2695,6088,2415,-2209,-3275,-3896
943,-4463,3567,-5375,-1780,3627,2825,6150,2448,-2205,-3291,-3912
954,-4491,3586,-5407,-1785,3649,2942,6213,2481,-2198,-3305,-3927
967,-4517,3599,-5435,-1785,3668,3040,6274,2516,-2191,-3317,-3944
976,-4545,3619,-5468,-1791,3687,3132,6333,2552,-2183,-3324,-3959
983,-4575,3639,-5502,-1797,3706,3213,6386,2589,-2172,-3327,-3975
996,-4604,3654,-5531,-1796,3727,3282,6442,2630,-2163,-3328,-3987
1005,-4634,3671,-5562,-1797,3747,3355,6493,2671,-2161,-3331,-4002
1013,-4670,3694,-5600,-1803,3771,3414,6543,2714,-2159,-3332,-4018
1018,-4717,3730,-5653,-1819,3800,3475,6590,2756,-2157,-3329,-4034
1021,-4761,3766,-5705,-1836,3827,3521,6632,2802,-2148,-3323,-4047
1025,-4793,3786,-5737,-1842,3847,3540,6672,2855,-2126,-3311,-4055
1032,-4816,3795,-5755,-1837,3864,3547,6715,2909,-2099,-3295,-4057
1038,-4842,3808,-5778,-1837,3884,3559,6763,2963,-2069,-3275,-4055
1042,-4867,3821,-5800,-1838,3902,3563,6807,3023,-2027,-3252,-4049
1058,-4871,3801,-5785,-1809,3914,3538,6844,3088,-1973,-3222,-4038
1083,-4856,3754,-5740,-1756,3921,3488,6877,3155,-1919,-3191,-4027
1111,-4831,3694,-5680,-1693,3924,3416,6903,3213,-1871,-3166,-4018
1136,-4814,3645,-5633,-1640,3931,3342,6926,3260,-1842,-3147,-4015
1151,-4814,3624,-5615,-1613,3942,3279,6943,3294,-1832,-3140,-4021
1154,-4823,3625,-5619,-1610,3953,3205,6957,3320,-1830,-3142,-4033
1150,-4840,3641,-5638,-1621,3966,3128,6969,3339,-1835,-3149,-4051
1147,-4865,3667,-5670,-1639,3985,3057,6982,3355,-1845,-3159,-4070
1141,-4892,3698,-5706,-1664,4003,2992,6998,3370,-1855,-3169,-4089
1133,-4910,3723,-5733,-1686,4016,2934,7021,3387,-1862,-3175,-4106
1127,-4925,3745,-5757,-1707,4027,2892,7052,3401,-1867,-3179,-4120
1117,-4935,3767,-5778,-1730,4033,2859,7080,3415,-1869,-3185,-4136
1112,-4932,3773,-5781,-1741,4033,2817,7115,3430,-1863,-3187,-4146
1108,-4918,3767,-5768,-1743,4026,2795,7158,3452,-1852,-3184,-4151
1108,-4893,3749,-5741,-1736,4014,2780,7207,3478,-1841,-3178,-4154
1111,-4872,3732,-5717,-1728,4006,2779,7262,3502,-1836,-3176,-4160
1108,-4858,3730,-5709,-1734,3998,2806,7321,3524,-1837,-3178,-4166
1101,-4847,3733,-5706,-1746,3988,2851,7377,3544,-1843,-3185,-4175
1098,-4829,3728,-5695,-1751,3977,2900,7429,3566,-1842,-3191,-4183
1098,-4812,3719,-5680,-1750,3967,2961,7484,3588,-1842,-3194,-4186
1093,-4811,3733,-5693,-1769,3965,3044,7537,3600,-1854,-3204,-4189
1082,-4827,3768,-5730,-1806,3968,3149,7593,3608,-1869,-3216,-4192
1069,-4852,3815,-5781,-1851,3976,3267,7653,3618,-1877,-3229,-4193
1059,-4873,3852,-5823,-1886,3983,3381,7710,3637,-1874,-3238,-4190
1058,-4879,3866,-5839,-1900,3985,3473,7768,3664,-1863,-3241,-4182
1059,-4877,3867,-5841,-1903,3984,3560,7825,3696,-1844,-3240,-4169
1063,-4874,3863,-5839,-1901,3981,3642,7880,3728,-1823,-3238,-4154
1069,-4871,3856,-5835,-1893,3981,3715,7927,3760,-1801,-3235,-4142
1075,-4869,3848,-5829,-1883,3981,3786,7973,3792,-1784,-3235,-4131
1081,-4873,3844,-5831,-1876,3983,3863,8015,3824,-1770,-3237,-4122
1086,-4879,3842,-5833,-1869,3986,3930,8053,3858,-1754,-3240,-4115
1093,-4884,3835,-5832,-1858,3990,3987,8093,3892,-1739,-3242,-4108
1096,-4893,3835,-5838,-1852,3996,4051,8132,3927,-1723,-3243,-4105
1099,-4907,3839,-5850,-1849,4003,4098,8173,3962,-1710,-3243,-4103
1099,-4928,3851,-5870,-1852,4013,4146,8218,3998,-1697,-3241,-4100
1102,-4946,3859,-5886,-1850,4024,4187,8264,4040,-1672,-3231,-4094
1112,-4953,3847,-5881,-1831,4032,4206,8314,4088,-1633,-3214,-4085
1124,-4950,3822,-5860,-1801,4036,4214,8373,4140,-1586,-3188,-4069
1134,-4947,3801,-5842,-1774,4038,4224,8437,4195,-1536,-3156,-4052
1141,-4941,3779,-5820,-1750,4037,4227,8494,4253,-1485,-3125,-4035
1155,-4914,3728,-5766,-1701,4027,4207,8546,4315,-1427,-3090,-4018
1177,-4868,3654,-5683,-1632,4011,4167,8588,4379,-1372,-3059,-4005
1198,-4813,3569,-5587,-1557,3988,4113,8622,4441,-1327,-3030,-3996
1214,-4764,3498,-5504,-1495,3967,4055,8652,4493,-1296,-3007,-3992
1221,-4731,3453,-5449,-1457,3951,4008,8676,4538,-1277,-2989,-3993
1220,-4705,3425,-5411,-1437,3936,3959,8697,4580,-1258,-2974,-3997
1216,-4685,3406,-5382,-1425,3923,3908,8718,4621,-1241,-2960,-4001
1211,-4672,3397,-5366,-1422,3915,3858,8742,4656,-1234,-2951,-4007
1205,-4666,3397,-5360,-1426,3912,3813,8767,4688,-1228,-2944,-4016
1201,-4659,3396,-5352,-1430,3909,3769,8794,4720,-1222,-2937,-4026
1195,-4651,3397,-5347,-1437,3904,3744,8830,4750,-1217,-2929,-4037
1188,-4644,3403,-5345,-1448,3899,3736,8864,4780,-1209,-2926,-4049
1185,-4633,3401,-5335,-1452,3894,3722,8907,4811,-1194,-2918,-4055
1185,-4615,3390,-5316,-1449,3885,3722,8955,4845,-1173,-2909,-4059
1189,-4588,3368,-5283,-1437,3872,3718,9009,4885,-1149,-2899,-4062
1195,-4562,3345,-5252,-1422,3861,3724,9068,4922,-1129,-2891,-4062
1196,-4543,3333,-5232,-1419,3850,3746,9133,4954,-1116,-2884,-4063
1197,-4529,3328,-5221,-1421,3841,3775,9195,4986,-1107,-2880,-4064
1200,-4508,3313,-5199,-1413,3829,3804,9250,5019,-1095,-2876,-4064
1208,-4489,3296,-5176,-1402,3820,3848,9306,5053,-1085,-2868,-4062
1203,-4488,3310,-5188,-1419,3815,3927,9361,5081,-1084,-2864,-4061
1188,-4506,3352,-5229,-1462,3813,4032,9416,5105,-1083,-2861,-4061
1167,-4532,3406,-5285,-1516,3814,4153,9472,5131,-1079,-2855,-4060
1149,-4554,3454,-5334,-1563,3813,4279,9524,5165,-1064,-2844,-4056
1139,-4565,3480,-5360,-1589,3811,4412,9576,5206,-1040,-2825,-4047
1140,-4573,3491,-5374,-1597,3813,4591,9628,5250,-1010,-2802,-4033
1146,-4581,3497,-5385,-1598,3817,4797,9680,5294,-976,-2777,-4017
1152,-4587,3497,-5391,-1594,3822,4996,9730,5342,-941,-2751,-4000
1160,-4594,3496,-5395,-1587,3827,5175,9782,5393,-907,-2724,-3979
1170,-4608,3499,-5408,-1581,3839,5346,9836,5444,-871,-2699,-3955
1177,-4620,3501,-5417,-1576,3847,5488,9887,5498,-831,-2676,-3930
1188,-4629,3494,-5419,-1561,3858,5599,9945,5551,-793,-2649,-3902
1201,-4641,3489,-5425,-1546,3871,5698,10000,5604,-764,-2625,-3875
1213,-4658,3487,-5435,-1533,3888,5753,10056,5652,-744,-2604,-3849
1221,-4681,3494,-5454,-1527,3906,5789,10110,5693,-732,-2586,-3824
1228,-4701,3499,-5471,-1522,3923,5791,10163,5735,-711,-2568,-3798
1240,-4713,3489,-5472,-1503,3938,5739,10219,5781,-678,-2543,-3770
1255,-4719,3471,-5462,-1476,3951,5650,10284,5828,-635,-2515,-3739
1268,-4726,3456,-5456,-1453,3964,5554,10351,5873,-591,-2487,-3709
1273,-4727,3442,-5447,-1436,3968,5444,10417,5924,-537,-2459,-3681
1284,-4707,3402,-5405,-1397,3962,5278,10484,5986,-472,-2425,-3649
1302,-4671,3338,-5338,-1339,3952,5064,10542,6051,-411,-2392,-3617
1325,-4628,3263,-5258,-1271,3940,4820,10588,6109,-359,-2359,-3588
1341,-4589,3200,-5189,-1214,3928,4575,10628,6157,-321,-2328,-3564
1346,-4564,3164,-5147,-1185,3917,4350,10660,6195,-296,-2304,-3546
1341,-4545,3143,-5119,-1173,3904,4118,10684,6229,-276,-2284,-3531
1333,-4525,3126,-5094,-1167,3890,3892,10698,6261,-260,-2264,-3517
1323,-4505,3113,-5071,-1166,3874,3687,10704,6291,-246,-2245,-3504
1313,-4488,3106,-5055,-1169,3861,3499,10703,6319,-235,-2225,-3492
1302,-4466,3095,-5033,-1172,3844,3330,10699,6346,-222,-2207,-3480
1290,-4445,3089,-5013,-1179,3825,3207,10693,6369,-210,-2188,-3470
1274,-4423,3087,-4997,-1193,3804,3121,10672,6389,-202,-2175,-3465
1260,-4393,3076,-4971,-1200,3779,3040,10643,6403,-190,-2164,-3460
1250,-4360,3061,-4938,-1202,3752,2990,10603,6414,-175,-2155,-3456
1244,-4322,3038,-4898,-1195,3726,2953,10552,6421,-164,-2146,-3455
1240,-4286,3016,-4861,-1190,3700,2941,10493,6421,-162,-2140,-3455
1232,-4259,3007,-4838,-1194,3679,2973,10429,6412,-174,-2141,-3459
1224,-4240,3008,-4827,-1205,3661,3036,10361,6399,-191,-2145,-3466
1216,-4218,3004,-4811,-1213,3641,3101,10285,6382,-208,-2152,-3474
1214,-4198,2997,-4794,-1214,3626,3178,10209,6361,-226,-2161,-3480
1202,-4193,3015,-4804,-1238,3613,3294,10133,6327,-257,-2175,-3489
1179,-4203,3057,-4841,-1285,3604,3441,10064,6290,-292,-2188,-3499
1152,-4221,3112,-4891,-1342,3596,3606,10003,6254,-321,-2199,-3506
1129,-4236,3158,-4933,-1389,3589,3765,9949,6224,-336,-2207,-3508
1117,-4242,3182,-4954,-1413,3583,3896,9904,6200,-339,-2210,-3504
1111,-4243,3193,-4964,-1423,3578,4022,9865,6179,-336,-2211,-3498
1109,-4239,3194,-4962,-1423,3571,4143,9830,6163,-326,-2210,-3490
1105,-4223,3184,-4946,-1415,3556,4248,9802,6154,-309,-2205,-3480
1101,-4204,3168,-4923,-1403,3537,4332,9779,6151,-295,-2197,-3470
1098,-4192,3157,-4908,-1393,3524,4394,9760,6150,-282,-2187,-3462
1096,-4181,3145,-4892,-1381,3514,4409,9743,6152,-268,-2180,-3457
1102,-4171,3123,-4871,-1356,3508,4382,9737,6159,-255,-2172,-3451
1109,-4168,3107,-4857,-1334,3509,4345,9733,6169,-246,-2167,-3447
1116,-4170,3094,-4849,-1315,3512,4276,9736,6180,-237,-2160,-3443
1121,-4181,3090,-4852,-1302,3521,4203,9742,6191,-229,-2153,-3440
1126,-4188,3083,-4852,-1288,3527,4112,9750,6207,-215,-2142,-3437
1137,-4188,3062,-4836,-1262,3533,3982,9760,6231,-194,-2126,-3429
1155,-4187,3032,-4814,-1225,3543,3829,9778,6258,-168,-2107,-3414
1172,-4195,3013,-4805,-1196,3559,3681,9805,6285,-140,-2088,-3396
1183,-4206,3003,-4803,-1178,3573,3529,9831,6316,-105,-2071,-3381
1204,-4203,2971,-4778,-1141,3584,3337,9857,6352,-63,-2051,-3368
1232,-4190,2921,-4735,-1087,3594,3107,9874,6388,-20,-2030,-3356
1263,-4170,2863,-4681,-1027,3601,2846,9885,6421,9,-2010,-3345
1292,-4158,2814,-4639,-977,3612,2583,9894,6447,26,-1992,-3335
1314,-4161,2790,-4623,-948,3630,2349,9903,6468,35,-1978,-3325
1333,-4172,2779,-4622,-931,3651,2121,9916,6489,37,-1966,-3315
1349,-4183,2772,-4624,-919,3670,1903,9933,6515,40,-1955,-3302
1363,-4196,2770,-4630,-914,3689,1704,9961,6544,45,-1942,-3285
1373,-4212,2777,-4644,-917,3707,1537,9993,6574,54,-1927,-3266
1385,-4225,2782,-4656,-919,3725,1394,10025,6604,66,-1910,-3247
1398,-4243,2790,-4674,-922,3748,1295,10060,6631,74,-1892,-3225
1407,-4259,2804,-4695,-932,3766,1243,10091,6658,84,-1876,-3206
1417,-4268,2809,-4705,-936,3779,1209,10129,6687,101,-1857,-3186
1428,-4270,2809,-4707,-934,3789,1223,10168,6717,121,-1839,-3166
1438,-4260,2798,-4695,-927,3789,1259,10207,6747,145,-1821,-3143
1442,-4246,2789,-4681,-924,3783,1330,10248,6774,170,-1800,-3118
1439,-4236,2793,-4678,-934,3774,1453,10287,6798,187,-1779,-3094
1430,-4228,2804,-4682,-951,3763,1610,10320,6824,207,-1757,-3069
1425,-4216,2808,-4680,-961,3752,1771,10346,6855,229,-1735,-3041
1426,-4203,2804,-4671,-961,3744,1951,10374,6883,247,-1712,-3014
1421,-4207,2823,-4689,-980,3742,2167,10403,6902,252,-1690,-2993
1407,-4228,2867,-4734,-1019,3746,2403,10437,6917,256,-1671,-2971
1389,-4256,2922,-4791,-1068,3752,2643,10476,6935,266,-1651,-2949
1368,-4272,2966,-4834,-1111,3749,2881,10517,6960,285,-1628,-2927
1351,-4269,2986,-4847,-1134,3735,3074,10562,6992,315,-1604,-2904
1338,-4260,2995,-4849,-1146,3721,3217,10610,7022,349,-1579,-2881
1330,-4253,2998,-4848,-1151,3710,3360,10664,7055,383,-1556,-2860
1324,-4243,2995,-4840,-1148,3699,3525,10722,7087,411,-1538,-2846
1320,-4232,2987,-4829,-1141,3690,3675,10782,7115,427,-1527,-2838
1318,-4235,2990,-4834,-1139,3690,3813,10839,7137,433,-1519,-2835
1318,-4248,3000,-4850,-1140,3699,3922,10891,7155,436,-1517,-2838
1325,-4269,3009,-4870,-1135,3719,4004,10946,7168,432,-1521,-2842
1334,-4304,3028,-4906,-1136,3749,4085,10994,7177,417,-1533,-2852
1343,-4353,3060,-4959,-1145,3788,4151,11041,7181,396,-1550,-2869
1352,-4418,3106,-5033,-1163,3839,4213,11084,7181,372,-1569,-2885
1358,-4483,3156,-5109,-1187,3887,4261,11122,7183,355,-1588,-2903
1364,-4540,3196,-5172,-1204,3929,4274,11156,7190,347,-1607,-2921
1371,-4592,3231,-5228,-1217,3969,4265,11191,7198,344,-1622,-2938
1375,-4650,3274,-5293,-1239,4011,4281,11227,7205,340,-1635,-2952
1374,-4707,3320,-5360,-1265,4050,4295,11259,7217,341,-1645,-2968
1381,-4743,3339,-5395,-1270,4079,4276,11286,7238,354,-1651,-2982
1400,-4764,3331,-5402,-1249,4105,4253,11306,7263,370,-1656,-2998
1424,-4778,3311,-5395,-1217,4131,4234,11314,7286,383,-1663,-3016
1448,-4797,3299,-5398,-1192,4160,4221,11316,7304,386,-1673,-3038
1463,-4831,3310,-5425,-1189,4193,4224,11312,7318,380,-1691,-3065
1474,-4870,3333,-5464,-1198,4227,4221,11303,7330,367,-1712,-3095
1485,-4915,3363,-5511,-1211,4265,4214,11291,7339,352,-1731,-3123
1496,-4965,3400,-5568,-1231,4307,4204,11279,7345,333,-1752,-3152
1504,-5017,3444,-5629,-1259,4347,4181,11268,7347,314,-1777,-3183
1508,-5061,3485,-5684,-1287,4381,4136,11262,7349,293,-1803,-3215
1511,-5104,3529,-5741,-1319,4413,4101,11262,7346,269,-1826,-3249
1512,-5149,3577,-5802,-1356,4444,4080,11266,7344,242,-1849,-3284
1518,-5188,3616,-5854,-1384,4476,4050,11284,7346,222,-1869,-3314
1527,-5226,3652,-5903,-1407,4508,4027,11317,7354,210,-1885,-3342
1538,-5257,3680,-5942,-1425,4537,4005,11363,7369,205,-1901,-3370
1548,-5286,3708,-5981,-1443,4563,3988,11420,7382,198,-1921,-3400
1555,-5323,3748,-6033,-1471,4592,3984,11480,7389,178,-1946,-3434
1558,-5366,3798,-6096,-1507,4623,3988,11536,7392,148,-1975,-3474
1563,-5405,3842,-6154,-1540,4652,3981,11587,7393,117,-2008,-3517
1572,-5449,3887,-6215,-1569,4686,3975,11637,7390,83,-2041,-3558
1571,-5513,3961,-6310,-1623,4727,3985,11682,7379,41,-2078,-3601
1561,-5596,4062,-6434,-1701,4774,4004,11727,7365,1,-2112,-3641
1549,-5685,4170,-6568,-1784,4824,4025,11771,7353,-32,-2142,-3679
1541,-5766,4265,-6687,-1855,4871,4040,11811,7347,-51,-2164,-3709
1540,-5826,4331,-6774,-1901,4907,4040,11852,7347,-58,-2178,-3729
1544,-5874,4379,-6841,-1931,4940,4044,11890,7348,-61,-2186,-3745
1551,-5918,4419,-6899,-1952,4971,4048,11928,7352,-56,-2191,-3756
1560,-5956,4449,-6947,-1966,4998,4055,11970,7361,-47,-2192,-3765
1569,-5988,4472,-6984,-1972,5022,4052,12015,7376,-33,-2191,-3771
1576,-6023,4497,-7027,-1982,5046,4026,12062,7392,-18,-2189,-3775
1584,-6059,4522,-7068,-1990,5072,4001,12104,7408,3,-2189,-3781
1596,-6092,4538,-7101,-1988,5098,3997,12150,7425,21,-2187,-3784
1605,-6128,4558,-7139,-1990,5124,4015,12195,7444,31,-2187,-3789
1614,-6170,4585,-7185,-1997,5155,4041,12245,7463,36,-2189,-3795
1617,-6223,4626,-7248,-2017,5191,4087,12299,7479,36,-2191,-3803
1620,-6279,4670,-7314,-2039,5229,4138,12355,7499,40,-2193,-3810
1624,-6324,4701,-7363,-2051,5260,4179,12412,7521,49,-2193,-3815
1631,-6362,4723,-7402,-2055,5290,4224,12474,7546,63,-2191,-3816
1639,-6407,4751,-7449,-2064,5325,4288,12543,7571,80,-2187,-3813
1643,-6451,4783,-7498,-2077,5360,4339,12607,7599,102,-2182,-3810
1656,-6473,4784,-7512,-2066,5384,4369,12668,7635,134,-2171,-3802
1676,-6474,4758,-7493,-2032,5400,4385,12722,7673,171,-2157,-3795
1697,-6462,4719,-7457,-1988,5409,4396,12769,7712,202,-2145,-3792
1714,-6452,4687,-7427,-1954,5416,4425,12810,7746,223,-2140,-3793
1719,-6452,4679,-7420,-1944,5425,4474,12844,7775,231,-2141,-3800
1716,-6455,4683,-7423,-1949,5428,4518,12872,7803,231,-2146,-3811
1709,-6460,4695,-7432,-1962,5431,4544,12895,7829,228,-2153,-3823
1704,-6472,4714,-7451,-1979,5441,4561,12916,7853,223,-2160,-3837
1698,-6488,4739,-7478,-2002,5454,4574,12932,7874,219,-2171,-3855
1693,-6493,4755,-7491,-2019,5459,4564,12942,7896,211,-2184,-3875
1688,-6494,4766,-7498,-2033,5462,4543,12956,7914,201,-2195,-3892
1682,-6493,4779,-7507,-2052,5462,4517,12968,7934,196,-2205,-3907
1680,-6484,4781,-7502,-2059,5460,4477,12988,7957,201,-2210,-3917
1684,-6471,4774,-7489,-2058,5457,4453,13010,7985,212,-2212,-3924
1690,-6448,4754,-7461,-2046,5449,4436,13033,8016,223,-2214,-3930
1700,-6425,4732,-7433,-2032,5443,4416,13059,8043,227,-2220,-3936
1707,-6411,4721,-7418,-2026,5440,4390,13086,8064,224,-2231,-3946
1711,-6398,4715,-7408,-2025,5435,4348,13109,8085,216,-2242,-3960
1717,-6381,4701,-7389,-2017,5428,4278,13132,8108,209,-2250,-3976
1728,-6369,4688,-7374,-2006,5427,4197,13160,8127,202,-2257,-3992
1730,-6381,4705,-7396,-2021,5434,4124,13189,8139,189,-2269,-4015
1723,-6413,4751,-7450,-2060,5449,4066,13223,8147,174,-2284,-4041
1712,-6458,4811,-7522,-2110,5469,4024,13259,8153,158,-2300,-4067
1703,-6498,4863,-7585,-2152,5487,3986,13293,8165,157,-2309,-4088
1702,-6523,4892,-7623,-2172,5500,3931,13330,8184,168,-2310,-4102
1707,-6541,4905,-7645,-2178,5511,3874,13371,8207,187,-2306,-4110
1712,-6556,4913,-7662,-2177,5520,3815,13414,8235,207,-2297,-4113
1718,-6570,4918,-7674,-2174,5528,3766,13457,8265,229,-2288,-4115
1723,-6581,4920,-7684,-2168,5533,3726,13499,8293,253,-2279,-4114
1722,-6596,4928,-7699,-2169,5537,3682,13537,8318,276,-2271,-4115
1720,-6608,4935,-7712,-2171,5538,3646,13571,8348,300,-2265,-4119
1722,-6620,4936,-7720,-2164,5543,3639,13604,8380,321,-2258,-4121
1725,-6641,4944,-7738,-2161,5553,3661,13633,8412,336,-2254,-4125
1727,-6666,4957,-7762,-2161,5567,3679,13663,8443,345,-2251,-4125
1728,-6698,4978,-7796,-2168,5586,3726,13692,8470,352,-2248,-4123
1727,-6729,4999,-7829,-2176,5603,3795,13722,8498,365,-2244,-4119
1729,-6750,5006,-7846,-2173,5616,3859,13753,8529,386,-2234,-4112
1735,-6761,5001,-7848,-2160,5627,3927,13787,8559,410,-2220,-4099
1741,-6774,5000,-7854,-2150,5639,4019,13829,8590,435,-2202,-4081
1741,-6782,4999,-7857,-2144,5646,4121,13875,8627,468,-2181,-4062
1754,-6770,4967,-7825,-2110,5648,4209,13919,8672,508,-2155,-4041
1778,-6739,4906,-7761,-2050,5645,4283,13961,8720,547,-2131,-4019
1806,-6696,4831,-7680,-1979,5638,4344,13999,8767,579,-2112,-3999
1829,-6657,4765,-7609,-1919,5631,4386,14037,8805,605,-2094,-3982
1842,-6634,4727,-7566,-1885,5628,4426,14074,8837,625,-2082,-3969
1847,-6618,4706,-7539,-1869,5625,4473,14110,8865,638,-2072,-3962
1846,-6607,4696,-7524,-1864,5623,4534,14143,8892,648,-2065,-3956
1842,-6601,4697,-7519,-1870,5622,4597,14173,8917,652,-2060,-3949
1834,-6599,4707,-7523,-1885,5621,4655,14198,8940,659,-2052,-3943
1824,-6589,4712,-7518,-1899,5614,4690,14222,8962,670,-2043,-3936
1810,-6574,4716,-7511,-1916,5600,4726,14251,8983,684,-2033,-3923
1792,-6556,4723,-7503,-1937,5582,4780,14280,9005,704,-2023,-3908
1780,-6533,4721,-7487,-1948,5565,4832,14313,9026,727,-2009,-3889
1773,-6509,4712,-7465,-1953,5548,4882,14345,9049,752,-1995,-3872
1768,-6476,4694,-7433,-1950,5527,4914,14376,9074,782,-1980,-3855
1763,-6443,4676,-7400,-1947,5506,4923,14403,9094,807,-1966,-3841
1757,-6421,4670,-7383,-1952,5490,4919,14421,9105,821,-1956,-3831
1749,-6404,4671,-7375,-1963,5476,4894,14429,9113,832,-1950,-3824
1744,-6383,4665,-7359,-1967,5460,4843,14429,9122,846,-1946,-3822
1742,-6364,4656,-7343,-1967,5446,4790,14426,9131,853,-1944,-3823
1731,-6363,4674,-7357,-1990,5438,4762,14418,9132,844,-1947,-3828
1714,-6381,4716,-7399,-2034,5437,4771,14410,9130,828,-1956,-3833
1694,-6408,4769,-7454,-2084,5439,4793,14404,9131,816,-1962,-3839
1675,-6427,4811,-7497,-2126,5437,4801,14397,9139,813,-1967,-3845
1667,-6435,4830,-7518,-2145,5433,4783,14392,9156,824,-1965,-3845
1665,-6439,4838,-7527,-2151,5430,4762,14387,9173,838,-1961,-3841
1664,-6440,4839,-7530,-2151,5425,4734,14380,9190,850,-1956,-3835
1664,-6438,4835,-7526,-2145,5418,4701,14374,9205,865,-1948,-3830
1666,-6431,4823,-7515,-2132,5409,4678,14371,9225,884,-1939,-3823
1664,-6426,4814,-7507,-2123,5398,4679,14371,9247,905,-1931,-3815
1660,-6416,4802,-7492,-2113,5383,4693,14371,9267,927,-1925,-3807
1660,-6402,4780,-7468,-2092,5367,4705,14378,9284,947,-1918,-3800
1657,-6394,4765,-7453,-2078,5355,4718,14390,9301,961,-1913,-3794
1651,-6389,4757,-7443,-2070,5342,4712,14408,9316,971,-1908,-3787
1640,-6387,4755,-7440,-2069,5330,4701,14432,9327,979,-1902,-3780
1629,-6382,4751,-7433,-2067,5317,4679,14454,9340,992,-1892,-3771
1627,-6371,4731,-7410,-2048,5306,4651,14475,9354,1012,-1880,-3760
1632,-6358,4703,-7381,-2020,5299,4649,14496,9366,1035,-1867,-3745
1635,-6349,4681,-7359,-1999,5295,4685,14515,9374,1054,-1853,-3730
1635,-6342,4666,-7341,-1983,5291,4755,14526,9383,1078,-1838,-3718
1647,-6322,4625,-7298,-1943,5286,4833,14528,9397,1108,-1820,-3705
1670,-6289,4562,-7232,-1883,5281,4915,14520,9414,1139,-1800,-3690
1694,-6247,4490,-7153,-1816,5271,5005,14506,9431,1168,-1780,-3677
1713,-6205,4425,-7078,-1759,5258,5097,14490,9440,1189,-1759,-3667
1720,-6173,4382,-7026,-1725,5246,5192,14471,9441,1199,-1746,-3663
1722,-6147,4353,-6986,-1704,5233,5275,14449,9440,1204,-1739,-3661
1719,-6123,4331,-6953,-1693,5219,5349,14425,9439,1208,-1733,-3660
1714,-6102,4316,-6926,-1688,5206,5406,14397,9434,1210,-1728,-3661
1708,-6086,4309,-6910,-1691,5197,5446,14361,9427,1207,-1722,-3666
1701,-6065,4299,-6887,-1693,5183,5462,14320,9419,1206,-1717,-3671
1691,-6037,4287,-6859,-1697,5162,5451,14278,9410,1206,-1711,-3673
1676,-6005,4277,-6831,-1706,5136,5407,14232,9405,1214,-1702,-3670
1665,-5966,4256,-6790,-1705,5106,5324,14190,9407,1236,-1685,-3657
1657,-5918,4225,-6738,-1697,5073,5238,14145,9414,1267,-1663,-3639
1653,-5860,4181,-6670,-1677,5034,5129,14094,9420,1301,-1639,-3618
1649,-5797,4132,-6598,-1654,4993,5019,14040,9423,1323,-1615,-3597
1638,-5743,4098,-6540,-1645,4952,4944,13979,9419,1334,-1594,-3577
1622,-5694,4076,-6495,-1648,4911,4897,13910,9412,1341,-1577,-3560
1606,-5644,4051,-6447,-1649,4869,4850,13832,9402,1348,-1562,-3545
1594,-5596,4024,-6401,-1646,4830,4819,13754,9381,1347,-1547,-3529
1572,-5569,4028,-6388,-1669,4798,4835,13673,9350,1334,-1537,-3514
1542,-5561,4059,-6407,-1715,4773,4879,13596,9313,1316,-1532,-3501
1509,-5562,4101,-6439,-1770,4751,4932,13527,9278,1303,-1524,-3486
1478,-5556,4132,-6458,-1815,4724,4966,13463,9249,1300,-1515,-3468
1455,-5533,4139,-6451,-1838,4692,4955,13406,9228,1306,-1502,-3444
1435,-5504,4134,-6431,-1850,4656,4920,13354,9210,1318,-1485,-3417
1419,-5470,4120,-6402,-1853,4619,4868,13310,9192,1336,-1465,-3390
1406,-5431,4096,-6363,-1846,4579,4811,13267,9173,1355,-1444,-3363
1395,-5389,4065,-6316,-1831,4539,4758,13222,9152,1373,-1423,-3333
1384,-5355,4041,-6280,-1821,4503,4702,13170,9128,1384,-1402,-3303
1372,-5324,4020,-6247,-1812,4469,4621,13111,9105,1396,-1383,-3273
1365,-5295,3994,-6211,-1795,4439,4528,13050,9079,1406,-1362,-3240
1355,-5272,3976,-6184,-1785,4411,4449,12979,9049,1411,-1343,-3210
1343,-5252,3962,-6162,-1777,4384,4374,12901,9013,1411,-1326,-3183
1331,-5241,3955,-6150,-1774,4363,4320,12813,8969,1405,-1311,-3158
1320,-5228,3945,-6133,-1767,4343,4287,12719,8928,1402,-1296,-3131
1315,-5203,3916,-6096,-1745,4318,4265,12621,8892,1410,-1275,-3100
1314,-5172,3877,-6048,-1712,4294,4261,12525,8857,1426,-1249,-3067
1312,-5146,3842,-6005,-1682,4273,4274,12430,8821,1445,-1222,-3033
1308,-5118,3809,-5962,-1656,4249,4293,12332,8786,1469,-1198,-3001
1310,-5070,3747,-5887,-1606,4218,4305,12230,8757,1502,-1172,-2967
1318,-5004,3664,-5785,-1539,4180,4314,12126,8731,1538,-1145,-2934
1328,-4933,3573,-5675,-1466,4140,4316,12017,8704,1571,-1121,-2905
1336,-4868,3491,-5575,-1401,4104,4316,11904,8667,1591,-1104,-2880
1337,-4818,3431,-5499,-1357,4074,4327,11785,8619,1599,-1094,-2863
1332,-4775,3385,-5437,-1327,4046,4329,11664,8564,1594,-1088,-2852
1323,-4734,3346,-5383,-1306,4017,4321,11537,8506,1584,-1085,-2843
1310,-4696,3316,-5335,-1294,3989,4306,11403,8444,1573,-1082,-2836
1294,-4662,3293,-5296,-1290,3962,4288,11265,8376,1558,-1084,-2832
1275,-4624,3273,-5256,-1291,3931,4258,11126,8306,1542,-1085,-2831
1252,-4586,3257,-5219,-1298,3897,4221,10991,8234,1520,-1085,-2831
1223,-4544,3245,-5183,-1314,3858,4173,10853,8158,1494,-1088,-2833
1200,-4497,3224,-5137,-1320,3818,4105,10716,8080,1474,-1090,-2838
1181,-4445,3195,-5083,-1319,3776,4036,10581,8003,1458,-1092,-2841
1168,-4383,3152,-5014,-1305,3732,3959,10447,7929,1448,-1091,-2841
1157,-4318,3105,-4940,-1288,3687,3879,10315,7851,1436,-1091,-2838
1140,-4256,3069,-4876,-1281,3638,3802,10186,7769,1418,-1091,-2834
1120,-4195,3036,-4815,-1280,3588,3714,10057,7685,1397,-1092,-2833
1106,-4129,2995,-4745,-1269,3537,3606,9926,7601,1375,-1092,-2835
1094,-4063,2952,-4674,-1254,3486,3495,9800,7514,1349,-1090,-2835
1071,-4015,2937,-4633,-1266,3439,3395,9674,7417,1311,-1090,-2835
1040,-3984,2949,-4623,-1300,3397,3300,9549,7313,1268,-1089,-2832
1008,-3964,2971,-4626,-1341,3361,3207,9424,7209,1229,-1089,-2827
979,-3936,2982,-4616,-1372,3320,3109,9299,7110,1198,-1086,-2817
958,-3892,2968,-4579,-1379,3274,3003,9174,7015,1179,-1080,-2802
942,-3840,2940,-4527,-1373,3225,2915,9050,6923,1171,-1070,-2784
925,-3786,2910,-4472,-1365,3173,2836,8925,6830,1165,-1059,-2766
908,-3728,2875,-4410,-1352,3117,2761,8795,6735,1157,-1049,-2750
890,-3667,2836,-4345,-1337,3059,2692,8660,6638,1144,-1041,-2735
870,-3612,2804,-4288,-1327,3003,2638,8519,6537,1126,-1037,-2719
850,-3562,2774,-4234,-1316,2949,2595,8369,6435,1107,-1037,-2705
837,-3515,2740,-4180,-1298,2903,2556,8214,6326,1079,-1037,-2690
821,-3475,2714,-4136,-1286,2859,2537,8054,6216,1042,-1039,-2676
802,-3441,2696,-4100,-1281,2817,2525,7896,6104,1003,-1041,-2664
780,-3416,2688,-4079,-1285,2781,2532,7739,5990,966,-1043,-2650
761,-3393,2679,-4056,-1285,2748,2544,7582,5882,941,-1042,-2635
748,-3358,2651,-4013,-1269,2711,2548,7429,5780,927,-1035,-2616
739,-3315,2609,-3955,-1240,2672,2558,7280,5678,915,-1027,-2593
728,-3275,2572,-3903,-1217,2635,2585,7137,5573,905,-1015,-2565
713,-3233,2537,-3850,-1197,2594,2610,6993,5470,896,-1003,-2534
709,-3170,2471,-3763,-1151,2548,2606,6845,5374,894,-984,-2499
713,-3090,2378,-3646,-1080,2497,2585,6692,5284,893,-963,-2464
724,-3003,2273,-3517,-999,2446,2558,6535,5194,888,-944,-2430
730,-2921,2177,-3397,-928,2397,2535,6378,5095,876,-931,-2399
726,-2852,2105,-3302,-879,2350,2525,6221,4988,852,-927,-2371
717,-2791,2047,-3221,-845,2306,2504,6062,4876,819,-928,-2347
709,-2739,1997,-3152,-816,2269,2476,5901,4759,784,-933,-2326
696,-2691,1958,-3092,-798,2233,2446,5739,4639,751,-938,-2307
678,-2647,1927,-3041,-791,2197,2414,5574,4520,715,-944,-2290
660,-2599,1896,-2987,-784,2158,2365,5408,4402,678,-950,-2274
640,-2550,1865,-2934,-780,2118,2302,5246,4282,639,-953,-2256
617,-2498,1836,-2879,-779,2074,2229,5085,4162,603,-955,-2239
597,-2434,1793,-2807,-769,2023,2128,4934,4042,574,-953,-2218
577,-2362,1744,-2726,-754,1968,2028,4783,3925,548,-951,-2197
560,-2284,1686,-2636,-733,1910,1918,4632,3809,522,-950,-2176
546,-2208,1630,-2549,-711,1855,1812,4482,3688,488,-950,-2155
526,-2143,1590,-2479,-703,1803,1724,4334,3564,445,-954,-2135
502,-2082,1559,-2419,-705,1750,1645,4185,3441,398,-961,-2118
479,-2016,1522,-2352,-703,1694,1557,4032,3321,352,-970,-2103
461,-1953,1484,-2286,-695,1643,1472,3883,3197,303,-978,-2088
436,-1911,1474,-2253,-711,1601,1409,3737,3065,242,-994,-2079
405,-1890,1490,-2252,-747,1568,1362,3592,2926,177,-1016,-2074
373,-1882,1522,-2270,-795,1542,1327,3450,2786,112,-1040,-2071
342,-1870,1547,-2280,-836,1513,1292,3309,2651,56,-1060,-2068
320,-1846,1550,-2268,-855,1482,1250,3171,2524,10,-1074,-2060
307,-1818,1540,-2244,-859,1453,1218,3037,2400,-32,-1086,-2049
300,-1792,1525,-2218,-854,1429,1194,2909,2282,-66,-1096,-2037
294,-1763,1506,-2188,-845,1402,1173,2786,2168,-94,-1103,-2025
290,-1732,1481,-2151,-830,1375,1158,2667,2056,-122,-1111,-2016
283,-1702,1459,-2118,-817,1346,1165,2546,1944,-152,-1120,-2010
277,-1671,1434,-2081,-802,1316,1167,2423,1833,-182,-1131,-2008
275,-1637,1400,-2036,-776,1287,1160,2308,1724,-214,-1141,-2005
268,-1604,1371,-1994,-756,1255,1163,2198,1619,-245,-1149,-2002
259,-1572,1345,-1954,-740,1222,1150,2098,1518,-276,-1154,-1995
249,-1548,1326,-1925,-728,1194,1142,2005,1422,-308,-1157,-1987
239,-1524,1305,-1894,-714,1166,1130,1915,1332,-335,-1157,-1980
233,-1491,1272,-1848,-690,1136,1099,1829,1251,-350,-1151,-1969
230,-1453,1231,-1794,-658,1105,1055,1745,1176,-360,-1139,-1953
226,-1423,1199,-1751,-634,1078,1008,1660,1097,-373,-1123,-1934
219,-1394,1171,-1711,-614,1051,936,1566,1019,-381,-1111,-1917
223,-1348,1113,-1639,-568,1020,798,1467,944,-381,-1095,-1898
234,-1285,1033,-1542,-504,984,612,1363,871,-380,-1080,-1877
245,-1214,945,-1434,-434,943,395,1254,797,-386,-1067,-1861
255,-1153,868,-1340,-373,909,167,1142,713,-406,-1059,-1852
258,-1112,820,-1278,-338,883,-48,1025,619,-439,-1065,-1851
252,-1079,788,-1233,-320,858,-262,905,523,-484,-1080,-1854
240,-1045,764,-1192,-313,829,-468,781,425,-534,-1101,-1860
226,-1017,747,-1161,-312,804,-666,656,326,-588,-1123,-1867
211,-997,740,-1142,-320,783,-849,535,225,-640,-1145,-1874
196,-973,732,-1119,-327,760,-1017,420,128,-688,-1165,-1879
179,-948,723,-1095,-336,735,-1143,315,32,-735,-1181,-1881
160,-924,720,-1077,-350,710,-1234,214,-64,-778,-1196,-1881
145,-894,708,-1049,-357,683,-1326,123,-158,-812,-1207,-1876
132,-858,688,-1013,-357,654,-1379,39,-247,-838,-1215,-1866
123,-813,658,-963,-348,620,-1409,-40,-332,-856,-1221,-1854
114,-769,629,-915,-339,587,-1405,-114,-418,-877,-1227,-1842
101,-733,612,-882,-340,557,-1349,-182,-503,-902,-1232,-1830
82,-697,603,-854,-351,523,-1259,-247,-587,-930,-1239,-1819
61,-657,590,-821,-361,483,-1157,-312,-665,-956,-1245,-1810
42,-617,577,-789,-369,446,-1034,-376,-741,-985,-1249,-1801
15,-599,594,-790,-402,418,-871,-440,-824,-1027,-1259,-1795
-17,-600,634,-820,-454,398,-693,-510,-913,-1078,-1274,-1793
-51,-613,688,-868,-516,385,-514,-583,-1003,-1129,-1287,-1789
-82,-622,735,-908,-571,372,-334,-659,-1084,-1168,-1298,-1782
-100,-621,759,-926,-601,359,-173,-736,-1160,-1196,-1304,-1771
-114,-610,768,-927,-618,343,-11,-810,-1231,-1217,-1305,-1756
-128,-594,769,-920,-630,322,144,-883,-1298,-1230,-1300,-1740
-141,-574,766,-907,-637,299,285,-954,-1358,-1239,-1290,-1723
-148,-552,754,-886,-634,278,410,-1023,-1415,-1247,-1281,-1705
-154,-535,743,-869,-630,261,528,-1091,-1472,-1256,-1277,-1691
-155,-518,728,-849,-621,247,611,-1160,-1527,-1259,-1275,-1681
-153,-501,708,-825,-604,234,643,-1220,-1578,-1259,-1269,-1671
-153,-491,695,-811,-594,225,674,-1277,-1624,-1264,-1268,-1667
-155,-486,687,-802,-587,218,681,-1325,-1670,-1272,-1269,-1664
-159,-489,688,-805,-588,216,683,-1365,-1715,-1279,-1270,-1659
-165,-493,691,-808,-591,212,669,-1403,-1755,-1285,-1272,-1654
-166,-488,680,-796,-581,206,611,-1438,-1791,-1289,-1270,-1650
-161,-481,659,-776,-559,203,524,-1467,-1828,-1293,-1263,-1647
-153,-483,645,-766,-540,208,435,-1487,-1865,-1299,-1256,-1642
-149,-486,635,-759,-527,212,331,-1508,-1900,-1302,-1252,-1638
-137,-467,596,-718,-489,206,179,-1530,-1927,-1295,-1243,-1632
-118,-428,529,-645,-427,192,-8,-1549,-1946,-1283,-1232,-1624
-96,-378,447,-555,-354,173,-213,-1570,-1964,-1274,-1221,-1616
-74,-332,371,-471,-285,157,-432,-1589,-1988,-1278,-1213,-1613
-64,-299,320,-413,-241,142,-639,-1611,-2018,-1293,-1210,-1615
-62,-276,289,-374,-215,129,-852,-1635,-2050,-1316,-1212,-1620
-65,-255,267,-344,-200,114,-1041,-1664,-2083,-1342,-1218,-1629
-72,-241,254,-325,-194,103,-1191,-1697,-2118,-1375,-1228,-1640
-80,-235,253,-318,-197,96,-1306,-1735,-2155,-1410,-1242,-1653
-88,-228,253,-312,-202,88,-1401,-1776,-2191,-1446,-1257,-1668
-97,-223,256,-309,-209,82,-1468,-1818,-2228,-1488,-1274,-1684
-108,-221,266,-313,-224,77,-1506,-1867,-2268,-1529,-1292,-1704
-118,-213,271,-311,-234,69,-1557,-1914,-2305,-1561,-1308,-1721
-128,-198,269,-299,-242,55,-1589,-1959,-2340,-1587,-1322,-1735
-136,-173,257,-275,-242,36,-1628,-2001,-2370,-1606,-1334,-1745
-141,-148,244,-249,-239,19,-1661,-2040,-2401,-1627,-1346,-1753
-148,-133,243,-239,-247,6,-1631,-2080,-2435,-1650,-1361,-1764
-159,-122,249,-236,-262,-7,-1535,-2120,-2466,-1670,-1377,-1774
-167,-103,246,-222,-268,-23,-1402,-2165,-2493,-1686,-1393,-1784
-170,-84,237,-206,-268,-36,-1232,-2208,-2523,-1703,-1406,-1794
-181,-87,259,-224,-293,-40,-988,-2250,-2562,-1728,-1423,-1807
-199,-110,307,-272,-342,-37,-684,-2287,-2608,-1755,-1441,-1821
-223,-138,365,-331,-399,-33,-345,-2319,-2652,-1775,-1457,-1832
-246,-156,412,-376,-448,-36,-2,-2346,-2687,-1782,-1470,-1839
-259,-159,432,-393,-473,-44,311,-2367,-2712,-1781,-1477,-1842
-265,-154,437,-395,-482,-52,622,-2382,-2735,-1777,-1478,-1841
-266,-147,433,-389,-481,-59,929,-2397,-2756,-1768,-1475,-1839
-266,-133,421,-373,-474,-70,1207,-2412,-2774,-1759,-1470,-1838
-266,-116,403,-351,-461,-84,1450,-2426,-2789,-1754,-1464,-1835
-264,-104,387,-333,-449,-94,1671,-2442,-2803,-1756,-1459,-1833
-262,-91,370,-314,-436,-104,1843,-2459,-2815,-1757,-1453,-1829
-256,-77,347,-290,-415,-113,1966,-2466,-2824,-1755,-1446,-1818
-253,-70,332,-276,-401,-119,2082,-2476,-2832,-1761,-1441,-1810
-251,-69,325,-270,-393,-123,2133,-2486,-2844,-1770,-1437,-1803
-253,-74,326,-274,-393,-124,2145,-2495,-2858,-1781,-1434,-1796
-255,-77,326,-276,-392,-127,2101,-2504,-2870,-1786,-1428,-1787
-254,-70,312,-261,-380,-135,1969,-2508,-2877,-1780,-1418,-1774
-251,-57,290,-237,-360,-144,1771,-2505,-2879,-1766,-1403,-1756
-244,-51,272,-220,-342,-147,1550,-2496,-2879,-1754,-1387,-1736
-240,-47,259,-208,-327,-149,1320,-2488,-2873,-1739,-1371,-1715
-226,-26,220,-166,-290,-157,1047,-2480,-2856,-1711,-1352,-1689
-205,12,158,-97,-233,-170,724,-2470,-2832,-1679,-1331,-1663
-181,59,84,-15,-165,-187,343,-2460,-2810,-1648,-1313,-1639
-160,102,18,59,-107,-203,-73,-2451,-2798,-1629,-1300,-1618
-148,128,-21,104,-72,-212,-477,-2445,-2798,-1623,-1297,-1604
-144,145,-42,133,-54,-221,-894,-2445,-2801,-1626,-1301,-1595
-146,160,-54,152,-47,-230,-1308,-2450,-2808,-1638,-1309,-1591
-150,168,-56,161,-49,-236,-1690,-2455,-2822,-1654,-1317,-1590
-156,169,-48,158,-59,-239,-2022,-2462,-2841,-1675,-1325,-1591
-161,172,-42,158,-67,-241,-2310,-2468,-2862,-1689,-1331,-1593
-165,174,-35,156,-76,-241,-2520,-2470,-2884,-1699,-1330,-1592
-172,176,-25,151,-89,-243,-2661,-2477,-2903,-1705,-1327,-1591
-176,184,-23,156,-94,-248,-2771,-2479,-2921,-1705,-1319,-1587
-179,199,-29,170,-95,-257,-2815,-2487,-2937,-1702,-1310,-1585
-180,224,-47,198,-85,-270,-2820,-2496,-2950,-1697,-1300,-1585
-178,249,-66,227,-73,-282,-2774,-2501,-2965,-1698,-1294,-1585
-181,266,-72,241,-74,-293,-2656,-2505,-2987,-1706,-1293,-1589
-190,275,-66,241,-85,-302,-2491,-2517,-3011,-1715,-1297,-1593
-197,288,-65,248,-93,-313,-2315,-2537,-3035,-1726,-1304,-1601
-200,299,-67,255,-96,-322,-2115,-2559,-3062,-1741,-1310,-1610
-214,291,-41,230,-124,-324,-1850,-2584,-3098,-1770,-1322,-1620
-236,262,14,172,-178,-319,-1539,-2607,-3138,-1803,-1338,-1634
-261,225,82,100,-241,-311,-1214,-2627,-3178,-1833,-1356,-1650
-283,194,137,41,-294,-305,-891,-2644,-3213,-1854,-1374,-1665
-294,176,168,7,-323,-302,-591,-2655,-3237,-1866,-1388,-1677
-296,163,183,-14,-336,-295,-288,-2660,-3253,-1874,-1399,-1684
-294,154,191,-26,-340,-291,21,-2659,-3263,-1878,-1407,-1688
-293,150,191,-30,-340,-290,321,-2654,-3268,-1877,-1410,-1689
-288,150,184,-27,-333,-291,600,-2646,-3273,-1874,-1414,-1689
-284,145,182,-29,-328,-289,852,-2640,-3278,-1874,-1417,-1691
-280,143,176,-28,-320,-288,1054,-2640,-3280,-1875,-1422,-1693
-272,143,163,-19,-305,-288,1194,-2641,-3282,-1876,-1425,-1691
-269,142,156,-16,-297,-289,1298,-2649,-3282,-1883,-1428,-1692
-268,133,157,-24,-296,-286,1348,-2659,-3282,-1892,-1430,-1692
-269,114,171,-46,-304,-277,1376,-2670,-3282,-1900,-1426,-1691
-271,97,183,-66,-311,-270,1355,-2686,-3278,-1906,-1421,-1689
-269,93,178,-65,-304,-268,1256,-2709,-3271,-1902,-1416,-1683
-262,95,162,-53,-287,-266,1112,-2732,-3264,-1893,-1408,-1673
-254,92,151,-47,-272,-260,962,-2751,-3261,-1885,-1400,-1662
-248,91,140,-40,-257,-255,799,-2770,-3257,-1873,-1394,-1653
-232,111,100,0,-218,-257,587,-2786,-3243,-1851,-1381,-1642
-207,149,32,72,-153,-265,340,-2798,-3223,-1824,-1364,-1631
-177,198,-51,161,-77,-277,81,-2808,-3200,-1795,-1345,-1619
-150,241,-125,239,-8,-285,-163,-2811,-3180,-1774,-1326,-1607
-133,268,-171,289,35,-289,-383,-2813,-3166,-1767,-1313,-1600
-125,285,-197,318,58,-292,-628,-2818,-3157,-1766,-1304,-1599
-121,297,-213,338,72,-293,-879,-2823,-3149,-1768,-1298,-1597
-116,301,-221,347,80,-289,-1104,-2827,-3143,-1777,-1294,-1595
-113,298,-220,346,81,-281,-1306,-2830,-3139,-1789,-1294,-1597
-111,297,-217,345,79,-276,-1504,-2835,-3136,-1803,-1295,-1599
-112,295,-211,341,73,-271,-1677,-2835,-3137,-1819,-1297,-1597
-120,294,-199,334,58,-272,-1821,-2838,-3139,-1829,-1301,-1597
-125,301,-196,338,51,-278,-1966,-2837,-3140,-1829,-1301,-1592
-127,313,-202,350,51,-284,-2056,-2837,-3141,-1824,-1302,-1583
-127,331,-214,371,58,-295,-2112,-2839,-3140,-1816,-1301,-1571
-129,350,-227,392,63,-308,-2122,-2842,-3142,-1809,-1301,-1556
-134,361,-227,399,58,-318,-2064,-2848,-3150,-1811,-1304,-1543
-142,366,-219,397,46,-327,-1954,-2856,-3156,-1820,-1312,-1536
-147,377,-220,403,41,-338,-1818,-2866,-3158,-1831,-1320,-1529
-149,388,-225,413,42,-348,-1648,-2873,-3160,-1841,-1326,-1521
-160,382,-205,395,20,-353,-1421,-2880,-3174,-1864,-1340,-1520
-180,360,-159,348,-25,-353,-1148,-2883,-3193,-1887,-1355,-1524
-205,327,-97,283,-83,-350,-838,-2881,-3210,-1902,-1367,-1530
-228,299,-45,228,-134,-349,-520,-2879,-3220,-1906,-1375,-1534
-241,288,-18,201,-160,-352,-230,-2871,-3225,-1898,-1377,-1535
-244,282,-9,190,-169,-353,58,-2857,-3226,-1883,-1374,-1531
-242,279,-7,185,-169,-354,337,-2841,-3224,-1865,-1369,-1528
-239,283,-15,191,-162,-358,599,-2823,-3220,-1846,-1365,-1524
-236,295,-31,208,-148,-366,835,-2803,-3214,-1827,-1360,-1517
-234,303,-42,220,-139,-374,1053,-2785,-3212,-1816,-1357,-1511
-230,308,-55,231,-127,-379,1230,-2773,-3212,-1807,-1355,-1508
-220,313,-74,246,-106,-378,1358,-2759,-3210,-1799,-1349,-1504
-212,313,-86,254,-92,-376,1473,-2745,-3207,-1797,-1345,-1502
-210,311,-91,256,-86,-376,1531,-2734,-3208,-1801,-1345,-1503
-210,298,-83,243,-90,-369,1562,-2724,-3211,-1811,-1346,-1506
-212,285,-74,229,-96,-363,1550,-2717,-3209,-1814,-1344,-1510
-209,282,-80,231,-89,-360,1459,-2712,-3202,-1808,-1339,-1513
-201,285,-96,245,-72,-357,1322,-2705,-3195,-1795,-1329,-1512
-196,284,-105,252,-61,-352,1171,-2697,-3189,-1784,-1319,-1510
-196,285,-110,257,-56,-351,1003,-2695,-3185,-1772,-1311,-1509
-188,303,-140,291,-30,-356,783,-2697,-3175,-1748,-1302,-1507
-174,336,-192,349,15,-365,514,-2704,-3165,-1725,-1294,-1508
-154,370,-249,412,68,-372,215,-2714,-3157,-1705,-1287,-1511
-139,396,-293,460,108,-376,-91,-2726,-3158,-1698,-1284,-1518
-135,410,-313,484,125,-377,-369,-2743,-3167,-1709,-1286,-1529
-135,413,-317,491,129,-376,-636,-2763,-3178,-1727,-1291,-1543
-136,409,-314,487,127,-369,-885,-2786,-3191,-1744,-1300,-1557
-139,404,-305,479,120,-363,-1112,-2806,-3204,-1760,-1310,-1571
-145,399,-294,469,108,-359,-1307,-2822,-3215,-1773,-1318,-1581
-152,404,-291,472,103,-362,-1473,-2831,-3222,-1781,-1324,-1588
-158,413,-292,479,99,-368,-1592,-2833,-3227,-1785,-1325,-1589
-168,424,-290,485,92,-377,-1673,-2839,-3230,-1783,-1323,-1591
-173,442,-299,504,95,-390,-1753,-2839,-3229,-1771,-1317,-1589
-173,464,-317,530,107,-402,-1800,-2840,-3228,-1760,-1312,-1588
-173,492,-340,564,121,-419,-1836,-2842,-3225,-1743,-1305,-1583
-173,516,-359,592,133,-434,-1848,-2838,-3223,-1728,-1296,-1576
-179,531,-362,603,130,-447,-1798,-2833,-3220,-1715,-1286,-1570
-189,541,-357,605,119,-460,-1714,-2832,-3216,-1706,-1277,-1567
-199,557,-357,614,111,-478,-1627,-2838,-3207,-1696,-1268,-1565
-205,574,-363,629,110,-494,-1518,-2842,-3200,-1686,-1259,-1562
-222,575,-342,614,82,-508,-1340,-2845,-3203,-1687,-1257,-1562
-248,559,-296,571,32,-516,-1098,-2849,-3212,-1696,-1261,-1563
-277,533,-237,513,-28,-520,-818,-2851,-3222,-1707,-1266,-1563
-301,509,-185,461,-81,-523,-527,-2856,-3226,-1712,-1268,-1564
-317,499,-156,434,-114,-530,-252,-2860,-3226,-1708,-1267,-1563
-329,497,-139,420,-134,-539,40,-2860,-3225,-1700,-1265,-1559
-336,493,-127,408,-150,-545,330,-2857,-3221,-1692,-1260,-1554
-341,491,-118,400,-161,-551,590,-2855,-3218,-1687,-1254,-1549
-341,490,-118,398,-163,-554,822,-2855,-3216,-1680,-1246,-1540
-340,487,-115,394,-165,-556,1043,-2858,-3217,-1676,-1239,-1531
-339,486,-116,393,-165,-559,1224,-2867,-3216,-1668,-1232,-1525
-333,486,-124,398,-156,-558,1357,-2875,-3216,-1662,-1224,-1517
-327,484,-131,401,-149,-556,1479,-2894,-3218,-1662,-1217,-1511
-320,479,-136,401,-141,-552,1547,-2913,-3220,-1662,-1207,-1501
-315,462,-128,385,-143,-540,1597,-2930,-3224,-1661,-1194,-1486
-308,442,-118,366,-145,-524,1609,-2948,-3226,-1656,-1176,-1471
-298,431,-121,362,-134,-512,1544,-2961,-3221,-1640,-1153,-1450
-285,427,-136,370,-114,-501,1421,-2963,-3215,-1619,-1128,-1426
-272,416,-143,369,-99,-486,1276,-2955,-3210,-1598,-1103,-1401
-262,402,-144,362,-89,-470,1104,-2941,-3200,-1572,-1079,-1377
-244,408,-173,388,-56,-463,864,-2922,-3182,-1532,-1051,-1351
-222,434,-226,441,-3,-464,564,-2901,-3162,-1493,-1026,-1326
-198,465,-288,505,57,-467,241,-2881,-3145,-1462,-1005,-1309
-177,486,-337,554,106,-466,-76,-2861,-3141,-1449,-992,-1301
-164,490,-358,572,132,-459,-362,-2840,-3147,-1450,-989,-1302
-160,487,-365,576,142,-451,-653,-2818,-3155,-1459,-992,-1312
-162,484,-365,575,143,-448,-927,-2799,-3161,-1470,-998,-1321
-168,477,-356,565,135,-445,-1169,-2780,-3169,-1480,-1004,-1330
-178,463,-336,544,117,-439,-1376,-2761,-3178,-1492,-1012,-1340
-188,455,-319,528,100,-437,-1556,-2747,-3184,-1504,-1019,-1350
-199,446,-301,509,81,-435,-1686,-2737,-3190,-1517,-1024,-1358
-213,435,-275,484,55,-433,-1779,-2733,-3191,-1529,-1029,-1364
-225,431,-256,469,34,-436,-1865,-2724,-3188,-1528,-1027,-1364
-237,440,-250,469,22,-446,-1909,-2715,-3181,-1525,-1024,-1363
-242,461,-260,489,25,-461,-1926,-2709,-3172,-1518,-1020,-1361
-242,482,-275,511,34,-473,-1907,-2708,-3166,-1517,-1019,-1357
-246,496,-279,521,33,-483,-1832,-2710,-3164,-1523,-1021,-1354
-254,510,-277,528,25,-496,-1728,-2718,-3160,-1528,-1024,-1353
-260,532,-285,546,24,-513,-1628,-2735,-3157,-1531,-1028,-1354
-259,550,-296,564,30,-524,-1513,-2757,-3157,-1538,-1034,-1354
-266,547,-278,548,11,-525,-1354,-2782,-3172,-1558,-1044,-1358
-280,526,-234,503,-30,-520,-1170,-2811,-3199,-1583,-1060,-1365
-297,497,-180,447,-79,-512,-972,-2841,-3229,-1609,-1079,-1373
-311,471,-134,399,-120,-504,-767,-2870,-3252,-1625,-1095,-1381
-315,458,-111,373,-140,-498,-588,-2893,-3269,-1632,-1105,-1385
-314,452,-101,362,-148,-493,-407,-2911,-3284,-1639,-1111,-1386
-313,448,-94,355,-152,-490,-228,-2926,-3293,-1641,-1115,-1388
-309,444,-92,352,-152,-486,-65,-2936,-3297,-1638,-1118,-1389
-302,442,-95,353,-146,-481,78,-2940,-3299,-1633,-1118,-1389
-299,439,-95,352,-143,-479,214,-2937,-3298,-1627,-1118,-1390
-299,444,-101,360,-140,-484,324,-2935,-3295,-1615,-1117,-1390
-295,451,-114,375,-128,-488,405,-2923,-3287,-1602,-1111,-1387
-293,455,-123,384,-120,-491,486,-2909,-3278,-1594,-1105,-1387
-296,456,-127,388,-118,-495,532,-2891,-3269,-1588,-1098,-1386
-303,450,-120,381,-126,-497,565,-2872,-3263,-1588,-1092,-1385
-309,440,-111,370,-135,-496,566,-2855,-3257,-1587,-1088,-1384
-311,439,-115,374,-132,-497,509,-2838,-3248,-1579,-1083,-1382
-302,437,-129,383,-116,-491,415,-2818,-3237,-1567,-1077,-1374
-290,427,-138,383,-100,-476,317,-2796,-3227,-1557,-1070,-1367
-279,417,-146,382,-87,-462,203,-2779,-3216,-1542,-1067,-1363
-260,426,-182,413,-49,-456,29,-2765,-3197,-1515,-1059,-1357
-234,457,-246,477,12,-459,-199,-2757,-3176,-1488,-1049,-1350
-205,501,-325,560,85,-468,-453,-2753,-3155,-1462,-1041,-1343
-176,539,-398,634,153,-475,-701,-2750,-3140,-1444,-1034,-1334
-158,563,-444,681,196,-478,-913,-2755,-3132,-1436,-1030,-1328
-150,578,-473,711,221,-482,-1117,-2765,-3127,-1428,-1028,-1324
-147,590,-491,731,234,-488,-1311,-2779,-3123,-1425,-1027,-1319
-151,598,-497,740,236,-494,-1490,-2795,-3122,-1425,-1025,-1315
-157,597,-492,736,228,-497,-1655,-2816,-3126,-1427,-1028,-1315
-162,596,-485,730,219,-499,-1814,-2840,-3132,-1429,-1031,-1318
-169,594,-475,722,208,-500,-1934,-2861,-3139,-1434,-1030,-1318
-181,592,-460,710,189,-506,-2017,-2885,-3146,-1436,-1028,-1318
-190,597,-451,707,176,-516,-2100,-2897,-3149,-1430,-1021,-1313
-197,607,-450,713,170,-527,-2139,-2903,-3147,-1414,-1013,-1304
-201,629,-462,736,175,-545,-2160,-2906,-3144,-1392,-1000,-1295
-206,654,-476,760,180,-565,-2150,-2904,-3144,-1378,-989,-1284
-214,668,-474,767,173,-580,-2081,-2902,-3148,-1376,-980,-1277
-224,674,-462,762,158,-592,-1977,-2903,-3154,-1377,-975,-1274
-234,685,-454,763,146,-606,-1876,-2907,-3161,-1383,-973,-1274
-237,694,-451,766,141,-616,-1764,-2910,-3171,-1395,-976,-1277
-248,681,-419,734,112,-616,-1591,-2910,-3190,-1417,-988,-1286
-265,649,-362,673,63,-607,-1370,-2905,-3211,-1443,-1004,-1295
-282,608,-296,601,7,-593,-1128,-2894,-3230,-1462,-1016,-1300
-296,575,-243,542,-38,-581,-891,-2884,-3241,-1468,-1024,-1301
-301,561,-217,513,-60,-577,-687,-2872,-3246,-1462,-1024,-1296
-302,554,-205,498,-68,-574,-491,-2863,-3252,-1455,-1019,-1289
-303,552,-198,491,-74,-575,-298,-2857,-3257,-1448,-1013,-1282
-308,554,-193,486,-80,-580,-120,-2853,-3261,-1440,-1008,-1275
-311,555,-191,484,-84,-584,33,-2852,-3263,-1436,-1004,-1268
-311,549,-187,476,-86,-580,172,-2856,-3266,-1437,-1002,-1264
-312,544,-186,470,-87,-578,294,-2865,-3266,-1437,-1001,-1261
-310,542,-190,471,-81,-575,388,-2871,-3260,-1432,-995,-1252
-310,533,-188,463,-81,-568,485,-2882,-3252,-1431,-988,-1243
-312,520,-181,449,-87,-560,545,-2889,-3246,-1432,-981,-1233
-318,503,-167,428,-99,-550,593,-2895,-3242,-1434,-975,-1225
-323,489,-159,413,-106,-542,605,-2901,-3237,-1431,-971,-1216
-322,485,-167,417,-98,-536,550,-2907,-3227,-1424,-964,-1206
-318,487,-183,431,-82,-532,459,-2907,-3217,-1416,-956,-1195
-313,483,-195,437,-70,-523,374,-2901,-3210,-1407,-946,-1184
-311,480,-203,443,-61,-517,270,-2895,-3202,-1396,-938,-1176
-297,492,-238,476,-27,-513,86,-2887,-3185,-1378,-928,-1168
-273,519,-298,536,30,-513,-167,-2883,-3167,-1360,-918,-1162
-246,558,-372,613,99,-518,-447,-2882,-3153,-1347,-909,-1158
-222,593,-436,681,158,-524,-703,-2881,-3145,-1342,-901,-1157
-210,611,-471,718,190,-526,-898,-2880,-3142,-1345,-899,-1162
-202,616,-487,735,206,-524,-1062,-2880,-3142,-1350,-900,-1171
-195,613,-491,738,213,-516,-1202,-2883,-3143,-1356,-902,-1181
-188,602,-487,729,214,-503,-1322,-2888,-3144,-1365,-904,-1193
-183,587,-474,712,209,-489,-1436,-2894,-3148,-1376,-909,-1205
-176,574,-464,699,205,-476,-1560,-2902,-3151,-1388,-917,-1219
-171,563,-452,684,199,-466,-1661,-2908,-3155,-1399,-923,-1227
-172,555,-436,669,186,-463,-1727,-2920,-3157,-1405,-931,-1237
-170,556,-429,666,181,-464,-1803,-2929,-3158,-1400,-935,-1239
-169,566,-431,674,181,-473,-1838,-2934,-3155,-1387,-936,-1236
-166,589,-445,699,189,-490,-1857,-2934,-3143,-1368,-936,-1232
-164,615,-462,727,200,-509,-1857,-2932,-3133,-1353,-934,-1229
-167,635,-467,743,199,-528,-1814,-2930,-3125,-1347,-935,-1229
-174,651,-464,750,189,-548,-1739,-2933,-3119,-1343,-939,-1230
-180,672,-467,765,186,-569,-1655,-2942,-3111,-1338,-945,-1229
-181,693,-476,784,188,-588,-1553,-2949,-3104,-1336,-948,-1226
-192,694,-455,770,165,-600,-1391,-2953,-3108,-1345,-958,-1227
-212,674,-406,722,116,-604,-1178,-2954,-3118,-1361,-968,-1230
-236,645,-343,659,56,-605,-935,-2948,-3128,-1379,-976,-1232
-258,621,-289,606,5,-606,-688,-2938,-3132,-1388,-983,-1232
-273,610,-257,576,-29,-612,-480,-2924,-3131,-1389,-984,-1227
-282,604,-236,556,-50,-617,-293,-2912,-3129,-1383,-982,-1219
-290,600,-221,543,-66,-622,-119,-2902,-3126,-1375,-980,-1211
-297,601,-214,538,-76,-629,34,-2892,-3120,-1361,-977,-1201
-301,607,-216,543,-77,-637,165,-2884,-3114,-1344,-973,-1189
-304,606,-215,541,-79,-640,297,-2880,-3109,-1331,-967,-1178
-306,605,-217,541,-79,-641,400,-2884,-3103,-1320,-961,-1170
-301,605,-227,548,-68,-638,452,-2888,-3100,-1314,-954,-1161
-296,599,-232,548,-59,-629,500,-2900,-3100,-1316,-953,-1155
-292,585,-231,538,-56,-616,507,-2911,-3103,-1324,-953,-1150
-290,562,-220,516,-60,-597,499,-2919,-3111,-1336,-954,-1145
-290,538,-207,493,-66,-578,469,-2927,-3116,-1342,-952,-1139
-289,524,-206,484,-64,-566,396,-2935,-3116,-1340,-948,-1132
-284,512,-211,482,-54,-552,301,-2936,-3113,-1329,-938,-1123
-278,495,-211,471,-48,-533,214,-2934,-3111,-1318,-928,-1114
-277,480,-210,463,-45,-520,121,-2937,-3106,-1300,-920,-1108
-270,490,-238,489,-19,-518,-30,-2942,-3097,-1275,-912,-1101
-257,520,-293,547,29,-525,-227,-2949,-3085,-1248,-903,-1095
-239,558,-360,619,87,-535,-443,-2956,-3074,-1224,-895,-1088
-222,589,-419,680,140,-541,-648,-2960,-3068,-1210,-888,-1081
-209,603,-454,713,173,-538,-817,-2964,-3067,-1205,-888,-1075
-202,604,-471,727,190,-531,-991,-2967,-3067,-1205,-890,-1076
-200,603,-477,731,196,-526,-1178,-2969,-3070,-1212,-899,-1081
-202,596,-473,725,192,-519,-1371,-2967,-3075,-1227,-910,-1089
-205,585,-460,709,181,-511,-1555,-2961,-3082,-1241,-919,-1099
-212,579,-448,698,168,-508,-1738,-2953,-3087,-1254,-927,-1108
-219,573,-433,684,152,-507,-1888,-2938,-3087,-1264,-931,-1111
-228,567,-414,667,131,-506,-1999,-2925,-3081,-1268,-934,-1116
-232,567,-405,660,120,-507,-2107,-2911,-3071,-1262,-933,-1116
-232,573,-403,663,117,-510,-2175,-2898,-3059,-1252,-932,-1113
-227,585,-412,676,123,-515,-2229,-2889,-3045,-1239,-930,-1107
-223,603,-423,695,131,-525,-2251,-2882,-3034,-1230,-928,-1100
-224,619,-426,706,129,-538,-2209,-2879,-3028,-1231,-928,-1095
-229,633,-423,712,121,-552,-2122,-2885,-3022,-1239,-930,-1094
-234,652,-425,724,117,-570,-2030,-2899,-3017,-1244,-931,-1095
-233,669,-430,738,118,-584,-1922,-2917,-3016,-1252,-932,-1098
-241,667,-408,720,96,-591,-1752,-2939,-3023,-1271,-940,-1103
-258,646,-358,671,50,-592,-1521,-2961,-3036,-1290,-950,-1109
-278,615,-296,608,-6,-588,-1246,-2980,-3051,-1302,-959,-1113
-294,587,-242,552,-53,-583,-951,-3002,-3062,-1304,-966,-1115
-301,573,-213,522,-77,-581,-686,-3027,-3068,-1297,-967,-1117
-303,566,-198,506,-88,-581,-417,-3053,-3076,-1289,-965,-1114
-303,562,-188,495,-95,-583,-150,-3080,-3084,-1286,-964,-1110
-305,561,-182,490,-99,-587,95,-3108,-3092,-1282,-962,-1103
-306,563,-182,490,-98,-591,327,-3134,-3098,-1280,-961,-1094
-307,558,-178,483,-100,-592,547,-3158,-3104,-1280,-961,-1086
-309,554,-174,478,-102,-594,718,-3184,-3107,-1277,-958,-1081
-310,554,-178,480,-98,-596,820,-3200,-3111,-1275,-950,-1073
-314,549,-177,475,-100,-598,897,-3215,-3116,-1278,-945,-1070
-322,541,-169,464,-109,-599,921,-3224,-3121,-1285,-942,-1066
-331,524,-152,442,-124,-594,919,-3225,-3124,-1294,-938,-1060
-338,505,-138,420,-137,-586,870,-3216,-3123,-1297,-933,-1055
-338,496,-139,415,-135,-579,754,-3198,-3118,-1288,-923,-1046
-333,493,-153,423,-121,-572,603,-3171,-3113,-1275,-912,-1033
-327,487,-165,428,-108,-562,449,-3134,-3112,-1264,-899,-1017
-322,483,-178,435,-94,-553,280,-3092,-3107,-1250,-883,-998
-305,501,-224,478,-52,-552,59,-3049,-3093,-1220,-859,-976
-282,538,-296,552,12,-559,-204,-3007,-3076,-1188,-833,-953
-256,585,-379,640,85,-571,-484,-2971,-3061,-1162,-811,-934
-234,625,-450,715,147,-580,-740,-2941,-3056,-1146,-794,-919
-221,648,-494,761,185,-583,-942,-2919,-3057,-1142,-785,-911
-214,661,-520,788,207,-585,-1134,-2906,-3063,-1145,-780,-905
-212,669,-536,806,219,-586,-1332,-2904,-3072,-1153,-781,-899
-212,670,-540,811,221,-583,-1522,-2912,-3079,-1164,-783,-895
-213,667,-538,809,218,-579,-1667,-2930,-3086,-1175,-788,-892
-215,668,-537,811,215,-579,-1762,-2951,-3092,-1181,-792,-889
-217,667,-530,807,209,-577,-1800,-2969,-3098,-1185,-796,-885
-223,665,-519,799,196,-577,-1806,-2992,-3101,-1187,-799,-883
-226,671,-516,802,191,-582,-1842,-3013,-3102,-1178,-796,-876
-228,685,-519,814,190,-591,-1865,-3033,-3102,-1168,-795,-866
-227,707,-533,839,199,-605,-1889,-3051,-3097,-1157,-793,-854
-224,729,-548,864,210,-618,-1901,-3065,-3093,-1151,-793,-841
-221,742,-552,875,213,-626,-1884,-3079,-3093,-1155,-797,-833
-222,751,-547,876,208,-633,-1845,-3093,-3093,-1165,-806,-831
-225,765,-546,884,204,-646,-1810,-3106,-3090,-1176,-812,-833
-227,780,-546,893,201,-660,-1774,-3113,-3087,-1189,-816,-834
-240,778,-519,871,173,-668,-1686,-3120,-3092,-1210,-826,-839
-258,756,-466,820,125,-668,-1511,-3128,-3104,-1237,-840,-846
-279,721,-399,751,66,-661,-1263,-3134,-3117,-1260,-854,-855
-296,690,-340,688,14,-654,-986,-3144,-3127,-1272,-867,-863
-306,673,-304,652,-17,-653,-734,-3154,-3130,-1271,-872,-865
-307,663,-285,630,-30,-649,-484,-3165,-3132,-1265,-874,-863
-303,652,-273,613,-36,-642,-235,-3178,-3136,-1259,-875,-863
-296,641,-264,597,-38,-634,9,-3194,-3142,-1251,-878,-868
-289,630,-258,585,-36,-625,240,-3210,-3147,-1241,-879,-871
-281,614,-250,567,-36,-613,470,-3224,-3153,-1232,-880,-872
-276,601,-244,553,-36,-604,656,-3238,-3155,-1223,-883,-874
-269,591,-245,546,-29,-595,779,-3247,-3155,-1216,-883,-872
-268,580,-240,534,-31,-590,893,-3256,-3155,-1218,-885,-874
-273,565,-228,516,-41,-585,957,-3262,-3159,-1228,-888,-883
-279,537,-203,480,-60,-571,996,-3266,-3167,-1245,-894,-895
-284,504,-176,440,-80,-554,993,-3268,-3173,-1260,-900,-906
-286,482,-163,418,-87,-540,912,-3264,-3173,-1266,-902,-913
-283,470,-166,413,-82,-530,774,-3253,-3171,-1265,-900,-917
-280,456,-168,405,-77,-518,611,-3233,-3169,-1262,-897,-918
-279,442,-168,398,-75,-506,413,-3212,-3163,-1253,-893,-917
-269,452,-200,427,-45,-504,123,-3190,-3149,-1230,-884,-911
-251,484,-262,491,9,-511,-236,-3170,-3130,-1200,-871,-904
-229,528,-339,574,76,-523,-629,-3151,-3109,-1173,-859,-898
-210,567,-407,647,135,-534,-1019,-3133,-3095,-1158,-850,-893
-200,591,-450,694,171,-540,-1363,-3120,-3090,-1156,-849,-896
-196,607,-475,724,190,-546,-1706,-3111,-3090,-1159,-854,-903
-197,617,-490,742,199,-549,-2042,-3106,-3093,-1167,-865,-914
-199,619,-492,748,199,-548,-2345,-3103,-3100,-1179,-879,-927
-201,612,-484,740,193,-541,-2605,-3102,-3112,-1197,-896,-941
-202,606,-477,733,187,-534,-2848,-3101,-3125,-1218,-913,-955
-206,600,-465,722,175,-529,-3041,-3098,-3140,-1238,-927,-965
-215,595,-447,709,157,-528,-3165,-3097,-3152,-1253,-940,-976
-220,598,-439,706,148,-530,-3277,-3095,-3163,-1258,-951,-983
-222,607,-440,713,147,-535,-3331,-3101,-3174,-1258,-963,-987
-222,627,-451,734,154,-546,-3356,-3116,-3185,-1255,-974,-987
-220,649,-466,758,164,-558,-3333,-3139,-3199,-1257,-984,-984
-222,665,-469,770,165,-568,-3224,-3167,-3213,-1266,-993,-979
-226,675,-466,774,160,-578,-3056,-3200,-3224,-1280,-1003,-975
-230,693,-469,787,159,-592,-2870,-3241,-3231,-1292,-1012,-971
-231,711,-477,802,163,-604,-2655,-3281,-3237,-1306,-1014,-966
-238,710,-458,786,145,-608,-2381,-3324,-3250,-1327,-1018,-961
-254,690,-414,742,105,-606,-2064,-3365,-3267,-1346,-1023,-954
-275,664,-358,685,54,-604,-1721,-3401,-3282,-1361,-1026,-946
-294,643,-311,637,9,-604,-1370,-3435,-3291,-1366,-1026,-936
-306,637,-287,614,-15,-609,-1044,-3461,-3292,-1357,-1020,-924
-310,638,-279,607,-23,-615,-698,-3477,-3287,-1341,-1007,-907
-313,642,-277,607,-26,-622,-334,-3484,-3277,-1320,-993,-892
-316,649,-280,612,-27,-632,32,-3483,-3264,-1301,-981,-879
-320,656,-282,616,-28,-641,378,-3476,-3253,-1288,-975,-872
-323,651,-276,607,-34,-643,699,-3466,-3241,-1280,-974,-869
-327,646,-270,599,-40,-647,940,-3457,-3230,-1276,-975,-870
-329,644,-269,596,-42,-649,1095,-3439,-3219,-1273,-972,-870
-330,636,-265,588,-46,-649,1220,-3419,-3208,-1277,-971,-876
-335,627,-257,576,-55,-649,1274,-3390,-3198,-1281,-970,-880
-340,610,-242,555,-68,-644,1284,-3355,-3186,-1285,-970,-885
-343,589,-226,532,-80,-635,1240,-3318,-3169,-1281,-969,-890
-341,577,-223,523,-81,-628,1112,-3280,-3150,-1271,-964,-892
-335,569,-230,524,-73,-621,935,-3242,-3131,-1258,-956,-890
-328,555,-231,517,-67,-608,753,-3203,-3114,-1242,-947,-884
-319,540,-233,510,-60,-595,556,-3168,-3096,-1222,-939,-879
-299,544,-265,535,-26,-585,295,-3139,-3072,-1194,-928,-870
-271,565,-322,589,30,-581,-27,-3113,-3044,-1162,-912,-861
-240,596,-391,658,97,-582,-379,-3091,-3020,-1132,-895,-852
-209,621,-454,718,159,-578,-708,-3073,-3001,-1112,-883,-846
-189,632,-491,751,197,-571,-1002,-3062,-2992,-1105,-875,-847
-180,636,-509,768,215,-567,-1318,-3058,-2990,-1108,-870,-854
-176,639,-519,778,224,-565,-1653,-3062,-2995,-1119,-869,-864
-175,638,-521,780,226,-561,-1981,-3073,-3004,-1133,-869,-873
-174,629,-515,771,223,-552,-2280,-3092,-3012,-1146,-871,-886
-173,623,-510,764,220,-544,-2548,-3111,-3017,-1156,-871,-899
-173,618,-504,757,217,-536,-2750,-3125,-3022,-1165,-871,-908
-178,613,-491,745,205,-533,-2884,-3142,-3027,-1169,-874,-916
-180,614,-486,742,201,-530,-3002,-3159,-3033,-1165,-874,-921
-178,618,-486,745,203,-528,-3059,-3178,-3037,-1157,-876,-924
-173,629,-496,758,213,-528,-3100,-3200,-3041,-1148,-880,-928
-168,641,-505,771,223,-530,-3102,-3219,-3049,-1147,-886,-935
-166,644,-501,770,222,-527,-3015,-3236,-3062,-1159,-894,-945
-166,642,-491,761,216,-523,-2858,-3252,-3075,-1174,-904,-958
-167,652,-490,766,215,-528,-2677,-3265,-3086,-1184,-913,-970
-166,667,-497,779,220,-535,-2476,-3267,-3096,-1194,-921,-979
-175,661,-473,759,199,-536,-2208,-3266,-3113,-1215,-933,-990
-193,636,-419,705,151,-530,-1886,-3259,-3135,-1243,-951,-1006
-218,602,-352,636,90,-522,-1526,-3245,-3154,-1271,-970,-1021
-238,574,-295,579,39,-517,-1167,-3227,-3167,-1290,-986,-1033
-251,564,-264,549,10,-519,-870,-3201,-3171,-1293,-995,-1038
-259,560,-247,534,-7,-522,-595,-3168,-3166,-1285,-997,-1039
-265,562,-237,527,-17,-528,-329,-3133,-3158,-1273,-995,-1036
-270,571,-237,531,-21,-538,-75,-3100,-3147,-1263,-991,-1029
-273,587,-248,548,-15,-553,156,-3071,-3133,-1257,-987,-1019
-276,602,-258,563,-11,-568,378,-3046,-3119,-1253,-983,-1008
-280,619,-272,583,-5,-585,555,-3033,-3106,-1248,-979,-999
-276,636,-295,608,13,-596,669,-3027,-3096,-1243,-975,-988
-271,643,-309,621,24,-601,763,-3027,-3086,-1241,-975,-977
-271,643,-315,624,27,-604,799,-3028,-3075,-1237,-974,-966
-274,636,-309,615,20,-604,813,-3028,-3064,-1233,-976,-952
-279,630,-305,609,13,-606,784,-3028,-3049,-1222,-971,-935
-280,633,-314,617,16,-612,682,-3027,-3027,-1199,-957,-911
-275,635,-329,629,28,-613,541,-3024,-3005,-1169,-940,-885
-269,627,-336,629,35,-606,403,-3021,-2989,-1141,-924,-860
-267,619,-338,626,37,-601,262,-3026,-2977,-1116,-908,-837
-256,627,-367,652,63,-601,68,-3030,-2958,-1085,-888,-811
-234,650,-420,703,111,-602,-190,-3037,-2936,-1053,-867,-785
-209,680,-484,767,171,-606,-476,-3046,-2914,-1021,-846,-761
-186,708,-543,826,224,-610,-750,-3057,-2899,-994,-828,-740
-173,725,-581,864,257,-613,-975,-3072,-2893,-977,-819,-725
-167,736,-604,888,276,-616,-1193,-3088,-2889,-965,-813,-716
-165,745,-621,906,288,-620,-1405,-3105,-2884,-955,-808,-712
-165,748,-629,915,293,-621,-1602,-3122,-2881,-948,-803,-710
-169,743,-623,909,287,-619,-1779,-3137,-2880,-947,-799,-709
-172,737,-617,902,281,-615,-1948,-3147,-2876,-947,-793,-710
-174,726,-606,888,273,-608,-2085,-3147,-2871,-949,-786,-710
-179,715,-589,871,259,-603,-2179,-3149,-2864,-949,-782,-713
-184,712,-579,863,250,-603,-2271,-3146,-2856,-945,-775,-713
-186,712,-573,860,246,-603,-2313,-3143,-2845,-943,-768,-712
-185,720,-578,869,251,-607,-2340,-3143,-2835,-944,-762,-715
-183,732,-587,883,259,-612,-2334,-3140,-2827,-946,-759,-719
-188,740,-584,887,255,-621,-2259,-3135,-2820,-948,-757,-722
-199,745,-571,882,241,-631,-2139,-3131,-2817,-949,-754,-727
-210,755,-563,884,230,-644,-2019,-3130,-2815,-950,-756,-733
-216,765,-560,888,225,-655,-1891,-3128,-2818,-956,-761,-740
-232,756,-528,861,195,-659,-1714,-3131,-2832,-974,-771,-753
-257,727,-468,801,140,-656,-1494,-3133,-2855,-999,-785,-767
-282,686,-396,726,76,-646,-1251,-3132,-2880,-1024,-801,-782
-302,651,-334,662,23,-635,-1009,-3129,-2897,-1038,-812,-794
-311,630,-300,625,-4,-627,-797,-3122,-2905,-1040,-815,-799
-309,615,-282,602,-13,-616,-584,-3113,-2906,-1034,-813,-798
-300,600,-273,586,-13,-601,-369,-3101,-2904,-1024,-810,-794
-291,591,-270,578,-8,-590,-170,-3088,-2901,-1014,-809,-791
-282,584,-271,573,0,-580,13,-3074,-2899,-1006,-806,-786
-274,573,-267,562,3,-568,187,-3062,-2901,-1005,-805,-783
-267,563,-263,552,6,-558,326,-3056,-2902,-1006,-807,-781
-259,554,-263,544,12,-548,424,-3043,-2905,-1008,-809,-778
-253,539,-256,528,12,-535,532,-3034,-2906,-1015,-813,-778
-251,518,-240,502,2,-521,592,-3025,-2907,-1024,-816,-777
-253,490,-214,465,-15,-503,641,-3014,-2906,-1036,-818,-775
-253,464,-191,431,-31,-487,667,-3003,-2901,-1045,-821,-775
-248,451,-187,418,-31,-476,632,-2993,-2889,-1044,-822,-775
-239,445,-195,418,-20,-466,551,-2976,-2872,-1038,-819,-771
-228,433,-199,412,-11,-451,457,-2953,-2856,-1036,-818,-768
-220,421,-200,403,-6,-438,350,-2929,-2837,-1029,-819,-768
-203,426,-227,424,23,-430,186,-2904,-2810,-1014,-817,-764
-182,450,-277,473,69,-432,-31,-2882,-2781,-1003,-818,-761
-158,482,-337,534,125,-437,-282,-2863,-2756,-997,-822,-760
-136,506,-389,585,173,-438,-528,-2846,-2739,-999,-829,-759
-123,516,-416,610,198,-435,-733,-2835,-2732,-1009,-839,-760
-119,519,-427,620,207,-433,-935,-2829,-2728,-1019,-851,-763
-116,518,-431,623,211,-429,-1135,-2827,-2726,-1028,-865,-766
-116,512,-429,619,209,-422,-1321,-2828,-2725,-1039,-878,-768
-119,505,-421,611,201,-418,-1481,-2833,-2724,-1047,-889,-770
-126,505,-416,609,192,-420,-1626,-2838,-2720,-1048,-894,-769
-135,507,-409,607,181,-424,-1732,-2840,-2716,-1045,-893,-763
-147,510,-400,604,166,-431,-1797,-2850,-2712,-1039,-890,-759
-156,520,-400,613,160,-441,-1870,-2863,-2709,-1026,-884,-753
-159,532,-406,627,161,-449,-1914,-2878,-2707,-1012,-879,-747
-158,551,-422,652,172,-458,-1959,-2898,-2705,-999,-871,-741
-158,571,-439,677,182,-469,-1992,-2920,-2705,-992,-864,-735
-163,586,-443,691,181,-481,-1974,-2937,-2705,-990,-860,-728
-173,598,-439,698,171,-494,-1931,-2955,-2701,-989,-857,-723
-182,614,-440,710,166,-508,-1899,-2971,-2693,-991,-858,-721
-188,632,-445,726,165,-523,-1876,-2982,-2689,-996,-859,-719
-204,633,-423,712,139,-534,-1829,-2989,-2697,-1016,-866,-723
-230,615,-373,667,89,-539,-1772,-2992,-2714,-1041,-876,-731
-259,584,-308,604,26,-538,-1712,-2992,-2732,-1066,-887,-742
-283,558,-252,549,-27,-537,-1660,-2990,-2745,-1084,-897,-753
-299,549,-220,521,-58,-542,-1637,-2982,-2750,-1087,-901,-759
-306,544,-204,507,-73,-544,-1617,-2969,-2752,-1083,-904,-761
-307,539,-194,497,-80,-544,-1600,-2952,-2752,-1074,-903,-760
-303,538,-193,494,-78,-543,-1588,-2930,-2747,-1060,-897,-757
-297,540,-199,499,-69,-543,-1561,-2905,-2734,-1046,-888,-752
-291,540,-204,502,-61,-542,-1500,-2883,-2722,-1032,-879,-748
-285,542,-210,506,-53,-544,-1438,-2865,-2709,-1019,-872,-745
-276,548,-226,519,-35,-545,-1385,-2842,-2695,-1001,-865,-739
-267,550,-239,529,-20,-545,-1308,-2822,-2680,-989,-862,-737
-260,548,-246,531,-9,-542,-1245,-2801,-2664,-979,-858,-735
-255,534,-241,518,-9,-533,-1174,-2780,-2651,-973,-853,-733
-250,519,-235,503,-9,-524,-1110,-2764,-2638,-965,-848,-733
-242,514,-243,505,3,-518,-1090,-2756,-2623,-954,-845,-735
-229,510,-257,511,22,-510,-1102,-2753,-2610,-946,-842,-735
-217,496,-261,505,33,-496,-1107,-2748,-2601,-941,-838,-731
-211,483,-260,495,37,-485,-1119,-2746,-2592,-935,-836,-728
-197,489,-286,516,64,-482,-1198,-2743,-2574,-913,-827,-723
-177,513,-336,565,111,-487,-1339,-2741,-2551,-887,-816,-718
-156,546,-395,626,164,-495,-1517,-2740,-2529,-865,-808,-715
-137,570,-445,676,210,-499,-1697,-2740,-2516,-857,-806,-717
-127,581,-470,700,233,-499,-1839,-2744,-2512,-863,-810,-722
-124,585,-481,711,242,-499,-1978,-2753,-2515,-878,-822,-731
-124,585,-485,713,244,-497,-2113,-2764,-2521,-895,-838,-747
-124,577,-481,706,240,-489,-2224,-2769,-2527,-912,-853,-762
-127,568,-470,693,230,-482,-2306,-2771,-2530,-928,-868,-777
-133,562,-460,682,218,-478,-2371,-2770,-2530,-940,-880,-789
-142,555,-444,668,201,-475,-2403,-2763,-2528,-947,-885,-796
-156,548,-422,649,175,-475,-2400,-2758,-2524,-948,-888,-802
-168,549,-409,641,156,-479,-2413,-2751,-2517,-937,-888,-805
-178,555,-404,641,145,-485,-2398,-2746,-2507,-922,-886,-807
-183,570,-410,656,144,-494,-2380,-2745,-2495,-901,-880,-806
-189,587,-418,672,144,-505,-2343,-2743,-2483,-882,-874,-802
-201,601,-416,680,134,-518,-2258,-2740,-2474,-872,-869,-796
-213,614,-412,685,122,-531,-2141,-2741,-2465,-865,-863,-792
-221,636,-419,704,121,-547,-2027,-2749,-2456,-860,-859,-787
-222,657,-434,728,129,-559,-1912,-2757,-2453,-859,-853,-781
-231,656,-420,718,113,-562,-1758,-2764,-2461,-871,-851,-779
-245,636,-381,678,77,-556,-1570,-2765,-2474,-887,-851,-777
-264,608,-328,624,29,-549,-1361,-2760,-2487,-902,-852,-775
-280,584,-283,578,-12,-543,-1150,-2750,-2493,-908,-850,-772
-289,573,-259,555,-33,-542,-969,-2734,-2491,-906,-844,-765
-292,569,-248,544,-42,-542,-794,-2716,-2489,-901,-838,-757
-294,564,-239,536,-48,-543,-628,-2697,-2489,-897,-834,-749
-295,560,-231,528,-53,-544,-479,-2678,-2488,-893,-832,-740
-295,558,-228,524,-53,-546,-356,-2661,-2487,-892,-833,-731
-295,551,-222,515,-56,-546,-250,-2645,-2487,-895,-836,-720
-297,544,-215,507,-59,-547,-182,-2633,-2486,-899,-838,-711
-291,537,-216,503,-52,-544,-155,-2617,-2484,-902,-838,-701
-283,523,-212,491,-47,-535,-122,-2606,-2481,-914,-843,-696
-278,503,-202,471,-48,-523,-118,-2596,-2480,-928,-847,-691
-275,474,-181,438,-58,-507,-113,-2589,-2482,-942,-850,-687
-272,445,-159,404,-68,-490,-120,-2587,-2482,-949,-851,-682
-263,425,-154,387,-64,-476,-158,-2585,-2476,-943,-850,-675
-249,412,-161,384,-48,-462,-213,-2580,-2468,-929,-846,-666
-234,394,-164,374,-35,-444,-267,-2570,-2463,-912,-837,-655
-221,375,-164,362,-25,-427,-321,-2562,-2454,-892,-829,-644
-200,380,-195,385,10,-419,-405,-2552,-2436,-861,-818,-630
-173,407,-255,444,69,-422,-512,-2544,-2413,-825,-805,-615
-143,450,-333,524,141,-433,-636,-2542,-2393,-792,-796,-604
-117,488,-402,596,205,-442,-751,-2541,-2379,-771,-789,-596
-101,510,-444,638,243,-447,-826,-2545,-2372,-765,-791,-594
-95,523,-467,661,262,-451,-892,-2549,-2367,-764,-794,-595
-92,531,-481,676,273,-454,-943,-2549,-2359,-765,-797,-596
-90,531,-484,678,276,-451,-978,-2546,-2352,-770,-802,-597
-91,525,-479,671,271,-444,-1000,-2541,-2345,-775,-811,-601
-94,526,-477,670,267,-443,-1029,-2534,-2337,-778,-820,-605
-99,528,-474,669,260,-444,-1044,-2526,-2330,-781,-828,-606
-110,530,-463,663,244,-447,-1036,-2524,-2321,-779,-835,-611
-120,539,-459,666,233,-453,-1038,-2520,-2314,-771,-839,-616
-128,556,-464,680,228,-465,-1044,-2519,-2304,-761,-842,-623
-136,583,-479,709,231,-482,-1081,-2521,-2291,-748,-845,-631
-142,612,-496,739,235,-500,-1122,-2523,-2281,-740,-847,-638
-151,628,-498,751,229,-511,-1143,-2524,-2276,-741,-849,-644
-165,641,-490,755,212,-524,-1157,-2528,-2270,-746,-851,-652
-181,661,-486,766,196,-543,-1185,-2535,-2263,-752,-854,-662
-194,681,-485,778,185,-561,-1219,-2539,-2261,-760,-855,-673
-212,675,-454,753,150,-565,-1224,-2542,-2270,-781,-860,-688
-235,650,-397,698,96,-559,-1212,-2544,-2287,-804,-867,-705
-258,616,-332,632,36,-549,-1194,-2540,-2304,-824,-871,-721
-277,588,-278,578,-12,-542,-1172,-2534,-2314,-837,-869,-733
-287,578,-251,552,-37,-541,-1172,-2525,-2314,-838,-861,-738
-291,577,-240,544,-46,-543,-1163,-2510,-2305,-827,-845,-737
-295,583,-237,545,-50,-551,-1148,-2495,-2293,-811,-827,-733
-296,589,-239,550,-47,-558,-1141,-2481,-2278,-792,-809,-729
-290,591,-244,554,-38,-559,-1144,-2470,-2263,-773,-792,-721
-282,583,-244,549,-30,-552,-1139,-2461,-2249,-758,-777,-713
-276,577,-243,543,-24,-549,-1151,-2457,-2233,-742,-767,-706
-269,571,-247,542,-12,-545,-1178,-2446,-2217,-725,-755,-697
-262,557,-244,531,-7,-536,-1169,-2439,-2201,-712,-745,-689
-258,539,-234,512,-7,-527,-1165,-2434,-2189,-700,-735,-682
-256,513,-218,484,-13,-513,-1139,-2429,-2179,-693,-729,-677
-257,488,-200,455,-23,-502,-1112,-2425,-2167,-685,-725,-673
-252,471,-196,441,-19,-492,-1111,-2422,-2153,-671,-720,-666
-239,458,-206,440,-1,-480,-1111,-2413,-2139,-656,-713,-655
-227,443,-213,434,13,-465,-1085,-2397,-2129,-645,-704,-642
-219,430,-217,429,23,-455,-1047,-2382,-2116,-631,-697,-631
-203,435,-249,455,56,-451,-1038,-2366,-2097,-606,-683,-614
-176,459,-309,511,114,-451,-1058,-2352,-2071,-581,-667,-595
-144,492,-383,583,185,-453,-1095,-2340,-2046,-560,-652,-580
-115,518,-446,643,246,-451,-1135,-2328,-2029,-547,-638,-568
-97,528,-481,674,280,-446,-1150,-2318,-2020,-547,-631,-562
-89,530,-497,687,295,-440,-1151,-2311,-2012,-551,-627,-556
-84,527,-502,689,299,-433,-1146,-2308,-2006,-560,-627,-552
-83,517,-496,680,294,-423,-1139,-2305,-2003,-571,-630,-550
-88,502,-478,657,276,-411,-1131,-2301,-1999,-582,-632,-550
-94,490,-459,638,256,-403,-1147,-2298,-1996,-591,-634,-554
-103,480,-438,618,233,-397,-1172,-2292,-1996,-607,-637,-557
-114,467,-411,592,204,-390,-1195,-2292,-1997,-625,-642,-564
-119,459,-395,576,187,-382,-1239,-2294,-2002,-636,-646,-569
-121,459,-387,571,177,-378,-1273,-2298,-2007,-642,-651,-575
-122,470,-392,582,176,-381,-1324,-2302,-2012,-643,-655,-582
-121,483,-398,594,176,-385,-1383,-2303,-2013,-644,-658,-584
-124,487,-391,592,166,-386,-1423,-2303,-2016,-650,-663,-588
-130,488,-378,583,151,-387,-1439,-2306,-2018,-654,-671,-592
-134,494,-372,581,142,-390,-1456,-2312,-2016,-654,-678,-595
-134,500,-371,584,138,-392,-1448,-2319,-2018,-658,-685,-597
-144,486,-339,552,109,-388,-1367,-2331,-2034,-682,-699,-605
-163,451,-278,487,53,-377,-1231,-2341,-2056,-716,-717,-617
-186,405,-202,404,-14,-361,-1063,-2348,-2078,-750,-737,-632
-211,366,-132,330,-77,-352,-926,-2354,-2089,-772,-753,-647
-228,344,-88,284,-117,-349,-892,-2358,-2093,-783,-760,-657
-236,328,-60,254,-140,-346,-857,-2356,-2091,-786,-763,-662
-241,318,-42,235,-153,-345,-807,-2350,-2083,-779,-763,-665
-246,321,-38,233,-158,-353,-736,-2339,-2067,-766,-761,-665
-252,335,-44,246,-156,-370,-669,-2322,-2048,-746,-754,-662
-261,350,-51,260,-154,-390,-611,-2302,-2027,-723,-743,-659
-269,367,-61,279,-149,-411,-570,-2282,-2004,-696,-732,-655
-271,389,-84,309,-132,-431,-549,-2257,-1978,-670,-716,-648
-273,405,-101,331,-118,-447,-496,-2232,-1951,-650,-700,-641
-276,414,-111,344,-109,-459,-461,-2210,-1926,-635,-686,-633
-279,409,-108,339,-109,-461,-426,-2189,-1901,-623,-673,-625
-277,398,-105,331,-107,-455,-405,-2175,-1876,-606,-661,-616
-271,396,-114,337,-93,-452,-433,-2163,-1851,-586,-650,-605
-261,396,-130,348,-73,-447,-469,-2149,-1828,-564,-635,-591
-250,386,-137,348,-58,-434,-492,-2132,-1812,-549,-619,-581
-244,375,-139,343,-51,-423,-553,-2121,-1799,-537,-608,-575
-229,379,-165,365,-21,-416,-666,-2113,-1781,-516,-594,-566
-203,399,-216,413,31,-412,-791,-2109,-1761,-492,-580,-558
-173,425,-278,472,93,-407,-921,-2108,-1743,-473,-570,-554
-148,447,-330,522,144,-403,-1068,-2107,-1736,-466,-563,-553
-132,457,-361,550,174,-397,-1172,-2109,-1734,-471,-561,-554
-124,461,-377,564,189,-391,-1244,-2109,-1736,-480,-562,-557
-120,464,-387,573,197,-387,-1289,-2105,-1737,-489,-562,-560
-118,464,-391,575,198,-382,-1301,-2096,-1738,-494,-561,-560
-122,460,-385,569,189,-379,-1277,-2086,-1740,-499,-559,-561
-127,458,-377,561,176,-376,-1247,-2075,-1741,-500,-556,-561
-132,449,-362,545,159,-371,-1219,-2064,-1745,-504,-553,-561
-140,438,-341,523,136,-366,-1187,-2063,-1748,-511,-554,-563
-146,434,-327,509,117,-365,-1184,-2062,-1753,-514,-555,-564
-151,435,-318,503,104,-367,-1185,-2066,-1758,-514,-555,-564
-152,444,-321,510,101,-372,-1224,-2076,-1760,-510,-555,-565
-148,454,-328,520,104,-375,-1266,-2086,-1760,-504,-553,-562
-144,459,-330,524,104,-375,-1283,-2099,-1762,-501,-551,-556
-143,463,-327,523,99,-377,-1288,-2117,-1765,-498,-553,-549
-141,474,-332,532,101,-383,-1324,-2139,-1767,-496,-555,-543
-133,486,-345,548,113,-387,-1383,-2160,-1769,-501,-559,-536
-133,480,-331,533,102,-384,-1398,-2180,-1780,-522,-566,-534
-141,455,-290,488,68,-374,-1368,-2193,-1796,-549,-579,-534
-156,420,-235,427,22,-363,-1318,-2199,-1809,-574,-591,-534
-168,395,-192,380,-15,-356,-1260,-2202,-1813,-592,-602,-533
-174,386,-173,361,-30,-356,-1238,-2199,-1811,-598,-610,-530
-173,383,-167,355,-31,-357,-1246,-2188,-1807,-596,-614,-523
-171,383,-168,355,-27,-359,-1272,-2170,-1803,-591,-616,-515
-169,387,-174,361,-18,-364,-1311,-2150,-1797,-583,-617,-510
-168,393,-181,370,-9,-371,-1352,-2123,-1791,-572,-615,-507
-168,389,-180,368,-5,-373,-1356,-2095,-1786,-565,-612,-505
-169,386,-179,366,-3,-375,-1369,-2073,-1780,-562,-613,-506
-167,387,-188,373,8,-378,-1391,-2051,-1776,-562,-614,-508
-165,382,-192,374,16,-377,-1387,-2032,-1769,-568,-617,-513
-162,368,-187,362,19,-368,-1394,-2014,-1760,-572,-618,-518
-158,341,-170,335,14,-351,-1393,-1995,-1752,-573,-617,-522
-156,316,-155,309,9,-335,-1387,-1982,-1741,-566,-612,-524
-148,301,-156,303,18,-322,-1401,-1971,-1729,-552,-602,-519
-136,294,-168,307,36,-310,-1405,-1957,-1714,-537,-588,-509
-126,280,-172,302,48,-295,-1369,-1940,-1704,-525,-574,-499
-121,268,-171,294,52,-284,-1307,-1926,-1692,-508,-564,-492
-110,276,-195,318,77,-282,-1231,-1915,-1673,-480,-556,-486
-95,303,-242,368,119,-289,-1141,-1906,-1648,-450,-547,-478
-77,340,-301,432,169,-300,-1045,-1896,-1622,-423,-539,-469
-64,374,-351,489,212,-312,-940,-1881,-1601,-402,-532,-459
-59,394,-378,521,231,-320,-822,-1863,-1586,-388,-526,-454
-61,404,-387,534,234,-326,-736,-1844,-1574,-379,-525,-457
-66,409,-387,537,228,-329,-686,-1822,-1564,-376,-527,-463
-70,409,-381,533,218,-328,-687,-1800,-1557,-382,-534,-473
-76,406,-369,523,203,-327,-741,-1777,-1552,-389,-540,-482
-82,410,-362,520,189,-330,-809,-1751,-1545,-393,-544,-491
-89,415,-354,517,175,-334,-842,-1724,-1542,-393,-544,-495
-97,417,-342,511,157,-338,-871,-1708,-1541,-391,-546,-501
-103,424,-336,510,145,-343,-922,-1694,-1537,-380,-542,-501
-105,434,-335,515,138,-348,-974,-1688,-1529,-367,-536,-503
-106,450,-343,530,138,-357,-1059,-1694,-1519,-358,-532,-506
-106,469,-352,547,141,-368,-1136,-1707,-1511,-351,-529,-511
-109,479,-351,552,136,-375,-1180,-1723,-1503,-351,-527,-516
-111,484,-347,551,128,-379,-1224,-1746,-1498,-356,-527,-524
-110,495,-351,559,130,-385,-1284,-1779,-1492,-362,-529,-535
-105,507,-361,573,139,-390,-1335,-1812,-1489,-371,-531,-545
-112,501,-343,557,122,-391,-1318,-1846,-1499,-391,-538,-557
-130,476,-295,507,79,-387,-1262,-1875,-1513,-411,-546,-568
-153,441,-233,442,23,-380,-1184,-1897,-1524,-424,-551,-578
-174,410,-179,384,-25,-375,-1132,-1914,-1529,-429,-551,-588
-187,392,-147,350,-52,-373,-1129,-1926,-1530,-427,-549,-596
-194,379,-128,329,-66,-371,-1152,-1932,-1530,-426,-546,-605
-198,367,-113,310,-75,-367,-1161,-1931,-1529,-425,-543,-612
-200,358,-105,299,-77,-364,-1193,-1923,-1527,-420,-540,-616
-201,356,-106,298,-72,-366,-1222,-1910,-1523,-416,-537,-618
-202,349,-104,293,-69,-364,-1223,-1891,-1517,-417,-534,-619
-201,340,-101,285,-67,-361,-1219,-1871,-1507,-413,-532,-615
-196,331,-103,282,-57,-354,-1197,-1840,-1494,-403,-528,-604
-195,317,-99,271,-54,-347,-1124,-1813,-1483,-399,-527,-597
-195,300,-88,253,-58,-338,-1055,-1787,-1479,-404,-528,-593
-198,273,-67,222,-71,-325,-971,-1764,-1480,-415,-530,-588
-202,249,-45,193,-86,-314,-900,-1744,-1478,-417,-530,-582
-204,239,-41,185,-88,-310,-874,-1723,-1465,-407,-523,-569
-199,236,-50,190,-77,-307,-875,-1701,-1448,-394,-511,-550
-192,227,-54,188,-69,-298,-869,-1676,-1433,-382,-496,-527
-188,218,-55,184,-66,-290,-857,-1656,-1419,-367,-485,-509
-173,228,-85,211,-37,-287,-915,-1640,-1396,-339,-471,-487
-150,259,-144,272,16,-293,-1045,-1630,-1371,-306,-455,-465
-125,303,-215,350,78,-305,-1220,-1626,-1348,-277,-440,-444
-104,343,-280,421,133,-317,-1402,-1626,-1334,-260,-430,-426
-91,370,-322,468,166,-326,-1570,-1631,-1326,-253,-426,-414
-88,392,-347,500,181,-336,-1774,-1640,-1320,-249,-422,-404
-89,408,-363,522,187,-345,-1990,-1649,-1316,-248,-418,-394
-87,416,-372,533,191,-346,-2189,-1660,-1315,-250,-415,-388
-85,418,-373,536,189,-343,-2360,-1671,-1322,-253,-417,-389
-86,424,-376,542,186,-343,-2542,-1679,-1331,-260,-422,-395
-85,427,-377,544,184,-340,-2701,-1681,-1342,-270,-426,-402
-89,430,-371,542,173,-340,-2812,-1685,-1351,-276,-429,-410
-93,440,-371,548,168,-345,-2928,-1682,-1357,-274,-429,-414
-95,454,-377,561,167,-352,-2999,-1681,-1360,-270,-429,-417
-94,473,-390,581,174,-360,-3082,-1681,-1359,-261,-427,-420
-94,488,-399,596,179,-366,-3144,-1678,-1360,-256,-427,-425
-97,492,-393,593,172,-369,-3115,-1680,-1366,-259,-432,-434
-103,490,-378,580,157,-369,-2996,-1690,-1374,-268,-442,-449
-105,491,-371,574,151,-370,-2834,-1707,-1384,-281,-452,-466
-100,489,-367,568,152,-365,-2624,-1722,-1392,-293,-456,-480
-106,467,-333,529,127,-354,-2285,-1737,-1403,-310,-463,-494
-123,430,-275,464,78,-341,-1811,-1751,-1421,-330,-474,-508
-146,389,-206,389,19,-331,-1244,-1758,-1438,-347,-482,-519
-169,356,-146,326,-33,-325,-649,-1758,-1445,-350,-486,-525
-181,337,-112,289,-60,-323,-92,-1752,-1444,-340,-485,-526
-188,328,-94,269,-74,-326,464,-1740,-1438,-326,-478,-526
-193,324,-84,258,-80,-330,1012,-1728,-1430,-312,-473,-528
-196,323,-81,255,-80,-336,1527,-1717,-1420,-300,-469,-530
-196,325,-84,258,-74,-343,1995,-1703,-1409,-289,-463,-531
-197,322,-82,254,-72,-346,2428,-1686,-1397,-276,-459,-531
-199,320,-80,251,-71,-352,2783,-1671,-1384,-264,-456,-535
-199,319,-84,253,-64,-356,3023,-1653,-1373,-258,-451,-536
-197,313,-84,250,-60,-356,3224,-1641,-1364,-263,-451,-543
-199,305,-80,243,-62,-357,3334,-1629,-1356,-274,-454,-554
-203,288,-64,222,-72,-351,3390,-1620,-1354,-292,-460,-568
-204,267,-49,199,-81,-341,3377,-1617,-1351,-305,-464,-582
-201,255,-47,191,-80,-333,3238,-1615,-1345,-306,-465,-592
-192,249,-57,196,-66,-325,3003,-1606,-1339,-298,-460,-597
-180,237,-63,194,-54,-310,2734,-1591,-1333,-291,-451,-597
-168,224,-68,191,-43,-292,2430,-1577,-1325,-283,-446,-596
-146,228,-101,217,-7,-278,2027,-1564,-1309,-264,-439,-593
-115,251,-160,275,51,-271,1531,-1557,-1286,-244,-432,-589
-82,282,-229,345,118,-268,977,-1556,-1266,-230,-426,-584
-52,305,-286,400,173,-259,421,-1553,-1254,-221,-425,-579
-37,313,-313,425,200,-250,-77,-1549,-1250,-220,-430,-577
-34,318,-323,438,206,-247,-551,-1545,-1249,-220,-440,-576
-35,324,-329,448,207,-246,-1005,-1542,-1246,-220,-451,-574
-36,324,-328,449,203,-241,-1424,-1535,-1240,-221,-461,-572
-39,319,-319,441,193,-234,-1792,-1527,-1235,-224,-469,-569
-40,317,-314,438,186,-228,-2130,-1515,-1229,-226,-475,-565
-42,314,-307,432,178,-222,-2403,-1499,-1226,-230,-479,-560
-47,309,-292,419,163,-217,-2593,-1489,-1223,-234,-484,-557
-51,311,-285,415,153,-216,-2762,-1479,-1218,-231,-486,-554
-53,318,-285,419,150,-218,-2846,-1468,-1211,-222,-486,-552
-53,332,-292,432,152,-225,-2878,-1457,-1202,-211,-484,-550
-52,345,-298,443,156,-230,-2848,-1446,-1197,-204,-482,-548
-55,349,-292,441,149,-234,-2706,-1438,-1194,-208,-483,-545
-60,350,-281,432,136,-237,-2480,-1435,-1193,-214,-484,-543
-62,359,-280,436,134,-245,-2227,-1441,-1194,-221,-487,-543
-59,370,-288,446,141,-251,-1949,-1450,-1198,-230,-490,-541
-65,364,-269,427,123,-253,-1578,-1462,-1210,-246,-498,-542
-80,337,-222,375,82,-247,-1122,-1473,-1228,-264,-509,-546
-99,299,-159,306,28,-237,-608,-1482,-1245,-282,-521,-551
-117,266,-104,245,-20,-231,-86,-1491,-1257,-293,-529,-557
-130,250,-72,211,-50,-233,380,-1499,-1263,-298,-534,-560
-140,246,-56,195,-67,-242,827,-1504,-1265,-297,-536,-560
-148,246,-48,188,-76,-252,1266,-1505,-1266,-293,-536,-558
-154,251,-47,189,-80,-265,1678,-1504,-1266,-284,-535,-553
-159,257,-49,194,-80,-278,2056,-1500,-1265,-278,-534,-548
-166,260,-49,195,-83,-290,2415,-1492,-1263,-275,-533,-543
-174,268,-54,203,-85,-307,2716,-1483,-1259,-271,-528,-539
-178,280,-67,219,-77,-322,2921,-1468,-1259,-268,-523,-534
-180,285,-76,228,-71,-332,3101,-1458,-1262,-274,-521,-534
-182,283,-79,229,-69,-336,3196,-1451,-1269,-283,-521,-533
-186,269,-70,215,-76,-332,3243,-1446,-1278,-297,-521,-531
-190,251,-55,193,-87,-323,3221,-1446,-1284,-308,-523,-532
-191,239,-50,183,-91,-317,3075,-1446,-1284,-313,-524,-532
-189,228,-50,178,-87,-308,2834,-1442,-1283,-313,-523,-533
-185,209,-43,162,-88,-291,2554,-1431,-1284,-314,-520,-534
-184,189,-32,143,-94,-275,2231,-1422,-1283,-310,-514,-535
-174,186,-47,153,-75,-263,1796,-1415,-1275,-294,-504,-533
-154,200,-87,191,-34,-255,1259,-1412,-1261,-275,-492,-533
-132,226,-143,247,19,-254,663,-1411,-1247,-260,-482,-535
-112,253,-196,303,69,-253,65,-1407,-1235,-253,-475,-538
-98,269,-231,338,102,-249,-476,-1403,-1227,-252,-472,-543
-92,282,-254,364,123,-248,-1003,-1399,-1221,-252,-471,-553
-89,294,-272,386,138,-248,-1514,-1397,-1216,-248,-473,-565
-88,303,-283,400,146,-247,-1992,-1396,-1212,-249,-479,-576
-90,303,-283,401,146,-242,-2416,-1400,-1207,-251,-488,-586
-92,306,-282,403,144,-239,-2803,-1411,-1203,-256,-499,-599
-94,308,-280,404,142,-236,-3116,-1420,-1203,-261,-511,-609
-101,311,-272,401,132,-237,-3329,-1432,-1202,-263,-521,-619
-103,317,-272,405,130,-239,-3516,-1441,-1195,-252,-526,-621
-101,329,-280,418,136,-242,-3615,-1451,-1182,-232,-529,-618
-96,349,-298,443,151,-250,-3655,-1464,-1166,-209,-528,-611
-91,371,-317,469,165,-260,-3626,-1476,-1154,-192,-525,-604
-92,384,-320,478,166,-268,-3464,-1488,-1146,-187,-523,-599
-96,390,-313,476,157,-275,-3192,-1504,-1138,-186,-521,-597
-101,403,-311,481,151,-288,-2882,-1523,-1131,-189,-522,-594
-102,414,-311,487,148,-299,-2541,-1539,-1127,-194,-520,-591
-112,403,-280,457,118,-302,-2085,-1548,-1131,-210,-521,-590
-134,374,-219,395,60,-301,-1519,-1543,-1138,-228,-523,-591
-159,336,-146,319,-8,-297,-890,-1529,-1148,-243,-523,-592
-181,305,-84,255,-66,-296,-259,-1510,-1154,-252,-521,-594
-191,290,-50,219,-99,-298,300,-1484,-1154,-254,-516,-594
-193,281,-31,199,-116,-300,829,-1450,-1152,-250,-509,-588
-192,276,-21,186,-124,-302,1343,-1413,-1150,-243,-500,-581
-191,277,-19,184,-127,-309,1824,-1377,-1147,-237,-487,-573
-188,282,-23,188,-124,-316,2267,-1342,-1140,-230,-473,-565
-183,280,-24,187,-122,-319,2673,-1313,-1135,-226,-459,-558
-179,281,-30,190,-118,-323,3003,-1292,-1126,-218,-445,-548
-172,286,-44,202,-104,-327,3224,-1273,-1116,-207,-428,-532
-164,285,-53,206,-94,-325,3405,-1263,-1104,-200,-416,-518
-157,275,-56,201,-87,-317,3494,-1256,-1097,-198,-407,-505
-151,253,-47,181,-89,-302,3530,-1251,-1092,-198,-401,-491
-147,231,-38,162,-91,-286,3494,-1250,-1084,-193,-396,-475
-138,218,-44,158,-81,-273,3324,-1251,-1072,-182,-386,-456
-125,209,-58,163,-61,-259,3048,-1248,-1060,-169,-374,-432
-110,192,-67,159,-44,-237,2732,-1239,-1051,-155,-362,-409
-99,175,-72,154,-30,-217,2383,-1234,-1043,-139,-354,-389
-83,179,-102,178,3,-207,1919,-1226,-1023,-114,-342,-366
-59,200,-157,231,58,-202,1342,-1218,-995,-84,-329,-344
-33,231,-224,299,123,-202,701,-1211,-968,-59,-317,-323
-12,258,-282,358,179,-203,56,-1201,-949,-41,-309,-307
-1,273,-316,393,212,-201,-523,-1186,-933,-30,-306,-294
1,283,-334,415,228,-201,-1082,-1167,-918,-22,-305,-287
-2,294,-347,433,236,-206,-1630,-1149,-906,-21,-308,-285
-10,301,-350,443,236,-211,-2144,-1132,-896,-27,-314,-288
-20,302,-343,440,226,-212,-2599,-1117,-890,-32,-318,-296
-30,302,-334,437,214,-214,-3012,-1103,-885,-40,-322,-308
-41,299,-320,427,199,-214,-3348,-1085,-879,-51,-326,-320
-54,293,-298,410,176,-214,-3579,-1074,-873,-57,-334,-334
-63,290,-280,397,158,-214,-3779,-1065,-869,-60,-339,-348
-69,288,-267,388,145,-213,-3879,-1061,-864,-58,-343,-365
-71,293,-262,388,141,-215,-3913,-1062,-858,-55,-343,-380
-71,301,-262,394,140,-220,-3875,-1065,-854,-52,-341,-393
-74,304,-253,389,130,-223,-3711,-1074,-855,-53,-343,-407
-80,304,-238,378,116,-227,-3442,-1087,-857,-56,-348,-427
-84,315,-235,382,109,-239,-3128,-1105,-856,-56,-354,-448
-86,333,-241,396,110,-253,-2777,-1124,-856,-58,-359,-468
-97,331,-219,379,86,-261,-2313,-1146,-864,-71,-370,-490
-118,309,-169,328,36,-264,-1746,-1168,-881,-93,-385,-514
-143,276,-102,259,-27,-261,-1119,-1186,-898,-115,-401,-539
-165,248,-46,200,-81,-260,-485,-1203,-910,-130,-413,-565
-178,235,-14,167,-114,-264,87,-1215,-916,-138,-418,-587
-183,224,6,144,-132,-265,635,-1221,-922,-141,-422,-606
-186,216,19,127,-144,-265,1159,-1223,-931,-143,-428,-626
-187,211,26,116,-152,-267,1646,-1219,-935,-141,-434,-644
-189,210,29,111,-156,-270,2075,-1209,-935,-137,-439,-659
-190,202,36,99,-162,-270,2459,-1194,-932,-130,-442,-668
-191,195,41,89,-167,-269,2763,-1182,-925,-120,-444,-676
-186,192,34,90,-160,-266,2961,-1165,-917,-110,-443,-678
-180,184,29,87,-153,-260,3130,-1150,-907,-105,-444,-678
-175,172,29,78,-149,-250,3211,-1134,-900,-104,-444,-677
-171,153,37,60,-151,-236,3239,-1119,-895,-109,-440,-675
-171,135,46,42,-156,-225,3206,-1101,-888,-108,-432,-670
-170,130,42,42,-152,-220,3055,-1085,-878,-100,-420,-663
-164,129,28,52,-138,-215,2812,-1069,-869,-93,-406,-651
-158,118,23,50,-128,-203,2538,-1052,-865,-92,-391,-636
-155,106,25,42,-125,-191,2230,-1044,-861,-88,-378,-619
-142,110,-1,64,-97,-183,1811,-1042,-854,-73,-361,-598
-119,131,-53,115,-44,-179,1297,-1041,-840,-51,-341,-572
-93,165,-119,184,20,-182,725,-1042,-823,-29,-317,-543
-71,197,-180,249,79,-185,153,-1042,-811,-13,-292,-516
-58,215,-217,288,115,-185,-357,-1046,-807,-4,-274,-496
-50,224,-238,311,137,-183,-853,-1051,-809,-3,-261,-481
-46,229,-249,325,150,-180,-1338,-1059,-815,-6,-253,-469
-44,228,-252,328,156,-174,-1795,-1068,-823,-14,-250,-461
-44,225,-248,326,154,-169,-2204,-1077,-831,-25,-252,-455
-48,228,-246,329,153,-170,-2576,-1084,-837,-34,-253,-448
-52,232,-241,330,148,-173,-2873,-1086,-844,-45,-253,-436
-62,235,-230,326,134,-179,-3067,-1089,-849,-54,-255,-423
-70,245,-225,330,126,-189,-3234,-1084,-850,-51,-256,-406
-76,259,-226,341,122,-201,-3315,-1079,-848,-47,-258,-387
-79,279,-234,359,125,-215,-3348,-1075,-844,-43,-258,-373
-82,299,-242,377,127,-230,-3322,-1071,-842,-44,-257,-362
-89,311,-237,381,116,-243,-3184,-1067,-841,-52,-260,-355
-100,319,-223,376,98,-256,-2961,-1067,-841,-63,-268,-351
-110,332,-216,378,84,-273,-2711,-1075,-839,-74,-277,-350
-113,345,-216,383,79,-284,-2436,-1084,-838,-85,-286,-352
-123,339,-191,360,52,-289,-2062,-1093,-844,-104,-303,-361
-141,318,-143,311,5,-290,-1592,-1102,-853,-124,-320,-374
-163,290,-86,251,-51,-288,-1063,-1108,-861,-136,-334,-386
-178,266,-40,201,-95,-285,-525,-1115,-866,-139,-345,-398
-185,255,-17,175,-117,-286,-48,-1124,-866,-138,-353,-407
-185,250,-8,161,-127,-286,417,-1132,-866,-137,-361,-415
-183,244,-3,150,-130,-284,875,-1137,-865,-132,-365,-423
-177,237,-2,142,-128,-280,1304,-1140,-863,-124,-364,-428
-170,234,-7,140,-121,-276,1691,-1140,-859,-117,-364,-435
-161,223,-7,130,-115,-267,2047,-1142,-857,-112,-367,-439
-152,208,-8,118,-108,-254,2332,-1148,-855,-103,-375,-449
-140,197,-14,112,-94,-242,2518,-1149,-853,-94,-383,-460
-129,181,-17,101,-84,-226,2676,-1151,-853,-95,-396,-476
-120,160,-13,83,-78,-208,2757,-1147,-853,-102,-408,-494
-115,130,2,53,-82,-186,2800,-1140,-853,-111,-416,-512
-112,103,15,26,-86,-167,2798,-1127,-849,-111,-421,-532
-110,94,12,22,-79,-160,2691,-1110,-838,-98,-422,-549
-105,95,-4,35,-62,-158,2501,-1087,-824,-79,-418,-562
-100,93,-17,44,-47,-153,2288,-1059,-810,-60,-408,-573
-102,95,-26,53,-39,-156,2048,-1031,-791,-39,-395,-582
-99,120,-62,98,-10,-170,1700,-1004,-760,-4,-372,-586
-88,165,-126,173,42,-193,1245,-979,-723,37,-347,-588
-72,218,-201,262,105,-216,725,-960,-686,76,-323,-591
-55,260,-265,337,160,-231,194,-943,-658,103,-301,-596
-47,287,-303,384,191,-243,-282,-930,-641,113,-286,-607
-50,305,-320,412,200,-255,-743,-922,-630,115,-276,-620
-54,314,-323,424,199,-262,-1196,-920,-626,110,-273,-633
-59,314,-316,424,189,-263,-1623,-923,-628,98,-275,-650
-65,308,-300,413,172,-260,-2008,-930,-633,87,-281,-668
-71,305,-285,405,155,-259,-2362,-935,-637,81,-287,-684
-79,301,-266,394,134,-259,-2651,-937,-640,72,-290,-694
-91,297,-241,378,106,-262,-2845,-942,-643,66,-291,-702
-100,303,-227,375,87,-270,-3019,-941,-644,67,-288,-704
-104,316,-225,385,78,-280,-3112,-939,-641,72,-283,-699
-103,339,-237,410,83,-293,-3162,-935,-638,77,-278,-691
-99,361,-250,434,90,-304,-3151,-930,-638,78,-270,-678
-98,374,-252,444,88,-312,-3025,-923,-641,76,-261,-660
-101,386,-248,449,81,-321,-2809,-920,-646,72,-256,-643
-102,404,-254,464,80,-335,-2561,-918,-649,72,-252,-624
-101,422,-262,480,84,-346,-2283,-912,-652,70,-244,-602
-109,419,-242,462,63,-349,-1905,-908,-664,58,-241,-579
-124,395,-195,413,20,-345,-1435,-909,-685,37,-243,-559
-141,355,-132,341,-34,-330,-909,-911,-711,14,-251,-543
-156,316,-74,273,-83,-313,-382,-917,-735,-6,-261,-527
-164,290,-37,228,-112,-302,80,-921,-753,-18,-267,-508
-166,272,-18,199,-125,-292,518,-922,-770,-26,-270,-486
-166,257,-6,178,-130,-282,944,-918,-783,-30,-272,-461
-165,246,-1,164,-130,-275,1350,-911,-793,-32,-273,-435
-160,237,-2,155,-122,-266,1730,-902,-800,-34,-272,-408
-156,225,-3,144,-115,-256,2087,-891,-802,-34,-269,-381
-153,219,-10,142,-104,-251,2379,-881,-800,-32,-267,-356
-146,219,-29,151,-83,-247,2574,-868,-794,-36,-266,-330
-141,216,-44,157,-65,-242,2750,-855,-785,-43,-266,-307
-140,211,-53,158,-54,-239,2847,-838,-777,-55,-268,-286
-142,199,-54,149,-50,-233,2908,-818,-767,-67,-271,-270
-146,188,-52,140,-50,-228,2918,-801,-754,-71,-271,-256
-147,187,-64,146,-39,-228,2818,-787,-737,-65,-266,-243
-142,191,-86,164,-18,-227,2643,-774,-719,-55,-259,-232
-134,188,-104,174,1,-219,2448,-758,-703,-46,-252,-222
-131,183,-113,178,12,-212,2229,-746,-686,-35,-247,-214
-117,194,-148,211,46,-210,1906,-734,-666,-12,-240,-207
-95,223,-208,272,102,-213,1487,-730,-641,14,-232,-204
-70,261,-280,348,166,-220,1015,-730,-616,41,-227,-204
-49,297,-342,416,221,-228,539,-732,-597,64,-225,-208
-37,321,-382,462,255,-234,117,-737,-585,80,-229,-217
-33,344,-410,500,274,-245,-289,-739,-572,92,-234,-231
-33,368,-434,536,288,-259,-685,-736,-557,103,-238,-245
-36,388,-449,563,293,-273,-1051,-728,-540,113,-241,-258
-42,405,-456,583,290,-286,-1373,-716,-522,124,-244,-272
-47,427,-466,607,290,-301,-1669,-699,-501,136,-244,-289
-51,451,-478,635,291,-318,-1902,-672,-480,147,-239,-304
-58,476,-486,660,288,-338,-2043,-645,-459,162,-233,-321
-62,510,-505,698,294,-361,-2160,-613,-436,187,-222,-333
-64,553,-534,749,308,-390,-2201,-582,-410,217,-208,-341
-65,609,-576,816,331,-428,-2211,-555,-382,253,-191,-346
-70,668,-616,884,352,-470,-2177,-530,-354,288,-172,-350
-80,719,-643,937,360,-510,-2050,-507,-327,318,-155,-356
-92,763,-661,979,361,-548,-1856,-491,-301,343,-141,-366
-106,814,-685,1028,366,-592,-1655,-484,-273,364,-129,-380
-116,865,-713,1080,375,-633,-1444,-484,-246,378,-116,-391
-136,894,-712,1097,360,-666,-1143,-490,-226,380,-108,-403
-161,901,-683,1082,323,-690,-760,-498,-214,376,-101,-418
-188,897,-643,1050,278,-706,-335,-507,-206,370,-96,-432
-213,896,-611,1026,240,-723,85,-516,-197,368,-89,-445
-230,911,-603,1027,223,-746,448,-524,-183,375,-76,-453
-240,933,-611,1044,224,-769,797,-531,-167,386,-59,-459
-246,957,-627,1067,232,-791,1147,-530,-148,403,-42,-462
-250,981,-648,1094,245,-813,1474,-525,-127,426,-24,-458
-253,1006,-672,1123,262,-834,1765,-512,-108,447,-9,-454
-255,1024,-692,1144,277,-850,2042,-492,-91,467,7,-446
-260,1042,-711,1165,290,-868,2279,-468,-73,491,24,-435
-262,1060,-735,1190,309,-884,2457,-433,-55,515,44,-416
-262,1070,-753,1205,324,-893,2651,-397,-35,534,63,-397
-266,1073,-763,1210,333,-900,2785,-354,-14,553,84,-375
-271,1065,-761,1201,332,-901,2888,-305,6,568,105,-350
-277,1052,-754,1186,328,-898,2942,-257,26,580,123,-326
-278,1044,-758,1181,334,-894,2891,-208,47,594,143,-296
-273,1041,-773,1188,351,-890,2756,-157,68,606,163,-263
-267,1034,-784,1190,366,-883,2596,-106,88,614,182,-228
-264,1030,-795,1194,378,-879,2415,-61,109,627,199,-196
-250,1046,-837,1232,418,-881,2130,-19,141,654,221,-160
-227,1081,-905,1302,481,-889,1742,16,179,685,245,-125
-201,1128,-989,1390,555,-903,1303,43,215,711,268,-92
-178,1171,-1064,1470,622,-916,861,68,247,727,289,-60
-163,1198,-1113,1523,666,-923,478,88,271,731,302,-31
-155,1217,-1145,1558,691,-929,113,102,291,727,313,-6
-151,1229,-1165,1583,706,-933,-233,116,310,720,321,16
-147,1236,-1177,1598,715,-932,-544,133,329,717,329,37
-147,1237,-1179,1603,715,-929,-808,154,347,717,336,57
-147,1244,-1183,1612,715,-930,-1046,175,365,721,343,75
-150,1255,-1187,1625,713,-936,-1232,204,382,728,354,92
-157,1269,-1189,1639,705,-946,-1344,234,400,739,365,108
-159,1289,-1199,1662,708,-957,-1461,269,419,754,378,126
-155,1311,-1216,1690,717,-965,-1514,304,438,769,390,143
-150,1342,-1241,1729,733,-979,-1535,337,457,786,403,159
-146,1377,-1267,1771,748,-997,-1512,365,473,798,414,175
-148,1405,-1280,1801,752,-1015,-1397,388,482,804,420,188
-156,1431,-1285,1823,746,-1035,-1211,408,491,810,426,198
-164,1466,-1300,1857,747,-1062,-1010,424,504,817,432,205
-166,1506,-1323,1899,757,-1089,-793,440,517,824,437,211
-179,1525,-1317,1907,741,-1111,-486,453,522,822,436,215
-204,1528,-1282,1885,699,-1129,-99,463,520,814,431,215
-234,1522,-1235,1850,646,-1146,332,469,516,809,427,212
-260,1525,-1201,1828,604,-1167,761,472,521,816,429,211
-276,1541,-1192,1831,586,-1191,1126,471,535,835,439,217
-284,1564,-1199,1850,585,-1214,1472,464,552,863,455,226
-290,1591,-1215,1876,592,-1238,1809,451,571,898,475,237
-296,1622,-1237,1910,603,-1266,2112,431,586,934,497,244
-300,1656,-1264,1949,620,-1295,2370,401,596,964,519,249
-304,1682,-1287,1980,635,-1319,2599,360,602,987,537,252
-308,1707,-1312,2011,651,-1342,2764,307,605,1007,552,254
-306,1732,-1344,2047,676,-1362,2844,249,606,1021,566,258
-304,1749,-1369,2073,697,-1375,2917,183,603,1030,578,259
-306,1759,-1385,2090,711,-1386,2930,119,599,1039,589,262
-311,1763,-1395,2098,717,-1396,2914,58,591,1042,598,265
-314,1766,-1406,2106,726,-1403,2857,-5,584,1048,607,268
-315,1776,-1428,2127,745,-1413,2701,-66,580,1061,619,272
-310,1790,-1459,2156,772,-1421,2473,-118,577,1076,635,277
-304,1794,-1482,2173,794,-1422,2235,-162,569,1087,649,282
-302,1793,-1497,2182,809,-1421,1982,-205,561,1097,663,285
-292,1811,-1538,2220,846,-1427,1640,-243,561,1115,683,289
-271,1844,-1605,2287,906,-1436,1227,-272,563,1138,703,297
-247,1888,-1686,2369,978,-1449,787,-297,563,1155,723,304
-224,1925,-1757,2442,1041,-1459,367,-319,559,1163,741,309
-210,1949,-1804,2489,1082,-1464,21,-335,552,1162,754,312
-202,1964,-1836,2520,1108,-1468,-289,-346,542,1158,763,313
-198,1976,-1859,2544,1125,-1471,-580,-350,534,1157,774,313
-196,1986,-1877,2564,1137,-1474,-844,-348,527,1156,783,312
-197,1993,-1885,2574,1141,-1476,-1075,-343,519,1156,794,312
-196,2002,-1896,2589,1146,-1478,-1289,-335,515,1156,806,314
-197,2014,-1906,2605,1150,-1483,-1459,-321,514,1154,820,319
-203,2024,-1908,2614,1144,-1490,-1567,-312,518,1155,833,322
-206,2039,-1915,2630,1142,-1499,-1685,-301,522,1165,849,329
-207,2056,-1923,2648,1144,-1507,-1768,-296,528,1180,866,340
-204,2076,-1938,2673,1152,-1516,-1837,-300,535,1196,880,353
-200,2096,-1951,2696,1159,-1524,-1882,-309,535,1203,890,368
-199,2105,-1950,2704,1156,-1527,-1855,-327,526,1195,896,384
-199,2103,-1935,2693,1142,-1524,-1779,-356,514,1181,899,401
-198,2099,-1920,2683,1130,-1519,-1706,-393,500,1166,898,418
-194,2095,-1906,2671,1120,-1513,-1632,-431,482,1144,896,438
-198,2070,-1864,2628,1087,-1498,-1483,-468,454,1113,889,458
-208,2024,-1796,2552,1033,-1474,-1257,-499,423,1080,878,480
-220,1966,-1714,2459,968,-1442,-988,-523,395,1055,869,507
-229,1911,-1639,2372,912,-1412,-727,-543,376,1040,865,536
-228,1870,-1589,2311,880,-1384,-523,-556,365,1033,864,568
-220,1834,-1553,2262,861,-1356,-341,-562,360,1032,865,604
-211,1800,-1522,2218,849,-1329,-172,-563,356,1031,866,642
-202,1771,-1498,2180,841,-1305,-24,-561,354,1030,869,681
-193,1746,-1480,2150,837,-1286,96,-559,352,1027,871,719
-188,1719,-1458,2116,830,-1267,203,-555,346,1025,873,754
-185,1695,-1438,2084,822,-1252,276,-554,342,1026,877,783
-178,1673,-1427,2060,824,-1235,305,-545,342,1029,885,813
-172,1649,-1416,2034,825,-1218,353,-534,344,1027,894,837
-168,1624,-1402,2006,823,-1201,372,-520,345,1027,904,859
-165,1591,-1382,1968,816,-1180,393,-502,342,1022,914,879
-161,1560,-1365,1934,812,-1159,403,-486,342,1022,922,894
-153,1539,-1364,1918,820,-1142,358,-469,348,1033,931,910
-141,1523,-1370,1910,836,-1125,286,-448,357,1049,944,927
-131,1499,-1369,1892,845,-1103,231,-423,364,1066,961,945
-127,1477,-1363,1873,846,-1086,182,-400,371,1086,978,959
-118,1477,-1383,1886,868,-1081,70,-375,389,1123,999,969
-100,1492,-1427,1925,910,-1078,-96,-350,413,1165,1023,976
-75,1510,-1481,1974,963,-1074,-297,-335,431,1194,1040,975
-50,1521,-1527,2013,1011,-1063,-503,-326,437,1207,1048,964
-33,1517,-1548,2026,1035,-1047,-661,-323,430,1201,1046,942
-24,1501,-1548,2017,1040,-1027,-813,-325,416,1187,1037,911
-20,1480,-1536,1997,1032,-1009,-979,-331,395,1166,1021,875
-20,1455,-1515,1969,1016,-989,-1183,-338,367,1140,999,835
-23,1426,-1485,1932,991,-968,-1420,-349,338,1108,972,789
-26,1400,-1456,1898,967,-950,-1676,-360,313,1076,944,741
-26,1369,-1423,1858,941,-926,-1901,-369,288,1041,918,696
-31,1334,-1380,1809,905,-903,-2060,-385,264,1007,892,647
-32,1306,-1345,1769,877,-883,-2234,-403,241,979,868,600
-30,1285,-1318,1739,856,-866,-2360,-428,219,953,845,552
-25,1270,-1299,1718,842,-851,-2465,-455,197,925,819,502
-20,1255,-1279,1696,828,-838,-2529,-481,174,890,791,452
-19,1231,-1245,1658,802,-820,-2494,-504,149,850,758,403
-23,1201,-1199,1608,766,-803,-2385,-531,122,808,723,351
-26,1172,-1156,1559,732,-786,-2254,-560,96,768,689,298
-22,1141,-1117,1512,706,-763,-2096,-585,70,729,658,249
-26,1094,-1053,1437,658,-735,-1842,-606,38,682,622,199
-43,1033,-964,1336,586,-707,-1492,-616,6,638,585,151
-66,963,-862,1219,502,-676,-1077,-614,-21,603,550,108
-87,899,-768,1112,424,-649,-644,-608,-37,579,520,70
-103,853,-697,1032,367,-630,-267,-599,-45,567,495,40
-113,812,-641,964,325,-610,83,-589,-52,558,472,15
-119,773,-591,902,289,-590,424,-581,-62,548,448,-8
-122,737,-549,848,261,-570,740,-575,-72,535,421,-32
-121,704,-515,801,242,-549,1021,-571,-82,515,394,-55
-121,667,-480,751,222,-527,1275,-571,-95,487,363,-79
-121,632,-447,703,204,-506,1478,-580,-108,459,328,-103
-118,599,-421,662,192,-485,1607,-586,-123,428,294,-121
-117,562,-391,616,177,-462,1732,-598,-140,392,260,-139
-118,521,-355,563,157,-437,1801,-607,-158,358,230,-153
-120,471,-311,500,130,-407,1842,-614,-180,326,203,-164
-121,421,-269,439,105,-376,1837,-622,-203,301,182,-171
-118,385,-246,400,95,-350,1737,-630,-220,285,166,-173
-109,357,-237,376,99,-326,1582,-631,-233,274,158,-168
-98,322,-224,346,100,-296,1438,-622,-243,260,150,-160
-92,287,-206,312,94,-268,1297,-612,-253,246,140,-153
-80,274,-215,312,110,-250,1078,-598,-255,249,133,-144
-64,282,-251,343,145,-244,780,-582,-253,260,130,-132
-45,301,-298,391,190,-242,434,-569,-251,265,126,-123
-27,311,-336,426,227,-236,89,-555,-254,260,120,-120
-18,306,-347,434,240,-224,-202,-543,-262,248,108,-122
-18,295,-343,428,236,-215,-475,-535,-272,233,92,-128
-22,281,-331,415,225,-205,-737,-528,-283,213,72,-137
-30,265,-311,394,204,-196,-973,-521,-291,198,53,-148
-42,245,-281,365,174,-187,-1177,-513,-298,186,34,-159
-55,231,-255,342,145,-183,-1374,-510,-304,173,15,-171
-67,216,-226,316,115,-177,-1533,-509,-312,156,-4,-183
-80,196,-189,281,79,-169,-1632,-515,-321,140,-24,-198
-89,181,-159,252,49,-162,-1742,-523,-333,125,-40,-214
-93,171,-138,234,30,-155,-1812,-534,-344,111,-55,-233
-91,171,-129,228,21,-152,-1874,-549,-355,103,-67,-254
-85,170,-124,225,19,-146,-1914,-568,-368,93,-79,-278
-82,160,-105,205,4,-137,-1874,-591,-384,77,-93,-305
-85,149,-78,178,-18,-131,-1779,-616,-401,56,-112,-336
-87,146,-60,162,-34,-130,-1686,-641,-414,36,-132,-371
-83,143,-48,150,-42,-126,-1588,-663,-428,10,-151,-408
-87,123,-11,110,-71,-117,-1415,-682,-454,-28,-174,-449
-100,88,50,43,-122,-104,-1172,-693,-484,-67,-201,-490
-116,43,121,-38,-182,-88,-890,-697,-514,-103,-227,-532
-129,5,182,-107,-231,-74,-618,-699,-537,-127,-251,-575
-133,-18,216,-149,-257,-65,-407,-697,-548,-139,-270,-612
-129,-33,235,-176,-266,-55,-211,-693,-553,-144,-286,-641
-122,-50,248,-199,-268,-43,-13,-687,-555,-147,-300,-667
-111,-66,254,-218,-264,-29,171,-681,-552,-148,-312,-692
-100,-76,253,-228,-254,-19,335,-675,-547,-149,-323,-716
-90,-89,253,-239,-246,-8,492,-668,-544,-147,-333,-739
-84,-97,251,-247,-238,-3,611,-663,-538,-142,-346,-761
-74,-101,239,-244,-220,3,674,-654,-530,-138,-357,-780
-65,-109,230,-245,-205,11,748,-650,-522,-141,-369,-803
-59,-123,228,-255,-197,22,785,-647,-518,-149,-382,-826
-58,-146,239,-279,-200,37,816,-643,-517,-165,-397,-848
-59,-175,257,-312,-210,53,831,-640,-516,-178,-414,-869
-59,-197,266,-333,-213,67,784,-637,-513,-185,-426,-886
-53,-214,265,-342,-206,83,702,-629,-512,-190,-434,-901
-47,-234,267,-356,-200,101,636,-616,-514,-199,-440,-913
-48,-253,274,-373,-203,114,577,-602,-514,-208,-449,-923
-42,-253,257,-360,-186,119,448,-589,-505,-203,-453,-928
-27,-234,213,-316,-144,118,248,-577,-489,-192,-455,-932
-8,-205,156,-256,-93,113,5,-569,-473,-186,-459,-938
7,-182,110,-207,-52,109,-234,-562,-468,-187,-466,-943
11,-173,91,-185,-36,108,-415,-560,-471,-194,-475,-947
8,-168,85,-176,-34,106,-587,-559,-477,-201,-484,-950
4,-163,83,-167,-36,103,-767,-560,-481,-210,-492,-951
-1,-163,86,-167,-43,103,-938,-562,-484,-224,-500,-952
-5,-167,97,-173,-53,107,-1087,-568,-488,-239,-508,-952
-6,-168,102,-174,-59,111,-1233,-580,-495,-254,-517,-952
-5,-170,108,-177,-64,117,-1355,-592,-505,-270,-523,-947
-7,-175,122,-186,-76,123,-1435,-611,-516,-289,-533,-940
-5,-176,130,-191,-82,128,-1542,-626,-528,-303,-544,-930
-2,-172,132,-187,-84,131,-1618,-643,-536,-317,-557,-917
-1,-155,124,-170,-80,123,-1689,-661,-541,-325,-569,-903
0,-135,113,-148,-75,112,-1743,-673,-544,-333,-579,-888
-3,-121,114,-139,-79,102,-1734,-681,-551,-343,-588,-873
-10,-107,118,-132,-89,89,-1689,-688,-560,-354,-596,-859
-18,-82,113,-113,-93,67,-1655,-695,-569,-362,-600,-847
-25,-54,102,-88,-92,44,-1620,-697,-574,-369,-600,-833
-42,-44,119,-94,-116,25,-1515,-697,-586,-387,-606,-820
-66,-55,163,-132,-163,15,-1348,-690,-605,-408,-613,-808
-92,-81,222,-191,-221,13,-1152,-677,-625,-420,-617,-797
-114,-104,273,-242,-271,11,-967,-664,-641,-426,-620,-786
-127,-114,301,-270,-298,7,-842,-649,-650,-419,-616,-771
-133,-115,311,-280,-310,1,-728,-633,-656,-406,-605,-750
-136,-113,313,-283,-313,-7,-607,-620,-661,-391,-591,-728
-136,-110,309,-281,-310,-12,-496,-613,-666,-376,-576,-710
-136,-107,304,-278,-306,-18,-396,-609,-670,-355,-557,-693
-137,-110,304,-283,-306,-20,-285,-609,-671,-332,-539,-677
-140,-114,305,-289,-308,-24,-183,-612,-670,-307,-524,-664
-139,-121,304,-295,-304,-22,-118,-609,-666,-287,-508,-651
-139,-138,313,-314,-308,-13,-36,-611,-659,-274,-495,-647
-139,-161,327,-340,-315,-1,11,-612,-652,-266,-485,-647
-139,-190,346,-374,-326,16,65,-607,-647,-258,-478,-648
-137,-219,363,-404,-334,33,117,-600,-639,-245,-470,-650
-131,-238,365,-419,-329,49,115,-591,-625,-226,-460,-649
-118,-255,358,-425,-313,66,79,-576,-608,-204,-446,-648
-106,-275,355,-436,-300,86,57,-553,-588,-185,-430,-644
-96,-294,354,-447,-292,104,44,-525,-564,-160,-415,-642
-76,-299,329,-433,-259,121,-47,-492,-531,-123,-396,-637
-47,-289,281,-393,-207,133,-219,-455,-494,-89,-379,-633
-16,-269,223,-339,-146,140,-429,-416,-457,-59,-367,-635
12,-257,175,-297,-94,151,-628,-367,-422,-38,-359,-643
31,-262,156,-286,-68,168,-754,-311,-390,-30,-361,-661
43,-278,157,-294,-60,189,-851,-248,-356,-29,-367,-686
50,-300,169,-314,-64,210,-934,-174,-318,-29,-377,-716
54,-329,193,-348,-78,236,-999,-86,-275,-31,-386,-749
57,-369,231,-397,-102,268,-1042,17,-227,-33,-398,-790
58,-408,271,-448,-129,300,-1077,137,-174,-35,-414,-835
62,-450,313,-503,-156,335,-1084,271,-122,-39,-428,-881
66,-495,361,-563,-186,373,-1040,415,-61,-42,-446,-930
75,-538,402,-618,-210,412,-1017,576,8,-37,-460,-979
88,-577,437,-666,-227,451,-954,757,90,-26,-473,-1028
105,-609,463,-704,-235,488,-879,954,187,-13,-489,-1081
122,-638,486,-739,-242,523,-792,1165,291,-3,-508,-1134
132,-672,521,-786,-261,556,-642,1387,402,0,-534,-1187
138,-709,565,-839,-288,586,-454,1614,525,5,-564,-1244
145,-739,599,-883,-308,613,-281,1844,663,17,-596,-1305
158,-766,625,-918,-319,640,-114,2082,811,28,-627,-1365
157,-804,674,-976,-353,665,120,2320,959,37,-663,-1425
147,-854,744,-1057,-408,691,418,2557,1111,49,-700,-1482
136,-909,819,-1144,-466,719,750,2794,1274,69,-729,-1533
129,-950,873,-1207,-508,740,1071,3032,1451,98,-751,-1578
131,-969,897,-1237,-522,752,1331,3273,1638,138,-763,-1610
142,-981,903,-1249,-519,764,1577,3514,1829,191,-767,-1633
153,-986,898,-1249,-508,771,1818,3751,2023,251,-767,-1649
163,-981,884,-1237,-492,771,2032,3982,2220,319,-762,-1655
172,-968,861,-1213,-469,765,2211,4199,2415,393,-748,-1650
180,-955,836,-1188,-447,756,2367,4392,2606,469,-728,-1630
183,-927,800,-1145,-420,736,2483,4555,2794,557,-696,-1600
188,-882,744,-1078,-378,706,2556,4695,2973,657,-650,-1551
191,-829,680,-1001,-332,668,2654,4802,3140,758,-595,-1490
187,-766,612,-913,-287,621,2717,4884,3301,864,-529,-1415
179,-695,538,-816,-241,566,2769,4948,3461,985,-446,-1326
171,-609,449,-699,-186,501,2798,4997,3629,1127,-345,-1223
165,-498,332,-546,-110,421,2750,5043,3811,1299,-227,-1106
160,-366,195,-367,-21,329,2660,5093,4004,1493,-91,-973
153,-231,57,-184,68,235,2585,5150,4200,1696,56,-829
139,-92,-79,0,150,133,2515,5207,4397,1904,210,-683
135,64,-239,210,255,27,2374,5268,4603,2130,379,-529
142,232,-422,444,381,-79,2155,5331,4815,2369,562,-363
155,408,-617,692,520,-185,1892,5391,5030,2620,762,-187
169,581,-809,936,657,-290,1627,5453,5252,2885,979,3
177,745,-984,1163,777,-392,1412,5519,5496,3181,1220,208
177,911,-1150,1385,885,-500,1197,5596,5779,3530,1495,435
174,1086,-1321,1615,994,-616,970,5683,6103,3938,1810,689
169,1270,-1497,1856,1106,-738,744,5766,6458,4398,2164,966
162,1462,-1678,2105,1219,-867,520,5823,6830,4899,2552,1264
154,1669,-1872,2372,1341,-1006,271,5837,7208,5432,2973,1582
144,1891,-2077,2656,1469,-1156,27,5791,7575,5981,3417,1919
130,2128,-2293,2958,1600,-1321,-190,5666,7923,6544,3878,2271
112,2391,-2529,3290,1744,-1503,-466,5470,8249,7126,4363,2645
93,2676,-2786,3651,1901,-1703,-743,5191,8553,7721,4869,3038
71,2991,-3071,4050,2075,-1924,-1049,4824,8824,8322,5391,3449
43,3334,-3377,4482,2260,-2169,-1374,4378,9051,8913,5923,3876
6,3690,-3687,4925,2441,-2428,-1652,3863,9232,9491,6465,4314
-38,4056,-4001,5378,2621,-2700,-1903,3276,9365,10056,7012,4759
-83,4437,-4330,5850,2811,-2983,-2174,2615,9448,10607,7560,5211
-126,4827,-4671,6337,3010,-3272,-2444,1894,9474,11131,8109,5669
-183,5206,-4987,6800,3183,-3564,-2630,1124,9440,11622,8649,6131
-252,5569,-5276,7233,3331,-3852,-2741,318,9360,12094,9181,6597
-327,5921,-5549,7649,3463,-4140,-2817,-509,9246,12554,9711,7065
-402,6275,-5825,8069,3598,-4428,-2904,-1351,9109,13007,10238,7533
-466,6638,-6121,8508,3753,-4716,-3047,-2194,8955,13452,10761,8001
-522,6998,-6423,8949,3918,-4999,-3207,-3028,8787,13887,11277,8467
-576,7348,-6719,9379,4081,-5273,-3380,-3849,8607,14307,11780,8922
-624,7685,-7009,9797,4243,-5535,-3578,-4648,8422,14712,12267,9365
-663,8006,-7292,10200,4407,-5781,-3803,-5418,8236,15095,12734,9792
-696,8296,-7552,10567,4560,-6003,-4041,-6152,8049,15455,13178,10202
-726,8562,-7793,10906,4702,-6206,-4327,-6860,7854,15787,13594,10591
-745,8805,-8022,11220,4843,-6387,-4686,-7547,7649,16083,13985,10965
-760,9016,-8223,11496,4969,-6543,-5037,-8219,7436,16334,14348,11316
-770,9191,-8395,11727,5078,-6672,-5441,-8866,7221,16546,14683,11647
-774,9325,-8535,11910,5170,-6768,-5855,-9483,7007,16724,14992,11958
-776,9435,-8651,12060,5249,-6845,-6283,-10069,6795,16865,15271,12249
-773,9534,-8762,12201,5326,-6913,-6769,-10620,6584,16963,15516,12518
-767,9624,-8869,12332,5403,-6970,-7270,-11129,6374,17017,15726,12765
-759,9697,-8958,12439,5469,-7013,-7728,-11589,6170,17038,15901,12988
-760,9760,-9030,12528,5518,-7056,-8137,-12004,5974,17025,16035,13180
-760,9834,-9112,12631,5575,-7103,-8571,-12374,5792,16982,16126,13335
-762,9914,-9200,12741,5634,-7155,-9031,-12700,5618,16892,16165,13448
-768,9989,-9277,12841,5683,-7205,-9476,-12982,5448,16748,16149,13512
-784,10045,-9325,12909,5707,-7249,-9857,-13209,5276,16547,16075,13530
-812,10068,-9325,12923,5690,-7277,-10120,-13383,5099,16287,15940,13498
-850,10060,-9285,12889,5640,-7292,-10323,-13511,4907,15966,15744,13416
-890,10020,-9207,12808,5563,-7284,-10490,-13603,4690,15580,15487,13284
-927,9944,-9096,12682,5465,-7252,-10617,-13670,4437,15128,15175,13108
-964,9834,-8949,12509,5344,-7196,-10702,-13718,4146,14615,14813,12889
-999,9696,-8773,12298,5204,-7121,-10764,-13747,3820,14048,14405,12629
-1030,9523,-8565,12042,5044,-7020,-10776,-13753,3456,13426,13956,12335
-1058,9314,-8321,11738,4862,-6893,-10715,-13741,3063,12763,13472,12010
-1076,9079,-8058,11405,4674,-6743,-10658,-13701,2649,12078,12963,11660
-1085,8818,-7779,11044,4480,-6571,-10546,-13629,2224,11372,12432,11288
-1080,8533,-7487,10659,4287,-6376,-10412,-13528,1791,10649,11882,10897
-1065,8226,-7183,10250,4092,-6160,-10247,-13403,1346,9904,11315,10493
-1048,7895,-6855,9811,3882,-5928,-10000,-13260,887,9137,10735,10074
-1029,7546,-6512,9349,3663,-5683,-9698,-13105,416,8358,10141,9641
-1001,7187,-6168,8880,3450,-5427,-9396,-12942,-63,7578,9541,9198
-960,6819,-5828,8409,3248,-5158,-9092,-12764,-549,6802,8944,8756
-923,6428,-5462,7904,3026,-4876,-8706,-12574,-1045,6021,8345,8308
-890,6013,-5069,7368,2784,-4582,-8232,-12371,-1549,5241,7744,7855
-859,5583,-4661,6810,2530,-4280,-7707,-12156,-2054,4468,7140,7399
-824,5153,-4258,6257,2283,-3976,-7179,-11931,-2553,3704,6536,6938
-782,4737,-3878,5728,2056,-3676,-6714,-11692,-3041,2950,5933,6472
-737,4331,-3514,5217,1842,-3381,-6272,-11436,-3515,2215,5330,6005
-692,3936,-3163,4722,1637,-3094,-5837,-11170,-3971,1510,4736,5537
-649,3560,-2831,4252,1444,-2820,-5423,-10898,-4404,844,4155,5071
-608,3207,-2521,3813,1264,-2563,-5031,-10621,-4804,220,3594,4609
-569,2866,-2222,3389,1090,-2314,-4641,-10335,-5167,-352,3057,4156
-533,2536,-1936,2981,923,-2075,-4284,-10039,-5486,-865,2544,3715
-498,2224,-1667,2597,767,-1847,-3977,-9723,-5755,-1321,2063,3293
-466,1920,-1405,2223,615,-1625,-3640,-9395,-5972,-1726,1610,2883
-435,1623,-1149,1857,466,-1407,-3343,-9053,-6138,-2078,1188,2488
-405,1323,-891,1487,314,-1187,-3071,-8694,-6258,-2381,798,2109
-374,1029,-640,1127,168,-969,-2826,-8326,-6334,-2628,438,1747
-341,758,-413,797,39,-766,-2656,-7952,-6368,-2827,107,1402
-307,508,-209,497,-74,-574,-2528,-7574,-6366,-2982,-194,1077
-273,267,-12,207,-183,-388,-2383,-7196,-6335,-3104,-470,770
-241,39,176,-69,-287,-212,-2228,-6830,-6279,-3197,-722,477
-200,-157,321,-295,-357,-50,-2153,-6478,-6196,-3256,-947,202
-150,-319,427,-473,-395,96,-2160,-6147,-6094,-3294,-1153,-59
-102,-456,510,-620,-418,225,-2215,-5841,-5981,-3320,-1344,-307
-55,-588,590,-761,-442,348,-2271,-5554,-5868,-3338,-1519,-543
-18,-722,685,-915,-481,468,-2268,-5288,-5759,-3352,-1679,-765
8,-852,786,-1069,-532,577,-2258,-5042,-5650,-3359,-1822,-973
29,-971,884,-1216,-584,676,-2264,-4817,-5536,-3358,-1948,-1164
45,-1082,980,-1355,-637,767,-2270,-4606,-5422,-3348,-2057,-1339
57,-1185,1073,-1488,-692,850,-2262,-4408,-5306,-3328,-2151,-1501
67,-1270,1153,-1600,-739,918,-2257,-4220,-5188,-3301,-2232,-1649
75,-1344,1224,-1698,-781,978,-2229,-4033,-5071,-3269,-2299,-1780
77,-1405,1291,-1787,-824,1025,-2163,-3853,-4951,-3232,-2356,-1896
80,-1449,1340,-1851,-855,1059,-2135,-3675,-4827,-3178,-2397,-1992
84,-1471,1367,-1887,-871,1078,-2082,-3506,-4701,-3118,-2429,-2072
88,-1475,1376,-1898,-875,1084,-2041,-3346,-4575,-3054,-2452,-2138
90,-1474,1384,-1905,-879,1085,-2006,-3194,-4453,-2992,-2468,-2194
87,-1482,1404,-1925,-894,1087,-1926,-3050,-4335,-2944,-2483,-2244
80,-1489,1428,-1948,-915,1085,-1817,-2914,-4218,-2903,-2498,-2287
73,-1487,1443,-1958,-929,1076,-1729,-2788,-4101,-2864,-2509,-2323
70,-1484,1451,-1962,-936,1068,-1655,-2665,-3987,-2827,-2515,-2350
56,-1495,1484,-1992,-967,1061,-1520,-2540,-3879,-2799,-2519,-2370
31,-1520,1541,-2047,-1022,1054,-1325,-2410,-3773,-2776,-2520,-2384
0,-1546,1605,-2106,-1085,1045,-1093,-2275,-3666,-2748,-2515,-2387
-28,-1563,1655,-2150,-1137,1030,-850,-2136,-3552,-2706,-2501,-2380
-46,-1559,1674,-2158,-1162,1008,-649,-1990,-3430,-2648,-2477,-2362
-53,-1544,1670,-2145,-1165,986,-440,-1835,-3300,-2584,-2447,-2335
-56,-1529,1658,-2125,-1158,967,-214,-1671,-3163,-2517,-2416,-2302
-57,-1513,1644,-2103,-1149,948,8,-1500,-3016,-2437,-2377,-2266
-58,-1494,1623,-2074,-1137,927,216,-1327,-2863,-2352,-2332,-2225
-57,-1479,1605,-2050,-1124,911,428,-1153,-2708,-2266,-2287,-2181
-54,-1466,1584,-2025,-1108,898,618,-988,-2553,-2179,-2242,-2138
-44,-1455,1557,-1998,-1082,893,750,-829,-2403,-2097,-2197,-2092
-32,-1454,1536,-1982,-1059,897,886,-688,-2261,-2030,-2158,-2051
-20,-1459,1522,-1975,-1041,906,979,-558,-2125,-1973,-2121,-2011
-10,-1475,1517,-1982,-1030,922,1068,-431,-1994,-1916,-2085,-1972
0,-1492,1514,-1990,-1020,939,1148,-308,-1866,-1855,-2044,-1930
13,-1497,1495,-1980,-998,951,1165,-187,-1739,-1789,-1999,-1886
30,-1494,1465,-1958,-964,962,1152,-63,-1617,-1721,-1950,-1839
46,-1495,1438,-1941,-933,976,1162,65,-1498,-1652,-1899,-1791
57,-1493,1416,-1926,-909,986,1185,188,-1383,-1578,-1847,-1744
73,-1472,1367,-1880,-864,986,1135,311,-1266,-1495,-1792,-1698
98,-1431,1292,-1804,-795,981,1013,429,-1149,-1409,-1738,-1658
124,-1379,1206,-1713,-718,969,853,539,-1041,-1335,-1691,-1626
146,-1335,1133,-1636,-652,959,697,641,-951,-1277,-1653,-1603
159,-1312,1090,-1594,-613,959,604,738,-878,-1233,-1627,-1591
165,-1299,1067,-1571,-592,961,534,825,-817,-1204,-1609,-1590
167,-1290,1054,-1557,-581,962,469,902,-763,-1185,-1596,-1595
168,-1286,1049,-1552,-577,966,422,973,-718,-1173,-1586,-1604
165,-1287,1054,-1557,-583,971,387,1037,-681,-1166,-1580,-1618
160,-1283,1059,-1559,-589,971,348,1094,-647,-1161,-1576,-1639
154,-1278,1065,-1559,-598,969,328,1150,-616,-1157,-1571,-1660
145,-1271,1075,-1562,-612,964,349,1198,-586,-1149,-1566,-1682
139,-1254,1072,-1550,-616,953,336,1243,-557,-1134,-1557,-1701
136,-1230,1062,-1528,-614,938,340,1282,-528,-1117,-1546,-1718
130,-1196,1044,-1494,-608,914,331,1315,-497,-1096,-1534,-1736
123,-1162,1028,-1461,-605,887,317,1345,-466,-1077,-1523,-1755
112,-1137,1027,-1444,-614,863,344,1369,-441,-1069,-1516,-1774
97,-1117,1035,-1437,-632,841,395,1385,-416,-1063,-1514,-1793
85,-1091,1033,-1420,-642,814,422,1395,-389,-1053,-1513,-1815
79,-1064,1023,-1396,-642,790,436,1406,-364,-1044,-1510,-1836
65,-1056,1041,-1403,-667,772,500,1416,-347,-1050,-1515,-1862
42,-1067,1084,-1440,-713,760,612,1429,-337,-1065,-1522,-1889
15,-1084,1137,-1487,-769,750,750,1448,-329,-1080,-1529,-1916
-11,-1093,1179,-1522,-816,734,872,1468,-315,-1090,-1536,-1940
-27,-1090,1199,-1533,-842,717,927,1495,-294,-1088,-1537,-1955
-38,-1082,1205,-1532,-854,699,963,1529,-270,-1080,-1534,-1966
-43,-1078,1208,-1531,-860,688,1000,1570,-243,-1072,-1529,-1970
-44,-1079,1210,-1533,-862,683,1026,1616,-212,-1067,-1525,-1974
-40,-1084,1209,-1535,-859,683,1048,1666,-182,-1065,-1520,-1976
-37,-1097,1215,-1547,-859,689,1083,1716,-152,-1069,-1520,-1977
-34,-1111,1220,-1559,-858,696,1099,1761,-122,-1074,-1525,-1980
-28,-1124,1219,-1567,-851,706,1082,1809,-95,-1079,-1529,-1976
-22,-1144,1223,-1582,-847,719,1107,1850,-72,-1090,-1536,-1973
-17,-1168,1232,-1604,-846,736,1128,1892,-52,-1099,-1541,-1964
-14,-1201,1250,-1636,-852,758,1184,1933,-34,-1108,-1543,-1951
-12,-1233,1266,-1668,-857,780,1266,1971,-14,-1110,-1541,-1935
-6,-1254,1270,-1683,-851,797,1311,2005,10,-1101,-1531,-1912
1,-1270,1265,-1690,-839,813,1334,2038,32,-1089,-1517,-1885
10,-1294,1267,-1707,-830,835,1389,2070,51,-1075,-1501,-1854
15,-1316,1272,-1724,-826,853,1459,2093,70,-1059,-1487,-1824
29,-1317,1248,-1708,-796,865,1467,2109,94,-1034,-1471,-1792
52,-1299,1197,-1662,-743,869,1412,2116,117,-1004,-1453,-1760
73,-1268,1135,-1600,-685,864,1323,2116,138,-975,-1435,-1730
91,-1241,1083,-1547,-636,860,1238,2110,150,-959,-1421,-1703
101,-1229,1055,-1521,-609,860,1207,2096,156,-960,-1417,-1684
105,-1225,1042,-1510,-596,864,1182,2075,156,-972,-1418,-1672
110,-1225,1035,-1505,-588,870,1152,2053,152,-987,-1422,-1663
116,-1229,1033,-1508,-584,880,1127,2034,147,-1001,-1429,-1655
118,-1236,1040,-1517,-588,890,1122,2016,138,-1016,-1439,-1648
117,-1235,1044,-1519,-594,892,1113,2002,130,-1033,-1449,-1642
114,-1231,1050,-1521,-604,891,1122,1994,123,-1049,-1456,-1636
104,-1226,1061,-1525,-621,885,1172,1990,122,-1055,-1462,-1631
99,-1211,1061,-1516,-629,875,1187,1994,123,-1050,-1462,-1623
94,-1187,1052,-1494,-631,860,1212,1999,128,-1039,-1460,-1615
92,-1152,1030,-1456,-622,838,1205,2001,135,-1028,-1457,-1611
92,-1117,1007,-1417,-613,818,1172,2001,137,-1023,-1456,-1611
89,-1095,1000,-1398,-615,804,1162,1999,135,-1024,-1459,-1612
82,-1078,1003,-1388,-627,790,1156,1993,131,-1032,-1465,-1617
76,-1055,998,-1369,-632,772,1116,1983,129,-1040,-1471,-1628
75,-1035,989,-1350,-632,760,1049,1977,127,-1048,-1475,-1638
65,-1034,1009,-1363,-657,754,1023,1968,117,-1063,-1483,-1651
45,-1055,1059,-1410,-706,755,1037,1957,100,-1086,-1497,-1669
23,-1088,1123,-1475,-766,763,1059,1946,80,-1109,-1509,-1690
2,-1119,1180,-1533,-819,770,1055,1934,64,-1121,-1519,-1714
-10,-1139,1217,-1572,-853,775,993,1924,56,-1119,-1526,-1737
-14,-1157,1243,-1603,-873,783,928,1918,50,-1111,-1530,-1761
-16,-1174,1263,-1628,-886,792,884,1917,49,-1102,-1533,-1783
-17,-1184,1274,-1644,-893,795,852,1923,51,-1090,-1534,-1803
-17,-1188,1275,-1648,-891,794,828,1932,53,-1073,-1534,-1817
-17,-1193,1277,-1653,-888,794,833,1945,52,-1062,-1537,-1827
-18,-1197,1276,-1657,-884,792,846,1954,53,-1056,-1543,-1840
-13,-1202,1270,-1657,-872,794,837,1969,58,-1052,-1547,-1853
-11,-1213,1271,-1666,-866,799,870,1984,65,-1053,-1553,-1870
-11,-1233,1282,-1687,-867,808,895,2001,73,-1052,-1557,-1888
-11,-1263,1303,-1721,-876,824,945,2023,79,-1053,-1559,-1906
-12,-1295,1325,-1757,-886,840,1013,2047,88,-1051,-1557,-1923
-9,-1315,1332,-1775,-883,852,1052,2075,101,-1040,-1549,-1931
0,-1329,1327,-1781,-868,865,1083,2105,115,-1024,-1538,-1933
10,-1348,1326,-1791,-856,881,1153,2140,126,-1008,-1526,-1933
14,-1364,1329,-1804,-851,893,1251,2174,141,-988,-1514,-1931
25,-1362,1306,-1785,-824,898,1296,2208,165,-958,-1498,-1925
48,-1341,1255,-1736,-771,899,1289,2239,193,-929,-1480,-1919
76,-1310,1188,-1668,-705,897,1264,2268,221,-905,-1467,-1916
103,-1280,1124,-1604,-642,896,1246,2296,243,-892,-1459,-1912
124,-1263,1081,-1562,-599,900,1270,2320,257,-891,-1459,-1910
136,-1251,1053,-1533,-571,903,1291,2337,266,-897,-1463,-1912
143,-1241,1033,-1510,-554,903,1291,2348,274,-907,-1468,-1914
145,-1232,1020,-1495,-546,902,1272,2352,277,-923,-1474,-1914
143,-1228,1018,-1488,-549,902,1243,2349,277,-945,-1482,-1918
137,-1222,1019,-1483,-556,899,1192,2340,276,-972,-1494,-1925
131,-1218,1023,-1481,-567,896,1150,2334,276,-1000,-1505,-1929
122,-1213,1031,-1481,-583,891,1139,2322,274,-1020,-1516,-1932
114,-1199,1030,-1470,-593,881,1094,2311,273,-1026,-1522,-1929
110,-1182,1023,-1453,-597,871,1070,2299,274,-1028,-1527,-1922
107,-1159,1009,-1428,-595,858,1037,2285,276,-1030,-1531,-1915
108,-1137,994,-1404,-591,847,994,2271,276,-1036,-1536,-1907
106,-1121,990,-1391,-596,839,986,2258,274,-1045,-1542,-1899
96,-1107,995,-1386,-613,826,989,2242,272,-1057,-1552,-1892
86,-1090,997,-1377,-626,811,962,2223,275,-1069,-1561,-1886
82,-1075,996,-1368,-634,801,915,2209,278,-1083,-1568,-1874
69,-1081,1024,-1392,-666,798,921,2196,273,-1105,-1579,-1862
48,-1108,1081,-1450,-722,803,987,2185,262,-1128,-1593,-1854
24,-1145,1150,-1523,-788,813,1083,2178,252,-1149,-1607,-1844
4,-1178,1212,-1589,-845,823,1167,2171,247,-1162,-1617,-1836
-8,-1196,1249,-1628,-880,827,1196,2169,251,-1159,-1620,-1824
-12,-1205,1267,-1649,-895,829,1209,2171,260,-1152,-1619,-1807
-10,-1212,1275,-1662,-899,833,1224,2177,268,-1146,-1615,-1789
-6,-1213,1275,-1665,-895,834,1228,2187,279,-1136,-1606,-1769
0,-1209,1267,-1660,-883,833,1209,2203,293,-1122,-1593,-1747
6,-1213,1264,-1663,-874,836,1189,2220,307,-1102,-1577,-1723
10,-1217,1262,-1667,-865,838,1145,2232,323,-1077,-1561,-1703
19,-1217,1249,-1660,-846,838,1069,2246,338,-1053,-1541,-1683
28,-1219,1239,-1657,-827,841,1040,2255,352,-1041,-1522,-1668
34,-1225,1233,-1659,-813,844,1016,2267,366,-1031,-1506,-1659
39,-1242,1239,-1676,-807,854,1028,2284,379,-1023,-1489,-1652
41,-1258,1245,-1692,-803,862,1062,2303,393,-1011,-1474,-1646
44,-1265,1241,-1694,-791,864,1071,2326,410,-991,-1460,-1641
53,-1269,1228,-1689,-770,868,1074,2353,427,-969,-1449,-1634
65,-1283,1221,-1693,-751,882,1117,2381,438,-948,-1440,-1630
76,-1300,1218,-1702,-736,897,1191,2406,449,-929,-1434,-1631
91,-1296,1189,-1679,-701,902,1219,2432,468,-904,-1423,-1632
111,-1272,1138,-1628,-648,898,1204,2456,490,-877,-1411,-1635
132,-1240,1077,-1564,-590,888,1174,2476,508,-854,-1405,-1645
150,-1216,1027,-1513,-541,883,1164,2494,517,-840,-1403,-1660
158,-1205,1001,-1485,-516,881,1211,2504,518,-839,-1408,-1682
157,-1201,992,-1474,-510,878,1267,2510,517,-843,-1416,-1708
152,-1200,991,-1470,-513,874,1314,2513,514,-852,-1427,-1737
146,-1201,996,-1470,-521,873,1360,2517,513,-864,-1439,-1767
140,-1206,1005,-1476,-533,873,1414,2516,511,-875,-1451,-1799
134,-1204,1008,-1474,-542,871,1460,2513,511,-884,-1460,-1830
131,-1203,1012,-1473,-551,871,1511,2516,511,-894,-1468,-1854
124,-1202,1021,-1476,-567,868,1585,2516,514,-903,-1477,-1877
122,-1193,1018,-1465,-573,863,1614,2523,520,-904,-1480,-1896
126,-1178,1004,-1444,-567,859,1648,2528,530,-900,-1480,-1914
134,-1152,978,-1407,-552,849,1647,2527,540,-896,-1480,-1930
140,-1124,952,-1369,-537,837,1630,2525,549,-891,-1476,-1940
143,-1103,936,-1343,-531,827,1646,2524,555,-887,-1469,-1945
142,-1082,926,-1322,-532,814,1672,2519,559,-888,-1462,-1951
140,-1056,910,-1293,-529,797,1664,2511,561,-890,-1457,-1958
140,-1031,895,-1266,-525,783,1627,2502,560,-896,-1454,-1964
129,-1026,910,-1273,-548,773,1635,2491,548,-918,-1459,-1971
107,-1043,958,-1317,-599,772,1703,2481,530,-947,-1469,-1977
80,-1075,1024,-1383,-664,778,1805,2470,509,-977,-1483,-1981
55,-1105,1087,-1446,-725,783,1901,2460,494,-1000,-1497,-1983
34,-1121,1129,-1486,-769,780,1945,2453,486,-1013,-1506,-1979
20,-1129,1156,-1511,-796,777,1983,2452,480,-1017,-1510,-1969
8,-1136,1178,-1532,-817,774,2036,2459,479,-1015,-1512,-1955
-3,-1138,1192,-1545,-832,768,2081,2470,481,-1009,-1511,-1940
-12,-1134,1198,-1549,-839,759,2115,2482,484,-1007,-1511,-1925
-17,-1137,1206,-1559,-844,755,2152,2493,483,-1008,-1513,-1912
-22,-1141,1214,-1570,-847,753,2175,2501,481,-1007,-1519,-1899
-22,-1142,1212,-1572,-841,752,2162,2517,479,-1003,-1521,-1883
-21,-1149,1213,-1580,-835,754,2188,2536,478,-1004,-1522,-1867
-20,-1158,1217,-1591,-831,758,2209,2560,476,-1004,-1520,-1851
-20,-1178,1230,-1617,-834,769,2254,2583,473,-1007,-1514,-1834
-18,-1202,1247,-1646,-837,783,2313,2600,474,-1004,-1507,-1816
-10,-1219,1248,-1660,-827,796,2326,2612,479,-992,-1496,-1796
1,-1229,1240,-1662,-808,806,2316,2623,486,-973,-1482,-1772
11,-1241,1235,-1669,-792,818,2332,2631,492,-961,-1466,-1750
19,-1253,1232,-1675,-780,828,2370,2637,499,-950,-1453,-1729
36,-1246,1201,-1649,-743,832,2356,2642,514,-928,-1437,-1706
61,-1220,1142,-1593,-684,829,2293,2646,536,-904,-1421,-1681
90,-1184,1070,-1520,-613,822,2212,2646,561,-882,-1410,-1658
118,-1155,1007,-1456,-550,820,2149,2645,579,-869,-1405,-1640
138,-1139,966,-1416,-509,820,2149,2642,589,-867,-1405,-1629
147,-1128,940,-1389,-485,818,2165,2636,593,-871,-1409,-1627
153,-1118,920,-1366,-468,815,2179,2630,594,-880,-1414,-1625
156,-1112,907,-1351,-459,815,2202,2629,593,-892,-1417,-1623
157,-1109,901,-1341,-457,814,2242,2629,591,-901,-1420,-1621
157,-1098,889,-1323,-453,810,2282,2634,591,-907,-1423,-1621
155,-1087,880,-1305,-452,803,2336,2646,593,-912,-1423,-1623
145,-1079,882,-1298,-465,795,2408,2659,598,-912,-1423,-1624
138,-1070,883,-1290,-476,788,2426,2674,605,-908,-1421,-1623
136,-1059,877,-1276,-479,783,2443,2687,616,-899,-1418,-1623
138,-1039,859,-1248,-472,775,2434,2697,632,-886,-1412,-1624
142,-1018,839,-1219,-463,768,2404,2709,648,-875,-1407,-1624
142,-1003,830,-1201,-463,762,2389,2725,661,-868,-1403,-1628
138,-991,828,-1191,-471,756,2365,2737,676,-863,-1402,-1635
136,-973,819,-1174,-472,748,2289,2742,690,-860,-1402,-1647
139,-956,807,-1155,-469,743,2173,2742,700,-859,-1403,-1661
134,-959,822,-1167,-487,746,2078,2737,699,-872,-1411,-1682
122,-981,864,-1211,-528,756,2010,2728,688,-893,-1426,-1707
105,-1015,921,-1274,-581,771,1965,2722,677,-911,-1442,-1732
92,-1044,971,-1328,-625,784,1913,2718,673,-921,-1457,-1756
85,-1057,997,-1357,-649,790,1811,2719,677,-921,-1467,-1779
82,-1059,1008,-1369,-659,792,1703,2726,687,-916,-1474,-1800
79,-1055,1012,-1373,-664,787,1608,2735,699,-903,-1476,-1817
76,-1046,1010,-1371,-664,779,1527,2745,714,-881,-1473,-1831
75,-1037,1004,-1364,-658,771,1458,2754,733,-856,-1468,-1840
73,-1031,1002,-1363,-655,764,1415,2760,752,-830,-1461,-1846
67,-1024,1001,-1362,-654,753,1376,2763,770,-806,-1456,-1852
66,-1018,996,-1359,-647,745,1322,2771,789,-788,-1450,-1856
63,-1019,998,-1364,-645,740,1323,2776,808,-784,-1448,-1864
57,-1023,1006,-1375,-648,734,1342,2787,830,-784,-1445,-1868
48,-1037,1025,-1399,-660,733,1407,2803,848,-788,-1441,-1872
41,-1056,1046,-1428,-673,738,1499,2822,866,-786,-1436,-1876
41,-1071,1055,-1445,-673,744,1572,2846,886,-780,-1428,-1876
47,-1081,1054,-1451,-661,750,1650,2877,903,-774,-1418,-1872
54,-1094,1054,-1460,-651,759,1774,2918,918,-769,-1405,-1862
56,-1107,1058,-1471,-647,766,1930,2961,934,-756,-1390,-1850
70,-1102,1031,-1449,-615,768,2043,3006,962,-732,-1367,-1831
95,-1077,975,-1393,-557,766,2115,3050,996,-703,-1339,-1810
122,-1040,903,-1318,-488,756,2171,3087,1028,-674,-1312,-1791
146,-1008,840,-1253,-428,748,2239,3121,1052,-656,-1288,-1773
161,-994,804,-1216,-393,747,2356,3144,1064,-649,-1273,-1757
169,-989,785,-1197,-375,748,2468,3156,1067,-651,-1268,-1745
173,-986,772,-1183,-365,748,2557,3163,1065,-657,-1266,-1733
176,-989,768,-1179,-362,752,2634,3168,1063,-661,-1261,-1718
177,-999,773,-1186,-368,761,2703,3166,1061,-666,-1257,-1705
175,-1006,779,-1190,-376,765,2750,3156,1058,-669,-1253,-1692
171,-1011,788,-1196,-389,768,2785,3142,1053,-671,-1248,-1674
163,-1020,803,-1209,-409,771,2818,3121,1049,-669,-1246,-1656
158,-1023,813,-1214,-423,773,2782,3101,1048,-659,-1237,-1630
154,-1016,812,-1206,-430,769,2729,3079,1052,-645,-1227,-1603
152,-995,797,-1179,-428,757,2640,3057,1059,-626,-1217,-1573
149,-970,780,-1149,-424,741,2531,3041,1067,-608,-1204,-1542
142,-952,775,-1132,-430,728,2453,3032,1073,-600,-1192,-1513
131,-939,779,-1124,-445,716,2386,3029,1077,-600,-1184,-1489
121,-920,779,-1111,-457,700,2283,3028,1084,-600,-1177,-1467
114,-903,776,-1097,-464,687,2151,3034,1087,-602,-1170,-1449
101,-906,802,-1117,-494,683,2069,3045,1080,-616,-1168,-1436
78,-926,854,-1166,-548,684,2047,3064,1068,-631,-1172,-1425
52,-955,919,-1230,-611,688,2043,3088,1058,-641,-1174,-1416
30,-979,975,-1285,-664,691,2028,3116,1056,-644,-1174,-1403
20,-992,1007,-1317,-694,694,1970,3146,1063,-636,-1170,-1390
16,-995,1023,-1332,-707,694,1902,3176,1075,-620,-1163,-1374
14,-993,1030,-1337,-711,691,1847,3207,1088,-601,-1153,-1361
14,-986,1030,-1335,-710,685,1790,3236,1104,-581,-1143,-1351
17,-975,1021,-1324,-699,678,1728,3259,1121,-565,-1133,-1339
19,-965,1012,-1314,-688,671,1681,3276,1133,-553,-1126,-1329
19,-952,1001,-1300,-676,659,1636,3286,1146,-539,-1120,-1322
23,-937,982,-1280,-656,649,1573,3297,1160,-524,-1114,-1312
24,-927,968,-1266,-641,640,1556,3302,1175,-516,-1111,-1309
28,-925,959,-1261,-626,638,1542,3304,1189,-512,-1109,-1313
35,-936,959,-1271,-615,647,1565,3304,1199,-515,-1108,-1320
41,-952,962,-1285,-607,658,1615,3302,1212,-516,-1106,-1329
52,-961,953,-1287,-587,669,1643,3302,1228,-509,-1104,-1338
65,-966,936,-1281,-562,678,1669,3308,1244,-496,-1099,-1346
72,-972,925,-1278,-544,684,1735,3321,1260,-476,-1090,-1352
73,-975,919,-1277,-535,685,1832,3337,1280,-455,-1080,-1357
79,-963,891,-1251,-508,679,1894,3357,1311,-420,-1061,-1359
92,-936,841,-1201,-463,669,1913,3378,1349,-377,-1041,-1361
111,-902,780,-1137,-407,657,1919,3396,1388,-336,-1021,-1367
126,-870,724,-1079,-358,645,1938,3411,1417,-306,-1006,-1378
135,-851,688,-1042,-328,638,1993,3420,1437,-293,-999,-1393
138,-841,668,-1020,-313,634,2038,3428,1452,-287,-993,-1411
139,-833,653,-1004,-304,629,2061,3437,1467,-283,-983,-1426
138,-828,643,-994,-301,627,2068,3444,1481,-281,-973,-1438
137,-827,642,-991,-305,627,2069,3450,1495,-283,-965,-1450
136,-823,637,-983,-307,625,2052,3456,1508,-285,-958,-1463
136,-819,632,-975,-309,624,2042,3465,1524,-286,-949,-1470
131,-810,630,-966,-317,617,2056,3472,1542,-283,-942,-1476
129,-794,618,-945,-317,607,2024,3482,1556,-274,-933,-1475
130,-772,599,-914,-311,594,1993,3494,1570,-263,-922,-1471
133,-738,567,-868,-295,575,1937,3507,1583,-252,-910,-1465
137,-701,532,-818,-276,555,1871,3522,1592,-247,-899,-1458
141,-676,510,-784,-265,542,1842,3536,1595,-252,-893,-1452
143,-658,498,-762,-262,533,1832,3546,1597,-263,-894,-1450
147,-639,483,-737,-255,524,1799,3548,1601,-274,-899,-1451
153,-622,467,-713,-246,519,1747,3552,1601,-289,-904,-1451
148,-625,483,-723,-264,517,1751,3557,1595,-317,-914,-1452
128,-644,529,-766,-311,518,1810,3569,1585,-345,-924,-1451
105,-675,591,-826,-369,524,1904,3590,1577,-363,-930,-1448
85,-700,642,-877,-418,528,1992,3612,1575,-365,-930,-1442
71,-707,669,-899,-445,524,2032,3638,1581,-352,-924,-1429
64,-707,679,-905,-455,519,2067,3664,1591,-335,-913,-1409
60,-703,683,-906,-457,513,2109,3692,1605,-320,-897,-1387
58,-694,679,-898,-451,506,2145,3719,1619,-303,-880,-1360
61,-684,667,-885,-437,499,2174,3745,1633,-283,-862,-1333
67,-680,658,-878,-422,499,2213,3769,1645,-262,-843,-1305
72,-676,648,-871,-406,498,2238,3787,1660,-239,-824,-1276
80,-667,630,-855,-382,496,2227,3811,1676,-212,-802,-1240
88,-663,616,-847,-361,497,2252,3831,1693,-187,-781,-1202
93,-665,610,-846,-346,500,2257,3853,1711,-165,-761,-1161
97,-674,610,-856,-336,507,2278,3873,1727,-148,-741,-1122
101,-684,611,-866,-328,515,2305,3888,1745,-129,-720,-1084
106,-683,600,-861,-311,516,2287,3903,1764,-107,-699,-1047
112,-677,582,-848,-290,515,2248,3923,1784,-79,-675,-1007
117,-680,574,-847,-276,520,2242,3949,1803,-52,-652,-970
116,-685,573,-852,-272,521,2266,3976,1824,-24,-632,-938
123,-672,547,-829,-247,517,2238,4002,1852,14,-607,-906
136,-643,497,-778,-202,507,2151,4025,1884,53,-581,-876
151,-604,437,-713,-150,491,2040,4041,1913,85,-559,-853
162,-567,382,-652,-105,474,1938,4055,1932,104,-542,-837
167,-543,348,-614,-79,462,1902,4062,1941,105,-532,-830
166,-528,330,-592,-68,452,1907,4065,1947,100,-527,-829
162,-517,318,-576,-65,443,1941,4068,1952,96,-524,-831
157,-508,312,-565,-67,435,2002,4072,1957,94,-520,-834
152,-502,310,-558,-73,429,2078,4078,1963,90,-517,-837
147,-492,305,-546,-77,422,2134,4084,1968,87,-514,-843
143,-483,302,-536,-83,414,2185,4093,1973,87,-508,-848
136,-474,304,-529,-95,405,2247,4099,1981,93,-500,-856
128,-456,298,-509,-103,390,2258,4111,1990,111,-486,-861
123,-434,287,-484,-105,373,2268,4124,2002,135,-468,-866
124,-407,266,-449,-98,356,2243,4136,2017,160,-451,-872
126,-378,241,-410,-88,339,2185,4150,2030,178,-433,-879
125,-356,228,-383,-87,323,2149,4163,2041,191,-417,-887
121,-338,223,-366,-93,309,2116,4173,2051,200,-402,-898
120,-318,211,-341,-91,295,2043,4176,2064,213,-387,-910
124,-295,191,-310,-80,282,1936,4177,2074,226,-372,-920
119,-288,197,-307,-92,274,1864,4171,2074,228,-364,-932
106,-302,230,-336,-126,275,1826,4164,2068,225,-363,-948
87,-325,277,-382,-173,278,1810,4160,2060,222,-361,-962
68,-342,317,-418,-212,277,1803,4156,2058,226,-356,-976
54,-340,332,-427,-231,267,1757,4154,2061,241,-347,-984
46,-329,330,-418,-234,254,1706,4154,2066,260,-333,-988
41,-317,325,-407,-231,243,1670,4157,2070,279,-318,-987
36,-302,314,-392,-224,229,1635,4161,2072,296,-306,-983
32,-286,300,-373,-212,215,1600,4167,2073,313,-292,-977
28,-279,294,-367,-204,208,1584,4174,2070,325,-278,-970
23,-277,293,-367,-200,202,1556,4181,2067,335,-266,-963
22,-277,288,-367,-191,200,1498,4198,2063,343,-251,-953
22,-282,289,-375,-183,202,1482,4216,2062,345,-238,-946
21,-294,295,-391,-180,208,1464,4237,2060,344,-226,-937
18,-315,311,-419,-185,219,1480,4262,2059,346,-212,-923
13,-331,326,-444,-191,225,1525,4288,2066,356,-194,-902
10,-332,322,-445,-182,223,1543,4313,2082,377,-171,-873
18,-327,302,-433,-158,224,1558,4343,2104,404,-143,-837
29,-327,283,-424,-132,230,1609,4378,2127,434,-113,-796
37,-327,269,-417,-112,234,1683,4412,2151,466,-82,-753
54,-306,225,-378,-68,231,1704,4442,2183,505,-46,-709
81,-269,156,-308,-1,223,1671,4468,2218,545,-12,-667
111,-222,75,-224,75,211,1609,4490,2248,575,20,-626
135,-180,3,-149,140,198,1551,4508,2267,594,48,-586
150,-151,-44,-98,180,189,1552,4520,2275,603,66,-548
156,-131,-72,-65,202,180,1575,4531,2278,604,76,-514
159,-119,-88,-44,212,175,1611,4541,2281,599,83,-485
159,-113,-94,-33,212,172,1644,4549,2281,589,88,-460
153,-108,-94,-27,203,167,1671,4555,2279,580,91,-439
147,-98,-96,-15,195,159,1677,4561,2278,573,94,-418
142,-87,-99,-2,188,151,1676,4572,2275,566,99,-394
136,-78,-99,9,177,144,1688,4579,2273,563,105,-371
139,-68,-108,27,178,141,1647,4589,2273,564,115,-346
144,-51,-124,53,185,136,1604,4602,2272,570,127,-323
150,-25,-151,94,200,125,1537,4614,2273,579,140,-302
158,4,-181,137,218,113,1458,4630,2275,591,155,-280
160,27,-200,169,225,101,1417,4648,2274,599,170,-259
156,48,-209,193,222,85,1393,4660,2271,599,182,-241
150,74,-223,223,222,65,1339,4663,2268,598,193,-228
147,98,-238,251,225,47,1259,4665,2261,596,203,-218
134,101,-221,245,200,36,1224,4663,2243,581,202,-216
111,84,-175,204,151,32,1240,4659,2220,560,196,-219
83,55,-113,144,89,31,1281,4652,2196,540,188,-223
58,31,-58,91,34,29,1320,4641,2176,524,181,-228
37,22,-25,62,-3,21,1314,4631,2162,519,175,-232
24,19,-5,46,-24,11,1317,4624,2149,521,172,-233
14,19,7,35,-37,4,1343,4617,2136,532,172,-233
9,22,11,32,-40,-4,1375,4609,2128,549,176,-231
6,30,6,37,-35,-14,1409,4599,2125,569,182,-229
8,34,0,40,-26,-18,1458,4584,2123,585,189,-231
10,38,-7,42,-15,-21,1500,4563,2122,602,197,-239
16,44,-22,52,5,-24,1506,4545,2118,618,207,-244
21,47,-33,56,21,-25,1548,4526,2117,626,217,-252
22,46,-37,53,31,-26,1578,4513,2118,629,227,-263
24,34,-32,36,35,-18,1628,4510,2116,626,237,-276
28,19,-25,16,39,-8,1689,4513,2119,628,248,-287
34,13,-30,12,52,-1,1706,4522,2125,637,262,-295
42,15,-46,20,74,1,1700,4536,2133,649,276,-300
52,11,-58,21,93,9,1720,4557,2139,660,291,-305
60,5,-65,19,108,18,1756,4579,2148,677,306,-309
76,19,-102,52,148,18,1726,4600,2167,707,327,-308
99,54,-166,117,210,10,1622,4620,2191,743,349,-305
126,100,-244,199,282,-2,1478,4638,2216,777,371,-304
146,145,-315,277,345,-18,1339,4659,2236,800,390,-302
156,178,-363,332,384,-33,1273,4676,2248,813,402,-302
157,203,-394,373,406,-47,1231,4684,2258,818,409,-301
154,226,-417,407,419,-62,1185,4685,2265,821,414,-301
148,242,-430,431,422,-73,1150,4682,2271,828,420,-301
142,250,-434,443,419,-79,1137,4675,2273,832,422,-304
137,260,-440,459,415,-86,1128,4664,2273,834,421,-308
129,271,-442,472,407,-94,1133,4653,2267,835,424,-307
116,279,-435,479,389,-105,1172,4632,2258,837,425,-304
104,292,-433,491,374,-117,1172,4611,2247,841,428,-296
93,309,-436,509,363,-132,1183,4589,2237,845,435,-285
85,333,-446,537,359,-151,1166,4566,2225,853,444,-274
75,356,-455,563,352,-169,1133,4545,2210,855,451,-262
61,370,-448,570,332,-185,1131,4524,2189,847,454,-250
46,377,-433,568,306,-199,1139,4500,2165,831,451,-241
35,388,-426,572,289,-213,1111,4471,2144,815,446,-234
30,400,-427,582,281,-224,1060,4444,2124,801,443,-225
17,396,-403,564,253,-230,1065,4420,2097,781,438,-214
-3,375,-356,519,204,-230,1124,4401,2064,757,430,-205
-25,345,-298,459,148,-226,1216,4388,2032,737,425,-191
-42,317,-248,405,102,-221,1309,4377,2008,728,423,-170
-48,302,-223,376,81,-217,1347,4367,1989,727,427,-147
-47,297,-215,365,76,-217,1380,4360,1974,726,437,-121
-44,296,-215,360,79,-217,1421,4351,1961,729,451,-91
-40,296,-220,359,87,-219,1453,4343,1950,739,465,-58
-35,300,-229,363,99,-222,1475,4336,1942,751,477,-26
-34,301,-234,363,108,-227,1525,4331,1932,762,486,3
-34,303,-239,362,116,-232,1573,4318,1920,774,491,25
-31,302,-248,363,129,-234,1594,4305,1906,780,497,46
-30,295,-248,353,136,-232,1681,4281,1891,776,499,61
-33,283,-240,334,135,-229,1765,4251,1872,764,498,73
-36,258,-221,301,126,-217,1868,4215,1848,741,494,81
-41,230,-196,262,114,-203,1972,4175,1827,718,489,86
-44,208,-180,233,108,-191,2017,4133,1809,704,486,91
-41,192,-175,215,111,-179,2022,4096,1792,694,485,98
-39,173,-166,194,113,-164,2038,4064,1775,690,485,105
-40,156,-155,174,110,-153,2067,4033,1760,694,487,110
-32,160,-173,188,132,-150,2022,4005,1758,713,495,120
-13,183,-221,235,180,-151,1891,3976,1762,737,504,130
10,219,-285,302,241,-158,1713,3943,1765,754,508,134
32,251,-344,364,296,-163,1535,3909,1759,760,506,132
47,268,-378,400,329,-162,1414,3873,1742,753,496,122
56,277,-397,422,348,-159,1294,3838,1722,744,481,106
61,285,-411,440,359,-159,1160,3806,1702,734,463,84
65,291,-419,453,364,-157,1030,3775,1680,724,444,57
68,288,-417,453,362,-150,910,3744,1652,708,422,25
72,285,-415,454,358,-142,787,3710,1622,686,398,-12
73,281,-408,452,350,-135,689,3679,1588,661,375,-50
68,277,-393,444,332,-133,643,3644,1555,634,350,-92
65,281,-388,448,320,-135,577,3613,1524,617,328,-131
63,297,-394,467,317,-144,537,3582,1495,606,306,-166
62,324,-413,503,323,-161,484,3551,1469,600,287,-201
64,351,-433,538,331,-175,424,3517,1441,591,266,-232
62,366,-438,554,327,-185,416,3479,1409,573,242,-266
60,371,-431,557,315,-189,440,3432,1373,547,215,-305
60,378,-430,563,309,-192,441,3377,1336,514,185,-347
65,382,-430,568,307,-193,425,3322,1295,478,155,-386
60,365,-400,537,278,-185,467,3268,1247,429,118,-426
44,328,-340,473,224,-173,571,3216,1196,379,82,-465
22,283,-265,392,156,-159,706,3169,1145,333,45,-504
2,243,-198,319,95,-147,829,3122,1099,293,12,-540
-10,217,-155,271,56,-140,886,3075,1060,264,-15,-571
-16,202,-129,241,34,-137,929,3032,1026,244,-34,-596
-19,196,-116,223,23,-138,983,2991,993,233,-50,-618
-22,194,-108,213,16,-143,1035,2951,964,225,-61,-634
-24,195,-105,207,15,-149,1081,2913,937,216,-73,-644
-23,189,-100,194,14,-149,1138,2875,910,207,-86,-651
-21,183,-96,182,16,-148,1178,2834,888,201,-101,-656
-15,180,-102,178,27,-146,1167,2799,868,198,-112,-656
-7,170,-104,168,38,-138,1185,2759,849,190,-124,-656
-3,157,-100,152,43,-130,1185,2717,829,181,-135,-654
-2,138,-87,126,41,-119,1199,2678,804,170,-145,-647
-3,119,-74,101,37,-111,1218,2636,778,164,-153,-635
-3,109,-71,88,40,-105,1185,2593,755,163,-156,-616
1,101,-75,83,51,-99,1125,2549,732,164,-156,-593
3,90,-74,73,57,-90,1094,2505,704,161,-154,-566
2,78,-69,61,58,-82,1084,2457,674,157,-153,-539
7,84,-89,78,79,-82,1014,2406,651,166,-151,-510
20,107,-133,123,121,-87,875,2350,627,172,-152,-484
37,139,-189,183,173,-94,700,2288,601,170,-158,-462
50,165,-236,234,216,-100,533,2221,569,159,-167,-444
53,175,-254,256,233,-101,425,2148,532,139,-181,-432
48,176,-255,260,231,-101,327,2074,492,118,-196,-428
41,171,-248,257,223,-98,221,2000,450,96,-214,-429
36,160,-234,245,210,-90,110,1925,403,69,-233,-431
30,141,-210,222,191,-76,14,1850,354,39,-252,-435
23,124,-187,201,170,-63,-83,1777,307,10,-271,-442
16,108,-162,179,147,-52,-161,1707,261,-16,-287,-448
4,94,-134,157,117,-46,-194,1636,217,-36,-303,-456
-5,86,-114,144,96,-42,-264,1573,180,-48,-311,-461
-9,84,-103,141,82,-40,-312,1518,151,-50,-314,-464
-10,93,-105,153,79,-43,-372,1469,125,-51,-316,-469
-10,105,-112,170,80,-49,-430,1425,99,-57,-318,-475
-14,112,-108,176,71,-55,-429,1381,68,-69,-323,-484
-22,114,-96,172,54,-62,-385,1335,38,-85,-331,-499
-26,123,-94,179,45,-72,-357,1282,11,-96,-342,-518
-24,134,-100,192,46,-79,-351,1228,-14,-111,-353,-537
-29,127,-82,176,26,-80,-293,1170,-47,-139,-370,-560
-41,101,-38,129,-15,-73,-179,1113,-85,-173,-394,-586
-55,62,21,63,-67,-59,-31,1060,-124,-205,-417,-614
-68,24,77,-1,-117,-47,106,1004,-159,-229,-440,-642
-75,1,111,-42,-146,-40,173,944,-191,-246,-459,-672
-75,-15,130,-69,-161,-34,223,881,-225,-261,-476,-701
-71,-28,142,-89,-168,-27,278,818,-257,-276,-491,-731
-69,-36,147,-102,-170,-26,317,757,-287,-289,-503,-758
-67,-40,149,-111,-170,-26,323,698,-315,-301,-513,-783
-65,-49,155,-126,-171,-24,327,642,-345,-311,-523,-808
-65,-60,163,-144,-175,-21,324,583,-373,-318,-537,-831
-60,-70,164,-157,-171,-16,286,531,-401,-320,-549,-850
-58,-82,170,-175,-171,-11,285,477,-428,-330,-562,-870
-60,-95,179,-195,-175,-6,276,431,-455,-348,-575,-890
-65,-113,197,-225,-186,0,291,397,-483,-372,-587,-910
-69,-134,216,-256,-198,10,317,368,-510,-395,-602,-931
-67,-147,221,-271,-195,19,300,347,-533,-411,-616,-951
-60,-157,218,-279,-185,30,257,335,-556,-425,-627,-969
-53,-174,222,-297,-179,47,243,330,-580,-439,-637,-985
-49,-195,234,-320,-180,65,258,323,-602,-452,-646,-1002
-38,-196,219,-313,-159,75,215,311,-613,-453,-651,-1016
-19,-179,177,-274,-115,80,125,294,-620,-449,-658,-1027
4,-154,123,-221,-62,82,25,272,-628,-446,-668,-1039
24,-133,78,-176,-16,86,-54,245,-642,-450,-680,-1052
37,-129,57,-157,8,96,-65,212,-661,-468,-698,-1070
44,-136,53,-156,15,110,-60,172,-681,-490,-719,-1090
46,-148,60,-166,12,125,-61,131,-703,-515,-738,-1107
45,-166,77,-185,0,141,-57,89,-727,-542,-756,-1123
41,-191,105,-216,-22,161,-49,42,-761,-575,-775,-1141
37,-214,131,-243,-45,178,-53,-10,-796,-609,-796,-1158
34,-235,156,-270,-66,194,-59,-60,-831,-639,-816,-1168
29,-256,183,-297,-90,209,-41,-114,-864,-663,-837,-1176
27,-270,202,-313,-106,221,-71,-166,-894,-681,-855,-1181
27,-278,213,-321,-117,228,-97,-217,-918,-694,-871,-1182
29,-276,213,-315,-119,229,-139,-270,-941,-704,-885,-1183
32,-271,210,-305,-118,229,-194,-319,-964,-717,-898,-1182
30,-268,215,-303,-127,225,-204,-363,-989,-735,-912,-1179
22,-266,227,-307,-143,219,-191,-403,-1015,-756,-928,-1179
16,-258,232,-301,-153,207,-215,-440,-1036,-773,-944,-1179
15,-245,226,-286,-152,196,-267,-469,-1054,-791,-957,-1175
8,-247,242,-297,-170,190,-266,-495,-1081,-817,-973,-1173
-4,-270,284,-340,-209,194,-209,-516,-1110,-846,-991,-1173
-21,-307,343,-403,-261,205,-132,-534,-1141,-872,-1008,-1173
-35,-341,397,-463,-308,216,-97,-549,-1167,-888,-1021,-1172
-42,-364,433,-503,-337,223,-152,-560,-1185,-893,-1030,-1169
-44,-382,457,-533,-356,230,-244,-569,-1200,-893,-1036,-1162
-47,-396,478,-559,-371,234,-346,-580,-1213,-890,-1041,-1155
-49,-405,491,-577,-380,236,-462,-593,-1220,-887,-1045,-1146
-49,-407,495,-585,-382,234,-584,-608,-1221,-880,-1048,-1136
-52,-410,502,-595,-387,231,-687,-622,-1222,-873,-1052,-1126
-57,-412,508,-604,-393,225,-794,-643,-1223,-868,-1058,-1118
-57,-412,507,-608,-390,223,-920,-665,-1225,-868,-1063,-1111
-54,-419,509,-619,-387,227,-992,-698,-1234,-883,-1072,-1111
-51,-434,518,-639,-389,238,-1051,-734,-1247,-905,-1084,-1115
-48,-461,539,-675,-398,256,-1055,-766,-1262,-933,-1098,-1121
-48,-493,566,-718,-413,277,-1014,-797,-1275,-954,-1111,-1128
-45,-518,583,-750,-420,296,-986,-827,-1289,-968,-1125,-1136
-36,-539,590,-772,-416,316,-954,-853,-1305,-977,-1135,-1142
-24,-567,601,-800,-413,343,-873,-874,-1324,-982,-1142,-1151
-16,-595,614,-830,-414,368,-745,-893,-1341,-979,-1147,-1164
0,-598,596,-822,-389,383,-635,-907,-1349,-964,-1147,-1176
25,-581,549,-780,-339,389,-542,-918,-1352,-943,-1142,-1187
51,-550,485,-718,-278,387,-451,-929,-1352,-921,-1133,-1197
75,-519,424,-657,-220,385,-328,-936,-1354,-905,-1125,-1204
88,-497,383,-614,-182,381,-141,-945,-1359,-900,-1119,-1216
95,-481,355,-584,-159,378,53,-960,-1369,-906,-1118,-1233
100,-471,336,-563,-143,377,233,-981,-1378,-913,-1118,-1255
101,-466,325,-551,-135,378,397,-1005,-1387,-924,-1118,-1276
98,-464,323,-545,-136,378,548,-1033,-1396,-938,-1118,-1298
92,-457,318,-534,-138,373,659,-1065,-1404,-950,-1116,-1321
85,-450,316,-525,-142,367,744,-1094,-1416,-962,-1113,-1343
76,-448,323,-524,-154,362,824,-1127,-1426,-970,-1112,-1368
68,-440,323,-515,-162,355,833,-1156,-1436,-971,-1108,-1390
62,-427,318,-499,-164,344,821,-1183,-1446,-967,-1105,-1410
58,-407,304,-473,-161,330,762,-1209,-1454,-958,-1104,-1431
55,-388,292,-448,-157,317,669,-1233,-1464,-956,-1105,-1452
48,-377,293,-438,-166,305,584,-1254,-1477,-959,-1108,-1472
37,-374,306,-442,-185,296,492,-1274,-1490,-968,-1114,-1493
27,-368,317,-443,-201,285,350,-1297,-1500,-980,-1122,-1514
20,-362,325,-442,-214,276,172,-1316,-1511,-996,-1132,-1534
4,-374,360,-471,-250,273,33,-1330,-1532,-1025,-1147,-1555
-18,-400,416,-526,-305,274,-62,-1342,-1557,-1058,-1163,-1575
-41,-436,483,-594,-367,281,-142,-1349,-1579,-1086,-1175,-1590
-61,-467,543,-655,-422,286,-234,-1357,-1596,-1105,-1185,-1602
-74,-481,577,-688,-454,285,-379,-1365,-1610,-1117,-1191,-1610
-77,-489,596,-707,-469,285,-536,-1375,-1624,-1123,-1195,-1615
-76,-494,608,-722,-477,286,-685,-1390,-1640,-1127,-1199,-1616
-74,-498,615,-731,-480,285,-827,-1405,-1656,-1129,-1202,-1617
-72,-496,616,-734,-478,281,-960,-1422,-1670,-1131,-1202,-1616
-72,-497,622,-743,-481,277,-1069,-1440,-1684,-1135,-1201,-1613
-72,-501,629,-755,-484,275,-1169,-1468,-1697,-1142,-1203,-1609
-67,-503,628,-759,-477,275,-1277,-1493,-1710,-1147,-1203,-1595
-62,-506,627,-765,-471,275,-1326,-1521,-1720,-1156,-1204,-1579
-59,-510,627,-772,-466,276,-1355,-1547,-1728,-1163,-1202,-1561
-55,-523,634,-789,-465,284,-1337,-1568,-1732,-1171,-1197,-1541
-52,-536,642,-808,-465,292,-1279,-1583,-1731,-1169,-1189,-1518
-43,-541,633,-808,-449,299,-1231,-1594,-1725,-1157,-1177,-1491
-29,-539,612,-797,-424,306,-1172,-1599,-1718,-1141,-1161,-1459
-15,-543,597,-792,-401,318,-1062,-1595,-1715,-1122,-1146,-1426
-6,-550,586,-791,-384,330,-915,-1590,-1712,-1103,-1133,-1391
11,-537,549,-759,-345,334,-799,-1584,-1703,-1080,-1118,-1356
37,-508,485,-698,-283,334,-722,-1580,-1688,-1055,-1101,-1322
64,-471,412,-624,-213,332,-662,-1578,-1674,-1038,-1086,-1293
88,-444,351,-563,-154,333,-591,-1573,-1670,-1033,-1078,-1272
101,-432,317,-531,-122,338,-468,-1571,-1675,-1039,-1080,-1261
102,-428,302,-515,-110,341,-341,-1574,-1687,-1056,-1090,-1255
100,-429,297,-509,-107,345,-218,-1579,-1704,-1075,-1102,-1253
97,-439,302,-514,-111,356,-96,-1583,-1721,-1090,-1113,-1253
93,-456,315,-530,-122,370,24,-1585,-1741,-1105,-1127,-1258
88,-467,325,-538,-132,379,125,-1586,-1760,-1115,-1141,-1265
86,-480,335,-548,-142,390,215,-1580,-1776,-1121,-1152,-1271
80,-496,354,-565,-159,401,310,-1578,-1788,-1125,-1160,-1280
78,-507,365,-574,-171,409,350,-1573,-1797,-1123,-1163,-1291
80,-510,366,-571,-172,415,378,-1570,-1801,-1119,-1164,-1300
87,-503,354,-554,-163,415,363,-1571,-1801,-1113,-1166,-1310
94,-496,343,-537,-154,416,309,-1574,-1804,-1115,-1169,-1320
96,-497,347,-537,-159,417,258,-1576,-1812,-1125,-1176,-1333
93,-502,361,-546,-174,416,194,-1582,-1822,-1137,-1186,-1352
89,-498,368,-546,-184,410,79,-1591,-1829,-1144,-1197,-1375
86,-487,368,-537,-190,398,-72,-1595,-1833,-1147,-1201,-1394
72,-489,395,-556,-222,387,-195,-1595,-1842,-1158,-1208,-1415
48,-508,448,-603,-276,380,-287,-1588,-1851,-1171,-1217,-1436
19,-534,512,-664,-341,375,-369,-1579,-1860,-1181,-1226,-1457
-7,-553,567,-714,-397,367,-467,-1573,-1866,-1186,-1236,-1478
-22,-558,597,-740,-430,358,-611,-1570,-1865,-1186,-1242,-1494
-30,-554,610,-748,-445,347,-762,-1564,-1860,-1184,-1243,-1508
-34,-545,614,-748,-451,335,-905,-1559,-1854,-1177,-1240,-1520
-35,-534,611,-742,-450,323,-1046,-1555,-1848,-1169,-1236,-1531
-33,-519,599,-728,-441,312,-1179,-1556,-1843,-1160,-1233,-1539
-32,-508,592,-720,-434,304,-1276,-1565,-1839,-1151,-1230,-1543
-32,-498,585,-713,-428,295,-1357,-1589,-1839,-1140,-1232,-1548
-26,-489,571,-701,-413,291,-1439,-1617,-1843,-1133,-1233,-1551
-18,-489,561,-699,-399,296,-1467,-1654,-1847,-1135,-1236,-1556
-9,-497,558,-705,-388,306,-1481,-1693,-1855,-1145,-1238,-1559
-4,-515,568,-728,-389,321,-1440,-1727,-1864,-1155,-1239,-1560
-3,-536,582,-755,-394,336,-1358,-1760,-1867,-1158,-1241,-1559
0,-548,585,-767,-391,345,-1291,-1789,-1864,-1151,-1240,-1554
8,-555,576,-769,-376,356,-1223,-1812,-1861,-1140,-1235,-1546
16,-568,573,-777,-365,370,-1105,-1824,-1859,-1128,-1227,-1536
20,-583,575,-790,-361,382,-946,-1831,-1857,-1113,-1217,-1525
31,-578,549,-771,-332,388,-810,-1831,-1847,-1086,-1200,-1509
52,-554,494,-719,-279,386,-693,-1825,-1833,-1051,-1180,-1486
76,-520,425,-651,-214,380,-552,-1815,-1819,-1019,-1159,-1460
95,-491,366,-592,-159,375,-363,-1798,-1812,-994,-1140,-1435
104,-477,332,-560,-128,373,-105,-1781,-1813,-984,-1127,-1415
103,-470,317,-544,-117,369,179,-1765,-1817,-982,-1119,-1403
98,-463,308,-532,-113,363,468,-1751,-1823,-985,-1116,-1394
91,-459,304,-525,-115,357,755,-1738,-1828,-990,-1113,-1385
81,-460,309,-527,-125,355,1025,-1727,-1832,-998,-1111,-1376
70,-459,315,-529,-136,350,1253,-1718,-1830,-1007,-1110,-1365
59,-457,322,-530,-150,344,1449,-1710,-1828,-1016,-1104,-1352
45,-453,332,-532,-168,334,1618,-1710,-1823,-1023,-1099,-1341
37,-445,334,-525,-177,326,1709,-1712,-1816,-1019,-1090,-1323
34,-431,326,-508,-177,318,1754,-1715,-1805,-1004,-1079,-1303
34,-410,310,-481,-169,306,1725,-1724,-1789,-981,-1066,-1283
37,-391,295,-456,-161,296,1628,-1735,-1776,-964,-1056,-1264
35,-381,295,-448,-167,290,1492,-1748,-1767,-957,-1050,-1248
32,-379,305,-452,-180,288,1308,-1763,-1761,-960,-1048,-1234
32,-371,306,-446,-185,283,1057,-1781,-1754,-967,-1048,-1222
38,-361,301,-435,-182,281,752,-1795,-1748,-975,-1050,-1208
36,-369,321,-453,-201,286,436,-1805,-1748,-993,-1055,-1196
24,-394,369,-500,-245,294,120,-1807,-1753,-1016,-1065,-1187
9,-427,428,-562,-298,305,-198,-1799,-1756,-1034,-1074,-1181
-5,-452,477,-611,-342,313,-526,-1784,-1748,-1039,-1076,-1173
-8,-461,499,-632,-362,316,-892,-1759,-1728,-1033,-1068,-1164
-3,-460,502,-634,-363,317,-1253,-1730,-1703,-1018,-1052,-1150
4,-452,494,-625,-354,315,-1589,-1697,-1676,-994,-1032,-1133
12,-438,479,-606,-340,307,-1900,-1662,-1645,-964,-1013,-1114
21,-421,459,-583,-320,300,-2180,-1625,-1611,-932,-991,-1094
28,-409,443,-566,-305,293,-2418,-1588,-1577,-898,-968,-1072
33,-396,427,-548,-289,285,-2638,-1562,-1542,-864,-948,-1053
42,-379,401,-521,-264,277,-2841,-1535,-1508,-833,-926,-1035
50,-365,379,-500,-242,270,-2973,-1512,-1473,-805,-904,-1020
53,-354,363,-483,-226,263,-3062,-1483,-1434,-774,-882,-1006
52,-349,354,-475,-217,257,-3075,-1447,-1392,-741,-856,-993
52,-344,344,-467,-208,252,-3017,-1408,-1344,-704,-828,-983
52,-330,323,-445,-190,242,-2915,-1366,-1291,-663,-796,-971
54,-313,295,-416,-166,232,-2762,-1320,-1238,-617,-762,-960
54,-301,274,-395,-147,224,-2530,-1268,-1189,-574,-729,-950
48,-284,254,-371,-134,210,-2237,-1216,-1139,-528,-697,-942
51,-245,202,-311,-94,187,-1938,-1162,-1080,-469,-659,-928
62,-184,120,-216,-28,156,-1638,-1104,-1013,-395,-613,-908
76,-109,22,-101,50,118,-1330,-1046,-945,-314,-563,-881
84,-34,-71,11,121,76,-1003,-989,-883,-239,-512,-852
82,30,-141,102,169,35,-646,-938,-825,-167,-462,-823
70,89,-196,178,199,-8,-304,-895,-767,-97,-412,-793
55,148,-247,252,224,-54,10,-859,-706,-29,-361,-762
39,205,-294,322,246,-99,294,-830,-645,36,-310,-730
23,255,-332,384,260,-140,546,-809,-585,96,-259,-697
6,306,-369,444,274,-181,744,-797,-528,154,-209,-665
-10,354,-402,500,283,-220,898,-789,-476,207,-160,-632
-28,397,-427,546,286,-258,1015,-794,-424,262,-113,-599
-40,442,-457,598,295,-293,1046,-804,-371,322,-63,-560
-49,488,-490,653,309,-328,1021,-821,-319,385,-10,-517
-56,542,-531,719,328,-369,914,-846,-266,452,46,-470
-63,599,-575,788,349,-412,744,-870,-211,517,103,-421
-70,648,-609,845,363,-451,549,-894,-159,574,158,-371
-80,697,-639,898,372,-492,318,-913,-103,631,215,-320
-91,756,-678,965,388,-542,29,-925,-40,695,276,-265
-101,824,-727,1044,410,-596,-299,-925,27,766,344,-205
-120,875,-749,1093,408,-647,-625,-918,89,832,412,-145
-149,908,-743,1113,383,-693,-954,-901,149,896,481,-85
-182,932,-725,1117,346,-736,-1290,-873,212,960,551,-24
-216,966,-717,1134,316,-785,-1641,-838,283,1028,625,39
-240,1012,-732,1176,309,-837,-2018,-788,364,1108,704,109
-258,1068,-763,1233,316,-892,-2374,-721,452,1197,786,184
-275,1127,-801,1298,330,-947,-2712,-640,543,1289,868,261
-290,1190,-846,1369,351,-1003,-3032,-552,634,1380,949,337
-303,1258,-900,1450,380,-1062,-3314,-463,722,1468,1028,411
-315,1326,-956,1532,411,-1118,-3542,-374,806,1549,1103,483
-328,1397,-1016,1618,444,-1177,-3736,-290,890,1626,1174,552
-337,1473,-1086,1715,486,-1237,-3906,-206,977,1703,1250,627
-348,1549,-1155,1810,527,-1296,-3999,-130,1067,1779,1324,703
-362,1624,-1222,1903,565,-1356,-4026,-60,1157,1857,1397,779
-378,1693,-1282,1987,596,-1412,-3962,5,1242,1932,1470,856
-396,1762,-1342,2072,627,-1469,-3821,59,1328,2012,1546,934
-411,1845,-1418,2176,670,-1533,-3636,106,1419,2101,1624,1012
-425,1940,-1507,2298,722,-1603,-3400,152,1512,2195,1705,1092
-443,2036,-1593,2418,770,-1677,-3092,201,1606,2291,1787,1173
-467,2138,-1680,2542,813,-1758,-2725,253,1708,2398,1872,1254
-486,2267,-1798,2705,881,-1852,-2337,310,1826,2523,1965,1339
-497,2416,-1944,2901,973,-1955,-1943,374,1956,2658,2062,1425
-504,2576,-2105,3115,1076,-2064,-1554,445,2095,2798,2160,1511
-514,2736,-2263,3326,1175,-2173,-1168,526,2238,2938,2260,1596
-534,2890,-2402,3522,1254,-2286,-768,616,2382,3072,2359,1678
-567,3046,-2529,3710,1316,-2408,-409,707,2529,3205,2458,1758
-607,3207,-2654,3901,1372,-2539,-101,797,2680,3341,2557,1840
-650,3373,-2777,4094,1424,-2675,166,886,2837,3480,2656,1924
-696,3540,-2896,4286,1470,-2814,395,974,2996,3621,2753,2007
-743,3713,-3021,4485,1520,-2958,570,1058,3159,3768,2850,2093
-790,3890,-3146,4688,1569,-3106,718,1138,3327,3911,2946,2180
-843,4071,-3268,4891,1612,-3261,865,1205,3494,4047,3040,2263
-896,4260,-3397,5105,1660,-3422,960,1264,3658,4190,3134,2346
-948,4454,-3530,5325,1711,-3586,1053,1306,3818,4335,3226,2427
-1000,4656,-3670,5554,1766,-3755,1103,1322,3969,4471,3314,2503
-1056,4861,-3808,5785,1819,-3930,1105,1311,4106,4589,3392,2573
-1119,5059,-3932,6001,1857,-4105,1113,1267,4224,4688,3462,2638
-1190,5252,-4042,6205,1880,-4283,1100,1180,4322,4774,3522,2699
-1264,5448,-4155,6413,1905,-4463,1020,1044,4403,4850,3575,2755
-1332,5643,-4270,6621,1935,-4640,893,868,4464,4913,3623,2810
-1407,5815,-4358,6795,1942,-4806,765,652,4499,4955,3662,2859
-1492,5969,-4418,6940,1925,-4967,637,397,4511,4986,3697,2903
-1585,6118,-4467,7072,1895,-5129,497,111,4508,5016,3731,2947
-1677,6272,-4523,7214,1871,-5295,329,-205,4499,5058,3767,2994
-1764,6442,-4602,7380,1866,-5467,115,-546,4486,5113,3808,3048
-1844,6618,-4694,7559,1876,-5639,-100,-903,4468,5174,3853,3109
-1917,6788,-4790,7735,1892,-5803,-294,-1269,4443,5236,3897,3171
-1984,6952,-4887,7908,1914,-5958,-466,-1637,4412,5295,3938,3235
-2046,7110,-4985,8078,1940,-6107,-615,-2002,4382,5351,3979,3299
-2105,7251,-5072,8229,1961,-6243,-727,-2357,4353,5405,4020,3363
-2160,7383,-5153,8368,1981,-6369,-800,-2704,4325,5464,4059,3424
-2208,7508,-5238,8507,2009,-6486,-838,-3039,4294,5523,4103,3486
-2254,7626,-5319,8636,2035,-6597,-804,-3381,4254,5569,4143,3544
-2301,7739,-5395,8760,2058,-6705,-736,-3733,4200,5607,4181,3600
-2346,7841,-5463,8871,2077,-6804,-602,-4102,4130,5633,4218,3655
-2386,7935,-5528,8974,2096,-6895,-421,-4494,4046,5652,4253,3706
-2424,8036,-5604,9090,2125,-6989,-229,-4907,3951,5672,4287,3758
-2456,8140,-5688,9214,2162,-7081,-11,-5338,3847,5697,4324,3812
-2486,8237,-5768,9329,2198,-7166,257,-5788,3731,5729,4365,3869
-2519,8333,-5843,9441,2228,-7253,552,-6270,3607,5770,4407,3928
-2544,8450,-5947,9587,2283,-7348,801,-6788,3480,5826,4455,3990
-2559,8585,-6077,9762,2361,-7448,997,-7341,3350,5885,4506,4054
-2572,8729,-6218,9951,2447,-7553,1157,-7934,3210,5941,4559,4119
-2589,8872,-6354,10135,2526,-7658,1305,-8563,3055,5992,4613,4185
-2611,9004,-6472,10301,2590,-7760,1462,-9232,2882,6034,4664,4252
-2639,9134,-6581,10461,2643,-7864,1587,-9941,2690,6072,4713,4320
-2666,9263,-6687,10618,2694,-7966,1674,-10686,2479,6111,4762,4390
-2695,9389,-6787,10770,2741,-8067,1724,-11463,2244,6146,4812,4459
-2725,9509,-6878,10911,2779,-8164,1746,-12263,1978,6170,4856,4527
-2757,9628,-6965,11050,2813,-8262,1723,-13083,1679,6176,4892,4589
-2786,9736,-7041,11175,2842,-8349,1672,-13916,1342,6158,4923,4648
-2814,9834,-7105,11285,2863,-8430,1608,-14761,975,6125,4948,4703
-2838,9931,-7172,11396,2889,-8507,1484,-15599,583,6085,4969,4756
-2857,10031,-7244,11514,2922,-8583,1341,-16434,165,6028,4982,4804
-2875,10137,-7322,11638,2959,-8662,1149,-17263,-276,5962,4990,4847
-2892,10241,-7397,11761,2995,-8740,910,-18089,-741,5885,4994,4886
-2913,10334,-7456,11864,3018,-8814,646,-18915,-1234,5791,4994,4920
-2940,10423,-7505,11959,3031,-8890,339,-19748,-1748,5686,4989,4950
-2966,10521,-7564,12065,3051,-8971,-37,-20587,-2276,5579,4981,4977
-2987,10626,-7634,12184,3083,-9055,-475,-21427,-2818,5472,4979,5009
-3016,10721,-7686,12284,3098,-9137,-922,-22268,-3379,5356,4976,5043
-3054,10806,-7720,12364,3095,-9220,-1378,-23117,-3960,5237,4971,5078
-3095,10888,-7748,12438,3086,-9304,-1861,-23973,-4558,5115,4968,5117
-3135,10977,-7785,12522,3085,-9391,-2384,-24837,-5168,4998,4974,5163
-3166,11079,-7847,12631,3107,-9481,-2977,-25698,-5789,4890,4991,5216
-3187,11184,-7923,12751,3145,-9568,-3663,-26549,-6426,4779,5016,5276
-3206,11290,-8003,12874,3188,-9655,-4437,-27383,-7079,4663,5043,5340
-3222,11394,-8088,12999,3236,-9739,-5267,-28200,-7754,4535,5069,5406
-3234,11501,-8181,13130,3293,-9822,-6133,-29000,-8454,4386,5093,5474
-3242,11601,-8275,13258,3353,-9897,-6995,-29779,-9178,4215,5113,5543
-3246,11694,-8366,13379,3414,-9966,-7824,-30534,-9919,4029,5132,5617
-3246,11781,-8459,13496,3479,-10026,-8600,-31257,-10673,3826,5150,5698
-3245,11853,-8540,13596,3536,-10077,-9286,-31956,-11438,3603,5162,5777
-3246,11915,-8610,13682,3585,-10121,-9913,-32631,-12209,3365,5170,5856
-3246,11962,-8667,13750,3626,-10155,-10461,-33279,-12978,3118,5178,5939
-3241,11996,-8719,13805,3665,-10176,-10930,-33898,-13742,2870,5189,6024
-3226,12029,-8780,13866,3718,-10189,-11343,-34487,-14503,2623,5202,6116
-3202,12056,-8845,13926,3779,-10192,-11694,-35042,-15267,2370,5217,6216
-3176,12064,-8893,13962,3829,-10181,-11967,-35563,-16035,2108,5236,6325
-3150,12056,-8924,13977,3868,-10158,-12176,-36052,-16801,1839,5255,6438
-3115,12057,-8974,14009,3925,-10134,-12353,-36499,-17554,1573,5278,6555
-3071,12072,-9046,14067,4003,-10113,-12496,-36907,-18294,1298,5299,6672
-3023,12093,-9128,14135,4090,-10093,-12600,-37278,-19021,1017,5318,6784
-2981,12112,-9201,14196,4168,-10076,-12655,-37605,-19732,736,5332,6894
-2951,12119,-9248,14232,4218,-10057,-12655,-37883,-20417,458,5344,7003
-2933,12119,-9275,14250,4249,-10042,-12628,-38113,-21064,189,5353,7107
-2920,12119,-9295,14264,4270,-10030,-12585,-38295,-21670,-60,5363,7210
-2908,12117,-9311,14273,4287,-10017,-12561,-38434,-22240,-288,5380,7315
-2900,12113,-9319,14276,4297,-10004,-12591,-38535,-22776,-499,5404,7423
-2894,12116,-9328,14284,4305,-9998,-12689,-38606,-23275,-689,5436,7536
-2889,12118,-9335,14290,4311,-9992,-12846,-38644,-23739,-866,5476,7656
-2885,12119,-9337,14293,4313,-9986,-13046,-38657,-24167,-1029,5516,7777
-2877,12130,-9350,14309,4324,-9984,-13330,-38644,-24562,-1175,5559,7901
-2863,12152,-9376,14342,4347,-9987,-13659,-38606,-24918,-1302,5608,8026
-2846,12186,-9418,14393,4383,-9996,-14045,-38545,-25232,-1407,5664,8155
-2826,12221,-9462,14448,4422,-10005,-14475,-38457,-25507,-1493,5728,8289
-2806,12244,-9492,14484,4451,-10006,-14924,-38340,-25745,-1566,5799,8424
-2789,12257,-9509,14506,4471,-10002,-15399,-38201,-25944,-1623,5873,8558
-2768,12273,-9531,14534,4496,-9999,-15920,-38038,-26103,-1662,5955,8691
-2744,12287,-9555,14561,4525,-9993,-16477,-37842,-26222,-1685,6044,8826
-2725,12278,-9550,14553,4531,-9975,-17031,-37616,-26313,-1702,6134,8956
-2716,12250,-9516,14514,4512,-9951,-17573,-37359,-26377,-1710,6226,9086
-2713,12212,-9468,14460,4480,-9926,-18102,-37075,-26414,-1705,6320,9218
-2709,12178,-9426,14411,4454,-9902,-18620,-36769,-26424,-1687,6419,9351
-2695,12155,-9406,14384,4449,-9879,-19143,-36447,-26411,-1653,6525,9486
-2676,12140,-9401,14373,4458,-9859,-19643,-36115,-26382,-1615,6639,9622
-2655,12130,-9404,14369,4475,-9841,-20112,-35781,-26342,-1572,6754,9758
-2630,12123,-9417,14375,4502,-9823,-20539,-35449,-26291,-1524,6868,9894
-2604,12124,-9440,14391,4536,-9810,-20922,-35116,-26227,-1471,6983,10031
-2578,12124,-9465,14408,4573,-9796,-21256,-34785,-26148,-1411,7104,10172
-2553,12127,-9494,14431,4612,-9786,-21549,-34457,-26050,-1339,7224,10312
-2523,12133,-9532,14459,4660,-9775,-21793,-34124,-25933,-1257,7346,10452
-2494,12133,-9565,14480,4705,-9758,-21949,-33786,-25793,-1169,7467,10585
-2467,12126,-9591,14492,4745,-9740,-22034,-33437,-25628,-1077,7585,10710
-2443,12112,-9608,14492,4776,-9717,-22021,-33074,-25438,-981,7700,10828
-2421,12097,-9624,14491,4804,-9696,-21920,-32706,-25218,-875,7811,10938
-2398,12097,-9656,14510,4844,-9682,-21760,-32336,-24976,-754,7919,11039
-2371,12105,-9701,14544,4896,-9671,-21531,-31964,-24721,-629,8020,11130
-2348,12112,-9743,14574,4943,-9661,-21216,-31590,-24460,-511,8108,11208
-2331,12119,-9779,14601,4981,-9655,-20833,-31220,-24196,-402,8182,11271
-2309,12147,-9840,14657,5038,-9658,-20425,-30858,-23923,-298,8248,11323
-2283,12193,-9924,14741,5112,-9670,-19997,-30504,-23644,-203,8306,11363
-2256,12247,-10016,14836,5192,-9687,-19544,-30155,-23363,-122,8347,11388
-2232,12290,-10093,14914,5259,-9697,-19068,-29808,-23088,-62,8368,11394
-2217,12306,-10134,14951,5296,-9696,-18569,-29466,-22819,-26,8364,11376
-2209,12304,-10147,14957,5308,-9687,-18101,-29127,-22552,-8,8337,11337
-2206,12290,-10143,14945,5305,-9673,-17664,-28782,-22282,-2,8294,11281
-2205,12264,-10123,14913,5289,-9652,-17247,-28425,-21999,2,8240,11210
-2200,12214,-10080,14852,5261,-9612,-16846,-28048,-21704,10,8179,11131
-2191,12148,-10023,14770,5224,-9560,-16464,-27648,-21393,20,8113,11041
-2182,12067,-9949,14667,5177,-9497,-16098,-27222,-21068,30,8043,10941
-2177,11971,-9855,14542,5114,-9428,-15749,-26782,-20731,40,7962,10826
-2169,11867,-9753,14405,5047,-9353,-15447,-26325,-20385,47,7873,10702
-2154,11748,-9642,14253,4978,-9262,-15154,-25852,-20029,50,7774,10566
-2131,11615,-9523,14086,4911,-9159,-14908,-25362,-19663,54,7664,10418
-2104,11467,-9391,13900,4836,-9043,-14703,-24852,-19289,52,7545,10258
-2078,11295,-9234,13682,4746,-8911,-14497,-24327,-18909,41,7414,10086
-2055,11107,-9059,13441,4642,-8772,-14297,-23789,-18525,18,7271,9904
-2028,10915,-8882,13195,4541,-8627,-14131,-23246,-18136,-17,7116,9713
-1994,10715,-8704,12944,4444,-8474,-13995,-22695,-17750,-71,6954,9516
-1966,10483,-8491,12648,4321,-8302,-13837,-22134,-17371,-152,6778,9309
-1943,10221,-8241,12308,4172,-8114,-13652,-21557,-16994,-240,6592,9091
-1921,9940,-7973,11941,4009,-7914,-13460,-20963,-16612,-325,6400,8865
-1894,9652,-7705,11571,3853,-7705,-13273,-20354,-16216,-398,6207,8637
-1854,9370,-7458,11218,3719,-7492,-13109,-19730,-15805,-463,6014,8406
-1804,9088,-7222,10872,3601,-7272,-12932,-19089,-15380,-525,5821,8175
-1752,8805,-6988,10526,3486,-7050,-12733,-18435,-14943,-586,5623,7941
-1702,8523,-6757,10184,3373,-6829,-12524,-17770,-14499,-650,5421,7701
-1648,8238,-6529,9841,3265,-6603,-12316,-17096,-14047,-716,5213,7457
-1591,7942,-6295,9486,3155,-6368,-12093,-16413,-13591,-781,5000,7206
-1531,7641,-6062,9129,3047,-6128,-11868,-15723,-13127,-840,4779,6944
-1465,7340,-5835,8776,2948,-5881,-11654,-15018,-12657,-895,4555,6677
-1400,7026,-5597,8408,2841,-5627,-11411,-14305,-12178,-959,4321,6395
-1336,6699,-5345,8021,2723,-5365,-11155,-13584,-11692,-1033,4076,6101
-1271,6354,-5077,7612,2594,-5089,-10843,-12854,-11202,-1114,3822,5796
-1206,5999,-4801,7191,2460,-4806,-10465,-12117,-10707,-1191,3561,5484
-1135,5645,-4531,6775,2332,-4519,-10041,-11375,-10207,-1260,3298,5165
-1060,5291,-4265,6361,2208,-4230,-9562,-10632,-9704,-1324,3032,4839
-985,4928,-3990,5937,2077,-3935,-8989,-9889,-9205,-1384,2760,4508
-910,4558,-3706,5501,1939,-3635,-8307,-9153,-8708,-1444,2480,4167
-824,4201,-3446,5090,1822,-3336,-7619,-8422,-8204,-1497,2201,3822
-729,3858,-3207,4702,1724,-3041,-6987,-7702,-7701,-1548,1919,3475
-630,3524,-2980,4328,1636,-2750,-6393,-7003,-7208,-1607,1636,3124
-534,3190,-2749,3951,1542,-2461,-5760,-6322,-6729,-1671,1354,2774
-444,2848,-2501,3558,1430,-2171,-5049,-5660,-6267,-1739,1077,2425
-362,2505,-2243,3158,1308,-1886,-4309,-5022,-5819,-1795,806,2083
-283,2172,-1990,2767,1183,-1611,-3577,-4406,-5379,-1838,547,1752
-207,1848,-1741,2385,1061,-1342,-2872,-3814,-4951,-1870,303,1430
-132,1527,-1491,2005,936,-1079,-2194,-3245,-4538,-1894,71,1116
-64,1221,-1247,1639,810,-830,-1552,-2697,-4135,-1909,-146,813
0,926,-1009,1284,685,-591,-955,-2168,-3745,-1920,-350,522
58,644,-775,940,559,-366,-417,-1666,-3370,-1921,-543,239
117,377,-556,617,443,-151,21,-1189,-3012,-1912,-721,-27
176,125,-351,313,337,53,370,-736,-2669,-1897,-884,-278
235,-107,-165,34,245,245,619,-308,-2339,-1876,-1034,-520
291,-327,13,-231,155,424,790,98,-2026,-1858,-1175,-749
335,-543,199,-498,55,594,910,480,-1733,-1846,-1309,-967
373,-756,388,-766,-52,756,972,835,-1456,-1836,-1438,-1177
406,-954,567,-1017,-153,906,956,1167,-1192,-1824,-1559,-1379
438,-1140,734,-1252,-247,1047,865,1485,-942,-1817,-1670,-1568
458,-1337,922,-1508,-361,1188,730,1789,-715,-1823,-1776,-1749
465,-1542,1131,-1784,-498,1325,560,2084,-505,-1830,-1876,-1917
466,-1745,1344,-2061,-639,1457,357,2369,-311,-1835,-1971,-2074
469,-1931,1537,-2313,-765,1579,121,2637,-127,-1838,-2059,-2220
480,-2091,1694,-2524,-861,1689,-152,2892,49,-1834,-2138,-2353
494,-2234,1828,-2708,-939,1791,-434,3137,216,-1823,-2205,-2468
511,-2366,1947,-2875,-1003,1888,-718,3368,370,-1805,-2261,-2569
531,-2488,2051,-3024,-1055,1980,-996,3582,512,-1787,-2313,-2656
552,-2597,2139,-3154,-1093,2066,-1249,3779,644,-1769,-2362,-2733
572,-2702,2223,-3279,-1130,2148,-1462,3958,768,-1755,-2407,-2800
588,-2802,2301,-3397,-1164,2226,-1639,4119,881,-1745,-2448,-2864
606,-2893,2367,-3500,-1189,2299,-1781,4272,980,-1736,-2485,-2920
626,-2983,2430,-3600,-1210,2374,-1854,4410,1070,-1737,-2522,-2973
641,-3071,2491,-3698,-1232,2446,-1867,4540,1152,-1738,-2556,-3022
653,-3159,2555,-3798,-1259,2517,-1804,4664,1224,-1738,-2582,-3062
663,-3242,2613,-3890,-1283,2584,-1669,4780,1293,-1732,-2603,-3095
676,-3311,2656,-3963,-1296,2644,-1474,4891,1362,-1714,-2617,-3118
691,-3373,2687,-4024,-1301,2702,-1214,4999,1426,-1689,-2625,-3137
705,-3439,2724,-4092,-1310,2762,-876,5108,1485,-1667,-2630,-3152
716,-3505,2765,-4162,-1326,2820,-477,5210,1541,-1649,-2635,-3166
735,-3551,2778,-4200,-1318,2870,-55,5307,1600,-1624,-2638,-3178
764,-3576,2761,-4205,-1285,2913,383,5397,1658,-1601,-2642,-3190
795,-3590,2731,-4194,-1243,2949,843,5482,1713,-1582,-2645,-3201
823,-3605,2706,-4188,-1208,2984,1323,5568,1761,-1576,-2650,-3213
843,-3628,2700,-4199,-1191,3017,1821,5652,1801,-1583,-2660,-3228
858,-3657,2707,-4223,-1188,3051,2302,5732,1838,-1595,-2676,-3248
873,-3687,2717,-4251,-1188,3085,2759,5810,1869,-1616,-2698,-3272
887,-3720,2733,-4284,-1193,3119,3185,5887,1897,-1645,-2724,-3300
900,-3756,2756,-4325,-1205,3154,3575,5965,1922,-1677,-2752,-3331
913,-3789,2776,-4361,-1216,3185,3917,6041,1947,-1714,-2781,-3364
923,-3815,2797,-4394,-1229,3210,4212,6117,1971,-1754,-2809,-3392
928,-3836,2818,-4423,-1246,3227,4458,6186,1997,-1786,-2837,-3418
934,-3848,2831,-4442,-1257,3238,4623,6254,2024,-1804,-2861,-3439
943,-3855,2838,-4454,-1263,3247,4725,6318,2052,-1818,-2885,-3459
952,-3858,2844,-4461,-1267,3252,4740,6374,2084,-1832,-2914,-3482
961,-3862,2849,-4469,-1271,3258,4676,6425,2113,-1850,-2947,-3509
967,-3873,2868,-4491,-1285,3265,4556,6470,2136,-1876,-2985,-3538
968,-3892,2898,-4526,-1309,3275,4373,6506,2157,-1904,-3024,-3569
970,-3907,2925,-4556,-1330,3282,4117,6532,2181,-1930,-3063,-3601
976,-3921,2947,-4582,-1345,3291,3803,6553,2201,-1955,-3098,-3632
972,-3953,2996,-4638,-1383,3305,3459,6569,2211,-1988,-3135,-3667
961,-4004,3071,-4722,-1443,3326,3096,6586,2213,-2025,-3174,-3703
945,-4063,3157,-4820,-1512,3351,2720,6606,2214,-2052,-3211,-3737
932,-4113,3232,-4905,-1572,3370,2329,6627,2219,-2068,-3242,-3766
925,-4144,3280,-4959,-1609,3382,1920,6651,2232,-2072,-3266,-3791
925,-4167,3312,-4996,-1628,3393,1523,6680,2249,-2067,-3282,-3810
930,-4191,3336,-5028,-1640,3407,1157,6712,2271,-2055,-3297,-3827
937,-4212,3355,-5055,-1645,3421,824,6747,2297,-2036,-3309,-3843
946,-4229,3364,-5073,-1642,3434,530,6786,2324,-2018,-3322,-3858
957,-4251,3376,-5096,-1639,3452,287,6828,2353,-1998,-3333,-3874
967,-4275,3388,-5120,-1636,3471,89,6871,2385,-1976,-3342,-3891
982,-4299,3394,-5140,-1626,3494,-66,6918,2422,-1954,-3343,-3902
994,-4327,3405,-5165,-1620,3518,-142,6963,2461,-1939,-3345,-3915
1002,-4356,3419,-5194,-1619,3541,-159,7007,2499,-1928,-3346,-3930
1005,-4391,3442,-5232,-1628,3566,-106,7051,2531,-1923,-3347,-3946
1003,-4424,3467,-5271,-1641,3586,18,7094,2567,-1909,-3345,-3960
1003,-4443,3475,-5288,-1641,3601,192,7139,2609,-1884,-3337,-3971
1009,-4456,3471,-5293,-1631,3615,418,7186,2651,-1854,-3325,-3979
1014,-4474,3471,-5305,-1623,3632,707,7233,2689,-1826,-3314,-3986
1017,-4495,3478,-5323,-1622,3651,1047,7275,2727,-1798,-3304,-3995
1030,-4501,3460,-5314,-1599,3666,1406,7313,2773,-1766,-3293,-4003
1051,-4490,3415,-5276,-1553,3676,1773,7348,2819,-1736,-3281,-4013
1079,-4471,3359,-5225,-1496,3685,2152,7380,2862,-1712,-3273,-4024
1104,-4459,3312,-5184,-1448,3697,2546,7412,2901,-1695,-3267,-4036
1119,-4460,3290,-5169,-1424,3710,2962,7445,2933,-1688,-3268,-4050
1127,-4469,3284,-5170,-1417,3725,3366,7479,2963,-1684,-3272,-4066
1134,-4483,3285,-5179,-1415,3742,3750,7512,2991,-1685,-3278,-4085
1140,-4500,3293,-5195,-1420,3761,4107,7545,3015,-1691,-3283,-4105
1143,-4523,3311,-5221,-1434,3781,4427,7577,3036,-1701,-3288,-4127
1142,-4541,3329,-5245,-1450,3796,4703,7612,3054,-1711,-3292,-4146
1139,-4558,3351,-5270,-1472,3808,4937,7654,3070,-1727,-3293,-4159
1129,-4574,3379,-5298,-1501,3815,5127,7696,3089,-1742,-3295,-4170
1120,-4579,3398,-5315,-1525,3815,5242,7744,3111,-1747,-3295,-4177
1111,-4574,3408,-5317,-1541,3808,5303,7795,3135,-1744,-3295,-4183
1106,-4558,3404,-5304,-1546,3796,5292,7849,3162,-1737,-3293,-4184
1104,-4538,3395,-5285,-1545,3783,5215,7906,3187,-1732,-3290,-4180
1099,-4522,3393,-5273,-1551,3769,5091,7964,3210,-1735,-3287,-4176
1091,-4507,3395,-5265,-1560,3755,4915,8018,3231,-1741,-3290,-4173
1085,-4485,3389,-5247,-1563,3736,4676,8067,3254,-1751,-3296,-4171
1082,-4459,3377,-5223,-1559,3717,4386,8118,3277,-1763,-3301,-4168
1072,-4453,3392,-5229,-1577,3705,4074,8169,3295,-1779,-3311,-4165
1055,-4464,3431,-5263,-1614,3701,3742,8221,3306,-1796,-3323,-4161
1037,-4486,3481,-5312,-1660,3702,3393,8274,3315,-1811,-3335,-4153
1024,-4506,3524,-5354,-1696,3704,3026,8326,3332,-1821,-3345,-4144
1019,-4513,3545,-5373,-1712,3704,2640,8378,3354,-1817,-3347,-4133
1019,-4510,3550,-5375,-1714,3700,2272,8431,3379,-1800,-3346,-4116
1019,-4500,3548,-5367,-1710,3690,1936,8484,3407,-1779,-3342,-4099
1018,-4486,3539,-5352,-1702,3677,1635,8537,3437,-1753,-3337,-4080
1019,-4468,3523,-5329,-1688,3662,1378,8587,3472,-1722,-3328,-4057
1020,-4454,3510,-5311,-1675,3650,1177,8636,3509,-1690,-3314,-4031
1022,-4442,3497,-5293,-1661,3640,1030,8679,3548,-1656,-3297,-4007
1026,-4430,3479,-5273,-1642,3632,931,8721,3586,-1623,-3276,-3982
1028,-4425,3468,-5262,-1628,3627,901,8751,3622,-1596,-3257,-3960
1028,-4423,3461,-5256,-1619,3624,914,8780,3659,-1573,-3239,-3941
1029,-4431,3461,-5260,-1614,3628,993,8809,3696,-1553,-3220,-3926
1033,-4444,3462,-5269,-1608,3637,1126,8840,3739,-1522,-3202,-3911
1044,-4451,3448,-5263,-1588,3648,1303,8873,3789,-1481,-3181,-3891
1059,-4451,3423,-5246,-1557,3658,1537,8913,3838,-1440,-3158,-3872
1074,-4456,3402,-5234,-1530,3671,1837,8963,3884,-1404,-3133,-3855
1085,-4463,3387,-5229,-1511,3683,2189,9016,3929,-1367,-3110,-3844
1103,-4452,3347,-5195,-1470,3689,2558,9075,3982,-1321,-3083,-3835
1129,-4424,3280,-5131,-1406,3690,2938,9137,4035,-1275,-3057,-3828
1159,-4386,3200,-5052,-1331,3686,3338,9203,4086,-1235,-3035,-3825
1185,-4350,3129,-4981,-1266,3682,3753,9279,4131,-1202,-3019,-3829
1201,-4329,3081,-4936,-1224,3681,4182,9357,4171,-1179,-3008,-3838
1207,-4315,3052,-4908,-1202,3679,4599,9436,4210,-1162,-3003,-3849
1210,-4307,3033,-4890,-1189,3678,4993,9511,4249,-1150,-3000,-3862
1212,-4305,3024,-4883,-1183,3682,5354,9583,4288,-1141,-2996,-3880
1213,-4311,3024,-4888,-1186,3689,5682,9652,4327,-1136,-2991,-3899
1212,-4312,3024,-4889,-1190,3692,5968,9715,4366,-1132,-2988,-3918
1209,-4310,3025,-4889,-1196,3692,6216,9777,4405,-1124,-2981,-3934
1201,-4308,3031,-4893,-1210,3687,6424,9831,4448,-1108,-2973,-3947
1198,-4301,3031,-4889,-1216,3683,6558,9882,4490,-1084,-2962,-3954
1199,-4288,3023,-4876,-1215,3677,6635,9927,4534,-1058,-2949,-3958
1206,-4265,3001,-4846,-1200,3666,6638,9963,4579,-1034,-2938,-3963
1214,-4238,2974,-4810,-1181,3653,6578,9994,4623,-1015,-2927,-3967
1217,-4217,2959,-4788,-1173,3642,6470,10018,4664,-1004,-2918,-3971
1218,-4201,2954,-4773,-1172,3631,6311,10035,4705,-997,-2910,-3976
1219,-4182,2944,-4754,-1168,3618,6096,10046,4750,-985,-2903,-3980
1226,-4164,2931,-4735,-1158,3609,5834,10062,4792,-974,-2897,-3982
1220,-4164,2947,-4745,-1175,3603,5552,10083,4825,-970,-2897,-3988
1202,-4178,2992,-4784,-1218,3599,5265,10114,4854,-967,-2899,-3994
1180,-4203,3049,-4839,-1272,3599,4972,10158,4885,-958,-2903,-3997
1162,-4226,3100,-4888,-1318,3600,4673,10209,4925,-941,-2904,-3999
1152,-4237,3129,-4914,-1344,3599,4352,10268,4972,-918,-2899,-3998
1149,-4240,3142,-4924,-1354,3596,4040,10337,5020,-892,-2891,-3993
1147,-4240,3150,-4929,-1359,3593,3754,10416,5072,-862,-2878,-3983
1144,-4236,3154,-4929,-1362,3586,3495,10502,5125,-834,-2862,-3971
1142,-4227,3150,-4920,-1358,3576,3260,10591,5178,-807,-2848,-3960
1141,-4221,3146,-4913,-1354,3569,3059,10683,5227,-781,-2837,-3947
1141,-4217,3141,-4905,-1347,3563,2890,10768,5275,-755,-2827,-3933
1144,-4211,3130,-4894,-1335,3560,2762,10849,5321,-730,-2814,-3917
1146,-4212,3124,-4890,-1327,3559,2705,10924,5367,-708,-2801,-3901
1147,-4215,3122,-4890,-1321,3560,2697,10996,5413,-684,-2784,-3881
1148,-4222,3122,-4894,-1318,3564,2752,11066,5457,-659,-2765,-3857
1149,-4229,3119,-4896,-1313,3569,2866,11136,5500,-628,-2744,-3831
1157,-4225,3099,-4880,-1292,3571,3028,11204,5545,-591,-2718,-3798
1168,-4212,3066,-4849,-1259,3571,3243,11271,5590,-551,-2689,-3762
1180,-4203,3036,-4822,-1229,3573,3516,11337,5631,-513,-2659,-3724
1186,-4196,3013,-4802,-1207,3575,3834,11398,5674,-471,-2632,-3688
1201,-4173,2964,-4754,-1164,3570,4170,11454,5728,-416,-2600,-3649
1222,-4130,2891,-4677,-1100,3558,4509,11502,5785,-362,-2566,-3610
1246,-4079,2806,-4586,-1027,3541,4857,11541,5839,-315,-2536,-3575
1265,-4032,2732,-4506,-963,3526,5214,11576,5886,-281,-2509,-3541
1275,-4004,2685,-4456,-925,3517,5587,11605,5925,-260,-2487,-3513
1277,-3986,2658,-4426,-906,3508,5948,11626,5958,-247,-2470,-3492
1272,-3968,2638,-4401,-896,3496,6283,11640,5987,-240,-2454,-3474
1265,-3952,2625,-4383,-892,3484,6587,11647,6013,-235,-2441,-3460
1255,-3944,2623,-4376,-899,3475,6828,11646,6034,-230,-2432,-3448
1244,-3933,2621,-4368,-906,3464,6966,11635,6052,-228,-2425,-3436
1233,-3921,2621,-4361,-915,3452,7010,11618,6068,-228,-2420,-3422
1217,-3911,2628,-4360,-932,3438,6963,11587,6082,-230,-2415,-3410
1205,-3895,2628,-4350,-943,3421,6794,11550,6095,-226,-2409,-3396
1199,-3877,2622,-4335,-945,3407,6571,11504,6107,-222,-2402,-3381
1193,-3848,2605,-4305,-940,3385,6300,11448,6118,-214,-2394,-3367
1190,-3818,2586,-4274,-932,3363,6013,11384,6119,-210,-2388,-3356
1188,-3799,2579,-4258,-933,3349,5756,11309,6110,-217,-2390,-3351
1184,-3787,2582,-4253,-939,3338,5513,11226,6093,-232,-2396,-3353
1183,-3772,2579,-4242,-941,3326,5258,11134,6069,-248,-2403,-3360
1188,-3759,2573,-4230,-937,3318,4996,11043,6042,-264,-2411,-3368
1184,-3766,2594,-4249,-956,3318,4780,10958,6009,-285,-2421,-3378
1171,-3789,2642,-4297,-1000,3321,4613,10885,5974,-306,-2430,-3385
1154,-3817,2698,-4354,-1051,3326,4461,10825,5938,-320,-2436,-3390
1141,-3838,2742,-4397,-1090,3328,4309,10773,5909,-320,-2436,-3390
1136,-3844,2761,-4414,-1108,3325,4144,10734,5889,-306,-2426,-3384
1137,-3841,2765,-4415,-1112,3320,4000,10709,5874,-285,-2408,-3374
1137,-3834,2764,-4409,-1111,3312,3879,10693,5864,-256,-2387,-3362
1137,-3823,2757,-4397,-1106,3301,3766,10679,5857,-229,-2369,-3355
1137,-3811,2747,-4382,-1099,3289,3661,10670,5853,-203,-2351,-3349
1135,-3807,2746,-4378,-1098,3282,3572,10667,5849,-179,-2333,-3342
1136,-3809,2745,-4378,-1096,3280,3468,10665,5849,-153,-2318,-3337
1143,-3813,2740,-4377,-1085,3285,3331,10666,5845,-135,-2306,-3335
1148,-3825,2741,-4384,-1081,3293,3215,10665,5842,-123,-2295,-3336
1151,-3843,2749,-4401,-1081,3306,3097,10668,5844,-113,-2284,-3339
1150,-3868,2768,-4429,-1091,3321,3008,10680,5849,-104,-2273,-3340
1147,-3895,2790,-4460,-1105,3337,2947,10696,5858,-93,-2259,-3338
1146,-3915,2800,-4479,-1109,3350,2878,10716,5876,-73,-2244,-3332
1152,-3932,2801,-4489,-1102,3366,2812,10743,5897,-50,-2226,-3322
1159,-3954,2805,-4506,-1097,3388,2780,10778,5918,-32,-2209,-3310
1167,-3978,2811,-4525,-1093,3410,2779,10812,5943,-13,-2193,-3297
1183,-3982,2788,-4512,-1064,3427,2757,10845,5977,18,-2172,-3282
1210,-3971,2740,-4472,-1011,3440,2720,10874,6014,51,-2150,-3265
1243,-3953,2679,-4419,-946,3453,2688,10901,6050,80,-2130,-3248
1274,-3939,2624,-4374,-887,3469,2676,10930,6083,100,-2115,-3233
1298,-3940,2593,-4354,-849,3489,2710,10963,6114,116,-2101,-3218
1314,-3947,2577,-4349,-826,3508,2749,10998,6144,130,-2089,-3203
1328,-3959,2568,-4352,-811,3530,2785,11032,6174,140,-2077,-3188
1340,-3973,2566,-4360,-801,3550,2819,11067,6202,145,-2066,-3176
1347,-3991,2573,-4378,-801,3571,2857,11102,6230,150,-2057,-3164
1353,-4005,2580,-4393,-802,3588,2890,11137,6260,155,-2047,-3151
1357,-4015,2586,-4405,-804,3600,2926,11177,6291,160,-2034,-3134
1357,-4023,2596,-4418,-813,3608,2973,11213,6324,168,-2019,-3115
1359,-4024,2598,-4421,-814,3611,2987,11254,6357,185,-1999,-3093
1365,-4017,2591,-4414,-808,3612,2997,11297,6391,207,-1977,-3068
1375,-4001,2571,-4391,-791,3608,2982,11336,6422,229,-1955,-3045
1387,-3982,2549,-4365,-771,3603,2940,11369,6448,246,-1934,-3021
1392,-3971,2541,-4353,-766,3597,2902,11396,6467,254,-1919,-2999
1391,-3964,2544,-4351,-772,3590,2861,11415,6483,256,-1908,-2979
1391,-3953,2545,-4345,-776,3580,2797,11427,6499,263,-1899,-2960
1392,-3940,2541,-4335,-776,3570,2713,11439,6514,273,-1888,-2940
1385,-3946,2565,-4354,-800,3566,2645,11450,6520,272,-1883,-2923
1369,-3973,2619,-4408,-850,3570,2579,11464,6520,265,-1883,-2909
1350,-4009,2686,-4477,-911,3578,2501,11479,6519,256,-1881,-2897
1330,-4037,2743,-4534,-965,3580,2402,11493,6525,253,-1877,-2886
1319,-4050,2777,-4564,-997,3577,2266,11510,6538,261,-1868,-2871
1315,-4059,2798,-4584,-1017,3576,2131,11533,6552,275,-1854,-2853
1311,-4068,2817,-4602,-1034,3575,2009,11561,6571,295,-1836,-2833
1307,-4070,2829,-4610,-1046,3569,1904,11590,6594,318,-1818,-2815
1303,-4067,2833,-4611,-1051,3560,1819,11622,6620,344,-1796,-2797
1301,-4071,2841,-4618,-1058,3558,1758,11657,6648,368,-1775,-2780
1302,-4079,2849,-4628,-1062,3559,1713,11692,6678,391,-1756,-2766
1308,-4085,2848,-4630,-1057,3564,1674,11738,6710,415,-1738,-2749
1314,-4098,2852,-4640,-1053,3574,1679,11787,6739,436,-1725,-2736
1319,-4118,2862,-4659,-1054,3588,1697,11842,6765,457,-1710,-2726
1322,-4147,2882,-4692,-1063,3609,1748,11904,6788,476,-1697,-2720
1324,-4180,2906,-4729,-1075,3632,1829,11968,6809,496,-1683,-2713
1332,-4209,2918,-4756,-1074,3657,1914,12031,6835,523,-1669,-2708
1347,-4236,2921,-4775,-1062,3686,2022,12094,6862,550,-1654,-2706
1361,-4271,2933,-4806,-1056,3722,2172,12155,6885,571,-1642,-2707
1369,-4315,2959,-4852,-1064,3760,2331,12202,6903,587,-1639,-2717
1383,-4346,2964,-4876,-1054,3794,2428,12240,6924,607,-1636,-2731
1406,-4362,2948,-4876,-1023,3825,2471,12267,6944,622,-1634,-2751
1430,-4372,2923,-4866,-986,3853,2488,12289,6961,632,-1637,-2774
1449,-4385,2907,-4864,-959,3880,2534,12309,6969,631,-1646,-2803
1458,-4411,2915,-4888,-955,3910,2649,12326,6969,620,-1662,-2838
1460,-4448,2941,-4929,-968,3942,2797,12343,6969,606,-1679,-2877
1459,-4486,2972,-4976,-986,3974,2958,12360,6970,595,-1699,-2916
1457,-4525,3009,-5027,-1010,4005,3126,12382,6973,581,-1719,-2957
1454,-4571,3053,-5087,-1040,4039,3293,12405,6972,557,-1746,-3001
1452,-4618,3099,-5150,-1071,4075,3446,12429,6970,530,-1777,-3049
1451,-4670,3152,-5220,-1107,4115,3591,12460,6969,500,-1810,-3096
1445,-4724,3212,-5297,-1152,4151,3726,12493,6972,469,-1844,-3144
1442,-4770,3265,-5364,-1190,4184,3805,12530,6975,445,-1875,-3189
1443,-4814,3312,-5424,-1222,4216,3857,12565,6981,421,-1909,-3235
1454,-4855,3349,-5476,-1242,4251,3866,12600,6990,398,-1945,-3285
1468,-4896,3384,-5527,-1259,4288,3838,12636,6998,372,-1983,-3335
1478,-4943,3429,-5589,-1285,4325,3796,12673,7002,341,-2025,-3389
1486,-4994,3483,-5659,-1320,4361,3733,12708,7007,310,-2069,-3444
1493,-5038,3530,-5719,-1350,4391,3630,12735,7013,279,-2112,-3501
1505,-5078,3569,-5773,-1372,4422,3498,12759,7017,247,-2150,-3555
1508,-5133,3632,-5851,-1417,4454,3374,12781,7011,207,-2191,-3605
1500,-5204,3721,-5958,-1486,4491,3258,12802,6995,161,-2235,-3658
1488,-5286,3824,-6080,-1567,4531,3130,12820,6976,114,-2281,-3708
1478,-5362,3920,-6194,-1641,4569,2981,12838,6960,73,-2326,-3756
1475,-5421,3989,-6279,-1693,4599,2804,12860,6953,43,-2365,-3791
1480,-5470,4040,-6345,-1726,4629,2630,12887,6949,21,-2401,-3819
1489,-5520,4085,-6408,-1752,4662,2474,12917,6948,6,-2434,-3845
1498,-5565,4124,-6464,-1775,4692,2381,12951,6949,-8,-2466,-3870
1508,-5605,4154,-6509,-1789,4720,2362,12986,6953,-22,-2498,-3894
1517,-5644,4184,-6554,-1802,4748,2362,13020,6956,-37,-2526,-3918
1526,-5681,4210,-6595,-1814,4776,2351,13050,6963,-51,-2554,-3941
1540,-5715,4226,-6628,-1814,4806,2336,13086,6971,-67,-2577,-3962
1552,-5752,4245,-6664,-1817,4837,2351,13120,6980,-87,-2601,-3985
1560,-5791,4270,-6706,-1827,4869,2350,13158,6988,-111,-2622,-4006
1563,-5837,4304,-6759,-1844,4903,2364,13202,6993,-133,-2640,-4020
1564,-5883,4340,-6812,-1864,4937,2402,13249,7007,-145,-2654,-4029
1568,-5915,4358,-6845,-1871,4964,2450,13296,7026,-146,-2665,-4034
1574,-5937,4364,-6863,-1867,4988,2519,13345,7045,-143,-2673,-4035
1579,-5965,4376,-6889,-1869,5015,2609,13401,7062,-140,-2677,-4035
1579,-5993,4395,-6920,-1877,5039,2711,13453,7080,-130,-2681,-4034
1583,-5999,4386,-6918,-1865,5052,2801,13502,7110,-109,-2679,-4029
1597,-5983,4347,-6881,-1826,5057,2888,13545,7147,-85,-2674,-4021
1616,-5958,4293,-6829,-1774,5059,2993,13584,7183,-63,-2668,-4014
1635,-5937,4246,-6784,-1727,5064,3126,13620,7215,-45,-2660,-4007
1645,-5930,4222,-6763,-1703,5071,3274,13650,7239,-37,-2653,-4004
1646,-5928,4214,-6756,-1694,5076,3419,13674,7258,-31,-2651,-4004
1646,-5930,4212,-6758,-1692,5082,3586,13691,7271,-29,-2652,-4007
1648,-5940,4217,-6768,-1694,5094,3777,13703,7279,-29,-2653,-4015
1650,-5954,4228,-6785,-1700,5108,3981,13711,7287,-33,-2656,-4025
1650,-5963,4239,-6799,-1708,5117,4177,13720,7300,-36,-2658,-4036
1647,-5972,4254,-6817,-1721,5123,4367,13735,7315,-36,-2655,-4046
1640,-5986,4279,-6844,-1744,5128,4552,13746,7336,-31,-2650,-4057
1635,-5993,4296,-6862,-1761,5129,4689,13757,7359,-21,-2644,-4067
1633,-5992,4306,-6869,-1772,5125,4800,13767,7384,-7,-2640,-4075
1633,-5984,4307,-6865,-1775,5117,4864,13770,7409,9,-2635,-4083
1634,-5974,4305,-6859,-1777,5107,4883,13774,7432,26,-2628,-4090
1632,-5970,4314,-6863,-1787,5098,4885,13785,7453,38,-2624,-4098
1629,-5969,4327,-6873,-1801,5090,4868,13799,7473,47,-2622,-4110
1627,-5961,4332,-6872,-1809,5078,4821,13818,7499,57,-2622,-4123
1631,-5950,4328,-6863,-1808,5067,4754,13843,7525,66,-2620,-4135
1626,-5956,4350,-6882,-1828,5061,4699,13874,7544,63,-2623,-4150
1610,-5981,4401,-6932,-1876,5060,4658,13914,7558,52,-2630,-4168
1590,-6020,4470,-7005,-1937,5066,4622,13963,7572,49,-2634,-4184
1572,-6060,4536,-7075,-1995,5075,4560,14015,7591,52,-2637,-4201
1561,-6087,4581,-7122,-2034,5079,4435,14072,7614,67,-2638,-4214
1557,-6105,4609,-7152,-2055,5082,4280,14131,7639,82,-2639,-4224
1558,-6118,4627,-7172,-2067,5086,4111,14190,7667,96,-2639,-4231
1559,-6127,4637,-7183,-2073,5088,3933,14250,7699,116,-2635,-4236
1563,-6130,4638,-7184,-2070,5089,3753,14308,7734,138,-2629,-4237
1569,-6136,4637,-7186,-2064,5093,3588,14363,7768,159,-2623,-4236
1574,-6140,4635,-7186,-2057,5096,3433,14406,7804,179,-2618,-4235
1585,-6144,4624,-7180,-2040,5105,3298,14445,7837,194,-2613,-4231
1598,-6154,4617,-7180,-2023,5120,3223,14478,7871,201,-2609,-4229
1607,-6167,4615,-7185,-2013,5135,3189,14509,7902,203,-2608,-4230
1612,-6189,4623,-7203,-2011,5154,3213,14540,7927,201,-2610,-4231
1615,-6215,4638,-7229,-2015,5176,3282,14571,7955,206,-2610,-4231
1620,-6233,4641,-7241,-2010,5195,3382,14603,7988,221,-2607,-4227
1628,-6244,4634,-7243,-1997,5212,3513,14634,8020,238,-2603,-4222
1633,-6260,4635,-7252,-1989,5231,3695,14667,8046,253,-2598,-4216
1632,-6277,4642,-7268,-1992,5247,3924,14699,8069,265,-2595,-4212
1641,-6275,4621,-7251,-1969,5258,4172,14731,8100,286,-2587,-4205
1659,-6252,4571,-7202,-1921,5260,4438,14767,8138,315,-2574,-4193
1679,-6216,4506,-7135,-1863,5255,4719,14806,8179,345,-2558,-4177
1699,-6184,4447,-7074,-1809,5252,5010,14848,8215,372,-2543,-4162
1710,-6168,4411,-7040,-1777,5254,5313,14893,8246,389,-2533,-4148
1715,-6156,4390,-7018,-1759,5255,5608,14938,8275,400,-2530,-4140
1715,-6143,4372,-6998,-1747,5251,5890,14986,8306,409,-2529,-4131
1714,-6132,4359,-6983,-1741,5247,6157,15036,8339,419,-2528,-4123
1710,-6125,4354,-6977,-1742,5245,6403,15087,8373,428,-2527,-4116
1705,-6112,4346,-6965,-1742,5236,6616,15137,8410,443,-2522,-4106
1700,-6095,4336,-6948,-1742,5224,6794,15190,8446,460,-2512,-4093
1690,-6077,4330,-6934,-1747,5207,6938,15236,8484,482,-2498,-4079
1681,-6053,4319,-6912,-1749,5187,7022,15278,8523,510,-2478,-4059
1677,-6024,4299,-6882,-1743,5165,7057,15310,8561,540,-2455,-4038
1676,-5986,4268,-6837,-1726,5139,7032,15331,8598,571,-2431,-4017
1673,-5947,4239,-6794,-1712,5110,6954,15345,8631,596,-2409,-3995
1664,-5917,4226,-6767,-1713,5082,6832,15352,8657,611,-2390,-3977
1650,-5894,4226,-6754,-1726,5055,6656,15347,8676,618,-2377,-3963
1638,-5869,4221,-6736,-1734,5028,6418,15331,8694,620,-2368,-3953
1633,-5847,4213,-6717,-1735,5007,6127,15313,8708,620,-2362,-3946
1621,-5846,4232,-6730,-1758,4995,5813,15293,8710,609,-2362,-3944
1600,-5862,4278,-6772,-1806,4987,5489,15275,8706,593,-2365,-3944
1574,-5885,4335,-6826,-1863,4982,5166,15259,8698,580,-2369,-3944
1552,-5904,4384,-6872,-1913,4975,4848,15245,8695,576,-2370,-3942
1538,-5912,4413,-6897,-1943,4966,4527,15236,8698,587,-2365,-3935
1532,-5915,4429,-6910,-1959,4960,4229,15237,8707,612,-2355,-3924
1527,-5916,4440,-6918,-1969,4953,3959,15242,8718,645,-2343,-3912
1524,-5914,4446,-6920,-1975,4945,3716,15246,8733,683,-2329,-3899
1523,-5908,4443,-6913,-1973,4935,3507,15251,8750,719,-2315,-3886
1520,-5904,4442,-6910,-1973,4927,3346,15256,8762,750,-2303,-3873
1517,-5898,4440,-6904,-1971,4917,3225,15253,8770,775,-2293,-3862
1519,-5893,4432,-6894,-1962,4912,3137,15247,8774,790,-2284,-3852
1520,-5895,4429,-6892,-1956,4912,3110,15235,8773,789,-2282,-3849
1518,-5904,4435,-6901,-1958,4916,3130,15223,8771,782,-2282,-3849
1514,-5922,4451,-6923,-1967,4924,3211,15219,8766,775,-2282,-3850
1509,-5941,4469,-6946,-1978,4933,3333,15218,8768,775,-2279,-3849
1505,-5952,4476,-6956,-1981,4939,3472,15221,8774,780,-2273,-3846
1506,-5956,4471,-6954,-1973,4944,3636,15226,8779,789,-2265,-3841
1510,-5966,4468,-6957,-1965,4955,3855,15235,8780,795,-2256,-3836
1510,-5976,4470,-6964,-1963,4964,4128,15246,8782,805,-2248,-3830
1516,-5967,4446,-6940,-1939,4965,4429,15259,8792,831,-2233,-3821
1532,-5935,4390,-6880,-1888,4958,4742,15272,8808,864,-2214,-3811
1552,-5886,4313,-6795,-1821,4942,5060,15282,8822,896,-2193,-3802
1569,-5838,4240,-6714,-1759,4925,5380,15286,8829,918,-2173,-3795
1578,-5802,4187,-6654,-1716,4910,5706,15285,8831,929,-2158,-3792
1578,-5768,4147,-6605,-1690,4892,6010,15276,8832,936,-2144,-3791
1575,-5733,4110,-6557,-1667,4870,6285,15260,8830,940,-2133,-3790
1570,-5702,4079,-6516,-1649,4851,6533,15239,8824,943,-2122,-3787
1563,-5677,4057,-6485,-1640,4834,6748,15209,8815,945,-2113,-3782
1552,-5648,4038,-6453,-1636,4812,6924,15170,8803,944,-2106,-3776
1539,-5619,4022,-6425,-1637,4788,7060,15126,8787,940,-2101,-3770
1521,-5592,4013,-6402,-1645,4762,7156,15075,8771,936,-2096,-3766
1505,-5557,3997,-6369,-1648,4731,7191,15025,8762,940,-2088,-3757
1491,-5515,3973,-6326,-1644,4696,7188,14976,8758,950,-2078,-3744
1480,-5461,3935,-6267,-1630,4656,7133,14926,8762,966,-2067,-3731
1471,-5404,3893,-6202,-1611,4613,7030,14880,8764,981,-2056,-3717
1459,-5355,3863,-6150,-1603,4573,6889,14836,8762,991,-2048,-3705
1444,-5311,3843,-6109,-1603,4535,6708,14790,8760,995,-2045,-3694
1432,-5264,3816,-6060,-1597,4495,6480,14736,8757,998,-2041,-3684
1426,-5214,3782,-6004,-1581,4457,6214,14678,8752,997,-2037,-3674
1411,-5181,3774,-5978,-1589,4425,5925,14614,8733,984,-2039,-3667
1386,-5168,3795,-5983,-1622,4398,5619,14549,8703,970,-2043,-3662
1357,-5163,3829,-6004,-1667,4373,5304,14489,8670,957,-2046,-3655
1329,-5155,3857,-6017,-1706,4348,4982,14428,8645,950,-2045,-3644
1310,-5135,3863,-6007,-1724,4319,4673,14366,8627,952,-2038,-3627
1297,-5108,3854,-5983,-1727,4290,4420,14302,8608,956,-2030,-3607
1289,-5079,3838,-5953,-1722,4261,4236,14232,8585,961,-2019,-3583
1282,-5046,3816,-5916,-1712,4231,4112,14155,8559,970,-2005,-3560
1276,-5010,3787,-5873,-1696,4199,4036,14068,8530,977,-1991,-3537
1268,-4978,3764,-5835,-1685,4167,4000,13971,8496,980,-1980,-3515
1255,-4945,3742,-5798,-1677,4132,3980,13863,8459,983,-1968,-3494
1244,-4910,3715,-5756,-1664,4097,3961,13754,8421,989,-1953,-3470
1233,-4879,3692,-5719,-1653,4064,3979,13644,8384,989,-1941,-3447
1220,-4857,3677,-5694,-1649,4037,4010,13534,8349,990,-1928,-3423
1207,-4844,3671,-5681,-1650,4016,4067,13428,8311,991,-1915,-3398
1193,-4829,3664,-5667,-1652,3993,4144,13320,8272,997,-1899,-3373
1182,-4804,3642,-5634,-1641,3966,4220,13212,8237,1007,-1878,-3344
1176,-4773,3609,-5591,-1620,3939,4312,13106,8201,1016,-1853,-3311
1170,-4745,3580,-5552,-1601,3915,4449,13003,8162,1022,-1829,-3273
1160,-4716,3552,-5514,-1586,3888,4631,12897,8123,1028,-1808,-3236
1160,-4667,3496,-5444,-1546,3855,4833,12793,8089,1048,-1783,-3198
1168,-4601,3414,-5344,-1483,3817,5048,12687,8057,1072,-1759,-3162
1180,-4526,3321,-5231,-1411,3775,5270,12576,8021,1092,-1739,-3129
1189,-4456,3235,-5127,-1346,3736,5494,12462,7975,1101,-1724,-3101
1190,-4402,3175,-5051,-1304,3703,5738,12342,7918,1093,-1719,-3081
1183,-4356,3131,-4991,-1279,3670,5973,12215,7856,1075,-1716,-3065
1172,-4313,3095,-4937,-1263,3636,6198,12084,7794,1052,-1716,-3053
1159,-4273,3065,-4891,-1251,3606,6417,11953,7732,1028,-1718,-3043
1145,-4240,3044,-4854,-1248,3578,6611,11820,7669,1003,-1722,-3037
1127,-4206,3027,-4819,-1249,3548,6777,11686,7605,978,-1727,-3032
1109,-4169,3009,-4783,-1252,3516,6905,11555,7538,952,-1730,-3025
1088,-4133,2996,-4750,-1259,3482,6986,11418,7474,932,-1733,-3018
1070,-4090,2974,-4706,-1259,3446,6996,11284,7411,921,-1730,-3006
1058,-4042,2942,-4653,-1249,3410,6971,11149,7349,916,-1725,-2991
1049,-3985,2899,-4586,-1228,3370,6898,11009,7287,917,-1718,-2975
1042,-3926,2853,-4516,-1206,3328,6765,10869,7220,918,-1712,-2961
1028,-3877,2824,-4464,-1199,3289,6594,10728,7148,911,-1709,-2950
1009,-3836,2810,-4427,-1206,3251,6385,10580,7073,901,-1711,-2944
988,-3792,2793,-4387,-1212,3209,6132,10426,6998,890,-1715,-2941
973,-3745,2769,-4340,-1208,3168,5850,10269,6920,875,-1717,-2939
950,-3716,2770,-4321,-1227,3134,5566,10111,6827,844,-1723,-2943
918,-3706,2800,-4335,-1271,3106,5275,9953,6727,809,-1730,-2949
881,-3706,2843,-4364,-1327,3081,4978,9800,6626,778,-1734,-2950
849,-3698,2876,-4381,-1372,3053,4675,9650,6532,759,-1735,-2943
825,-3672,2879,-4367,-1391,3019,4367,9502,6444,752,-1731,-2930
811,-3637,2865,-4335,-1392,2984,4072,9355,6356,747,-1724,-2913
796,-3598,2845,-4297,-1390,2946,3790,9208,6270,744,-1715,-2897
780,-3555,2822,-4254,-1386,2902,3527,9059,6183,740,-1703,-2879
765,-3503,2789,-4198,-1373,2855,3290,8906,6094,732,-1692,-2859
748,-3452,2756,-4143,-1362,2805,3096,8753,6004,725,-1680,-2837
731,-3401,2722,-4087,-1349,2756,2940,8598,5917,720,-1667,-2815
722,-3349,2679,-4025,-1325,2711,2808,8450,5831,719,-1653,-2787
716,-3303,2637,-3967,-1298,2673,2735,8298,5743,709,-1642,-2761
710,-3265,2601,-3918,-1277,2640,2704,8145,5653,690,-1630,-2736
701,-3237,2577,-3884,-1264,2613,2719,7993,5559,668,-1620,-2712
691,-3211,2554,-3851,-1252,2587,2784,7837,5465,648,-1608,-2687
685,-3173,2516,-3801,-1227,2557,2879,7681,5374,637,-1592,-2657
684,-3131,2467,-3740,-1192,2526,3005,7530,5283,631,-1572,-2622
682,-3093,2423,-3684,-1161,2499,3171,7384,5191,625,-1552,-2585
676,-3058,2385,-3636,-1137,2472,3372,7237,5101,623,-1533,-2548
676,-3002,2322,-3556,-1092,2434,3582,7094,5022,636,-1508,-2505
680,-2925,2231,-3444,-1025,2387,3790,6950,4947,652,-1483,-2461
690,-2839,2128,-3317,-947,2337,4000,6804,4870,665,-1459,-2418
694,-2754,2031,-3196,-878,2286,4210,6657,4786,670,-1436,-2378
688,-2680,1956,-3096,-829,2235,4422,6510,4696,662,-1418,-2343
676,-2618,1900,-3017,-798,2188,4609,6359,4600,644,-1406,-2313
661,-2563,1855,-2951,-776,2146,4767,6204,4500,616,-1398,-2289
646,-2516,1821,-2896,-762,2107,4901,6047,4395,578,-1397,-2269
624,-2474,1799,-2854,-761,2069,5008,5889,4285,536,-1398,-2256
602,-2434,1780,-2814,-763,2032,5092,5727,4173,492,-1401,-2245
578,-2394,1766,-2778,-770,1993,5157,5569,4060,447,-1400,-2232
549,-2353,1757,-2745,-783,1951,5193,5409,3949,406,-1401,-2221
524,-2303,1737,-2699,-788,1905,5168,5252,3839,373,-1400,-2207
503,-2248,1708,-2643,-784,1857,5108,5095,3730,345,-1398,-2190
487,-2186,1671,-2577,-772,1807,5006,4936,3624,322,-1397,-2170
472,-2124,1632,-2510,-758,1758,4858,4782,3515,297,-1396,-2151
456,-2072,1604,-2457,-752,1714,4671,4631,3403,270,-1397,-2135
439,-2027,1587,-2416,-755,1673,4450,4481,3292,240,-1401,-2120
420,-1979,1567,-2370,-756,1628,4190,4329,3180,207,-1405,-2106
407,-1933,1543,-2324,-752,1587,3891,4183,3065,168,-1409,-2093
386,-1906,1546,-2309,-771,1554,3583,4038,2942,117,-1419,-2084
357,-1900,1576,-2324,-812,1528,3281,3893,2813,58,-1433,-2080
327,-1906,1619,-2357,-864,1509,2989,3751,2683,-3,-1451,-2079
298,-1907,1654,-2380,-908,1488,2700,3613,2562,-58,-1467,-2077
277,-1889,1661,-2373,-930,1458,2406,3481,2449,-97,-1476,-2070
263,-1860,1650,-2347,-933,1426,2131,3354,2341,-127,-1479,-2058
250,-1830,1633,-2315,-932,1392,1876,3230,2236,-150,-1478,-2044
238,-1795,1609,-2276,-925,1357,1635,3106,2133,-168,-1472,-2028
230,-1755,1576,-2228,-910,1320,1415,2978,2033,-182,-1464,-2008
223,-1720,1545,-2184,-894,1287,1230,2846,1934,-193,-1458,-1986
216,-1686,1514,-2141,-878,1255,1079,2701,1838,-201,-1457,-1968
214,-1651,1475,-2092,-853,1226,961,2557,1744,-205,-1455,-1951
210,-1620,1441,-2050,-832,1199,896,2411,1652,-213,-1454,-1933
202,-1591,1414,-2013,-818,1171,861,2265,1558,-226,-1454,-1919
190,-1572,1398,-1989,-813,1148,869,2122,1462,-242,-1455,-1903
178,-1555,1385,-1970,-810,1127,913,1980,1372,-254,-1454,-1886
166,-1524,1358,-1932,-798,1098,975,1842,1291,-259,-1448,-1865
159,-1487,1320,-1882,-775,1068,1067,1715,1215,-256,-1434,-1841
152,-1456,1287,-1840,-755,1044,1200,1604,1140,-252,-1415,-1812
143,-1428,1260,-1803,-740,1021,1362,1502,1070,-248,-1397,-1783
145,-1379,1203,-1732,-698,991,1527,1408,1010,-233,-1374,-1751
156,-1313,1120,-1633,-633,957,1689,1321,956,-219,-1351,-1721
169,-1240,1027,-1521,-559,921,1850,1236,897,-214,-1331,-1695
181,-1172,943,-1420,-493,888,2014,1155,828,-225,-1320,-1676
185,-1123,886,-1349,-451,862,2185,1073,750,-251,-1316,-1663
183,-1087,850,-1300,-427,841,2344,986,664,-284,-1320,-1658
177,-1057,825,-1262,-413,822,2485,893,576,-321,-1330,-1656
169,-1034,809,-1235,-407,806,2611,797,490,-357,-1339,-1654
160,-1017,803,-1219,-409,794,2715,702,405,-393,-1350,-1654
150,-998,796,-1200,-411,780,2787,606,323,-424,-1358,-1652
139,-978,790,-1181,-414,765,2835,513,244,-451,-1360,-1643
121,-957,791,-1167,-427,744,2863,418,169,-473,-1358,-1631
104,-928,784,-1142,-436,716,2843,328,99,-487,-1349,-1614
87,-890,770,-1106,-439,683,2793,242,34,-498,-1338,-1593
72,-845,748,-1061,-436,645,2699,157,-29,-501,-1327,-1570
58,-804,727,-1018,-433,609,2567,75,-95,-511,-1318,-1548
39,-773,723,-994,-445,576,2409,-9,-166,-532,-1312,-1529
17,-748,729,-981,-466,543,2225,-95,-235,-556,-1307,-1514
-4,-721,730,-963,-483,510,2003,-184,-304,-582,-1308,-1504
-18,-695,726,-943,-491,480,1752,-271,-375,-616,-1315,-1497
-38,-688,746,-952,-521,459,1502,-353,-456,-660,-1330,-1494
-67,-695,789,-984,-570,440,1257,-424,-538,-703,-1346,-1488
-100,-709,842,-1029,-630,422,1021,-484,-618,-741,-1359,-1482
-130,-716,885,-1063,-681,401,789,-536,-690,-774,-1368,-1474
-153,-705,902,-1068,-709,373,550,-581,-754,-793,-1372,-1461
-165,-689,902,-1057,-718,348,325,-622,-814,-808,-1373,-1445
-172,-673,896,-1043,-720,326,112,-661,-874,-821,-1376,-1430
-175,-657,885,-1026,-716,306,-84,-701,-931,-832,-1377,-1415
-176,-637,866,-1000,-704,285,-248,-741,-988,-839,-1377,-1400
-174,-620,846,-976,-689,269,-366,-780,-1042,-845,-1379,-1382
-170,-603,824,-951,-671,255,-446,-823,-1091,-848,-1380,-1362
-162,-584,793,-919,-645,242,-498,-858,-1135,-853,-1377,-1340
-155,-569,767,-893,-622,232,-496,-894,-1177,-861,-1374,-1320
-152,-557,746,-871,-604,223,-465,-932,-1220,-876,-1371,-1302
-151,-550,731,-859,-592,218,-395,-969,-1265,-896,-1369,-1286
-151,-549,722,-853,-584,217,-304,-1007,-1304,-911,-1367,-1271
-147,-541,702,-835,-566,215,-222,-1049,-1338,-919,-1365,-1259
-138,-531,674,-811,-540,216,-127,-1090,-1371,-923,-1365,-1248
-130,-532,658,-802,-522,225,7,-1123,-1409,-926,-1367,-1239
-126,-540,654,-806,-515,237,169,-1158,-1448,-932,-1373,-1233
-115,-532,626,-782,-487,244,328,-1194,-1481,-927,-1377,-1227
-98,-503,572,-728,-439,241,488,-1236,-1508,-916,-1381,-1223
-79,-465,507,-660,-381,234,650,-1283,-1529,-905,-1383,-1222
-62,-433,452,-602,-332,230,814,-1329,-1554,-900,-1386,-1222
-54,-416,422,-571,-306,229,987,-1379,-1585,-907,-1395,-1226
-57,-402,406,-551,-298,224,1152,-1433,-1619,-922,-1407,-1238
-64,-389,396,-536,-296,217,1303,-1491,-1653,-946,-1422,-1249
-73,-382,397,-532,-302,212,1428,-1548,-1686,-968,-1435,-1259
-86,-381,408,-539,-319,209,1533,-1604,-1720,-988,-1443,-1267
-101,-374,418,-540,-337,199,1615,-1659,-1750,-1003,-1448,-1274
-116,-364,426,-539,-353,188,1674,-1704,-1776,-1015,-1449,-1277
-131,-355,437,-540,-372,176,1730,-1746,-1800,-1022,-1448,-1281
-138,-342,438,-531,-379,166,1780,-1781,-1820,-1022,-1442,-1281
-140,-323,428,-511,-376,155,1833,-1813,-1838,-1017,-1435,-1281
-137,-295,407,-478,-362,139,1866,-1844,-1851,-1012,-1428,-1281
-134,-269,387,-446,-349,124,1868,-1869,-1863,-1010,-1419,-1280
-133,-254,382,-431,-348,114,1841,-1892,-1879,-1014,-1413,-1281
-135,-246,386,-427,-354,106,1778,-1919,-1899,-1028,-1413,-1287
-137,-234,386,-418,-357,94,1669,-1949,-1918,-1047,-1418,-1296
-134,-221,381,-405,-354,85,1512,-1978,-1942,-1068,-1425,-1305
-138,-231,404,-424,-375,85,1324,-2009,-1975,-1100,-1437,-1315
-152,-262,457,-479,-421,93,1132,-2041,-2014,-1135,-1454,-1327
-171,-304,526,-551,-480,104,950,-2073,-2054,-1169,-1472,-1343
-190,-341,589,-616,-536,112,764,-2103,-2088,-1191,-1487,-1360
-202,-365,629,-658,-572,115,564,-2130,-2114,-1197,-1495,-1372
-208,-379,652,-681,-592,116,392,-2155,-2138,-1196,-1499,-1381
-213,-387,666,-695,-605,114,256,-2179,-2165,-1197,-1503,-1388
-218,-390,674,-701,-614,106,151,-2205,-2189,-1195,-1505,-1394
-221,-387,673,-698,-614,98,79,-2230,-2207,-1190,-1503,-1396
-222,-388,671,-696,-613,93,41,-2251,-2222,-1183,-1499,-1392
-224,-384,665,-690,-609,84,14,-2274,-2231,-1177,-1495,-1386
-223,-376,649,-673,-597,75,-19,-2286,-2241,-1169,-1488,-1375
-221,-370,635,-660,-584,70,-19,-2294,-2251,-1168,-1480,-1365
-221,-369,627,-654,-577,66,-13,-2296,-2262,-1170,-1472,-1352
-226,-373,627,-657,-578,63,19,-2291,-2272,-1173,-1464,-1334
-233,-377,629,-662,-582,61,64,-2286,-2279,-1171,-1455,-1316
-234,-374,618,-654,-574,58,90,-2284,-2282,-1163,-1443,-1297
-228,-365,595,-633,-552,57,106,-2279,-2287,-1154,-1432,-1278
-221,-362,576,-619,-532,61,133,-2263,-2292,-1147,-1420,-1261
-219,-364,567,-616,-522,66,164,-2247,-2296,-1139,-1409,-1248
-212,-353,540,-591,-497,67,170,-2235,-2293,-1123,-1394,-1234
-196,-327,491,-542,-452,63,153,-2225,-2285,-1105,-1379,-1221
-177,-292,430,-479,-396,57,126,-2221,-2279,-1096,-1368,-1211
-158,-261,374,-422,-344,52,99,-2221,-2278,-1097,-1362,-1204
-146,-245,341,-390,-313,54,99,-2228,-2285,-1107,-1363,-1201
-142,-238,325,-375,-299,56,106,-2237,-2295,-1118,-1368,-1203
-142,-232,316,-366,-292,57,114,-2245,-2308,-1128,-1373,-1204
-145,-230,314,-363,-291,58,122,-2254,-2322,-1137,-1378,-1203
-149,-235,323,-373,-300,62,130,-2265,-2336,-1149,-1381,-1204
-156,-239,334,-384,-312,63,127,-2277,-2352,-1166,-1384,-1205
-161,-244,346,-396,-325,66,114,-2289,-2370,-1183,-1388,-1205
-170,-248,363,-411,-343,64,107,-2305,-2387,-1198,-1393,-1206
-177,-244,369,-413,-353,59,72,-2318,-2401,-1204,-1395,-1204
-179,-233,366,-404,-354,50,35,-2334,-2414,-1206,-1395,-1201
-178,-213,353,-383,-347,37,-22,-2353,-2421,-1204,-1395,-1197
-177,-192,338,-360,-338,23,-89,-2371,-2427,-1201,-1392,-1192
-180,-180,336,-351,-341,10,-140,-2392,-2436,-1205,-1391,-1189
-186,-172,343,-351,-352,-1,-180,-2419,-2445,-1215,-1394,-1188
-191,-159,344,-343,-359,-16,-226,-2451,-2452,-1225,-1398,-1191
-188,-142,334,-325,-353,-29,-274,-2484,-2459,-1235,-1401,-1196
-196,-142,350,-335,-371,-37,-293,-2515,-2476,-1254,-1410,-1205
-214,-159,394,-376,-415,-41,-287,-2538,-2497,-1272,-1423,-1216
-238,-185,450,-430,-471,-42,-269,-2553,-2516,-1285,-1434,-1226
-257,-205,498,-475,-517,-43,-255,-2565,-2527,-1290,-1441,-1234
-270,-209,521,-492,-542,-52,-271,-2574,-2528,-1284,-1443,-1239
-274,-208,527,-494,-550,-57,-291,-2580,-2527,-1273,-1441,-1240
-271,-206,527,-492,-549,-58,-307,-2584,-2525,-1258,-1438,-1241
-266,-204,522,-485,-542,-59,-325,-2584,-2520,-1237,-1435,-1239
-258,-201,511,-475,-529,-57,-344,-2581,-2510,-1215,-1432,-1232
-250,-203,505,-469,-518,-52,-353,-2576,-2502,-1200,-1433,-1225
-247,-200,497,-460,-509,-53,-364,-2574,-2494,-1186,-1434,-1220
-241,-194,481,-444,-494,-54,-384,-2566,-2486,-1174,-1434,-1213
-239,-192,472,-434,-484,-54,-374,-2559,-2477,-1166,-1436,-1208
-241,-196,471,-435,-482,-53,-364,-2553,-2469,-1163,-1440,-1201
-246,-207,480,-446,-488,-49,-332,-2544,-2464,-1166,-1444,-1194
-253,-218,490,-459,-496,-44,-281,-2537,-2459,-1170,-1451,-1190
-253,-224,488,-460,-492,-39,-238,-2533,-2455,-1170,-1457,-1187
-246,-228,475,-453,-475,-30,-196,-2527,-2452,-1169,-1460,-1183
-238,-240,469,-456,-463,-14,-135,-2514,-2453,-1171,-1460,-1178
-232,-254,468,-465,-455,1,-62,-2502,-2456,-1172,-1462,-1176
-220,-248,441,-443,-426,9,-13,-2490,-2450,-1158,-1458,-1174
-201,-225,391,-395,-378,9,16,-2477,-2437,-1135,-1449,-1169
-182,-192,330,-332,-322,2,43,-2465,-2423,-1115,-1439,-1164
-167,-158,274,-273,-272,-6,75,-2451,-2416,-1103,-1430,-1161
-160,-135,238,-235,-242,-14,127,-2434,-2415,-1101,-1426,-1160
-159,-122,219,-214,-228,-19,177,-2415,-2413,-1103,-1425,-1161
-163,-113,211,-204,-224,-24,218,-2396,-2411,-1104,-1423,-1163
-168,-111,212,-204,-228,-25,248,-2379,-2410,-1106,-1424,-1167
-174,-118,226,-219,-242,-21,270,-2366,-2412,-1114,-1427,-1173
-181,-126,242,-237,-258,-16,275,-2357,-2412,-1124,-1431,-1179
-187,-135,260,-256,-276,-12,275,-2348,-2416,-1139,-1436,-1185
-197,-142,282,-278,-299,-11,286,-2347,-2419,-1154,-1441,-1190
-204,-140,293,-285,-313,-15,272,-2348,-2422,-1163,-1443,-1189
-205,-129,290,-277,-314,-21,264,-2351,-2423,-1166,-1441,-1185
-200,-108,273,-253,-303,-32,248,-2359,-2420,-1159,-1434,-1178
-195,-80,249,-220,-286,-47,222,-2372,-2416,-1147,-1423,-1167
-191,-59,233,-196,-276,-59,197,-2390,-2414,-1138,-1410,-1154
-194,-38,225,-179,-276,-76,161,-2417,-2413,-1132,-1400,-1141
-201,-8,212,-152,-276,-103,98,-2453,-2409,-1125,-1392,-1129
-203,24,191,-117,-266,-128,17,-2490,-2406,-1123,-1384,-1117
-212,34,199,-116,-281,-144,-52,-2533,-2413,-1135,-1380,-1113
-232,22,240,-152,-323,-151,-106,-2579,-2430,-1152,-1383,-1113
-255,-6,298,-209,-380,-152,-160,-2625,-2453,-1169,-1387,-1113
-277,-33,352,-263,-432,-151,-220,-2667,-2470,-1177,-1391,-1113
-289,-48,386,-295,-464,-152,-307,-2705,-2480,-1176,-1393,-1109
-296,-59,406,-316,-484,-153,-393,-2735,-2489,-1168,-1391,-1099
-299,-70,422,-332,-496,-150,-469,-2754,-2495,-1158,-1385,-1085
-301,-75,429,-339,-502,-151,-536,-2765,-2498,-1148,-1379,-1073
-304,-72,427,-335,-503,-158,-594,-2771,-2498,-1139,-1376,-1061
-306,-75,430,-337,-505,-161,-633,-2773,-2498,-1129,-1373,-1050
-310,-80,434,-341,-509,-163,-662,-2776,-2496,-1118,-1369,-1041
-310,-81,430,-339,-506,-164,-691,-2774,-2491,-1105,-1362,-1029
-309,-86,427,-338,-500,-162,-686,-2777,-2484,-1094,-1354,-1018
-308,-92,425,-339,-496,-159,-672,-2780,-2478,-1083,-1346,-1007
-309,-105,430,-350,-498,-152,-635,-2779,-2474,-1073,-1332,-992
-310,-115,433,-358,-499,-147,-581,-2774,-2466,-1060,-1315,-975
-305,-117,419,-349,-484,-143,-533,-2764,-2451,-1039,-1295,-957
-293,-114,396,-331,-458,-136,-484,-2746,-2434,-1014,-1272,-941
-283,-118,380,-322,-438,-126,-415,-2715,-2417,-987,-1246,-922
-279,-121,370,-317,-426,-121,-331,-2677,-2394,-956,-1220,-904
-267,-104,333,-280,-392,-124,-257,-2636,-2364,-918,-1190,-885
-245,-69,268,-213,-331,-130,-193,-2597,-2332,-879,-1159,-869
-218,-26,192,-134,-261,-139,-131,-2562,-2300,-843,-1131,-856
-195,12,125,-63,-198,-146,-62,-2527,-2276,-812,-1107,-847
-183,35,84,-19,-161,-151,23,-2495,-2261,-792,-1088,-842
-180,50,61,6,-142,-156,101,-2468,-2249,-780,-1075,-841
-181,64,47,25,-132,-162,166,-2446,-2242,-773,-1066,-845
-186,73,41,35,-130,-167,224,-2430,-2240,-773,-1058,-850
-193,78,43,37,-136,-171,274,-2419,-2244,-779,-1052,-859
-200,86,43,42,-140,-177,313,-2414,-2250,-789,-1049,-870
-207,93,46,44,-147,-181,346,-2416,-2257,-804,-1048,-881
-220,98,58,39,-164,-190,380,-2427,-2265,-822,-1051,-894
-232,109,64,42,-176,-201,384,-2442,-2270,-831,-1049,-904
-239,122,65,49,-184,-212,379,-2456,-2273,-835,-1046,-910
-241,137,60,61,-182,-220,353,-2470,-2272,-835,-1042,-915
-241,154,52,77,-179,-230,304,-2480,-2275,-840,-1040,-921
-245,166,53,82,-184,-239,245,-2490,-2280,-851,-1039,-930
-251,172,63,79,-197,-247,170,-2499,-2283,-861,-1040,-937
-256,182,68,80,-207,-258,59,-2510,-2283,-867,-1039,-942
-258,196,66,89,-210,-268,-71,-2514,-2284,-873,-1036,-944
-268,192,90,69,-235,-274,-195,-2514,-2292,-889,-1037,-949
-287,170,141,20,-284,-274,-310,-2510,-2305,-909,-1043,-957
-309,134,208,-50,-347,-267,-413,-2501,-2319,-926,-1050,-964
-329,102,268,-113,-402,-262,-517,-2491,-2324,-932,-1053,-966
-342,91,299,-143,-434,-266,-636,-2481,-2321,-927,-1051,-964
-348,90,313,-154,-450,-273,-747,-2471,-2316,-913,-1044,-958
-351,91,320,-160,-458,-279,-842,-2462,-2312,-895,-1035,-950
-352,93,321,-160,-460,-285,-926,-2457,-2310,-882,-1027,-943
-347,97,315,-154,-453,-289,-997,-2453,-2309,-872,-1020,-931
-340,94,311,-154,-446,-287,-1050,-2450,-2312,-864,-1016,-921
-333,89,307,-156,-438,-283,-1094,-2456,-2315,-858,-1015,-915
-320,85,296,-152,-421,-275,-1132,-2464,-2319,-852,-1013,-910
-305,74,287,-154,-404,-262,-1137,-2477,-2324,-859,-1016,-906
-291,60,282,-161,-389,-247,-1129,-2491,-2332,-869,-1019,-900
-279,37,286,-179,-382,-226,-1090,-2500,-2342,-881,-1020,-891
-268,14,291,-197,-376,-207,-1024,-2508,-2352,-884,-1018,-883
-254,3,279,-197,-355,-192,-951,-2511,-2355,-878,-1011,-873
-236,1,254,-181,-324,-180,-860,-2509,-2355,-866,-1002,-862
-222,-4,235,-171,-300,-168,-740,-2501,-2356,-856,-991,-849
-216,-11,226,-169,-286,-159,-602,-2496,-2356,-846,-977,-833
-205,2,190,-136,-252,-161,-471,-2492,-2342,-822,-955,-811
-189,36,130,-72,-199,-172,-349,-2490,-2321,-797,-932,-789
-170,76,60,3,-138,-186,-231,-2491,-2301,-772,-911,-768
-153,111,-1,68,-83,-197,-111,-2493,-2286,-755,-895,-752
-144,132,-40,110,-50,-204,21,-2501,-2278,-750,-886,-742
-144,147,-62,136,-35,-212,143,-2513,-2273,-751,-882,-738
-147,157,-74,152,-29,-219,252,-2525,-2269,-751,-878,-737
-152,160,-77,157,-31,-222,347,-2541,-2266,-753,-877,-737
-160,156,-68,151,-44,-223,427,-2561,-2267,-758,-879,-740
-172,156,-55,143,-62,-228,486,-2579,-2267,-763,-883,-744
-185,154,-37,131,-86,-233,533,-2592,-2269,-768,-885,-747
-198,146,-12,110,-114,-234,575,-2606,-2270,-773,-887,-753
-205,142,5,98,-133,-234,591,-2616,-2271,-773,-886,-754
-207,147,10,98,-142,-235,607,-2624,-2270,-763,-881,-749
-206,164,1,116,-139,-244,601,-2632,-2264,-748,-875,-741
-203,184,-10,137,-134,-254,578,-2638,-2260,-739,-872,-733
-206,196,-8,144,-141,-263,559,-2643,-2261,-741,-872,-728
-214,206,3,143,-157,-273,535,-2647,-2265,-753,-875,-727
-221,222,7,150,-169,-288,493,-2655,-2267,-767,-880,-731
-220,237,4,161,-170,-296,440,-2658,-2270,-780,-882,-736
-222,231,24,143,-188,-293,404,-2659,-2283,-803,-890,-742
-231,206,68,96,-227,-282,388,-2656,-2300,-829,-900,-750
-248,176,124,39,-277,-274,384,-2650,-2317,-849,-909,-758
-264,153,171,-8,-320,-269,383,-2642,-2328,-854,-914,-763
-274,146,195,-30,-344,-271,368,-2633,-2331,-844,-913,-762
-280,149,202,-33,-353,-279,359,-2620,-2331,-831,-906,-758
-286,154,205,-32,-358,-287,352,-2606,-2332,-819,-897,-753
-292,162,204,-26,-359,-298,348,-2593,-2332,-803,-888,-748
-296,175,194,-11,-353,-311,363,-2584,-2330,-788,-879,-743
-302,185,185,2,-349,-324,388,-2580,-2328,-776,-872,-738
-310,196,177,15,-345,-339,411,-2582,-2319,-763,-866,-735
-315,208,163,32,-335,-352,413,-2580,-2309,-748,-857,-729
-319,211,155,39,-329,-358,422,-2577,-2296,-740,-850,-723
-325,207,155,36,-328,-362,423,-2574,-2285,-741,-847,-719
-331,193,165,21,-334,-358,442,-2568,-2276,-747,-845,-715
-339,176,177,2,-343,-353,468,-2560,-2261,-748,-841,-712
-343,171,175,0,-340,-354,458,-2552,-2244,-740,-834,-708
-341,172,160,11,-325,-354,431,-2539,-2226,-724,-824,-698
-336,168,149,16,-311,-349,410,-2521,-2208,-709,-813,-686
-335,159,146,12,-304,-343,385,-2506,-2192,-692,-801,-674
-325,168,118,37,-277,-343,321,-2495,-2169,-663,-785,-657
-306,197,61,95,-223,-350,225,-2487,-2143,-627,-767,-637
-279,235,-11,167,-155,-357,103,-2481,-2118,-594,-748,-620
-251,266,-77,232,-91,-358,-27,-2473,-2097,-572,-729,-604
-230,285,-120,273,-47,-356,-128,-2467,-2083,-562,-715,-592
-217,298,-150,300,-19,-354,-229,-2464,-2072,-558,-703,-583
-208,311,-174,326,4,-356,-335,-2468,-2063,-560,-694,-573
-202,323,-191,344,19,-356,-444,-2479,-2058,-568,-688,-567
-198,326,-197,351,25,-353,-543,-2496,-2057,-577,-684,-565
-193,330,-202,357,30,-350,-631,-2514,-2057,-585,-680,-567
-188,335,-207,363,35,-347,-703,-2526,-2058,-595,-673,-567
-189,337,-202,360,29,-345,-750,-2541,-2056,-603,-664,-568
-192,344,-199,364,22,-349,-812,-2554,-2054,-602,-654,-566
-197,359,-201,375,17,-360,-846,-2564,-2050,-592,-644,-560
-200,383,-213,399,20,-375,-876,-2576,-2045,-581,-632,-553
-202,408,-226,424,24,-391,-896,-2587,-2047,-574,-623,-544
-208,421,-224,432,15,-403,-878,-2596,-2051,-574,-616,-538
-218,429,-210,427,-4,-413,-839,-2605,-2054,-577,-613,-532
-228,442,-203,431,-19,-428,-805,-2617,-2054,-583,-612,-529
-231,454,-202,439,-25,-437,-770,-2625,-2055,-594,-613,-526
-239,443,-174,413,-52,-436,-698,-2632,-2067,-617,-620,-528
-256,413,-118,356,-104,-427,-594,-2637,-2087,-645,-629,-536
-278,372,-46,281,-169,-415,-473,-2642,-2111,-671,-638,-543
-299,333,22,210,-231,-404,-355,-2648,-2131,-687,-643,-550
-312,309,66,164,-270,-398,-272,-2652,-2143,-691,-641,-551
-318,295,91,138,-293,-394,-201,-2653,-2150,-688,-634,-547
-320,285,107,121,-305,-391,-129,-2651,-2155,-678,-625,-541
-320,281,112,114,-308,-391,-65,-2651,-2158,-663,-616,-535
-317,283,107,119,-302,-394,-15,-2649,-2157,-647,-607,-526
-313,283,101,122,-294,-393,36,-2647,-2156,-629,-599,-515
-308,284,92,129,-283,-395,77,-2650,-2154,-615,-594,-506
-300,289,73,144,-263,-396,94,-2650,-2152,-603,-587,-494
-294,290,59,154,-246,-396,125,-2650,-2149,-597,-579,-485
-291,286,50,157,-235,-395,148,-2648,-2146,-597,-571,-475
-292,279,49,153,-231,-394,181,-2644,-2144,-599,-564,-466
-294,272,47,149,-227,-393,215,-2641,-2140,-595,-558,-458
-291,272,31,160,-210,-394,227,-2640,-2132,-587,-552,-452
-285,277,7,179,-186,-395,228,-2640,-2124,-577,-544,-447
-278,275,-10,190,-166,-390,244,-2636,-2120,-571,-535,-441
-276,270,-17,191,-157,-387,263,-2638,-2115,-565,-527,-439
-268,280,-47,218,-129,-388,243,-2639,-2105,-545,-516,-435
-251,306,-100,271,-80,-394,197,-2641,-2092,-521,-503,-431
-230,343,-168,342,-19,-404,148,-2646,-2077,-498,-490,-428
-211,377,-230,406,35,-413,101,-2653,-2071,-484,-481,-427
-199,397,-267,445,69,-416,77,-2663,-2075,-481,-477,-427
-194,409,-288,468,85,-419,51,-2673,-2081,-482,-477,-428
-193,422,-305,489,96,-425,23,-2680,-2085,-478,-475,-427
-193,435,-318,507,102,-430,1,-2688,-2089,-474,-470,-425
-197,442,-320,514,98,-434,-5,-2699,-2098,-473,-467,-425
-201,449,-319,519,91,-439,-3,-2709,-2107,-471,-464,-427
-207,456,-314,521,81,-443,15,-2714,-2117,-467,-459,-429
-217,462,-302,518,62,-450,44,-2723,-2125,-466,-455,-432
-227,472,-293,519,45,-461,40,-2728,-2135,-460,-448,-435
-235,488,-291,529,35,-473,38,-2736,-2146,-455,-444,-438
-237,509,-298,548,33,-486,23,-2747,-2154,-449,-442,-442
-238,531,-307,569,35,-499,0,-2757,-2166,-449,-442,-445
-239,539,-302,571,26,-504,0,-2767,-2182,-458,-447,-452
-245,540,-284,559,7,-506,12,-2779,-2198,-469,-455,-461
-250,545,-272,554,-8,-513,8,-2792,-2212,-482,-466,-474
-253,557,-268,559,-14,-522,-2,-2800,-2225,-500,-479,-485
-262,551,-241,537,-41,-524,24,-2805,-2241,-528,-495,-498
-281,526,-188,484,-91,-521,83,-2803,-2260,-559,-511,-512
-304,496,-126,421,-148,-516,161,-2798,-2276,-587,-525,-523
-327,478,-77,375,-195,-520,245,-2787,-2283,-601,-537,-530
-343,476,-53,357,-222,-531,304,-2772,-2283,-604,-545,-529
-353,479,-43,350,-234,-541,358,-2752,-2279,-602,-551,-524
-358,479,-37,345,-239,-547,414,-2729,-2277,-598,-555,-519
-357,478,-36,342,-237,-548,465,-2706,-2275,-594,-559,-514
-354,476,-40,342,-228,-548,519,-2690,-2271,-591,-563,-509
-351,473,-44,341,-220,-547,582,-2680,-2269,-591,-567,-506
-351,471,-49,342,-212,-548,635,-2682,-2267,-586,-572,-506
-347,472,-63,350,-196,-549,652,-2685,-2266,-578,-575,-502
-344,466,-70,350,-185,-545,679,-2698,-2267,-580,-578,-499
-343,450,-67,336,-181,-536,679,-2718,-2270,-585,-581,-500
-344,423,-52,308,-187,-521,670,-2742,-2278,-595,-585,-505
-348,396,-35,278,-197,-507,649,-2775,-2288,-605,-590,-512
-348,377,-30,261,-196,-495,583,-2816,-2296,-607,-593,-516
-341,361,-34,253,-185,-481,490,-2858,-2304,-606,-594,-516
-330,338,-35,239,-173,-458,403,-2896,-2316,-609,-595,-514
-320,313,-33,221,-164,-434,315,-2932,-2327,-613,-596,-512
-301,306,-57,233,-133,-416,179,-2964,-2329,-603,-592,-504
-275,317,-106,274,-81,-406,-7,-2989,-2322,-582,-587,-494
-247,342,-168,333,-20,-403,-211,-3008,-2313,-564,-583,-488
-218,365,-227,389,39,-399,-403,-3018,-2308,-555,-580,-483
-198,379,-266,426,79,-393,-547,-3018,-2306,-555,-582,-478
-187,389,-292,451,103,-391,-675,-3012,-2302,-560,-586,-476
-179,402,-313,475,121,-391,-801,-3002,-2296,-566,-588,-475
-173,413,-329,495,133,-393,-910,-2984,-2288,-571,-589,-472
-172,423,-337,509,136,-396,-993,-2961,-2280,-574,-587,-467
-172,435,-345,524,139,-402,-1062,-2934,-2269,-575,-584,-462
-173,448,-350,536,138,-407,-1113,-2904,-2258,-575,-576,-455
-181,461,-346,544,126,-419,-1137,-2881,-2248,-577,-568,-452
-188,481,-348,560,119,-435,-1174,-2860,-2241,-576,-562,-451
-192,506,-358,585,118,-452,-1195,-2843,-2233,-575,-557,-451
-195,541,-378,622,126,-474,-1219,-2832,-2220,-571,-551,-450
-196,580,-402,665,136,-499,-1245,-2822,-2211,-566,-545,-447
-203,613,-414,695,135,-523,-1267,-2815,-2208,-571,-544,-448
-212,640,-418,715,127,-546,-1312,-2813,-2203,-576,-544,-450
-221,671,-426,741,124,-571,-1362,-2815,-2196,-578,-542,-451
-222,703,-444,774,131,-592,-1401,-2820,-2193,-582,-540,-451
-229,713,-434,773,117,-602,-1410,-2832,-2205,-603,-546,-458
-245,698,-392,735,76,-603,-1408,-2847,-2227,-631,-558,-470
-267,670,-333,676,20,-600,-1413,-2865,-2253,-662,-573,-483
-287,646,-280,624,-30,-597,-1454,-2884,-2275,-682,-588,-497
-300,637,-252,599,-58,-601,-1534,-2897,-2286,-689,-598,-508
-308,636,-239,589,-72,-607,-1624,-2900,-2291,-684,-602,-515
-313,639,-235,587,-78,-615,-1718,-2899,-2292,-675,-604,-519
-318,647,-238,594,-79,-627,-1809,-2895,-2293,-666,-604,-521
-324,660,-248,608,-75,-643,-1893,-2889,-2293,-657,-601,-522
-330,663,-249,609,-76,-653,-1961,-2885,-2297,-651,-600,-523
-335,658,-245,603,-79,-657,-2021,-2889,-2304,-646,-600,-526
-336,652,-248,600,-75,-658,-2062,-2891,-2310,-640,-598,-528
-337,642,-245,590,-75,-657,-2054,-2898,-2316,-639,-596,-532
-343,625,-234,571,-82,-654,-2022,-2907,-2322,-641,-592,-536
-350,599,-212,538,-98,-645,-1955,-2917,-2330,-647,-587,-539
-355,570,-191,504,-112,-633,-1866,-2931,-2335,-651,-581,-543
-350,551,-190,490,-106,-621,-1793,-2946,-2334,-647,-574,-545
-338,540,-205,493,-84,-608,-1731,-2962,-2335,-641,-565,-545
-323,526,-218,491,-62,-591,-1666,-2976,-2338,-634,-552,-542
-313,511,-225,486,-48,-577,-1595,-2995,-2341,-628,-542,-537
-300,518,-257,512,-15,-574,-1537,-3015,-2336,-608,-527,-529
-281,547,-315,570,39,-581,-1494,-3033,-2326,-582,-511,-520
-259,585,-384,641,101,-591,-1463,-3048,-2312,-556,-495,-512
-241,619,-444,703,155,-601,-1440,-3059,-2302,-541,-485,-506
-233,638,-478,739,184,-606,-1400,-3068,-2297,-538,-481,-503
-234,653,-496,761,195,-614,-1375,-3074,-2297,-541,-481,-502
-238,663,-505,774,198,-619,-1357,-3077,-2298,-551,-483,-502
-241,667,-507,778,196,-620,-1327,-3076,-2300,-562,-487,-504
-247,665,-498,772,185,-617,-1264,-3072,-2304,-577,-492,-506
-252,665,-490,767,175,-616,-1171,-3067,-2308,-595,-499,-511
-259,664,-479,760,160,-613,-1065,-3052,-2311,-612,-505,-515
-269,662,-460,748,138,-614,-962,-3037,-2313,-626,-509,-520
-279,670,-451,748,122,-620,-907,-3021,-2315,-637,-511,-521
-286,684,-448,757,112,-629,-874,-3009,-2318,-643,-511,-520
-288,702,-454,774,111,-638,-867,-3003,-2321,-644,-508,-520
-285,721,-464,795,116,-646,-880,-3000,-2326,-650,-505,-520
-285,736,-467,808,114,-652,-892,-2999,-2335,-662,-502,-518
-289,751,-465,818,107,-663,-909,-3005,-2342,-672,-500,-517
-293,775,-473,840,106,-680,-951,-3016,-2345,-677,-497,-515
-289,802,-491,871,117,-695,-1012,-3024,-2347,-679,-493,-510
-293,810,-484,874,107,-703,-1064,-3037,-2360,-688,-493,-509
-304,798,-449,843,74,-703,-1111,-3054,-2379,-705,-498,-510
-318,770,-398,791,29,-695,-1169,-3073,-2400,-723,-505,-510
-331,743,-350,741,-13,-687,-1245,-3093,-2415,-730,-510,-505
-338,731,-325,717,-34,-687,-1341,-3110,-2423,-725,-512,-498
-338,727,-317,710,-38,-687,-1425,-3121,-2425,-714,-508,-487
-337,725,-314,706,-38,-688,-1495,-3128,-2427,-700,-503,-475
-336,724,-314,705,-36,-690,-1555,-3134,-2428,-688,-501,-467
-336,726,-317,709,-31,-696,-1613,-3141,-2428,-681,-497,-460
-340,727,-319,710,-29,-704,-1659,-3147,-2431,-680,-496,-454
-347,729,-319,711,-30,-715,-1697,-3159,-2436,-681,-499,-453
-348,732,-326,716,-23,-722,-1740,-3165,-2441,-681,-502,-450
-350,732,-334,721,-15,-728,-1756,-3169,-2446,-688,-508,-450
-356,733,-338,723,-12,-737,-1759,-3169,-2452,-695,-512,-453
-360,721,-331,710,-15,-735,-1727,-3164,-2455,-703,-514,-456
-361,701,-321,689,-19,-727,-1668,-3157,-2454,-707,-515,-460
-357,688,-324,681,-10,-718,-1613,-3149,-2448,-706,-512,-459
-345,679,-338,683,10,-706,-1556,-3138,-2444,-704,-505,-456
-332,663,-345,676,26,-689,-1481,-3124,-2443,-702,-497,-451
-325,645,-345,662,33,-673,-1393,-3112,-2442,-698,-490,-446
-310,648,-371,681,63,-667,-1322,-3102,-2433,-680,-478,-436
-289,670,-423,728,113,-668,-1265,-3095,-2420,-660,-464,-426
-266,700,-484,788,170,-671,-1217,-3093,-2409,-646,-451,-419
-244,724,-536,838,220,-672,-1182,-3091,-2404,-640,-441,-415
-231,734,-564,861,247,-669,-1139,-3092,-2409,-644,-437,-417
-225,734,-574,868,257,-663,-1106,-3098,-2421,-657,-439,-422
-218,727,-575,863,260,-652,-1081,-3105,-2435,-676,-445,-429
-213,716,-568,851,258,-638,-1061,-3111,-2452,-695,-452,-437
-210,701,-555,832,249,-622,-1042,-3115,-2466,-711,-459,-443
-208,695,-546,821,241,-614,-1033,-3118,-2478,-722,-463,-447
-208,690,-536,812,232,-606,-1028,-3115,-2489,-733,-466,-448
-210,683,-520,796,217,-598,-1020,-3114,-2498,-741,-467,-453
-209,680,-509,788,208,-592,-1029,-3110,-2502,-739,-465,-454
-207,688,-509,792,205,-592,-1034,-3108,-2505,-732,-460,-453
-203,703,-518,809,210,-596,-1053,-3109,-2504,-722,-456,-452
-199,720,-527,827,216,-601,-1082,-3112,-2503,-717,-455,-449
-199,725,-521,827,209,-602,-1103,-3114,-2502,-717,-456,-448
-205,728,-507,820,193,-605,-1125,-3119,-2502,-725,-459,-451
-212,736,-497,820,179,-613,-1171,-3132,-2501,-734,-464,-458
-215,744,-493,824,172,-619,-1246,-3144,-2503,-746,-468,-467
-227,738,-464,801,143,-622,-1329,-3161,-2518,-773,-479,-479
-249,712,-409,748,89,-619,-1414,-3179,-2539,-803,-490,-491
-276,678,-341,681,25,-614,-1494,-3195,-2556,-827,-498,-499
-300,649,-282,623,-32,-612,-1565,-3206,-2560,-840,-500,-502
-317,636,-249,593,-66,-616,-1640,-3211,-2554,-842,-496,-498
-327,632,-232,579,-85,-622,-1700,-3210,-2546,-834,-489,-489
-336,630,-220,571,-98,-630,-1751,-3208,-2537,-818,-480,-479
-342,630,-215,567,-106,-637,-1804,-3208,-2525,-799,-471,-468
-342,631,-218,570,-104,-643,-1859,-3208,-2513,-784,-463,-460
-341,630,-223,572,-99,-646,-1903,-3211,-2501,-775,-458,-455
-338,628,-229,575,-92,-647,-1943,-3215,-2487,-767,-454,-453
-329,628,-244,584,-75,-646,-1983,-3211,-2472,-761,-449,-447
-322,621,-254,586,-62,-641,-1996,-3207,-2458,-759,-446,-445
-318,610,-256,579,-56,-635,-2000,-3200,-2445,-764,-446,-448
-317,589,-246,557,-59,-624,-1983,-3190,-2436,-776,-447,-453
-318,563,-231,529,-68,-611,-1952,-3183,-2427,-785,-452,-457
-315,544,-226,512,-66,-599,-1920,-3176,-2415,-784,-455,-459
-309,533,-234,508,-53,-589,-1868,-3165,-2404,-777,-455,-459
-304,519,-237,500,-44,-578,-1784,-3146,-2393,-771,-453,-454
-304,503,-232,484,-44,-567,-1677,-3129,-2381,-763,-450,-451
-294,504,-254,498,-19,-561,-1574,-3114,-2362,-746,-443,-446
-272,520,-302,541,31,-557,-1476,-3102,-2340,-726,-434,-439
-245,547,-364,600,93,-557,-1374,-3093,-2319,-708,-424,-434
-222,572,-421,653,150,-556,-1263,-3087,-2305,-696,-419,-435
-208,585,-452,683,182,-554,-1132,-3085,-2299,-695,-420,-442
-203,591,-469,698,199,-552,-1005,-3087,-2296,-696,-425,-453
-202,596,-477,707,207,-552,-891,-3094,-2294,-700,-430,-467
-205,598,-475,708,205,-552,-791,-3101,-2292,-703,-438,-482
-212,592,-461,695,191,-549,-708,-3107,-2291,-709,-446,-497
-219,590,-449,687,178,-548,-639,-3110,-2288,-712,-451,-510
-226,593,-440,684,167,-550,-575,-3106,-2283,-713,-450,-517
-235,597,-428,680,152,-555,-521,-3101,-2274,-707,-447,-520
-242,609,-424,687,143,-564,-496,-3092,-2263,-691,-440,-515
-247,628,-428,703,139,-576,-484,-3080,-2254,-677,-431,-510
-250,658,-444,735,145,-593,-504,-3070,-2246,-665,-421,-508
-251,689,-462,768,152,-611,-552,-3060,-2243,-658,-413,-506
-256,710,-466,786,148,-624,-609,-3050,-2242,-657,-409,-506
-263,724,-461,793,136,-634,-693,-3043,-2242,-666,-410,-511
-268,744,-463,809,130,-647,-817,-3044,-2241,-681,-415,-518
-265,762,-473,828,135,-654,-968,-3050,-2244,-699,-420,-528
-269,759,-455,815,116,-651,-1136,-3066,-2258,-730,-435,-544
-283,736,-408,768,72,-642,-1324,-3083,-2281,-765,-454,-561
-304,700,-344,702,13,-630,-1527,-3098,-2305,-796,-472,-575
-323,666,-284,640,-42,-617,-1735,-3114,-2323,-819,-488,-585
-333,645,-248,602,-75,-608,-1950,-3128,-2332,-832,-497,-589
-335,632,-230,582,-90,-601,-2155,-3135,-2340,-840,-503,-589
-335,622,-219,568,-98,-594,-2345,-3137,-2345,-846,-506,-589
-335,614,-213,559,-102,-590,-2520,-3139,-2347,-850,-506,-585
-334,610,-213,555,-101,-589,-2679,-3142,-2344,-845,-503,-576
-336,599,-206,543,-106,-586,-2807,-3143,-2340,-839,-497,-564
-339,586,-195,527,-114,-583,-2900,-3145,-2333,-830,-491,-548
-337,571,-190,513,-114,-576,-2966,-3139,-2328,-824,-486,-530
-331,548,-181,491,-115,-562,-2984,-3134,-2325,-823,-485,-515
-325,521,-169,465,-115,-545,-2971,-3129,-2322,-826,-483,-503
-321,492,-156,436,-119,-529,-2923,-3122,-2323,-835,-479,-490
-315,465,-146,412,-118,-513,-2847,-3118,-2323,-839,-469,-474
-305,453,-154,409,-103,-504,-2762,-3115,-2316,-834,-454,-454
-288,452,-179,424,-72,-497,-2666,-3109,-2308,-825,-439,-434
-269,449,-206,440,-38,-488,-2543,-3097,-2299,-818,-421,-414
-255,447,-227,452,-12,-483,-2393,-3081,-2288,-804,-403,-394
-238,464,-269,491,31,-487,-2235,-3062,-2268,-774,-379,-370
-214,495,-332,554,92,-495,-2075,-3046,-2247,-737,-353,-344
-187,534,-405,628,161,-506,-1908,-3033,-2228,-706,-331,-322
-164,567,-467,691,220,-515,-1728,-3023,-2219,-687,-314,-306
-151,580,-498,721,251,-517,-1531,-3019,-2223,-683,-307,-296
-145,580,-506,726,261,-513,-1342,-3021,-2231,-685,-306,-290
-144,579,-507,726,263,-511,-1169,-3025,-2240,-694,-307,-289
-146,576,-501,720,257,-510,-1010,-3028,-2250,-708,-310,-289
-152,567,-483,703,240,-505,-865,-3028,-2260,-723,-313,-289
-157,557,-464,683,222,-499,-764,-3029,-2267,-733,-313,-289
-162,548,-443,664,202,-493,-724,-3028,-2274,-742,-311,-288
-169,538,-418,640,178,-486,-707,-3036,-2281,-752,-314,-290
-172,533,-401,625,161,-481,-731,-3042,-2289,-754,-315,-292
-170,534,-393,621,152,-476,-797,-3048,-2295,-754,-314,-292
-167,546,-396,631,153,-478,-897,-3055,-2298,-751,-313,-291
-164,565,-407,651,157,-485,-1003,-3058,-2300,-751,-312,-290
-167,579,-405,659,150,-493,-1099,-3057,-2301,-755,-313,-290
-174,588,-395,658,134,-500,-1193,-3054,-2303,-763,-317,-293
-183,606,-391,667,121,-515,-1293,-3055,-2303,-770,-323,-302
-187,626,-396,683,117,-528,-1389,-3054,-2304,-778,-327,-311
-196,625,-375,668,94,-532,-1459,-3051,-2311,-790,-333,-320
-211,601,-327,620,49,-523,-1507,-3046,-2324,-803,-341,-331
-228,567,-268,557,-5,-509,-1529,-3038,-2337,-815,-351,-340
-244,535,-216,502,-51,-497,-1526,-3029,-2344,-823,-357,-349
-255,520,-185,470,-81,-493,-1515,-3018,-2342,-822,-358,-354
-262,510,-167,452,-97,-491,-1480,-3005,-2336,-817,-355,-356
-266,502,-156,439,-107,-488,-1437,-2992,-2328,-812,-354,-358
-267,495,-151,431,-109,-485,-1395,-2980,-2321,-802,-352,-361
-263,490,-154,429,-102,-480,-1347,-2972,-2315,-794,-351,-364
-258,478,-153,420,-96,-470,-1294,-2964,-2311,-785,-350,-367
-257,468,-153,413,-93,-465,-1247,-2964,-2304,-777,-349,-368
-254,463,-160,414,-82,-462,-1217,-2963,-2297,-769,-345,-365
-254,455,-164,411,-74,-460,-1165,-2964,-2286,-762,-341,-365
-256,443,-161,401,-72,-456,-1121,-2963,-2276,-754,-337,-365
-261,423,-149,378,-79,-449,-1072,-2955,-2267,-751,-335,-363
-267,402,-133,353,-88,-442,-1017,-2948,-2258,-753,-335,-362
-271,389,-131,343,-86,-439,-991,-2939,-2245,-747,-332,-359
-270,383,-137,342,-77,-437,-998,-2923,-2228,-734,-326,-354
-268,373,-142,338,-67,-431,-1010,-2900,-2212,-722,-318,-347
-269,364,-143,332,-63,-428,-1023,-2880,-2195,-704,-309,-341
-260,378,-176,363,-32,-434,-1088,-2862,-2171,-672,-295,-332
-240,412,-239,427,26,-445,-1209,-2847,-2144,-638,-282,-322
-217,456,-314,506,94,-460,-1362,-2836,-2119,-611,-269,-314
-195,495,-380,575,154,-472,-1519,-2827,-2100,-596,-259,-309
-180,516,-420,616,191,-477,-1650,-2823,-2090,-597,-257,-307
-172,525,-440,635,209,-478,-1787,-2825,-2083,-604,-258,-309
-166,526,-449,643,218,-475,-1927,-2829,-2078,-611,-262,-313
-160,523,-451,642,220,-468,-2063,-2832,-2076,-622,-267,-318
-157,515,-443,632,215,-459,-2178,-2830,-2077,-635,-274,-323
-154,509,-436,624,208,-452,-2271,-2826,-2079,-647,-280,-328
-153,506,-429,618,201,-446,-2325,-2817,-2084,-660,-284,-331
-156,506,-418,611,188,-446,-2327,-2811,-2088,-669,-290,-332
-156,514,-418,617,183,-449,-2330,-2802,-2088,-667,-289,-326
-153,529,-427,634,187,-455,-2294,-2790,-2082,-655,-284,-315
-148,554,-447,665,199,-465,-2237,-2780,-2074,-634,-275,-301
-145,586,-471,704,213,-483,-2164,-2770,-2071,-617,-268,-287
-149,612,-481,728,213,-501,-2051,-2761,-2074,-611,-262,-274
-157,628,-478,738,202,-515,-1912,-2757,-2078,-613,-259,-263
-164,643,-475,746,192,-528,-1772,-2761,-2083,-619,-262,-258
-162,655,-477,756,190,-535,-1635,-2769,-2089,-633,-268,-256
-169,648,-452,735,166,-534,-1464,-2778,-2104,-658,-278,-260
-186,621,-398,682,117,-528,-1266,-2786,-2126,-688,-292,-268
-207,583,-329,611,55,-517,-1056,-2790,-2145,-718,-308,-279
-227,552,-269,551,0,-510,-857,-2792,-2161,-741,-320,-287
-238,539,-237,520,-29,-510,-690,-2792,-2170,-755,-328,-293
-240,534,-224,509,-39,-510,-525,-2788,-2176,-760,-329,-292
-238,535,-220,506,-41,-512,-357,-2780,-2177,-758,-325,-285
-238,540,-222,511,-38,-518,-208,-2766,-2174,-751,-317,-275
-238,552,-232,524,-30,-529,-77,-2749,-2164,-741,-305,-264
-237,555,-237,529,-24,-534,40,-2730,-2154,-734,-294,-254
-235,554,-239,528,-18,-535,129,-2714,-2145,-725,-287,-248
-228,552,-248,532,-5,-533,181,-2696,-2137,-717,-282,-240
-223,544,-249,527,3,-527,239,-2678,-2131,-717,-281,-235
-223,529,-240,509,0,-520,276,-2659,-2128,-722,-282,-233
-226,501,-218,475,-12,-506,302,-2637,-2129,-728,-283,-233
-231,473,-194,439,-27,-492,321,-2618,-2130,-734,-285,-235
-234,456,-185,421,-31,-484,303,-2599,-2130,-736,-283,-236
-230,447,-190,417,-21,-476,262,-2575,-2130,-734,-278,-235
-224,431,-192,407,-11,-461,231,-2545,-2130,-726,-266,-230
-223,413,-187,391,-10,-449,203,-2513,-2123,-707,-250,-221
-216,414,-206,404,10,-444,137,-2477,-2103,-674,-227,-208
-199,430,-250,444,54,-442,27,-2446,-2078,-641,-203,-195
-175,453,-308,498,111,-440,-115,-2427,-2056,-618,-184,-191
-152,472,-361,546,163,-435,-261,-2418,-2046,-610,-175,-193
-137,480,-393,572,196,-427,-384,-2415,-2046,-617,-174,-200
-132,482,-409,584,210,-422,-516,-2415,-2046,-627,-177,-211
-134,489,-419,596,215,-425,-667,-2420,-2046,-633,-180,-224
-138,491,-423,601,215,-426,-820,-2429,-2047,-638,-183,-236
-142,487,-419,596,208,-422,-967,-2443,-2049,-648,-186,-250
-146,485,-415,593,201,-419,-1111,-2462,-2051,-659,-190,-263
-153,485,-408,590,190,-420,-1241,-2480,-2052,-669,-190,-273
-163,489,-400,588,174,-427,-1334,-2503,-2050,-678,-190,-286
-172,503,-402,599,166,-439,-1431,-2520,-2044,-680,-184,-294
-180,524,-410,621,163,-455,-1495,-2531,-2032,-671,-176,-297
-184,549,-424,648,165,-472,-1535,-2540,-2016,-655,-167,-300
-189,575,-437,675,166,-491,-1553,-2548,-2004,-646,-161,-306
-198,594,-439,690,157,-508,-1536,-2557,-1998,-647,-161,-313
-209,609,-432,697,141,-524,-1497,-2570,-1993,-650,-165,-322
-215,624,-432,707,133,-537,-1457,-2589,-1987,-656,-172,-334
-213,639,-438,722,134,-545,-1407,-2607,-1980,-661,-178,-345
-219,637,-419,709,114,-548,-1312,-2623,-1980,-675,-186,-357
-232,616,-374,665,72,-542,-1178,-2633,-1984,-695,-199,-372
-250,581,-312,601,17,-530,-1018,-2638,-1987,-713,-212,-387
-266,549,-254,541,-35,-520,-856,-2641,-1983,-726,-225,-404
-276,530,-217,504,-67,-514,-726,-2640,-1973,-732,-232,-419
-279,520,-196,482,-83,-510,-612,-2632,-1960,-733,-237,-430
-282,513,-180,466,-96,-508,-505,-2622,-1946,-733,-243,-441
-286,511,-171,459,-102,-510,-404,-2611,-1933,-736,-253,-456
-288,518,-172,464,-101,-518,-323,-2597,-1921,-741,-266,-471
-292,521,-172,464,-101,-524,-261,-2582,-1911,-744,-277,-483
-296,522,-169,462,-102,-529,-227,-2571,-1897,-742,-288,-490
-296,522,-171,463,-96,-530,-225,-2554,-1883,-736,-295,-493
-293,515,-171,458,-90,-526,-211,-2541,-1870,-736,-302,-497
-292,503,-166,445,-87,-519,-225,-2531,-1860,-741,-309,-501
-294,480,-147,417,-96,-507,-250,-2520,-1853,-750,-314,-501
-296,454,-127,386,-105,-493,-285,-2512,-1842,-758,-317,-498
-292,440,-126,376,-98,-483,-358,-2503,-1823,-752,-318,-489
-282,435,-139,381,-79,-475,-456,-2491,-1802,-738,-315,-476
-272,426,-149,381,-61,-464,-545,-2475,-1782,-723,-309,-459
-266,414,-153,376,-50,-453,-627,-2463,-1759,-704,-302,-442
-251,421,-184,401,-16,-449,-728,-2453,-1726,-673,-289,-422
-229,449,-243,458,41,-454,-868,-2444,-1689,-639,-273,-400
-202,487,-316,533,109,-462,-1045,-2436,-1653,-607,-257,-377
-178,523,-384,602,172,-471,-1231,-2426,-1625,-583,-242,-355
-161,542,-428,644,213,-473,-1393,-2419,-1606,-570,-234,-336
-153,552,-454,668,235,-474,-1562,-2417,-1591,-566,-231,-322
-148,557,-470,682,248,-474,-1712,-2419,-1577,-570,-234,-311
-144,555,-476,686,253,-469,-1779,-2423,-1569,-578,-239,-305
-141,547,-475,680,251,-460,-1761,-2427,-1567,-595,-246,-304
-139,543,-474,676,248,-454,-1696,-2434,-1569,-614,-253,-307
-137,536,-469,669,243,-446,-1595,-2434,-1574,-631,-260,-309
-137,525,-456,654,229,-437,-1465,-2438,-1578,-642,-269,-312
-135,521,-451,648,222,-430,-1349,-2441,-1582,-646,-275,-312
-130,524,-454,652,222,-426,-1230,-2441,-1585,-647,-279,-307
-121,536,-469,670,233,-425,-1131,-2439,-1585,-644,-281,-303
-111,549,-484,689,244,-426,-1054,-2436,-1587,-642,-284,-301
-109,556,-485,695,240,-428,-982,-2431,-1591,-646,-289,-301
-114,561,-476,692,226,-433,-929,-2427,-1594,-650,-295,-301
-124,575,-470,697,210,-448,-915,-2425,-1593,-653,-300,-305
-130,591,-470,707,202,-463,-931,-2423,-1593,-659,-304,-307
-142,588,-443,687,172,-469,-949,-2425,-1604,-679,-314,-316
-166,563,-385,631,114,-469,-951,-2428,-1622,-705,-328,-327
-194,527,-310,556,42,-465,-941,-2430,-1641,-730,-344,-338
-220,490,-238,483,-25,-459,-932,-2432,-1652,-748,-356,-346
-236,467,-190,436,-69,-457,-946,-2432,-1657,-756,-361,-352
-242,453,-161,406,-92,-454,-957,-2432,-1660,-759,-363,-356
-244,442,-140,384,-108,-451,-954,-2433,-1662,-758,-363,-360
-245,433,-124,367,-117,-449,-949,-2435,-1662,-755,-365,-363
-244,429,-116,359,-119,-449,-940,-2434,-1659,-751,-365,-365
-241,421,-109,348,-120,-445,-925,-2432,-1656,-748,-364,-368
-238,416,-105,341,-118,-444,-911,-2432,-1654,-741,-364,-373
-231,415,-111,344,-105,-441,-908,-2427,-1649,-734,-363,-377
-223,410,-115,343,-92,-434,-880,-2415,-1642,-733,-363,-381
-216,400,-114,336,-83,-425,-861,-2400,-1635,-732,-364,-384
-212,383,-106,318,-81,-412,-840,-2380,-1631,-734,-362,-387
-210,363,-95,298,-81,-398,-819,-2360,-1625,-735,-357,-388
-203,352,-98,292,-70,-386,-824,-2339,-1616,-734,-347,-385
-195,349,-112,300,-50,-378,-842,-2318,-1609,-729,-337,-378
-189,341,-120,301,-35,-369,-850,-2299,-1606,-725,-326,-367
-189,329,-118,292,-32,-360,-851,-2283,-1600,-719,-314,-356
-183,334,-140,310,-9,-357,-875,-2269,-1584,-699,-297,-341
-171,361,-191,363,37,-366,-915,-2260,-1564,-671,-278,-325
-158,404,-259,437,94,-384,-951,-2257,-1543,-644,-261,-310
-145,443,-321,506,147,-399,-965,-2258,-1527,-626,-247,-298
-135,464,-362,548,183,-405,-942,-2262,-1519,-618,-237,-287
-128,473,-388,573,206,-405,-910,-2272,-1514,-619,-233,-281
-123,478,-407,590,222,-403,-878,-2285,-1511,-624,-231,-281
-118,475,-416,596,231,-395,-842,-2303,-1510,-635,-232,-284
-117,462,-410,585,226,-383,-804,-2321,-1512,-650,-234,-288
-116,452,-404,576,221,-374,-775,-2338,-1516,-660,-237,-293
-115,446,-401,571,216,-368,-751,-2347,-1520,-666,-237,-297
-118,440,-393,563,206,-364,-720,-2355,-1522,-668,-235,-302
-120,440,-389,562,198,-364,-713,-2353,-1524,-663,-227,-302
-119,445,-392,569,196,-366,-702,-2345,-1521,-656,-215,-296
-115,460,-405,588,203,-373,-705,-2336,-1514,-644,-202,-289
-114,478,-418,609,208,-384,-724,-2325,-1506,-633,-189,-280
-115,488,-418,616,202,-393,-746,-2314,-1503,-633,-181,-275
-119,491,-408,611,189,-398,-779,-2307,-1501,-637,-176,-272
-123,502,-404,615,178,-410,-833,-2305,-1497,-641,-174,-271
-127,518,-406,626,173,-424,-909,-2304,-1494,-645,-174,-270
-140,519,-382,609,144,-436,-999,-2302,-1500,-658,-179,-271
-160,503,-333,565,95,-441,-1094,-2295,-1510,-675,-185,-273
-181,477,-274,506,39,-440,-1186,-2282,-1522,-686,-191,-271
-198,455,-224,457,-8,-439,-1277,-2267,-1531,-684,-195,-264
-206,448,-198,434,-32,-443,-1386,-2249,-1534,-669,-195,-253
-208,450,-189,427,-40,-447,-1485,-2229,-1536,-654,-193,-239
-208,451,-181,421,-45,-450,-1553,-2210,-1539,-641,-194,-225
-205,447,-174,413,-48,-449,-1595,-2191,-1542,-629,-196,-215
-201,443,-169,405,-47,-445,-1624,-2171,-1545,-618,-197,-206
-199,434,-159,391,-50,-440,-1635,-2149,-1547,-604,-197,-197
-199,422,-146,374,-57,-434,-1639,-2134,-1547,-592,-197,-190
-198,412,-139,361,-58,-428,-1662,-2119,-1547,-583,-192,-183
-199,396,-126,341,-63,-419,-1671,-2110,-1547,-577,-189,-179
-203,372,-104,311,-75,-406,-1674,-2102,-1545,-572,-186,-175
-210,343,-75,272,-95,-391,-1653,-2095,-1543,-571,-180,-172
-220,316,-47,235,-116,-379,-1614,-2092,-1537,-564,-173,-171
-225,299,-35,216,-122,-370,-1574,-2096,-1527,-548,-164,-169
-224,289,-37,211,-115,-360,-1522,-2098,-1512,-527,-153,-161
-220,276,-39,203,-107,-348,-1443,-2096,-1499,-511,-143,-155
-220,261,-37,192,-104,-336,-1343,-2095,-1484,-496,-136,-152
-213,264,-59,209,-80,-331,-1255,-2092,-1462,-473,-126,-147
-196,285,-107,255,-34,-331,-1183,-2089,-1436,-449,-115,-143
-179,318,-169,319,22,-340,-1116,-2084,-1410,-430,-107,-141
-162,347,-226,377,73,-345,-1036,-2077,-1391,-423,-101,-144
-152,359,-257,407,101,-345,-935,-2067,-1384,-427,-102,-153
-151,362,-269,417,110,-344,-836,-2056,-1380,-435,-108,-165
-155,364,-273,422,109,-345,-739,-2045,-1379,-445,-115,-178
-163,365,-271,422,101,-348,-645,-2027,-1381,-461,-124,-188
-172,360,-260,413,87,-348,-553,-2007,-1383,-477,-132,-199
-178,355,-252,406,75,-347,-481,-1988,-1384,-491,-140,-210
-184,354,-245,401,63,-347,-428,-1965,-1384,-502,-146,-217
-194,355,-233,395,44,-352,-393,-1951,-1379,-509,-147,-223
-201,363,-231,401,35,-361,-408,-1937,-1369,-508,-146,-224
-202,377,-239,416,35,-369,-435,-1929,-1359,-506,-146,-222
-199,401,-260,448,46,-383,-471,-1928,-1349,-505,-149,-222
-192,427,-285,483,63,-395,-518,-1932,-1346,-510,-153,-220
-188,445,-298,504,70,-404,-561,-1939,-1346,-519,-160,-219
-187,456,-300,514,67,-412,-613,-1948,-1349,-534,-169,-222
-184,468,-304,525,68,-419,-691,-1957,-1351,-549,-178,-225
-177,481,-314,541,76,-425,-790,-1961,-1354,-565,-185,-228
-179,475,-296,525,59,-424,-884,-1965,-1367,-589,-195,-233
-188,448,-249,475,18,-413,-974,-1966,-1385,-616,-206,-239
-202,408,-186,407,-35,-398,-1058,-1961,-1401,-640,-216,-247
-215,370,-126,342,-85,-384,-1137,-1956,-1414,-657,-226,-254
-221,343,-86,296,-117,-372,-1236,-1950,-1423,-668,-232,-257
-219,320,-59,262,-133,-358,-1330,-1941,-1432,-676,-237,-261
-216,302,-39,235,-144,-346,-1413,-1931,-1438,-682,-240,-262
-212,289,-26,217,-149,-338,-1497,-1916,-1442,-682,-243,-260
-209,284,-22,210,-148,-336,-1585,-1900,-1446,-681,-246,-256
-206,274,-15,197,-149,-331,-1664,-1886,-1453,-686,-251,-249
-204,264,-7,184,-151,-326,-1735,-1880,-1461,-693,-258,-244
-200,258,-8,178,-144,-322,-1802,-1878,-1471,-698,-262,-240
-196,247,-3,166,-141,-315,-1831,-1883,-1483,-708,-267,-239
-194,233,5,150,-142,-307,-1833,-1892,-1493,-718,-270,-236
-195,214,19,127,-148,-297,-1790,-1898,-1502,-727,-269,-234
-197,197,31,106,-154,-288,-1702,-1901,-1503,-730,-262,-229
-195,191,27,104,-146,-284,-1587,-1901,-1495,-721,-246,-215
-184,193,8,117,-123,-279,-1445,-1896,-1481,-700,-227,-196
-173,192,-11,128,-100,-270,-1271,-1886,-1468,-680,-206,-173
-166,190,-23,135,-84,-263,-1074,-1879,-1452,-659,-190,-152
-152,206,-61,170,-48,-264,-881,-1873,-1427,-629,-171,-129
-133,239,-120,232,7,-271,-697,-1870,-1397,-598,-152,-107
-111,279,-191,307,71,-280,-520,-1871,-1366,-571,-135,-87
-91,315,-255,374,128,-288,-344,-1873,-1342,-552,-123,-72
-81,336,-293,414,161,-292,-161,-1876,-1325,-544,-116,-63
-78,347,-312,434,175,-293,8,-1879,-1312,-543,-112,-58
-78,350,-322,444,182,-290,147,-1877,-1300,-542,-108,-55
-82,351,-323,446,179,-288,249,-1872,-1291,-547,-105,-54
-89,346,-314,438,167,-284,322,-1867,-1288,-558,-105,-58
-98,342,-303,429,152,-283,367,-1861,-1287,-564,-107,-63
-110,339,-289,418,132,-283,394,-1848,-1286,-566,-106,-65
-124,334,-270,403,108,-284,409,-1837,-1285,-567,-106,-67
-133,335,-259,397,91,-287,388,-1823,-1281,-565,-103,-69
-138,340,-256,399,84,-290,357,-1809,-1276,-560,-98,-69
-138,351,-263,412,85,-295,307,-1794,-1269,-549,-92,-70
-137,365,-271,426,88,-302,240,-1778,-1266,-540,-87,-69
-135,368,-269,426,84,-303,168,-1767,-1269,-542,-84,-69
-135,363,-257,415,74,-300,83,-1759,-1273,-546,-85,-75
-134,363,-250,410,67,-301,-26,-1759,-1276,-546,-89,-84
-128,369,-253,415,70,-303,-152,-1759,-1279,-545,-87,-92
-131,360,-232,394,52,-301,-276,-1756,-1291,-553,-88,-101
-141,332,-186,344,13,-293,-395,-1755,-1307,-566,-92,-110
-155,295,-126,277,-37,-281,-508,-1757,-1325,-579,-98,-122
-169,262,-72,218,-82,-272,-618,-1761,-1338,-589,-103,-134
-177,246,-41,186,-108,-272,-743,-1762,-1348,-590,-104,-145
-178,239,-26,169,-118,-273,-863,-1759,-1354,-586,-102,-151
-175,230,-15,154,-122,-270,-969,-1752,-1358,-579,-98,-154
-173,224,-8,144,-123,-270,-1056,-1743,-1358,-572,-93,-154
-170,226,-10,145,-117,-275,-1123,-1732,-1354,-567,-88,-153
-166,222,-9,141,-112,-276,-1170,-1721,-1350,-566,-84,-152
-161,216,-9,135,-106,-274,-1211,-1718,-1346,-565,-83,-151
-151,210,-15,136,-92,-269,-1252,-1713,-1343,-565,-82,-147
-140,198,-16,128,-81,-258,-1264,-1706,-1337,-571,-84,-144
-136,183,-9,113,-79,-249,-1267,-1695,-1330,-576,-86,-139
-138,161,10,86,-90,-239,-1247,-1678,-1326,-581,-86,-135
-145,140,31,59,-106,-231,-1207,-1662,-1323,-584,-87,-132
-147,130,36,50,-108,-227,-1161,-1647,-1318,-581,-86,-127
-143,128,27,56,-97,-224,-1092,-1630,-1312,-574,-83,-118
-135,122,18,59,-85,-214,-984,-1613,-1310,-569,-79,-109
-130,110,17,53,-80,-201,-845,-1600,-1308,-564,-75,-101
-118,116,-8,76,-54,-195,-718,-1588,-1297,-545,-68,-91
-97,141,-60,129,-5,-196,-618,-1579,-1282,-521,-63,-82
-73,177,-127,200,54,-201,-537,-1570,-1267,-498,-58,-76
-52,211,-188,264,107,-206,-471,-1556,-1254,-477,-54,-70
-41,229,-223,302,136,-206,-401,-1541,-1247,-465,-53,-66
-38,241,-242,324,148,-208,-344,-1531,-1243,-463,-56,-66
-41,251,-252,339,150,-210,-296,-1525,-1242,-466,-63,-68
-46,257,-256,348,146,-213,-246,-1520,-1242,-473,-71,-73
-53,256,-249,343,132,-211,-189,-1519,-1245,-487,-83,-80
-61,254,-240,337,117,-209,-144,-1520,-1248,-504,-94,-87
-68,252,-229,329,101,-206,-114,-1519,-1252,-521,-103,-92
-78,252,-217,321,81,-208,-92,-1522,-1254,-530,-111,-97
-86,262,-216,327,72,-214,-101,-1527,-1255,-531,-114,-100
-91,279,-222,342,68,-224,-118,-1534,-1254,-528,-115,-101
-93,298,-234,362,72,-235,-156,-1544,-1249,-524,-114,-102
-92,315,-245,380,77,-242,-214,-1556,-1249,-528,-112,-101
-97,326,-244,385,71,-250,-275,-1567,-1254,-542,-112,-101
-106,331,-233,380,57,-258,-342,-1579,-1259,-554,-112,-101
-113,339,-227,380,46,-268,-435,-1590,-1260,-560,-113,-101
-114,348,-226,383,45,-274,-568,-1594,-1260,-567,-113,-100
-124,340,-202,359,22,-276,-724,-1598,-1270,-586,-117,-103
-146,318,-151,309,-25,-277,-880,-1599,-1286,-611,-125,-107
-169,283,-88,241,-82,-271,-1019,-1597,-1304,-634,-137,-112
-189,249,-29,177,-133,-264,-1147,-1598,-1319,-648,-151,-118
-202,229,10,135,-165,-262,-1288,-1599,-1327,-650,-163,-123
-209,217,31,111,-181,-262,-1440,-1597,-1330,-644,-173,-124
-214,210,44,96,-190,-265,-1599,-1596,-1331,-633,-183,-125
-219,209,52,89,-195,-272,-1747,-1593,-1327,-615,-189,-122
-220,213,49,91,-191,-281,-1847,-1591,-1318,-596,-191,-118
-220,215,46,94,-185,-287,-1901,-1593,-1309,-581,-191,-115
-221,219,41,99,-179,-296,-1938,-1607,-1301,-570,-194,-118
-214,222,27,110,-162,-299,-1973,-1622,-1292,-556,-193,-120
-206,220,17,115,-146,-298,-1985,-1640,-1282,-548,-195,-124
-204,218,12,118,-138,-300,-1985,-1656,-1274,-542,-195,-128
-203,211,13,113,-136,-299,-1960,-1668,-1268,-537,-191,-129
-204,201,18,105,-137,-297,-1912,-1678,-1258,-524,-182,-126
-203,202,10,112,-128,-300,-1850,-1683,-1244,-506,-167,-121
-196,206,-7,128,-111,-301,-1754,-1684,-1230,-488,-152,-114
-188,202,-18,134,-97,-294,-1610,-1681,-1220,-476,-138,-107
-183,192,-20,131,-91,-284,-1437,-1674,-1211,-469,-127,-104
-169,199,-46,155,-64,-280,-1255,-1664,-1194,-454,-116,-102
-149,227,-99,212,-15,-284,-1070,-1652,-1173,-436,-105,-105
-125,261,-163,279,43,-289,-868,-1639,-1154,-420,-95,-110
-105,289,-216,335,92,-291,-656,-1621,-1143,-408,-89,-118
-94,301,-243,363,117,-288,-433,-1601,-1140,-410,-91,-129
-90,305,-254,375,125,-285,-215,-1581,-1141,-418,-101,-142
-91,307,-257,379,125,-281,-17,-1561,-1142,-429,-114,-154
-95,304,-252,374,117,-276,165,-1538,-1143,-442,-126,-169
-102,296,-238,360,101,-269,328,-1512,-1147,-454,-138,-182
-110,295,-228,353,87,-268,462,-1488,-1150,-463,-149,-195
-118,297,-220,349,74,-269,575,-1456,-1147,-470,-155,-201
-128,295,-206,339,56,-269,665,-1428,-1141,-472,-161,-205
-133,300,-201,337,47,-270,709,-1403,-1135,-470,-166,-208
-133,309,-206,346,48,-271,716,-1382,-1126,-463,-169,-206
-129,327,-221,366,58,-276,689,-1369,-1118,-455,-172,-204
-123,347,-239,390,71,-283,633,-1359,-1111,-452,-175,-201
-122,358,-244,400,74,-287,554,-1352,-1107,-455,-179,-197
-124,366,-242,401,69,-293,445,-1353,-1107,-463,-184,-198
-127,379,-244,410,67,-302,293,-1361,-1107,-473,-191,-202
-124,394,-254,425,74,-311,103,-1370,-1112,-485,-194,-206
-129,390,-238,410,59,-311,-111,-1381,-1125,-507,-199,-211
-144,369,-195,366,19,-308,-326,-1391,-1141,-536,-207,-217
-164,338,-139,307,-32,-302,-529,-1401,-1161,-569,-217,-224
-185,313,-89,256,-79,-301,-711,-1412,-1177,-596,-225,-232
-196,301,-62,229,-104,-303,-888,-1422,-1186,-610,-228,-236
-200,297,-51,218,-113,-306,-1043,-1429,-1192,-617,-228,-235
-203,294,-45,212,-118,-309,-1176,-1435,-1198,-620,-231,-233
-204,292,-42,209,-120,-314,-1292,-1438,-1203,-620,-232,-228
-203,291,-44,210,-117,-317,-1396,-1439,-1210,-619,-234,-223
-201,287,-44,208,-114,-318,-1484,-1439,-1219,-621,-237,-218
-197,281,-45,205,-110,-317,-1555,-1441,-1228,-622,-237,-214
-185,272,-53,206,-95,-309,-1613,-1439,-1239,-624,-237,-212
-174,258,-54,199,-85,-297,-1639,-1437,-1248,-632,-239,-213
-167,236,-46,181,-84,-283,-1649,-1434,-1256,-641,-241,-215
-162,206,-26,150,-93,-265,-1630,-1427,-1261,-653,-244,-218
-161,176,-4,116,-106,-248,-1581,-1417,-1259,-658,-242,-219
-157,157,4,101,-107,-236,-1519,-1406,-1251,-653,-235,-216
-150,152,-4,104,-96,-231,-1444,-1393,-1239,-638,-222,-208
-142,147,-13,109,-84,-226,-1341,-1374,-1230,-620,-207,-197
-137,141,-19,111,-75,-221,-1214,-1356,-1221,-601,-193,-189
-121,154,-52,143,-42,-220,-1089,-1340,-1204,-571,-174,-180
-97,184,-112,205,15,-225,-974,-1328,-1184,-539,-155,-169
-73,227,-184,283,80,-238,-872,-1319,-1164,-506,-138,-159
-54,267,-248,353,137,-251,-766,-1312,-1149,-482,-125,-150
-43,290,-286,394,170,-258,-631,-1307,-1141,-468,-118,-145
-41,304,-305,417,184,-265,-504,-1311,-1140,-461,-117,-145
-41,316,-320,435,194,-270,-400,-1322,-1145,-460,-121,-150
-43,323,-327,444,197,-272,-309,-1336,-1151,-463,-126,-158
-50,323,-319,438,187,-273,-231,-1345,-1157,-464,-131,-166
-59,324,-311,432,175,-276,-177,-1352,-1164,-464,-135,-176
-69,327,-302,427,161,-279,-143,-1352,-1172,-468,-139,-185
-84,327,-285,414,139,-284,-120,-1353,-1177,-469,-143,-198
-94,330,-273,406,123,-288,-130,-1353,-1182,-464,-147,-210
-98,337,-272,409,117,-292,-152,-1353,-1185,-457,-151,-220
-97,353,-284,425,123,-297,-197,-1357,-1186,-449,-154,-229
-90,369,-301,445,137,-300,-265,-1366,-1187,-444,-157,-238
-85,376,-306,450,142,-298,-334,-1380,-1191,-445,-161,-250
-83,378,-304,448,139,-296,-402,-1397,-1195,-451,-170,-263
-81,390,-310,458,142,-300,-491,-1418,-1193,-458,-179,-276
-75,404,-324,475,154,-304,-593,-1435,-1186,-465,-183,-285
-76,402,-314,465,145,-302,-687,-1446,-1187,-478,-189,-294
-90,385,-276,428,109,-300,-780,-1450,-1194,-495,-198,-303
-113,362,-225,377,59,-300,-872,-1448,-1204,-508,-207,-310
-136,342,-177,331,11,-302,-968,-1442,-1213,-514,-213,-316
-151,335,-149,307,-18,-308,-1079,-1434,-1216,-513,-213,-320
-157,330,-134,293,-32,-310,-1190,-1421,-1215,-507,-209,-317
-161,323,-121,280,-42,-310,-1295,-1407,-1212,-500,-206,-315
-163,317,-111,270,-49,-310,-1395,-1392,-1209,-497,-205,-314
-167,314,-104,264,-54,-313,-1484,-1375,-1206,-496,-209,-315
-169,305,-92,251,-61,-312,-1553,-1358,-1207,-496,-215,-318
-171,295,-82,238,-68,-309,-1607,-1346,-1207,-492,-222,-325
-166,286,-79,231,-64,-302,-1643,-1327,-1206,-487,-226,-329
-163,270,-69,215,-67,-293,-1645,-1308,-1207,-490,-232,-333
-162,248,-51,190,-76,-280,-1631,-1292,-1209,-501,-241,-339
-161,219,-27,156,-90,-263,-1589,-1272,-1213,-518,-251,-343
-162,191,-3,123,-104,-248,-1525,-1254,-1215,-533,-257,-345
-158,175,4,110,-104,-237,-1457,-1236,-1212,-542,-258,-343
-149,167,-1,109,-94,-227,-1375,-1215,-1205,-546,-254,-334
-141,155,-3,104,-86,-216,-1270,-1192,-1198,-549,-245,-320
-141,146,1,96,-87,-212,-1148,-1175,-1189,-544,-238,-308
-132,154,-21,117,-66,-213,-1028,-1164,-1173,-526,-226,-296
-115,179,-68,166,-22,-219,-908,-1161,-1153,-504,-215,-281
-94,213,-129,230,33,-229,-788,-1167,-1137,-486,-206,-269
-74,244,-185,288,85,-236,-666,-1179,-1130,-480,-202,-262
-62,259,-216,318,113,-238,-539,-1195,-1135,-482,-203,-259
-60,263,-227,328,122,-239,-427,-1217,-1145,-489,-210,-259
-62,265,-231,331,124,-239,-333,-1241,-1158,-496,-220,-261
-62,263,-232,331,124,-236,-265,-1264,-1172,-507,-234,-266
-63,255,-226,321,119,-229,-219,-1287,-1186,-523,-249,-273
-64,250,-223,314,116,-222,-196,-1308,-1201,-543,-263,-282
-65,245,-218,307,111,-215,-191,-1322,-1217,-564,-274,-291
-69,241,-210,297,102,-211,-191,-1337,-1232,-582,-282,-303
-71,245,-211,300,100,-210,-220,-1346,-1243,-593,-281,-306
-71,259,-224,317,107,-216,-260,-1350,-1251,-594,-276,-304
-70,286,-251,352,124,-229,-312,-1350,-1252,-586,-267,-299
-68,319,-282,393,144,-246,-378,-1345,-1251,-575,-255,-292
-68,340,-299,417,154,-257,-445,-1338,-1249,-570,-246,-285
-73,352,-302,427,150,-266,-518,-1334,-1247,-568,-238,-281
-78,366,-306,438,148,-276,-611,-1337,-1247,-567,-233,-282
-81,382,-314,453,150,-287,-721,-1341,-1247,-570,-231,-284
-93,378,-292,435,125,-291,-831,-1345,-1256,-582,-236,-290
-113,354,-243,387,78,-288,-936,-1346,-1271,-596,-244,-297
-137,324,-183,327,20,-285,-1038,-1346,-1284,-609,-251,-305
-157,298,-133,277,-27,-282,-1143,-1350,-1289,-617,-257,-313
-168,287,-106,251,-55,-284,-1259,-1354,-1286,-615,-263,-317
-172,281,-92,240,-67,-285,-1370,-1352,-1280,-608,-266,-319
-172,276,-83,230,-74,-284,-1473,-1347,-1276,-598,-266,-324
-171,273,-77,226,-78,-287,-1572,-1342,-1272,-587,-267,-330
-170,274,-77,228,-77,-290,-1661,-1337,-1263,-574,-265,-332
-169,272,-73,225,-79,-293,-1730,-1329,-1252,-564,-261,-332
-169,271,-71,224,-80,-297,-1780,-1320,-1238,-546,-258,-330
-166,276,-80,235,-71,-303,-1813,-1304,-1222,-525,-252,-322
-164,281,-86,244,-64,-309,-1812,-1287,-1204,-508,-247,-314
-162,278,-87,244,-61,-310,-1793,-1269,-1188,-496,-241,-305
-158,264,-79,230,-62,-301,-1746,-1250,-1176,-488,-234,-294
-156,250,-68,214,-67,-293,-1676,-1232,-1161,-476,-223,-285
-153,246,-71,214,-61,-291,-1595,-1217,-1144,-458,-210,-275
-146,246,-81,222,-47,-287,-1485,-1204,-1129,-441,-199,-263
-139,240,-86,221,-38,-280,-1344,-1185,-1119,-427,-188,-252
-138,229,-81,212,-38,-272,-1195,-1169,-1108,-414,-180,-246
-130,233,-98,226,-19,-268,-1044,-1157,-1091,-399,-170,-239
-111,248,-136,261,21,-264,-893,-1147,-1070,-385,-160,-233
-88,268,-184,307,71,-260,-745,-1144,-1052,-376,-151,-230
-70,289,-227,350,113,-259,-586,-1142,-1041,-374,-144,-228
-63,300,-250,373,135,-258,-417,-1143,-1039,-385,-142,-231
-63,306,-259,382,142,-258,-258,-1151,-1041,-400,-144,-235
-63,309,-266,390,147,-256,-107,-1160,-1044,-416,-146,-239
-64,313,-270,395,150,-255,19,-1168,-1046,-429,-148,-242
-65,312,-269,394,148,-250,109,-1174,-1047,-438,-149,-241
-66,313,-269,394,147,-246,167,-1178,-1046,-444,-149,-239
-67,313,-267,392,144,-242,199,-1176,-1047,-449,-147,-237
-75,313,-258,387,132,-243,209,-1177,-1048,-452,-146,-238
-82,320,-256,389,124,-248,178,-1175,-1049,-449,-147,-239
-84,331,-261,399,123,-253,134,-1169,-1048,-439,-144,-238
-84,349,-276,421,131,-262,71,-1163,-1044,-424,-138,-235
-83,373,-296,450,143,-275,-6,-1151,-1041,-409,-132,-230
-87,392,-306,469,145,-289,-82,-1142,-1044,-401,-128,-228
-94,404,-307,476,138,-301,-158,-1138,-1050,-402,-129,-227
-99,419,-311,488,134,-314,-241,-1142,-1055,-405,-134,-227
-98,435,-324,506,141,-325,-322,-1147,-1060,-409,-136,-224
-105,436,-312,499,126,-332,-379,-1158,-1071,-419,-140,-224
-124,421,-274,463,85,-336,-411,-1167,-1084,-430,-145,-225
-147,397,-223,411,33,-338,-426,-1173,-1096,-440,-151,-225
-169,377,-178,368,-12,-343,-435,-1181,-1103,-443,-156,-223
-182,372,-156,349,-38,-352,-456,-1186,-1106,-442,-158,-221
-188,371,-148,342,-48,-360,-473,-1188,-1107,-438,-158,-218
-188,369,-144,337,-51,-362,-483,-1192,-1109,-436,-157,-214
-184,369,-146,338,-47,-365,-493,-1198,-1113,-439,-158,-212
-178,372,-156,346,-36,-368,-508,-1206,-1118,-447,-162,-213
-172,368,-159,345,-28,-366,-520,-1211,-1124,-454,-167,-215
-168,360,-157,338,-25,-364,-538,-1217,-1131,-459,-173,-219
-161,353,-158,334,-17,-359,-572,-1218,-1137,-466,-180,-223
-156,342,-156,325,-13,-353,-591,-1220,-1143,-479,-194,-230
-153,326,-147,309,-14,-345,-616,-1219,-1148,-495,-210,-240
-149,300,-130,281,-19,-328,-632,-1214,-1153,-511,-227,-249
-145,271,-109,249,-26,-309,-643,-1209,-1153,-519,-242,-255
-137,253,-105,235,-19,-294,-655,-1201,-1146,-514,-250,-256
-124,243,-114,235,-1,-280,-657,-1188,-1138,-502,-251,-252
-111,227,-117,228,14,-262,-638,-1170,-1133,-495,-250,-249
-103,208,-113,213,20,-244,-602,-1154,-1129,-493,-251,-248
-87,205,-132,225,46,-233,-574,-1136,-1115,-480,-246,-243
-65,222,-177,268,94,-229,-553,-1121,-1097,-465,-241,-237
-40,249,-235,325,152,-229,-530,-1108,-1081,-450,-239,-235
-17,275,-290,380,206,-229,-506,-1097,-1070,-446,-243,-238
-3,288,-322,411,238,-226,-468,-1091,-1068,-457,-253,-246
2,291,-334,422,250,-222,-429,-1088,-1068,-475,-267,-257
2,289,-336,423,252,-218,-393,-1080,-1066,-490,-281,-271
0,285,-334,418,248,-211,-360,-1069,-1065,-504,-296,-287
-4,278,-325,408,239,-205,-333,-1057,-1066,-518,-312,-303
-11,278,-319,404,228,-205,-318,-1044,-1066,-530,-325,-320
-18,280,-313,401,217,-205,-306,-1023,-1064,-539,-335,-333
-27,280,-303,393,201,-206,-288,-1002,-1055,-542,-340,-342
-34,290,-303,399,192,-212,-284,-976,-1042,-531,-340,-343
-40,310,-313,419,191,-225,-276,-951,-1026,-515,-338,-342
-46,339,-331,449,194,-243,-278,-931,-1006,-496,-335,-341
-51,367,-348,478,198,-261,-289,-914,-989,-484,-334,-344
-56,384,-353,491,192,-272,-292,-901,-974,-478,-337,-351
-63,395,-350,495,181,-280,-302,-895,-962,-478,-344,-358
-65,409,-354,507,177,-289,-329,-899,-949,-477,-352,-368
-60,425,-367,525,185,-294,-369,-908,-941,-479,-358,-375
-61,425,-358,518,174,-292,-406,-920,-941,-496,-367,-384
-71,408,-323,483,141,-287,-432,-934,-947,-515,-378,-391
-87,379,-271,428,93,-277,-451,-946,-954,-533,-388,-398
-102,351,-220,374,46,-268,-464,-956,-956,-540,-394,-401
-111,334,-189,342,18,-262,-485,-965,-950,-537,-393,-398
-114,326,-173,326,5,-261,-505,-972,-944,-527,-388,-390
-120,322,-161,315,-7,-263,-518,-981,-938,-512,-380,-380
-125,321,-152,308,-15,-267,-529,-994,-933,-497,-370,-370
-128,323,-151,309,-15,-274,-536,-1011,-928,-483,-360,-359
-131,323,-148,307,-16,-279,-537,-1026,-922,-468,-349,-348
-134,321,-144,304,-16,-283,-537,-1044,-915,-454,-341,-337
-134,323,-149,308,-8,-288,-545,-1054,-907,-435,-330,-321
-131,320,-153,310,1,-288,-532,-1060,-899,-422,-323,-308
-129,315,-155,308,9,-287,-521,-1057,-890,-411,-316,-292
-129,302,-148,296,11,-282,-498,-1042,-880,-398,-307,-273
-128,286,-139,280,12,-274,-465,-1016,-865,-375,-293,-250
-121,281,-147,283,27,-269,-444,-983,-845,-342,-274,-222
-111,287,-170,303,55,-269,-425,-946,-823,-307,-249,-190
-102,294,-194,325,82,-270,-397,-901,-802,-276,-220,-156
-98,303,-213,345,103,-276,-361,-855,-780,-244,-191,-125
-87,331,-259,395,144,-289,-340,-808,-750,-205,-158,-96
-67,378,-333,477,211,-308,-339,-761,-717,-165,-127,-71
-43,433,-419,572,287,-330,-357,-721,-688,-130,-97,-49
-20,484,-498,660,357,-350,-380,-686,-670,-106,-70,-30
-4,520,-556,723,407,-364,-380,-659,-662,-93,-50,-15
1,550,-595,770,436,-380,-371,-637,-657,-87,-36,-5
-2,576,-624,808,453,-398,-370,-621,-655,-87,-27,1
-7,595,-641,833,459,-413,-371,-610,-655,-95,-22,6
-14,606,-647,845,456,-422,-367,-603,-658,-105,-17,7
-20,618,-654,858,454,-431,-368,-599,-658,-113,-14,6
-26,629,-661,871,451,-439,-371,-592,-655,-119,-12,8
-31,640,-665,882,445,-447,-372,-591,-650,-121,-10,7
-33,658,-678,902,447,-457,-401,-587,-643,-118,-6,7
-33,679,-698,929,454,-468,-425,-582,-629,-111,0,8
-32,710,-725,967,467,-485,-445,-578,-614,-98,6,8
-31,743,-754,1008,480,-505,-460,-568,-599,-86,17,12
-35,773,-773,1039,485,-525,-457,-551,-585,-75,30,17
-46,805,-788,1069,481,-552,-444,-529,-567,-63,42,21
-58,845,-808,1108,479,-587,-439,-506,-545,-46,51,23
-68,887,-832,1151,483,-622,-442,-482,-525,-28,63,26
-89,908,-826,1159,460,-649,-432,-461,-516,-26,65,25
-119,909,-788,1133,410,-671,-413,-442,-517,-37,60,18
-154,897,-733,1087,346,-687,-394,-424,-524,-53,49,6
-186,882,-679,1040,286,-701,-379,-407,-528,-65,36,-4
-209,878,-644,1012,245,-715,-379,-386,-524,-67,28,-12
-223,880,-626,999,222,-729,-379,-360,-518,-64,22,-18
-233,886,-617,996,208,-742,-372,-329,-508,-55,17,-25
-240,897,-616,1001,204,-757,-361,-292,-493,-42,15,-28
-245,916,-626,1018,208,-776,-345,-250,-472,-25,16,-26
-250,936,-638,1039,215,-795,-320,-205,-449,-5,19,-21
-256,961,-656,1066,226,-819,-290,-164,-422,21,24,-17
-255,988,-684,1102,249,-840,-262,-120,-395,48,33,-9
-253,1011,-710,1134,273,-857,-217,-83,-367,66,42,-2
-251,1028,-731,1159,293,-869,-173,-51,-340,85,54,6
-251,1037,-744,1174,308,-876,-118,-25,-315,100,68,17
-248,1044,-758,1188,326,-880,-52,-9,-289,114,85,27
-238,1059,-788,1219,359,-884,9,0,-258,137,107,39
-222,1078,-830,1260,404,-887,72,8,-222,167,132,54
-207,1092,-867,1295,445,-886,147,20,-184,200,159,72
-200,1104,-893,1322,474,-890,226,29,-147,237,184,91
-189,1129,-939,1371,518,-899,295,35,-102,286,214,116
-170,1171,-1009,1449,583,-915,347,37,-56,334,246,144
-149,1223,-1092,1541,658,-935,385,32,-16,371,278,170
-132,1269,-1164,1622,722,-954,417,23,10,392,303,190
-125,1295,-1207,1670,759,-967,458,13,26,398,321,205
-127,1308,-1226,1695,773,-976,492,3,37,395,333,215
-131,1315,-1237,1709,779,-983,530,2,49,390,344,224
-135,1318,-1242,1717,781,-986,593,15,63,390,356,233
-138,1316,-1242,1718,778,-985,678,40,78,392,366,243
-139,1319,-1248,1727,780,-986,768,73,93,396,376,255
-143,1330,-1257,1742,781,-994,862,114,108,405,390,268
-151,1343,-1262,1755,775,-1006,962,153,124,417,403,280
-157,1364,-1275,1778,774,-1021,1041,197,144,433,417,294
-161,1393,-1296,1811,779,-1041,1117,239,164,450,431,312
-162,1432,-1329,1859,794,-1065,1176,274,185,468,445,331
-162,1474,-1365,1910,812,-1091,1215,305,203,483,456,350
-166,1510,-1388,1947,817,-1115,1244,333,215,493,466,368
-177,1541,-1399,1974,810,-1140,1254,356,223,501,473,384
-189,1579,-1416,2008,806,-1171,1237,369,230,509,477,398
-194,1619,-1440,2048,811,-1199,1208,377,236,513,484,414
-207,1640,-1438,2057,794,-1218,1185,384,235,504,490,430
-228,1642,-1407,2034,753,-1231,1164,394,231,490,493,444
-253,1635,-1365,1999,703,-1240,1136,405,229,477,495,455
-274,1632,-1330,1971,661,-1250,1097,413,232,474,501,464
-284,1639,-1319,1965,643,-1261,1036,416,239,478,510,474
-284,1651,-1322,1972,642,-1267,966,412,246,488,521,484
-281,1665,-1332,1986,650,-1274,893,402,253,501,533,494
-276,1682,-1348,2006,663,-1283,818,388,258,518,545,506
-271,1705,-1371,2035,683,-1295,739,371,261,534,558,517
-264,1723,-1394,2061,704,-1305,666,350,257,547,570,526
-257,1742,-1419,2090,729,-1315,593,319,251,560,583,535
-248,1764,-1450,2125,760,-1326,517,287,245,572,601,546
-241,1780,-1475,2154,786,-1336,460,249,233,575,616,553
-234,1791,-1495,2175,810,-1341,405,205,217,572,627,560
-230,1792,-1506,2185,827,-1343,361,160,197,568,638,566
-230,1793,-1513,2193,839,-1347,328,111,181,567,647,572
-229,1805,-1533,2217,861,-1359,295,66,169,576,659,582
-224,1820,-1562,2250,891,-1369,269,32,159,590,674,596
-218,1829,-1587,2275,918,-1375,262,7,148,606,691,614
-220,1839,-1605,2297,937,-1386,269,-18,141,625,704,632
-213,1868,-1650,2350,979,-1404,275,-46,144,656,725,653
-196,1915,-1724,2433,1045,-1428,274,-77,152,690,746,675
-176,1972,-1810,2531,1121,-1454,268,-114,159,720,766,696
-158,2023,-1888,2620,1189,-1479,262,-150,162,740,782,714
-148,2059,-1942,2681,1235,-1498,268,-190,157,746,792,727
-144,2081,-1974,2719,1260,-1511,275,-235,149,743,797,735
-144,2097,-1996,2745,1275,-1523,287,-282,142,735,801,741
-147,2110,-2009,2764,1282,-1534,304,-328,138,728,807,747
-150,2114,-2012,2769,1279,-1538,325,-373,135,723,817,752
-155,2121,-2014,2775,1274,-1544,340,-411,137,721,829,756
-162,2130,-2015,2781,1265,-1553,353,-440,141,725,842,763
-172,2138,-2012,2783,1252,-1563,364,-467,150,735,856,773
-179,2153,-2015,2794,1243,-1575,353,-486,159,752,874,786
-183,2169,-2021,2807,1238,-1586,336,-499,170,770,890,801
-186,2191,-2033,2827,1238,-1600,302,-508,181,789,903,812
-185,2212,-2047,2848,1240,-1611,251,-517,185,795,912,819
-186,2221,-2045,2850,1231,-1615,195,-527,181,788,917,824
-191,2219,-2030,2836,1211,-1615,128,-543,171,771,915,824
-194,2217,-2015,2821,1191,-1614,39,-563,162,751,909,818
-192,2213,-2005,2808,1180,-1608,-67,-576,153,727,902,812
-195,2187,-1967,2763,1148,-1590,-172,-583,134,695,893,805
-208,2139,-1899,2682,1090,-1565,-273,-582,111,660,881,799
-225,2077,-1814,2582,1019,-1533,-370,-574,89,628,868,796
-238,2020,-1738,2491,957,-1502,-466,-565,72,610,858,797
-245,1982,-1691,2432,920,-1480,-567,-554,62,605,856,803
-242,1954,-1664,2393,904,-1458,-656,-544,53,608,859,814
-237,1929,-1644,2361,896,-1436,-734,-539,44,613,864,826
-231,1907,-1631,2337,894,-1417,-801,-537,35,619,869,836
-223,1892,-1626,2322,899,-1401,-859,-542,28,622,871,846
-217,1874,-1620,2305,904,-1385,-907,-552,20,623,870,856
-212,1855,-1612,2287,908,-1370,-947,-566,15,625,868,862
-202,1838,-1613,2276,921,-1351,-979,-575,10,630,868,870
-193,1816,-1609,2260,931,-1332,-983,-585,6,632,869,877
-188,1791,-1598,2236,935,-1312,-976,-592,4,630,870,881
-185,1758,-1578,2202,931,-1289,-949,-595,3,622,869,882
-181,1726,-1558,2169,927,-1265,-902,-592,7,620,867,883
-173,1703,-1553,2152,936,-1245,-839,-577,21,632,871,890
-159,1683,-1556,2144,954,-1222,-755,-547,41,653,880,902
-147,1659,-1553,2128,966,-1200,-644,-503,61,676,894,919
-141,1635,-1541,2107,968,-1180,-518,-456,82,700,907,935
-127,1624,-1553,2111,990,-1164,-394,-406,113,734,919,950
-101,1629,-1588,2140,1034,-1151,-273,-358,149,766,930,963
-68,1638,-1635,2181,1090,-1136,-152,-316,180,787,939,967
-38,1646,-1676,2217,1139,-1122,-32,-280,196,793,943,965
-18,1642,-1694,2229,1165,-1107,91,-255,200,782,934,953
-6,1628,-1691,2219,1170,-1089,204,-238,199,758,919,936
1,1608,-1676,2199,1162,-1072,309,-231,193,732,898,918
6,1583,-1653,2169,1148,-1052,408,-234,181,700,874,895
10,1552,-1620,2128,1125,-1028,493,-248,164,665,848,868
12,1520,-1584,2083,1097,-1005,557,-276,144,630,823,838
13,1486,-1543,2033,1065,-981,607,-310,117,597,800,809
10,1451,-1496,1979,1026,-959,646,-351,91,566,777,780
6,1426,-1457,1936,991,-944,653,-390,64,542,757,753
5,1408,-1426,1902,963,-933,645,-429,37,523,739,726
3,1399,-1404,1880,940,-927,613,-469,13,505,719,699
1,1392,-1384,1861,919,-924,554,-506,-12,488,699,673
-4,1376,-1352,1826,888,-916,479,-541,-41,467,678,643
-10,1349,-1309,1777,849,-903,383,-576,-72,438,655,612
-12,1323,-1270,1731,816,-886,259,-614,-101,407,631,580
-11,1298,-1238,1690,790,-869,121,-649,-130,372,607,549
-22,1256,-1177,1619,738,-848,-24,-680,-167,320,576,514
-45,1191,-1083,1511,657,-821,-176,-706,-209,264,539,473
-73,1111,-971,1380,560,-785,-333,-724,-247,211,501,432
-98,1030,-863,1253,470,-748,-496,-736,-278,165,464,391
-114,965,-780,1153,403,-716,-665,-740,-301,128,432,354
-124,908,-713,1069,352,-685,-826,-734,-320,101,402,321
-131,854,-654,993,309,-654,-974,-725,-338,81,374,289
-136,804,-602,925,273,-625,-1108,-714,-356,65,346,257
-138,760,-561,868,247,-598,-1223,-702,-371,51,319,226
-138,714,-521,812,225,-568,-1318,-689,-388,37,292,193
-137,670,-485,760,206,-539,-1391,-680,-405,24,263,160
-130,631,-462,720,201,-511,-1440,-670,-420,12,234,132
-126,594,-439,681,193,-484,-1453,-662,-434,-4,206,105
-123,553,-410,636,182,-457,-1441,-655,-447,-22,178,78
-122,498,-367,573,161,-421,-1394,-646,-462,-42,152,55
-122,440,-319,504,135,-383,-1316,-639,-475,-58,130,34
-119,393,-285,453,120,-352,-1218,-634,-483,-70,111,15
-116,359,-263,418,113,-328,-1098,-625,-489,-80,95,-1
-114,320,-236,377,102,-301,-951,-612,-497,-86,81,-13
-113,279,-204,330,85,-274,-781,-598,-503,-91,70,-23
-107,262,-200,319,91,-258,-594,-584,-499,-85,66,-30
-92,268,-227,342,122,-252,-400,-571,-488,-76,63,-37
-73,285,-270,384,166,-250,-202,-562,-476,-69,59,-48
-53,299,-308,421,206,-246,-5,-550,-469,-70,52,-61
-39,299,-325,433,227,-235,192,-538,-469,-82,38,-78
-30,287,-325,427,233,-219,382,-528,-472,-96,18,-98
-25,272,-315,411,228,-204,560,-517,-477,-111,-4,-119
-24,254,-297,388,214,-189,722,-506,-483,-127,-27,-141
-28,232,-271,356,191,-174,858,-500,-496,-152,-53,-167
-32,217,-247,330,168,-163,968,-498,-508,-183,-81,-195
-37,203,-224,305,145,-154,1054,-494,-520,-215,-107,-219
-42,189,-199,278,119,-145,1121,-494,-530,-239,-131,-242
-43,184,-185,264,104,-138,1158,-491,-539,-252,-151,-258
-39,186,-183,263,99,-135,1174,-491,-546,-258,-166,-269
-31,197,-192,274,104,-134,1160,-495,-553,-260,-181,-281
-21,208,-204,287,112,-134,1113,-503,-562,-268,-199,-291
-15,211,-202,285,109,-130,1037,-515,-573,-281,-220,-303
-12,208,-192,274,98,-126,933,-534,-587,-300,-245,-320
-10,208,-184,265,89,-124,808,-561,-601,-319,-269,-339
-4,210,-182,262,87,-121,667,-587,-615,-338,-286,-357
-7,197,-157,234,64,-115,510,-614,-635,-362,-305,-376
-22,170,-107,180,18,-108,345,-637,-658,-391,-327,-395
-44,134,-43,110,-42,-99,172,-659,-680,-421,-345,-413
-66,100,18,45,-98,-93,-6,-680,-694,-439,-357,-428
-83,80,58,3,-136,-92,-186,-699,-699,-440,-362,-437
-96,70,83,-22,-160,-95,-357,-714,-699,-434,-363,-442
-106,65,98,-37,-175,-101,-515,-727,-697,-428,-362,-444
-113,63,106,-45,-181,-105,-658,-739,-694,-419,-360,-446
-117,64,105,-44,-179,-111,-779,-744,-689,-408,-356,-448
-123,62,109,-48,-182,-116,-878,-746,-687,-401,-352,-449
-131,55,118,-59,-188,-120,-956,-753,-684,-397,-351,-451
-134,46,124,-67,-188,-118,-1021,-756,-683,-394,-348,-453
-134,29,134,-85,-190,-109,-1052,-762,-684,-397,-348,-459
-135,7,149,-108,-194,-97,-1038,-765,-686,-408,-354,-467
-135,-25,173,-144,-205,-78,-968,-760,-690,-421,-359,-473
-135,-60,199,-182,-217,-56,-855,-752,-690,-428,-361,-478
-131,-83,211,-204,-216,-39,-718,-741,-684,-424,-360,-480
-120,-99,207,-209,-201,-21,-555,-725,-675,-411,-353,-476
-107,-119,206,-219,-187,0,-362,-702,-668,-397,-345,-470
-97,-139,209,-232,-179,19,-156,-679,-658,-379,-338,-465
-81,-139,186,-213,-149,31,34,-658,-645,-352,-327,-460
-57,-122,139,-169,-100,36,202,-642,-631,-325,-313,-454
-32,-98,84,-113,-45,36,361,-632,-623,-310,-302,-451
-8,-82,40,-70,3,43,510,-624,-623,-313,-298,-454
10,-85,20,-56,29,58,654,-619,-631,-327,-303,-465
20,-96,19,-60,37,73,784,-615,-641,-346,-313,-479
26,-109,24,-70,37,88,897,-611,-653,-371,-327,-494
33,-128,36,-89,33,108,990,-608,-667,-400,-344,-515
38,-153,58,-119,20,130,1066,-601,-684,-430,-364,-536
39,-171,76,-143,6,146,1111,-591,-699,-461,-382,-557
36,-185,96,-164,-11,157,1137,-574,-713,-488,-397,-574
31,-197,118,-187,-33,164,1170,-561,-724,-509,-412,-590
26,-199,131,-198,-49,165,1188,-545,-731,-517,-421,-596
23,-193,135,-198,-57,162,1201,-531,-732,-512,-424,-594
24,-175,124,-180,-54,152,1202,-521,-725,-501,-426,-590
26,-154,109,-157,-47,141,1175,-512,-717,-487,-426,-583
24,-138,105,-146,-51,129,1142,-505,-710,-478,-426,-576
15,-126,111,-145,-66,115,1116,-500,-696,-471,-424,-569
7,-109,111,-137,-77,99,1085,-503,-678,-461,-420,-561
5,-90,103,-122,-78,83,1043,-509,-661,-449,-413,-552
-4,-88,119,-134,-98,75,1002,-518,-653,-449,-412,-547
-20,-104,159,-174,-139,73,970,-531,-652,-453,-414,-542
-37,-131,211,-230,-189,77,954,-544,-648,-453,-417,-535
-53,-156,259,-281,-235,80,947,-561,-639,-448,-418,-526
-64,-165,284,-306,-261,76,920,-579,-626,-431,-416,-515
-69,-164,293,-313,-271,69,874,-594,-612,-411,-410,-504
-74,-159,296,-313,-277,59,807,-606,-599,-389,-401,-493
-80,-152,295,-309,-280,46,709,-618,-588,-362,-388,-482
-83,-144,291,-302,-278,35,595,-628,-577,-337,-378,-474
-86,-143,291,-302,-277,29,486,-637,-568,-321,-370,-466
-91,-144,293,-305,-280,22,377,-648,-557,-309,-364,-459
-90,-146,290,-304,-274,21,275,-648,-551,-299,-353,-452
-87,-154,290,-310,-268,25,196,-642,-544,-300,-345,-448
-87,-168,296,-323,-268,32,134,-633,-535,-300,-336,-446
-88,-188,310,-345,-273,43,102,-618,-528,-303,-330,-443
-91,-213,328,-372,-282,56,86,-597,-519,-302,-324,-440
-90,-229,335,-387,-280,67,71,-572,-507,-296,-316,-435
-87,-239,331,-390,-270,76,83,-542,-498,-287,-310,-430
-82,-256,333,-400,-263,92,122,-503,-491,-281,-306,-425
-81,-280,347,-425,-267,110,174,-465,-484,-273,-306,-424
-75,-292,342,-427,-254,125,236,-426,-469,-259,-304,-422
-59,-288,313,-404,-221,136,316,-382,-445,-239,-299,-419
-37,-275,269,-364,-174,144,415,-334,-416,-219,-292,-419
-17,-263,229,-329,-131,154,528,-276,-389,-203,-288,-423
-4,-268,213,-319,-109,169,649,-210,-363,-195,-292,-433
3,-280,213,-326,-104,186,758,-136,-337,-193,-300,-449
8,-298,220,-341,-105,205,851,-56,-311,-194,-312,-470
15,-325,238,-370,-113,232,930,36,-281,-200,-327,-496
22,-365,268,-416,-130,267,997,142,-244,-213,-345,-526
33,-407,300,-464,-146,306,1043,266,-200,-227,-365,-559
46,-451,333,-515,-162,347,1073,415,-145,-239,-384,-594
58,-500,373,-573,-185,389,1106,577,-77,-247,-403,-634
72,-545,409,-627,-204,430,1132,761,2,-246,-423,-674
90,-586,439,-673,-216,470,1161,962,94,-237,-444,-718
112,-619,458,-708,-219,507,1187,1176,201,-225,-467,-766
133,-649,475,-739,-222,539,1208,1404,317,-216,-493,-822
148,-685,505,-784,-237,572,1231,1646,442,-215,-525,-884
159,-724,543,-836,-260,602,1256,1899,582,-210,-559,-950
170,-749,568,-871,-275,623,1275,2161,742,-194,-594,-1016
180,-757,577,-883,-279,632,1304,2433,921,-166,-622,-1076
183,-776,603,-914,-299,641,1339,2709,1107,-138,-648,-1131
179,-810,651,-971,-338,657,1374,2986,1295,-107,-671,-1184
170,-850,710,-1039,-386,674,1420,3261,1489,-69,-690,-1232
163,-883,759,-1095,-427,687,1485,3532,1691,-18,-703,-1272
164,-901,784,-1127,-444,696,1544,3797,1899,47,-707,-1305
174,-909,790,-1138,-442,704,1580,4051,2108,117,-705,-1330
187,-909,782,-1134,-429,708,1608,4289,2317,195,-695,-1350
201,-899,762,-1115,-405,707,1626,4506,2522,284,-674,-1359
217,-878,728,-1079,-370,701,1625,4693,2725,383,-642,-1356
230,-851,688,-1035,-332,689,1605,4848,2921,491,-597,-1339
239,-810,637,-974,-289,666,1575,4964,3106,607,-544,-1308
247,-751,568,-888,-233,632,1533,5051,3277,727,-477,-1261
251,-680,488,-787,-173,587,1511,5111,3443,858,-397,-1197
247,-594,400,-671,-112,529,1493,5154,3611,1009,-298,-1116
238,-498,305,-542,-49,462,1483,5192,3788,1176,-180,-1018
225,-389,199,-397,19,383,1472,5226,3978,1361,-48,-905
215,-260,72,-224,102,294,1452,5263,4176,1564,99,-777
207,-122,-69,-36,196,202,1431,5308,4375,1778,259,-637
199,12,-205,146,286,113,1421,5365,4568,1994,430,-486
186,142,-332,320,366,23,1418,5431,4762,2216,612,-324
181,288,-485,522,469,-72,1400,5509,4965,2458,813,-147
187,452,-664,753,595,-171,1367,5595,5180,2727,1036,47
200,625,-859,1001,734,-273,1329,5686,5416,3030,1283,261
213,798,-1053,1248,873,-374,1280,5785,5678,3368,1560,496
221,962,-1232,1480,998,-473,1218,5892,5970,3748,1869,754
223,1129,-1405,1708,1113,-578,1127,6002,6298,4176,2216,1037
225,1306,-1589,1950,1234,-691,1008,6104,6659,4647,2598,1348
227,1497,-1784,2209,1361,-814,866,6183,7043,5157,3016,1685
225,1701,-1986,2480,1491,-948,709,6221,7439,5697,3464,2044
220,1924,-2203,2775,1627,-1099,536,6203,7836,6258,3935,2423
208,2170,-2435,3093,1768,-1270,347,6121,8223,6836,4431,2821
185,2439,-2677,3435,1908,-1466,140,5959,8596,7430,4948,3234
157,2736,-2942,3808,2060,-1683,-111,5722,8949,8039,5486,3668
130,3055,-3227,4210,2227,-1916,-383,5407,9272,8655,6040,4121
104,3394,-3534,4639,2409,-2162,-688,5015,9555,9270,6606,4589
78,3748,-3855,5087,2600,-2419,-1019,4554,9790,9872,7178,5068
46,4106,-4172,5534,2785,-2683,-1353,4030,9976,10457,7754,5554
7,4466,-4486,5982,2965,-2954,-1690,3442,10111,11024,8329,6045
-32,4842,-4813,6447,3153,-3237,-2039,2793,10194,11569,8900,6542
-71,5229,-5153,6929,3351,-3526,-2398,2093,10226,12097,9467,7043
-118,5602,-5471,7387,3530,-3813,-2753,1350,10206,12602,10026,7545
-174,5958,-5761,7815,3684,-4093,-3103,578,10144,13088,10576,8045
-239,6301,-6031,8222,3821,-4371,-3450,-212,10045,13556,11119,8542
-303,6640,-6297,8623,3955,-4646,-3794,-1017,9921,14015,11654,9032
-362,6982,-6573,9032,4100,-4919,-4150,-1833,9779,14466,12181,9514
-411,7316,-6852,9438,4254,-5180,-4498,-2646,9620,14900,12691,9987
-454,7632,-7118,9825,4405,-5424,-4838,-3448,9450,15312,13181,10441
-493,7926,-7370,10188,4550,-5651,-5178,-4231,9268,15698,13645,10872
-525,8199,-7608,10527,4690,-5858,-5531,-4996,9075,16050,14082,11278
-551,8437,-7817,10824,4816,-6038,-5895,-5740,8869,16366,14491,11662
-573,8647,-8006,11090,4932,-6195,-6275,-6472,8647,16645,14870,12021
-583,8837,-8188,11338,5051,-6330,-6677,-7187,8411,16885,15222,12359
-586,9000,-8351,11555,5163,-6441,-7075,-7883,8167,17085,15547,12675
-589,9137,-8490,11739,5260,-6533,-7470,-8553,7922,17242,15841,12971
-589,9244,-8604,11887,5341,-6602,-7842,-9192,7673,17348,16101,13246
-589,9332,-8700,12010,5412,-6658,-8179,-9797,7421,17405,16321,13492
-589,9417,-8794,12131,5481,-6709,-8480,-10359,7175,17429,16505,13713
-592,9498,-8884,12245,5544,-6760,-8735,-10869,6937,17422,16652,13907
-600,9564,-8953,12336,5590,-6803,-8933,-11331,6699,17371,16755,14067
-621,9619,-9000,12405,5613,-6847,-9069,-11753,6464,17271,16804,14185
-643,9684,-9055,12486,5640,-6898,-9149,-12129,6242,17135,16805,14258
-664,9753,-9116,12574,5671,-6950,-9169,-12452,6031,16959,16758,14284
-686,9815,-9168,12651,5695,-6999,-9133,-12725,5824,16736,16657,14263
-717,9857,-9191,12694,5692,-7040,-9054,-12950,5606,16450,16499,14193
-759,9860,-9164,12679,5648,-7063,-8937,-13133,5365,16093,16275,14070
-808,9826,-9090,12607,5568,-7065,-8796,-13287,5091,15665,15989,13894
-857,9754,-8977,12485,5459,-7045,-8639,-13418,4779,15167,15640,13669
-904,9643,-8825,12310,5326,-6996,-8468,-13529,4426,14600,15235,13395
-948,9489,-8631,12077,5165,-6918,-8293,-13619,4031,13973,14780,13079
-988,9299,-8401,11797,4982,-6813,-8115,-13681,3600,13295,14282,12726
-1019,9071,-8141,11471,4784,-6680,-7931,-13710,3141,12578,13751,12345
-1041,8809,-7853,11103,4571,-6518,-7741,-13710,2664,11835,13190,11941
-1047,8523,-7554,10712,4362,-6332,-7562,-13677,2175,11078,12609,11521
-1038,8217,-7249,10304,4158,-6124,-7389,-13612,1680,10312,12011,11088
-1014,7895,-6940,9883,3962,-5896,-7234,-13522,1185,9539,11398,10642
-981,7558,-6625,9447,3766,-5654,-7098,-13405,683,8756,10772,10181
-948,7204,-6291,8987,3559,-5401,-6974,-13267,170,7962,10136,9709
-914,6835,-5942,8507,3342,-5139,-6866,-13112,-351,7165,9499,9233
-879,6461,-5590,8022,3125,-4873,-6779,-12941,-871,6376,8866,8756
-837,6083,-5240,7536,2915,-4601,-6706,-12750,-1390,5591,8237,8279
-801,5682,-4862,7015,2683,-4316,-6643,-12545,-1914,4797,7599,7792
-771,5256,-4454,6458,2427,-4020,-6583,-12326,-2442,4001,6955,7298
-744,4815,-4029,5881,2160,-3716,-6524,-12093,-2963,3214,6306,6798
-716,4381,-3613,5313,1900,-3415,-6454,-11842,-3460,2450,5665,6298
-680,3971,-3231,4784,1669,-3124,-6377,-11573,-3925,1725,5037,5805
-639,3583,-2878,4290,1461,-2845,-6287,-11289,-4358,1044,4427,5321
-600,3217,-2548,3827,1270,-2580,-6187,-10997,-4759,411,3837,4845
-563,2876,-2240,3395,1092,-2333,-6080,-10703,-5127,-175,3271,4379
-529,2558,-1955,2994,928,-2102,-5960,-10407,-5455,-709,2731,3926
-496,2248,-1680,2605,771,-1878,-5819,-10107,-5738,-1191,2218,3489
-463,1947,-1415,2230,621,-1657,-5657,-9804,-5975,-1616,1733,3067
-427,1657,-1166,1872,484,-1440,-5476,-9487,-6165,-1984,1281,2664
-394,1376,-925,1527,351,-1230,-5265,-9156,-6308,-2303,861,2281
-362,1104,-692,1193,223,-1026,-5039,-8809,-6405,-2569,474,1919
-333,836,-462,864,94,-825,-4796,-8444,-6463,-2792,123,1577
-305,578,-240,548,-31,-631,-4536,-8068,-6481,-2971,-195,1255
-274,343,-46,265,-135,-448,-4269,-7688,-6460,-3109,-482,951
-240,131,121,15,-221,-278,-3993,-7309,-6412,-3220,-742,664
-208,-73,284,-226,-305,-114,-3701,-6932,-6345,-3307,-977,399
-183,-269,445,-461,-394,40,-3401,-6565,-6262,-3373,-1192,152
-152,-433,569,-650,-455,179,-3118,-6212,-6160,-3410,-1382,-76
-111,-569,654,-794,-484,304,-2860,-5880,-6045,-3429,-1551,-290
-66,-682,714,-907,-495,417,-2619,-5572,-5924,-3441,-1705,-491
-26,-785,770,-1011,-507,521,-2393,-5287,-5807,-3452,-1844,-681
5,-890,836,-1123,-533,619,-2175,-5028,-5696,-3467,-1973,-860
30,-991,907,-1237,-567,711,-1977,-4794,-5587,-3484,-2092,-1027
51,-1085,975,-1343,-601,795,-1798,-4578,-5479,-3497,-2198,-1180
70,-1175,1044,-1450,-639,874,-1636,-4377,-5372,-3507,-2291,-1320
82,-1262,1117,-1556,-684,946,-1495,-4190,-5266,-3513,-2373,-1446
91,-1334,1180,-1647,-725,1004,-1381,-4020,-5161,-3513,-2445,-1562
95,-1393,1237,-1726,-766,1050,-1289,-3859,-5059,-3508,-2506,-1667
93,-1443,1293,-1798,-810,1085,-1213,-3710,-4955,-3496,-2559,-1764
95,-1478,1331,-1850,-839,1110,-1182,-3567,-4848,-3472,-2598,-1848
101,-1503,1355,-1884,-855,1131,-1175,-3433,-4739,-3436,-2624,-1918
111,-1516,1365,-1903,-860,1144,-1190,-3314,-4628,-3394,-2642,-1977
125,-1526,1370,-1917,-858,1157,-1231,-3204,-4523,-3357,-2655,-2028
138,-1543,1383,-1940,-861,1173,-1283,-3099,-4422,-3325,-2664,-2074
143,-1560,1403,-1968,-874,1181,-1336,-3001,-4320,-3290,-2671,-2115
142,-1567,1420,-1988,-888,1180,-1395,-2913,-4215,-3250,-2677,-2150
143,-1570,1431,-2001,-896,1175,-1459,-2829,-4112,-3210,-2677,-2182
133,-1586,1466,-2038,-927,1171,-1513,-2747,-4019,-3185,-2680,-2213
111,-1616,1526,-2100,-982,1167,-1551,-2658,-3933,-3166,-2683,-2242
84,-1654,1599,-2177,-1048,1165,-1572,-2560,-3846,-3143,-2685,-2265
63,-1688,1663,-2245,-1103,1166,-1583,-2453,-3750,-3108,-2683,-2281
50,-1704,1699,-2281,-1134,1159,-1603,-2331,-3640,-3054,-2671,-2289
42,-1703,1711,-2290,-1144,1144,-1617,-2192,-3518,-2985,-2647,-2283
36,-1691,1710,-2282,-1145,1123,-1614,-2039,-3386,-2907,-2615,-2270
32,-1675,1701,-2266,-1138,1102,-1594,-1873,-3247,-2825,-2578,-2251
32,-1656,1683,-2242,-1121,1083,-1559,-1698,-3102,-2741,-2537,-2227
35,-1640,1665,-2218,-1103,1067,-1515,-1518,-2957,-2660,-2497,-2201
37,-1622,1644,-2192,-1083,1051,-1466,-1340,-2812,-2579,-2458,-2175
43,-1601,1615,-2158,-1055,1037,-1421,-1160,-2667,-2498,-2416,-2145
49,-1585,1590,-2130,-1030,1028,-1362,-983,-2522,-2422,-2374,-2117
50,-1575,1574,-2110,-1014,1021,-1301,-807,-2381,-2353,-2330,-2087
49,-1573,1567,-2102,-1006,1020,-1231,-631,-2246,-2293,-2288,-2056
45,-1572,1562,-2096,-1001,1019,-1147,-459,-2114,-2233,-2247,-2025
47,-1562,1543,-2074,-984,1018,-1064,-293,-1982,-2165,-2206,-1989
54,-1545,1511,-2039,-955,1017,-977,-129,-1854,-2094,-2162,-1949
62,-1535,1484,-2012,-929,1022,-879,33,-1730,-2025,-2118,-1905
64,-1528,1465,-1992,-913,1027,-770,184,-1610,-1956,-2074,-1861
74,-1502,1420,-1943,-876,1025,-656,326,-1487,-1883,-2026,-1816
91,-1456,1348,-1862,-815,1015,-546,456,-1367,-1809,-1978,-1774
112,-1400,1262,-1765,-743,1002,-439,567,-1258,-1744,-1938,-1739
132,-1348,1182,-1676,-677,990,-334,663,-1166,-1694,-1904,-1710
145,-1311,1125,-1611,-631,984,-232,745,-1090,-1657,-1878,-1688
149,-1278,1083,-1561,-601,974,-148,815,-1021,-1626,-1858,-1669
148,-1246,1047,-1514,-579,962,-77,875,-958,-1598,-1837,-1648
147,-1219,1018,-1476,-562,951,-13,927,-902,-1576,-1817,-1631
145,-1197,997,-1447,-552,942,46,970,-853,-1562,-1800,-1619
140,-1170,975,-1415,-543,928,98,1008,-811,-1551,-1786,-1611
135,-1140,951,-1379,-532,910,150,1046,-776,-1541,-1772,-1604
126,-1109,932,-1347,-529,887,205,1079,-742,-1530,-1759,-1599
119,-1072,907,-1306,-521,860,243,1111,-710,-1511,-1740,-1592
115,-1029,873,-1256,-504,829,276,1141,-679,-1489,-1723,-1586
113,-978,832,-1196,-481,793,299,1171,-645,-1465,-1704,-1580
113,-931,792,-1140,-459,759,313,1202,-613,-1444,-1686,-1574
109,-899,772,-1107,-451,732,327,1232,-587,-1430,-1675,-1573
103,-876,765,-1089,-453,708,334,1258,-563,-1425,-1670,-1579
96,-851,756,-1068,-454,681,327,1275,-539,-1424,-1671,-1590
93,-826,743,-1045,-450,655,314,1293,-517,-1428,-1674,-1603
82,-826,763,-1061,-472,642,315,1312,-506,-1444,-1684,-1621
65,-851,815,-1114,-519,639,328,1334,-504,-1465,-1700,-1642
46,-890,881,-1185,-577,644,342,1360,-506,-1490,-1717,-1662
30,-930,943,-1256,-629,651,353,1387,-503,-1510,-1733,-1680
24,-958,984,-1303,-660,657,357,1414,-496,-1522,-1747,-1695
23,-978,1009,-1334,-676,661,386,1445,-484,-1527,-1758,-1708
24,-993,1027,-1357,-686,663,446,1475,-471,-1526,-1769,-1717
27,-1005,1037,-1374,-689,664,524,1506,-457,-1521,-1780,-1724
34,-1017,1043,-1386,-686,668,611,1538,-439,-1516,-1789,-1729
39,-1033,1052,-1403,-685,675,707,1571,-421,-1512,-1796,-1734
45,-1052,1062,-1423,-685,685,804,1600,-402,-1505,-1801,-1740
55,-1071,1067,-1439,-678,700,894,1631,-384,-1496,-1802,-1743
63,-1097,1079,-1464,-676,719,992,1661,-366,-1492,-1802,-1746
67,-1127,1098,-1496,-682,739,1081,1690,-350,-1490,-1801,-1750
67,-1161,1124,-1535,-696,761,1171,1718,-339,-1492,-1800,-1754
64,-1193,1150,-1573,-711,782,1251,1742,-327,-1490,-1796,-1756
67,-1217,1161,-1595,-713,802,1304,1765,-313,-1484,-1788,-1754
76,-1233,1158,-1602,-702,823,1345,1788,-299,-1474,-1777,-1749
86,-1252,1157,-1611,-691,847,1392,1815,-287,-1461,-1764,-1739
91,-1273,1163,-1627,-690,870,1442,1842,-271,-1443,-1751,-1726
102,-1277,1146,-1617,-669,887,1476,1865,-250,-1414,-1732,-1711
120,-1260,1103,-1576,-628,896,1488,1881,-230,-1391,-1715,-1699
141,-1231,1045,-1515,-574,899,1480,1887,-215,-1375,-1701,-1692
160,-1204,991,-1459,-525,902,1461,1889,-209,-1370,-1690,-1688
173,-1193,960,-1429,-497,912,1440,1889,-210,-1374,-1687,-1688
178,-1189,946,-1415,-486,921,1397,1886,-217,-1383,-1686,-1689
179,-1186,938,-1406,-483,928,1342,1880,-224,-1397,-1687,-1690
178,-1184,935,-1402,-484,935,1293,1871,-234,-1414,-1690,-1693
175,-1188,941,-1408,-494,943,1257,1861,-244,-1426,-1694,-1694
169,-1186,947,-1409,-506,944,1230,1851,-252,-1434,-1698,-1693
159,-1177,950,-1405,-518,938,1218,1844,-261,-1443,-1702,-1692
146,-1165,955,-1400,-534,926,1225,1836,-266,-1446,-1705,-1692
135,-1143,950,-1382,-543,908,1226,1835,-269,-1443,-1704,-1690
129,-1115,934,-1354,-542,887,1236,1840,-269,-1440,-1704,-1688
125,-1079,910,-1314,-532,861,1243,1847,-265,-1434,-1705,-1688
125,-1042,881,-1271,-517,836,1248,1857,-262,-1430,-1710,-1688
121,-1018,871,-1249,-516,815,1267,1873,-262,-1433,-1716,-1690
113,-1006,877,-1247,-529,797,1296,1887,-262,-1442,-1725,-1694
103,-990,881,-1241,-541,776,1318,1898,-260,-1452,-1738,-1704
98,-977,882,-1235,-547,758,1324,1908,-258,-1466,-1749,-1715
86,-982,909,-1259,-575,748,1331,1914,-266,-1492,-1763,-1729
66,-1009,965,-1315,-627,744,1353,1921,-277,-1519,-1778,-1745
39,-1041,1033,-1383,-691,740,1380,1931,-286,-1540,-1789,-1757
11,-1063,1091,-1438,-747,728,1405,1943,-288,-1549,-1796,-1763
-8,-1069,1122,-1465,-780,711,1419,1960,-278,-1546,-1796,-1764
-16,-1065,1130,-1470,-789,695,1439,1985,-260,-1534,-1788,-1759
-19,-1055,1127,-1461,-786,677,1473,2015,-240,-1513,-1776,-1750
-20,-1042,1116,-1447,-777,660,1513,2048,-219,-1491,-1763,-1740
-16,-1030,1101,-1429,-760,646,1559,2078,-197,-1469,-1749,-1731
-12,-1026,1091,-1421,-748,638,1613,2104,-178,-1447,-1733,-1722
-7,-1024,1082,-1414,-735,633,1664,2122,-157,-1425,-1721,-1717
2,-1024,1068,-1405,-715,633,1703,2139,-138,-1404,-1709,-1711
11,-1035,1063,-1409,-702,642,1753,2152,-119,-1389,-1698,-1710
17,-1054,1070,-1426,-698,655,1789,2161,-100,-1378,-1690,-1712
19,-1082,1087,-1455,-705,672,1816,2170,-83,-1371,-1683,-1716
20,-1114,1109,-1490,-714,694,1835,2177,-64,-1364,-1678,-1720
27,-1140,1118,-1513,-712,717,1835,2183,-43,-1352,-1669,-1722
38,-1162,1118,-1525,-701,741,1825,2190,-24,-1337,-1659,-1719
47,-1184,1121,-1541,-695,765,1820,2198,-13,-1323,-1646,-1713
51,-1206,1129,-1559,-695,786,1817,2203,-4,-1308,-1635,-1708
61,-1206,1109,-1545,-673,799,1793,2207,15,-1283,-1620,-1700
78,-1187,1063,-1500,-630,803,1746,2215,41,-1252,-1600,-1690
99,-1155,1002,-1436,-574,803,1682,2226,67,-1222,-1578,-1680
120,-1124,942,-1374,-520,803,1610,2240,84,-1199,-1560,-1672
132,-1104,903,-1334,-486,806,1547,2253,92,-1191,-1550,-1669
137,-1092,883,-1311,-470,810,1484,2269,97,-1192,-1544,-1671
141,-1086,870,-1298,-462,816,1422,2287,100,-1199,-1543,-1678
140,-1082,866,-1292,-461,821,1366,2301,101,-1208,-1543,-1685
137,-1084,870,-1295,-469,828,1317,2311,96,-1220,-1544,-1694
132,-1084,879,-1302,-482,831,1268,2319,90,-1232,-1546,-1702
124,-1086,894,-1313,-500,834,1219,2330,84,-1245,-1546,-1709
111,-1088,914,-1328,-526,833,1174,2334,81,-1255,-1547,-1716
105,-1085,924,-1333,-541,832,1117,2333,80,-1259,-1545,-1720
106,-1080,927,-1332,-546,833,1078,2327,80,-1258,-1542,-1721
109,-1063,917,-1315,-541,826,1030,2314,86,-1253,-1537,-1720
114,-1039,898,-1288,-529,815,980,2300,92,-1247,-1530,-1714
117,-1020,888,-1270,-524,804,952,2285,96,-1241,-1524,-1707
115,-1003,885,-1259,-527,790,940,2263,99,-1237,-1519,-1700
113,-980,874,-1238,-524,770,929,2232,104,-1232,-1518,-1694
117,-953,854,-1208,-511,751,923,2203,108,-1228,-1515,-1685
113,-946,860,-1210,-520,739,943,2176,104,-1235,-1517,-1681
97,-963,901,-1250,-559,735,992,2155,96,-1249,-1521,-1679
74,-994,963,-1314,-616,735,1060,2141,86,-1263,-1525,-1678
53,-1027,1023,-1378,-672,736,1128,2133,78,-1273,-1531,-1678
39,-1051,1065,-1423,-708,737,1187,2129,73,-1276,-1535,-1679
33,-1072,1094,-1457,-730,740,1259,2132,66,-1280,-1538,-1677
34,-1092,1114,-1486,-742,748,1347,2139,58,-1289,-1542,-1678
34,-1107,1127,-1505,-749,752,1430,2151,48,-1298,-1546,-1681
35,-1117,1133,-1516,-750,752,1497,2170,42,-1304,-1546,-1685
34,-1130,1143,-1531,-754,755,1541,2196,40,-1311,-1547,-1686
33,-1145,1153,-1548,-758,759,1559,2221,41,-1312,-1548,-1686
36,-1156,1153,-1555,-753,764,1546,2249,43,-1309,-1546,-1681
41,-1172,1156,-1566,-749,773,1533,2276,45,-1308,-1546,-1677
41,-1189,1164,-1582,-750,782,1509,2305,49,-1309,-1544,-1674
38,-1211,1179,-1605,-759,793,1488,2335,56,-1309,-1541,-1672
36,-1230,1190,-1623,-766,802,1476,2365,66,-1302,-1534,-1668
38,-1234,1182,-1618,-756,805,1462,2394,81,-1284,-1523,-1657
47,-1227,1156,-1595,-730,807,1456,2422,101,-1259,-1508,-1643
59,-1223,1131,-1573,-704,813,1469,2455,121,-1232,-1491,-1626
67,-1223,1115,-1560,-687,819,1501,2488,146,-1202,-1475,-1611
81,-1206,1076,-1520,-651,819,1534,2515,180,-1165,-1452,-1595
105,-1175,1015,-1455,-593,817,1559,2533,216,-1130,-1430,-1582
133,-1136,943,-1380,-528,813,1580,2540,247,-1104,-1412,-1577
155,-1101,881,-1312,-472,808,1601,2540,269,-1092,-1403,-1576
169,-1080,844,-1271,-439,808,1634,2536,281,-1094,-1402,-1581
174,-1068,826,-1248,-425,808,1661,2531,289,-1099,-1406,-1590
178,-1061,814,-1234,-416,812,1686,2532,298,-1110,-1412,-1598
181,-1057,810,-1227,-414,817,1714,2539,308,-1122,-1420,-1607
177,-1055,815,-1228,-422,819,1743,2547,317,-1135,-1430,-1619
171,-1049,819,-1226,-431,817,1766,2557,326,-1142,-1439,-1631
164,-1042,825,-1225,-442,814,1781,2570,333,-1149,-1446,-1639
155,-1038,836,-1231,-459,812,1788,2577,338,-1155,-1456,-1648
150,-1029,839,-1228,-466,808,1772,2582,341,-1158,-1463,-1653
152,-1015,833,-1216,-464,804,1755,2587,345,-1163,-1472,-1657
157,-995,817,-1194,-452,798,1731,2590,352,-1165,-1481,-1659
163,-973,799,-1171,-438,790,1697,2595,360,-1165,-1491,-1662
161,-958,796,-1161,-438,780,1658,2596,365,-1171,-1503,-1667
154,-949,805,-1165,-451,770,1630,2588,366,-1184,-1517,-1675
146,-942,814,-1170,-464,760,1604,2572,368,-1195,-1531,-1686
142,-934,820,-1173,-471,751,1573,2553,366,-1209,-1548,-1699
130,-943,849,-1202,-499,746,1547,2530,354,-1238,-1567,-1716
109,-970,904,-1259,-549,747,1528,2507,333,-1274,-1588,-1735
86,-1008,972,-1334,-610,753,1511,2486,311,-1306,-1607,-1753
63,-1043,1035,-1402,-665,757,1496,2466,296,-1325,-1622,-1766
49,-1060,1069,-1440,-697,754,1470,2451,290,-1334,-1629,-1773
43,-1067,1085,-1457,-709,749,1444,2441,289,-1333,-1630,-1772
40,-1073,1094,-1469,-714,745,1426,2438,293,-1322,-1626,-1766
40,-1076,1097,-1474,-714,741,1413,2441,304,-1302,-1618,-1758
42,-1073,1090,-1469,-705,734,1402,2449,318,-1278,-1608,-1748
47,-1076,1084,-1468,-695,733,1396,2461,331,-1258,-1599,-1739
53,-1082,1081,-1469,-686,736,1389,2467,344,-1240,-1592,-1732
65,-1088,1070,-1465,-668,742,1372,2477,357,-1220,-1584,-1722
75,-1095,1061,-1462,-652,748,1365,2487,369,-1205,-1578,-1715
82,-1105,1056,-1464,-641,756,1351,2498,379,-1190,-1570,-1708
90,-1127,1063,-1480,-637,772,1342,2511,384,-1179,-1563,-1699
98,-1152,1072,-1500,-636,792,1341,2521,390,-1169,-1555,-1689
109,-1167,1067,-1503,-623,808,1339,2532,400,-1153,-1547,-1677
125,-1174,1050,-1493,-600,823,1338,2548,412,-1134,-1536,-1664
141,-1187,1039,-1490,-580,842,1345,2568,422,-1113,-1523,-1648
151,-1201,1035,-1493,-571,859,1361,2588,433,-1091,-1510,-1633
163,-1196,1009,-1467,-544,865,1371,2612,452,-1059,-1491,-1617
182,-1168,954,-1409,-496,862,1373,2636,476,-1026,-1471,-1602
202,-1129,887,-1335,-437,854,1368,2655,497,-1000,-1453,-1588
221,-1092,826,-1266,-385,845,1356,2672,509,-985,-1442,-1577
230,-1068,787,-1221,-354,841,1350,2682,514,-981,-1438,-1573
230,-1052,767,-1195,-343,835,1341,2686,518,-982,-1438,-1572
226,-1040,756,-1178,-341,830,1326,2690,523,-981,-1438,-1571
222,-1035,755,-1172,-346,830,1314,2695,530,-979,-1436,-1569
217,-1037,762,-1177,-359,833,1302,2699,537,-982,-1435,-1568
212,-1036,769,-1181,-371,835,1285,2700,541,-989,-1435,-1569
209,-1035,774,-1184,-380,839,1268,2706,542,-1001,-1431,-1570
204,-1031,781,-1187,-393,838,1261,2711,544,-1007,-1425,-1571
202,-1018,777,-1176,-397,831,1243,2719,549,-997,-1412,-1567
201,-997,765,-1155,-393,820,1232,2728,560,-975,-1394,-1558
200,-970,748,-1128,-387,804,1222,2732,576,-948,-1373,-1548
201,-944,731,-1102,-379,790,1215,2739,591,-924,-1353,-1536
201,-930,727,-1093,-379,782,1223,2748,601,-912,-1337,-1523
198,-919,728,-1090,-385,772,1240,2754,609,-907,-1324,-1515
194,-900,723,-1077,-386,756,1250,2752,617,-900,-1316,-1511
192,-879,713,-1059,-382,740,1251,2748,625,-896,-1307,-1509
182,-877,730,-1072,-401,730,1260,2742,626,-910,-1309,-1513
161,-895,777,-1120,-447,726,1276,2738,622,-932,-1319,-1523
136,-928,841,-1188,-506,728,1291,2736,615,-953,-1334,-1532
113,-961,903,-1255,-561,733,1302,2737,609,-967,-1349,-1543
98,-983,945,-1300,-596,735,1293,2739,606,-975,-1361,-1556
91,-998,970,-1330,-615,738,1280,2746,605,-981,-1370,-1566
87,-1012,989,-1354,-627,740,1272,2755,608,-982,-1379,-1576
82,-1025,1008,-1376,-639,741,1269,2770,613,-975,-1384,-1585
77,-1033,1020,-1391,-646,740,1269,2787,620,-970,-1388,-1593
73,-1043,1031,-1405,-652,740,1271,2807,624,-966,-1394,-1602
71,-1051,1038,-1415,-654,739,1269,2825,631,-963,-1400,-1611
73,-1057,1037,-1418,-647,741,1259,2848,639,-962,-1402,-1616
75,-1067,1041,-1426,-643,745,1263,2866,649,-966,-1404,-1622
72,-1079,1049,-1438,-646,748,1266,2883,659,-975,-1407,-1629
68,-1098,1065,-1459,-655,755,1274,2903,668,-985,-1409,-1634
67,-1119,1080,-1482,-662,766,1286,2920,679,-989,-1410,-1635
74,-1132,1076,-1485,-651,777,1287,2940,696,-980,-1405,-1633
89,-1134,1056,-1470,-625,786,1281,2967,717,-963,-1395,-1627
105,-1139,1037,-1458,-599,800,1283,3000,739,-943,-1380,-1615
117,-1147,1024,-1451,-580,811,1286,3033,765,-917,-1364,-1603
135,-1134,986,-1413,-541,815,1280,3067,801,-877,-1341,-1586
160,-1101,920,-1344,-480,810,1269,3100,842,-832,-1314,-1566
186,-1052,838,-1253,-407,795,1250,3127,885,-792,-1287,-1546
210,-1004,760,-1166,-340,780,1227,3153,922,-760,-1259,-1527
225,-972,705,-1105,-294,770,1221,3176,951,-738,-1235,-1510
231,-946,669,-1060,-268,759,1219,3195,974,-724,-1216,-1496
233,-924,639,-1023,-248,749,1212,3210,992,-719,-1202,-1485
237,-911,619,-999,-234,747,1206,3221,1004,-719,-1193,-1476
240,-910,613,-992,-232,752,1212,3225,1012,-723,-1190,-1472
238,-906,610,-986,-233,754,1205,3224,1020,-727,-1185,-1469
237,-904,609,-983,-237,757,1170,3224,1026,-733,-1178,-1465
232,-904,615,-987,-248,759,1129,3220,1033,-737,-1172,-1460
229,-897,614,-982,-253,758,1071,3216,1042,-733,-1161,-1455
227,-881,603,-965,-251,751,1029,3212,1054,-721,-1148,-1448
225,-852,582,-934,-242,735,992,3208,1071,-700,-1134,-1440
223,-822,559,-900,-231,718,954,3204,1084,-681,-1118,-1433
220,-800,547,-881,-229,705,939,3201,1096,-669,-1102,-1426
212,-782,545,-871,-236,690,943,3196,1104,-659,-1089,-1422
204,-760,539,-856,-241,671,951,3186,1114,-650,-1078,-1419
201,-735,524,-834,-236,654,963,3178,1125,-645,-1068,-1415
192,-728,536,-842,-252,643,1006,3169,1126,-655,-1064,-1417
172,-741,578,-883,-295,638,1077,3160,1122,-669,-1063,-1420
146,-763,634,-940,-352,634,1159,3158,1117,-681,-1063,-1421
122,-782,685,-991,-401,629,1240,3161,1122,-685,-1060,-1417
107,-791,717,-1022,-433,622,1298,3175,1140,-674,-1052,-1407
101,-794,734,-1039,-448,617,1334,3195,1164,-658,-1043,-1393
97,-793,743,-1048,-456,610,1355,3219,1187,-643,-1036,-1379
93,-788,747,-1050,-459,599,1359,3247,1207,-626,-1029,-1366
91,-781,746,-1047,-458,589,1348,3279,1225,-609,-1022,-1354
91,-781,750,-1050,-458,583,1331,3315,1240,-594,-1014,-1344
89,-781,754,-1054,-459,576,1296,3347,1255,-578,-1008,-1334
91,-779,751,-1050,-452,572,1243,3381,1270,-562,-999,-1321
91,-780,751,-1051,-449,568,1197,3412,1285,-552,-992,-1311
88,-786,758,-1058,-452,565,1145,3440,1297,-547,-985,-1305
84,-801,773,-1076,-462,569,1097,3468,1302,-545,-980,-1302
79,-818,790,-1096,-472,573,1048,3490,1307,-539,-976,-1301
80,-827,792,-1100,-469,577,991,3509,1318,-526,-969,-1299
88,-828,778,-1087,-451,582,938,3528,1332,-509,-960,-1292
96,-831,766,-1077,-435,588,898,3549,1346,-493,-950,-1280
99,-835,760,-1071,-426,592,865,3568,1362,-474,-939,-1266
112,-825,729,-1040,-394,595,824,3586,1388,-439,-921,-1249
136,-799,670,-980,-337,595,770,3600,1423,-397,-899,-1230
163,-760,595,-900,-266,590,701,3605,1455,-356,-875,-1210
188,-723,525,-825,-202,584,629,3608,1483,-325,-853,-1190
203,-701,479,-776,-161,583,572,3606,1502,-305,-836,-1172
207,-687,453,-747,-141,581,512,3600,1517,-294,-822,-1159
206,-675,436,-725,-130,577,457,3591,1528,-289,-810,-1149
205,-670,425,-714,-124,579,406,3580,1534,-286,-800,-1142
205,-675,425,-716,-126,588,359,3568,1535,-284,-793,-1139
204,-679,425,-718,-128,596,308,3556,1535,-282,-785,-1138
202,-682,428,-722,-133,603,268,3550,1536,-279,-775,-1132
196,-683,433,-727,-143,606,251,3543,1540,-272,-765,-1125
193,-679,432,-725,-147,607,223,3543,1544,-256,-752,-1115
193,-668,422,-713,-143,604,205,3545,1550,-240,-738,-1105
193,-643,399,-683,-131,591,182,3548,1560,-223,-723,-1096
191,-610,372,-646,-117,572,163,3557,1574,-207,-709,-1084
186,-584,356,-621,-113,553,167,3572,1586,-198,-698,-1076
177,-561,349,-604,-117,533,175,3587,1593,-196,-693,-1069
169,-534,335,-580,-116,510,174,3601,1602,-194,-687,-1067
167,-505,316,-550,-107,489,174,3621,1611,-190,-677,-1061
158,-494,322,-550,-121,473,198,3644,1615,-194,-672,-1057
140,-504,357,-582,-158,466,248,3675,1616,-198,-671,-1053
118,-523,408,-631,-210,460,307,3711,1617,-199,-671,-1049
96,-537,452,-671,-255,451,354,3744,1623,-193,-670,-1045
85,-538,472,-687,-278,438,380,3777,1634,-173,-665,-1036
85,-534,476,-688,-282,430,402,3807,1646,-151,-655,-1023
90,-529,473,-683,-277,424,423,3834,1661,-131,-644,-1011
97,-523,465,-674,-268,418,442,3860,1674,-113,-632,-1001
105,-516,456,-663,-256,411,461,3884,1686,-97,-622,-992
112,-518,455,-662,-250,410,503,3906,1693,-86,-613,-984
114,-524,461,-669,-251,408,563,3923,1699,-71,-606,-978
117,-527,462,-670,-248,406,623,3941,1701,-56,-596,-971
119,-537,469,-679,-247,409,702,3957,1701,-48,-588,-967
121,-555,483,-698,-253,416,774,3973,1701,-45,-582,-965
119,-579,506,-726,-265,427,850,3991,1700,-46,-576,-962
114,-601,529,-754,-281,435,923,4007,1703,-44,-568,-956
114,-613,536,-764,-282,441,972,4025,1715,-34,-556,-943
118,-617,529,-759,-270,445,1005,4048,1731,-19,-539,-927
126,-622,520,-754,-254,453,1036,4075,1745,-6,-519,-913
133,-630,514,-753,-242,463,1057,4098,1759,11,-502,-898
148,-619,482,-723,-207,468,1048,4119,1783,44,-481,-878
173,-591,421,-663,-146,468,1014,4135,1812,81,-458,-858
202,-550,344,-583,-72,464,969,4147,1843,115,-437,-840
225,-508,272,-506,-6,455,922,4161,1872,142,-417,-822
238,-480,224,-455,37,450,895,4174,1894,157,-403,-806
242,-462,195,-424,60,446,873,4186,1914,169,-390,-792
241,-443,172,-396,76,438,848,4197,1931,180,-378,-778
235,-423,152,-371,86,428,824,4208,1947,191,-366,-765
228,-413,145,-360,85,423,804,4218,1962,205,-352,-750
217,-401,140,-350,81,415,784,4223,1976,215,-338,-737
205,-391,139,-345,72,408,769,4232,1989,222,-323,-722
189,-382,145,-345,56,398,764,4239,2005,231,-311,-711
178,-369,143,-337,48,389,751,4254,2022,248,-296,-696
175,-353,131,-320,51,381,753,4275,2039,271,-280,-681
174,-328,109,-292,61,369,762,4299,2058,299,-264,-666
174,-299,84,-258,75,354,780,4326,2075,323,-247,-649
172,-278,70,-237,79,342,820,4353,2086,334,-233,-634
166,-263,66,-227,73,329,874,4378,2093,336,-222,-623
161,-243,58,-211,72,314,928,4397,2100,338,-213,-615
166,-220,37,-184,85,302,986,4418,2104,338,-202,-604
164,-213,40,-183,77,295,1064,4438,2097,329,-194,-597
152,-227,73,-216,45,294,1168,4455,2082,317,-187,-594
135,-249,120,-264,-1,295,1283,4468,2064,306,-181,-590
118,-266,162,-304,-42,291,1397,4475,2053,305,-170,-582
108,-267,180,-317,-62,281,1488,4479,2049,316,-155,-572
104,-259,183,-314,-68,268,1571,4485,2049,335,-135,-557
105,-250,179,-306,-65,257,1652,4491,2053,360,-113,-539
108,-238,170,-291,-56,244,1724,4494,2061,390,-95,-519
111,-219,152,-266,-42,227,1789,4496,2074,424,-76,-500
113,-205,140,-247,-31,212,1849,4493,2086,450,-58,-486
117,-199,131,-236,-21,204,1893,4483,2095,471,-43,-476
125,-194,120,-223,-6,200,1911,4472,2100,491,-27,-467
130,-192,112,-215,5,197,1929,4457,2103,507,-12,-458
133,-194,110,-213,12,196,1931,4445,2104,521,2,-452
131,-203,117,-221,8,196,1931,4438,2102,531,16,-445
127,-214,128,-233,1,197,1927,4436,2106,549,33,-438
127,-214,124,-228,7,196,1903,4441,2117,577,53,-429
132,-211,110,-214,22,195,1871,4455,2130,610,78,-415
135,-212,102,-207,32,197,1847,4480,2141,639,106,-396
134,-213,98,-202,37,197,1821,4505,2151,665,131,-376
140,-195,67,-167,64,190,1771,4530,2168,700,161,-352
155,-158,8,-101,116,177,1699,4555,2190,737,196,-327
175,-112,-65,-20,180,162,1612,4575,2214,767,229,-303
194,-71,-133,53,239,150,1527,4594,2234,788,255,-280
207,-47,-177,100,278,146,1460,4612,2245,795,271,-262
210,-31,-203,128,297,141,1398,4627,2254,796,286,-249
211,-20,-221,147,310,138,1338,4641,2264,796,302,-236
210,-11,-234,162,317,136,1279,4650,2273,795,316,-225
206,-5,-240,168,317,135,1222,4655,2282,792,326,-216
202,2,-247,177,318,133,1167,4652,2289,794,336,-207
198,9,-253,184,317,131,1128,4649,2292,795,345,-196
191,17,-255,189,311,125,1120,4643,2295,792,356,-188
186,32,-266,204,312,117,1115,4642,2298,792,370,-176
187,51,-285,227,322,109,1118,4645,2301,796,385,-163
189,77,-310,259,336,96,1123,4647,2305,805,397,-151
190,99,-331,286,347,85,1136,4651,2306,813,409,-138
185,111,-335,294,344,76,1169,4653,2302,814,417,-126
175,121,-329,294,330,63,1202,4649,2297,812,422,-117
164,137,-328,302,318,46,1210,4641,2292,810,425,-110
156,158,-335,319,315,25,1206,4638,2288,807,427,-102
140,167,-320,313,291,7,1212,4640,2280,792,423,-97
116,155,-278,276,244,-4,1229,4649,2270,772,419,-97
90,132,-221,222,187,-9,1246,4663,2256,754,416,-94
67,110,-168,171,135,-13,1260,4677,2243,743,414,-89
51,102,-137,145,103,-24,1264,4690,2234,737,414,-81
40,104,-121,135,84,-38,1271,4706,2225,738,416,-69
33,109,-112,131,73,-51,1284,4722,2217,745,420,-56
29,117,-111,137,70,-66,1296,4738,2212,753,424,-44
31,128,-119,150,78,-78,1302,4752,2208,757,426,-31
35,132,-123,155,84,-84,1307,4765,2201,754,425,-22
38,132,-124,157,90,-88,1313,4770,2191,751,422,-15
45,134,-132,165,101,-90,1310,4774,2179,748,420,-8
52,131,-136,168,112,-89,1316,4772,2164,739,415,-4
56,127,-139,168,120,-87,1329,4762,2148,731,412,-1
61,117,-135,161,124,-80,1361,4751,2132,727,411,6
62,104,-128,149,124,-72,1414,4734,2119,728,414,13
64,100,-133,152,133,-69,1473,4716,2112,739,421,25
70,105,-151,170,154,-68,1545,4695,2105,752,431,39
77,107,-166,184,173,-64,1639,4676,2093,767,440,55
80,107,-177,193,186,-59,1752,4655,2081,783,446,69
91,126,-216,233,224,-61,1874,4634,2075,801,454,80
111,163,-281,303,285,-68,2001,4609,2071,820,461,90
133,208,-357,385,353,-78,2133,4584,2066,838,468,96
150,251,-425,460,413,-90,2268,4563,2057,847,469,97
159,278,-468,508,450,-96,2406,4549,2040,842,461,90
161,294,-493,536,469,-99,2536,4539,2021,831,449,76
158,307,-509,556,479,-102,2654,4535,1999,819,436,60
155,315,-517,566,482,-103,2756,4532,1974,804,422,40
150,314,-515,564,476,-99,2840,4530,1949,787,408,20
144,317,-513,565,469,-98,2902,4528,1925,768,395,-1
136,322,-510,565,459,-100,2946,4531,1900,748,383,-19
121,330,-501,563,441,-108,2965,4533,1882,735,374,-35
108,350,-505,578,430,-125,2946,4536,1871,734,371,-43
100,378,-520,605,430,-145,2901,4539,1866,739,373,-45
98,412,-546,643,441,-166,2827,4536,1866,751,376,-45
101,445,-574,682,457,-183,2727,4533,1869,760,381,-45
101,468,-589,705,462,-197,2608,4529,1871,762,385,-44
98,484,-593,716,458,-210,2473,4518,1870,760,384,-46
93,503,-598,730,453,-227,2318,4498,1873,759,384,-48
92,522,-607,746,453,-243,2149,4478,1875,760,387,-43
81,520,-586,729,428,-251,1977,4455,1869,748,387,-37
61,498,-536,679,377,-254,1802,4431,1857,730,385,-32
36,464,-470,611,313,-253,1626,4406,1843,715,384,-27
14,431,-407,546,253,-250,1450,4378,1831,708,385,-21
-2,409,-364,501,212,-251,1273,4347,1824,711,388,-15
-11,395,-337,473,187,-254,1105,4318,1816,719,391,-6
-17,385,-317,453,169,-257,952,4288,1810,726,394,3
-22,378,-302,438,156,-261,818,4259,1805,737,399,13
-25,376,-298,434,153,-268,704,4233,1803,749,404,22
-30,375,-292,429,147,-276,612,4210,1801,756,405,29
-36,373,-285,424,141,-285,536,4186,1798,758,404,36
-39,372,-285,424,142,-291,475,4166,1792,754,405,42
-43,368,-281,420,140,-296,444,4146,1785,745,404,46
-51,359,-271,409,133,-300,431,4128,1776,732,403,49
-59,340,-250,383,117,-296,441,4114,1762,713,400,52
-67,315,-225,351,100,-287,472,4099,1746,694,394,56
-68,296,-215,334,98,-276,515,4085,1727,680,388,60
-60,285,-220,333,112,-264,576,4074,1710,675,386,68
-49,271,-226,329,128,-247,661,4068,1693,674,388,79
-41,253,-226,319,139,-227,766,4059,1677,680,387,90
-24,251,-250,335,170,-212,879,4045,1668,698,391,102
2,263,-297,377,224,-199,993,4021,1657,718,392,112
30,286,-356,432,286,-192,1114,3987,1641,734,390,116
52,306,-406,480,337,-186,1242,3950,1621,742,389,118
65,315,-434,506,366,-179,1375,3907,1596,740,385,118
68,322,-451,522,381,-177,1503,3858,1570,735,382,115
69,330,-465,538,393,-176,1619,3806,1546,730,378,112
71,337,-477,550,402,-174,1691,3756,1524,725,376,109
67,342,-480,555,402,-174,1706,3708,1501,720,374,105
61,353,-485,565,400,-180,1678,3662,1482,717,372,98
54,366,-490,575,397,-188,1627,3623,1463,711,372,92
45,373,-486,577,385,-194,1560,3584,1448,704,373,83
41,381,-486,580,379,-199,1462,3548,1434,700,373,75
40,396,-494,594,380,-206,1357,3515,1420,695,372,68
42,419,-512,620,388,-218,1243,3481,1404,691,368,60
46,441,-530,645,398,-228,1124,3447,1380,679,358,53
48,452,-533,653,396,-234,1014,3411,1349,657,346,43
45,457,-525,648,383,-239,900,3371,1315,625,328,27
43,464,-519,647,371,-245,770,3323,1281,592,304,8
48,469,-518,648,368,-246,633,3275,1249,563,284,-13
48,454,-492,620,345,-238,510,3228,1208,527,261,-37
39,421,-439,561,298,-225,408,3186,1163,489,239,-63
27,378,-372,487,240,-208,320,3147,1120,453,219,-85
17,336,-310,416,187,-190,242,3108,1085,430,202,-102
13,307,-268,368,153,-177,160,3065,1058,420,189,-114
13,289,-241,338,132,-170,86,3023,1033,415,179,-122
11,280,-223,319,118,-169,30,2979,1009,411,170,-129
11,275,-212,309,109,-172,-12,2930,985,410,161,-137
12,273,-208,304,107,-175,-48,2880,964,408,152,-146
13,265,-200,294,103,-175,-76,2832,940,403,140,-154
12,258,-191,285,98,-177,-105,2784,918,400,128,-161
13,256,-191,284,102,-180,-140,2743,896,400,117,-164
14,249,-189,279,106,-179,-155,2704,877,400,104,-166
16,237,-184,269,109,-174,-170,2671,860,398,94,-168
17,217,-171,249,106,-163,-171,2644,844,391,86,-171
16,194,-155,225,100,-151,-167,2617,831,386,78,-175
20,178,-152,214,107,-138,-176,2589,822,387,72,-175
30,167,-162,215,126,-125,-192,2562,813,391,69,-173
39,155,-170,215,143,-110,-203,2538,799,392,66,-169
42,139,-168,204,149,-96,-209,2510,784,393,60,-169
52,136,-186,216,173,-85,-227,2481,776,401,55,-169
72,147,-229,254,221,-76,-259,2446,769,409,50,-173
94,171,-285,308,276,-74,-299,2407,758,412,44,-182
109,194,-334,356,323,-74,-340,2368,743,407,38,-191
115,202,-358,379,346,-71,-363,2328,722,389,26,-204
114,200,-363,381,351,-65,-385,2282,697,360,8,-222
110,196,-362,377,349,-59,-412,2233,669,323,-17,-242
105,189,-356,368,342,-52,-440,2182,639,282,-42,-262
98,177,-341,350,328,-42,-470,2131,607,240,-67,-283
91,168,-328,334,314,-35,-505,2080,575,203,-92,-304
83,161,-315,320,298,-30,-528,2032,545,173,-110,-321
72,153,-295,300,275,-27,-536,1979,518,149,-128,-336
64,150,-283,289,258,-26,-557,1924,492,134,-142,-345
62,153,-281,289,252,-26,-571,1865,468,123,-153,-353
61,167,-289,302,252,-32,-590,1801,448,116,-163,-359
59,183,-297,317,252,-43,-611,1737,426,107,-172,-365
52,191,-291,317,238,-51,-626,1671,403,96,-183,-374
39,190,-270,301,210,-58,-642,1599,378,83,-196,-385
26,191,-249,287,182,-68,-669,1522,354,69,-208,-395
21,194,-238,281,166,-74,-702,1447,329,54,-219,-405
10,181,-206,251,132,-75,-729,1374,296,31,-233,-419
-8,152,-150,194,78,-71,-752,1302,258,8,-249,-433
-28,113,-83,123,15,-61,-779,1235,217,-14,-262,-446
-44,77,-23,60,-38,-51,-809,1173,183,-26,-270,-457
-49,55,12,22,-68,-45,-849,1116,159,-28,-273,-462
-45,42,27,4,-76,-38,-887,1064,137,-27,-274,-466
-39,34,34,-5,-77,-34,-918,1014,115,-25,-276,-472
-35,31,37,-8,-77,-35,-945,962,92,-26,-281,-481
-32,30,37,-7,-74,-39,-968,907,67,-29,-284,-489
-28,24,41,-12,-72,-39,-989,853,38,-33,-288,-497
-24,16,46,-19,-70,-37,-1010,799,11,-34,-293,-505
-16,9,43,-21,-60,-33,-1030,755,-17,-37,-296,-507
-6,-7,46,-32,-51,-22,-1033,715,-43,-52,-305,-511
3,-30,56,-53,-47,-5,-1031,680,-70,-74,-318,-521
10,-63,77,-87,-51,17,-1016,651,-97,-100,-331,-532
13,-97,101,-125,-60,38,-991,622,-122,-120,-345,-543
20,-125,114,-150,-59,58,-970,596,-143,-133,-357,-556
33,-147,116,-165,-48,79,-958,575,-159,-140,-367,-569
43,-170,122,-184,-39,101,-942,560,-175,-146,-376,-580
47,-194,133,-207,-40,119,-920,543,-189,-148,-383,-589
60,-200,118,-201,-17,133,-912,527,-196,-138,-385,-594
83,-187,76,-165,30,141,-919,508,-197,-123,-386,-597
108,-161,18,-109,88,142,-928,483,-199,-109,-387,-599
129,-137,-34,-59,139,143,-934,457,-209,-105,-391,-604
141,-131,-59,-40,164,151,-924,426,-228,-117,-401,-614
146,-135,-65,-40,172,162,-920,385,-254,-143,-418,-631
146,-143,-59,-51,168,171,-922,339,-282,-174,-439,-648
139,-154,-44,-70,151,179,-925,288,-309,-205,-461,-666
127,-171,-16,-102,122,188,-929,235,-338,-235,-480,-684
113,-188,15,-135,88,195,-943,178,-367,-268,-499,-705
98,-206,50,-173,51,203,-956,120,-402,-308,-519,-728
80,-226,91,-215,8,210,-951,58,-437,-347,-543,-751
63,-237,124,-246,-30,211,-956,1,-473,-379,-564,-773
51,-243,147,-267,-60,210,-944,-50,-508,-404,-583,-793
42,-240,159,-275,-79,207,-929,-99,-540,-427,-600,-813
37,-233,165,-276,-92,202,-913,-143,-575,-454,-617,-832
31,-235,181,-289,-112,200,-879,-183,-611,-488,-638,-852
20,-242,206,-312,-142,199,-824,-219,-646,-522,-662,-871
13,-246,227,-329,-165,198,-771,-254,-677,-556,-687,-892
12,-247,238,-338,-177,197,-726,-285,-709,-590,-709,-913
2,-262,271,-370,-209,200,-678,-315,-747,-635,-736,-935
-17,-293,331,-431,-264,206,-630,-341,-788,-682,-769,-958
-41,-333,402,-505,-329,214,-584,-360,-827,-722,-800,-978
-64,-363,463,-565,-385,216,-546,-373,-860,-752,-825,-993
-77,-379,498,-598,-417,214,-527,-381,-883,-767,-843,-1002
-79,-387,514,-612,-428,214,-508,-387,-903,-776,-857,-1005
-78,-393,522,-620,-430,215,-487,-392,-921,-778,-869,-1008
-75,-395,523,-621,-426,213,-465,-398,-935,-774,-880,-1009
-73,-389,516,-610,-417,206,-447,-409,-950,-774,-891,-1011
-74,-387,513,-605,-411,201,-431,-425,-966,-779,-902,-1016
-75,-385,509,-598,-404,195,-419,-448,-979,-782,-914,-1023
-72,-378,496,-583,-388,189,-407,-470,-992,-783,-922,-1029
-69,-376,484,-571,-372,188,-378,-495,-1006,-789,-929,-1036
-68,-379,479,-568,-363,190,-348,-524,-1024,-804,-937,-1042
-68,-395,487,-582,-363,199,-308,-550,-1047,-821,-942,-1047
-70,-415,500,-602,-368,212,-264,-577,-1068,-832,-947,-1053
-66,-429,500,-609,-360,226,-226,-607,-1082,-836,-949,-1057
-55,-441,492,-610,-343,242,-189,-633,-1094,-837,-949,-1062
-47,-459,491,-620,-333,262,-138,-653,-1107,-839,-951,-1066
-42,-478,497,-636,-330,280,-74,-674,-1118,-838,-958,-1075
-29,-478,475,-621,-304,292,-8,-690,-1115,-823,-960,-1079
-8,-458,427,-576,-256,296,56,-702,-1102,-802,-957,-1081
17,-428,364,-514,-196,295,111,-715,-1089,-783,-955,-1085
37,-399,310,-460,-147,292,158,-731,-1084,-776,-957,-1094
49,-387,281,-433,-120,294,206,-750,-1088,-783,-967,-1106
53,-384,270,-425,-111,298,242,-771,-1097,-799,-983,-1123
56,-385,266,-425,-108,303,269,-794,-1107,-819,-999,-1144
61,-392,268,-434,-110,314,291,-818,-1118,-841,-1015,-1167
64,-404,278,-451,-118,326,311,-842,-1132,-862,-1033,-1188
65,-410,286,-463,-126,333,323,-868,-1147,-879,-1051,-1208
68,-419,295,-477,-135,343,331,-894,-1164,-896,-1065,-1226
68,-429,310,-497,-151,351,341,-924,-1182,-914,-1079,-1244
68,-432,320,-507,-162,354,330,-957,-1205,-928,-1090,-1261
71,-429,321,-509,-167,354,321,-995,-1228,-940,-1099,-1276
76,-418,315,-500,-166,350,316,-1036,-1245,-943,-1102,-1288
83,-406,305,-488,-160,345,313,-1077,-1258,-942,-1100,-1293
85,-399,306,-485,-164,340,314,-1117,-1272,-946,-1098,-1294
80,-394,316,-490,-179,332,296,-1161,-1284,-954,-1096,-1295
74,-387,325,-491,-194,320,244,-1208,-1294,-962,-1095,-1295
71,-378,328,-488,-202,309,170,-1253,-1304,-972,-1095,-1295
58,-386,359,-515,-235,302,96,-1295,-1324,-997,-1103,-1298
33,-415,421,-574,-295,300,32,-1329,-1349,-1031,-1117,-1308
4,-459,501,-657,-369,306,-26,-1353,-1375,-1069,-1131,-1321
-23,-502,577,-735,-438,312,-80,-1368,-1398,-1099,-1145,-1333
-43,-528,629,-785,-485,312,-139,-1370,-1412,-1116,-1154,-1341
-54,-545,662,-817,-513,311,-192,-1357,-1424,-1121,-1160,-1343
-60,-559,684,-839,-529,312,-236,-1335,-1432,-1119,-1161,-1345
-63,-568,696,-851,-536,311,-275,-1309,-1437,-1113,-1157,-1343
-64,-569,698,-850,-534,307,-311,-1281,-1438,-1107,-1148,-1340
-63,-572,699,-850,-530,305,-355,-1252,-1443,-1105,-1141,-1339
-61,-576,698,-850,-523,307,-413,-1229,-1447,-1103,-1140,-1337
-52,-580,689,-844,-506,312,-474,-1205,-1451,-1101,-1140,-1332
-47,-582,680,-837,-491,315,-517,-1185,-1452,-1103,-1140,-1329
-47,-584,674,-831,-481,316,-551,-1168,-1452,-1103,-1138,-1326
-49,-592,678,-836,-479,319,-569,-1150,-1452,-1101,-1134,-1319
-53,-604,685,-847,-480,326,-562,-1143,-1453,-1101,-1128,-1307
-51,-610,679,-844,-470,332,-535,-1150,-1452,-1095,-1117,-1294
-43,-614,666,-837,-450,343,-481,-1167,-1451,-1086,-1104,-1279
-34,-627,660,-840,-435,361,-400,-1186,-1453,-1077,-1092,-1265
-28,-645,663,-853,-429,381,-309,-1210,-1456,-1065,-1086,-1253
-15,-647,641,-839,-403,396,-215,-1239,-1453,-1039,-1076,-1238
6,-629,594,-796,-354,403,-123,-1271,-1448,-1012,-1067,-1224
31,-602,533,-738,-295,407,-32,-1307,-1444,-992,-1058,-1213
51,-575,479,-685,-244,408,63,-1341,-1444,-981,-1050,-1208
62,-561,446,-655,-214,413,173,-1373,-1449,-980,-1049,-1206
66,-552,428,-639,-200,415,289,-1407,-1455,-985,-1053,-1206
65,-547,418,-631,-196,417,400,-1435,-1459,-990,-1060,-1208
64,-545,416,-631,-197,422,497,-1453,-1462,-995,-1066,-1209
62,-548,420,-638,-204,428,581,-1460,-1461,-1001,-1070,-1210
59,-544,419,-638,-209,430,646,-1459,-1458,-1005,-1071,-1210
58,-540,419,-638,-215,431,697,-1447,-1454,-1007,-1070,-1203
53,-535,423,-641,-226,429,738,-1436,-1449,-1007,-1069,-1197
51,-525,420,-635,-230,426,751,-1422,-1442,-999,-1063,-1188
52,-509,410,-620,-229,418,749,-1406,-1435,-991,-1055,-1176
54,-484,391,-594,-222,404,721,-1393,-1425,-978,-1047,-1167
58,-461,373,-568,-214,392,673,-1383,-1418,-971,-1044,-1160
57,-447,371,-560,-220,382,620,-1376,-1418,-974,-1047,-1159
50,-440,381,-563,-237,372,567,-1374,-1420,-980,-1055,-1163
47,-433,387,-563,-250,363,506,-1378,-1422,-984,-1065,-1170
54,-427,385,-559,-250,361,436,-1383,-1424,-988,-1073,-1177
51,-438,409,-582,-273,362,371,-1390,-1436,-1008,-1086,-1189
37,-465,460,-635,-321,368,318,-1398,-1453,-1037,-1103,-1205
16,-503,527,-704,-382,375,270,-1407,-1474,-1069,-1122,-1224
-3,-539,590,-769,-440,382,220,-1416,-1492,-1095,-1142,-1240
-16,-562,631,-811,-477,384,158,-1426,-1504,-1114,-1159,-1253
-19,-575,652,-833,-494,385,95,-1435,-1516,-1128,-1173,-1264
-19,-585,665,-846,-502,386,33,-1442,-1527,-1137,-1184,-1274
-18,-592,672,-854,-504,386,-25,-1449,-1538,-1140,-1192,-1281
-13,-595,670,-852,-496,385,-78,-1456,-1547,-1144,-1197,-1286
-9,-600,670,-852,-490,385,-119,-1462,-1554,-1145,-1200,-1288
-7,-602,668,-851,-483,382,-156,-1473,-1559,-1146,-1204,-1292
-5,-601,660,-842,-470,377,-191,-1477,-1562,-1144,-1202,-1295
-4,-603,656,-840,-462,375,-203,-1479,-1561,-1146,-1201,-1299
-9,-607,659,-843,-460,370,-207,-1479,-1557,-1153,-1199,-1304
-15,-617,668,-854,-464,370,-196,-1475,-1553,-1158,-1196,-1307
-22,-631,680,-869,-470,373,-174,-1473,-1545,-1160,-1189,-1307
-23,-636,678,-870,-462,375,-155,-1474,-1533,-1156,-1180,-1303
-19,-633,662,-857,-442,375,-137,-1475,-1523,-1148,-1169,-1298
-14,-636,651,-850,-425,381,-111,-1471,-1516,-1138,-1158,-1291
-13,-646,651,-856,-419,390,-79,-1468,-1508,-1124,-1148,-1284
-7,-641,633,-841,-398,394,-54,-1467,-1491,-1098,-1131,-1272
8,-619,589,-797,-355,392,-36,-1470,-1471,-1073,-1114,-1262
27,-585,529,-734,-299,385,-26,-1478,-1451,-1052,-1098,-1255
44,-553,474,-677,-249,379,-20,-1492,-1442,-1042,-1090,-1252
53,-537,444,-645,-222,378,-7,-1512,-1444,-1043,-1090,-1254
55,-529,431,-632,-212,379,7,-1534,-1446,-1042,-1094,-1258
54,-526,425,-627,-209,382,16,-1557,-1448,-1045,-1101,-1262
53,-529,429,-632,-214,387,23,-1582,-1450,-1052,-1108,-1266
51,-538,441,-646,-226,397,33,-1606,-1452,-1058,-1114,-1271
48,-540,448,-653,-237,401,38,-1631,-1453,-1064,-1118,-1272
45,-538,451,-655,-245,402,42,-1650,-1456,-1074,-1118,-1271
41,-535,456,-657,-256,401,49,-1669,-1456,-1082,-1116,-1268
42,-526,451,-649,-257,399,41,-1683,-1453,-1080,-1110,-1261
46,-510,437,-630,-251,393,34,-1694,-1449,-1074,-1101,-1249
52,-484,414,-598,-237,381,21,-1704,-1443,-1065,-1090,-1236
57,-453,385,-560,-220,365,2,-1710,-1436,-1053,-1078,-1221
60,-431,369,-536,-214,351,-9,-1713,-1431,-1047,-1067,-1205
56,-412,363,-520,-218,335,-14,-1718,-1428,-1045,-1060,-1192
51,-387,350,-496,-217,314,-30,-1723,-1424,-1043,-1054,-1182
50,-357,330,-463,-209,291,-56,-1724,-1419,-1044,-1046,-1172
43,-348,335,-461,-222,278,-84,-1722,-1422,-1055,-1044,-1165
25,-356,368,-489,-260,269,-111,-1713,-1429,-1066,-1045,-1158
2,-376,416,-535,-309,265,-134,-1695,-1432,-1070,-1044,-1150
-16,-396,459,-576,-352,263,-155,-1675,-1427,-1063,-1039,-1142
-28,-403,482,-596,-377,257,-180,-1654,-1413,-1040,-1028,-1129
-37,-401,492,-602,-390,248,-196,-1628,-1393,-1009,-1014,-1114
-46,-395,497,-600,-399,235,-208,-1603,-1372,-977,-996,-1098
-58,-381,495,-589,-405,215,-223,-1582,-1354,-944,-976,-1082
-68,-364,486,-570,-403,194,-240,-1560,-1332,-907,-951,-1067
-76,-349,477,-554,-400,177,-240,-1535,-1306,-874,-925,-1051
-84,-334,466,-535,-395,159,-228,-1516,-1278,-840,-900,-1038
-88,-314,446,-508,-381,140,-221,-1491,-1247,-806,-875,-1024
-93,-299,430,-486,-370,126,-197,-1462,-1213,-771,-854,-1011
-96,-292,419,-473,-360,117,-183,-1431,-1180,-742,-831,-997
-99,-291,415,-468,-354,113,-178,-1393,-1148,-718,-806,-982
-101,-294,412,-468,-349,113,-177,-1350,-1113,-692,-780,-968
-99,-289,397,-453,-332,112,-169,-1306,-1072,-658,-750,-953
-91,-277,369,-426,-303,110,-146,-1256,-1025,-621,-717,-934
-84,-267,344,-401,-277,109,-106,-1201,-976,-579,-678,-910
-83,-257,326,-382,-259,104,-81,-1146,-926,-531,-639,-884
-74,-226,280,-331,-219,90,-94,-1097,-865,-467,-594,-852
-56,-174,205,-246,-153,70,-135,-1058,-797,-394,-544,-817
-36,-105,110,-137,-73,40,-196,-1033,-728,-321,-492,-780
-19,-34,18,-29,3,6,-281,-1014,-663,-249,-438,-742
-14,28,-53,59,55,-30,-376,-1003,-604,-187,-388,-707
-19,85,-107,131,89,-68,-492,-1000,-546,-124,-341,-673
-29,142,-155,200,115,-110,-621,-1003,-487,-63,-297,-639
-42,196,-196,263,134,-151,-755,-1009,-427,-5,-251,-605
-58,245,-228,314,143,-191,-885,-1017,-370,51,-204,-572
-76,296,-259,368,150,-235,-1007,-1027,-316,107,-155,-539
-92,345,-289,419,157,-275,-1115,-1034,-267,161,-107,-504
-108,390,-314,464,160,-314,-1201,-1043,-221,215,-60,-470
-122,439,-344,515,168,-353,-1290,-1044,-172,279,-8,-429
-129,490,-383,573,184,-391,-1352,-1039,-119,349,47,-380
-132,550,-434,646,213,-432,-1404,-1033,-64,428,106,-326
-134,614,-490,725,244,-476,-1444,-1021,-10,507,169,-269
-138,671,-537,793,268,-517,-1442,-1005,45,584,235,-211
-146,723,-574,851,283,-558,-1403,-988,103,657,302,-153
-154,782,-618,919,301,-604,-1351,-969,165,725,369,-99
-157,846,-673,997,331,-651,-1286,-945,228,790,438,-47
-167,893,-706,1050,342,-691,-1190,-919,284,844,502,2
-185,920,-710,1071,329,-723,-1062,-886,337,893,562,47
-207,935,-698,1073,303,-752,-912,-844,393,944,622,90
-233,954,-687,1079,276,-784,-746,-789,460,1006,684,136
-251,983,-696,1105,267,-819,-588,-721,538,1080,749,186
-262,1020,-720,1146,274,-855,-424,-642,622,1160,818,240
-272,1061,-750,1195,286,-893,-254,-558,708,1242,886,296
-284,1110,-788,1254,303,-937,-87,-474,796,1325,956,355
-295,1169,-837,1328,329,-988,66,-396,883,1408,1024,416
-306,1227,-886,1401,355,-1038,204,-320,968,1490,1092,477
-316,1286,-938,1477,385,-1088,310,-249,1053,1573,1161,540
-323,1352,-1001,1565,425,-1140,378,-181,1138,1656,1234,610
-333,1419,-1063,1653,462,-1194,445,-123,1222,1736,1307,681
-347,1486,-1120,1738,494,-1249,479,-74,1303,1812,1380,755
-365,1551,-1173,1819,520,-1306,490,-32,1380,1885,1455,832
-388,1627,-1231,1911,548,-1372,486,1,1459,1968,1531,911
-411,1721,-1308,2026,587,-1449,450,37,1548,2067,1613,993
-432,1828,-1399,2161,638,-1533,387,83,1646,2180,1700,1081
-454,1934,-1489,2293,687,-1617,319,138,1747,2297,1790,1172
-483,2045,-1575,2426,728,-1707,241,193,1857,2418,1882,1263
-509,2180,-1688,2593,789,-1812,121,252,1983,2555,1983,1359
-529,2339,-1831,2795,874,-1927,-34,319,2120,2706,2091,1459
-545,2514,-1992,3020,972,-2051,-208,397,2265,2862,2202,1561
-565,2691,-2151,3245,1066,-2178,-385,490,2415,3014,2316,1666
-594,2860,-2292,3453,1141,-2306,-538,590,2565,3160,2428,1768
-633,3028,-2420,3650,1201,-2440,-681,685,2717,3310,2541,1869
-675,3197,-2546,3846,1255,-2577,-814,777,2876,3460,2656,1972
-718,3365,-2668,4040,1307,-2714,-933,865,3039,3608,2771,2074
-764,3529,-2782,4224,1349,-2850,-1037,945,3205,3754,2886,2175
-811,3696,-2897,4412,1392,-2990,-1134,1014,3371,3902,2999,2274
-859,3864,-3011,4599,1434,-3131,-1207,1075,3533,4045,3109,2373
-912,4033,-3121,4784,1467,-3278,-1240,1118,3694,4182,3213,2467
-967,4213,-3239,4981,1506,-3434,-1269,1154,3852,4322,3313,2564
-1020,4403,-3368,5192,1552,-3596,-1262,1176,4010,4461,3410,2661
-1075,4606,-3509,5419,1606,-3769,-1230,1180,4164,4596,3503,2752
-1129,4816,-3656,5654,1664,-3946,-1174,1159,4301,4713,3589,2837
-1189,5017,-3791,5877,1710,-4122,-1072,1103,4415,4809,3662,2911
-1254,5210,-3913,6084,1745,-4296,-934,1005,4506,4885,3724,2978
-1316,5403,-4038,6293,1783,-4469,-786,862,4582,4951,3779,3040
-1372,5597,-4172,6509,1833,-4638,-629,684,4641,5007,3831,3101
-1435,5773,-4282,6697,1863,-4800,-438,471,4678,5044,3875,3156
-1508,5929,-4362,6852,1866,-4956,-214,226,4698,5073,3911,3210
-1588,6074,-4426,6990,1855,-5109,26,-47,4706,5100,3945,3261
-1668,6225,-4496,7135,1848,-5267,263,-350,4707,5135,3980,3314
-1742,6388,-4587,7302,1860,-5428,474,-678,4703,5181,4018,3370
-1806,6551,-4690,7478,1887,-5583,682,-1017,4694,5234,4060,3431
-1867,6712,-4794,7653,1917,-5734,893,-1361,4679,5288,4102,3492
-1925,6870,-4899,7829,1951,-5882,1098,-1699,4664,5343,4142,3554
-1983,7031,-5008,8008,1988,-6031,1288,-2025,4652,5397,4180,3612
-2040,7180,-5108,8174,2021,-6172,1479,-2333,4645,5452,4220,3666
-2097,7323,-5202,8333,2049,-6308,1659,-2626,4644,5511,4260,3718
-2150,7465,-5300,8494,2083,-6441,1805,-2909,4638,5569,4302,3769
-2201,7598,-5390,8644,2113,-6566,1949,-3203,4624,5619,4340,3814
-2253,7721,-5471,8781,2137,-6684,2058,-3510,4597,5663,4375,3857
-2304,7831,-5537,8901,2152,-6792,2148,-3827,4557,5700,4409,3900
-2357,7932,-5594,9008,2160,-6895,2208,-4160,4505,5739,4445,3945
-2404,8038,-5660,9125,2176,-6997,2214,-4507,4443,5782,4486,3992
-2444,8144,-5732,9246,2201,-7093,2174,-4871,4368,5828,4530,4043
-2480,8242,-5800,9360,2227,-7181,2109,-5259,4279,5872,4576,4097
-2518,8340,-5864,9470,2248,-7270,2018,-5682,4179,5921,4622,4150
-2547,8461,-5961,9617,2296,-7367,1866,-6143,4079,5992,4678,4207
-2561,8604,-6092,9802,2378,-7468,1647,-6650,3972,6072,4736,4265
-2568,8759,-6242,10008,2476,-7574,1382,-7207,3857,6152,4795,4324
-2576,8916,-6392,10214,2573,-7680,1091,-7812,3721,6225,4854,4383
-2594,9063,-6521,10400,2649,-7787,806,-8464,3564,6285,4909,4441
-2619,9203,-6635,10571,2708,-7893,506,-9162,3386,6339,4960,4498
-2646,9340,-6742,10735,2762,-7998,188,-9906,3182,6386,5010,4553
-2674,9471,-6844,10891,2811,-8099,-132,-10688,2948,6421,5056,4608
-2703,9595,-6934,11033,2851,-8197,-448,-11502,2678,6439,5100,4662
-2734,9715,-7019,11170,2885,-8292,-759,-12335,2374,6441,5138,4712
-2763,9829,-7099,11300,2917,-8383,-1047,-13174,2038,6425,5172,4762
-2797,9938,-7169,11419,2938,-8473,-1295,-14014,1676,6391,5199,4809
-2827,10051,-7245,11544,2965,-8565,-1529,-14843,1289,6347,5223,4858
-2852,10164,-7326,11673,2999,-8654,-1721,-15657,880,6300,5244,4908
-2872,10277,-7413,11805,3039,-8740,-1888,-16461,451,6250,5264,4960
-2887,10388,-7502,11936,3084,-8821,-2031,-17254,-6,6191,5282,5012
-2905,10493,-7583,12059,3121,-8902,-2159,-18046,-491,6120,5298,5064
-2929,10600,-7659,12179,3151,-8989,-2282,-18839,-997,6048,5313,5119
-2955,10714,-7741,12308,3184,-9084,-2413,-19635,-1517,5977,5329,5178
-2978,10838,-7837,12451,3227,-9183,-2562,-20431,-2054,5903,5351,5242
-3012,10951,-7911,12574,3250,-9283,-2728,-21234,-2620,5815,5370,5302
-3057,11048,-7960,12668,3249,-9380,-2920,-22052,-3215,5714,5386,5361
-3108,11136,-7993,12747,3234,-9476,-3144,-22887,-3837,5605,5402,5422
-3158,11226,-8030,12829,3223,-9574,-3405,-23735,-4476,5496,5421,5485
-3200,11331,-8091,12938,3234,-9675,-3709,-24590,-5129,5391,5446,5556
-3231,11444,-8172,13065,3266,-9776,-4012,-25441,-5801,5286,5479,5635
-3253,11556,-8262,13198,3312,-9870,-4297,-26283,-6495,5170,5514,5721
-3271,11672,-8361,13341,3366,-9964,-4574,-27113,-7215,5036,5547,5811
-3287,11793,-8469,13493,3428,-10060,-4854,-27931,-7960,4882,5576,5902
-3303,11904,-8568,13633,3486,-10150,-5135,-28735,-8731,4703,5598,5993
-3317,12004,-8659,13761,3539,-10230,-5439,-29527,-9521,4499,5612,6075
-3328,12096,-8747,13882,3594,-10303,-5785,-30296,-10325,4277,5622,6158
-3339,12173,-8820,13983,3638,-10364,-6150,-31047,-11137,4032,5624,6239
-3347,12235,-8881,14067,3677,-10414,-6550,-31777,-11950,3777,5624,6319
-3351,12277,-8927,14127,3709,-10446,-6969,-32477,-12760,3516,5624,6402
-3354,12310,-8966,14177,3737,-10472,-7401,-33149,-13565,3255,5626,6488
-3348,12342,-9013,14233,3776,-10490,-7863,-33788,-14363,3000,5635,6583
-3332,12373,-9068,14292,3828,-10500,-8346,-34387,-15156,2746,5651,6690
-3311,12389,-9114,14336,3877,-10496,-8832,-34945,-15950,2480,5669,6805
-3289,12391,-9144,14359,3916,-10482,-9315,-35467,-16741,2202,5684,6920
-3259,12401,-9191,14399,3972,-10467,-9810,-35947,-17515,1925,5699,7035
-3220,12427,-9261,14465,4049,-10455,-10315,-36386,-18272,1645,5715,7146
-3177,12461,-9344,14544,4137,-10447,-10815,-36779,-19009,1363,5725,7252
-3138,12492,-9418,14615,4215,-10438,-11295,-37119,-19721,1077,5730,7353
-3111,12510,-9466,14659,4268,-10427,-11737,-37404,-20404,793,5730,7446
-3095,12521,-9496,14687,4301,-10420,-12159,-37638,-21049,516,5725,7532
-3084,12532,-9519,14709,4324,-10415,-12566,-37821,-21650,258,5724,7619
-3074,12539,-9536,14725,4343,-10408,-12948,-37960,-22213,18,5730,7709
-3064,12541,-9546,14731,4357,-10397,-13307,-38064,-22743,-209,5741,7800
-3053,12545,-9558,14741,4372,-10387,-13656,-38138,-23236,-426,5756,7890
-3042,12549,-9568,14748,4384,-10377,-13989,-38173,-23694,-632,5775,7983
-3036,12549,-9569,14747,4386,-10369,-14304,-38176,-24119,-828,5794,8075
-3028,12554,-9575,14753,4393,-10362,-14618,-38146,-24506,-1002,5820,8173
-3015,12564,-9591,14769,4409,-10357,-14927,-38087,-24851,-1148,5856,8275
-2997,12582,-9618,14797,4434,-10355,-15243,-38007,-25153,-1272,5899,8379
-2974,12598,-9648,14825,4464,-10348,-15566,-37901,-25417,-1384,5949,8484
-2948,12600,-9665,14836,4488,-10330,-15890,-37770,-25647,-1485,6002,8592
-2922,12592,-9674,14834,4505,-10307,-16217,-37618,-25843,-1574,6058,8702
-2893,12585,-9685,14836,4527,-10282,-16551,-37444,-25999,-1644,6120,8811
-2861,12575,-9698,14837,4552,-10255,-16879,-37243,-26120,-1699,6190,8921
-2838,12546,-9682,14806,4551,-10221,-17189,-37013,-26214,-1747,6263,9031
-2825,12499,-9638,14744,4525,-10182,-17478,-36755,-26281,-1786,6338,9142
-2818,12441,-9579,14665,4486,-10141,-17748,-36474,-26323,-1814,6417,9254
-2813,12389,-9525,14595,4450,-10105,-17997,-36177,-26338,-1825,6501,9368
-2801,12354,-9497,14553,4436,-10077,-18231,-35869,-26331,-1816,6593,9489
-2779,12332,-9491,14534,4445,-10051,-18432,-35556,-26307,-1797,6692,9616
-2752,12315,-9499,14528,4466,-10026,-18596,-35244,-26275,-1772,6795,9747
-2724,12306,-9515,14533,4495,-10006,-18727,-34938,-26230,-1739,6902,9881
-2695,12303,-9542,14550,4533,-9990,-18835,-34634,-26174,-1694,7016,10019
-2667,12301,-9569,14568,4571,-9976,-18922,-34328,-26102,-1637,7132,10159
-2643,12302,-9598,14588,4608,-9966,-18990,-34024,-26009,-1562,7250,10296
-2617,12306,-9631,14614,4649,-9957,-19042,-33711,-25891,-1471,7370,10431
-2592,12301,-9657,14630,4687,-9942,-19062,-33393,-25750,-1384,7485,10555
-2569,12287,-9674,14634,4717,-9922,-19065,-33066,-25585,-1298,7593,10668
-2550,12266,-9681,14627,4738,-9899,-19038,-32729,-25397,-1202,7698,10774
-2535,12243,-9682,14615,4753,-9878,-19001,-32386,-25183,-1092,7798,10874
-2519,12231,-9696,14618,4778,-9861,-18972,-32040,-24947,-970,7894,10970
-2499,12228,-9723,14637,4813,-9848,-18932,-31690,-24701,-848,7985,11061
-2483,12228,-9749,14656,4846,-9837,-18866,-31336,-24451,-740,8068,11142
-2473,12228,-9769,14673,4870,-9831,-18765,-30983,-24196,-640,8140,11212
-2459,12249,-9813,14719,4913,-9835,-18643,-30634,-23928,-538,8205,11271
-2437,12290,-9884,14795,4978,-9846,-18494,-30292,-23654,-445,8256,11315
-2414,12341,-9965,14885,5051,-9863,-18305,-29956,-23376,-368,8289,11340
-2396,12385,-10033,14961,5111,-9878,-18081,-29619,-23101,-313,8302,11346
-2387,12406,-10069,15001,5144,-9884,-17825,-29274,-22826,-280,8294,11329
-2386,12410,-10077,15010,5151,-9883,-17554,-28918,-22549,-265,8268,11294
-2387,12399,-10066,14996,5144,-9873,-17276,-28551,-22265,-262,8229,11243
-2388,12368,-10032,14953,5121,-9848,-16998,-28170,-21973,-264,8182,11177
-2386,12310,-9975,14876,5083,-9805,-16721,-27772,-21668,-267,8126,11097
-2381,12240,-9905,14782,5040,-9750,-16446,-27357,-21346,-262,8063,11007
-2368,12152,-9825,14669,4993,-9679,-16171,-26919,-21008,-255,7992,10906
-2355,12047,-9725,14530,4934,-9596,-15894,-26464,-20654,-245,7912,10793
-2336,11928,-9617,14377,4872,-9502,-15634,-25986,-20286,-225,7828,10672
-2311,11799,-9503,14212,4810,-9396,-15378,-25490,-19906,-204,7739,10539
-2277,11659,-9387,14038,4751,-9278,-15132,-24981,-19514,-189,7640,10394
-2239,11506,-9261,13848,4690,-9149,-14897,-24458,-19116,-185,7528,10234
-2201,11328,-9111,13626,4612,-9005,-14668,-23926,-18718,-195,7400,10061
-2164,11133,-8943,13380,4521,-8850,-14443,-23387,-18315,-219,7259,9874
-2125,10932,-8772,13128,4430,-8689,-14227,-22839,-17905,-252,7107,9674
-2078,10721,-8600,12869,4344,-8519,-14017,-22276,-17491,-292,6945,9469
-2034,10479,-8395,12567,4235,-8329,-13808,-21697,-17083,-352,6767,9253
-1997,10205,-8152,12219,4096,-8123,-13597,-21100,-16675,-423,6578,9026
-1966,9911,-7886,11843,3938,-7908,-13381,-20488,-16260,-497,6383,8790
-1932,9612,-7619,11462,3783,-7688,-13159,-19863,-15835,-567,6186,8548
-1887,9317,-7368,11095,3646,-7463,-12927,-19226,-15396,-626,5989,8305
-1833,9024,-7131,10740,3525,-7235,-12674,-18575,-14948,-676,5791,8059
-1777,8730,-6897,10387,3409,-7004,-12400,-17917,-14492,-725,5589,7807
-1718,8436,-6667,10036,3296,-6772,-12106,-17256,-14030,-772,5380,7550
-1659,8142,-6439,9688,3187,-6539,-11789,-16587,-13561,-821,5167,7287
-1600,7838,-6202,9328,3072,-6300,-11449,-15909,-13090,-876,4948,7016
-1540,7529,-5963,8963,2955,-6057,-11094,-15227,-12616,-935,4719,6733
-1475,7216,-5726,8598,2843,-5808,-10729,-14535,-12139,-996,4484,6442
-1410,6891,-5478,8218,2726,-5550,-10338,-13836,-11656,-1063,4243,6142
-1345,6554,-5218,7822,2599,-5284,-9926,-13127,-11169,-1133,3992,5832
-1280,6200,-4942,7406,2461,-5006,-9482,-12407,-10677,-1207,3733,5516
-1211,5836,-4658,6977,2320,-4719,-9009,-11680,-10175,-1273,3470,5193
-1135,5474,-4385,6558,2190,-4428,-8514,-10949,-9668,-1326,3205,4866
-1051,5117,-4122,6149,2072,-4134,-7995,-10214,-9158,-1369,2941,4538
-969,4756,-3853,5733,1949,-3838,-7459,-9478,-8650,-1411,2675,4208
-892,4388,-3570,5304,1813,-3541,-6924,-8749,-8145,-1457,2406,3874
-807,4029,-3304,4891,1692,-3244,-6412,-8030,-7635,-1497,2138,3540
-711,3683,-3059,4501,1593,-2948,-5920,-7322,-7131,-1535,1869,3205
-610,3351,-2831,4131,1507,-2658,-5446,-6629,-6636,-1577,1602,2868
-513,3023,-2603,3764,1420,-2373,-4985,-5952,-6157,-1624,1343,2538
-423,2688,-2358,3380,1314,-2087,-4534,-5296,-5697,-1675,1090,2214
-342,2352,-2102,2988,1197,-1806,-4104,-4668,-5253,-1723,845,1897
-264,2024,-1850,2604,1078,-1533,-3700,-4067,-4824,-1767,611,1590
-191,1705,-1599,2225,957,-1268,-3319,-3492,-4411,-1805,390,1292
-123,1385,-1342,1841,829,-1006,-2959,-2941,-4012,-1835,182,1004
-57,1076,-1091,1468,704,-752,-2625,-2413,-3628,-1858,-16,726
6,780,-848,1108,581,-508,-2315,-1902,-3259,-1876,-203,459
64,494,-610,757,458,-276,-2017,-1417,-2902,-1884,-381,204
122,226,-389,430,348,-55,-1748,-949,-2556,-1875,-542,-35
182,-23,-188,128,251,154,-1491,-500,-2220,-1854,-687,-258
239,-247,-8,-144,167,344,-1257,-75,-1896,-1826,-821,-466
290,-452,159,-394,88,516,-1047,330,-1588,-1800,-946,-664
333,-648,324,-639,5,677,-852,717,-1298,-1781,-1063,-853
371,-839,491,-880,-82,830,-673,1085,-1024,-1764,-1173,-1035
408,-1019,644,-1105,-161,975,-518,1433,-759,-1745,-1274,-1206
449,-1186,781,-1310,-226,1113,-380,1769,-505,-1722,-1364,-1363
481,-1358,931,-1528,-306,1248,-243,2090,-272,-1710,-1451,-1513
502,-1538,1098,-1762,-404,1380,-107,2399,-58,-1702,-1534,-1655
517,-1720,1271,-2000,-511,1509,24,2697,143,-1690,-1612,-1787
533,-1887,1430,-2219,-607,1628,141,2981,334,-1668,-1681,-1909
555,-2031,1556,-2400,-678,1735,238,3251,521,-1635,-1740,-2019
583,-2156,1656,-2552,-728,1833,332,3508,700,-1600,-1790,-2117
611,-2269,1741,-2684,-767,1922,425,3752,870,-1563,-1836,-2207
640,-2370,1814,-2799,-798,2004,513,3981,1029,-1525,-1879,-2289
665,-2458,1874,-2897,-822,2074,600,4194,1178,-1489,-1916,-2365
684,-2540,1934,-2991,-850,2136,690,4394,1313,-1455,-1951,-2434
698,-2615,1988,-3075,-877,2191,781,4579,1441,-1423,-1985,-2497
716,-2680,2028,-3143,-892,2242,865,4756,1559,-1394,-2016,-2552
734,-2746,2067,-3210,-906,2294,962,4922,1667,-1371,-2045,-2604
750,-2817,2111,-3284,-924,2349,1059,5080,1767,-1348,-2071,-2652
767,-2894,2160,-3365,-945,2409,1165,5235,1861,-1323,-2090,-2694
784,-2969,2206,-3443,-963,2470,1284,5386,1957,-1291,-2103,-2727
802,-3027,2233,-3496,-967,2521,1407,5533,2054,-1251,-2110,-2754
823,-3074,2246,-3533,-960,2566,1534,5676,2148,-1205,-2112,-2774
842,-3121,2261,-3571,-955,2612,1669,5814,2233,-1163,-2112,-2791
854,-3165,2281,-3611,-958,2651,1812,5940,2312,-1127,-2116,-2807
868,-3187,2278,-3621,-943,2679,1949,6055,2398,-1081,-2117,-2819
889,-3191,2251,-3604,-909,2699,2078,6158,2487,-1037,-2112,-2830
913,-3185,2212,-3573,-865,2716,2204,6249,2574,-1000,-2106,-2842
932,-3180,2181,-3547,-830,2729,2329,6331,2650,-979,-2101,-2859
939,-3187,2175,-3548,-819,2743,2459,6403,2713,-971,-2101,-2883
936,-3202,2190,-3568,-829,2756,2579,6465,2770,-974,-2110,-2912
930,-3220,2212,-3595,-847,2768,2688,6518,2822,-985,-2125,-2943
922,-3239,2240,-3627,-870,2780,2788,6564,2868,-1007,-2143,-2976
913,-3261,2274,-3667,-899,2793,2878,6608,2909,-1031,-2166,-3011
903,-3279,2308,-3703,-928,2802,2957,6656,2948,-1053,-2189,-3046
895,-3296,2341,-3739,-957,2811,3028,6715,2986,-1077,-2209,-3077
887,-3313,2376,-3778,-987,2820,3093,6780,3027,-1098,-2229,-3106
883,-3322,2400,-3803,-1007,2825,3138,6856,3071,-1110,-2243,-3127
884,-3319,2409,-3811,-1014,2825,3181,6943,3118,-1115,-2253,-3142
891,-3305,2402,-3802,-1007,2821,3208,7036,3171,-1113,-2259,-3150
901,-3286,2388,-3784,-994,2814,3223,7138,3226,-1109,-2264,-3153
908,-3272,2381,-3774,-987,2807,3236,7244,3278,-1112,-2269,-3158
913,-3264,2383,-3775,-988,2803,3244,7347,3327,-1118,-2277,-3164
918,-3254,2383,-3772,-987,2797,3237,7442,3378,-1122,-2284,-3171
926,-3245,2378,-3767,-980,2793,3223,7534,3430,-1126,-2285,-3178
930,-3260,2400,-3794,-995,2802,3215,7619,3471,-1136,-2291,-3187
926,-3296,2450,-3854,-1032,2820,3208,7698,3504,-1152,-2302,-3198
919,-3346,2514,-3933,-1081,2845,3202,7774,3537,-1163,-2310,-3209
912,-3393,2573,-4005,-1126,2868,3196,7844,3577,-1165,-2315,-3217
913,-3424,2607,-4049,-1148,2885,3184,7912,3626,-1153,-2314,-3222
921,-3452,2626,-4080,-1155,2905,3197,7982,3681,-1131,-2309,-3223
927,-3477,2643,-4107,-1161,2922,3244,8054,3739,-1102,-2302,-3221
931,-3495,2652,-4123,-1162,2933,3312,8129,3800,-1064,-2295,-3218
935,-3506,2651,-4128,-1157,2938,3388,8208,3865,-1021,-2287,-3215
937,-3518,2652,-4134,-1155,2944,3469,8288,3931,-978,-2278,-3211
940,-3533,2652,-4141,-1150,2952,3538,8363,3994,-931,-2273,-3208
949,-3547,2644,-4140,-1136,2965,3588,8443,4052,-884,-2266,-3202
959,-3567,2640,-4148,-1124,2982,3649,8525,4108,-844,-2262,-3199
968,-3596,2645,-4166,-1119,3006,3714,8609,4160,-811,-2258,-3198
975,-3635,2662,-4199,-1124,3034,3784,8696,4208,-781,-2252,-3196
979,-3673,2681,-4233,-1131,3062,3853,8782,4259,-749,-2245,-3196
987,-3699,2683,-4247,-1125,3085,3917,8866,4310,-715,-2237,-3195
1001,-3717,2675,-4249,-1108,3108,3982,8949,4357,-685,-2228,-3193
1016,-3742,2671,-4259,-1094,3136,4059,9034,4399,-663,-2220,-3191
1027,-3770,2676,-4278,-1089,3164,4133,9119,4440,-641,-2212,-3189
1045,-3777,2656,-4266,-1062,3184,4180,9202,4490,-608,-2196,-3184
1074,-3764,2605,-4222,-1008,3198,4208,9279,4547,-571,-2175,-3177
1104,-3733,2538,-4155,-942,3201,4233,9350,4609,-536,-2154,-3169
1129,-3699,2473,-4087,-881,3199,4260,9418,4668,-506,-2132,-3161
1147,-3674,2429,-4040,-840,3199,4292,9473,4717,-489,-2116,-3157
1155,-3654,2401,-4008,-816,3195,4309,9514,4759,-482,-2106,-3159
1157,-3635,2381,-3983,-801,3190,4306,9545,4799,-480,-2097,-3164
1158,-3620,2370,-3967,-793,3186,4304,9570,4836,-480,-2089,-3169
1155,-3606,2366,-3957,-794,3180,4308,9592,4870,-477,-2081,-3174
1149,-3586,2359,-3941,-794,3168,4310,9607,4901,-475,-2074,-3180
1143,-3564,2353,-3925,-795,3154,4319,9618,4928,-476,-2067,-3184
1132,-3541,2352,-3913,-804,3136,4326,9622,4953,-475,-2061,-3190
1123,-3512,2344,-3892,-806,3114,4306,9622,4975,-467,-2052,-3195
1119,-3478,2329,-3863,-801,3092,4283,9615,4994,-460,-2047,-3198
1116,-3436,2304,-3823,-789,3065,4245,9595,5007,-456,-2044,-3203
1115,-3392,2275,-3779,-772,3036,4199,9570,5013,-461,-2044,-3205
1111,-3355,2257,-3746,-766,3009,4161,9539,5010,-474,-2046,-3210
1102,-3324,2249,-3725,-769,2983,4123,9502,5003,-489,-2049,-3217
1092,-3294,2242,-3704,-773,2956,4075,9456,4995,-506,-2052,-3226
1090,-3265,2228,-3679,-768,2933,4014,9404,4980,-530,-2056,-3234
1081,-3257,2240,-3686,-785,2920,3950,9344,4954,-567,-2068,-3247
1064,-3275,2283,-3730,-827,2918,3877,9280,4919,-608,-2084,-3262
1041,-3309,2349,-3799,-888,2923,3797,9218,4883,-646,-2104,-3276
1021,-3347,2413,-3868,-945,2931,3708,9158,4852,-673,-2123,-3289
1007,-3373,2456,-3915,-984,2935,3591,9099,4829,-686,-2136,-3297
1000,-3391,2484,-3946,-1008,2937,3450,9046,4812,-691,-2145,-3301
995,-3409,2507,-3973,-1027,2940,3304,8998,4799,-691,-2151,-3300
992,-3426,2524,-3994,-1039,2944,3169,8953,4792,-686,-2155,-3297
990,-3436,2531,-4004,-1044,2944,3051,8914,4791,-678,-2156,-3291
991,-3453,2540,-4018,-1048,2949,2952,8880,4791,-671,-2158,-3284
991,-3472,2551,-4035,-1053,2956,2861,8845,4795,-660,-2159,-3278
995,-3491,2555,-4047,-1051,2966,2774,8817,4798,-648,-2159,-3270
1000,-3518,2565,-4068,-1052,2982,2715,8796,4802,-642,-2159,-3262
1001,-3550,2583,-4097,-1059,3001,2661,8785,4807,-637,-2157,-3255
1000,-3593,2612,-4141,-1076,3025,2617,8785,4814,-631,-2152,-3246
998,-3639,2645,-4189,-1097,3051,2579,8790,4826,-617,-2142,-3235
1003,-3674,2661,-4218,-1101,3077,2535,8800,4844,-594,-2129,-3223
1015,-3699,2657,-4228,-1087,3101,2489,8815,4864,-565,-2111,-3208
1029,-3725,2655,-4240,-1072,3128,2457,8834,4885,-537,-2091,-3191
1040,-3753,2658,-4257,-1065,3155,2437,8850,4909,-506,-2070,-3173
1056,-3761,2637,-4244,-1036,3172,2408,8868,4944,-464,-2045,-3151
1080,-3748,2588,-4201,-985,3183,2362,8883,4983,-419,-2018,-3130
1107,-3725,2528,-4143,-925,3189,2303,8894,5020,-381,-1994,-3113
1132,-3709,2478,-4096,-873,3199,2240,8905,5049,-354,-1975,-3100
1148,-3709,2455,-4080,-846,3214,2193,8915,5068,-342,-1963,-3091
1154,-3717,2453,-4083,-841,3228,2147,8923,5082,-339,-1955,-3088
1155,-3726,2459,-4093,-844,3240,2095,8931,5093,-340,-1951,-3089
1155,-3737,2470,-4109,-853,3253,2043,8943,5101,-345,-1952,-3090
1154,-3755,2491,-4136,-868,3271,1999,8956,5107,-355,-1954,-3089
1156,-3769,2509,-4159,-881,3288,1954,8971,5113,-372,-1959,-3089
1161,-3782,2524,-4180,-890,3306,1923,8993,5122,-390,-1959,-3085
1164,-3794,2542,-4202,-902,3322,1913,9020,5136,-406,-1958,-3080
1170,-3794,2547,-4210,-905,3332,1898,9054,5153,-412,-1951,-3070
1181,-3781,2537,-4197,-895,3335,1894,9091,5173,-406,-1941,-3056
1194,-3756,2514,-4169,-874,3331,1903,9129,5198,-395,-1925,-3039
1209,-3729,2487,-4137,-850,3326,1922,9168,5224,-383,-1907,-3023
1221,-3712,2475,-4122,-837,3325,1950,9204,5246,-376,-1890,-3011
1227,-3702,2475,-4119,-837,3324,1981,9236,5265,-373,-1878,-3004
1232,-3689,2473,-4113,-836,3319,2004,9260,5283,-370,-1870,-3001
1240,-3678,2469,-4106,-832,3316,2020,9281,5298,-370,-1862,-2998
1239,-3686,2493,-4131,-851,3320,2036,9297,5301,-385,-1864,-3003
1229,-3716,2544,-4187,-894,3331,2053,9309,5293,-409,-1875,-3012
1215,-3757,2611,-4262,-950,3347,2064,9318,5285,-431,-1890,-3019
1203,-3798,2673,-4332,-1001,3362,2071,9327,5284,-438,-1898,-3022
1197,-3825,2713,-4378,-1032,3372,2069,9339,5293,-428,-1897,-3018
1192,-3838,2733,-4400,-1049,3373,2069,9359,5310,-401,-1887,-3010
1187,-3839,2742,-4407,-1058,3364,2075,9384,5332,-366,-1873,-2999
1182,-3833,2741,-4402,-1060,3352,2088,9413,5357,-327,-1855,-2983
1178,-3825,2733,-4390,-1056,3337,2112,9441,5385,-290,-1837,-2965
1174,-3822,2730,-4385,-1055,3326,2133,9471,5411,-257,-1820,-2949
1167,-3823,2731,-4385,-1059,3315,2139,9496,5438,-228,-1807,-2939
1163,-3827,2730,-4384,-1058,3309,2138,9529,5468,-198,-1792,-2927
1163,-3842,2734,-4395,-1058,3313,2159,9561,5498,-176,-1778,-2917
1163,-3863,2745,-4413,-1062,3322,2185,9596,5528,-154,-1763,-2904
1164,-3895,2762,-4443,-1070,3339,2221,9635,5556,-136,-1748,-2894
1167,-3934,2786,-4482,-1081,3363,2269,9675,5587,-117,-1736,-2887
1174,-3966,2798,-4508,-1082,3386,2307,9715,5623,-92,-1727,-2881
1184,-3989,2797,-4520,-1072,3407,2349,9756,5659,-64,-1717,-2875
1195,-4016,2801,-4538,-1064,3431,2403,9802,5690,-44,-1711,-2870
1202,-4051,2816,-4569,-1067,3460,2456,9845,5717,-29,-1707,-2869
1214,-4069,2810,-4575,-1052,3482,2503,9888,5750,-7,-1700,-2866
1235,-4068,2778,-4551,-1014,3498,2537,9924,5786,15,-1691,-2862
1259,-4055,2730,-4510,-964,3510,2559,9954,5821,32,-1685,-2859
1282,-4044,2688,-4473,-919,3523,2579,9981,5848,41,-1682,-2860
1299,-4051,2671,-4467,-896,3544,2605,10007,5866,34,-1686,-2866
1306,-4069,2677,-4482,-893,3567,2632,10025,5879,13,-1696,-2880
1307,-4091,2694,-4508,-903,3590,2654,10041,5887,-15,-1712,-2895
1308,-4124,2724,-4552,-922,3621,2687,10057,5891,-46,-1731,-2911
1309,-4167,2767,-4609,-950,3658,2732,10072,5889,-78,-1752,-2930
1311,-4207,2808,-4665,-977,3694,2786,10087,5888,-109,-1777,-2952
1313,-4246,2848,-4720,-1004,3729,2847,10106,5887,-144,-1802,-2974
1314,-4288,2896,-4781,-1037,3764,2905,10124,5888,-178,-1827,-2997
1319,-4327,2938,-4837,-1063,3800,2943,10145,5891,-208,-1852,-3019
1325,-4363,2977,-4890,-1088,3834,2974,10170,5896,-238,-1881,-3043
1333,-4393,3011,-4935,-1109,3862,2988,10195,5899,-264,-1911,-3068
1338,-4424,3049,-4984,-1134,3889,2990,10221,5897,-295,-1940,-3094
1339,-4470,3106,-5055,-1174,3921,2990,10246,5891,-338,-1973,-3124
1335,-4523,3177,-5140,-1227,3953,2985,10271,5886,-382,-2009,-3161
1331,-4568,3239,-5214,-1275,3979,2961,10297,5883,-424,-2047,-3200
1333,-4609,3291,-5278,-1312,4005,2923,10327,5884,-462,-2083,-3238
1328,-4668,3366,-5369,-1368,4037,2883,10356,5876,-508,-2123,-3279
1315,-4743,3465,-5488,-1446,4073,2853,10385,5860,-559,-2165,-3321
1298,-4829,3577,-5621,-1534,4114,2835,10413,5840,-603,-2210,-3363
1285,-4912,3682,-5747,-1614,4154,2817,10439,5823,-643,-2252,-3404
1285,-4983,3760,-5848,-1668,4195,2789,10463,5811,-668,-2286,-3439
1295,-5047,3818,-5930,-1700,4237,2765,10486,5801,-683,-2313,-3467
1306,-5102,3867,-6000,-1726,4274,2747,10509,5792,-694,-2338,-3495
1313,-5150,3909,-6059,-1748,4304,2734,10530,5784,-703,-2362,-3525
1323,-5195,3942,-6111,-1763,4333,2723,10548,5778,-715,-2390,-3557
1331,-5243,3981,-6168,-1782,4364,2718,10562,5769,-729,-2421,-3589
1333,-5288,4018,-6222,-1804,4390,2713,10572,5762,-738,-2452,-3624
1337,-5328,4049,-6268,-1820,4414,2714,10590,5760,-741,-2480,-3655
1339,-5373,4083,-6319,-1839,4441,2744,10611,5760,-747,-2504,-3688
1339,-5422,4122,-6375,-1862,4471,2787,10637,5763,-756,-2528,-3720
1336,-5477,4168,-6440,-1892,4504,2846,10669,5769,-767,-2554,-3751
1334,-5535,4216,-6509,-1922,4542,2916,10704,5779,-773,-2579,-3782
1338,-5585,4248,-6561,-1937,4578,2992,10740,5793,-769,-2600,-3811
1347,-5624,4265,-6595,-1940,4612,3078,10781,5810,-760,-2617,-3836
1356,-5661,4279,-6626,-1941,4645,3183,10828,5829,-745,-2627,-3856
1361,-5697,4297,-6660,-1948,4676,3288,10873,5847,-727,-2637,-3876
1373,-5716,4291,-6665,-1933,4701,3382,10918,5873,-699,-2640,-3892
1394,-5717,4260,-6643,-1896,4721,3464,10955,5904,-668,-2640,-3910
1418,-5705,4214,-6602,-1847,4735,3530,10983,5934,-641,-2640,-3931
1442,-5693,4169,-6562,-1801,4749,3585,11008,5958,-626,-2642,-3954
1456,-5691,4145,-6543,-1775,4763,3645,11028,5976,-624,-2650,-3981
1464,-5695,4136,-6538,-1763,4778,3704,11046,5994,-627,-2662,-4011
1467,-5697,4131,-6534,-1756,4787,3765,11066,6013,-630,-2673,-4038
1467,-5697,4130,-6533,-1757,4793,3821,11091,6037,-629,-2681,-4065
1463,-5701,4139,-6541,-1766,4800,3867,11120,6066,-624,-2685,-4090
1459,-5703,4148,-6548,-1775,4804,3896,11151,6093,-616,-2686,-4114
1456,-5704,4157,-6555,-1784,4808,3915,11186,6118,-609,-2685,-4135
1450,-5706,4171,-6566,-1800,4809,3924,11215,6141,-607,-2684,-4154
1445,-5702,4181,-6571,-1812,4806,3901,11242,6162,-601,-2681,-4168
1443,-5692,4185,-6569,-1819,4799,3865,11268,6182,-596,-2676,-4181
1440,-5674,4181,-6556,-1820,4787,3806,11293,6207,-586,-2669,-4192
1439,-5654,4177,-6543,-1821,4773,3728,11322,6233,-576,-2661,-4200
1435,-5645,4186,-6545,-1833,4764,3653,11347,6254,-573,-2658,-4209
1431,-5647,4207,-6563,-1852,4761,3588,11367,6272,-576,-2657,-4217
1429,-5648,4225,-6579,-1868,4758,3524,11377,6289,-577,-2658,-4224
1431,-5646,4235,-6588,-1877,4755,3462,11381,6303,-582,-2661,-4228
1426,-5663,4270,-6626,-1906,4760,3408,11385,6307,-602,-2668,-4234
1412,-5702,4335,-6698,-1960,4773,3361,11392,6301,-628,-2678,-4240
1395,-5753,4415,-6789,-2028,4790,3314,11402,6292,-652,-2690,-4248
1378,-5800,4488,-6872,-2088,4806,3267,11413,6286,-669,-2701,-4256
1371,-5834,4536,-6930,-2126,4819,3219,11430,6285,-675,-2709,-4257
1372,-5861,4568,-6971,-2147,4832,3177,11455,6286,-672,-2712,-4253
1376,-5885,4591,-7004,-2160,4844,3132,11485,6289,-665,-2713,-4247
1382,-5901,4602,-7025,-2163,4853,3086,11520,6293,-652,-2712,-4237
1390,-5910,4600,-7031,-2155,4859,3053,11559,6299,-635,-2706,-4225
1399,-5921,4598,-7037,-2146,4866,3039,11603,6308,-612,-2697,-4208
1408,-5932,4592,-7041,-2133,4875,3037,11646,6322,-586,-2686,-4188
1424,-5942,4579,-7039,-2111,4887,3041,11692,6339,-561,-2673,-4168
1438,-5959,4571,-7044,-2094,4904,3064,11736,6354,-544,-2664,-4154
1451,-5987,4574,-7064,-2084,4929,3094,11779,6366,-540,-2658,-4146
1462,-6026,4589,-7098,-2082,4961,3138,11825,6376,-542,-2655,-4141
1473,-6067,4604,-7134,-2082,4994,3192,11868,6389,-541,-2651,-4138
1485,-6095,4606,-7152,-2072,5021,3244,11912,6406,-533,-2646,-4137
1498,-6117,4599,-7159,-2055,5045,3302,11962,6428,-517,-2638,-4130
1509,-6142,4599,-7172,-2044,5070,3384,12018,6451,-500,-2624,-4121
1512,-6168,4609,-7192,-2046,5091,3490,12073,6475,-482,-2615,-4118
1522,-6178,4597,-7187,-2029,5107,3602,12126,6506,-457,-2606,-4117
1539,-6171,4561,-7155,-1992,5117,3712,12174,6542,-436,-2598,-4118
1559,-6155,4516,-7111,-1948,5123,3825,12216,6579,-420,-2593,-4122
1574,-6140,4477,-7072,-1911,5127,3943,12253,6607,-411,-2593,-4130
1583,-6138,4460,-7056,-1895,5136,4063,12287,6628,-412,-2597,-4143
1584,-6143,4461,-7057,-1896,5144,4172,12317,6648,-418,-2605,-4161
1584,-6150,4467,-7063,-1902,5152,4268,12343,6668,-425,-2615,-4180
1585,-6158,4476,-7074,-1910,5163,4355,12368,6689,-429,-2623,-4198
1585,-6170,4491,-7090,-1924,5175,4435,12398,6712,-430,-2629,-4214
1587,-6178,4504,-7104,-1936,5186,4494,12432,6740,-428,-2632,-4227
1590,-6184,4517,-7116,-1946,5196,4530,12472,6770,-423,-2630,-4237
1592,-6188,4530,-7128,-1959,5203,4554,12509,6801,-413,-2630,-4247
1601,-6186,4532,-7129,-1959,5210,4556,12545,6831,-394,-2627,-4256
1614,-6178,4525,-7121,-1951,5216,4561,12585,6864,-373,-2619,-4263
1629,-6162,4510,-7101,-1935,5217,4558,12625,6899,-349,-2610,-4267
1645,-6143,4491,-7078,-1917,5216,4538,12664,6933,-328,-2600,-4271
1654,-6131,4486,-7070,-1911,5214,4510,12705,6964,-313,-2591,-4278
1655,-6124,4494,-7073,-1919,5211,4478,12745,6992,-304,-2586,-4286
1655,-6114,4500,-7073,-1926,5204,4426,12782,7022,-296,-2584,-4297
1661,-6104,4498,-7068,-1923,5199,4354,12819,7049,-295,-2582,-4313
1657,-6110,4521,-7090,-1942,5199,4280,12855,7067,-308,-2587,-4335
1641,-6137,4574,-7146,-1989,5205,4215,12896,7081,-329,-2596,-4361
1621,-6179,4645,-7224,-2050,5217,4162,12944,7095,-347,-2604,-4382
1604,-6220,4710,-7296,-2103,5231,4109,12995,7114,-355,-2610,-4400
1592,-6242,4750,-7340,-2138,5234,4045,13047,7140,-347,-2612,-4411
1584,-6255,4773,-7366,-2157,5235,3992,13101,7170,-332,-2610,-4416
1580,-6266,4789,-7385,-2168,5236,3961,13154,7201,-312,-2606,-4417
1578,-6274,4796,-7396,-2171,5236,3944,13205,7235,-286,-2598,-4416
1581,-6276,4791,-7395,-2163,5235,3931,13253,7273,-259,-2589,-4411
1583,-6282,4788,-7397,-2157,5236,3924,13298,7307,-237,-2582,-4404
1584,-6290,4787,-7402,-2152,5238,3923,13335,7343,-217,-2573,-4399
1590,-6299,4780,-7403,-2139,5244,3928,13377,7383,-195,-2559,-4393
1596,-6314,4777,-7410,-2130,5254,3947,13416,7424,-176,-2547,-4387
1599,-6333,4781,-7425,-2127,5266,3961,13453,7464,-159,-2536,-4382
1601,-6363,4796,-7453,-2133,5284,3982,13493,7503,-146,-2528,-4376
1600,-6394,4813,-7483,-2141,5302,4005,13535,7546,-129,-2520,-4368
1602,-6412,4814,-7494,-2137,5314,4008,13582,7593,-104,-2509,-4355
1611,-6425,4803,-7493,-2121,5328,4007,13637,7639,-78,-2495,-4337
1624,-6444,4796,-7498,-2105,5350,4018,13700,7679,-55,-2480,-4318
1632,-6468,4798,-7513,-2098,5373,4028,13766,7720,-31,-2464,-4298
1649,-6475,4775,-7500,-2071,5391,4032,13834,7770,2,-2444,-4276
1673,-6465,4727,-7459,-2021,5403,4042,13904,7824,42,-2420,-4251
1700,-6443,4668,-7402,-1962,5410,4052,13971,7877,79,-2397,-4227
1726,-6428,4617,-7356,-1911,5421,4048,14036,7919,105,-2378,-4205
1746,-6428,4589,-7336,-1879,5439,4042,14092,7949,116,-2367,-4190
1760,-6436,4577,-7330,-1862,5458,4027,14145,7973,120,-2363,-4180
1772,-6445,4571,-7331,-1850,5476,4005,14194,7994,121,-2361,-4171
1781,-6456,4570,-7336,-1845,5495,3986,14241,8013,118,-2358,-4165
1788,-6468,4576,-7347,-1845,5513,3971,14287,8029,115,-2353,-4162
1793,-6475,4579,-7353,-1845,5525,3952,14331,8045,117,-2348,-4161
1798,-6480,4585,-7360,-1848,5536,3934,14378,8059,117,-2341,-4158
1799,-6487,4597,-7372,-1857,5545,3927,14419,8073,119,-2335,-4155
1800,-6483,4601,-7373,-1861,5548,3913,14462,8087,130,-2327,-4149
1803,-6472,4598,-7364,-1858,5545,3910,14505,8102,147,-2317,-4141
1809,-6453,4585,-7343,-1849,5538,3912,14547,8123,167,-2305,-4133
1815,-6430,4570,-7319,-1837,5528,3920,14591,8148,185,-2291,-4127
1815,-6413,4566,-7307,-1836,5518,3944,14636,8170,197,-2279,-4122
1813,-6402,4573,-7307,-1845,5509,3970,14677,8193,204,-2271,-4123
1810,-6387,4576,-7301,-1851,5496,3984,14708,8219,212,-2265,-4127
1813,-6372,4573,-7291,-1848,5486,3991,14738,8244,218,-2259,-4133
1809,-6374,4594,-7309,-1868,5482,4008,14766,8264,212,-2258,-4142
1791,-6394,4647,-7360,-1917,5480,4039,14793,8281,205,-2259,-4154
1768,-6428,4717,-7432,-1980,5484,4072,14820,8300,197,-2261,-4167
1749,-6461,4782,-7500,-2038,5488,4100,14847,8326,198,-2260,-4178
1739,-6480,4821,-7540,-2072,5488,4116,14877,8362,213,-2253,-4181
1735,-6486,4840,-7560,-2089,5484,4133,14909,8405,237,-2240,-4179
1733,-6486,4849,-7569,-2098,5476,4150,14940,8449,264,-2224,-4173
1732,-6484,4853,-7572,-2102,5467,4162,14968,8492,289,-2209,-4168
1732,-6477,4850,-7567,-2100,5456,4172,14996,8531,306,-2196,-4165
1729,-6473,4849,-7565,-2102,5444,4186,15022,8564,316,-2186,-4161
1724,-6471,4851,-7566,-2106,5433,4203,15043,8596,328,-2180,-4162
1724,-6473,4848,-7567,-2104,5428,4223,15071,8628,344,-2170,-4160
1728,-6483,4848,-7574,-2100,5432,4260,15107,8660,357,-2160,-4158
1730,-6498,4852,-7587,-2100,5439,4292,15152,8695,377,-2149,-4153
1730,-6518,4863,-7608,-2106,5450,4335,15204,8731,396,-2137,-4143
1730,-6540,4873,-7629,-2110,5463,4379,15254,8769,420,-2124,-4130
1735,-6551,4865,-7630,-2099,5472,4401,15303,8807,448,-2109,-4114
1745,-6553,4843,-7615,-2075,5482,4406,15352,8845,481,-2091,-4094
1755,-6559,4823,-7605,-2052,5494,4409,15405,8878,511,-2071,-4078
1760,-6569,4813,-7603,-2039,5507,4414,15457,8912,543,-2053,-4063
1769,-6562,4782,-7576,-2009,5513,4405,15506,8952,586,-2033,-4047
1785,-6536,4726,-7519,-1958,5510,4374,15546,8994,631,-2018,-4034
1803,-6499,4657,-7446,-1897,5504,4330,15578,9031,667,-2007,-4027
1815,-6464,4596,-7379,-1845,5495,4294,15607,9063,690,-2000,-4024
1818,-6445,4563,-7342,-1818,5491,4282,15633,9087,701,-1999,-4024
1811,-6434,4548,-7323,-1810,5486,4283,15657,9111,704,-2002,-4025
1803,-6426,4540,-7310,-1808,5483,4296,15682,9133,711,-2006,-4023
1797,-6424,4538,-7305,-1810,5485,4315,15707,9154,715,-2008,-4020
1787,-6425,4545,-7307,-1820,5487,4321,15730,9173,720,-2009,-4019
1775,-6419,4550,-7305,-1831,5482,4297,15748,9193,727,-2008,-4017
1765,-6412,4555,-7302,-1841,5478,4255,15767,9213,733,-2006,-4012
1754,-6405,4563,-7301,-1855,5472,4227,15779,9234,741,-2003,-4011
1746,-6389,4561,-7289,-1860,5462,4206,15790,9256,755,-1998,-4007
1742,-6363,4547,-7261,-1856,5446,4206,15801,9281,776,-1990,-4002
1741,-6326,4522,-7220,-1842,5424,4205,15810,9308,801,-1979,-3996
1743,-6288,4495,-7177,-1826,5402,4203,15818,9332,823,-1964,-3987
1743,-6263,4484,-7153,-1822,5386,4215,15826,9350,833,-1952,-3979
1741,-6248,4485,-7145,-1827,5374,4237,15830,9365,837,-1945,-3975
1742,-6232,4484,-7135,-1830,5363,4251,15824,9377,839,-1944,-3975
1749,-6217,4478,-7123,-1825,5355,4265,15815,9387,841,-1943,-3974
1749,-6220,4496,-7139,-1841,5353,4304,15803,9388,832,-1947,-3976
1738,-6237,4538,-7180,-1879,5353,4368,15790,9385,817,-1954,-3980
1722,-6260,4591,-7233,-1929,5354,4462,15783,9382,807,-1961,-3979
1705,-6276,4635,-7275,-1973,5347,4570,15781,9386,812,-1962,-3974
1693,-6272,4653,-7287,-1995,5331,4665,15783,9395,832,-1956,-3963
1688,-6257,4651,-7278,-2000,5313,4765,15793,9409,857,-1944,-3950
1687,-6241,4642,-7264,-1996,5296,4872,15809,9425,885,-1928,-3936
1688,-6225,4629,-7246,-1988,5279,4973,15826,9443,916,-1911,-3923
1689,-6206,4610,-7222,-1975,5261,5067,15844,9462,945,-1894,-3910
1690,-6194,4595,-7205,-1964,5247,5162,15864,9480,973,-1876,-3895
1689,-6182,4581,-7189,-1955,5233,5251,15880,9497,1003,-1860,-3880
1688,-6169,4561,-7168,-1942,5218,5324,15900,9514,1036,-1840,-3862
1686,-6161,4548,-7154,-1934,5207,5395,15916,9530,1063,-1819,-3843
1680,-6158,4540,-7147,-1930,5198,5434,15930,9546,1089,-1798,-3826
1674,-6162,4539,-7149,-1931,5194,5456,15944,9557,1109,-1779,-3810
1665,-6170,4542,-7155,-1936,5192,5464,15952,9566,1129,-1761,-3798
1658,-6171,4536,-7150,-1932,5187,5445,15957,9575,1153,-1742,-3786
1653,-6169,4523,-7138,-1923,5183,5409,15961,9584,1178,-1721,-3774
1646,-6170,4516,-7132,-1919,5180,5375,15967,9590,1197,-1702,-3761
1633,-6169,4514,-7129,-1923,5173,5340,15969,9597,1212,-1685,-3750
1631,-6147,4480,-7089,-1898,5158,5283,15968,9613,1241,-1662,-3736
1638,-6098,4410,-7008,-1843,5133,5203,15962,9637,1279,-1634,-3717
1654,-6032,4317,-6900,-1767,5103,5110,15948,9660,1315,-1606,-3698
1670,-5965,4224,-6791,-1692,5072,5002,15930,9673,1342,-1579,-3682
1678,-5911,4153,-6705,-1636,5045,4897,15904,9675,1357,-1557,-3671
1679,-5868,4103,-6642,-1600,5020,4787,15872,9675,1366,-1539,-3663
1677,-5832,4065,-6590,-1575,4999,4680,15835,9674,1376,-1524,-3656
1674,-5804,4038,-6551,-1558,4982,4590,15793,9671,1385,-1513,-3651
1666,-5783,4026,-6528,-1555,4968,4510,15744,9662,1390,-1506,-3648
1657,-5758,4012,-6500,-1552,4949,4432,15686,9647,1393,-1503,-3645
1649,-5729,3997,-6470,-1548,4929,4363,15628,9629,1396,-1498,-3641
1636,-5698,3986,-6441,-1550,4904,4314,15567,9611,1405,-1494,-3632
1624,-5659,3966,-6401,-1546,4875,4267,15507,9593,1423,-1486,-3621
1615,-5612,3939,-6351,-1536,4841,4250,15446,9578,1441,-1477,-3607
1609,-5560,3903,-6293,-1518,4805,4255,15383,9568,1459,-1464,-3590
1606,-5508,3868,-6235,-1499,4771,4280,15319,9558,1471,-1453,-3571
1600,-5469,3848,-6196,-1492,4743,4339,15254,9544,1476,-1446,-3556
1590,-5439,3840,-6171,-1496,4717,4422,15185,9525,1474,-1442,-3546
1580,-5406,3830,-6144,-1499,4689,4510,15111,9505,1470,-1440,-3540
1574,-5370,3812,-6110,-1495,4660,4610,15040,9483,1466,-1435,-3531
1557,-5346,3817,-6098,-1512,4632,4744,14970,9453,1451,-1433,-3525
1528,-5337,3847,-6114,-1554,4605,4912,14900,9419,1434,-1436,-3518
1494,-5335,3888,-6141,-1607,4578,5098,14831,9381,1421,-1439,-3512
1459,-5325,3922,-6159,-1655,4546,5290,14764,9348,1417,-1438,-3503
1432,-5302,3932,-6152,-1682,4509,5461,14699,9323,1424,-1432,-3489
1416,-5271,3922,-6126,-1688,4473,5616,14634,9300,1436,-1424,-3469
1404,-5237,3902,-6092,-1684,4438,5761,14567,9278,1446,-1416,-3448
1394,-5200,3877,-6053,-1676,4402,5896,14500,9258,1456,-1406,-3423
1384,-5160,3845,-6006,-1662,4364,6022,14431,9236,1463,-1395,-3399
1370,-5125,3821,-5969,-1655,4327,6138,14361,9212,1470,-1386,-3378
1354,-5093,3801,-5934,-1652,4289,6236,14285,9188,1476,-1380,-3359
1343,-5059,3772,-5893,-1640,4254,6305,14207,9163,1480,-1374,-3339
1333,-5033,3748,-5861,-1629,4227,6373,14123,9134,1476,-1369,-3319
1323,-5016,3732,-5839,-1624,4205,6414,14035,9103,1468,-1364,-3301
1312,-5003,3720,-5824,-1621,4187,6441,13946,9067,1457,-1360,-3282
1302,-4993,3709,-5810,-1618,4173,6444,13850,9027,1449,-1354,-3264
1301,-4978,3683,-5782,-1599,4161,6397,13748,8988,1450,-1346,-3244
1306,-4955,3643,-5740,-1566,4149,6313,13641,8949,1454,-1334,-3221
1309,-4931,3605,-5698,-1537,4135,6211,13531,8905,1455,-1320,-3194
1305,-4906,3573,-5658,-1515,4117,6090,13413,8858,1455,-1309,-3167
1309,-4864,3516,-5591,-1471,4093,5922,13290,8817,1468,-1292,-3139
1319,-4803,3435,-5496,-1409,4062,5709,13158,8778,1483,-1276,-3112
1328,-4730,3344,-5385,-1340,4021,5472,13018,8738,1491,-1266,-3090
1333,-4660,3261,-5280,-1278,3981,5244,12878,8690,1492,-1257,-3070
1328,-4604,3203,-5203,-1242,3944,5053,12739,8636,1486,-1250,-3053
1315,-4556,3163,-5142,-1223,3906,4877,12597,8579,1477,-1245,-3037
1296,-4506,3128,-5085,-1211,3864,4708,12453,8523,1464,-1239,-3019
1276,-4458,3100,-5032,-1205,3822,4554,12311,8465,1449,-1231,-3002
1253,-4411,3077,-4984,-1205,3780,4415,12170,8405,1439,-1223,-2986
1230,-4362,3053,-4934,-1205,3736,4287,12029,8348,1431,-1212,-2974
1208,-4311,3028,-4882,-1204,3690,4180,11889,8285,1420,-1199,-2960
1184,-4259,3008,-4833,-1209,3643,4097,11745,8221,1410,-1187,-2949
1163,-4201,2979,-4775,-1205,3592,4010,11603,8155,1407,-1176,-2935
1146,-4138,2942,-4707,-1193,3541,3945,11459,8091,1407,-1162,-2919
1130,-4063,2895,-4626,-1175,3482,3881,11308,8024,1407,-1150,-2902
1114,-3988,2848,-4544,-1156,3422,3825,11150,7950,1401,-1137,-2887
1094,-3923,2816,-4480,-1150,3365,3798,10988,7868,1388,-1127,-2875
1071,-3866,2796,-4429,-1154,3311,3792,10825,7783,1373,-1120,-2864
1048,-3805,2771,-4373,-1155,3255,3791,10657,7698,1357,-1115,-2856
1032,-3743,2738,-4310,-1145,3203,3802,10491,7612,1335,-1110,-2848
1010,-3700,2729,-4278,-1157,3158,3844,10329,7516,1300,-1109,-2845
978,-3679,2750,-4279,-1193,3122,3903,10172,7411,1258,-1112,-2845
943,-3667,2784,-4295,-1240,3089,3980,10020,7303,1216,-1116,-2846
908,-3649,2809,-4301,-1281,3052,4066,9874,7200,1185,-1115,-2846
879,-3612,2807,-4277,-1300,3006,4142,9734,7105,1168,-1107,-2842
861,-3571,2789,-4239,-1300,2965,4224,9599,7012,1158,-1091,-2832
846,-3527,2763,-4193,-1292,2923,4318,9468,6922,1152,-1071,-2819
832,-3479,2728,-4140,-1279,2879,4403,9339,6833,1150,-1049,-2803
820,-3426,2687,-4078,-1258,2832,4473,9211,6744,1148,-1027,-2787
805,-3379,2650,-4023,-1243,2788,4533,9083,6649,1141,-1008,-2772
789,-3334,2617,-3972,-1230,2743,4572,8947,6552,1138,-992,-2757
776,-3289,2576,-3916,-1210,2701,4583,8811,6453,1137,-977,-2738
765,-3249,2539,-3865,-1191,2663,4598,8667,6350,1128,-965,-2723
751,-3216,2509,-3823,-1179,2628,4590,8517,6247,1113,-953,-2706
734,-3192,2490,-3794,-1175,2598,4572,8361,6142,1093,-941,-2686
716,-3170,2473,-3768,-1174,2569,4542,8199,6038,1074,-929,-2664
698,-3136,2443,-3726,-1163,2533,4473,8036,5940,1064,-914,-2635
685,-3094,2400,-3667,-1140,2494,4377,7876,5847,1062,-897,-2602
675,-3052,2355,-3609,-1114,2459,4273,7723,5754,1057,-881,-2564
666,-3014,2313,-3556,-1090,2428,4158,7571,5663,1054,-865,-2524
666,-2958,2244,-3471,-1041,2390,4016,7418,5581,1060,-843,-2480
677,-2883,2148,-3357,-968,2349,3854,7264,5504,1065,-819,-2436
690,-2799,2039,-3227,-885,2303,3674,7108,5426,1067,-797,-2396
699,-2715,1938,-3104,-810,2255,3491,6953,5346,1061,-777,-2356
697,-2644,1862,-3005,-759,2208,3330,6799,5261,1048,-759,-2318
687,-2583,1807,-2927,-728,2164,3169,6643,5173,1031,-743,-2283
674,-2528,1761,-2860,-705,2123,3006,6486,5083,1007,-728,-2249
659,-2477,1724,-2801,-690,2082,2847,6329,4992,981,-715,-2213
639,-2432,1700,-2755,-687,2044,2691,6172,4899,952,-704,-2178
621,-2387,1676,-2709,-684,2006,2532,6014,4805,925,-694,-2143
602,-2342,1656,-2665,-683,1968,2385,5865,4709,897,-682,-2105
578,-2297,1642,-2627,-691,1926,2277,5716,4613,871,-671,-2066
555,-2246,1623,-2580,-694,1882,2182,5570,4513,850,-659,-2026
540,-2193,1596,-2527,-688,1840,2101,5425,4412,832,-646,-1987
529,-2135,1560,-2464,-673,1796,2023,5276,4312,816,-634,-1949
519,-2071,1520,-2395,-656,1750,1955,5130,4207,798,-626,-1915
508,-2015,1489,-2339,-645,1707,1910,4982,4093,769,-621,-1886
492,-1966,1470,-2294,-645,1664,1880,4829,3976,730,-620,-1863
473,-1913,1450,-2246,-647,1617,1848,4668,3858,685,-622,-1845
457,-1858,1423,-2192,-642,1569,1818,4509,3739,641,-626,-1829
432,-1819,1422,-2166,-660,1525,1819,4355,3614,590,-632,-1818
401,-1801,1448,-2172,-701,1491,1854,4205,3488,537,-641,-1808
366,-1798,1490,-2198,-754,1464,1910,4061,3364,486,-648,-1795
333,-1792,1525,-2217,-800,1436,1972,3923,3247,446,-653,-1778
311,-1770,1532,-2207,-821,1404,2024,3787,3137,414,-653,-1759
297,-1739,1520,-2178,-823,1372,2081,3654,3028,390,-652,-1738
286,-1707,1501,-2144,-818,1340,2148,3522,2921,369,-653,-1719
278,-1672,1475,-2104,-806,1309,2221,3394,2815,355,-653,-1701
272,-1633,1440,-2053,-786,1275,2295,3270,2712,338,-653,-1683
266,-1598,1407,-2008,-768,1244,2361,3151,2611,323,-652,-1665
259,-1566,1377,-1966,-752,1215,2400,3032,2510,310,-650,-1650
254,-1534,1343,-1920,-732,1186,2397,2920,2410,299,-644,-1632
246,-1505,1314,-1881,-717,1159,2392,2807,2311,281,-637,-1615
234,-1483,1293,-1852,-710,1133,2372,2693,2211,258,-630,-1600
221,-1471,1283,-1837,-710,1115,2346,2579,2111,231,-621,-1589
209,-1463,1275,-1826,-713,1099,2304,2463,2015,205,-613,-1580
200,-1447,1255,-1801,-704,1080,2232,2344,1924,183,-603,-1570
194,-1424,1226,-1765,-687,1060,2137,2228,1835,165,-592,-1555
190,-1407,1201,-1737,-672,1044,2037,2117,1744,148,-580,-1539
180,-1395,1187,-1719,-668,1029,1937,2008,1653,133,-568,-1523
178,-1367,1151,-1676,-644,1009,1817,1901,1570,132,-553,-1505
187,-1323,1088,-1604,-595,985,1673,1795,1493,134,-537,-1487
200,-1266,1010,-1515,-534,955,1513,1688,1418,135,-521,-1469
210,-1211,939,-1431,-479,925,1345,1584,1339,128,-510,-1453
215,-1169,887,-1369,-440,901,1186,1483,1253,109,-507,-1444
215,-1135,850,-1322,-416,877,1021,1382,1166,83,-511,-1441
211,-1103,820,-1281,-398,854,846,1285,1077,57,-513,-1436
207,-1074,796,-1246,-385,833,679,1192,993,31,-511,-1430
198,-1047,781,-1219,-381,810,531,1103,909,4,-510,-1423
188,-1016,765,-1188,-377,785,399,1019,829,-20,-507,-1415
180,-985,748,-1156,-372,761,293,940,752,-47,-505,-1404
170,-955,736,-1130,-371,737,223,859,679,-69,-500,-1393
163,-920,717,-1094,-364,711,152,779,610,-82,-491,-1377
157,-879,691,-1050,-352,683,101,703,547,-91,-480,-1357
154,-831,657,-996,-332,651,60,626,488,-100,-471,-1337
152,-781,621,-940,-311,619,29,549,428,-113,-463,-1317
145,-739,597,-897,-301,589,24,469,363,-136,-456,-1298
132,-703,586,-865,-303,559,41,383,297,-164,-454,-1282
116,-665,575,-834,-307,525,64,292,236,-190,-452,-1270
104,-629,561,-801,-307,496,96,202,176,-220,-453,-1260
84,-613,575,-799,-330,473,147,112,107,-262,-461,-1254
51,-617,621,-832,-384,455,209,25,29,-310,-477,-1252
13,-637,686,-890,-453,445,274,-55,-49,-356,-496,-1252
-20,-660,749,-947,-517,439,331,-132,-124,-396,-517,-1252
-45,-669,787,-979,-561,428,369,-206,-194,-427,-533,-1249
-61,-669,805,-991,-583,417,405,-272,-261,-455,-545,-1244
-70,-666,813,-994,-595,408,445,-332,-325,-477,-551,-1236
-78,-658,812,-987,-600,396,488,-387,-384,-492,-553,-1224
-84,-641,799,-968,-595,378,532,-438,-441,-505,-555,-1212
-88,-629,787,-952,-591,365,574,-486,-497,-518,-558,-1198
-90,-621,775,-938,-584,355,600,-538,-552,-533,-565,-1188
-87,-613,758,-921,-570,349,609,-587,-605,-551,-573,-1178
-86,-612,747,-913,-563,345,633,-636,-658,-575,-582,-1170
-88,-615,744,-912,-562,342,657,-683,-709,-599,-591,-1162
-90,-627,747,-922,-565,345,693,-727,-760,-622,-599,-1153
-93,-641,752,-933,-570,349,735,-770,-803,-635,-605,-1143
-92,-642,741,-926,-561,347,768,-811,-840,-639,-606,-1130
-86,-635,716,-903,-540,344,799,-848,-875,-639,-603,-1114
-78,-630,693,-883,-518,343,843,-875,-911,-635,-598,-1096
-75,-631,679,-873,-506,343,891,-905,-943,-632,-594,-1078
-66,-614,642,-836,-474,337,925,-938,-967,-622,-588,-1057
-49,-577,579,-768,-419,322,944,-979,-987,-613,-582,-1035
-30,-532,506,-687,-356,304,956,-1027,-1009,-613,-582,-1019
-12,-491,439,-614,-299,288,974,-1075,-1037,-623,-587,-1008
0,-466,397,-568,-261,280,1010,-1120,-1072,-644,-600,-1006
3,-451,372,-540,-241,274,1038,-1165,-1110,-670,-615,-1009
4,-439,356,-520,-229,268,1047,-1205,-1146,-693,-627,-1012
2,-432,349,-510,-224,265,1048,-1241,-1181,-713,-638,-1016
-2,-430,353,-511,-228,264,1043,-1276,-1218,-735,-648,-1025
-8,-423,352,-505,-231,259,1029,-1310,-1253,-758,-659,-1035
-11,-414,351,-498,-231,255,1007,-1338,-1288,-779,-668,-1043
-20,-404,355,-495,-240,247,986,-1364,-1318,-796,-674,-1051
-27,-386,351,-480,-241,235,946,-1384,-1341,-804,-674,-1055
-30,-357,334,-451,-231,218,914,-1406,-1361,-806,-670,-1056
-28,-320,306,-408,-212,199,875,-1430,-1375,-800,-663,-1053
-24,-284,277,-366,-190,182,833,-1453,-1389,-793,-655,-1049
-25,-259,265,-342,-183,167,811,-1479,-1405,-793,-652,-1047
-31,-239,263,-329,-186,153,801,-1509,-1425,-803,-652,-1050
-35,-219,259,-315,-187,141,796,-1548,-1448,-815,-657,-1058
-33,-201,251,-300,-181,133,785,-1584,-1473,-828,-661,-1067
-38,-202,270,-316,-198,133,770,-1619,-1508,-853,-672,-1081
-55,-221,316,-361,-241,136,754,-1653,-1550,-886,-689,-1097
-76,-249,375,-421,-296,143,740,-1688,-1595,-918,-706,-1112
-94,-277,429,-477,-345,151,724,-1723,-1634,-942,-719,-1124
-104,-292,461,-511,-375,154,690,-1756,-1664,-952,-727,-1131
-107,-296,473,-523,-386,155,658,-1783,-1688,-955,-731,-1134
-107,-296,476,-527,-389,154,644,-1804,-1709,-954,-735,-1135
-103,-297,474,-527,-386,155,652,-1820,-1727,-951,-739,-1136
-97,-295,466,-522,-378,155,680,-1830,-1745,-952,-746,-1140
-95,-298,464,-522,-376,155,714,-1836,-1762,-957,-755,-1145
-97,-298,462,-523,-377,151,747,-1842,-1776,-963,-767,-1151
-98,-297,457,-519,-376,144,772,-1839,-1791,-968,-778,-1152
-102,-301,458,-521,-379,140,809,-1836,-1807,-980,-791,-1154
-109,-310,465,-532,-388,137,840,-1834,-1822,-995,-805,-1157
-113,-331,482,-556,-403,144,876,-1830,-1839,-1015,-820,-1161
-117,-358,502,-587,-419,155,914,-1830,-1855,-1030,-836,-1165
-116,-379,511,-605,-424,166,940,-1835,-1868,-1038,-850,-1167
-108,-395,508,-612,-416,179,961,-1840,-1880,-1043,-862,-1168
-101,-414,509,-623,-412,193,998,-1842,-1894,-1050,-874,-1166
-102,-430,515,-636,-417,201,1045,-1847,-1908,-1053,-887,-1165
-100,-423,495,-616,-402,194,1080,-1853,-1910,-1041,-890,-1159
-90,-393,446,-560,-361,179,1101,-1866,-1903,-1019,-885,-1150
-76,-345,375,-480,-304,156,1117,-1885,-1894,-996,-875,-1141
-62,-297,306,-400,-249,132,1133,-1908,-1892,-981,-865,-1132
-54,-263,257,-343,-210,114,1155,-1936,-1895,-977,-858,-1126
-54,-236,225,-304,-190,96,1188,-1968,-1898,-977,-854,-1124
-57,-214,203,-273,-176,80,1235,-2005,-1900,-979,-853,-1122
-63,-200,192,-255,-172,68,1288,-2048,-1906,-989,-856,-1123
-74,-195,198,-256,-184,59,1333,-2091,-1917,-1003,-862,-1127
-88,-190,208,-259,-199,49,1361,-2129,-1928,-1018,-867,-1133
-103,-183,219,-261,-216,38,1380,-2157,-1938,-1034,-870,-1136
-121,-178,235,-270,-239,26,1405,-2186,-1943,-1046,-874,-1137
-133,-170,246,-272,-254,16,1399,-2207,-1943,-1047,-875,-1134
-138,-155,243,-261,-255,6,1385,-2222,-1939,-1040,-874,-1127
-137,-131,226,-234,-243,-7,1362,-2238,-1936,-1030,-871,-1119
-133,-102,203,-202,-226,-20,1327,-2251,-1939,-1027,-871,-1114
-135,-83,196,-186,-223,-32,1287,-2261,-1947,-1030,-873,-1112
-139,-76,204,-188,-231,-36,1239,-2269,-1955,-1034,-877,-1112
-143,-69,211,-190,-238,-41,1185,-2275,-1959,-1035,-881,-1114
-143,-57,210,-183,-239,-47,1117,-2277,-1962,-1035,-881,-1115
-151,-64,235,-206,-261,-47,1047,-2279,-1974,-1045,-883,-1119
-169,-89,287,-259,-308,-41,989,-2281,-1992,-1063,-888,-1125
-194,-121,352,-326,-369,-35,957,-2284,-2013,-1083,-896,-1129
-214,-150,409,-384,-420,-29,941,-2288,-2029,-1101,-900,-1128
-225,-164,440,-416,-449,-26,922,-2290,-2037,-1108,-899,-1122
-226,-171,452,-430,-458,-22,911,-2288,-2042,-1109,-897,-1112
-223,-175,457,-437,-460,-19,906,-2285,-2044,-1107,-895,-1101
-220,-175,455,-437,-457,-18,901,-2282,-2043,-1099,-893,-1090
-216,-173,449,-433,-450,-18,897,-2275,-2039,-1087,-888,-1075
-212,-177,448,-435,-448,-16,897,-2266,-2034,-1070,-882,-1060
-210,-180,447,-437,-446,-15,887,-2261,-2028,-1053,-878,-1047
-204,-179,435,-429,-434,-14,855,-2254,-2022,-1035,-875,-1030
-197,-184,428,-427,-426,-9,825,-2249,-2020,-1021,-874,-1016
-194,-195,429,-434,-424,-3,781,-2245,-2020,-1012,-873,-1003
-194,-212,438,-450,-430,6,741,-2238,-2022,-1009,-873,-993
-197,-227,447,-465,-438,11,705,-2232,-2022,-1007,-873,-984
-195,-231,440,-461,-432,12,657,-2226,-2017,-998,-867,-971
-186,-229,420,-445,-413,15,611,-2216,-2009,-986,-858,-954
-176,-231,402,-431,-392,21,583,-2201,-2002,-971,-845,-934
-169,-234,389,-422,-379,26,559,-2188,-1992,-954,-835,-920
-154,-225,356,-391,-346,28,518,-2176,-1971,-927,-820,-905
-136,-198,302,-335,-296,22,466,-2166,-1948,-899,-805,-892
-116,-161,237,-264,-238,10,413,-2161,-1924,-875,-794,-880
-97,-125,174,-194,-182,-2,362,-2160,-1910,-860,-787,-875
-84,-103,133,-149,-145,-7,327,-2162,-1907,-857,-787,-877
-79,-88,108,-120,-123,-12,295,-2169,-1907,-859,-793,-884
-76,-78,92,-100,-109,-15,264,-2179,-1910,-865,-802,-894
-77,-73,85,-89,-105,-17,236,-2188,-1914,-875,-812,-907
-79,-77,92,-95,-110,-12,216,-2196,-1921,-887,-823,-922
-85,-81,103,-103,-120,-10,200,-2201,-1927,-902,-838,-937
-92,-83,116,-111,-132,-10,194,-2203,-1934,-916,-853,-950
-105,-82,133,-122,-152,-15,208,-2209,-1939,-929,-867,-966
-118,-73,142,-122,-166,-26,215,-2211,-1938,-930,-872,-975
-127,-57,142,-111,-172,-39,231,-2213,-1933,-925,-871,-978
-132,-30,128,-85,-167,-57,237,-2219,-1927,-916,-865,-979
-136,3,110,-52,-157,-79,234,-2228,-1925,-908,-857,-977
-142,25,102,-35,-157,-95,240,-2240,-1928,-909,-848,-976
-150,40,105,-30,-165,-108,254,-2260,-1936,-914,-841,-978
-158,60,103,-17,-170,-126,264,-2289,-1941,-921,-835,-983
-160,84,91,3,-164,-142,265,-2323,-1946,-931,-828,-986
-169,89,105,-6,-181,-152,275,-2361,-1962,-952,-827,-994
-190,73,150,-51,-227,-155,297,-2400,-1982,-974,-829,-1001
-216,44,213,-115,-288,-154,322,-2436,-2004,-994,-834,-1006
-241,17,272,-176,-345,-154,344,-2471,-2024,-1004,-838,-1009
-256,5,306,-210,-379,-158,349,-2503,-2040,-1004,-836,-1007
-262,1,320,-225,-394,-162,351,-2529,-2052,-998,-828,-1003
-263,0,326,-233,-400,-164,359,-2550,-2063,-992,-819,-999
-260,0,324,-234,-397,-165,368,-2564,-2073,-988,-809,-997
-253,3,315,-228,-388,-167,369,-2574,-2083,-984,-798,-995
-248,1,311,-228,-382,-166,370,-2577,-2094,-982,-787,-991
-244,-2,306,-229,-376,-165,367,-2583,-2102,-980,-777,-989
-234,-3,293,-222,-361,-161,355,-2583,-2108,-981,-768,-985
-225,-11,286,-222,-350,-154,359,-2581,-2114,-987,-764,-980
-219,-25,287,-232,-346,-144,359,-2575,-2119,-992,-762,-975
-215,-47,298,-254,-349,-130,371,-2561,-2123,-995,-758,-969
-216,-68,310,-275,-357,-118,392,-2547,-2122,-994,-750,-959
-214,-78,308,-278,-352,-112,405,-2533,-2115,-985,-736,-947
-205,-83,294,-270,-335,-104,416,-2520,-2104,-971,-716,-932
-196,-91,284,-267,-320,-92,434,-2504,-2096,-955,-693,-915
-193,-99,278,-265,-312,-85,466,-2489,-2088,-935,-674,-903
-183,-86,245,-232,-281,-86,483,-2474,-2073,-906,-655,-889
-164,-53,185,-168,-225,-93,476,-2461,-2050,-872,-635,-872
-140,-10,110,-86,-158,-105,452,-2450,-2025,-838,-618,-854
-118,33,38,-7,-93,-116,421,-2437,-2005,-814,-603,-838
-105,62,-10,47,-50,-124,404,-2424,-1996,-804,-595,-825
-98,78,-38,80,-26,-127,384,-2416,-1991,-805,-592,-818
-94,89,-56,102,-10,-127,357,-2411,-1989,-809,-591,-815
-93,95,-64,114,-4,-126,330,-2410,-1992,-817,-591,-815
-97,93,-59,112,-10,-123,301,-2413,-1999,-828,-594,-815
-102,92,-51,108,-19,-121,264,-2415,-2002,-841,-601,-816
-111,92,-40,102,-32,-122,227,-2409,-2008,-855,-609,-814
-121,89,-23,91,-51,-123,196,-2409,-2017,-869,-618,-813
-126,92,-15,89,-61,-124,141,-2411,-2026,-881,-627,-807
-127,99,-15,95,-63,-126,94,-2417,-2038,-889,-633,-796
-125,113,-23,110,-58,-131,53,-2427,-2046,-894,-638,-784
-125,131,-33,128,-53,-141,20,-2439,-2054,-898,-645,-773
-130,142,-30,134,-59,-150,18,-2451,-2063,-906,-651,-763
-140,149,-18,130,-76,-162,40,-2464,-2071,-914,-656,-755
-150,159,-8,129,-92,-176,75,-2479,-2075,-914,-659,-744
-155,173,-9,136,-97,-190,126,-2493,-2079,-913,-660,-730
-168,172,13,119,-121,-199,212,-2505,-2094,-920,-664,-721
-188,152,61,72,-168,-202,329,-2516,-2114,-928,-669,-717
-211,122,121,9,-225,-201,464,-2521,-2132,-936,-674,-713
-233,96,173,-45,-275,-201,601,-2524,-2143,-935,-676,-709
-246,86,202,-73,-304,-207,718,-2523,-2142,-927,-668,-700
-254,86,211,-81,-316,-216,830,-2522,-2139,-916,-655,-688
-260,93,212,-78,-321,-229,934,-2523,-2136,-907,-641,-679
-266,106,205,-68,-321,-245,1025,-2524,-2133,-893,-627,-668
-270,121,193,-51,-315,-262,1098,-2526,-2131,-881,-614,-659
-271,128,183,-41,-309,-271,1164,-2531,-2131,-876,-602,-652
-269,130,175,-35,-301,-275,1217,-2542,-2130,-870,-594,-650
-262,133,159,-24,-285,-276,1242,-2550,-2129,-861,-582,-648
-256,133,146,-15,-271,-275,1269,-2560,-2130,-858,-573,-650
-252,128,139,-15,-262,-272,1277,-2568,-2130,-858,-565,-652
-248,113,142,-27,-260,-262,1281,-2570,-2131,-858,-556,-654
-244,94,148,-42,-260,-249,1271,-2569,-2129,-858,-548,-660
-238,87,140,-41,-249,-241,1232,-2568,-2124,-849,-540,-665
-231,88,122,-27,-230,-238,1171,-2563,-2118,-838,-528,-667
-225,85,110,-20,-216,-231,1113,-2555,-2114,-825,-516,-666
-223,78,106,-21,-210,-225,1059,-2551,-2110,-809,-510,-666
-216,90,79,6,-185,-227,986,-2546,-2098,-784,-499,-663
-203,123,26,64,-139,-238,886,-2541,-2081,-760,-483,-658
-187,163,-38,135,-84,-252,767,-2540,-2063,-741,-466,-651
-171,199,-97,200,-34,-263,648,-2540,-2052,-733,-455,-650
-163,223,-133,241,-4,-270,546,-2543,-2051,-736,-452,-654
-159,234,-151,262,10,-272,444,-2553,-2056,-747,-456,-664
-158,239,-159,272,17,-270,341,-2566,-2059,-759,-464,-677
-156,240,-163,276,20,-265,244,-2581,-2064,-774,-473,-691
-153,237,-161,274,19,-257,158,-2594,-2073,-790,-482,-705
-154,241,-161,278,17,-255,78,-2604,-2082,-801,-489,-715
-155,246,-159,281,14,-254,11,-2606,-2090,-811,-489,-720
-160,251,-152,280,3,-256,-35,-2606,-2096,-817,-489,-724
-162,263,-153,289,0,-261,-96,-2602,-2099,-813,-484,-725
-159,281,-164,309,7,-268,-145,-2595,-2098,-806,-478,-723
-150,304,-185,338,24,-274,-187,-2586,-2097,-802,-474,-719
-137,325,-207,366,44,-277,-221,-2578,-2101,-806,-473,-718
-124,333,-214,376,55,-273,-222,-2570,-2110,-819,-476,-721
-114,330,-209,369,55,-264,-197,-2565,-2118,-839,-480,-726
-107,329,-202,364,53,-259,-171,-2569,-2123,-857,-486,-732
-97,333,-203,365,57,-256,-150,-2573,-2128,-874,-492,-737
-97,320,-180,340,39,-250,-110,-2577,-2141,-898,-503,-744
-109,293,-131,288,-3,-243,-48,-2582,-2159,-926,-517,-751
-127,256,-68,221,-59,-235,30,-2586,-2177,-951,-528,-755
-146,221,-8,156,-111,-227,114,-2593,-2190,-968,-537,-754
-160,201,30,116,-146,-228,180,-2600,-2199,-977,-542,-749
-169,191,52,94,-165,-232,253,-2606,-2206,-984,-542,-740
-176,183,68,76,-180,-236,338,-2612,-2208,-986,-541,-729
-185,177,81,62,-192,-243,421,-2620,-2207,-984,-537,-718
-196,179,85,60,-200,-257,494,-2632,-2207,-979,-531,-706
-209,182,90,58,-209,-272,560,-2648,-2209,-973,-523,-693
-220,182,93,56,-215,-284,609,-2672,-2212,-961,-515,-681
-228,185,89,60,-215,-295,631,-2693,-2214,-947,-506,-666
-237,182,90,58,-218,-301,658,-2716,-2217,-944,-498,-652
-251,177,98,49,-229,-309,666,-2737,-2218,-943,-491,-638
-267,165,113,31,-247,-312,665,-2754,-2221,-944,-483,-624
-281,148,132,7,-267,-310,656,-2769,-2218,-941,-473,-609
-290,140,137,-1,-273,-308,615,-2779,-2212,-931,-461,-590
-290,137,127,5,-265,-305,551,-2778,-2203,-918,-447,-571
-287,131,118,9,-254,-296,490,-2765,-2195,-909,-434,-554
-286,122,116,5,-251,-286,430,-2748,-2188,-897,-422,-538
-279,133,87,32,-226,-284,331,-2729,-2174,-873,-406,-521
-262,166,29,94,-175,-290,196,-2711,-2154,-844,-390,-505
-241,212,-45,174,-112,-302,44,-2699,-2136,-817,-375,-490
-221,251,-111,245,-55,-310,-126,-2689,-2124,-797,-364,-478
-203,273,-154,289,-15,-308,-289,-2681,-2120,-786,-360,-470
-192,287,-181,317,9,-306,-448,-2677,-2119,-785,-360,-465
-184,300,-204,341,28,-305,-611,-2678,-2120,-790,-363,-467
-177,311,-220,360,42,-304,-773,-2680,-2122,-794,-365,-471
-172,315,-226,367,47,-300,-919,-2686,-2125,-799,-368,-476
-169,324,-234,379,52,-301,-1055,-2697,-2125,-805,-371,-482
-168,334,-239,390,54,-306,-1173,-2709,-2128,-814,-373,-488
-172,341,-234,392,46,-312,-1255,-2723,-2129,-817,-376,-496
-177,352,-233,399,40,-322,-1332,-2737,-2129,-812,-377,-500
-178,367,-237,412,39,-334,-1383,-2754,-2129,-807,-376,-503
-178,389,-249,435,46,-351,-1425,-2775,-2128,-807,-375,-506
-178,412,-261,459,52,-369,-1453,-2797,-2128,-811,-374,-511
-183,428,-260,468,46,-387,-1436,-2818,-2133,-817,-377,-517
-191,435,-248,465,32,-401,-1390,-2842,-2138,-825,-385,-528
-197,446,-241,467,22,-417,-1339,-2868,-2144,-833,-393,-541
-199,460,-242,476,20,-433,-1281,-2888,-2148,-842,-400,-554
-209,455,-218,456,-4,-442,-1191,-2901,-2160,-863,-413,-572
-226,430,-165,404,-50,-442,-1077,-2907,-2176,-889,-432,-592
-244,389,-98,331,-108,-432,-948,-2906,-2192,-913,-449,-611
-260,350,-34,261,-161,-421,-820,-2900,-2202,-928,-466,-629
-267,324,5,216,-193,-414,-717,-2887,-2202,-935,-477,-645
-267,310,26,191,-206,-408,-619,-2871,-2201,-937,-485,-656
-264,298,37,174,-211,-402,-522,-2856,-2201,-937,-492,-665
-258,289,43,162,-211,-396,-429,-2841,-2202,-931,-502,-673
-253,284,42,159,-205,-392,-341,-2823,-2201,-921,-511,-680
-248,275,44,149,-202,-385,-253,-2804,-2197,-911,-519,-685
-247,265,50,137,-204,-379,-178,-2788,-2194,-904,-528,-692
-247,258,51,131,-201,-374,-129,-2772,-2193,-898,-536,-700
-249,248,56,119,-204,-368,-79,-2761,-2192,-899,-544,-708
-257,237,66,103,-213,-363,-58,-2754,-2191,-903,-552,-718
-263,216,83,76,-226,-351,-43,-2747,-2192,-911,-559,-725
-267,191,101,46,-238,-334,-34,-2745,-2192,-918,-564,-729
-265,176,102,34,-234,-317,-57,-2748,-2191,-918,-567,-731
-257,171,87,41,-216,-304,-103,-2749,-2186,-910,-563,-725
-250,171,69,53,-197,-294,-145,-2746,-2181,-901,-554,-712
-248,171,55,62,-186,-288,-183,-2744,-2174,-888,-542,-692
-239,190,16,101,-152,-288,-249,-2743,-2157,-865,-521,-668
-221,232,-53,176,-93,-299,-348,-2747,-2136,-836,-501,-644
-200,287,-138,269,-23,-316,-467,-2758,-2116,-813,-483,-622
-182,336,-212,354,38,-332,-593,-2772,-2105,-797,-468,-604
-175,366,-255,404,71,-342,-706,-2789,-2104,-795,-462,-591
-176,383,-275,430,81,-350,-816,-2809,-2107,-806,-464,-585
-177,392,-286,447,85,-353,-932,-2830,-2111,-822,-469,-580
-178,393,-287,451,83,-351,-1046,-2850,-2116,-840,-475,-573
-180,385,-276,441,71,-343,-1154,-2865,-2121,-855,-482,-566
-182,380,-266,434,60,-339,-1259,-2874,-2123,-866,-490,-559
-183,379,-260,432,51,-337,-1357,-2870,-2123,-872,-495,-549
-185,379,-250,428,39,-337,-1423,-2865,-2117,-867,-498,-534
-185,386,-250,436,35,-342,-1491,-2853,-2106,-847,-496,-513
-182,402,-261,456,40,-351,-1535,-2842,-2094,-821,-492,-490
-177,427,-282,489,54,-366,-1571,-2835,-2086,-795,-489,-470
-170,454,-304,524,70,-383,-1595,-2830,-2082,-779,-486,-453
-167,469,-311,540,75,-394,-1582,-2824,-2084,-772,-483,-438
-166,474,-306,540,69,-401,-1542,-2823,-2088,-772,-485,-427
-166,482,-304,545,66,-411,-1500,-2833,-2094,-778,-491,-423
-159,493,-311,557,74,-419,-1456,-2849,-2105,-790,-496,-421
-161,487,-293,540,60,-422,-1384,-2871,-2127,-811,-507,-425
-173,462,-247,492,21,-419,-1291,-2889,-2155,-834,-520,-431
-193,429,-186,429,-31,-416,-1185,-2903,-2184,-855,-536,-434
-213,404,-136,376,-77,-418,-1071,-2915,-2206,-865,-547,-437
-225,396,-112,354,-99,-426,-967,-2924,-2219,-866,-551,-437
-229,398,-107,350,-102,-434,-845,-2929,-2227,-857,-548,-432
-231,406,-112,357,-97,-444,-715,-2932,-2231,-845,-544,-426
-235,422,-125,373,-88,-460,-589,-2936,-2234,-834,-540,-421
-237,440,-144,396,-73,-477,-465,-2940,-2235,-825,-536,-419
-238,451,-158,411,-60,-487,-342,-2943,-2238,-819,-533,-419
-238,460,-172,424,-47,-494,-237,-2951,-2238,-816,-532,-422
-232,471,-196,444,-25,-499,-161,-2954,-2235,-810,-529,-425
-227,474,-211,454,-8,-496,-80,-2958,-2232,-811,-527,-432
-225,469,-216,452,0,-491,-36,-2964,-2230,-815,-528,-439
-226,453,-208,435,-3,-479,-11,-2967,-2233,-824,-531,-447
-230,433,-194,410,-12,-465,2,-2973,-2235,-831,-532,-456
-231,418,-188,394,-16,-453,-18,-2976,-2233,-830,-532,-466
-227,406,-189,387,-10,-439,-65,-2976,-2226,-826,-530,-474
-220,388,-187,372,-6,-419,-122,-2969,-2220,-824,-524,-478
-217,366,-176,350,-11,-398,-188,-2962,-2213,-821,-520,-483
-206,358,-186,351,3,-381,-295,-2957,-2197,-807,-513,-487
-190,369,-221,381,37,-374,-451,-2953,-2177,-788,-506,-493
-171,394,-271,431,83,-373,-655,-2954,-2159,-773,-503,-500
-153,418,-318,479,125,-373,-873,-2956,-2149,-766,-504,-513
-144,431,-344,506,148,-373,-1060,-2959,-2145,-767,-511,-525
-144,439,-354,519,154,-375,-1237,-2961,-2142,-768,-519,-535
-147,445,-358,526,154,-377,-1422,-2962,-2138,-769,-529,-543
-150,447,-356,527,148,-378,-1605,-2964,-2137,-770,-540,-551
-157,444,-345,518,135,-377,-1775,-2965,-2139,-769,-551,-558
-163,443,-333,512,122,-379,-1939,-2967,-2143,-768,-558,-564
-171,445,-323,507,109,-384,-2074,-2964,-2150,-768,-560,-567
-184,450,-309,503,89,-395,-2159,-2968,-2155,-772,-561,-571
-195,463,-304,509,77,-411,-2243,-2971,-2155,-771,-557,-569
-199,480,-307,524,75,-425,-2294,-2973,-2152,-764,-549,-564
-200,504,-321,551,82,-443,-2326,-2977,-2147,-755,-540,-558
-201,531,-338,581,92,-463,-2335,-2982,-2144,-753,-535,-551
-205,549,-342,597,90,-480,-2289,-2990,-2145,-758,-533,-543
-212,557,-333,597,78,-491,-2200,-3001,-2149,-769,-535,-532
-220,567,-327,600,68,-506,-2103,-3020,-2152,-781,-539,-521
-222,580,-329,611,67,-519,-2002,-3040,-2156,-797,-543,-512
-232,576,-308,595,45,-525,-1867,-3062,-2171,-823,-554,-511
-255,555,-257,548,-4,-529,-1688,-3078,-2195,-855,-568,-514
-283,521,-190,481,-68,-527,-1484,-3090,-2219,-886,-578,-515
-310,490,-128,419,-128,-527,-1278,-3099,-2238,-903,-581,-511
-330,474,-90,383,-167,-532,-1095,-3106,-2248,-905,-576,-501
-339,464,-70,363,-185,-532,-909,-3111,-2256,-900,-567,-483
-341,452,-56,346,-195,-528,-727,-3120,-2263,-896,-558,-464
-341,443,-49,335,-199,-523,-558,-3133,-2274,-895,-553,-446
-340,440,-52,334,-195,-523,-400,-3150,-2287,-895,-551,-431
-336,433,-53,329,-191,-517,-258,-3164,-2302,-898,-550,-415
-331,425,-55,325,-184,-511,-163,-3183,-2317,-901,-549,-402
-322,423,-69,332,-168,-505,-127,-3199,-2332,-903,-548,-388
-314,419,-80,336,-153,-498,-100,-3217,-2345,-911,-549,-376
-308,411,-87,335,-143,-489,-100,-3237,-2362,-926,-556,-368
-302,395,-86,323,-138,-475,-104,-3255,-2382,-945,-563,-364
-299,379,-82,309,-137,-463,-119,-3269,-2395,-954,-567,-360
-294,375,-92,313,-126,-457,-168,-3278,-2401,-953,-566,-351
-283,379,-115,330,-103,-452,-237,-3279,-2401,-948,-559,-338
-269,378,-136,343,-78,-442,-292,-3272,-2399,-942,-550,-324
-257,374,-151,351,-59,-431,-342,-3261,-2395,-934,-544,-314
-237,385,-189,384,-19,-424,-432,-3246,-2382,-916,-534,-301
-205,412,-253,445,45,-420,-565,-3232,-2364,-895,-525,-289
-173,449,-326,519,116,-422,-721,-3218,-2346,-875,-518,-281
-143,480,-391,584,179,-422,-893,-3203,-2335,-863,-515,-278
-123,496,-428,620,217,-418,-1059,-3188,-2332,-860,-515,-280
-112,498,-442,632,233,-411,-1237,-3173,-2332,-859,-521,-286
-107,496,-445,634,238,-404,-1438,-3162,-2334,-866,-532,-297
-107,492,-438,628,233,-399,-1649,-3155,-2338,-880,-548,-314
-113,483,-420,611,217,-395,-1841,-3151,-2344,-896,-565,-332
-120,474,-400,593,197,-391,-2020,-3151,-2350,-911,-581,-352
-127,463,-377,571,176,-386,-2165,-3149,-2359,-927,-596,-372
-138,449,-346,542,147,-382,-2254,-3154,-2368,-942,-613,-395
-150,445,-324,524,124,-384,-2338,-3159,-2375,-943,-625,-417
-158,451,-314,521,109,-392,-2395,-3164,-2377,-938,-631,-435
-165,470,-317,536,105,-409,-2425,-3171,-2373,-928,-632,-450
-173,497,-329,560,106,-431,-2421,-3182,-2371,-923,-634,-467
-186,518,-329,573,95,-454,-2361,-3197,-2375,-927,-640,-484
-203,532,-317,573,75,-475,-2258,-3218,-2381,-937,-651,-504
-219,545,-307,573,56,-495,-2145,-3250,-2387,-950,-664,-528
-230,559,-302,576,43,-512,-2030,-3282,-2397,-968,-679,-550
-247,554,-272,551,10,-522,-1880,-3317,-2419,-998,-700,-574
-271,529,-217,496,-44,-523,-1700,-3348,-2446,-1027,-720,-597
-298,497,-151,428,-107,-521,-1496,-3371,-2470,-1046,-735,-613
-321,471,-97,373,-159,-522,-1286,-3386,-2485,-1050,-740,-622
-334,461,-70,347,-187,-526,-1110,-3391,-2489,-1045,-739,-623
-337,462,-64,341,-194,-532,-959,-3387,-2488,-1033,-733,-618
-335,465,-69,345,-190,-535,-822,-3373,-2482,-1017,-724,-610
-331,474,-81,357,-179,-541,-704,-3351,-2476,-998,-713,-600
-325,487,-101,379,-162,-549,-610,-3327,-2471,-983,-701,-590
-318,493,-117,393,-147,-551,-531,-3303,-2469,-973,-691,-581
-311,495,-130,403,-133,-550,-468,-3284,-2468,-966,-683,-574
-303,500,-150,419,-114,-551,-434,-3261,-2469,-958,-672,-562
-297,503,-166,433,-97,-551,-391,-3240,-2469,-957,-663,-550
-294,503,-179,442,-85,-549,-374,-3219,-2470,-960,-654,-538
-290,494,-182,439,-79,-542,-368,-3197,-2476,-964,-645,-525
-288,481,-183,433,-76,-533,-374,-3176,-2482,-961,-635,-511
-284,480,-197,443,-62,-529,-420,-3159,-2483,-948,-621,-493
-276,484,-219,463,-40,-527,-488,-3142,-2483,-931,-605,-469
-269,481,-235,474,-22,-519,-559,-3128,-2484,-915,-587,-441
-264,470,-238,471,-15,-507,-639,-3126,-2487,-899,-573,-416
-252,471,-261,488,10,-499,-762,-3133,-2483,-876,-554,-390
-232,487,-306,531,56,-494,-927,-3152,-2476,-854,-534,-366
-206,511,-362,587,112,-491,-1107,-3184,-2472,-842,-521,-346
-180,530,-413,635,165,-484,-1289,-3226,-2475,-843,-513,-333
-163,537,-442,661,197,-476,-1452,-3275,-2487,-856,-514,-326
-154,539,-455,672,212,-470,-1617,-3326,-2499,-870,-519,-324
-151,540,-460,676,218,-465,-1789,-3372,-2508,-881,-522,-321
-149,540,-460,677,219,-462,-1965,-3414,-2513,-894,-523,-317
-150,537,-453,671,213,-459,-2136,-3449,-2518,-911,-521,-313
-153,538,-447,667,207,-459,-2300,-3474,-2523,-922,-518,-310
-157,540,-439,662,197,-461,-2437,-3482,-2527,-932,-515,-305
-165,541,-423,652,180,-466,-2529,-3482,-2530,-938,-512,-301
-171,549,-416,651,168,-473,-2621,-3473,-2530,-938,-506,-295
-172,562,-417,659,167,-481,-2679,-3456,-2529,-933,-500,-286
-172,583,-427,678,170,-493,-2710,-3430,-2521,-921,-490,-276
-172,606,-438,698,175,-508,-2719,-3394,-2509,-905,-478,-265
-177,622,-436,706,167,-521,-2687,-3352,-2500,-899,-469,-255
-186,630,-423,700,149,-532,-2635,-3313,-2497,-907,-467,-253
-194,638,-412,696,134,-542,-2586,-3285,-2498,-922,-473,-260
-197,647,-407,697,126,-549,-2540,-3265,-2503,-940,-481,-271
-210,639,-375,669,94,-552,-2459,-3254,-2520,-966,-493,-289
-233,612,-318,612,38,-549,-2341,-3248,-2545,-998,-511,-313
-259,574,-247,538,-28,-541,-2208,-3243,-2573,-1029,-530,-339
-279,537,-184,469,-85,-530,-2074,-3243,-2595,-1048,-546,-362
-290,516,-148,431,-117,-524,-1974,-3246,-2609,-1056,-555,-380
-293,505,-131,412,-130,-520,-1898,-3248,-2619,-1054,-558,-390
-295,497,-120,398,-139,-517,-1832,-3248,-2625,-1043,-558,-397
-298,495,-116,394,-143,-520,-1775,-3245,-2630,-1029,-555,-401
-301,500,-121,401,-140,-528,-1733,-3241,-2629,-1012,-547,-401
-304,501,-124,403,-139,-534,-1706,-3236,-2625,-995,-540,-400
-306,500,-127,405,-136,-539,-1692,-3238,-2617,-975,-535,-401
-307,502,-136,414,-129,-545,-1693,-3241,-2612,-957,-530,-400
-306,497,-139,414,-123,-544,-1684,-3251,-2611,-951,-530,-404
-308,485,-135,404,-124,-541,-1683,-3262,-2614,-953,-534,-413
-307,459,-121,380,-130,-527,-1666,-3268,-2614,-958,-538,-420
-305,431,-107,352,-135,-508,-1627,-3273,-2609,-957,-536,-425
-298,414,-107,343,-127,-495,-1586,-3273,-2599,-946,-529,-426
-287,408,-124,354,-105,-486,-1527,-3264,-2585,-926,-514,-421
-274,402,-142,363,-82,-474,-1428,-3247,-2570,-899,-495,-410
-267,393,-151,365,-68,-464,-1298,-3230,-2551,-866,-474,-398
-253,404,-185,397,-34,-463,-1165,-3214,-2523,-825,-450,-385
-231,435,-249,462,26,-469,-1048,-3203,-2494,-793,-429,-377
-205,477,-324,542,95,-478,-952,-3194,-2467,-767,-410,-371
-186,516,-389,613,152,-490,-890,-3182,-2445,-754,-397,-366
-175,538,-428,654,186,-494,-852,-3170,-2430,-756,-392,-366
-171,549,-447,675,201,-496,-841,-3159,-2419,-764,-395,-372
-171,555,-457,687,208,-497,-860,-3149,-2412,-775,-402,-380
-171,555,-458,688,208,-492,-906,-3139,-2409,-787,-409,-389
-170,543,-446,672,199,-479,-970,-3133,-2408,-807,-418,-397
-170,532,-433,656,189,-466,-1044,-3132,-2410,-830,-426,-405
-172,521,-418,638,175,-455,-1118,-3133,-2416,-852,-433,-413
-179,508,-393,612,151,-445,-1178,-3139,-2420,-867,-438,-418
-185,502,-375,595,133,-440,-1254,-3143,-2422,-869,-439,-420
-186,505,-370,592,125,-438,-1316,-3145,-2420,-867,-438,-416
-187,521,-376,605,126,-445,-1380,-3151,-2415,-865,-439,-408
-188,541,-385,623,128,-456,-1442,-3157,-2411,-863,-440,-398
-192,553,-384,628,123,-463,-1483,-3166,-2409,-863,-443,-387
-199,559,-374,622,108,-470,-1511,-3178,-2407,-863,-447,-376
-205,569,-368,623,98,-480,-1546,-3196,-2401,-863,-451,-365
-203,579,-369,627,97,-485,-1592,-3213,-2394,-862,-454,-356
-210,570,-344,603,74,-485,-1626,-3228,-2397,-872,-462,-350
-227,545,-293,550,28,-481,-1650,-3238,-2406,-888,-473,-347
-247,511,-231,483,-29,-474,-1677,-3241,-2415,-903,-485,-344
-265,478,-173,421,-80,-467,-1706,-3242,-2418,-911,-496,-341
-276,458,-135,381,-113,-465,-1756,-3239,-2419,-906,-503,-335
-281,444,-111,354,-132,-462,-1810,-3233,-2422,-901,-506,-325
-283,433,-95,335,-143,-461,-1858,-3225,-2426,-899,-509,-317
-285,426,-85,324,-149,-461,-1897,-3213,-2429,-899,-509,-307
-283,423,-84,321,-148,-463,-1922,-3199,-2431,-899,-508,-298
-278,416,-83,316,-143,-460,-1925,-3183,-2435,-899,-509,-290
-274,409,-85,313,-137,-457,-1923,-3172,-2437,-900,-510,-285
-267,406,-93,317,-125,-455,-1921,-3159,-2437,-900,-510,-276
-261,397,-95,313,-118,-449,-1895,-3150,-2438,-902,-511,-272
-261,385,-90,303,-118,-444,-1873,-3145,-2443,-908,-515,-273
-265,367,-75,283,-128,-437,-1839,-3141,-2453,-918,-523,-279
-271,344,-55,256,-142,-427,-1795,-3140,-2460,-922,-532,-287
-272,331,-49,245,-144,-419,-1765,-3143,-2464,-917,-541,-294
-268,325,-56,248,-133,-413,-1741,-3145,-2468,-911,-549,-298
-261,314,-61,246,-123,-400,-1706,-3147,-2473,-905,-552,-296
-257,300,-59,237,-119,-388,-1661,-3150,-2475,-897,-556,-294
-243,302,-83,257,-91,-378,-1632,-3151,-2466,-872,-551,-289
-217,325,-139,311,-34,-374,-1617,-3153,-2449,-844,-540,-283
-189,363,-213,387,36,-378,-1611,-3157,-2434,-820,-529,-279
-161,395,-279,454,100,-378,-1601,-3161,-2424,-808,-519,-279
-139,408,-319,492,142,-371,-1570,-3165,-2420,-804,-512,-285
-128,419,-345,517,167,-367,-1539,-3172,-2418,-806,-512,-294
-122,431,-365,540,185,-369,-1508,-3180,-2416,-811,-514,-305
-120,440,-378,555,194,-371,-1468,-3187,-2414,-821,-517,-316
-120,441,-379,557,194,-369,-1427,-3193,-2409,-831,-522,-329
-118,442,-382,559,196,-365,-1404,-3199,-2405,-839,-527,-344
-116,444,-384,562,197,-364,-1381,-3197,-2401,-843,-530,-355
-118,446,-381,561,191,-364,-1346,-3193,-2395,-843,-534,-365
-120,454,-383,567,188,-369,-1330,-3184,-2387,-835,-534,-369
-121,468,-391,581,190,-378,-1312,-3173,-2376,-824,-534,-371
-122,494,-410,610,198,-396,-1298,-3169,-2365,-813,-536,-374
-121,522,-431,641,209,-414,-1293,-3166,-2356,-805,-540,-379
-125,540,-436,655,206,-430,-1283,-3165,-2348,-803,-545,-384
-134,550,-429,655,191,-443,-1268,-3165,-2341,-807,-553,-388
-142,564,-427,661,181,-458,-1255,-3168,-2335,-814,-562,-392
-140,577,-434,673,184,-467,-1230,-3167,-2330,-820,-569,-395
-143,571,-415,654,166,-467,-1153,-3165,-2334,-835,-579,-400
-156,544,-368,604,124,-459,-1020,-3162,-2345,-855,-591,-408
-173,508,-307,537,70,-447,-863,-3156,-2359,-878,-600,-417
-186,475,-253,478,23,-436,-716,-3152,-2368,-893,-608,-422
-193,459,-223,447,-2,-432,-616,-3147,-2371,-898,-611,-421
-195,452,-209,432,-13,-430,-556,-3137,-2367,-894,-608,-411
-199,452,-202,426,-20,-434,-509,-3127,-2358,-883,-604,-396
-203,457,-201,428,-21,-442,-464,-3118,-2350,-870,-598,-383
-205,465,-205,435,-18,-450,-418,-3109,-2342,-862,-594,-375
-209,464,-201,431,-20,-453,-365,-3100,-2334,-860,-591,-371
-214,461,-196,426,-24,-456,-324,-3097,-2324,-858,-592,-372
-215,462,-200,429,-17,-458,-309,-3092,-2314,-857,-593,-370
-216,456,-198,424,-15,-455,-284,-3092,-2304,-862,-595,-370
-220,444,-189,411,-19,-450,-277,-3092,-2295,-866,-599,-371
-225,426,-173,389,-29,-442,-278,-3089,-2289,-872,-606,-372
-231,405,-154,364,-40,-431,-277,-3084,-2280,-874,-613,-373
-231,388,-147,349,-40,-419,-290,-3076,-2266,-869,-619,-370
-226,377,-150,346,-31,-408,-304,-3064,-2252,-858,-621,-366
-225,364,-147,336,-28,-397,-305,-3045,-2239,-846,-620,-359
-233,350,-135,320,-38,-391,-299,-3024,-2224,-832,-617,-350
-233,353,-147,332,-28,-392,-321,-3000,-2200,-806,-610,-336
-225,374,-186,374,6,-400,-366,-2975,-2172,-778,-600,-322
-212,407,-239,433,51,-412,-414,-2950,-2144,-753,-588,-306
-199,439,-291,489,95,-423,-456,-2923,-2124,-739,-580,-292
-193,460,-325,528,121,-432,-474,-2895,-2112,-734,-578,-281
-194,474,-342,549,131,-441,-495,-2869,-2105,-733,-578,-271
-198,485,-351,563,131,-450,-521,-2850,-2103,-735,-582,-261
-204,492,-354,570,127,-457,-553,-2837,-2106,-743,-588,-252
-209,493,-350,568,118,-459,-567,-2832,-2114,-758,-594,-246
-212,492,-345,564,108,-459,-566,-2833,-2122,-775,-600,-245
-215,491,-337,558,97,-459,-543,-2834,-2132,-792,-604,-248
-221,490,-327,549,81,-461,-492,-2838,-2140,-802,-606,-254
-227,497,-324,551,70,-469,-451,-2840,-2144,-797,-603,-255
-228,509,-326,559,66,-478,-407,-2844,-2150,-786,-597,-255
-228,527,-338,577,68,-490,-380,-2852,-2154,-775,-590,-257
-227,550,-354,601,75,-505,-372,-2867,-2161,-770,-585,-261
-229,564,-357,611,71,-517,-368,-2889,-2172,-774,-585,-266
-234,571,-350,609,58,-527,-385,-2916,-2182,-779,-586,-274
-237,580,-347,611,50,-538,-421,-2951,-2186,-784,-588,-282
-235,594,-354,623,53,-548,-461,-2989,-2191,-791,-588,-292
-239,590,-338,609,37,-551,-470,-3032,-2205,-810,-592,-308
-250,565,-295,562,-2,-544,-451,-3075,-2225,-831,-599,-323
-264,529,-238,499,-51,-533,-423,-3115,-2248,-853,-607,-335
-276,497,-188,444,-93,-522,-393,-3146,-2264,-865,-614,-345
-280,482,-164,418,-112,-518,-380,-3166,-2270,-862,-612,-348
-278,477,-157,411,-114,-516,-366,-3170,-2268,-851,-600,-345
-273,475,-157,409,-111,-515,-351,-3162,-2263,-837,-585,-341
-270,478,-162,416,-103,-518,-332,-3140,-2257,-823,-569,-336
-266,488,-176,433,-89,-524,-317,-3110,-2248,-808,-554,-331
-262,492,-185,443,-77,-527,-307,-3077,-2241,-796,-541,-329
-257,491,-191,449,-65,-525,-307,-3048,-2234,-786,-531,-330
-246,490,-205,459,-45,-518,-326,-3013,-2229,-772,-520,-330
-235,483,-212,461,-27,-507,-332,-2978,-2226,-766,-514,-330
-227,466,-208,449,-20,-490,-352,-2945,-2222,-769,-513,-333
-220,435,-190,419,-22,-464,-370,-2911,-2219,-778,-513,-337
-216,399,-167,382,-29,-436,-390,-2880,-2213,-784,-513,-341
-210,374,-154,359,-28,-414,-431,-2856,-2203,-786,-512,-343
-205,355,-149,345,-23,-395,-476,-2835,-2192,-784,-506,-341
-201,332,-136,322,-25,-374,-505,-2812,-2182,-778,-498,-336
-203,307,-117,294,-34,-355,-522,-2799,-2175,-770,-492,-334
-198,301,-123,295,-23,-345,-557,-2790,-2162,-753,-486,-331
-183,315,-157,327,12,-341,-620,-2782,-2145,-733,-479,-326
-164,340,-207,378,61,-343,-694,-2775,-2127,-716,-472,-320
-145,364,-256,426,108,-342,-763,-2770,-2115,-706,-468,-314
-132,378,-287,455,137,-341,-803,-2765,-2107,-703,-467,-310
-129,385,-300,468,148,-340,-837,-2760,-2098,-702,-469,-307
-127,388,-307,473,153,-338,-883,-2755,-2086,-702,-472,-304
-127,387,-308,471,152,-335,-940,-2750,-2076,-706,-475,-303
-130,382,-300,461,142,-332,-996,-2745,-2068,-712,-478,-303
-134,382,-293,454,132,-332,-1057,-2740,-2062,-718,-483,-303
-137,380,-285,445,121,-331,-1105,-2731,-2059,-728,-487,-303
-144,379,-272,434,103,-333,-1132,-2725,-2054,-738,-493,-305
-151,387,-269,436,92,-343,-1174,-2717,-2047,-738,-493,-303
-153,402,-276,448,90,-353,-1203,-2710,-2037,-735,-493,-301
-150,425,-295,474,100,-367,-1233,-2708,-2026,-730,-494,-300
-144,450,-318,503,113,-381,-1253,-2705,-2016,-727,-497,-297
-145,468,-328,521,114,-395,-1241,-2703,-2006,-729,-501,-294
-149,483,-330,531,108,-409,-1203,-2704,-1996,-735,-506,-292
-154,503,-337,548,105,-428,-1170,-2709,-1983,-743,-509,-289
-154,523,-350,569,109,-444,-1145,-2711,-1968,-750,-510,-286
-160,521,-335,558,92,-450,-1105,-2716,-1963,-772,-515,-286
-174,500,-292,515,51,-448,-1050,-2722,-1966,-794,-525,-288
-195,466,-232,453,-5,-443,-986,-2728,-1973,-813,-533,-293
-216,432,-172,391,-59,-436,-929,-2738,-1979,-827,-541,-297
-227,409,-134,350,-93,-431,-900,-2748,-1979,-836,-546,-299
-233,396,-111,328,-111,-429,-873,-2758,-1977,-837,-544,-300
-236,384,-95,310,-122,-426,-848,-2766,-1975,-831,-540,-304
-238,376,-85,300,-128,-425,-832,-2770,-1973,-824,-536,-308
-238,378,-86,303,-125,-429,-821,-2769,-1968,-811,-529,-308
-240,381,-90,309,-121,-436,-798,-2764,-1963,-799,-521,-302
-244,388,-97,320,-116,-446,-780,-2758,-1954,-785,-512,-296
-243,403,-116,343,-99,-456,-787,-2741,-1940,-766,-495,-284
-242,414,-134,364,-81,-464,-774,-2721,-1925,-747,-478,-270
-240,417,-145,374,-70,-466,-767,-2699,-1912,-732,-461,-258
-239,405,-142,366,-66,-457,-755,-2673,-1902,-723,-446,-250
-237,385,-132,347,-68,-441,-745,-2645,-1890,-711,-433,-242
-232,373,-133,341,-60,-428,-764,-2617,-1875,-691,-418,-235
-223,368,-145,346,-44,-417,-800,-2588,-1859,-670,-402,-229
-215,359,-152,345,-31,-404,-827,-2558,-1845,-653,-384,-219
-211,345,-151,336,-26,-388,-852,-2532,-1829,-636,-365,-210
-201,353,-177,358,0,-383,-903,-2510,-1805,-607,-341,-198
-180,383,-234,416,54,-386,-982,-2492,-1782,-575,-317,-186
-155,424,-307,491,120,-392,-1073,-2477,-1762,-548,-293,-174
-131,460,-374,559,181,-396,-1157,-2464,-1749,-530,-273,-165
-114,481,-416,600,221,-395,-1210,-2454,-1745,-526,-261,-163
-107,491,-438,621,240,-392,-1259,-2448,-1745,-525,-255,-168
-102,498,-452,633,252,-389,-1316,-2448,-1748,-528,-251,-178
-101,500,-457,637,255,-385,-1373,-2451,-1754,-533,-248,-188
-106,499,-451,631,246,-384,-1422,-2454,-1761,-541,-246,-201
-114,500,-444,625,234,-386,-1467,-2455,-1770,-547,-245,-215
-121,499,-432,615,219,-386,-1498,-2453,-1782,-553,-243,-225
-130,493,-412,596,198,-385,-1503,-2456,-1794,-558,-243,-237
-135,492,-401,587,185,-385,-1523,-2459,-1806,-555,-241,-245
-133,498,-402,591,184,-387,-1532,-2461,-1816,-552,-237,-250
-129,513,-413,607,191,-394,-1544,-2464,-1825,-547,-231,-251
-121,530,-429,627,204,-400,-1557,-2465,-1835,-548,-228,-253
-116,539,-433,635,207,-405,-1547,-2464,-1848,-559,-229,-256
-114,543,-429,634,203,-408,-1515,-2464,-1860,-574,-234,-260
-114,550,-426,637,199,-416,-1483,-2468,-1865,-586,-241,-266
-113,559,-427,643,198,-425,-1458,-2468,-1865,-593,-247,-268
-122,552,-401,621,173,-430,-1427,-2467,-1870,-607,-258,-271
-144,529,-348,571,122,-435,-1397,-2465,-1881,-631,-272,-273
-172,494,-279,502,56,-435,-1371,-2460,-1892,-660,-288,-273
-198,461,-213,437,-5,-435,-1351,-2456,-1898,-681,-303,-272
-212,439,-173,397,-41,-435,-1355,-2453,-1900,-691,-312,-269
-217,426,-152,375,-57,-435,-1365,-2444,-1898,-693,-316,-261
-219,416,-139,362,-66,-435,-1377,-2431,-1893,-688,-317,-252
-220,411,-132,355,-69,-437,-1390,-2416,-1887,-682,-316,-244
-219,410,-134,358,-66,-441,-1404,-2402,-1882,-677,-315,-235
-216,407,-136,359,-60,-441,-1420,-2391,-1880,-676,-315,-230
-213,401,-138,358,-55,-438,-1451,-2388,-1878,-681,-321,-227
-207,396,-142,358,-46,-434,-1489,-2381,-1875,-685,-323,-224
-203,384,-139,349,-44,-426,-1499,-2376,-1873,-693,-327,-220
-204,368,-129,334,-49,-418,-1501,-2372,-1871,-704,-333,-218
-208,345,-108,306,-63,-406,-1483,-2367,-1871,-717,-341,-216
-210,317,-84,272,-80,-390,-1451,-2367,-1870,-725,-346,-213
-207,296,-74,252,-82,-374,-1434,-2369,-1866,-723,-346,-207
-198,284,-78,248,-72,-360,-1425,-2365,-1859,-715,-342,-200
-188,270,-80,240,-64,-343,-1403,-2356,-1854,-707,-335,-194
-181,254,-77,227,-61,-327,-1371,-2348,-1848,-695,-332,-188
-167,254,-98,241,-37,-316,-1351,-2340,-1834,-674,-323,-180
-145,277,-149,289,11,-315,-1340,-2334,-1813,-644,-311,-171
-120,315,-217,358,73,-321,-1335,-2327,-1790,-616,-300,-164
-98,353,-281,425,130,-328,-1329,-2317,-1771,-593,-290,-158
-85,377,-322,467,166,-332,-1295,-2309,-1758,-578,-282,-152
-80,395,-347,494,185,-337,-1249,-2303,-1749,-571,-279,-150
-79,412,-367,517,198,-344,-1211,-2300,-1741,-568,-276,-152
-82,427,-380,533,204,-350,-1182,-2298,-1732,-565,-274,-154
-90,437,-382,540,201,-357,-1160,-2296,-1726,-562,-274,-156
-97,449,-387,550,198,-365,-1144,-2293,-1719,-559,-273,-158
-105,461,-390,559,194,-372,-1139,-2285,-1711,-556,-269,-158
-118,471,-384,561,182,-382,-1140,-2281,-1700,-552,-265,-158
-127,485,-386,571,176,-393,-1160,-2277,-1688,-541,-259,-155
-131,503,-396,589,180,-402,-1169,-2274,-1676,-528,-251,-149
-132,528,-416,619,191,-416,-1202,-2277,-1664,-514,-244,-144
-133,556,-438,653,204,-432,-1249,-2282,-1655,-504,-240,-141
-136,573,-446,670,207,-443,-1271,-2289,-1651,-500,-243,-142
-141,582,-444,676,201,-451,-1275,-2303,-1647,-499,-249,-147
-147,595,-445,686,198,-462,-1291,-2322,-1643,-500,-257,-155
-146,607,-451,699,201,-469,-1311,-2342,-1642,-505,-264,-166
-154,599,-430,680,181,-469,-1311,-2358,-1651,-521,-276,-181
-171,570,-379,627,134,-462,-1283,-2371,-1664,-543,-290,-196
-191,530,-314,558,77,-451,-1235,-2379,-1678,-564,-304,-212
-209,491,-252,492,23,-440,-1182,-2382,-1687,-576,-312,-226
-220,462,-209,444,-14,-431,-1153,-2379,-1688,-575,-314,-235
-224,443,-184,415,-33,-425,-1125,-2371,-1689,-574,-317,-241
-225,432,-168,398,-44,-423,-1090,-2361,-1692,-574,-322,-248
-226,424,-159,387,-50,-424,-1059,-2351,-1695,-577,-330,-254
-221,418,-157,382,-48,-422,-1035,-2339,-1697,-580,-336,-259
-216,407,-152,372,-48,-418,-1012,-2328,-1699,-582,-344,-264
-212,397,-149,363,-47,-415,-1001,-2321,-1698,-582,-352,-270
-204,396,-157,367,-35,-414,-1005,-2308,-1696,-581,-356,-272
-199,393,-163,370,-27,-415,-982,-2293,-1693,-585,-361,-272
-198,388,-163,367,-25,-416,-971,-2278,-1686,-588,-369,-271
-198,376,-155,354,-29,-412,-947,-2262,-1681,-596,-379,-268
-197,358,-144,335,-35,-403,-911,-2252,-1674,-599,-389,-265
-191,346,-145,327,-29,-392,-898,-2246,-1665,-594,-396,-260
-179,339,-156,330,-12,-381,-911,-2241,-1658,-585,-402,-256
-167,327,-162,327,1,-366,-921,-2234,-1654,-582,-409,-252
-159,311,-160,316,6,-349,-914,-2227,-1649,-578,-417,-249
-145,309,-179,328,30,-337,-905,-2220,-1633,-561,-420,-239
-123,325,-223,370,75,-331,-897,-2216,-1615,-543,-421,-228
-98,354,-284,431,133,-331,-882,-2217,-1600,-532,-422,-219
-77,380,-336,484,182,-330,-866,-2220,-1592,-534,-424,-214
-64,390,-365,511,211,-325,-825,-2224,-1593,-545,-427,-214
-60,395,-377,524,222,-321,-787,-2231,-1598,-559,-433,-217
-61,400,-385,534,226,-321,-779,-2236,-1605,-573,-441,-222
-64,401,-386,536,224,-319,-784,-2239,-1611,-590,-448,-226
-68,394,-376,526,214,-312,-771,-2241,-1616,-606,-456,-229
-73,389,-366,517,203,-308,-748,-2242,-1622,-619,-465,-230
-79,387,-357,510,192,-305,-713,-2238,-1627,-633,-473,-231
-87,383,-343,499,175,-305,-664,-2233,-1630,-642,-482,-233
-95,386,-334,495,163,-308,-628,-2223,-1629,-641,-485,-231
-102,393,-331,498,155,-315,-591,-2211,-1622,-635,-485,-227
-108,411,-338,515,153,-329,-568,-2199,-1611,-625,-484,-220
-112,434,-350,537,156,-346,-560,-2187,-1605,-616,-484,-215
-118,449,-352,548,152,-359,-562,-2177,-1606,-615,-490,-215
-127,458,-345,548,139,-370,-582,-2172,-1610,-623,-499,-219
-133,469,-343,552,132,-382,-631,-2172,-1613,-627,-511,-222
-134,487,-352,568,136,-395,-701,-2171,-1617,-633,-523,-228
-143,489,-337,558,118,-403,-770,-2169,-1627,-647,-540,-237
-159,471,-296,517,79,-404,-837,-2165,-1645,-663,-558,-250
-179,443,-241,460,27,-399,-903,-2159,-1662,-677,-575,-266
-195,418,-193,409,-16,-395,-965,-2153,-1673,-685,-588,-279
-205,407,-168,383,-40,-396,-1039,-2145,-1674,-686,-594,-288
-206,404,-158,373,-47,-396,-1121,-2134,-1672,-678,-595,-295
-208,405,-154,369,-51,-401,-1202,-2120,-1668,-666,-595,-302
-214,411,-152,370,-55,-410,-1280,-2106,-1663,-650,-595,-310
-220,422,-157,378,-55,-424,-1356,-2092,-1655,-634,-596,-316
-227,426,-155,379,-59,-434,-1419,-2079,-1646,-624,-599,-323
-234,428,-153,378,-62,-443,-1464,-2071,-1634,-616,-603,-330
-232,430,-160,383,-54,-445,-1499,-2064,-1621,-607,-603,-334
-231,428,-164,384,-48,-446,-1505,-2059,-1607,-603,-603,-338
-234,422,-161,378,-49,-446,-1509,-2050,-1592,-598,-601,-342
-239,407,-149,360,-58,-440,-1494,-2038,-1577,-594,-596,-344
-243,391,-135,340,-67,-434,-1452,-2028,-1561,-588,-589,-344
-242,381,-135,334,-64,-427,-1408,-2022,-1543,-578,-579,-344
-234,374,-144,336,-50,-418,-1364,-2016,-1526,-565,-566,-341
-224,359,-147,330,-40,-402,-1294,-2011,-1513,-555,-552,-340
-219,339,-139,313,-39,-385,-1203,-2012,-1502,-543,-538,-339
-206,335,-155,322,-19,-373,-1122,-2017,-1486,-523,-522,-339
-184,344,-192,355,22,-364,-1053,-2025,-1468,-500,-509,-341
-160,365,-243,404,73,-360,-989,-2038,-1452,-481,-499,-347
-136,383,-289,448,119,-355,-923,-2053,-1446,-475,-497,-357
-118,385,-313,467,147,-343,-836,-2070,-1451,-482,-502,-370
-109,379,-318,468,156,-331,-760,-2091,-1457,-492,-512,-383
-104,372,-318,464,158,-321,-711,-2110,-1462,-502,-521,-395
-101,365,-314,458,156,-313,-684,-2123,-1462,-508,-526,-405
-100,355,-304,446,148,-303,-680,-2131,-1464,-512,-531,-414
-98,347,-295,435,141,-295,-701,-2139,-1467,-517,-539,-424
-96,337,-283,422,132,-286,-736,-2144,-1470,-524,-546,-431
-98,324,-263,400,115,-277,-772,-2152,-1475,-528,-553,-437
-99,317,-250,388,103,-272,-841,-2157,-1480,-524,-554,-437
-98,320,-246,387,98,-273,-911,-2158,-1483,-518,-554,-433
-97,334,-254,401,101,-282,-988,-2156,-1480,-510,-552,-428
-96,356,-269,426,110,-296,-1060,-2149,-1474,-504,-548,-421
-101,376,-275,443,108,-313,-1099,-2132,-1468,-501,-542,-410
-110,390,-272,449,98,-329,-1122,-2113,-1457,-500,-536,-397
-120,407,-271,458,88,-347,-1158,-2100,-1446,-502,-533,-386
-123,424,-276,472,88,-362,-1194,-2087,-1440,-507,-530,-376
-132,421,-256,456,66,-368,-1205,-2076,-1447,-527,-535,-370
-151,397,-206,406,19,-365,-1194,-2064,-1461,-555,-545,-367
-173,359,-138,334,-43,-356,-1189,-2047,-1477,-580,-556,-363
-193,324,-78,270,-97,-348,-1196,-2030,-1486,-593,-563,-359
-204,306,-44,235,-128,-345,-1224,-2010,-1488,-596,-567,-352
-207,298,-29,219,-140,-343,-1255,-1985,-1487,-590,-568,-340
-207,295,-23,212,-144,-343,-1282,-1959,-1479,-574,-565,-327
-206,297,-25,215,-141,-346,-1306,-1936,-1469,-555,-561,-315
-202,305,-37,228,-130,-351,-1324,-1918,-1457,-539,-555,-305
-200,310,-46,237,-121,-354,-1330,-1906,-1447,-527,-547,-295
-198,315,-56,247,-112,-359,-1324,-1903,-1439,-517,-538,-286
-194,323,-73,263,-96,-363,-1320,-1901,-1431,-505,-525,-274
-192,326,-83,273,-86,-365,-1296,-1906,-1426,-502,-514,-267
-195,323,-83,271,-85,-365,-1283,-1916,-1423,-503,-505,-265
-201,311,-72,255,-94,-361,-1271,-1922,-1424,-506,-499,-264
-209,300,-61,241,-104,-359,-1257,-1926,-1423,-507,-492,-263
-214,299,-65,243,-102,-360,-1257,-1925,-1416,-500,-479,-257
-212,304,-80,257,-88,-361,-1262,-1918,-1406,-488,-463,-246
-209,305,-94,267,-74,-357,-1256,-1903,-1396,-478,-445,-234
-207,302,-102,271,-66,-352,-1242,-1886,-1385,-467,-431,-224
-195,315,-135,301,-34,-350,-1250,-1865,-1367,-447,-415,-214
-172,340,-192,356,22,-349,-1281,-1843,-1346,-423,-402,-208
-142,372,-262,424,90,-348,-1324,-1826,-1326,-405,-392,-205
-114,400,-324,483,151,-345,-1363,-1809,-1314,-394,-387,-206
-94,412,-362,516,190,-338,-1375,-1794,-1308,-393,-386,-212
-81,410,-378,525,210,-326,-1373,-1783,-1304,-398,-389,-223
-73,404,-383,524,218,-315,-1353,-1774,-1300,-401,-394,-236
-66,395,-382,516,222,-303,-1314,-1763,-1299,-404,-398,-245
-63,382,-373,501,217,-291,-1253,-1753,-1299,-405,-404,-254
-61,372,-364,487,212,-282,-1173,-1746,-1297,-404,-408,-261
-62,364,-352,473,203,-276,-1090,-1737,-1294,-405,-407,-267
-68,354,-333,453,185,-273,-1001,-1736,-1290,-405,-407,-274
-73,350,-320,441,171,-275,-932,-1737,-1286,-401,-405,-279
-77,357,-316,442,164,-283,-864,-1739,-1279,-396,-401,-282
-77,373,-326,459,169,-295,-808,-1745,-1269,-389,-398,-286
-79,396,-339,483,175,-312,-768,-1749,-1260,-384,-394,-291
-86,412,-340,494,169,-329,-737,-1754,-1255,-387,-393,-297
-96,421,-330,493,154,-343,-719,-1764,-1253,-396,-395,-308
-105,431,-323,494,142,-358,-728,-1779,-1250,-406,-399,-320
-109,442,-320,500,135,-369,-763,-1793,-1250,-418,-400,-331
-121,434,-292,476,108,-373,-807,-1808,-1260,-443,-409,-346
-141,407,-236,422,56,-370,-848,-1821,-1279,-473,-422,-363
-165,368,-165,348,-9,-361,-892,-1831,-1298,-501,-434,-379
-189,331,-98,280,-70,-353,-951,-1836,-1311,-519,-444,-392
-205,311,-55,238,-111,-352,-1045,-1834,-1315,-525,-452,-401
-212,297,-30,213,-132,-348,-1150,-1824,-1315,-523,-456,-407
-215,285,-11,193,-146,-343,-1250,-1811,-1317,-521,-459,-414
-216,277,0,182,-153,-339,-1346,-1800,-1319,-526,-461,-422
-212,276,-2,183,-149,-336,-1435,-1788,-1319,-525,-459,-428
-208,274,-6,185,-142,-333,-1505,-1774,-1320,-523,-455,-430
-203,271,-11,187,-134,-328,-1554,-1763,-1317,-518,-451,-427
-193,270,-23,195,-118,-321,-1587,-1748,-1311,-510,-444,-416
-183,264,-33,199,-102,-310,-1585,-1734,-1305,-501,-437,-400
-176,255,-38,196,-92,-298,-1581,-1721,-1301,-497,-430,-383
-170,234,-31,179,-90,-279,-1563,-1708,-1301,-499,-425,-366
-163,207,-21,155,-90,-255,-1524,-1700,-1299,-500,-418,-348
-153,192,-25,148,-78,-237,-1474,-1697,-1293,-494,-408,-330
-143,189,-43,159,-57,-226,-1405,-1696,-1286,-483,-397,-311
-134,184,-56,165,-40,-214,-1313,-1689,-1278,-470,-383,-291
-130,174,-60,162,-32,-202,-1212,-1684,-1268,-458,-370,-274
-121,185,-90,190,-4,-201,-1118,-1679,-1252,-434,-354,-256
-105,218,-146,250,46,-210,-1035,-1678,-1233,-408,-338,-241
-86,258,-214,324,106,-221,-953,-1681,-1214,-385,-325,-230
-66,294,-276,390,161,-230,-854,-1687,-1200,-371,-319,-221
-54,316,-317,433,197,-235,-728,-1695,-1196,-369,-319,-218
-52,334,-341,461,215,-244,-600,-1701,-1195,-373,-323,-219
-54,352,-359,486,225,-255,-483,-1703,-1193,-376,-325,-221
-55,362,-369,500,230,-262,-369,-1700,-1187,-378,-325,-222
-59,365,-367,501,224,-265,-264,-1692,-1178,-379,-322,-223
-64,369,-364,503,217,-270,-176,-1684,-1168,-380,-319,-225
-68,371,-357,500,207,-276,-101,-1676,-1164,-380,-318,-226
-77,371,-343,490,188,-282,-35,-1675,-1163,-382,-321,-230
-84,375,-333,486,173,-291,-4,-1674,-1164,-383,-321,-234
-87,385,-330,491,165,-302,6,-1672,-1163,-381,-318,-237
-88,401,-336,505,164,-317,-11,-1673,-1158,-372,-312,-239
-87,418,-343,521,165,-331,-51,-1674,-1154,-366,-306,-240
-90,427,-338,522,155,-342,-105,-1676,-1156,-368,-301,-243
-94,426,-321,509,137,-348,-171,-1683,-1158,-374,-299,-250
-98,428,-308,501,122,-356,-259,-1697,-1160,-378,-296,-258
-97,433,-303,499,115,-363,-362,-1710,-1164,-384,-292,-263
-104,419,-274,469,87,-363,-459,-1720,-1175,-403,-292,-271
-122,389,-217,410,34,-357,-550,-1726,-1190,-428,-296,-283
-144,348,-146,333,-30,-348,-638,-1729,-1206,-451,-301,-297
-164,308,-81,262,-88,-337,-727,-1732,-1216,-470,-307,-311
-176,284,-41,218,-124,-332,-824,-1732,-1221,-482,-311,-323
-181,269,-19,191,-142,-327,-910,-1728,-1222,-488,-314,-330
-182,258,-6,173,-151,-322,-981,-1721,-1225,-491,-319,-337
-179,248,0,161,-151,-315,-1045,-1711,-1228,-491,-326,-342
-175,244,-3,160,-144,-312,-1109,-1702,-1229,-491,-333,-345
-173,239,-5,156,-138,-307,-1163,-1693,-1229,-493,-340,-347
-171,235,-9,156,-131,-304,-1209,-1688,-1223,-490,-348,-351
-165,237,-25,167,-112,-301,-1243,-1674,-1211,-480,-349,-352
-158,236,-40,175,-94,-296,-1243,-1662,-1197,-473,-350,-352
-155,232,-49,179,-80,-290,-1230,-1650,-1181,-465,-349,-352
-154,220,-49,171,-75,-280,-1200,-1637,-1166,-458,-347,-349
-155,205,-45,158,-73,-268,-1152,-1625,-1152,-451,-343,-345
-149,200,-56,163,-57,-258,-1100,-1613,-1136,-441,-336,-337
-140,203,-79,181,-30,-251,-1034,-1597,-1120,-430,-326,-327
-132,204,-99,196,-7,-242,-943,-1576,-1107,-416,-314,-315
-130,200,-108,201,4,-234,-850,-1554,-1092,-397,-299,-301
-121,214,-139,233,35,-232,-810,-1531,-1070,-365,-277,-283
-104,246,-197,295,88,-237,-816,-1513,-1043,-328,-255,-263
-82,291,-270,375,154,-247,-839,-1498,-1016,-297,-238,-246
-62,331,-336,447,213,-255,-866,-1484,-995,-275,-227,-229
-51,355,-375,491,248,-257,-873,-1469,-982,-264,-220,-215
-48,371,-396,518,265,-260,-870,-1454,-971,-262,-216,-208
-50,386,-411,539,273,-266,-856,-1439,-962,-264,-214,-206
-51,397,-419,554,276,-269,-825,-1421,-953,-270,-211,-204
-56,404,-418,559,270,-272,-776,-1400,-946,-274,-208,-201
-61,416,-420,570,266,-279,-728,-1378,-937,-274,-204,-196
-65,428,-421,580,260,-286,-685,-1348,-926,-273,-197,-186
-75,440,-416,586,247,-298,-631,-1319,-910,-267,-188,-174
-82,462,-421,604,241,-315,-592,-1283,-890,-248,-174,-157
-84,491,-438,635,246,-336,-553,-1245,-864,-222,-157,-138
-81,532,-472,684,266,-362,-517,-1209,-832,-191,-136,-118
-73,575,-511,739,292,-387,-481,-1172,-803,-160,-117,-101
-66,610,-541,781,311,-410,-436,-1138,-780,-139,-101,-88
-62,641,-564,817,325,-431,-387,-1112,-761,-120,-90,-77
-59,679,-594,860,342,-460,-352,-1096,-742,-101,-83,-66
-54,721,-631,911,366,-489,-331,-1081,-725,-91,-79,-55
-57,744,-641,932,367,-512,-298,-1066,-719,-96,-83,-49
-71,749,-624,921,343,-530,-248,-1049,-719,-104,-92,-43
-91,742,-591,894,306,-545,-175,-1029,-721,-109,-100,-33
-108,735,-562,867,274,-557,-91,-1010,-717,-102,-104,-20
-120,740,-553,863,259,-574,-28,-991,-706,-83,-102,-4
-123,751,-559,873,261,-589,27,-972,-691,-60,-95,13
-125,766,-574,891,271,-604,66,-957,-678,-38,-87,29
-128,785,-594,916,284,-623,83,-943,-668,-15,-79,43
-130,807,-618,946,301,-643,89,-929,-658,9,-69,59
-135,825,-637,968,313,-662,93,-915,-649,29,-59,72
-145,842,-653,989,320,-683,91,-904,-639,46,-52,80
-150,859,-673,1013,334,-700,85,-892,-629,61,-48,88
-157,869,-685,1027,340,-713,100,-882,-616,70,-49,93
-169,875,-689,1033,339,-725,115,-872,-603,75,-49,95
-183,873,-684,1028,330,-732,149,-862,-593,76,-49,98
-195,868,-677,1019,321,-736,190,-852,-581,80,-46,99
-201,871,-684,1027,326,-740,219,-843,-565,88,-41,101
-201,886,-710,1054,347,-747,247,-831,-545,103,-32,108
-199,902,-736,1082,369,-752,298,-809,-517,123,-17,122
-200,917,-758,1108,386,-760,380,-782,-480,155,2,138
-193,951,-806,1163,425,-774,448,-752,-431,201,25,157
-178,1003,-879,1247,486,-794,465,-720,-376,250,51,177
-160,1066,-964,1347,556,-821,464,-688,-321,296,77,196
-146,1125,-1042,1440,619,-847,467,-656,-275,334,100,210
-140,1167,-1092,1503,658,-866,502,-625,-238,356,119,219
-142,1195,-1119,1542,675,-883,552,-596,-205,369,135,223
-149,1219,-1135,1570,681,-899,608,-568,-175,378,147,226
-158,1235,-1141,1587,679,-913,673,-538,-145,383,157,229
-167,1243,-1136,1591,669,-920,744,-507,-116,391,166,232
-174,1252,-1134,1598,661,-929,803,-475,-86,399,176,231
-179,1262,-1133,1605,656,-936,854,-442,-60,405,186,231
-186,1271,-1129,1611,647,-944,920,-412,-34,417,199,232
-189,1285,-1132,1624,645,-954,966,-381,-4,442,221,242
-187,1303,-1143,1645,650,-964,1005,-349,29,473,249,253
-184,1328,-1164,1677,663,-979,1026,-318,65,509,278,267
-179,1357,-1189,1714,680,-996,1033,-284,99,543,308,283
-175,1374,-1201,1735,687,-1007,1039,-253,130,569,334,296
-172,1382,-1202,1741,686,-1012,1034,-225,160,592,357,305
-168,1397,-1212,1757,691,-1023,1009,-203,190,617,379,312
-161,1419,-1233,1786,707,-1037,964,-181,218,635,403,323
-163,1427,-1232,1790,702,-1048,912,-163,235,639,421,331
-174,1416,-1204,1763,673,-1052,860,-144,245,638,433,338
-192,1397,-1162,1722,630,-1057,796,-121,252,642,444,349
-211,1385,-1127,1689,593,-1066,720,-98,260,651,458,360
-221,1386,-1114,1680,577,-1077,633,-78,271,666,473,372
-225,1395,-1119,1687,576,-1090,549,-53,286,684,491,389
-228,1410,-1131,1704,582,-1107,474,-27,301,707,510,412
-231,1433,-1153,1732,595,-1128,400,1,315,733,527,437
-234,1463,-1183,1771,615,-1153,328,30,331,759,543,462
-236,1487,-1210,1803,633,-1174,263,58,347,779,559,486
-237,1506,-1234,1829,649,-1190,203,80,364,797,573,508
-233,1525,-1262,1859,673,-1202,153,104,383,817,592,534
-232,1543,-1288,1886,693,-1214,140,125,400,833,610,560
-234,1559,-1309,1909,708,-1226,126,140,414,846,627,584
-238,1567,-1321,1922,715,-1234,128,152,425,855,643,609
-246,1574,-1328,1929,716,-1243,142,159,437,865,659,635
-251,1590,-1346,1951,726,-1256,131,160,450,880,678,661
-252,1610,-1372,1980,745,-1267,98,158,460,893,697,687
-249,1625,-1397,2006,766,-1271,65,152,463,903,714,713
-249,1638,-1416,2027,781,-1276,36,136,460,911,726,735
-241,1668,-1459,2075,816,-1288,-42,109,461,924,740,756
-226,1711,-1522,2146,871,-1302,-169,67,460,936,749,772
-203,1758,-1597,2227,937,-1313,-299,12,454,943,753,783
-179,1799,-1664,2300,1000,-1319,-405,-51,438,940,752,791
-161,1822,-1708,2345,1043,-1318,-481,-121,411,927,744,794
-152,1837,-1734,2373,1068,-1317,-562,-192,385,913,736,796
-147,1852,-1753,2397,1085,-1319,-656,-260,360,902,731,797
-146,1865,-1767,2415,1096,-1322,-766,-326,336,889,728,798
-147,1872,-1770,2423,1098,-1323,-879,-388,312,877,729,801
-149,1879,-1772,2430,1099,-1325,-992,-449,290,868,732,805
-151,1885,-1773,2436,1099,-1328,-1083,-505,268,858,737,812
-158,1888,-1764,2432,1088,-1332,-1143,-559,252,853,742,818
-164,1895,-1759,2434,1080,-1340,-1214,-603,243,858,751,827
-166,1905,-1760,2443,1080,-1348,-1269,-637,238,867,763,837
-164,1921,-1772,2463,1088,-1359,-1319,-667,239,880,776,844
-160,1940,-1787,2486,1101,-1371,-1362,-688,238,892,787,849
-157,1950,-1792,2496,1104,-1379,-1377,-700,237,898,792,849
-160,1953,-1785,2495,1097,-1387,-1376,-707,238,902,796,847
-164,1961,-1782,2498,1091,-1399,-1390,-712,245,908,799,846
-163,1973,-1788,2511,1094,-1411,-1413,-711,259,916,807,848
-172,1971,-1771,2498,1076,-1420,-1410,-706,267,914,808,848
-191,1950,-1725,2454,1031,-1423,-1383,-700,270,904,809,849
-217,1918,-1662,2390,969,-1425,-1353,-695,268,895,810,850
-241,1886,-1601,2329,911,-1424,-1323,-695,268,891,811,851
-257,1864,-1560,2286,872,-1424,-1312,-696,272,890,814,852
-262,1844,-1533,2255,849,-1419,-1292,-698,273,892,820,853
-263,1823,-1510,2226,832,-1409,-1244,-705,271,895,827,852
-261,1802,-1492,2199,820,-1398,-1180,-718,265,893,834,847
-253,1781,-1480,2177,817,-1382,-1105,-735,256,884,838,841
-243,1754,-1465,2149,813,-1360,-1025,-753,248,872,843,836
-234,1725,-1450,2119,808,-1337,-949,-773,242,865,847,832
-219,1698,-1441,2095,813,-1310,-887,-785,234,862,854,834
-204,1666,-1429,2065,814,-1280,-811,-798,226,856,858,834
-189,1629,-1413,2029,814,-1246,-741,-810,219,849,862,833
-176,1585,-1388,1983,806,-1208,-647,-819,210,839,865,832
-166,1543,-1362,1936,795,-1173,-536,-826,206,832,869,837
-155,1513,-1351,1909,796,-1144,-455,-830,208,833,876,847
-138,1491,-1352,1894,808,-1117,-411,-828,213,841,888,862
-125,1466,-1346,1874,813,-1089,-377,-815,215,853,901,879
-117,1438,-1333,1846,811,-1064,-349,-800,218,868,911,896
-101,1430,-1348,1851,832,-1045,-349,-780,229,893,922,914
-76,1444,-1393,1889,879,-1036,-385,-761,246,923,938,936
-48,1472,-1454,1948,940,-1033,-452,-743,265,952,955,958
-21,1498,-1513,2005,997,-1030,-526,-723,282,975,970,977
-3,1511,-1548,2037,1033,-1024,-584,-702,291,987,981,992
7,1514,-1564,2050,1050,-1017,-648,-687,297,992,987,1004
16,1510,-1571,2052,1061,-1006,-724,-678,296,992,987,1011
25,1499,-1570,2044,1066,-990,-795,-674,291,985,984,1015
33,1482,-1560,2026,1064,-971,-852,-674,283,975,980,1016
39,1469,-1550,2011,1060,-955,-915,-679,274,967,978,1016
43,1454,-1536,1992,1052,-940,-976,-681,264,957,979,1017
40,1437,-1513,1966,1033,-928,-1017,-688,255,944,980,1018
39,1426,-1494,1947,1019,-920,-1067,-696,245,937,983,1022
40,1421,-1483,1936,1010,-914,-1100,-702,234,932,986,1026
40,1424,-1479,1936,1006,-915,-1137,-714,226,929,987,1027
40,1430,-1478,1940,1004,-918,-1173,-730,214,917,980,1025
35,1428,-1462,1928,988,-919,-1180,-748,195,892,969,1019
24,1419,-1434,1904,961,-921,-1166,-773,173,860,952,1009
15,1412,-1411,1884,937,-923,-1146,-802,150,830,933,994
12,1406,-1394,1869,923,-921,-1126,-831,125,801,914,976
2,1377,-1350,1821,886,-909,-1091,-863,91,754,888,950
-17,1325,-1272,1735,821,-889,-1037,-895,52,699,859,922
-40,1258,-1177,1628,742,-861,-964,-919,13,647,830,893
-59,1191,-1087,1524,669,-830,-886,-936,-17,609,803,865
-70,1138,-1020,1444,616,-805,-825,-946,-38,585,779,841
-74,1092,-968,1380,580,-778,-764,-949,-57,568,760,819
-73,1044,-920,1317,549,-749,-694,-943,-75,552,741,796
-70,996,-875,1256,522,-717,-618,-931,-89,539,723,773
-67,954,-838,1203,500,-690,-542,-913,-99,526,704,750
-64,911,-800,1150,478,-663,-470,-889,-109,513,685,728
-62,870,-765,1100,457,-638,-406,-867,-117,503,663,702
-54,831,-738,1056,446,-609,-358,-843,-124,491,644,677
-45,787,-708,1007,433,-576,-291,-823,-132,471,621,648
-39,734,-667,944,411,-538,-237,-807,-143,447,594,615
-35,667,-611,862,379,-492,-180,-795,-159,413,562,580
-34,596,-548,773,339,-445,-127,-789,-174,379,527,541
-31,534,-497,697,310,-401,-92,-785,-186,351,492,502
-25,481,-458,636,289,-361,-66,-779,-196,328,460,467
-19,424,-414,567,266,-317,-31,-766,-207,305,431,436
-18,363,-362,491,233,-274,9,-752,-217,282,400,407
-11,323,-335,445,222,-241,31,-741,-221,271,374,381
5,306,-341,437,238,-216,28,-735,-222,265,352,354
23,305,-365,451,266,-201,-8,-734,-225,262,332,325
37,303,-381,459,287,-187,-81,-736,-233,254,309,296
42,286,-374,442,287,-168,-158,-740,-249,235,279,261
40,264,-354,413,272,-151,-250,-749,-272,209,245,218
36,241,-328,379,252,-135,-352,-757,-299,177,209,173
30,212,-295,336,225,-116,-458,-767,-329,140,172,126
22,178,-252,284,191,-95,-560,-780,-361,98,132,78
15,145,-211,234,158,-74,-648,-796,-394,53,92,28
10,111,-169,182,124,-51,-711,-807,-427,7,51,-20
2,73,-120,124,85,-28,-734,-821,-458,-36,11,-69
-1,41,-80,76,54,-7,-767,-836,-487,-71,-23,-114
-3,19,-50,41,31,8,-778,-852,-511,-98,-51,-155
-6,9,-31,22,14,14,-783,-872,-527,-113,-74,-194
-6,5,-19,11,3,17,-776,-895,-541,-126,-96,-227
-9,-5,1,-8,-15,20,-733,-918,-556,-144,-117,-258
-16,-15,26,-31,-38,21,-667,-948,-569,-163,-138,-286
-24,-13,40,-40,-55,14,-609,-983,-580,-178,-155,-314
-28,-3,41,-33,-60,2,-551,-1013,-587,-188,-165,-337
-39,-5,62,-48,-83,-6,-458,-1035,-600,-206,-176,-355
-57,-25,106,-89,-126,-7,-331,-1051,-616,-230,-187,-370
-76,-56,162,-146,-177,-2,-186,-1064,-629,-251,-195,-378
-93,-86,214,-200,-223,4,-47,-1076,-636,-263,-198,-382
-102,-103,245,-230,-250,7,61,-1088,-637,-266,-196,-381
-103,-111,257,-243,-258,9,159,-1094,-637,-261,-188,-377
-102,-118,265,-252,-261,12,250,-1094,-634,-250,-179,-369
-99,-124,269,-257,-261,15,332,-1089,-631,-241,-169,-361
-97,-125,266,-255,-257,15,410,-1079,-624,-235,-160,-353
-94,-128,265,-255,-252,16,493,-1068,-618,-232,-156,-344
-90,-133,263,-256,-247,20,566,-1061,-611,-231,-153,-336
-84,-140,259,-258,-238,27,606,-1050,-604,-230,-150,-327
-80,-150,261,-265,-234,36,645,-1041,-597,-236,-151,-319
-78,-163,266,-276,-233,45,665,-1029,-590,-240,-151,-312
-78,-181,276,-295,-236,57,692,-1011,-583,-239,-151,-303
-78,-200,288,-316,-241,70,715,-993,-575,-232,-148,-292
-72,-213,288,-326,-235,83,684,-979,-567,-220,-142,-281
-60,-222,276,-324,-216,97,620,-966,-561,-209,-135,-270
-45,-236,268,-329,-197,117,558,-953,-561,-202,-127,-257
-32,-256,269,-344,-187,140,490,-946,-563,-193,-123,-245
-13,-263,249,-336,-159,158,396,-939,-555,-171,-114,-229
11,-250,205,-300,-112,165,277,-932,-542,-146,-105,-214
37,-227,151,-249,-57,168,150,-925,-530,-127,-100,-201
58,-209,108,-209,-13,170,34,-915,-524,-123,-101,-195
68,-209,93,-201,4,177,-45,-903,-525,-136,-111,-196
69,-223,103,-217,-2,187,-102,-894,-529,-157,-125,-204
66,-240,122,-241,-17,196,-144,-889,-538,-179,-142,-217
58,-256,145,-268,-38,202,-173,-882,-547,-201,-156,-228
47,-274,176,-300,-67,208,-199,-876,-558,-222,-168,-239
36,-287,202,-326,-93,211,-224,-869,-568,-240,-180,-248
27,-296,223,-347,-114,213,-238,-860,-578,-261,-191,-256
16,-306,248,-370,-141,213,-236,-854,-585,-279,-201,-265
9,-309,264,-384,-158,212,-250,-847,-590,-286,-206,-272
7,-305,269,-384,-165,210,-257,-839,-593,-284,-206,-277
6,-289,262,-368,-164,199,-276,-839,-593,-281,-208,-283
6,-270,250,-348,-160,189,-305,-844,-599,-283,-213,-292
6,-261,250,-343,-163,185,-317,-853,-611,-292,-223,-304
5,-262,260,-350,-173,186,-307,-866,-626,-308,-238,-324
3,-256,265,-349,-181,182,-301,-883,-641,-328,-257,-349
4,-249,266,-345,-184,180,-304,-900,-656,-352,-277,-374
-3,-265,296,-376,-212,187,-289,-915,-681,-389,-302,-403
-22,-302,359,-443,-269,202,-259,-929,-711,-430,-330,-432
-46,-348,435,-523,-338,217,-217,-938,-742,-469,-358,-459
-70,-387,503,-595,-401,229,-168,-942,-767,-496,-381,-480
-85,-411,545,-638,-439,236,-136,-942,-781,-507,-397,-493
-89,-425,566,-662,-457,244,-97,-935,-788,-506,-406,-497
-88,-434,575,-673,-461,250,-51,-920,-790,-495,-409,-496
-85,-434,572,-671,-457,251,-10,-900,-789,-475,-408,-493
-84,-425,561,-658,-448,245,27,-878,-783,-454,-406,-487
-85,-419,553,-648,-442,239,64,-859,-777,-437,-402,-479
-85,-411,543,-636,-433,232,95,-847,-771,-419,-398,-472
-79,-401,522,-615,-413,227,112,-832,-761,-398,-391,-462
-73,-394,505,-599,-396,223,148,-820,-745,-379,-382,-451
-71,-391,494,-590,-384,220,182,-808,-726,-358,-370,-438
-69,-393,489,-589,-378,221,223,-795,-707,-339,-358,-425
-67,-400,488,-593,-374,223,268,-785,-684,-311,-346,-412
-60,-402,477,-587,-359,227,285,-778,-658,-277,-330,-395
-46,-399,453,-569,-331,232,287,-771,-630,-240,-312,-377
-28,-400,430,-555,-302,243,294,-761,-606,-208,-294,-358
-14,-404,414,-547,-280,254,298,-754,-587,-178,-277,-341
6,-392,376,-513,-240,257,275,-747,-560,-139,-254,-322
32,-361,314,-451,-180,252,223,-739,-527,-98,-232,-302
57,-318,241,-374,-113,239,136,-730,-496,-68,-214,-287
78,-281,178,-307,-56,228,42,-718,-475,-52,-201,-277
90,-264,145,-273,-26,224,-21,-706,-464,-51,-195,-275
89,-258,137,-263,-21,219,-72,-700,-459,-57,-196,-282
83,-256,138,-261,-26,214,-118,-695,-456,-60,-203,-294
78,-260,147,-269,-36,214,-162,-684,-451,-68,-213,-307
71,-274,167,-291,-54,220,-201,-671,-446,-79,-223,-321
63,-288,190,-314,-77,225,-247,-656,-438,-90,-232,-334
54,-300,213,-337,-99,230,-296,-638,-430,-104,-240,-343
43,-311,239,-361,-126,232,-330,-618,-417,-116,-245,-354
32,-318,260,-379,-149,232,-385,-595,-401,-119,-249,-360
26,-321,273,-389,-164,232,-427,-565,-382,-120,-253,-367
21,-314,276,-385,-172,227,-462,-531,-359,-117,-257,-377
19,-305,275,-379,-175,222,-480,-489,-335,-120,-263,-391
15,-309,289,-391,-190,223,-455,-436,-312,-128,-273,-408
8,-322,316,-419,-215,229,-398,-374,-284,-140,-284,-430
-1,-333,342,-444,-241,231,-338,-302,-250,-152,-297,-455
-6,-342,362,-464,-260,234,-283,-217,-212,-164,-311,-482
-15,-374,408,-517,-299,250,-210,-118,-181,-187,-332,-515
-26,-432,482,-607,-358,281,-104,-5,-154,-216,-359,-554
-34,-507,569,-716,-424,325,34,123,-127,-246,-389,-600
-38,-585,655,-826,-486,374,182,265,-90,-268,-418,-649
-31,-655,722,-919,-527,425,311,425,-36,-281,-448,-699
-14,-722,773,-999,-550,480,438,612,30,-292,-475,-749
5,-783,815,-1069,-566,532,574,824,110,-295,-505,-800
21,-832,847,-1124,-576,574,727,1056,202,-293,-536,-851
38,-871,867,-1164,-578,610,898,1302,310,-289,-568,-903
55,-910,886,-1204,-577,646,1089,1561,433,-287,-604,-959
69,-947,905,-1242,-579,678,1286,1828,573,-281,-640,-1018
83,-972,911,-1262,-571,703,1467,2108,728,-263,-671,-1073
94,-991,913,-1277,-561,722,1651,2394,893,-239,-700,-1125
101,-1007,915,-1289,-555,737,1821,2684,1068,-208,-727,-1172
104,-1023,921,-1304,-553,750,2001,2976,1249,-169,-751,-1212
106,-1039,927,-1318,-550,763,2187,3264,1439,-121,-768,-1245
115,-1050,920,-1319,-535,777,2347,3547,1636,-64,-779,-1272
132,-1057,903,-1312,-508,794,2484,3822,1833,-3,-782,-1291
151,-1068,886,-1307,-480,815,2618,4086,2027,59,-777,-1305
166,-1075,873,-1302,-457,832,2741,4329,2223,132,-767,-1313
189,-1062,830,-1262,-410,839,2821,4544,2427,225,-741,-1306
222,-1023,753,-1184,-334,837,2857,4725,2635,332,-702,-1287
260,-962,650,-1073,-238,823,2861,4869,2836,449,-649,-1260
290,-885,540,-946,-143,793,2850,4978,3024,566,-587,-1221
307,-804,439,-824,-64,753,2847,5056,3201,689,-516,-1170
314,-716,345,-700,3,700,2812,5113,3379,827,-430,-1105
314,-618,247,-567,68,637,2747,5158,3560,984,-329,-1025
309,-507,143,-423,132,561,2675,5198,3748,1154,-214,-931
296,-387,40,-272,190,473,2594,5241,3944,1339,-87,-823
276,-253,-70,-108,247,372,2505,5290,4149,1538,53,-705
255,-111,-186,65,307,265,2428,5348,4353,1743,208,-575
233,35,-302,241,365,154,2377,5410,4559,1954,376,-435
213,190,-430,430,432,37,2310,5480,4763,2179,562,-284
200,353,-572,634,513,-80,2259,5561,4973,2425,767,-115
196,525,-732,855,612,-199,2215,5648,5199,2701,992,72
197,705,-903,1089,722,-319,2164,5745,5444,3003,1243,282
196,881,-1070,1316,827,-439,2129,5853,5718,3340,1522,517
193,1055,-1234,1541,929,-559,2101,5966,6029,3726,1839,777
190,1245,-1413,1785,1042,-690,2064,6069,6377,4169,2197,1065
188,1454,-1614,2058,1171,-834,2002,6152,6749,4658,2594,1381
176,1658,-1802,2316,1285,-980,1939,6191,7125,5172,3018,1718
154,1856,-1974,2561,1382,-1130,1878,6163,7491,5700,3460,2073
122,2058,-2143,2806,1471,-1289,1804,6056,7841,6239,3921,2447
88,2283,-2332,3080,1574,-1464,1694,5866,8178,6799,4405,2842
60,2541,-2562,3402,1709,-1658,1517,5591,8502,7387,4917,3260
37,2825,-2826,3765,1871,-1866,1287,5229,8799,7996,5453,3703
15,3128,-3110,4155,2047,-2087,1023,4789,9065,8608,6009,4167
-10,3450,-3412,4569,2235,-2322,734,4282,9300,9221,6579,4648
-38,3790,-3730,5006,2432,-2570,411,3708,9496,9827,7161,5142
-68,4133,-4050,5447,2629,-2822,56,3068,9643,10422,7752,5646
-102,4484,-4375,5897,2827,-3081,-325,2360,9738,10999,8344,6156
-136,4845,-4710,6361,3032,-3347,-726,1598,9780,11556,8936,6674
-174,5210,-5044,6827,3234,-3618,-1116,790,9783,12096,9524,7196
-214,5568,-5369,7284,3429,-3885,-1519,-48,9754,12624,10110,7719
-256,5914,-5681,7724,3614,-4143,-1911,-903,9690,13136,10692,8240
-299,6255,-5986,8156,3793,-4399,-2298,-1772,9601,13634,11268,8756
-337,6599,-6296,8594,3978,-4653,-2714,-2639,9498,14125,11837,9271
-367,6938,-6610,9032,4172,-4897,-3139,-3495,9385,14607,12397,9781
-393,7260,-6910,9449,4357,-5127,-3548,-4335,9263,15072,12941,10278
-421,7563,-7186,9837,4526,-5344,-3947,-5158,9136,15517,13463,10757
-438,7862,-7470,10228,4706,-5551,-4359,-5962,9010,15943,13963,11215
-440,8154,-7759,10617,4898,-5744,-4784,-6751,8875,16336,14433,11647
-433,8429,-8040,10990,5092,-5919,-5209,-7527,8725,16689,14873,12052
-424,8677,-8296,11327,5270,-6074,-5634,-8288,8553,16992,15279,12428
-419,8888,-8508,11611,5416,-6206,-6052,-9028,8365,17241,15647,12774
-419,9066,-8683,11846,5533,-6320,-6475,-9746,8175,17442,15978,13093
-417,9217,-8832,12046,5633,-6414,-6901,-10433,7984,17600,16277,13386
-415,9346,-8959,12217,5720,-6494,-7311,-11081,7788,17707,16537,13651
-415,9452,-9059,12354,5787,-6559,-7695,-11687,7586,17761,16753,13888
-419,9543,-9142,12468,5839,-6618,-8056,-12244,7382,17769,16928,14094
-426,9618,-9204,12558,5875,-6669,-8380,-12745,7182,17738,17066,14272
-443,9678,-9243,12621,5888,-6716,-8652,-13196,6985,17668,17160,14414
-468,9734,-9268,12672,5889,-6767,-8895,-13588,6793,17560,17206,14515
-500,9784,-9282,12711,5875,-6820,-9083,-13919,6606,17404,17200,14575
-538,9830,-9285,12740,5851,-6875,-9239,-14191,6425,17199,17139,14587
-583,9868,-9275,12755,5814,-6930,-9366,-14402,6241,16943,17023,14552
-633,9881,-9234,12733,5752,-6973,-9440,-14555,6044,16626,16850,14469
-685,9865,-9162,12669,5667,-6999,-9466,-14669,5818,16243,16617,14338
-738,9823,-9064,12573,5566,-7009,-9464,-14755,5555,15794,16327,14160
-783,9750,-8945,12441,5454,-6995,-9440,-14816,5246,15282,15983,13939
-832,9626,-8770,12238,5303,-6948,-9373,-14859,4886,14696,15582,13672
-883,9440,-8531,11952,5108,-6864,-9276,-14886,4481,14043,15128,13361
-931,9201,-8243,11597,4881,-6742,-9150,-14891,4039,13344,14632,13015
-971,8931,-7932,11208,4645,-6594,-8994,-14872,3576,12621,14104,12642
-994,8644,-7621,10808,4420,-6425,-8840,-14825,3099,11885,13552,12247
-1000,8335,-7306,10391,4203,-6229,-8671,-14743,2613,11135,12979,11831
-995,8002,-6978,9949,3986,-6011,-8482,-14625,2119,10372,12387,11395
-979,7648,-6641,9489,3769,-5770,-8282,-14477,1616,9597,11774,10943
-956,7281,-6299,9017,3555,-5516,-8074,-14303,1107,8813,11144,10478
-926,6893,-5944,8523,3338,-5244,-7861,-14104,595,8022,10507,10004
-889,6492,-5583,8018,3121,-4957,-7651,-13890,75,7233,9863,9525
-844,6086,-5227,7512,2913,-4661,-7456,-13655,-446,6452,9224,9048
-800,5675,-4865,7000,2701,-4360,-7243,-13407,-970,5675,8585,8569
-755,5257,-4498,6480,2488,-4053,-7024,-13147,-1495,4902,7949,8087
-711,4831,-4122,5949,2267,-3740,-6781,-12874,-2020,4132,7315,7604
-668,4401,-3742,5413,2045,-3424,-6520,-12590,-2536,3376,6682,7118
-621,3986,-3380,4899,1837,-3114,-6271,-12299,-3033,2645,6059,6633
-572,3590,-3038,4411,1644,-2814,-6033,-12007,-3510,1939,5448,6152
-522,3201,-2704,3934,1457,-2518,-5785,-11716,-3965,1265,4852,5677
-479,2823,-2374,3466,1268,-2232,-5525,-11427,-4392,631,4272,5207
-430,2477,-2081,3044,1108,-1964,-5281,-11135,-4776,60,3716,4748
-377,2169,-1829,2674,977,-1717,-5054,-10840,-5115,-452,3186,4305
-322,1892,-1608,2345,868,-1488,-4830,-10540,-5405,-910,2685,3876
-272,1629,-1396,2032,762,-1273,-4596,-10230,-5652,-1320,2214,3461
-230,1368,-1176,1714,644,-1064,-4336,-9909,-5855,-1684,1770,3058
-200,1119,-955,1403,517,-871,-4074,-9580,-6013,-1998,1354,2670
-173,881,-740,1103,391,-688,-3829,-9243,-6128,-2267,966,2301
-146,651,-532,813,268,-510,-3593,-8895,-6202,-2495,607,1950
-121,433,-333,536,151,-342,-3351,-8542,-6239,-2686,275,1617
-96,235,-154,285,45,-189,-3102,-8187,-6242,-2841,-28,1300
-71,55,9,57,-51,-49,-2857,-7830,-6217,-2972,-306,998
-54,-111,167,-160,-149,76,-2612,-7481,-6168,-3080,-562,710
-37,-258,307,-352,-236,187,-2403,-7135,-6102,-3162,-791,442
-18,-387,427,-520,-309,286,-2207,-6798,-6022,-3225,-1000,189
0,-498,530,-665,-370,371,-2037,-6478,-5931,-3271,-1190,-50
17,-600,623,-798,-426,448,-1888,-6175,-5836,-3312,-1364,-271
31,-702,721,-934,-488,523,-1741,-5888,-5742,-3352,-1521,-480
35,-800,821,-1070,-556,587,-1602,-5621,-5645,-3387,-1667,-676
37,-888,913,-1193,-620,642,-1489,-5375,-5547,-3408,-1801,-860
44,-968,990,-1302,-671,695,-1403,-5142,-5447,-3419,-1919,-1030
40,-1055,1085,-1427,-740,743,-1328,-4923,-5353,-3431,-2026,-1186
23,-1148,1197,-1567,-829,788,-1265,-4712,-5263,-3443,-2123,-1330
0,-1241,1314,-1710,-924,828,-1203,-4508,-5171,-3446,-2206,-1459
-20,-1323,1417,-1837,-1006,862,-1146,-4310,-5072,-3438,-2274,-1572
-31,-1386,1489,-1929,-1061,890,-1105,-4119,-4965,-3420,-2328,-1669
-33,-1437,1538,-1999,-1094,916,-1055,-3935,-4855,-3392,-2367,-1750
-30,-1482,1576,-2056,-1116,942,-1001,-3762,-4742,-3353,-2393,-1818
-23,-1523,1605,-2103,-1127,968,-949,-3596,-4626,-3308,-2413,-1873
-15,-1555,1621,-2136,-1129,988,-889,-3436,-4506,-3259,-2428,-1915
-10,-1584,1637,-2166,-1131,1007,-802,-3283,-4386,-3207,-2436,-1947
-5,-1609,1648,-2188,-1130,1022,-703,-3139,-4263,-3156,-2443,-1973
3,-1628,1649,-2201,-1120,1038,-613,-2991,-4138,-3100,-2442,-1989
12,-1652,1654,-2217,-1110,1059,-495,-2837,-4008,-3042,-2439,-1999
17,-1678,1664,-2239,-1107,1080,-380,-2678,-3875,-2981,-2432,-2004
19,-1706,1679,-2265,-1109,1101,-262,-2514,-3741,-2918,-2418,-2004
20,-1729,1692,-2285,-1111,1119,-146,-2346,-3600,-2845,-2395,-2000
25,-1738,1684,-2283,-1096,1131,-61,-2171,-3449,-2759,-2361,-1987
38,-1734,1658,-2259,-1064,1141,8,-1986,-3292,-2662,-2319,-1966
53,-1730,1631,-2235,-1031,1154,88,-1791,-3132,-2563,-2271,-1940
63,-1727,1609,-2216,-1005,1165,183,-1595,-2967,-2462,-2220,-1912
79,-1703,1563,-2166,-959,1166,261,-1399,-2791,-2350,-2161,-1879
99,-1655,1491,-2083,-895,1153,328,-1206,-2609,-2234,-2099,-1843
118,-1592,1405,-1982,-823,1130,398,-1022,-2431,-2125,-2040,-1809
136,-1532,1324,-1886,-756,1108,476,-848,-2266,-2032,-1988,-1779
145,-1485,1268,-1815,-711,1090,563,-686,-2113,-1960,-1944,-1755
148,-1447,1228,-1763,-684,1073,635,-535,-1969,-1897,-1904,-1737
148,-1410,1194,-1715,-663,1055,689,-390,-1833,-1844,-1867,-1722
147,-1375,1165,-1672,-647,1037,734,-252,-1703,-1801,-1835,-1709
144,-1346,1143,-1638,-637,1020,780,-121,-1583,-1763,-1804,-1697
141,-1312,1120,-1601,-628,1001,821,2,-1470,-1731,-1776,-1686
136,-1279,1101,-1567,-623,979,859,118,-1366,-1707,-1747,-1674
128,-1251,1091,-1544,-627,959,904,218,-1272,-1684,-1723,-1665
125,-1226,1079,-1520,-626,942,925,308,-1188,-1658,-1702,-1657
127,-1200,1062,-1494,-620,927,951,387,-1112,-1637,-1683,-1648
130,-1166,1037,-1457,-607,907,974,455,-1041,-1616,-1667,-1640
134,-1131,1009,-1418,-592,885,992,517,-978,-1596,-1651,-1633
134,-1103,994,-1392,-587,864,1037,578,-921,-1580,-1636,-1627
131,-1081,986,-1376,-590,844,1100,637,-868,-1568,-1624,-1621
126,-1054,973,-1352,-589,819,1156,687,-819,-1558,-1613,-1614
124,-1023,953,-1321,-581,793,1203,732,-777,-1551,-1604,-1606
114,-1013,962,-1323,-598,774,1280,769,-749,-1559,-1599,-1600
90,-1024,1002,-1360,-643,760,1386,801,-728,-1575,-1597,-1596
61,-1042,1054,-1409,-699,746,1514,837,-710,-1591,-1594,-1590
33,-1057,1099,-1451,-748,732,1647,877,-689,-1597,-1590,-1579
15,-1060,1121,-1470,-774,717,1753,920,-663,-1590,-1583,-1564
6,-1057,1126,-1473,-782,703,1851,969,-638,-1578,-1572,-1546
1,-1050,1122,-1468,-781,690,1952,1024,-611,-1559,-1561,-1529
-2,-1042,1112,-1457,-773,678,2048,1081,-586,-1537,-1551,-1514
-3,-1032,1097,-1441,-761,666,2139,1138,-560,-1514,-1542,-1498
-8,-1028,1090,-1434,-754,657,2229,1193,-537,-1495,-1534,-1485
-13,-1028,1086,-1431,-750,650,2297,1241,-516,-1482,-1526,-1478
-12,-1031,1078,-1427,-739,650,2322,1288,-497,-1472,-1518,-1470
-11,-1043,1078,-1435,-732,657,2346,1330,-477,-1468,-1513,-1466
-11,-1063,1087,-1453,-733,669,2347,1373,-459,-1471,-1507,-1462
-15,-1092,1108,-1484,-743,686,2344,1416,-445,-1475,-1501,-1459
-20,-1123,1133,-1520,-757,704,2345,1454,-429,-1471,-1496,-1456
-19,-1148,1146,-1542,-760,721,2335,1486,-410,-1457,-1492,-1451
-13,-1165,1147,-1552,-752,738,2321,1516,-390,-1440,-1488,-1446
-5,-1185,1150,-1565,-744,759,2319,1548,-370,-1426,-1485,-1437
0,-1206,1157,-1580,-741,778,2326,1578,-347,-1409,-1483,-1430
15,-1207,1137,-1566,-715,792,2306,1608,-315,-1377,-1474,-1423
41,-1191,1088,-1520,-662,801,2258,1634,-275,-1338,-1461,-1416
71,-1160,1023,-1453,-597,804,2173,1650,-236,-1304,-1451,-1413
99,-1130,962,-1391,-536,807,2080,1661,-207,-1283,-1447,-1418
118,-1115,926,-1354,-499,813,2033,1666,-189,-1275,-1451,-1429
127,-1108,910,-1338,-483,818,2024,1666,-177,-1273,-1461,-1442
132,-1101,900,-1325,-475,821,2040,1666,-168,-1274,-1471,-1453
135,-1098,898,-1321,-473,826,2075,1668,-162,-1279,-1482,-1464
139,-1106,906,-1330,-478,838,2122,1671,-163,-1287,-1495,-1477
145,-1113,913,-1340,-483,852,2151,1680,-164,-1298,-1507,-1490
152,-1117,917,-1345,-485,863,2181,1697,-167,-1310,-1518,-1503
155,-1121,925,-1353,-493,872,2232,1712,-171,-1320,-1529,-1518
160,-1118,928,-1354,-496,876,2255,1728,-173,-1323,-1534,-1530
165,-1109,923,-1346,-495,877,2272,1748,-172,-1317,-1535,-1538
169,-1087,907,-1321,-486,866,2272,1769,-167,-1306,-1535,-1544
172,-1057,885,-1289,-475,849,2259,1789,-164,-1301,-1537,-1550
169,-1033,873,-1267,-475,833,2259,1803,-171,-1310,-1544,-1561
161,-1016,874,-1258,-486,816,2261,1809,-181,-1326,-1555,-1576
152,-996,873,-1247,-496,796,2243,1807,-190,-1345,-1570,-1594
146,-974,867,-1230,-501,776,2210,1803,-199,-1366,-1583,-1611
130,-972,888,-1244,-530,762,2183,1794,-215,-1398,-1601,-1631
107,-991,937,-1292,-582,757,2169,1782,-239,-1435,-1623,-1654
80,-1024,1003,-1361,-647,758,2161,1770,-267,-1467,-1646,-1677
56,-1056,1064,-1425,-707,761,2142,1757,-291,-1487,-1667,-1696
41,-1077,1103,-1467,-745,761,2097,1745,-308,-1493,-1686,-1712
35,-1092,1127,-1495,-766,763,2056,1737,-321,-1495,-1701,-1722
34,-1106,1141,-1515,-777,767,2018,1731,-329,-1495,-1714,-1728
32,-1113,1149,-1527,-784,766,1977,1728,-333,-1490,-1725,-1734
31,-1117,1151,-1532,-785,763,1910,1729,-334,-1481,-1732,-1738
29,-1126,1159,-1543,-790,763,1837,1733,-331,-1471,-1734,-1740
26,-1134,1165,-1553,-794,762,1780,1735,-322,-1457,-1734,-1740
27,-1135,1158,-1549,-786,759,1738,1743,-310,-1442,-1730,-1735
26,-1135,1151,-1544,-779,754,1741,1754,-295,-1431,-1725,-1729
23,-1141,1152,-1548,-778,753,1752,1768,-277,-1415,-1717,-1718
17,-1155,1161,-1562,-783,755,1787,1787,-262,-1398,-1708,-1702
12,-1167,1169,-1574,-788,758,1834,1805,-244,-1381,-1700,-1686
12,-1172,1164,-1572,-779,760,1869,1824,-226,-1358,-1688,-1667
17,-1172,1148,-1558,-760,763,1901,1849,-206,-1333,-1675,-1645
23,-1176,1136,-1550,-743,769,1950,1881,-186,-1308,-1661,-1620
21,-1181,1134,-1549,-738,772,2009,1913,-165,-1285,-1650,-1598
26,-1169,1108,-1520,-712,769,2049,1946,-136,-1257,-1636,-1576
42,-1141,1057,-1464,-664,763,2071,1975,-105,-1228,-1622,-1555
63,-1103,990,-1390,-602,753,2083,2002,-78,-1211,-1610,-1538
82,-1065,927,-1320,-544,743,2095,2029,-62,-1209,-1605,-1525
93,-1041,887,-1274,-507,739,2127,2057,-53,-1217,-1605,-1516
99,-1030,866,-1249,-487,739,2144,2081,-48,-1231,-1609,-1510
106,-1026,853,-1235,-472,745,2160,2099,-46,-1251,-1617,-1506
116,-1029,845,-1229,-460,758,2177,2116,-42,-1272,-1626,-1506
123,-1038,848,-1234,-457,774,2200,2134,-37,-1287,-1632,-1507
128,-1045,851,-1239,-456,786,2228,2151,-34,-1297,-1637,-1510
129,-1048,857,-1244,-460,794,2265,2167,-35,-1309,-1641,-1513
125,-1050,867,-1252,-472,796,2302,2174,-36,-1316,-1646,-1516
121,-1042,869,-1249,-478,792,2302,2176,-39,-1315,-1647,-1515
118,-1026,864,-1235,-480,782,2292,2173,-41,-1310,-1645,-1511
115,-1002,851,-1212,-476,766,2255,2157,-42,-1304,-1642,-1511
115,-979,836,-1189,-469,752,2188,2136,-44,-1303,-1640,-1514
111,-960,832,-1176,-473,737,2123,2112,-52,-1310,-1640,-1520
103,-947,836,-1173,-484,722,2060,2081,-62,-1321,-1642,-1531
98,-930,835,-1165,-491,706,1976,2042,-71,-1328,-1646,-1545
98,-910,824,-1148,-486,690,1872,2003,-83,-1336,-1648,-1558
89,-904,836,-1157,-504,678,1763,1968,-103,-1352,-1652,-1573
68,-917,879,-1198,-550,670,1665,1939,-126,-1369,-1657,-1585
43,-944,939,-1260,-610,667,1591,1921,-148,-1386,-1663,-1594
20,-968,994,-1318,-664,664,1537,1909,-164,-1398,-1668,-1603
5,-980,1028,-1352,-699,657,1480,1907,-170,-1403,-1669,-1611
-1,-986,1044,-1371,-716,651,1427,1915,-172,-1407,-1668,-1618
-2,-991,1054,-1385,-724,650,1380,1931,-173,-1409,-1668,-1624
0,-994,1058,-1392,-726,647,1337,1953,-171,-1406,-1669,-1632
4,-994,1055,-1393,-721,645,1299,1979,-167,-1404,-1672,-1641
9,-1000,1055,-1399,-718,647,1279,2007,-165,-1404,-1677,-1650
13,-1007,1057,-1406,-715,650,1262,2037,-159,-1399,-1682,-1656
20,-1009,1049,-1403,-703,652,1236,2075,-144,-1386,-1681,-1654
25,-1012,1042,-1400,-693,653,1237,2113,-126,-1373,-1678,-1652
28,-1021,1042,-1406,-689,659,1231,2147,-105,-1360,-1674,-1651
31,-1042,1053,-1425,-690,673,1229,2176,-83,-1349,-1670,-1651
35,-1068,1068,-1451,-695,692,1232,2197,-61,-1335,-1662,-1651
43,-1089,1072,-1465,-688,711,1215,2213,-38,-1316,-1652,-1647
53,-1106,1069,-1471,-676,730,1179,2225,-15,-1295,-1642,-1641
63,-1129,1072,-1484,-668,753,1151,2238,5,-1278,-1632,-1632
67,-1155,1084,-1505,-670,775,1136,2247,22,-1262,-1626,-1627
80,-1163,1069,-1497,-649,791,1099,2256,42,-1236,-1615,-1619
99,-1150,1027,-1456,-605,798,1033,2260,64,-1212,-1601,-1610
119,-1124,972,-1397,-553,798,959,2260,88,-1192,-1587,-1601
134,-1099,923,-1343,-508,794,893,2259,103,-1181,-1576,-1595
137,-1086,898,-1314,-488,792,855,2255,109,-1183,-1571,-1597
134,-1082,890,-1302,-484,792,826,2247,107,-1195,-1573,-1608
127,-1083,892,-1299,-490,792,799,2237,101,-1213,-1576,-1620
117,-1087,903,-1306,-504,793,770,2227,90,-1236,-1581,-1635
105,-1095,921,-1321,-525,795,744,2220,77,-1261,-1590,-1649
93,-1097,934,-1329,-543,794,715,2219,67,-1286,-1601,-1660
83,-1096,944,-1333,-559,790,699,2227,58,-1307,-1611,-1668
69,-1093,958,-1338,-579,783,707,2234,54,-1320,-1620,-1674
60,-1081,959,-1330,-589,772,697,2247,55,-1320,-1624,-1677
58,-1061,949,-1311,-587,760,684,2267,59,-1315,-1626,-1676
59,-1034,929,-1280,-577,745,653,2288,70,-1305,-1627,-1671
63,-1004,904,-1245,-561,729,621,2312,84,-1297,-1631,-1662
64,-979,888,-1219,-553,715,618,2337,94,-1293,-1637,-1655
59,-959,883,-1204,-556,698,631,2360,102,-1292,-1640,-1647
55,-935,874,-1185,-556,680,639,2377,111,-1291,-1642,-1637
57,-909,857,-1160,-547,664,651,2393,120,-1291,-1642,-1629
52,-903,867,-1167,-560,656,703,2406,120,-1303,-1647,-1625
36,-916,906,-1205,-599,653,799,2413,114,-1320,-1657,-1623
16,-942,961,-1263,-651,657,918,2420,105,-1333,-1667,-1618
0,-966,1010,-1316,-696,661,1035,2426,103,-1336,-1672,-1612
-6,-978,1035,-1345,-718,663,1127,2434,108,-1329,-1671,-1605
-8,-979,1043,-1354,-724,661,1208,2443,116,-1318,-1666,-1596
-6,-975,1042,-1355,-722,657,1278,2449,120,-1304,-1659,-1588
0,-970,1033,-1349,-711,656,1338,2452,124,-1288,-1653,-1580
8,-961,1017,-1335,-694,651,1398,2457,131,-1272,-1646,-1573
15,-957,1006,-1327,-680,650,1464,2464,139,-1260,-1638,-1566
20,-956,998,-1323,-669,649,1517,2471,148,-1250,-1634,-1562
29,-956,985,-1316,-652,652,1538,2484,158,-1239,-1630,-1557
38,-963,977,-1316,-638,659,1559,2497,169,-1234,-1628,-1553
44,-974,976,-1322,-630,667,1563,2511,181,-1230,-1626,-1552
47,-995,986,-1343,-631,680,1569,2528,194,-1225,-1624,-1550
44,-1016,1001,-1366,-639,690,1569,2544,211,-1214,-1618,-1546
45,-1026,1001,-1371,-636,695,1541,2559,234,-1194,-1608,-1539
49,-1027,988,-1360,-621,697,1507,2577,260,-1167,-1593,-1529
54,-1032,978,-1355,-609,703,1488,2600,287,-1138,-1577,-1519
55,-1041,977,-1357,-604,708,1475,2620,315,-1110,-1563,-1513
65,-1034,951,-1332,-578,710,1429,2641,350,-1071,-1543,-1503
84,-1008,897,-1276,-528,705,1353,2656,385,-1034,-1521,-1492
104,-970,831,-1204,-470,693,1267,2666,416,-1005,-1503,-1486
121,-942,779,-1148,-423,687,1174,2671,439,-993,-1491,-1483
132,-934,753,-1122,-399,689,1092,2669,449,-997,-1488,-1488
135,-935,746,-1115,-392,694,992,2662,456,-1005,-1490,-1502
137,-938,744,-1114,-391,699,870,2655,462,-1013,-1493,-1517
138,-945,748,-1120,-394,707,757,2649,469,-1021,-1495,-1530
135,-953,758,-1130,-404,714,668,2648,476,-1024,-1495,-1542
128,-950,763,-1129,-413,711,591,2650,484,-1025,-1494,-1552
121,-943,766,-1126,-422,705,524,2654,490,-1028,-1491,-1560
113,-937,772,-1126,-434,698,487,2654,497,-1030,-1487,-1569
108,-926,772,-1118,-440,690,445,2660,505,-1025,-1480,-1573
107,-906,759,-1097,-435,680,431,2664,513,-1019,-1470,-1577
108,-878,738,-1065,-423,665,428,2668,527,-1006,-1458,-1577
111,-849,715,-1031,-409,649,448,2675,544,-993,-1442,-1575
108,-828,706,-1012,-407,636,490,2684,555,-988,-1429,-1573
103,-812,706,-1004,-413,623,516,2692,562,-984,-1419,-1569
100,-790,697,-985,-412,608,523,2692,567,-981,-1413,-1567
103,-766,680,-960,-402,595,523,2690,567,-982,-1405,-1565
97,-761,690,-965,-414,588,559,2685,556,-996,-1402,-1564
80,-772,728,-1000,-453,585,653,2680,538,-1016,-1405,-1566
57,-798,784,-1057,-508,587,769,2679,520,-1033,-1410,-1568
37,-826,840,-1114,-560,591,861,2676,506,-1043,-1415,-1571
22,-841,875,-1150,-595,590,914,2673,498,-1042,-1418,-1572
16,-848,893,-1168,-611,590,957,2671,490,-1036,-1418,-1574
13,-855,905,-1182,-622,591,1001,2673,483,-1031,-1419,-1577
11,-860,914,-1193,-630,590,1046,2676,476,-1025,-1421,-1577
9,-859,914,-1193,-630,586,1092,2681,474,-1021,-1423,-1575
8,-860,914,-1195,-630,583,1143,2691,474,-1014,-1423,-1573
6,-860,913,-1195,-629,579,1195,2699,476,-1005,-1425,-1571
7,-856,903,-1186,-620,573,1247,2715,479,-997,-1426,-1564
6,-856,898,-1181,-615,570,1328,2732,484,-993,-1425,-1558
4,-859,895,-1182,-612,567,1405,2749,488,-995,-1425,-1555
0,-868,900,-1190,-615,568,1492,2770,493,-995,-1420,-1552
-3,-879,905,-1200,-618,571,1582,2793,504,-986,-1415,-1546
-1,-883,896,-1195,-607,573,1666,2815,523,-967,-1404,-1535
6,-877,875,-1175,-585,573,1754,2843,545,-947,-1390,-1521
11,-875,857,-1159,-566,573,1856,2875,566,-931,-1374,-1504
13,-876,847,-1152,-555,575,1974,2907,588,-911,-1357,-1486
24,-863,812,-1118,-521,574,2084,2938,619,-880,-1333,-1464
45,-831,750,-1054,-463,568,2185,2965,655,-846,-1307,-1441
68,-789,677,-975,-395,557,2272,2982,688,-818,-1283,-1421
91,-755,612,-907,-335,551,2355,2992,711,-804,-1263,-1405
104,-739,576,-870,-299,552,2453,2996,723,-800,-1248,-1395
109,-735,560,-855,-283,555,2553,2994,731,-801,-1239,-1389
109,-735,555,-851,-277,559,2647,2991,734,-805,-1231,-1385
111,-745,559,-858,-278,570,2727,2985,734,-814,-1228,-1383
109,-762,575,-880,-288,585,2807,2978,734,-823,-1224,-1382
105,-773,590,-896,-300,593,2871,2972,737,-834,-1220,-1383
98,-779,603,-909,-313,596,2915,2972,739,-847,-1217,-1383
88,-782,619,-922,-331,595,2951,2972,740,-854,-1216,-1382
80,-779,627,-926,-342,590,2959,2980,743,-848,-1210,-1378
78,-771,627,-922,-345,586,2956,2991,749,-838,-1201,-1371
77,-752,616,-903,-339,575,2931,3003,759,-825,-1191,-1363
79,-728,599,-877,-329,561,2881,3021,768,-811,-1180,-1353
78,-712,593,-865,-328,550,2831,3041,775,-801,-1171,-1344
76,-702,596,-862,-334,541,2780,3055,779,-796,-1167,-1340
75,-686,591,-851,-334,530,2712,3064,786,-791,-1162,-1338
79,-664,576,-829,-325,516,2620,3073,794,-786,-1156,-1332
76,-658,585,-833,-337,508,2517,3078,797,-790,-1152,-1328
64,-673,622,-870,-373,509,2415,3082,796,-794,-1149,-1324
49,-698,674,-923,-421,513,2320,3086,794,-799,-1144,-1320
35,-720,719,-969,-464,516,2223,3090,795,-797,-1140,-1315
26,-728,745,-994,-490,513,2103,3093,802,-784,-1133,-1307
24,-731,758,-1005,-502,510,1985,3100,811,-764,-1125,-1296
28,-731,760,-1007,-503,509,1884,3108,819,-747,-1119,-1285
31,-726,757,-1003,-501,506,1801,3120,829,-727,-1112,-1275
36,-718,747,-990,-491,500,1736,3133,841,-705,-1103,-1264
40,-714,740,-983,-485,497,1687,3151,855,-682,-1093,-1253
43,-709,731,-973,-477,492,1633,3166,870,-661,-1086,-1247
50,-702,715,-957,-461,489,1580,3185,888,-642,-1077,-1239
57,-701,704,-949,-449,490,1567,3203,907,-630,-1071,-1234
60,-707,702,-950,-444,494,1572,3223,927,-622,-1066,-1228
60,-722,711,-965,-448,503,1613,3245,944,-618,-1060,-1221
57,-739,724,-984,-456,511,1667,3267,963,-610,-1053,-1213
60,-751,724,-991,-452,520,1713,3294,989,-591,-1043,-1200
65,-754,713,-985,-439,526,1759,3330,1018,-565,-1030,-1181
67,-760,706,-982,-430,531,1816,3372,1045,-540,-1016,-1161
65,-766,705,-984,-427,534,1881,3410,1073,-515,-1005,-1145
73,-756,677,-957,-400,534,1938,3446,1107,-482,-989,-1128
94,-730,622,-902,-347,532,2000,3479,1140,-450,-973,-1113
119,-694,552,-830,-281,526,2100,3508,1167,-426,-960,-1100
143,-661,486,-763,-218,522,2238,3536,1187,-414,-951,-1094
160,-643,444,-721,-176,523,2412,3560,1198,-413,-946,-1093
169,-633,419,-697,-152,524,2593,3578,1204,-414,-946,-1093
175,-624,398,-676,-133,525,2770,3592,1208,-417,-947,-1095
179,-618,385,-663,-120,526,2939,3601,1212,-427,-949,-1099
180,-620,384,-663,-117,532,3098,3608,1214,-439,-951,-1106
179,-622,386,-665,-119,536,3238,3611,1217,-450,-950,-1112
175,-622,391,-669,-125,537,3360,3618,1219,-461,-947,-1117
166,-620,401,-674,-138,534,3465,3622,1223,-471,-947,-1123
159,-614,405,-673,-146,528,3532,3626,1230,-473,-942,-1126
156,-605,403,-667,-147,524,3573,3632,1243,-466,-934,-1126
153,-585,393,-648,-144,512,3572,3634,1257,-454,-924,-1125
149,-561,380,-624,-139,496,3532,3635,1270,-447,-916,-1123
142,-545,380,-615,-146,483,3469,3634,1280,-446,-910,-1120
129,-536,393,-619,-165,470,3381,3629,1289,-448,-907,-1119
115,-522,402,-617,-183,453,3261,3619,1299,-450,-905,-1118
108,-505,400,-606,-190,438,3115,3614,1310,-451,-900,-1115
97,-506,420,-622,-213,431,2953,3613,1313,-460,-900,-1114
81,-527,467,-669,-258,433,2781,3618,1315,-468,-902,-1116
62,-558,525,-731,-313,440,2613,3628,1318,-471,-905,-1115
46,-585,575,-783,-359,446,2447,3638,1327,-467,-906,-1111
38,-597,602,-811,-385,446,2270,3651,1341,-454,-902,-1103
37,-601,612,-822,-395,445,2092,3665,1354,-437,-895,-1090
42,-602,613,-825,-394,445,1921,3681,1370,-417,-884,-1072
49,-595,603,-814,-384,441,1764,3695,1387,-391,-871,-1052
58,-582,582,-794,-365,435,1628,3707,1407,-362,-855,-1029
68,-577,566,-780,-348,434,1518,3719,1426,-334,-837,-1002
77,-573,552,-768,-332,432,1427,3727,1445,-302,-819,-975
86,-565,530,-748,-311,428,1346,3735,1463,-272,-799,-946
93,-561,514,-734,-294,427,1294,3741,1481,-250,-782,-922
97,-565,507,-731,-285,428,1264,3747,1497,-233,-767,-903
96,-576,511,-740,-285,431,1272,3755,1510,-226,-753,-886
92,-591,520,-754,-292,436,1314,3766,1522,-217,-738,-871
93,-599,518,-756,-287,440,1374,3784,1535,-202,-718,-854
99,-602,505,-748,-271,444,1449,3811,1551,-179,-695,-835
104,-608,494,-743,-258,451,1552,3852,1566,-153,-670,-813
107,-616,489,-742,-249,458,1688,3898,1581,-126,-646,-792
120,-606,456,-712,-216,460,1832,3945,1607,-85,-618,-770
141,-576,396,-650,-160,454,1977,3989,1639,-38,-588,-747
164,-533,321,-569,-92,441,2129,4028,1669,3,-559,-728
184,-487,248,-488,-28,426,2291,4066,1693,38,-533,-712
195,-453,196,-428,15,412,2462,4101,1708,60,-513,-701
199,-428,163,-388,40,400,2630,4130,1720,72,-499,-696
198,-408,140,-358,55,388,2783,4154,1730,73,-489,-694
196,-393,125,-337,63,380,2922,4171,1739,67,-481,-694
191,-382,119,-325,63,373,3039,4177,1743,57,-474,-698
183,-369,117,-315,58,363,3127,4181,1749,49,-467,-703
175,-359,117,-307,51,354,3200,4191,1755,42,-458,-704
163,-347,122,-304,38,342,3260,4199,1765,36,-451,-705
154,-330,121,-292,30,328,3283,4213,1778,40,-439,-701
150,-307,110,-271,32,314,3294,4229,1794,49,-424,-693
151,-279,88,-239,44,299,3279,4244,1812,69,-409,-685
156,-247,62,-202,61,284,3234,4261,1826,86,-393,-676
155,-223,49,-179,66,270,3172,4279,1835,97,-380,-668
150,-207,48,-170,61,258,3091,4297,1845,101,-368,-662
144,-190,46,-159,55,243,2985,4310,1858,108,-358,-655
145,-173,39,-146,57,234,2863,4327,1871,115,-346,-646
139,-177,57,-162,39,233,2734,4349,1878,113,-338,-643
125,-201,105,-212,-4,241,2601,4374,1879,105,-335,-644
108,-239,167,-281,-58,254,2468,4401,1877,94,-335,-645
91,-270,223,-340,-108,263,2327,4422,1877,90,-333,-645
78,-281,252,-368,-136,260,2171,4440,1883,96,-328,-645
72,-281,262,-375,-146,254,2021,4459,1892,110,-319,-641
67,-275,264,-374,-150,245,1880,4480,1904,132,-307,-634
62,-263,258,-362,-148,231,1729,4497,1918,155,-295,-623
58,-245,244,-340,-140,212,1572,4512,1936,178,-283,-613
51,-231,234,-324,-135,195,1431,4524,1955,203,-270,-603
44,-218,226,-308,-131,178,1298,4533,1977,229,-256,-590
43,-202,207,-284,-117,163,1177,4542,2000,258,-238,-572
39,-186,188,-260,-103,146,1088,4547,2021,279,-221,-554
34,-174,175,-241,-95,132,1024,4548,2040,296,-203,-534
28,-175,175,-240,-94,126,998,4550,2056,312,-183,-514
23,-182,179,-245,-98,124,1009,4551,2074,331,-162,-494
24,-184,171,-239,-88,125,1047,4551,2094,354,-142,-474
34,-184,152,-224,-66,130,1113,4553,2111,375,-125,-454
45,-191,140,-219,-48,142,1213,4561,2122,392,-106,-433
56,-206,134,-223,-34,159,1342,4570,2133,410,-86,-412
77,-202,101,-196,5,170,1490,4579,2150,438,-64,-390
105,-177,41,-139,65,174,1652,4585,2169,468,-43,-366
134,-143,-30,-67,134,172,1824,4590,2186,495,-22,-344
158,-112,-90,-5,192,170,2001,4599,2198,516,-5,-324
172,-91,-130,35,228,167,2188,4612,2205,525,7,-308
179,-76,-155,62,250,165,2372,4624,2208,526,13,-298
184,-66,-173,81,265,165,2551,4634,2208,525,18,-291
188,-63,-182,88,273,170,2716,4645,2208,526,27,-284
189,-67,-179,82,271,178,2854,4659,2209,528,36,-276
188,-68,-175,76,265,183,2962,4672,2211,533,43,-267
184,-71,-165,66,254,186,3050,4690,2213,537,52,-256
176,-75,-148,49,234,188,3118,4703,2217,546,61,-245
169,-71,-140,45,221,184,3153,4716,2222,565,74,-230
166,-57,-145,55,219,176,3164,4727,2232,586,92,-212
163,-30,-161,81,223,158,3140,4735,2247,614,113,-192
162,-1,-181,112,232,140,3075,4738,2260,639,135,-173
158,22,-190,131,232,124,2980,4737,2268,652,152,-158
150,39,-191,141,224,107,2856,4729,2272,652,163,-148
144,60,-196,157,220,90,2696,4716,2275,648,172,-140
144,82,-209,179,225,74,2510,4704,2279,640,181,-130
138,85,-196,171,209,68,2303,4688,2271,617,182,-127
125,68,-158,134,172,68,2075,4670,2252,584,176,-130
106,40,-103,79,120,71,1841,4653,2228,554,168,-134
86,15,-51,28,70,72,1606,4642,2211,539,162,-134
72,5,-22,2,41,66,1367,4638,2198,536,165,-130
66,6,-12,-3,30,58,1132,4643,2189,543,176,-123
63,12,-11,2,28,48,906,4655,2183,554,190,-115
62,20,-17,13,33,38,700,4670,2180,571,204,-107
60,37,-32,36,43,20,516,4685,2179,593,216,-98
57,54,-48,59,53,2,357,4696,2177,611,225,-89
52,69,-60,79,61,-17,222,4699,2174,626,230,-87
50,82,-76,100,73,-32,115,4702,2171,639,236,-83
48,88,-85,113,82,-42,49,4701,2166,647,239,-83
45,87,-87,115,84,-48,12,4703,2159,650,241,-84
40,75,-78,102,78,-46,20,4712,2153,650,242,-84
38,58,-67,86,73,-40,73,4725,2152,655,247,-81
43,53,-76,90,86,-35,165,4740,2159,668,257,-73
54,57,-99,109,113,-31,300,4762,2168,685,272,-61
64,61,-122,128,138,-29,473,4788,2175,702,287,-46
69,63,-138,140,155,-27,669,4811,2182,719,301,-28
81,83,-179,181,192,-32,882,4833,2200,750,320,-3
100,125,-248,255,253,-46,1111,4853,2221,785,343,26
121,181,-333,349,326,-67,1354,4868,2239,816,366,51
140,233,-412,435,391,-87,1606,4881,2248,839,387,72
151,270,-466,495,435,-103,1863,4884,2245,846,401,85
150,301,-502,539,458,-120,2112,4879,2239,847,412,93
147,329,-531,575,474,-137,2344,4867,2232,846,423,101
145,348,-551,600,486,-146,2559,4853,2225,843,435,109
142,359,-560,612,488,-151,2749,4836,2216,838,443,115
136,373,-569,626,487,-159,2899,4817,2204,832,449,115
129,386,-574,636,482,-168,3007,4797,2188,823,451,114
116,397,-568,638,467,-178,3084,4772,2176,821,451,112
106,410,-567,645,455,-189,3113,4750,2165,828,454,116
101,428,-575,661,454,-201,3107,4726,2154,837,455,125
100,453,-591,688,460,-214,3061,4697,2147,848,458,135
103,476,-610,715,470,-225,2974,4669,2137,852,459,142
103,491,-615,728,470,-233,2861,4641,2122,845,459,145
98,500,-610,730,459,-242,2720,4611,2105,835,460,149
92,511,-605,734,448,-252,2544,4580,2089,823,462,152
93,521,-607,742,447,-259,2340,4552,2070,806,464,155
88,512,-583,720,424,-258,2120,4525,2042,778,462,152
72,486,-533,670,378,-253,1893,4499,2007,746,453,147
53,450,-469,604,322,-244,1662,4473,1965,712,441,140
36,413,-409,539,269,-233,1430,4447,1926,683,428,132
29,385,-368,495,237,-223,1196,4424,1891,665,417,125
26,364,-340,464,218,-214,970,4407,1863,654,408,122
25,344,-316,435,202,-206,756,4395,1840,650,401,123
24,326,-297,412,191,-199,558,4387,1821,650,396,125
26,314,-288,399,189,-195,385,4384,1804,651,392,129
24,305,-278,387,184,-195,238,4383,1787,649,388,136
21,300,-274,384,183,-199,115,4376,1772,644,382,140
23,299,-279,387,192,-201,21,4370,1759,637,378,146
24,289,-277,382,196,-198,-31,4354,1744,623,368,148
21,277,-269,369,193,-196,-55,4335,1728,604,357,147
15,257,-251,346,182,-189,-40,4319,1709,584,348,147
7,235,-230,319,168,-181,6,4303,1692,566,340,144
5,218,-219,302,165,-171,64,4284,1680,552,332,142
8,205,-219,295,171,-161,139,4267,1668,542,325,139
11,189,-216,283,175,-147,236,4255,1653,532,320,137
11,170,-206,265,171,-132,353,4245,1639,525,315,136
22,167,-223,275,193,-120,482,4238,1637,535,314,143
45,183,-269,317,241,-113,629,4229,1642,555,318,152
69,216,-332,381,300,-115,791,4213,1647,575,324,159
89,250,-393,445,354,-121,967,4195,1648,584,330,163
99,274,-432,487,386,-127,1159,4174,1643,584,331,162
98,291,-451,510,396,-134,1347,4152,1636,583,330,160
95,302,-461,524,398,-139,1506,4130,1624,583,329,159
93,307,-463,528,396,-139,1631,4105,1609,579,328,156
89,306,-458,523,386,-135,1737,4078,1594,576,326,155
86,308,-454,521,377,-134,1828,4052,1581,571,324,150
83,311,-450,519,368,-133,1905,4031,1570,563,323,145
78,313,-442,515,354,-135,1957,4005,1557,554,321,139
73,324,-443,521,346,-141,1965,3977,1543,548,319,132
73,342,-453,538,347,-151,1947,3948,1527,547,316,123
73,368,-472,567,355,-165,1900,3912,1511,546,309,115
78,391,-491,593,366,-175,1832,3873,1489,540,300,105
82,398,-493,598,365,-176,1752,3833,1461,525,284,90
82,398,-485,591,355,-175,1655,3792,1430,502,266,70
81,403,-480,589,347,-179,1533,3750,1405,480,247,49
84,409,-481,593,347,-182,1387,3712,1382,459,228,29
79,399,-457,569,326,-180,1237,3678,1351,429,204,8
63,369,-405,513,279,-172,1094,3648,1319,400,178,-11
42,329,-338,440,219,-162,945,3619,1287,373,154,-32
21,291,-273,370,161,-154,793,3586,1259,352,133,-52
5,265,-226,320,120,-150,631,3551,1237,338,117,-68
-5,247,-194,287,94,-149,461,3516,1218,331,106,-79
-15,235,-171,263,74,-153,288,3485,1201,326,96,-86
-23,230,-157,250,62,-160,122,3457,1187,323,89,-90
-26,230,-154,248,61,-167,-31,3434,1172,318,81,-92
-27,225,-149,241,60,-170,-172,3411,1154,306,68,-96
-29,218,-142,232,58,-173,-299,3377,1131,290,50,-104
-28,213,-143,230,65,-174,-404,3342,1106,271,34,-110
-25,203,-141,223,69,-170,-472,3299,1080,246,14,-118
-26,187,-130,206,66,-164,-520,3256,1053,220,-5,-126
-28,164,-111,179,57,-154,-538,3211,1024,195,-23,-131
-31,140,-92,151,47,-142,-526,3160,995,177,-38,-134
-29,121,-83,135,47,-129,-494,3104,968,165,-49,-136
-22,109,-86,130,57,-117,-437,3047,940,158,-58,-133
-13,93,-88,123,69,-101,-348,2992,910,151,-62,-126
-8,79,-87,115,75,-87,-233,2933,881,145,-67,-121
3,85,-112,137,102,-81,-105,2872,862,154,-65,-114
21,108,-160,187,148,-83,37,2805,849,168,-60,-108
41,140,-219,250,203,-88,193,2733,835,177,-56,-105
56,169,-270,306,249,-93,358,2660,814,176,-56,-106
64,184,-297,335,273,-94,530,2588,785,168,-64,-110
66,187,-307,346,280,-90,692,2514,752,157,-76,-117
64,189,-310,350,281,-88,833,2444,718,145,-90,-126
63,187,-308,349,277,-82,961,2377,682,133,-107,-133
61,178,-297,336,266,-72,1078,2312,645,117,-125,-143
59,167,-283,320,253,-61,1173,2253,611,97,-144,-156
58,154,-265,300,237,-48,1246,2205,580,77,-162,-167
54,141,-245,278,217,-38,1293,2162,553,59,-178,-180
51,136,-233,266,203,-33,1306,2128,528,48,-190,-187
50,139,-228,263,194,-32,1296,2095,503,42,-200,-190
50,150,-232,272,192,-37,1243,2059,478,38,-209,-192
51,163,-239,283,192,-44,1153,2022,452,30,-218,-195
50,167,-232,280,183,-47,1048,1982,423,17,-229,-200
41,167,-216,266,162,-53,928,1937,392,2,-244,-211
31,174,-204,260,142,-66,788,1886,364,-15,-261,-223
24,185,-201,262,132,-79,646,1837,337,-34,-275,-236
12,178,-173,236,102,-86,513,1785,301,-63,-293,-252
-6,149,-119,179,51,-82,386,1733,263,-92,-311,-272
-27,108,-51,103,-10,-72,267,1682,227,-117,-326,-289
-46,73,10,37,-65,-65,146,1630,196,-131,-337,-303
-55,52,45,-3,-96,-62,15,1575,170,-136,-343,-314
-58,41,62,-24,-109,-62,-119,1525,148,-135,-344,-322
-57,35,71,-36,-114,-63,-257,1477,128,-130,-342,-328
-58,37,71,-35,-114,-71,-390,1429,108,-128,-340,-334
-56,44,63,-27,-106,-80,-509,1381,85,-132,-341,-343
-52,41,61,-28,-101,-81,-615,1332,58,-144,-345,-355
-51,30,68,-40,-102,-79,-708,1278,32,-159,-355,-371
-46,16,75,-53,-100,-71,-789,1223,7,-176,-366,-386
-42,-4,87,-74,-103,-60,-837,1163,-19,-198,-383,-406
-40,-29,104,-101,-110,-46,-861,1105,-45,-223,-401,-428
-41,-60,130,-138,-124,-28,-851,1050,-70,-249,-419,-449
-45,-92,157,-175,-141,-11,-800,995,-91,-267,-436,-470
-46,-113,171,-197,-147,1,-720,938,-109,-278,-447,-486
-41,-132,176,-210,-143,17,-611,883,-132,-291,-459,-501
-34,-157,187,-231,-142,38,-474,831,-159,-310,-472,-515
-35,-184,206,-260,-152,57,-318,778,-189,-326,-485,-527
-28,-195,203,-263,-142,71,-169,726,-212,-326,-494,-535
-14,-189,175,-238,-111,78,-30,673,-230,-322,-502,-542
4,-171,131,-195,-68,81,116,620,-245,-318,-510,-547
20,-154,92,-156,-29,84,276,570,-263,-322,-518,-554
28,-148,73,-137,-10,89,444,521,-286,-340,-530,-566
28,-150,72,-136,-8,95,609,473,-315,-367,-546,-580
24,-155,77,-141,-14,101,763,426,-349,-399,-563,-596
20,-165,89,-154,-24,110,904,383,-386,-435,-582,-614
15,-182,110,-178,-42,123,1029,344,-427,-471,-604,-635
9,-195,130,-201,-61,134,1144,307,-464,-503,-628,-658
2,-208,152,-224,-81,145,1244,272,-503,-537,-654,-679
-5,-226,179,-254,-106,157,1324,236,-541,-569,-682,-700
-9,-239,201,-278,-126,169,1365,201,-578,-597,-708,-719
-10,-249,216,-296,-140,179,1384,169,-613,-617,-732,-736
-9,-249,223,-302,-147,183,1374,136,-643,-628,-753,-752
-7,-247,226,-305,-151,186,1335,104,-671,-639,-776,-765
-7,-253,239,-320,-163,193,1273,72,-700,-658,-801,-781
-11,-259,258,-340,-182,196,1191,38,-727,-681,-828,-798
-14,-260,270,-351,-196,195,1086,-3,-750,-700,-854,-814
-12,-253,270,-349,-198,192,954,-46,-771,-720,-874,-829
-20,-258,291,-369,-221,189,803,-93,-800,-750,-899,-845
-39,-279,337,-417,-267,190,637,-145,-836,-788,-927,-862
-62,-312,401,-485,-328,194,463,-200,-876,-829,-955,-878
-84,-344,460,-548,-384,199,288,-257,-911,-860,-981,-891
-96,-364,497,-589,-419,203,112,-314,-941,-881,-1004,-904
-101,-378,520,-615,-438,206,-59,-369,-970,-894,-1026,-916
-104,-391,538,-638,-454,210,-217,-422,-996,-901,-1044,-924
-107,-397,548,-649,-462,209,-361,-474,-1023,-907,-1060,-932
-108,-397,548,-649,-462,205,-488,-523,-1050,-912,-1076,-940
-107,-401,550,-654,-462,205,-596,-567,-1076,-917,-1092,-946
-106,-405,550,-656,-460,205,-684,-608,-1099,-920,-1107,-950
-101,-403,540,-647,-449,203,-750,-640,-1119,-923,-1118,-947
-98,-404,533,-641,-439,203,-782,-667,-1139,-931,-1127,-947
-95,-415,535,-648,-436,209,-792,-690,-1157,-942,-1137,-949
-92,-443,554,-677,-444,227,-772,-710,-1177,-957,-1149,-954
-88,-477,577,-714,-454,249,-725,-730,-1196,-970,-1161,-958
-80,-500,585,-731,-451,267,-659,-748,-1212,-977,-1171,-962
-70,-512,580,-733,-438,279,-571,-761,-1228,-980,-1180,-961
-60,-528,579,-740,-427,295,-452,-763,-1243,-985,-1186,-957
-54,-544,582,-749,-422,307,-309,-763,-1254,-988,-1192,-954
-39,-539,556,-725,-391,312,-147,-762,-1252,-982,-1192,-948
-14,-515,500,-669,-333,311,21,-763,-1244,-970,-1193,-942
16,-484,433,-600,-265,310,191,-767,-1236,-964,-1199,-942
45,-458,372,-539,-201,312,362,-776,-1237,-970,-1211,-946
65,-449,339,-508,-163,318,532,-789,-1247,-988,-1229,-957
73,-448,325,-496,-146,323,698,-806,-1261,-1009,-1250,-975
77,-453,323,-497,-141,331,857,-823,-1276,-1029,-1270,-996
76,-466,335,-512,-147,340,1002,-841,-1294,-1045,-1287,-1015
71,-483,357,-537,-164,350,1126,-862,-1314,-1060,-1305,-1036
62,-495,378,-559,-184,355,1228,-884,-1333,-1077,-1323,-1057
52,-505,401,-581,-206,357,1310,-904,-1351,-1098,-1338,-1075
39,-516,427,-607,-233,359,1373,-930,-1371,-1116,-1355,-1092
31,-521,445,-624,-251,360,1402,-960,-1389,-1128,-1371,-1109
28,-520,454,-631,-262,359,1401,-993,-1409,-1138,-1387,-1125
24,-510,455,-628,-267,353,1368,-1031,-1423,-1144,-1398,-1140
21,-499,455,-623,-272,345,1307,-1070,-1438,-1150,-1407,-1153
10,-493,468,-631,-292,335,1230,-1106,-1453,-1157,-1414,-1165
-6,-490,491,-648,-322,325,1132,-1140,-1467,-1161,-1419,-1175
-21,-481,506,-656,-346,310,1002,-1178,-1478,-1167,-1423,-1189
-31,-466,509,-652,-358,295,849,-1219,-1490,-1178,-1425,-1202
-50,-463,533,-670,-391,282,690,-1258,-1511,-1199,-1429,-1214
-76,-479,583,-717,-446,276,529,-1294,-1535,-1224,-1436,-1225
-105,-505,645,-779,-511,275,366,-1328,-1561,-1248,-1445,-1234
-130,-531,702,-837,-569,276,195,-1357,-1579,-1266,-1452,-1242
-148,-544,738,-873,-608,274,13,-1383,-1589,-1270,-1452,-1246
-156,-552,759,-894,-630,274,-169,-1403,-1599,-1271,-1452,-1248
-158,-565,776,-916,-646,282,-341,-1421,-1608,-1270,-1452,-1250
-158,-579,791,-936,-657,291,-502,-1434,-1620,-1271,-1454,-1255
-156,-587,797,-946,-661,297,-643,-1444,-1630,-1272,-1454,-1258
-155,-594,800,-953,-663,302,-760,-1450,-1641,-1274,-1452,-1261
-154,-597,800,-955,-663,304,-852,-1459,-1650,-1270,-1450,-1261
-149,-600,793,-951,-654,309,-914,-1463,-1657,-1261,-1444,-1253
-144,-608,791,-953,-647,316,-940,-1467,-1659,-1253,-1438,-1244
-142,-619,794,-961,-646,324,-943,-1469,-1658,-1248,-1431,-1232
-142,-639,806,-979,-650,336,-919,-1466,-1657,-1245,-1422,-1217
-140,-661,819,-1000,-655,350,-868,-1462,-1651,-1237,-1411,-1200
-135,-675,819,-1006,-648,361,-797,-1457,-1642,-1225,-1396,-1180
-125,-682,808,-1000,-630,369,-704,-1451,-1632,-1212,-1380,-1160
-117,-696,804,-1003,-617,382,-587,-1445,-1624,-1197,-1362,-1140
-111,-717,811,-1018,-614,397,-448,-1443,-1616,-1183,-1348,-1122
-97,-724,796,-1009,-591,407,-293,-1442,-1601,-1159,-1331,-1102
-78,-708,754,-967,-547,407,-132,-1445,-1582,-1132,-1311,-1081
-57,-677,696,-905,-491,397,35,-1451,-1565,-1108,-1292,-1062
-39,-647,642,-846,-440,386,207,-1454,-1551,-1089,-1275,-1043
-26,-630,607,-809,-406,381,384,-1453,-1543,-1078,-1261,-1031
-20,-619,587,-786,-388,375,555,-1449,-1536,-1072,-1249,-1021
-17,-611,574,-771,-376,371,714,-1443,-1527,-1066,-1236,-1013
-13,-610,569,-766,-369,372,858,-1430,-1516,-1060,-1223,-1003
-10,-617,574,-773,-371,379,983,-1409,-1507,-1055,-1211,-994
-9,-620,579,-778,-375,381,1090,-1385,-1496,-1050,-1198,-985
-11,-621,585,-784,-381,382,1182,-1359,-1487,-1049,-1184,-976
-16,-622,596,-793,-394,381,1255,-1337,-1479,-1045,-1174,-970
-18,-617,599,-794,-400,379,1297,-1315,-1474,-1035,-1161,-962
-17,-603,592,-782,-399,373,1318,-1297,-1471,-1024,-1151,-955
-12,-581,575,-758,-387,364,1310,-1286,-1464,-1013,-1140,-951
-9,-558,556,-733,-377,353,1275,-1277,-1457,-1003,-1129,-945
-10,-543,552,-724,-379,345,1216,-1273,-1454,-1000,-1119,-939
-17,-534,561,-728,-393,338,1136,-1277,-1452,-1004,-1111,-935
-23,-524,566,-728,-405,330,1032,-1290,-1450,-1008,-1106,-934
-23,-514,565,-724,-408,326,909,-1308,-1452,-1017,-1102,-934
-29,-522,588,-748,-431,331,779,-1331,-1466,-1041,-1105,-940
-43,-549,636,-801,-477,342,648,-1358,-1486,-1067,-1111,-947
-61,-585,697,-868,-532,356,523,-1385,-1505,-1089,-1115,-951
-75,-619,752,-930,-580,372,404,-1414,-1514,-1099,-1117,-954
-82,-643,787,-972,-610,385,277,-1444,-1514,-1094,-1115,-954
-83,-656,805,-993,-624,394,149,-1476,-1514,-1083,-1115,-953
-82,-660,811,-1002,-628,398,26,-1507,-1514,-1072,-1117,-956
-81,-661,810,-1002,-626,399,-93,-1533,-1511,-1061,-1118,-959
-77,-657,802,-994,-617,398,-205,-1554,-1505,-1054,-1117,-961
-74,-659,798,-994,-611,400,-300,-1569,-1500,-1051,-1113,-965
-74,-662,796,-994,-607,400,-381,-1580,-1492,-1048,-1111,-971
-67,-666,788,-990,-594,404,-453,-1580,-1485,-1047,-1111,-979
-61,-675,784,-992,-584,412,-498,-1576,-1477,-1053,-1114,-991
-57,-690,786,-1002,-578,421,-523,-1566,-1469,-1062,-1117,-1005
-57,-712,799,-1024,-583,433,-517,-1550,-1464,-1074,-1122,-1018
-59,-737,816,-1048,-589,446,-486,-1536,-1460,-1083,-1127,-1030
-58,-751,819,-1057,-586,453,-446,-1521,-1452,-1080,-1126,-1036
-54,-758,812,-1055,-573,459,-404,-1503,-1440,-1069,-1121,-1037
-52,-769,811,-1059,-566,465,-349,-1480,-1432,-1062,-1115,-1037
-55,-784,819,-1072,-570,472,-278,-1461,-1425,-1055,-1112,-1037
-47,-786,804,-1061,-550,476,-205,-1446,-1411,-1041,-1108,-1036
-28,-772,763,-1021,-507,478,-128,-1440,-1394,-1022,-1104,-1033
-5,-745,707,-964,-450,475,-56,-1443,-1380,-1007,-1104,-1031
17,-718,653,-908,-397,471,5,-1452,-1373,-1001,-1107,-1031
31,-704,620,-875,-365,471,77,-1466,-1374,-1007,-1111,-1035
41,-695,600,-855,-344,472,170,-1485,-1380,-1022,-1121,-1041
51,-686,580,-835,-324,474,286,-1506,-1386,-1031,-1130,-1046
60,-677,563,-817,-307,476,420,-1523,-1388,-1034,-1134,-1049
67,-671,552,-806,-297,479,560,-1539,-1388,-1035,-1138,-1050
72,-659,539,-790,-287,477,694,-1556,-1386,-1038,-1140,-1051
75,-645,529,-774,-281,473,822,-1570,-1384,-1041,-1139,-1046
70,-633,528,-766,-287,466,933,-1585,-1383,-1045,-1140,-1041
64,-614,522,-751,-291,453,1006,-1598,-1382,-1043,-1137,-1033
59,-589,508,-727,-289,437,1053,-1607,-1377,-1035,-1132,-1024
57,-556,486,-692,-281,417,1072,-1617,-1369,-1023,-1126,-1015
54,-523,465,-657,-273,398,1067,-1622,-1364,-1012,-1120,-1007
49,-504,459,-643,-277,385,1042,-1629,-1365,-1011,-1115,-1001
41,-493,465,-642,-291,377,993,-1638,-1372,-1018,-1116,-1001
35,-483,469,-640,-303,369,923,-1654,-1381,-1027,-1119,-1004
33,-474,469,-636,-308,366,836,-1669,-1392,-1038,-1123,-1007
24,-488,501,-669,-340,372,742,-1682,-1411,-1056,-1131,-1015
4,-525,565,-738,-399,386,643,-1690,-1432,-1074,-1141,-1022
-21,-571,643,-823,-471,402,543,-1693,-1453,-1089,-1150,-1029
-43,-614,713,-900,-535,417,442,-1691,-1465,-1091,-1155,-1032
-58,-640,759,-949,-577,426,331,-1685,-1468,-1080,-1154,-1027
-64,-656,785,-978,-600,432,222,-1675,-1470,-1065,-1150,-1019
-68,-663,798,-992,-612,432,120,-1664,-1469,-1052,-1145,-1009
-70,-662,801,-994,-615,428,29,-1656,-1466,-1034,-1138,-996
-69,-657,793,-986,-608,422,-44,-1649,-1458,-1016,-1129,-981
-65,-657,788,-983,-602,420,-94,-1642,-1451,-1000,-1120,-965
-63,-656,781,-977,-592,416,-127,-1639,-1439,-981,-1109,-951
-57,-648,762,-958,-573,409,-143,-1630,-1424,-959,-1095,-934
-50,-644,745,-943,-554,405,-130,-1624,-1408,-944,-1081,-917
-46,-645,734,-935,-540,402,-105,-1617,-1392,-930,-1066,-900
-46,-654,733,-939,-535,402,-64,-1608,-1380,-920,-1049,-883
-50,-665,737,-947,-536,402,-7,-1602,-1366,-904,-1032,-865
-49,-673,734,-947,-528,402,56,-1600,-1349,-883,-1014,-848
-42,-680,722,-941,-510,406,132,-1598,-1336,-860,-992,-832
-36,-692,716,-942,-497,415,228,-1593,-1328,-838,-970,-816
-34,-707,717,-950,-491,423,337,-1590,-1322,-819,-954,-803
-26,-703,695,-930,-466,423,444,-1586,-1307,-790,-936,-789
-10,-682,648,-881,-419,418,556,-1582,-1286,-756,-915,-777
10,-651,587,-817,-362,409,667,-1583,-1268,-731,-900,-770
27,-624,535,-762,-312,403,766,-1587,-1257,-721,-890,-770
38,-617,509,-737,-284,406,863,-1592,-1254,-728,-888,-776
43,-620,502,-732,-274,413,951,-1595,-1257,-742,-892,-790
45,-625,501,-732,-270,420,1027,-1595,-1263,-759,-898,-806
46,-632,505,-737,-271,428,1093,-1591,-1269,-773,-902,-820
43,-642,518,-751,-281,436,1150,-1587,-1276,-787,-908,-835
41,-649,528,-762,-291,443,1194,-1579,-1282,-799,-916,-851
39,-655,539,-773,-301,449,1232,-1564,-1288,-811,-922,-863
33,-658,552,-783,-317,451,1268,-1549,-1289,-816,-923,-873
29,-652,557,-783,-326,448,1285,-1531,-1284,-811,-918,-877
29,-639,551,-771,-326,442,1294,-1511,-1274,-798,-909,-878
32,-613,532,-742,-316,430,1288,-1496,-1263,-780,-896,-877
39,-583,505,-705,-299,416,1265,-1482,-1254,-769,-884,-876
42,-559,490,-681,-292,405,1230,-1474,-1248,-767,-878,-879
43,-547,489,-675,-297,399,1175,-1474,-1244,-771,-878,-887
45,-535,487,-668,-300,394,1094,-1487,-1241,-779,-882,-898
52,-522,478,-656,-296,391,1001,-1502,-1242,-791,-889,-907
51,-527,496,-674,-314,394,900,-1517,-1252,-811,-898,-916
38,-550,544,-725,-360,402,803,-1525,-1268,-833,-908,-923
19,-584,607,-792,-419,412,714,-1528,-1284,-849,-916,-927
1,-612,663,-851,-472,420,631,-1529,-1293,-857,-919,-925
-8,-624,693,-882,-501,422,547,-1529,-1299,-856,-915,-920
-8,-631,706,-898,-513,427,472,-1527,-1305,-852,-907,-912
-7,-638,718,-913,-522,431,402,-1526,-1313,-846,-899,-904
-8,-641,725,-921,-527,432,338,-1527,-1320,-839,-894,-897
-6,-637,721,-919,-523,429,283,-1527,-1325,-835,-893,-892
-6,-637,721,-920,-522,427,245,-1527,-1331,-838,-896,-890
-9,-636,721,-921,-522,422,219,-1530,-1335,-840,-901,-887
-10,-630,712,-912,-513,416,201,-1526,-1338,-838,-902,-875
-12,-624,704,-903,-506,408,206,-1524,-1337,-835,-903,-859
-17,-623,700,-900,-502,402,222,-1521,-1333,-832,-902,-841
-25,-629,704,-907,-505,398,263,-1516,-1322,-825,-897,-819
-35,-634,709,-913,-510,393,320,-1509,-1304,-808,-889,-791
-44,-628,701,-902,-504,382,373,-1501,-1279,-780,-874,-759
-47,-617,682,-881,-487,371,426,-1483,-1251,-748,-855,-727
-51,-610,666,-864,-473,363,493,-1455,-1224,-717,-832,-694
-57,-604,655,-849,-463,354,573,-1426,-1194,-686,-811,-664
-53,-582,616,-807,-429,342,649,-1395,-1154,-645,-786,-633
-37,-545,552,-737,-370,328,714,-1365,-1110,-596,-755,-602
-15,-501,476,-654,-300,313,770,-1337,-1065,-548,-722,-575
2,-460,407,-578,-238,298,824,-1311,-1024,-506,-691,-553
12,-433,363,-528,-199,287,888,-1286,-987,-476,-667,-538
14,-418,339,-498,-179,279,951,-1267,-953,-451,-646,-531
13,-409,324,-479,-168,273,1007,-1251,-918,-430,-625,-526
10,-405,320,-471,-166,270,1058,-1239,-884,-414,-606,-524
4,-406,324,-472,-173,267,1103,-1227,-851,-399,-591,-524
-2,-403,327,-469,-180,262,1133,-1214,-815,-382,-576,-526
-9,-399,331,-467,-189,257,1154,-1198,-781,-366,-560,-529
-22,-390,338,-465,-206,243,1170,-1187,-745,-343,-546,-532
-35,-369,335,-449,-215,222,1168,-1172,-706,-305,-526,-528
-43,-339,319,-418,-214,197,1158,-1156,-663,-260,-502,-521
-46,-299,290,-372,-202,169,1134,-1142,-617,-211,-473,-514
-47,-255,256,-321,-185,140,1099,-1127,-571,-167,-439,-503
-50,-217,231,-280,-175,113,1057,-1115,-525,-125,-402,-490
-57,-179,211,-244,-172,84,1006,-1107,-478,-78,-362,-475
-64,-132,183,-196,-164,48,935,-1102,-429,-27,-321,-456
-68,-76,142,-134,-146,8,854,-1092,-380,23,-273,-431
-79,-36,124,-98,-147,-25,773,-1081,-337,64,-230,-404
-100,-12,133,-91,-173,-55,692,-1062,-297,103,-189,-376
-127,4,155,-99,-211,-83,608,-1032,-252,149,-142,-344
-149,25,166,-95,-239,-112,520,-997,-195,207,-87,-305
-163,67,147,-57,-240,-149,425,-959,-130,274,-28,-259
-169,121,107,3,-221,-188,339,-914,-62,347,36,-206
-175,177,64,67,-199,-229,267,-865,6,424,101,-152
-180,233,19,131,-175,-269,200,-818,73,500,165,-98
-184,287,-28,197,-148,-308,140,-774,138,577,230,-42
-189,330,-66,249,-127,-339,90,-737,202,651,296,18
-194,370,-100,297,-107,-369,45,-708,266,728,364,78
-196,411,-142,352,-79,-396,2,-675,331,808,437,144
-199,450,-181,403,-53,-424,-24,-641,399,883,508,209
-207,487,-216,451,-32,-453,-52,-607,468,956,580,271
-217,515,-241,487,-19,-477,-71,-568,536,1027,651,334
-229,539,-262,517,-8,-499,-71,-522,612,1105,723,402
-236,573,-298,566,17,-526,-60,-469,698,1192,798,473
-240,619,-351,633,55,-557,-41,-405,791,1287,878,546
-242,664,-406,701,97,-587,2,-325,888,1386,962,622
-245,711,-462,771,138,-620,70,-234,994,1493,1047,699
-240,786,-552,883,208,-666,152,-128,1118,1618,1142,782
-228,887,-677,1036,306,-725,235,-15,1250,1748,1241,868
-212,1002,-820,1210,418,-791,318,102,1382,1876,1341,952
-202,1117,-956,1380,521,-861,402,223,1509,1993,1441,1037
-201,1220,-1069,1526,602,-929,462,344,1631,2097,1533,1118
-210,1314,-1164,1654,664,-998,482,461,1752,2192,1619,1194
-224,1405,-1249,1773,715,-1068,474,568,1867,2285,1702,1266
-239,1490,-1325,1883,759,-1134,450,665,1974,2376,1780,1333
-260,1572,-1390,1983,791,-1203,416,747,2072,2462,1854,1393
-286,1662,-1458,2090,820,-1280,383,819,2168,2542,1925,1453
-315,1758,-1525,2200,845,-1364,362,890,2266,2620,2001,1517
-351,1859,-1589,2311,863,-1456,352,959,2369,2702,2077,1582
-387,1971,-1663,2436,887,-1555,335,1033,2480,2801,2157,1651
-420,2095,-1748,2575,919,-1660,318,1106,2600,2909,2242,1725
-452,2232,-1846,2732,960,-1774,297,1181,2728,3025,2332,1801
-483,2376,-1949,2896,1004,-1892,279,1261,2862,3145,2425,1880
-519,2520,-2046,3056,1040,-2013,274,1348,3001,3265,2519,1959
-558,2663,-2139,3213,1071,-2136,274,1438,3146,3383,2614,2041
-598,2816,-2239,3379,1106,-2265,274,1528,3299,3507,2711,2125
-636,2977,-2348,3558,1149,-2398,281,1621,3457,3637,2817,2214
-681,3125,-2437,3715,1173,-2529,298,1712,3608,3763,2922,2303
-736,3261,-2503,3848,1175,-2657,319,1795,3752,3886,3021,2391
-796,3390,-2559,3969,1167,-2784,340,1871,3895,4012,3120,2480
-854,3527,-2623,4101,1167,-2914,359,1938,4041,4149,3224,2573
-907,3681,-2712,4262,1187,-3054,375,1995,4192,4293,3331,2669
-955,3849,-2820,4444,1223,-3198,389,2044,4343,4439,3440,2765
-1003,4019,-2932,4630,1263,-3344,400,2085,4494,4582,3546,2859
-1051,4189,-3046,4819,1305,-3491,406,2112,4642,4719,3648,2951
-1102,4364,-3165,5013,1349,-3642,413,2121,4785,4849,3745,3041
-1157,4539,-3282,5206,1389,-3795,429,2113,4921,4968,3833,3128
-1213,4713,-3399,5399,1430,-3948,446,2080,5049,5078,3913,3211
-1265,4886,-3522,5596,1478,-4098,466,2027,5168,5176,3987,3292
-1322,5057,-3640,5788,1520,-4249,498,1943,5276,5262,4057,3366
-1382,5223,-3753,5974,1558,-4398,520,1827,5365,5335,4121,3435
-1441,5377,-3857,6146,1590,-4538,545,1684,5438,5397,4177,3502
-1499,5523,-3955,6308,1620,-4673,577,1509,5500,5460,4228,3570
-1554,5676,-4066,6485,1661,-4810,605,1301,5554,5526,4280,3641
-1607,5839,-4190,6677,1713,-4951,635,1064,5599,5600,4336,3715
-1662,6000,-4310,6865,1760,-5093,678,808,5636,5676,4397,3793
-1721,6158,-4423,7047,1801,-5236,729,531,5668,5755,4457,3870
-1772,6332,-4561,7256,1863,-5385,782,244,5705,5844,4519,3947
-1816,6524,-4723,7493,1945,-5542,834,-44,5745,5938,4582,4022
-1857,6723,-4895,7741,2035,-5702,891,-327,5786,6032,4643,4094
-1899,6913,-5055,7976,2117,-5856,955,-602,5829,6120,4702,4160
-1946,7080,-5186,8176,2176,-6000,1033,-870,5870,6200,4755,4219
-2000,7234,-5296,8352,2214,-6140,1112,-1133,5914,6279,4804,4273
-2051,7382,-5399,8520,2250,-6274,1193,-1395,5956,6355,4851,4324
-2100,7518,-5491,8673,2279,-6400,1276,-1664,5998,6427,4898,4376
-2150,7646,-5572,8813,2300,-6520,1354,-1950,6028,6499,4946,4426
-2200,7774,-5651,8951,2319,-6641,1423,-2253,6048,6570,4994,4476
-2247,7899,-5728,9085,2338,-6758,1489,-2569,6054,6638,5042,4526
-2297,8017,-5794,9208,2348,-6872,1555,-2907,6047,6701,5086,4574
-2343,8140,-5866,9337,2363,-6988,1607,-3270,6024,6766,5131,4623
-2386,8269,-5946,9476,2386,-7105,1658,-3663,5988,6832,5179,4676
-2422,8405,-6039,9628,2422,-7222,1693,-4090,5937,6900,5229,4732
-2452,8539,-6133,9780,2462,-7335,1697,-4554,5871,6962,5280,4793
-2481,8659,-6215,9913,2494,-7438,1673,-5054,5787,7015,5332,4856
-2511,8771,-6287,10035,2520,-7536,1616,-5591,5691,7069,5385,4923
-2539,8886,-6363,10161,2549,-7634,1516,-6170,5583,7125,5439,4990
-2559,8997,-6443,10288,2587,-7725,1374,-6789,5456,7177,5495,5054
-2584,9088,-6498,10385,2604,-7805,1201,-7453,5301,7211,5548,5113
-2620,9163,-6526,10453,2597,-7881,1010,-8155,5120,7238,5600,5167
-2659,9228,-6543,10508,2581,-7952,806,-8887,4915,7261,5651,5220
-2693,9294,-6565,10567,2571,-8021,590,-9647,4688,7290,5700,5272
-2720,9372,-6608,10647,2580,-8091,358,-10427,4439,7319,5746,5324
-2744,9456,-6662,10739,2600,-8164,135,-11217,4160,7338,5792,5377
-2765,9537,-6717,10831,2622,-8233,-68,-12017,3847,7342,5834,5429
-2785,9616,-6773,10922,2646,-8298,-247,-12815,3505,7330,5871,5480
-2802,9697,-6835,11017,2677,-8362,-401,-13607,3140,7302,5902,5528
-2818,9771,-6893,11107,2706,-8422,-531,-14389,2755,7261,5926,5575
-2832,9842,-6951,11193,2736,-8477,-649,-15167,2352,7215,5948,5623
-2842,9915,-7018,11287,2775,-8530,-766,-15936,1930,7164,5972,5676
-2854,9987,-7084,11380,2812,-8583,-868,-16708,1490,7105,5995,5730
-2868,10059,-7148,11471,2847,-8638,-982,-17480,1034,7042,6018,5787
-2885,10127,-7207,11557,2877,-8691,-1105,-18258,558,6977,6049,5846
-2902,10196,-7267,11643,2907,-8745,-1246,-19046,67,6917,6088,5908
-2916,10274,-7342,11746,2950,-8802,-1413,-19845,-438,6864,6134,5977
-2925,10360,-7427,11860,3002,-8861,-1614,-20655,-954,6811,6183,6053
-2936,10445,-7512,11974,3053,-8922,-1846,-21473,-1492,6747,6234,6133
-2956,10534,-7591,12086,3094,-8990,-2106,-22303,-2045,6679,6285,6216
-2969,10642,-7697,12229,3158,-9067,-2403,-23136,-2610,6612,6339,6304
-2971,10772,-7835,12407,3249,-9152,-2733,-23963,-3188,6545,6395,6394
-2969,10918,-7991,12607,3356,-9245,-3085,-24780,-3782,6474,6451,6487
-2972,11062,-8141,12804,3455,-9340,-3459,-25586,-4405,6383,6502,6580
-2980,11186,-8264,12968,3532,-9426,-3846,-26387,-5064,6260,6543,6668
-2995,11296,-8364,13108,3589,-9507,-4262,-27187,-5760,6104,6571,6751
-3013,11398,-8453,13235,3636,-9585,-4705,-27980,-6489,5921,6589,6832
-3031,11488,-8527,13345,3673,-9656,-5166,-28759,-7244,5715,6599,6912
-3050,11564,-8586,13434,3698,-9718,-5645,-29522,-8014,5490,6602,6989
-3065,11636,-8642,13519,3724,-9775,-6142,-30264,-8791,5253,6600,7063
-3079,11703,-8693,13598,3748,-9829,-6648,-30980,-9573,5003,6598,7140
-3091,11761,-8735,13665,3767,-9875,-7159,-31676,-10358,4744,6593,7215
-3096,11816,-8779,13731,3791,-9915,-7692,-32345,-11147,4479,6588,7295
-3092,11867,-8828,13797,3824,-9947,-8233,-32986,-11942,4208,6582,7379
